condition	feature_id	n_perturbations	n_up	n_down	n_const	p_up	p_down	p_const	dominant_state	ssi	stability_region	signal_class	stability_deviation
DES	RvY_00067-1	2	0	2	0	0	1	0	down	1	Highly Stable	Highly Stable Down	0
DES	RvY_00073-1	2	0	2	0	0	1	0	down	1	Highly Stable	Highly Stable Down	0
DES	RvY_00120-2	2	0	2	0	0	1	0	down	1	Highly Stable	Highly Stable Down	0
DES	RvY_00133-1	2	0	2	0	0	1	0	down	1	Highly Stable	Highly Stable Down	0
DES	RvY_00166-1	2	0	2	0	0	1	0	down	1	Highly Stable	Highly Stable Down	0
DES	RvY_00170-1	2	0	2	0	0	1	0	down	1	Highly Stable	Highly Stable Down	0
DES	RvY_00188-1	2	0	2	0	0	1	0	down	1	Highly Stable	Highly Stable Down	0
DES	RvY_00196-1	2	0	2	0	0	1	0	down	1	Highly Stable	Highly Stable Down	0
DES	RvY_00244	2	0	2	0	0	1	0	down	1	Highly Stable	Highly Stable Down	0
DES	RvY_00245-1	2	0	2	0	0	1	0	down	1	Highly Stable	Highly Stable Down	0
DES	RvY_00261-1	2	0	2	0	0	1	0	down	1	Highly Stable	Highly Stable Down	0
DES	RvY_00262	2	0	2	0	0	1	0	down	1	Highly Stable	Highly Stable Down	0
DES	RvY_00265-1	2	0	2	0	0	1	0	down	1	Highly Stable	Highly Stable Down	0
DES	RvY_00288-1	2	0	2	0	0	1	0	down	1	Highly Stable	Highly Stable Down	0
DES	RvY_00304-1	2	0	2	0	0	1	0	down	1	Highly Stable	Highly Stable Down	0
DES	RvY_00321-1	2	0	2	0	0	1	0	down	1	Highly Stable	Highly Stable Down	0
DES	RvY_00334-1	2	0	2	0	0	1	0	down	1	Highly Stable	Highly Stable Down	0
DES	RvY_00337-1	2	0	2	0	0	1	0	down	1	Highly Stable	Highly Stable Down	0
DES	RvY_00338-1	2	0	2	0	0	1	0	down	1	Highly Stable	Highly Stable Down	0
DES	RvY_00339-1	2	0	2	0	0	1	0	down	1	Highly Stable	Highly Stable Down	0
DES	RvY_00340-1	2	0	2	0	0	1	0	down	1	Highly Stable	Highly Stable Down	0
DES	RvY_00345-1	2	0	2	0	0	1	0	down	1	Highly Stable	Highly Stable Down	0
DES	RvY_00405	2	0	2	0	0	1	0	down	1	Highly Stable	Highly Stable Down	0
DES	RvY_00408-1	2	0	2	0	0	1	0	down	1	Highly Stable	Highly Stable Down	0
DES	RvY_00409-1	2	0	2	0	0	1	0	down	1	Highly Stable	Highly Stable Down	0
DES	RvY_00418-3	2	0	2	0	0	1	0	down	1	Highly Stable	Highly Stable Down	0
DES	RvY_00419-1	2	0	2	0	0	1	0	down	1	Highly Stable	Highly Stable Down	0
DES	RvY_00438-1	2	0	2	0	0	1	0	down	1	Highly Stable	Highly Stable Down	0
DES	RvY_00442-1	2	0	2	0	0	1	0	down	1	Highly Stable	Highly Stable Down	0
DES	RvY_00443-1	2	0	2	0	0	1	0	down	1	Highly Stable	Highly Stable Down	0
DES	RvY_00453-1	2	0	2	0	0	1	0	down	1	Highly Stable	Highly Stable Down	0
DES	RvY_00454	2	0	2	0	0	1	0	down	1	Highly Stable	Highly Stable Down	0
DES	RvY_00456-1	2	0	2	0	0	1	0	down	1	Highly Stable	Highly Stable Down	0
DES	RvY_00457-1	2	0	2	0	0	1	0	down	1	Highly Stable	Highly Stable Down	0
DES	RvY_00461-1	2	0	2	0	0	1	0	down	1	Highly Stable	Highly Stable Down	0
DES	RvY_00462-1	2	0	2	0	0	1	0	down	1	Highly Stable	Highly Stable Down	0
DES	RvY_00463-1	2	0	2	0	0	1	0	down	1	Highly Stable	Highly Stable Down	0
DES	RvY_00513	2	0	2	0	0	1	0	down	1	Highly Stable	Highly Stable Down	0
DES	RvY_00525-1	2	0	2	0	0	1	0	down	1	Highly Stable	Highly Stable Down	0
DES	RvY_00526-1	2	0	2	0	0	1	0	down	1	Highly Stable	Highly Stable Down	0
DES	RvY_00564-1	2	0	2	0	0	1	0	down	1	Highly Stable	Highly Stable Down	0
DES	RvY_00579-1	2	0	2	0	0	1	0	down	1	Highly Stable	Highly Stable Down	0
DES	RvY_00639-1	2	0	2	0	0	1	0	down	1	Highly Stable	Highly Stable Down	0
DES	RvY_00648-1	2	0	2	0	0	1	0	down	1	Highly Stable	Highly Stable Down	0
DES	RvY_00649-1	2	0	2	0	0	1	0	down	1	Highly Stable	Highly Stable Down	0
DES	RvY_00650-1	2	0	2	0	0	1	0	down	1	Highly Stable	Highly Stable Down	0
DES	RvY_00651-1	2	0	2	0	0	1	0	down	1	Highly Stable	Highly Stable Down	0
DES	RvY_00661	2	0	2	0	0	1	0	down	1	Highly Stable	Highly Stable Down	0
DES	RvY_00667-1	2	0	2	0	0	1	0	down	1	Highly Stable	Highly Stable Down	0
DES	RvY_00671-1	2	0	2	0	0	1	0	down	1	Highly Stable	Highly Stable Down	0
DES	RvY_00677-1	2	0	2	0	0	1	0	down	1	Highly Stable	Highly Stable Down	0
DES	RvY_00692-1	2	0	2	0	0	1	0	down	1	Highly Stable	Highly Stable Down	0
DES	RvY_00705-1	2	0	2	0	0	1	0	down	1	Highly Stable	Highly Stable Down	0
DES	RvY_00710-1	2	0	2	0	0	1	0	down	1	Highly Stable	Highly Stable Down	0
DES	RvY_00714	2	0	2	0	0	1	0	down	1	Highly Stable	Highly Stable Down	0
DES	RvY_00715-1	2	0	2	0	0	1	0	down	1	Highly Stable	Highly Stable Down	0
DES	RvY_00726-1	2	0	2	0	0	1	0	down	1	Highly Stable	Highly Stable Down	0
DES	RvY_00749-1	2	0	2	0	0	1	0	down	1	Highly Stable	Highly Stable Down	0
DES	RvY_00774-1	2	0	2	0	0	1	0	down	1	Highly Stable	Highly Stable Down	0
DES	RvY_00797-1	2	0	2	0	0	1	0	down	1	Highly Stable	Highly Stable Down	0
DES	RvY_00798-1	2	0	2	0	0	1	0	down	1	Highly Stable	Highly Stable Down	0
DES	RvY_00799-1	2	0	2	0	0	1	0	down	1	Highly Stable	Highly Stable Down	0
DES	RvY_00813-1	2	0	2	0	0	1	0	down	1	Highly Stable	Highly Stable Down	0
DES	RvY_00850	2	0	2	0	0	1	0	down	1	Highly Stable	Highly Stable Down	0
DES	RvY_00863-2	2	0	2	0	0	1	0	down	1	Highly Stable	Highly Stable Down	0
DES	RvY_00868-1	2	0	2	0	0	1	0	down	1	Highly Stable	Highly Stable Down	0
DES	RvY_00879-1	2	0	2	0	0	1	0	down	1	Highly Stable	Highly Stable Down	0
DES	RvY_00888-1	2	0	2	0	0	1	0	down	1	Highly Stable	Highly Stable Down	0
DES	RvY_00889-1	2	0	2	0	0	1	0	down	1	Highly Stable	Highly Stable Down	0
DES	RvY_00921-1	2	0	2	0	0	1	0	down	1	Highly Stable	Highly Stable Down	0
DES	RvY_00930-1	2	0	2	0	0	1	0	down	1	Highly Stable	Highly Stable Down	0
DES	RvY_00931-1	2	0	2	0	0	1	0	down	1	Highly Stable	Highly Stable Down	0
DES	RvY_00933-1	2	0	2	0	0	1	0	down	1	Highly Stable	Highly Stable Down	0
DES	RvY_00941-1	2	0	2	0	0	1	0	down	1	Highly Stable	Highly Stable Down	0
DES	RvY_00942-1	2	0	2	0	0	1	0	down	1	Highly Stable	Highly Stable Down	0
DES	RvY_00944-1	2	0	2	0	0	1	0	down	1	Highly Stable	Highly Stable Down	0
DES	RvY_00945-1	2	0	2	0	0	1	0	down	1	Highly Stable	Highly Stable Down	0
DES	RvY_00946-1	2	0	2	0	0	1	0	down	1	Highly Stable	Highly Stable Down	0
DES	RvY_00947-1	2	0	2	0	0	1	0	down	1	Highly Stable	Highly Stable Down	0
DES	RvY_00952-1	2	0	2	0	0	1	0	down	1	Highly Stable	Highly Stable Down	0
DES	RvY_00953	2	0	2	0	0	1	0	down	1	Highly Stable	Highly Stable Down	0
DES	RvY_00954-1	2	0	2	0	0	1	0	down	1	Highly Stable	Highly Stable Down	0
DES	RvY_00961-1	2	0	2	0	0	1	0	down	1	Highly Stable	Highly Stable Down	0
DES	RvY_00969-1	2	0	2	0	0	1	0	down	1	Highly Stable	Highly Stable Down	0
DES	RvY_00970-1	2	0	2	0	0	1	0	down	1	Highly Stable	Highly Stable Down	0
DES	RvY_00972-1	2	0	2	0	0	1	0	down	1	Highly Stable	Highly Stable Down	0
DES	RvY_01009-1	2	0	2	0	0	1	0	down	1	Highly Stable	Highly Stable Down	0
DES	RvY_01030-1	2	0	2	0	0	1	0	down	1	Highly Stable	Highly Stable Down	0
DES	RvY_01048-1	2	0	2	0	0	1	0	down	1	Highly Stable	Highly Stable Down	0
DES	RvY_01056-1	2	0	2	0	0	1	0	down	1	Highly Stable	Highly Stable Down	0
DES	RvY_01066-1	2	0	2	0	0	1	0	down	1	Highly Stable	Highly Stable Down	0
DES	RvY_01072-1	2	0	2	0	0	1	0	down	1	Highly Stable	Highly Stable Down	0
DES	RvY_01073-1	2	0	2	0	0	1	0	down	1	Highly Stable	Highly Stable Down	0
DES	RvY_01077-1	2	0	2	0	0	1	0	down	1	Highly Stable	Highly Stable Down	0
DES	RvY_01078-1	2	0	2	0	0	1	0	down	1	Highly Stable	Highly Stable Down	0
DES	RvY_01081-1	2	0	2	0	0	1	0	down	1	Highly Stable	Highly Stable Down	0
DES	RvY_01082	2	0	2	0	0	1	0	down	1	Highly Stable	Highly Stable Down	0
DES	RvY_01083-1	2	0	2	0	0	1	0	down	1	Highly Stable	Highly Stable Down	0
DES	RvY_01092-1	2	0	2	0	0	1	0	down	1	Highly Stable	Highly Stable Down	0
DES	RvY_01119-1	2	0	2	0	0	1	0	down	1	Highly Stable	Highly Stable Down	0
DES	RvY_01125-1	2	0	2	0	0	1	0	down	1	Highly Stable	Highly Stable Down	0
DES	RvY_01132-1	2	0	2	0	0	1	0	down	1	Highly Stable	Highly Stable Down	0
DES	RvY_01143-1	2	0	2	0	0	1	0	down	1	Highly Stable	Highly Stable Down	0
DES	RvY_01156-1	2	0	2	0	0	1	0	down	1	Highly Stable	Highly Stable Down	0
DES	RvY_01164	2	0	2	0	0	1	0	down	1	Highly Stable	Highly Stable Down	0
DES	RvY_01168-1	2	0	2	0	0	1	0	down	1	Highly Stable	Highly Stable Down	0
DES	RvY_01180-1	2	0	2	0	0	1	0	down	1	Highly Stable	Highly Stable Down	0
DES	RvY_01194-1	2	0	2	0	0	1	0	down	1	Highly Stable	Highly Stable Down	0
DES	RvY_01241-1	2	0	2	0	0	1	0	down	1	Highly Stable	Highly Stable Down	0
DES	RvY_01265	2	0	2	0	0	1	0	down	1	Highly Stable	Highly Stable Down	0
DES	RvY_01278-1	2	0	2	0	0	1	0	down	1	Highly Stable	Highly Stable Down	0
DES	RvY_01286-1	2	0	2	0	0	1	0	down	1	Highly Stable	Highly Stable Down	0
DES	RvY_01287-1	2	0	2	0	0	1	0	down	1	Highly Stable	Highly Stable Down	0
DES	RvY_01303-1	2	0	2	0	0	1	0	down	1	Highly Stable	Highly Stable Down	0
DES	RvY_01314-1	2	0	2	0	0	1	0	down	1	Highly Stable	Highly Stable Down	0
DES	RvY_01322-1	2	0	2	0	0	1	0	down	1	Highly Stable	Highly Stable Down	0
DES	RvY_01325-1	2	0	2	0	0	1	0	down	1	Highly Stable	Highly Stable Down	0
DES	RvY_01330-1	2	0	2	0	0	1	0	down	1	Highly Stable	Highly Stable Down	0
DES	RvY_01338-1	2	0	2	0	0	1	0	down	1	Highly Stable	Highly Stable Down	0
DES	RvY_01343-1	2	0	2	0	0	1	0	down	1	Highly Stable	Highly Stable Down	0
DES	RvY_01344-1	2	0	2	0	0	1	0	down	1	Highly Stable	Highly Stable Down	0
DES	RvY_01350-1	2	0	2	0	0	1	0	down	1	Highly Stable	Highly Stable Down	0
DES	RvY_01363-1	2	0	2	0	0	1	0	down	1	Highly Stable	Highly Stable Down	0
DES	RvY_01369-1	2	0	2	0	0	1	0	down	1	Highly Stable	Highly Stable Down	0
DES	RvY_01380-1	2	0	2	0	0	1	0	down	1	Highly Stable	Highly Stable Down	0
DES	RvY_01393-1	2	0	2	0	0	1	0	down	1	Highly Stable	Highly Stable Down	0
DES	RvY_01448-1	2	0	2	0	0	1	0	down	1	Highly Stable	Highly Stable Down	0
DES	RvY_01455	2	0	2	0	0	1	0	down	1	Highly Stable	Highly Stable Down	0
DES	RvY_01464-1	2	0	2	0	0	1	0	down	1	Highly Stable	Highly Stable Down	0
DES	RvY_01465-1	2	0	2	0	0	1	0	down	1	Highly Stable	Highly Stable Down	0
DES	RvY_01498-1	2	0	2	0	0	1	0	down	1	Highly Stable	Highly Stable Down	0
DES	RvY_01500-1	2	0	2	0	0	1	0	down	1	Highly Stable	Highly Stable Down	0
DES	RvY_01560-1	2	0	2	0	0	1	0	down	1	Highly Stable	Highly Stable Down	0
DES	RvY_01561-1	2	0	2	0	0	1	0	down	1	Highly Stable	Highly Stable Down	0
DES	RvY_01563-1	2	0	2	0	0	1	0	down	1	Highly Stable	Highly Stable Down	0
DES	RvY_01600-1	2	0	2	0	0	1	0	down	1	Highly Stable	Highly Stable Down	0
DES	RvY_01605-1	2	0	2	0	0	1	0	down	1	Highly Stable	Highly Stable Down	0
DES	RvY_01643-1	2	0	2	0	0	1	0	down	1	Highly Stable	Highly Stable Down	0
DES	RvY_01658-1	2	0	2	0	0	1	0	down	1	Highly Stable	Highly Stable Down	0
DES	RvY_01717	2	0	2	0	0	1	0	down	1	Highly Stable	Highly Stable Down	0
DES	RvY_01727-1	2	0	2	0	0	1	0	down	1	Highly Stable	Highly Stable Down	0
DES	RvY_01739-1	2	0	2	0	0	1	0	down	1	Highly Stable	Highly Stable Down	0
DES	RvY_01753	2	0	2	0	0	1	0	down	1	Highly Stable	Highly Stable Down	0
DES	RvY_01759-1	2	0	2	0	0	1	0	down	1	Highly Stable	Highly Stable Down	0
DES	RvY_01961-1	2	0	2	0	0	1	0	down	1	Highly Stable	Highly Stable Down	0
DES	RvY_01974-1	2	0	2	0	0	1	0	down	1	Highly Stable	Highly Stable Down	0
DES	RvY_02024	2	0	2	0	0	1	0	down	1	Highly Stable	Highly Stable Down	0
DES	RvY_02040-1	2	0	2	0	0	1	0	down	1	Highly Stable	Highly Stable Down	0
DES	RvY_02071-1	2	0	2	0	0	1	0	down	1	Highly Stable	Highly Stable Down	0
DES	RvY_02126-1	2	0	2	0	0	1	0	down	1	Highly Stable	Highly Stable Down	0
DES	RvY_02142-1	2	0	2	0	0	1	0	down	1	Highly Stable	Highly Stable Down	0
DES	RvY_02145-1	2	0	2	0	0	1	0	down	1	Highly Stable	Highly Stable Down	0
DES	RvY_02173-1	2	0	2	0	0	1	0	down	1	Highly Stable	Highly Stable Down	0
DES	RvY_02204-1	2	0	2	0	0	1	0	down	1	Highly Stable	Highly Stable Down	0
DES	RvY_02245	2	0	2	0	0	1	0	down	1	Highly Stable	Highly Stable Down	0
DES	RvY_02249-1	2	0	2	0	0	1	0	down	1	Highly Stable	Highly Stable Down	0
DES	RvY_02250-1	2	0	2	0	0	1	0	down	1	Highly Stable	Highly Stable Down	0
DES	RvY_02268-1	2	0	2	0	0	1	0	down	1	Highly Stable	Highly Stable Down	0
DES	RvY_02353-1	2	0	2	0	0	1	0	down	1	Highly Stable	Highly Stable Down	0
DES	RvY_02365-1	2	0	2	0	0	1	0	down	1	Highly Stable	Highly Stable Down	0
DES	RvY_02388-1	2	0	2	0	0	1	0	down	1	Highly Stable	Highly Stable Down	0
DES	RvY_02410-1	2	0	2	0	0	1	0	down	1	Highly Stable	Highly Stable Down	0
DES	RvY_02414	2	0	2	0	0	1	0	down	1	Highly Stable	Highly Stable Down	0
DES	RvY_02417-1	2	0	2	0	0	1	0	down	1	Highly Stable	Highly Stable Down	0
DES	RvY_02421-1	2	0	2	0	0	1	0	down	1	Highly Stable	Highly Stable Down	0
DES	RvY_02423-1	2	0	2	0	0	1	0	down	1	Highly Stable	Highly Stable Down	0
DES	RvY_02430-1	2	0	2	0	0	1	0	down	1	Highly Stable	Highly Stable Down	0
DES	RvY_02449-1	2	0	2	0	0	1	0	down	1	Highly Stable	Highly Stable Down	0
DES	RvY_02457-1	2	0	2	0	0	1	0	down	1	Highly Stable	Highly Stable Down	0
DES	RvY_02460-1	2	0	2	0	0	1	0	down	1	Highly Stable	Highly Stable Down	0
DES	RvY_02471-1	2	0	2	0	0	1	0	down	1	Highly Stable	Highly Stable Down	0
DES	RvY_02475-1	2	0	2	0	0	1	0	down	1	Highly Stable	Highly Stable Down	0
DES	RvY_02479-1	2	0	2	0	0	1	0	down	1	Highly Stable	Highly Stable Down	0
DES	RvY_02498-1	2	0	2	0	0	1	0	down	1	Highly Stable	Highly Stable Down	0
DES	RvY_02509-1	2	0	2	0	0	1	0	down	1	Highly Stable	Highly Stable Down	0
DES	RvY_02526	2	0	2	0	0	1	0	down	1	Highly Stable	Highly Stable Down	0
DES	RvY_02573-1	2	0	2	0	0	1	0	down	1	Highly Stable	Highly Stable Down	0
DES	RvY_02609-1	2	0	2	0	0	1	0	down	1	Highly Stable	Highly Stable Down	0
DES	RvY_02614-1	2	0	2	0	0	1	0	down	1	Highly Stable	Highly Stable Down	0
DES	RvY_02615-1	2	0	2	0	0	1	0	down	1	Highly Stable	Highly Stable Down	0
DES	RvY_02626-1	2	0	2	0	0	1	0	down	1	Highly Stable	Highly Stable Down	0
DES	RvY_02632-1	2	0	2	0	0	1	0	down	1	Highly Stable	Highly Stable Down	0
DES	RvY_02688-1	2	0	2	0	0	1	0	down	1	Highly Stable	Highly Stable Down	0
DES	RvY_02689	2	0	2	0	0	1	0	down	1	Highly Stable	Highly Stable Down	0
DES	RvY_02697-1	2	0	2	0	0	1	0	down	1	Highly Stable	Highly Stable Down	0
DES	RvY_02707	2	0	2	0	0	1	0	down	1	Highly Stable	Highly Stable Down	0
DES	RvY_02769-1	2	0	2	0	0	1	0	down	1	Highly Stable	Highly Stable Down	0
DES	RvY_02813-0	2	0	2	0	0	1	0	down	1	Highly Stable	Highly Stable Down	0
DES	RvY_02816-1	2	0	2	0	0	1	0	down	1	Highly Stable	Highly Stable Down	0
DES	RvY_02817-1	2	0	2	0	0	1	0	down	1	Highly Stable	Highly Stable Down	0
DES	RvY_02823-1	2	0	2	0	0	1	0	down	1	Highly Stable	Highly Stable Down	0
DES	RvY_02824-1	2	0	2	0	0	1	0	down	1	Highly Stable	Highly Stable Down	0
DES	RvY_02866	2	0	2	0	0	1	0	down	1	Highly Stable	Highly Stable Down	0
DES	RvY_02985-1	2	0	2	0	0	1	0	down	1	Highly Stable	Highly Stable Down	0
DES	RvY_02986	2	0	2	0	0	1	0	down	1	Highly Stable	Highly Stable Down	0
DES	RvY_03027-1	2	0	2	0	0	1	0	down	1	Highly Stable	Highly Stable Down	0
DES	RvY_03046-1	2	0	2	0	0	1	0	down	1	Highly Stable	Highly Stable Down	0
DES	RvY_03078-1	2	0	2	0	0	1	0	down	1	Highly Stable	Highly Stable Down	0
DES	RvY_03151-1	2	0	2	0	0	1	0	down	1	Highly Stable	Highly Stable Down	0
DES	RvY_03154-1	2	0	2	0	0	1	0	down	1	Highly Stable	Highly Stable Down	0
DES	RvY_03168-1	2	0	2	0	0	1	0	down	1	Highly Stable	Highly Stable Down	0
DES	RvY_03214-1	2	0	2	0	0	1	0	down	1	Highly Stable	Highly Stable Down	0
DES	RvY_03237-1	2	0	2	0	0	1	0	down	1	Highly Stable	Highly Stable Down	0
DES	RvY_03238-1	2	0	2	0	0	1	0	down	1	Highly Stable	Highly Stable Down	0
DES	RvY_03239-1	2	0	2	0	0	1	0	down	1	Highly Stable	Highly Stable Down	0
DES	RvY_03240-1	2	0	2	0	0	1	0	down	1	Highly Stable	Highly Stable Down	0
DES	RvY_03241-1	2	0	2	0	0	1	0	down	1	Highly Stable	Highly Stable Down	0
DES	RvY_03251-1	2	0	2	0	0	1	0	down	1	Highly Stable	Highly Stable Down	0
DES	RvY_03252	2	0	2	0	0	1	0	down	1	Highly Stable	Highly Stable Down	0
DES	RvY_03265	2	0	2	0	0	1	0	down	1	Highly Stable	Highly Stable Down	0
DES	RvY_03269-1	2	0	2	0	0	1	0	down	1	Highly Stable	Highly Stable Down	0
DES	RvY_03270-1	2	0	2	0	0	1	0	down	1	Highly Stable	Highly Stable Down	0
DES	RvY_03286-1	2	0	2	0	0	1	0	down	1	Highly Stable	Highly Stable Down	0
DES	RvY_03288-1	2	0	2	0	0	1	0	down	1	Highly Stable	Highly Stable Down	0
DES	RvY_03290-1	2	0	2	0	0	1	0	down	1	Highly Stable	Highly Stable Down	0
DES	RvY_03320	2	0	2	0	0	1	0	down	1	Highly Stable	Highly Stable Down	0
DES	RvY_03362-1	2	0	2	0	0	1	0	down	1	Highly Stable	Highly Stable Down	0
DES	RvY_03363-1	2	0	2	0	0	1	0	down	1	Highly Stable	Highly Stable Down	0
DES	RvY_03379-1	2	0	2	0	0	1	0	down	1	Highly Stable	Highly Stable Down	0
DES	RvY_03384-1	2	0	2	0	0	1	0	down	1	Highly Stable	Highly Stable Down	0
DES	RvY_03386-1	2	0	2	0	0	1	0	down	1	Highly Stable	Highly Stable Down	0
DES	RvY_03398-1	2	0	2	0	0	1	0	down	1	Highly Stable	Highly Stable Down	0
DES	RvY_03399	2	0	2	0	0	1	0	down	1	Highly Stable	Highly Stable Down	0
DES	RvY_03401-1	2	0	2	0	0	1	0	down	1	Highly Stable	Highly Stable Down	0
DES	RvY_03409-1	2	0	2	0	0	1	0	down	1	Highly Stable	Highly Stable Down	0
DES	RvY_03417	2	0	2	0	0	1	0	down	1	Highly Stable	Highly Stable Down	0
DES	RvY_03463-1	2	0	2	0	0	1	0	down	1	Highly Stable	Highly Stable Down	0
DES	RvY_03468-1	2	0	2	0	0	1	0	down	1	Highly Stable	Highly Stable Down	0
DES	RvY_03518-1	2	0	2	0	0	1	0	down	1	Highly Stable	Highly Stable Down	0
DES	RvY_03522-1	2	0	2	0	0	1	0	down	1	Highly Stable	Highly Stable Down	0
DES	RvY_03542-1	2	0	2	0	0	1	0	down	1	Highly Stable	Highly Stable Down	0
DES	RvY_03557-1	2	0	2	0	0	1	0	down	1	Highly Stable	Highly Stable Down	0
DES	RvY_03574-1	2	0	2	0	0	1	0	down	1	Highly Stable	Highly Stable Down	0
DES	RvY_03601-1	2	0	2	0	0	1	0	down	1	Highly Stable	Highly Stable Down	0
DES	RvY_03618-1	2	0	2	0	0	1	0	down	1	Highly Stable	Highly Stable Down	0
DES	RvY_03638-1	2	0	2	0	0	1	0	down	1	Highly Stable	Highly Stable Down	0
DES	RvY_03647-1	2	0	2	0	0	1	0	down	1	Highly Stable	Highly Stable Down	0
DES	RvY_03649-1	2	0	2	0	0	1	0	down	1	Highly Stable	Highly Stable Down	0
DES	RvY_03690-1	2	0	2	0	0	1	0	down	1	Highly Stable	Highly Stable Down	0
DES	RvY_03710-1	2	0	2	0	0	1	0	down	1	Highly Stable	Highly Stable Down	0
DES	RvY_03711-1	2	0	2	0	0	1	0	down	1	Highly Stable	Highly Stable Down	0
DES	RvY_03728-1	2	0	2	0	0	1	0	down	1	Highly Stable	Highly Stable Down	0
DES	RvY_03746-1	2	0	2	0	0	1	0	down	1	Highly Stable	Highly Stable Down	0
DES	RvY_03747-1	2	0	2	0	0	1	0	down	1	Highly Stable	Highly Stable Down	0
DES	RvY_03768-1	2	0	2	0	0	1	0	down	1	Highly Stable	Highly Stable Down	0
DES	RvY_03804-1	2	0	2	0	0	1	0	down	1	Highly Stable	Highly Stable Down	0
DES	RvY_03805-1	2	0	2	0	0	1	0	down	1	Highly Stable	Highly Stable Down	0
DES	RvY_03806-1	2	0	2	0	0	1	0	down	1	Highly Stable	Highly Stable Down	0
DES	RvY_03852-1	2	0	2	0	0	1	0	down	1	Highly Stable	Highly Stable Down	0
DES	RvY_03854-1	2	0	2	0	0	1	0	down	1	Highly Stable	Highly Stable Down	0
DES	RvY_03855-1	2	0	2	0	0	1	0	down	1	Highly Stable	Highly Stable Down	0
DES	RvY_03856-1	2	0	2	0	0	1	0	down	1	Highly Stable	Highly Stable Down	0
DES	RvY_03859-1	2	0	2	0	0	1	0	down	1	Highly Stable	Highly Stable Down	0
DES	RvY_03866-1	2	0	2	0	0	1	0	down	1	Highly Stable	Highly Stable Down	0
DES	RvY_03877-1	2	0	2	0	0	1	0	down	1	Highly Stable	Highly Stable Down	0
DES	RvY_03889-1	2	0	2	0	0	1	0	down	1	Highly Stable	Highly Stable Down	0
DES	RvY_03931-1	2	0	2	0	0	1	0	down	1	Highly Stable	Highly Stable Down	0
DES	RvY_03940-1	2	0	2	0	0	1	0	down	1	Highly Stable	Highly Stable Down	0
DES	RvY_03941	2	0	2	0	0	1	0	down	1	Highly Stable	Highly Stable Down	0
DES	RvY_03957-1	2	0	2	0	0	1	0	down	1	Highly Stable	Highly Stable Down	0
DES	RvY_03959-1	2	0	2	0	0	1	0	down	1	Highly Stable	Highly Stable Down	0
DES	RvY_03966-1	2	0	2	0	0	1	0	down	1	Highly Stable	Highly Stable Down	0
DES	RvY_03984-1	2	0	2	0	0	1	0	down	1	Highly Stable	Highly Stable Down	0
DES	RvY_03997-1	2	0	2	0	0	1	0	down	1	Highly Stable	Highly Stable Down	0
DES	RvY_03998-1	2	0	2	0	0	1	0	down	1	Highly Stable	Highly Stable Down	0
DES	RvY_04008-1	2	0	2	0	0	1	0	down	1	Highly Stable	Highly Stable Down	0
DES	RvY_04009-1	2	0	2	0	0	1	0	down	1	Highly Stable	Highly Stable Down	0
DES	RvY_04011-1	2	0	2	0	0	1	0	down	1	Highly Stable	Highly Stable Down	0
DES	RvY_04017-1	2	0	2	0	0	1	0	down	1	Highly Stable	Highly Stable Down	0
DES	RvY_04023-1	2	0	2	0	0	1	0	down	1	Highly Stable	Highly Stable Down	0
DES	RvY_04026-1	2	0	2	0	0	1	0	down	1	Highly Stable	Highly Stable Down	0
DES	RvY_04027-1	2	0	2	0	0	1	0	down	1	Highly Stable	Highly Stable Down	0
DES	RvY_04039-1	2	0	2	0	0	1	0	down	1	Highly Stable	Highly Stable Down	0
DES	RvY_04040-1	2	0	2	0	0	1	0	down	1	Highly Stable	Highly Stable Down	0
DES	RvY_04045-1	2	0	2	0	0	1	0	down	1	Highly Stable	Highly Stable Down	0
DES	RvY_04049-1	2	0	2	0	0	1	0	down	1	Highly Stable	Highly Stable Down	0
DES	RvY_04053-1	2	0	2	0	0	1	0	down	1	Highly Stable	Highly Stable Down	0
DES	RvY_04086	2	0	2	0	0	1	0	down	1	Highly Stable	Highly Stable Down	0
DES	RvY_04088-1	2	0	2	0	0	1	0	down	1	Highly Stable	Highly Stable Down	0
DES	RvY_04089-1	2	0	2	0	0	1	0	down	1	Highly Stable	Highly Stable Down	0
DES	RvY_04096-1	2	0	2	0	0	1	0	down	1	Highly Stable	Highly Stable Down	0
DES	RvY_04109-1	2	0	2	0	0	1	0	down	1	Highly Stable	Highly Stable Down	0
DES	RvY_04153-1	2	0	2	0	0	1	0	down	1	Highly Stable	Highly Stable Down	0
DES	RvY_04156-1	2	0	2	0	0	1	0	down	1	Highly Stable	Highly Stable Down	0
DES	RvY_04161-1	2	0	2	0	0	1	0	down	1	Highly Stable	Highly Stable Down	0
DES	RvY_04162-1	2	0	2	0	0	1	0	down	1	Highly Stable	Highly Stable Down	0
DES	RvY_04189-1	2	0	2	0	0	1	0	down	1	Highly Stable	Highly Stable Down	0
DES	RvY_04193-1	2	0	2	0	0	1	0	down	1	Highly Stable	Highly Stable Down	0
DES	RvY_04197	2	0	2	0	0	1	0	down	1	Highly Stable	Highly Stable Down	0
DES	RvY_04199-1	2	0	2	0	0	1	0	down	1	Highly Stable	Highly Stable Down	0
DES	RvY_04203-1	2	0	2	0	0	1	0	down	1	Highly Stable	Highly Stable Down	0
DES	RvY_04204-1	2	0	2	0	0	1	0	down	1	Highly Stable	Highly Stable Down	0
DES	RvY_04205	2	0	2	0	0	1	0	down	1	Highly Stable	Highly Stable Down	0
DES	RvY_04218-1	2	0	2	0	0	1	0	down	1	Highly Stable	Highly Stable Down	0
DES	RvY_04221-1	2	0	2	0	0	1	0	down	1	Highly Stable	Highly Stable Down	0
DES	RvY_04285-1	2	0	2	0	0	1	0	down	1	Highly Stable	Highly Stable Down	0
DES	RvY_04287	2	0	2	0	0	1	0	down	1	Highly Stable	Highly Stable Down	0
DES	RvY_04288-1	2	0	2	0	0	1	0	down	1	Highly Stable	Highly Stable Down	0
DES	RvY_04321-1	2	0	2	0	0	1	0	down	1	Highly Stable	Highly Stable Down	0
DES	RvY_04327-1	2	0	2	0	0	1	0	down	1	Highly Stable	Highly Stable Down	0
DES	RvY_04336-1	2	0	2	0	0	1	0	down	1	Highly Stable	Highly Stable Down	0
DES	RvY_04338	2	0	2	0	0	1	0	down	1	Highly Stable	Highly Stable Down	0
DES	RvY_04358-1	2	0	2	0	0	1	0	down	1	Highly Stable	Highly Stable Down	0
DES	RvY_04373-1	2	0	2	0	0	1	0	down	1	Highly Stable	Highly Stable Down	0
DES	RvY_04381-1	2	0	2	0	0	1	0	down	1	Highly Stable	Highly Stable Down	0
DES	RvY_04384-1	2	0	2	0	0	1	0	down	1	Highly Stable	Highly Stable Down	0
DES	RvY_04431-1	2	0	2	0	0	1	0	down	1	Highly Stable	Highly Stable Down	0
DES	RvY_04448-1	2	0	2	0	0	1	0	down	1	Highly Stable	Highly Stable Down	0
DES	RvY_04453-1	2	0	2	0	0	1	0	down	1	Highly Stable	Highly Stable Down	0
DES	RvY_04456-1	2	0	2	0	0	1	0	down	1	Highly Stable	Highly Stable Down	0
DES	RvY_04462-1	2	0	2	0	0	1	0	down	1	Highly Stable	Highly Stable Down	0
DES	RvY_04485-1	2	0	2	0	0	1	0	down	1	Highly Stable	Highly Stable Down	0
DES	RvY_04523-1	2	0	2	0	0	1	0	down	1	Highly Stable	Highly Stable Down	0
DES	RvY_04528-1	2	0	2	0	0	1	0	down	1	Highly Stable	Highly Stable Down	0
DES	RvY_04530-1	2	0	2	0	0	1	0	down	1	Highly Stable	Highly Stable Down	0
DES	RvY_04586-1	2	0	2	0	0	1	0	down	1	Highly Stable	Highly Stable Down	0
DES	RvY_04605-1	2	0	2	0	0	1	0	down	1	Highly Stable	Highly Stable Down	0
DES	RvY_04617-1	2	0	2	0	0	1	0	down	1	Highly Stable	Highly Stable Down	0
DES	RvY_04618-1	2	0	2	0	0	1	0	down	1	Highly Stable	Highly Stable Down	0
DES	RvY_04623	2	0	2	0	0	1	0	down	1	Highly Stable	Highly Stable Down	0
DES	RvY_04640-1	2	0	2	0	0	1	0	down	1	Highly Stable	Highly Stable Down	0
DES	RvY_04646-1	2	0	2	0	0	1	0	down	1	Highly Stable	Highly Stable Down	0
DES	RvY_04654-1	2	0	2	0	0	1	0	down	1	Highly Stable	Highly Stable Down	0
DES	RvY_04665-1	2	0	2	0	0	1	0	down	1	Highly Stable	Highly Stable Down	0
DES	RvY_04667-1	2	0	2	0	0	1	0	down	1	Highly Stable	Highly Stable Down	0
DES	RvY_04707-1	2	0	2	0	0	1	0	down	1	Highly Stable	Highly Stable Down	0
DES	RvY_04709-1	2	0	2	0	0	1	0	down	1	Highly Stable	Highly Stable Down	0
DES	RvY_04766-1	2	0	2	0	0	1	0	down	1	Highly Stable	Highly Stable Down	0
DES	RvY_04769-1	2	0	2	0	0	1	0	down	1	Highly Stable	Highly Stable Down	0
DES	RvY_04789-1	2	0	2	0	0	1	0	down	1	Highly Stable	Highly Stable Down	0
DES	RvY_04808-1	2	0	2	0	0	1	0	down	1	Highly Stable	Highly Stable Down	0
DES	RvY_04816-1	2	0	2	0	0	1	0	down	1	Highly Stable	Highly Stable Down	0
DES	RvY_04857-1	2	0	2	0	0	1	0	down	1	Highly Stable	Highly Stable Down	0
DES	RvY_04861-1	2	0	2	0	0	1	0	down	1	Highly Stable	Highly Stable Down	0
DES	RvY_04916	2	0	2	0	0	1	0	down	1	Highly Stable	Highly Stable Down	0
DES	RvY_04920-1	2	0	2	0	0	1	0	down	1	Highly Stable	Highly Stable Down	0
DES	RvY_04937-1	2	0	2	0	0	1	0	down	1	Highly Stable	Highly Stable Down	0
DES	RvY_04945	2	0	2	0	0	1	0	down	1	Highly Stable	Highly Stable Down	0
DES	RvY_04948-1	2	0	2	0	0	1	0	down	1	Highly Stable	Highly Stable Down	0
DES	RvY_04952-1	2	0	2	0	0	1	0	down	1	Highly Stable	Highly Stable Down	0
DES	RvY_04961-1	2	0	2	0	0	1	0	down	1	Highly Stable	Highly Stable Down	0
DES	RvY_04966-1	2	0	2	0	0	1	0	down	1	Highly Stable	Highly Stable Down	0
DES	RvY_05050-1	2	0	2	0	0	1	0	down	1	Highly Stable	Highly Stable Down	0
DES	RvY_05124-1	2	0	2	0	0	1	0	down	1	Highly Stable	Highly Stable Down	0
DES	RvY_05162-1	2	0	2	0	0	1	0	down	1	Highly Stable	Highly Stable Down	0
DES	RvY_05164-1	2	0	2	0	0	1	0	down	1	Highly Stable	Highly Stable Down	0
DES	RvY_05165-1	2	0	2	0	0	1	0	down	1	Highly Stable	Highly Stable Down	0
DES	RvY_05180-1	2	0	2	0	0	1	0	down	1	Highly Stable	Highly Stable Down	0
DES	RvY_05228-1	2	0	2	0	0	1	0	down	1	Highly Stable	Highly Stable Down	0
DES	RvY_05237-1	2	0	2	0	0	1	0	down	1	Highly Stable	Highly Stable Down	0
DES	RvY_05244-1	2	0	2	0	0	1	0	down	1	Highly Stable	Highly Stable Down	0
DES	RvY_05313-1	2	0	2	0	0	1	0	down	1	Highly Stable	Highly Stable Down	0
DES	RvY_05376-1	2	0	2	0	0	1	0	down	1	Highly Stable	Highly Stable Down	0
DES	RvY_05378-1	2	0	2	0	0	1	0	down	1	Highly Stable	Highly Stable Down	0
DES	RvY_05407-1	2	0	2	0	0	1	0	down	1	Highly Stable	Highly Stable Down	0
DES	RvY_05488-1	2	0	2	0	0	1	0	down	1	Highly Stable	Highly Stable Down	0
DES	RvY_05518-1	2	0	2	0	0	1	0	down	1	Highly Stable	Highly Stable Down	0
DES	RvY_05524-1	2	0	2	0	0	1	0	down	1	Highly Stable	Highly Stable Down	0
DES	RvY_05530	2	0	2	0	0	1	0	down	1	Highly Stable	Highly Stable Down	0
DES	RvY_05581-1	2	0	2	0	0	1	0	down	1	Highly Stable	Highly Stable Down	0
DES	RvY_05584-1	2	0	2	0	0	1	0	down	1	Highly Stable	Highly Stable Down	0
DES	RvY_05591-1	2	0	2	0	0	1	0	down	1	Highly Stable	Highly Stable Down	0
DES	RvY_05612-1	2	0	2	0	0	1	0	down	1	Highly Stable	Highly Stable Down	0
DES	RvY_05614	2	0	2	0	0	1	0	down	1	Highly Stable	Highly Stable Down	0
DES	RvY_05618-1	2	0	2	0	0	1	0	down	1	Highly Stable	Highly Stable Down	0
DES	RvY_05660-1	2	0	2	0	0	1	0	down	1	Highly Stable	Highly Stable Down	0
DES	RvY_05670-1	2	0	2	0	0	1	0	down	1	Highly Stable	Highly Stable Down	0
DES	RvY_05693-1	2	0	2	0	0	1	0	down	1	Highly Stable	Highly Stable Down	0
DES	RvY_05708-1	2	0	2	0	0	1	0	down	1	Highly Stable	Highly Stable Down	0
DES	RvY_05711-1	2	0	2	0	0	1	0	down	1	Highly Stable	Highly Stable Down	0
DES	RvY_05732-1	2	0	2	0	0	1	0	down	1	Highly Stable	Highly Stable Down	0
DES	RvY_05744	2	0	2	0	0	1	0	down	1	Highly Stable	Highly Stable Down	0
DES	RvY_05746-1	2	0	2	0	0	1	0	down	1	Highly Stable	Highly Stable Down	0
DES	RvY_05783	2	0	2	0	0	1	0	down	1	Highly Stable	Highly Stable Down	0
DES	RvY_05790	2	0	2	0	0	1	0	down	1	Highly Stable	Highly Stable Down	0
DES	RvY_05819-1	2	0	2	0	0	1	0	down	1	Highly Stable	Highly Stable Down	0
DES	RvY_05859-1	2	0	2	0	0	1	0	down	1	Highly Stable	Highly Stable Down	0
DES	RvY_05898	2	0	2	0	0	1	0	down	1	Highly Stable	Highly Stable Down	0
DES	RvY_05899-1	2	0	2	0	0	1	0	down	1	Highly Stable	Highly Stable Down	0
DES	RvY_05907-1	2	0	2	0	0	1	0	down	1	Highly Stable	Highly Stable Down	0
DES	RvY_05960-0	2	0	2	0	0	1	0	down	1	Highly Stable	Highly Stable Down	0
DES	RvY_05969-1	2	0	2	0	0	1	0	down	1	Highly Stable	Highly Stable Down	0
DES	RvY_06007-1	2	0	2	0	0	1	0	down	1	Highly Stable	Highly Stable Down	0
DES	RvY_06025	2	0	2	0	0	1	0	down	1	Highly Stable	Highly Stable Down	0
DES	RvY_06028-1	2	0	2	0	0	1	0	down	1	Highly Stable	Highly Stable Down	0
DES	RvY_06033-1	2	0	2	0	0	1	0	down	1	Highly Stable	Highly Stable Down	0
DES	RvY_06034	2	0	2	0	0	1	0	down	1	Highly Stable	Highly Stable Down	0
DES	RvY_06035-1	2	0	2	0	0	1	0	down	1	Highly Stable	Highly Stable Down	0
DES	RvY_06046-1	2	0	2	0	0	1	0	down	1	Highly Stable	Highly Stable Down	0
DES	RvY_06052-1	2	0	2	0	0	1	0	down	1	Highly Stable	Highly Stable Down	0
DES	RvY_06089-1	2	0	2	0	0	1	0	down	1	Highly Stable	Highly Stable Down	0
DES	RvY_06094-1	2	0	2	0	0	1	0	down	1	Highly Stable	Highly Stable Down	0
DES	RvY_06095-1	2	0	2	0	0	1	0	down	1	Highly Stable	Highly Stable Down	0
DES	RvY_06155-1	2	0	2	0	0	1	0	down	1	Highly Stable	Highly Stable Down	0
DES	RvY_06179-1	2	0	2	0	0	1	0	down	1	Highly Stable	Highly Stable Down	0
DES	RvY_06199	2	0	2	0	0	1	0	down	1	Highly Stable	Highly Stable Down	0
DES	RvY_06202	2	0	2	0	0	1	0	down	1	Highly Stable	Highly Stable Down	0
DES	RvY_06207	2	0	2	0	0	1	0	down	1	Highly Stable	Highly Stable Down	0
DES	RvY_06209	2	0	2	0	0	1	0	down	1	Highly Stable	Highly Stable Down	0
DES	RvY_06216-1	2	0	2	0	0	1	0	down	1	Highly Stable	Highly Stable Down	0
DES	RvY_06218-1	2	0	2	0	0	1	0	down	1	Highly Stable	Highly Stable Down	0
DES	RvY_06254-2	2	0	2	0	0	1	0	down	1	Highly Stable	Highly Stable Down	0
DES	RvY_06255-3	2	0	2	0	0	1	0	down	1	Highly Stable	Highly Stable Down	0
DES	RvY_06260-1	2	0	2	0	0	1	0	down	1	Highly Stable	Highly Stable Down	0
DES	RvY_06262-1	2	0	2	0	0	1	0	down	1	Highly Stable	Highly Stable Down	0
DES	RvY_06263-1	2	0	2	0	0	1	0	down	1	Highly Stable	Highly Stable Down	0
DES	RvY_06266-1	2	0	2	0	0	1	0	down	1	Highly Stable	Highly Stable Down	0
DES	RvY_06272-1	2	0	2	0	0	1	0	down	1	Highly Stable	Highly Stable Down	0
DES	RvY_06279-1	2	0	2	0	0	1	0	down	1	Highly Stable	Highly Stable Down	0
DES	RvY_06291-1	2	0	2	0	0	1	0	down	1	Highly Stable	Highly Stable Down	0
DES	RvY_06303-1	2	0	2	0	0	1	0	down	1	Highly Stable	Highly Stable Down	0
DES	RvY_06310-1	2	0	2	0	0	1	0	down	1	Highly Stable	Highly Stable Down	0
DES	RvY_06324	2	0	2	0	0	1	0	down	1	Highly Stable	Highly Stable Down	0
DES	RvY_06344-1	2	0	2	0	0	1	0	down	1	Highly Stable	Highly Stable Down	0
DES	RvY_06352-1	2	0	2	0	0	1	0	down	1	Highly Stable	Highly Stable Down	0
DES	RvY_06375-1	2	0	2	0	0	1	0	down	1	Highly Stable	Highly Stable Down	0
DES	RvY_06377	2	0	2	0	0	1	0	down	1	Highly Stable	Highly Stable Down	0
DES	RvY_06383	2	0	2	0	0	1	0	down	1	Highly Stable	Highly Stable Down	0
DES	RvY_06440-1	2	0	2	0	0	1	0	down	1	Highly Stable	Highly Stable Down	0
DES	RvY_06465-1	2	0	2	0	0	1	0	down	1	Highly Stable	Highly Stable Down	0
DES	RvY_06492-1	2	0	2	0	0	1	0	down	1	Highly Stable	Highly Stable Down	0
DES	RvY_06500-1	2	0	2	0	0	1	0	down	1	Highly Stable	Highly Stable Down	0
DES	RvY_06501-1	2	0	2	0	0	1	0	down	1	Highly Stable	Highly Stable Down	0
DES	RvY_06560-1	2	0	2	0	0	1	0	down	1	Highly Stable	Highly Stable Down	0
DES	RvY_06574-1	2	0	2	0	0	1	0	down	1	Highly Stable	Highly Stable Down	0
DES	RvY_06594-2	2	0	2	0	0	1	0	down	1	Highly Stable	Highly Stable Down	0
DES	RvY_06629-1	2	0	2	0	0	1	0	down	1	Highly Stable	Highly Stable Down	0
DES	RvY_06644-1	2	0	2	0	0	1	0	down	1	Highly Stable	Highly Stable Down	0
DES	RvY_06664-1	2	0	2	0	0	1	0	down	1	Highly Stable	Highly Stable Down	0
DES	RvY_06675-1	2	0	2	0	0	1	0	down	1	Highly Stable	Highly Stable Down	0
DES	RvY_06680-1	2	0	2	0	0	1	0	down	1	Highly Stable	Highly Stable Down	0
DES	RvY_06696	2	0	2	0	0	1	0	down	1	Highly Stable	Highly Stable Down	0
DES	RvY_06697-1	2	0	2	0	0	1	0	down	1	Highly Stable	Highly Stable Down	0
DES	RvY_06718-1	2	0	2	0	0	1	0	down	1	Highly Stable	Highly Stable Down	0
DES	RvY_06737	2	0	2	0	0	1	0	down	1	Highly Stable	Highly Stable Down	0
DES	RvY_06740-1	2	0	2	0	0	1	0	down	1	Highly Stable	Highly Stable Down	0
DES	RvY_06743-1	2	0	2	0	0	1	0	down	1	Highly Stable	Highly Stable Down	0
DES	RvY_06744-1	2	0	2	0	0	1	0	down	1	Highly Stable	Highly Stable Down	0
DES	RvY_06782	2	0	2	0	0	1	0	down	1	Highly Stable	Highly Stable Down	0
DES	RvY_06815-2	2	0	2	0	0	1	0	down	1	Highly Stable	Highly Stable Down	0
DES	RvY_06821-1	2	0	2	0	0	1	0	down	1	Highly Stable	Highly Stable Down	0
DES	RvY_06822-1	2	0	2	0	0	1	0	down	1	Highly Stable	Highly Stable Down	0
DES	RvY_06831-1	2	0	2	0	0	1	0	down	1	Highly Stable	Highly Stable Down	0
DES	RvY_06842-1	2	0	2	0	0	1	0	down	1	Highly Stable	Highly Stable Down	0
DES	RvY_06859-1	2	0	2	0	0	1	0	down	1	Highly Stable	Highly Stable Down	0
DES	RvY_06873-1	2	0	2	0	0	1	0	down	1	Highly Stable	Highly Stable Down	0
DES	RvY_06874-1	2	0	2	0	0	1	0	down	1	Highly Stable	Highly Stable Down	0
DES	RvY_06888-1	2	0	2	0	0	1	0	down	1	Highly Stable	Highly Stable Down	0
DES	RvY_06929-1	2	0	2	0	0	1	0	down	1	Highly Stable	Highly Stable Down	0
DES	RvY_06936-1	2	0	2	0	0	1	0	down	1	Highly Stable	Highly Stable Down	0
DES	RvY_06937	2	0	2	0	0	1	0	down	1	Highly Stable	Highly Stable Down	0
DES	RvY_06939-1	2	0	2	0	0	1	0	down	1	Highly Stable	Highly Stable Down	0
DES	RvY_06940-1	2	0	2	0	0	1	0	down	1	Highly Stable	Highly Stable Down	0
DES	RvY_06986-1	2	0	2	0	0	1	0	down	1	Highly Stable	Highly Stable Down	0
DES	RvY_07005-1	2	0	2	0	0	1	0	down	1	Highly Stable	Highly Stable Down	0
DES	RvY_07007-1	2	0	2	0	0	1	0	down	1	Highly Stable	Highly Stable Down	0
DES	RvY_07018-1	2	0	2	0	0	1	0	down	1	Highly Stable	Highly Stable Down	0
DES	RvY_07027-1	2	0	2	0	0	1	0	down	1	Highly Stable	Highly Stable Down	0
DES	RvY_07051-1	2	0	2	0	0	1	0	down	1	Highly Stable	Highly Stable Down	0
DES	RvY_07062	2	0	2	0	0	1	0	down	1	Highly Stable	Highly Stable Down	0
DES	RvY_07066-1	2	0	2	0	0	1	0	down	1	Highly Stable	Highly Stable Down	0
DES	RvY_07103	2	0	2	0	0	1	0	down	1	Highly Stable	Highly Stable Down	0
DES	RvY_07108	2	0	2	0	0	1	0	down	1	Highly Stable	Highly Stable Down	0
DES	RvY_07116-1	2	0	2	0	0	1	0	down	1	Highly Stable	Highly Stable Down	0
DES	RvY_07120-1	2	0	2	0	0	1	0	down	1	Highly Stable	Highly Stable Down	0
DES	RvY_07155-1	2	0	2	0	0	1	0	down	1	Highly Stable	Highly Stable Down	0
DES	RvY_07157-1	2	0	2	0	0	1	0	down	1	Highly Stable	Highly Stable Down	0
DES	RvY_07166-1	2	0	2	0	0	1	0	down	1	Highly Stable	Highly Stable Down	0
DES	RvY_07181-1	2	0	2	0	0	1	0	down	1	Highly Stable	Highly Stable Down	0
DES	RvY_07188-1	2	0	2	0	0	1	0	down	1	Highly Stable	Highly Stable Down	0
DES	RvY_07194	2	0	2	0	0	1	0	down	1	Highly Stable	Highly Stable Down	0
DES	RvY_07205-1	2	0	2	0	0	1	0	down	1	Highly Stable	Highly Stable Down	0
DES	RvY_07238	2	0	2	0	0	1	0	down	1	Highly Stable	Highly Stable Down	0
DES	RvY_07242-1	2	0	2	0	0	1	0	down	1	Highly Stable	Highly Stable Down	0
DES	RvY_07263-1	2	0	2	0	0	1	0	down	1	Highly Stable	Highly Stable Down	0
DES	RvY_07264-1	2	0	2	0	0	1	0	down	1	Highly Stable	Highly Stable Down	0
DES	RvY_07265	2	0	2	0	0	1	0	down	1	Highly Stable	Highly Stable Down	0
DES	RvY_07272-1	2	0	2	0	0	1	0	down	1	Highly Stable	Highly Stable Down	0
DES	RvY_07289-1	2	0	2	0	0	1	0	down	1	Highly Stable	Highly Stable Down	0
DES	RvY_07290-1	2	0	2	0	0	1	0	down	1	Highly Stable	Highly Stable Down	0
DES	RvY_07292-1	2	0	2	0	0	1	0	down	1	Highly Stable	Highly Stable Down	0
DES	RvY_07329-1	2	0	2	0	0	1	0	down	1	Highly Stable	Highly Stable Down	0
DES	RvY_07330	2	0	2	0	0	1	0	down	1	Highly Stable	Highly Stable Down	0
DES	RvY_07353-1	2	0	2	0	0	1	0	down	1	Highly Stable	Highly Stable Down	0
DES	RvY_07378-1	2	0	2	0	0	1	0	down	1	Highly Stable	Highly Stable Down	0
DES	RvY_07380-1	2	0	2	0	0	1	0	down	1	Highly Stable	Highly Stable Down	0
DES	RvY_07396	2	0	2	0	0	1	0	down	1	Highly Stable	Highly Stable Down	0
DES	RvY_07406-1	2	0	2	0	0	1	0	down	1	Highly Stable	Highly Stable Down	0
DES	RvY_07425-1	2	0	2	0	0	1	0	down	1	Highly Stable	Highly Stable Down	0
DES	RvY_07433-1	2	0	2	0	0	1	0	down	1	Highly Stable	Highly Stable Down	0
DES	RvY_07451-1	2	0	2	0	0	1	0	down	1	Highly Stable	Highly Stable Down	0
DES	RvY_07462	2	0	2	0	0	1	0	down	1	Highly Stable	Highly Stable Down	0
DES	RvY_07463-1	2	0	2	0	0	1	0	down	1	Highly Stable	Highly Stable Down	0
DES	RvY_07464-1	2	0	2	0	0	1	0	down	1	Highly Stable	Highly Stable Down	0
DES	RvY_07475-1	2	0	2	0	0	1	0	down	1	Highly Stable	Highly Stable Down	0
DES	RvY_07481-1	2	0	2	0	0	1	0	down	1	Highly Stable	Highly Stable Down	0
DES	RvY_07510-1	2	0	2	0	0	1	0	down	1	Highly Stable	Highly Stable Down	0
DES	RvY_07516-1	2	0	2	0	0	1	0	down	1	Highly Stable	Highly Stable Down	0
DES	RvY_07538-1	2	0	2	0	0	1	0	down	1	Highly Stable	Highly Stable Down	0
DES	RvY_07544-1	2	0	2	0	0	1	0	down	1	Highly Stable	Highly Stable Down	0
DES	RvY_07563	2	0	2	0	0	1	0	down	1	Highly Stable	Highly Stable Down	0
DES	RvY_07570-1	2	0	2	0	0	1	0	down	1	Highly Stable	Highly Stable Down	0
DES	RvY_07571-1	2	0	2	0	0	1	0	down	1	Highly Stable	Highly Stable Down	0
DES	RvY_07576-1	2	0	2	0	0	1	0	down	1	Highly Stable	Highly Stable Down	0
DES	RvY_07577-1	2	0	2	0	0	1	0	down	1	Highly Stable	Highly Stable Down	0
DES	RvY_07578-1	2	0	2	0	0	1	0	down	1	Highly Stable	Highly Stable Down	0
DES	RvY_07606-1	2	0	2	0	0	1	0	down	1	Highly Stable	Highly Stable Down	0
DES	RvY_07609-1	2	0	2	0	0	1	0	down	1	Highly Stable	Highly Stable Down	0
DES	RvY_07623-1	2	0	2	0	0	1	0	down	1	Highly Stable	Highly Stable Down	0
DES	RvY_07643-1	2	0	2	0	0	1	0	down	1	Highly Stable	Highly Stable Down	0
DES	RvY_07646-1	2	0	2	0	0	1	0	down	1	Highly Stable	Highly Stable Down	0
DES	RvY_07722-1	2	0	2	0	0	1	0	down	1	Highly Stable	Highly Stable Down	0
DES	RvY_07728-1	2	0	2	0	0	1	0	down	1	Highly Stable	Highly Stable Down	0
DES	RvY_07735-1	2	0	2	0	0	1	0	down	1	Highly Stable	Highly Stable Down	0
DES	RvY_07761-1	2	0	2	0	0	1	0	down	1	Highly Stable	Highly Stable Down	0
DES	RvY_07802	2	0	2	0	0	1	0	down	1	Highly Stable	Highly Stable Down	0
DES	RvY_07806-1	2	0	2	0	0	1	0	down	1	Highly Stable	Highly Stable Down	0
DES	RvY_07810-1	2	0	2	0	0	1	0	down	1	Highly Stable	Highly Stable Down	0
DES	RvY_07830-1	2	0	2	0	0	1	0	down	1	Highly Stable	Highly Stable Down	0
DES	RvY_07850-1	2	0	2	0	0	1	0	down	1	Highly Stable	Highly Stable Down	0
DES	RvY_07876-1	2	0	2	0	0	1	0	down	1	Highly Stable	Highly Stable Down	0
DES	RvY_07888	2	0	2	0	0	1	0	down	1	Highly Stable	Highly Stable Down	0
DES	RvY_07917	2	0	2	0	0	1	0	down	1	Highly Stable	Highly Stable Down	0
DES	RvY_07919-1	2	0	2	0	0	1	0	down	1	Highly Stable	Highly Stable Down	0
DES	RvY_07946	2	0	2	0	0	1	0	down	1	Highly Stable	Highly Stable Down	0
DES	RvY_07961-1	2	0	2	0	0	1	0	down	1	Highly Stable	Highly Stable Down	0
DES	RvY_07966	2	0	2	0	0	1	0	down	1	Highly Stable	Highly Stable Down	0
DES	RvY_07967-1	2	0	2	0	0	1	0	down	1	Highly Stable	Highly Stable Down	0
DES	RvY_07982-1	2	0	2	0	0	1	0	down	1	Highly Stable	Highly Stable Down	0
DES	RvY_08063-1	2	0	2	0	0	1	0	down	1	Highly Stable	Highly Stable Down	0
DES	RvY_08066-1	2	0	2	0	0	1	0	down	1	Highly Stable	Highly Stable Down	0
DES	RvY_08067-1	2	0	2	0	0	1	0	down	1	Highly Stable	Highly Stable Down	0
DES	RvY_08070-1	2	0	2	0	0	1	0	down	1	Highly Stable	Highly Stable Down	0
DES	RvY_08086-1	2	0	2	0	0	1	0	down	1	Highly Stable	Highly Stable Down	0
DES	RvY_08118-1	2	0	2	0	0	1	0	down	1	Highly Stable	Highly Stable Down	0
DES	RvY_08135-1	2	0	2	0	0	1	0	down	1	Highly Stable	Highly Stable Down	0
DES	RvY_08137-1	2	0	2	0	0	1	0	down	1	Highly Stable	Highly Stable Down	0
DES	RvY_08144-1	2	0	2	0	0	1	0	down	1	Highly Stable	Highly Stable Down	0
DES	RvY_08150-1	2	0	2	0	0	1	0	down	1	Highly Stable	Highly Stable Down	0
DES	RvY_08165-1	2	0	2	0	0	1	0	down	1	Highly Stable	Highly Stable Down	0
DES	RvY_08177-1	2	0	2	0	0	1	0	down	1	Highly Stable	Highly Stable Down	0
DES	RvY_08189-1	2	0	2	0	0	1	0	down	1	Highly Stable	Highly Stable Down	0
DES	RvY_08198-1	2	0	2	0	0	1	0	down	1	Highly Stable	Highly Stable Down	0
DES	RvY_08223-1	2	0	2	0	0	1	0	down	1	Highly Stable	Highly Stable Down	0
DES	RvY_08224-1	2	0	2	0	0	1	0	down	1	Highly Stable	Highly Stable Down	0
DES	RvY_08284-1	2	0	2	0	0	1	0	down	1	Highly Stable	Highly Stable Down	0
DES	RvY_08287	2	0	2	0	0	1	0	down	1	Highly Stable	Highly Stable Down	0
DES	RvY_08297-1	2	0	2	0	0	1	0	down	1	Highly Stable	Highly Stable Down	0
DES	RvY_08327-1	2	0	2	0	0	1	0	down	1	Highly Stable	Highly Stable Down	0
DES	RvY_08345-1	2	0	2	0	0	1	0	down	1	Highly Stable	Highly Stable Down	0
DES	RvY_08357-1	2	0	2	0	0	1	0	down	1	Highly Stable	Highly Stable Down	0
DES	RvY_08451-1	2	0	2	0	0	1	0	down	1	Highly Stable	Highly Stable Down	0
DES	RvY_08452-1	2	0	2	0	0	1	0	down	1	Highly Stable	Highly Stable Down	0
DES	RvY_08490-2	2	0	2	0	0	1	0	down	1	Highly Stable	Highly Stable Down	0
DES	RvY_08492-1	2	0	2	0	0	1	0	down	1	Highly Stable	Highly Stable Down	0
DES	RvY_08506	2	0	2	0	0	1	0	down	1	Highly Stable	Highly Stable Down	0
DES	RvY_08525-1	2	0	2	0	0	1	0	down	1	Highly Stable	Highly Stable Down	0
DES	RvY_08544-1	2	0	2	0	0	1	0	down	1	Highly Stable	Highly Stable Down	0
DES	RvY_08569-1	2	0	2	0	0	1	0	down	1	Highly Stable	Highly Stable Down	0
DES	RvY_08605-1	2	0	2	0	0	1	0	down	1	Highly Stable	Highly Stable Down	0
DES	RvY_08608-1	2	0	2	0	0	1	0	down	1	Highly Stable	Highly Stable Down	0
DES	RvY_08640-1	2	0	2	0	0	1	0	down	1	Highly Stable	Highly Stable Down	0
DES	RvY_08642-1	2	0	2	0	0	1	0	down	1	Highly Stable	Highly Stable Down	0
DES	RvY_08658-1	2	0	2	0	0	1	0	down	1	Highly Stable	Highly Stable Down	0
DES	RvY_08664-1	2	0	2	0	0	1	0	down	1	Highly Stable	Highly Stable Down	0
DES	RvY_08708-1	2	0	2	0	0	1	0	down	1	Highly Stable	Highly Stable Down	0
DES	RvY_08743-1	2	0	2	0	0	1	0	down	1	Highly Stable	Highly Stable Down	0
DES	RvY_08832-1	2	0	2	0	0	1	0	down	1	Highly Stable	Highly Stable Down	0
DES	RvY_08856-1	2	0	2	0	0	1	0	down	1	Highly Stable	Highly Stable Down	0
DES	RvY_08897	2	0	2	0	0	1	0	down	1	Highly Stable	Highly Stable Down	0
DES	RvY_09012-1	2	0	2	0	0	1	0	down	1	Highly Stable	Highly Stable Down	0
DES	RvY_09086-1	2	0	2	0	0	1	0	down	1	Highly Stable	Highly Stable Down	0
DES	RvY_09087-1	2	0	2	0	0	1	0	down	1	Highly Stable	Highly Stable Down	0
DES	RvY_09089	2	0	2	0	0	1	0	down	1	Highly Stable	Highly Stable Down	0
DES	RvY_09117-1	2	0	2	0	0	1	0	down	1	Highly Stable	Highly Stable Down	0
DES	RvY_09129-1	2	0	2	0	0	1	0	down	1	Highly Stable	Highly Stable Down	0
DES	RvY_09151-1	2	0	2	0	0	1	0	down	1	Highly Stable	Highly Stable Down	0
DES	RvY_09188-1	2	0	2	0	0	1	0	down	1	Highly Stable	Highly Stable Down	0
DES	RvY_09208-1	2	0	2	0	0	1	0	down	1	Highly Stable	Highly Stable Down	0
DES	RvY_09209	2	0	2	0	0	1	0	down	1	Highly Stable	Highly Stable Down	0
DES	RvY_09211-1	2	0	2	0	0	1	0	down	1	Highly Stable	Highly Stable Down	0
DES	RvY_09238-1	2	0	2	0	0	1	0	down	1	Highly Stable	Highly Stable Down	0
DES	RvY_09258-1	2	0	2	0	0	1	0	down	1	Highly Stable	Highly Stable Down	0
DES	RvY_09268-1	2	0	2	0	0	1	0	down	1	Highly Stable	Highly Stable Down	0
DES	RvY_09347-1	2	0	2	0	0	1	0	down	1	Highly Stable	Highly Stable Down	0
DES	RvY_09370-1	2	0	2	0	0	1	0	down	1	Highly Stable	Highly Stable Down	0
DES	RvY_09390-1	2	0	2	0	0	1	0	down	1	Highly Stable	Highly Stable Down	0
DES	RvY_09404-1	2	0	2	0	0	1	0	down	1	Highly Stable	Highly Stable Down	0
DES	RvY_09405-1	2	0	2	0	0	1	0	down	1	Highly Stable	Highly Stable Down	0
DES	RvY_09439-1	2	0	2	0	0	1	0	down	1	Highly Stable	Highly Stable Down	0
DES	RvY_09442-1	2	0	2	0	0	1	0	down	1	Highly Stable	Highly Stable Down	0
DES	RvY_09448	2	0	2	0	0	1	0	down	1	Highly Stable	Highly Stable Down	0
DES	RvY_09480-1	2	0	2	0	0	1	0	down	1	Highly Stable	Highly Stable Down	0
DES	RvY_09491-1	2	0	2	0	0	1	0	down	1	Highly Stable	Highly Stable Down	0
DES	RvY_09499-1	2	0	2	0	0	1	0	down	1	Highly Stable	Highly Stable Down	0
DES	RvY_09512-1	2	0	2	0	0	1	0	down	1	Highly Stable	Highly Stable Down	0
DES	RvY_09645-1	2	0	2	0	0	1	0	down	1	Highly Stable	Highly Stable Down	0
DES	RvY_09740-1	2	0	2	0	0	1	0	down	1	Highly Stable	Highly Stable Down	0
DES	RvY_09748-1	2	0	2	0	0	1	0	down	1	Highly Stable	Highly Stable Down	0
DES	RvY_09755-1	2	0	2	0	0	1	0	down	1	Highly Stable	Highly Stable Down	0
DES	RvY_09783-1	2	0	2	0	0	1	0	down	1	Highly Stable	Highly Stable Down	0
DES	RvY_09791-1	2	0	2	0	0	1	0	down	1	Highly Stable	Highly Stable Down	0
DES	RvY_09794-1	2	0	2	0	0	1	0	down	1	Highly Stable	Highly Stable Down	0
DES	RvY_09804-1	2	0	2	0	0	1	0	down	1	Highly Stable	Highly Stable Down	0
DES	RvY_09808-1	2	0	2	0	0	1	0	down	1	Highly Stable	Highly Stable Down	0
DES	RvY_09835-1	2	0	2	0	0	1	0	down	1	Highly Stable	Highly Stable Down	0
DES	RvY_09844-1	2	0	2	0	0	1	0	down	1	Highly Stable	Highly Stable Down	0
DES	RvY_09864-1	2	0	2	0	0	1	0	down	1	Highly Stable	Highly Stable Down	0
DES	RvY_09879	2	0	2	0	0	1	0	down	1	Highly Stable	Highly Stable Down	0
DES	RvY_09880-1	2	0	2	0	0	1	0	down	1	Highly Stable	Highly Stable Down	0
DES	RvY_09885-1	2	0	2	0	0	1	0	down	1	Highly Stable	Highly Stable Down	0
DES	RvY_09924-1	2	0	2	0	0	1	0	down	1	Highly Stable	Highly Stable Down	0
DES	RvY_09926-1	2	0	2	0	0	1	0	down	1	Highly Stable	Highly Stable Down	0
DES	RvY_09943	2	0	2	0	0	1	0	down	1	Highly Stable	Highly Stable Down	0
DES	RvY_09944-1	2	0	2	0	0	1	0	down	1	Highly Stable	Highly Stable Down	0
DES	RvY_09953-1	2	0	2	0	0	1	0	down	1	Highly Stable	Highly Stable Down	0
DES	RvY_10006-1	2	0	2	0	0	1	0	down	1	Highly Stable	Highly Stable Down	0
DES	RvY_10035-1	2	0	2	0	0	1	0	down	1	Highly Stable	Highly Stable Down	0
DES	RvY_10040-1	2	0	2	0	0	1	0	down	1	Highly Stable	Highly Stable Down	0
DES	RvY_10041	2	0	2	0	0	1	0	down	1	Highly Stable	Highly Stable Down	0
DES	RvY_10059	2	0	2	0	0	1	0	down	1	Highly Stable	Highly Stable Down	0
DES	RvY_10063-1	2	0	2	0	0	1	0	down	1	Highly Stable	Highly Stable Down	0
DES	RvY_10068-1	2	0	2	0	0	1	0	down	1	Highly Stable	Highly Stable Down	0
DES	RvY_10069-1	2	0	2	0	0	1	0	down	1	Highly Stable	Highly Stable Down	0
DES	RvY_10098	2	0	2	0	0	1	0	down	1	Highly Stable	Highly Stable Down	0
DES	RvY_10132-1	2	0	2	0	0	1	0	down	1	Highly Stable	Highly Stable Down	0
DES	RvY_10143-1	2	0	2	0	0	1	0	down	1	Highly Stable	Highly Stable Down	0
DES	RvY_10188	2	0	2	0	0	1	0	down	1	Highly Stable	Highly Stable Down	0
DES	RvY_10208-1	2	0	2	0	0	1	0	down	1	Highly Stable	Highly Stable Down	0
DES	RvY_10209-1	2	0	2	0	0	1	0	down	1	Highly Stable	Highly Stable Down	0
DES	RvY_10211-1	2	0	2	0	0	1	0	down	1	Highly Stable	Highly Stable Down	0
DES	RvY_10215-1	2	0	2	0	0	1	0	down	1	Highly Stable	Highly Stable Down	0
DES	RvY_10221-1	2	0	2	0	0	1	0	down	1	Highly Stable	Highly Stable Down	0
DES	RvY_10245-1	2	0	2	0	0	1	0	down	1	Highly Stable	Highly Stable Down	0
DES	RvY_10248-1	2	0	2	0	0	1	0	down	1	Highly Stable	Highly Stable Down	0
DES	RvY_10348	2	0	2	0	0	1	0	down	1	Highly Stable	Highly Stable Down	0
DES	RvY_10361-1	2	0	2	0	0	1	0	down	1	Highly Stable	Highly Stable Down	0
DES	RvY_10366-1	2	0	2	0	0	1	0	down	1	Highly Stable	Highly Stable Down	0
DES	RvY_10367	2	0	2	0	0	1	0	down	1	Highly Stable	Highly Stable Down	0
DES	RvY_10425-1	2	0	2	0	0	1	0	down	1	Highly Stable	Highly Stable Down	0
DES	RvY_10479-1	2	0	2	0	0	1	0	down	1	Highly Stable	Highly Stable Down	0
DES	RvY_10490-1	2	0	2	0	0	1	0	down	1	Highly Stable	Highly Stable Down	0
DES	RvY_10496-1	2	0	2	0	0	1	0	down	1	Highly Stable	Highly Stable Down	0
DES	RvY_10520-1	2	0	2	0	0	1	0	down	1	Highly Stable	Highly Stable Down	0
DES	RvY_10522-1	2	0	2	0	0	1	0	down	1	Highly Stable	Highly Stable Down	0
DES	RvY_10536-1	2	0	2	0	0	1	0	down	1	Highly Stable	Highly Stable Down	0
DES	RvY_10539-1	2	0	2	0	0	1	0	down	1	Highly Stable	Highly Stable Down	0
DES	RvY_10577-1	2	0	2	0	0	1	0	down	1	Highly Stable	Highly Stable Down	0
DES	RvY_10592-1	2	0	2	0	0	1	0	down	1	Highly Stable	Highly Stable Down	0
DES	RvY_10637-1	2	0	2	0	0	1	0	down	1	Highly Stable	Highly Stable Down	0
DES	RvY_10638-1	2	0	2	0	0	1	0	down	1	Highly Stable	Highly Stable Down	0
DES	RvY_10670-1	2	0	2	0	0	1	0	down	1	Highly Stable	Highly Stable Down	0
DES	RvY_10684	2	0	2	0	0	1	0	down	1	Highly Stable	Highly Stable Down	0
DES	RvY_10685-1	2	0	2	0	0	1	0	down	1	Highly Stable	Highly Stable Down	0
DES	RvY_10713-1	2	0	2	0	0	1	0	down	1	Highly Stable	Highly Stable Down	0
DES	RvY_10714-1	2	0	2	0	0	1	0	down	1	Highly Stable	Highly Stable Down	0
DES	RvY_10721-1	2	0	2	0	0	1	0	down	1	Highly Stable	Highly Stable Down	0
DES	RvY_10727-1	2	0	2	0	0	1	0	down	1	Highly Stable	Highly Stable Down	0
DES	RvY_10747-1	2	0	2	0	0	1	0	down	1	Highly Stable	Highly Stable Down	0
DES	RvY_10784	2	0	2	0	0	1	0	down	1	Highly Stable	Highly Stable Down	0
DES	RvY_10785-1	2	0	2	0	0	1	0	down	1	Highly Stable	Highly Stable Down	0
DES	RvY_10786-1	2	0	2	0	0	1	0	down	1	Highly Stable	Highly Stable Down	0
DES	RvY_10789-1	2	0	2	0	0	1	0	down	1	Highly Stable	Highly Stable Down	0
DES	RvY_10790-1	2	0	2	0	0	1	0	down	1	Highly Stable	Highly Stable Down	0
DES	RvY_10791-1	2	0	2	0	0	1	0	down	1	Highly Stable	Highly Stable Down	0
DES	RvY_10794-1	2	0	2	0	0	1	0	down	1	Highly Stable	Highly Stable Down	0
DES	RvY_10798-1	2	0	2	0	0	1	0	down	1	Highly Stable	Highly Stable Down	0
DES	RvY_10818-1	2	0	2	0	0	1	0	down	1	Highly Stable	Highly Stable Down	0
DES	RvY_10893-1	2	0	2	0	0	1	0	down	1	Highly Stable	Highly Stable Down	0
DES	RvY_10894-1	2	0	2	0	0	1	0	down	1	Highly Stable	Highly Stable Down	0
DES	RvY_10962	2	0	2	0	0	1	0	down	1	Highly Stable	Highly Stable Down	0
DES	RvY_10964-1	2	0	2	0	0	1	0	down	1	Highly Stable	Highly Stable Down	0
DES	RvY_10993-1	2	0	2	0	0	1	0	down	1	Highly Stable	Highly Stable Down	0
DES	RvY_11007	2	0	2	0	0	1	0	down	1	Highly Stable	Highly Stable Down	0
DES	RvY_11049-1	2	0	2	0	0	1	0	down	1	Highly Stable	Highly Stable Down	0
DES	RvY_11050-1	2	0	2	0	0	1	0	down	1	Highly Stable	Highly Stable Down	0
DES	RvY_11060-1	2	0	2	0	0	1	0	down	1	Highly Stable	Highly Stable Down	0
DES	RvY_11061-1	2	0	2	0	0	1	0	down	1	Highly Stable	Highly Stable Down	0
DES	RvY_11078-1	2	0	2	0	0	1	0	down	1	Highly Stable	Highly Stable Down	0
DES	RvY_11106-1	2	0	2	0	0	1	0	down	1	Highly Stable	Highly Stable Down	0
DES	RvY_11233	2	0	2	0	0	1	0	down	1	Highly Stable	Highly Stable Down	0
DES	RvY_11234	2	0	2	0	0	1	0	down	1	Highly Stable	Highly Stable Down	0
DES	RvY_11292-1	2	0	2	0	0	1	0	down	1	Highly Stable	Highly Stable Down	0
DES	RvY_11323	2	0	2	0	0	1	0	down	1	Highly Stable	Highly Stable Down	0
DES	RvY_11352-1	2	0	2	0	0	1	0	down	1	Highly Stable	Highly Stable Down	0
DES	RvY_11414-1	2	0	2	0	0	1	0	down	1	Highly Stable	Highly Stable Down	0
DES	RvY_11415-1	2	0	2	0	0	1	0	down	1	Highly Stable	Highly Stable Down	0
DES	RvY_11417-1	2	0	2	0	0	1	0	down	1	Highly Stable	Highly Stable Down	0
DES	RvY_11467-1	2	0	2	0	0	1	0	down	1	Highly Stable	Highly Stable Down	0
DES	RvY_11472	2	0	2	0	0	1	0	down	1	Highly Stable	Highly Stable Down	0
DES	RvY_11474-1	2	0	2	0	0	1	0	down	1	Highly Stable	Highly Stable Down	0
DES	RvY_11503	2	0	2	0	0	1	0	down	1	Highly Stable	Highly Stable Down	0
DES	RvY_11585-1	2	0	2	0	0	1	0	down	1	Highly Stable	Highly Stable Down	0
DES	RvY_11608-1	2	0	2	0	0	1	0	down	1	Highly Stable	Highly Stable Down	0
DES	RvY_11619-1	2	0	2	0	0	1	0	down	1	Highly Stable	Highly Stable Down	0
DES	RvY_11624-1	2	0	2	0	0	1	0	down	1	Highly Stable	Highly Stable Down	0
DES	RvY_11652-1	2	0	2	0	0	1	0	down	1	Highly Stable	Highly Stable Down	0
DES	RvY_11665-1	2	0	2	0	0	1	0	down	1	Highly Stable	Highly Stable Down	0
DES	RvY_11674-2	2	0	2	0	0	1	0	down	1	Highly Stable	Highly Stable Down	0
DES	RvY_11675-1	2	0	2	0	0	1	0	down	1	Highly Stable	Highly Stable Down	0
DES	RvY_11715-1	2	0	2	0	0	1	0	down	1	Highly Stable	Highly Stable Down	0
DES	RvY_11763-1	2	0	2	0	0	1	0	down	1	Highly Stable	Highly Stable Down	0
DES	RvY_11789-1	2	0	2	0	0	1	0	down	1	Highly Stable	Highly Stable Down	0
DES	RvY_11790-1	2	0	2	0	0	1	0	down	1	Highly Stable	Highly Stable Down	0
DES	RvY_11798-1	2	0	2	0	0	1	0	down	1	Highly Stable	Highly Stable Down	0
DES	RvY_11821-1	2	0	2	0	0	1	0	down	1	Highly Stable	Highly Stable Down	0
DES	RvY_11825-1	2	0	2	0	0	1	0	down	1	Highly Stable	Highly Stable Down	0
DES	RvY_11838-1	2	0	2	0	0	1	0	down	1	Highly Stable	Highly Stable Down	0
DES	RvY_11864-1	2	0	2	0	0	1	0	down	1	Highly Stable	Highly Stable Down	0
DES	RvY_11873-1	2	0	2	0	0	1	0	down	1	Highly Stable	Highly Stable Down	0
DES	RvY_11878-1	2	0	2	0	0	1	0	down	1	Highly Stable	Highly Stable Down	0
DES	RvY_11919-1	2	0	2	0	0	1	0	down	1	Highly Stable	Highly Stable Down	0
DES	RvY_11920-1	2	0	2	0	0	1	0	down	1	Highly Stable	Highly Stable Down	0
DES	RvY_11973-1	2	0	2	0	0	1	0	down	1	Highly Stable	Highly Stable Down	0
DES	RvY_11999-1	2	0	2	0	0	1	0	down	1	Highly Stable	Highly Stable Down	0
DES	RvY_12016-1	2	0	2	0	0	1	0	down	1	Highly Stable	Highly Stable Down	0
DES	RvY_12018-1	2	0	2	0	0	1	0	down	1	Highly Stable	Highly Stable Down	0
DES	RvY_12019-1	2	0	2	0	0	1	0	down	1	Highly Stable	Highly Stable Down	0
DES	RvY_12024-1	2	0	2	0	0	1	0	down	1	Highly Stable	Highly Stable Down	0
DES	RvY_12058-1	2	0	2	0	0	1	0	down	1	Highly Stable	Highly Stable Down	0
DES	RvY_12068-1	2	0	2	0	0	1	0	down	1	Highly Stable	Highly Stable Down	0
DES	RvY_12076-1	2	0	2	0	0	1	0	down	1	Highly Stable	Highly Stable Down	0
DES	RvY_12091-1	2	0	2	0	0	1	0	down	1	Highly Stable	Highly Stable Down	0
DES	RvY_12128-1	2	0	2	0	0	1	0	down	1	Highly Stable	Highly Stable Down	0
DES	RvY_12168	2	0	2	0	0	1	0	down	1	Highly Stable	Highly Stable Down	0
DES	RvY_12169-1	2	0	2	0	0	1	0	down	1	Highly Stable	Highly Stable Down	0
DES	RvY_12170-1	2	0	2	0	0	1	0	down	1	Highly Stable	Highly Stable Down	0
DES	RvY_12177	2	0	2	0	0	1	0	down	1	Highly Stable	Highly Stable Down	0
DES	RvY_12183-1	2	0	2	0	0	1	0	down	1	Highly Stable	Highly Stable Down	0
DES	RvY_12184-1	2	0	2	0	0	1	0	down	1	Highly Stable	Highly Stable Down	0
DES	RvY_12185-1	2	0	2	0	0	1	0	down	1	Highly Stable	Highly Stable Down	0
DES	RvY_12201-1	2	0	2	0	0	1	0	down	1	Highly Stable	Highly Stable Down	0
DES	RvY_12219-1	2	0	2	0	0	1	0	down	1	Highly Stable	Highly Stable Down	0
DES	RvY_12250	2	0	2	0	0	1	0	down	1	Highly Stable	Highly Stable Down	0
DES	RvY_12293-1	2	0	2	0	0	1	0	down	1	Highly Stable	Highly Stable Down	0
DES	RvY_12294-1	2	0	2	0	0	1	0	down	1	Highly Stable	Highly Stable Down	0
DES	RvY_12316-1	2	0	2	0	0	1	0	down	1	Highly Stable	Highly Stable Down	0
DES	RvY_12384-1	2	0	2	0	0	1	0	down	1	Highly Stable	Highly Stable Down	0
DES	RvY_12385-1	2	0	2	0	0	1	0	down	1	Highly Stable	Highly Stable Down	0
DES	RvY_12410-1	2	0	2	0	0	1	0	down	1	Highly Stable	Highly Stable Down	0
DES	RvY_12414-1	2	0	2	0	0	1	0	down	1	Highly Stable	Highly Stable Down	0
DES	RvY_12432	2	0	2	0	0	1	0	down	1	Highly Stable	Highly Stable Down	0
DES	RvY_12441-1	2	0	2	0	0	1	0	down	1	Highly Stable	Highly Stable Down	0
DES	RvY_12470	2	0	2	0	0	1	0	down	1	Highly Stable	Highly Stable Down	0
DES	RvY_12471	2	0	2	0	0	1	0	down	1	Highly Stable	Highly Stable Down	0
DES	RvY_12476-1	2	0	2	0	0	1	0	down	1	Highly Stable	Highly Stable Down	0
DES	RvY_12482-1	2	0	2	0	0	1	0	down	1	Highly Stable	Highly Stable Down	0
DES	RvY_12483-1	2	0	2	0	0	1	0	down	1	Highly Stable	Highly Stable Down	0
DES	RvY_12500-1	2	0	2	0	0	1	0	down	1	Highly Stable	Highly Stable Down	0
DES	RvY_12501-1	2	0	2	0	0	1	0	down	1	Highly Stable	Highly Stable Down	0
DES	RvY_12502-1	2	0	2	0	0	1	0	down	1	Highly Stable	Highly Stable Down	0
DES	RvY_12505-1	2	0	2	0	0	1	0	down	1	Highly Stable	Highly Stable Down	0
DES	RvY_12520-1	2	0	2	0	0	1	0	down	1	Highly Stable	Highly Stable Down	0
DES	RvY_12533-1	2	0	2	0	0	1	0	down	1	Highly Stable	Highly Stable Down	0
DES	RvY_12536-1	2	0	2	0	0	1	0	down	1	Highly Stable	Highly Stable Down	0
DES	RvY_12550-1	2	0	2	0	0	1	0	down	1	Highly Stable	Highly Stable Down	0
DES	RvY_12568-1	2	0	2	0	0	1	0	down	1	Highly Stable	Highly Stable Down	0
DES	RvY_12571-1	2	0	2	0	0	1	0	down	1	Highly Stable	Highly Stable Down	0
DES	RvY_12573-1	2	0	2	0	0	1	0	down	1	Highly Stable	Highly Stable Down	0
DES	RvY_12588	2	0	2	0	0	1	0	down	1	Highly Stable	Highly Stable Down	0
DES	RvY_12593-1	2	0	2	0	0	1	0	down	1	Highly Stable	Highly Stable Down	0
DES	RvY_12594-1	2	0	2	0	0	1	0	down	1	Highly Stable	Highly Stable Down	0
DES	RvY_12595-1	2	0	2	0	0	1	0	down	1	Highly Stable	Highly Stable Down	0
DES	RvY_12612-1	2	0	2	0	0	1	0	down	1	Highly Stable	Highly Stable Down	0
DES	RvY_12613-1	2	0	2	0	0	1	0	down	1	Highly Stable	Highly Stable Down	0
DES	RvY_12626	2	0	2	0	0	1	0	down	1	Highly Stable	Highly Stable Down	0
DES	RvY_12628-1	2	0	2	0	0	1	0	down	1	Highly Stable	Highly Stable Down	0
DES	RvY_12633	2	0	2	0	0	1	0	down	1	Highly Stable	Highly Stable Down	0
DES	RvY_12637-1	2	0	2	0	0	1	0	down	1	Highly Stable	Highly Stable Down	0
DES	RvY_12666-1	2	0	2	0	0	1	0	down	1	Highly Stable	Highly Stable Down	0
DES	RvY_12670-1	2	0	2	0	0	1	0	down	1	Highly Stable	Highly Stable Down	0
DES	RvY_12677-1	2	0	2	0	0	1	0	down	1	Highly Stable	Highly Stable Down	0
DES	RvY_12709-1	2	0	2	0	0	1	0	down	1	Highly Stable	Highly Stable Down	0
DES	RvY_12712-1	2	0	2	0	0	1	0	down	1	Highly Stable	Highly Stable Down	0
DES	RvY_12713-1	2	0	2	0	0	1	0	down	1	Highly Stable	Highly Stable Down	0
DES	RvY_12738	2	0	2	0	0	1	0	down	1	Highly Stable	Highly Stable Down	0
DES	RvY_12740-1	2	0	2	0	0	1	0	down	1	Highly Stable	Highly Stable Down	0
DES	RvY_12742-1	2	0	2	0	0	1	0	down	1	Highly Stable	Highly Stable Down	0
DES	RvY_12747-1	2	0	2	0	0	1	0	down	1	Highly Stable	Highly Stable Down	0
DES	RvY_12759-1	2	0	2	0	0	1	0	down	1	Highly Stable	Highly Stable Down	0
DES	RvY_12760-1	2	0	2	0	0	1	0	down	1	Highly Stable	Highly Stable Down	0
DES	RvY_12761	2	0	2	0	0	1	0	down	1	Highly Stable	Highly Stable Down	0
DES	RvY_12764-1	2	0	2	0	0	1	0	down	1	Highly Stable	Highly Stable Down	0
DES	RvY_12765-1	2	0	2	0	0	1	0	down	1	Highly Stable	Highly Stable Down	0
DES	RvY_12766-1	2	0	2	0	0	1	0	down	1	Highly Stable	Highly Stable Down	0
DES	RvY_12770-1	2	0	2	0	0	1	0	down	1	Highly Stable	Highly Stable Down	0
DES	RvY_12774-1	2	0	2	0	0	1	0	down	1	Highly Stable	Highly Stable Down	0
DES	RvY_12789-1	2	0	2	0	0	1	0	down	1	Highly Stable	Highly Stable Down	0
DES	RvY_12823	2	0	2	0	0	1	0	down	1	Highly Stable	Highly Stable Down	0
DES	RvY_12828-1	2	0	2	0	0	1	0	down	1	Highly Stable	Highly Stable Down	0
DES	RvY_12830-1	2	0	2	0	0	1	0	down	1	Highly Stable	Highly Stable Down	0
DES	RvY_12840-1	2	0	2	0	0	1	0	down	1	Highly Stable	Highly Stable Down	0
DES	RvY_12842-1	2	0	2	0	0	1	0	down	1	Highly Stable	Highly Stable Down	0
DES	RvY_12905-1	2	0	2	0	0	1	0	down	1	Highly Stable	Highly Stable Down	0
DES	RvY_12906	2	0	2	0	0	1	0	down	1	Highly Stable	Highly Stable Down	0
DES	RvY_12917-1	2	0	2	0	0	1	0	down	1	Highly Stable	Highly Stable Down	0
DES	RvY_12918-1	2	0	2	0	0	1	0	down	1	Highly Stable	Highly Stable Down	0
DES	RvY_12919-1	2	0	2	0	0	1	0	down	1	Highly Stable	Highly Stable Down	0
DES	RvY_12961	2	0	2	0	0	1	0	down	1	Highly Stable	Highly Stable Down	0
DES	RvY_12982-1	2	0	2	0	0	1	0	down	1	Highly Stable	Highly Stable Down	0
DES	RvY_13047	2	0	2	0	0	1	0	down	1	Highly Stable	Highly Stable Down	0
DES	RvY_13050-1	2	0	2	0	0	1	0	down	1	Highly Stable	Highly Stable Down	0
DES	RvY_13057-1	2	0	2	0	0	1	0	down	1	Highly Stable	Highly Stable Down	0
DES	RvY_13064-1	2	0	2	0	0	1	0	down	1	Highly Stable	Highly Stable Down	0
DES	RvY_13094-1	2	0	2	0	0	1	0	down	1	Highly Stable	Highly Stable Down	0
DES	RvY_13098-1	2	0	2	0	0	1	0	down	1	Highly Stable	Highly Stable Down	0
DES	RvY_13100-1	2	0	2	0	0	1	0	down	1	Highly Stable	Highly Stable Down	0
DES	RvY_13109-1	2	0	2	0	0	1	0	down	1	Highly Stable	Highly Stable Down	0
DES	RvY_13110-1	2	0	2	0	0	1	0	down	1	Highly Stable	Highly Stable Down	0
DES	RvY_13113-1	2	0	2	0	0	1	0	down	1	Highly Stable	Highly Stable Down	0
DES	RvY_13138-1	2	0	2	0	0	1	0	down	1	Highly Stable	Highly Stable Down	0
DES	RvY_13141-1	2	0	2	0	0	1	0	down	1	Highly Stable	Highly Stable Down	0
DES	RvY_13148-1	2	0	2	0	0	1	0	down	1	Highly Stable	Highly Stable Down	0
DES	RvY_13159-1	2	0	2	0	0	1	0	down	1	Highly Stable	Highly Stable Down	0
DES	RvY_13172-1	2	0	2	0	0	1	0	down	1	Highly Stable	Highly Stable Down	0
DES	RvY_13194-1	2	0	2	0	0	1	0	down	1	Highly Stable	Highly Stable Down	0
DES	RvY_13197-1	2	0	2	0	0	1	0	down	1	Highly Stable	Highly Stable Down	0
DES	RvY_13198-1	2	0	2	0	0	1	0	down	1	Highly Stable	Highly Stable Down	0
DES	RvY_13210-1	2	0	2	0	0	1	0	down	1	Highly Stable	Highly Stable Down	0
DES	RvY_13211-1	2	0	2	0	0	1	0	down	1	Highly Stable	Highly Stable Down	0
DES	RvY_13222	2	0	2	0	0	1	0	down	1	Highly Stable	Highly Stable Down	0
DES	RvY_13227-1	2	0	2	0	0	1	0	down	1	Highly Stable	Highly Stable Down	0
DES	RvY_13232-1	2	0	2	0	0	1	0	down	1	Highly Stable	Highly Stable Down	0
DES	RvY_13233-1	2	0	2	0	0	1	0	down	1	Highly Stable	Highly Stable Down	0
DES	RvY_13234-1	2	0	2	0	0	1	0	down	1	Highly Stable	Highly Stable Down	0
DES	RvY_13247-1	2	0	2	0	0	1	0	down	1	Highly Stable	Highly Stable Down	0
DES	RvY_13250	2	0	2	0	0	1	0	down	1	Highly Stable	Highly Stable Down	0
DES	RvY_13260	2	0	2	0	0	1	0	down	1	Highly Stable	Highly Stable Down	0
DES	RvY_13262-1	2	0	2	0	0	1	0	down	1	Highly Stable	Highly Stable Down	0
DES	RvY_13285-1	2	0	2	0	0	1	0	down	1	Highly Stable	Highly Stable Down	0
DES	RvY_13286-1	2	0	2	0	0	1	0	down	1	Highly Stable	Highly Stable Down	0
DES	RvY_13322	2	0	2	0	0	1	0	down	1	Highly Stable	Highly Stable Down	0
DES	RvY_13323-1	2	0	2	0	0	1	0	down	1	Highly Stable	Highly Stable Down	0
DES	RvY_13330-1	2	0	2	0	0	1	0	down	1	Highly Stable	Highly Stable Down	0
DES	RvY_13333-1	2	0	2	0	0	1	0	down	1	Highly Stable	Highly Stable Down	0
DES	RvY_13335-1	2	0	2	0	0	1	0	down	1	Highly Stable	Highly Stable Down	0
DES	RvY_13337-1	2	0	2	0	0	1	0	down	1	Highly Stable	Highly Stable Down	0
DES	RvY_13350-1	2	0	2	0	0	1	0	down	1	Highly Stable	Highly Stable Down	0
DES	RvY_13376-1	2	0	2	0	0	1	0	down	1	Highly Stable	Highly Stable Down	0
DES	RvY_13377-1	2	0	2	0	0	1	0	down	1	Highly Stable	Highly Stable Down	0
DES	RvY_13380-1	2	0	2	0	0	1	0	down	1	Highly Stable	Highly Stable Down	0
DES	RvY_13384-1	2	0	2	0	0	1	0	down	1	Highly Stable	Highly Stable Down	0
DES	RvY_13416	2	0	2	0	0	1	0	down	1	Highly Stable	Highly Stable Down	0
DES	RvY_13473	2	0	2	0	0	1	0	down	1	Highly Stable	Highly Stable Down	0
DES	RvY_13475-1	2	0	2	0	0	1	0	down	1	Highly Stable	Highly Stable Down	0
DES	RvY_13476-1	2	0	2	0	0	1	0	down	1	Highly Stable	Highly Stable Down	0
DES	RvY_13477-1	2	0	2	0	0	1	0	down	1	Highly Stable	Highly Stable Down	0
DES	RvY_13481-1	2	0	2	0	0	1	0	down	1	Highly Stable	Highly Stable Down	0
DES	RvY_13495-1	2	0	2	0	0	1	0	down	1	Highly Stable	Highly Stable Down	0
DES	RvY_13500-1	2	0	2	0	0	1	0	down	1	Highly Stable	Highly Stable Down	0
DES	RvY_13510-1	2	0	2	0	0	1	0	down	1	Highly Stable	Highly Stable Down	0
DES	RvY_13526	2	0	2	0	0	1	0	down	1	Highly Stable	Highly Stable Down	0
DES	RvY_13561-1	2	0	2	0	0	1	0	down	1	Highly Stable	Highly Stable Down	0
DES	RvY_13567	2	0	2	0	0	1	0	down	1	Highly Stable	Highly Stable Down	0
DES	RvY_13572-1	2	0	2	0	0	1	0	down	1	Highly Stable	Highly Stable Down	0
DES	RvY_13606-1	2	0	2	0	0	1	0	down	1	Highly Stable	Highly Stable Down	0
DES	RvY_13642-1	2	0	2	0	0	1	0	down	1	Highly Stable	Highly Stable Down	0
DES	RvY_13663-1	2	0	2	0	0	1	0	down	1	Highly Stable	Highly Stable Down	0
DES	RvY_13674-1	2	0	2	0	0	1	0	down	1	Highly Stable	Highly Stable Down	0
DES	RvY_13692-1	2	0	2	0	0	1	0	down	1	Highly Stable	Highly Stable Down	0
DES	RvY_13799-1	2	0	2	0	0	1	0	down	1	Highly Stable	Highly Stable Down	0
DES	RvY_13879-1	2	0	2	0	0	1	0	down	1	Highly Stable	Highly Stable Down	0
DES	RvY_13901-1	2	0	2	0	0	1	0	down	1	Highly Stable	Highly Stable Down	0
DES	RvY_13902	2	0	2	0	0	1	0	down	1	Highly Stable	Highly Stable Down	0
DES	RvY_13903-1	2	0	2	0	0	1	0	down	1	Highly Stable	Highly Stable Down	0
DES	RvY_13913	2	0	2	0	0	1	0	down	1	Highly Stable	Highly Stable Down	0
DES	RvY_13914	2	0	2	0	0	1	0	down	1	Highly Stable	Highly Stable Down	0
DES	RvY_13928-1	2	0	2	0	0	1	0	down	1	Highly Stable	Highly Stable Down	0
DES	RvY_13981-1	2	0	2	0	0	1	0	down	1	Highly Stable	Highly Stable Down	0
DES	RvY_13994-1	2	0	2	0	0	1	0	down	1	Highly Stable	Highly Stable Down	0
DES	RvY_13998-1	2	0	2	0	0	1	0	down	1	Highly Stable	Highly Stable Down	0
DES	RvY_14000-1	2	0	2	0	0	1	0	down	1	Highly Stable	Highly Stable Down	0
DES	RvY_14001-1	2	0	2	0	0	1	0	down	1	Highly Stable	Highly Stable Down	0
DES	RvY_14043-1	2	0	2	0	0	1	0	down	1	Highly Stable	Highly Stable Down	0
DES	RvY_14051-1	2	0	2	0	0	1	0	down	1	Highly Stable	Highly Stable Down	0
DES	RvY_14228	2	0	2	0	0	1	0	down	1	Highly Stable	Highly Stable Down	0
DES	RvY_14254-1	2	0	2	0	0	1	0	down	1	Highly Stable	Highly Stable Down	0
DES	RvY_14264-1	2	0	2	0	0	1	0	down	1	Highly Stable	Highly Stable Down	0
DES	RvY_14268-1	2	0	2	0	0	1	0	down	1	Highly Stable	Highly Stable Down	0
DES	RvY_14284-1	2	0	2	0	0	1	0	down	1	Highly Stable	Highly Stable Down	0
DES	RvY_14297	2	0	2	0	0	1	0	down	1	Highly Stable	Highly Stable Down	0
DES	RvY_14298-1	2	0	2	0	0	1	0	down	1	Highly Stable	Highly Stable Down	0
DES	RvY_14305-1	2	0	2	0	0	1	0	down	1	Highly Stable	Highly Stable Down	0
DES	RvY_14308	2	0	2	0	0	1	0	down	1	Highly Stable	Highly Stable Down	0
DES	RvY_14310-1	2	0	2	0	0	1	0	down	1	Highly Stable	Highly Stable Down	0
DES	RvY_14319-1	2	0	2	0	0	1	0	down	1	Highly Stable	Highly Stable Down	0
DES	RvY_14411-1	2	0	2	0	0	1	0	down	1	Highly Stable	Highly Stable Down	0
DES	RvY_14436-1	2	0	2	0	0	1	0	down	1	Highly Stable	Highly Stable Down	0
DES	RvY_14437-1	2	0	2	0	0	1	0	down	1	Highly Stable	Highly Stable Down	0
DES	RvY_14449-1	2	0	2	0	0	1	0	down	1	Highly Stable	Highly Stable Down	0
DES	RvY_14500-1	2	0	2	0	0	1	0	down	1	Highly Stable	Highly Stable Down	0
DES	RvY_14502	2	0	2	0	0	1	0	down	1	Highly Stable	Highly Stable Down	0
DES	RvY_14518-1	2	0	2	0	0	1	0	down	1	Highly Stable	Highly Stable Down	0
DES	RvY_14536-1	2	0	2	0	0	1	0	down	1	Highly Stable	Highly Stable Down	0
DES	RvY_14543-1	2	0	2	0	0	1	0	down	1	Highly Stable	Highly Stable Down	0
DES	RvY_14608-1	2	0	2	0	0	1	0	down	1	Highly Stable	Highly Stable Down	0
DES	RvY_14614-1	2	0	2	0	0	1	0	down	1	Highly Stable	Highly Stable Down	0
DES	RvY_14617	2	0	2	0	0	1	0	down	1	Highly Stable	Highly Stable Down	0
DES	RvY_14635-1	2	0	2	0	0	1	0	down	1	Highly Stable	Highly Stable Down	0
DES	RvY_14658-1	2	0	2	0	0	1	0	down	1	Highly Stable	Highly Stable Down	0
DES	RvY_14670-1	2	0	2	0	0	1	0	down	1	Highly Stable	Highly Stable Down	0
DES	RvY_14671-1	2	0	2	0	0	1	0	down	1	Highly Stable	Highly Stable Down	0
DES	RvY_14712-1	2	0	2	0	0	1	0	down	1	Highly Stable	Highly Stable Down	0
DES	RvY_14713-1	2	0	2	0	0	1	0	down	1	Highly Stable	Highly Stable Down	0
DES	RvY_14739	2	0	2	0	0	1	0	down	1	Highly Stable	Highly Stable Down	0
DES	RvY_14760-1	2	0	2	0	0	1	0	down	1	Highly Stable	Highly Stable Down	0
DES	RvY_14815-1	2	0	2	0	0	1	0	down	1	Highly Stable	Highly Stable Down	0
DES	RvY_14822-1	2	0	2	0	0	1	0	down	1	Highly Stable	Highly Stable Down	0
DES	RvY_14823-1	2	0	2	0	0	1	0	down	1	Highly Stable	Highly Stable Down	0
DES	RvY_14829-1	2	0	2	0	0	1	0	down	1	Highly Stable	Highly Stable Down	0
DES	RvY_14832-1	2	0	2	0	0	1	0	down	1	Highly Stable	Highly Stable Down	0
DES	RvY_14834-1	2	0	2	0	0	1	0	down	1	Highly Stable	Highly Stable Down	0
DES	RvY_14841	2	0	2	0	0	1	0	down	1	Highly Stable	Highly Stable Down	0
DES	RvY_14843-1	2	0	2	0	0	1	0	down	1	Highly Stable	Highly Stable Down	0
DES	RvY_14862-1	2	0	2	0	0	1	0	down	1	Highly Stable	Highly Stable Down	0
DES	RvY_14888-1	2	0	2	0	0	1	0	down	1	Highly Stable	Highly Stable Down	0
DES	RvY_14900-1	2	0	2	0	0	1	0	down	1	Highly Stable	Highly Stable Down	0
DES	RvY_14903-1	2	0	2	0	0	1	0	down	1	Highly Stable	Highly Stable Down	0
DES	RvY_14904	2	0	2	0	0	1	0	down	1	Highly Stable	Highly Stable Down	0
DES	RvY_14930-1	2	0	2	0	0	1	0	down	1	Highly Stable	Highly Stable Down	0
DES	RvY_14931-1	2	0	2	0	0	1	0	down	1	Highly Stable	Highly Stable Down	0
DES	RvY_14935-1	2	0	2	0	0	1	0	down	1	Highly Stable	Highly Stable Down	0
DES	RvY_14951-1	2	0	2	0	0	1	0	down	1	Highly Stable	Highly Stable Down	0
DES	RvY_14961-1	2	0	2	0	0	1	0	down	1	Highly Stable	Highly Stable Down	0
DES	RvY_14963-1	2	0	2	0	0	1	0	down	1	Highly Stable	Highly Stable Down	0
DES	RvY_14968-1	2	0	2	0	0	1	0	down	1	Highly Stable	Highly Stable Down	0
DES	RvY_14981	2	0	2	0	0	1	0	down	1	Highly Stable	Highly Stable Down	0
DES	RvY_15003-1	2	0	2	0	0	1	0	down	1	Highly Stable	Highly Stable Down	0
DES	RvY_15008-1	2	0	2	0	0	1	0	down	1	Highly Stable	Highly Stable Down	0
DES	RvY_15018-1	2	0	2	0	0	1	0	down	1	Highly Stable	Highly Stable Down	0
DES	RvY_15041-1	2	0	2	0	0	1	0	down	1	Highly Stable	Highly Stable Down	0
DES	RvY_15048-1	2	0	2	0	0	1	0	down	1	Highly Stable	Highly Stable Down	0
DES	RvY_15049-1	2	0	2	0	0	1	0	down	1	Highly Stable	Highly Stable Down	0
DES	RvY_15068-1	2	0	2	0	0	1	0	down	1	Highly Stable	Highly Stable Down	0
DES	RvY_15080	2	0	2	0	0	1	0	down	1	Highly Stable	Highly Stable Down	0
DES	RvY_15081-1	2	0	2	0	0	1	0	down	1	Highly Stable	Highly Stable Down	0
DES	RvY_15082-1	2	0	2	0	0	1	0	down	1	Highly Stable	Highly Stable Down	0
DES	RvY_15085-1	2	0	2	0	0	1	0	down	1	Highly Stable	Highly Stable Down	0
DES	RvY_15091-1	2	0	2	0	0	1	0	down	1	Highly Stable	Highly Stable Down	0
DES	RvY_15129-1	2	0	2	0	0	1	0	down	1	Highly Stable	Highly Stable Down	0
DES	RvY_15158-1	2	0	2	0	0	1	0	down	1	Highly Stable	Highly Stable Down	0
DES	RvY_15163-1	2	0	2	0	0	1	0	down	1	Highly Stable	Highly Stable Down	0
DES	RvY_15179	2	0	2	0	0	1	0	down	1	Highly Stable	Highly Stable Down	0
DES	RvY_15180-1	2	0	2	0	0	1	0	down	1	Highly Stable	Highly Stable Down	0
DES	RvY_15185-1	2	0	2	0	0	1	0	down	1	Highly Stable	Highly Stable Down	0
DES	RvY_15264-1	2	0	2	0	0	1	0	down	1	Highly Stable	Highly Stable Down	0
DES	RvY_15265-1	2	0	2	0	0	1	0	down	1	Highly Stable	Highly Stable Down	0
DES	RvY_15279	2	0	2	0	0	1	0	down	1	Highly Stable	Highly Stable Down	0
DES	RvY_15288-1	2	0	2	0	0	1	0	down	1	Highly Stable	Highly Stable Down	0
DES	RvY_15345-1	2	0	2	0	0	1	0	down	1	Highly Stable	Highly Stable Down	0
DES	RvY_15380	2	0	2	0	0	1	0	down	1	Highly Stable	Highly Stable Down	0
DES	RvY_15387-1	2	0	2	0	0	1	0	down	1	Highly Stable	Highly Stable Down	0
DES	RvY_15405-1	2	0	2	0	0	1	0	down	1	Highly Stable	Highly Stable Down	0
DES	RvY_15406-1	2	0	2	0	0	1	0	down	1	Highly Stable	Highly Stable Down	0
DES	RvY_15407-1	2	0	2	0	0	1	0	down	1	Highly Stable	Highly Stable Down	0
DES	RvY_15424-1	2	0	2	0	0	1	0	down	1	Highly Stable	Highly Stable Down	0
DES	RvY_15433-1	2	0	2	0	0	1	0	down	1	Highly Stable	Highly Stable Down	0
DES	RvY_15452-1	2	0	2	0	0	1	0	down	1	Highly Stable	Highly Stable Down	0
DES	RvY_15488	2	0	2	0	0	1	0	down	1	Highly Stable	Highly Stable Down	0
DES	RvY_15490-1	2	0	2	0	0	1	0	down	1	Highly Stable	Highly Stable Down	0
DES	RvY_15497-1	2	0	2	0	0	1	0	down	1	Highly Stable	Highly Stable Down	0
DES	RvY_15534-1	2	0	2	0	0	1	0	down	1	Highly Stable	Highly Stable Down	0
DES	RvY_15536-1	2	0	2	0	0	1	0	down	1	Highly Stable	Highly Stable Down	0
DES	RvY_15542-1	2	0	2	0	0	1	0	down	1	Highly Stable	Highly Stable Down	0
DES	RvY_15604-1	2	0	2	0	0	1	0	down	1	Highly Stable	Highly Stable Down	0
DES	RvY_15610	2	0	2	0	0	1	0	down	1	Highly Stable	Highly Stable Down	0
DES	RvY_15660-1	2	0	2	0	0	1	0	down	1	Highly Stable	Highly Stable Down	0
DES	RvY_15661-1	2	0	2	0	0	1	0	down	1	Highly Stable	Highly Stable Down	0
DES	RvY_15702-1	2	0	2	0	0	1	0	down	1	Highly Stable	Highly Stable Down	0
DES	RvY_15705-1	2	0	2	0	0	1	0	down	1	Highly Stable	Highly Stable Down	0
DES	RvY_15720-1	2	0	2	0	0	1	0	down	1	Highly Stable	Highly Stable Down	0
DES	RvY_15721-1	2	0	2	0	0	1	0	down	1	Highly Stable	Highly Stable Down	0
DES	RvY_15730-1	2	0	2	0	0	1	0	down	1	Highly Stable	Highly Stable Down	0
DES	RvY_15762-1	2	0	2	0	0	1	0	down	1	Highly Stable	Highly Stable Down	0
DES	RvY_15789-1	2	0	2	0	0	1	0	down	1	Highly Stable	Highly Stable Down	0
DES	RvY_15820-1	2	0	2	0	0	1	0	down	1	Highly Stable	Highly Stable Down	0
DES	RvY_15836-1	2	0	2	0	0	1	0	down	1	Highly Stable	Highly Stable Down	0
DES	RvY_15841-1	2	0	2	0	0	1	0	down	1	Highly Stable	Highly Stable Down	0
DES	RvY_15852-1	2	0	2	0	0	1	0	down	1	Highly Stable	Highly Stable Down	0
DES	RvY_15866-1	2	0	2	0	0	1	0	down	1	Highly Stable	Highly Stable Down	0
DES	RvY_15900-1	2	0	2	0	0	1	0	down	1	Highly Stable	Highly Stable Down	0
DES	RvY_15922-1	2	0	2	0	0	1	0	down	1	Highly Stable	Highly Stable Down	0
DES	RvY_15926	2	0	2	0	0	1	0	down	1	Highly Stable	Highly Stable Down	0
DES	RvY_15939-1	2	0	2	0	0	1	0	down	1	Highly Stable	Highly Stable Down	0
DES	RvY_15951-1	2	0	2	0	0	1	0	down	1	Highly Stable	Highly Stable Down	0
DES	RvY_15965-1	2	0	2	0	0	1	0	down	1	Highly Stable	Highly Stable Down	0
DES	RvY_15971-1	2	0	2	0	0	1	0	down	1	Highly Stable	Highly Stable Down	0
DES	RvY_15983	2	0	2	0	0	1	0	down	1	Highly Stable	Highly Stable Down	0
DES	RvY_16035-1	2	0	2	0	0	1	0	down	1	Highly Stable	Highly Stable Down	0
DES	RvY_16041	2	0	2	0	0	1	0	down	1	Highly Stable	Highly Stable Down	0
DES	RvY_16051-1	2	0	2	0	0	1	0	down	1	Highly Stable	Highly Stable Down	0
DES	RvY_16052-1	2	0	2	0	0	1	0	down	1	Highly Stable	Highly Stable Down	0
DES	RvY_16055-1	2	0	2	0	0	1	0	down	1	Highly Stable	Highly Stable Down	0
DES	RvY_16057-1	2	0	2	0	0	1	0	down	1	Highly Stable	Highly Stable Down	0
DES	RvY_16058-1	2	0	2	0	0	1	0	down	1	Highly Stable	Highly Stable Down	0
DES	RvY_16112	2	0	2	0	0	1	0	down	1	Highly Stable	Highly Stable Down	0
DES	RvY_16124	2	0	2	0	0	1	0	down	1	Highly Stable	Highly Stable Down	0
DES	RvY_16129-2	2	0	2	0	0	1	0	down	1	Highly Stable	Highly Stable Down	0
DES	RvY_16130-1	2	0	2	0	0	1	0	down	1	Highly Stable	Highly Stable Down	0
DES	RvY_16132-1	2	0	2	0	0	1	0	down	1	Highly Stable	Highly Stable Down	0
DES	RvY_16148-1	2	0	2	0	0	1	0	down	1	Highly Stable	Highly Stable Down	0
DES	RvY_16170-1	2	0	2	0	0	1	0	down	1	Highly Stable	Highly Stable Down	0
DES	RvY_16174-1	2	0	2	0	0	1	0	down	1	Highly Stable	Highly Stable Down	0
DES	RvY_16176-1	2	0	2	0	0	1	0	down	1	Highly Stable	Highly Stable Down	0
DES	RvY_16177-1	2	0	2	0	0	1	0	down	1	Highly Stable	Highly Stable Down	0
DES	RvY_16217-1	2	0	2	0	0	1	0	down	1	Highly Stable	Highly Stable Down	0
DES	RvY_16228-1	2	0	2	0	0	1	0	down	1	Highly Stable	Highly Stable Down	0
DES	RvY_16229-1	2	0	2	0	0	1	0	down	1	Highly Stable	Highly Stable Down	0
DES	RvY_16233-1	2	0	2	0	0	1	0	down	1	Highly Stable	Highly Stable Down	0
DES	RvY_16235	2	0	2	0	0	1	0	down	1	Highly Stable	Highly Stable Down	0
DES	RvY_16236-1	2	0	2	0	0	1	0	down	1	Highly Stable	Highly Stable Down	0
DES	RvY_16239-1	2	0	2	0	0	1	0	down	1	Highly Stable	Highly Stable Down	0
DES	RvY_16242-1	2	0	2	0	0	1	0	down	1	Highly Stable	Highly Stable Down	0
DES	RvY_16263-1	2	0	2	0	0	1	0	down	1	Highly Stable	Highly Stable Down	0
DES	RvY_16266-1	2	0	2	0	0	1	0	down	1	Highly Stable	Highly Stable Down	0
DES	RvY_16270-1	2	0	2	0	0	1	0	down	1	Highly Stable	Highly Stable Down	0
DES	RvY_16282-1	2	0	2	0	0	1	0	down	1	Highly Stable	Highly Stable Down	0
DES	RvY_16293-1	2	0	2	0	0	1	0	down	1	Highly Stable	Highly Stable Down	0
DES	RvY_16294-1	2	0	2	0	0	1	0	down	1	Highly Stable	Highly Stable Down	0
DES	RvY_16315-1	2	0	2	0	0	1	0	down	1	Highly Stable	Highly Stable Down	0
DES	RvY_16327-1	2	0	2	0	0	1	0	down	1	Highly Stable	Highly Stable Down	0
DES	RvY_16339	2	0	2	0	0	1	0	down	1	Highly Stable	Highly Stable Down	0
DES	RvY_16349-1	2	0	2	0	0	1	0	down	1	Highly Stable	Highly Stable Down	0
DES	RvY_16351	2	0	2	0	0	1	0	down	1	Highly Stable	Highly Stable Down	0
DES	RvY_16357-1	2	0	2	0	0	1	0	down	1	Highly Stable	Highly Stable Down	0
DES	RvY_16409-1	2	0	2	0	0	1	0	down	1	Highly Stable	Highly Stable Down	0
DES	RvY_16420-1	2	0	2	0	0	1	0	down	1	Highly Stable	Highly Stable Down	0
DES	RvY_16422-1	2	0	2	0	0	1	0	down	1	Highly Stable	Highly Stable Down	0
DES	RvY_16445	2	0	2	0	0	1	0	down	1	Highly Stable	Highly Stable Down	0
DES	RvY_16446	2	0	2	0	0	1	0	down	1	Highly Stable	Highly Stable Down	0
DES	RvY_16447-1	2	0	2	0	0	1	0	down	1	Highly Stable	Highly Stable Down	0
DES	RvY_16457-1	2	0	2	0	0	1	0	down	1	Highly Stable	Highly Stable Down	0
DES	RvY_16467-1	2	0	2	0	0	1	0	down	1	Highly Stable	Highly Stable Down	0
DES	RvY_16468-1	2	0	2	0	0	1	0	down	1	Highly Stable	Highly Stable Down	0
DES	RvY_16469	2	0	2	0	0	1	0	down	1	Highly Stable	Highly Stable Down	0
DES	RvY_16482-1	2	0	2	0	0	1	0	down	1	Highly Stable	Highly Stable Down	0
DES	RvY_16493-1	2	0	2	0	0	1	0	down	1	Highly Stable	Highly Stable Down	0
DES	RvY_16499-1	2	0	2	0	0	1	0	down	1	Highly Stable	Highly Stable Down	0
DES	RvY_16505-1	2	0	2	0	0	1	0	down	1	Highly Stable	Highly Stable Down	0
DES	RvY_16517-1	2	0	2	0	0	1	0	down	1	Highly Stable	Highly Stable Down	0
DES	RvY_16520-1	2	0	2	0	0	1	0	down	1	Highly Stable	Highly Stable Down	0
DES	RvY_16524-1	2	0	2	0	0	1	0	down	1	Highly Stable	Highly Stable Down	0
DES	RvY_16531-1	2	0	2	0	0	1	0	down	1	Highly Stable	Highly Stable Down	0
DES	RvY_16557-1	2	0	2	0	0	1	0	down	1	Highly Stable	Highly Stable Down	0
DES	RvY_16559-1	2	0	2	0	0	1	0	down	1	Highly Stable	Highly Stable Down	0
DES	RvY_16562-1	2	0	2	0	0	1	0	down	1	Highly Stable	Highly Stable Down	0
DES	RvY_16563-1	2	0	2	0	0	1	0	down	1	Highly Stable	Highly Stable Down	0
DES	RvY_16565-1	2	0	2	0	0	1	0	down	1	Highly Stable	Highly Stable Down	0
DES	RvY_16576-1	2	0	2	0	0	1	0	down	1	Highly Stable	Highly Stable Down	0
DES	RvY_16589-1	2	0	2	0	0	1	0	down	1	Highly Stable	Highly Stable Down	0
DES	RvY_16599-1	2	0	2	0	0	1	0	down	1	Highly Stable	Highly Stable Down	0
DES	RvY_16604-1	2	0	2	0	0	1	0	down	1	Highly Stable	Highly Stable Down	0
DES	RvY_16632-1	2	0	2	0	0	1	0	down	1	Highly Stable	Highly Stable Down	0
DES	RvY_16645-1	2	0	2	0	0	1	0	down	1	Highly Stable	Highly Stable Down	0
DES	RvY_16648-1	2	0	2	0	0	1	0	down	1	Highly Stable	Highly Stable Down	0
DES	RvY_16655-1	2	0	2	0	0	1	0	down	1	Highly Stable	Highly Stable Down	0
DES	RvY_16656	2	0	2	0	0	1	0	down	1	Highly Stable	Highly Stable Down	0
DES	RvY_16669-1	2	0	2	0	0	1	0	down	1	Highly Stable	Highly Stable Down	0
DES	RvY_16670-1	2	0	2	0	0	1	0	down	1	Highly Stable	Highly Stable Down	0
DES	RvY_16725-1	2	0	2	0	0	1	0	down	1	Highly Stable	Highly Stable Down	0
DES	RvY_16731	2	0	2	0	0	1	0	down	1	Highly Stable	Highly Stable Down	0
DES	RvY_16738-1	2	0	2	0	0	1	0	down	1	Highly Stable	Highly Stable Down	0
DES	RvY_16743-1	2	0	2	0	0	1	0	down	1	Highly Stable	Highly Stable Down	0
DES	RvY_16759-1	2	0	2	0	0	1	0	down	1	Highly Stable	Highly Stable Down	0
DES	RvY_16760-1	2	0	2	0	0	1	0	down	1	Highly Stable	Highly Stable Down	0
DES	RvY_16775	2	0	2	0	0	1	0	down	1	Highly Stable	Highly Stable Down	0
DES	RvY_16777-1	2	0	2	0	0	1	0	down	1	Highly Stable	Highly Stable Down	0
DES	RvY_16785-1	2	0	2	0	0	1	0	down	1	Highly Stable	Highly Stable Down	0
DES	RvY_16795	2	0	2	0	0	1	0	down	1	Highly Stable	Highly Stable Down	0
DES	RvY_16818-1	2	0	2	0	0	1	0	down	1	Highly Stable	Highly Stable Down	0
DES	RvY_16823-1	2	0	2	0	0	1	0	down	1	Highly Stable	Highly Stable Down	0
DES	RvY_16824-1	2	0	2	0	0	1	0	down	1	Highly Stable	Highly Stable Down	0
DES	RvY_16828-1	2	0	2	0	0	1	0	down	1	Highly Stable	Highly Stable Down	0
DES	RvY_16832-1	2	0	2	0	0	1	0	down	1	Highly Stable	Highly Stable Down	0
DES	RvY_16836-1	2	0	2	0	0	1	0	down	1	Highly Stable	Highly Stable Down	0
DES	RvY_16852-1	2	0	2	0	0	1	0	down	1	Highly Stable	Highly Stable Down	0
DES	RvY_16882-1	2	0	2	0	0	1	0	down	1	Highly Stable	Highly Stable Down	0
DES	RvY_16883-1	2	0	2	0	0	1	0	down	1	Highly Stable	Highly Stable Down	0
DES	RvY_16884-1	2	0	2	0	0	1	0	down	1	Highly Stable	Highly Stable Down	0
DES	RvY_16887	2	0	2	0	0	1	0	down	1	Highly Stable	Highly Stable Down	0
DES	RvY_16938-1	2	0	2	0	0	1	0	down	1	Highly Stable	Highly Stable Down	0
DES	RvY_16953-1	2	0	2	0	0	1	0	down	1	Highly Stable	Highly Stable Down	0
DES	RvY_16954-1	2	0	2	0	0	1	0	down	1	Highly Stable	Highly Stable Down	0
DES	RvY_16955-1	2	0	2	0	0	1	0	down	1	Highly Stable	Highly Stable Down	0
DES	RvY_16968	2	0	2	0	0	1	0	down	1	Highly Stable	Highly Stable Down	0
DES	RvY_17022-1	2	0	2	0	0	1	0	down	1	Highly Stable	Highly Stable Down	0
DES	RvY_17053-1	2	0	2	0	0	1	0	down	1	Highly Stable	Highly Stable Down	0
DES	RvY_17065-1	2	0	2	0	0	1	0	down	1	Highly Stable	Highly Stable Down	0
DES	RvY_17107-1	2	0	2	0	0	1	0	down	1	Highly Stable	Highly Stable Down	0
DES	RvY_17174-1	2	0	2	0	0	1	0	down	1	Highly Stable	Highly Stable Down	0
DES	RvY_17179-1	2	0	2	0	0	1	0	down	1	Highly Stable	Highly Stable Down	0
DES	RvY_17180	2	0	2	0	0	1	0	down	1	Highly Stable	Highly Stable Down	0
DES	RvY_17186	2	0	2	0	0	1	0	down	1	Highly Stable	Highly Stable Down	0
DES	RvY_17246-1	2	0	2	0	0	1	0	down	1	Highly Stable	Highly Stable Down	0
DES	RvY_17247-1	2	0	2	0	0	1	0	down	1	Highly Stable	Highly Stable Down	0
DES	RvY_17266	2	0	2	0	0	1	0	down	1	Highly Stable	Highly Stable Down	0
DES	RvY_17278-1	2	0	2	0	0	1	0	down	1	Highly Stable	Highly Stable Down	0
DES	RvY_17292-1	2	0	2	0	0	1	0	down	1	Highly Stable	Highly Stable Down	0
DES	RvY_17294-1	2	0	2	0	0	1	0	down	1	Highly Stable	Highly Stable Down	0
DES	RvY_17300-1	2	0	2	0	0	1	0	down	1	Highly Stable	Highly Stable Down	0
DES	RvY_17325-1	2	0	2	0	0	1	0	down	1	Highly Stable	Highly Stable Down	0
DES	RvY_17330-1	2	0	2	0	0	1	0	down	1	Highly Stable	Highly Stable Down	0
DES	RvY_17337-1	2	0	2	0	0	1	0	down	1	Highly Stable	Highly Stable Down	0
DES	RvY_17338-1	2	0	2	0	0	1	0	down	1	Highly Stable	Highly Stable Down	0
DES	RvY_17364-1	2	0	2	0	0	1	0	down	1	Highly Stable	Highly Stable Down	0
DES	RvY_17391-1	2	0	2	0	0	1	0	down	1	Highly Stable	Highly Stable Down	0
DES	RvY_17396-1	2	0	2	0	0	1	0	down	1	Highly Stable	Highly Stable Down	0
DES	RvY_17401-1	2	0	2	0	0	1	0	down	1	Highly Stable	Highly Stable Down	0
DES	RvY_17439-1	2	0	2	0	0	1	0	down	1	Highly Stable	Highly Stable Down	0
DES	RvY_17445-1	2	0	2	0	0	1	0	down	1	Highly Stable	Highly Stable Down	0
DES	RvY_17446-1	2	0	2	0	0	1	0	down	1	Highly Stable	Highly Stable Down	0
DES	RvY_17449-1	2	0	2	0	0	1	0	down	1	Highly Stable	Highly Stable Down	0
DES	RvY_17473-1	2	0	2	0	0	1	0	down	1	Highly Stable	Highly Stable Down	0
DES	RvY_17486-1	2	0	2	0	0	1	0	down	1	Highly Stable	Highly Stable Down	0
DES	RvY_17491-1	2	0	2	0	0	1	0	down	1	Highly Stable	Highly Stable Down	0
DES	RvY_17524-1	2	0	2	0	0	1	0	down	1	Highly Stable	Highly Stable Down	0
DES	RvY_17538-1	2	0	2	0	0	1	0	down	1	Highly Stable	Highly Stable Down	0
DES	RvY_17552-1	2	0	2	0	0	1	0	down	1	Highly Stable	Highly Stable Down	0
DES	RvY_17573-1	2	0	2	0	0	1	0	down	1	Highly Stable	Highly Stable Down	0
DES	RvY_17605-1	2	0	2	0	0	1	0	down	1	Highly Stable	Highly Stable Down	0
DES	RvY_17623-1	2	0	2	0	0	1	0	down	1	Highly Stable	Highly Stable Down	0
DES	RvY_17720-1	2	0	2	0	0	1	0	down	1	Highly Stable	Highly Stable Down	0
DES	RvY_17733-1	2	0	2	0	0	1	0	down	1	Highly Stable	Highly Stable Down	0
DES	RvY_17734-1	2	0	2	0	0	1	0	down	1	Highly Stable	Highly Stable Down	0
DES	RvY_17814-1	2	0	2	0	0	1	0	down	1	Highly Stable	Highly Stable Down	0
DES	RvY_17830-1	2	0	2	0	0	1	0	down	1	Highly Stable	Highly Stable Down	0
DES	RvY_17831-1	2	0	2	0	0	1	0	down	1	Highly Stable	Highly Stable Down	0
DES	RvY_17880	2	0	2	0	0	1	0	down	1	Highly Stable	Highly Stable Down	0
DES	RvY_17890-1	2	0	2	0	0	1	0	down	1	Highly Stable	Highly Stable Down	0
DES	RvY_17896-1	2	0	2	0	0	1	0	down	1	Highly Stable	Highly Stable Down	0
DES	RvY_17898-1	2	0	2	0	0	1	0	down	1	Highly Stable	Highly Stable Down	0
DES	RvY_17903-1	2	0	2	0	0	1	0	down	1	Highly Stable	Highly Stable Down	0
DES	RvY_17904-1	2	0	2	0	0	1	0	down	1	Highly Stable	Highly Stable Down	0
DES	RvY_17905-1	2	0	2	0	0	1	0	down	1	Highly Stable	Highly Stable Down	0
DES	RvY_17906-1	2	0	2	0	0	1	0	down	1	Highly Stable	Highly Stable Down	0
DES	RvY_17909-1	2	0	2	0	0	1	0	down	1	Highly Stable	Highly Stable Down	0
DES	RvY_17919	2	0	2	0	0	1	0	down	1	Highly Stable	Highly Stable Down	0
DES	RvY_17945	2	0	2	0	0	1	0	down	1	Highly Stable	Highly Stable Down	0
DES	RvY_17956-1	2	0	2	0	0	1	0	down	1	Highly Stable	Highly Stable Down	0
DES	RvY_17960-1	2	0	2	0	0	1	0	down	1	Highly Stable	Highly Stable Down	0
DES	RvY_17966-1	2	0	2	0	0	1	0	down	1	Highly Stable	Highly Stable Down	0
DES	RvY_17986-1	2	0	2	0	0	1	0	down	1	Highly Stable	Highly Stable Down	0
DES	RvY_17987	2	0	2	0	0	1	0	down	1	Highly Stable	Highly Stable Down	0
DES	RvY_17994-1	2	0	2	0	0	1	0	down	1	Highly Stable	Highly Stable Down	0
DES	RvY_18006-1	2	0	2	0	0	1	0	down	1	Highly Stable	Highly Stable Down	0
DES	RvY_18027-1	2	0	2	0	0	1	0	down	1	Highly Stable	Highly Stable Down	0
DES	RvY_18029-1	2	0	2	0	0	1	0	down	1	Highly Stable	Highly Stable Down	0
DES	RvY_18030-1	2	0	2	0	0	1	0	down	1	Highly Stable	Highly Stable Down	0
DES	RvY_18070-1	2	0	2	0	0	1	0	down	1	Highly Stable	Highly Stable Down	0
DES	RvY_18124-1	2	0	2	0	0	1	0	down	1	Highly Stable	Highly Stable Down	0
DES	RvY_18131-1	2	0	2	0	0	1	0	down	1	Highly Stable	Highly Stable Down	0
DES	RvY_18167-1	2	0	2	0	0	1	0	down	1	Highly Stable	Highly Stable Down	0
DES	RvY_18222-1	2	0	2	0	0	1	0	down	1	Highly Stable	Highly Stable Down	0
DES	RvY_18231	2	0	2	0	0	1	0	down	1	Highly Stable	Highly Stable Down	0
DES	RvY_18232	2	0	2	0	0	1	0	down	1	Highly Stable	Highly Stable Down	0
DES	RvY_18233	2	0	2	0	0	1	0	down	1	Highly Stable	Highly Stable Down	0
DES	RvY_18251-1	2	0	2	0	0	1	0	down	1	Highly Stable	Highly Stable Down	0
DES	RvY_18252-1	2	0	2	0	0	1	0	down	1	Highly Stable	Highly Stable Down	0
DES	RvY_18314-1	2	0	2	0	0	1	0	down	1	Highly Stable	Highly Stable Down	0
DES	RvY_18328-1	2	0	2	0	0	1	0	down	1	Highly Stable	Highly Stable Down	0
DES	RvY_18344	2	0	2	0	0	1	0	down	1	Highly Stable	Highly Stable Down	0
DES	RvY_18371-1	2	0	2	0	0	1	0	down	1	Highly Stable	Highly Stable Down	0
DES	RvY_18392-1	2	0	2	0	0	1	0	down	1	Highly Stable	Highly Stable Down	0
DES	RvY_18399-1	2	0	2	0	0	1	0	down	1	Highly Stable	Highly Stable Down	0
DES	RvY_18401-1	2	0	2	0	0	1	0	down	1	Highly Stable	Highly Stable Down	0
DES	RvY_18426	2	0	2	0	0	1	0	down	1	Highly Stable	Highly Stable Down	0
DES	RvY_18427-1	2	0	2	0	0	1	0	down	1	Highly Stable	Highly Stable Down	0
DES	RvY_18449-1	2	0	2	0	0	1	0	down	1	Highly Stable	Highly Stable Down	0
DES	RvY_18454-1	2	0	2	0	0	1	0	down	1	Highly Stable	Highly Stable Down	0
DES	RvY_18462-1	2	0	2	0	0	1	0	down	1	Highly Stable	Highly Stable Down	0
DES	RvY_18465-1	2	0	2	0	0	1	0	down	1	Highly Stable	Highly Stable Down	0
DES	RvY_18476-1	2	0	2	0	0	1	0	down	1	Highly Stable	Highly Stable Down	0
DES	RvY_18497-1	2	0	2	0	0	1	0	down	1	Highly Stable	Highly Stable Down	0
DES	RvY_18498-1	2	0	2	0	0	1	0	down	1	Highly Stable	Highly Stable Down	0
DES	RvY_18515-1	2	0	2	0	0	1	0	down	1	Highly Stable	Highly Stable Down	0
DES	RvY_18535	2	0	2	0	0	1	0	down	1	Highly Stable	Highly Stable Down	0
DES	RvY_18550-1	2	0	2	0	0	1	0	down	1	Highly Stable	Highly Stable Down	0
DES	RvY_18587-1	2	0	2	0	0	1	0	down	1	Highly Stable	Highly Stable Down	0
DES	RvY_18605-1	2	0	2	0	0	1	0	down	1	Highly Stable	Highly Stable Down	0
DES	RvY_18626-1	2	0	2	0	0	1	0	down	1	Highly Stable	Highly Stable Down	0
DES	RvY_18627-1	2	0	2	0	0	1	0	down	1	Highly Stable	Highly Stable Down	0
DES	RvY_18645-1	2	0	2	0	0	1	0	down	1	Highly Stable	Highly Stable Down	0
DES	RvY_18658	2	0	2	0	0	1	0	down	1	Highly Stable	Highly Stable Down	0
DES	RvY_18667-1	2	0	2	0	0	1	0	down	1	Highly Stable	Highly Stable Down	0
DES	RvY_18769	2	0	2	0	0	1	0	down	1	Highly Stable	Highly Stable Down	0
DES	RvY_18783-1	2	0	2	0	0	1	0	down	1	Highly Stable	Highly Stable Down	0
DES	RvY_18812-1	2	0	2	0	0	1	0	down	1	Highly Stable	Highly Stable Down	0
DES	RvY_18823-1	2	0	2	0	0	1	0	down	1	Highly Stable	Highly Stable Down	0
DES	RvY_18865-1	2	0	2	0	0	1	0	down	1	Highly Stable	Highly Stable Down	0
DES	RvY_18901-1	2	0	2	0	0	1	0	down	1	Highly Stable	Highly Stable Down	0
DES	RvY_18924	2	0	2	0	0	1	0	down	1	Highly Stable	Highly Stable Down	0
DES	RvY_18968-1	2	0	2	0	0	1	0	down	1	Highly Stable	Highly Stable Down	0
DES	RvY_19009-1	2	0	2	0	0	1	0	down	1	Highly Stable	Highly Stable Down	0
DES	RvY_19023	2	0	2	0	0	1	0	down	1	Highly Stable	Highly Stable Down	0
DES	RvY_19043	2	0	2	0	0	1	0	down	1	Highly Stable	Highly Stable Down	0
DES	RvY_19047-1	2	0	2	0	0	1	0	down	1	Highly Stable	Highly Stable Down	0
DES	RvY_19049-1	2	0	2	0	0	1	0	down	1	Highly Stable	Highly Stable Down	0
DES	RvY_19058-1	2	0	2	0	0	1	0	down	1	Highly Stable	Highly Stable Down	0
DES	RvY_19062-1	2	0	2	0	0	1	0	down	1	Highly Stable	Highly Stable Down	0
DES	RvY_19094-1	2	0	2	0	0	1	0	down	1	Highly Stable	Highly Stable Down	0
DES	RvY_19107-1	2	0	2	0	0	1	0	down	1	Highly Stable	Highly Stable Down	0
DES	RvY_19125-1	2	0	2	0	0	1	0	down	1	Highly Stable	Highly Stable Down	0
DES	RvY_19188-1	2	0	2	0	0	1	0	down	1	Highly Stable	Highly Stable Down	0
DES	RvY_19200-1	2	0	2	0	0	1	0	down	1	Highly Stable	Highly Stable Down	0
DES	RvY_19201-1	2	0	2	0	0	1	0	down	1	Highly Stable	Highly Stable Down	0
DES	RvY_19208-1	2	0	2	0	0	1	0	down	1	Highly Stable	Highly Stable Down	0
DES	RvY_19240	2	0	2	0	0	1	0	down	1	Highly Stable	Highly Stable Down	0
DES	RvY_19255-1	2	0	2	0	0	1	0	down	1	Highly Stable	Highly Stable Down	0
DES	RvY_19256-1	2	0	2	0	0	1	0	down	1	Highly Stable	Highly Stable Down	0
DES	RvY_19258-1	2	0	2	0	0	1	0	down	1	Highly Stable	Highly Stable Down	0
DES	RvY_19282	2	0	2	0	0	1	0	down	1	Highly Stable	Highly Stable Down	0
DES	RvY_19294-1	2	0	2	0	0	1	0	down	1	Highly Stable	Highly Stable Down	0
DES	RvY_19297-1	2	0	2	0	0	1	0	down	1	Highly Stable	Highly Stable Down	0
DES	RvY_19358-1	2	0	2	0	0	1	0	down	1	Highly Stable	Highly Stable Down	0
DES	RvY_19363-1	2	0	2	0	0	1	0	down	1	Highly Stable	Highly Stable Down	0
DES	RvY_19457-1	2	0	2	0	0	1	0	down	1	Highly Stable	Highly Stable Down	0
DES	RvY_19496-0	2	0	2	0	0	1	0	down	1	Highly Stable	Highly Stable Down	0
DES	RvY_19510-1	2	0	2	0	0	1	0	down	1	Highly Stable	Highly Stable Down	0
DES	RvY_19513-1	2	0	2	0	0	1	0	down	1	Highly Stable	Highly Stable Down	0
DES	RvY_19515-1	2	0	2	0	0	1	0	down	1	Highly Stable	Highly Stable Down	0
DES	RvY_19669-1	2	0	2	0	0	1	0	down	1	Highly Stable	Highly Stable Down	0
DES	atp6	2	0	2	0	0	1	0	down	1	Highly Stable	Highly Stable Down	0
DES	atp8	2	0	2	0	0	1	0	down	1	Highly Stable	Highly Stable Down	0
DES	cob	2	0	2	0	0	1	0	down	1	Highly Stable	Highly Stable Down	0
DES	cox1	2	0	2	0	0	1	0	down	1	Highly Stable	Highly Stable Down	0
DES	cox2	2	0	2	0	0	1	0	down	1	Highly Stable	Highly Stable Down	0
DES	cox3	2	0	2	0	0	1	0	down	1	Highly Stable	Highly Stable Down	0
DES	nad1	2	0	2	0	0	1	0	down	1	Highly Stable	Highly Stable Down	0
DES	nad2	2	0	2	0	0	1	0	down	1	Highly Stable	Highly Stable Down	0
DES	nad3	2	0	2	0	0	1	0	down	1	Highly Stable	Highly Stable Down	0
DES	nad4	2	0	2	0	0	1	0	down	1	Highly Stable	Highly Stable Down	0
DES	nad5	2	0	2	0	0	1	0	down	1	Highly Stable	Highly Stable Down	0
DES	nad6	2	0	2	0	0	1	0	down	1	Highly Stable	Highly Stable Down	0
DES	RvY_00026-1	2	2	0	0	1	0	0	up	1	Highly Stable	Highly Stable Up	0
DES	RvY_00060-1	2	2	0	0	1	0	0	up	1	Highly Stable	Highly Stable Up	0
DES	RvY_00063-1	2	2	0	0	1	0	0	up	1	Highly Stable	Highly Stable Up	0
DES	RvY_00096-1	2	2	0	0	1	0	0	up	1	Highly Stable	Highly Stable Up	0
DES	RvY_00102-1	2	2	0	0	1	0	0	up	1	Highly Stable	Highly Stable Up	0
DES	RvY_00147	2	2	0	0	1	0	0	up	1	Highly Stable	Highly Stable Up	0
DES	RvY_00171-1	2	2	0	0	1	0	0	up	1	Highly Stable	Highly Stable Up	0
DES	RvY_00294-1	2	2	0	0	1	0	0	up	1	Highly Stable	Highly Stable Up	0
DES	RvY_00375-1	2	2	0	0	1	0	0	up	1	Highly Stable	Highly Stable Up	0
DES	RvY_00404-1	2	2	0	0	1	0	0	up	1	Highly Stable	Highly Stable Up	0
DES	RvY_00467-1	2	2	0	0	1	0	0	up	1	Highly Stable	Highly Stable Up	0
DES	RvY_00468-1	2	2	0	0	1	0	0	up	1	Highly Stable	Highly Stable Up	0
DES	RvY_00485-1	2	2	0	0	1	0	0	up	1	Highly Stable	Highly Stable Up	0
DES	RvY_00487-1	2	2	0	0	1	0	0	up	1	Highly Stable	Highly Stable Up	0
DES	RvY_00550-1	2	2	0	0	1	0	0	up	1	Highly Stable	Highly Stable Up	0
DES	RvY_00554-1	2	2	0	0	1	0	0	up	1	Highly Stable	Highly Stable Up	0
DES	RvY_00581-1	2	2	0	0	1	0	0	up	1	Highly Stable	Highly Stable Up	0
DES	RvY_00592-1	2	2	0	0	1	0	0	up	1	Highly Stable	Highly Stable Up	0
DES	RvY_00596-1	2	2	0	0	1	0	0	up	1	Highly Stable	Highly Stable Up	0
DES	RvY_00609-1	2	2	0	0	1	0	0	up	1	Highly Stable	Highly Stable Up	0
DES	RvY_00624-1	2	2	0	0	1	0	0	up	1	Highly Stable	Highly Stable Up	0
DES	RvY_00657-1	2	2	0	0	1	0	0	up	1	Highly Stable	Highly Stable Up	0
DES	RvY_00704-1	2	2	0	0	1	0	0	up	1	Highly Stable	Highly Stable Up	0
DES	RvY_00717-1	2	2	0	0	1	0	0	up	1	Highly Stable	Highly Stable Up	0
DES	RvY_00816	2	2	0	0	1	0	0	up	1	Highly Stable	Highly Stable Up	0
DES	RvY_00823	2	2	0	0	1	0	0	up	1	Highly Stable	Highly Stable Up	0
DES	RvY_00835-1	2	2	0	0	1	0	0	up	1	Highly Stable	Highly Stable Up	0
DES	RvY_00840-1	2	2	0	0	1	0	0	up	1	Highly Stable	Highly Stable Up	0
DES	RvY_00926-1	2	2	0	0	1	0	0	up	1	Highly Stable	Highly Stable Up	0
DES	RvY_00977-1	2	2	0	0	1	0	0	up	1	Highly Stable	Highly Stable Up	0
DES	RvY_00997-1	2	2	0	0	1	0	0	up	1	Highly Stable	Highly Stable Up	0
DES	RvY_01001-1	2	2	0	0	1	0	0	up	1	Highly Stable	Highly Stable Up	0
DES	RvY_01049-1	2	2	0	0	1	0	0	up	1	Highly Stable	Highly Stable Up	0
DES	RvY_01051	2	2	0	0	1	0	0	up	1	Highly Stable	Highly Stable Up	0
DES	RvY_01055-2	2	2	0	0	1	0	0	up	1	Highly Stable	Highly Stable Up	0
DES	RvY_01086-1	2	2	0	0	1	0	0	up	1	Highly Stable	Highly Stable Up	0
DES	RvY_01130-1	2	2	0	0	1	0	0	up	1	Highly Stable	Highly Stable Up	0
DES	RvY_01155-1	2	2	0	0	1	0	0	up	1	Highly Stable	Highly Stable Up	0
DES	RvY_01197-1	2	2	0	0	1	0	0	up	1	Highly Stable	Highly Stable Up	0
DES	RvY_01201-1	2	2	0	0	1	0	0	up	1	Highly Stable	Highly Stable Up	0
DES	RvY_01207-1	2	2	0	0	1	0	0	up	1	Highly Stable	Highly Stable Up	0
DES	RvY_01258	2	2	0	0	1	0	0	up	1	Highly Stable	Highly Stable Up	0
DES	RvY_01260	2	2	0	0	1	0	0	up	1	Highly Stable	Highly Stable Up	0
DES	RvY_01275-1	2	2	0	0	1	0	0	up	1	Highly Stable	Highly Stable Up	0
DES	RvY_01277	2	2	0	0	1	0	0	up	1	Highly Stable	Highly Stable Up	0
DES	RvY_01288	2	2	0	0	1	0	0	up	1	Highly Stable	Highly Stable Up	0
DES	RvY_01298	2	2	0	0	1	0	0	up	1	Highly Stable	Highly Stable Up	0
DES	RvY_01302	2	2	0	0	1	0	0	up	1	Highly Stable	Highly Stable Up	0
DES	RvY_01312-1	2	2	0	0	1	0	0	up	1	Highly Stable	Highly Stable Up	0
DES	RvY_01324-1	2	2	0	0	1	0	0	up	1	Highly Stable	Highly Stable Up	0
DES	RvY_01348-1	2	2	0	0	1	0	0	up	1	Highly Stable	Highly Stable Up	0
DES	RvY_01367-1	2	2	0	0	1	0	0	up	1	Highly Stable	Highly Stable Up	0
DES	RvY_01388-1	2	2	0	0	1	0	0	up	1	Highly Stable	Highly Stable Up	0
DES	RvY_01401-1	2	2	0	0	1	0	0	up	1	Highly Stable	Highly Stable Up	0
DES	RvY_01425-1	2	2	0	0	1	0	0	up	1	Highly Stable	Highly Stable Up	0
DES	RvY_01430-1	2	2	0	0	1	0	0	up	1	Highly Stable	Highly Stable Up	0
DES	RvY_01437-1	2	2	0	0	1	0	0	up	1	Highly Stable	Highly Stable Up	0
DES	RvY_01463-1	2	2	0	0	1	0	0	up	1	Highly Stable	Highly Stable Up	0
DES	RvY_01468-1	2	2	0	0	1	0	0	up	1	Highly Stable	Highly Stable Up	0
DES	RvY_01492-1	2	2	0	0	1	0	0	up	1	Highly Stable	Highly Stable Up	0
DES	RvY_01529-1	2	2	0	0	1	0	0	up	1	Highly Stable	Highly Stable Up	0
DES	RvY_01565-1	2	2	0	0	1	0	0	up	1	Highly Stable	Highly Stable Up	0
DES	RvY_01667-1	2	2	0	0	1	0	0	up	1	Highly Stable	Highly Stable Up	0
DES	RvY_01668-1	2	2	0	0	1	0	0	up	1	Highly Stable	Highly Stable Up	0
DES	RvY_01724	2	2	0	0	1	0	0	up	1	Highly Stable	Highly Stable Up	0
DES	RvY_01965-1	2	2	0	0	1	0	0	up	1	Highly Stable	Highly Stable Up	0
DES	RvY_01984-1	2	2	0	0	1	0	0	up	1	Highly Stable	Highly Stable Up	0
DES	RvY_02050-1	2	2	0	0	1	0	0	up	1	Highly Stable	Highly Stable Up	0
DES	RvY_02068-1	2	2	0	0	1	0	0	up	1	Highly Stable	Highly Stable Up	0
DES	RvY_02091	2	2	0	0	1	0	0	up	1	Highly Stable	Highly Stable Up	0
DES	RvY_02092-1	2	2	0	0	1	0	0	up	1	Highly Stable	Highly Stable Up	0
DES	RvY_02123-1	2	2	0	0	1	0	0	up	1	Highly Stable	Highly Stable Up	0
DES	RvY_02124-1	2	2	0	0	1	0	0	up	1	Highly Stable	Highly Stable Up	0
DES	RvY_02147-1	2	2	0	0	1	0	0	up	1	Highly Stable	Highly Stable Up	0
DES	RvY_02155-1	2	2	0	0	1	0	0	up	1	Highly Stable	Highly Stable Up	0
DES	RvY_02380-1	2	2	0	0	1	0	0	up	1	Highly Stable	Highly Stable Up	0
DES	RvY_02405-1	2	2	0	0	1	0	0	up	1	Highly Stable	Highly Stable Up	0
DES	RvY_02442-1	2	2	0	0	1	0	0	up	1	Highly Stable	Highly Stable Up	0
DES	RvY_02484-1	2	2	0	0	1	0	0	up	1	Highly Stable	Highly Stable Up	0
DES	RvY_02491-1	2	2	0	0	1	0	0	up	1	Highly Stable	Highly Stable Up	0
DES	RvY_02494	2	2	0	0	1	0	0	up	1	Highly Stable	Highly Stable Up	0
DES	RvY_02499-1	2	2	0	0	1	0	0	up	1	Highly Stable	Highly Stable Up	0
DES	RvY_02552-1	2	2	0	0	1	0	0	up	1	Highly Stable	Highly Stable Up	0
DES	RvY_02613-1	2	2	0	0	1	0	0	up	1	Highly Stable	Highly Stable Up	0
DES	RvY_02643	2	2	0	0	1	0	0	up	1	Highly Stable	Highly Stable Up	0
DES	RvY_02649-1	2	2	0	0	1	0	0	up	1	Highly Stable	Highly Stable Up	0
DES	RvY_02653-1	2	2	0	0	1	0	0	up	1	Highly Stable	Highly Stable Up	0
DES	RvY_02711-1	2	2	0	0	1	0	0	up	1	Highly Stable	Highly Stable Up	0
DES	RvY_02774-1	2	2	0	0	1	0	0	up	1	Highly Stable	Highly Stable Up	0
DES	RvY_02904-1	2	2	0	0	1	0	0	up	1	Highly Stable	Highly Stable Up	0
DES	RvY_02936-1	2	2	0	0	1	0	0	up	1	Highly Stable	Highly Stable Up	0
DES	RvY_02939	2	2	0	0	1	0	0	up	1	Highly Stable	Highly Stable Up	0
DES	RvY_02981-1	2	2	0	0	1	0	0	up	1	Highly Stable	Highly Stable Up	0
DES	RvY_02982	2	2	0	0	1	0	0	up	1	Highly Stable	Highly Stable Up	0
DES	RvY_03023-1	2	2	0	0	1	0	0	up	1	Highly Stable	Highly Stable Up	0
DES	RvY_03024-1	2	2	0	0	1	0	0	up	1	Highly Stable	Highly Stable Up	0
DES	RvY_03171-1	2	2	0	0	1	0	0	up	1	Highly Stable	Highly Stable Up	0
DES	RvY_03190-1	2	2	0	0	1	0	0	up	1	Highly Stable	Highly Stable Up	0
DES	RvY_03283-1	2	2	0	0	1	0	0	up	1	Highly Stable	Highly Stable Up	0
DES	RvY_03353	2	2	0	0	1	0	0	up	1	Highly Stable	Highly Stable Up	0
DES	RvY_03385	2	2	0	0	1	0	0	up	1	Highly Stable	Highly Stable Up	0
DES	RvY_03419-1	2	2	0	0	1	0	0	up	1	Highly Stable	Highly Stable Up	0
DES	RvY_03516-1	2	2	0	0	1	0	0	up	1	Highly Stable	Highly Stable Up	0
DES	RvY_03520	2	2	0	0	1	0	0	up	1	Highly Stable	Highly Stable Up	0
DES	RvY_03521-1	2	2	0	0	1	0	0	up	1	Highly Stable	Highly Stable Up	0
DES	RvY_03529-1	2	2	0	0	1	0	0	up	1	Highly Stable	Highly Stable Up	0
DES	RvY_03558-1	2	2	0	0	1	0	0	up	1	Highly Stable	Highly Stable Up	0
DES	RvY_03662-1	2	2	0	0	1	0	0	up	1	Highly Stable	Highly Stable Up	0
DES	RvY_03682	2	2	0	0	1	0	0	up	1	Highly Stable	Highly Stable Up	0
DES	RvY_03683-1	2	2	0	0	1	0	0	up	1	Highly Stable	Highly Stable Up	0
DES	RvY_03703-1	2	2	0	0	1	0	0	up	1	Highly Stable	Highly Stable Up	0
DES	RvY_03704	2	2	0	0	1	0	0	up	1	Highly Stable	Highly Stable Up	0
DES	RvY_03709	2	2	0	0	1	0	0	up	1	Highly Stable	Highly Stable Up	0
DES	RvY_03716	2	2	0	0	1	0	0	up	1	Highly Stable	Highly Stable Up	0
DES	RvY_03734	2	2	0	0	1	0	0	up	1	Highly Stable	Highly Stable Up	0
DES	RvY_03742-1	2	2	0	0	1	0	0	up	1	Highly Stable	Highly Stable Up	0
DES	RvY_03743-1	2	2	0	0	1	0	0	up	1	Highly Stable	Highly Stable Up	0
DES	RvY_03745-1	2	2	0	0	1	0	0	up	1	Highly Stable	Highly Stable Up	0
DES	RvY_03780-1	2	2	0	0	1	0	0	up	1	Highly Stable	Highly Stable Up	0
DES	RvY_03820	2	2	0	0	1	0	0	up	1	Highly Stable	Highly Stable Up	0
DES	RvY_03827	2	2	0	0	1	0	0	up	1	Highly Stable	Highly Stable Up	0
DES	RvY_03897-1	2	2	0	0	1	0	0	up	1	Highly Stable	Highly Stable Up	0
DES	RvY_03907	2	2	0	0	1	0	0	up	1	Highly Stable	Highly Stable Up	0
DES	RvY_03908-1	2	2	0	0	1	0	0	up	1	Highly Stable	Highly Stable Up	0
DES	RvY_03919-1	2	2	0	0	1	0	0	up	1	Highly Stable	Highly Stable Up	0
DES	RvY_03920-1	2	2	0	0	1	0	0	up	1	Highly Stable	Highly Stable Up	0
DES	RvY_03921-1	2	2	0	0	1	0	0	up	1	Highly Stable	Highly Stable Up	0
DES	RvY_03924-1	2	2	0	0	1	0	0	up	1	Highly Stable	Highly Stable Up	0
DES	RvY_03987	2	2	0	0	1	0	0	up	1	Highly Stable	Highly Stable Up	0
DES	RvY_03989-1	2	2	0	0	1	0	0	up	1	Highly Stable	Highly Stable Up	0
DES	RvY_04013	2	2	0	0	1	0	0	up	1	Highly Stable	Highly Stable Up	0
DES	RvY_04080	2	2	0	0	1	0	0	up	1	Highly Stable	Highly Stable Up	0
DES	RvY_04081-1	2	2	0	0	1	0	0	up	1	Highly Stable	Highly Stable Up	0
DES	RvY_04091-1	2	2	0	0	1	0	0	up	1	Highly Stable	Highly Stable Up	0
DES	RvY_04157-1	2	2	0	0	1	0	0	up	1	Highly Stable	Highly Stable Up	0
DES	RvY_04235-1	2	2	0	0	1	0	0	up	1	Highly Stable	Highly Stable Up	0
DES	RvY_04241-1	2	2	0	0	1	0	0	up	1	Highly Stable	Highly Stable Up	0
DES	RvY_04294-1	2	2	0	0	1	0	0	up	1	Highly Stable	Highly Stable Up	0
DES	RvY_04360	2	2	0	0	1	0	0	up	1	Highly Stable	Highly Stable Up	0
DES	RvY_04379-1	2	2	0	0	1	0	0	up	1	Highly Stable	Highly Stable Up	0
DES	RvY_04414-1	2	2	0	0	1	0	0	up	1	Highly Stable	Highly Stable Up	0
DES	RvY_04452-1	2	2	0	0	1	0	0	up	1	Highly Stable	Highly Stable Up	0
DES	RvY_04497-1	2	2	0	0	1	0	0	up	1	Highly Stable	Highly Stable Up	0
DES	RvY_04524-1	2	2	0	0	1	0	0	up	1	Highly Stable	Highly Stable Up	0
DES	RvY_04544-1	2	2	0	0	1	0	0	up	1	Highly Stable	Highly Stable Up	0
DES	RvY_04557	2	2	0	0	1	0	0	up	1	Highly Stable	Highly Stable Up	0
DES	RvY_04560-1	2	2	0	0	1	0	0	up	1	Highly Stable	Highly Stable Up	0
DES	RvY_04620	2	2	0	0	1	0	0	up	1	Highly Stable	Highly Stable Up	0
DES	RvY_04632	2	2	0	0	1	0	0	up	1	Highly Stable	Highly Stable Up	0
DES	RvY_04649	2	2	0	0	1	0	0	up	1	Highly Stable	Highly Stable Up	0
DES	RvY_04726-1	2	2	0	0	1	0	0	up	1	Highly Stable	Highly Stable Up	0
DES	RvY_04762-1	2	2	0	0	1	0	0	up	1	Highly Stable	Highly Stable Up	0
DES	RvY_04785-1	2	2	0	0	1	0	0	up	1	Highly Stable	Highly Stable Up	0
DES	RvY_04820-1	2	2	0	0	1	0	0	up	1	Highly Stable	Highly Stable Up	0
DES	RvY_04843-1	2	2	0	0	1	0	0	up	1	Highly Stable	Highly Stable Up	0
DES	RvY_04853-1	2	2	0	0	1	0	0	up	1	Highly Stable	Highly Stable Up	0
DES	RvY_04859-1	2	2	0	0	1	0	0	up	1	Highly Stable	Highly Stable Up	0
DES	RvY_04868-1	2	2	0	0	1	0	0	up	1	Highly Stable	Highly Stable Up	0
DES	RvY_04872-1	2	2	0	0	1	0	0	up	1	Highly Stable	Highly Stable Up	0
DES	RvY_04931	2	2	0	0	1	0	0	up	1	Highly Stable	Highly Stable Up	0
DES	RvY_04938-1	2	2	0	0	1	0	0	up	1	Highly Stable	Highly Stable Up	0
DES	RvY_04942-1	2	2	0	0	1	0	0	up	1	Highly Stable	Highly Stable Up	0
DES	RvY_05000-1	2	2	0	0	1	0	0	up	1	Highly Stable	Highly Stable Up	0
DES	RvY_05055-1	2	2	0	0	1	0	0	up	1	Highly Stable	Highly Stable Up	0
DES	RvY_05056-1	2	2	0	0	1	0	0	up	1	Highly Stable	Highly Stable Up	0
DES	RvY_05058-1	2	2	0	0	1	0	0	up	1	Highly Stable	Highly Stable Up	0
DES	RvY_05091-1	2	2	0	0	1	0	0	up	1	Highly Stable	Highly Stable Up	0
DES	RvY_05093-1	2	2	0	0	1	0	0	up	1	Highly Stable	Highly Stable Up	0
DES	RvY_05095-1	2	2	0	0	1	0	0	up	1	Highly Stable	Highly Stable Up	0
DES	RvY_05171-1	2	2	0	0	1	0	0	up	1	Highly Stable	Highly Stable Up	0
DES	RvY_05177-1	2	2	0	0	1	0	0	up	1	Highly Stable	Highly Stable Up	0
DES	RvY_05275	2	2	0	0	1	0	0	up	1	Highly Stable	Highly Stable Up	0
DES	RvY_05312-1	2	2	0	0	1	0	0	up	1	Highly Stable	Highly Stable Up	0
DES	RvY_05316-1	2	2	0	0	1	0	0	up	1	Highly Stable	Highly Stable Up	0
DES	RvY_05338-1	2	2	0	0	1	0	0	up	1	Highly Stable	Highly Stable Up	0
DES	RvY_05359-1	2	2	0	0	1	0	0	up	1	Highly Stable	Highly Stable Up	0
DES	RvY_05369-1	2	2	0	0	1	0	0	up	1	Highly Stable	Highly Stable Up	0
DES	RvY_05393-1	2	2	0	0	1	0	0	up	1	Highly Stable	Highly Stable Up	0
DES	RvY_05418-1	2	2	0	0	1	0	0	up	1	Highly Stable	Highly Stable Up	0
DES	RvY_05438-1	2	2	0	0	1	0	0	up	1	Highly Stable	Highly Stable Up	0
DES	RvY_05439-1	2	2	0	0	1	0	0	up	1	Highly Stable	Highly Stable Up	0
DES	RvY_05450-1	2	2	0	0	1	0	0	up	1	Highly Stable	Highly Stable Up	0
DES	RvY_05502-1	2	2	0	0	1	0	0	up	1	Highly Stable	Highly Stable Up	0
DES	RvY_05540	2	2	0	0	1	0	0	up	1	Highly Stable	Highly Stable Up	0
DES	RvY_05556-1	2	2	0	0	1	0	0	up	1	Highly Stable	Highly Stable Up	0
DES	RvY_05586-1	2	2	0	0	1	0	0	up	1	Highly Stable	Highly Stable Up	0
DES	RvY_05631-1	2	2	0	0	1	0	0	up	1	Highly Stable	Highly Stable Up	0
DES	RvY_05635-1	2	2	0	0	1	0	0	up	1	Highly Stable	Highly Stable Up	0
DES	RvY_05641-1	2	2	0	0	1	0	0	up	1	Highly Stable	Highly Stable Up	0
DES	RvY_05674-1	2	2	0	0	1	0	0	up	1	Highly Stable	Highly Stable Up	0
DES	RvY_05717	2	2	0	0	1	0	0	up	1	Highly Stable	Highly Stable Up	0
DES	RvY_05731-1	2	2	0	0	1	0	0	up	1	Highly Stable	Highly Stable Up	0
DES	RvY_05771-1	2	2	0	0	1	0	0	up	1	Highly Stable	Highly Stable Up	0
DES	RvY_05778-1	2	2	0	0	1	0	0	up	1	Highly Stable	Highly Stable Up	0
DES	RvY_05780-1	2	2	0	0	1	0	0	up	1	Highly Stable	Highly Stable Up	0
DES	RvY_05781-1	2	2	0	0	1	0	0	up	1	Highly Stable	Highly Stable Up	0
DES	RvY_05782	2	2	0	0	1	0	0	up	1	Highly Stable	Highly Stable Up	0
DES	RvY_05821-1	2	2	0	0	1	0	0	up	1	Highly Stable	Highly Stable Up	0
DES	RvY_05865-1	2	2	0	0	1	0	0	up	1	Highly Stable	Highly Stable Up	0
DES	RvY_05874-1	2	2	0	0	1	0	0	up	1	Highly Stable	Highly Stable Up	0
DES	RvY_05890-1	2	2	0	0	1	0	0	up	1	Highly Stable	Highly Stable Up	0
DES	RvY_05929-1	2	2	0	0	1	0	0	up	1	Highly Stable	Highly Stable Up	0
DES	RvY_05981	2	2	0	0	1	0	0	up	1	Highly Stable	Highly Stable Up	0
DES	RvY_05982-1	2	2	0	0	1	0	0	up	1	Highly Stable	Highly Stable Up	0
DES	RvY_05983-1	2	2	0	0	1	0	0	up	1	Highly Stable	Highly Stable Up	0
DES	RvY_06051-1	2	2	0	0	1	0	0	up	1	Highly Stable	Highly Stable Up	0
DES	RvY_06054-1	2	2	0	0	1	0	0	up	1	Highly Stable	Highly Stable Up	0
DES	RvY_06061-1	2	2	0	0	1	0	0	up	1	Highly Stable	Highly Stable Up	0
DES	RvY_06066-1	2	2	0	0	1	0	0	up	1	Highly Stable	Highly Stable Up	0
DES	RvY_06101-1	2	2	0	0	1	0	0	up	1	Highly Stable	Highly Stable Up	0
DES	RvY_06141-1	2	2	0	0	1	0	0	up	1	Highly Stable	Highly Stable Up	0
DES	RvY_06142-1	2	2	0	0	1	0	0	up	1	Highly Stable	Highly Stable Up	0
DES	RvY_06151-1	2	2	0	0	1	0	0	up	1	Highly Stable	Highly Stable Up	0
DES	RvY_06193-1	2	2	0	0	1	0	0	up	1	Highly Stable	Highly Stable Up	0
DES	RvY_06211	2	2	0	0	1	0	0	up	1	Highly Stable	Highly Stable Up	0
DES	RvY_06305-1	2	2	0	0	1	0	0	up	1	Highly Stable	Highly Stable Up	0
DES	RvY_06328-1	2	2	0	0	1	0	0	up	1	Highly Stable	Highly Stable Up	0
DES	RvY_06329-1	2	2	0	0	1	0	0	up	1	Highly Stable	Highly Stable Up	0
DES	RvY_06342	2	2	0	0	1	0	0	up	1	Highly Stable	Highly Stable Up	0
DES	RvY_06343-1	2	2	0	0	1	0	0	up	1	Highly Stable	Highly Stable Up	0
DES	RvY_06491-1	2	2	0	0	1	0	0	up	1	Highly Stable	Highly Stable Up	0
DES	RvY_06507	2	2	0	0	1	0	0	up	1	Highly Stable	Highly Stable Up	0
DES	RvY_06508	2	2	0	0	1	0	0	up	1	Highly Stable	Highly Stable Up	0
DES	RvY_06513-1	2	2	0	0	1	0	0	up	1	Highly Stable	Highly Stable Up	0
DES	RvY_06543-1	2	2	0	0	1	0	0	up	1	Highly Stable	Highly Stable Up	0
DES	RvY_06566-1	2	2	0	0	1	0	0	up	1	Highly Stable	Highly Stable Up	0
DES	RvY_06589-1	2	2	0	0	1	0	0	up	1	Highly Stable	Highly Stable Up	0
DES	RvY_06591-1	2	2	0	0	1	0	0	up	1	Highly Stable	Highly Stable Up	0
DES	RvY_06622	2	2	0	0	1	0	0	up	1	Highly Stable	Highly Stable Up	0
DES	RvY_06643	2	2	0	0	1	0	0	up	1	Highly Stable	Highly Stable Up	0
DES	RvY_06714-1	2	2	0	0	1	0	0	up	1	Highly Stable	Highly Stable Up	0
DES	RvY_06728-1	2	2	0	0	1	0	0	up	1	Highly Stable	Highly Stable Up	0
DES	RvY_06764-1	2	2	0	0	1	0	0	up	1	Highly Stable	Highly Stable Up	0
DES	RvY_06801-1	2	2	0	0	1	0	0	up	1	Highly Stable	Highly Stable Up	0
DES	RvY_06824-1	2	2	0	0	1	0	0	up	1	Highly Stable	Highly Stable Up	0
DES	RvY_06826-1	2	2	0	0	1	0	0	up	1	Highly Stable	Highly Stable Up	0
DES	RvY_06860	2	2	0	0	1	0	0	up	1	Highly Stable	Highly Stable Up	0
DES	RvY_06949	2	2	0	0	1	0	0	up	1	Highly Stable	Highly Stable Up	0
DES	RvY_07002	2	2	0	0	1	0	0	up	1	Highly Stable	Highly Stable Up	0
DES	RvY_07016-1	2	2	0	0	1	0	0	up	1	Highly Stable	Highly Stable Up	0
DES	RvY_07077-1	2	2	0	0	1	0	0	up	1	Highly Stable	Highly Stable Up	0
DES	RvY_07080-1	2	2	0	0	1	0	0	up	1	Highly Stable	Highly Stable Up	0
DES	RvY_07090-1	2	2	0	0	1	0	0	up	1	Highly Stable	Highly Stable Up	0
DES	RvY_07153-1	2	2	0	0	1	0	0	up	1	Highly Stable	Highly Stable Up	0
DES	RvY_07171-1	2	2	0	0	1	0	0	up	1	Highly Stable	Highly Stable Up	0
DES	RvY_07224-1	2	2	0	0	1	0	0	up	1	Highly Stable	Highly Stable Up	0
DES	RvY_07273-1	2	2	0	0	1	0	0	up	1	Highly Stable	Highly Stable Up	0
DES	RvY_07275-1	2	2	0	0	1	0	0	up	1	Highly Stable	Highly Stable Up	0
DES	RvY_07276-1	2	2	0	0	1	0	0	up	1	Highly Stable	Highly Stable Up	0
DES	RvY_07280-1	2	2	0	0	1	0	0	up	1	Highly Stable	Highly Stable Up	0
DES	RvY_07295-1	2	2	0	0	1	0	0	up	1	Highly Stable	Highly Stable Up	0
DES	RvY_07325-1	2	2	0	0	1	0	0	up	1	Highly Stable	Highly Stable Up	0
DES	RvY_07327	2	2	0	0	1	0	0	up	1	Highly Stable	Highly Stable Up	0
DES	RvY_07348-1	2	2	0	0	1	0	0	up	1	Highly Stable	Highly Stable Up	0
DES	RvY_07349	2	2	0	0	1	0	0	up	1	Highly Stable	Highly Stable Up	0
DES	RvY_07360	2	2	0	0	1	0	0	up	1	Highly Stable	Highly Stable Up	0
DES	RvY_07362-1	2	2	0	0	1	0	0	up	1	Highly Stable	Highly Stable Up	0
DES	RvY_07372	2	2	0	0	1	0	0	up	1	Highly Stable	Highly Stable Up	0
DES	RvY_07379	2	2	0	0	1	0	0	up	1	Highly Stable	Highly Stable Up	0
DES	RvY_07404-1	2	2	0	0	1	0	0	up	1	Highly Stable	Highly Stable Up	0
DES	RvY_07405-1	2	2	0	0	1	0	0	up	1	Highly Stable	Highly Stable Up	0
DES	RvY_07421-1	2	2	0	0	1	0	0	up	1	Highly Stable	Highly Stable Up	0
DES	RvY_07423-1	2	2	0	0	1	0	0	up	1	Highly Stable	Highly Stable Up	0
DES	RvY_07501-1	2	2	0	0	1	0	0	up	1	Highly Stable	Highly Stable Up	0
DES	RvY_07603-1	2	2	0	0	1	0	0	up	1	Highly Stable	Highly Stable Up	0
DES	RvY_07619-1	2	2	0	0	1	0	0	up	1	Highly Stable	Highly Stable Up	0
DES	RvY_07627-1	2	2	0	0	1	0	0	up	1	Highly Stable	Highly Stable Up	0
DES	RvY_07660-1	2	2	0	0	1	0	0	up	1	Highly Stable	Highly Stable Up	0
DES	RvY_07667-1	2	2	0	0	1	0	0	up	1	Highly Stable	Highly Stable Up	0
DES	RvY_07670-1	2	2	0	0	1	0	0	up	1	Highly Stable	Highly Stable Up	0
DES	RvY_07701-1	2	2	0	0	1	0	0	up	1	Highly Stable	Highly Stable Up	0
DES	RvY_07739-1	2	2	0	0	1	0	0	up	1	Highly Stable	Highly Stable Up	0
DES	RvY_07758-1	2	2	0	0	1	0	0	up	1	Highly Stable	Highly Stable Up	0
DES	RvY_07759-1	2	2	0	0	1	0	0	up	1	Highly Stable	Highly Stable Up	0
DES	RvY_07780-1	2	2	0	0	1	0	0	up	1	Highly Stable	Highly Stable Up	0
DES	RvY_07788-1	2	2	0	0	1	0	0	up	1	Highly Stable	Highly Stable Up	0
DES	RvY_07789-1	2	2	0	0	1	0	0	up	1	Highly Stable	Highly Stable Up	0
DES	RvY_07794-1	2	2	0	0	1	0	0	up	1	Highly Stable	Highly Stable Up	0
DES	RvY_07795-1	2	2	0	0	1	0	0	up	1	Highly Stable	Highly Stable Up	0
DES	RvY_07796-1	2	2	0	0	1	0	0	up	1	Highly Stable	Highly Stable Up	0
DES	RvY_07835-1	2	2	0	0	1	0	0	up	1	Highly Stable	Highly Stable Up	0
DES	RvY_07842-1	2	2	0	0	1	0	0	up	1	Highly Stable	Highly Stable Up	0
DES	RvY_07849	2	2	0	0	1	0	0	up	1	Highly Stable	Highly Stable Up	0
DES	RvY_07851-1	2	2	0	0	1	0	0	up	1	Highly Stable	Highly Stable Up	0
DES	RvY_07898-1	2	2	0	0	1	0	0	up	1	Highly Stable	Highly Stable Up	0
DES	RvY_07948-1	2	2	0	0	1	0	0	up	1	Highly Stable	Highly Stable Up	0
DES	RvY_07970-1	2	2	0	0	1	0	0	up	1	Highly Stable	Highly Stable Up	0
DES	RvY_08007-1	2	2	0	0	1	0	0	up	1	Highly Stable	Highly Stable Up	0
DES	RvY_08017-1	2	2	0	0	1	0	0	up	1	Highly Stable	Highly Stable Up	0
DES	RvY_08076-1	2	2	0	0	1	0	0	up	1	Highly Stable	Highly Stable Up	0
DES	RvY_08109-1	2	2	0	0	1	0	0	up	1	Highly Stable	Highly Stable Up	0
DES	RvY_08123	2	2	0	0	1	0	0	up	1	Highly Stable	Highly Stable Up	0
DES	RvY_08132-1	2	2	0	0	1	0	0	up	1	Highly Stable	Highly Stable Up	0
DES	RvY_08240-1	2	2	0	0	1	0	0	up	1	Highly Stable	Highly Stable Up	0
DES	RvY_08251-1	2	2	0	0	1	0	0	up	1	Highly Stable	Highly Stable Up	0
DES	RvY_08257-1	2	2	0	0	1	0	0	up	1	Highly Stable	Highly Stable Up	0
DES	RvY_08294-1	2	2	0	0	1	0	0	up	1	Highly Stable	Highly Stable Up	0
DES	RvY_08369-1	2	2	0	0	1	0	0	up	1	Highly Stable	Highly Stable Up	0
DES	RvY_08372-1	2	2	0	0	1	0	0	up	1	Highly Stable	Highly Stable Up	0
DES	RvY_08390-1	2	2	0	0	1	0	0	up	1	Highly Stable	Highly Stable Up	0
DES	RvY_08411-1	2	2	0	0	1	0	0	up	1	Highly Stable	Highly Stable Up	0
DES	RvY_08431-1	2	2	0	0	1	0	0	up	1	Highly Stable	Highly Stable Up	0
DES	RvY_08469-1	2	2	0	0	1	0	0	up	1	Highly Stable	Highly Stable Up	0
DES	RvY_08576	2	2	0	0	1	0	0	up	1	Highly Stable	Highly Stable Up	0
DES	RvY_08595-1	2	2	0	0	1	0	0	up	1	Highly Stable	Highly Stable Up	0
DES	RvY_08639-1	2	2	0	0	1	0	0	up	1	Highly Stable	Highly Stable Up	0
DES	RvY_08657-1	2	2	0	0	1	0	0	up	1	Highly Stable	Highly Stable Up	0
DES	RvY_08698-1	2	2	0	0	1	0	0	up	1	Highly Stable	Highly Stable Up	0
DES	RvY_08734-1	2	2	0	0	1	0	0	up	1	Highly Stable	Highly Stable Up	0
DES	RvY_08756-1	2	2	0	0	1	0	0	up	1	Highly Stable	Highly Stable Up	0
DES	RvY_08779	2	2	0	0	1	0	0	up	1	Highly Stable	Highly Stable Up	0
DES	RvY_08804-1	2	2	0	0	1	0	0	up	1	Highly Stable	Highly Stable Up	0
DES	RvY_08888-1	2	2	0	0	1	0	0	up	1	Highly Stable	Highly Stable Up	0
DES	RvY_08907-1	2	2	0	0	1	0	0	up	1	Highly Stable	Highly Stable Up	0
DES	RvY_08910	2	2	0	0	1	0	0	up	1	Highly Stable	Highly Stable Up	0
DES	RvY_08934	2	2	0	0	1	0	0	up	1	Highly Stable	Highly Stable Up	0
DES	RvY_08951-1	2	2	0	0	1	0	0	up	1	Highly Stable	Highly Stable Up	0
DES	RvY_08984	2	2	0	0	1	0	0	up	1	Highly Stable	Highly Stable Up	0
DES	RvY_08985	2	2	0	0	1	0	0	up	1	Highly Stable	Highly Stable Up	0
DES	RvY_09002-1	2	2	0	0	1	0	0	up	1	Highly Stable	Highly Stable Up	0
DES	RvY_09004-1	2	2	0	0	1	0	0	up	1	Highly Stable	Highly Stable Up	0
DES	RvY_09013-1	2	2	0	0	1	0	0	up	1	Highly Stable	Highly Stable Up	0
DES	RvY_09023	2	2	0	0	1	0	0	up	1	Highly Stable	Highly Stable Up	0
DES	RvY_09045-1	2	2	0	0	1	0	0	up	1	Highly Stable	Highly Stable Up	0
DES	RvY_09072-1	2	2	0	0	1	0	0	up	1	Highly Stable	Highly Stable Up	0
DES	RvY_09093-1	2	2	0	0	1	0	0	up	1	Highly Stable	Highly Stable Up	0
DES	RvY_09101-1	2	2	0	0	1	0	0	up	1	Highly Stable	Highly Stable Up	0
DES	RvY_09114-1	2	2	0	0	1	0	0	up	1	Highly Stable	Highly Stable Up	0
DES	RvY_09205-1	2	2	0	0	1	0	0	up	1	Highly Stable	Highly Stable Up	0
DES	RvY_09225-1	2	2	0	0	1	0	0	up	1	Highly Stable	Highly Stable Up	0
DES	RvY_09250-1	2	2	0	0	1	0	0	up	1	Highly Stable	Highly Stable Up	0
DES	RvY_09257-1	2	2	0	0	1	0	0	up	1	Highly Stable	Highly Stable Up	0
DES	RvY_09264-1	2	2	0	0	1	0	0	up	1	Highly Stable	Highly Stable Up	0
DES	RvY_09301-1	2	2	0	0	1	0	0	up	1	Highly Stable	Highly Stable Up	0
DES	RvY_09333-1	2	2	0	0	1	0	0	up	1	Highly Stable	Highly Stable Up	0
DES	RvY_09335-1	2	2	0	0	1	0	0	up	1	Highly Stable	Highly Stable Up	0
DES	RvY_09339-1	2	2	0	0	1	0	0	up	1	Highly Stable	Highly Stable Up	0
DES	RvY_09368-1	2	2	0	0	1	0	0	up	1	Highly Stable	Highly Stable Up	0
DES	RvY_09403-1	2	2	0	0	1	0	0	up	1	Highly Stable	Highly Stable Up	0
DES	RvY_09414-1	2	2	0	0	1	0	0	up	1	Highly Stable	Highly Stable Up	0
DES	RvY_09415-1	2	2	0	0	1	0	0	up	1	Highly Stable	Highly Stable Up	0
DES	RvY_09433	2	2	0	0	1	0	0	up	1	Highly Stable	Highly Stable Up	0
DES	RvY_09452	2	2	0	0	1	0	0	up	1	Highly Stable	Highly Stable Up	0
DES	RvY_09465-3	2	2	0	0	1	0	0	up	1	Highly Stable	Highly Stable Up	0
DES	RvY_09473-1	2	2	0	0	1	0	0	up	1	Highly Stable	Highly Stable Up	0
DES	RvY_09493-1	2	2	0	0	1	0	0	up	1	Highly Stable	Highly Stable Up	0
DES	RvY_09566-1	2	2	0	0	1	0	0	up	1	Highly Stable	Highly Stable Up	0
DES	RvY_09578-1	2	2	0	0	1	0	0	up	1	Highly Stable	Highly Stable Up	0
DES	RvY_09580-1	2	2	0	0	1	0	0	up	1	Highly Stable	Highly Stable Up	0
DES	RvY_09588-1	2	2	0	0	1	0	0	up	1	Highly Stable	Highly Stable Up	0
DES	RvY_09616-1	2	2	0	0	1	0	0	up	1	Highly Stable	Highly Stable Up	0
DES	RvY_09625-1	2	2	0	0	1	0	0	up	1	Highly Stable	Highly Stable Up	0
DES	RvY_09630-1	2	2	0	0	1	0	0	up	1	Highly Stable	Highly Stable Up	0
DES	RvY_09631-1	2	2	0	0	1	0	0	up	1	Highly Stable	Highly Stable Up	0
DES	RvY_09634-1	2	2	0	0	1	0	0	up	1	Highly Stable	Highly Stable Up	0
DES	RvY_09661-1	2	2	0	0	1	0	0	up	1	Highly Stable	Highly Stable Up	0
DES	RvY_09678-1	2	2	0	0	1	0	0	up	1	Highly Stable	Highly Stable Up	0
DES	RvY_09720-1	2	2	0	0	1	0	0	up	1	Highly Stable	Highly Stable Up	0
DES	RvY_09730	2	2	0	0	1	0	0	up	1	Highly Stable	Highly Stable Up	0
DES	RvY_09738-1	2	2	0	0	1	0	0	up	1	Highly Stable	Highly Stable Up	0
DES	RvY_09768-1	2	2	0	0	1	0	0	up	1	Highly Stable	Highly Stable Up	0
DES	RvY_09771-1	2	2	0	0	1	0	0	up	1	Highly Stable	Highly Stable Up	0
DES	RvY_09778	2	2	0	0	1	0	0	up	1	Highly Stable	Highly Stable Up	0
DES	RvY_09820-1	2	2	0	0	1	0	0	up	1	Highly Stable	Highly Stable Up	0
DES	RvY_09862-1	2	2	0	0	1	0	0	up	1	Highly Stable	Highly Stable Up	0
DES	RvY_09886-1	2	2	0	0	1	0	0	up	1	Highly Stable	Highly Stable Up	0
DES	RvY_09898	2	2	0	0	1	0	0	up	1	Highly Stable	Highly Stable Up	0
DES	RvY_09911-1	2	2	0	0	1	0	0	up	1	Highly Stable	Highly Stable Up	0
DES	RvY_09986-1	2	2	0	0	1	0	0	up	1	Highly Stable	Highly Stable Up	0
DES	RvY_10015-1	2	2	0	0	1	0	0	up	1	Highly Stable	Highly Stable Up	0
DES	RvY_10019-1	2	2	0	0	1	0	0	up	1	Highly Stable	Highly Stable Up	0
DES	RvY_10089-1	2	2	0	0	1	0	0	up	1	Highly Stable	Highly Stable Up	0
DES	RvY_10162-1	2	2	0	0	1	0	0	up	1	Highly Stable	Highly Stable Up	0
DES	RvY_10167-1	2	2	0	0	1	0	0	up	1	Highly Stable	Highly Stable Up	0
DES	RvY_10171-1	2	2	0	0	1	0	0	up	1	Highly Stable	Highly Stable Up	0
DES	RvY_10177-1	2	2	0	0	1	0	0	up	1	Highly Stable	Highly Stable Up	0
DES	RvY_10229-1	2	2	0	0	1	0	0	up	1	Highly Stable	Highly Stable Up	0
DES	RvY_10251-1	2	2	0	0	1	0	0	up	1	Highly Stable	Highly Stable Up	0
DES	RvY_10282-1	2	2	0	0	1	0	0	up	1	Highly Stable	Highly Stable Up	0
DES	RvY_10295-1	2	2	0	0	1	0	0	up	1	Highly Stable	Highly Stable Up	0
DES	RvY_10339-1	2	2	0	0	1	0	0	up	1	Highly Stable	Highly Stable Up	0
DES	RvY_10340-1	2	2	0	0	1	0	0	up	1	Highly Stable	Highly Stable Up	0
DES	RvY_10341-1	2	2	0	0	1	0	0	up	1	Highly Stable	Highly Stable Up	0
DES	RvY_10343-1	2	2	0	0	1	0	0	up	1	Highly Stable	Highly Stable Up	0
DES	RvY_10416-1	2	2	0	0	1	0	0	up	1	Highly Stable	Highly Stable Up	0
DES	RvY_10427	2	2	0	0	1	0	0	up	1	Highly Stable	Highly Stable Up	0
DES	RvY_10431-1	2	2	0	0	1	0	0	up	1	Highly Stable	Highly Stable Up	0
DES	RvY_10498-1	2	2	0	0	1	0	0	up	1	Highly Stable	Highly Stable Up	0
DES	RvY_10512-1	2	2	0	0	1	0	0	up	1	Highly Stable	Highly Stable Up	0
DES	RvY_10519-1	2	2	0	0	1	0	0	up	1	Highly Stable	Highly Stable Up	0
DES	RvY_10550-1	2	2	0	0	1	0	0	up	1	Highly Stable	Highly Stable Up	0
DES	RvY_10553	2	2	0	0	1	0	0	up	1	Highly Stable	Highly Stable Up	0
DES	RvY_10599-1	2	2	0	0	1	0	0	up	1	Highly Stable	Highly Stable Up	0
DES	RvY_10609-1	2	2	0	0	1	0	0	up	1	Highly Stable	Highly Stable Up	0
DES	RvY_10611-1	2	2	0	0	1	0	0	up	1	Highly Stable	Highly Stable Up	0
DES	RvY_10628	2	2	0	0	1	0	0	up	1	Highly Stable	Highly Stable Up	0
DES	RvY_10659-1	2	2	0	0	1	0	0	up	1	Highly Stable	Highly Stable Up	0
DES	RvY_10661-1	2	2	0	0	1	0	0	up	1	Highly Stable	Highly Stable Up	0
DES	RvY_10682	2	2	0	0	1	0	0	up	1	Highly Stable	Highly Stable Up	0
DES	RvY_10699	2	2	0	0	1	0	0	up	1	Highly Stable	Highly Stable Up	0
DES	RvY_10701-1	2	2	0	0	1	0	0	up	1	Highly Stable	Highly Stable Up	0
DES	RvY_10723-1	2	2	0	0	1	0	0	up	1	Highly Stable	Highly Stable Up	0
DES	RvY_10725-1	2	2	0	0	1	0	0	up	1	Highly Stable	Highly Stable Up	0
DES	RvY_10731-1	2	2	0	0	1	0	0	up	1	Highly Stable	Highly Stable Up	0
DES	RvY_10772-1	2	2	0	0	1	0	0	up	1	Highly Stable	Highly Stable Up	0
DES	RvY_10808-1	2	2	0	0	1	0	0	up	1	Highly Stable	Highly Stable Up	0
DES	RvY_10882-1	2	2	0	0	1	0	0	up	1	Highly Stable	Highly Stable Up	0
DES	RvY_10887-1	2	2	0	0	1	0	0	up	1	Highly Stable	Highly Stable Up	0
DES	RvY_10888-1	2	2	0	0	1	0	0	up	1	Highly Stable	Highly Stable Up	0
DES	RvY_10926-1	2	2	0	0	1	0	0	up	1	Highly Stable	Highly Stable Up	0
DES	RvY_11004	2	2	0	0	1	0	0	up	1	Highly Stable	Highly Stable Up	0
DES	RvY_11040-1	2	2	0	0	1	0	0	up	1	Highly Stable	Highly Stable Up	0
DES	RvY_11041-1	2	2	0	0	1	0	0	up	1	Highly Stable	Highly Stable Up	0
DES	RvY_11095-1	2	2	0	0	1	0	0	up	1	Highly Stable	Highly Stable Up	0
DES	RvY_11098-1	2	2	0	0	1	0	0	up	1	Highly Stable	Highly Stable Up	0
DES	RvY_11114-1	2	2	0	0	1	0	0	up	1	Highly Stable	Highly Stable Up	0
DES	RvY_11129-1	2	2	0	0	1	0	0	up	1	Highly Stable	Highly Stable Up	0
DES	RvY_11142-1	2	2	0	0	1	0	0	up	1	Highly Stable	Highly Stable Up	0
DES	RvY_11306-1	2	2	0	0	1	0	0	up	1	Highly Stable	Highly Stable Up	0
DES	RvY_11327-1	2	2	0	0	1	0	0	up	1	Highly Stable	Highly Stable Up	0
DES	RvY_11328-1	2	2	0	0	1	0	0	up	1	Highly Stable	Highly Stable Up	0
DES	RvY_11342-1	2	2	0	0	1	0	0	up	1	Highly Stable	Highly Stable Up	0
DES	RvY_11441-1	2	2	0	0	1	0	0	up	1	Highly Stable	Highly Stable Up	0
DES	RvY_11443-1	2	2	0	0	1	0	0	up	1	Highly Stable	Highly Stable Up	0
DES	RvY_11455-1	2	2	0	0	1	0	0	up	1	Highly Stable	Highly Stable Up	0
DES	RvY_11456-1	2	2	0	0	1	0	0	up	1	Highly Stable	Highly Stable Up	0
DES	RvY_11515-1	2	2	0	0	1	0	0	up	1	Highly Stable	Highly Stable Up	0
DES	RvY_11531-1	2	2	0	0	1	0	0	up	1	Highly Stable	Highly Stable Up	0
DES	RvY_11708-1	2	2	0	0	1	0	0	up	1	Highly Stable	Highly Stable Up	0
DES	RvY_11755-1	2	2	0	0	1	0	0	up	1	Highly Stable	Highly Stable Up	0
DES	RvY_11797	2	2	0	0	1	0	0	up	1	Highly Stable	Highly Stable Up	0
DES	RvY_11805	2	2	0	0	1	0	0	up	1	Highly Stable	Highly Stable Up	0
DES	RvY_11806-1	2	2	0	0	1	0	0	up	1	Highly Stable	Highly Stable Up	0
DES	RvY_11811	2	2	0	0	1	0	0	up	1	Highly Stable	Highly Stable Up	0
DES	RvY_11818-1	2	2	0	0	1	0	0	up	1	Highly Stable	Highly Stable Up	0
DES	RvY_11827	2	2	0	0	1	0	0	up	1	Highly Stable	Highly Stable Up	0
DES	RvY_11855-1	2	2	0	0	1	0	0	up	1	Highly Stable	Highly Stable Up	0
DES	RvY_11856-1	2	2	0	0	1	0	0	up	1	Highly Stable	Highly Stable Up	0
DES	RvY_11931-1	2	2	0	0	1	0	0	up	1	Highly Stable	Highly Stable Up	0
DES	RvY_12061-1	2	2	0	0	1	0	0	up	1	Highly Stable	Highly Stable Up	0
DES	RvY_12072-1	2	2	0	0	1	0	0	up	1	Highly Stable	Highly Stable Up	0
DES	RvY_12095-1	2	2	0	0	1	0	0	up	1	Highly Stable	Highly Stable Up	0
DES	RvY_12155-1	2	2	0	0	1	0	0	up	1	Highly Stable	Highly Stable Up	0
DES	RvY_12161-1	2	2	0	0	1	0	0	up	1	Highly Stable	Highly Stable Up	0
DES	RvY_12163-1	2	2	0	0	1	0	0	up	1	Highly Stable	Highly Stable Up	0
DES	RvY_12246-1	2	2	0	0	1	0	0	up	1	Highly Stable	Highly Stable Up	0
DES	RvY_12285-1	2	2	0	0	1	0	0	up	1	Highly Stable	Highly Stable Up	0
DES	RvY_12378-1	2	2	0	0	1	0	0	up	1	Highly Stable	Highly Stable Up	0
DES	RvY_12433-1	2	2	0	0	1	0	0	up	1	Highly Stable	Highly Stable Up	0
DES	RvY_12544	2	2	0	0	1	0	0	up	1	Highly Stable	Highly Stable Up	0
DES	RvY_12548-1	2	2	0	0	1	0	0	up	1	Highly Stable	Highly Stable Up	0
DES	RvY_12599-1	2	2	0	0	1	0	0	up	1	Highly Stable	Highly Stable Up	0
DES	RvY_12631-1	2	2	0	0	1	0	0	up	1	Highly Stable	Highly Stable Up	0
DES	RvY_12632	2	2	0	0	1	0	0	up	1	Highly Stable	Highly Stable Up	0
DES	RvY_12647-1	2	2	0	0	1	0	0	up	1	Highly Stable	Highly Stable Up	0
DES	RvY_12649-1	2	2	0	0	1	0	0	up	1	Highly Stable	Highly Stable Up	0
DES	RvY_12651-1	2	2	0	0	1	0	0	up	1	Highly Stable	Highly Stable Up	0
DES	RvY_12681-1	2	2	0	0	1	0	0	up	1	Highly Stable	Highly Stable Up	0
DES	RvY_12699	2	2	0	0	1	0	0	up	1	Highly Stable	Highly Stable Up	0
DES	RvY_12739-1	2	2	0	0	1	0	0	up	1	Highly Stable	Highly Stable Up	0
DES	RvY_12773-1	2	2	0	0	1	0	0	up	1	Highly Stable	Highly Stable Up	0
DES	RvY_12787-1	2	2	0	0	1	0	0	up	1	Highly Stable	Highly Stable Up	0
DES	RvY_12808-1	2	2	0	0	1	0	0	up	1	Highly Stable	Highly Stable Up	0
DES	RvY_12833-1	2	2	0	0	1	0	0	up	1	Highly Stable	Highly Stable Up	0
DES	RvY_12834-1	2	2	0	0	1	0	0	up	1	Highly Stable	Highly Stable Up	0
DES	RvY_12920-1	2	2	0	0	1	0	0	up	1	Highly Stable	Highly Stable Up	0
DES	RvY_12928-1	2	2	0	0	1	0	0	up	1	Highly Stable	Highly Stable Up	0
DES	RvY_12936-1	2	2	0	0	1	0	0	up	1	Highly Stable	Highly Stable Up	0
DES	RvY_12949-1	2	2	0	0	1	0	0	up	1	Highly Stable	Highly Stable Up	0
DES	RvY_12965-1	2	2	0	0	1	0	0	up	1	Highly Stable	Highly Stable Up	0
DES	RvY_12974-1	2	2	0	0	1	0	0	up	1	Highly Stable	Highly Stable Up	0
DES	RvY_12979-1	2	2	0	0	1	0	0	up	1	Highly Stable	Highly Stable Up	0
DES	RvY_13024-1	2	2	0	0	1	0	0	up	1	Highly Stable	Highly Stable Up	0
DES	RvY_13035-1	2	2	0	0	1	0	0	up	1	Highly Stable	Highly Stable Up	0
DES	RvY_13046-1	2	2	0	0	1	0	0	up	1	Highly Stable	Highly Stable Up	0
DES	RvY_13063-1	2	2	0	0	1	0	0	up	1	Highly Stable	Highly Stable Up	0
DES	RvY_13087-1	2	2	0	0	1	0	0	up	1	Highly Stable	Highly Stable Up	0
DES	RvY_13139-1	2	2	0	0	1	0	0	up	1	Highly Stable	Highly Stable Up	0
DES	RvY_13200-1	2	2	0	0	1	0	0	up	1	Highly Stable	Highly Stable Up	0
DES	RvY_13269-1	2	2	0	0	1	0	0	up	1	Highly Stable	Highly Stable Up	0
DES	RvY_13280-1	2	2	0	0	1	0	0	up	1	Highly Stable	Highly Stable Up	0
DES	RvY_13339-1	2	2	0	0	1	0	0	up	1	Highly Stable	Highly Stable Up	0
DES	RvY_13413	2	2	0	0	1	0	0	up	1	Highly Stable	Highly Stable Up	0
DES	RvY_13417-1	2	2	0	0	1	0	0	up	1	Highly Stable	Highly Stable Up	0
DES	RvY_13421-1	2	2	0	0	1	0	0	up	1	Highly Stable	Highly Stable Up	0
DES	RvY_13490-1	2	2	0	0	1	0	0	up	1	Highly Stable	Highly Stable Up	0
DES	RvY_13491-1	2	2	0	0	1	0	0	up	1	Highly Stable	Highly Stable Up	0
DES	RvY_13516-1	2	2	0	0	1	0	0	up	1	Highly Stable	Highly Stable Up	0
DES	RvY_13566-1	2	2	0	0	1	0	0	up	1	Highly Stable	Highly Stable Up	0
DES	RvY_13652-1	2	2	0	0	1	0	0	up	1	Highly Stable	Highly Stable Up	0
DES	RvY_13667-1	2	2	0	0	1	0	0	up	1	Highly Stable	Highly Stable Up	0
DES	RvY_13695-1	2	2	0	0	1	0	0	up	1	Highly Stable	Highly Stable Up	0
DES	RvY_13789	2	2	0	0	1	0	0	up	1	Highly Stable	Highly Stable Up	0
DES	RvY_13792	2	2	0	0	1	0	0	up	1	Highly Stable	Highly Stable Up	0
DES	RvY_13863-1	2	2	0	0	1	0	0	up	1	Highly Stable	Highly Stable Up	0
DES	RvY_13876-1	2	2	0	0	1	0	0	up	1	Highly Stable	Highly Stable Up	0
DES	RvY_13917-1	2	2	0	0	1	0	0	up	1	Highly Stable	Highly Stable Up	0
DES	RvY_13949-1	2	2	0	0	1	0	0	up	1	Highly Stable	Highly Stable Up	0
DES	RvY_13984-1	2	2	0	0	1	0	0	up	1	Highly Stable	Highly Stable Up	0
DES	RvY_13989-1	2	2	0	0	1	0	0	up	1	Highly Stable	Highly Stable Up	0
DES	RvY_14022-1	2	2	0	0	1	0	0	up	1	Highly Stable	Highly Stable Up	0
DES	RvY_14025-1	2	2	0	0	1	0	0	up	1	Highly Stable	Highly Stable Up	0
DES	RvY_14026-1	2	2	0	0	1	0	0	up	1	Highly Stable	Highly Stable Up	0
DES	RvY_14060-1	2	2	0	0	1	0	0	up	1	Highly Stable	Highly Stable Up	0
DES	RvY_14092-1	2	2	0	0	1	0	0	up	1	Highly Stable	Highly Stable Up	0
DES	RvY_14113	2	2	0	0	1	0	0	up	1	Highly Stable	Highly Stable Up	0
DES	RvY_14122-1	2	2	0	0	1	0	0	up	1	Highly Stable	Highly Stable Up	0
DES	RvY_14137-1	2	2	0	0	1	0	0	up	1	Highly Stable	Highly Stable Up	0
DES	RvY_14165-1	2	2	0	0	1	0	0	up	1	Highly Stable	Highly Stable Up	0
DES	RvY_14207-1	2	2	0	0	1	0	0	up	1	Highly Stable	Highly Stable Up	0
DES	RvY_14220-1	2	2	0	0	1	0	0	up	1	Highly Stable	Highly Stable Up	0
DES	RvY_14261-1	2	2	0	0	1	0	0	up	1	Highly Stable	Highly Stable Up	0
DES	RvY_14302-1	2	2	0	0	1	0	0	up	1	Highly Stable	Highly Stable Up	0
DES	RvY_14382	2	2	0	0	1	0	0	up	1	Highly Stable	Highly Stable Up	0
DES	RvY_14387-1	2	2	0	0	1	0	0	up	1	Highly Stable	Highly Stable Up	0
DES	RvY_14451-1	2	2	0	0	1	0	0	up	1	Highly Stable	Highly Stable Up	0
DES	RvY_14467-1	2	2	0	0	1	0	0	up	1	Highly Stable	Highly Stable Up	0
DES	RvY_14476-1	2	2	0	0	1	0	0	up	1	Highly Stable	Highly Stable Up	0
DES	RvY_14496-1	2	2	0	0	1	0	0	up	1	Highly Stable	Highly Stable Up	0
DES	RvY_14512-1	2	2	0	0	1	0	0	up	1	Highly Stable	Highly Stable Up	0
DES	RvY_14557-1	2	2	0	0	1	0	0	up	1	Highly Stable	Highly Stable Up	0
DES	RvY_14568-1	2	2	0	0	1	0	0	up	1	Highly Stable	Highly Stable Up	0
DES	RvY_14646-1	2	2	0	0	1	0	0	up	1	Highly Stable	Highly Stable Up	0
DES	RvY_14725	2	2	0	0	1	0	0	up	1	Highly Stable	Highly Stable Up	0
DES	RvY_14741	2	2	0	0	1	0	0	up	1	Highly Stable	Highly Stable Up	0
DES	RvY_14742-1	2	2	0	0	1	0	0	up	1	Highly Stable	Highly Stable Up	0
DES	RvY_14750-1	2	2	0	0	1	0	0	up	1	Highly Stable	Highly Stable Up	0
DES	RvY_14839-1	2	2	0	0	1	0	0	up	1	Highly Stable	Highly Stable Up	0
DES	RvY_14889	2	2	0	0	1	0	0	up	1	Highly Stable	Highly Stable Up	0
DES	RvY_14897-1	2	2	0	0	1	0	0	up	1	Highly Stable	Highly Stable Up	0
DES	RvY_14985-1	2	2	0	0	1	0	0	up	1	Highly Stable	Highly Stable Up	0
DES	RvY_14992-1	2	2	0	0	1	0	0	up	1	Highly Stable	Highly Stable Up	0
DES	RvY_15001-1	2	2	0	0	1	0	0	up	1	Highly Stable	Highly Stable Up	0
DES	RvY_15032	2	2	0	0	1	0	0	up	1	Highly Stable	Highly Stable Up	0
DES	RvY_15057	2	2	0	0	1	0	0	up	1	Highly Stable	Highly Stable Up	0
DES	RvY_15058	2	2	0	0	1	0	0	up	1	Highly Stable	Highly Stable Up	0
DES	RvY_15074-1	2	2	0	0	1	0	0	up	1	Highly Stable	Highly Stable Up	0
DES	RvY_15075-1	2	2	0	0	1	0	0	up	1	Highly Stable	Highly Stable Up	0
DES	RvY_15096-1	2	2	0	0	1	0	0	up	1	Highly Stable	Highly Stable Up	0
DES	RvY_15133-1	2	2	0	0	1	0	0	up	1	Highly Stable	Highly Stable Up	0
DES	RvY_15194-1	2	2	0	0	1	0	0	up	1	Highly Stable	Highly Stable Up	0
DES	RvY_15198-1	2	2	0	0	1	0	0	up	1	Highly Stable	Highly Stable Up	0
DES	RvY_15253-1	2	2	0	0	1	0	0	up	1	Highly Stable	Highly Stable Up	0
DES	RvY_15294-1	2	2	0	0	1	0	0	up	1	Highly Stable	Highly Stable Up	0
DES	RvY_15348-1	2	2	0	0	1	0	0	up	1	Highly Stable	Highly Stable Up	0
DES	RvY_15378-1	2	2	0	0	1	0	0	up	1	Highly Stable	Highly Stable Up	0
DES	RvY_15420-1	2	2	0	0	1	0	0	up	1	Highly Stable	Highly Stable Up	0
DES	RvY_15456-1	2	2	0	0	1	0	0	up	1	Highly Stable	Highly Stable Up	0
DES	RvY_15489-1	2	2	0	0	1	0	0	up	1	Highly Stable	Highly Stable Up	0
DES	RvY_15505-1	2	2	0	0	1	0	0	up	1	Highly Stable	Highly Stable Up	0
DES	RvY_15519-1	2	2	0	0	1	0	0	up	1	Highly Stable	Highly Stable Up	0
DES	RvY_15543-1	2	2	0	0	1	0	0	up	1	Highly Stable	Highly Stable Up	0
DES	RvY_15544-1	2	2	0	0	1	0	0	up	1	Highly Stable	Highly Stable Up	0
DES	RvY_15581-1	2	2	0	0	1	0	0	up	1	Highly Stable	Highly Stable Up	0
DES	RvY_15620-1	2	2	0	0	1	0	0	up	1	Highly Stable	Highly Stable Up	0
DES	RvY_15645-1	2	2	0	0	1	0	0	up	1	Highly Stable	Highly Stable Up	0
DES	RvY_15656-1	2	2	0	0	1	0	0	up	1	Highly Stable	Highly Stable Up	0
DES	RvY_15665	2	2	0	0	1	0	0	up	1	Highly Stable	Highly Stable Up	0
DES	RvY_15678	2	2	0	0	1	0	0	up	1	Highly Stable	Highly Stable Up	0
DES	RvY_15682-1	2	2	0	0	1	0	0	up	1	Highly Stable	Highly Stable Up	0
DES	RvY_15757-1	2	2	0	0	1	0	0	up	1	Highly Stable	Highly Stable Up	0
DES	RvY_15760-1	2	2	0	0	1	0	0	up	1	Highly Stable	Highly Stable Up	0
DES	RvY_15770-1	2	2	0	0	1	0	0	up	1	Highly Stable	Highly Stable Up	0
DES	RvY_15878-1	2	2	0	0	1	0	0	up	1	Highly Stable	Highly Stable Up	0
DES	RvY_15901-1	2	2	0	0	1	0	0	up	1	Highly Stable	Highly Stable Up	0
DES	RvY_15904-1	2	2	0	0	1	0	0	up	1	Highly Stable	Highly Stable Up	0
DES	RvY_15909-1	2	2	0	0	1	0	0	up	1	Highly Stable	Highly Stable Up	0
DES	RvY_15950	2	2	0	0	1	0	0	up	1	Highly Stable	Highly Stable Up	0
DES	RvY_15987-1	2	2	0	0	1	0	0	up	1	Highly Stable	Highly Stable Up	0
DES	RvY_16125-1	2	2	0	0	1	0	0	up	1	Highly Stable	Highly Stable Up	0
DES	RvY_16178-1	2	2	0	0	1	0	0	up	1	Highly Stable	Highly Stable Up	0
DES	RvY_16252-1	2	2	0	0	1	0	0	up	1	Highly Stable	Highly Stable Up	0
DES	RvY_16273	2	2	0	0	1	0	0	up	1	Highly Stable	Highly Stable Up	0
DES	RvY_16314-1	2	2	0	0	1	0	0	up	1	Highly Stable	Highly Stable Up	0
DES	RvY_16320-1	2	2	0	0	1	0	0	up	1	Highly Stable	Highly Stable Up	0
DES	RvY_16324-1	2	2	0	0	1	0	0	up	1	Highly Stable	Highly Stable Up	0
DES	RvY_16425-1	2	2	0	0	1	0	0	up	1	Highly Stable	Highly Stable Up	0
DES	RvY_16464	2	2	0	0	1	0	0	up	1	Highly Stable	Highly Stable Up	0
DES	RvY_16472-1	2	2	0	0	1	0	0	up	1	Highly Stable	Highly Stable Up	0
DES	RvY_16480-1	2	2	0	0	1	0	0	up	1	Highly Stable	Highly Stable Up	0
DES	RvY_16496-1	2	2	0	0	1	0	0	up	1	Highly Stable	Highly Stable Up	0
DES	RvY_16521-1	2	2	0	0	1	0	0	up	1	Highly Stable	Highly Stable Up	0
DES	RvY_16566-1	2	2	0	0	1	0	0	up	1	Highly Stable	Highly Stable Up	0
DES	RvY_16573-1	2	2	0	0	1	0	0	up	1	Highly Stable	Highly Stable Up	0
DES	RvY_16579-2	2	2	0	0	1	0	0	up	1	Highly Stable	Highly Stable Up	0
DES	RvY_16668-1	2	2	0	0	1	0	0	up	1	Highly Stable	Highly Stable Up	0
DES	RvY_16685-1	2	2	0	0	1	0	0	up	1	Highly Stable	Highly Stable Up	0
DES	RvY_16695	2	2	0	0	1	0	0	up	1	Highly Stable	Highly Stable Up	0
DES	RvY_16720	2	2	0	0	1	0	0	up	1	Highly Stable	Highly Stable Up	0
DES	RvY_16768-1	2	2	0	0	1	0	0	up	1	Highly Stable	Highly Stable Up	0
DES	RvY_16944-1	2	2	0	0	1	0	0	up	1	Highly Stable	Highly Stable Up	0
DES	RvY_16945	2	2	0	0	1	0	0	up	1	Highly Stable	Highly Stable Up	0
DES	RvY_16946	2	2	0	0	1	0	0	up	1	Highly Stable	Highly Stable Up	0
DES	RvY_16958-1	2	2	0	0	1	0	0	up	1	Highly Stable	Highly Stable Up	0
DES	RvY_17050-1	2	2	0	0	1	0	0	up	1	Highly Stable	Highly Stable Up	0
DES	RvY_17051-1	2	2	0	0	1	0	0	up	1	Highly Stable	Highly Stable Up	0
DES	RvY_17052-1	2	2	0	0	1	0	0	up	1	Highly Stable	Highly Stable Up	0
DES	RvY_17070-1	2	2	0	0	1	0	0	up	1	Highly Stable	Highly Stable Up	0
DES	RvY_17084-1	2	2	0	0	1	0	0	up	1	Highly Stable	Highly Stable Up	0
DES	RvY_17106-1	2	2	0	0	1	0	0	up	1	Highly Stable	Highly Stable Up	0
DES	RvY_17158	2	2	0	0	1	0	0	up	1	Highly Stable	Highly Stable Up	0
DES	RvY_17171-1	2	2	0	0	1	0	0	up	1	Highly Stable	Highly Stable Up	0
DES	RvY_17176	2	2	0	0	1	0	0	up	1	Highly Stable	Highly Stable Up	0
DES	RvY_17226-1	2	2	0	0	1	0	0	up	1	Highly Stable	Highly Stable Up	0
DES	RvY_17230-1	2	2	0	0	1	0	0	up	1	Highly Stable	Highly Stable Up	0
DES	RvY_17285-1	2	2	0	0	1	0	0	up	1	Highly Stable	Highly Stable Up	0
DES	RvY_17302-1	2	2	0	0	1	0	0	up	1	Highly Stable	Highly Stable Up	0
DES	RvY_17310-1	2	2	0	0	1	0	0	up	1	Highly Stable	Highly Stable Up	0
DES	RvY_17339-1	2	2	0	0	1	0	0	up	1	Highly Stable	Highly Stable Up	0
DES	RvY_17467-1	2	2	0	0	1	0	0	up	1	Highly Stable	Highly Stable Up	0
DES	RvY_17472-1	2	2	0	0	1	0	0	up	1	Highly Stable	Highly Stable Up	0
DES	RvY_17501-1	2	2	0	0	1	0	0	up	1	Highly Stable	Highly Stable Up	0
DES	RvY_17525-1	2	2	0	0	1	0	0	up	1	Highly Stable	Highly Stable Up	0
DES	RvY_17575	2	2	0	0	1	0	0	up	1	Highly Stable	Highly Stable Up	0
DES	RvY_17583-1	2	2	0	0	1	0	0	up	1	Highly Stable	Highly Stable Up	0
DES	RvY_17603-1	2	2	0	0	1	0	0	up	1	Highly Stable	Highly Stable Up	0
DES	RvY_17626-1	2	2	0	0	1	0	0	up	1	Highly Stable	Highly Stable Up	0
DES	RvY_17667-1	2	2	0	0	1	0	0	up	1	Highly Stable	Highly Stable Up	0
DES	RvY_17680-1	2	2	0	0	1	0	0	up	1	Highly Stable	Highly Stable Up	0
DES	RvY_17707-1	2	2	0	0	1	0	0	up	1	Highly Stable	Highly Stable Up	0
DES	RvY_17724-1	2	2	0	0	1	0	0	up	1	Highly Stable	Highly Stable Up	0
DES	RvY_17729-1	2	2	0	0	1	0	0	up	1	Highly Stable	Highly Stable Up	0
DES	RvY_17761-1	2	2	0	0	1	0	0	up	1	Highly Stable	Highly Stable Up	0
DES	RvY_17766	2	2	0	0	1	0	0	up	1	Highly Stable	Highly Stable Up	0
DES	RvY_17767	2	2	0	0	1	0	0	up	1	Highly Stable	Highly Stable Up	0
DES	RvY_17783-1	2	2	0	0	1	0	0	up	1	Highly Stable	Highly Stable Up	0
DES	RvY_17816	2	2	0	0	1	0	0	up	1	Highly Stable	Highly Stable Up	0
DES	RvY_17819-1	2	2	0	0	1	0	0	up	1	Highly Stable	Highly Stable Up	0
DES	RvY_17858-1	2	2	0	0	1	0	0	up	1	Highly Stable	Highly Stable Up	0
DES	RvY_17868-1	2	2	0	0	1	0	0	up	1	Highly Stable	Highly Stable Up	0
DES	RvY_17873-1	2	2	0	0	1	0	0	up	1	Highly Stable	Highly Stable Up	0
DES	RvY_17876	2	2	0	0	1	0	0	up	1	Highly Stable	Highly Stable Up	0
DES	RvY_17911-1	2	2	0	0	1	0	0	up	1	Highly Stable	Highly Stable Up	0
DES	RvY_17974-1	2	2	0	0	1	0	0	up	1	Highly Stable	Highly Stable Up	0
DES	RvY_17993-1	2	2	0	0	1	0	0	up	1	Highly Stable	Highly Stable Up	0
DES	RvY_18007-1	2	2	0	0	1	0	0	up	1	Highly Stable	Highly Stable Up	0
DES	RvY_18011-1	2	2	0	0	1	0	0	up	1	Highly Stable	Highly Stable Up	0
DES	RvY_18044-1	2	2	0	0	1	0	0	up	1	Highly Stable	Highly Stable Up	0
DES	RvY_18067-1	2	2	0	0	1	0	0	up	1	Highly Stable	Highly Stable Up	0
DES	RvY_18112-1	2	2	0	0	1	0	0	up	1	Highly Stable	Highly Stable Up	0
DES	RvY_18126-1	2	2	0	0	1	0	0	up	1	Highly Stable	Highly Stable Up	0
DES	RvY_18127	2	2	0	0	1	0	0	up	1	Highly Stable	Highly Stable Up	0
DES	RvY_18128-1	2	2	0	0	1	0	0	up	1	Highly Stable	Highly Stable Up	0
DES	RvY_18143	2	2	0	0	1	0	0	up	1	Highly Stable	Highly Stable Up	0
DES	RvY_18263-1	2	2	0	0	1	0	0	up	1	Highly Stable	Highly Stable Up	0
DES	RvY_18264-1	2	2	0	0	1	0	0	up	1	Highly Stable	Highly Stable Up	0
DES	RvY_18271-1	2	2	0	0	1	0	0	up	1	Highly Stable	Highly Stable Up	0
DES	RvY_18343-1	2	2	0	0	1	0	0	up	1	Highly Stable	Highly Stable Up	0
DES	RvY_18413	2	2	0	0	1	0	0	up	1	Highly Stable	Highly Stable Up	0
DES	RvY_18517-1	2	2	0	0	1	0	0	up	1	Highly Stable	Highly Stable Up	0
DES	RvY_18536-1	2	2	0	0	1	0	0	up	1	Highly Stable	Highly Stable Up	0
DES	RvY_18539-1	2	2	0	0	1	0	0	up	1	Highly Stable	Highly Stable Up	0
DES	RvY_18554-1	2	2	0	0	1	0	0	up	1	Highly Stable	Highly Stable Up	0
DES	RvY_18606-1	2	2	0	0	1	0	0	up	1	Highly Stable	Highly Stable Up	0
DES	RvY_18648-1	2	2	0	0	1	0	0	up	1	Highly Stable	Highly Stable Up	0
DES	RvY_18754-1	2	2	0	0	1	0	0	up	1	Highly Stable	Highly Stable Up	0
DES	RvY_18765-1	2	2	0	0	1	0	0	up	1	Highly Stable	Highly Stable Up	0
DES	RvY_18784	2	2	0	0	1	0	0	up	1	Highly Stable	Highly Stable Up	0
DES	RvY_18787-1	2	2	0	0	1	0	0	up	1	Highly Stable	Highly Stable Up	0
DES	RvY_18798-1	2	2	0	0	1	0	0	up	1	Highly Stable	Highly Stable Up	0
DES	RvY_18872-1	2	2	0	0	1	0	0	up	1	Highly Stable	Highly Stable Up	0
DES	RvY_18876-1	2	2	0	0	1	0	0	up	1	Highly Stable	Highly Stable Up	0
DES	RvY_18879-1	2	2	0	0	1	0	0	up	1	Highly Stable	Highly Stable Up	0
DES	RvY_18891	2	2	0	0	1	0	0	up	1	Highly Stable	Highly Stable Up	0
DES	RvY_18898-1	2	2	0	0	1	0	0	up	1	Highly Stable	Highly Stable Up	0
DES	RvY_18946-1	2	2	0	0	1	0	0	up	1	Highly Stable	Highly Stable Up	0
DES	RvY_19053-1	2	2	0	0	1	0	0	up	1	Highly Stable	Highly Stable Up	0
DES	RvY_19056	2	2	0	0	1	0	0	up	1	Highly Stable	Highly Stable Up	0
DES	RvY_19145-1	2	2	0	0	1	0	0	up	1	Highly Stable	Highly Stable Up	0
DES	RvY_19260-1	2	2	0	0	1	0	0	up	1	Highly Stable	Highly Stable Up	0
DES	RvY_19266-1	2	2	0	0	1	0	0	up	1	Highly Stable	Highly Stable Up	0
DES	RvY_19333-1	2	2	0	0	1	0	0	up	1	Highly Stable	Highly Stable Up	0
DES	RvY_19347-1	2	2	0	0	1	0	0	up	1	Highly Stable	Highly Stable Up	0
DES	RvY_19352	2	2	0	0	1	0	0	up	1	Highly Stable	Highly Stable Up	0
DES	RvY_19501-1	2	2	0	0	1	0	0	up	1	Highly Stable	Highly Stable Up	0
DES	RvY_19530-1	2	2	0	0	1	0	0	up	1	Highly Stable	Highly Stable Up	0
DES	RvY_19533-1	2	2	0	0	1	0	0	up	1	Highly Stable	Highly Stable Up	0
DES	RvY_19642-1	2	2	0	0	1	0	0	up	1	Highly Stable	Highly Stable Up	0
GAM	RvY_00303-1	8	0	8	0	0	1	0	down	1	Highly Stable	Highly Stable Down	0
GAM	RvY_00418-3	8	0	8	0	0	1	0	down	1	Highly Stable	Highly Stable Down	0
GAM	RvY_00457-1	8	0	8	0	0	1	0	down	1	Highly Stable	Highly Stable Down	0
GAM	RvY_00461-1	8	0	8	0	0	1	0	down	1	Highly Stable	Highly Stable Down	0
GAM	RvY_00496-1	8	0	8	0	0	1	0	down	1	Highly Stable	Highly Stable Down	0
GAM	RvY_00705-1	8	0	8	0	0	1	0	down	1	Highly Stable	Highly Stable Down	0
GAM	RvY_00710-1	8	0	8	0	0	1	0	down	1	Highly Stable	Highly Stable Down	0
GAM	RvY_00754-1	8	0	8	0	0	1	0	down	1	Highly Stable	Highly Stable Down	0
GAM	RvY_00888-1	8	0	8	0	0	1	0	down	1	Highly Stable	Highly Stable Down	0
GAM	RvY_00889-1	8	0	8	0	0	1	0	down	1	Highly Stable	Highly Stable Down	0
GAM	RvY_00902-1	8	0	8	0	0	1	0	down	1	Highly Stable	Highly Stable Down	0
GAM	RvY_01001-1	8	0	8	0	0	1	0	down	1	Highly Stable	Highly Stable Down	0
GAM	RvY_01072-1	8	0	8	0	0	1	0	down	1	Highly Stable	Highly Stable Down	0
GAM	RvY_01078-1	8	0	8	0	0	1	0	down	1	Highly Stable	Highly Stable Down	0
GAM	RvY_01167	8	0	8	0	0	1	0	down	1	Highly Stable	Highly Stable Down	0
GAM	RvY_01185-1	8	0	8	0	0	1	0	down	1	Highly Stable	Highly Stable Down	0
GAM	RvY_01210-1	8	0	8	0	0	1	0	down	1	Highly Stable	Highly Stable Down	0
GAM	RvY_01213	8	0	8	0	0	1	0	down	1	Highly Stable	Highly Stable Down	0
GAM	RvY_01300-1	8	0	8	0	0	1	0	down	1	Highly Stable	Highly Stable Down	0
GAM	RvY_01322-1	8	0	8	0	0	1	0	down	1	Highly Stable	Highly Stable Down	0
GAM	RvY_01325-1	8	0	8	0	0	1	0	down	1	Highly Stable	Highly Stable Down	0
GAM	RvY_01342-1	8	0	8	0	0	1	0	down	1	Highly Stable	Highly Stable Down	0
GAM	RvY_01489-1	8	0	8	0	0	1	0	down	1	Highly Stable	Highly Stable Down	0
GAM	RvY_01727-1	8	0	8	0	0	1	0	down	1	Highly Stable	Highly Stable Down	0
GAM	RvY_01962-1	8	0	8	0	0	1	0	down	1	Highly Stable	Highly Stable Down	0
GAM	RvY_02126-1	8	0	8	0	0	1	0	down	1	Highly Stable	Highly Stable Down	0
GAM	RvY_02154-1	8	0	8	0	0	1	0	down	1	Highly Stable	Highly Stable Down	0
GAM	RvY_02182-1	8	0	8	0	0	1	0	down	1	Highly Stable	Highly Stable Down	0
GAM	RvY_02228-1	8	0	8	0	0	1	0	down	1	Highly Stable	Highly Stable Down	0
GAM	RvY_02457-1	8	0	8	0	0	1	0	down	1	Highly Stable	Highly Stable Down	0
GAM	RvY_02614-1	8	0	8	0	0	1	0	down	1	Highly Stable	Highly Stable Down	0
GAM	RvY_02626-1	8	0	8	0	0	1	0	down	1	Highly Stable	Highly Stable Down	0
GAM	RvY_02752	8	0	8	0	0	1	0	down	1	Highly Stable	Highly Stable Down	0
GAM	RvY_02769-1	8	0	8	0	0	1	0	down	1	Highly Stable	Highly Stable Down	0
GAM	RvY_02794-1	8	0	8	0	0	1	0	down	1	Highly Stable	Highly Stable Down	0
GAM	RvY_02798-1	8	0	8	0	0	1	0	down	1	Highly Stable	Highly Stable Down	0
GAM	RvY_03024-1	8	0	8	0	0	1	0	down	1	Highly Stable	Highly Stable Down	0
GAM	RvY_03150-1	8	0	8	0	0	1	0	down	1	Highly Stable	Highly Stable Down	0
GAM	RvY_03342-1	8	0	8	0	0	1	0	down	1	Highly Stable	Highly Stable Down	0
GAM	RvY_03363-1	8	0	8	0	0	1	0	down	1	Highly Stable	Highly Stable Down	0
GAM	RvY_03386-1	8	0	8	0	0	1	0	down	1	Highly Stable	Highly Stable Down	0
GAM	RvY_03485-1	8	0	8	0	0	1	0	down	1	Highly Stable	Highly Stable Down	0
GAM	RvY_03601-1	8	0	8	0	0	1	0	down	1	Highly Stable	Highly Stable Down	0
GAM	RvY_03683-1	8	0	8	0	0	1	0	down	1	Highly Stable	Highly Stable Down	0
GAM	RvY_03722-1	8	0	8	0	0	1	0	down	1	Highly Stable	Highly Stable Down	0
GAM	RvY_03734	8	0	8	0	0	1	0	down	1	Highly Stable	Highly Stable Down	0
GAM	RvY_03856-1	8	0	8	0	0	1	0	down	1	Highly Stable	Highly Stable Down	0
GAM	RvY_03923-1	8	0	8	0	0	1	0	down	1	Highly Stable	Highly Stable Down	0
GAM	RvY_03983-1	8	0	8	0	0	1	0	down	1	Highly Stable	Highly Stable Down	0
GAM	RvY_04023-1	8	0	8	0	0	1	0	down	1	Highly Stable	Highly Stable Down	0
GAM	RvY_04039-1	8	0	8	0	0	1	0	down	1	Highly Stable	Highly Stable Down	0
GAM	RvY_04040-1	8	0	8	0	0	1	0	down	1	Highly Stable	Highly Stable Down	0
GAM	RvY_04117-1	8	0	8	0	0	1	0	down	1	Highly Stable	Highly Stable Down	0
GAM	RvY_04160-1	8	0	8	0	0	1	0	down	1	Highly Stable	Highly Stable Down	0
GAM	RvY_04170-1	8	0	8	0	0	1	0	down	1	Highly Stable	Highly Stable Down	0
GAM	RvY_04205	8	0	8	0	0	1	0	down	1	Highly Stable	Highly Stable Down	0
GAM	RvY_04206	8	0	8	0	0	1	0	down	1	Highly Stable	Highly Stable Down	0
GAM	RvY_04225	8	0	8	0	0	1	0	down	1	Highly Stable	Highly Stable Down	0
GAM	RvY_04313-1	8	0	8	0	0	1	0	down	1	Highly Stable	Highly Stable Down	0
GAM	RvY_04321-1	8	0	8	0	0	1	0	down	1	Highly Stable	Highly Stable Down	0
GAM	RvY_04384-1	8	0	8	0	0	1	0	down	1	Highly Stable	Highly Stable Down	0
GAM	RvY_04398-1	8	0	8	0	0	1	0	down	1	Highly Stable	Highly Stable Down	0
GAM	RvY_04401-1	8	0	8	0	0	1	0	down	1	Highly Stable	Highly Stable Down	0
GAM	RvY_04402	8	0	8	0	0	1	0	down	1	Highly Stable	Highly Stable Down	0
GAM	RvY_04462-1	8	0	8	0	0	1	0	down	1	Highly Stable	Highly Stable Down	0
GAM	RvY_04617-1	8	0	8	0	0	1	0	down	1	Highly Stable	Highly Stable Down	0
GAM	RvY_04654-1	8	0	8	0	0	1	0	down	1	Highly Stable	Highly Stable Down	0
GAM	RvY_04732-1	8	0	8	0	0	1	0	down	1	Highly Stable	Highly Stable Down	0
GAM	RvY_04733-1	8	0	8	0	0	1	0	down	1	Highly Stable	Highly Stable Down	0
GAM	RvY_04737-1	8	0	8	0	0	1	0	down	1	Highly Stable	Highly Stable Down	0
GAM	RvY_04784	8	0	8	0	0	1	0	down	1	Highly Stable	Highly Stable Down	0
GAM	RvY_04860-1	8	0	8	0	0	1	0	down	1	Highly Stable	Highly Stable Down	0
GAM	RvY_04889-1	8	0	8	0	0	1	0	down	1	Highly Stable	Highly Stable Down	0
GAM	RvY_05012-1	8	0	8	0	0	1	0	down	1	Highly Stable	Highly Stable Down	0
GAM	RvY_05016-1	8	0	8	0	0	1	0	down	1	Highly Stable	Highly Stable Down	0
GAM	RvY_05228-1	8	0	8	0	0	1	0	down	1	Highly Stable	Highly Stable Down	0
GAM	RvY_05261-1	8	0	8	0	0	1	0	down	1	Highly Stable	Highly Stable Down	0
GAM	RvY_05402-1	8	0	8	0	0	1	0	down	1	Highly Stable	Highly Stable Down	0
GAM	RvY_05700-1	8	0	8	0	0	1	0	down	1	Highly Stable	Highly Stable Down	0
GAM	RvY_05721-1	8	0	8	0	0	1	0	down	1	Highly Stable	Highly Stable Down	0
GAM	RvY_05834-1	8	0	8	0	0	1	0	down	1	Highly Stable	Highly Stable Down	0
GAM	RvY_05858-1	8	0	8	0	0	1	0	down	1	Highly Stable	Highly Stable Down	0
GAM	RvY_05898	8	0	8	0	0	1	0	down	1	Highly Stable	Highly Stable Down	0
GAM	RvY_05953-1	8	0	8	0	0	1	0	down	1	Highly Stable	Highly Stable Down	0
GAM	RvY_05954-1	8	0	8	0	0	1	0	down	1	Highly Stable	Highly Stable Down	0
GAM	RvY_06007-1	8	0	8	0	0	1	0	down	1	Highly Stable	Highly Stable Down	0
GAM	RvY_06066-1	8	0	8	0	0	1	0	down	1	Highly Stable	Highly Stable Down	0
GAM	RvY_06141-1	8	0	8	0	0	1	0	down	1	Highly Stable	Highly Stable Down	0
GAM	RvY_06179-1	8	0	8	0	0	1	0	down	1	Highly Stable	Highly Stable Down	0
GAM	RvY_06216-1	8	0	8	0	0	1	0	down	1	Highly Stable	Highly Stable Down	0
GAM	RvY_06219	8	0	8	0	0	1	0	down	1	Highly Stable	Highly Stable Down	0
GAM	RvY_06249-1	8	0	8	0	0	1	0	down	1	Highly Stable	Highly Stable Down	0
GAM	RvY_06251-1	8	0	8	0	0	1	0	down	1	Highly Stable	Highly Stable Down	0
GAM	RvY_06271-1	8	0	8	0	0	1	0	down	1	Highly Stable	Highly Stable Down	0
GAM	RvY_06275-1	8	0	8	0	0	1	0	down	1	Highly Stable	Highly Stable Down	0
GAM	RvY_06324	8	0	8	0	0	1	0	down	1	Highly Stable	Highly Stable Down	0
GAM	RvY_06327-1	8	0	8	0	0	1	0	down	1	Highly Stable	Highly Stable Down	0
GAM	RvY_06328-1	8	0	8	0	0	1	0	down	1	Highly Stable	Highly Stable Down	0
GAM	RvY_06352-1	8	0	8	0	0	1	0	down	1	Highly Stable	Highly Stable Down	0
GAM	RvY_06375-1	8	0	8	0	0	1	0	down	1	Highly Stable	Highly Stable Down	0
GAM	RvY_06465-1	8	0	8	0	0	1	0	down	1	Highly Stable	Highly Stable Down	0
GAM	RvY_06557-1	8	0	8	0	0	1	0	down	1	Highly Stable	Highly Stable Down	0
GAM	RvY_06560-1	8	0	8	0	0	1	0	down	1	Highly Stable	Highly Stable Down	0
GAM	RvY_06644-1	8	0	8	0	0	1	0	down	1	Highly Stable	Highly Stable Down	0
GAM	RvY_06680-1	8	0	8	0	0	1	0	down	1	Highly Stable	Highly Stable Down	0
GAM	RvY_06686-1	8	0	8	0	0	1	0	down	1	Highly Stable	Highly Stable Down	0
GAM	RvY_06696	8	0	8	0	0	1	0	down	1	Highly Stable	Highly Stable Down	0
GAM	RvY_06697-1	8	0	8	0	0	1	0	down	1	Highly Stable	Highly Stable Down	0
GAM	RvY_06743-1	8	0	8	0	0	1	0	down	1	Highly Stable	Highly Stable Down	0
GAM	RvY_06795-1	8	0	8	0	0	1	0	down	1	Highly Stable	Highly Stable Down	0
GAM	RvY_06822-1	8	0	8	0	0	1	0	down	1	Highly Stable	Highly Stable Down	0
GAM	RvY_06831-1	8	0	8	0	0	1	0	down	1	Highly Stable	Highly Stable Down	0
GAM	RvY_06842-1	8	0	8	0	0	1	0	down	1	Highly Stable	Highly Stable Down	0
GAM	RvY_06862-1	8	0	8	0	0	1	0	down	1	Highly Stable	Highly Stable Down	0
GAM	RvY_07092-1	8	0	8	0	0	1	0	down	1	Highly Stable	Highly Stable Down	0
GAM	RvY_07120-1	8	0	8	0	0	1	0	down	1	Highly Stable	Highly Stable Down	0
GAM	RvY_07181-1	8	0	8	0	0	1	0	down	1	Highly Stable	Highly Stable Down	0
GAM	RvY_07205-1	8	0	8	0	0	1	0	down	1	Highly Stable	Highly Stable Down	0
GAM	RvY_07216-1	8	0	8	0	0	1	0	down	1	Highly Stable	Highly Stable Down	0
GAM	RvY_07220-1	8	0	8	0	0	1	0	down	1	Highly Stable	Highly Stable Down	0
GAM	RvY_07451-1	8	0	8	0	0	1	0	down	1	Highly Stable	Highly Stable Down	0
GAM	RvY_07463-1	8	0	8	0	0	1	0	down	1	Highly Stable	Highly Stable Down	0
GAM	RvY_07520-1	8	0	8	0	0	1	0	down	1	Highly Stable	Highly Stable Down	0
GAM	RvY_07532-1	8	0	8	0	0	1	0	down	1	Highly Stable	Highly Stable Down	0
GAM	RvY_07544-1	8	0	8	0	0	1	0	down	1	Highly Stable	Highly Stable Down	0
GAM	RvY_07578-1	8	0	8	0	0	1	0	down	1	Highly Stable	Highly Stable Down	0
GAM	RvY_07676	8	0	8	0	0	1	0	down	1	Highly Stable	Highly Stable Down	0
GAM	RvY_07722-1	8	0	8	0	0	1	0	down	1	Highly Stable	Highly Stable Down	0
GAM	RvY_07760-1	8	0	8	0	0	1	0	down	1	Highly Stable	Highly Stable Down	0
GAM	RvY_07777-1	8	0	8	0	0	1	0	down	1	Highly Stable	Highly Stable Down	0
GAM	RvY_07805-1	8	0	8	0	0	1	0	down	1	Highly Stable	Highly Stable Down	0
GAM	RvY_07806-1	8	0	8	0	0	1	0	down	1	Highly Stable	Highly Stable Down	0
GAM	RvY_07830-1	8	0	8	0	0	1	0	down	1	Highly Stable	Highly Stable Down	0
GAM	RvY_07866-1	8	0	8	0	0	1	0	down	1	Highly Stable	Highly Stable Down	0
GAM	RvY_07885-1	8	0	8	0	0	1	0	down	1	Highly Stable	Highly Stable Down	0
GAM	RvY_07891-1	8	0	8	0	0	1	0	down	1	Highly Stable	Highly Stable Down	0
GAM	RvY_07982-1	8	0	8	0	0	1	0	down	1	Highly Stable	Highly Stable Down	0
GAM	RvY_08061-1	8	0	8	0	0	1	0	down	1	Highly Stable	Highly Stable Down	0
GAM	RvY_08201-1	8	0	8	0	0	1	0	down	1	Highly Stable	Highly Stable Down	0
GAM	RvY_08222-1	8	0	8	0	0	1	0	down	1	Highly Stable	Highly Stable Down	0
GAM	RvY_08224-1	8	0	8	0	0	1	0	down	1	Highly Stable	Highly Stable Down	0
GAM	RvY_08232	8	0	8	0	0	1	0	down	1	Highly Stable	Highly Stable Down	0
GAM	RvY_08297-1	8	0	8	0	0	1	0	down	1	Highly Stable	Highly Stable Down	0
GAM	RvY_08298-1	8	0	8	0	0	1	0	down	1	Highly Stable	Highly Stable Down	0
GAM	RvY_08422-1	8	0	8	0	0	1	0	down	1	Highly Stable	Highly Stable Down	0
GAM	RvY_08516-1	8	0	8	0	0	1	0	down	1	Highly Stable	Highly Stable Down	0
GAM	RvY_08544-1	8	0	8	0	0	1	0	down	1	Highly Stable	Highly Stable Down	0
GAM	RvY_08579-1	8	0	8	0	0	1	0	down	1	Highly Stable	Highly Stable Down	0
GAM	RvY_08580-1	8	0	8	0	0	1	0	down	1	Highly Stable	Highly Stable Down	0
GAM	RvY_08605-1	8	0	8	0	0	1	0	down	1	Highly Stable	Highly Stable Down	0
GAM	RvY_08611-1	8	0	8	0	0	1	0	down	1	Highly Stable	Highly Stable Down	0
GAM	RvY_08642-1	8	0	8	0	0	1	0	down	1	Highly Stable	Highly Stable Down	0
GAM	RvY_08694-1	8	0	8	0	0	1	0	down	1	Highly Stable	Highly Stable Down	0
GAM	RvY_08826-1	8	0	8	0	0	1	0	down	1	Highly Stable	Highly Stable Down	0
GAM	RvY_09117-1	8	0	8	0	0	1	0	down	1	Highly Stable	Highly Stable Down	0
GAM	RvY_09119-1	8	0	8	0	0	1	0	down	1	Highly Stable	Highly Stable Down	0
GAM	RvY_09138-1	8	0	8	0	0	1	0	down	1	Highly Stable	Highly Stable Down	0
GAM	RvY_09398-1	8	0	8	0	0	1	0	down	1	Highly Stable	Highly Stable Down	0
GAM	RvY_09645-1	8	0	8	0	0	1	0	down	1	Highly Stable	Highly Stable Down	0
GAM	RvY_09663	8	0	8	0	0	1	0	down	1	Highly Stable	Highly Stable Down	0
GAM	RvY_09766-1	8	0	8	0	0	1	0	down	1	Highly Stable	Highly Stable Down	0
GAM	RvY_09808-1	8	0	8	0	0	1	0	down	1	Highly Stable	Highly Stable Down	0
GAM	RvY_10076-1	8	0	8	0	0	1	0	down	1	Highly Stable	Highly Stable Down	0
GAM	RvY_10206	8	0	8	0	0	1	0	down	1	Highly Stable	Highly Stable Down	0
GAM	RvY_10207-1	8	0	8	0	0	1	0	down	1	Highly Stable	Highly Stable Down	0
GAM	RvY_10215-1	8	0	8	0	0	1	0	down	1	Highly Stable	Highly Stable Down	0
GAM	RvY_10349-1	8	0	8	0	0	1	0	down	1	Highly Stable	Highly Stable Down	0
GAM	RvY_10361-1	8	0	8	0	0	1	0	down	1	Highly Stable	Highly Stable Down	0
GAM	RvY_10366-1	8	0	8	0	0	1	0	down	1	Highly Stable	Highly Stable Down	0
GAM	RvY_10429-1	8	0	8	0	0	1	0	down	1	Highly Stable	Highly Stable Down	0
GAM	RvY_10480	8	0	8	0	0	1	0	down	1	Highly Stable	Highly Stable Down	0
GAM	RvY_10481	8	0	8	0	0	1	0	down	1	Highly Stable	Highly Stable Down	0
GAM	RvY_10521	8	0	8	0	0	1	0	down	1	Highly Stable	Highly Stable Down	0
GAM	RvY_10567-1	8	0	8	0	0	1	0	down	1	Highly Stable	Highly Stable Down	0
GAM	RvY_10714-1	8	0	8	0	0	1	0	down	1	Highly Stable	Highly Stable Down	0
GAM	RvY_10721-1	8	0	8	0	0	1	0	down	1	Highly Stable	Highly Stable Down	0
GAM	RvY_10735-1	8	0	8	0	0	1	0	down	1	Highly Stable	Highly Stable Down	0
GAM	RvY_10791-1	8	0	8	0	0	1	0	down	1	Highly Stable	Highly Stable Down	0
GAM	RvY_10798-1	8	0	8	0	0	1	0	down	1	Highly Stable	Highly Stable Down	0
GAM	RvY_10827-1	8	0	8	0	0	1	0	down	1	Highly Stable	Highly Stable Down	0
GAM	RvY_10918-1	8	0	8	0	0	1	0	down	1	Highly Stable	Highly Stable Down	0
GAM	RvY_10959-1	8	0	8	0	0	1	0	down	1	Highly Stable	Highly Stable Down	0
GAM	RvY_10999-1	8	0	8	0	0	1	0	down	1	Highly Stable	Highly Stable Down	0
GAM	RvY_11007	8	0	8	0	0	1	0	down	1	Highly Stable	Highly Stable Down	0
GAM	RvY_11050-1	8	0	8	0	0	1	0	down	1	Highly Stable	Highly Stable Down	0
GAM	RvY_11061-1	8	0	8	0	0	1	0	down	1	Highly Stable	Highly Stable Down	0
GAM	RvY_11078-1	8	0	8	0	0	1	0	down	1	Highly Stable	Highly Stable Down	0
GAM	RvY_11234	8	0	8	0	0	1	0	down	1	Highly Stable	Highly Stable Down	0
GAM	RvY_11252	8	0	8	0	0	1	0	down	1	Highly Stable	Highly Stable Down	0
GAM	RvY_11258-1	8	0	8	0	0	1	0	down	1	Highly Stable	Highly Stable Down	0
GAM	RvY_11262-1	8	0	8	0	0	1	0	down	1	Highly Stable	Highly Stable Down	0
GAM	RvY_11286-1	8	0	8	0	0	1	0	down	1	Highly Stable	Highly Stable Down	0
GAM	RvY_11314-1	8	0	8	0	0	1	0	down	1	Highly Stable	Highly Stable Down	0
GAM	RvY_11679-1	8	0	8	0	0	1	0	down	1	Highly Stable	Highly Stable Down	0
GAM	RvY_11680-1	8	0	8	0	0	1	0	down	1	Highly Stable	Highly Stable Down	0
GAM	RvY_11701-1	8	0	8	0	0	1	0	down	1	Highly Stable	Highly Stable Down	0
GAM	RvY_11730	8	0	8	0	0	1	0	down	1	Highly Stable	Highly Stable Down	0
GAM	RvY_11789-1	8	0	8	0	0	1	0	down	1	Highly Stable	Highly Stable Down	0
GAM	RvY_11798-1	8	0	8	0	0	1	0	down	1	Highly Stable	Highly Stable Down	0
GAM	RvY_11810-1	8	0	8	0	0	1	0	down	1	Highly Stable	Highly Stable Down	0
GAM	RvY_11821-1	8	0	8	0	0	1	0	down	1	Highly Stable	Highly Stable Down	0
GAM	RvY_11864-1	8	0	8	0	0	1	0	down	1	Highly Stable	Highly Stable Down	0
GAM	RvY_11881	8	0	8	0	0	1	0	down	1	Highly Stable	Highly Stable Down	0
GAM	RvY_11895-1	8	0	8	0	0	1	0	down	1	Highly Stable	Highly Stable Down	0
GAM	RvY_11907-1	8	0	8	0	0	1	0	down	1	Highly Stable	Highly Stable Down	0
GAM	RvY_12004-1	8	0	8	0	0	1	0	down	1	Highly Stable	Highly Stable Down	0
GAM	RvY_12017-1	8	0	8	0	0	1	0	down	1	Highly Stable	Highly Stable Down	0
GAM	RvY_12024-1	8	0	8	0	0	1	0	down	1	Highly Stable	Highly Stable Down	0
GAM	RvY_12071	8	0	8	0	0	1	0	down	1	Highly Stable	Highly Stable Down	0
GAM	RvY_12076-1	8	0	8	0	0	1	0	down	1	Highly Stable	Highly Stable Down	0
GAM	RvY_12091-1	8	0	8	0	0	1	0	down	1	Highly Stable	Highly Stable Down	0
GAM	RvY_12177	8	0	8	0	0	1	0	down	1	Highly Stable	Highly Stable Down	0
GAM	RvY_12178-2	8	0	8	0	0	1	0	down	1	Highly Stable	Highly Stable Down	0
GAM	RvY_12185-1	8	0	8	0	0	1	0	down	1	Highly Stable	Highly Stable Down	0
GAM	RvY_12278-1	8	0	8	0	0	1	0	down	1	Highly Stable	Highly Stable Down	0
GAM	RvY_12292-1	8	0	8	0	0	1	0	down	1	Highly Stable	Highly Stable Down	0
GAM	RvY_12293-1	8	0	8	0	0	1	0	down	1	Highly Stable	Highly Stable Down	0
GAM	RvY_12294-1	8	0	8	0	0	1	0	down	1	Highly Stable	Highly Stable Down	0
GAM	RvY_12295-1	8	0	8	0	0	1	0	down	1	Highly Stable	Highly Stable Down	0
GAM	RvY_12385-1	8	0	8	0	0	1	0	down	1	Highly Stable	Highly Stable Down	0
GAM	RvY_12479	8	0	8	0	0	1	0	down	1	Highly Stable	Highly Stable Down	0
GAM	RvY_12481-1	8	0	8	0	0	1	0	down	1	Highly Stable	Highly Stable Down	0
GAM	RvY_12500-1	8	0	8	0	0	1	0	down	1	Highly Stable	Highly Stable Down	0
GAM	RvY_12501-1	8	0	8	0	0	1	0	down	1	Highly Stable	Highly Stable Down	0
GAM	RvY_12502-1	8	0	8	0	0	1	0	down	1	Highly Stable	Highly Stable Down	0
GAM	RvY_12503-1	8	0	8	0	0	1	0	down	1	Highly Stable	Highly Stable Down	0
GAM	RvY_12520-1	8	0	8	0	0	1	0	down	1	Highly Stable	Highly Stable Down	0
GAM	RvY_12536-1	8	0	8	0	0	1	0	down	1	Highly Stable	Highly Stable Down	0
GAM	RvY_12573-1	8	0	8	0	0	1	0	down	1	Highly Stable	Highly Stable Down	0
GAM	RvY_12626	8	0	8	0	0	1	0	down	1	Highly Stable	Highly Stable Down	0
GAM	RvY_12643	8	0	8	0	0	1	0	down	1	Highly Stable	Highly Stable Down	0
GAM	RvY_12747-1	8	0	8	0	0	1	0	down	1	Highly Stable	Highly Stable Down	0
GAM	RvY_12774-1	8	0	8	0	0	1	0	down	1	Highly Stable	Highly Stable Down	0
GAM	RvY_12831-1	8	0	8	0	0	1	0	down	1	Highly Stable	Highly Stable Down	0
GAM	RvY_12834-1	8	0	8	0	0	1	0	down	1	Highly Stable	Highly Stable Down	0
GAM	RvY_12908-1	8	0	8	0	0	1	0	down	1	Highly Stable	Highly Stable Down	0
GAM	RvY_13067-1	8	0	8	0	0	1	0	down	1	Highly Stable	Highly Stable Down	0
GAM	RvY_13094-1	8	0	8	0	0	1	0	down	1	Highly Stable	Highly Stable Down	0
GAM	RvY_13099-1	8	0	8	0	0	1	0	down	1	Highly Stable	Highly Stable Down	0
GAM	RvY_13172-1	8	0	8	0	0	1	0	down	1	Highly Stable	Highly Stable Down	0
GAM	RvY_13209-1	8	0	8	0	0	1	0	down	1	Highly Stable	Highly Stable Down	0
GAM	RvY_13210-1	8	0	8	0	0	1	0	down	1	Highly Stable	Highly Stable Down	0
GAM	RvY_13211-1	8	0	8	0	0	1	0	down	1	Highly Stable	Highly Stable Down	0
GAM	RvY_13234-1	8	0	8	0	0	1	0	down	1	Highly Stable	Highly Stable Down	0
GAM	RvY_13286-1	8	0	8	0	0	1	0	down	1	Highly Stable	Highly Stable Down	0
GAM	RvY_13288-1	8	0	8	0	0	1	0	down	1	Highly Stable	Highly Stable Down	0
GAM	RvY_13315-1	8	0	8	0	0	1	0	down	1	Highly Stable	Highly Stable Down	0
GAM	RvY_13338-1	8	0	8	0	0	1	0	down	1	Highly Stable	Highly Stable Down	0
GAM	RvY_13345-1	8	0	8	0	0	1	0	down	1	Highly Stable	Highly Stable Down	0
GAM	RvY_13377-1	8	0	8	0	0	1	0	down	1	Highly Stable	Highly Stable Down	0
GAM	RvY_13384-1	8	0	8	0	0	1	0	down	1	Highly Stable	Highly Stable Down	0
GAM	RvY_13424-1	8	0	8	0	0	1	0	down	1	Highly Stable	Highly Stable Down	0
GAM	RvY_13561-1	8	0	8	0	0	1	0	down	1	Highly Stable	Highly Stable Down	0
GAM	RvY_13564	8	0	8	0	0	1	0	down	1	Highly Stable	Highly Stable Down	0
GAM	RvY_13567	8	0	8	0	0	1	0	down	1	Highly Stable	Highly Stable Down	0
GAM	RvY_13613-1	8	0	8	0	0	1	0	down	1	Highly Stable	Highly Stable Down	0
GAM	RvY_13616-1	8	0	8	0	0	1	0	down	1	Highly Stable	Highly Stable Down	0
GAM	RvY_13636	8	0	8	0	0	1	0	down	1	Highly Stable	Highly Stable Down	0
GAM	RvY_13637-1	8	0	8	0	0	1	0	down	1	Highly Stable	Highly Stable Down	0
GAM	RvY_13651	8	0	8	0	0	1	0	down	1	Highly Stable	Highly Stable Down	0
GAM	RvY_13663-1	8	0	8	0	0	1	0	down	1	Highly Stable	Highly Stable Down	0
GAM	RvY_13717-1	8	0	8	0	0	1	0	down	1	Highly Stable	Highly Stable Down	0
GAM	RvY_13928-1	8	0	8	0	0	1	0	down	1	Highly Stable	Highly Stable Down	0
GAM	RvY_14036-1	8	0	8	0	0	1	0	down	1	Highly Stable	Highly Stable Down	0
GAM	RvY_14138-1	8	0	8	0	0	1	0	down	1	Highly Stable	Highly Stable Down	0
GAM	RvY_14254-1	8	0	8	0	0	1	0	down	1	Highly Stable	Highly Stable Down	0
GAM	RvY_14268-1	8	0	8	0	0	1	0	down	1	Highly Stable	Highly Stable Down	0
GAM	RvY_14297	8	0	8	0	0	1	0	down	1	Highly Stable	Highly Stable Down	0
GAM	RvY_14435-1	8	0	8	0	0	1	0	down	1	Highly Stable	Highly Stable Down	0
GAM	RvY_14500-1	8	0	8	0	0	1	0	down	1	Highly Stable	Highly Stable Down	0
GAM	RvY_14518-1	8	0	8	0	0	1	0	down	1	Highly Stable	Highly Stable Down	0
GAM	RvY_14798-1	8	0	8	0	0	1	0	down	1	Highly Stable	Highly Stable Down	0
GAM	RvY_14811-1	8	0	8	0	0	1	0	down	1	Highly Stable	Highly Stable Down	0
GAM	RvY_14812-1	8	0	8	0	0	1	0	down	1	Highly Stable	Highly Stable Down	0
GAM	RvY_14862-1	8	0	8	0	0	1	0	down	1	Highly Stable	Highly Stable Down	0
GAM	RvY_14903-1	8	0	8	0	0	1	0	down	1	Highly Stable	Highly Stable Down	0
GAM	RvY_14904	8	0	8	0	0	1	0	down	1	Highly Stable	Highly Stable Down	0
GAM	RvY_14916	8	0	8	0	0	1	0	down	1	Highly Stable	Highly Stable Down	0
GAM	RvY_14923-1	8	0	8	0	0	1	0	down	1	Highly Stable	Highly Stable Down	0
GAM	RvY_14924-1	8	0	8	0	0	1	0	down	1	Highly Stable	Highly Stable Down	0
GAM	RvY_14951-1	8	0	8	0	0	1	0	down	1	Highly Stable	Highly Stable Down	0
GAM	RvY_14994	8	0	8	0	0	1	0	down	1	Highly Stable	Highly Stable Down	0
GAM	RvY_15041-1	8	0	8	0	0	1	0	down	1	Highly Stable	Highly Stable Down	0
GAM	RvY_15055-1	8	0	8	0	0	1	0	down	1	Highly Stable	Highly Stable Down	0
GAM	RvY_15056	8	0	8	0	0	1	0	down	1	Highly Stable	Highly Stable Down	0
GAM	RvY_15085-1	8	0	8	0	0	1	0	down	1	Highly Stable	Highly Stable Down	0
GAM	RvY_15086-1	8	0	8	0	0	1	0	down	1	Highly Stable	Highly Stable Down	0
GAM	RvY_15112-1	8	0	8	0	0	1	0	down	1	Highly Stable	Highly Stable Down	0
GAM	RvY_15114-1	8	0	8	0	0	1	0	down	1	Highly Stable	Highly Stable Down	0
GAM	RvY_15129-1	8	0	8	0	0	1	0	down	1	Highly Stable	Highly Stable Down	0
GAM	RvY_15139-1	8	0	8	0	0	1	0	down	1	Highly Stable	Highly Stable Down	0
GAM	RvY_15161-1	8	0	8	0	0	1	0	down	1	Highly Stable	Highly Stable Down	0
GAM	RvY_15179	8	0	8	0	0	1	0	down	1	Highly Stable	Highly Stable Down	0
GAM	RvY_15185-1	8	0	8	0	0	1	0	down	1	Highly Stable	Highly Stable Down	0
GAM	RvY_15260	8	0	8	0	0	1	0	down	1	Highly Stable	Highly Stable Down	0
GAM	RvY_15279	8	0	8	0	0	1	0	down	1	Highly Stable	Highly Stable Down	0
GAM	RvY_15280-2	8	0	8	0	0	1	0	down	1	Highly Stable	Highly Stable Down	0
GAM	RvY_15386-1	8	0	8	0	0	1	0	down	1	Highly Stable	Highly Stable Down	0
GAM	RvY_15412-1	8	0	8	0	0	1	0	down	1	Highly Stable	Highly Stable Down	0
GAM	RvY_15488	8	0	8	0	0	1	0	down	1	Highly Stable	Highly Stable Down	0
GAM	RvY_15509-1	8	0	8	0	0	1	0	down	1	Highly Stable	Highly Stable Down	0
GAM	RvY_15535-1	8	0	8	0	0	1	0	down	1	Highly Stable	Highly Stable Down	0
GAM	RvY_15537-1	8	0	8	0	0	1	0	down	1	Highly Stable	Highly Stable Down	0
GAM	RvY_15580-1	8	0	8	0	0	1	0	down	1	Highly Stable	Highly Stable Down	0
GAM	RvY_15661-1	8	0	8	0	0	1	0	down	1	Highly Stable	Highly Stable Down	0
GAM	RvY_15720-1	8	0	8	0	0	1	0	down	1	Highly Stable	Highly Stable Down	0
GAM	RvY_15836-1	8	0	8	0	0	1	0	down	1	Highly Stable	Highly Stable Down	0
GAM	RvY_15838-1	8	0	8	0	0	1	0	down	1	Highly Stable	Highly Stable Down	0
GAM	RvY_15922-1	8	0	8	0	0	1	0	down	1	Highly Stable	Highly Stable Down	0
GAM	RvY_15926	8	0	8	0	0	1	0	down	1	Highly Stable	Highly Stable Down	0
GAM	RvY_15927-1	8	0	8	0	0	1	0	down	1	Highly Stable	Highly Stable Down	0
GAM	RvY_16056-1	8	0	8	0	0	1	0	down	1	Highly Stable	Highly Stable Down	0
GAM	RvY_16170-1	8	0	8	0	0	1	0	down	1	Highly Stable	Highly Stable Down	0
GAM	RvY_16183-1	8	0	8	0	0	1	0	down	1	Highly Stable	Highly Stable Down	0
GAM	RvY_16270-1	8	0	8	0	0	1	0	down	1	Highly Stable	Highly Stable Down	0
GAM	RvY_16274-1	8	0	8	0	0	1	0	down	1	Highly Stable	Highly Stable Down	0
GAM	RvY_16318-1	8	0	8	0	0	1	0	down	1	Highly Stable	Highly Stable Down	0
GAM	RvY_16327-1	8	0	8	0	0	1	0	down	1	Highly Stable	Highly Stable Down	0
GAM	RvY_16378-1	8	0	8	0	0	1	0	down	1	Highly Stable	Highly Stable Down	0
GAM	RvY_16430-1	8	0	8	0	0	1	0	down	1	Highly Stable	Highly Stable Down	0
GAM	RvY_16487	8	0	8	0	0	1	0	down	1	Highly Stable	Highly Stable Down	0
GAM	RvY_16499-1	8	0	8	0	0	1	0	down	1	Highly Stable	Highly Stable Down	0
GAM	RvY_16531-1	8	0	8	0	0	1	0	down	1	Highly Stable	Highly Stable Down	0
GAM	RvY_16604-1	8	0	8	0	0	1	0	down	1	Highly Stable	Highly Stable Down	0
GAM	RvY_16656	8	0	8	0	0	1	0	down	1	Highly Stable	Highly Stable Down	0
GAM	RvY_16669-1	8	0	8	0	0	1	0	down	1	Highly Stable	Highly Stable Down	0
GAM	RvY_16679-1	8	0	8	0	0	1	0	down	1	Highly Stable	Highly Stable Down	0
GAM	RvY_16725-1	8	0	8	0	0	1	0	down	1	Highly Stable	Highly Stable Down	0
GAM	RvY_16743-1	8	0	8	0	0	1	0	down	1	Highly Stable	Highly Stable Down	0
GAM	RvY_16795	8	0	8	0	0	1	0	down	1	Highly Stable	Highly Stable Down	0
GAM	RvY_16884-1	8	0	8	0	0	1	0	down	1	Highly Stable	Highly Stable Down	0
GAM	RvY_16968	8	0	8	0	0	1	0	down	1	Highly Stable	Highly Stable Down	0
GAM	RvY_17053-1	8	0	8	0	0	1	0	down	1	Highly Stable	Highly Stable Down	0
GAM	RvY_17162-1	8	0	8	0	0	1	0	down	1	Highly Stable	Highly Stable Down	0
GAM	RvY_17176	8	0	8	0	0	1	0	down	1	Highly Stable	Highly Stable Down	0
GAM	RvY_17177-1	8	0	8	0	0	1	0	down	1	Highly Stable	Highly Stable Down	0
GAM	RvY_17179-1	8	0	8	0	0	1	0	down	1	Highly Stable	Highly Stable Down	0
GAM	RvY_17247-1	8	0	8	0	0	1	0	down	1	Highly Stable	Highly Stable Down	0
GAM	RvY_17294-1	8	0	8	0	0	1	0	down	1	Highly Stable	Highly Stable Down	0
GAM	RvY_17300-1	8	0	8	0	0	1	0	down	1	Highly Stable	Highly Stable Down	0
GAM	RvY_17398-1	8	0	8	0	0	1	0	down	1	Highly Stable	Highly Stable Down	0
GAM	RvY_17401-1	8	0	8	0	0	1	0	down	1	Highly Stable	Highly Stable Down	0
GAM	RvY_17455-1	8	0	8	0	0	1	0	down	1	Highly Stable	Highly Stable Down	0
GAM	RvY_17576-1	8	0	8	0	0	1	0	down	1	Highly Stable	Highly Stable Down	0
GAM	RvY_17634-1	8	0	8	0	0	1	0	down	1	Highly Stable	Highly Stable Down	0
GAM	RvY_17651-1	8	0	8	0	0	1	0	down	1	Highly Stable	Highly Stable Down	0
GAM	RvY_17720-1	8	0	8	0	0	1	0	down	1	Highly Stable	Highly Stable Down	0
GAM	RvY_17740	8	0	8	0	0	1	0	down	1	Highly Stable	Highly Stable Down	0
GAM	RvY_17747	8	0	8	0	0	1	0	down	1	Highly Stable	Highly Stable Down	0
GAM	RvY_17802-1	8	0	8	0	0	1	0	down	1	Highly Stable	Highly Stable Down	0
GAM	RvY_17805-1	8	0	8	0	0	1	0	down	1	Highly Stable	Highly Stable Down	0
GAM	RvY_17811-1	8	0	8	0	0	1	0	down	1	Highly Stable	Highly Stable Down	0
GAM	RvY_17909-1	8	0	8	0	0	1	0	down	1	Highly Stable	Highly Stable Down	0
GAM	RvY_17992-1	8	0	8	0	0	1	0	down	1	Highly Stable	Highly Stable Down	0
GAM	RvY_18029-1	8	0	8	0	0	1	0	down	1	Highly Stable	Highly Stable Down	0
GAM	RvY_18043-1	8	0	8	0	0	1	0	down	1	Highly Stable	Highly Stable Down	0
GAM	RvY_18332-1	8	0	8	0	0	1	0	down	1	Highly Stable	Highly Stable Down	0
GAM	RvY_18364-1	8	0	8	0	0	1	0	down	1	Highly Stable	Highly Stable Down	0
GAM	RvY_18508-1	8	0	8	0	0	1	0	down	1	Highly Stable	Highly Stable Down	0
GAM	RvY_18552-1	8	0	8	0	0	1	0	down	1	Highly Stable	Highly Stable Down	0
GAM	RvY_18579-1	8	0	8	0	0	1	0	down	1	Highly Stable	Highly Stable Down	0
GAM	RvY_18580-1	8	0	8	0	0	1	0	down	1	Highly Stable	Highly Stable Down	0
GAM	RvY_18606-1	8	0	8	0	0	1	0	down	1	Highly Stable	Highly Stable Down	0
GAM	RvY_18699-1	8	0	8	0	0	1	0	down	1	Highly Stable	Highly Stable Down	0
GAM	RvY_18796-1	8	0	8	0	0	1	0	down	1	Highly Stable	Highly Stable Down	0
GAM	RvY_19062-1	8	0	8	0	0	1	0	down	1	Highly Stable	Highly Stable Down	0
GAM	RvY_19094-1	8	0	8	0	0	1	0	down	1	Highly Stable	Highly Stable Down	0
GAM	RvY_19125-1	8	0	8	0	0	1	0	down	1	Highly Stable	Highly Stable Down	0
GAM	RvY_19269-1	8	0	8	0	0	1	0	down	1	Highly Stable	Highly Stable Down	0
GAM	RvY_19297-1	8	0	8	0	0	1	0	down	1	Highly Stable	Highly Stable Down	0
GAM	RvY_19305-2	8	0	8	0	0	1	0	down	1	Highly Stable	Highly Stable Down	0
GAM	RvY_19306-1	8	0	8	0	0	1	0	down	1	Highly Stable	Highly Stable Down	0
GAM	RvY_19307	8	0	8	0	0	1	0	down	1	Highly Stable	Highly Stable Down	0
GAM	RvY_19400-1	8	0	8	0	0	1	0	down	1	Highly Stable	Highly Stable Down	0
GAM	RvY_19444-1	8	0	8	0	0	1	0	down	1	Highly Stable	Highly Stable Down	0
GAM	RvY_19463-1	8	0	8	0	0	1	0	down	1	Highly Stable	Highly Stable Down	0
GAM	RvY_19580-1	8	0	8	0	0	1	0	down	1	Highly Stable	Highly Stable Down	0
GAM	RvY_00120-2	8	0	7	1	0	0.875	0.125	down	0.875	Stable	Stable Down	0.125
GAM	RvY_00127-1	8	0	7	1	0	0.875	0.125	down	0.875	Stable	Stable Down	0.125
GAM	RvY_00133-1	8	0	7	1	0	0.875	0.125	down	0.875	Stable	Stable Down	0.125
GAM	RvY_00166-1	8	0	7	1	0	0.875	0.125	down	0.875	Stable	Stable Down	0.125
GAM	RvY_00181	8	0	7	1	0	0.875	0.125	down	0.875	Stable	Stable Down	0.125
GAM	RvY_00188-1	8	0	7	1	0	0.875	0.125	down	0.875	Stable	Stable Down	0.125
GAM	RvY_00253-1	8	0	7	1	0	0.875	0.125	down	0.875	Stable	Stable Down	0.125
GAM	RvY_00265-1	8	0	7	1	0	0.875	0.125	down	0.875	Stable	Stable Down	0.125
GAM	RvY_00288-1	8	0	7	1	0	0.875	0.125	down	0.875	Stable	Stable Down	0.125
GAM	RvY_00293-1	8	0	7	1	0	0.875	0.125	down	0.875	Stable	Stable Down	0.125
GAM	RvY_00338-1	8	0	7	1	0	0.875	0.125	down	0.875	Stable	Stable Down	0.125
GAM	RvY_00345-1	8	0	7	1	0	0.875	0.125	down	0.875	Stable	Stable Down	0.125
GAM	RvY_00403	8	0	7	1	0	0.875	0.125	down	0.875	Stable	Stable Down	0.125
GAM	RvY_00428-1	8	0	7	1	0	0.875	0.125	down	0.875	Stable	Stable Down	0.125
GAM	RvY_00443-1	8	0	7	1	0	0.875	0.125	down	0.875	Stable	Stable Down	0.125
GAM	RvY_00462-1	8	0	7	1	0	0.875	0.125	down	0.875	Stable	Stable Down	0.125
GAM	RvY_00564-1	8	0	7	1	0	0.875	0.125	down	0.875	Stable	Stable Down	0.125
GAM	RvY_00611	8	0	7	1	0	0.875	0.125	down	0.875	Stable	Stable Down	0.125
GAM	RvY_00639-1	8	0	7	1	0	0.875	0.125	down	0.875	Stable	Stable Down	0.125
GAM	RvY_00648-1	8	0	7	1	0	0.875	0.125	down	0.875	Stable	Stable Down	0.125
GAM	RvY_00651-1	8	0	7	1	0	0.875	0.125	down	0.875	Stable	Stable Down	0.125
GAM	RvY_00692-1	8	0	7	1	0	0.875	0.125	down	0.875	Stable	Stable Down	0.125
GAM	RvY_00735-1	8	0	7	1	0	0.875	0.125	down	0.875	Stable	Stable Down	0.125
GAM	RvY_00749-1	8	0	7	1	0	0.875	0.125	down	0.875	Stable	Stable Down	0.125
GAM	RvY_00806-1	8	0	7	1	0	0.875	0.125	down	0.875	Stable	Stable Down	0.125
GAM	RvY_00836-1	8	0	7	1	0	0.875	0.125	down	0.875	Stable	Stable Down	0.125
GAM	RvY_00840-1	8	0	7	1	0	0.875	0.125	down	0.875	Stable	Stable Down	0.125
GAM	RvY_00866	8	0	7	1	0	0.875	0.125	down	0.875	Stable	Stable Down	0.125
GAM	RvY_00876-1	8	0	7	1	0	0.875	0.125	down	0.875	Stable	Stable Down	0.125
GAM	RvY_00883-1	8	0	7	1	0	0.875	0.125	down	0.875	Stable	Stable Down	0.125
GAM	RvY_00890-0	8	0	7	1	0	0.875	0.125	down	0.875	Stable	Stable Down	0.125
GAM	RvY_00900-1	8	0	7	1	0	0.875	0.125	down	0.875	Stable	Stable Down	0.125
GAM	RvY_00945-1	8	0	7	1	0	0.875	0.125	down	0.875	Stable	Stable Down	0.125
GAM	RvY_00949-1	8	0	7	1	0	0.875	0.125	down	0.875	Stable	Stable Down	0.125
GAM	RvY_00952-1	8	0	7	1	0	0.875	0.125	down	0.875	Stable	Stable Down	0.125
GAM	RvY_00972-1	8	0	7	1	0	0.875	0.125	down	0.875	Stable	Stable Down	0.125
GAM	RvY_01000-1	8	0	7	1	0	0.875	0.125	down	0.875	Stable	Stable Down	0.125
GAM	RvY_01009-1	8	0	7	1	0	0.875	0.125	down	0.875	Stable	Stable Down	0.125
GAM	RvY_01083-1	8	0	7	1	0	0.875	0.125	down	0.875	Stable	Stable Down	0.125
GAM	RvY_01086-1	8	0	7	1	0	0.875	0.125	down	0.875	Stable	Stable Down	0.125
GAM	RvY_01156-1	8	0	7	1	0	0.875	0.125	down	0.875	Stable	Stable Down	0.125
GAM	RvY_01158-1	8	0	7	1	0	0.875	0.125	down	0.875	Stable	Stable Down	0.125
GAM	RvY_01168-1	8	0	7	1	0	0.875	0.125	down	0.875	Stable	Stable Down	0.125
GAM	RvY_01170	8	0	7	1	0	0.875	0.125	down	0.875	Stable	Stable Down	0.125
GAM	RvY_01180-1	8	0	7	1	0	0.875	0.125	down	0.875	Stable	Stable Down	0.125
GAM	RvY_01198-1	8	0	7	1	0	0.875	0.125	down	0.875	Stable	Stable Down	0.125
GAM	RvY_01252-1	8	0	7	1	0	0.875	0.125	down	0.875	Stable	Stable Down	0.125
GAM	RvY_01278-1	8	0	7	1	0	0.875	0.125	down	0.875	Stable	Stable Down	0.125
GAM	RvY_01301-1	8	0	7	1	0	0.875	0.125	down	0.875	Stable	Stable Down	0.125
GAM	RvY_01347	8	0	7	1	0	0.875	0.125	down	0.875	Stable	Stable Down	0.125
GAM	RvY_01500-1	8	0	7	1	0	0.875	0.125	down	0.875	Stable	Stable Down	0.125
GAM	RvY_01506-1	8	0	7	1	0	0.875	0.125	down	0.875	Stable	Stable Down	0.125
GAM	RvY_01526-1	8	0	7	1	0	0.875	0.125	down	0.875	Stable	Stable Down	0.125
GAM	RvY_01527-1	8	0	7	1	0	0.875	0.125	down	0.875	Stable	Stable Down	0.125
GAM	RvY_01600-1	8	0	7	1	0	0.875	0.125	down	0.875	Stable	Stable Down	0.125
GAM	RvY_01697-1	8	0	7	1	0	0.875	0.125	down	0.875	Stable	Stable Down	0.125
GAM	RvY_01718-1	8	0	7	1	0	0.875	0.125	down	0.875	Stable	Stable Down	0.125
GAM	RvY_01725	8	0	7	1	0	0.875	0.125	down	0.875	Stable	Stable Down	0.125
GAM	RvY_01733-1	8	0	7	1	0	0.875	0.125	down	0.875	Stable	Stable Down	0.125
GAM	RvY_01939-1	8	0	7	1	0	0.875	0.125	down	0.875	Stable	Stable Down	0.125
GAM	RvY_01942-1	8	0	7	1	0	0.875	0.125	down	0.875	Stable	Stable Down	0.125
GAM	RvY_01961-1	8	0	7	1	0	0.875	0.125	down	0.875	Stable	Stable Down	0.125
GAM	RvY_01965-1	8	0	7	1	0	0.875	0.125	down	0.875	Stable	Stable Down	0.125
GAM	RvY_01982-1	8	0	7	1	0	0.875	0.125	down	0.875	Stable	Stable Down	0.125
GAM	RvY_01983-1	8	0	7	1	0	0.875	0.125	down	0.875	Stable	Stable Down	0.125
GAM	RvY_02040-1	8	0	7	1	0	0.875	0.125	down	0.875	Stable	Stable Down	0.125
GAM	RvY_02086	8	0	7	1	0	0.875	0.125	down	0.875	Stable	Stable Down	0.125
GAM	RvY_02090-1	8	0	7	1	0	0.875	0.125	down	0.875	Stable	Stable Down	0.125
GAM	RvY_02382-1	8	0	7	1	0	0.875	0.125	down	0.875	Stable	Stable Down	0.125
GAM	RvY_02417-1	8	0	7	1	0	0.875	0.125	down	0.875	Stable	Stable Down	0.125
GAM	RvY_02420-1	8	0	7	1	0	0.875	0.125	down	0.875	Stable	Stable Down	0.125
GAM	RvY_02437-2	8	0	7	1	0	0.875	0.125	down	0.875	Stable	Stable Down	0.125
GAM	RvY_02439-1	8	0	7	1	0	0.875	0.125	down	0.875	Stable	Stable Down	0.125
GAM	RvY_02440	8	0	7	1	0	0.875	0.125	down	0.875	Stable	Stable Down	0.125
GAM	RvY_02458-1	8	0	7	1	0	0.875	0.125	down	0.875	Stable	Stable Down	0.125
GAM	RvY_02471-1	8	0	7	1	0	0.875	0.125	down	0.875	Stable	Stable Down	0.125
GAM	RvY_02498-1	8	0	7	1	0	0.875	0.125	down	0.875	Stable	Stable Down	0.125
GAM	RvY_02561-1	8	0	7	1	0	0.875	0.125	down	0.875	Stable	Stable Down	0.125
GAM	RvY_02609-1	8	0	7	1	0	0.875	0.125	down	0.875	Stable	Stable Down	0.125
GAM	RvY_02630-1	8	0	7	1	0	0.875	0.125	down	0.875	Stable	Stable Down	0.125
GAM	RvY_02653-1	8	0	7	1	0	0.875	0.125	down	0.875	Stable	Stable Down	0.125
GAM	RvY_02710-1	8	0	7	1	0	0.875	0.125	down	0.875	Stable	Stable Down	0.125
GAM	RvY_02784-1	8	0	7	1	0	0.875	0.125	down	0.875	Stable	Stable Down	0.125
GAM	RvY_03019-1	8	0	7	1	0	0.875	0.125	down	0.875	Stable	Stable Down	0.125
GAM	RvY_03023-1	8	0	7	1	0	0.875	0.125	down	0.875	Stable	Stable Down	0.125
GAM	RvY_03025-1	8	0	7	1	0	0.875	0.125	down	0.875	Stable	Stable Down	0.125
GAM	RvY_03053-1	8	0	7	1	0	0.875	0.125	down	0.875	Stable	Stable Down	0.125
GAM	RvY_03100-1	8	0	7	1	0	0.875	0.125	down	0.875	Stable	Stable Down	0.125
GAM	RvY_03101-1	8	0	7	1	0	0.875	0.125	down	0.875	Stable	Stable Down	0.125
GAM	RvY_03105-1	8	0	7	1	0	0.875	0.125	down	0.875	Stable	Stable Down	0.125
GAM	RvY_03203	8	0	7	1	0	0.875	0.125	down	0.875	Stable	Stable Down	0.125
GAM	RvY_03213-1	8	0	7	1	0	0.875	0.125	down	0.875	Stable	Stable Down	0.125
GAM	RvY_03269-1	8	0	7	1	0	0.875	0.125	down	0.875	Stable	Stable Down	0.125
GAM	RvY_03290-1	8	0	7	1	0	0.875	0.125	down	0.875	Stable	Stable Down	0.125
GAM	RvY_03293-1	8	0	7	1	0	0.875	0.125	down	0.875	Stable	Stable Down	0.125
GAM	RvY_03420	8	0	7	1	0	0.875	0.125	down	0.875	Stable	Stable Down	0.125
GAM	RvY_03467	8	0	7	1	0	0.875	0.125	down	0.875	Stable	Stable Down	0.125
GAM	RvY_03506	8	0	7	1	0	0.875	0.125	down	0.875	Stable	Stable Down	0.125
GAM	RvY_03542-1	8	0	7	1	0	0.875	0.125	down	0.875	Stable	Stable Down	0.125
GAM	RvY_03576	8	0	7	1	0	0.875	0.125	down	0.875	Stable	Stable Down	0.125
GAM	RvY_03610-1	8	0	7	1	0	0.875	0.125	down	0.875	Stable	Stable Down	0.125
GAM	RvY_03612-1	8	0	7	1	0	0.875	0.125	down	0.875	Stable	Stable Down	0.125
GAM	RvY_03613	8	0	7	1	0	0.875	0.125	down	0.875	Stable	Stable Down	0.125
GAM	RvY_03654-1	8	0	7	1	0	0.875	0.125	down	0.875	Stable	Stable Down	0.125
GAM	RvY_03665-1	8	1	7	0	0.125	0.875	0	down	0.875	Stable	Stable Down	0.125
GAM	RvY_03709	8	0	7	1	0	0.875	0.125	down	0.875	Stable	Stable Down	0.125
GAM	RvY_03711-1	8	0	7	1	0	0.875	0.125	down	0.875	Stable	Stable Down	0.125
GAM	RvY_03728-1	8	0	7	1	0	0.875	0.125	down	0.875	Stable	Stable Down	0.125
GAM	RvY_03743-1	8	0	7	1	0	0.875	0.125	down	0.875	Stable	Stable Down	0.125
GAM	RvY_03749-1	8	0	7	1	0	0.875	0.125	down	0.875	Stable	Stable Down	0.125
GAM	RvY_03754-1	8	0	7	1	0	0.875	0.125	down	0.875	Stable	Stable Down	0.125
GAM	RvY_03757	8	0	7	1	0	0.875	0.125	down	0.875	Stable	Stable Down	0.125
GAM	RvY_03784-1	8	0	7	1	0	0.875	0.125	down	0.875	Stable	Stable Down	0.125
GAM	RvY_03866-1	8	0	7	1	0	0.875	0.125	down	0.875	Stable	Stable Down	0.125
GAM	RvY_03876	8	0	7	1	0	0.875	0.125	down	0.875	Stable	Stable Down	0.125
GAM	RvY_03883-1	8	0	7	1	0	0.875	0.125	down	0.875	Stable	Stable Down	0.125
GAM	RvY_03981	8	0	7	1	0	0.875	0.125	down	0.875	Stable	Stable Down	0.125
GAM	RvY_04009-1	8	0	7	1	0	0.875	0.125	down	0.875	Stable	Stable Down	0.125
GAM	RvY_04072-1	8	0	7	1	0	0.875	0.125	down	0.875	Stable	Stable Down	0.125
GAM	RvY_04088-1	8	0	7	1	0	0.875	0.125	down	0.875	Stable	Stable Down	0.125
GAM	RvY_04114-1	8	0	7	1	0	0.875	0.125	down	0.875	Stable	Stable Down	0.125
GAM	RvY_04158-1	8	0	7	1	0	0.875	0.125	down	0.875	Stable	Stable Down	0.125
GAM	RvY_04203-1	8	0	7	1	0	0.875	0.125	down	0.875	Stable	Stable Down	0.125
GAM	RvY_04221-1	8	0	7	1	0	0.875	0.125	down	0.875	Stable	Stable Down	0.125
GAM	RvY_04273-1	8	0	7	1	0	0.875	0.125	down	0.875	Stable	Stable Down	0.125
GAM	RvY_04315-1	8	0	7	1	0	0.875	0.125	down	0.875	Stable	Stable Down	0.125
GAM	RvY_04338	8	0	7	1	0	0.875	0.125	down	0.875	Stable	Stable Down	0.125
GAM	RvY_04373-1	8	0	7	1	0	0.875	0.125	down	0.875	Stable	Stable Down	0.125
GAM	RvY_04383-1	8	0	7	1	0	0.875	0.125	down	0.875	Stable	Stable Down	0.125
GAM	RvY_04400	8	0	7	1	0	0.875	0.125	down	0.875	Stable	Stable Down	0.125
GAM	RvY_04442-1	8	0	7	1	0	0.875	0.125	down	0.875	Stable	Stable Down	0.125
GAM	RvY_04455	8	0	7	1	0	0.875	0.125	down	0.875	Stable	Stable Down	0.125
GAM	RvY_04463-1	8	0	7	1	0	0.875	0.125	down	0.875	Stable	Stable Down	0.125
GAM	RvY_04523-1	8	0	7	1	0	0.875	0.125	down	0.875	Stable	Stable Down	0.125
GAM	RvY_04698-1	8	0	7	1	0	0.875	0.125	down	0.875	Stable	Stable Down	0.125
GAM	RvY_04716-1	8	0	7	1	0	0.875	0.125	down	0.875	Stable	Stable Down	0.125
GAM	RvY_04752-1	8	0	7	1	0	0.875	0.125	down	0.875	Stable	Stable Down	0.125
GAM	RvY_04769-1	8	0	7	1	0	0.875	0.125	down	0.875	Stable	Stable Down	0.125
GAM	RvY_04895-1	8	0	7	1	0	0.875	0.125	down	0.875	Stable	Stable Down	0.125
GAM	RvY_04940-1	8	0	7	1	0	0.875	0.125	down	0.875	Stable	Stable Down	0.125
GAM	RvY_04961-1	8	0	7	1	0	0.875	0.125	down	0.875	Stable	Stable Down	0.125
GAM	RvY_04966-1	8	0	7	1	0	0.875	0.125	down	0.875	Stable	Stable Down	0.125
GAM	RvY_05047-1	8	0	7	1	0	0.875	0.125	down	0.875	Stable	Stable Down	0.125
GAM	RvY_05048-1	8	0	7	1	0	0.875	0.125	down	0.875	Stable	Stable Down	0.125
GAM	RvY_05128	8	0	7	1	0	0.875	0.125	down	0.875	Stable	Stable Down	0.125
GAM	RvY_05160-1	8	0	7	1	0	0.875	0.125	down	0.875	Stable	Stable Down	0.125
GAM	RvY_05181-1	8	0	7	1	0	0.875	0.125	down	0.875	Stable	Stable Down	0.125
GAM	RvY_05188-1	8	0	7	1	0	0.875	0.125	down	0.875	Stable	Stable Down	0.125
GAM	RvY_05240-1	8	0	7	1	0	0.875	0.125	down	0.875	Stable	Stable Down	0.125
GAM	RvY_05276-1	8	0	7	1	0	0.875	0.125	down	0.875	Stable	Stable Down	0.125
GAM	RvY_05277-1	8	0	7	1	0	0.875	0.125	down	0.875	Stable	Stable Down	0.125
GAM	RvY_05313-1	8	0	7	1	0	0.875	0.125	down	0.875	Stable	Stable Down	0.125
GAM	RvY_05338-1	8	1	7	0	0.125	0.875	0	down	0.875	Stable	Stable Down	0.125
GAM	RvY_05351-1	8	0	7	1	0	0.875	0.125	down	0.875	Stable	Stable Down	0.125
GAM	RvY_05405-1	8	0	7	1	0	0.875	0.125	down	0.875	Stable	Stable Down	0.125
GAM	RvY_05591-1	8	0	7	1	0	0.875	0.125	down	0.875	Stable	Stable Down	0.125
GAM	RvY_05604-1	8	0	7	1	0	0.875	0.125	down	0.875	Stable	Stable Down	0.125
GAM	RvY_05618-1	8	0	7	1	0	0.875	0.125	down	0.875	Stable	Stable Down	0.125
GAM	RvY_05699-1	8	0	7	1	0	0.875	0.125	down	0.875	Stable	Stable Down	0.125
GAM	RvY_05732-1	8	0	7	1	0	0.875	0.125	down	0.875	Stable	Stable Down	0.125
GAM	RvY_05749-1	8	0	7	1	0	0.875	0.125	down	0.875	Stable	Stable Down	0.125
GAM	RvY_05794-1	8	0	7	1	0	0.875	0.125	down	0.875	Stable	Stable Down	0.125
GAM	RvY_05809-1	8	0	7	1	0	0.875	0.125	down	0.875	Stable	Stable Down	0.125
GAM	RvY_05821-1	8	0	7	1	0	0.875	0.125	down	0.875	Stable	Stable Down	0.125
GAM	RvY_05865-1	8	0	7	1	0	0.875	0.125	down	0.875	Stable	Stable Down	0.125
GAM	RvY_05907-1	8	0	7	1	0	0.875	0.125	down	0.875	Stable	Stable Down	0.125
GAM	RvY_05914-1	8	0	7	1	0	0.875	0.125	down	0.875	Stable	Stable Down	0.125
GAM	RvY_05933-1	8	0	7	1	0	0.875	0.125	down	0.875	Stable	Stable Down	0.125
GAM	RvY_05943-1	8	0	7	1	0	0.875	0.125	down	0.875	Stable	Stable Down	0.125
GAM	RvY_05949-1	8	0	7	1	0	0.875	0.125	down	0.875	Stable	Stable Down	0.125
GAM	RvY_05960-0	8	0	7	1	0	0.875	0.125	down	0.875	Stable	Stable Down	0.125
GAM	RvY_05984-1	8	0	7	1	0	0.875	0.125	down	0.875	Stable	Stable Down	0.125
GAM	RvY_06026-1	8	0	7	1	0	0.875	0.125	down	0.875	Stable	Stable Down	0.125
GAM	RvY_06035-1	8	0	7	1	0	0.875	0.125	down	0.875	Stable	Stable Down	0.125
GAM	RvY_06052-1	8	0	7	1	0	0.875	0.125	down	0.875	Stable	Stable Down	0.125
GAM	RvY_06075	8	0	7	1	0	0.875	0.125	down	0.875	Stable	Stable Down	0.125
GAM	RvY_06087-1	8	0	7	1	0	0.875	0.125	down	0.875	Stable	Stable Down	0.125
GAM	RvY_06089-1	8	0	7	1	0	0.875	0.125	down	0.875	Stable	Stable Down	0.125
GAM	RvY_06090	8	0	7	1	0	0.875	0.125	down	0.875	Stable	Stable Down	0.125
GAM	RvY_06098	8	0	7	1	0	0.875	0.125	down	0.875	Stable	Stable Down	0.125
GAM	RvY_06100-1	8	0	7	1	0	0.875	0.125	down	0.875	Stable	Stable Down	0.125
GAM	RvY_06215-1	8	0	7	1	0	0.875	0.125	down	0.875	Stable	Stable Down	0.125
GAM	RvY_06311-1	8	0	7	1	0	0.875	0.125	down	0.875	Stable	Stable Down	0.125
GAM	RvY_06484-1	8	0	7	1	0	0.875	0.125	down	0.875	Stable	Stable Down	0.125
GAM	RvY_06492-1	8	0	7	1	0	0.875	0.125	down	0.875	Stable	Stable Down	0.125
GAM	RvY_06498-1	8	0	7	1	0	0.875	0.125	down	0.875	Stable	Stable Down	0.125
GAM	RvY_06500-1	8	0	7	1	0	0.875	0.125	down	0.875	Stable	Stable Down	0.125
GAM	RvY_06506-1	8	0	7	1	0	0.875	0.125	down	0.875	Stable	Stable Down	0.125
GAM	RvY_06514-1	8	0	7	1	0	0.875	0.125	down	0.875	Stable	Stable Down	0.125
GAM	RvY_06552-1	8	0	7	1	0	0.875	0.125	down	0.875	Stable	Stable Down	0.125
GAM	RvY_06558-1	8	0	7	1	0	0.875	0.125	down	0.875	Stable	Stable Down	0.125
GAM	RvY_06633-1	8	0	7	1	0	0.875	0.125	down	0.875	Stable	Stable Down	0.125
GAM	RvY_06770-1	8	0	7	1	0	0.875	0.125	down	0.875	Stable	Stable Down	0.125
GAM	RvY_06815-2	8	0	7	1	0	0.875	0.125	down	0.875	Stable	Stable Down	0.125
GAM	RvY_06856	8	0	7	1	0	0.875	0.125	down	0.875	Stable	Stable Down	0.125
GAM	RvY_06929-1	8	0	7	1	0	0.875	0.125	down	0.875	Stable	Stable Down	0.125
GAM	RvY_07013-1	8	0	7	1	0	0.875	0.125	down	0.875	Stable	Stable Down	0.125
GAM	RvY_07018-1	8	0	7	1	0	0.875	0.125	down	0.875	Stable	Stable Down	0.125
GAM	RvY_07066-1	8	0	7	1	0	0.875	0.125	down	0.875	Stable	Stable Down	0.125
GAM	RvY_07155-1	8	0	7	1	0	0.875	0.125	down	0.875	Stable	Stable Down	0.125
GAM	RvY_07166-1	8	0	7	1	0	0.875	0.125	down	0.875	Stable	Stable Down	0.125
GAM	RvY_07199-1	8	0	7	1	0	0.875	0.125	down	0.875	Stable	Stable Down	0.125
GAM	RvY_07200-1	8	0	7	1	0	0.875	0.125	down	0.875	Stable	Stable Down	0.125
GAM	RvY_07244-1	8	0	7	1	0	0.875	0.125	down	0.875	Stable	Stable Down	0.125
GAM	RvY_07289-1	8	0	7	1	0	0.875	0.125	down	0.875	Stable	Stable Down	0.125
GAM	RvY_07292-1	8	0	7	1	0	0.875	0.125	down	0.875	Stable	Stable Down	0.125
GAM	RvY_07329-1	8	0	7	1	0	0.875	0.125	down	0.875	Stable	Stable Down	0.125
GAM	RvY_07345-1	8	0	7	1	0	0.875	0.125	down	0.875	Stable	Stable Down	0.125
GAM	RvY_07382-1	8	0	7	1	0	0.875	0.125	down	0.875	Stable	Stable Down	0.125
GAM	RvY_07407	8	0	7	1	0	0.875	0.125	down	0.875	Stable	Stable Down	0.125
GAM	RvY_07408-1	8	0	7	1	0	0.875	0.125	down	0.875	Stable	Stable Down	0.125
GAM	RvY_07481-1	8	0	7	1	0	0.875	0.125	down	0.875	Stable	Stable Down	0.125
GAM	RvY_07563	8	0	7	1	0	0.875	0.125	down	0.875	Stable	Stable Down	0.125
GAM	RvY_07566	8	0	7	1	0	0.875	0.125	down	0.875	Stable	Stable Down	0.125
GAM	RvY_07576-1	8	0	7	1	0	0.875	0.125	down	0.875	Stable	Stable Down	0.125
GAM	RvY_07577-1	8	0	7	1	0	0.875	0.125	down	0.875	Stable	Stable Down	0.125
GAM	RvY_07609-1	8	0	7	1	0	0.875	0.125	down	0.875	Stable	Stable Down	0.125
GAM	RvY_07623-1	8	0	7	1	0	0.875	0.125	down	0.875	Stable	Stable Down	0.125
GAM	RvY_07642-1	8	0	7	1	0	0.875	0.125	down	0.875	Stable	Stable Down	0.125
GAM	RvY_07646-1	8	0	7	1	0	0.875	0.125	down	0.875	Stable	Stable Down	0.125
GAM	RvY_07776-1	8	0	7	1	0	0.875	0.125	down	0.875	Stable	Stable Down	0.125
GAM	RvY_07778-1	8	0	7	1	0	0.875	0.125	down	0.875	Stable	Stable Down	0.125
GAM	RvY_07803-1	8	0	7	1	0	0.875	0.125	down	0.875	Stable	Stable Down	0.125
GAM	RvY_07829-1	8	0	7	1	0	0.875	0.125	down	0.875	Stable	Stable Down	0.125
GAM	RvY_07862-1	8	0	7	1	0	0.875	0.125	down	0.875	Stable	Stable Down	0.125
GAM	RvY_07865-1	8	0	7	1	0	0.875	0.125	down	0.875	Stable	Stable Down	0.125
GAM	RvY_07917	8	0	7	1	0	0.875	0.125	down	0.875	Stable	Stable Down	0.125
GAM	RvY_07952-1	8	0	7	1	0	0.875	0.125	down	0.875	Stable	Stable Down	0.125
GAM	RvY_08066-1	8	0	7	1	0	0.875	0.125	down	0.875	Stable	Stable Down	0.125
GAM	RvY_08071-1	8	0	7	1	0	0.875	0.125	down	0.875	Stable	Stable Down	0.125
GAM	RvY_08095-1	8	0	7	1	0	0.875	0.125	down	0.875	Stable	Stable Down	0.125
GAM	RvY_08123	8	0	7	1	0	0.875	0.125	down	0.875	Stable	Stable Down	0.125
GAM	RvY_08150-1	8	0	7	1	0	0.875	0.125	down	0.875	Stable	Stable Down	0.125
GAM	RvY_08189-1	8	0	7	1	0	0.875	0.125	down	0.875	Stable	Stable Down	0.125
GAM	RvY_08255	8	0	7	1	0	0.875	0.125	down	0.875	Stable	Stable Down	0.125
GAM	RvY_08325-1	8	0	7	1	0	0.875	0.125	down	0.875	Stable	Stable Down	0.125
GAM	RvY_08492-1	8	0	7	1	0	0.875	0.125	down	0.875	Stable	Stable Down	0.125
GAM	RvY_08525-1	8	0	7	1	0	0.875	0.125	down	0.875	Stable	Stable Down	0.125
GAM	RvY_08537-1	8	0	7	1	0	0.875	0.125	down	0.875	Stable	Stable Down	0.125
GAM	RvY_08569-1	8	0	7	1	0	0.875	0.125	down	0.875	Stable	Stable Down	0.125
GAM	RvY_08575-1	8	0	7	1	0	0.875	0.125	down	0.875	Stable	Stable Down	0.125
GAM	RvY_08610-1	8	0	7	1	0	0.875	0.125	down	0.875	Stable	Stable Down	0.125
GAM	RvY_08631-1	8	0	7	1	0	0.875	0.125	down	0.875	Stable	Stable Down	0.125
GAM	RvY_08662	8	0	7	1	0	0.875	0.125	down	0.875	Stable	Stable Down	0.125
GAM	RvY_08664-1	8	0	7	1	0	0.875	0.125	down	0.875	Stable	Stable Down	0.125
GAM	RvY_08670	8	0	7	1	0	0.875	0.125	down	0.875	Stable	Stable Down	0.125
GAM	RvY_08684-1	8	0	7	1	0	0.875	0.125	down	0.875	Stable	Stable Down	0.125
GAM	RvY_08742-1	8	0	7	1	0	0.875	0.125	down	0.875	Stable	Stable Down	0.125
GAM	RvY_08743-1	8	0	7	1	0	0.875	0.125	down	0.875	Stable	Stable Down	0.125
GAM	RvY_08776	8	0	7	1	0	0.875	0.125	down	0.875	Stable	Stable Down	0.125
GAM	RvY_08781-1	8	0	7	1	0	0.875	0.125	down	0.875	Stable	Stable Down	0.125
GAM	RvY_08948-1	8	0	7	1	0	0.875	0.125	down	0.875	Stable	Stable Down	0.125
GAM	RvY_09012-1	8	0	7	1	0	0.875	0.125	down	0.875	Stable	Stable Down	0.125
GAM	RvY_09068-1	8	0	7	1	0	0.875	0.125	down	0.875	Stable	Stable Down	0.125
GAM	RvY_09262-1	8	0	7	1	0	0.875	0.125	down	0.875	Stable	Stable Down	0.125
GAM	RvY_09305-1	8	0	7	1	0	0.875	0.125	down	0.875	Stable	Stable Down	0.125
GAM	RvY_09347-1	8	0	7	1	0	0.875	0.125	down	0.875	Stable	Stable Down	0.125
GAM	RvY_09357-1	8	0	7	1	0	0.875	0.125	down	0.875	Stable	Stable Down	0.125
GAM	RvY_09370-1	8	0	7	1	0	0.875	0.125	down	0.875	Stable	Stable Down	0.125
GAM	RvY_09435-1	8	0	7	1	0	0.875	0.125	down	0.875	Stable	Stable Down	0.125
GAM	RvY_09450	8	0	7	1	0	0.875	0.125	down	0.875	Stable	Stable Down	0.125
GAM	RvY_09480-1	8	0	7	1	0	0.875	0.125	down	0.875	Stable	Stable Down	0.125
GAM	RvY_09491-1	8	0	7	1	0	0.875	0.125	down	0.875	Stable	Stable Down	0.125
GAM	RvY_09499-1	8	0	7	1	0	0.875	0.125	down	0.875	Stable	Stable Down	0.125
GAM	RvY_09512-1	8	0	7	1	0	0.875	0.125	down	0.875	Stable	Stable Down	0.125
GAM	RvY_09541-1	8	0	7	1	0	0.875	0.125	down	0.875	Stable	Stable Down	0.125
GAM	RvY_09553-1	8	0	7	1	0	0.875	0.125	down	0.875	Stable	Stable Down	0.125
GAM	RvY_09646-1	8	0	7	1	0	0.875	0.125	down	0.875	Stable	Stable Down	0.125
GAM	RvY_09654	8	0	7	1	0	0.875	0.125	down	0.875	Stable	Stable Down	0.125
GAM	RvY_09772-1	8	0	7	1	0	0.875	0.125	down	0.875	Stable	Stable Down	0.125
GAM	RvY_09824-1	8	0	7	1	0	0.875	0.125	down	0.875	Stable	Stable Down	0.125
GAM	RvY_09844-1	8	0	7	1	0	0.875	0.125	down	0.875	Stable	Stable Down	0.125
GAM	RvY_09879	8	0	7	1	0	0.875	0.125	down	0.875	Stable	Stable Down	0.125
GAM	RvY_09901	8	0	7	1	0	0.875	0.125	down	0.875	Stable	Stable Down	0.125
GAM	RvY_09940-1	8	0	7	1	0	0.875	0.125	down	0.875	Stable	Stable Down	0.125
GAM	RvY_09944-1	8	0	7	1	0	0.875	0.125	down	0.875	Stable	Stable Down	0.125
GAM	RvY_09953-1	8	0	7	1	0	0.875	0.125	down	0.875	Stable	Stable Down	0.125
GAM	RvY_09955-1	8	0	7	1	0	0.875	0.125	down	0.875	Stable	Stable Down	0.125
GAM	RvY_09982-1	8	0	7	1	0	0.875	0.125	down	0.875	Stable	Stable Down	0.125
GAM	RvY_10009-1	8	0	7	1	0	0.875	0.125	down	0.875	Stable	Stable Down	0.125
GAM	RvY_10069-1	8	0	7	1	0	0.875	0.125	down	0.875	Stable	Stable Down	0.125
GAM	RvY_10103-2	8	0	7	1	0	0.875	0.125	down	0.875	Stable	Stable Down	0.125
GAM	RvY_10113	8	0	7	1	0	0.875	0.125	down	0.875	Stable	Stable Down	0.125
GAM	RvY_10149-1	8	0	7	1	0	0.875	0.125	down	0.875	Stable	Stable Down	0.125
GAM	RvY_10177-1	8	1	7	0	0.125	0.875	0	down	0.875	Stable	Stable Down	0.125
GAM	RvY_10182-1	8	0	7	1	0	0.875	0.125	down	0.875	Stable	Stable Down	0.125
GAM	RvY_10237-1	8	0	7	1	0	0.875	0.125	down	0.875	Stable	Stable Down	0.125
GAM	RvY_10245-1	8	0	7	1	0	0.875	0.125	down	0.875	Stable	Stable Down	0.125
GAM	RvY_10425-1	8	0	7	1	0	0.875	0.125	down	0.875	Stable	Stable Down	0.125
GAM	RvY_10436-1	8	0	7	1	0	0.875	0.125	down	0.875	Stable	Stable Down	0.125
GAM	RvY_10446-1	8	0	7	1	0	0.875	0.125	down	0.875	Stable	Stable Down	0.125
GAM	RvY_10449	8	0	7	1	0	0.875	0.125	down	0.875	Stable	Stable Down	0.125
GAM	RvY_10570-1	8	0	7	1	0	0.875	0.125	down	0.875	Stable	Stable Down	0.125
GAM	RvY_10591-1	8	0	7	1	0	0.875	0.125	down	0.875	Stable	Stable Down	0.125
GAM	RvY_10684	8	0	7	1	0	0.875	0.125	down	0.875	Stable	Stable Down	0.125
GAM	RvY_10727-1	8	0	7	1	0	0.875	0.125	down	0.875	Stable	Stable Down	0.125
GAM	RvY_10786-1	8	0	7	1	0	0.875	0.125	down	0.875	Stable	Stable Down	0.125
GAM	RvY_10787-1	8	0	7	1	0	0.875	0.125	down	0.875	Stable	Stable Down	0.125
GAM	RvY_10789-1	8	0	7	1	0	0.875	0.125	down	0.875	Stable	Stable Down	0.125
GAM	RvY_10790-1	8	0	7	1	0	0.875	0.125	down	0.875	Stable	Stable Down	0.125
GAM	RvY_10814-1	8	0	7	1	0	0.875	0.125	down	0.875	Stable	Stable Down	0.125
GAM	RvY_10892-1	8	0	7	1	0	0.875	0.125	down	0.875	Stable	Stable Down	0.125
GAM	RvY_10893-1	8	0	7	1	0	0.875	0.125	down	0.875	Stable	Stable Down	0.125
GAM	RvY_10986-1	8	0	7	1	0	0.875	0.125	down	0.875	Stable	Stable Down	0.125
GAM	RvY_11013-1	8	0	7	1	0	0.875	0.125	down	0.875	Stable	Stable Down	0.125
GAM	RvY_11026-1	8	0	7	1	0	0.875	0.125	down	0.875	Stable	Stable Down	0.125
GAM	RvY_11027-1	8	0	7	1	0	0.875	0.125	down	0.875	Stable	Stable Down	0.125
GAM	RvY_11038-1	8	0	7	1	0	0.875	0.125	down	0.875	Stable	Stable Down	0.125
GAM	RvY_11041-1	8	0	7	1	0	0.875	0.125	down	0.875	Stable	Stable Down	0.125
GAM	RvY_11125-1	8	0	7	1	0	0.875	0.125	down	0.875	Stable	Stable Down	0.125
GAM	RvY_11127-1	8	0	7	1	0	0.875	0.125	down	0.875	Stable	Stable Down	0.125
GAM	RvY_11131-1	8	0	7	1	0	0.875	0.125	down	0.875	Stable	Stable Down	0.125
GAM	RvY_11196-1	8	0	7	1	0	0.875	0.125	down	0.875	Stable	Stable Down	0.125
GAM	RvY_11235-1	8	0	7	1	0	0.875	0.125	down	0.875	Stable	Stable Down	0.125
GAM	RvY_11236-1	8	0	7	1	0	0.875	0.125	down	0.875	Stable	Stable Down	0.125
GAM	RvY_11483-1	8	0	7	1	0	0.875	0.125	down	0.875	Stable	Stable Down	0.125
GAM	RvY_11608-1	8	0	7	1	0	0.875	0.125	down	0.875	Stable	Stable Down	0.125
GAM	RvY_11625-1	8	0	7	1	0	0.875	0.125	down	0.875	Stable	Stable Down	0.125
GAM	RvY_11755-1	8	0	7	1	0	0.875	0.125	down	0.875	Stable	Stable Down	0.125
GAM	RvY_11796-1	8	0	7	1	0	0.875	0.125	down	0.875	Stable	Stable Down	0.125
GAM	RvY_11852-1	8	0	7	1	0	0.875	0.125	down	0.875	Stable	Stable Down	0.125
GAM	RvY_12020-1	8	0	7	1	0	0.875	0.125	down	0.875	Stable	Stable Down	0.125
GAM	RvY_12070-1	8	0	7	1	0	0.875	0.125	down	0.875	Stable	Stable Down	0.125
GAM	RvY_12081-1	8	0	7	1	0	0.875	0.125	down	0.875	Stable	Stable Down	0.125
GAM	RvY_12169-1	8	0	7	1	0	0.875	0.125	down	0.875	Stable	Stable Down	0.125
GAM	RvY_12197-1	8	0	7	1	0	0.875	0.125	down	0.875	Stable	Stable Down	0.125
GAM	RvY_12219-1	8	0	7	1	0	0.875	0.125	down	0.875	Stable	Stable Down	0.125
GAM	RvY_12250	8	0	7	1	0	0.875	0.125	down	0.875	Stable	Stable Down	0.125
GAM	RvY_12291-1	8	0	7	1	0	0.875	0.125	down	0.875	Stable	Stable Down	0.125
GAM	RvY_12306-1	8	0	7	1	0	0.875	0.125	down	0.875	Stable	Stable Down	0.125
GAM	RvY_12470	8	0	7	1	0	0.875	0.125	down	0.875	Stable	Stable Down	0.125
GAM	RvY_12504-1	8	0	7	1	0	0.875	0.125	down	0.875	Stable	Stable Down	0.125
GAM	RvY_12517-1	8	0	7	1	0	0.875	0.125	down	0.875	Stable	Stable Down	0.125
GAM	RvY_12538-1	8	0	7	1	0	0.875	0.125	down	0.875	Stable	Stable Down	0.125
GAM	RvY_12553-1	8	0	7	1	0	0.875	0.125	down	0.875	Stable	Stable Down	0.125
GAM	RvY_12595-1	8	0	7	1	0	0.875	0.125	down	0.875	Stable	Stable Down	0.125
GAM	RvY_12613-1	8	0	7	1	0	0.875	0.125	down	0.875	Stable	Stable Down	0.125
GAM	RvY_12711	8	0	7	1	0	0.875	0.125	down	0.875	Stable	Stable Down	0.125
GAM	RvY_12712-1	8	0	7	1	0	0.875	0.125	down	0.875	Stable	Stable Down	0.125
GAM	RvY_12742-1	8	0	7	1	0	0.875	0.125	down	0.875	Stable	Stable Down	0.125
GAM	RvY_12746-1	8	0	7	1	0	0.875	0.125	down	0.875	Stable	Stable Down	0.125
GAM	RvY_12760-1	8	0	7	1	0	0.875	0.125	down	0.875	Stable	Stable Down	0.125
GAM	RvY_12789-1	8	0	7	1	0	0.875	0.125	down	0.875	Stable	Stable Down	0.125
GAM	RvY_12797-1	8	0	7	1	0	0.875	0.125	down	0.875	Stable	Stable Down	0.125
GAM	RvY_12828-1	8	0	7	1	0	0.875	0.125	down	0.875	Stable	Stable Down	0.125
GAM	RvY_12830-1	8	0	7	1	0	0.875	0.125	down	0.875	Stable	Stable Down	0.125
GAM	RvY_12833-1	8	0	7	1	0	0.875	0.125	down	0.875	Stable	Stable Down	0.125
GAM	RvY_12840-1	8	0	7	1	0	0.875	0.125	down	0.875	Stable	Stable Down	0.125
GAM	RvY_12847-1	8	0	7	1	0	0.875	0.125	down	0.875	Stable	Stable Down	0.125
GAM	RvY_12918-1	8	0	7	1	0	0.875	0.125	down	0.875	Stable	Stable Down	0.125
GAM	RvY_13064-1	8	0	7	1	0	0.875	0.125	down	0.875	Stable	Stable Down	0.125
GAM	RvY_13085-1	8	0	7	1	0	0.875	0.125	down	0.875	Stable	Stable Down	0.125
GAM	RvY_13098-1	8	0	7	1	0	0.875	0.125	down	0.875	Stable	Stable Down	0.125
GAM	RvY_13107-1	8	0	7	1	0	0.875	0.125	down	0.875	Stable	Stable Down	0.125
GAM	RvY_13113-1	8	0	7	1	0	0.875	0.125	down	0.875	Stable	Stable Down	0.125
GAM	RvY_13128-1	8	0	7	1	0	0.875	0.125	down	0.875	Stable	Stable Down	0.125
GAM	RvY_13159-1	8	0	7	1	0	0.875	0.125	down	0.875	Stable	Stable Down	0.125
GAM	RvY_13185	8	0	7	1	0	0.875	0.125	down	0.875	Stable	Stable Down	0.125
GAM	RvY_13228-1	8	0	7	1	0	0.875	0.125	down	0.875	Stable	Stable Down	0.125
GAM	RvY_13230	8	0	7	1	0	0.875	0.125	down	0.875	Stable	Stable Down	0.125
GAM	RvY_13232-1	8	0	7	1	0	0.875	0.125	down	0.875	Stable	Stable Down	0.125
GAM	RvY_13241-1	8	0	7	1	0	0.875	0.125	down	0.875	Stable	Stable Down	0.125
GAM	RvY_13253-1	8	0	7	1	0	0.875	0.125	down	0.875	Stable	Stable Down	0.125
GAM	RvY_13262-1	8	0	7	1	0	0.875	0.125	down	0.875	Stable	Stable Down	0.125
GAM	RvY_13285-1	8	0	7	1	0	0.875	0.125	down	0.875	Stable	Stable Down	0.125
GAM	RvY_13321-1	8	0	7	1	0	0.875	0.125	down	0.875	Stable	Stable Down	0.125
GAM	RvY_13481-1	8	0	7	1	0	0.875	0.125	down	0.875	Stable	Stable Down	0.125
GAM	RvY_13529	8	0	7	1	0	0.875	0.125	down	0.875	Stable	Stable Down	0.125
GAM	RvY_13572-1	8	0	7	1	0	0.875	0.125	down	0.875	Stable	Stable Down	0.125
GAM	RvY_13577-1	8	0	7	1	0	0.875	0.125	down	0.875	Stable	Stable Down	0.125
GAM	RvY_13612-1	8	0	7	1	0	0.875	0.125	down	0.875	Stable	Stable Down	0.125
GAM	RvY_13629-1	8	0	7	1	0	0.875	0.125	down	0.875	Stable	Stable Down	0.125
GAM	RvY_13640-1	8	0	7	1	0	0.875	0.125	down	0.875	Stable	Stable Down	0.125
GAM	RvY_13654	8	0	7	1	0	0.875	0.125	down	0.875	Stable	Stable Down	0.125
GAM	RvY_13838-1	8	0	7	1	0	0.875	0.125	down	0.875	Stable	Stable Down	0.125
GAM	RvY_13890-1	8	0	7	1	0	0.875	0.125	down	0.875	Stable	Stable Down	0.125
GAM	RvY_13927-1	8	0	7	1	0	0.875	0.125	down	0.875	Stable	Stable Down	0.125
GAM	RvY_13931-1	8	0	7	1	0	0.875	0.125	down	0.875	Stable	Stable Down	0.125
GAM	RvY_14003-1	8	0	7	1	0	0.875	0.125	down	0.875	Stable	Stable Down	0.125
GAM	RvY_14017-1	8	0	7	1	0	0.875	0.125	down	0.875	Stable	Stable Down	0.125
GAM	RvY_14043-1	8	0	7	1	0	0.875	0.125	down	0.875	Stable	Stable Down	0.125
GAM	RvY_14178-1	8	0	7	1	0	0.875	0.125	down	0.875	Stable	Stable Down	0.125
GAM	RvY_14189-1	8	0	7	1	0	0.875	0.125	down	0.875	Stable	Stable Down	0.125
GAM	RvY_14264-1	8	0	7	1	0	0.875	0.125	down	0.875	Stable	Stable Down	0.125
GAM	RvY_14305-1	8	0	7	1	0	0.875	0.125	down	0.875	Stable	Stable Down	0.125
GAM	RvY_14308	8	0	7	1	0	0.875	0.125	down	0.875	Stable	Stable Down	0.125
GAM	RvY_14335-1	8	0	7	1	0	0.875	0.125	down	0.875	Stable	Stable Down	0.125
GAM	RvY_14342-1	8	0	7	1	0	0.875	0.125	down	0.875	Stable	Stable Down	0.125
GAM	RvY_14426-1	8	0	7	1	0	0.875	0.125	down	0.875	Stable	Stable Down	0.125
GAM	RvY_14436-1	8	0	7	1	0	0.875	0.125	down	0.875	Stable	Stable Down	0.125
GAM	RvY_14440-1	8	0	7	1	0	0.875	0.125	down	0.875	Stable	Stable Down	0.125
GAM	RvY_14471-1	8	0	7	1	0	0.875	0.125	down	0.875	Stable	Stable Down	0.125
GAM	RvY_14536-1	8	0	7	1	0	0.875	0.125	down	0.875	Stable	Stable Down	0.125
GAM	RvY_14538-1	8	0	7	1	0	0.875	0.125	down	0.875	Stable	Stable Down	0.125
GAM	RvY_14543-1	8	0	7	1	0	0.875	0.125	down	0.875	Stable	Stable Down	0.125
GAM	RvY_14552-1	8	0	7	1	0	0.875	0.125	down	0.875	Stable	Stable Down	0.125
GAM	RvY_14569-1	8	0	7	1	0	0.875	0.125	down	0.875	Stable	Stable Down	0.125
GAM	RvY_14607-1	8	0	7	1	0	0.875	0.125	down	0.875	Stable	Stable Down	0.125
GAM	RvY_14614-1	8	0	7	1	0	0.875	0.125	down	0.875	Stable	Stable Down	0.125
GAM	RvY_14658-1	8	0	7	1	0	0.875	0.125	down	0.875	Stable	Stable Down	0.125
GAM	RvY_14713-1	8	0	7	1	0	0.875	0.125	down	0.875	Stable	Stable Down	0.125
GAM	RvY_14718-1	8	0	7	1	0	0.875	0.125	down	0.875	Stable	Stable Down	0.125
GAM	RvY_14724-1	8	0	7	1	0	0.875	0.125	down	0.875	Stable	Stable Down	0.125
GAM	RvY_14739	8	0	7	1	0	0.875	0.125	down	0.875	Stable	Stable Down	0.125
GAM	RvY_14824-1	8	0	7	1	0	0.875	0.125	down	0.875	Stable	Stable Down	0.125
GAM	RvY_14872-1	8	0	7	1	0	0.875	0.125	down	0.875	Stable	Stable Down	0.125
GAM	RvY_14930-1	8	0	7	1	0	0.875	0.125	down	0.875	Stable	Stable Down	0.125
GAM	RvY_14931-1	8	0	7	1	0	0.875	0.125	down	0.875	Stable	Stable Down	0.125
GAM	RvY_14939	8	0	7	1	0	0.875	0.125	down	0.875	Stable	Stable Down	0.125
GAM	RvY_14960-1	8	0	7	1	0	0.875	0.125	down	0.875	Stable	Stable Down	0.125
GAM	RvY_14970-1	8	0	7	1	0	0.875	0.125	down	0.875	Stable	Stable Down	0.125
GAM	RvY_15003-1	8	0	7	1	0	0.875	0.125	down	0.875	Stable	Stable Down	0.125
GAM	RvY_15006-1	8	0	7	1	0	0.875	0.125	down	0.875	Stable	Stable Down	0.125
GAM	RvY_15049-1	8	0	7	1	0	0.875	0.125	down	0.875	Stable	Stable Down	0.125
GAM	RvY_15058	8	0	7	1	0	0.875	0.125	down	0.875	Stable	Stable Down	0.125
GAM	RvY_15147-1	8	0	7	1	0	0.875	0.125	down	0.875	Stable	Stable Down	0.125
GAM	RvY_15157	8	0	7	1	0	0.875	0.125	down	0.875	Stable	Stable Down	0.125
GAM	RvY_15180-1	8	0	7	1	0	0.875	0.125	down	0.875	Stable	Stable Down	0.125
GAM	RvY_15182-1	8	0	7	1	0	0.875	0.125	down	0.875	Stable	Stable Down	0.125
GAM	RvY_15205-1	8	0	7	1	0	0.875	0.125	down	0.875	Stable	Stable Down	0.125
GAM	RvY_15213-1	8	0	7	1	0	0.875	0.125	down	0.875	Stable	Stable Down	0.125
GAM	RvY_15229-1	8	0	7	1	0	0.875	0.125	down	0.875	Stable	Stable Down	0.125
GAM	RvY_15265-1	8	0	7	1	0	0.875	0.125	down	0.875	Stable	Stable Down	0.125
GAM	RvY_15288-1	8	0	7	1	0	0.875	0.125	down	0.875	Stable	Stable Down	0.125
GAM	RvY_15336-1	8	0	7	1	0	0.875	0.125	down	0.875	Stable	Stable Down	0.125
GAM	RvY_15345-1	8	0	7	1	0	0.875	0.125	down	0.875	Stable	Stable Down	0.125
GAM	RvY_15380	8	0	7	1	0	0.875	0.125	down	0.875	Stable	Stable Down	0.125
GAM	RvY_15405-1	8	0	7	1	0	0.875	0.125	down	0.875	Stable	Stable Down	0.125
GAM	RvY_15418-1	8	0	7	1	0	0.875	0.125	down	0.875	Stable	Stable Down	0.125
GAM	RvY_15490-1	8	0	7	1	0	0.875	0.125	down	0.875	Stable	Stable Down	0.125
GAM	RvY_15533-1	8	0	7	1	0	0.875	0.125	down	0.875	Stable	Stable Down	0.125
GAM	RvY_15534-1	8	0	7	1	0	0.875	0.125	down	0.875	Stable	Stable Down	0.125
GAM	RvY_15543-1	8	0	7	1	0	0.875	0.125	down	0.875	Stable	Stable Down	0.125
GAM	RvY_15654-1	8	0	7	1	0	0.875	0.125	down	0.875	Stable	Stable Down	0.125
GAM	RvY_15681-1	8	0	7	1	0	0.875	0.125	down	0.875	Stable	Stable Down	0.125
GAM	RvY_15730-1	8	0	7	1	0	0.875	0.125	down	0.875	Stable	Stable Down	0.125
GAM	RvY_15736-1	8	0	7	1	0	0.875	0.125	down	0.875	Stable	Stable Down	0.125
GAM	RvY_15767	8	0	7	1	0	0.875	0.125	down	0.875	Stable	Stable Down	0.125
GAM	RvY_15789-1	8	0	7	1	0	0.875	0.125	down	0.875	Stable	Stable Down	0.125
GAM	RvY_15820-1	8	0	7	1	0	0.875	0.125	down	0.875	Stable	Stable Down	0.125
GAM	RvY_15830	8	0	7	1	0	0.875	0.125	down	0.875	Stable	Stable Down	0.125
GAM	RvY_15871-1	8	0	7	1	0	0.875	0.125	down	0.875	Stable	Stable Down	0.125
GAM	RvY_15874-1	8	0	7	1	0	0.875	0.125	down	0.875	Stable	Stable Down	0.125
GAM	RvY_15881-1	8	0	7	1	0	0.875	0.125	down	0.875	Stable	Stable Down	0.125
GAM	RvY_15890-1	8	0	7	1	0	0.875	0.125	down	0.875	Stable	Stable Down	0.125
GAM	RvY_15965-1	8	0	7	1	0	0.875	0.125	down	0.875	Stable	Stable Down	0.125
GAM	RvY_15984	8	0	7	1	0	0.875	0.125	down	0.875	Stable	Stable Down	0.125
GAM	RvY_16017-1	8	0	7	1	0	0.875	0.125	down	0.875	Stable	Stable Down	0.125
GAM	RvY_16041	8	0	7	1	0	0.875	0.125	down	0.875	Stable	Stable Down	0.125
GAM	RvY_16060-1	8	0	7	1	0	0.875	0.125	down	0.875	Stable	Stable Down	0.125
GAM	RvY_16148-1	8	0	7	1	0	0.875	0.125	down	0.875	Stable	Stable Down	0.125
GAM	RvY_16174-1	8	0	7	1	0	0.875	0.125	down	0.875	Stable	Stable Down	0.125
GAM	RvY_16182-1	8	0	7	1	0	0.875	0.125	down	0.875	Stable	Stable Down	0.125
GAM	RvY_16186	8	0	7	1	0	0.875	0.125	down	0.875	Stable	Stable Down	0.125
GAM	RvY_16236-1	8	0	7	1	0	0.875	0.125	down	0.875	Stable	Stable Down	0.125
GAM	RvY_16316-1	8	0	7	1	0	0.875	0.125	down	0.875	Stable	Stable Down	0.125
GAM	RvY_16339	8	0	7	1	0	0.875	0.125	down	0.875	Stable	Stable Down	0.125
GAM	RvY_16357-1	8	0	7	1	0	0.875	0.125	down	0.875	Stable	Stable Down	0.125
GAM	RvY_16377-1	8	0	7	1	0	0.875	0.125	down	0.875	Stable	Stable Down	0.125
GAM	RvY_16457-1	8	0	7	1	0	0.875	0.125	down	0.875	Stable	Stable Down	0.125
GAM	RvY_16469	8	0	7	1	0	0.875	0.125	down	0.875	Stable	Stable Down	0.125
GAM	RvY_16520-1	8	0	7	1	0	0.875	0.125	down	0.875	Stable	Stable Down	0.125
GAM	RvY_16524-1	8	0	7	1	0	0.875	0.125	down	0.875	Stable	Stable Down	0.125
GAM	RvY_16564-1	8	0	7	1	0	0.875	0.125	down	0.875	Stable	Stable Down	0.125
GAM	RvY_16589-1	8	0	7	1	0	0.875	0.125	down	0.875	Stable	Stable Down	0.125
GAM	RvY_16660-1	8	0	7	1	0	0.875	0.125	down	0.875	Stable	Stable Down	0.125
GAM	RvY_16695	8	0	7	1	0	0.875	0.125	down	0.875	Stable	Stable Down	0.125
GAM	RvY_16738-1	8	0	7	1	0	0.875	0.125	down	0.875	Stable	Stable Down	0.125
GAM	RvY_16760-1	8	0	7	1	0	0.875	0.125	down	0.875	Stable	Stable Down	0.125
GAM	RvY_16809-1	8	0	7	1	0	0.875	0.125	down	0.875	Stable	Stable Down	0.125
GAM	RvY_16825-1	8	0	7	1	0	0.875	0.125	down	0.875	Stable	Stable Down	0.125
GAM	RvY_16852-1	8	0	7	1	0	0.875	0.125	down	0.875	Stable	Stable Down	0.125
GAM	RvY_16938-1	8	0	7	1	0	0.875	0.125	down	0.875	Stable	Stable Down	0.125
GAM	RvY_16953-1	8	0	7	1	0	0.875	0.125	down	0.875	Stable	Stable Down	0.125
GAM	RvY_16954-1	8	0	7	1	0	0.875	0.125	down	0.875	Stable	Stable Down	0.125
GAM	RvY_16967-1	8	0	7	1	0	0.875	0.125	down	0.875	Stable	Stable Down	0.125
GAM	RvY_16989-1	8	0	7	1	0	0.875	0.125	down	0.875	Stable	Stable Down	0.125
GAM	RvY_17065-1	8	0	7	1	0	0.875	0.125	down	0.875	Stable	Stable Down	0.125
GAM	RvY_17178	8	0	7	1	0	0.875	0.125	down	0.875	Stable	Stable Down	0.125
GAM	RvY_17263-1	8	0	7	1	0	0.875	0.125	down	0.875	Stable	Stable Down	0.125
GAM	RvY_17264-1	8	0	7	1	0	0.875	0.125	down	0.875	Stable	Stable Down	0.125
GAM	RvY_17288-1	8	0	7	1	0	0.875	0.125	down	0.875	Stable	Stable Down	0.125
GAM	RvY_17322-1	8	0	7	1	0	0.875	0.125	down	0.875	Stable	Stable Down	0.125
GAM	RvY_17396-1	8	0	7	1	0	0.875	0.125	down	0.875	Stable	Stable Down	0.125
GAM	RvY_17474-1	8	0	7	1	0	0.875	0.125	down	0.875	Stable	Stable Down	0.125
GAM	RvY_17577-1	8	0	7	1	0	0.875	0.125	down	0.875	Stable	Stable Down	0.125
GAM	RvY_17578-1	8	0	7	1	0	0.875	0.125	down	0.875	Stable	Stable Down	0.125
GAM	RvY_17623-1	8	0	7	1	0	0.875	0.125	down	0.875	Stable	Stable Down	0.125
GAM	RvY_17831-1	8	0	7	1	0	0.875	0.125	down	0.875	Stable	Stable Down	0.125
GAM	RvY_17869	8	0	7	1	0	0.875	0.125	down	0.875	Stable	Stable Down	0.125
GAM	RvY_17896-1	8	0	7	1	0	0.875	0.125	down	0.875	Stable	Stable Down	0.125
GAM	RvY_17905-1	8	0	7	1	0	0.875	0.125	down	0.875	Stable	Stable Down	0.125
GAM	RvY_17912-1	8	0	7	1	0	0.875	0.125	down	0.875	Stable	Stable Down	0.125
GAM	RvY_17922	8	0	7	1	0	0.875	0.125	down	0.875	Stable	Stable Down	0.125
GAM	RvY_17924	8	0	7	1	0	0.875	0.125	down	0.875	Stable	Stable Down	0.125
GAM	RvY_18027-1	8	0	7	1	0	0.875	0.125	down	0.875	Stable	Stable Down	0.125
GAM	RvY_18070-1	8	0	7	1	0	0.875	0.125	down	0.875	Stable	Stable Down	0.125
GAM	RvY_18113-1	8	0	7	1	0	0.875	0.125	down	0.875	Stable	Stable Down	0.125
GAM	RvY_18236	8	0	7	1	0	0.875	0.125	down	0.875	Stable	Stable Down	0.125
GAM	RvY_18251-1	8	0	7	1	0	0.875	0.125	down	0.875	Stable	Stable Down	0.125
GAM	RvY_18392-1	8	0	7	1	0	0.875	0.125	down	0.875	Stable	Stable Down	0.125
GAM	RvY_18454-1	8	0	7	1	0	0.875	0.125	down	0.875	Stable	Stable Down	0.125
GAM	RvY_18462-1	8	1	7	0	0.125	0.875	0	down	0.875	Stable	Stable Down	0.125
GAM	RvY_18476-1	8	0	7	1	0	0.875	0.125	down	0.875	Stable	Stable Down	0.125
GAM	RvY_18497-1	8	0	7	1	0	0.875	0.125	down	0.875	Stable	Stable Down	0.125
GAM	RvY_18605-1	8	0	7	1	0	0.875	0.125	down	0.875	Stable	Stable Down	0.125
GAM	RvY_18627-1	8	0	7	1	0	0.875	0.125	down	0.875	Stable	Stable Down	0.125
GAM	RvY_18664-1	8	0	7	1	0	0.875	0.125	down	0.875	Stable	Stable Down	0.125
GAM	RvY_18675-1	8	0	7	1	0	0.875	0.125	down	0.875	Stable	Stable Down	0.125
GAM	RvY_18762-1	8	0	7	1	0	0.875	0.125	down	0.875	Stable	Stable Down	0.125
GAM	RvY_18768	8	0	7	1	0	0.875	0.125	down	0.875	Stable	Stable Down	0.125
GAM	RvY_18769	8	0	7	1	0	0.875	0.125	down	0.875	Stable	Stable Down	0.125
GAM	RvY_18805-1	8	0	7	1	0	0.875	0.125	down	0.875	Stable	Stable Down	0.125
GAM	RvY_18874-1	8	0	7	1	0	0.875	0.125	down	0.875	Stable	Stable Down	0.125
GAM	RvY_18879-1	8	0	7	1	0	0.875	0.125	down	0.875	Stable	Stable Down	0.125
GAM	RvY_18924	8	0	7	1	0	0.875	0.125	down	0.875	Stable	Stable Down	0.125
GAM	RvY_19003-1	8	0	7	1	0	0.875	0.125	down	0.875	Stable	Stable Down	0.125
GAM	RvY_19149-1	8	0	7	1	0	0.875	0.125	down	0.875	Stable	Stable Down	0.125
GAM	RvY_19199-1	8	0	7	1	0	0.875	0.125	down	0.875	Stable	Stable Down	0.125
GAM	RvY_19200-1	8	0	7	1	0	0.875	0.125	down	0.875	Stable	Stable Down	0.125
GAM	RvY_19284-1	8	0	7	1	0	0.875	0.125	down	0.875	Stable	Stable Down	0.125
GAM	RvY_19358-1	8	0	7	1	0	0.875	0.125	down	0.875	Stable	Stable Down	0.125
GAM	RvY_19363-1	8	0	7	1	0	0.875	0.125	down	0.875	Stable	Stable Down	0.125
GAM	RvY_19380-1	8	0	7	1	0	0.875	0.125	down	0.875	Stable	Stable Down	0.125
GAM	RvY_19496-0	8	0	7	1	0	0.875	0.125	down	0.875	Stable	Stable Down	0.125
GAM	RvY_19510-1	8	0	7	1	0	0.875	0.125	down	0.875	Stable	Stable Down	0.125
GAM	RvY_19533-1	8	0	7	1	0	0.875	0.125	down	0.875	Stable	Stable Down	0.125
GAM	nad2	8	0	7	1	0	0.875	0.125	down	0.875	Stable	Stable Down	0.125
GAM	nad3	8	0	7	1	0	0.875	0.125	down	0.875	Stable	Stable Down	0.125
GAM	nad6	8	0	7	1	0	0.875	0.125	down	0.875	Stable	Stable Down	0.125
GAM	RvY_00067-1	8	0	6	2	0	0.75	0.25	down	0.75	Stable	Stable Down	0.25
GAM	RvY_00068-1	8	0	6	2	0	0.75	0.25	down	0.75	Stable	Stable Down	0.25
GAM	RvY_00182-1	8	0	6	2	0	0.75	0.25	down	0.75	Stable	Stable Down	0.25
GAM	RvY_00186-1	8	0	6	2	0	0.75	0.25	down	0.75	Stable	Stable Down	0.25
GAM	RvY_00196-1	8	0	6	2	0	0.75	0.25	down	0.75	Stable	Stable Down	0.25
GAM	RvY_00245-1	8	0	6	2	0	0.75	0.25	down	0.75	Stable	Stable Down	0.25
GAM	RvY_00314-1	8	0	6	2	0	0.75	0.25	down	0.75	Stable	Stable Down	0.25
GAM	RvY_00316-1	8	0	6	2	0	0.75	0.25	down	0.75	Stable	Stable Down	0.25
GAM	RvY_00319-1	8	0	6	2	0	0.75	0.25	down	0.75	Stable	Stable Down	0.25
GAM	RvY_00337-1	8	0	6	2	0	0.75	0.25	down	0.75	Stable	Stable Down	0.25
GAM	RvY_00339-1	8	1	6	1	0.125	0.75	0.125	down	0.75	Stable	Stable Down	0.25
GAM	RvY_00384-1	8	0	6	2	0	0.75	0.25	down	0.75	Stable	Stable Down	0.25
GAM	RvY_00399-1	8	0	6	2	0	0.75	0.25	down	0.75	Stable	Stable Down	0.25
GAM	RvY_00410-1	8	0	6	2	0	0.75	0.25	down	0.75	Stable	Stable Down	0.25
GAM	RvY_00419-1	8	0	6	2	0	0.75	0.25	down	0.75	Stable	Stable Down	0.25
GAM	RvY_00438-1	8	0	6	2	0	0.75	0.25	down	0.75	Stable	Stable Down	0.25
GAM	RvY_00453-1	8	0	6	2	0	0.75	0.25	down	0.75	Stable	Stable Down	0.25
GAM	RvY_00456-1	8	0	6	2	0	0.75	0.25	down	0.75	Stable	Stable Down	0.25
GAM	RvY_00492-1	8	0	6	2	0	0.75	0.25	down	0.75	Stable	Stable Down	0.25
GAM	RvY_00495-1	8	0	6	2	0	0.75	0.25	down	0.75	Stable	Stable Down	0.25
GAM	RvY_00543-1	8	0	6	2	0	0.75	0.25	down	0.75	Stable	Stable Down	0.25
GAM	RvY_00573-1	8	0	6	2	0	0.75	0.25	down	0.75	Stable	Stable Down	0.25
GAM	RvY_00575-1	8	0	6	2	0	0.75	0.25	down	0.75	Stable	Stable Down	0.25
GAM	RvY_00606-1	8	0	6	2	0	0.75	0.25	down	0.75	Stable	Stable Down	0.25
GAM	RvY_00659	8	0	6	2	0	0.75	0.25	down	0.75	Stable	Stable Down	0.25
GAM	RvY_00677-1	8	0	6	2	0	0.75	0.25	down	0.75	Stable	Stable Down	0.25
GAM	RvY_00685-1	8	0	6	2	0	0.75	0.25	down	0.75	Stable	Stable Down	0.25
GAM	RvY_00727-1	8	0	6	2	0	0.75	0.25	down	0.75	Stable	Stable Down	0.25
GAM	RvY_00770-1	8	0	6	2	0	0.75	0.25	down	0.75	Stable	Stable Down	0.25
GAM	RvY_00792-1	8	0	6	2	0	0.75	0.25	down	0.75	Stable	Stable Down	0.25
GAM	RvY_00810-1	8	0	6	2	0	0.75	0.25	down	0.75	Stable	Stable Down	0.25
GAM	RvY_00835-1	8	0	6	2	0	0.75	0.25	down	0.75	Stable	Stable Down	0.25
GAM	RvY_00849-1	8	0	6	2	0	0.75	0.25	down	0.75	Stable	Stable Down	0.25
GAM	RvY_00862-1	8	0	6	2	0	0.75	0.25	down	0.75	Stable	Stable Down	0.25
GAM	RvY_00863-2	8	0	6	2	0	0.75	0.25	down	0.75	Stable	Stable Down	0.25
GAM	RvY_00870-1	8	0	6	2	0	0.75	0.25	down	0.75	Stable	Stable Down	0.25
GAM	RvY_00884	8	0	6	2	0	0.75	0.25	down	0.75	Stable	Stable Down	0.25
GAM	RvY_00896-1	8	0	6	2	0	0.75	0.25	down	0.75	Stable	Stable Down	0.25
GAM	RvY_00907	8	0	6	2	0	0.75	0.25	down	0.75	Stable	Stable Down	0.25
GAM	RvY_00914-1	8	0	6	2	0	0.75	0.25	down	0.75	Stable	Stable Down	0.25
GAM	RvY_00917-1	8	0	6	2	0	0.75	0.25	down	0.75	Stable	Stable Down	0.25
GAM	RvY_00918-1	8	0	6	2	0	0.75	0.25	down	0.75	Stable	Stable Down	0.25
GAM	RvY_00944-1	8	0	6	2	0	0.75	0.25	down	0.75	Stable	Stable Down	0.25
GAM	RvY_00953	8	1	6	1	0.125	0.75	0.125	down	0.75	Stable	Stable Down	0.25
GAM	RvY_00956-1	8	0	6	2	0	0.75	0.25	down	0.75	Stable	Stable Down	0.25
GAM	RvY_00961-1	8	0	6	2	0	0.75	0.25	down	0.75	Stable	Stable Down	0.25
GAM	RvY_00977-1	8	1	6	1	0.125	0.75	0.125	down	0.75	Stable	Stable Down	0.25
GAM	RvY_01018-1	8	0	6	2	0	0.75	0.25	down	0.75	Stable	Stable Down	0.25
GAM	RvY_01022-1	8	0	6	2	0	0.75	0.25	down	0.75	Stable	Stable Down	0.25
GAM	RvY_01030-1	8	0	6	2	0	0.75	0.25	down	0.75	Stable	Stable Down	0.25
GAM	RvY_01048-1	8	0	6	2	0	0.75	0.25	down	0.75	Stable	Stable Down	0.25
GAM	RvY_01069-1	8	0	6	2	0	0.75	0.25	down	0.75	Stable	Stable Down	0.25
GAM	RvY_01081-1	8	1	6	1	0.125	0.75	0.125	down	0.75	Stable	Stable Down	0.25
GAM	RvY_01082	8	1	6	1	0.125	0.75	0.125	down	0.75	Stable	Stable Down	0.25
GAM	RvY_01124-1	8	0	6	2	0	0.75	0.25	down	0.75	Stable	Stable Down	0.25
GAM	RvY_01164	8	0	6	2	0	0.75	0.25	down	0.75	Stable	Stable Down	0.25
GAM	RvY_01190-1	8	0	6	2	0	0.75	0.25	down	0.75	Stable	Stable Down	0.25
GAM	RvY_01197-1	8	0	6	2	0	0.75	0.25	down	0.75	Stable	Stable Down	0.25
GAM	RvY_01241-1	8	0	6	2	0	0.75	0.25	down	0.75	Stable	Stable Down	0.25
GAM	RvY_01244-1	8	0	6	2	0	0.75	0.25	down	0.75	Stable	Stable Down	0.25
GAM	RvY_01284	8	0	6	2	0	0.75	0.25	down	0.75	Stable	Stable Down	0.25
GAM	RvY_01314-1	8	0	6	2	0	0.75	0.25	down	0.75	Stable	Stable Down	0.25
GAM	RvY_01315-1	8	0	6	2	0	0.75	0.25	down	0.75	Stable	Stable Down	0.25
GAM	RvY_01326-1	8	0	6	2	0	0.75	0.25	down	0.75	Stable	Stable Down	0.25
GAM	RvY_01330-1	8	0	6	2	0	0.75	0.25	down	0.75	Stable	Stable Down	0.25
GAM	RvY_01350-1	8	0	6	2	0	0.75	0.25	down	0.75	Stable	Stable Down	0.25
GAM	RvY_01359-1	8	0	6	2	0	0.75	0.25	down	0.75	Stable	Stable Down	0.25
GAM	RvY_01369-1	8	0	6	2	0	0.75	0.25	down	0.75	Stable	Stable Down	0.25
GAM	RvY_01417-1	8	0	6	2	0	0.75	0.25	down	0.75	Stable	Stable Down	0.25
GAM	RvY_01465-1	8	0	6	2	0	0.75	0.25	down	0.75	Stable	Stable Down	0.25
GAM	RvY_01469-1	8	0	6	2	0	0.75	0.25	down	0.75	Stable	Stable Down	0.25
GAM	RvY_01472-1	8	0	6	2	0	0.75	0.25	down	0.75	Stable	Stable Down	0.25
GAM	RvY_01498-1	8	0	6	2	0	0.75	0.25	down	0.75	Stable	Stable Down	0.25
GAM	RvY_01553-1	8	0	6	2	0	0.75	0.25	down	0.75	Stable	Stable Down	0.25
GAM	RvY_01565-1	8	0	6	2	0	0.75	0.25	down	0.75	Stable	Stable Down	0.25
GAM	RvY_01567-1	8	0	6	2	0	0.75	0.25	down	0.75	Stable	Stable Down	0.25
GAM	RvY_01605-1	8	0	6	2	0	0.75	0.25	down	0.75	Stable	Stable Down	0.25
GAM	RvY_01682-1	8	0	6	2	0	0.75	0.25	down	0.75	Stable	Stable Down	0.25
GAM	RvY_01716-1	8	0	6	2	0	0.75	0.25	down	0.75	Stable	Stable Down	0.25
GAM	RvY_01717	8	1	6	1	0.125	0.75	0.125	down	0.75	Stable	Stable Down	0.25
GAM	RvY_01759-1	8	0	6	2	0	0.75	0.25	down	0.75	Stable	Stable Down	0.25
GAM	RvY_01827-1	8	0	6	2	0	0.75	0.25	down	0.75	Stable	Stable Down	0.25
GAM	RvY_01836-1	8	0	6	2	0	0.75	0.25	down	0.75	Stable	Stable Down	0.25
GAM	RvY_01840	8	0	6	2	0	0.75	0.25	down	0.75	Stable	Stable Down	0.25
GAM	RvY_01883-1	8	0	6	2	0	0.75	0.25	down	0.75	Stable	Stable Down	0.25
GAM	RvY_01929-1	8	0	6	2	0	0.75	0.25	down	0.75	Stable	Stable Down	0.25
GAM	RvY_02019-1	8	0	6	2	0	0.75	0.25	down	0.75	Stable	Stable Down	0.25
GAM	RvY_02067-1	8	0	6	2	0	0.75	0.25	down	0.75	Stable	Stable Down	0.25
GAM	RvY_02071-1	8	0	6	2	0	0.75	0.25	down	0.75	Stable	Stable Down	0.25
GAM	RvY_02083	8	0	6	2	0	0.75	0.25	down	0.75	Stable	Stable Down	0.25
GAM	RvY_02136-1	8	0	6	2	0	0.75	0.25	down	0.75	Stable	Stable Down	0.25
GAM	RvY_02145-1	8	0	6	2	0	0.75	0.25	down	0.75	Stable	Stable Down	0.25
GAM	RvY_02173-1	8	0	6	2	0	0.75	0.25	down	0.75	Stable	Stable Down	0.25
GAM	RvY_02191-1	8	0	6	2	0	0.75	0.25	down	0.75	Stable	Stable Down	0.25
GAM	RvY_02194	8	0	6	2	0	0.75	0.25	down	0.75	Stable	Stable Down	0.25
GAM	RvY_02244-1	8	0	6	2	0	0.75	0.25	down	0.75	Stable	Stable Down	0.25
GAM	RvY_02266-1	8	0	6	2	0	0.75	0.25	down	0.75	Stable	Stable Down	0.25
GAM	RvY_02276-1	8	0	6	2	0	0.75	0.25	down	0.75	Stable	Stable Down	0.25
GAM	RvY_02308	8	0	6	2	0	0.75	0.25	down	0.75	Stable	Stable Down	0.25
GAM	RvY_02309-1	8	0	6	2	0	0.75	0.25	down	0.75	Stable	Stable Down	0.25
GAM	RvY_02313-1	8	0	6	2	0	0.75	0.25	down	0.75	Stable	Stable Down	0.25
GAM	RvY_02365-1	8	0	6	2	0	0.75	0.25	down	0.75	Stable	Stable Down	0.25
GAM	RvY_02421-1	8	0	6	2	0	0.75	0.25	down	0.75	Stable	Stable Down	0.25
GAM	RvY_02431-1	8	0	6	2	0	0.75	0.25	down	0.75	Stable	Stable Down	0.25
GAM	RvY_02438-1	8	0	6	2	0	0.75	0.25	down	0.75	Stable	Stable Down	0.25
GAM	RvY_02460-1	8	1	6	1	0.125	0.75	0.125	down	0.75	Stable	Stable Down	0.25
GAM	RvY_02474-1	8	0	6	2	0	0.75	0.25	down	0.75	Stable	Stable Down	0.25
GAM	RvY_02475-1	8	0	6	2	0	0.75	0.25	down	0.75	Stable	Stable Down	0.25
GAM	RvY_02479-1	8	0	6	2	0	0.75	0.25	down	0.75	Stable	Stable Down	0.25
GAM	RvY_02509-1	8	0	6	2	0	0.75	0.25	down	0.75	Stable	Stable Down	0.25
GAM	RvY_02518-1	8	0	6	2	0	0.75	0.25	down	0.75	Stable	Stable Down	0.25
GAM	RvY_02526	8	0	6	2	0	0.75	0.25	down	0.75	Stable	Stable Down	0.25
GAM	RvY_02549-1	8	0	6	2	0	0.75	0.25	down	0.75	Stable	Stable Down	0.25
GAM	RvY_02610-1	8	0	6	2	0	0.75	0.25	down	0.75	Stable	Stable Down	0.25
GAM	RvY_02649-1	8	0	6	2	0	0.75	0.25	down	0.75	Stable	Stable Down	0.25
GAM	RvY_02675-1	8	0	6	2	0	0.75	0.25	down	0.75	Stable	Stable Down	0.25
GAM	RvY_02707	8	0	6	2	0	0.75	0.25	down	0.75	Stable	Stable Down	0.25
GAM	RvY_02723-1	8	0	6	2	0	0.75	0.25	down	0.75	Stable	Stable Down	0.25
GAM	RvY_02735-1	8	0	6	2	0	0.75	0.25	down	0.75	Stable	Stable Down	0.25
GAM	RvY_02773-1	8	0	6	2	0	0.75	0.25	down	0.75	Stable	Stable Down	0.25
GAM	RvY_02774-1	8	0	6	2	0	0.75	0.25	down	0.75	Stable	Stable Down	0.25
GAM	RvY_02792	8	0	6	2	0	0.75	0.25	down	0.75	Stable	Stable Down	0.25
GAM	RvY_02813-0	8	1	6	1	0.125	0.75	0.125	down	0.75	Stable	Stable Down	0.25
GAM	RvY_02817-1	8	1	6	1	0.125	0.75	0.125	down	0.75	Stable	Stable Down	0.25
GAM	RvY_02943-1	8	0	6	2	0	0.75	0.25	down	0.75	Stable	Stable Down	0.25
GAM	RvY_02958	8	0	6	2	0	0.75	0.25	down	0.75	Stable	Stable Down	0.25
GAM	RvY_02966-1	8	0	6	2	0	0.75	0.25	down	0.75	Stable	Stable Down	0.25
GAM	RvY_02982	8	0	6	2	0	0.75	0.25	down	0.75	Stable	Stable Down	0.25
GAM	RvY_02984-1	8	0	6	2	0	0.75	0.25	down	0.75	Stable	Stable Down	0.25
GAM	RvY_02985-1	8	0	6	2	0	0.75	0.25	down	0.75	Stable	Stable Down	0.25
GAM	RvY_03088-1	8	0	6	2	0	0.75	0.25	down	0.75	Stable	Stable Down	0.25
GAM	RvY_03165-1	8	0	6	2	0	0.75	0.25	down	0.75	Stable	Stable Down	0.25
GAM	RvY_03208-1	8	0	6	2	0	0.75	0.25	down	0.75	Stable	Stable Down	0.25
GAM	RvY_03214-1	8	0	6	2	0	0.75	0.25	down	0.75	Stable	Stable Down	0.25
GAM	RvY_03225-1	8	0	6	2	0	0.75	0.25	down	0.75	Stable	Stable Down	0.25
GAM	RvY_03231-1	8	0	6	2	0	0.75	0.25	down	0.75	Stable	Stable Down	0.25
GAM	RvY_03241-1	8	0	6	2	0	0.75	0.25	down	0.75	Stable	Stable Down	0.25
GAM	RvY_03243	8	0	6	2	0	0.75	0.25	down	0.75	Stable	Stable Down	0.25
GAM	RvY_03253-1	8	0	6	2	0	0.75	0.25	down	0.75	Stable	Stable Down	0.25
GAM	RvY_03312-1	8	0	6	2	0	0.75	0.25	down	0.75	Stable	Stable Down	0.25
GAM	RvY_03327-1	8	0	6	2	0	0.75	0.25	down	0.75	Stable	Stable Down	0.25
GAM	RvY_03384-1	8	0	6	2	0	0.75	0.25	down	0.75	Stable	Stable Down	0.25
GAM	RvY_03409-1	8	0	6	2	0	0.75	0.25	down	0.75	Stable	Stable Down	0.25
GAM	RvY_03414-1	8	0	6	2	0	0.75	0.25	down	0.75	Stable	Stable Down	0.25
GAM	RvY_03416-1	8	0	6	2	0	0.75	0.25	down	0.75	Stable	Stable Down	0.25
GAM	RvY_03430-1	8	0	6	2	0	0.75	0.25	down	0.75	Stable	Stable Down	0.25
GAM	RvY_03434-1	8	0	6	2	0	0.75	0.25	down	0.75	Stable	Stable Down	0.25
GAM	RvY_03447-1	8	0	6	2	0	0.75	0.25	down	0.75	Stable	Stable Down	0.25
GAM	RvY_03487-1	8	0	6	2	0	0.75	0.25	down	0.75	Stable	Stable Down	0.25
GAM	RvY_03518-1	8	0	6	2	0	0.75	0.25	down	0.75	Stable	Stable Down	0.25
GAM	RvY_03521-1	8	0	6	2	0	0.75	0.25	down	0.75	Stable	Stable Down	0.25
GAM	RvY_03530-1	8	0	6	2	0	0.75	0.25	down	0.75	Stable	Stable Down	0.25
GAM	RvY_03544-1	8	0	6	2	0	0.75	0.25	down	0.75	Stable	Stable Down	0.25
GAM	RvY_03611-1	8	0	6	2	0	0.75	0.25	down	0.75	Stable	Stable Down	0.25
GAM	RvY_03635	8	0	6	2	0	0.75	0.25	down	0.75	Stable	Stable Down	0.25
GAM	RvY_03638-1	8	0	6	2	0	0.75	0.25	down	0.75	Stable	Stable Down	0.25
GAM	RvY_03639-1	8	0	6	2	0	0.75	0.25	down	0.75	Stable	Stable Down	0.25
GAM	RvY_03644-1	8	0	6	2	0	0.75	0.25	down	0.75	Stable	Stable Down	0.25
GAM	RvY_03649-1	8	0	6	2	0	0.75	0.25	down	0.75	Stable	Stable Down	0.25
GAM	RvY_03691-1	8	0	6	2	0	0.75	0.25	down	0.75	Stable	Stable Down	0.25
GAM	RvY_03710-1	8	0	6	2	0	0.75	0.25	down	0.75	Stable	Stable Down	0.25
GAM	RvY_03733-1	8	0	6	2	0	0.75	0.25	down	0.75	Stable	Stable Down	0.25
GAM	RvY_03746-1	8	1	6	1	0.125	0.75	0.125	down	0.75	Stable	Stable Down	0.25
GAM	RvY_03751	8	0	6	2	0	0.75	0.25	down	0.75	Stable	Stable Down	0.25
GAM	RvY_03755-1	8	0	6	2	0	0.75	0.25	down	0.75	Stable	Stable Down	0.25
GAM	RvY_03775	8	0	6	2	0	0.75	0.25	down	0.75	Stable	Stable Down	0.25
GAM	RvY_03806-1	8	0	6	2	0	0.75	0.25	down	0.75	Stable	Stable Down	0.25
GAM	RvY_03854-1	8	1	6	1	0.125	0.75	0.125	down	0.75	Stable	Stable Down	0.25
GAM	RvY_03863-1	8	0	6	2	0	0.75	0.25	down	0.75	Stable	Stable Down	0.25
GAM	RvY_03892-1	8	0	6	2	0	0.75	0.25	down	0.75	Stable	Stable Down	0.25
GAM	RvY_03898	8	0	6	2	0	0.75	0.25	down	0.75	Stable	Stable Down	0.25
GAM	RvY_03931-1	8	0	6	2	0	0.75	0.25	down	0.75	Stable	Stable Down	0.25
GAM	RvY_03933-1	8	0	6	2	0	0.75	0.25	down	0.75	Stable	Stable Down	0.25
GAM	RvY_03944	8	0	6	2	0	0.75	0.25	down	0.75	Stable	Stable Down	0.25
GAM	RvY_03959-1	8	0	6	2	0	0.75	0.25	down	0.75	Stable	Stable Down	0.25
GAM	RvY_03998-1	8	0	6	2	0	0.75	0.25	down	0.75	Stable	Stable Down	0.25
GAM	RvY_04011-1	8	0	6	2	0	0.75	0.25	down	0.75	Stable	Stable Down	0.25
GAM	RvY_04044-1	8	0	6	2	0	0.75	0.25	down	0.75	Stable	Stable Down	0.25
GAM	RvY_04045-1	8	0	6	2	0	0.75	0.25	down	0.75	Stable	Stable Down	0.25
GAM	RvY_04052-1	8	0	6	2	0	0.75	0.25	down	0.75	Stable	Stable Down	0.25
GAM	RvY_04061-1	8	0	6	2	0	0.75	0.25	down	0.75	Stable	Stable Down	0.25
GAM	RvY_04102-1	8	0	6	2	0	0.75	0.25	down	0.75	Stable	Stable Down	0.25
GAM	RvY_04118	8	0	6	2	0	0.75	0.25	down	0.75	Stable	Stable Down	0.25
GAM	RvY_04153-1	8	0	6	2	0	0.75	0.25	down	0.75	Stable	Stable Down	0.25
GAM	RvY_04155	8	0	6	2	0	0.75	0.25	down	0.75	Stable	Stable Down	0.25
GAM	RvY_04193-1	8	0	6	2	0	0.75	0.25	down	0.75	Stable	Stable Down	0.25
GAM	RvY_04218-1	8	0	6	2	0	0.75	0.25	down	0.75	Stable	Stable Down	0.25
GAM	RvY_04232-1	8	0	6	2	0	0.75	0.25	down	0.75	Stable	Stable Down	0.25
GAM	RvY_04262-1	8	1	6	1	0.125	0.75	0.125	down	0.75	Stable	Stable Down	0.25
GAM	RvY_04300-1	8	0	6	2	0	0.75	0.25	down	0.75	Stable	Stable Down	0.25
GAM	RvY_04420-1	8	0	6	2	0	0.75	0.25	down	0.75	Stable	Stable Down	0.25
GAM	RvY_04438-1	8	0	6	2	0	0.75	0.25	down	0.75	Stable	Stable Down	0.25
GAM	RvY_04443-1	8	0	6	2	0	0.75	0.25	down	0.75	Stable	Stable Down	0.25
GAM	RvY_04446	8	0	6	2	0	0.75	0.25	down	0.75	Stable	Stable Down	0.25
GAM	RvY_04456-1	8	0	6	2	0	0.75	0.25	down	0.75	Stable	Stable Down	0.25
GAM	RvY_04482	8	0	6	2	0	0.75	0.25	down	0.75	Stable	Stable Down	0.25
GAM	RvY_04540	8	0	6	2	0	0.75	0.25	down	0.75	Stable	Stable Down	0.25
GAM	RvY_04586-1	8	0	6	2	0	0.75	0.25	down	0.75	Stable	Stable Down	0.25
GAM	RvY_04604-1	8	0	6	2	0	0.75	0.25	down	0.75	Stable	Stable Down	0.25
GAM	RvY_04648-1	8	0	6	2	0	0.75	0.25	down	0.75	Stable	Stable Down	0.25
GAM	RvY_04712-1	8	0	6	2	0	0.75	0.25	down	0.75	Stable	Stable Down	0.25
GAM	RvY_04739-1	8	0	6	2	0	0.75	0.25	down	0.75	Stable	Stable Down	0.25
GAM	RvY_04740-1	8	0	6	2	0	0.75	0.25	down	0.75	Stable	Stable Down	0.25
GAM	RvY_04761-1	8	0	6	2	0	0.75	0.25	down	0.75	Stable	Stable Down	0.25
GAM	RvY_04767-1	8	0	6	2	0	0.75	0.25	down	0.75	Stable	Stable Down	0.25
GAM	RvY_04788-1	8	0	6	2	0	0.75	0.25	down	0.75	Stable	Stable Down	0.25
GAM	RvY_04796-1	8	0	6	2	0	0.75	0.25	down	0.75	Stable	Stable Down	0.25
GAM	RvY_04803-1	8	0	6	2	0	0.75	0.25	down	0.75	Stable	Stable Down	0.25
GAM	RvY_04816-1	8	0	6	2	0	0.75	0.25	down	0.75	Stable	Stable Down	0.25
GAM	RvY_04861-1	8	1	6	1	0.125	0.75	0.125	down	0.75	Stable	Stable Down	0.25
GAM	RvY_04920-1	8	0	6	2	0	0.75	0.25	down	0.75	Stable	Stable Down	0.25
GAM	RvY_04952-1	8	0	6	2	0	0.75	0.25	down	0.75	Stable	Stable Down	0.25
GAM	RvY_04958-1	8	0	6	2	0	0.75	0.25	down	0.75	Stable	Stable Down	0.25
GAM	RvY_04959-1	8	0	6	2	0	0.75	0.25	down	0.75	Stable	Stable Down	0.25
GAM	RvY_04970-1	8	0	6	2	0	0.75	0.25	down	0.75	Stable	Stable Down	0.25
GAM	RvY_04995-1	8	0	6	2	0	0.75	0.25	down	0.75	Stable	Stable Down	0.25
GAM	RvY_05011-1	8	0	6	2	0	0.75	0.25	down	0.75	Stable	Stable Down	0.25
GAM	RvY_05035	8	0	6	2	0	0.75	0.25	down	0.75	Stable	Stable Down	0.25
GAM	RvY_05038	8	0	6	2	0	0.75	0.25	down	0.75	Stable	Stable Down	0.25
GAM	RvY_05109-1	8	0	6	2	0	0.75	0.25	down	0.75	Stable	Stable Down	0.25
GAM	RvY_05119-1	8	0	6	2	0	0.75	0.25	down	0.75	Stable	Stable Down	0.25
GAM	RvY_05122-1	8	0	6	2	0	0.75	0.25	down	0.75	Stable	Stable Down	0.25
GAM	RvY_05135-1	8	0	6	2	0	0.75	0.25	down	0.75	Stable	Stable Down	0.25
GAM	RvY_05162-1	8	0	6	2	0	0.75	0.25	down	0.75	Stable	Stable Down	0.25
GAM	RvY_05167-1	8	0	6	2	0	0.75	0.25	down	0.75	Stable	Stable Down	0.25
GAM	RvY_05180-1	8	0	6	2	0	0.75	0.25	down	0.75	Stable	Stable Down	0.25
GAM	RvY_05198	8	0	6	2	0	0.75	0.25	down	0.75	Stable	Stable Down	0.25
GAM	RvY_05272-1	8	0	6	2	0	0.75	0.25	down	0.75	Stable	Stable Down	0.25
GAM	RvY_05305-1	8	0	6	2	0	0.75	0.25	down	0.75	Stable	Stable Down	0.25
GAM	RvY_05356-1	8	0	6	2	0	0.75	0.25	down	0.75	Stable	Stable Down	0.25
GAM	RvY_05359-1	8	0	6	2	0	0.75	0.25	down	0.75	Stable	Stable Down	0.25
GAM	RvY_05378-1	8	0	6	2	0	0.75	0.25	down	0.75	Stable	Stable Down	0.25
GAM	RvY_05392-1	8	0	6	2	0	0.75	0.25	down	0.75	Stable	Stable Down	0.25
GAM	RvY_05401	8	0	6	2	0	0.75	0.25	down	0.75	Stable	Stable Down	0.25
GAM	RvY_05435-1	8	0	6	2	0	0.75	0.25	down	0.75	Stable	Stable Down	0.25
GAM	RvY_05444-1	8	0	6	2	0	0.75	0.25	down	0.75	Stable	Stable Down	0.25
GAM	RvY_05451-1	8	0	6	2	0	0.75	0.25	down	0.75	Stable	Stable Down	0.25
GAM	RvY_05481-1	8	0	6	2	0	0.75	0.25	down	0.75	Stable	Stable Down	0.25
GAM	RvY_05547-1	8	0	6	2	0	0.75	0.25	down	0.75	Stable	Stable Down	0.25
GAM	RvY_05565-1	8	0	6	2	0	0.75	0.25	down	0.75	Stable	Stable Down	0.25
GAM	RvY_05573-1	8	0	6	2	0	0.75	0.25	down	0.75	Stable	Stable Down	0.25
GAM	RvY_05595-1	8	0	6	2	0	0.75	0.25	down	0.75	Stable	Stable Down	0.25
GAM	RvY_05601-1	8	0	6	2	0	0.75	0.25	down	0.75	Stable	Stable Down	0.25
GAM	RvY_05609-1	8	0	6	2	0	0.75	0.25	down	0.75	Stable	Stable Down	0.25
GAM	RvY_05624	8	0	6	2	0	0.75	0.25	down	0.75	Stable	Stable Down	0.25
GAM	RvY_05646-1	8	0	6	2	0	0.75	0.25	down	0.75	Stable	Stable Down	0.25
GAM	RvY_05746-1	8	0	6	2	0	0.75	0.25	down	0.75	Stable	Stable Down	0.25
GAM	RvY_05747-1	8	0	6	2	0	0.75	0.25	down	0.75	Stable	Stable Down	0.25
GAM	RvY_05748-1	8	0	6	2	0	0.75	0.25	down	0.75	Stable	Stable Down	0.25
GAM	RvY_05819-1	8	0	6	2	0	0.75	0.25	down	0.75	Stable	Stable Down	0.25
GAM	RvY_05827-1	8	0	6	2	0	0.75	0.25	down	0.75	Stable	Stable Down	0.25
GAM	RvY_05846-1	8	0	6	2	0	0.75	0.25	down	0.75	Stable	Stable Down	0.25
GAM	RvY_05880-1	8	0	6	2	0	0.75	0.25	down	0.75	Stable	Stable Down	0.25
GAM	RvY_05886-1	8	0	6	2	0	0.75	0.25	down	0.75	Stable	Stable Down	0.25
GAM	RvY_05891-1	8	0	6	2	0	0.75	0.25	down	0.75	Stable	Stable Down	0.25
GAM	RvY_05895	8	0	6	2	0	0.75	0.25	down	0.75	Stable	Stable Down	0.25
GAM	RvY_05899-1	8	0	6	2	0	0.75	0.25	down	0.75	Stable	Stable Down	0.25
GAM	RvY_05900-1	8	0	6	2	0	0.75	0.25	down	0.75	Stable	Stable Down	0.25
GAM	RvY_05913-1	8	0	6	2	0	0.75	0.25	down	0.75	Stable	Stable Down	0.25
GAM	RvY_05921-1	8	0	6	2	0	0.75	0.25	down	0.75	Stable	Stable Down	0.25
GAM	RvY_05929-1	8	0	6	2	0	0.75	0.25	down	0.75	Stable	Stable Down	0.25
GAM	RvY_05942-1	8	0	6	2	0	0.75	0.25	down	0.75	Stable	Stable Down	0.25
GAM	RvY_05962-1	8	0	6	2	0	0.75	0.25	down	0.75	Stable	Stable Down	0.25
GAM	RvY_05969-1	8	0	6	2	0	0.75	0.25	down	0.75	Stable	Stable Down	0.25
GAM	RvY_05981	8	1	6	1	0.125	0.75	0.125	down	0.75	Stable	Stable Down	0.25
GAM	RvY_05987-1	8	0	6	2	0	0.75	0.25	down	0.75	Stable	Stable Down	0.25
GAM	RvY_05992-1	8	0	6	2	0	0.75	0.25	down	0.75	Stable	Stable Down	0.25
GAM	RvY_06025	8	0	6	2	0	0.75	0.25	down	0.75	Stable	Stable Down	0.25
GAM	RvY_06032-1	8	0	6	2	0	0.75	0.25	down	0.75	Stable	Stable Down	0.25
GAM	RvY_06033-1	8	0	6	2	0	0.75	0.25	down	0.75	Stable	Stable Down	0.25
GAM	RvY_06055-1	8	0	6	2	0	0.75	0.25	down	0.75	Stable	Stable Down	0.25
GAM	RvY_06056-1	8	0	6	2	0	0.75	0.25	down	0.75	Stable	Stable Down	0.25
GAM	RvY_06061-1	8	0	6	2	0	0.75	0.25	down	0.75	Stable	Stable Down	0.25
GAM	RvY_06078-1	8	0	6	2	0	0.75	0.25	down	0.75	Stable	Stable Down	0.25
GAM	RvY_06092-1	8	0	6	2	0	0.75	0.25	down	0.75	Stable	Stable Down	0.25
GAM	RvY_06094-1	8	0	6	2	0	0.75	0.25	down	0.75	Stable	Stable Down	0.25
GAM	RvY_06149	8	0	6	2	0	0.75	0.25	down	0.75	Stable	Stable Down	0.25
GAM	RvY_06150	8	0	6	2	0	0.75	0.25	down	0.75	Stable	Stable Down	0.25
GAM	RvY_06199	8	0	6	2	0	0.75	0.25	down	0.75	Stable	Stable Down	0.25
GAM	RvY_06210-1	8	0	6	2	0	0.75	0.25	down	0.75	Stable	Stable Down	0.25
GAM	RvY_06217-1	8	0	6	2	0	0.75	0.25	down	0.75	Stable	Stable Down	0.25
GAM	RvY_06218-1	8	0	6	2	0	0.75	0.25	down	0.75	Stable	Stable Down	0.25
GAM	RvY_06260-1	8	0	6	2	0	0.75	0.25	down	0.75	Stable	Stable Down	0.25
GAM	RvY_06273	8	0	6	2	0	0.75	0.25	down	0.75	Stable	Stable Down	0.25
GAM	RvY_06279-1	8	1	6	1	0.125	0.75	0.125	down	0.75	Stable	Stable Down	0.25
GAM	RvY_06323-1	8	0	6	2	0	0.75	0.25	down	0.75	Stable	Stable Down	0.25
GAM	RvY_06361-1	8	0	6	2	0	0.75	0.25	down	0.75	Stable	Stable Down	0.25
GAM	RvY_06453-1	8	0	6	2	0	0.75	0.25	down	0.75	Stable	Stable Down	0.25
GAM	RvY_06454-1	8	0	6	2	0	0.75	0.25	down	0.75	Stable	Stable Down	0.25
GAM	RvY_06502-1	8	0	6	2	0	0.75	0.25	down	0.75	Stable	Stable Down	0.25
GAM	RvY_06578	8	0	6	2	0	0.75	0.25	down	0.75	Stable	Stable Down	0.25
GAM	RvY_06613-1	8	0	6	2	0	0.75	0.25	down	0.75	Stable	Stable Down	0.25
GAM	RvY_06615-1	8	1	6	1	0.125	0.75	0.125	down	0.75	Stable	Stable Down	0.25
GAM	RvY_06623-1	8	0	6	2	0	0.75	0.25	down	0.75	Stable	Stable Down	0.25
GAM	RvY_06629-1	8	0	6	2	0	0.75	0.25	down	0.75	Stable	Stable Down	0.25
GAM	RvY_06675-1	8	0	6	2	0	0.75	0.25	down	0.75	Stable	Stable Down	0.25
GAM	RvY_06685-1	8	0	6	2	0	0.75	0.25	down	0.75	Stable	Stable Down	0.25
GAM	RvY_06690-1	8	0	6	2	0	0.75	0.25	down	0.75	Stable	Stable Down	0.25
GAM	RvY_06702-1	8	0	6	2	0	0.75	0.25	down	0.75	Stable	Stable Down	0.25
GAM	RvY_06734-1	8	1	6	1	0.125	0.75	0.125	down	0.75	Stable	Stable Down	0.25
GAM	RvY_06764-1	8	0	6	2	0	0.75	0.25	down	0.75	Stable	Stable Down	0.25
GAM	RvY_06796-1	8	0	6	2	0	0.75	0.25	down	0.75	Stable	Stable Down	0.25
GAM	RvY_06801-1	8	0	6	2	0	0.75	0.25	down	0.75	Stable	Stable Down	0.25
GAM	RvY_06804-1	8	0	6	2	0	0.75	0.25	down	0.75	Stable	Stable Down	0.25
GAM	RvY_06805-1	8	0	6	2	0	0.75	0.25	down	0.75	Stable	Stable Down	0.25
GAM	RvY_06821-1	8	0	6	2	0	0.75	0.25	down	0.75	Stable	Stable Down	0.25
GAM	RvY_06845-1	8	0	6	2	0	0.75	0.25	down	0.75	Stable	Stable Down	0.25
GAM	RvY_06869-1	8	0	6	2	0	0.75	0.25	down	0.75	Stable	Stable Down	0.25
GAM	RvY_06870	8	0	6	2	0	0.75	0.25	down	0.75	Stable	Stable Down	0.25
GAM	RvY_06871	8	0	6	2	0	0.75	0.25	down	0.75	Stable	Stable Down	0.25
GAM	RvY_06873-1	8	0	6	2	0	0.75	0.25	down	0.75	Stable	Stable Down	0.25
GAM	RvY_06874-1	8	0	6	2	0	0.75	0.25	down	0.75	Stable	Stable Down	0.25
GAM	RvY_06940-1	8	0	6	2	0	0.75	0.25	down	0.75	Stable	Stable Down	0.25
GAM	RvY_07006	8	0	6	2	0	0.75	0.25	down	0.75	Stable	Stable Down	0.25
GAM	RvY_07015-1	8	0	6	2	0	0.75	0.25	down	0.75	Stable	Stable Down	0.25
GAM	RvY_07026-1	8	0	6	2	0	0.75	0.25	down	0.75	Stable	Stable Down	0.25
GAM	RvY_07033-1	8	0	6	2	0	0.75	0.25	down	0.75	Stable	Stable Down	0.25
GAM	RvY_07038-1	8	0	6	2	0	0.75	0.25	down	0.75	Stable	Stable Down	0.25
GAM	RvY_07051-1	8	0	6	2	0	0.75	0.25	down	0.75	Stable	Stable Down	0.25
GAM	RvY_07067-1	8	0	6	2	0	0.75	0.25	down	0.75	Stable	Stable Down	0.25
GAM	RvY_07068	8	0	6	2	0	0.75	0.25	down	0.75	Stable	Stable Down	0.25
GAM	RvY_07103	8	0	6	2	0	0.75	0.25	down	0.75	Stable	Stable Down	0.25
GAM	RvY_07117-1	8	0	6	2	0	0.75	0.25	down	0.75	Stable	Stable Down	0.25
GAM	RvY_07219	8	0	6	2	0	0.75	0.25	down	0.75	Stable	Stable Down	0.25
GAM	RvY_07263-1	8	0	6	2	0	0.75	0.25	down	0.75	Stable	Stable Down	0.25
GAM	RvY_07274-1	8	0	6	2	0	0.75	0.25	down	0.75	Stable	Stable Down	0.25
GAM	RvY_07276-1	8	0	6	2	0	0.75	0.25	down	0.75	Stable	Stable Down	0.25
GAM	RvY_07312-1	8	0	6	2	0	0.75	0.25	down	0.75	Stable	Stable Down	0.25
GAM	RvY_07325-1	8	0	6	2	0	0.75	0.25	down	0.75	Stable	Stable Down	0.25
GAM	RvY_07360	8	0	6	2	0	0.75	0.25	down	0.75	Stable	Stable Down	0.25
GAM	RvY_07361-1	8	2	6	0	0.25	0.75	0	down	0.75	Stable	Stable Down	0.25
GAM	RvY_07362-1	8	0	6	2	0	0.75	0.25	down	0.75	Stable	Stable Down	0.25
GAM	RvY_07363	8	1	6	1	0.125	0.75	0.125	down	0.75	Stable	Stable Down	0.25
GAM	RvY_07373-1	8	0	6	2	0	0.75	0.25	down	0.75	Stable	Stable Down	0.25
GAM	RvY_07376-1	8	0	6	2	0	0.75	0.25	down	0.75	Stable	Stable Down	0.25
GAM	RvY_07377	8	0	6	2	0	0.75	0.25	down	0.75	Stable	Stable Down	0.25
GAM	RvY_07378-1	8	0	6	2	0	0.75	0.25	down	0.75	Stable	Stable Down	0.25
GAM	RvY_07381-1	8	0	6	2	0	0.75	0.25	down	0.75	Stable	Stable Down	0.25
GAM	RvY_07403-1	8	0	6	2	0	0.75	0.25	down	0.75	Stable	Stable Down	0.25
GAM	RvY_07412	8	0	6	2	0	0.75	0.25	down	0.75	Stable	Stable Down	0.25
GAM	RvY_07424-1	8	0	6	2	0	0.75	0.25	down	0.75	Stable	Stable Down	0.25
GAM	RvY_07450-1	8	0	6	2	0	0.75	0.25	down	0.75	Stable	Stable Down	0.25
GAM	RvY_07466-1	8	0	6	2	0	0.75	0.25	down	0.75	Stable	Stable Down	0.25
GAM	RvY_07473	8	0	6	2	0	0.75	0.25	down	0.75	Stable	Stable Down	0.25
GAM	RvY_07474-1	8	0	6	2	0	0.75	0.25	down	0.75	Stable	Stable Down	0.25
GAM	RvY_07498-1	8	0	6	2	0	0.75	0.25	down	0.75	Stable	Stable Down	0.25
GAM	RvY_07518-1	8	0	6	2	0	0.75	0.25	down	0.75	Stable	Stable Down	0.25
GAM	RvY_07519-1	8	0	6	2	0	0.75	0.25	down	0.75	Stable	Stable Down	0.25
GAM	RvY_07552-1	8	0	6	2	0	0.75	0.25	down	0.75	Stable	Stable Down	0.25
GAM	RvY_07580-1	8	0	6	2	0	0.75	0.25	down	0.75	Stable	Stable Down	0.25
GAM	RvY_07594-1	8	0	6	2	0	0.75	0.25	down	0.75	Stable	Stable Down	0.25
GAM	RvY_07598-1	8	0	6	2	0	0.75	0.25	down	0.75	Stable	Stable Down	0.25
GAM	RvY_07635	8	0	6	2	0	0.75	0.25	down	0.75	Stable	Stable Down	0.25
GAM	RvY_07651-1	8	0	6	2	0	0.75	0.25	down	0.75	Stable	Stable Down	0.25
GAM	RvY_07700	8	0	6	2	0	0.75	0.25	down	0.75	Stable	Stable Down	0.25
GAM	RvY_07751-1	8	0	6	2	0	0.75	0.25	down	0.75	Stable	Stable Down	0.25
GAM	RvY_07753-1	8	0	6	2	0	0.75	0.25	down	0.75	Stable	Stable Down	0.25
GAM	RvY_07783-1	8	0	6	2	0	0.75	0.25	down	0.75	Stable	Stable Down	0.25
GAM	RvY_07841-1	8	0	6	2	0	0.75	0.25	down	0.75	Stable	Stable Down	0.25
GAM	RvY_07846-1	8	0	6	2	0	0.75	0.25	down	0.75	Stable	Stable Down	0.25
GAM	RvY_07879-1	8	0	6	2	0	0.75	0.25	down	0.75	Stable	Stable Down	0.25
GAM	RvY_07907-1	8	0	6	2	0	0.75	0.25	down	0.75	Stable	Stable Down	0.25
GAM	RvY_07956-1	8	0	6	2	0	0.75	0.25	down	0.75	Stable	Stable Down	0.25
GAM	RvY_07961-1	8	0	6	2	0	0.75	0.25	down	0.75	Stable	Stable Down	0.25
GAM	RvY_07978-1	8	0	6	2	0	0.75	0.25	down	0.75	Stable	Stable Down	0.25
GAM	RvY_07980-1	8	0	6	2	0	0.75	0.25	down	0.75	Stable	Stable Down	0.25
GAM	RvY_08037-1	8	0	6	2	0	0.75	0.25	down	0.75	Stable	Stable Down	0.25
GAM	RvY_08052-1	8	0	6	2	0	0.75	0.25	down	0.75	Stable	Stable Down	0.25
GAM	RvY_08063-1	8	0	6	2	0	0.75	0.25	down	0.75	Stable	Stable Down	0.25
GAM	RvY_08065-1	8	0	6	2	0	0.75	0.25	down	0.75	Stable	Stable Down	0.25
GAM	RvY_08067-1	8	0	6	2	0	0.75	0.25	down	0.75	Stable	Stable Down	0.25
GAM	RvY_08081	8	0	6	2	0	0.75	0.25	down	0.75	Stable	Stable Down	0.25
GAM	RvY_08105-1	8	0	6	2	0	0.75	0.25	down	0.75	Stable	Stable Down	0.25
GAM	RvY_08125-1	8	0	6	2	0	0.75	0.25	down	0.75	Stable	Stable Down	0.25
GAM	RvY_08131-1	8	0	6	2	0	0.75	0.25	down	0.75	Stable	Stable Down	0.25
GAM	RvY_08137-1	8	0	6	2	0	0.75	0.25	down	0.75	Stable	Stable Down	0.25
GAM	RvY_08144-1	8	0	6	2	0	0.75	0.25	down	0.75	Stable	Stable Down	0.25
GAM	RvY_08165-1	8	0	6	2	0	0.75	0.25	down	0.75	Stable	Stable Down	0.25
GAM	RvY_08202-1	8	0	6	2	0	0.75	0.25	down	0.75	Stable	Stable Down	0.25
GAM	RvY_08227	8	0	6	2	0	0.75	0.25	down	0.75	Stable	Stable Down	0.25
GAM	RvY_08228-1	8	0	6	2	0	0.75	0.25	down	0.75	Stable	Stable Down	0.25
GAM	RvY_08368-1	8	0	6	2	0	0.75	0.25	down	0.75	Stable	Stable Down	0.25
GAM	RvY_08377-1	8	0	6	2	0	0.75	0.25	down	0.75	Stable	Stable Down	0.25
GAM	RvY_08417-1	8	0	6	2	0	0.75	0.25	down	0.75	Stable	Stable Down	0.25
GAM	RvY_08431-1	8	0	6	2	0	0.75	0.25	down	0.75	Stable	Stable Down	0.25
GAM	RvY_08514-1	8	0	6	2	0	0.75	0.25	down	0.75	Stable	Stable Down	0.25
GAM	RvY_08550-1	8	0	6	2	0	0.75	0.25	down	0.75	Stable	Stable Down	0.25
GAM	RvY_08592-1	8	0	6	2	0	0.75	0.25	down	0.75	Stable	Stable Down	0.25
GAM	RvY_08682-1	8	0	6	2	0	0.75	0.25	down	0.75	Stable	Stable Down	0.25
GAM	RvY_08691-1	8	0	6	2	0	0.75	0.25	down	0.75	Stable	Stable Down	0.25
GAM	RvY_08745-1	8	0	6	2	0	0.75	0.25	down	0.75	Stable	Stable Down	0.25
GAM	RvY_08825-1	8	0	6	2	0	0.75	0.25	down	0.75	Stable	Stable Down	0.25
GAM	RvY_08835-1	8	0	6	2	0	0.75	0.25	down	0.75	Stable	Stable Down	0.25
GAM	RvY_08856-1	8	0	6	2	0	0.75	0.25	down	0.75	Stable	Stable Down	0.25
GAM	RvY_08888-1	8	0	6	2	0	0.75	0.25	down	0.75	Stable	Stable Down	0.25
GAM	RvY_08912	8	0	6	2	0	0.75	0.25	down	0.75	Stable	Stable Down	0.25
GAM	RvY_08932-1	8	0	6	2	0	0.75	0.25	down	0.75	Stable	Stable Down	0.25
GAM	RvY_08939-1	8	0	6	2	0	0.75	0.25	down	0.75	Stable	Stable Down	0.25
GAM	RvY_08943	8	0	6	2	0	0.75	0.25	down	0.75	Stable	Stable Down	0.25
GAM	RvY_08966-1	8	0	6	2	0	0.75	0.25	down	0.75	Stable	Stable Down	0.25
GAM	RvY_08992-1	8	0	6	2	0	0.75	0.25	down	0.75	Stable	Stable Down	0.25
GAM	RvY_09020-1	8	1	6	1	0.125	0.75	0.125	down	0.75	Stable	Stable Down	0.25
GAM	RvY_09022-1	8	1	6	1	0.125	0.75	0.125	down	0.75	Stable	Stable Down	0.25
GAM	RvY_09129-1	8	0	6	2	0	0.75	0.25	down	0.75	Stable	Stable Down	0.25
GAM	RvY_09171-1	8	0	6	2	0	0.75	0.25	down	0.75	Stable	Stable Down	0.25
GAM	RvY_09188-1	8	0	6	2	0	0.75	0.25	down	0.75	Stable	Stable Down	0.25
GAM	RvY_09194	8	0	6	2	0	0.75	0.25	down	0.75	Stable	Stable Down	0.25
GAM	RvY_09204	8	0	6	2	0	0.75	0.25	down	0.75	Stable	Stable Down	0.25
GAM	RvY_09258-1	8	0	6	2	0	0.75	0.25	down	0.75	Stable	Stable Down	0.25
GAM	RvY_09297-1	8	0	6	2	0	0.75	0.25	down	0.75	Stable	Stable Down	0.25
GAM	RvY_09300-1	8	0	6	2	0	0.75	0.25	down	0.75	Stable	Stable Down	0.25
GAM	RvY_09320-1	8	0	6	2	0	0.75	0.25	down	0.75	Stable	Stable Down	0.25
GAM	RvY_09404-1	8	0	6	2	0	0.75	0.25	down	0.75	Stable	Stable Down	0.25
GAM	RvY_09405-1	8	0	6	2	0	0.75	0.25	down	0.75	Stable	Stable Down	0.25
GAM	RvY_09436-1	8	0	6	2	0	0.75	0.25	down	0.75	Stable	Stable Down	0.25
GAM	RvY_09446-1	8	0	6	2	0	0.75	0.25	down	0.75	Stable	Stable Down	0.25
GAM	RvY_09479-1	8	0	6	2	0	0.75	0.25	down	0.75	Stable	Stable Down	0.25
GAM	RvY_09487-1	8	0	6	2	0	0.75	0.25	down	0.75	Stable	Stable Down	0.25
GAM	RvY_09525-1	8	0	6	2	0	0.75	0.25	down	0.75	Stable	Stable Down	0.25
GAM	RvY_09538-1	8	0	6	2	0	0.75	0.25	down	0.75	Stable	Stable Down	0.25
GAM	RvY_09564-1	8	0	6	2	0	0.75	0.25	down	0.75	Stable	Stable Down	0.25
GAM	RvY_09614-1	8	0	6	2	0	0.75	0.25	down	0.75	Stable	Stable Down	0.25
GAM	RvY_09673-1	8	0	6	2	0	0.75	0.25	down	0.75	Stable	Stable Down	0.25
GAM	RvY_09740-1	8	0	6	2	0	0.75	0.25	down	0.75	Stable	Stable Down	0.25
GAM	RvY_09782	8	0	6	2	0	0.75	0.25	down	0.75	Stable	Stable Down	0.25
GAM	RvY_09785-1	8	0	6	2	0	0.75	0.25	down	0.75	Stable	Stable Down	0.25
GAM	RvY_09796-1	8	0	6	2	0	0.75	0.25	down	0.75	Stable	Stable Down	0.25
GAM	RvY_09823-1	8	0	6	2	0	0.75	0.25	down	0.75	Stable	Stable Down	0.25
GAM	RvY_09840-1	8	0	6	2	0	0.75	0.25	down	0.75	Stable	Stable Down	0.25
GAM	RvY_09889-1	8	0	6	2	0	0.75	0.25	down	0.75	Stable	Stable Down	0.25
GAM	RvY_09903-1	8	0	6	2	0	0.75	0.25	down	0.75	Stable	Stable Down	0.25
GAM	RvY_09925-1	8	0	6	2	0	0.75	0.25	down	0.75	Stable	Stable Down	0.25
GAM	RvY_09960-1	8	0	6	2	0	0.75	0.25	down	0.75	Stable	Stable Down	0.25
GAM	RvY_10018-1	8	0	6	2	0	0.75	0.25	down	0.75	Stable	Stable Down	0.25
GAM	RvY_10035-1	8	0	6	2	0	0.75	0.25	down	0.75	Stable	Stable Down	0.25
GAM	RvY_10047-1	8	0	6	2	0	0.75	0.25	down	0.75	Stable	Stable Down	0.25
GAM	RvY_10057-1	8	0	6	2	0	0.75	0.25	down	0.75	Stable	Stable Down	0.25
GAM	RvY_10059	8	0	6	2	0	0.75	0.25	down	0.75	Stable	Stable Down	0.25
GAM	RvY_10063-1	8	0	6	2	0	0.75	0.25	down	0.75	Stable	Stable Down	0.25
GAM	RvY_10132-1	8	0	6	2	0	0.75	0.25	down	0.75	Stable	Stable Down	0.25
GAM	RvY_10170-1	8	0	6	2	0	0.75	0.25	down	0.75	Stable	Stable Down	0.25
GAM	RvY_10175-1	8	0	6	2	0	0.75	0.25	down	0.75	Stable	Stable Down	0.25
GAM	RvY_10209-1	8	0	6	2	0	0.75	0.25	down	0.75	Stable	Stable Down	0.25
GAM	RvY_10211-1	8	0	6	2	0	0.75	0.25	down	0.75	Stable	Stable Down	0.25
GAM	RvY_10217-1	8	0	6	2	0	0.75	0.25	down	0.75	Stable	Stable Down	0.25
GAM	RvY_10222-1	8	0	6	2	0	0.75	0.25	down	0.75	Stable	Stable Down	0.25
GAM	RvY_10224-1	8	0	6	2	0	0.75	0.25	down	0.75	Stable	Stable Down	0.25
GAM	RvY_10226-1	8	0	6	2	0	0.75	0.25	down	0.75	Stable	Stable Down	0.25
GAM	RvY_10265-1	8	0	6	2	0	0.75	0.25	down	0.75	Stable	Stable Down	0.25
GAM	RvY_10288-1	8	0	6	2	0	0.75	0.25	down	0.75	Stable	Stable Down	0.25
GAM	RvY_10341-1	8	0	6	2	0	0.75	0.25	down	0.75	Stable	Stable Down	0.25
GAM	RvY_10359-1	8	0	6	2	0	0.75	0.25	down	0.75	Stable	Stable Down	0.25
GAM	RvY_10396-1	8	0	6	2	0	0.75	0.25	down	0.75	Stable	Stable Down	0.25
GAM	RvY_10401-1	8	0	6	2	0	0.75	0.25	down	0.75	Stable	Stable Down	0.25
GAM	RvY_10477-1	8	0	6	2	0	0.75	0.25	down	0.75	Stable	Stable Down	0.25
GAM	RvY_10479-1	8	0	6	2	0	0.75	0.25	down	0.75	Stable	Stable Down	0.25
GAM	RvY_10510-1	8	0	6	2	0	0.75	0.25	down	0.75	Stable	Stable Down	0.25
GAM	RvY_10520-1	8	0	6	2	0	0.75	0.25	down	0.75	Stable	Stable Down	0.25
GAM	RvY_10522-1	8	0	6	2	0	0.75	0.25	down	0.75	Stable	Stable Down	0.25
GAM	RvY_10529	8	0	6	2	0	0.75	0.25	down	0.75	Stable	Stable Down	0.25
GAM	RvY_10572-1	8	0	6	2	0	0.75	0.25	down	0.75	Stable	Stable Down	0.25
GAM	RvY_10576-1	8	0	6	2	0	0.75	0.25	down	0.75	Stable	Stable Down	0.25
GAM	RvY_10594-1	8	0	6	2	0	0.75	0.25	down	0.75	Stable	Stable Down	0.25
GAM	RvY_10595-1	8	0	6	2	0	0.75	0.25	down	0.75	Stable	Stable Down	0.25
GAM	RvY_10607-1	8	0	6	2	0	0.75	0.25	down	0.75	Stable	Stable Down	0.25
GAM	RvY_10685-1	8	0	6	2	0	0.75	0.25	down	0.75	Stable	Stable Down	0.25
GAM	RvY_10713-1	8	0	6	2	0	0.75	0.25	down	0.75	Stable	Stable Down	0.25
GAM	RvY_10743-1	8	0	6	2	0	0.75	0.25	down	0.75	Stable	Stable Down	0.25
GAM	RvY_10747-1	8	0	6	2	0	0.75	0.25	down	0.75	Stable	Stable Down	0.25
GAM	RvY_10792-1	8	0	6	2	0	0.75	0.25	down	0.75	Stable	Stable Down	0.25
GAM	RvY_10818-1	8	0	6	2	0	0.75	0.25	down	0.75	Stable	Stable Down	0.25
GAM	RvY_10894-1	8	0	6	2	0	0.75	0.25	down	0.75	Stable	Stable Down	0.25
GAM	RvY_10917-1	8	0	6	2	0	0.75	0.25	down	0.75	Stable	Stable Down	0.25
GAM	RvY_10954-1	8	0	6	2	0	0.75	0.25	down	0.75	Stable	Stable Down	0.25
GAM	RvY_10964-1	8	0	6	2	0	0.75	0.25	down	0.75	Stable	Stable Down	0.25
GAM	RvY_11019-1	8	0	6	2	0	0.75	0.25	down	0.75	Stable	Stable Down	0.25
GAM	RvY_11219-1	8	0	6	2	0	0.75	0.25	down	0.75	Stable	Stable Down	0.25
GAM	RvY_11321-1	8	0	6	2	0	0.75	0.25	down	0.75	Stable	Stable Down	0.25
GAM	RvY_11339-1	8	0	6	2	0	0.75	0.25	down	0.75	Stable	Stable Down	0.25
GAM	RvY_11350-1	8	0	6	2	0	0.75	0.25	down	0.75	Stable	Stable Down	0.25
GAM	RvY_11352-1	8	0	6	2	0	0.75	0.25	down	0.75	Stable	Stable Down	0.25
GAM	RvY_11384-1	8	0	6	2	0	0.75	0.25	down	0.75	Stable	Stable Down	0.25
GAM	RvY_11414-1	8	0	6	2	0	0.75	0.25	down	0.75	Stable	Stable Down	0.25
GAM	RvY_11416-1	8	1	6	1	0.125	0.75	0.125	down	0.75	Stable	Stable Down	0.25
GAM	RvY_11426-1	8	0	6	2	0	0.75	0.25	down	0.75	Stable	Stable Down	0.25
GAM	RvY_11440-1	8	0	6	2	0	0.75	0.25	down	0.75	Stable	Stable Down	0.25
GAM	RvY_11511	8	0	6	2	0	0.75	0.25	down	0.75	Stable	Stable Down	0.25
GAM	RvY_11584-1	8	0	6	2	0	0.75	0.25	down	0.75	Stable	Stable Down	0.25
GAM	RvY_11585-1	8	0	6	2	0	0.75	0.25	down	0.75	Stable	Stable Down	0.25
GAM	RvY_11590-1	8	0	6	2	0	0.75	0.25	down	0.75	Stable	Stable Down	0.25
GAM	RvY_11593-1	8	0	6	2	0	0.75	0.25	down	0.75	Stable	Stable Down	0.25
GAM	RvY_11643-1	8	0	6	2	0	0.75	0.25	down	0.75	Stable	Stable Down	0.25
GAM	RvY_11645-1	8	0	6	2	0	0.75	0.25	down	0.75	Stable	Stable Down	0.25
GAM	RvY_11675-1	8	0	6	2	0	0.75	0.25	down	0.75	Stable	Stable Down	0.25
GAM	RvY_11732-1	8	0	6	2	0	0.75	0.25	down	0.75	Stable	Stable Down	0.25
GAM	RvY_11735-1	8	0	6	2	0	0.75	0.25	down	0.75	Stable	Stable Down	0.25
GAM	RvY_11763-1	8	0	6	2	0	0.75	0.25	down	0.75	Stable	Stable Down	0.25
GAM	RvY_11774-1	8	0	6	2	0	0.75	0.25	down	0.75	Stable	Stable Down	0.25
GAM	RvY_11812-1	8	0	6	2	0	0.75	0.25	down	0.75	Stable	Stable Down	0.25
GAM	RvY_11825-1	8	0	6	2	0	0.75	0.25	down	0.75	Stable	Stable Down	0.25
GAM	RvY_11838-1	8	0	6	2	0	0.75	0.25	down	0.75	Stable	Stable Down	0.25
GAM	RvY_11893-1	8	0	6	2	0	0.75	0.25	down	0.75	Stable	Stable Down	0.25
GAM	RvY_11894-1	8	0	6	2	0	0.75	0.25	down	0.75	Stable	Stable Down	0.25
GAM	RvY_11904	8	0	6	2	0	0.75	0.25	down	0.75	Stable	Stable Down	0.25
GAM	RvY_11908-1	8	0	6	2	0	0.75	0.25	down	0.75	Stable	Stable Down	0.25
GAM	RvY_11955-1	8	0	6	2	0	0.75	0.25	down	0.75	Stable	Stable Down	0.25
GAM	RvY_12025-1	8	0	6	2	0	0.75	0.25	down	0.75	Stable	Stable Down	0.25
GAM	RvY_12068-1	8	0	6	2	0	0.75	0.25	down	0.75	Stable	Stable Down	0.25
GAM	RvY_12098-1	8	0	6	2	0	0.75	0.25	down	0.75	Stable	Stable Down	0.25
GAM	RvY_12120-1	8	0	6	2	0	0.75	0.25	down	0.75	Stable	Stable Down	0.25
GAM	RvY_12121-1	8	0	6	2	0	0.75	0.25	down	0.75	Stable	Stable Down	0.25
GAM	RvY_12124	8	0	6	2	0	0.75	0.25	down	0.75	Stable	Stable Down	0.25
GAM	RvY_12128-1	8	0	6	2	0	0.75	0.25	down	0.75	Stable	Stable Down	0.25
GAM	RvY_12166-1	8	0	6	2	0	0.75	0.25	down	0.75	Stable	Stable Down	0.25
GAM	RvY_12168	8	0	6	2	0	0.75	0.25	down	0.75	Stable	Stable Down	0.25
GAM	RvY_12173-1	8	0	6	2	0	0.75	0.25	down	0.75	Stable	Stable Down	0.25
GAM	RvY_12189-1	8	0	6	2	0	0.75	0.25	down	0.75	Stable	Stable Down	0.25
GAM	RvY_12201-1	8	0	6	2	0	0.75	0.25	down	0.75	Stable	Stable Down	0.25
GAM	RvY_12221-1	8	0	6	2	0	0.75	0.25	down	0.75	Stable	Stable Down	0.25
GAM	RvY_12252	8	0	6	2	0	0.75	0.25	down	0.75	Stable	Stable Down	0.25
GAM	RvY_12282-1	8	0	6	2	0	0.75	0.25	down	0.75	Stable	Stable Down	0.25
GAM	RvY_12288-1	8	0	6	2	0	0.75	0.25	down	0.75	Stable	Stable Down	0.25
GAM	RvY_12301-1	8	0	6	2	0	0.75	0.25	down	0.75	Stable	Stable Down	0.25
GAM	RvY_12308-1	8	0	6	2	0	0.75	0.25	down	0.75	Stable	Stable Down	0.25
GAM	RvY_12313-1	8	0	6	2	0	0.75	0.25	down	0.75	Stable	Stable Down	0.25
GAM	RvY_12441-1	8	0	6	2	0	0.75	0.25	down	0.75	Stable	Stable Down	0.25
GAM	RvY_12475-1	8	0	6	2	0	0.75	0.25	down	0.75	Stable	Stable Down	0.25
GAM	RvY_12499-1	8	0	6	2	0	0.75	0.25	down	0.75	Stable	Stable Down	0.25
GAM	RvY_12532-1	8	0	6	2	0	0.75	0.25	down	0.75	Stable	Stable Down	0.25
GAM	RvY_12555	8	0	6	2	0	0.75	0.25	down	0.75	Stable	Stable Down	0.25
GAM	RvY_12584-1	8	0	6	2	0	0.75	0.25	down	0.75	Stable	Stable Down	0.25
GAM	RvY_12585-1	8	0	6	2	0	0.75	0.25	down	0.75	Stable	Stable Down	0.25
GAM	RvY_12588	8	0	6	2	0	0.75	0.25	down	0.75	Stable	Stable Down	0.25
GAM	RvY_12594-1	8	0	6	2	0	0.75	0.25	down	0.75	Stable	Stable Down	0.25
GAM	RvY_12634	8	0	6	2	0	0.75	0.25	down	0.75	Stable	Stable Down	0.25
GAM	RvY_12662-1	8	0	6	2	0	0.75	0.25	down	0.75	Stable	Stable Down	0.25
GAM	RvY_12663-1	8	0	6	2	0	0.75	0.25	down	0.75	Stable	Stable Down	0.25
GAM	RvY_12683-1	8	0	6	2	0	0.75	0.25	down	0.75	Stable	Stable Down	0.25
GAM	RvY_12700-1	8	0	6	2	0	0.75	0.25	down	0.75	Stable	Stable Down	0.25
GAM	RvY_12709-1	8	0	6	2	0	0.75	0.25	down	0.75	Stable	Stable Down	0.25
GAM	RvY_12733-1	8	0	6	2	0	0.75	0.25	down	0.75	Stable	Stable Down	0.25
GAM	RvY_12756	8	0	6	2	0	0.75	0.25	down	0.75	Stable	Stable Down	0.25
GAM	RvY_12759-1	8	0	6	2	0	0.75	0.25	down	0.75	Stable	Stable Down	0.25
GAM	RvY_12762-1	8	0	6	2	0	0.75	0.25	down	0.75	Stable	Stable Down	0.25
GAM	RvY_12768-1	8	0	6	2	0	0.75	0.25	down	0.75	Stable	Stable Down	0.25
GAM	RvY_12782-1	8	0	6	2	0	0.75	0.25	down	0.75	Stable	Stable Down	0.25
GAM	RvY_12793	8	0	6	2	0	0.75	0.25	down	0.75	Stable	Stable Down	0.25
GAM	RvY_12795-1	8	0	6	2	0	0.75	0.25	down	0.75	Stable	Stable Down	0.25
GAM	RvY_12917-1	8	0	6	2	0	0.75	0.25	down	0.75	Stable	Stable Down	0.25
GAM	RvY_12919-1	8	0	6	2	0	0.75	0.25	down	0.75	Stable	Stable Down	0.25
GAM	RvY_12925	8	0	6	2	0	0.75	0.25	down	0.75	Stable	Stable Down	0.25
GAM	RvY_12961	8	0	6	2	0	0.75	0.25	down	0.75	Stable	Stable Down	0.25
GAM	RvY_12962-1	8	0	6	2	0	0.75	0.25	down	0.75	Stable	Stable Down	0.25
GAM	RvY_12975-1	8	0	6	2	0	0.75	0.25	down	0.75	Stable	Stable Down	0.25
GAM	RvY_12997-1	8	0	6	2	0	0.75	0.25	down	0.75	Stable	Stable Down	0.25
GAM	RvY_13024-1	8	0	6	2	0	0.75	0.25	down	0.75	Stable	Stable Down	0.25
GAM	RvY_13048-1	8	0	6	2	0	0.75	0.25	down	0.75	Stable	Stable Down	0.25
GAM	RvY_13050-1	8	0	6	2	0	0.75	0.25	down	0.75	Stable	Stable Down	0.25
GAM	RvY_13057-1	8	0	6	2	0	0.75	0.25	down	0.75	Stable	Stable Down	0.25
GAM	RvY_13071-1	8	0	6	2	0	0.75	0.25	down	0.75	Stable	Stable Down	0.25
GAM	RvY_13074-1	8	0	6	2	0	0.75	0.25	down	0.75	Stable	Stable Down	0.25
GAM	RvY_13093-1	8	0	6	2	0	0.75	0.25	down	0.75	Stable	Stable Down	0.25
GAM	RvY_13110-1	8	0	6	2	0	0.75	0.25	down	0.75	Stable	Stable Down	0.25
GAM	RvY_13111-1	8	0	6	2	0	0.75	0.25	down	0.75	Stable	Stable Down	0.25
GAM	RvY_13148-1	8	0	6	2	0	0.75	0.25	down	0.75	Stable	Stable Down	0.25
GAM	RvY_13167-1	8	0	6	2	0	0.75	0.25	down	0.75	Stable	Stable Down	0.25
GAM	RvY_13218-1	8	0	6	2	0	0.75	0.25	down	0.75	Stable	Stable Down	0.25
GAM	RvY_13222	8	0	6	2	0	0.75	0.25	down	0.75	Stable	Stable Down	0.25
GAM	RvY_13248-1	8	0	6	2	0	0.75	0.25	down	0.75	Stable	Stable Down	0.25
GAM	RvY_13319-1	8	0	6	2	0	0.75	0.25	down	0.75	Stable	Stable Down	0.25
GAM	RvY_13330-1	8	1	6	1	0.125	0.75	0.125	down	0.75	Stable	Stable Down	0.25
GAM	RvY_13331-1	8	0	6	2	0	0.75	0.25	down	0.75	Stable	Stable Down	0.25
GAM	RvY_13333-1	8	1	6	1	0.125	0.75	0.125	down	0.75	Stable	Stable Down	0.25
GAM	RvY_13336	8	0	6	2	0	0.75	0.25	down	0.75	Stable	Stable Down	0.25
GAM	RvY_13376-1	8	0	6	2	0	0.75	0.25	down	0.75	Stable	Stable Down	0.25
GAM	RvY_13426-1	8	0	6	2	0	0.75	0.25	down	0.75	Stable	Stable Down	0.25
GAM	RvY_13445-1	8	0	6	2	0	0.75	0.25	down	0.75	Stable	Stable Down	0.25
GAM	RvY_13476-1	8	0	6	2	0	0.75	0.25	down	0.75	Stable	Stable Down	0.25
GAM	RvY_13495-1	8	0	6	2	0	0.75	0.25	down	0.75	Stable	Stable Down	0.25
GAM	RvY_13504-1	8	0	6	2	0	0.75	0.25	down	0.75	Stable	Stable Down	0.25
GAM	RvY_13573-1	8	0	6	2	0	0.75	0.25	down	0.75	Stable	Stable Down	0.25
GAM	RvY_13593-1	8	0	6	2	0	0.75	0.25	down	0.75	Stable	Stable Down	0.25
GAM	RvY_13596-1	8	0	6	2	0	0.75	0.25	down	0.75	Stable	Stable Down	0.25
GAM	RvY_13607-1	8	0	6	2	0	0.75	0.25	down	0.75	Stable	Stable Down	0.25
GAM	RvY_13608-1	8	0	6	2	0	0.75	0.25	down	0.75	Stable	Stable Down	0.25
GAM	RvY_13687	8	0	6	2	0	0.75	0.25	down	0.75	Stable	Stable Down	0.25
GAM	RvY_13752	8	0	6	2	0	0.75	0.25	down	0.75	Stable	Stable Down	0.25
GAM	RvY_13852	8	0	6	2	0	0.75	0.25	down	0.75	Stable	Stable Down	0.25
GAM	RvY_13877-1	8	0	6	2	0	0.75	0.25	down	0.75	Stable	Stable Down	0.25
GAM	RvY_13879-1	8	0	6	2	0	0.75	0.25	down	0.75	Stable	Stable Down	0.25
GAM	RvY_13902	8	0	6	2	0	0.75	0.25	down	0.75	Stable	Stable Down	0.25
GAM	RvY_13914	8	0	6	2	0	0.75	0.25	down	0.75	Stable	Stable Down	0.25
GAM	RvY_13920-1	8	0	6	2	0	0.75	0.25	down	0.75	Stable	Stable Down	0.25
GAM	RvY_13942-1	8	0	6	2	0	0.75	0.25	down	0.75	Stable	Stable Down	0.25
GAM	RvY_13976-1	8	0	6	2	0	0.75	0.25	down	0.75	Stable	Stable Down	0.25
GAM	RvY_13981-1	8	0	6	2	0	0.75	0.25	down	0.75	Stable	Stable Down	0.25
GAM	RvY_13994-1	8	0	6	2	0	0.75	0.25	down	0.75	Stable	Stable Down	0.25
GAM	RvY_14001-1	8	0	6	2	0	0.75	0.25	down	0.75	Stable	Stable Down	0.25
GAM	RvY_14012-1	8	0	6	2	0	0.75	0.25	down	0.75	Stable	Stable Down	0.25
GAM	RvY_14033-1	8	0	6	2	0	0.75	0.25	down	0.75	Stable	Stable Down	0.25
GAM	RvY_14034-1	8	0	6	2	0	0.75	0.25	down	0.75	Stable	Stable Down	0.25
GAM	RvY_14046-1	8	0	6	2	0	0.75	0.25	down	0.75	Stable	Stable Down	0.25
GAM	RvY_14051-1	8	0	6	2	0	0.75	0.25	down	0.75	Stable	Stable Down	0.25
GAM	RvY_14104-1	8	0	6	2	0	0.75	0.25	down	0.75	Stable	Stable Down	0.25
GAM	RvY_14107-1	8	0	6	2	0	0.75	0.25	down	0.75	Stable	Stable Down	0.25
GAM	RvY_14131-1	8	0	6	2	0	0.75	0.25	down	0.75	Stable	Stable Down	0.25
GAM	RvY_14132-1	8	0	6	2	0	0.75	0.25	down	0.75	Stable	Stable Down	0.25
GAM	RvY_14137-1	8	0	6	2	0	0.75	0.25	down	0.75	Stable	Stable Down	0.25
GAM	RvY_14265-1	8	0	6	2	0	0.75	0.25	down	0.75	Stable	Stable Down	0.25
GAM	RvY_14281-1	8	0	6	2	0	0.75	0.25	down	0.75	Stable	Stable Down	0.25
GAM	RvY_14282-1	8	0	6	2	0	0.75	0.25	down	0.75	Stable	Stable Down	0.25
GAM	RvY_14284-1	8	0	6	2	0	0.75	0.25	down	0.75	Stable	Stable Down	0.25
GAM	RvY_14319-1	8	0	6	2	0	0.75	0.25	down	0.75	Stable	Stable Down	0.25
GAM	RvY_14369-1	8	0	6	2	0	0.75	0.25	down	0.75	Stable	Stable Down	0.25
GAM	RvY_14466	8	0	6	2	0	0.75	0.25	down	0.75	Stable	Stable Down	0.25
GAM	RvY_14479	8	0	6	2	0	0.75	0.25	down	0.75	Stable	Stable Down	0.25
GAM	RvY_14488-1	8	0	6	2	0	0.75	0.25	down	0.75	Stable	Stable Down	0.25
GAM	RvY_14489-1	8	0	6	2	0	0.75	0.25	down	0.75	Stable	Stable Down	0.25
GAM	RvY_14502	8	0	6	2	0	0.75	0.25	down	0.75	Stable	Stable Down	0.25
GAM	RvY_14521-1	8	0	6	2	0	0.75	0.25	down	0.75	Stable	Stable Down	0.25
GAM	RvY_14539-1	8	0	6	2	0	0.75	0.25	down	0.75	Stable	Stable Down	0.25
GAM	RvY_14575-1	8	0	6	2	0	0.75	0.25	down	0.75	Stable	Stable Down	0.25
GAM	RvY_14579-1	8	0	6	2	0	0.75	0.25	down	0.75	Stable	Stable Down	0.25
GAM	RvY_14580-1	8	0	6	2	0	0.75	0.25	down	0.75	Stable	Stable Down	0.25
GAM	RvY_14633-1	8	0	6	2	0	0.75	0.25	down	0.75	Stable	Stable Down	0.25
GAM	RvY_14634-1	8	0	6	2	0	0.75	0.25	down	0.75	Stable	Stable Down	0.25
GAM	RvY_14662-1	8	0	6	2	0	0.75	0.25	down	0.75	Stable	Stable Down	0.25
GAM	RvY_14670-1	8	0	6	2	0	0.75	0.25	down	0.75	Stable	Stable Down	0.25
GAM	RvY_14688-1	8	0	6	2	0	0.75	0.25	down	0.75	Stable	Stable Down	0.25
GAM	RvY_14702	8	0	6	2	0	0.75	0.25	down	0.75	Stable	Stable Down	0.25
GAM	RvY_14711-1	8	0	6	2	0	0.75	0.25	down	0.75	Stable	Stable Down	0.25
GAM	RvY_14734-1	8	0	6	2	0	0.75	0.25	down	0.75	Stable	Stable Down	0.25
GAM	RvY_14738-1	8	0	6	2	0	0.75	0.25	down	0.75	Stable	Stable Down	0.25
GAM	RvY_14748-1	8	0	6	2	0	0.75	0.25	down	0.75	Stable	Stable Down	0.25
GAM	RvY_14781-1	8	0	6	2	0	0.75	0.25	down	0.75	Stable	Stable Down	0.25
GAM	RvY_14802-1	8	0	6	2	0	0.75	0.25	down	0.75	Stable	Stable Down	0.25
GAM	RvY_14861-1	8	0	6	2	0	0.75	0.25	down	0.75	Stable	Stable Down	0.25
GAM	RvY_14900-1	8	0	6	2	0	0.75	0.25	down	0.75	Stable	Stable Down	0.25
GAM	RvY_14935-1	8	0	6	2	0	0.75	0.25	down	0.75	Stable	Stable Down	0.25
GAM	RvY_14957-1	8	0	6	2	0	0.75	0.25	down	0.75	Stable	Stable Down	0.25
GAM	RvY_15001-1	8	1	6	1	0.125	0.75	0.125	down	0.75	Stable	Stable Down	0.25
GAM	RvY_15007-1	8	0	6	2	0	0.75	0.25	down	0.75	Stable	Stable Down	0.25
GAM	RvY_15062-1	8	0	6	2	0	0.75	0.25	down	0.75	Stable	Stable Down	0.25
GAM	RvY_15068-1	8	0	6	2	0	0.75	0.25	down	0.75	Stable	Stable Down	0.25
GAM	RvY_15091-1	8	0	6	2	0	0.75	0.25	down	0.75	Stable	Stable Down	0.25
GAM	RvY_15092-1	8	0	6	2	0	0.75	0.25	down	0.75	Stable	Stable Down	0.25
GAM	RvY_15098	8	0	6	2	0	0.75	0.25	down	0.75	Stable	Stable Down	0.25
GAM	RvY_15163-1	8	0	6	2	0	0.75	0.25	down	0.75	Stable	Stable Down	0.25
GAM	RvY_15169-1	8	0	6	2	0	0.75	0.25	down	0.75	Stable	Stable Down	0.25
GAM	RvY_15170	8	0	6	2	0	0.75	0.25	down	0.75	Stable	Stable Down	0.25
GAM	RvY_15178-1	8	0	6	2	0	0.75	0.25	down	0.75	Stable	Stable Down	0.25
GAM	RvY_15197-1	8	0	6	2	0	0.75	0.25	down	0.75	Stable	Stable Down	0.25
GAM	RvY_15216-1	8	0	6	2	0	0.75	0.25	down	0.75	Stable	Stable Down	0.25
GAM	RvY_15226-1	8	1	6	1	0.125	0.75	0.125	down	0.75	Stable	Stable Down	0.25
GAM	RvY_15227-1	8	1	6	1	0.125	0.75	0.125	down	0.75	Stable	Stable Down	0.25
GAM	RvY_15228-1	8	0	6	2	0	0.75	0.25	down	0.75	Stable	Stable Down	0.25
GAM	RvY_15234-1	8	0	6	2	0	0.75	0.25	down	0.75	Stable	Stable Down	0.25
GAM	RvY_15264-1	8	0	6	2	0	0.75	0.25	down	0.75	Stable	Stable Down	0.25
GAM	RvY_15289	8	0	6	2	0	0.75	0.25	down	0.75	Stable	Stable Down	0.25
GAM	RvY_15323	8	0	6	2	0	0.75	0.25	down	0.75	Stable	Stable Down	0.25
GAM	RvY_15333-1	8	0	6	2	0	0.75	0.25	down	0.75	Stable	Stable Down	0.25
GAM	RvY_15373-1	8	0	6	2	0	0.75	0.25	down	0.75	Stable	Stable Down	0.25
GAM	RvY_15391-1	8	0	6	2	0	0.75	0.25	down	0.75	Stable	Stable Down	0.25
GAM	RvY_15403-1	8	0	6	2	0	0.75	0.25	down	0.75	Stable	Stable Down	0.25
GAM	RvY_15419-1	8	0	6	2	0	0.75	0.25	down	0.75	Stable	Stable Down	0.25
GAM	RvY_15424-1	8	0	6	2	0	0.75	0.25	down	0.75	Stable	Stable Down	0.25
GAM	RvY_15443-1	8	0	6	2	0	0.75	0.25	down	0.75	Stable	Stable Down	0.25
GAM	RvY_15444-1	8	0	6	2	0	0.75	0.25	down	0.75	Stable	Stable Down	0.25
GAM	RvY_15451-1	8	0	6	2	0	0.75	0.25	down	0.75	Stable	Stable Down	0.25
GAM	RvY_15452-1	8	0	6	2	0	0.75	0.25	down	0.75	Stable	Stable Down	0.25
GAM	RvY_15454-1	8	0	6	2	0	0.75	0.25	down	0.75	Stable	Stable Down	0.25
GAM	RvY_15511-1	8	0	6	2	0	0.75	0.25	down	0.75	Stable	Stable Down	0.25
GAM	RvY_15524-1	8	0	6	2	0	0.75	0.25	down	0.75	Stable	Stable Down	0.25
GAM	RvY_15536-1	8	0	6	2	0	0.75	0.25	down	0.75	Stable	Stable Down	0.25
GAM	RvY_15612-1	8	0	6	2	0	0.75	0.25	down	0.75	Stable	Stable Down	0.25
GAM	RvY_15655-1	8	0	6	2	0	0.75	0.25	down	0.75	Stable	Stable Down	0.25
GAM	RvY_15677-1	8	0	6	2	0	0.75	0.25	down	0.75	Stable	Stable Down	0.25
GAM	RvY_15818-1	8	0	6	2	0	0.75	0.25	down	0.75	Stable	Stable Down	0.25
GAM	RvY_15866-1	8	0	6	2	0	0.75	0.25	down	0.75	Stable	Stable Down	0.25
GAM	RvY_15892-1	8	0	6	2	0	0.75	0.25	down	0.75	Stable	Stable Down	0.25
GAM	RvY_15900-1	8	0	6	2	0	0.75	0.25	down	0.75	Stable	Stable Down	0.25
GAM	RvY_15903-1	8	0	6	2	0	0.75	0.25	down	0.75	Stable	Stable Down	0.25
GAM	RvY_15933-1	8	0	6	2	0	0.75	0.25	down	0.75	Stable	Stable Down	0.25
GAM	RvY_15939-1	8	0	6	2	0	0.75	0.25	down	0.75	Stable	Stable Down	0.25
GAM	RvY_15951-1	8	0	6	2	0	0.75	0.25	down	0.75	Stable	Stable Down	0.25
GAM	RvY_15958-1	8	0	6	2	0	0.75	0.25	down	0.75	Stable	Stable Down	0.25
GAM	RvY_15960-1	8	0	6	2	0	0.75	0.25	down	0.75	Stable	Stable Down	0.25
GAM	RvY_15962-1	8	0	6	2	0	0.75	0.25	down	0.75	Stable	Stable Down	0.25
GAM	RvY_15977-1	8	0	6	2	0	0.75	0.25	down	0.75	Stable	Stable Down	0.25
GAM	RvY_15986-1	8	0	6	2	0	0.75	0.25	down	0.75	Stable	Stable Down	0.25
GAM	RvY_16002-1	8	0	6	2	0	0.75	0.25	down	0.75	Stable	Stable Down	0.25
GAM	RvY_16008-1	8	0	6	2	0	0.75	0.25	down	0.75	Stable	Stable Down	0.25
GAM	RvY_16032-1	8	0	6	2	0	0.75	0.25	down	0.75	Stable	Stable Down	0.25
GAM	RvY_16038-1	8	0	6	2	0	0.75	0.25	down	0.75	Stable	Stable Down	0.25
GAM	RvY_16112	8	0	6	2	0	0.75	0.25	down	0.75	Stable	Stable Down	0.25
GAM	RvY_16122-1	8	0	6	2	0	0.75	0.25	down	0.75	Stable	Stable Down	0.25
GAM	RvY_16126-1	8	0	6	2	0	0.75	0.25	down	0.75	Stable	Stable Down	0.25
GAM	RvY_16164-1	8	0	6	2	0	0.75	0.25	down	0.75	Stable	Stable Down	0.25
GAM	RvY_16176-1	8	1	6	1	0.125	0.75	0.125	down	0.75	Stable	Stable Down	0.25
GAM	RvY_16177-1	8	1	6	1	0.125	0.75	0.125	down	0.75	Stable	Stable Down	0.25
GAM	RvY_16180	8	0	6	2	0	0.75	0.25	down	0.75	Stable	Stable Down	0.25
GAM	RvY_16193-1	8	0	6	2	0	0.75	0.25	down	0.75	Stable	Stable Down	0.25
GAM	RvY_16194-1	8	0	6	2	0	0.75	0.25	down	0.75	Stable	Stable Down	0.25
GAM	RvY_16205-1	8	0	6	2	0	0.75	0.25	down	0.75	Stable	Stable Down	0.25
GAM	RvY_16217-1	8	2	6	0	0.25	0.75	0	down	0.75	Stable	Stable Down	0.25
GAM	RvY_16224	8	0	6	2	0	0.75	0.25	down	0.75	Stable	Stable Down	0.25
GAM	RvY_16229-1	8	0	6	2	0	0.75	0.25	down	0.75	Stable	Stable Down	0.25
GAM	RvY_16239-1	8	0	6	2	0	0.75	0.25	down	0.75	Stable	Stable Down	0.25
GAM	RvY_16240-1	8	0	6	2	0	0.75	0.25	down	0.75	Stable	Stable Down	0.25
GAM	RvY_16242-1	8	0	6	2	0	0.75	0.25	down	0.75	Stable	Stable Down	0.25
GAM	RvY_16282-1	8	0	6	2	0	0.75	0.25	down	0.75	Stable	Stable Down	0.25
GAM	RvY_16293-1	8	0	6	2	0	0.75	0.25	down	0.75	Stable	Stable Down	0.25
GAM	RvY_16352-1	8	0	6	2	0	0.75	0.25	down	0.75	Stable	Stable Down	0.25
GAM	RvY_16375-1	8	1	6	1	0.125	0.75	0.125	down	0.75	Stable	Stable Down	0.25
GAM	RvY_16409-1	8	0	6	2	0	0.75	0.25	down	0.75	Stable	Stable Down	0.25
GAM	RvY_16447-1	8	0	6	2	0	0.75	0.25	down	0.75	Stable	Stable Down	0.25
GAM	RvY_16467-1	8	0	6	2	0	0.75	0.25	down	0.75	Stable	Stable Down	0.25
GAM	RvY_16470-1	8	0	6	2	0	0.75	0.25	down	0.75	Stable	Stable Down	0.25
GAM	RvY_16482-1	8	0	6	2	0	0.75	0.25	down	0.75	Stable	Stable Down	0.25
GAM	RvY_16522-1	8	0	6	2	0	0.75	0.25	down	0.75	Stable	Stable Down	0.25
GAM	RvY_16562-1	8	0	6	2	0	0.75	0.25	down	0.75	Stable	Stable Down	0.25
GAM	RvY_16565-1	8	0	6	2	0	0.75	0.25	down	0.75	Stable	Stable Down	0.25
GAM	RvY_16579-2	8	0	6	2	0	0.75	0.25	down	0.75	Stable	Stable Down	0.25
GAM	RvY_16632-1	8	0	6	2	0	0.75	0.25	down	0.75	Stable	Stable Down	0.25
GAM	RvY_16638-1	8	0	6	2	0	0.75	0.25	down	0.75	Stable	Stable Down	0.25
GAM	RvY_16654-1	8	0	6	2	0	0.75	0.25	down	0.75	Stable	Stable Down	0.25
GAM	RvY_16655-1	8	0	6	2	0	0.75	0.25	down	0.75	Stable	Stable Down	0.25
GAM	RvY_16661-1	8	0	6	2	0	0.75	0.25	down	0.75	Stable	Stable Down	0.25
GAM	RvY_16761-1	8	0	6	2	0	0.75	0.25	down	0.75	Stable	Stable Down	0.25
GAM	RvY_16780-1	8	0	6	2	0	0.75	0.25	down	0.75	Stable	Stable Down	0.25
GAM	RvY_16785-1	8	0	6	2	0	0.75	0.25	down	0.75	Stable	Stable Down	0.25
GAM	RvY_16788-1	8	0	6	2	0	0.75	0.25	down	0.75	Stable	Stable Down	0.25
GAM	RvY_16828-1	8	0	6	2	0	0.75	0.25	down	0.75	Stable	Stable Down	0.25
GAM	RvY_16845-1	8	0	6	2	0	0.75	0.25	down	0.75	Stable	Stable Down	0.25
GAM	RvY_16877-1	8	0	6	2	0	0.75	0.25	down	0.75	Stable	Stable Down	0.25
GAM	RvY_16883-1	8	0	6	2	0	0.75	0.25	down	0.75	Stable	Stable Down	0.25
GAM	RvY_16910-1	8	0	6	2	0	0.75	0.25	down	0.75	Stable	Stable Down	0.25
GAM	RvY_16955-1	8	0	6	2	0	0.75	0.25	down	0.75	Stable	Stable Down	0.25
GAM	RvY_16962-1	8	0	6	2	0	0.75	0.25	down	0.75	Stable	Stable Down	0.25
GAM	RvY_16969	8	0	6	2	0	0.75	0.25	down	0.75	Stable	Stable Down	0.25
GAM	RvY_16970-1	8	0	6	2	0	0.75	0.25	down	0.75	Stable	Stable Down	0.25
GAM	RvY_17029-1	8	0	6	2	0	0.75	0.25	down	0.75	Stable	Stable Down	0.25
GAM	RvY_17052-1	8	0	6	2	0	0.75	0.25	down	0.75	Stable	Stable Down	0.25
GAM	RvY_17170-2	8	0	6	2	0	0.75	0.25	down	0.75	Stable	Stable Down	0.25
GAM	RvY_17174-1	8	0	6	2	0	0.75	0.25	down	0.75	Stable	Stable Down	0.25
GAM	RvY_17192-1	8	0	6	2	0	0.75	0.25	down	0.75	Stable	Stable Down	0.25
GAM	RvY_17248-1	8	0	6	2	0	0.75	0.25	down	0.75	Stable	Stable Down	0.25
GAM	RvY_17262-1	8	0	6	2	0	0.75	0.25	down	0.75	Stable	Stable Down	0.25
GAM	RvY_17267-1	8	0	6	2	0	0.75	0.25	down	0.75	Stable	Stable Down	0.25
GAM	RvY_17274-1	8	0	6	2	0	0.75	0.25	down	0.75	Stable	Stable Down	0.25
GAM	RvY_17292-1	8	0	6	2	0	0.75	0.25	down	0.75	Stable	Stable Down	0.25
GAM	RvY_17315-1	8	0	6	2	0	0.75	0.25	down	0.75	Stable	Stable Down	0.25
GAM	RvY_17325-1	8	0	6	2	0	0.75	0.25	down	0.75	Stable	Stable Down	0.25
GAM	RvY_17367-1	8	0	6	2	0	0.75	0.25	down	0.75	Stable	Stable Down	0.25
GAM	RvY_17426-1	8	0	6	2	0	0.75	0.25	down	0.75	Stable	Stable Down	0.25
GAM	RvY_17446-1	8	0	6	2	0	0.75	0.25	down	0.75	Stable	Stable Down	0.25
GAM	RvY_17449-1	8	0	6	2	0	0.75	0.25	down	0.75	Stable	Stable Down	0.25
GAM	RvY_17451-1	8	0	6	2	0	0.75	0.25	down	0.75	Stable	Stable Down	0.25
GAM	RvY_17473-1	8	0	6	2	0	0.75	0.25	down	0.75	Stable	Stable Down	0.25
GAM	RvY_17480-1	8	0	6	2	0	0.75	0.25	down	0.75	Stable	Stable Down	0.25
GAM	RvY_17483-1	8	0	6	2	0	0.75	0.25	down	0.75	Stable	Stable Down	0.25
GAM	RvY_17537-1	8	0	6	2	0	0.75	0.25	down	0.75	Stable	Stable Down	0.25
GAM	RvY_17573-1	8	0	6	2	0	0.75	0.25	down	0.75	Stable	Stable Down	0.25
GAM	RvY_17604-1	8	0	6	2	0	0.75	0.25	down	0.75	Stable	Stable Down	0.25
GAM	RvY_17629-1	8	0	6	2	0	0.75	0.25	down	0.75	Stable	Stable Down	0.25
GAM	RvY_17633-1	8	0	6	2	0	0.75	0.25	down	0.75	Stable	Stable Down	0.25
GAM	RvY_17665	8	0	6	2	0	0.75	0.25	down	0.75	Stable	Stable Down	0.25
GAM	RvY_17701-1	8	0	6	2	0	0.75	0.25	down	0.75	Stable	Stable Down	0.25
GAM	RvY_17709-1	8	0	6	2	0	0.75	0.25	down	0.75	Stable	Stable Down	0.25
GAM	RvY_17721-1	8	0	6	2	0	0.75	0.25	down	0.75	Stable	Stable Down	0.25
GAM	RvY_17733-1	8	0	6	2	0	0.75	0.25	down	0.75	Stable	Stable Down	0.25
GAM	RvY_17739	8	0	6	2	0	0.75	0.25	down	0.75	Stable	Stable Down	0.25
GAM	RvY_17822-1	8	0	6	2	0	0.75	0.25	down	0.75	Stable	Stable Down	0.25
GAM	RvY_17825	8	0	6	2	0	0.75	0.25	down	0.75	Stable	Stable Down	0.25
GAM	RvY_17830-1	8	0	6	2	0	0.75	0.25	down	0.75	Stable	Stable Down	0.25
GAM	RvY_17867-1	8	0	6	2	0	0.75	0.25	down	0.75	Stable	Stable Down	0.25
GAM	RvY_17904-1	8	0	6	2	0	0.75	0.25	down	0.75	Stable	Stable Down	0.25
GAM	RvY_17956-1	8	0	6	2	0	0.75	0.25	down	0.75	Stable	Stable Down	0.25
GAM	RvY_17960-1	8	0	6	2	0	0.75	0.25	down	0.75	Stable	Stable Down	0.25
GAM	RvY_17964-1	8	0	6	2	0	0.75	0.25	down	0.75	Stable	Stable Down	0.25
GAM	RvY_17983	8	0	6	2	0	0.75	0.25	down	0.75	Stable	Stable Down	0.25
GAM	RvY_17986-1	8	0	6	2	0	0.75	0.25	down	0.75	Stable	Stable Down	0.25
GAM	RvY_18007-1	8	1	6	1	0.125	0.75	0.125	down	0.75	Stable	Stable Down	0.25
GAM	RvY_18011-1	8	0	6	2	0	0.75	0.25	down	0.75	Stable	Stable Down	0.25
GAM	RvY_18042	8	0	6	2	0	0.75	0.25	down	0.75	Stable	Stable Down	0.25
GAM	RvY_18086-1	8	0	6	2	0	0.75	0.25	down	0.75	Stable	Stable Down	0.25
GAM	RvY_18132-1	8	0	6	2	0	0.75	0.25	down	0.75	Stable	Stable Down	0.25
GAM	RvY_18153-1	8	0	6	2	0	0.75	0.25	down	0.75	Stable	Stable Down	0.25
GAM	RvY_18167-1	8	0	6	2	0	0.75	0.25	down	0.75	Stable	Stable Down	0.25
GAM	RvY_18221-1	8	0	6	2	0	0.75	0.25	down	0.75	Stable	Stable Down	0.25
GAM	RvY_18223	8	0	6	2	0	0.75	0.25	down	0.75	Stable	Stable Down	0.25
GAM	RvY_18232	8	0	6	2	0	0.75	0.25	down	0.75	Stable	Stable Down	0.25
GAM	RvY_18233	8	0	6	2	0	0.75	0.25	down	0.75	Stable	Stable Down	0.25
GAM	RvY_18304-1	8	0	6	2	0	0.75	0.25	down	0.75	Stable	Stable Down	0.25
GAM	RvY_18328-1	8	0	6	2	0	0.75	0.25	down	0.75	Stable	Stable Down	0.25
GAM	RvY_18334-1	8	0	6	2	0	0.75	0.25	down	0.75	Stable	Stable Down	0.25
GAM	RvY_18380-1	8	0	6	2	0	0.75	0.25	down	0.75	Stable	Stable Down	0.25
GAM	RvY_18405	8	0	6	2	0	0.75	0.25	down	0.75	Stable	Stable Down	0.25
GAM	RvY_18463-1	8	0	6	2	0	0.75	0.25	down	0.75	Stable	Stable Down	0.25
GAM	RvY_18498-1	8	0	6	2	0	0.75	0.25	down	0.75	Stable	Stable Down	0.25
GAM	RvY_18511-1	8	0	6	2	0	0.75	0.25	down	0.75	Stable	Stable Down	0.25
GAM	RvY_18515-1	8	0	6	2	0	0.75	0.25	down	0.75	Stable	Stable Down	0.25
GAM	RvY_18522-1	8	0	6	2	0	0.75	0.25	down	0.75	Stable	Stable Down	0.25
GAM	RvY_18550-1	8	0	6	2	0	0.75	0.25	down	0.75	Stable	Stable Down	0.25
GAM	RvY_18553-1	8	0	6	2	0	0.75	0.25	down	0.75	Stable	Stable Down	0.25
GAM	RvY_18614-1	8	0	6	2	0	0.75	0.25	down	0.75	Stable	Stable Down	0.25
GAM	RvY_18626-1	8	0	6	2	0	0.75	0.25	down	0.75	Stable	Stable Down	0.25
GAM	RvY_18647-1	8	0	6	2	0	0.75	0.25	down	0.75	Stable	Stable Down	0.25
GAM	RvY_18688-1	8	0	6	2	0	0.75	0.25	down	0.75	Stable	Stable Down	0.25
GAM	RvY_18700-1	8	0	6	2	0	0.75	0.25	down	0.75	Stable	Stable Down	0.25
GAM	RvY_18784	8	0	6	2	0	0.75	0.25	down	0.75	Stable	Stable Down	0.25
GAM	RvY_18787-1	8	0	6	2	0	0.75	0.25	down	0.75	Stable	Stable Down	0.25
GAM	RvY_18812-1	8	0	6	2	0	0.75	0.25	down	0.75	Stable	Stable Down	0.25
GAM	RvY_18866-1	8	0	6	2	0	0.75	0.25	down	0.75	Stable	Stable Down	0.25
GAM	RvY_18885-1	8	0	6	2	0	0.75	0.25	down	0.75	Stable	Stable Down	0.25
GAM	RvY_18893-1	8	0	6	2	0	0.75	0.25	down	0.75	Stable	Stable Down	0.25
GAM	RvY_18895-1	8	0	6	2	0	0.75	0.25	down	0.75	Stable	Stable Down	0.25
GAM	RvY_18917-1	8	0	6	2	0	0.75	0.25	down	0.75	Stable	Stable Down	0.25
GAM	RvY_18935-1	8	0	6	2	0	0.75	0.25	down	0.75	Stable	Stable Down	0.25
GAM	RvY_18957-1	8	0	6	2	0	0.75	0.25	down	0.75	Stable	Stable Down	0.25
GAM	RvY_18984-1	8	0	6	2	0	0.75	0.25	down	0.75	Stable	Stable Down	0.25
GAM	RvY_19001-1	8	0	6	2	0	0.75	0.25	down	0.75	Stable	Stable Down	0.25
GAM	RvY_19023	8	0	6	2	0	0.75	0.25	down	0.75	Stable	Stable Down	0.25
GAM	RvY_19024	8	0	6	2	0	0.75	0.25	down	0.75	Stable	Stable Down	0.25
GAM	RvY_19042-1	8	0	6	2	0	0.75	0.25	down	0.75	Stable	Stable Down	0.25
GAM	RvY_19076-1	8	0	6	2	0	0.75	0.25	down	0.75	Stable	Stable Down	0.25
GAM	RvY_19100-1	8	0	6	2	0	0.75	0.25	down	0.75	Stable	Stable Down	0.25
GAM	RvY_19103-1	8	0	6	2	0	0.75	0.25	down	0.75	Stable	Stable Down	0.25
GAM	RvY_19106-1	8	0	6	2	0	0.75	0.25	down	0.75	Stable	Stable Down	0.25
GAM	RvY_19107-1	8	0	6	2	0	0.75	0.25	down	0.75	Stable	Stable Down	0.25
GAM	RvY_19116-1	8	0	6	2	0	0.75	0.25	down	0.75	Stable	Stable Down	0.25
GAM	RvY_19188-1	8	0	6	2	0	0.75	0.25	down	0.75	Stable	Stable Down	0.25
GAM	RvY_19201-1	8	1	6	1	0.125	0.75	0.125	down	0.75	Stable	Stable Down	0.25
GAM	RvY_19214	8	0	6	2	0	0.75	0.25	down	0.75	Stable	Stable Down	0.25
GAM	RvY_19216-1	8	0	6	2	0	0.75	0.25	down	0.75	Stable	Stable Down	0.25
GAM	RvY_19266-1	8	0	6	2	0	0.75	0.25	down	0.75	Stable	Stable Down	0.25
GAM	RvY_19308-1	8	0	6	2	0	0.75	0.25	down	0.75	Stable	Stable Down	0.25
GAM	RvY_19313-1	8	0	6	2	0	0.75	0.25	down	0.75	Stable	Stable Down	0.25
GAM	RvY_19393-1	8	0	6	2	0	0.75	0.25	down	0.75	Stable	Stable Down	0.25
GAM	RvY_19428-1	8	0	6	2	0	0.75	0.25	down	0.75	Stable	Stable Down	0.25
GAM	RvY_19462-1	8	0	6	2	0	0.75	0.25	down	0.75	Stable	Stable Down	0.25
GAM	RvY_19489-1	8	0	6	2	0	0.75	0.25	down	0.75	Stable	Stable Down	0.25
GAM	RvY_19639-1	8	0	6	2	0	0.75	0.25	down	0.75	Stable	Stable Down	0.25
GAM	RvY_19664-1	8	0	6	2	0	0.75	0.25	down	0.75	Stable	Stable Down	0.25
GAM	RvY_19669-1	8	0	6	2	0	0.75	0.25	down	0.75	Stable	Stable Down	0.25
GAM	atp6	8	0	6	2	0	0.75	0.25	down	0.75	Stable	Stable Down	0.25
GAM	cox2	8	0	6	2	0	0.75	0.25	down	0.75	Stable	Stable Down	0.25
GAM	nad4	8	0	6	2	0	0.75	0.25	down	0.75	Stable	Stable Down	0.25
GAM	RvY_00745-1	8	8	0	0	1	0	0	up	1	Highly Stable	Highly Stable Up	0
GAM	RvY_00845-1	8	8	0	0	1	0	0	up	1	Highly Stable	Highly Stable Up	0
GAM	RvY_01224-1	8	8	0	0	1	0	0	up	1	Highly Stable	Highly Stable Up	0
GAM	RvY_01402-1	8	8	0	0	1	0	0	up	1	Highly Stable	Highly Stable Up	0
GAM	RvY_01518-1	8	8	0	0	1	0	0	up	1	Highly Stable	Highly Stable Up	0
GAM	RvY_02644-1	8	8	0	0	1	0	0	up	1	Highly Stable	Highly Stable Up	0
GAM	RvY_03999	8	8	0	0	1	0	0	up	1	Highly Stable	Highly Stable Up	0
GAM	RvY_04827-1	8	8	0	0	1	0	0	up	1	Highly Stable	Highly Stable Up	0
GAM	RvY_06044	8	8	0	0	1	0	0	up	1	Highly Stable	Highly Stable Up	0
GAM	RvY_06070-1	8	8	0	0	1	0	0	up	1	Highly Stable	Highly Stable Up	0
GAM	RvY_06165	8	8	0	0	1	0	0	up	1	Highly Stable	Highly Stable Up	0
GAM	RvY_06264-1	8	8	0	0	1	0	0	up	1	Highly Stable	Highly Stable Up	0
GAM	RvY_06393	8	8	0	0	1	0	0	up	1	Highly Stable	Highly Stable Up	0
GAM	RvY_06655-1	8	8	0	0	1	0	0	up	1	Highly Stable	Highly Stable Up	0
GAM	RvY_07078-1	8	8	0	0	1	0	0	up	1	Highly Stable	Highly Stable Up	0
GAM	RvY_07297-1	8	8	0	0	1	0	0	up	1	Highly Stable	Highly Stable Up	0
GAM	RvY_07465-1	8	8	0	0	1	0	0	up	1	Highly Stable	Highly Stable Up	0
GAM	RvY_07622-1	8	8	0	0	1	0	0	up	1	Highly Stable	Highly Stable Up	0
GAM	RvY_08263	8	8	0	0	1	0	0	up	1	Highly Stable	Highly Stable Up	0
GAM	RvY_08508	8	8	0	0	1	0	0	up	1	Highly Stable	Highly Stable Up	0
GAM	RvY_09568-1	8	8	0	0	1	0	0	up	1	Highly Stable	Highly Stable Up	0
GAM	RvY_09584-1	8	8	0	0	1	0	0	up	1	Highly Stable	Highly Stable Up	0
GAM	RvY_09881	8	8	0	0	1	0	0	up	1	Highly Stable	Highly Stable Up	0
GAM	RvY_09958-1	8	8	0	0	1	0	0	up	1	Highly Stable	Highly Stable Up	0
GAM	RvY_10609-1	8	8	0	0	1	0	0	up	1	Highly Stable	Highly Stable Up	0
GAM	RvY_11340-1	8	8	0	0	1	0	0	up	1	Highly Stable	Highly Stable Up	0
GAM	RvY_11626-1	8	8	0	0	1	0	0	up	1	Highly Stable	Highly Stable Up	0
GAM	RvY_12563	8	8	0	0	1	0	0	up	1	Highly Stable	Highly Stable Up	0
GAM	RvY_12668-1	8	8	0	0	1	0	0	up	1	Highly Stable	Highly Stable Up	0
GAM	RvY_12926-1	8	8	0	0	1	0	0	up	1	Highly Stable	Highly Stable Up	0
GAM	RvY_13293	8	8	0	0	1	0	0	up	1	Highly Stable	Highly Stable Up	0
GAM	RvY_13519-1	8	8	0	0	1	0	0	up	1	Highly Stable	Highly Stable Up	0
GAM	RvY_13963	8	8	0	0	1	0	0	up	1	Highly Stable	Highly Stable Up	0
GAM	RvY_14011-1	8	8	0	0	1	0	0	up	1	Highly Stable	Highly Stable Up	0
GAM	RvY_14510-1	8	8	0	0	1	0	0	up	1	Highly Stable	Highly Stable Up	0
GAM	RvY_15449-1	8	8	0	0	1	0	0	up	1	Highly Stable	Highly Stable Up	0
GAM	RvY_15769-1	8	8	0	0	1	0	0	up	1	Highly Stable	Highly Stable Up	0
GAM	RvY_16228-1	8	8	0	0	1	0	0	up	1	Highly Stable	Highly Stable Up	0
GAM	RvY_16415-1	8	8	0	0	1	0	0	up	1	Highly Stable	Highly Stable Up	0
GAM	RvY_17530-1	8	8	0	0	1	0	0	up	1	Highly Stable	Highly Stable Up	0
GAM	RvY_17717-1	8	8	0	0	1	0	0	up	1	Highly Stable	Highly Stable Up	0
GAM	RvY_18111-1	8	8	0	0	1	0	0	up	1	Highly Stable	Highly Stable Up	0
GAM	RvY_18641	8	8	0	0	1	0	0	up	1	Highly Stable	Highly Stable Up	0
GAM	RvY_18763	8	8	0	0	1	0	0	up	1	Highly Stable	Highly Stable Up	0
GAM	RvY_18853-1	8	8	0	0	1	0	0	up	1	Highly Stable	Highly Stable Up	0
GAM	RvY_00025-1	8	7	0	1	0.875	0	0.125	up	0.875	Stable	Stable Up	0.125
GAM	RvY_00074	8	7	0	1	0.875	0	0.125	up	0.875	Stable	Stable Up	0.125
GAM	RvY_00123	8	7	0	1	0.875	0	0.125	up	0.875	Stable	Stable Up	0.125
GAM	RvY_00201-1	8	7	0	1	0.875	0	0.125	up	0.875	Stable	Stable Up	0.125
GAM	RvY_00291-1	8	7	0	1	0.875	0	0.125	up	0.875	Stable	Stable Up	0.125
GAM	RvY_00417-1	8	7	0	1	0.875	0	0.125	up	0.875	Stable	Stable Up	0.125
GAM	RvY_00455-1	8	7	0	1	0.875	0	0.125	up	0.875	Stable	Stable Up	0.125
GAM	RvY_00616-1	8	7	0	1	0.875	0	0.125	up	0.875	Stable	Stable Up	0.125
GAM	RvY_00618-1	8	7	0	1	0.875	0	0.125	up	0.875	Stable	Stable Up	0.125
GAM	RvY_00667-1	8	7	0	1	0.875	0	0.125	up	0.875	Stable	Stable Up	0.125
GAM	RvY_00686-1	8	7	0	1	0.875	0	0.125	up	0.875	Stable	Stable Up	0.125
GAM	RvY_00743-1	8	7	0	1	0.875	0	0.125	up	0.875	Stable	Stable Up	0.125
GAM	RvY_00748-1	8	7	0	1	0.875	0	0.125	up	0.875	Stable	Stable Up	0.125
GAM	RvY_00823	8	7	0	1	0.875	0	0.125	up	0.875	Stable	Stable Up	0.125
GAM	RvY_00824-1	8	7	0	1	0.875	0	0.125	up	0.875	Stable	Stable Up	0.125
GAM	RvY_00898-1	8	7	0	1	0.875	0	0.125	up	0.875	Stable	Stable Up	0.125
GAM	RvY_00913-1	8	7	0	1	0.875	0	0.125	up	0.875	Stable	Stable Up	0.125
GAM	RvY_00986-1	8	7	0	1	0.875	0	0.125	up	0.875	Stable	Stable Up	0.125
GAM	RvY_01041-1	8	7	0	1	0.875	0	0.125	up	0.875	Stable	Stable Up	0.125
GAM	RvY_01067-1	8	7	0	1	0.875	0	0.125	up	0.875	Stable	Stable Up	0.125
GAM	RvY_01076-1	8	7	0	1	0.875	0	0.125	up	0.875	Stable	Stable Up	0.125
GAM	RvY_01122-1	8	7	0	1	0.875	0	0.125	up	0.875	Stable	Stable Up	0.125
GAM	RvY_01123-1	8	7	0	1	0.875	0	0.125	up	0.875	Stable	Stable Up	0.125
GAM	RvY_01129	8	7	0	1	0.875	0	0.125	up	0.875	Stable	Stable Up	0.125
GAM	RvY_01136-1	8	7	0	1	0.875	0	0.125	up	0.875	Stable	Stable Up	0.125
GAM	RvY_01155-1	8	7	0	1	0.875	0	0.125	up	0.875	Stable	Stable Up	0.125
GAM	RvY_01215	8	7	0	1	0.875	0	0.125	up	0.875	Stable	Stable Up	0.125
GAM	RvY_01275-1	8	7	0	1	0.875	0	0.125	up	0.875	Stable	Stable Up	0.125
GAM	RvY_01327-1	8	7	0	1	0.875	0	0.125	up	0.875	Stable	Stable Up	0.125
GAM	RvY_01328-1	8	7	0	1	0.875	0	0.125	up	0.875	Stable	Stable Up	0.125
GAM	RvY_01442-1	8	7	0	1	0.875	0	0.125	up	0.875	Stable	Stable Up	0.125
GAM	RvY_01480-1	8	7	0	1	0.875	0	0.125	up	0.875	Stable	Stable Up	0.125
GAM	RvY_01515	8	7	0	1	0.875	0	0.125	up	0.875	Stable	Stable Up	0.125
GAM	RvY_01585-1	8	7	0	1	0.875	0	0.125	up	0.875	Stable	Stable Up	0.125
GAM	RvY_01604-1	8	7	0	1	0.875	0	0.125	up	0.875	Stable	Stable Up	0.125
GAM	RvY_01609-1	8	7	0	1	0.875	0	0.125	up	0.875	Stable	Stable Up	0.125
GAM	RvY_01637	8	7	0	1	0.875	0	0.125	up	0.875	Stable	Stable Up	0.125
GAM	RvY_01668-1	8	7	0	1	0.875	0	0.125	up	0.875	Stable	Stable Up	0.125
GAM	RvY_01699-1	8	7	0	1	0.875	0	0.125	up	0.875	Stable	Stable Up	0.125
GAM	RvY_02283-1	8	7	0	1	0.875	0	0.125	up	0.875	Stable	Stable Up	0.125
GAM	RvY_02340-1	8	7	0	1	0.875	0	0.125	up	0.875	Stable	Stable Up	0.125
GAM	RvY_02408-1	8	7	0	1	0.875	0	0.125	up	0.875	Stable	Stable Up	0.125
GAM	RvY_02473-1	8	7	0	1	0.875	0	0.125	up	0.875	Stable	Stable Up	0.125
GAM	RvY_02483	8	7	0	1	0.875	0	0.125	up	0.875	Stable	Stable Up	0.125
GAM	RvY_02489-1	8	7	0	1	0.875	0	0.125	up	0.875	Stable	Stable Up	0.125
GAM	RvY_02492-1	8	7	0	1	0.875	0	0.125	up	0.875	Stable	Stable Up	0.125
GAM	RvY_02522-1	8	7	0	1	0.875	0	0.125	up	0.875	Stable	Stable Up	0.125
GAM	RvY_02714-1	8	7	0	1	0.875	0	0.125	up	0.875	Stable	Stable Up	0.125
GAM	RvY_02778-1	8	7	0	1	0.875	0	0.125	up	0.875	Stable	Stable Up	0.125
GAM	RvY_02811-1	8	7	0	1	0.875	0	0.125	up	0.875	Stable	Stable Up	0.125
GAM	RvY_02939	8	7	0	1	0.875	0	0.125	up	0.875	Stable	Stable Up	0.125
GAM	RvY_03021-1	8	7	0	1	0.875	0	0.125	up	0.875	Stable	Stable Up	0.125
GAM	RvY_03175-1	8	7	0	1	0.875	0	0.125	up	0.875	Stable	Stable Up	0.125
GAM	RvY_03183-1	8	7	0	1	0.875	0	0.125	up	0.875	Stable	Stable Up	0.125
GAM	RvY_03194-1	8	7	0	1	0.875	0	0.125	up	0.875	Stable	Stable Up	0.125
GAM	RvY_03221-1	8	7	0	1	0.875	0	0.125	up	0.875	Stable	Stable Up	0.125
GAM	RvY_03226-1	8	7	0	1	0.875	0	0.125	up	0.875	Stable	Stable Up	0.125
GAM	RvY_03234-1	8	7	0	1	0.875	0	0.125	up	0.875	Stable	Stable Up	0.125
GAM	RvY_03244	8	7	0	1	0.875	0	0.125	up	0.875	Stable	Stable Up	0.125
GAM	RvY_03313	8	7	0	1	0.875	0	0.125	up	0.875	Stable	Stable Up	0.125
GAM	RvY_03359-1	8	7	0	1	0.875	0	0.125	up	0.875	Stable	Stable Up	0.125
GAM	RvY_03405	8	7	0	1	0.875	0	0.125	up	0.875	Stable	Stable Up	0.125
GAM	RvY_03431-1	8	7	0	1	0.875	0	0.125	up	0.875	Stable	Stable Up	0.125
GAM	RvY_03432-1	8	7	0	1	0.875	0	0.125	up	0.875	Stable	Stable Up	0.125
GAM	RvY_03443-1	8	7	0	1	0.875	0	0.125	up	0.875	Stable	Stable Up	0.125
GAM	RvY_03461	8	7	0	1	0.875	0	0.125	up	0.875	Stable	Stable Up	0.125
GAM	RvY_03486-1	8	7	0	1	0.875	0	0.125	up	0.875	Stable	Stable Up	0.125
GAM	RvY_03519-1	8	7	0	1	0.875	0	0.125	up	0.875	Stable	Stable Up	0.125
GAM	RvY_03529-1	8	7	0	1	0.875	0	0.125	up	0.875	Stable	Stable Up	0.125
GAM	RvY_03552-1	8	7	0	1	0.875	0	0.125	up	0.875	Stable	Stable Up	0.125
GAM	RvY_03905-1	8	7	0	1	0.875	0	0.125	up	0.875	Stable	Stable Up	0.125
GAM	RvY_04068-1	8	7	0	1	0.875	0	0.125	up	0.875	Stable	Stable Up	0.125
GAM	RvY_04069-1	8	7	0	1	0.875	0	0.125	up	0.875	Stable	Stable Up	0.125
GAM	RvY_04076-1	8	7	0	1	0.875	0	0.125	up	0.875	Stable	Stable Up	0.125
GAM	RvY_04096-1	8	7	0	1	0.875	0	0.125	up	0.875	Stable	Stable Up	0.125
GAM	RvY_04110-1	8	7	0	1	0.875	0	0.125	up	0.875	Stable	Stable Up	0.125
GAM	RvY_04149-1	8	7	0	1	0.875	0	0.125	up	0.875	Stable	Stable Up	0.125
GAM	RvY_04151-1	8	7	0	1	0.875	0	0.125	up	0.875	Stable	Stable Up	0.125
GAM	RvY_04507-1	8	7	0	1	0.875	0	0.125	up	0.875	Stable	Stable Up	0.125
GAM	RvY_04599	8	7	0	1	0.875	0	0.125	up	0.875	Stable	Stable Up	0.125
GAM	RvY_04620	8	7	0	1	0.875	0	0.125	up	0.875	Stable	Stable Up	0.125
GAM	RvY_04675-1	8	7	0	1	0.875	0	0.125	up	0.875	Stable	Stable Up	0.125
GAM	RvY_04702-1	8	7	0	1	0.875	0	0.125	up	0.875	Stable	Stable Up	0.125
GAM	RvY_04722-1	8	7	0	1	0.875	0	0.125	up	0.875	Stable	Stable Up	0.125
GAM	RvY_04759-1	8	7	0	1	0.875	0	0.125	up	0.875	Stable	Stable Up	0.125
GAM	RvY_04829-1	8	7	0	1	0.875	0	0.125	up	0.875	Stable	Stable Up	0.125
GAM	RvY_04862-1	8	7	0	1	0.875	0	0.125	up	0.875	Stable	Stable Up	0.125
GAM	RvY_04874-1	8	7	0	1	0.875	0	0.125	up	0.875	Stable	Stable Up	0.125
GAM	RvY_04908-1	8	7	0	1	0.875	0	0.125	up	0.875	Stable	Stable Up	0.125
GAM	RvY_04943-1	8	7	0	1	0.875	0	0.125	up	0.875	Stable	Stable Up	0.125
GAM	RvY_05020-1	8	7	0	1	0.875	0	0.125	up	0.875	Stable	Stable Up	0.125
GAM	RvY_05073-1	8	7	0	1	0.875	0	0.125	up	0.875	Stable	Stable Up	0.125
GAM	RvY_05084-1	8	7	0	1	0.875	0	0.125	up	0.875	Stable	Stable Up	0.125
GAM	RvY_05114-1	8	7	0	1	0.875	0	0.125	up	0.875	Stable	Stable Up	0.125
GAM	RvY_05141-1	8	7	0	1	0.875	0	0.125	up	0.875	Stable	Stable Up	0.125
GAM	RvY_05142-1	8	7	0	1	0.875	0	0.125	up	0.875	Stable	Stable Up	0.125
GAM	RvY_05182-1	8	7	0	1	0.875	0	0.125	up	0.875	Stable	Stable Up	0.125
GAM	RvY_05195-1	8	7	0	1	0.875	0	0.125	up	0.875	Stable	Stable Up	0.125
GAM	RvY_05241	8	7	0	1	0.875	0	0.125	up	0.875	Stable	Stable Up	0.125
GAM	RvY_05242-1	8	7	0	1	0.875	0	0.125	up	0.875	Stable	Stable Up	0.125
GAM	RvY_05259-1	8	7	0	1	0.875	0	0.125	up	0.875	Stable	Stable Up	0.125
GAM	RvY_05286-1	8	7	0	1	0.875	0	0.125	up	0.875	Stable	Stable Up	0.125
GAM	RvY_05295-1	8	7	0	1	0.875	0	0.125	up	0.875	Stable	Stable Up	0.125
GAM	RvY_05301-1	8	7	0	1	0.875	0	0.125	up	0.875	Stable	Stable Up	0.125
GAM	RvY_05316-1	8	7	0	1	0.875	0	0.125	up	0.875	Stable	Stable Up	0.125
GAM	RvY_05330-1	8	7	0	1	0.875	0	0.125	up	0.875	Stable	Stable Up	0.125
GAM	RvY_05489-1	8	7	0	1	0.875	0	0.125	up	0.875	Stable	Stable Up	0.125
GAM	RvY_05504-1	8	7	0	1	0.875	0	0.125	up	0.875	Stable	Stable Up	0.125
GAM	RvY_05516	8	7	0	1	0.875	0	0.125	up	0.875	Stable	Stable Up	0.125
GAM	RvY_05517-1	8	7	0	1	0.875	0	0.125	up	0.875	Stable	Stable Up	0.125
GAM	RvY_05518-1	8	7	0	1	0.875	0	0.125	up	0.875	Stable	Stable Up	0.125
GAM	RvY_05571	8	7	0	1	0.875	0	0.125	up	0.875	Stable	Stable Up	0.125
GAM	RvY_05655-1	8	7	0	1	0.875	0	0.125	up	0.875	Stable	Stable Up	0.125
GAM	RvY_05707	8	7	0	1	0.875	0	0.125	up	0.875	Stable	Stable Up	0.125
GAM	RvY_05743-1	8	7	0	1	0.875	0	0.125	up	0.875	Stable	Stable Up	0.125
GAM	RvY_05853-1	8	7	0	1	0.875	0	0.125	up	0.875	Stable	Stable Up	0.125
GAM	RvY_05861-1	8	7	0	1	0.875	0	0.125	up	0.875	Stable	Stable Up	0.125
GAM	RvY_05862-1	8	7	0	1	0.875	0	0.125	up	0.875	Stable	Stable Up	0.125
GAM	RvY_05937-1	8	7	0	1	0.875	0	0.125	up	0.875	Stable	Stable Up	0.125
GAM	RvY_06010-1	8	7	0	1	0.875	0	0.125	up	0.875	Stable	Stable Up	0.125
GAM	RvY_06122-1	8	7	0	1	0.875	0	0.125	up	0.875	Stable	Stable Up	0.125
GAM	RvY_06154	8	7	0	1	0.875	0	0.125	up	0.875	Stable	Stable Up	0.125
GAM	RvY_06193-1	8	7	0	1	0.875	0	0.125	up	0.875	Stable	Stable Up	0.125
GAM	RvY_06211	8	7	0	1	0.875	0	0.125	up	0.875	Stable	Stable Up	0.125
GAM	RvY_06349-1	8	7	0	1	0.875	0	0.125	up	0.875	Stable	Stable Up	0.125
GAM	RvY_06392-1	8	7	0	1	0.875	0	0.125	up	0.875	Stable	Stable Up	0.125
GAM	RvY_06398	8	7	0	1	0.875	0	0.125	up	0.875	Stable	Stable Up	0.125
GAM	RvY_06405-1	8	7	0	1	0.875	0	0.125	up	0.875	Stable	Stable Up	0.125
GAM	RvY_06410-1	8	7	0	1	0.875	0	0.125	up	0.875	Stable	Stable Up	0.125
GAM	RvY_06417-1	8	7	0	1	0.875	0	0.125	up	0.875	Stable	Stable Up	0.125
GAM	RvY_06426-1	8	7	0	1	0.875	0	0.125	up	0.875	Stable	Stable Up	0.125
GAM	RvY_06538-1	8	7	0	1	0.875	0	0.125	up	0.875	Stable	Stable Up	0.125
GAM	RvY_06606-1	8	7	0	1	0.875	0	0.125	up	0.875	Stable	Stable Up	0.125
GAM	RvY_06893-1	8	7	0	1	0.875	0	0.125	up	0.875	Stable	Stable Up	0.125
GAM	RvY_06952-1	8	7	0	1	0.875	0	0.125	up	0.875	Stable	Stable Up	0.125
GAM	RvY_07029-1	8	7	1	0	0.875	0.125	0	up	0.875	Stable	Stable Up	0.125
GAM	RvY_07032	8	7	0	1	0.875	0	0.125	up	0.875	Stable	Stable Up	0.125
GAM	RvY_07128	8	7	0	1	0.875	0	0.125	up	0.875	Stable	Stable Up	0.125
GAM	RvY_07171-1	8	7	0	1	0.875	0	0.125	up	0.875	Stable	Stable Up	0.125
GAM	RvY_07178-1	8	7	0	1	0.875	0	0.125	up	0.875	Stable	Stable Up	0.125
GAM	RvY_07184-1	8	7	0	1	0.875	0	0.125	up	0.875	Stable	Stable Up	0.125
GAM	RvY_07189-1	8	7	0	1	0.875	0	0.125	up	0.875	Stable	Stable Up	0.125
GAM	RvY_07349	8	7	0	1	0.875	0	0.125	up	0.875	Stable	Stable Up	0.125
GAM	RvY_07491-1	8	7	0	1	0.875	0	0.125	up	0.875	Stable	Stable Up	0.125
GAM	RvY_07559-1	8	7	0	1	0.875	0	0.125	up	0.875	Stable	Stable Up	0.125
GAM	RvY_07595-1	8	7	0	1	0.875	0	0.125	up	0.875	Stable	Stable Up	0.125
GAM	RvY_07647-1	8	7	0	1	0.875	0	0.125	up	0.875	Stable	Stable Up	0.125
GAM	RvY_07655-1	8	7	0	1	0.875	0	0.125	up	0.875	Stable	Stable Up	0.125
GAM	RvY_07677-1	8	7	0	1	0.875	0	0.125	up	0.875	Stable	Stable Up	0.125
GAM	RvY_07704	8	7	0	1	0.875	0	0.125	up	0.875	Stable	Stable Up	0.125
GAM	RvY_07794-1	8	7	0	1	0.875	0	0.125	up	0.875	Stable	Stable Up	0.125
GAM	RvY_07817-1	8	7	0	1	0.875	0	0.125	up	0.875	Stable	Stable Up	0.125
GAM	RvY_07884	8	7	0	1	0.875	0	0.125	up	0.875	Stable	Stable Up	0.125
GAM	RvY_07923-1	8	7	0	1	0.875	0	0.125	up	0.875	Stable	Stable Up	0.125
GAM	RvY_07976-1	8	7	0	1	0.875	0	0.125	up	0.875	Stable	Stable Up	0.125
GAM	RvY_08011-1	8	7	0	1	0.875	0	0.125	up	0.875	Stable	Stable Up	0.125
GAM	RvY_08017-1	8	7	0	1	0.875	0	0.125	up	0.875	Stable	Stable Up	0.125
GAM	RvY_08059-1	8	7	0	1	0.875	0	0.125	up	0.875	Stable	Stable Up	0.125
GAM	RvY_08114-1	8	7	0	1	0.875	0	0.125	up	0.875	Stable	Stable Up	0.125
GAM	RvY_08173-1	8	7	0	1	0.875	0	0.125	up	0.875	Stable	Stable Up	0.125
GAM	RvY_08252-1	8	7	0	1	0.875	0	0.125	up	0.875	Stable	Stable Up	0.125
GAM	RvY_08257-1	8	7	0	1	0.875	0	0.125	up	0.875	Stable	Stable Up	0.125
GAM	RvY_08275-1	8	7	0	1	0.875	0	0.125	up	0.875	Stable	Stable Up	0.125
GAM	RvY_08322-1	8	7	0	1	0.875	0	0.125	up	0.875	Stable	Stable Up	0.125
GAM	RvY_08511-1	8	7	0	1	0.875	0	0.125	up	0.875	Stable	Stable Up	0.125
GAM	RvY_08539-1	8	7	0	1	0.875	0	0.125	up	0.875	Stable	Stable Up	0.125
GAM	RvY_08546-1	8	7	0	1	0.875	0	0.125	up	0.875	Stable	Stable Up	0.125
GAM	RvY_08583-1	8	7	0	1	0.875	0	0.125	up	0.875	Stable	Stable Up	0.125
GAM	RvY_08621-1	8	7	0	1	0.875	0	0.125	up	0.875	Stable	Stable Up	0.125
GAM	RvY_08641-1	8	7	0	1	0.875	0	0.125	up	0.875	Stable	Stable Up	0.125
GAM	RvY_08645-1	8	7	0	1	0.875	0	0.125	up	0.875	Stable	Stable Up	0.125
GAM	RvY_08671-1	8	7	0	1	0.875	0	0.125	up	0.875	Stable	Stable Up	0.125
GAM	RvY_08689-1	8	7	0	1	0.875	0	0.125	up	0.875	Stable	Stable Up	0.125
GAM	RvY_08693	8	7	0	1	0.875	0	0.125	up	0.875	Stable	Stable Up	0.125
GAM	RvY_08701-1	8	7	0	1	0.875	0	0.125	up	0.875	Stable	Stable Up	0.125
GAM	RvY_08735	8	7	0	1	0.875	0	0.125	up	0.875	Stable	Stable Up	0.125
GAM	RvY_08770-1	8	7	0	1	0.875	0	0.125	up	0.875	Stable	Stable Up	0.125
GAM	RvY_08773-1	8	7	0	1	0.875	0	0.125	up	0.875	Stable	Stable Up	0.125
GAM	RvY_08782-1	8	7	0	1	0.875	0	0.125	up	0.875	Stable	Stable Up	0.125
GAM	RvY_08847	8	7	0	1	0.875	0	0.125	up	0.875	Stable	Stable Up	0.125
GAM	RvY_08850-1	8	7	0	1	0.875	0	0.125	up	0.875	Stable	Stable Up	0.125
GAM	RvY_08871-1	8	7	0	1	0.875	0	0.125	up	0.875	Stable	Stable Up	0.125
GAM	RvY_08906-1	8	7	0	1	0.875	0	0.125	up	0.875	Stable	Stable Up	0.125
GAM	RvY_08913-1	8	7	0	1	0.875	0	0.125	up	0.875	Stable	Stable Up	0.125
GAM	RvY_08950	8	7	0	1	0.875	0	0.125	up	0.875	Stable	Stable Up	0.125
GAM	RvY_08957-1	8	7	0	1	0.875	0	0.125	up	0.875	Stable	Stable Up	0.125
GAM	RvY_09044-1	8	7	0	1	0.875	0	0.125	up	0.875	Stable	Stable Up	0.125
GAM	RvY_09049-1	8	7	0	1	0.875	0	0.125	up	0.875	Stable	Stable Up	0.125
GAM	RvY_09050-1	8	7	0	1	0.875	0	0.125	up	0.875	Stable	Stable Up	0.125
GAM	RvY_09074-1	8	7	0	1	0.875	0	0.125	up	0.875	Stable	Stable Up	0.125
GAM	RvY_09076-1	8	7	0	1	0.875	0	0.125	up	0.875	Stable	Stable Up	0.125
GAM	RvY_09120-1	8	7	0	1	0.875	0	0.125	up	0.875	Stable	Stable Up	0.125
GAM	RvY_09124-1	8	7	0	1	0.875	0	0.125	up	0.875	Stable	Stable Up	0.125
GAM	RvY_09148-1	8	7	0	1	0.875	0	0.125	up	0.875	Stable	Stable Up	0.125
GAM	RvY_09205-1	8	7	0	1	0.875	0	0.125	up	0.875	Stable	Stable Up	0.125
GAM	RvY_09260-1	8	7	0	1	0.875	0	0.125	up	0.875	Stable	Stable Up	0.125
GAM	RvY_09284	8	7	0	1	0.875	0	0.125	up	0.875	Stable	Stable Up	0.125
GAM	RvY_09310	8	7	0	1	0.875	0	0.125	up	0.875	Stable	Stable Up	0.125
GAM	RvY_09338-1	8	7	0	1	0.875	0	0.125	up	0.875	Stable	Stable Up	0.125
GAM	RvY_09384-1	8	7	0	1	0.875	0	0.125	up	0.875	Stable	Stable Up	0.125
GAM	RvY_09422-1	8	7	0	1	0.875	0	0.125	up	0.875	Stable	Stable Up	0.125
GAM	RvY_09455-1	8	7	0	1	0.875	0	0.125	up	0.875	Stable	Stable Up	0.125
GAM	RvY_09470-1	8	7	0	1	0.875	0	0.125	up	0.875	Stable	Stable Up	0.125
GAM	RvY_09542-1	8	7	0	1	0.875	0	0.125	up	0.875	Stable	Stable Up	0.125
GAM	RvY_09546-1	8	7	0	1	0.875	0	0.125	up	0.875	Stable	Stable Up	0.125
GAM	RvY_09547-1	8	7	0	1	0.875	0	0.125	up	0.875	Stable	Stable Up	0.125
GAM	RvY_09615-1	8	7	0	1	0.875	0	0.125	up	0.875	Stable	Stable Up	0.125
GAM	RvY_09616-1	8	7	0	1	0.875	0	0.125	up	0.875	Stable	Stable Up	0.125
GAM	RvY_09634-1	8	7	0	1	0.875	0	0.125	up	0.875	Stable	Stable Up	0.125
GAM	RvY_09685-1	8	7	0	1	0.875	0	0.125	up	0.875	Stable	Stable Up	0.125
GAM	RvY_09692-1	8	7	0	1	0.875	0	0.125	up	0.875	Stable	Stable Up	0.125
GAM	RvY_09693-1	8	7	0	1	0.875	0	0.125	up	0.875	Stable	Stable Up	0.125
GAM	RvY_09709-1	8	7	0	1	0.875	0	0.125	up	0.875	Stable	Stable Up	0.125
GAM	RvY_09723-1	8	7	0	1	0.875	0	0.125	up	0.875	Stable	Stable Up	0.125
GAM	RvY_09726-1	8	7	0	1	0.875	0	0.125	up	0.875	Stable	Stable Up	0.125
GAM	RvY_09737-1	8	7	0	1	0.875	0	0.125	up	0.875	Stable	Stable Up	0.125
GAM	RvY_09749	8	7	0	1	0.875	0	0.125	up	0.875	Stable	Stable Up	0.125
GAM	RvY_09756-1	8	7	0	1	0.875	0	0.125	up	0.875	Stable	Stable Up	0.125
GAM	RvY_09769-1	8	7	0	1	0.875	0	0.125	up	0.875	Stable	Stable Up	0.125
GAM	RvY_09778	8	7	0	1	0.875	0	0.125	up	0.875	Stable	Stable Up	0.125
GAM	RvY_09780-1	8	7	0	1	0.875	0	0.125	up	0.875	Stable	Stable Up	0.125
GAM	RvY_09807-1	8	7	0	1	0.875	0	0.125	up	0.875	Stable	Stable Up	0.125
GAM	RvY_09810-1	8	7	0	1	0.875	0	0.125	up	0.875	Stable	Stable Up	0.125
GAM	RvY_09828-1	8	7	0	1	0.875	0	0.125	up	0.875	Stable	Stable Up	0.125
GAM	RvY_09835-1	8	7	0	1	0.875	0	0.125	up	0.875	Stable	Stable Up	0.125
GAM	RvY_09843-1	8	7	0	1	0.875	0	0.125	up	0.875	Stable	Stable Up	0.125
GAM	RvY_09868-1	8	7	0	1	0.875	0	0.125	up	0.875	Stable	Stable Up	0.125
GAM	RvY_09875-1	8	7	0	1	0.875	0	0.125	up	0.875	Stable	Stable Up	0.125
GAM	RvY_09893-1	8	7	0	1	0.875	0	0.125	up	0.875	Stable	Stable Up	0.125
GAM	RvY_09923-1	8	7	0	1	0.875	0	0.125	up	0.875	Stable	Stable Up	0.125
GAM	RvY_09934-1	8	7	0	1	0.875	0	0.125	up	0.875	Stable	Stable Up	0.125
GAM	RvY_09972	8	7	0	1	0.875	0	0.125	up	0.875	Stable	Stable Up	0.125
GAM	RvY_09991	8	7	0	1	0.875	0	0.125	up	0.875	Stable	Stable Up	0.125
GAM	RvY_10013	8	7	0	1	0.875	0	0.125	up	0.875	Stable	Stable Up	0.125
GAM	RvY_10032	8	7	0	1	0.875	0	0.125	up	0.875	Stable	Stable Up	0.125
GAM	RvY_10060-1	8	7	0	1	0.875	0	0.125	up	0.875	Stable	Stable Up	0.125
GAM	RvY_10260-1	8	7	0	1	0.875	0	0.125	up	0.875	Stable	Stable Up	0.125
GAM	RvY_10276-1	8	7	0	1	0.875	0	0.125	up	0.875	Stable	Stable Up	0.125
GAM	RvY_10287-1	8	7	0	1	0.875	0	0.125	up	0.875	Stable	Stable Up	0.125
GAM	RvY_10420-1	8	7	0	1	0.875	0	0.125	up	0.875	Stable	Stable Up	0.125
GAM	RvY_10430-1	8	7	0	1	0.875	0	0.125	up	0.875	Stable	Stable Up	0.125
GAM	RvY_10488-1	8	7	0	1	0.875	0	0.125	up	0.875	Stable	Stable Up	0.125
GAM	RvY_10508-1	8	7	0	1	0.875	0	0.125	up	0.875	Stable	Stable Up	0.125
GAM	RvY_10513-1	8	7	0	1	0.875	0	0.125	up	0.875	Stable	Stable Up	0.125
GAM	RvY_10661-1	8	7	0	1	0.875	0	0.125	up	0.875	Stable	Stable Up	0.125
GAM	RvY_10663-1	8	7	0	1	0.875	0	0.125	up	0.875	Stable	Stable Up	0.125
GAM	RvY_10675-1	8	7	0	1	0.875	0	0.125	up	0.875	Stable	Stable Up	0.125
GAM	RvY_10693-1	8	7	0	1	0.875	0	0.125	up	0.875	Stable	Stable Up	0.125
GAM	RvY_10710-1	8	7	0	1	0.875	0	0.125	up	0.875	Stable	Stable Up	0.125
GAM	RvY_10741-1	8	7	0	1	0.875	0	0.125	up	0.875	Stable	Stable Up	0.125
GAM	RvY_10745-1	8	7	0	1	0.875	0	0.125	up	0.875	Stable	Stable Up	0.125
GAM	RvY_11006-1	8	7	0	1	0.875	0	0.125	up	0.875	Stable	Stable Up	0.125
GAM	RvY_11045-1	8	7	0	1	0.875	0	0.125	up	0.875	Stable	Stable Up	0.125
GAM	RvY_11046	8	7	0	1	0.875	0	0.125	up	0.875	Stable	Stable Up	0.125
GAM	RvY_11063-1	8	7	0	1	0.875	0	0.125	up	0.875	Stable	Stable Up	0.125
GAM	RvY_11081-1	8	7	0	1	0.875	0	0.125	up	0.875	Stable	Stable Up	0.125
GAM	RvY_11157-1	8	7	0	1	0.875	0	0.125	up	0.875	Stable	Stable Up	0.125
GAM	RvY_11218-1	8	7	0	1	0.875	0	0.125	up	0.875	Stable	Stable Up	0.125
GAM	RvY_11332-1	8	7	0	1	0.875	0	0.125	up	0.875	Stable	Stable Up	0.125
GAM	RvY_11347-1	8	7	0	1	0.875	0	0.125	up	0.875	Stable	Stable Up	0.125
GAM	RvY_11353-1	8	7	0	1	0.875	0	0.125	up	0.875	Stable	Stable Up	0.125
GAM	RvY_11354	8	7	0	1	0.875	0	0.125	up	0.875	Stable	Stable Up	0.125
GAM	RvY_11378-1	8	7	0	1	0.875	0	0.125	up	0.875	Stable	Stable Up	0.125
GAM	RvY_11424-1	8	7	0	1	0.875	0	0.125	up	0.875	Stable	Stable Up	0.125
GAM	RvY_11435-1	8	7	0	1	0.875	0	0.125	up	0.875	Stable	Stable Up	0.125
GAM	RvY_11465-1	8	7	0	1	0.875	0	0.125	up	0.875	Stable	Stable Up	0.125
GAM	RvY_11710-1	8	7	0	1	0.875	0	0.125	up	0.875	Stable	Stable Up	0.125
GAM	RvY_11793	8	7	0	1	0.875	0	0.125	up	0.875	Stable	Stable Up	0.125
GAM	RvY_11811	8	7	0	1	0.875	0	0.125	up	0.875	Stable	Stable Up	0.125
GAM	RvY_11843-1	8	7	0	1	0.875	0	0.125	up	0.875	Stable	Stable Up	0.125
GAM	RvY_11952-1	8	7	0	1	0.875	0	0.125	up	0.875	Stable	Stable Up	0.125
GAM	RvY_11970-1	8	7	0	1	0.875	0	0.125	up	0.875	Stable	Stable Up	0.125
GAM	RvY_11972-1	8	7	0	1	0.875	0	0.125	up	0.875	Stable	Stable Up	0.125
GAM	RvY_12097-1	8	7	0	1	0.875	0	0.125	up	0.875	Stable	Stable Up	0.125
GAM	RvY_12119	8	7	0	1	0.875	0	0.125	up	0.875	Stable	Stable Up	0.125
GAM	RvY_12154-1	8	7	0	1	0.875	0	0.125	up	0.875	Stable	Stable Up	0.125
GAM	RvY_12161-1	8	7	0	1	0.875	0	0.125	up	0.875	Stable	Stable Up	0.125
GAM	RvY_12310-1	8	7	0	1	0.875	0	0.125	up	0.875	Stable	Stable Up	0.125
GAM	RvY_12321-1	8	7	0	1	0.875	0	0.125	up	0.875	Stable	Stable Up	0.125
GAM	RvY_12342-1	8	7	0	1	0.875	0	0.125	up	0.875	Stable	Stable Up	0.125
GAM	RvY_12345	8	7	0	1	0.875	0	0.125	up	0.875	Stable	Stable Up	0.125
GAM	RvY_12368-1	8	7	0	1	0.875	0	0.125	up	0.875	Stable	Stable Up	0.125
GAM	RvY_12376-1	8	7	0	1	0.875	0	0.125	up	0.875	Stable	Stable Up	0.125
GAM	RvY_12379	8	7	0	1	0.875	0	0.125	up	0.875	Stable	Stable Up	0.125
GAM	RvY_12397-1	8	7	0	1	0.875	0	0.125	up	0.875	Stable	Stable Up	0.125
GAM	RvY_12403-1	8	7	0	1	0.875	0	0.125	up	0.875	Stable	Stable Up	0.125
GAM	RvY_12417-1	8	7	0	1	0.875	0	0.125	up	0.875	Stable	Stable Up	0.125
GAM	RvY_12436-1	8	7	0	1	0.875	0	0.125	up	0.875	Stable	Stable Up	0.125
GAM	RvY_12469-1	8	7	0	1	0.875	0	0.125	up	0.875	Stable	Stable Up	0.125
GAM	RvY_12548-1	8	7	0	1	0.875	0	0.125	up	0.875	Stable	Stable Up	0.125
GAM	RvY_12557-1	8	7	0	1	0.875	0	0.125	up	0.875	Stable	Stable Up	0.125
GAM	RvY_12654-1	8	7	0	1	0.875	0	0.125	up	0.875	Stable	Stable Up	0.125
GAM	RvY_12665-1	8	7	0	1	0.875	0	0.125	up	0.875	Stable	Stable Up	0.125
GAM	RvY_12681-1	8	7	0	1	0.875	0	0.125	up	0.875	Stable	Stable Up	0.125
GAM	RvY_12786-1	8	7	0	1	0.875	0	0.125	up	0.875	Stable	Stable Up	0.125
GAM	RvY_12788-1	8	7	0	1	0.875	0	0.125	up	0.875	Stable	Stable Up	0.125
GAM	RvY_12808-1	8	7	0	1	0.875	0	0.125	up	0.875	Stable	Stable Up	0.125
GAM	RvY_12878-1	8	7	0	1	0.875	0	0.125	up	0.875	Stable	Stable Up	0.125
GAM	RvY_12889-1	8	7	0	1	0.875	0	0.125	up	0.875	Stable	Stable Up	0.125
GAM	RvY_12923	8	7	0	1	0.875	0	0.125	up	0.875	Stable	Stable Up	0.125
GAM	RvY_12928-1	8	7	0	1	0.875	0	0.125	up	0.875	Stable	Stable Up	0.125
GAM	RvY_12930	8	7	0	1	0.875	0	0.125	up	0.875	Stable	Stable Up	0.125
GAM	RvY_12932	8	7	0	1	0.875	0	0.125	up	0.875	Stable	Stable Up	0.125
GAM	RvY_12968-1	8	7	0	1	0.875	0	0.125	up	0.875	Stable	Stable Up	0.125
GAM	RvY_12973-1	8	7	0	1	0.875	0	0.125	up	0.875	Stable	Stable Up	0.125
GAM	RvY_13012-1	8	7	0	1	0.875	0	0.125	up	0.875	Stable	Stable Up	0.125
GAM	RvY_13042-1	8	7	0	1	0.875	0	0.125	up	0.875	Stable	Stable Up	0.125
GAM	RvY_13060-1	8	7	0	1	0.875	0	0.125	up	0.875	Stable	Stable Up	0.125
GAM	RvY_13075-1	8	7	0	1	0.875	0	0.125	up	0.875	Stable	Stable Up	0.125
GAM	RvY_13077	8	7	0	1	0.875	0	0.125	up	0.875	Stable	Stable Up	0.125
GAM	RvY_13163-1	8	7	0	1	0.875	0	0.125	up	0.875	Stable	Stable Up	0.125
GAM	RvY_13190-1	8	7	0	1	0.875	0	0.125	up	0.875	Stable	Stable Up	0.125
GAM	RvY_13206-1	8	7	0	1	0.875	0	0.125	up	0.875	Stable	Stable Up	0.125
GAM	RvY_13289-1	8	7	0	1	0.875	0	0.125	up	0.875	Stable	Stable Up	0.125
GAM	RvY_13325-1	8	7	0	1	0.875	0	0.125	up	0.875	Stable	Stable Up	0.125
GAM	RvY_13395-1	8	7	0	1	0.875	0	0.125	up	0.875	Stable	Stable Up	0.125
GAM	RvY_13396-1	8	7	0	1	0.875	0	0.125	up	0.875	Stable	Stable Up	0.125
GAM	RvY_13482-1	8	7	0	1	0.875	0	0.125	up	0.875	Stable	Stable Up	0.125
GAM	RvY_13524-1	8	7	0	1	0.875	0	0.125	up	0.875	Stable	Stable Up	0.125
GAM	RvY_13575-1	8	7	0	1	0.875	0	0.125	up	0.875	Stable	Stable Up	0.125
GAM	RvY_13617-1	8	7	0	1	0.875	0	0.125	up	0.875	Stable	Stable Up	0.125
GAM	RvY_13645	8	7	0	1	0.875	0	0.125	up	0.875	Stable	Stable Up	0.125
GAM	RvY_13694-1	8	7	0	1	0.875	0	0.125	up	0.875	Stable	Stable Up	0.125
GAM	RvY_13710-1	8	7	0	1	0.875	0	0.125	up	0.875	Stable	Stable Up	0.125
GAM	RvY_13792	8	7	0	1	0.875	0	0.125	up	0.875	Stable	Stable Up	0.125
GAM	RvY_13825-1	8	7	0	1	0.875	0	0.125	up	0.875	Stable	Stable Up	0.125
GAM	RvY_13832-1	8	7	0	1	0.875	0	0.125	up	0.875	Stable	Stable Up	0.125
GAM	RvY_13842	8	7	0	1	0.875	0	0.125	up	0.875	Stable	Stable Up	0.125
GAM	RvY_13844-1	8	7	0	1	0.875	0	0.125	up	0.875	Stable	Stable Up	0.125
GAM	RvY_13845-1	8	7	0	1	0.875	0	0.125	up	0.875	Stable	Stable Up	0.125
GAM	RvY_13847-1	8	7	0	1	0.875	0	0.125	up	0.875	Stable	Stable Up	0.125
GAM	RvY_13872	8	7	0	1	0.875	0	0.125	up	0.875	Stable	Stable Up	0.125
GAM	RvY_13878-1	8	7	0	1	0.875	0	0.125	up	0.875	Stable	Stable Up	0.125
GAM	RvY_13889-1	8	7	0	1	0.875	0	0.125	up	0.875	Stable	Stable Up	0.125
GAM	RvY_13962	8	7	0	1	0.875	0	0.125	up	0.875	Stable	Stable Up	0.125
GAM	RvY_13964-1	8	7	0	1	0.875	0	0.125	up	0.875	Stable	Stable Up	0.125
GAM	RvY_13985-1	8	7	0	1	0.875	0	0.125	up	0.875	Stable	Stable Up	0.125
GAM	RvY_13993-1	8	7	0	1	0.875	0	0.125	up	0.875	Stable	Stable Up	0.125
GAM	RvY_14037-1	8	7	0	1	0.875	0	0.125	up	0.875	Stable	Stable Up	0.125
GAM	RvY_14041-1	8	7	0	1	0.875	0	0.125	up	0.875	Stable	Stable Up	0.125
GAM	RvY_14088-1	8	7	0	1	0.875	0	0.125	up	0.875	Stable	Stable Up	0.125
GAM	RvY_14200-1	8	7	0	1	0.875	0	0.125	up	0.875	Stable	Stable Up	0.125
GAM	RvY_14220-1	8	7	0	1	0.875	0	0.125	up	0.875	Stable	Stable Up	0.125
GAM	RvY_14242-1	8	7	0	1	0.875	0	0.125	up	0.875	Stable	Stable Up	0.125
GAM	RvY_14346-1	8	7	0	1	0.875	0	0.125	up	0.875	Stable	Stable Up	0.125
GAM	RvY_14381	8	7	0	1	0.875	0	0.125	up	0.875	Stable	Stable Up	0.125
GAM	RvY_14392-1	8	7	0	1	0.875	0	0.125	up	0.875	Stable	Stable Up	0.125
GAM	RvY_14394-1	8	7	0	1	0.875	0	0.125	up	0.875	Stable	Stable Up	0.125
GAM	RvY_14403-1	8	7	0	1	0.875	0	0.125	up	0.875	Stable	Stable Up	0.125
GAM	RvY_14407	8	7	0	1	0.875	0	0.125	up	0.875	Stable	Stable Up	0.125
GAM	RvY_14467-1	8	7	0	1	0.875	0	0.125	up	0.875	Stable	Stable Up	0.125
GAM	RvY_14503-1	8	7	0	1	0.875	0	0.125	up	0.875	Stable	Stable Up	0.125
GAM	RvY_14529-1	8	7	0	1	0.875	0	0.125	up	0.875	Stable	Stable Up	0.125
GAM	RvY_14533-1	8	7	0	1	0.875	0	0.125	up	0.875	Stable	Stable Up	0.125
GAM	RvY_14545	8	7	0	1	0.875	0	0.125	up	0.875	Stable	Stable Up	0.125
GAM	RvY_14559	8	7	0	1	0.875	0	0.125	up	0.875	Stable	Stable Up	0.125
GAM	RvY_14567-1	8	7	0	1	0.875	0	0.125	up	0.875	Stable	Stable Up	0.125
GAM	RvY_14625-1	8	7	0	1	0.875	0	0.125	up	0.875	Stable	Stable Up	0.125
GAM	RvY_14655-1	8	7	0	1	0.875	0	0.125	up	0.875	Stable	Stable Up	0.125
GAM	RvY_14668	8	7	0	1	0.875	0	0.125	up	0.875	Stable	Stable Up	0.125
GAM	RvY_14679-1	8	7	0	1	0.875	0	0.125	up	0.875	Stable	Stable Up	0.125
GAM	RvY_14723-1	8	7	0	1	0.875	0	0.125	up	0.875	Stable	Stable Up	0.125
GAM	RvY_14833-1	8	7	0	1	0.875	0	0.125	up	0.875	Stable	Stable Up	0.125
GAM	RvY_14964-1	8	7	0	1	0.875	0	0.125	up	0.875	Stable	Stable Up	0.125
GAM	RvY_14991-1	8	7	0	1	0.875	0	0.125	up	0.875	Stable	Stable Up	0.125
GAM	RvY_14997-1	8	7	0	1	0.875	0	0.125	up	0.875	Stable	Stable Up	0.125
GAM	RvY_15107-1	8	7	0	1	0.875	0	0.125	up	0.875	Stable	Stable Up	0.125
GAM	RvY_15210	8	7	0	1	0.875	0	0.125	up	0.875	Stable	Stable Up	0.125
GAM	RvY_15239	8	7	0	1	0.875	0	0.125	up	0.875	Stable	Stable Up	0.125
GAM	RvY_15253-1	8	7	0	1	0.875	0	0.125	up	0.875	Stable	Stable Up	0.125
GAM	RvY_15295-1	8	7	0	1	0.875	0	0.125	up	0.875	Stable	Stable Up	0.125
GAM	RvY_15341	8	7	0	1	0.875	0	0.125	up	0.875	Stable	Stable Up	0.125
GAM	RvY_15343-1	8	7	0	1	0.875	0	0.125	up	0.875	Stable	Stable Up	0.125
GAM	RvY_15344-1	8	7	0	1	0.875	0	0.125	up	0.875	Stable	Stable Up	0.125
GAM	RvY_15348-1	8	7	0	1	0.875	0	0.125	up	0.875	Stable	Stable Up	0.125
GAM	RvY_15368-1	8	7	0	1	0.875	0	0.125	up	0.875	Stable	Stable Up	0.125
GAM	RvY_15378-1	8	7	0	1	0.875	0	0.125	up	0.875	Stable	Stable Up	0.125
GAM	RvY_15416	8	7	0	1	0.875	0	0.125	up	0.875	Stable	Stable Up	0.125
GAM	RvY_15494-1	8	7	0	1	0.875	0	0.125	up	0.875	Stable	Stable Up	0.125
GAM	RvY_15517-1	8	7	0	1	0.875	0	0.125	up	0.875	Stable	Stable Up	0.125
GAM	RvY_15520-1	8	7	0	1	0.875	0	0.125	up	0.875	Stable	Stable Up	0.125
GAM	RvY_15554-1	8	7	0	1	0.875	0	0.125	up	0.875	Stable	Stable Up	0.125
GAM	RvY_15564-1	8	7	0	1	0.875	0	0.125	up	0.875	Stable	Stable Up	0.125
GAM	RvY_15603-1	8	7	0	1	0.875	0	0.125	up	0.875	Stable	Stable Up	0.125
GAM	RvY_15659-1	8	7	0	1	0.875	0	0.125	up	0.875	Stable	Stable Up	0.125
GAM	RvY_15700-1	8	7	0	1	0.875	0	0.125	up	0.875	Stable	Stable Up	0.125
GAM	RvY_15703-1	8	7	0	1	0.875	0	0.125	up	0.875	Stable	Stable Up	0.125
GAM	RvY_15792-1	8	7	0	1	0.875	0	0.125	up	0.875	Stable	Stable Up	0.125
GAM	RvY_15803-1	8	7	0	1	0.875	0	0.125	up	0.875	Stable	Stable Up	0.125
GAM	RvY_15804-1	8	7	0	1	0.875	0	0.125	up	0.875	Stable	Stable Up	0.125
GAM	RvY_15815-1	8	7	0	1	0.875	0	0.125	up	0.875	Stable	Stable Up	0.125
GAM	RvY_15819-1	8	7	0	1	0.875	0	0.125	up	0.875	Stable	Stable Up	0.125
GAM	RvY_15835-1	8	7	0	1	0.875	0	0.125	up	0.875	Stable	Stable Up	0.125
GAM	RvY_15869-1	8	7	0	1	0.875	0	0.125	up	0.875	Stable	Stable Up	0.125
GAM	RvY_15895-1	8	7	0	1	0.875	0	0.125	up	0.875	Stable	Stable Up	0.125
GAM	RvY_15972-1	8	7	0	1	0.875	0	0.125	up	0.875	Stable	Stable Up	0.125
GAM	RvY_15987-1	8	7	0	1	0.875	0	0.125	up	0.875	Stable	Stable Up	0.125
GAM	RvY_15991-1	8	7	0	1	0.875	0	0.125	up	0.875	Stable	Stable Up	0.125
GAM	RvY_15993-1	8	7	0	1	0.875	0	0.125	up	0.875	Stable	Stable Up	0.125
GAM	RvY_16037-1	8	7	0	1	0.875	0	0.125	up	0.875	Stable	Stable Up	0.125
GAM	RvY_16054	8	7	0	1	0.875	0	0.125	up	0.875	Stable	Stable Up	0.125
GAM	RvY_16079-1	8	7	0	1	0.875	0	0.125	up	0.875	Stable	Stable Up	0.125
GAM	RvY_16150-1	8	7	0	1	0.875	0	0.125	up	0.875	Stable	Stable Up	0.125
GAM	RvY_16160-1	8	7	0	1	0.875	0	0.125	up	0.875	Stable	Stable Up	0.125
GAM	RvY_16172-1	8	7	0	1	0.875	0	0.125	up	0.875	Stable	Stable Up	0.125
GAM	RvY_16262-1	8	7	0	1	0.875	0	0.125	up	0.875	Stable	Stable Up	0.125
GAM	RvY_16304-1	8	7	0	1	0.875	0	0.125	up	0.875	Stable	Stable Up	0.125
GAM	RvY_16472-1	8	7	0	1	0.875	0	0.125	up	0.875	Stable	Stable Up	0.125
GAM	RvY_16518-1	8	7	0	1	0.875	0	0.125	up	0.875	Stable	Stable Up	0.125
GAM	RvY_16519-1	8	7	0	1	0.875	0	0.125	up	0.875	Stable	Stable Up	0.125
GAM	RvY_16534-1	8	7	0	1	0.875	0	0.125	up	0.875	Stable	Stable Up	0.125
GAM	RvY_16590-1	8	7	0	1	0.875	0	0.125	up	0.875	Stable	Stable Up	0.125
GAM	RvY_16625	8	7	0	1	0.875	0	0.125	up	0.875	Stable	Stable Up	0.125
GAM	RvY_16699-1	8	7	0	1	0.875	0	0.125	up	0.875	Stable	Stable Up	0.125
GAM	RvY_16866-1	8	7	0	1	0.875	0	0.125	up	0.875	Stable	Stable Up	0.125
GAM	RvY_16867-1	8	7	0	1	0.875	0	0.125	up	0.875	Stable	Stable Up	0.125
GAM	RvY_16973	8	7	0	1	0.875	0	0.125	up	0.875	Stable	Stable Up	0.125
GAM	RvY_17002-1	8	7	0	1	0.875	0	0.125	up	0.875	Stable	Stable Up	0.125
GAM	RvY_17004-1	8	7	0	1	0.875	0	0.125	up	0.875	Stable	Stable Up	0.125
GAM	RvY_17010-1	8	7	0	1	0.875	0	0.125	up	0.875	Stable	Stable Up	0.125
GAM	RvY_17014-1	8	7	0	1	0.875	0	0.125	up	0.875	Stable	Stable Up	0.125
GAM	RvY_17045-1	8	7	0	1	0.875	0	0.125	up	0.875	Stable	Stable Up	0.125
GAM	RvY_17060-1	8	7	0	1	0.875	0	0.125	up	0.875	Stable	Stable Up	0.125
GAM	RvY_17086-1	8	7	0	1	0.875	0	0.125	up	0.875	Stable	Stable Up	0.125
GAM	RvY_17105-1	8	7	0	1	0.875	0	0.125	up	0.875	Stable	Stable Up	0.125
GAM	RvY_17145-1	8	7	0	1	0.875	0	0.125	up	0.875	Stable	Stable Up	0.125
GAM	RvY_17311-1	8	7	0	1	0.875	0	0.125	up	0.875	Stable	Stable Up	0.125
GAM	RvY_17386	8	7	0	1	0.875	0	0.125	up	0.875	Stable	Stable Up	0.125
GAM	RvY_17407-1	8	7	0	1	0.875	0	0.125	up	0.875	Stable	Stable Up	0.125
GAM	RvY_17409-1	8	7	0	1	0.875	0	0.125	up	0.875	Stable	Stable Up	0.125
GAM	RvY_17467-1	8	7	0	1	0.875	0	0.125	up	0.875	Stable	Stable Up	0.125
GAM	RvY_17481-1	8	7	0	1	0.875	0	0.125	up	0.875	Stable	Stable Up	0.125
GAM	RvY_17507	8	7	0	1	0.875	0	0.125	up	0.875	Stable	Stable Up	0.125
GAM	RvY_17520	8	7	0	1	0.875	0	0.125	up	0.875	Stable	Stable Up	0.125
GAM	RvY_17544-1	8	7	0	1	0.875	0	0.125	up	0.875	Stable	Stable Up	0.125
GAM	RvY_17612	8	7	0	1	0.875	0	0.125	up	0.875	Stable	Stable Up	0.125
GAM	RvY_17635-1	8	7	0	1	0.875	0	0.125	up	0.875	Stable	Stable Up	0.125
GAM	RvY_17644	8	7	0	1	0.875	0	0.125	up	0.875	Stable	Stable Up	0.125
GAM	RvY_17667-1	8	7	0	1	0.875	0	0.125	up	0.875	Stable	Stable Up	0.125
GAM	RvY_17756-1	8	7	0	1	0.875	0	0.125	up	0.875	Stable	Stable Up	0.125
GAM	RvY_17786-1	8	7	0	1	0.875	0	0.125	up	0.875	Stable	Stable Up	0.125
GAM	RvY_17790-1	8	7	0	1	0.875	0	0.125	up	0.875	Stable	Stable Up	0.125
GAM	RvY_17820-1	8	7	0	1	0.875	0	0.125	up	0.875	Stable	Stable Up	0.125
GAM	RvY_17846-1	8	7	0	1	0.875	0	0.125	up	0.875	Stable	Stable Up	0.125
GAM	RvY_17848-1	8	7	0	1	0.875	0	0.125	up	0.875	Stable	Stable Up	0.125
GAM	RvY_17886-1	8	7	0	1	0.875	0	0.125	up	0.875	Stable	Stable Up	0.125
GAM	RvY_17928-1	8	7	0	1	0.875	0	0.125	up	0.875	Stable	Stable Up	0.125
GAM	RvY_17942-1	8	7	0	1	0.875	0	0.125	up	0.875	Stable	Stable Up	0.125
GAM	RvY_17962-1	8	7	0	1	0.875	0	0.125	up	0.875	Stable	Stable Up	0.125
GAM	RvY_17967-1	8	7	0	1	0.875	0	0.125	up	0.875	Stable	Stable Up	0.125
GAM	RvY_17976-1	8	7	0	1	0.875	0	0.125	up	0.875	Stable	Stable Up	0.125
GAM	RvY_18044-1	8	7	0	1	0.875	0	0.125	up	0.875	Stable	Stable Up	0.125
GAM	RvY_18100	8	7	0	1	0.875	0	0.125	up	0.875	Stable	Stable Up	0.125
GAM	RvY_18121	8	7	0	1	0.875	0	0.125	up	0.875	Stable	Stable Up	0.125
GAM	RvY_18139-1	8	7	0	1	0.875	0	0.125	up	0.875	Stable	Stable Up	0.125
GAM	RvY_18151-1	8	7	0	1	0.875	0	0.125	up	0.875	Stable	Stable Up	0.125
GAM	RvY_18193-1	8	7	0	1	0.875	0	0.125	up	0.875	Stable	Stable Up	0.125
GAM	RvY_18256	8	7	0	1	0.875	0	0.125	up	0.875	Stable	Stable Up	0.125
GAM	RvY_18285-1	8	7	0	1	0.875	0	0.125	up	0.875	Stable	Stable Up	0.125
GAM	RvY_18299-1	8	7	0	1	0.875	0	0.125	up	0.875	Stable	Stable Up	0.125
GAM	RvY_18327-1	8	7	0	1	0.875	0	0.125	up	0.875	Stable	Stable Up	0.125
GAM	RvY_18329-1	8	7	0	1	0.875	0	0.125	up	0.875	Stable	Stable Up	0.125
GAM	RvY_18336-1	8	7	0	1	0.875	0	0.125	up	0.875	Stable	Stable Up	0.125
GAM	RvY_18452-1	8	7	0	1	0.875	0	0.125	up	0.875	Stable	Stable Up	0.125
GAM	RvY_18458-1	8	7	0	1	0.875	0	0.125	up	0.875	Stable	Stable Up	0.125
GAM	RvY_18516-1	8	7	0	1	0.875	0	0.125	up	0.875	Stable	Stable Up	0.125
GAM	RvY_18528-1	8	7	0	1	0.875	0	0.125	up	0.875	Stable	Stable Up	0.125
GAM	RvY_18545-1	8	7	0	1	0.875	0	0.125	up	0.875	Stable	Stable Up	0.125
GAM	RvY_18608-1	8	7	0	1	0.875	0	0.125	up	0.875	Stable	Stable Up	0.125
GAM	RvY_18834-1	8	7	0	1	0.875	0	0.125	up	0.875	Stable	Stable Up	0.125
GAM	RvY_18858-1	8	7	0	1	0.875	0	0.125	up	0.875	Stable	Stable Up	0.125
GAM	RvY_18859-1	8	7	0	1	0.875	0	0.125	up	0.875	Stable	Stable Up	0.125
GAM	RvY_18871-1	8	7	0	1	0.875	0	0.125	up	0.875	Stable	Stable Up	0.125
GAM	RvY_18890	8	7	0	1	0.875	0	0.125	up	0.875	Stable	Stable Up	0.125
GAM	RvY_18897-1	8	7	0	1	0.875	0	0.125	up	0.875	Stable	Stable Up	0.125
GAM	RvY_18901-1	8	7	0	1	0.875	0	0.125	up	0.875	Stable	Stable Up	0.125
GAM	RvY_18941-1	8	7	0	1	0.875	0	0.125	up	0.875	Stable	Stable Up	0.125
GAM	RvY_18944-1	8	7	0	1	0.875	0	0.125	up	0.875	Stable	Stable Up	0.125
GAM	RvY_18946-1	8	7	0	1	0.875	0	0.125	up	0.875	Stable	Stable Up	0.125
GAM	RvY_18966-1	8	7	0	1	0.875	0	0.125	up	0.875	Stable	Stable Up	0.125
GAM	RvY_18972-1	8	7	0	1	0.875	0	0.125	up	0.875	Stable	Stable Up	0.125
GAM	RvY_18980-1	8	7	0	1	0.875	0	0.125	up	0.875	Stable	Stable Up	0.125
GAM	RvY_18986-1	8	7	0	1	0.875	0	0.125	up	0.875	Stable	Stable Up	0.125
GAM	RvY_19002-1	8	7	0	1	0.875	0	0.125	up	0.875	Stable	Stable Up	0.125
GAM	RvY_19055	8	7	0	1	0.875	0	0.125	up	0.875	Stable	Stable Up	0.125
GAM	RvY_19104-1	8	7	0	1	0.875	0	0.125	up	0.875	Stable	Stable Up	0.125
GAM	RvY_19154-1	8	7	0	1	0.875	0	0.125	up	0.875	Stable	Stable Up	0.125
GAM	RvY_19228-1	8	7	0	1	0.875	0	0.125	up	0.875	Stable	Stable Up	0.125
GAM	RvY_19438-1	8	7	0	1	0.875	0	0.125	up	0.875	Stable	Stable Up	0.125
GAM	RvY_19460-1	8	7	0	1	0.875	0	0.125	up	0.875	Stable	Stable Up	0.125
GAM	RvY_19553-1	8	7	0	1	0.875	0	0.125	up	0.875	Stable	Stable Up	0.125
GAM	RvY_19615-1	8	7	0	1	0.875	0	0.125	up	0.875	Stable	Stable Up	0.125
GAM	RvY_00086	8	6	0	2	0.75	0	0.25	up	0.75	Stable	Stable Up	0.25
GAM	RvY_00093-1	8	6	0	2	0.75	0	0.25	up	0.75	Stable	Stable Up	0.25
GAM	RvY_00185-1	8	6	0	2	0.75	0	0.25	up	0.75	Stable	Stable Up	0.25
GAM	RvY_00229-1	8	6	0	2	0.75	0	0.25	up	0.75	Stable	Stable Up	0.25
GAM	RvY_00232	8	6	0	2	0.75	0	0.25	up	0.75	Stable	Stable Up	0.25
GAM	RvY_00320	8	6	0	2	0.75	0	0.25	up	0.75	Stable	Stable Up	0.25
GAM	RvY_00343-1	8	6	0	2	0.75	0	0.25	up	0.75	Stable	Stable Up	0.25
GAM	RvY_00374-1	8	6	0	2	0.75	0	0.25	up	0.75	Stable	Stable Up	0.25
GAM	RvY_00387-1	8	6	0	2	0.75	0	0.25	up	0.75	Stable	Stable Up	0.25
GAM	RvY_00479-1	8	6	0	2	0.75	0	0.25	up	0.75	Stable	Stable Up	0.25
GAM	RvY_00506-1	8	6	0	2	0.75	0	0.25	up	0.75	Stable	Stable Up	0.25
GAM	RvY_00602-1	8	6	0	2	0.75	0	0.25	up	0.75	Stable	Stable Up	0.25
GAM	RvY_00750-1	8	6	0	2	0.75	0	0.25	up	0.75	Stable	Stable Up	0.25
GAM	RvY_00805-1	8	6	0	2	0.75	0	0.25	up	0.75	Stable	Stable Up	0.25
GAM	RvY_00816	8	6	0	2	0.75	0	0.25	up	0.75	Stable	Stable Up	0.25
GAM	RvY_00865-1	8	6	0	2	0.75	0	0.25	up	0.75	Stable	Stable Up	0.25
GAM	RvY_00878-1	8	6	0	2	0.75	0	0.25	up	0.75	Stable	Stable Up	0.25
GAM	RvY_00927-1	8	6	0	2	0.75	0	0.25	up	0.75	Stable	Stable Up	0.25
GAM	RvY_00958-1	8	6	0	2	0.75	0	0.25	up	0.75	Stable	Stable Up	0.25
GAM	RvY_00960-1	8	6	0	2	0.75	0	0.25	up	0.75	Stable	Stable Up	0.25
GAM	RvY_00976-1	8	6	0	2	0.75	0	0.25	up	0.75	Stable	Stable Up	0.25
GAM	RvY_00994	8	6	0	2	0.75	0	0.25	up	0.75	Stable	Stable Up	0.25
GAM	RvY_01004-1	8	6	0	2	0.75	0	0.25	up	0.75	Stable	Stable Up	0.25
GAM	RvY_01040-1	8	6	0	2	0.75	0	0.25	up	0.75	Stable	Stable Up	0.25
GAM	RvY_01047-1	8	6	0	2	0.75	0	0.25	up	0.75	Stable	Stable Up	0.25
GAM	RvY_01053-1	8	6	0	2	0.75	0	0.25	up	0.75	Stable	Stable Up	0.25
GAM	RvY_01088-1	8	6	0	2	0.75	0	0.25	up	0.75	Stable	Stable Up	0.25
GAM	RvY_01163-1	8	6	0	2	0.75	0	0.25	up	0.75	Stable	Stable Up	0.25
GAM	RvY_01206-1	8	6	0	2	0.75	0	0.25	up	0.75	Stable	Stable Up	0.25
GAM	RvY_01272-1	8	6	0	2	0.75	0	0.25	up	0.75	Stable	Stable Up	0.25
GAM	RvY_01321-1	8	6	0	2	0.75	0	0.25	up	0.75	Stable	Stable Up	0.25
GAM	RvY_01349-1	8	6	0	2	0.75	0	0.25	up	0.75	Stable	Stable Up	0.25
GAM	RvY_01351	8	6	0	2	0.75	0	0.25	up	0.75	Stable	Stable Up	0.25
GAM	RvY_01384-1	8	6	0	2	0.75	0	0.25	up	0.75	Stable	Stable Up	0.25
GAM	RvY_01404	8	6	0	2	0.75	0	0.25	up	0.75	Stable	Stable Up	0.25
GAM	RvY_01492-1	8	6	0	2	0.75	0	0.25	up	0.75	Stable	Stable Up	0.25
GAM	RvY_01502-1	8	6	0	2	0.75	0	0.25	up	0.75	Stable	Stable Up	0.25
GAM	RvY_01504-1	8	6	0	2	0.75	0	0.25	up	0.75	Stable	Stable Up	0.25
GAM	RvY_01541-1	8	6	0	2	0.75	0	0.25	up	0.75	Stable	Stable Up	0.25
GAM	RvY_01574-1	8	6	0	2	0.75	0	0.25	up	0.75	Stable	Stable Up	0.25
GAM	RvY_01641-1	8	6	0	2	0.75	0	0.25	up	0.75	Stable	Stable Up	0.25
GAM	RvY_01642-1	8	6	0	2	0.75	0	0.25	up	0.75	Stable	Stable Up	0.25
GAM	RvY_01666-1	8	6	0	2	0.75	0	0.25	up	0.75	Stable	Stable Up	0.25
GAM	RvY_01671-1	8	6	0	2	0.75	0	0.25	up	0.75	Stable	Stable Up	0.25
GAM	RvY_01691	8	6	0	2	0.75	0	0.25	up	0.75	Stable	Stable Up	0.25
GAM	RvY_01927-1	8	6	0	2	0.75	0	0.25	up	0.75	Stable	Stable Up	0.25
GAM	RvY_02017-1	8	6	0	2	0.75	0	0.25	up	0.75	Stable	Stable Up	0.25
GAM	RvY_02023-1	8	6	0	2	0.75	0	0.25	up	0.75	Stable	Stable Up	0.25
GAM	RvY_02114-1	8	6	0	2	0.75	0	0.25	up	0.75	Stable	Stable Up	0.25
GAM	RvY_02132-1	8	6	0	2	0.75	0	0.25	up	0.75	Stable	Stable Up	0.25
GAM	RvY_02282-1	8	6	0	2	0.75	0	0.25	up	0.75	Stable	Stable Up	0.25
GAM	RvY_02296-1	8	6	0	2	0.75	0	0.25	up	0.75	Stable	Stable Up	0.25
GAM	RvY_02307-1	8	6	0	2	0.75	0	0.25	up	0.75	Stable	Stable Up	0.25
GAM	RvY_02407-1	8	6	0	2	0.75	0	0.25	up	0.75	Stable	Stable Up	0.25
GAM	RvY_02412	8	6	0	2	0.75	0	0.25	up	0.75	Stable	Stable Up	0.25
GAM	RvY_02453	8	6	0	2	0.75	0	0.25	up	0.75	Stable	Stable Up	0.25
GAM	RvY_02481-1	8	6	0	2	0.75	0	0.25	up	0.75	Stable	Stable Up	0.25
GAM	RvY_02491-1	8	6	0	2	0.75	0	0.25	up	0.75	Stable	Stable Up	0.25
GAM	RvY_02499-1	8	6	0	2	0.75	0	0.25	up	0.75	Stable	Stable Up	0.25
GAM	RvY_02551-1	8	6	0	2	0.75	0	0.25	up	0.75	Stable	Stable Up	0.25
GAM	RvY_02559-1	8	6	0	2	0.75	0	0.25	up	0.75	Stable	Stable Up	0.25
GAM	RvY_02560-1	8	6	0	2	0.75	0	0.25	up	0.75	Stable	Stable Up	0.25
GAM	RvY_02583-1	8	6	0	2	0.75	0	0.25	up	0.75	Stable	Stable Up	0.25
GAM	RvY_02588-1	8	6	0	2	0.75	0	0.25	up	0.75	Stable	Stable Up	0.25
GAM	RvY_02604-1	8	6	0	2	0.75	0	0.25	up	0.75	Stable	Stable Up	0.25
GAM	RvY_02739-1	8	6	0	2	0.75	0	0.25	up	0.75	Stable	Stable Up	0.25
GAM	RvY_02753-1	8	6	0	2	0.75	0	0.25	up	0.75	Stable	Stable Up	0.25
GAM	RvY_02782-1	8	6	0	2	0.75	0	0.25	up	0.75	Stable	Stable Up	0.25
GAM	RvY_02928-1	8	6	0	2	0.75	0	0.25	up	0.75	Stable	Stable Up	0.25
GAM	RvY_02933-1	8	6	0	2	0.75	0	0.25	up	0.75	Stable	Stable Up	0.25
GAM	RvY_02941	8	6	0	2	0.75	0	0.25	up	0.75	Stable	Stable Up	0.25
GAM	RvY_02973-1	8	6	0	2	0.75	0	0.25	up	0.75	Stable	Stable Up	0.25
GAM	RvY_03013-1	8	6	0	2	0.75	0	0.25	up	0.75	Stable	Stable Up	0.25
GAM	RvY_03146-1	8	6	0	2	0.75	0	0.25	up	0.75	Stable	Stable Up	0.25
GAM	RvY_03179	8	6	0	2	0.75	0	0.25	up	0.75	Stable	Stable Up	0.25
GAM	RvY_03268-1	8	6	0	2	0.75	0	0.25	up	0.75	Stable	Stable Up	0.25
GAM	RvY_03273-1	8	6	0	2	0.75	0	0.25	up	0.75	Stable	Stable Up	0.25
GAM	RvY_03305-1	8	6	0	2	0.75	0	0.25	up	0.75	Stable	Stable Up	0.25
GAM	RvY_03318-1	8	6	0	2	0.75	0	0.25	up	0.75	Stable	Stable Up	0.25
GAM	RvY_03323-1	8	6	0	2	0.75	0	0.25	up	0.75	Stable	Stable Up	0.25
GAM	RvY_03344-1	8	6	0	2	0.75	0	0.25	up	0.75	Stable	Stable Up	0.25
GAM	RvY_03355-1	8	6	0	2	0.75	0	0.25	up	0.75	Stable	Stable Up	0.25
GAM	RvY_03387-1	8	6	0	2	0.75	0	0.25	up	0.75	Stable	Stable Up	0.25
GAM	RvY_03392	8	6	0	2	0.75	0	0.25	up	0.75	Stable	Stable Up	0.25
GAM	RvY_03462-1	8	6	0	2	0.75	0	0.25	up	0.75	Stable	Stable Up	0.25
GAM	RvY_03527-1	8	6	0	2	0.75	0	0.25	up	0.75	Stable	Stable Up	0.25
GAM	RvY_03574-1	8	6	0	2	0.75	0	0.25	up	0.75	Stable	Stable Up	0.25
GAM	RvY_03605-1	8	6	0	2	0.75	0	0.25	up	0.75	Stable	Stable Up	0.25
GAM	RvY_03670-1	8	6	2	0	0.75	0.25	0	up	0.75	Stable	Stable Up	0.25
GAM	RvY_03727-1	8	6	0	2	0.75	0	0.25	up	0.75	Stable	Stable Up	0.25
GAM	RvY_03785-1	8	6	0	2	0.75	0	0.25	up	0.75	Stable	Stable Up	0.25
GAM	RvY_03916-1	8	6	0	2	0.75	0	0.25	up	0.75	Stable	Stable Up	0.25
GAM	RvY_03989-1	8	6	0	2	0.75	0	0.25	up	0.75	Stable	Stable Up	0.25
GAM	RvY_04062	8	6	0	2	0.75	0	0.25	up	0.75	Stable	Stable Up	0.25
GAM	RvY_04319-1	8	6	0	2	0.75	0	0.25	up	0.75	Stable	Stable Up	0.25
GAM	RvY_04341-1	8	6	0	2	0.75	0	0.25	up	0.75	Stable	Stable Up	0.25
GAM	RvY_04393-1	8	6	0	2	0.75	0	0.25	up	0.75	Stable	Stable Up	0.25
GAM	RvY_04452-1	8	6	0	2	0.75	0	0.25	up	0.75	Stable	Stable Up	0.25
GAM	RvY_04457-1	8	6	0	2	0.75	0	0.25	up	0.75	Stable	Stable Up	0.25
GAM	RvY_04664-1	8	6	0	2	0.75	0	0.25	up	0.75	Stable	Stable Up	0.25
GAM	RvY_04671-1	8	6	0	2	0.75	0	0.25	up	0.75	Stable	Stable Up	0.25
GAM	RvY_04749-1	8	6	0	2	0.75	0	0.25	up	0.75	Stable	Stable Up	0.25
GAM	RvY_04778	8	6	0	2	0.75	0	0.25	up	0.75	Stable	Stable Up	0.25
GAM	RvY_04793-1	8	6	0	2	0.75	0	0.25	up	0.75	Stable	Stable Up	0.25
GAM	RvY_04813-1	8	6	0	2	0.75	0	0.25	up	0.75	Stable	Stable Up	0.25
GAM	RvY_04819-1	8	6	0	2	0.75	0	0.25	up	0.75	Stable	Stable Up	0.25
GAM	RvY_04820-1	8	6	0	2	0.75	0	0.25	up	0.75	Stable	Stable Up	0.25
GAM	RvY_04859-1	8	6	0	2	0.75	0	0.25	up	0.75	Stable	Stable Up	0.25
GAM	RvY_04867-1	8	6	0	2	0.75	0	0.25	up	0.75	Stable	Stable Up	0.25
GAM	RvY_04870	8	6	0	2	0.75	0	0.25	up	0.75	Stable	Stable Up	0.25
GAM	RvY_04905	8	6	0	2	0.75	0	0.25	up	0.75	Stable	Stable Up	0.25
GAM	RvY_04923	8	6	0	2	0.75	0	0.25	up	0.75	Stable	Stable Up	0.25
GAM	RvY_04942-1	8	6	0	2	0.75	0	0.25	up	0.75	Stable	Stable Up	0.25
GAM	RvY_04962-1	8	6	0	2	0.75	0	0.25	up	0.75	Stable	Stable Up	0.25
GAM	RvY_04980-1	8	6	0	2	0.75	0	0.25	up	0.75	Stable	Stable Up	0.25
GAM	RvY_04981	8	6	0	2	0.75	0	0.25	up	0.75	Stable	Stable Up	0.25
GAM	RvY_04994-1	8	6	0	2	0.75	0	0.25	up	0.75	Stable	Stable Up	0.25
GAM	RvY_05006-1	8	6	0	2	0.75	0	0.25	up	0.75	Stable	Stable Up	0.25
GAM	RvY_05043	8	6	0	2	0.75	0	0.25	up	0.75	Stable	Stable Up	0.25
GAM	RvY_05053-1	8	6	0	2	0.75	0	0.25	up	0.75	Stable	Stable Up	0.25
GAM	RvY_05055-1	8	6	0	2	0.75	0	0.25	up	0.75	Stable	Stable Up	0.25
GAM	RvY_05056-1	8	6	0	2	0.75	0	0.25	up	0.75	Stable	Stable Up	0.25
GAM	RvY_05070-1	8	6	0	2	0.75	0	0.25	up	0.75	Stable	Stable Up	0.25
GAM	RvY_05220-1	8	6	0	2	0.75	0	0.25	up	0.75	Stable	Stable Up	0.25
GAM	RvY_05225-1	8	6	0	2	0.75	0	0.25	up	0.75	Stable	Stable Up	0.25
GAM	RvY_05231-1	8	6	0	2	0.75	0	0.25	up	0.75	Stable	Stable Up	0.25
GAM	RvY_05253-1	8	6	0	2	0.75	0	0.25	up	0.75	Stable	Stable Up	0.25
GAM	RvY_05258	8	6	0	2	0.75	0	0.25	up	0.75	Stable	Stable Up	0.25
GAM	RvY_05341-1	8	6	0	2	0.75	0	0.25	up	0.75	Stable	Stable Up	0.25
GAM	RvY_05368-1	8	6	0	2	0.75	0	0.25	up	0.75	Stable	Stable Up	0.25
GAM	RvY_05369-1	8	6	0	2	0.75	0	0.25	up	0.75	Stable	Stable Up	0.25
GAM	RvY_05393-1	8	6	0	2	0.75	0	0.25	up	0.75	Stable	Stable Up	0.25
GAM	RvY_05454-1	8	6	0	2	0.75	0	0.25	up	0.75	Stable	Stable Up	0.25
GAM	RvY_05486-1	8	6	0	2	0.75	0	0.25	up	0.75	Stable	Stable Up	0.25
GAM	RvY_05495-1	8	6	0	2	0.75	0	0.25	up	0.75	Stable	Stable Up	0.25
GAM	RvY_05508	8	6	0	2	0.75	0	0.25	up	0.75	Stable	Stable Up	0.25
GAM	RvY_05530	8	6	0	2	0.75	0	0.25	up	0.75	Stable	Stable Up	0.25
GAM	RvY_05532	8	6	0	2	0.75	0	0.25	up	0.75	Stable	Stable Up	0.25
GAM	RvY_05566-1	8	6	0	2	0.75	0	0.25	up	0.75	Stable	Stable Up	0.25
GAM	RvY_05651-1	8	6	0	2	0.75	0	0.25	up	0.75	Stable	Stable Up	0.25
GAM	RvY_05668-1	8	6	0	2	0.75	0	0.25	up	0.75	Stable	Stable Up	0.25
GAM	RvY_05673-1	8	6	0	2	0.75	0	0.25	up	0.75	Stable	Stable Up	0.25
GAM	RvY_05677-1	8	6	0	2	0.75	0	0.25	up	0.75	Stable	Stable Up	0.25
GAM	RvY_05745-1	8	6	0	2	0.75	0	0.25	up	0.75	Stable	Stable Up	0.25
GAM	RvY_05759-1	8	6	0	2	0.75	0	0.25	up	0.75	Stable	Stable Up	0.25
GAM	RvY_05778-1	8	6	0	2	0.75	0	0.25	up	0.75	Stable	Stable Up	0.25
GAM	RvY_05822-1	8	6	0	2	0.75	0	0.25	up	0.75	Stable	Stable Up	0.25
GAM	RvY_05843-1	8	6	0	2	0.75	0	0.25	up	0.75	Stable	Stable Up	0.25
GAM	RvY_05852-1	8	6	0	2	0.75	0	0.25	up	0.75	Stable	Stable Up	0.25
GAM	RvY_05883-1	8	6	0	2	0.75	0	0.25	up	0.75	Stable	Stable Up	0.25
GAM	RvY_05885-1	8	6	0	2	0.75	0	0.25	up	0.75	Stable	Stable Up	0.25
GAM	RvY_05890-1	8	6	0	2	0.75	0	0.25	up	0.75	Stable	Stable Up	0.25
GAM	RvY_05998-1	8	6	0	2	0.75	0	0.25	up	0.75	Stable	Stable Up	0.25
GAM	RvY_06018-1	8	6	0	2	0.75	0	0.25	up	0.75	Stable	Stable Up	0.25
GAM	RvY_06051-1	8	6	0	2	0.75	0	0.25	up	0.75	Stable	Stable Up	0.25
GAM	RvY_06059-1	8	6	0	2	0.75	0	0.25	up	0.75	Stable	Stable Up	0.25
GAM	RvY_06069-1	8	6	0	2	0.75	0	0.25	up	0.75	Stable	Stable Up	0.25
GAM	RvY_06079	8	6	0	2	0.75	0	0.25	up	0.75	Stable	Stable Up	0.25
GAM	RvY_06124-1	8	6	0	2	0.75	0	0.25	up	0.75	Stable	Stable Up	0.25
GAM	RvY_06126-1	8	6	0	2	0.75	0	0.25	up	0.75	Stable	Stable Up	0.25
GAM	RvY_06135	8	6	0	2	0.75	0	0.25	up	0.75	Stable	Stable Up	0.25
GAM	RvY_06137-1	8	6	0	2	0.75	0	0.25	up	0.75	Stable	Stable Up	0.25
GAM	RvY_06157-1	8	6	0	2	0.75	0	0.25	up	0.75	Stable	Stable Up	0.25
GAM	RvY_06180-1	8	6	0	2	0.75	0	0.25	up	0.75	Stable	Stable Up	0.25
GAM	RvY_06201-1	8	6	0	2	0.75	0	0.25	up	0.75	Stable	Stable Up	0.25
GAM	RvY_06203-1	8	6	0	2	0.75	0	0.25	up	0.75	Stable	Stable Up	0.25
GAM	RvY_06223-1	8	6	0	2	0.75	0	0.25	up	0.75	Stable	Stable Up	0.25
GAM	RvY_06252	8	6	0	2	0.75	0	0.25	up	0.75	Stable	Stable Up	0.25
GAM	RvY_06348	8	6	0	2	0.75	0	0.25	up	0.75	Stable	Stable Up	0.25
GAM	RvY_06391	8	6	0	2	0.75	0	0.25	up	0.75	Stable	Stable Up	0.25
GAM	RvY_06408-1	8	6	0	2	0.75	0	0.25	up	0.75	Stable	Stable Up	0.25
GAM	RvY_06438-1	8	6	0	2	0.75	0	0.25	up	0.75	Stable	Stable Up	0.25
GAM	RvY_06468	8	6	0	2	0.75	0	0.25	up	0.75	Stable	Stable Up	0.25
GAM	RvY_06643	8	6	0	2	0.75	0	0.25	up	0.75	Stable	Stable Up	0.25
GAM	RvY_06713-1	8	6	0	2	0.75	0	0.25	up	0.75	Stable	Stable Up	0.25
GAM	RvY_06802-1	8	6	0	2	0.75	0	0.25	up	0.75	Stable	Stable Up	0.25
GAM	RvY_06843	8	6	0	2	0.75	0	0.25	up	0.75	Stable	Stable Up	0.25
GAM	RvY_06911-1	8	6	0	2	0.75	0	0.25	up	0.75	Stable	Stable Up	0.25
GAM	RvY_07031-1	8	6	0	2	0.75	0	0.25	up	0.75	Stable	Stable Up	0.25
GAM	RvY_07039-1	8	6	0	2	0.75	0	0.25	up	0.75	Stable	Stable Up	0.25
GAM	RvY_07053	8	6	0	2	0.75	0	0.25	up	0.75	Stable	Stable Up	0.25
GAM	RvY_07057-1	8	6	0	2	0.75	0	0.25	up	0.75	Stable	Stable Up	0.25
GAM	RvY_07069-1	8	6	0	2	0.75	0	0.25	up	0.75	Stable	Stable Up	0.25
GAM	RvY_07072-1	8	6	0	2	0.75	0	0.25	up	0.75	Stable	Stable Up	0.25
GAM	RvY_07133-1	8	6	0	2	0.75	0	0.25	up	0.75	Stable	Stable Up	0.25
GAM	RvY_07190-1	8	6	0	2	0.75	0	0.25	up	0.75	Stable	Stable Up	0.25
GAM	RvY_07196-1	8	6	0	2	0.75	0	0.25	up	0.75	Stable	Stable Up	0.25
GAM	RvY_07209	8	6	0	2	0.75	0	0.25	up	0.75	Stable	Stable Up	0.25
GAM	RvY_07226-1	8	6	0	2	0.75	0	0.25	up	0.75	Stable	Stable Up	0.25
GAM	RvY_07232-1	8	6	0	2	0.75	0	0.25	up	0.75	Stable	Stable Up	0.25
GAM	RvY_07234-1	8	6	0	2	0.75	0	0.25	up	0.75	Stable	Stable Up	0.25
GAM	RvY_07247-1	8	6	0	2	0.75	0	0.25	up	0.75	Stable	Stable Up	0.25
GAM	RvY_07369-1	8	6	0	2	0.75	0	0.25	up	0.75	Stable	Stable Up	0.25
GAM	RvY_07372	8	6	0	2	0.75	0	0.25	up	0.75	Stable	Stable Up	0.25
GAM	RvY_07421-1	8	6	0	2	0.75	0	0.25	up	0.75	Stable	Stable Up	0.25
GAM	RvY_07501-1	8	6	0	2	0.75	0	0.25	up	0.75	Stable	Stable Up	0.25
GAM	RvY_07538-1	8	6	0	2	0.75	0	0.25	up	0.75	Stable	Stable Up	0.25
GAM	RvY_07608-1	8	6	0	2	0.75	0	0.25	up	0.75	Stable	Stable Up	0.25
GAM	RvY_07616-1	8	6	0	2	0.75	0	0.25	up	0.75	Stable	Stable Up	0.25
GAM	RvY_07624-1	8	6	0	2	0.75	0	0.25	up	0.75	Stable	Stable Up	0.25
GAM	RvY_07633-1	8	6	0	2	0.75	0	0.25	up	0.75	Stable	Stable Up	0.25
GAM	RvY_07638-1	8	6	0	2	0.75	0	0.25	up	0.75	Stable	Stable Up	0.25
GAM	RvY_07656-1	8	6	0	2	0.75	0	0.25	up	0.75	Stable	Stable Up	0.25
GAM	RvY_07673-1	8	6	0	2	0.75	0	0.25	up	0.75	Stable	Stable Up	0.25
GAM	RvY_07764	8	6	0	2	0.75	0	0.25	up	0.75	Stable	Stable Up	0.25
GAM	RvY_07796-1	8	6	0	2	0.75	0	0.25	up	0.75	Stable	Stable Up	0.25
GAM	RvY_07842-1	8	6	0	2	0.75	0	0.25	up	0.75	Stable	Stable Up	0.25
GAM	RvY_07898-1	8	6	0	2	0.75	0	0.25	up	0.75	Stable	Stable Up	0.25
GAM	RvY_07901-1	8	6	0	2	0.75	0	0.25	up	0.75	Stable	Stable Up	0.25
GAM	RvY_07959-1	8	6	0	2	0.75	0	0.25	up	0.75	Stable	Stable Up	0.25
GAM	RvY_08002-1	8	6	0	2	0.75	0	0.25	up	0.75	Stable	Stable Up	0.25
GAM	RvY_08070-1	8	6	0	2	0.75	0	0.25	up	0.75	Stable	Stable Up	0.25
GAM	RvY_08089	8	6	0	2	0.75	0	0.25	up	0.75	Stable	Stable Up	0.25
GAM	RvY_08116	8	6	0	2	0.75	0	0.25	up	0.75	Stable	Stable Up	0.25
GAM	RvY_08156-1	8	6	0	2	0.75	0	0.25	up	0.75	Stable	Stable Up	0.25
GAM	RvY_08166	8	6	0	2	0.75	0	0.25	up	0.75	Stable	Stable Up	0.25
GAM	RvY_08253	8	6	0	2	0.75	0	0.25	up	0.75	Stable	Stable Up	0.25
GAM	RvY_08273-1	8	6	0	2	0.75	0	0.25	up	0.75	Stable	Stable Up	0.25
GAM	RvY_08317-1	8	6	0	2	0.75	0	0.25	up	0.75	Stable	Stable Up	0.25
GAM	RvY_08438-1	8	6	0	2	0.75	0	0.25	up	0.75	Stable	Stable Up	0.25
GAM	RvY_08521	8	6	0	2	0.75	0	0.25	up	0.75	Stable	Stable Up	0.25
GAM	RvY_08533-1	8	6	0	2	0.75	0	0.25	up	0.75	Stable	Stable Up	0.25
GAM	RvY_08559-1	8	6	0	2	0.75	0	0.25	up	0.75	Stable	Stable Up	0.25
GAM	RvY_08588-1	8	6	0	2	0.75	0	0.25	up	0.75	Stable	Stable Up	0.25
GAM	RvY_08634	8	6	0	2	0.75	0	0.25	up	0.75	Stable	Stable Up	0.25
GAM	RvY_08640-1	8	6	1	1	0.75	0.125	0.125	up	0.75	Stable	Stable Up	0.25
GAM	RvY_08653-1	8	6	0	2	0.75	0	0.25	up	0.75	Stable	Stable Up	0.25
GAM	RvY_08672	8	6	0	2	0.75	0	0.25	up	0.75	Stable	Stable Up	0.25
GAM	RvY_08673-1	8	6	0	2	0.75	0	0.25	up	0.75	Stable	Stable Up	0.25
GAM	RvY_08725-1	8	6	0	2	0.75	0	0.25	up	0.75	Stable	Stable Up	0.25
GAM	RvY_08728	8	6	0	2	0.75	0	0.25	up	0.75	Stable	Stable Up	0.25
GAM	RvY_08734-1	8	6	0	2	0.75	0	0.25	up	0.75	Stable	Stable Up	0.25
GAM	RvY_08750	8	6	0	2	0.75	0	0.25	up	0.75	Stable	Stable Up	0.25
GAM	RvY_08799	8	6	0	2	0.75	0	0.25	up	0.75	Stable	Stable Up	0.25
GAM	RvY_08898	8	6	0	2	0.75	0	0.25	up	0.75	Stable	Stable Up	0.25
GAM	RvY_08919-1	8	6	0	2	0.75	0	0.25	up	0.75	Stable	Stable Up	0.25
GAM	RvY_08920-1	8	6	0	2	0.75	0	0.25	up	0.75	Stable	Stable Up	0.25
GAM	RvY_08921-1	8	6	0	2	0.75	0	0.25	up	0.75	Stable	Stable Up	0.25
GAM	RvY_08929	8	6	0	2	0.75	0	0.25	up	0.75	Stable	Stable Up	0.25
GAM	RvY_08936-1	8	6	0	2	0.75	0	0.25	up	0.75	Stable	Stable Up	0.25
GAM	RvY_08978-1	8	6	0	2	0.75	0	0.25	up	0.75	Stable	Stable Up	0.25
GAM	RvY_09005-1	8	6	0	2	0.75	0	0.25	up	0.75	Stable	Stable Up	0.25
GAM	RvY_09013-1	8	6	0	2	0.75	0	0.25	up	0.75	Stable	Stable Up	0.25
GAM	RvY_09161-1	8	6	0	2	0.75	0	0.25	up	0.75	Stable	Stable Up	0.25
GAM	RvY_09174	8	6	0	2	0.75	0	0.25	up	0.75	Stable	Stable Up	0.25
GAM	RvY_09192-1	8	6	0	2	0.75	0	0.25	up	0.75	Stable	Stable Up	0.25
GAM	RvY_09232-1	8	6	0	2	0.75	0	0.25	up	0.75	Stable	Stable Up	0.25
GAM	RvY_09250-1	8	6	0	2	0.75	0	0.25	up	0.75	Stable	Stable Up	0.25
GAM	RvY_09301-1	8	6	0	2	0.75	0	0.25	up	0.75	Stable	Stable Up	0.25
GAM	RvY_09343-1	8	6	0	2	0.75	0	0.25	up	0.75	Stable	Stable Up	0.25
GAM	RvY_09360-1	8	6	0	2	0.75	0	0.25	up	0.75	Stable	Stable Up	0.25
GAM	RvY_09368-1	8	6	0	2	0.75	0	0.25	up	0.75	Stable	Stable Up	0.25
GAM	RvY_09372-1	8	6	0	2	0.75	0	0.25	up	0.75	Stable	Stable Up	0.25
GAM	RvY_09395-1	8	6	0	2	0.75	0	0.25	up	0.75	Stable	Stable Up	0.25
GAM	RvY_09406-1	8	6	0	2	0.75	0	0.25	up	0.75	Stable	Stable Up	0.25
GAM	RvY_09407	8	6	0	2	0.75	0	0.25	up	0.75	Stable	Stable Up	0.25
GAM	RvY_09417-1	8	6	0	2	0.75	0	0.25	up	0.75	Stable	Stable Up	0.25
GAM	RvY_09434-1	8	6	0	2	0.75	0	0.25	up	0.75	Stable	Stable Up	0.25
GAM	RvY_09438	8	6	0	2	0.75	0	0.25	up	0.75	Stable	Stable Up	0.25
GAM	RvY_09456-1	8	6	0	2	0.75	0	0.25	up	0.75	Stable	Stable Up	0.25
GAM	RvY_09461-1	8	6	0	2	0.75	0	0.25	up	0.75	Stable	Stable Up	0.25
GAM	RvY_09462-1	8	6	0	2	0.75	0	0.25	up	0.75	Stable	Stable Up	0.25
GAM	RvY_09465-3	8	6	0	2	0.75	0	0.25	up	0.75	Stable	Stable Up	0.25
GAM	RvY_09500-1	8	6	0	2	0.75	0	0.25	up	0.75	Stable	Stable Up	0.25
GAM	RvY_09591-1	8	6	0	2	0.75	0	0.25	up	0.75	Stable	Stable Up	0.25
GAM	RvY_09601-1	8	6	0	2	0.75	0	0.25	up	0.75	Stable	Stable Up	0.25
GAM	RvY_09621-1	8	6	0	2	0.75	0	0.25	up	0.75	Stable	Stable Up	0.25
GAM	RvY_09628	8	6	0	2	0.75	0	0.25	up	0.75	Stable	Stable Up	0.25
GAM	RvY_09631-1	8	6	0	2	0.75	0	0.25	up	0.75	Stable	Stable Up	0.25
GAM	RvY_09644-1	8	6	0	2	0.75	0	0.25	up	0.75	Stable	Stable Up	0.25
GAM	RvY_09678-1	8	6	0	2	0.75	0	0.25	up	0.75	Stable	Stable Up	0.25
GAM	RvY_09684-1	8	6	0	2	0.75	0	0.25	up	0.75	Stable	Stable Up	0.25
GAM	RvY_09724-1	8	6	0	2	0.75	0	0.25	up	0.75	Stable	Stable Up	0.25
GAM	RvY_09768-1	8	6	0	2	0.75	0	0.25	up	0.75	Stable	Stable Up	0.25
GAM	RvY_09837-1	8	6	0	2	0.75	0	0.25	up	0.75	Stable	Stable Up	0.25
GAM	RvY_09861-1	8	6	0	2	0.75	0	0.25	up	0.75	Stable	Stable Up	0.25
GAM	RvY_09870	8	6	0	2	0.75	0	0.25	up	0.75	Stable	Stable Up	0.25
GAM	RvY_09871	8	6	0	2	0.75	0	0.25	up	0.75	Stable	Stable Up	0.25
GAM	RvY_09876	8	6	0	2	0.75	0	0.25	up	0.75	Stable	Stable Up	0.25
GAM	RvY_09884	8	6	0	2	0.75	0	0.25	up	0.75	Stable	Stable Up	0.25
GAM	RvY_09909-1	8	6	0	2	0.75	0	0.25	up	0.75	Stable	Stable Up	0.25
GAM	RvY_09936-1	8	6	0	2	0.75	0	0.25	up	0.75	Stable	Stable Up	0.25
GAM	RvY_09950-1	8	6	0	2	0.75	0	0.25	up	0.75	Stable	Stable Up	0.25
GAM	RvY_09988-1	8	6	0	2	0.75	0	0.25	up	0.75	Stable	Stable Up	0.25
GAM	RvY_10064-1	8	6	0	2	0.75	0	0.25	up	0.75	Stable	Stable Up	0.25
GAM	RvY_10070-1	8	6	0	2	0.75	0	0.25	up	0.75	Stable	Stable Up	0.25
GAM	RvY_10121-1	8	6	0	2	0.75	0	0.25	up	0.75	Stable	Stable Up	0.25
GAM	RvY_10134	8	6	0	2	0.75	0	0.25	up	0.75	Stable	Stable Up	0.25
GAM	RvY_10156-1	8	6	0	2	0.75	0	0.25	up	0.75	Stable	Stable Up	0.25
GAM	RvY_10162-1	8	6	0	2	0.75	0	0.25	up	0.75	Stable	Stable Up	0.25
GAM	RvY_10178	8	6	0	2	0.75	0	0.25	up	0.75	Stable	Stable Up	0.25
GAM	RvY_10199-1	8	6	0	2	0.75	0	0.25	up	0.75	Stable	Stable Up	0.25
GAM	RvY_10353	8	6	0	2	0.75	0	0.25	up	0.75	Stable	Stable Up	0.25
GAM	RvY_10362-1	8	6	0	2	0.75	0	0.25	up	0.75	Stable	Stable Up	0.25
GAM	RvY_10394-1	8	6	0	2	0.75	0	0.25	up	0.75	Stable	Stable Up	0.25
GAM	RvY_10414-1	8	6	0	2	0.75	0	0.25	up	0.75	Stable	Stable Up	0.25
GAM	RvY_10418-1	8	6	0	2	0.75	0	0.25	up	0.75	Stable	Stable Up	0.25
GAM	RvY_10545-1	8	6	0	2	0.75	0	0.25	up	0.75	Stable	Stable Up	0.25
GAM	RvY_10643-1	8	6	0	2	0.75	0	0.25	up	0.75	Stable	Stable Up	0.25
GAM	RvY_10646-1	8	6	0	2	0.75	0	0.25	up	0.75	Stable	Stable Up	0.25
GAM	RvY_10678-1	8	6	0	2	0.75	0	0.25	up	0.75	Stable	Stable Up	0.25
GAM	RvY_10706-1	8	6	0	2	0.75	0	0.25	up	0.75	Stable	Stable Up	0.25
GAM	RvY_10731-1	8	6	0	2	0.75	0	0.25	up	0.75	Stable	Stable Up	0.25
GAM	RvY_10822-1	8	6	0	2	0.75	0	0.25	up	0.75	Stable	Stable Up	0.25
GAM	RvY_11018-1	8	6	0	2	0.75	0	0.25	up	0.75	Stable	Stable Up	0.25
GAM	RvY_11036-1	8	6	0	2	0.75	0	0.25	up	0.75	Stable	Stable Up	0.25
GAM	RvY_11066	8	6	0	2	0.75	0	0.25	up	0.75	Stable	Stable Up	0.25
GAM	RvY_11076-1	8	6	0	2	0.75	0	0.25	up	0.75	Stable	Stable Up	0.25
GAM	RvY_11112-1	8	6	0	2	0.75	0	0.25	up	0.75	Stable	Stable Up	0.25
GAM	RvY_11243	8	6	0	2	0.75	0	0.25	up	0.75	Stable	Stable Up	0.25
GAM	RvY_11259	8	6	0	2	0.75	0	0.25	up	0.75	Stable	Stable Up	0.25
GAM	RvY_11288-1	8	6	0	2	0.75	0	0.25	up	0.75	Stable	Stable Up	0.25
GAM	RvY_11308-1	8	6	0	2	0.75	0	0.25	up	0.75	Stable	Stable Up	0.25
GAM	RvY_11326-1	8	6	0	2	0.75	0	0.25	up	0.75	Stable	Stable Up	0.25
GAM	RvY_11331-1	8	6	0	2	0.75	0	0.25	up	0.75	Stable	Stable Up	0.25
GAM	RvY_11351	8	6	0	2	0.75	0	0.25	up	0.75	Stable	Stable Up	0.25
GAM	RvY_11366-1	8	6	0	2	0.75	0	0.25	up	0.75	Stable	Stable Up	0.25
GAM	RvY_11398-1	8	6	0	2	0.75	0	0.25	up	0.75	Stable	Stable Up	0.25
GAM	RvY_11503	8	6	0	2	0.75	0	0.25	up	0.75	Stable	Stable Up	0.25
GAM	RvY_11512-1	8	6	0	2	0.75	0	0.25	up	0.75	Stable	Stable Up	0.25
GAM	RvY_11614-1	8	6	0	2	0.75	0	0.25	up	0.75	Stable	Stable Up	0.25
GAM	RvY_11731-1	8	6	0	2	0.75	0	0.25	up	0.75	Stable	Stable Up	0.25
GAM	RvY_11740-1	8	6	0	2	0.75	0	0.25	up	0.75	Stable	Stable Up	0.25
GAM	RvY_11741	8	6	0	2	0.75	0	0.25	up	0.75	Stable	Stable Up	0.25
GAM	RvY_11806-1	8	6	0	2	0.75	0	0.25	up	0.75	Stable	Stable Up	0.25
GAM	RvY_11837-1	8	6	0	2	0.75	0	0.25	up	0.75	Stable	Stable Up	0.25
GAM	RvY_11858-1	8	6	0	2	0.75	0	0.25	up	0.75	Stable	Stable Up	0.25
GAM	RvY_11957-1	8	6	0	2	0.75	0	0.25	up	0.75	Stable	Stable Up	0.25
GAM	RvY_11994-1	8	6	1	1	0.75	0.125	0.125	up	0.75	Stable	Stable Up	0.25
GAM	RvY_12069-1	8	6	0	2	0.75	0	0.25	up	0.75	Stable	Stable Up	0.25
GAM	RvY_12115-1	8	6	0	2	0.75	0	0.25	up	0.75	Stable	Stable Up	0.25
GAM	RvY_12203-1	8	6	0	2	0.75	0	0.25	up	0.75	Stable	Stable Up	0.25
GAM	RvY_12281-1	8	6	0	2	0.75	0	0.25	up	0.75	Stable	Stable Up	0.25
GAM	RvY_12307	8	6	0	2	0.75	0	0.25	up	0.75	Stable	Stable Up	0.25
GAM	RvY_12353-1	8	6	0	2	0.75	0	0.25	up	0.75	Stable	Stable Up	0.25
GAM	RvY_12367	8	6	0	2	0.75	0	0.25	up	0.75	Stable	Stable Up	0.25
GAM	RvY_12378-1	8	6	0	2	0.75	0	0.25	up	0.75	Stable	Stable Up	0.25
GAM	RvY_12395-1	8	6	0	2	0.75	0	0.25	up	0.75	Stable	Stable Up	0.25
GAM	RvY_12428-1	8	6	0	2	0.75	0	0.25	up	0.75	Stable	Stable Up	0.25
GAM	RvY_12431-1	8	6	0	2	0.75	0	0.25	up	0.75	Stable	Stable Up	0.25
GAM	RvY_12546-1	8	6	0	2	0.75	0	0.25	up	0.75	Stable	Stable Up	0.25
GAM	RvY_12552-1	8	6	0	2	0.75	0	0.25	up	0.75	Stable	Stable Up	0.25
GAM	RvY_12616-1	8	6	0	2	0.75	0	0.25	up	0.75	Stable	Stable Up	0.25
GAM	RvY_12650-1	8	6	0	2	0.75	0	0.25	up	0.75	Stable	Stable Up	0.25
GAM	RvY_12652-1	8	6	0	2	0.75	0	0.25	up	0.75	Stable	Stable Up	0.25
GAM	RvY_12676-1	8	6	0	2	0.75	0	0.25	up	0.75	Stable	Stable Up	0.25
GAM	RvY_12684-1	8	6	0	2	0.75	0	0.25	up	0.75	Stable	Stable Up	0.25
GAM	RvY_12695-1	8	6	0	2	0.75	0	0.25	up	0.75	Stable	Stable Up	0.25
GAM	RvY_12715-1	8	6	0	2	0.75	0	0.25	up	0.75	Stable	Stable Up	0.25
GAM	RvY_12730-1	8	6	0	2	0.75	0	0.25	up	0.75	Stable	Stable Up	0.25
GAM	RvY_12737-1	8	6	0	2	0.75	0	0.25	up	0.75	Stable	Stable Up	0.25
GAM	RvY_12777-1	8	6	0	2	0.75	0	0.25	up	0.75	Stable	Stable Up	0.25
GAM	RvY_12778-1	8	6	0	2	0.75	0	0.25	up	0.75	Stable	Stable Up	0.25
GAM	RvY_12784-1	8	6	0	2	0.75	0	0.25	up	0.75	Stable	Stable Up	0.25
GAM	RvY_12799-1	8	6	0	2	0.75	0	0.25	up	0.75	Stable	Stable Up	0.25
GAM	RvY_12810-1	8	6	0	2	0.75	0	0.25	up	0.75	Stable	Stable Up	0.25
GAM	RvY_12817-1	8	6	0	2	0.75	0	0.25	up	0.75	Stable	Stable Up	0.25
GAM	RvY_12855-1	8	6	0	2	0.75	0	0.25	up	0.75	Stable	Stable Up	0.25
GAM	RvY_12869	8	6	0	2	0.75	0	0.25	up	0.75	Stable	Stable Up	0.25
GAM	RvY_12873-1	8	6	0	2	0.75	0	0.25	up	0.75	Stable	Stable Up	0.25
GAM	RvY_12927-1	8	6	0	2	0.75	0	0.25	up	0.75	Stable	Stable Up	0.25
GAM	RvY_12931-1	8	6	0	2	0.75	0	0.25	up	0.75	Stable	Stable Up	0.25
GAM	RvY_12991	8	6	0	2	0.75	0	0.25	up	0.75	Stable	Stable Up	0.25
GAM	RvY_13106	8	6	0	2	0.75	0	0.25	up	0.75	Stable	Stable Up	0.25
GAM	RvY_13168-1	8	6	0	2	0.75	0	0.25	up	0.75	Stable	Stable Up	0.25
GAM	RvY_13322	8	6	0	2	0.75	0	0.25	up	0.75	Stable	Stable Up	0.25
GAM	RvY_13413	8	6	0	2	0.75	0	0.25	up	0.75	Stable	Stable Up	0.25
GAM	RvY_13435-1	8	6	0	2	0.75	0	0.25	up	0.75	Stable	Stable Up	0.25
GAM	RvY_13461	8	6	0	2	0.75	0	0.25	up	0.75	Stable	Stable Up	0.25
GAM	RvY_13492-1	8	6	0	2	0.75	0	0.25	up	0.75	Stable	Stable Up	0.25
GAM	RvY_13525-1	8	6	0	2	0.75	0	0.25	up	0.75	Stable	Stable Up	0.25
GAM	RvY_13550-1	8	6	0	2	0.75	0	0.25	up	0.75	Stable	Stable Up	0.25
GAM	RvY_13625	8	6	0	2	0.75	0	0.25	up	0.75	Stable	Stable Up	0.25
GAM	RvY_13749-1	8	6	0	2	0.75	0	0.25	up	0.75	Stable	Stable Up	0.25
GAM	RvY_13770-1	8	6	0	2	0.75	0	0.25	up	0.75	Stable	Stable Up	0.25
GAM	RvY_13771-1	8	6	0	2	0.75	0	0.25	up	0.75	Stable	Stable Up	0.25
GAM	RvY_13783-1	8	6	0	2	0.75	0	0.25	up	0.75	Stable	Stable Up	0.25
GAM	RvY_13798-1	8	6	0	2	0.75	0	0.25	up	0.75	Stable	Stable Up	0.25
GAM	RvY_13841-1	8	6	0	2	0.75	0	0.25	up	0.75	Stable	Stable Up	0.25
GAM	RvY_13843-1	8	6	0	2	0.75	0	0.25	up	0.75	Stable	Stable Up	0.25
GAM	RvY_13870	8	6	0	2	0.75	0	0.25	up	0.75	Stable	Stable Up	0.25
GAM	RvY_13894-1	8	6	0	2	0.75	0	0.25	up	0.75	Stable	Stable Up	0.25
GAM	RvY_13917-1	8	6	0	2	0.75	0	0.25	up	0.75	Stable	Stable Up	0.25
GAM	RvY_13918-1	8	6	0	2	0.75	0	0.25	up	0.75	Stable	Stable Up	0.25
GAM	RvY_13922-1	8	6	0	2	0.75	0	0.25	up	0.75	Stable	Stable Up	0.25
GAM	RvY_13943-1	8	6	0	2	0.75	0	0.25	up	0.75	Stable	Stable Up	0.25
GAM	RvY_13949-1	8	6	0	2	0.75	0	0.25	up	0.75	Stable	Stable Up	0.25
GAM	RvY_13970-1	8	6	0	2	0.75	0	0.25	up	0.75	Stable	Stable Up	0.25
GAM	RvY_14024-1	8	6	0	2	0.75	0	0.25	up	0.75	Stable	Stable Up	0.25
GAM	RvY_14060-1	8	6	0	2	0.75	0	0.25	up	0.75	Stable	Stable Up	0.25
GAM	RvY_14063	8	6	0	2	0.75	0	0.25	up	0.75	Stable	Stable Up	0.25
GAM	RvY_14186-1	8	6	0	2	0.75	0	0.25	up	0.75	Stable	Stable Up	0.25
GAM	RvY_14229-1	8	6	0	2	0.75	0	0.25	up	0.75	Stable	Stable Up	0.25
GAM	RvY_14230-1	8	6	0	2	0.75	0	0.25	up	0.75	Stable	Stable Up	0.25
GAM	RvY_14272-1	8	6	0	2	0.75	0	0.25	up	0.75	Stable	Stable Up	0.25
GAM	RvY_14362	8	6	0	2	0.75	0	0.25	up	0.75	Stable	Stable Up	0.25
GAM	RvY_14382	8	6	0	2	0.75	0	0.25	up	0.75	Stable	Stable Up	0.25
GAM	RvY_14396-1	8	6	0	2	0.75	0	0.25	up	0.75	Stable	Stable Up	0.25
GAM	RvY_14417-1	8	6	0	2	0.75	0	0.25	up	0.75	Stable	Stable Up	0.25
GAM	RvY_14452-1	8	6	0	2	0.75	0	0.25	up	0.75	Stable	Stable Up	0.25
GAM	RvY_14482-1	8	6	0	2	0.75	0	0.25	up	0.75	Stable	Stable Up	0.25
GAM	RvY_14516-1	8	6	0	2	0.75	0	0.25	up	0.75	Stable	Stable Up	0.25
GAM	RvY_14550-1	8	6	0	2	0.75	0	0.25	up	0.75	Stable	Stable Up	0.25
GAM	RvY_14576	8	6	0	2	0.75	0	0.25	up	0.75	Stable	Stable Up	0.25
GAM	RvY_14596-1	8	6	0	2	0.75	0	0.25	up	0.75	Stable	Stable Up	0.25
GAM	RvY_14720-1	8	6	0	2	0.75	0	0.25	up	0.75	Stable	Stable Up	0.25
GAM	RvY_14725	8	6	0	2	0.75	0	0.25	up	0.75	Stable	Stable Up	0.25
GAM	RvY_14859-1	8	6	0	2	0.75	0	0.25	up	0.75	Stable	Stable Up	0.25
GAM	RvY_14926-1	8	6	0	2	0.75	0	0.25	up	0.75	Stable	Stable Up	0.25
GAM	RvY_14993-1	8	6	0	2	0.75	0	0.25	up	0.75	Stable	Stable Up	0.25
GAM	RvY_14998-1	8	6	0	2	0.75	0	0.25	up	0.75	Stable	Stable Up	0.25
GAM	RvY_15014-1	8	6	0	2	0.75	0	0.25	up	0.75	Stable	Stable Up	0.25
GAM	RvY_15029-1	8	6	0	2	0.75	0	0.25	up	0.75	Stable	Stable Up	0.25
GAM	RvY_15036-1	8	6	0	2	0.75	0	0.25	up	0.75	Stable	Stable Up	0.25
GAM	RvY_15108-1	8	6	0	2	0.75	0	0.25	up	0.75	Stable	Stable Up	0.25
GAM	RvY_15127-1	8	6	0	2	0.75	0	0.25	up	0.75	Stable	Stable Up	0.25
GAM	RvY_15231-1	8	6	0	2	0.75	0	0.25	up	0.75	Stable	Stable Up	0.25
GAM	RvY_15353-1	8	6	0	2	0.75	0	0.25	up	0.75	Stable	Stable Up	0.25
GAM	RvY_15369-1	8	6	0	2	0.75	0	0.25	up	0.75	Stable	Stable Up	0.25
GAM	RvY_15479-1	8	6	0	2	0.75	0	0.25	up	0.75	Stable	Stable Up	0.25
GAM	RvY_15510-1	8	6	0	2	0.75	0	0.25	up	0.75	Stable	Stable Up	0.25
GAM	RvY_15521-1	8	6	0	2	0.75	0	0.25	up	0.75	Stable	Stable Up	0.25
GAM	RvY_15530-1	8	6	0	2	0.75	0	0.25	up	0.75	Stable	Stable Up	0.25
GAM	RvY_15601-1	8	6	0	2	0.75	0	0.25	up	0.75	Stable	Stable Up	0.25
GAM	RvY_15613-1	8	6	0	2	0.75	0	0.25	up	0.75	Stable	Stable Up	0.25
GAM	RvY_15622-1	8	6	0	2	0.75	0	0.25	up	0.75	Stable	Stable Up	0.25
GAM	RvY_15629-1	8	6	0	2	0.75	0	0.25	up	0.75	Stable	Stable Up	0.25
GAM	RvY_15635-1	8	6	0	2	0.75	0	0.25	up	0.75	Stable	Stable Up	0.25
GAM	RvY_15657-1	8	6	0	2	0.75	0	0.25	up	0.75	Stable	Stable Up	0.25
GAM	RvY_15658-1	8	6	0	2	0.75	0	0.25	up	0.75	Stable	Stable Up	0.25
GAM	RvY_15748-1	8	6	0	2	0.75	0	0.25	up	0.75	Stable	Stable Up	0.25
GAM	RvY_15766-1	8	6	0	2	0.75	0	0.25	up	0.75	Stable	Stable Up	0.25
GAM	RvY_15770-1	8	6	0	2	0.75	0	0.25	up	0.75	Stable	Stable Up	0.25
GAM	RvY_15778-1	8	6	0	2	0.75	0	0.25	up	0.75	Stable	Stable Up	0.25
GAM	RvY_15832-1	8	6	0	2	0.75	0	0.25	up	0.75	Stable	Stable Up	0.25
GAM	RvY_15889-1	8	6	0	2	0.75	0	0.25	up	0.75	Stable	Stable Up	0.25
GAM	RvY_15907-1	8	6	0	2	0.75	0	0.25	up	0.75	Stable	Stable Up	0.25
GAM	RvY_15930-1	8	6	0	2	0.75	0	0.25	up	0.75	Stable	Stable Up	0.25
GAM	RvY_15950	8	6	0	2	0.75	0	0.25	up	0.75	Stable	Stable Up	0.25
GAM	RvY_15973-1	8	6	0	2	0.75	0	0.25	up	0.75	Stable	Stable Up	0.25
GAM	RvY_16023-1	8	6	0	2	0.75	0	0.25	up	0.75	Stable	Stable Up	0.25
GAM	RvY_16036-1	8	6	0	2	0.75	0	0.25	up	0.75	Stable	Stable Up	0.25
GAM	RvY_16113-1	8	6	0	2	0.75	0	0.25	up	0.75	Stable	Stable Up	0.25
GAM	RvY_16114-1	8	6	0	2	0.75	0	0.25	up	0.75	Stable	Stable Up	0.25
GAM	RvY_16151-1	8	6	0	2	0.75	0	0.25	up	0.75	Stable	Stable Up	0.25
GAM	RvY_16161-1	8	6	0	2	0.75	0	0.25	up	0.75	Stable	Stable Up	0.25
GAM	RvY_16171-1	8	6	0	2	0.75	0	0.25	up	0.75	Stable	Stable Up	0.25
GAM	RvY_16230	8	6	0	2	0.75	0	0.25	up	0.75	Stable	Stable Up	0.25
GAM	RvY_16379-1	8	6	0	2	0.75	0	0.25	up	0.75	Stable	Stable Up	0.25
GAM	RvY_16425-1	8	6	0	2	0.75	0	0.25	up	0.75	Stable	Stable Up	0.25
GAM	RvY_16432-1	8	6	0	2	0.75	0	0.25	up	0.75	Stable	Stable Up	0.25
GAM	RvY_16514-1	8	6	0	2	0.75	0	0.25	up	0.75	Stable	Stable Up	0.25
GAM	RvY_16529-1	8	6	0	2	0.75	0	0.25	up	0.75	Stable	Stable Up	0.25
GAM	RvY_16686-1	8	6	0	2	0.75	0	0.25	up	0.75	Stable	Stable Up	0.25
GAM	RvY_16694	8	6	0	2	0.75	0	0.25	up	0.75	Stable	Stable Up	0.25
GAM	RvY_16771-1	8	6	0	2	0.75	0	0.25	up	0.75	Stable	Stable Up	0.25
GAM	RvY_16794	8	6	0	2	0.75	0	0.25	up	0.75	Stable	Stable Up	0.25
GAM	RvY_16985	8	6	0	2	0.75	0	0.25	up	0.75	Stable	Stable Up	0.25
GAM	RvY_16996-1	8	6	0	2	0.75	0	0.25	up	0.75	Stable	Stable Up	0.25
GAM	RvY_17082-1	8	6	0	2	0.75	0	0.25	up	0.75	Stable	Stable Up	0.25
GAM	RvY_17097-1	8	6	0	2	0.75	0	0.25	up	0.75	Stable	Stable Up	0.25
GAM	RvY_17099	8	6	0	2	0.75	0	0.25	up	0.75	Stable	Stable Up	0.25
GAM	RvY_17112-1	8	6	0	2	0.75	0	0.25	up	0.75	Stable	Stable Up	0.25
GAM	RvY_17142-1	8	6	1	1	0.75	0.125	0.125	up	0.75	Stable	Stable Up	0.25
GAM	RvY_17144-1	8	6	0	2	0.75	0	0.25	up	0.75	Stable	Stable Up	0.25
GAM	RvY_17146-1	8	6	0	2	0.75	0	0.25	up	0.75	Stable	Stable Up	0.25
GAM	RvY_17175	8	6	0	2	0.75	0	0.25	up	0.75	Stable	Stable Up	0.25
GAM	RvY_17184-1	8	6	0	2	0.75	0	0.25	up	0.75	Stable	Stable Up	0.25
GAM	RvY_17340-1	8	6	0	2	0.75	0	0.25	up	0.75	Stable	Stable Up	0.25
GAM	RvY_17344-1	8	6	0	2	0.75	0	0.25	up	0.75	Stable	Stable Up	0.25
GAM	RvY_17387-1	8	6	0	2	0.75	0	0.25	up	0.75	Stable	Stable Up	0.25
GAM	RvY_17437-1	8	6	0	2	0.75	0	0.25	up	0.75	Stable	Stable Up	0.25
GAM	RvY_17448-1	8	6	0	2	0.75	0	0.25	up	0.75	Stable	Stable Up	0.25
GAM	RvY_17460-1	8	6	0	2	0.75	0	0.25	up	0.75	Stable	Stable Up	0.25
GAM	RvY_17469-1	8	6	0	2	0.75	0	0.25	up	0.75	Stable	Stable Up	0.25
GAM	RvY_17487-1	8	6	0	2	0.75	0	0.25	up	0.75	Stable	Stable Up	0.25
GAM	RvY_17505-1	8	6	0	2	0.75	0	0.25	up	0.75	Stable	Stable Up	0.25
GAM	RvY_17509-1	8	6	0	2	0.75	0	0.25	up	0.75	Stable	Stable Up	0.25
GAM	RvY_17515-1	8	6	0	2	0.75	0	0.25	up	0.75	Stable	Stable Up	0.25
GAM	RvY_17519-1	8	6	0	2	0.75	0	0.25	up	0.75	Stable	Stable Up	0.25
GAM	RvY_17521-1	8	6	0	2	0.75	0	0.25	up	0.75	Stable	Stable Up	0.25
GAM	RvY_17524-1	8	6	0	2	0.75	0	0.25	up	0.75	Stable	Stable Up	0.25
GAM	RvY_17543-1	8	6	0	2	0.75	0	0.25	up	0.75	Stable	Stable Up	0.25
GAM	RvY_17559-1	8	6	0	2	0.75	0	0.25	up	0.75	Stable	Stable Up	0.25
GAM	RvY_17562-1	8	6	0	2	0.75	0	0.25	up	0.75	Stable	Stable Up	0.25
GAM	RvY_17568-1	8	6	0	2	0.75	0	0.25	up	0.75	Stable	Stable Up	0.25
GAM	RvY_17583-1	8	6	0	2	0.75	0	0.25	up	0.75	Stable	Stable Up	0.25
GAM	RvY_17608-1	8	6	0	2	0.75	0	0.25	up	0.75	Stable	Stable Up	0.25
GAM	RvY_17615-1	8	6	0	2	0.75	0	0.25	up	0.75	Stable	Stable Up	0.25
GAM	RvY_17647-1	8	6	0	2	0.75	0	0.25	up	0.75	Stable	Stable Up	0.25
GAM	RvY_17655-1	8	6	0	2	0.75	0	0.25	up	0.75	Stable	Stable Up	0.25
GAM	RvY_17661	8	6	0	2	0.75	0	0.25	up	0.75	Stable	Stable Up	0.25
GAM	RvY_17685-1	8	6	0	2	0.75	0	0.25	up	0.75	Stable	Stable Up	0.25
GAM	RvY_17702-1	8	6	0	2	0.75	0	0.25	up	0.75	Stable	Stable Up	0.25
GAM	RvY_17703	8	6	0	2	0.75	0	0.25	up	0.75	Stable	Stable Up	0.25
GAM	RvY_17704-1	8	6	0	2	0.75	0	0.25	up	0.75	Stable	Stable Up	0.25
GAM	RvY_17707-1	8	6	0	2	0.75	0	0.25	up	0.75	Stable	Stable Up	0.25
GAM	RvY_17724-1	8	6	0	2	0.75	0	0.25	up	0.75	Stable	Stable Up	0.25
GAM	RvY_17730-1	8	6	0	2	0.75	0	0.25	up	0.75	Stable	Stable Up	0.25
GAM	RvY_17743-1	8	6	0	2	0.75	0	0.25	up	0.75	Stable	Stable Up	0.25
GAM	RvY_17744-1	8	6	0	2	0.75	0	0.25	up	0.75	Stable	Stable Up	0.25
GAM	RvY_17757	8	6	0	2	0.75	0	0.25	up	0.75	Stable	Stable Up	0.25
GAM	RvY_17762-1	8	6	0	2	0.75	0	0.25	up	0.75	Stable	Stable Up	0.25
GAM	RvY_17784-1	8	6	0	2	0.75	0	0.25	up	0.75	Stable	Stable Up	0.25
GAM	RvY_17792-1	8	6	0	2	0.75	0	0.25	up	0.75	Stable	Stable Up	0.25
GAM	RvY_17795	8	6	0	2	0.75	0	0.25	up	0.75	Stable	Stable Up	0.25
GAM	RvY_17860	8	6	0	2	0.75	0	0.25	up	0.75	Stable	Stable Up	0.25
GAM	RvY_17873-1	8	6	0	2	0.75	0	0.25	up	0.75	Stable	Stable Up	0.25
GAM	RvY_17893	8	6	0	2	0.75	0	0.25	up	0.75	Stable	Stable Up	0.25
GAM	RvY_17931-1	8	6	0	2	0.75	0	0.25	up	0.75	Stable	Stable Up	0.25
GAM	RvY_17933-1	8	6	0	2	0.75	0	0.25	up	0.75	Stable	Stable Up	0.25
GAM	RvY_17947-1	8	6	0	2	0.75	0	0.25	up	0.75	Stable	Stable Up	0.25
GAM	RvY_17954-1	8	6	0	2	0.75	0	0.25	up	0.75	Stable	Stable Up	0.25
GAM	RvY_17993-1	8	6	0	2	0.75	0	0.25	up	0.75	Stable	Stable Up	0.25
GAM	RvY_18031-1	8	6	0	2	0.75	0	0.25	up	0.75	Stable	Stable Up	0.25
GAM	RvY_18037-1	8	6	0	2	0.75	0	0.25	up	0.75	Stable	Stable Up	0.25
GAM	RvY_18071-1	8	6	0	2	0.75	0	0.25	up	0.75	Stable	Stable Up	0.25
GAM	RvY_18104-1	8	6	0	2	0.75	0	0.25	up	0.75	Stable	Stable Up	0.25
GAM	RvY_18106-1	8	6	0	2	0.75	0	0.25	up	0.75	Stable	Stable Up	0.25
GAM	RvY_18136-1	8	6	0	2	0.75	0	0.25	up	0.75	Stable	Stable Up	0.25
GAM	RvY_18210-1	8	6	0	2	0.75	0	0.25	up	0.75	Stable	Stable Up	0.25
GAM	RvY_18337-1	8	6	0	2	0.75	0	0.25	up	0.75	Stable	Stable Up	0.25
GAM	RvY_18442	8	6	0	2	0.75	0	0.25	up	0.75	Stable	Stable Up	0.25
GAM	RvY_18535	8	6	0	2	0.75	0	0.25	up	0.75	Stable	Stable Up	0.25
GAM	RvY_18537-1	8	6	0	2	0.75	0	0.25	up	0.75	Stable	Stable Up	0.25
GAM	RvY_18607-1	8	6	0	2	0.75	0	0.25	up	0.75	Stable	Stable Up	0.25
GAM	RvY_18817-1	8	6	0	2	0.75	0	0.25	up	0.75	Stable	Stable Up	0.25
GAM	RvY_18880-1	8	6	0	2	0.75	0	0.25	up	0.75	Stable	Stable Up	0.25
GAM	RvY_18949-1	8	6	0	2	0.75	0	0.25	up	0.75	Stable	Stable Up	0.25
GAM	RvY_18956-1	8	6	0	2	0.75	0	0.25	up	0.75	Stable	Stable Up	0.25
GAM	RvY_18981-1	8	6	0	2	0.75	0	0.25	up	0.75	Stable	Stable Up	0.25
GAM	RvY_19026-1	8	6	0	2	0.75	0	0.25	up	0.75	Stable	Stable Up	0.25
GAM	RvY_19186-1	8	6	0	2	0.75	0	0.25	up	0.75	Stable	Stable Up	0.25
GAM	RvY_19280	8	6	0	2	0.75	0	0.25	up	0.75	Stable	Stable Up	0.25
GAM	RvY_19316-1	8	6	0	2	0.75	0	0.25	up	0.75	Stable	Stable Up	0.25
GAM	RvY_19367-1	8	6	0	2	0.75	0	0.25	up	0.75	Stable	Stable Up	0.25
GAM	RvY_19634-1	8	6	0	2	0.75	0	0.25	up	0.75	Stable	Stable Up	0.25
HT	RvY_00076-1	1	0	1	0	0	1	0	down	1	Highly Stable	Highly Stable Down	0
HT	RvY_00077-1	1	0	1	0	0	1	0	down	1	Highly Stable	Highly Stable Down	0
HT	RvY_00112-1	1	0	1	0	0	1	0	down	1	Highly Stable	Highly Stable Down	0
HT	RvY_00124-1	1	0	1	0	0	1	0	down	1	Highly Stable	Highly Stable Down	0
HT	RvY_00126-1	1	0	1	0	0	1	0	down	1	Highly Stable	Highly Stable Down	0
HT	RvY_00127-1	1	0	1	0	0	1	0	down	1	Highly Stable	Highly Stable Down	0
HT	RvY_00132-1	1	0	1	0	0	1	0	down	1	Highly Stable	Highly Stable Down	0
HT	RvY_00147	1	0	1	0	0	1	0	down	1	Highly Stable	Highly Stable Down	0
HT	RvY_00163-1	1	0	1	0	0	1	0	down	1	Highly Stable	Highly Stable Down	0
HT	RvY_00165-1	1	0	1	0	0	1	0	down	1	Highly Stable	Highly Stable Down	0
HT	RvY_00166-1	1	0	1	0	0	1	0	down	1	Highly Stable	Highly Stable Down	0
HT	RvY_00170-1	1	0	1	0	0	1	0	down	1	Highly Stable	Highly Stable Down	0
HT	RvY_00192	1	0	1	0	0	1	0	down	1	Highly Stable	Highly Stable Down	0
HT	RvY_00193-1	1	0	1	0	0	1	0	down	1	Highly Stable	Highly Stable Down	0
HT	RvY_00210-1	1	0	1	0	0	1	0	down	1	Highly Stable	Highly Stable Down	0
HT	RvY_00222-1	1	0	1	0	0	1	0	down	1	Highly Stable	Highly Stable Down	0
HT	RvY_00232	1	0	1	0	0	1	0	down	1	Highly Stable	Highly Stable Down	0
HT	RvY_00237-1	1	0	1	0	0	1	0	down	1	Highly Stable	Highly Stable Down	0
HT	RvY_00244	1	0	1	0	0	1	0	down	1	Highly Stable	Highly Stable Down	0
HT	RvY_00245-1	1	0	1	0	0	1	0	down	1	Highly Stable	Highly Stable Down	0
HT	RvY_00248	1	0	1	0	0	1	0	down	1	Highly Stable	Highly Stable Down	0
HT	RvY_00250	1	0	1	0	0	1	0	down	1	Highly Stable	Highly Stable Down	0
HT	RvY_00253-1	1	0	1	0	0	1	0	down	1	Highly Stable	Highly Stable Down	0
HT	RvY_00254	1	0	1	0	0	1	0	down	1	Highly Stable	Highly Stable Down	0
HT	RvY_00261-1	1	0	1	0	0	1	0	down	1	Highly Stable	Highly Stable Down	0
HT	RvY_00262	1	0	1	0	0	1	0	down	1	Highly Stable	Highly Stable Down	0
HT	RvY_00265-1	1	0	1	0	0	1	0	down	1	Highly Stable	Highly Stable Down	0
HT	RvY_00279	1	0	1	0	0	1	0	down	1	Highly Stable	Highly Stable Down	0
HT	RvY_00299-1	1	0	1	0	0	1	0	down	1	Highly Stable	Highly Stable Down	0
HT	RvY_00302-1	1	0	1	0	0	1	0	down	1	Highly Stable	Highly Stable Down	0
HT	RvY_00303-1	1	0	1	0	0	1	0	down	1	Highly Stable	Highly Stable Down	0
HT	RvY_00304-1	1	0	1	0	0	1	0	down	1	Highly Stable	Highly Stable Down	0
HT	RvY_00321-1	1	0	1	0	0	1	0	down	1	Highly Stable	Highly Stable Down	0
HT	RvY_00323-1	1	0	1	0	0	1	0	down	1	Highly Stable	Highly Stable Down	0
HT	RvY_00326-1	1	0	1	0	0	1	0	down	1	Highly Stable	Highly Stable Down	0
HT	RvY_00334-1	1	0	1	0	0	1	0	down	1	Highly Stable	Highly Stable Down	0
HT	RvY_00358-1	1	0	1	0	0	1	0	down	1	Highly Stable	Highly Stable Down	0
HT	RvY_00370-1	1	0	1	0	0	1	0	down	1	Highly Stable	Highly Stable Down	0
HT	RvY_00377-1	1	0	1	0	0	1	0	down	1	Highly Stable	Highly Stable Down	0
HT	RvY_00378-1	1	0	1	0	0	1	0	down	1	Highly Stable	Highly Stable Down	0
HT	RvY_00384-1	1	0	1	0	0	1	0	down	1	Highly Stable	Highly Stable Down	0
HT	RvY_00398	1	0	1	0	0	1	0	down	1	Highly Stable	Highly Stable Down	0
HT	RvY_00402-1	1	0	1	0	0	1	0	down	1	Highly Stable	Highly Stable Down	0
HT	RvY_00408-1	1	0	1	0	0	1	0	down	1	Highly Stable	Highly Stable Down	0
HT	RvY_00412	1	0	1	0	0	1	0	down	1	Highly Stable	Highly Stable Down	0
HT	RvY_00414-1	1	0	1	0	0	1	0	down	1	Highly Stable	Highly Stable Down	0
HT	RvY_00438-1	1	0	1	0	0	1	0	down	1	Highly Stable	Highly Stable Down	0
HT	RvY_00449	1	0	1	0	0	1	0	down	1	Highly Stable	Highly Stable Down	0
HT	RvY_00454	1	0	1	0	0	1	0	down	1	Highly Stable	Highly Stable Down	0
HT	RvY_00470	1	0	1	0	0	1	0	down	1	Highly Stable	Highly Stable Down	0
HT	RvY_00488-1	1	0	1	0	0	1	0	down	1	Highly Stable	Highly Stable Down	0
HT	RvY_00493	1	0	1	0	0	1	0	down	1	Highly Stable	Highly Stable Down	0
HT	RvY_00495-1	1	0	1	0	0	1	0	down	1	Highly Stable	Highly Stable Down	0
HT	RvY_00496-1	1	0	1	0	0	1	0	down	1	Highly Stable	Highly Stable Down	0
HT	RvY_00503-1	1	0	1	0	0	1	0	down	1	Highly Stable	Highly Stable Down	0
HT	RvY_00525-1	1	0	1	0	0	1	0	down	1	Highly Stable	Highly Stable Down	0
HT	RvY_00564-1	1	0	1	0	0	1	0	down	1	Highly Stable	Highly Stable Down	0
HT	RvY_00611	1	0	1	0	0	1	0	down	1	Highly Stable	Highly Stable Down	0
HT	RvY_00616-1	1	0	1	0	0	1	0	down	1	Highly Stable	Highly Stable Down	0
HT	RvY_00631-1	1	0	1	0	0	1	0	down	1	Highly Stable	Highly Stable Down	0
HT	RvY_00640-1	1	0	1	0	0	1	0	down	1	Highly Stable	Highly Stable Down	0
HT	RvY_00649-1	1	0	1	0	0	1	0	down	1	Highly Stable	Highly Stable Down	0
HT	RvY_00661	1	0	1	0	0	1	0	down	1	Highly Stable	Highly Stable Down	0
HT	RvY_00667-1	1	0	1	0	0	1	0	down	1	Highly Stable	Highly Stable Down	0
HT	RvY_00677-1	1	0	1	0	0	1	0	down	1	Highly Stable	Highly Stable Down	0
HT	RvY_00690	1	0	1	0	0	1	0	down	1	Highly Stable	Highly Stable Down	0
HT	RvY_00707-1	1	0	1	0	0	1	0	down	1	Highly Stable	Highly Stable Down	0
HT	RvY_00714	1	0	1	0	0	1	0	down	1	Highly Stable	Highly Stable Down	0
HT	RvY_00721	1	0	1	0	0	1	0	down	1	Highly Stable	Highly Stable Down	0
HT	RvY_00722-1	1	0	1	0	0	1	0	down	1	Highly Stable	Highly Stable Down	0
HT	RvY_00726-1	1	0	1	0	0	1	0	down	1	Highly Stable	Highly Stable Down	0
HT	RvY_00738-1	1	0	1	0	0	1	0	down	1	Highly Stable	Highly Stable Down	0
HT	RvY_00739-1	1	0	1	0	0	1	0	down	1	Highly Stable	Highly Stable Down	0
HT	RvY_00747-1	1	0	1	0	0	1	0	down	1	Highly Stable	Highly Stable Down	0
HT	RvY_00757-1	1	0	1	0	0	1	0	down	1	Highly Stable	Highly Stable Down	0
HT	RvY_00769-1	1	0	1	0	0	1	0	down	1	Highly Stable	Highly Stable Down	0
HT	RvY_00770-1	1	0	1	0	0	1	0	down	1	Highly Stable	Highly Stable Down	0
HT	RvY_00773	1	0	1	0	0	1	0	down	1	Highly Stable	Highly Stable Down	0
HT	RvY_00787-1	1	0	1	0	0	1	0	down	1	Highly Stable	Highly Stable Down	0
HT	RvY_00790-1	1	0	1	0	0	1	0	down	1	Highly Stable	Highly Stable Down	0
HT	RvY_00798-1	1	0	1	0	0	1	0	down	1	Highly Stable	Highly Stable Down	0
HT	RvY_00799-1	1	0	1	0	0	1	0	down	1	Highly Stable	Highly Stable Down	0
HT	RvY_00806-1	1	0	1	0	0	1	0	down	1	Highly Stable	Highly Stable Down	0
HT	RvY_00817	1	0	1	0	0	1	0	down	1	Highly Stable	Highly Stable Down	0
HT	RvY_00835-1	1	0	1	0	0	1	0	down	1	Highly Stable	Highly Stable Down	0
HT	RvY_00840-1	1	0	1	0	0	1	0	down	1	Highly Stable	Highly Stable Down	0
HT	RvY_00848	1	0	1	0	0	1	0	down	1	Highly Stable	Highly Stable Down	0
HT	RvY_00854-1	1	0	1	0	0	1	0	down	1	Highly Stable	Highly Stable Down	0
HT	RvY_00857-1	1	0	1	0	0	1	0	down	1	Highly Stable	Highly Stable Down	0
HT	RvY_00861-1	1	0	1	0	0	1	0	down	1	Highly Stable	Highly Stable Down	0
HT	RvY_00862-1	1	0	1	0	0	1	0	down	1	Highly Stable	Highly Stable Down	0
HT	RvY_00863-2	1	0	1	0	0	1	0	down	1	Highly Stable	Highly Stable Down	0
HT	RvY_00868-1	1	0	1	0	0	1	0	down	1	Highly Stable	Highly Stable Down	0
HT	RvY_00876-1	1	0	1	0	0	1	0	down	1	Highly Stable	Highly Stable Down	0
HT	RvY_00877	1	0	1	0	0	1	0	down	1	Highly Stable	Highly Stable Down	0
HT	RvY_00878-1	1	0	1	0	0	1	0	down	1	Highly Stable	Highly Stable Down	0
HT	RvY_00882	1	0	1	0	0	1	0	down	1	Highly Stable	Highly Stable Down	0
HT	RvY_00884	1	0	1	0	0	1	0	down	1	Highly Stable	Highly Stable Down	0
HT	RvY_00886-1	1	0	1	0	0	1	0	down	1	Highly Stable	Highly Stable Down	0
HT	RvY_00888-1	1	0	1	0	0	1	0	down	1	Highly Stable	Highly Stable Down	0
HT	RvY_00889-1	1	0	1	0	0	1	0	down	1	Highly Stable	Highly Stable Down	0
HT	RvY_00891-1	1	0	1	0	0	1	0	down	1	Highly Stable	Highly Stable Down	0
HT	RvY_00902-1	1	0	1	0	0	1	0	down	1	Highly Stable	Highly Stable Down	0
HT	RvY_00921-1	1	0	1	0	0	1	0	down	1	Highly Stable	Highly Stable Down	0
HT	RvY_00930-1	1	0	1	0	0	1	0	down	1	Highly Stable	Highly Stable Down	0
HT	RvY_00931-1	1	0	1	0	0	1	0	down	1	Highly Stable	Highly Stable Down	0
HT	RvY_00932-1	1	0	1	0	0	1	0	down	1	Highly Stable	Highly Stable Down	0
HT	RvY_00933-1	1	0	1	0	0	1	0	down	1	Highly Stable	Highly Stable Down	0
HT	RvY_00942-1	1	0	1	0	0	1	0	down	1	Highly Stable	Highly Stable Down	0
HT	RvY_00943	1	0	1	0	0	1	0	down	1	Highly Stable	Highly Stable Down	0
HT	RvY_00944-1	1	0	1	0	0	1	0	down	1	Highly Stable	Highly Stable Down	0
HT	RvY_00945-1	1	0	1	0	0	1	0	down	1	Highly Stable	Highly Stable Down	0
HT	RvY_00946-1	1	0	1	0	0	1	0	down	1	Highly Stable	Highly Stable Down	0
HT	RvY_00947-1	1	0	1	0	0	1	0	down	1	Highly Stable	Highly Stable Down	0
HT	RvY_00948-1	1	0	1	0	0	1	0	down	1	Highly Stable	Highly Stable Down	0
HT	RvY_00950	1	0	1	0	0	1	0	down	1	Highly Stable	Highly Stable Down	0
HT	RvY_00961-1	1	0	1	0	0	1	0	down	1	Highly Stable	Highly Stable Down	0
HT	RvY_00962-1	1	0	1	0	0	1	0	down	1	Highly Stable	Highly Stable Down	0
HT	RvY_00969-1	1	0	1	0	0	1	0	down	1	Highly Stable	Highly Stable Down	0
HT	RvY_00971-1	1	0	1	0	0	1	0	down	1	Highly Stable	Highly Stable Down	0
HT	RvY_00974-1	1	0	1	0	0	1	0	down	1	Highly Stable	Highly Stable Down	0
HT	RvY_00975	1	0	1	0	0	1	0	down	1	Highly Stable	Highly Stable Down	0
HT	RvY_00979-1	1	0	1	0	0	1	0	down	1	Highly Stable	Highly Stable Down	0
HT	RvY_00984-1	1	0	1	0	0	1	0	down	1	Highly Stable	Highly Stable Down	0
HT	RvY_01001-1	1	0	1	0	0	1	0	down	1	Highly Stable	Highly Stable Down	0
HT	RvY_01009-1	1	0	1	0	0	1	0	down	1	Highly Stable	Highly Stable Down	0
HT	RvY_01017-1	1	0	1	0	0	1	0	down	1	Highly Stable	Highly Stable Down	0
HT	RvY_01021	1	0	1	0	0	1	0	down	1	Highly Stable	Highly Stable Down	0
HT	RvY_01023	1	0	1	0	0	1	0	down	1	Highly Stable	Highly Stable Down	0
HT	RvY_01044	1	0	1	0	0	1	0	down	1	Highly Stable	Highly Stable Down	0
HT	RvY_01048-1	1	0	1	0	0	1	0	down	1	Highly Stable	Highly Stable Down	0
HT	RvY_01049-1	1	0	1	0	0	1	0	down	1	Highly Stable	Highly Stable Down	0
HT	RvY_01050-1	1	0	1	0	0	1	0	down	1	Highly Stable	Highly Stable Down	0
HT	RvY_01051	1	0	1	0	0	1	0	down	1	Highly Stable	Highly Stable Down	0
HT	RvY_01052-1	1	0	1	0	0	1	0	down	1	Highly Stable	Highly Stable Down	0
HT	RvY_01057	1	0	1	0	0	1	0	down	1	Highly Stable	Highly Stable Down	0
HT	RvY_01073-1	1	0	1	0	0	1	0	down	1	Highly Stable	Highly Stable Down	0
HT	RvY_01074-1	1	0	1	0	0	1	0	down	1	Highly Stable	Highly Stable Down	0
HT	RvY_01077-1	1	0	1	0	0	1	0	down	1	Highly Stable	Highly Stable Down	0
HT	RvY_01080-1	1	0	1	0	0	1	0	down	1	Highly Stable	Highly Stable Down	0
HT	RvY_01082	1	0	1	0	0	1	0	down	1	Highly Stable	Highly Stable Down	0
HT	RvY_01083-1	1	0	1	0	0	1	0	down	1	Highly Stable	Highly Stable Down	0
HT	RvY_01084-1	1	0	1	0	0	1	0	down	1	Highly Stable	Highly Stable Down	0
HT	RvY_01085-1	1	0	1	0	0	1	0	down	1	Highly Stable	Highly Stable Down	0
HT	RvY_01091-1	1	0	1	0	0	1	0	down	1	Highly Stable	Highly Stable Down	0
HT	RvY_01092-1	1	0	1	0	0	1	0	down	1	Highly Stable	Highly Stable Down	0
HT	RvY_01096-1	1	0	1	0	0	1	0	down	1	Highly Stable	Highly Stable Down	0
HT	RvY_01099-1	1	0	1	0	0	1	0	down	1	Highly Stable	Highly Stable Down	0
HT	RvY_01122-1	1	0	1	0	0	1	0	down	1	Highly Stable	Highly Stable Down	0
HT	RvY_01123-1	1	0	1	0	0	1	0	down	1	Highly Stable	Highly Stable Down	0
HT	RvY_01125-1	1	0	1	0	0	1	0	down	1	Highly Stable	Highly Stable Down	0
HT	RvY_01126-1	1	0	1	0	0	1	0	down	1	Highly Stable	Highly Stable Down	0
HT	RvY_01131	1	0	1	0	0	1	0	down	1	Highly Stable	Highly Stable Down	0
HT	RvY_01132-1	1	0	1	0	0	1	0	down	1	Highly Stable	Highly Stable Down	0
HT	RvY_01158-1	1	0	1	0	0	1	0	down	1	Highly Stable	Highly Stable Down	0
HT	RvY_01159-1	1	0	1	0	0	1	0	down	1	Highly Stable	Highly Stable Down	0
HT	RvY_01161-1	1	0	1	0	0	1	0	down	1	Highly Stable	Highly Stable Down	0
HT	RvY_01164	1	0	1	0	0	1	0	down	1	Highly Stable	Highly Stable Down	0
HT	RvY_01167	1	0	1	0	0	1	0	down	1	Highly Stable	Highly Stable Down	0
HT	RvY_01179	1	0	1	0	0	1	0	down	1	Highly Stable	Highly Stable Down	0
HT	RvY_01180-1	1	0	1	0	0	1	0	down	1	Highly Stable	Highly Stable Down	0
HT	RvY_01185-1	1	0	1	0	0	1	0	down	1	Highly Stable	Highly Stable Down	0
HT	RvY_01193-1	1	0	1	0	0	1	0	down	1	Highly Stable	Highly Stable Down	0
HT	RvY_01194-1	1	0	1	0	0	1	0	down	1	Highly Stable	Highly Stable Down	0
HT	RvY_01195-1	1	0	1	0	0	1	0	down	1	Highly Stable	Highly Stable Down	0
HT	RvY_01196-1	1	0	1	0	0	1	0	down	1	Highly Stable	Highly Stable Down	0
HT	RvY_01197-1	1	0	1	0	0	1	0	down	1	Highly Stable	Highly Stable Down	0
HT	RvY_01198-1	1	0	1	0	0	1	0	down	1	Highly Stable	Highly Stable Down	0
HT	RvY_01203-1	1	0	1	0	0	1	0	down	1	Highly Stable	Highly Stable Down	0
HT	RvY_01210-1	1	0	1	0	0	1	0	down	1	Highly Stable	Highly Stable Down	0
HT	RvY_01211	1	0	1	0	0	1	0	down	1	Highly Stable	Highly Stable Down	0
HT	RvY_01218-1	1	0	1	0	0	1	0	down	1	Highly Stable	Highly Stable Down	0
HT	RvY_01222-1	1	0	1	0	0	1	0	down	1	Highly Stable	Highly Stable Down	0
HT	RvY_01253	1	0	1	0	0	1	0	down	1	Highly Stable	Highly Stable Down	0
HT	RvY_01265	1	0	1	0	0	1	0	down	1	Highly Stable	Highly Stable Down	0
HT	RvY_01272-1	1	0	1	0	0	1	0	down	1	Highly Stable	Highly Stable Down	0
HT	RvY_01274-1	1	0	1	0	0	1	0	down	1	Highly Stable	Highly Stable Down	0
HT	RvY_01275-1	1	0	1	0	0	1	0	down	1	Highly Stable	Highly Stable Down	0
HT	RvY_01286-1	1	0	1	0	0	1	0	down	1	Highly Stable	Highly Stable Down	0
HT	RvY_01302	1	0	1	0	0	1	0	down	1	Highly Stable	Highly Stable Down	0
HT	RvY_01314-1	1	0	1	0	0	1	0	down	1	Highly Stable	Highly Stable Down	0
HT	RvY_01315-1	1	0	1	0	0	1	0	down	1	Highly Stable	Highly Stable Down	0
HT	RvY_01318-1	1	0	1	0	0	1	0	down	1	Highly Stable	Highly Stable Down	0
HT	RvY_01321-1	1	0	1	0	0	1	0	down	1	Highly Stable	Highly Stable Down	0
HT	RvY_01322-1	1	0	1	0	0	1	0	down	1	Highly Stable	Highly Stable Down	0
HT	RvY_01333-1	1	0	1	0	0	1	0	down	1	Highly Stable	Highly Stable Down	0
HT	RvY_01337	1	0	1	0	0	1	0	down	1	Highly Stable	Highly Stable Down	0
HT	RvY_01338-1	1	0	1	0	0	1	0	down	1	Highly Stable	Highly Stable Down	0
HT	RvY_01339-1	1	0	1	0	0	1	0	down	1	Highly Stable	Highly Stable Down	0
HT	RvY_01342-1	1	0	1	0	0	1	0	down	1	Highly Stable	Highly Stable Down	0
HT	RvY_01350-1	1	0	1	0	0	1	0	down	1	Highly Stable	Highly Stable Down	0
HT	RvY_01351	1	0	1	0	0	1	0	down	1	Highly Stable	Highly Stable Down	0
HT	RvY_01363-1	1	0	1	0	0	1	0	down	1	Highly Stable	Highly Stable Down	0
HT	RvY_01369-1	1	0	1	0	0	1	0	down	1	Highly Stable	Highly Stable Down	0
HT	RvY_01374-1	1	0	1	0	0	1	0	down	1	Highly Stable	Highly Stable Down	0
HT	RvY_01378-1	1	0	1	0	0	1	0	down	1	Highly Stable	Highly Stable Down	0
HT	RvY_01393-1	1	0	1	0	0	1	0	down	1	Highly Stable	Highly Stable Down	0
HT	RvY_01402-1	1	0	1	0	0	1	0	down	1	Highly Stable	Highly Stable Down	0
HT	RvY_01414-1	1	0	1	0	0	1	0	down	1	Highly Stable	Highly Stable Down	0
HT	RvY_01417-1	1	0	1	0	0	1	0	down	1	Highly Stable	Highly Stable Down	0
HT	RvY_01420-1	1	0	1	0	0	1	0	down	1	Highly Stable	Highly Stable Down	0
HT	RvY_01421-1	1	0	1	0	0	1	0	down	1	Highly Stable	Highly Stable Down	0
HT	RvY_01423-1	1	0	1	0	0	1	0	down	1	Highly Stable	Highly Stable Down	0
HT	RvY_01432-1	1	0	1	0	0	1	0	down	1	Highly Stable	Highly Stable Down	0
HT	RvY_01433-1	1	0	1	0	0	1	0	down	1	Highly Stable	Highly Stable Down	0
HT	RvY_01435-1	1	0	1	0	0	1	0	down	1	Highly Stable	Highly Stable Down	0
HT	RvY_01438-1	1	0	1	0	0	1	0	down	1	Highly Stable	Highly Stable Down	0
HT	RvY_01440-1	1	0	1	0	0	1	0	down	1	Highly Stable	Highly Stable Down	0
HT	RvY_01448-1	1	0	1	0	0	1	0	down	1	Highly Stable	Highly Stable Down	0
HT	RvY_01455	1	0	1	0	0	1	0	down	1	Highly Stable	Highly Stable Down	0
HT	RvY_01459-1	1	0	1	0	0	1	0	down	1	Highly Stable	Highly Stable Down	0
HT	RvY_01460-1	1	0	1	0	0	1	0	down	1	Highly Stable	Highly Stable Down	0
HT	RvY_01464-1	1	0	1	0	0	1	0	down	1	Highly Stable	Highly Stable Down	0
HT	RvY_01466-1	1	0	1	0	0	1	0	down	1	Highly Stable	Highly Stable Down	0
HT	RvY_01489-1	1	0	1	0	0	1	0	down	1	Highly Stable	Highly Stable Down	0
HT	RvY_01493-1	1	0	1	0	0	1	0	down	1	Highly Stable	Highly Stable Down	0
HT	RvY_01498-1	1	0	1	0	0	1	0	down	1	Highly Stable	Highly Stable Down	0
HT	RvY_01500-1	1	0	1	0	0	1	0	down	1	Highly Stable	Highly Stable Down	0
HT	RvY_01503-1	1	0	1	0	0	1	0	down	1	Highly Stable	Highly Stable Down	0
HT	RvY_01506-1	1	0	1	0	0	1	0	down	1	Highly Stable	Highly Stable Down	0
HT	RvY_01520-1	1	0	1	0	0	1	0	down	1	Highly Stable	Highly Stable Down	0
HT	RvY_01553-1	1	0	1	0	0	1	0	down	1	Highly Stable	Highly Stable Down	0
HT	RvY_01561-1	1	0	1	0	0	1	0	down	1	Highly Stable	Highly Stable Down	0
HT	RvY_01562-1	1	0	1	0	0	1	0	down	1	Highly Stable	Highly Stable Down	0
HT	RvY_01563-1	1	0	1	0	0	1	0	down	1	Highly Stable	Highly Stable Down	0
HT	RvY_01565-1	1	0	1	0	0	1	0	down	1	Highly Stable	Highly Stable Down	0
HT	RvY_01568-1	1	0	1	0	0	1	0	down	1	Highly Stable	Highly Stable Down	0
HT	RvY_01576	1	0	1	0	0	1	0	down	1	Highly Stable	Highly Stable Down	0
HT	RvY_01594	1	0	1	0	0	1	0	down	1	Highly Stable	Highly Stable Down	0
HT	RvY_01598-1	1	0	1	0	0	1	0	down	1	Highly Stable	Highly Stable Down	0
HT	RvY_01610-1	1	0	1	0	0	1	0	down	1	Highly Stable	Highly Stable Down	0
HT	RvY_01618-1	1	0	1	0	0	1	0	down	1	Highly Stable	Highly Stable Down	0
HT	RvY_01622-1	1	0	1	0	0	1	0	down	1	Highly Stable	Highly Stable Down	0
HT	RvY_01633-1	1	0	1	0	0	1	0	down	1	Highly Stable	Highly Stable Down	0
HT	RvY_01643-1	1	0	1	0	0	1	0	down	1	Highly Stable	Highly Stable Down	0
HT	RvY_01645-1	1	0	1	0	0	1	0	down	1	Highly Stable	Highly Stable Down	0
HT	RvY_01646-1	1	0	1	0	0	1	0	down	1	Highly Stable	Highly Stable Down	0
HT	RvY_01647-1	1	0	1	0	0	1	0	down	1	Highly Stable	Highly Stable Down	0
HT	RvY_01656	1	0	1	0	0	1	0	down	1	Highly Stable	Highly Stable Down	0
HT	RvY_01674-1	1	0	1	0	0	1	0	down	1	Highly Stable	Highly Stable Down	0
HT	RvY_01679	1	0	1	0	0	1	0	down	1	Highly Stable	Highly Stable Down	0
HT	RvY_01690-1	1	0	1	0	0	1	0	down	1	Highly Stable	Highly Stable Down	0
HT	RvY_01691	1	0	1	0	0	1	0	down	1	Highly Stable	Highly Stable Down	0
HT	RvY_01702-1	1	0	1	0	0	1	0	down	1	Highly Stable	Highly Stable Down	0
HT	RvY_01708	1	0	1	0	0	1	0	down	1	Highly Stable	Highly Stable Down	0
HT	RvY_01717	1	0	1	0	0	1	0	down	1	Highly Stable	Highly Stable Down	0
HT	RvY_01727-1	1	0	1	0	0	1	0	down	1	Highly Stable	Highly Stable Down	0
HT	RvY_01739-1	1	0	1	0	0	1	0	down	1	Highly Stable	Highly Stable Down	0
HT	RvY_01740-1	1	0	1	0	0	1	0	down	1	Highly Stable	Highly Stable Down	0
HT	RvY_01755-1	1	0	1	0	0	1	0	down	1	Highly Stable	Highly Stable Down	0
HT	RvY_01759-1	1	0	1	0	0	1	0	down	1	Highly Stable	Highly Stable Down	0
HT	RvY_01760-1	1	0	1	0	0	1	0	down	1	Highly Stable	Highly Stable Down	0
HT	RvY_01767-1	1	0	1	0	0	1	0	down	1	Highly Stable	Highly Stable Down	0
HT	RvY_01780-1	1	0	1	0	0	1	0	down	1	Highly Stable	Highly Stable Down	0
HT	RvY_01822-1	1	0	1	0	0	1	0	down	1	Highly Stable	Highly Stable Down	0
HT	RvY_01827-1	1	0	1	0	0	1	0	down	1	Highly Stable	Highly Stable Down	0
HT	RvY_01833-1	1	0	1	0	0	1	0	down	1	Highly Stable	Highly Stable Down	0
HT	RvY_01899	1	0	1	0	0	1	0	down	1	Highly Stable	Highly Stable Down	0
HT	RvY_01900-1	1	0	1	0	0	1	0	down	1	Highly Stable	Highly Stable Down	0
HT	RvY_01918-1	1	0	1	0	0	1	0	down	1	Highly Stable	Highly Stable Down	0
HT	RvY_01925	1	0	1	0	0	1	0	down	1	Highly Stable	Highly Stable Down	0
HT	RvY_01959-1	1	0	1	0	0	1	0	down	1	Highly Stable	Highly Stable Down	0
HT	RvY_01961-1	1	0	1	0	0	1	0	down	1	Highly Stable	Highly Stable Down	0
HT	RvY_01962-1	1	0	1	0	0	1	0	down	1	Highly Stable	Highly Stable Down	0
HT	RvY_01965-1	1	0	1	0	0	1	0	down	1	Highly Stable	Highly Stable Down	0
HT	RvY_01969-1	1	0	1	0	0	1	0	down	1	Highly Stable	Highly Stable Down	0
HT	RvY_01973-1	1	0	1	0	0	1	0	down	1	Highly Stable	Highly Stable Down	0
HT	RvY_01974-1	1	0	1	0	0	1	0	down	1	Highly Stable	Highly Stable Down	0
HT	RvY_01980	1	0	1	0	0	1	0	down	1	Highly Stable	Highly Stable Down	0
HT	RvY_01982-1	1	0	1	0	0	1	0	down	1	Highly Stable	Highly Stable Down	0
HT	RvY_02000-1	1	0	1	0	0	1	0	down	1	Highly Stable	Highly Stable Down	0
HT	RvY_02011-1	1	0	1	0	0	1	0	down	1	Highly Stable	Highly Stable Down	0
HT	RvY_02014-1	1	0	1	0	0	1	0	down	1	Highly Stable	Highly Stable Down	0
HT	RvY_02018-1	1	0	1	0	0	1	0	down	1	Highly Stable	Highly Stable Down	0
HT	RvY_02023-1	1	0	1	0	0	1	0	down	1	Highly Stable	Highly Stable Down	0
HT	RvY_02028-1	1	0	1	0	0	1	0	down	1	Highly Stable	Highly Stable Down	0
HT	RvY_02029-1	1	0	1	0	0	1	0	down	1	Highly Stable	Highly Stable Down	0
HT	RvY_02036-1	1	0	1	0	0	1	0	down	1	Highly Stable	Highly Stable Down	0
HT	RvY_02045-1	1	0	1	0	0	1	0	down	1	Highly Stable	Highly Stable Down	0
HT	RvY_02049-1	1	0	1	0	0	1	0	down	1	Highly Stable	Highly Stable Down	0
HT	RvY_02061-1	1	0	1	0	0	1	0	down	1	Highly Stable	Highly Stable Down	0
HT	RvY_02066	1	0	1	0	0	1	0	down	1	Highly Stable	Highly Stable Down	0
HT	RvY_02084-1	1	0	1	0	0	1	0	down	1	Highly Stable	Highly Stable Down	0
HT	RvY_02085	1	0	1	0	0	1	0	down	1	Highly Stable	Highly Stable Down	0
HT	RvY_02091	1	0	1	0	0	1	0	down	1	Highly Stable	Highly Stable Down	0
HT	RvY_02150-1	1	0	1	0	0	1	0	down	1	Highly Stable	Highly Stable Down	0
HT	RvY_02155-1	1	0	1	0	0	1	0	down	1	Highly Stable	Highly Stable Down	0
HT	RvY_02169-1	1	0	1	0	0	1	0	down	1	Highly Stable	Highly Stable Down	0
HT	RvY_02171-1	1	0	1	0	0	1	0	down	1	Highly Stable	Highly Stable Down	0
HT	RvY_02173-1	1	0	1	0	0	1	0	down	1	Highly Stable	Highly Stable Down	0
HT	RvY_02184-1	1	0	1	0	0	1	0	down	1	Highly Stable	Highly Stable Down	0
HT	RvY_02196	1	0	1	0	0	1	0	down	1	Highly Stable	Highly Stable Down	0
HT	RvY_02197-1	1	0	1	0	0	1	0	down	1	Highly Stable	Highly Stable Down	0
HT	RvY_02215-1	1	0	1	0	0	1	0	down	1	Highly Stable	Highly Stable Down	0
HT	RvY_02217	1	0	1	0	0	1	0	down	1	Highly Stable	Highly Stable Down	0
HT	RvY_02218-1	1	0	1	0	0	1	0	down	1	Highly Stable	Highly Stable Down	0
HT	RvY_02228-1	1	0	1	0	0	1	0	down	1	Highly Stable	Highly Stable Down	0
HT	RvY_02234-1	1	0	1	0	0	1	0	down	1	Highly Stable	Highly Stable Down	0
HT	RvY_02236-1	1	0	1	0	0	1	0	down	1	Highly Stable	Highly Stable Down	0
HT	RvY_02240-1	1	0	1	0	0	1	0	down	1	Highly Stable	Highly Stable Down	0
HT	RvY_02244-1	1	0	1	0	0	1	0	down	1	Highly Stable	Highly Stable Down	0
HT	RvY_02250-1	1	0	1	0	0	1	0	down	1	Highly Stable	Highly Stable Down	0
HT	RvY_02256-1	1	0	1	0	0	1	0	down	1	Highly Stable	Highly Stable Down	0
HT	RvY_02258-1	1	0	1	0	0	1	0	down	1	Highly Stable	Highly Stable Down	0
HT	RvY_02286-1	1	0	1	0	0	1	0	down	1	Highly Stable	Highly Stable Down	0
HT	RvY_02287-1	1	0	1	0	0	1	0	down	1	Highly Stable	Highly Stable Down	0
HT	RvY_02293-1	1	0	1	0	0	1	0	down	1	Highly Stable	Highly Stable Down	0
HT	RvY_02301-1	1	0	1	0	0	1	0	down	1	Highly Stable	Highly Stable Down	0
HT	RvY_02302	1	0	1	0	0	1	0	down	1	Highly Stable	Highly Stable Down	0
HT	RvY_02313-1	1	0	1	0	0	1	0	down	1	Highly Stable	Highly Stable Down	0
HT	RvY_02316	1	0	1	0	0	1	0	down	1	Highly Stable	Highly Stable Down	0
HT	RvY_02344-1	1	0	1	0	0	1	0	down	1	Highly Stable	Highly Stable Down	0
HT	RvY_02357-1	1	0	1	0	0	1	0	down	1	Highly Stable	Highly Stable Down	0
HT	RvY_02362	1	0	1	0	0	1	0	down	1	Highly Stable	Highly Stable Down	0
HT	RvY_02365-1	1	0	1	0	0	1	0	down	1	Highly Stable	Highly Stable Down	0
HT	RvY_02366-1	1	0	1	0	0	1	0	down	1	Highly Stable	Highly Stable Down	0
HT	RvY_02367-1	1	0	1	0	0	1	0	down	1	Highly Stable	Highly Stable Down	0
HT	RvY_02388-1	1	0	1	0	0	1	0	down	1	Highly Stable	Highly Stable Down	0
HT	RvY_02410-1	1	0	1	0	0	1	0	down	1	Highly Stable	Highly Stable Down	0
HT	RvY_02421-1	1	0	1	0	0	1	0	down	1	Highly Stable	Highly Stable Down	0
HT	RvY_02422-1	1	0	1	0	0	1	0	down	1	Highly Stable	Highly Stable Down	0
HT	RvY_02430-1	1	0	1	0	0	1	0	down	1	Highly Stable	Highly Stable Down	0
HT	RvY_02431-1	1	0	1	0	0	1	0	down	1	Highly Stable	Highly Stable Down	0
HT	RvY_02432-2	1	0	1	0	0	1	0	down	1	Highly Stable	Highly Stable Down	0
HT	RvY_02437-2	1	0	1	0	0	1	0	down	1	Highly Stable	Highly Stable Down	0
HT	RvY_02438-1	1	0	1	0	0	1	0	down	1	Highly Stable	Highly Stable Down	0
HT	RvY_02439-1	1	0	1	0	0	1	0	down	1	Highly Stable	Highly Stable Down	0
HT	RvY_02442-1	1	0	1	0	0	1	0	down	1	Highly Stable	Highly Stable Down	0
HT	RvY_02452	1	0	1	0	0	1	0	down	1	Highly Stable	Highly Stable Down	0
HT	RvY_02460-1	1	0	1	0	0	1	0	down	1	Highly Stable	Highly Stable Down	0
HT	RvY_02474-1	1	0	1	0	0	1	0	down	1	Highly Stable	Highly Stable Down	0
HT	RvY_02509-1	1	0	1	0	0	1	0	down	1	Highly Stable	Highly Stable Down	0
HT	RvY_02519	1	0	1	0	0	1	0	down	1	Highly Stable	Highly Stable Down	0
HT	RvY_02521-1	1	0	1	0	0	1	0	down	1	Highly Stable	Highly Stable Down	0
HT	RvY_02543-1	1	0	1	0	0	1	0	down	1	Highly Stable	Highly Stable Down	0
HT	RvY_02551-1	1	0	1	0	0	1	0	down	1	Highly Stable	Highly Stable Down	0
HT	RvY_02554	1	0	1	0	0	1	0	down	1	Highly Stable	Highly Stable Down	0
HT	RvY_02556	1	0	1	0	0	1	0	down	1	Highly Stable	Highly Stable Down	0
HT	RvY_02573-1	1	0	1	0	0	1	0	down	1	Highly Stable	Highly Stable Down	0
HT	RvY_02584	1	0	1	0	0	1	0	down	1	Highly Stable	Highly Stable Down	0
HT	RvY_02594-1	1	0	1	0	0	1	0	down	1	Highly Stable	Highly Stable Down	0
HT	RvY_02595-1	1	0	1	0	0	1	0	down	1	Highly Stable	Highly Stable Down	0
HT	RvY_02596-1	1	0	1	0	0	1	0	down	1	Highly Stable	Highly Stable Down	0
HT	RvY_02602-1	1	0	1	0	0	1	0	down	1	Highly Stable	Highly Stable Down	0
HT	RvY_02614-1	1	0	1	0	0	1	0	down	1	Highly Stable	Highly Stable Down	0
HT	RvY_02615-1	1	0	1	0	0	1	0	down	1	Highly Stable	Highly Stable Down	0
HT	RvY_02617	1	0	1	0	0	1	0	down	1	Highly Stable	Highly Stable Down	0
HT	RvY_02629-1	1	0	1	0	0	1	0	down	1	Highly Stable	Highly Stable Down	0
HT	RvY_02631	1	0	1	0	0	1	0	down	1	Highly Stable	Highly Stable Down	0
HT	RvY_02632-1	1	0	1	0	0	1	0	down	1	Highly Stable	Highly Stable Down	0
HT	RvY_02639-1	1	0	1	0	0	1	0	down	1	Highly Stable	Highly Stable Down	0
HT	RvY_02641	1	0	1	0	0	1	0	down	1	Highly Stable	Highly Stable Down	0
HT	RvY_02642	1	0	1	0	0	1	0	down	1	Highly Stable	Highly Stable Down	0
HT	RvY_02643	1	0	1	0	0	1	0	down	1	Highly Stable	Highly Stable Down	0
HT	RvY_02649-1	1	0	1	0	0	1	0	down	1	Highly Stable	Highly Stable Down	0
HT	RvY_02653-1	1	0	1	0	0	1	0	down	1	Highly Stable	Highly Stable Down	0
HT	RvY_02661-1	1	0	1	0	0	1	0	down	1	Highly Stable	Highly Stable Down	0
HT	RvY_02676-1	1	0	1	0	0	1	0	down	1	Highly Stable	Highly Stable Down	0
HT	RvY_02692-1	1	0	1	0	0	1	0	down	1	Highly Stable	Highly Stable Down	0
HT	RvY_02694-1	1	0	1	0	0	1	0	down	1	Highly Stable	Highly Stable Down	0
HT	RvY_02696-1	1	0	1	0	0	1	0	down	1	Highly Stable	Highly Stable Down	0
HT	RvY_02697-1	1	0	1	0	0	1	0	down	1	Highly Stable	Highly Stable Down	0
HT	RvY_02698-1	1	0	1	0	0	1	0	down	1	Highly Stable	Highly Stable Down	0
HT	RvY_02699	1	0	1	0	0	1	0	down	1	Highly Stable	Highly Stable Down	0
HT	RvY_02733-1	1	0	1	0	0	1	0	down	1	Highly Stable	Highly Stable Down	0
HT	RvY_02774-1	1	0	1	0	0	1	0	down	1	Highly Stable	Highly Stable Down	0
HT	RvY_02776-1	1	0	1	0	0	1	0	down	1	Highly Stable	Highly Stable Down	0
HT	RvY_02798-1	1	0	1	0	0	1	0	down	1	Highly Stable	Highly Stable Down	0
HT	RvY_02803	1	0	1	0	0	1	0	down	1	Highly Stable	Highly Stable Down	0
HT	RvY_02816-1	1	0	1	0	0	1	0	down	1	Highly Stable	Highly Stable Down	0
HT	RvY_02840-1	1	0	1	0	0	1	0	down	1	Highly Stable	Highly Stable Down	0
HT	RvY_02854-1	1	0	1	0	0	1	0	down	1	Highly Stable	Highly Stable Down	0
HT	RvY_02896-1	1	0	1	0	0	1	0	down	1	Highly Stable	Highly Stable Down	0
HT	RvY_02897-1	1	0	1	0	0	1	0	down	1	Highly Stable	Highly Stable Down	0
HT	RvY_02926-1	1	0	1	0	0	1	0	down	1	Highly Stable	Highly Stable Down	0
HT	RvY_02929-1	1	0	1	0	0	1	0	down	1	Highly Stable	Highly Stable Down	0
HT	RvY_02935-1	1	0	1	0	0	1	0	down	1	Highly Stable	Highly Stable Down	0
HT	RvY_02936-1	1	0	1	0	0	1	0	down	1	Highly Stable	Highly Stable Down	0
HT	RvY_02944-1	1	0	1	0	0	1	0	down	1	Highly Stable	Highly Stable Down	0
HT	RvY_02950-1	1	0	1	0	0	1	0	down	1	Highly Stable	Highly Stable Down	0
HT	RvY_02959-1	1	0	1	0	0	1	0	down	1	Highly Stable	Highly Stable Down	0
HT	RvY_02985-1	1	0	1	0	0	1	0	down	1	Highly Stable	Highly Stable Down	0
HT	RvY_02991-1	1	0	1	0	0	1	0	down	1	Highly Stable	Highly Stable Down	0
HT	RvY_03004-1	1	0	1	0	0	1	0	down	1	Highly Stable	Highly Stable Down	0
HT	RvY_03008-1	1	0	1	0	0	1	0	down	1	Highly Stable	Highly Stable Down	0
HT	RvY_03017-1	1	0	1	0	0	1	0	down	1	Highly Stable	Highly Stable Down	0
HT	RvY_03019-1	1	0	1	0	0	1	0	down	1	Highly Stable	Highly Stable Down	0
HT	RvY_03023-1	1	0	1	0	0	1	0	down	1	Highly Stable	Highly Stable Down	0
HT	RvY_03024-1	1	0	1	0	0	1	0	down	1	Highly Stable	Highly Stable Down	0
HT	RvY_03025-1	1	0	1	0	0	1	0	down	1	Highly Stable	Highly Stable Down	0
HT	RvY_03026-1	1	0	1	0	0	1	0	down	1	Highly Stable	Highly Stable Down	0
HT	RvY_03154-1	1	0	1	0	0	1	0	down	1	Highly Stable	Highly Stable Down	0
HT	RvY_03165-1	1	0	1	0	0	1	0	down	1	Highly Stable	Highly Stable Down	0
HT	RvY_03189-1	1	0	1	0	0	1	0	down	1	Highly Stable	Highly Stable Down	0
HT	RvY_03191-1	1	0	1	0	0	1	0	down	1	Highly Stable	Highly Stable Down	0
HT	RvY_03199-1	1	0	1	0	0	1	0	down	1	Highly Stable	Highly Stable Down	0
HT	RvY_03200-1	1	0	1	0	0	1	0	down	1	Highly Stable	Highly Stable Down	0
HT	RvY_03213-1	1	0	1	0	0	1	0	down	1	Highly Stable	Highly Stable Down	0
HT	RvY_03214-1	1	0	1	0	0	1	0	down	1	Highly Stable	Highly Stable Down	0
HT	RvY_03222	1	0	1	0	0	1	0	down	1	Highly Stable	Highly Stable Down	0
HT	RvY_03239-1	1	0	1	0	0	1	0	down	1	Highly Stable	Highly Stable Down	0
HT	RvY_03260	1	0	1	0	0	1	0	down	1	Highly Stable	Highly Stable Down	0
HT	RvY_03264-1	1	0	1	0	0	1	0	down	1	Highly Stable	Highly Stable Down	0
HT	RvY_03265	1	0	1	0	0	1	0	down	1	Highly Stable	Highly Stable Down	0
HT	RvY_03284	1	0	1	0	0	1	0	down	1	Highly Stable	Highly Stable Down	0
HT	RvY_03288-1	1	0	1	0	0	1	0	down	1	Highly Stable	Highly Stable Down	0
HT	RvY_03290-1	1	0	1	0	0	1	0	down	1	Highly Stable	Highly Stable Down	0
HT	RvY_03292-1	1	0	1	0	0	1	0	down	1	Highly Stable	Highly Stable Down	0
HT	RvY_03293-1	1	0	1	0	0	1	0	down	1	Highly Stable	Highly Stable Down	0
HT	RvY_03296-1	1	0	1	0	0	1	0	down	1	Highly Stable	Highly Stable Down	0
HT	RvY_03302-1	1	0	1	0	0	1	0	down	1	Highly Stable	Highly Stable Down	0
HT	RvY_03303-1	1	0	1	0	0	1	0	down	1	Highly Stable	Highly Stable Down	0
HT	RvY_03315-1	1	0	1	0	0	1	0	down	1	Highly Stable	Highly Stable Down	0
HT	RvY_03320	1	0	1	0	0	1	0	down	1	Highly Stable	Highly Stable Down	0
HT	RvY_03326	1	0	1	0	0	1	0	down	1	Highly Stable	Highly Stable Down	0
HT	RvY_03329-1	1	0	1	0	0	1	0	down	1	Highly Stable	Highly Stable Down	0
HT	RvY_03336-1	1	0	1	0	0	1	0	down	1	Highly Stable	Highly Stable Down	0
HT	RvY_03340-1	1	0	1	0	0	1	0	down	1	Highly Stable	Highly Stable Down	0
HT	RvY_03343-1	1	0	1	0	0	1	0	down	1	Highly Stable	Highly Stable Down	0
HT	RvY_03362-1	1	0	1	0	0	1	0	down	1	Highly Stable	Highly Stable Down	0
HT	RvY_03363-1	1	0	1	0	0	1	0	down	1	Highly Stable	Highly Stable Down	0
HT	RvY_03364	1	0	1	0	0	1	0	down	1	Highly Stable	Highly Stable Down	0
HT	RvY_03367-1	1	0	1	0	0	1	0	down	1	Highly Stable	Highly Stable Down	0
HT	RvY_03372-1	1	0	1	0	0	1	0	down	1	Highly Stable	Highly Stable Down	0
HT	RvY_03375	1	0	1	0	0	1	0	down	1	Highly Stable	Highly Stable Down	0
HT	RvY_03383-1	1	0	1	0	0	1	0	down	1	Highly Stable	Highly Stable Down	0
HT	RvY_03384-1	1	0	1	0	0	1	0	down	1	Highly Stable	Highly Stable Down	0
HT	RvY_03386-1	1	0	1	0	0	1	0	down	1	Highly Stable	Highly Stable Down	0
HT	RvY_03396	1	0	1	0	0	1	0	down	1	Highly Stable	Highly Stable Down	0
HT	RvY_03398-1	1	0	1	0	0	1	0	down	1	Highly Stable	Highly Stable Down	0
HT	RvY_03409-1	1	0	1	0	0	1	0	down	1	Highly Stable	Highly Stable Down	0
HT	RvY_03417	1	0	1	0	0	1	0	down	1	Highly Stable	Highly Stable Down	0
HT	RvY_03420	1	0	1	0	0	1	0	down	1	Highly Stable	Highly Stable Down	0
HT	RvY_03446-1	1	0	1	0	0	1	0	down	1	Highly Stable	Highly Stable Down	0
HT	RvY_03447-1	1	0	1	0	0	1	0	down	1	Highly Stable	Highly Stable Down	0
HT	RvY_03456-1	1	0	1	0	0	1	0	down	1	Highly Stable	Highly Stable Down	0
HT	RvY_03458-1	1	0	1	0	0	1	0	down	1	Highly Stable	Highly Stable Down	0
HT	RvY_03463-1	1	0	1	0	0	1	0	down	1	Highly Stable	Highly Stable Down	0
HT	RvY_03467	1	0	1	0	0	1	0	down	1	Highly Stable	Highly Stable Down	0
HT	RvY_03476-1	1	0	1	0	0	1	0	down	1	Highly Stable	Highly Stable Down	0
HT	RvY_03479-1	1	0	1	0	0	1	0	down	1	Highly Stable	Highly Stable Down	0
HT	RvY_03483-1	1	0	1	0	0	1	0	down	1	Highly Stable	Highly Stable Down	0
HT	RvY_03485-1	1	0	1	0	0	1	0	down	1	Highly Stable	Highly Stable Down	0
HT	RvY_03487-1	1	0	1	0	0	1	0	down	1	Highly Stable	Highly Stable Down	0
HT	RvY_03499-1	1	0	1	0	0	1	0	down	1	Highly Stable	Highly Stable Down	0
HT	RvY_03506	1	0	1	0	0	1	0	down	1	Highly Stable	Highly Stable Down	0
HT	RvY_03511	1	0	1	0	0	1	0	down	1	Highly Stable	Highly Stable Down	0
HT	RvY_03516-1	1	0	1	0	0	1	0	down	1	Highly Stable	Highly Stable Down	0
HT	RvY_03517-1	1	0	1	0	0	1	0	down	1	Highly Stable	Highly Stable Down	0
HT	RvY_03521-1	1	0	1	0	0	1	0	down	1	Highly Stable	Highly Stable Down	0
HT	RvY_03522-1	1	0	1	0	0	1	0	down	1	Highly Stable	Highly Stable Down	0
HT	RvY_03530-1	1	0	1	0	0	1	0	down	1	Highly Stable	Highly Stable Down	0
HT	RvY_03544-1	1	0	1	0	0	1	0	down	1	Highly Stable	Highly Stable Down	0
HT	RvY_03557-1	1	0	1	0	0	1	0	down	1	Highly Stable	Highly Stable Down	0
HT	RvY_03564	1	0	1	0	0	1	0	down	1	Highly Stable	Highly Stable Down	0
HT	RvY_03565-1	1	0	1	0	0	1	0	down	1	Highly Stable	Highly Stable Down	0
HT	RvY_03575-1	1	0	1	0	0	1	0	down	1	Highly Stable	Highly Stable Down	0
HT	RvY_03576	1	0	1	0	0	1	0	down	1	Highly Stable	Highly Stable Down	0
HT	RvY_03601-1	1	0	1	0	0	1	0	down	1	Highly Stable	Highly Stable Down	0
HT	RvY_03616	1	0	1	0	0	1	0	down	1	Highly Stable	Highly Stable Down	0
HT	RvY_03618-1	1	0	1	0	0	1	0	down	1	Highly Stable	Highly Stable Down	0
HT	RvY_03631-1	1	0	1	0	0	1	0	down	1	Highly Stable	Highly Stable Down	0
HT	RvY_03639-1	1	0	1	0	0	1	0	down	1	Highly Stable	Highly Stable Down	0
HT	RvY_03649-1	1	0	1	0	0	1	0	down	1	Highly Stable	Highly Stable Down	0
HT	RvY_03656	1	0	1	0	0	1	0	down	1	Highly Stable	Highly Stable Down	0
HT	RvY_03663-1	1	0	1	0	0	1	0	down	1	Highly Stable	Highly Stable Down	0
HT	RvY_03664-1	1	0	1	0	0	1	0	down	1	Highly Stable	Highly Stable Down	0
HT	RvY_03665-1	1	0	1	0	0	1	0	down	1	Highly Stable	Highly Stable Down	0
HT	RvY_03666-1	1	0	1	0	0	1	0	down	1	Highly Stable	Highly Stable Down	0
HT	RvY_03670-1	1	0	1	0	0	1	0	down	1	Highly Stable	Highly Stable Down	0
HT	RvY_03674-1	1	0	1	0	0	1	0	down	1	Highly Stable	Highly Stable Down	0
HT	RvY_03682	1	0	1	0	0	1	0	down	1	Highly Stable	Highly Stable Down	0
HT	RvY_03683-1	1	0	1	0	0	1	0	down	1	Highly Stable	Highly Stable Down	0
HT	RvY_03684-1	1	0	1	0	0	1	0	down	1	Highly Stable	Highly Stable Down	0
HT	RvY_03692-1	1	0	1	0	0	1	0	down	1	Highly Stable	Highly Stable Down	0
HT	RvY_03693	1	0	1	0	0	1	0	down	1	Highly Stable	Highly Stable Down	0
HT	RvY_03699	1	0	1	0	0	1	0	down	1	Highly Stable	Highly Stable Down	0
HT	RvY_03701-1	1	0	1	0	0	1	0	down	1	Highly Stable	Highly Stable Down	0
HT	RvY_03704	1	0	1	0	0	1	0	down	1	Highly Stable	Highly Stable Down	0
HT	RvY_03709	1	0	1	0	0	1	0	down	1	Highly Stable	Highly Stable Down	0
HT	RvY_03710-1	1	0	1	0	0	1	0	down	1	Highly Stable	Highly Stable Down	0
HT	RvY_03716	1	0	1	0	0	1	0	down	1	Highly Stable	Highly Stable Down	0
HT	RvY_03728-1	1	0	1	0	0	1	0	down	1	Highly Stable	Highly Stable Down	0
HT	RvY_03738-1	1	0	1	0	0	1	0	down	1	Highly Stable	Highly Stable Down	0
HT	RvY_03742-1	1	0	1	0	0	1	0	down	1	Highly Stable	Highly Stable Down	0
HT	RvY_03745-1	1	0	1	0	0	1	0	down	1	Highly Stable	Highly Stable Down	0
HT	RvY_03753-1	1	0	1	0	0	1	0	down	1	Highly Stable	Highly Stable Down	0
HT	RvY_03759-1	1	0	1	0	0	1	0	down	1	Highly Stable	Highly Stable Down	0
HT	RvY_03762-1	1	0	1	0	0	1	0	down	1	Highly Stable	Highly Stable Down	0
HT	RvY_03767-1	1	0	1	0	0	1	0	down	1	Highly Stable	Highly Stable Down	0
HT	RvY_03768-1	1	0	1	0	0	1	0	down	1	Highly Stable	Highly Stable Down	0
HT	RvY_03770-1	1	0	1	0	0	1	0	down	1	Highly Stable	Highly Stable Down	0
HT	RvY_03775	1	0	1	0	0	1	0	down	1	Highly Stable	Highly Stable Down	0
HT	RvY_03782-1	1	0	1	0	0	1	0	down	1	Highly Stable	Highly Stable Down	0
HT	RvY_03783	1	0	1	0	0	1	0	down	1	Highly Stable	Highly Stable Down	0
HT	RvY_03788	1	0	1	0	0	1	0	down	1	Highly Stable	Highly Stable Down	0
HT	RvY_03804-1	1	0	1	0	0	1	0	down	1	Highly Stable	Highly Stable Down	0
HT	RvY_03805-1	1	0	1	0	0	1	0	down	1	Highly Stable	Highly Stable Down	0
HT	RvY_03806-1	1	0	1	0	0	1	0	down	1	Highly Stable	Highly Stable Down	0
HT	RvY_03809	1	0	1	0	0	1	0	down	1	Highly Stable	Highly Stable Down	0
HT	RvY_03819-1	1	0	1	0	0	1	0	down	1	Highly Stable	Highly Stable Down	0
HT	RvY_03820	1	0	1	0	0	1	0	down	1	Highly Stable	Highly Stable Down	0
HT	RvY_03830-1	1	0	1	0	0	1	0	down	1	Highly Stable	Highly Stable Down	0
HT	RvY_03831-1	1	0	1	0	0	1	0	down	1	Highly Stable	Highly Stable Down	0
HT	RvY_03834-1	1	0	1	0	0	1	0	down	1	Highly Stable	Highly Stable Down	0
HT	RvY_03835-1	1	0	1	0	0	1	0	down	1	Highly Stable	Highly Stable Down	0
HT	RvY_03837-1	1	0	1	0	0	1	0	down	1	Highly Stable	Highly Stable Down	0
HT	RvY_03857-1	1	0	1	0	0	1	0	down	1	Highly Stable	Highly Stable Down	0
HT	RvY_03858-1	1	0	1	0	0	1	0	down	1	Highly Stable	Highly Stable Down	0
HT	RvY_03859-1	1	0	1	0	0	1	0	down	1	Highly Stable	Highly Stable Down	0
HT	RvY_03860-1	1	0	1	0	0	1	0	down	1	Highly Stable	Highly Stable Down	0
HT	RvY_03875-1	1	0	1	0	0	1	0	down	1	Highly Stable	Highly Stable Down	0
HT	RvY_03883-1	1	0	1	0	0	1	0	down	1	Highly Stable	Highly Stable Down	0
HT	RvY_03897-1	1	0	1	0	0	1	0	down	1	Highly Stable	Highly Stable Down	0
HT	RvY_03898	1	0	1	0	0	1	0	down	1	Highly Stable	Highly Stable Down	0
HT	RvY_03908-1	1	0	1	0	0	1	0	down	1	Highly Stable	Highly Stable Down	0
HT	RvY_03913	1	0	1	0	0	1	0	down	1	Highly Stable	Highly Stable Down	0
HT	RvY_03917-1	1	0	1	0	0	1	0	down	1	Highly Stable	Highly Stable Down	0
HT	RvY_03918-1	1	0	1	0	0	1	0	down	1	Highly Stable	Highly Stable Down	0
HT	RvY_03921-1	1	0	1	0	0	1	0	down	1	Highly Stable	Highly Stable Down	0
HT	RvY_03922-1	1	0	1	0	0	1	0	down	1	Highly Stable	Highly Stable Down	0
HT	RvY_03929-1	1	0	1	0	0	1	0	down	1	Highly Stable	Highly Stable Down	0
HT	RvY_03931-1	1	0	1	0	0	1	0	down	1	Highly Stable	Highly Stable Down	0
HT	RvY_03932	1	0	1	0	0	1	0	down	1	Highly Stable	Highly Stable Down	0
HT	RvY_03933-1	1	0	1	0	0	1	0	down	1	Highly Stable	Highly Stable Down	0
HT	RvY_03941	1	0	1	0	0	1	0	down	1	Highly Stable	Highly Stable Down	0
HT	RvY_03943	1	0	1	0	0	1	0	down	1	Highly Stable	Highly Stable Down	0
HT	RvY_03950-1	1	0	1	0	0	1	0	down	1	Highly Stable	Highly Stable Down	0
HT	RvY_03957-1	1	0	1	0	0	1	0	down	1	Highly Stable	Highly Stable Down	0
HT	RvY_03969-1	1	0	1	0	0	1	0	down	1	Highly Stable	Highly Stable Down	0
HT	RvY_03979-1	1	0	1	0	0	1	0	down	1	Highly Stable	Highly Stable Down	0
HT	RvY_03981	1	0	1	0	0	1	0	down	1	Highly Stable	Highly Stable Down	0
HT	RvY_03983-1	1	0	1	0	0	1	0	down	1	Highly Stable	Highly Stable Down	0
HT	RvY_03997-1	1	0	1	0	0	1	0	down	1	Highly Stable	Highly Stable Down	0
HT	RvY_04006	1	0	1	0	0	1	0	down	1	Highly Stable	Highly Stable Down	0
HT	RvY_04007	1	0	1	0	0	1	0	down	1	Highly Stable	Highly Stable Down	0
HT	RvY_04014-1	1	0	1	0	0	1	0	down	1	Highly Stable	Highly Stable Down	0
HT	RvY_04017-1	1	0	1	0	0	1	0	down	1	Highly Stable	Highly Stable Down	0
HT	RvY_04019-1	1	0	1	0	0	1	0	down	1	Highly Stable	Highly Stable Down	0
HT	RvY_04039-1	1	0	1	0	0	1	0	down	1	Highly Stable	Highly Stable Down	0
HT	RvY_04040-1	1	0	1	0	0	1	0	down	1	Highly Stable	Highly Stable Down	0
HT	RvY_04041-1	1	0	1	0	0	1	0	down	1	Highly Stable	Highly Stable Down	0
HT	RvY_04044-1	1	0	1	0	0	1	0	down	1	Highly Stable	Highly Stable Down	0
HT	RvY_04050-1	1	0	1	0	0	1	0	down	1	Highly Stable	Highly Stable Down	0
HT	RvY_04051-1	1	0	1	0	0	1	0	down	1	Highly Stable	Highly Stable Down	0
HT	RvY_04052-1	1	0	1	0	0	1	0	down	1	Highly Stable	Highly Stable Down	0
HT	RvY_04058-1	1	0	1	0	0	1	0	down	1	Highly Stable	Highly Stable Down	0
HT	RvY_04067	1	0	1	0	0	1	0	down	1	Highly Stable	Highly Stable Down	0
HT	RvY_04084	1	0	1	0	0	1	0	down	1	Highly Stable	Highly Stable Down	0
HT	RvY_04086	1	0	1	0	0	1	0	down	1	Highly Stable	Highly Stable Down	0
HT	RvY_04087-1	1	0	1	0	0	1	0	down	1	Highly Stable	Highly Stable Down	0
HT	RvY_04088-1	1	0	1	0	0	1	0	down	1	Highly Stable	Highly Stable Down	0
HT	RvY_04091-1	1	0	1	0	0	1	0	down	1	Highly Stable	Highly Stable Down	0
HT	RvY_04096-1	1	0	1	0	0	1	0	down	1	Highly Stable	Highly Stable Down	0
HT	RvY_04133-1	1	0	1	0	0	1	0	down	1	Highly Stable	Highly Stable Down	0
HT	RvY_04134-1	1	0	1	0	0	1	0	down	1	Highly Stable	Highly Stable Down	0
HT	RvY_04140-1	1	0	1	0	0	1	0	down	1	Highly Stable	Highly Stable Down	0
HT	RvY_04146-1	1	0	1	0	0	1	0	down	1	Highly Stable	Highly Stable Down	0
HT	RvY_04147	1	0	1	0	0	1	0	down	1	Highly Stable	Highly Stable Down	0
HT	RvY_04151-1	1	0	1	0	0	1	0	down	1	Highly Stable	Highly Stable Down	0
HT	RvY_04153-1	1	0	1	0	0	1	0	down	1	Highly Stable	Highly Stable Down	0
HT	RvY_04155	1	0	1	0	0	1	0	down	1	Highly Stable	Highly Stable Down	0
HT	RvY_04156-1	1	0	1	0	0	1	0	down	1	Highly Stable	Highly Stable Down	0
HT	RvY_04161-1	1	0	1	0	0	1	0	down	1	Highly Stable	Highly Stable Down	0
HT	RvY_04162-1	1	0	1	0	0	1	0	down	1	Highly Stable	Highly Stable Down	0
HT	RvY_04170-1	1	0	1	0	0	1	0	down	1	Highly Stable	Highly Stable Down	0
HT	RvY_04176-1	1	0	1	0	0	1	0	down	1	Highly Stable	Highly Stable Down	0
HT	RvY_04184	1	0	1	0	0	1	0	down	1	Highly Stable	Highly Stable Down	0
HT	RvY_04185-1	1	0	1	0	0	1	0	down	1	Highly Stable	Highly Stable Down	0
HT	RvY_04189-1	1	0	1	0	0	1	0	down	1	Highly Stable	Highly Stable Down	0
HT	RvY_04191	1	0	1	0	0	1	0	down	1	Highly Stable	Highly Stable Down	0
HT	RvY_04193-1	1	0	1	0	0	1	0	down	1	Highly Stable	Highly Stable Down	0
HT	RvY_04194-1	1	0	1	0	0	1	0	down	1	Highly Stable	Highly Stable Down	0
HT	RvY_04220	1	0	1	0	0	1	0	down	1	Highly Stable	Highly Stable Down	0
HT	RvY_04221-1	1	0	1	0	0	1	0	down	1	Highly Stable	Highly Stable Down	0
HT	RvY_04225	1	0	1	0	0	1	0	down	1	Highly Stable	Highly Stable Down	0
HT	RvY_04227-1	1	0	1	0	0	1	0	down	1	Highly Stable	Highly Stable Down	0
HT	RvY_04232-1	1	0	1	0	0	1	0	down	1	Highly Stable	Highly Stable Down	0
HT	RvY_04234-1	1	0	1	0	0	1	0	down	1	Highly Stable	Highly Stable Down	0
HT	RvY_04240	1	0	1	0	0	1	0	down	1	Highly Stable	Highly Stable Down	0
HT	RvY_04256-1	1	0	1	0	0	1	0	down	1	Highly Stable	Highly Stable Down	0
HT	RvY_04262-1	1	0	1	0	0	1	0	down	1	Highly Stable	Highly Stable Down	0
HT	RvY_04264	1	0	1	0	0	1	0	down	1	Highly Stable	Highly Stable Down	0
HT	RvY_04273-1	1	0	1	0	0	1	0	down	1	Highly Stable	Highly Stable Down	0
HT	RvY_04285-1	1	0	1	0	0	1	0	down	1	Highly Stable	Highly Stable Down	0
HT	RvY_04286-1	1	0	1	0	0	1	0	down	1	Highly Stable	Highly Stable Down	0
HT	RvY_04299-1	1	0	1	0	0	1	0	down	1	Highly Stable	Highly Stable Down	0
HT	RvY_04301-1	1	0	1	0	0	1	0	down	1	Highly Stable	Highly Stable Down	0
HT	RvY_04303-1	1	0	1	0	0	1	0	down	1	Highly Stable	Highly Stable Down	0
HT	RvY_04314	1	0	1	0	0	1	0	down	1	Highly Stable	Highly Stable Down	0
HT	RvY_04316-1	1	0	1	0	0	1	0	down	1	Highly Stable	Highly Stable Down	0
HT	RvY_04327-1	1	0	1	0	0	1	0	down	1	Highly Stable	Highly Stable Down	0
HT	RvY_04335	1	0	1	0	0	1	0	down	1	Highly Stable	Highly Stable Down	0
HT	RvY_04336-1	1	0	1	0	0	1	0	down	1	Highly Stable	Highly Stable Down	0
HT	RvY_04337-1	1	0	1	0	0	1	0	down	1	Highly Stable	Highly Stable Down	0
HT	RvY_04338	1	0	1	0	0	1	0	down	1	Highly Stable	Highly Stable Down	0
HT	RvY_04339	1	0	1	0	0	1	0	down	1	Highly Stable	Highly Stable Down	0
HT	RvY_04371-1	1	0	1	0	0	1	0	down	1	Highly Stable	Highly Stable Down	0
HT	RvY_04373-1	1	0	1	0	0	1	0	down	1	Highly Stable	Highly Stable Down	0
HT	RvY_04381-1	1	0	1	0	0	1	0	down	1	Highly Stable	Highly Stable Down	0
HT	RvY_04382-1	1	0	1	0	0	1	0	down	1	Highly Stable	Highly Stable Down	0
HT	RvY_04386-1	1	0	1	0	0	1	0	down	1	Highly Stable	Highly Stable Down	0
HT	RvY_04400	1	0	1	0	0	1	0	down	1	Highly Stable	Highly Stable Down	0
HT	RvY_04401-1	1	0	1	0	0	1	0	down	1	Highly Stable	Highly Stable Down	0
HT	RvY_04402	1	0	1	0	0	1	0	down	1	Highly Stable	Highly Stable Down	0
HT	RvY_04408-1	1	0	1	0	0	1	0	down	1	Highly Stable	Highly Stable Down	0
HT	RvY_04420-1	1	0	1	0	0	1	0	down	1	Highly Stable	Highly Stable Down	0
HT	RvY_04431-1	1	0	1	0	0	1	0	down	1	Highly Stable	Highly Stable Down	0
HT	RvY_04443-1	1	0	1	0	0	1	0	down	1	Highly Stable	Highly Stable Down	0
HT	RvY_04446	1	0	1	0	0	1	0	down	1	Highly Stable	Highly Stable Down	0
HT	RvY_04448-1	1	0	1	0	0	1	0	down	1	Highly Stable	Highly Stable Down	0
HT	RvY_04456-1	1	0	1	0	0	1	0	down	1	Highly Stable	Highly Stable Down	0
HT	RvY_04462-1	1	0	1	0	0	1	0	down	1	Highly Stable	Highly Stable Down	0
HT	RvY_04463-1	1	0	1	0	0	1	0	down	1	Highly Stable	Highly Stable Down	0
HT	RvY_04472-1	1	0	1	0	0	1	0	down	1	Highly Stable	Highly Stable Down	0
HT	RvY_04485-1	1	0	1	0	0	1	0	down	1	Highly Stable	Highly Stable Down	0
HT	RvY_04493-1	1	0	1	0	0	1	0	down	1	Highly Stable	Highly Stable Down	0
HT	RvY_04494-1	1	0	1	0	0	1	0	down	1	Highly Stable	Highly Stable Down	0
HT	RvY_04505	1	0	1	0	0	1	0	down	1	Highly Stable	Highly Stable Down	0
HT	RvY_04510-1	1	0	1	0	0	1	0	down	1	Highly Stable	Highly Stable Down	0
HT	RvY_04511-1	1	0	1	0	0	1	0	down	1	Highly Stable	Highly Stable Down	0
HT	RvY_04524-1	1	0	1	0	0	1	0	down	1	Highly Stable	Highly Stable Down	0
HT	RvY_04528-1	1	0	1	0	0	1	0	down	1	Highly Stable	Highly Stable Down	0
HT	RvY_04540	1	0	1	0	0	1	0	down	1	Highly Stable	Highly Stable Down	0
HT	RvY_04541-1	1	0	1	0	0	1	0	down	1	Highly Stable	Highly Stable Down	0
HT	RvY_04544-1	1	0	1	0	0	1	0	down	1	Highly Stable	Highly Stable Down	0
HT	RvY_04552-1	1	0	1	0	0	1	0	down	1	Highly Stable	Highly Stable Down	0
HT	RvY_04553-1	1	0	1	0	0	1	0	down	1	Highly Stable	Highly Stable Down	0
HT	RvY_04554-1	1	0	1	0	0	1	0	down	1	Highly Stable	Highly Stable Down	0
HT	RvY_04555-1	1	0	1	0	0	1	0	down	1	Highly Stable	Highly Stable Down	0
HT	RvY_04560-1	1	0	1	0	0	1	0	down	1	Highly Stable	Highly Stable Down	0
HT	RvY_04578-1	1	0	1	0	0	1	0	down	1	Highly Stable	Highly Stable Down	0
HT	RvY_04582	1	0	1	0	0	1	0	down	1	Highly Stable	Highly Stable Down	0
HT	RvY_04590-1	1	0	1	0	0	1	0	down	1	Highly Stable	Highly Stable Down	0
HT	RvY_04593-1	1	0	1	0	0	1	0	down	1	Highly Stable	Highly Stable Down	0
HT	RvY_04597-1	1	0	1	0	0	1	0	down	1	Highly Stable	Highly Stable Down	0
HT	RvY_04605-1	1	0	1	0	0	1	0	down	1	Highly Stable	Highly Stable Down	0
HT	RvY_04607-1	1	0	1	0	0	1	0	down	1	Highly Stable	Highly Stable Down	0
HT	RvY_04622-1	1	0	1	0	0	1	0	down	1	Highly Stable	Highly Stable Down	0
HT	RvY_04639-1	1	0	1	0	0	1	0	down	1	Highly Stable	Highly Stable Down	0
HT	RvY_04640-1	1	0	1	0	0	1	0	down	1	Highly Stable	Highly Stable Down	0
HT	RvY_04646-1	1	0	1	0	0	1	0	down	1	Highly Stable	Highly Stable Down	0
HT	RvY_04665-1	1	0	1	0	0	1	0	down	1	Highly Stable	Highly Stable Down	0
HT	RvY_04667-1	1	0	1	0	0	1	0	down	1	Highly Stable	Highly Stable Down	0
HT	RvY_04671-1	1	0	1	0	0	1	0	down	1	Highly Stable	Highly Stable Down	0
HT	RvY_04686	1	0	1	0	0	1	0	down	1	Highly Stable	Highly Stable Down	0
HT	RvY_04698-1	1	0	1	0	0	1	0	down	1	Highly Stable	Highly Stable Down	0
HT	RvY_04709-1	1	0	1	0	0	1	0	down	1	Highly Stable	Highly Stable Down	0
HT	RvY_04717-1	1	0	1	0	0	1	0	down	1	Highly Stable	Highly Stable Down	0
HT	RvY_04727-1	1	0	1	0	0	1	0	down	1	Highly Stable	Highly Stable Down	0
HT	RvY_04732-1	1	0	1	0	0	1	0	down	1	Highly Stable	Highly Stable Down	0
HT	RvY_04733-1	1	0	1	0	0	1	0	down	1	Highly Stable	Highly Stable Down	0
HT	RvY_04760	1	0	1	0	0	1	0	down	1	Highly Stable	Highly Stable Down	0
HT	RvY_04762-1	1	0	1	0	0	1	0	down	1	Highly Stable	Highly Stable Down	0
HT	RvY_04766-1	1	0	1	0	0	1	0	down	1	Highly Stable	Highly Stable Down	0
HT	RvY_04769-1	1	0	1	0	0	1	0	down	1	Highly Stable	Highly Stable Down	0
HT	RvY_04770-1	1	0	1	0	0	1	0	down	1	Highly Stable	Highly Stable Down	0
HT	RvY_04780-1	1	0	1	0	0	1	0	down	1	Highly Stable	Highly Stable Down	0
HT	RvY_04795-1	1	0	1	0	0	1	0	down	1	Highly Stable	Highly Stable Down	0
HT	RvY_04803-1	1	0	1	0	0	1	0	down	1	Highly Stable	Highly Stable Down	0
HT	RvY_04804	1	0	1	0	0	1	0	down	1	Highly Stable	Highly Stable Down	0
HT	RvY_04808-1	1	0	1	0	0	1	0	down	1	Highly Stable	Highly Stable Down	0
HT	RvY_04815-1	1	0	1	0	0	1	0	down	1	Highly Stable	Highly Stable Down	0
HT	RvY_04823	1	0	1	0	0	1	0	down	1	Highly Stable	Highly Stable Down	0
HT	RvY_04858-1	1	0	1	0	0	1	0	down	1	Highly Stable	Highly Stable Down	0
HT	RvY_04866-1	1	0	1	0	0	1	0	down	1	Highly Stable	Highly Stable Down	0
HT	RvY_04869-1	1	0	1	0	0	1	0	down	1	Highly Stable	Highly Stable Down	0
HT	RvY_04873-1	1	0	1	0	0	1	0	down	1	Highly Stable	Highly Stable Down	0
HT	RvY_04885-1	1	0	1	0	0	1	0	down	1	Highly Stable	Highly Stable Down	0
HT	RvY_04898-1	1	0	1	0	0	1	0	down	1	Highly Stable	Highly Stable Down	0
HT	RvY_04899-1	1	0	1	0	0	1	0	down	1	Highly Stable	Highly Stable Down	0
HT	RvY_04914-1	1	0	1	0	0	1	0	down	1	Highly Stable	Highly Stable Down	0
HT	RvY_04925-1	1	0	1	0	0	1	0	down	1	Highly Stable	Highly Stable Down	0
HT	RvY_04938-1	1	0	1	0	0	1	0	down	1	Highly Stable	Highly Stable Down	0
HT	RvY_04940-1	1	0	1	0	0	1	0	down	1	Highly Stable	Highly Stable Down	0
HT	RvY_04945	1	0	1	0	0	1	0	down	1	Highly Stable	Highly Stable Down	0
HT	RvY_04948-1	1	0	1	0	0	1	0	down	1	Highly Stable	Highly Stable Down	0
HT	RvY_04951-1	1	0	1	0	0	1	0	down	1	Highly Stable	Highly Stable Down	0
HT	RvY_04954	1	0	1	0	0	1	0	down	1	Highly Stable	Highly Stable Down	0
HT	RvY_04959-1	1	0	1	0	0	1	0	down	1	Highly Stable	Highly Stable Down	0
HT	RvY_04960-1	1	0	1	0	0	1	0	down	1	Highly Stable	Highly Stable Down	0
HT	RvY_04963-1	1	0	1	0	0	1	0	down	1	Highly Stable	Highly Stable Down	0
HT	RvY_04983-1	1	0	1	0	0	1	0	down	1	Highly Stable	Highly Stable Down	0
HT	RvY_05015-1	1	0	1	0	0	1	0	down	1	Highly Stable	Highly Stable Down	0
HT	RvY_05040-1	1	0	1	0	0	1	0	down	1	Highly Stable	Highly Stable Down	0
HT	RvY_05049-1	1	0	1	0	0	1	0	down	1	Highly Stable	Highly Stable Down	0
HT	RvY_05050-1	1	0	1	0	0	1	0	down	1	Highly Stable	Highly Stable Down	0
HT	RvY_05054-1	1	0	1	0	0	1	0	down	1	Highly Stable	Highly Stable Down	0
HT	RvY_05058-1	1	0	1	0	0	1	0	down	1	Highly Stable	Highly Stable Down	0
HT	RvY_05073-1	1	0	1	0	0	1	0	down	1	Highly Stable	Highly Stable Down	0
HT	RvY_05079-1	1	0	1	0	0	1	0	down	1	Highly Stable	Highly Stable Down	0
HT	RvY_05089-1	1	0	1	0	0	1	0	down	1	Highly Stable	Highly Stable Down	0
HT	RvY_05090-1	1	0	1	0	0	1	0	down	1	Highly Stable	Highly Stable Down	0
HT	RvY_05101-1	1	0	1	0	0	1	0	down	1	Highly Stable	Highly Stable Down	0
HT	RvY_05103-1	1	0	1	0	0	1	0	down	1	Highly Stable	Highly Stable Down	0
HT	RvY_05105-1	1	0	1	0	0	1	0	down	1	Highly Stable	Highly Stable Down	0
HT	RvY_05117-1	1	0	1	0	0	1	0	down	1	Highly Stable	Highly Stable Down	0
HT	RvY_05135-1	1	0	1	0	0	1	0	down	1	Highly Stable	Highly Stable Down	0
HT	RvY_05166-1	1	0	1	0	0	1	0	down	1	Highly Stable	Highly Stable Down	0
HT	RvY_05181-1	1	0	1	0	0	1	0	down	1	Highly Stable	Highly Stable Down	0
HT	RvY_05202-1	1	0	1	0	0	1	0	down	1	Highly Stable	Highly Stable Down	0
HT	RvY_05208-1	1	0	1	0	0	1	0	down	1	Highly Stable	Highly Stable Down	0
HT	RvY_05209-1	1	0	1	0	0	1	0	down	1	Highly Stable	Highly Stable Down	0
HT	RvY_05210-1	1	0	1	0	0	1	0	down	1	Highly Stable	Highly Stable Down	0
HT	RvY_05223-1	1	0	1	0	0	1	0	down	1	Highly Stable	Highly Stable Down	0
HT	RvY_05230-1	1	0	1	0	0	1	0	down	1	Highly Stable	Highly Stable Down	0
HT	RvY_05237-1	1	0	1	0	0	1	0	down	1	Highly Stable	Highly Stable Down	0
HT	RvY_05240-1	1	0	1	0	0	1	0	down	1	Highly Stable	Highly Stable Down	0
HT	RvY_05249-1	1	0	1	0	0	1	0	down	1	Highly Stable	Highly Stable Down	0
HT	RvY_05250-1	1	0	1	0	0	1	0	down	1	Highly Stable	Highly Stable Down	0
HT	RvY_05259-1	1	0	1	0	0	1	0	down	1	Highly Stable	Highly Stable Down	0
HT	RvY_05262-1	1	0	1	0	0	1	0	down	1	Highly Stable	Highly Stable Down	0
HT	RvY_05276-1	1	0	1	0	0	1	0	down	1	Highly Stable	Highly Stable Down	0
HT	RvY_05277-1	1	0	1	0	0	1	0	down	1	Highly Stable	Highly Stable Down	0
HT	RvY_05294-1	1	0	1	0	0	1	0	down	1	Highly Stable	Highly Stable Down	0
HT	RvY_05305-1	1	0	1	0	0	1	0	down	1	Highly Stable	Highly Stable Down	0
HT	RvY_05310-1	1	0	1	0	0	1	0	down	1	Highly Stable	Highly Stable Down	0
HT	RvY_05334-1	1	0	1	0	0	1	0	down	1	Highly Stable	Highly Stable Down	0
HT	RvY_05337-1	1	0	1	0	0	1	0	down	1	Highly Stable	Highly Stable Down	0
HT	RvY_05365-1	1	0	1	0	0	1	0	down	1	Highly Stable	Highly Stable Down	0
HT	RvY_05375	1	0	1	0	0	1	0	down	1	Highly Stable	Highly Stable Down	0
HT	RvY_05435-1	1	0	1	0	0	1	0	down	1	Highly Stable	Highly Stable Down	0
HT	RvY_05451-1	1	0	1	0	0	1	0	down	1	Highly Stable	Highly Stable Down	0
HT	RvY_05468-1	1	0	1	0	0	1	0	down	1	Highly Stable	Highly Stable Down	0
HT	RvY_05469-1	1	0	1	0	0	1	0	down	1	Highly Stable	Highly Stable Down	0
HT	RvY_05477-1	1	0	1	0	0	1	0	down	1	Highly Stable	Highly Stable Down	0
HT	RvY_05479-1	1	0	1	0	0	1	0	down	1	Highly Stable	Highly Stable Down	0
HT	RvY_05481-1	1	0	1	0	0	1	0	down	1	Highly Stable	Highly Stable Down	0
HT	RvY_05484	1	0	1	0	0	1	0	down	1	Highly Stable	Highly Stable Down	0
HT	RvY_05496-1	1	0	1	0	0	1	0	down	1	Highly Stable	Highly Stable Down	0
HT	RvY_05501	1	0	1	0	0	1	0	down	1	Highly Stable	Highly Stable Down	0
HT	RvY_05513-1	1	0	1	0	0	1	0	down	1	Highly Stable	Highly Stable Down	0
HT	RvY_05521-1	1	0	1	0	0	1	0	down	1	Highly Stable	Highly Stable Down	0
HT	RvY_05539	1	0	1	0	0	1	0	down	1	Highly Stable	Highly Stable Down	0
HT	RvY_05540	1	0	1	0	0	1	0	down	1	Highly Stable	Highly Stable Down	0
HT	RvY_05548-1	1	0	1	0	0	1	0	down	1	Highly Stable	Highly Stable Down	0
HT	RvY_05549-1	1	0	1	0	0	1	0	down	1	Highly Stable	Highly Stable Down	0
HT	RvY_05552-1	1	0	1	0	0	1	0	down	1	Highly Stable	Highly Stable Down	0
HT	RvY_05559-1	1	0	1	0	0	1	0	down	1	Highly Stable	Highly Stable Down	0
HT	RvY_05565-1	1	0	1	0	0	1	0	down	1	Highly Stable	Highly Stable Down	0
HT	RvY_05566-1	1	0	1	0	0	1	0	down	1	Highly Stable	Highly Stable Down	0
HT	RvY_05579-1	1	0	1	0	0	1	0	down	1	Highly Stable	Highly Stable Down	0
HT	RvY_05584-1	1	0	1	0	0	1	0	down	1	Highly Stable	Highly Stable Down	0
HT	RvY_05587-1	1	0	1	0	0	1	0	down	1	Highly Stable	Highly Stable Down	0
HT	RvY_05591-1	1	0	1	0	0	1	0	down	1	Highly Stable	Highly Stable Down	0
HT	RvY_05604-1	1	0	1	0	0	1	0	down	1	Highly Stable	Highly Stable Down	0
HT	RvY_05612-1	1	0	1	0	0	1	0	down	1	Highly Stable	Highly Stable Down	0
HT	RvY_05614	1	0	1	0	0	1	0	down	1	Highly Stable	Highly Stable Down	0
HT	RvY_05620-1	1	0	1	0	0	1	0	down	1	Highly Stable	Highly Stable Down	0
HT	RvY_05629-1	1	0	1	0	0	1	0	down	1	Highly Stable	Highly Stable Down	0
HT	RvY_05651-1	1	0	1	0	0	1	0	down	1	Highly Stable	Highly Stable Down	0
HT	RvY_05655-1	1	0	1	0	0	1	0	down	1	Highly Stable	Highly Stable Down	0
HT	RvY_05664-1	1	0	1	0	0	1	0	down	1	Highly Stable	Highly Stable Down	0
HT	RvY_05668-1	1	0	1	0	0	1	0	down	1	Highly Stable	Highly Stable Down	0
HT	RvY_05674-1	1	0	1	0	0	1	0	down	1	Highly Stable	Highly Stable Down	0
HT	RvY_05677-1	1	0	1	0	0	1	0	down	1	Highly Stable	Highly Stable Down	0
HT	RvY_05686	1	0	1	0	0	1	0	down	1	Highly Stable	Highly Stable Down	0
HT	RvY_05701-1	1	0	1	0	0	1	0	down	1	Highly Stable	Highly Stable Down	0
HT	RvY_05702	1	0	1	0	0	1	0	down	1	Highly Stable	Highly Stable Down	0
HT	RvY_05708-1	1	0	1	0	0	1	0	down	1	Highly Stable	Highly Stable Down	0
HT	RvY_05709-1	1	0	1	0	0	1	0	down	1	Highly Stable	Highly Stable Down	0
HT	RvY_05712-1	1	0	1	0	0	1	0	down	1	Highly Stable	Highly Stable Down	0
HT	RvY_05714-1	1	0	1	0	0	1	0	down	1	Highly Stable	Highly Stable Down	0
HT	RvY_05735-1	1	0	1	0	0	1	0	down	1	Highly Stable	Highly Stable Down	0
HT	RvY_05736-1	1	0	1	0	0	1	0	down	1	Highly Stable	Highly Stable Down	0
HT	RvY_05739-1	1	0	1	0	0	1	0	down	1	Highly Stable	Highly Stable Down	0
HT	RvY_05740-1	1	0	1	0	0	1	0	down	1	Highly Stable	Highly Stable Down	0
HT	RvY_05745-1	1	0	1	0	0	1	0	down	1	Highly Stable	Highly Stable Down	0
HT	RvY_05748-1	1	0	1	0	0	1	0	down	1	Highly Stable	Highly Stable Down	0
HT	RvY_05751	1	0	1	0	0	1	0	down	1	Highly Stable	Highly Stable Down	0
HT	RvY_05753-1	1	0	1	0	0	1	0	down	1	Highly Stable	Highly Stable Down	0
HT	RvY_05754-1	1	0	1	0	0	1	0	down	1	Highly Stable	Highly Stable Down	0
HT	RvY_05755	1	0	1	0	0	1	0	down	1	Highly Stable	Highly Stable Down	0
HT	RvY_05779-1	1	0	1	0	0	1	0	down	1	Highly Stable	Highly Stable Down	0
HT	RvY_05780-1	1	0	1	0	0	1	0	down	1	Highly Stable	Highly Stable Down	0
HT	RvY_05798-1	1	0	1	0	0	1	0	down	1	Highly Stable	Highly Stable Down	0
HT	RvY_05809-1	1	0	1	0	0	1	0	down	1	Highly Stable	Highly Stable Down	0
HT	RvY_05821-1	1	0	1	0	0	1	0	down	1	Highly Stable	Highly Stable Down	0
HT	RvY_05829-1	1	0	1	0	0	1	0	down	1	Highly Stable	Highly Stable Down	0
HT	RvY_05833	1	0	1	0	0	1	0	down	1	Highly Stable	Highly Stable Down	0
HT	RvY_05835-1	1	0	1	0	0	1	0	down	1	Highly Stable	Highly Stable Down	0
HT	RvY_05857-1	1	0	1	0	0	1	0	down	1	Highly Stable	Highly Stable Down	0
HT	RvY_05860-1	1	0	1	0	0	1	0	down	1	Highly Stable	Highly Stable Down	0
HT	RvY_05861-1	1	0	1	0	0	1	0	down	1	Highly Stable	Highly Stable Down	0
HT	RvY_05892-1	1	0	1	0	0	1	0	down	1	Highly Stable	Highly Stable Down	0
HT	RvY_05896	1	0	1	0	0	1	0	down	1	Highly Stable	Highly Stable Down	0
HT	RvY_05906-1	1	0	1	0	0	1	0	down	1	Highly Stable	Highly Stable Down	0
HT	RvY_05909-1	1	0	1	0	0	1	0	down	1	Highly Stable	Highly Stable Down	0
HT	RvY_05923-1	1	0	1	0	0	1	0	down	1	Highly Stable	Highly Stable Down	0
HT	RvY_05932-1	1	0	1	0	0	1	0	down	1	Highly Stable	Highly Stable Down	0
HT	RvY_05933-1	1	0	1	0	0	1	0	down	1	Highly Stable	Highly Stable Down	0
HT	RvY_05936	1	0	1	0	0	1	0	down	1	Highly Stable	Highly Stable Down	0
HT	RvY_05968-1	1	0	1	0	0	1	0	down	1	Highly Stable	Highly Stable Down	0
HT	RvY_05969-1	1	0	1	0	0	1	0	down	1	Highly Stable	Highly Stable Down	0
HT	RvY_05976-1	1	0	1	0	0	1	0	down	1	Highly Stable	Highly Stable Down	0
HT	RvY_05979-1	1	0	1	0	0	1	0	down	1	Highly Stable	Highly Stable Down	0
HT	RvY_05981	1	0	1	0	0	1	0	down	1	Highly Stable	Highly Stable Down	0
HT	RvY_05990-1	1	0	1	0	0	1	0	down	1	Highly Stable	Highly Stable Down	0
HT	RvY_05992-1	1	0	1	0	0	1	0	down	1	Highly Stable	Highly Stable Down	0
HT	RvY_06004-1	1	0	1	0	0	1	0	down	1	Highly Stable	Highly Stable Down	0
HT	RvY_06028-1	1	0	1	0	0	1	0	down	1	Highly Stable	Highly Stable Down	0
HT	RvY_06032-1	1	0	1	0	0	1	0	down	1	Highly Stable	Highly Stable Down	0
HT	RvY_06034	1	0	1	0	0	1	0	down	1	Highly Stable	Highly Stable Down	0
HT	RvY_06035-1	1	0	1	0	0	1	0	down	1	Highly Stable	Highly Stable Down	0
HT	RvY_06036-1	1	0	1	0	0	1	0	down	1	Highly Stable	Highly Stable Down	0
HT	RvY_06045	1	0	1	0	0	1	0	down	1	Highly Stable	Highly Stable Down	0
HT	RvY_06060-1	1	0	1	0	0	1	0	down	1	Highly Stable	Highly Stable Down	0
HT	RvY_06061-1	1	0	1	0	0	1	0	down	1	Highly Stable	Highly Stable Down	0
HT	RvY_06079	1	0	1	0	0	1	0	down	1	Highly Stable	Highly Stable Down	0
HT	RvY_06092-1	1	0	1	0	0	1	0	down	1	Highly Stable	Highly Stable Down	0
HT	RvY_06101-1	1	0	1	0	0	1	0	down	1	Highly Stable	Highly Stable Down	0
HT	RvY_06137-1	1	0	1	0	0	1	0	down	1	Highly Stable	Highly Stable Down	0
HT	RvY_06141-1	1	0	1	0	0	1	0	down	1	Highly Stable	Highly Stable Down	0
HT	RvY_06142-1	1	0	1	0	0	1	0	down	1	Highly Stable	Highly Stable Down	0
HT	RvY_06151-1	1	0	1	0	0	1	0	down	1	Highly Stable	Highly Stable Down	0
HT	RvY_06153	1	0	1	0	0	1	0	down	1	Highly Stable	Highly Stable Down	0
HT	RvY_06165	1	0	1	0	0	1	0	down	1	Highly Stable	Highly Stable Down	0
HT	RvY_06171-1	1	0	1	0	0	1	0	down	1	Highly Stable	Highly Stable Down	0
HT	RvY_06179-1	1	0	1	0	0	1	0	down	1	Highly Stable	Highly Stable Down	0
HT	RvY_06199	1	0	1	0	0	1	0	down	1	Highly Stable	Highly Stable Down	0
HT	RvY_06201-1	1	0	1	0	0	1	0	down	1	Highly Stable	Highly Stable Down	0
HT	RvY_06202	1	0	1	0	0	1	0	down	1	Highly Stable	Highly Stable Down	0
HT	RvY_06217-1	1	0	1	0	0	1	0	down	1	Highly Stable	Highly Stable Down	0
HT	RvY_06218-1	1	0	1	0	0	1	0	down	1	Highly Stable	Highly Stable Down	0
HT	RvY_06219	1	0	1	0	0	1	0	down	1	Highly Stable	Highly Stable Down	0
HT	RvY_06227-1	1	0	1	0	0	1	0	down	1	Highly Stable	Highly Stable Down	0
HT	RvY_06230-1	1	0	1	0	0	1	0	down	1	Highly Stable	Highly Stable Down	0
HT	RvY_06247	1	0	1	0	0	1	0	down	1	Highly Stable	Highly Stable Down	0
HT	RvY_06248-1	1	0	1	0	0	1	0	down	1	Highly Stable	Highly Stable Down	0
HT	RvY_06249-1	1	0	1	0	0	1	0	down	1	Highly Stable	Highly Stable Down	0
HT	RvY_06251-1	1	0	1	0	0	1	0	down	1	Highly Stable	Highly Stable Down	0
HT	RvY_06258-1	1	0	1	0	0	1	0	down	1	Highly Stable	Highly Stable Down	0
HT	RvY_06262-1	1	0	1	0	0	1	0	down	1	Highly Stable	Highly Stable Down	0
HT	RvY_06263-1	1	0	1	0	0	1	0	down	1	Highly Stable	Highly Stable Down	0
HT	RvY_06267-1	1	0	1	0	0	1	0	down	1	Highly Stable	Highly Stable Down	0
HT	RvY_06268	1	0	1	0	0	1	0	down	1	Highly Stable	Highly Stable Down	0
HT	RvY_06270	1	0	1	0	0	1	0	down	1	Highly Stable	Highly Stable Down	0
HT	RvY_06271-1	1	0	1	0	0	1	0	down	1	Highly Stable	Highly Stable Down	0
HT	RvY_06283-1	1	0	1	0	0	1	0	down	1	Highly Stable	Highly Stable Down	0
HT	RvY_06291-1	1	0	1	0	0	1	0	down	1	Highly Stable	Highly Stable Down	0
HT	RvY_06292-1	1	0	1	0	0	1	0	down	1	Highly Stable	Highly Stable Down	0
HT	RvY_06303-1	1	0	1	0	0	1	0	down	1	Highly Stable	Highly Stable Down	0
HT	RvY_06304-1	1	0	1	0	0	1	0	down	1	Highly Stable	Highly Stable Down	0
HT	RvY_06305-1	1	0	1	0	0	1	0	down	1	Highly Stable	Highly Stable Down	0
HT	RvY_06310-1	1	0	1	0	0	1	0	down	1	Highly Stable	Highly Stable Down	0
HT	RvY_06317	1	0	1	0	0	1	0	down	1	Highly Stable	Highly Stable Down	0
HT	RvY_06324	1	0	1	0	0	1	0	down	1	Highly Stable	Highly Stable Down	0
HT	RvY_06328-1	1	0	1	0	0	1	0	down	1	Highly Stable	Highly Stable Down	0
HT	RvY_06329-1	1	0	1	0	0	1	0	down	1	Highly Stable	Highly Stable Down	0
HT	RvY_06341-1	1	0	1	0	0	1	0	down	1	Highly Stable	Highly Stable Down	0
HT	RvY_06342	1	0	1	0	0	1	0	down	1	Highly Stable	Highly Stable Down	0
HT	RvY_06343-1	1	0	1	0	0	1	0	down	1	Highly Stable	Highly Stable Down	0
HT	RvY_06344-1	1	0	1	0	0	1	0	down	1	Highly Stable	Highly Stable Down	0
HT	RvY_06351-1	1	0	1	0	0	1	0	down	1	Highly Stable	Highly Stable Down	0
HT	RvY_06352-1	1	0	1	0	0	1	0	down	1	Highly Stable	Highly Stable Down	0
HT	RvY_06356-1	1	0	1	0	0	1	0	down	1	Highly Stable	Highly Stable Down	0
HT	RvY_06359-1	1	0	1	0	0	1	0	down	1	Highly Stable	Highly Stable Down	0
HT	RvY_06395-1	1	0	1	0	0	1	0	down	1	Highly Stable	Highly Stable Down	0
HT	RvY_06396-1	1	0	1	0	0	1	0	down	1	Highly Stable	Highly Stable Down	0
HT	RvY_06401-1	1	0	1	0	0	1	0	down	1	Highly Stable	Highly Stable Down	0
HT	RvY_06406	1	0	1	0	0	1	0	down	1	Highly Stable	Highly Stable Down	0
HT	RvY_06409-1	1	0	1	0	0	1	0	down	1	Highly Stable	Highly Stable Down	0
HT	RvY_06422-1	1	0	1	0	0	1	0	down	1	Highly Stable	Highly Stable Down	0
HT	RvY_06465-1	1	0	1	0	0	1	0	down	1	Highly Stable	Highly Stable Down	0
HT	RvY_06468	1	0	1	0	0	1	0	down	1	Highly Stable	Highly Stable Down	0
HT	RvY_06470-1	1	0	1	0	0	1	0	down	1	Highly Stable	Highly Stable Down	0
HT	RvY_06471-1	1	0	1	0	0	1	0	down	1	Highly Stable	Highly Stable Down	0
HT	RvY_06474-1	1	0	1	0	0	1	0	down	1	Highly Stable	Highly Stable Down	0
HT	RvY_06475-1	1	0	1	0	0	1	0	down	1	Highly Stable	Highly Stable Down	0
HT	RvY_06492-1	1	0	1	0	0	1	0	down	1	Highly Stable	Highly Stable Down	0
HT	RvY_06509-1	1	0	1	0	0	1	0	down	1	Highly Stable	Highly Stable Down	0
HT	RvY_06514-1	1	0	1	0	0	1	0	down	1	Highly Stable	Highly Stable Down	0
HT	RvY_06530-1	1	0	1	0	0	1	0	down	1	Highly Stable	Highly Stable Down	0
HT	RvY_06544-1	1	0	1	0	0	1	0	down	1	Highly Stable	Highly Stable Down	0
HT	RvY_06552-1	1	0	1	0	0	1	0	down	1	Highly Stable	Highly Stable Down	0
HT	RvY_06560-1	1	0	1	0	0	1	0	down	1	Highly Stable	Highly Stable Down	0
HT	RvY_06574-1	1	0	1	0	0	1	0	down	1	Highly Stable	Highly Stable Down	0
HT	RvY_06592	1	0	1	0	0	1	0	down	1	Highly Stable	Highly Stable Down	0
HT	RvY_06621-1	1	0	1	0	0	1	0	down	1	Highly Stable	Highly Stable Down	0
HT	RvY_06624-1	1	0	1	0	0	1	0	down	1	Highly Stable	Highly Stable Down	0
HT	RvY_06629-1	1	0	1	0	0	1	0	down	1	Highly Stable	Highly Stable Down	0
HT	RvY_06641-1	1	0	1	0	0	1	0	down	1	Highly Stable	Highly Stable Down	0
HT	RvY_06644-1	1	0	1	0	0	1	0	down	1	Highly Stable	Highly Stable Down	0
HT	RvY_06646-1	1	0	1	0	0	1	0	down	1	Highly Stable	Highly Stable Down	0
HT	RvY_06647-1	1	0	1	0	0	1	0	down	1	Highly Stable	Highly Stable Down	0
HT	RvY_06653-1	1	0	1	0	0	1	0	down	1	Highly Stable	Highly Stable Down	0
HT	RvY_06655-1	1	0	1	0	0	1	0	down	1	Highly Stable	Highly Stable Down	0
HT	RvY_06660-1	1	0	1	0	0	1	0	down	1	Highly Stable	Highly Stable Down	0
HT	RvY_06661	1	0	1	0	0	1	0	down	1	Highly Stable	Highly Stable Down	0
HT	RvY_06662-1	1	0	1	0	0	1	0	down	1	Highly Stable	Highly Stable Down	0
HT	RvY_06664-1	1	0	1	0	0	1	0	down	1	Highly Stable	Highly Stable Down	0
HT	RvY_06675-1	1	0	1	0	0	1	0	down	1	Highly Stable	Highly Stable Down	0
HT	RvY_06680-1	1	0	1	0	0	1	0	down	1	Highly Stable	Highly Stable Down	0
HT	RvY_06702-1	1	0	1	0	0	1	0	down	1	Highly Stable	Highly Stable Down	0
HT	RvY_06716-1	1	0	1	0	0	1	0	down	1	Highly Stable	Highly Stable Down	0
HT	RvY_06717-1	1	0	1	0	0	1	0	down	1	Highly Stable	Highly Stable Down	0
HT	RvY_06729-1	1	0	1	0	0	1	0	down	1	Highly Stable	Highly Stable Down	0
HT	RvY_06734-1	1	0	1	0	0	1	0	down	1	Highly Stable	Highly Stable Down	0
HT	RvY_06740-1	1	0	1	0	0	1	0	down	1	Highly Stable	Highly Stable Down	0
HT	RvY_06757-1	1	0	1	0	0	1	0	down	1	Highly Stable	Highly Stable Down	0
HT	RvY_06764-1	1	0	1	0	0	1	0	down	1	Highly Stable	Highly Stable Down	0
HT	RvY_06765-1	1	0	1	0	0	1	0	down	1	Highly Stable	Highly Stable Down	0
HT	RvY_06772-1	1	0	1	0	0	1	0	down	1	Highly Stable	Highly Stable Down	0
HT	RvY_06778-1	1	0	1	0	0	1	0	down	1	Highly Stable	Highly Stable Down	0
HT	RvY_06782	1	0	1	0	0	1	0	down	1	Highly Stable	Highly Stable Down	0
HT	RvY_06791-1	1	0	1	0	0	1	0	down	1	Highly Stable	Highly Stable Down	0
HT	RvY_06794-1	1	0	1	0	0	1	0	down	1	Highly Stable	Highly Stable Down	0
HT	RvY_06795-1	1	0	1	0	0	1	0	down	1	Highly Stable	Highly Stable Down	0
HT	RvY_06797-1	1	0	1	0	0	1	0	down	1	Highly Stable	Highly Stable Down	0
HT	RvY_06801-1	1	0	1	0	0	1	0	down	1	Highly Stable	Highly Stable Down	0
HT	RvY_06804-1	1	0	1	0	0	1	0	down	1	Highly Stable	Highly Stable Down	0
HT	RvY_06805-1	1	0	1	0	0	1	0	down	1	Highly Stable	Highly Stable Down	0
HT	RvY_06809-1	1	0	1	0	0	1	0	down	1	Highly Stable	Highly Stable Down	0
HT	RvY_06816-1	1	0	1	0	0	1	0	down	1	Highly Stable	Highly Stable Down	0
HT	RvY_06821-1	1	0	1	0	0	1	0	down	1	Highly Stable	Highly Stable Down	0
HT	RvY_06847	1	0	1	0	0	1	0	down	1	Highly Stable	Highly Stable Down	0
HT	RvY_06854-1	1	0	1	0	0	1	0	down	1	Highly Stable	Highly Stable Down	0
HT	RvY_06866-1	1	0	1	0	0	1	0	down	1	Highly Stable	Highly Stable Down	0
HT	RvY_06875-1	1	0	1	0	0	1	0	down	1	Highly Stable	Highly Stable Down	0
HT	RvY_06877-1	1	0	1	0	0	1	0	down	1	Highly Stable	Highly Stable Down	0
HT	RvY_06888-1	1	0	1	0	0	1	0	down	1	Highly Stable	Highly Stable Down	0
HT	RvY_06889-1	1	0	1	0	0	1	0	down	1	Highly Stable	Highly Stable Down	0
HT	RvY_06915-1	1	0	1	0	0	1	0	down	1	Highly Stable	Highly Stable Down	0
HT	RvY_06927-1	1	0	1	0	0	1	0	down	1	Highly Stable	Highly Stable Down	0
HT	RvY_06932	1	0	1	0	0	1	0	down	1	Highly Stable	Highly Stable Down	0
HT	RvY_06936-1	1	0	1	0	0	1	0	down	1	Highly Stable	Highly Stable Down	0
HT	RvY_06937	1	0	1	0	0	1	0	down	1	Highly Stable	Highly Stable Down	0
HT	RvY_06965-1	1	0	1	0	0	1	0	down	1	Highly Stable	Highly Stable Down	0
HT	RvY_06966-1	1	0	1	0	0	1	0	down	1	Highly Stable	Highly Stable Down	0
HT	RvY_06972-1	1	0	1	0	0	1	0	down	1	Highly Stable	Highly Stable Down	0
HT	RvY_06976	1	0	1	0	0	1	0	down	1	Highly Stable	Highly Stable Down	0
HT	RvY_06985	1	0	1	0	0	1	0	down	1	Highly Stable	Highly Stable Down	0
HT	RvY_06986-1	1	0	1	0	0	1	0	down	1	Highly Stable	Highly Stable Down	0
HT	RvY_06999-1	1	0	1	0	0	1	0	down	1	Highly Stable	Highly Stable Down	0
HT	RvY_07000-1	1	0	1	0	0	1	0	down	1	Highly Stable	Highly Stable Down	0
HT	RvY_07001-1	1	0	1	0	0	1	0	down	1	Highly Stable	Highly Stable Down	0
HT	RvY_07002	1	0	1	0	0	1	0	down	1	Highly Stable	Highly Stable Down	0
HT	RvY_07007-1	1	0	1	0	0	1	0	down	1	Highly Stable	Highly Stable Down	0
HT	RvY_07010	1	0	1	0	0	1	0	down	1	Highly Stable	Highly Stable Down	0
HT	RvY_07013-1	1	0	1	0	0	1	0	down	1	Highly Stable	Highly Stable Down	0
HT	RvY_07017-1	1	0	1	0	0	1	0	down	1	Highly Stable	Highly Stable Down	0
HT	RvY_07027-1	1	0	1	0	0	1	0	down	1	Highly Stable	Highly Stable Down	0
HT	RvY_07029-1	1	0	1	0	0	1	0	down	1	Highly Stable	Highly Stable Down	0
HT	RvY_07065-1	1	0	1	0	0	1	0	down	1	Highly Stable	Highly Stable Down	0
HT	RvY_07092-1	1	0	1	0	0	1	0	down	1	Highly Stable	Highly Stable Down	0
HT	RvY_07093	1	0	1	0	0	1	0	down	1	Highly Stable	Highly Stable Down	0
HT	RvY_07096-1	1	0	1	0	0	1	0	down	1	Highly Stable	Highly Stable Down	0
HT	RvY_07097-1	1	0	1	0	0	1	0	down	1	Highly Stable	Highly Stable Down	0
HT	RvY_07101	1	0	1	0	0	1	0	down	1	Highly Stable	Highly Stable Down	0
HT	RvY_07103	1	0	1	0	0	1	0	down	1	Highly Stable	Highly Stable Down	0
HT	RvY_07106-1	1	0	1	0	0	1	0	down	1	Highly Stable	Highly Stable Down	0
HT	RvY_07113-1	1	0	1	0	0	1	0	down	1	Highly Stable	Highly Stable Down	0
HT	RvY_07116-1	1	0	1	0	0	1	0	down	1	Highly Stable	Highly Stable Down	0
HT	RvY_07131-1	1	0	1	0	0	1	0	down	1	Highly Stable	Highly Stable Down	0
HT	RvY_07157-1	1	0	1	0	0	1	0	down	1	Highly Stable	Highly Stable Down	0
HT	RvY_07160-1	1	0	1	0	0	1	0	down	1	Highly Stable	Highly Stable Down	0
HT	RvY_07173-1	1	0	1	0	0	1	0	down	1	Highly Stable	Highly Stable Down	0
HT	RvY_07175-1	1	0	1	0	0	1	0	down	1	Highly Stable	Highly Stable Down	0
HT	RvY_07179-1	1	0	1	0	0	1	0	down	1	Highly Stable	Highly Stable Down	0
HT	RvY_07180-1	1	0	1	0	0	1	0	down	1	Highly Stable	Highly Stable Down	0
HT	RvY_07181-1	1	0	1	0	0	1	0	down	1	Highly Stable	Highly Stable Down	0
HT	RvY_07188-1	1	0	1	0	0	1	0	down	1	Highly Stable	Highly Stable Down	0
HT	RvY_07192	1	0	1	0	0	1	0	down	1	Highly Stable	Highly Stable Down	0
HT	RvY_07193-1	1	0	1	0	0	1	0	down	1	Highly Stable	Highly Stable Down	0
HT	RvY_07194	1	0	1	0	0	1	0	down	1	Highly Stable	Highly Stable Down	0
HT	RvY_07199-1	1	0	1	0	0	1	0	down	1	Highly Stable	Highly Stable Down	0
HT	RvY_07214	1	0	1	0	0	1	0	down	1	Highly Stable	Highly Stable Down	0
HT	RvY_07219	1	0	1	0	0	1	0	down	1	Highly Stable	Highly Stable Down	0
HT	RvY_07229-1	1	0	1	0	0	1	0	down	1	Highly Stable	Highly Stable Down	0
HT	RvY_07245-1	1	0	1	0	0	1	0	down	1	Highly Stable	Highly Stable Down	0
HT	RvY_07256-1	1	0	1	0	0	1	0	down	1	Highly Stable	Highly Stable Down	0
HT	RvY_07266-1	1	0	1	0	0	1	0	down	1	Highly Stable	Highly Stable Down	0
HT	RvY_07272-1	1	0	1	0	0	1	0	down	1	Highly Stable	Highly Stable Down	0
HT	RvY_07277-1	1	0	1	0	0	1	0	down	1	Highly Stable	Highly Stable Down	0
HT	RvY_07280-1	1	0	1	0	0	1	0	down	1	Highly Stable	Highly Stable Down	0
HT	RvY_07282-1	1	0	1	0	0	1	0	down	1	Highly Stable	Highly Stable Down	0
HT	RvY_07288-1	1	0	1	0	0	1	0	down	1	Highly Stable	Highly Stable Down	0
HT	RvY_07290-1	1	0	1	0	0	1	0	down	1	Highly Stable	Highly Stable Down	0
HT	RvY_07296-1	1	0	1	0	0	1	0	down	1	Highly Stable	Highly Stable Down	0
HT	RvY_07309	1	0	1	0	0	1	0	down	1	Highly Stable	Highly Stable Down	0
HT	RvY_07310-1	1	0	1	0	0	1	0	down	1	Highly Stable	Highly Stable Down	0
HT	RvY_07312-1	1	0	1	0	0	1	0	down	1	Highly Stable	Highly Stable Down	0
HT	RvY_07314-1	1	0	1	0	0	1	0	down	1	Highly Stable	Highly Stable Down	0
HT	RvY_07324-1	1	0	1	0	0	1	0	down	1	Highly Stable	Highly Stable Down	0
HT	RvY_07325-1	1	0	1	0	0	1	0	down	1	Highly Stable	Highly Stable Down	0
HT	RvY_07328-1	1	0	1	0	0	1	0	down	1	Highly Stable	Highly Stable Down	0
HT	RvY_07329-1	1	0	1	0	0	1	0	down	1	Highly Stable	Highly Stable Down	0
HT	RvY_07330	1	0	1	0	0	1	0	down	1	Highly Stable	Highly Stable Down	0
HT	RvY_07342-1	1	0	1	0	0	1	0	down	1	Highly Stable	Highly Stable Down	0
HT	RvY_07345-1	1	0	1	0	0	1	0	down	1	Highly Stable	Highly Stable Down	0
HT	RvY_07352-1	1	0	1	0	0	1	0	down	1	Highly Stable	Highly Stable Down	0
HT	RvY_07353-1	1	0	1	0	0	1	0	down	1	Highly Stable	Highly Stable Down	0
HT	RvY_07354-1	1	0	1	0	0	1	0	down	1	Highly Stable	Highly Stable Down	0
HT	RvY_07360	1	0	1	0	0	1	0	down	1	Highly Stable	Highly Stable Down	0
HT	RvY_07380-1	1	0	1	0	0	1	0	down	1	Highly Stable	Highly Stable Down	0
HT	RvY_07381-1	1	0	1	0	0	1	0	down	1	Highly Stable	Highly Stable Down	0
HT	RvY_07384-1	1	0	1	0	0	1	0	down	1	Highly Stable	Highly Stable Down	0
HT	RvY_07388-1	1	0	1	0	0	1	0	down	1	Highly Stable	Highly Stable Down	0
HT	RvY_07395-1	1	0	1	0	0	1	0	down	1	Highly Stable	Highly Stable Down	0
HT	RvY_07406-1	1	0	1	0	0	1	0	down	1	Highly Stable	Highly Stable Down	0
HT	RvY_07412	1	0	1	0	0	1	0	down	1	Highly Stable	Highly Stable Down	0
HT	RvY_07425-1	1	0	1	0	0	1	0	down	1	Highly Stable	Highly Stable Down	0
HT	RvY_07427-1	1	0	1	0	0	1	0	down	1	Highly Stable	Highly Stable Down	0
HT	RvY_07432-1	1	0	1	0	0	1	0	down	1	Highly Stable	Highly Stable Down	0
HT	RvY_07438	1	0	1	0	0	1	0	down	1	Highly Stable	Highly Stable Down	0
HT	RvY_07439	1	0	1	0	0	1	0	down	1	Highly Stable	Highly Stable Down	0
HT	RvY_07447	1	0	1	0	0	1	0	down	1	Highly Stable	Highly Stable Down	0
HT	RvY_07453-1	1	0	1	0	0	1	0	down	1	Highly Stable	Highly Stable Down	0
HT	RvY_07464-1	1	0	1	0	0	1	0	down	1	Highly Stable	Highly Stable Down	0
HT	RvY_07465-1	1	0	1	0	0	1	0	down	1	Highly Stable	Highly Stable Down	0
HT	RvY_07474-1	1	0	1	0	0	1	0	down	1	Highly Stable	Highly Stable Down	0
HT	RvY_07475-1	1	0	1	0	0	1	0	down	1	Highly Stable	Highly Stable Down	0
HT	RvY_07476-1	1	0	1	0	0	1	0	down	1	Highly Stable	Highly Stable Down	0
HT	RvY_07484-1	1	0	1	0	0	1	0	down	1	Highly Stable	Highly Stable Down	0
HT	RvY_07499-1	1	0	1	0	0	1	0	down	1	Highly Stable	Highly Stable Down	0
HT	RvY_07523-1	1	0	1	0	0	1	0	down	1	Highly Stable	Highly Stable Down	0
HT	RvY_07546-1	1	0	1	0	0	1	0	down	1	Highly Stable	Highly Stable Down	0
HT	RvY_07553	1	0	1	0	0	1	0	down	1	Highly Stable	Highly Stable Down	0
HT	RvY_07561-1	1	0	1	0	0	1	0	down	1	Highly Stable	Highly Stable Down	0
HT	RvY_07563	1	0	1	0	0	1	0	down	1	Highly Stable	Highly Stable Down	0
HT	RvY_07567-1	1	0	1	0	0	1	0	down	1	Highly Stable	Highly Stable Down	0
HT	RvY_07570-1	1	0	1	0	0	1	0	down	1	Highly Stable	Highly Stable Down	0
HT	RvY_07571-1	1	0	1	0	0	1	0	down	1	Highly Stable	Highly Stable Down	0
HT	RvY_07576-1	1	0	1	0	0	1	0	down	1	Highly Stable	Highly Stable Down	0
HT	RvY_07601-1	1	0	1	0	0	1	0	down	1	Highly Stable	Highly Stable Down	0
HT	RvY_07604	1	0	1	0	0	1	0	down	1	Highly Stable	Highly Stable Down	0
HT	RvY_07606-1	1	0	1	0	0	1	0	down	1	Highly Stable	Highly Stable Down	0
HT	RvY_07612-1	1	0	1	0	0	1	0	down	1	Highly Stable	Highly Stable Down	0
HT	RvY_07627-1	1	0	1	0	0	1	0	down	1	Highly Stable	Highly Stable Down	0
HT	RvY_07637-1	1	0	1	0	0	1	0	down	1	Highly Stable	Highly Stable Down	0
HT	RvY_07639-1	1	0	1	0	0	1	0	down	1	Highly Stable	Highly Stable Down	0
HT	RvY_07640	1	0	1	0	0	1	0	down	1	Highly Stable	Highly Stable Down	0
HT	RvY_07646-1	1	0	1	0	0	1	0	down	1	Highly Stable	Highly Stable Down	0
HT	RvY_07656-1	1	0	1	0	0	1	0	down	1	Highly Stable	Highly Stable Down	0
HT	RvY_07662-1	1	0	1	0	0	1	0	down	1	Highly Stable	Highly Stable Down	0
HT	RvY_07664-1	1	0	1	0	0	1	0	down	1	Highly Stable	Highly Stable Down	0
HT	RvY_07666	1	0	1	0	0	1	0	down	1	Highly Stable	Highly Stable Down	0
HT	RvY_07680-1	1	0	1	0	0	1	0	down	1	Highly Stable	Highly Stable Down	0
HT	RvY_07700	1	0	1	0	0	1	0	down	1	Highly Stable	Highly Stable Down	0
HT	RvY_07722-1	1	0	1	0	0	1	0	down	1	Highly Stable	Highly Stable Down	0
HT	RvY_07723-1	1	0	1	0	0	1	0	down	1	Highly Stable	Highly Stable Down	0
HT	RvY_07725-1	1	0	1	0	0	1	0	down	1	Highly Stable	Highly Stable Down	0
HT	RvY_07728-1	1	0	1	0	0	1	0	down	1	Highly Stable	Highly Stable Down	0
HT	RvY_07732-1	1	0	1	0	0	1	0	down	1	Highly Stable	Highly Stable Down	0
HT	RvY_07758-1	1	0	1	0	0	1	0	down	1	Highly Stable	Highly Stable Down	0
HT	RvY_07759-1	1	0	1	0	0	1	0	down	1	Highly Stable	Highly Stable Down	0
HT	RvY_07760-1	1	0	1	0	0	1	0	down	1	Highly Stable	Highly Stable Down	0
HT	RvY_07774-1	1	0	1	0	0	1	0	down	1	Highly Stable	Highly Stable Down	0
HT	RvY_07783-1	1	0	1	0	0	1	0	down	1	Highly Stable	Highly Stable Down	0
HT	RvY_07789-1	1	0	1	0	0	1	0	down	1	Highly Stable	Highly Stable Down	0
HT	RvY_07799-1	1	0	1	0	0	1	0	down	1	Highly Stable	Highly Stable Down	0
HT	RvY_07802	1	0	1	0	0	1	0	down	1	Highly Stable	Highly Stable Down	0
HT	RvY_07823-1	1	0	1	0	0	1	0	down	1	Highly Stable	Highly Stable Down	0
HT	RvY_07824-1	1	0	1	0	0	1	0	down	1	Highly Stable	Highly Stable Down	0
HT	RvY_07825-1	1	0	1	0	0	1	0	down	1	Highly Stable	Highly Stable Down	0
HT	RvY_07828-1	1	0	1	0	0	1	0	down	1	Highly Stable	Highly Stable Down	0
HT	RvY_07830-1	1	0	1	0	0	1	0	down	1	Highly Stable	Highly Stable Down	0
HT	RvY_07831	1	0	1	0	0	1	0	down	1	Highly Stable	Highly Stable Down	0
HT	RvY_07832-1	1	0	1	0	0	1	0	down	1	Highly Stable	Highly Stable Down	0
HT	RvY_07836-1	1	0	1	0	0	1	0	down	1	Highly Stable	Highly Stable Down	0
HT	RvY_07840-1	1	0	1	0	0	1	0	down	1	Highly Stable	Highly Stable Down	0
HT	RvY_07844-1	1	0	1	0	0	1	0	down	1	Highly Stable	Highly Stable Down	0
HT	RvY_07846-1	1	0	1	0	0	1	0	down	1	Highly Stable	Highly Stable Down	0
HT	RvY_07865-1	1	0	1	0	0	1	0	down	1	Highly Stable	Highly Stable Down	0
HT	RvY_07878	1	0	1	0	0	1	0	down	1	Highly Stable	Highly Stable Down	0
HT	RvY_07879-1	1	0	1	0	0	1	0	down	1	Highly Stable	Highly Stable Down	0
HT	RvY_07891-1	1	0	1	0	0	1	0	down	1	Highly Stable	Highly Stable Down	0
HT	RvY_07899-1	1	0	1	0	0	1	0	down	1	Highly Stable	Highly Stable Down	0
HT	RvY_07903-1	1	0	1	0	0	1	0	down	1	Highly Stable	Highly Stable Down	0
HT	RvY_07949-1	1	0	1	0	0	1	0	down	1	Highly Stable	Highly Stable Down	0
HT	RvY_07966	1	0	1	0	0	1	0	down	1	Highly Stable	Highly Stable Down	0
HT	RvY_07972-1	1	0	1	0	0	1	0	down	1	Highly Stable	Highly Stable Down	0
HT	RvY_07983-1	1	0	1	0	0	1	0	down	1	Highly Stable	Highly Stable Down	0
HT	RvY_08025-1	1	0	1	0	0	1	0	down	1	Highly Stable	Highly Stable Down	0
HT	RvY_08026-1	1	0	1	0	0	1	0	down	1	Highly Stable	Highly Stable Down	0
HT	RvY_08027	1	0	1	0	0	1	0	down	1	Highly Stable	Highly Stable Down	0
HT	RvY_08039-1	1	0	1	0	0	1	0	down	1	Highly Stable	Highly Stable Down	0
HT	RvY_08075	1	0	1	0	0	1	0	down	1	Highly Stable	Highly Stable Down	0
HT	RvY_08080-1	1	0	1	0	0	1	0	down	1	Highly Stable	Highly Stable Down	0
HT	RvY_08118-1	1	0	1	0	0	1	0	down	1	Highly Stable	Highly Stable Down	0
HT	RvY_08132-1	1	0	1	0	0	1	0	down	1	Highly Stable	Highly Stable Down	0
HT	RvY_08141-1	1	0	1	0	0	1	0	down	1	Highly Stable	Highly Stable Down	0
HT	RvY_08147-1	1	0	1	0	0	1	0	down	1	Highly Stable	Highly Stable Down	0
HT	RvY_08152	1	0	1	0	0	1	0	down	1	Highly Stable	Highly Stable Down	0
HT	RvY_08155-1	1	0	1	0	0	1	0	down	1	Highly Stable	Highly Stable Down	0
HT	RvY_08168-1	1	0	1	0	0	1	0	down	1	Highly Stable	Highly Stable Down	0
HT	RvY_08175-1	1	0	1	0	0	1	0	down	1	Highly Stable	Highly Stable Down	0
HT	RvY_08182	1	0	1	0	0	1	0	down	1	Highly Stable	Highly Stable Down	0
HT	RvY_08196-1	1	0	1	0	0	1	0	down	1	Highly Stable	Highly Stable Down	0
HT	RvY_08198-1	1	0	1	0	0	1	0	down	1	Highly Stable	Highly Stable Down	0
HT	RvY_08199-1	1	0	1	0	0	1	0	down	1	Highly Stable	Highly Stable Down	0
HT	RvY_08201-1	1	0	1	0	0	1	0	down	1	Highly Stable	Highly Stable Down	0
HT	RvY_08202-1	1	0	1	0	0	1	0	down	1	Highly Stable	Highly Stable Down	0
HT	RvY_08214	1	0	1	0	0	1	0	down	1	Highly Stable	Highly Stable Down	0
HT	RvY_08222-1	1	0	1	0	0	1	0	down	1	Highly Stable	Highly Stable Down	0
HT	RvY_08228-1	1	0	1	0	0	1	0	down	1	Highly Stable	Highly Stable Down	0
HT	RvY_08250-1	1	0	1	0	0	1	0	down	1	Highly Stable	Highly Stable Down	0
HT	RvY_08267-1	1	0	1	0	0	1	0	down	1	Highly Stable	Highly Stable Down	0
HT	RvY_08268-1	1	0	1	0	0	1	0	down	1	Highly Stable	Highly Stable Down	0
HT	RvY_08282-1	1	0	1	0	0	1	0	down	1	Highly Stable	Highly Stable Down	0
HT	RvY_08284-1	1	0	1	0	0	1	0	down	1	Highly Stable	Highly Stable Down	0
HT	RvY_08285-1	1	0	1	0	0	1	0	down	1	Highly Stable	Highly Stable Down	0
HT	RvY_08286	1	0	1	0	0	1	0	down	1	Highly Stable	Highly Stable Down	0
HT	RvY_08287	1	0	1	0	0	1	0	down	1	Highly Stable	Highly Stable Down	0
HT	RvY_08293-1	1	0	1	0	0	1	0	down	1	Highly Stable	Highly Stable Down	0
HT	RvY_08316-1	1	0	1	0	0	1	0	down	1	Highly Stable	Highly Stable Down	0
HT	RvY_08317-1	1	0	1	0	0	1	0	down	1	Highly Stable	Highly Stable Down	0
HT	RvY_08318-1	1	0	1	0	0	1	0	down	1	Highly Stable	Highly Stable Down	0
HT	RvY_08321-1	1	0	1	0	0	1	0	down	1	Highly Stable	Highly Stable Down	0
HT	RvY_08327-1	1	0	1	0	0	1	0	down	1	Highly Stable	Highly Stable Down	0
HT	RvY_08328-1	1	0	1	0	0	1	0	down	1	Highly Stable	Highly Stable Down	0
HT	RvY_08329-1	1	0	1	0	0	1	0	down	1	Highly Stable	Highly Stable Down	0
HT	RvY_08357-1	1	0	1	0	0	1	0	down	1	Highly Stable	Highly Stable Down	0
HT	RvY_08380-1	1	0	1	0	0	1	0	down	1	Highly Stable	Highly Stable Down	0
HT	RvY_08382-1	1	0	1	0	0	1	0	down	1	Highly Stable	Highly Stable Down	0
HT	RvY_08386-1	1	0	1	0	0	1	0	down	1	Highly Stable	Highly Stable Down	0
HT	RvY_08393-1	1	0	1	0	0	1	0	down	1	Highly Stable	Highly Stable Down	0
HT	RvY_08395-1	1	0	1	0	0	1	0	down	1	Highly Stable	Highly Stable Down	0
HT	RvY_08403-1	1	0	1	0	0	1	0	down	1	Highly Stable	Highly Stable Down	0
HT	RvY_08411-1	1	0	1	0	0	1	0	down	1	Highly Stable	Highly Stable Down	0
HT	RvY_08412-1	1	0	1	0	0	1	0	down	1	Highly Stable	Highly Stable Down	0
HT	RvY_08422-1	1	0	1	0	0	1	0	down	1	Highly Stable	Highly Stable Down	0
HT	RvY_08431-1	1	0	1	0	0	1	0	down	1	Highly Stable	Highly Stable Down	0
HT	RvY_08437-1	1	0	1	0	0	1	0	down	1	Highly Stable	Highly Stable Down	0
HT	RvY_08441-1	1	0	1	0	0	1	0	down	1	Highly Stable	Highly Stable Down	0
HT	RvY_08450-1	1	0	1	0	0	1	0	down	1	Highly Stable	Highly Stable Down	0
HT	RvY_08459-1	1	0	1	0	0	1	0	down	1	Highly Stable	Highly Stable Down	0
HT	RvY_08461-1	1	0	1	0	0	1	0	down	1	Highly Stable	Highly Stable Down	0
HT	RvY_08466-1	1	0	1	0	0	1	0	down	1	Highly Stable	Highly Stable Down	0
HT	RvY_08490-2	1	0	1	0	0	1	0	down	1	Highly Stable	Highly Stable Down	0
HT	RvY_08497-1	1	0	1	0	0	1	0	down	1	Highly Stable	Highly Stable Down	0
HT	RvY_08499-1	1	0	1	0	0	1	0	down	1	Highly Stable	Highly Stable Down	0
HT	RvY_08512	1	0	1	0	0	1	0	down	1	Highly Stable	Highly Stable Down	0
HT	RvY_08516-1	1	0	1	0	0	1	0	down	1	Highly Stable	Highly Stable Down	0
HT	RvY_08520-1	1	0	1	0	0	1	0	down	1	Highly Stable	Highly Stable Down	0
HT	RvY_08542	1	0	1	0	0	1	0	down	1	Highly Stable	Highly Stable Down	0
HT	RvY_08543-1	1	0	1	0	0	1	0	down	1	Highly Stable	Highly Stable Down	0
HT	RvY_08545-1	1	0	1	0	0	1	0	down	1	Highly Stable	Highly Stable Down	0
HT	RvY_08546-1	1	0	1	0	0	1	0	down	1	Highly Stable	Highly Stable Down	0
HT	RvY_08559-1	1	0	1	0	0	1	0	down	1	Highly Stable	Highly Stable Down	0
HT	RvY_08573-1	1	0	1	0	0	1	0	down	1	Highly Stable	Highly Stable Down	0
HT	RvY_08574	1	0	1	0	0	1	0	down	1	Highly Stable	Highly Stable Down	0
HT	RvY_08575-1	1	0	1	0	0	1	0	down	1	Highly Stable	Highly Stable Down	0
HT	RvY_08580-1	1	0	1	0	0	1	0	down	1	Highly Stable	Highly Stable Down	0
HT	RvY_08588-1	1	0	1	0	0	1	0	down	1	Highly Stable	Highly Stable Down	0
HT	RvY_08606-1	1	0	1	0	0	1	0	down	1	Highly Stable	Highly Stable Down	0
HT	RvY_08610-1	1	0	1	0	0	1	0	down	1	Highly Stable	Highly Stable Down	0
HT	RvY_08612-1	1	0	1	0	0	1	0	down	1	Highly Stable	Highly Stable Down	0
HT	RvY_08619	1	0	1	0	0	1	0	down	1	Highly Stable	Highly Stable Down	0
HT	RvY_08640-1	1	0	1	0	0	1	0	down	1	Highly Stable	Highly Stable Down	0
HT	RvY_08641-1	1	0	1	0	0	1	0	down	1	Highly Stable	Highly Stable Down	0
HT	RvY_08642-1	1	0	1	0	0	1	0	down	1	Highly Stable	Highly Stable Down	0
HT	RvY_08648-1	1	0	1	0	0	1	0	down	1	Highly Stable	Highly Stable Down	0
HT	RvY_08658-1	1	0	1	0	0	1	0	down	1	Highly Stable	Highly Stable Down	0
HT	RvY_08675	1	0	1	0	0	1	0	down	1	Highly Stable	Highly Stable Down	0
HT	RvY_08684-1	1	0	1	0	0	1	0	down	1	Highly Stable	Highly Stable Down	0
HT	RvY_08693	1	0	1	0	0	1	0	down	1	Highly Stable	Highly Stable Down	0
HT	RvY_08703-1	1	0	1	0	0	1	0	down	1	Highly Stable	Highly Stable Down	0
HT	RvY_08708-1	1	0	1	0	0	1	0	down	1	Highly Stable	Highly Stable Down	0
HT	RvY_08719	1	0	1	0	0	1	0	down	1	Highly Stable	Highly Stable Down	0
HT	RvY_08723-1	1	0	1	0	0	1	0	down	1	Highly Stable	Highly Stable Down	0
HT	RvY_08742-1	1	0	1	0	0	1	0	down	1	Highly Stable	Highly Stable Down	0
HT	RvY_08743-1	1	0	1	0	0	1	0	down	1	Highly Stable	Highly Stable Down	0
HT	RvY_08745-1	1	0	1	0	0	1	0	down	1	Highly Stable	Highly Stable Down	0
HT	RvY_08753-1	1	0	1	0	0	1	0	down	1	Highly Stable	Highly Stable Down	0
HT	RvY_08754	1	0	1	0	0	1	0	down	1	Highly Stable	Highly Stable Down	0
HT	RvY_08758-1	1	0	1	0	0	1	0	down	1	Highly Stable	Highly Stable Down	0
HT	RvY_08759-1	1	0	1	0	0	1	0	down	1	Highly Stable	Highly Stable Down	0
HT	RvY_08767	1	0	1	0	0	1	0	down	1	Highly Stable	Highly Stable Down	0
HT	RvY_08779	1	0	1	0	0	1	0	down	1	Highly Stable	Highly Stable Down	0
HT	RvY_08781-1	1	0	1	0	0	1	0	down	1	Highly Stable	Highly Stable Down	0
HT	RvY_08783-1	1	0	1	0	0	1	0	down	1	Highly Stable	Highly Stable Down	0
HT	RvY_08785-1	1	0	1	0	0	1	0	down	1	Highly Stable	Highly Stable Down	0
HT	RvY_08791-1	1	0	1	0	0	1	0	down	1	Highly Stable	Highly Stable Down	0
HT	RvY_08793-1	1	0	1	0	0	1	0	down	1	Highly Stable	Highly Stable Down	0
HT	RvY_08797-1	1	0	1	0	0	1	0	down	1	Highly Stable	Highly Stable Down	0
HT	RvY_08813-1	1	0	1	0	0	1	0	down	1	Highly Stable	Highly Stable Down	0
HT	RvY_08820-1	1	0	1	0	0	1	0	down	1	Highly Stable	Highly Stable Down	0
HT	RvY_08838-1	1	0	1	0	0	1	0	down	1	Highly Stable	Highly Stable Down	0
HT	RvY_08841-1	1	0	1	0	0	1	0	down	1	Highly Stable	Highly Stable Down	0
HT	RvY_08844-1	1	0	1	0	0	1	0	down	1	Highly Stable	Highly Stable Down	0
HT	RvY_08855-1	1	0	1	0	0	1	0	down	1	Highly Stable	Highly Stable Down	0
HT	RvY_08856-1	1	0	1	0	0	1	0	down	1	Highly Stable	Highly Stable Down	0
HT	RvY_08873-1	1	0	1	0	0	1	0	down	1	Highly Stable	Highly Stable Down	0
HT	RvY_08888-1	1	0	1	0	0	1	0	down	1	Highly Stable	Highly Stable Down	0
HT	RvY_08895-1	1	0	1	0	0	1	0	down	1	Highly Stable	Highly Stable Down	0
HT	RvY_08897	1	0	1	0	0	1	0	down	1	Highly Stable	Highly Stable Down	0
HT	RvY_08901-1	1	0	1	0	0	1	0	down	1	Highly Stable	Highly Stable Down	0
HT	RvY_08902-1	1	0	1	0	0	1	0	down	1	Highly Stable	Highly Stable Down	0
HT	RvY_08903	1	0	1	0	0	1	0	down	1	Highly Stable	Highly Stable Down	0
HT	RvY_08915	1	0	1	0	0	1	0	down	1	Highly Stable	Highly Stable Down	0
HT	RvY_08924-1	1	0	1	0	0	1	0	down	1	Highly Stable	Highly Stable Down	0
HT	RvY_08926-1	1	0	1	0	0	1	0	down	1	Highly Stable	Highly Stable Down	0
HT	RvY_08944-1	1	0	1	0	0	1	0	down	1	Highly Stable	Highly Stable Down	0
HT	RvY_08957-1	1	0	1	0	0	1	0	down	1	Highly Stable	Highly Stable Down	0
HT	RvY_08959-1	1	0	1	0	0	1	0	down	1	Highly Stable	Highly Stable Down	0
HT	RvY_08968-1	1	0	1	0	0	1	0	down	1	Highly Stable	Highly Stable Down	0
HT	RvY_08983	1	0	1	0	0	1	0	down	1	Highly Stable	Highly Stable Down	0
HT	RvY_08987	1	0	1	0	0	1	0	down	1	Highly Stable	Highly Stable Down	0
HT	RvY_09006	1	0	1	0	0	1	0	down	1	Highly Stable	Highly Stable Down	0
HT	RvY_09008-1	1	0	1	0	0	1	0	down	1	Highly Stable	Highly Stable Down	0
HT	RvY_09017-1	1	0	1	0	0	1	0	down	1	Highly Stable	Highly Stable Down	0
HT	RvY_09018-1	1	0	1	0	0	1	0	down	1	Highly Stable	Highly Stable Down	0
HT	RvY_09026-1	1	0	1	0	0	1	0	down	1	Highly Stable	Highly Stable Down	0
HT	RvY_09029-1	1	0	1	0	0	1	0	down	1	Highly Stable	Highly Stable Down	0
HT	RvY_09060-1	1	0	1	0	0	1	0	down	1	Highly Stable	Highly Stable Down	0
HT	RvY_09117-1	1	0	1	0	0	1	0	down	1	Highly Stable	Highly Stable Down	0
HT	RvY_09122-1	1	0	1	0	0	1	0	down	1	Highly Stable	Highly Stable Down	0
HT	RvY_09126-1	1	0	1	0	0	1	0	down	1	Highly Stable	Highly Stable Down	0
HT	RvY_09131	1	0	1	0	0	1	0	down	1	Highly Stable	Highly Stable Down	0
HT	RvY_09162-1	1	0	1	0	0	1	0	down	1	Highly Stable	Highly Stable Down	0
HT	RvY_09176-1	1	0	1	0	0	1	0	down	1	Highly Stable	Highly Stable Down	0
HT	RvY_09187-1	1	0	1	0	0	1	0	down	1	Highly Stable	Highly Stable Down	0
HT	RvY_09188-1	1	0	1	0	0	1	0	down	1	Highly Stable	Highly Stable Down	0
HT	RvY_09190	1	0	1	0	0	1	0	down	1	Highly Stable	Highly Stable Down	0
HT	RvY_09193-1	1	0	1	0	0	1	0	down	1	Highly Stable	Highly Stable Down	0
HT	RvY_09195	1	0	1	0	0	1	0	down	1	Highly Stable	Highly Stable Down	0
HT	RvY_09196-1	1	0	1	0	0	1	0	down	1	Highly Stable	Highly Stable Down	0
HT	RvY_09197-1	1	0	1	0	0	1	0	down	1	Highly Stable	Highly Stable Down	0
HT	RvY_09208-1	1	0	1	0	0	1	0	down	1	Highly Stable	Highly Stable Down	0
HT	RvY_09209	1	0	1	0	0	1	0	down	1	Highly Stable	Highly Stable Down	0
HT	RvY_09211-1	1	0	1	0	0	1	0	down	1	Highly Stable	Highly Stable Down	0
HT	RvY_09213-1	1	0	1	0	0	1	0	down	1	Highly Stable	Highly Stable Down	0
HT	RvY_09217-1	1	0	1	0	0	1	0	down	1	Highly Stable	Highly Stable Down	0
HT	RvY_09228-1	1	0	1	0	0	1	0	down	1	Highly Stable	Highly Stable Down	0
HT	RvY_09229-1	1	0	1	0	0	1	0	down	1	Highly Stable	Highly Stable Down	0
HT	RvY_09230-1	1	0	1	0	0	1	0	down	1	Highly Stable	Highly Stable Down	0
HT	RvY_09231	1	0	1	0	0	1	0	down	1	Highly Stable	Highly Stable Down	0
HT	RvY_09233-1	1	0	1	0	0	1	0	down	1	Highly Stable	Highly Stable Down	0
HT	RvY_09235-1	1	0	1	0	0	1	0	down	1	Highly Stable	Highly Stable Down	0
HT	RvY_09251-1	1	0	1	0	0	1	0	down	1	Highly Stable	Highly Stable Down	0
HT	RvY_09252	1	0	1	0	0	1	0	down	1	Highly Stable	Highly Stable Down	0
HT	RvY_09257-1	1	0	1	0	0	1	0	down	1	Highly Stable	Highly Stable Down	0
HT	RvY_09258-1	1	0	1	0	0	1	0	down	1	Highly Stable	Highly Stable Down	0
HT	RvY_09262-1	1	0	1	0	0	1	0	down	1	Highly Stable	Highly Stable Down	0
HT	RvY_09268-1	1	0	1	0	0	1	0	down	1	Highly Stable	Highly Stable Down	0
HT	RvY_09276	1	0	1	0	0	1	0	down	1	Highly Stable	Highly Stable Down	0
HT	RvY_09282	1	0	1	0	0	1	0	down	1	Highly Stable	Highly Stable Down	0
HT	RvY_09287-1	1	0	1	0	0	1	0	down	1	Highly Stable	Highly Stable Down	0
HT	RvY_09289-1	1	0	1	0	0	1	0	down	1	Highly Stable	Highly Stable Down	0
HT	RvY_09299-1	1	0	1	0	0	1	0	down	1	Highly Stable	Highly Stable Down	0
HT	RvY_09316	1	0	1	0	0	1	0	down	1	Highly Stable	Highly Stable Down	0
HT	RvY_09320-1	1	0	1	0	0	1	0	down	1	Highly Stable	Highly Stable Down	0
HT	RvY_09329-1	1	0	1	0	0	1	0	down	1	Highly Stable	Highly Stable Down	0
HT	RvY_09347-1	1	0	1	0	0	1	0	down	1	Highly Stable	Highly Stable Down	0
HT	RvY_09390-1	1	0	1	0	0	1	0	down	1	Highly Stable	Highly Stable Down	0
HT	RvY_09409-1	1	0	1	0	0	1	0	down	1	Highly Stable	Highly Stable Down	0
HT	RvY_09412-1	1	0	1	0	0	1	0	down	1	Highly Stable	Highly Stable Down	0
HT	RvY_09415-1	1	0	1	0	0	1	0	down	1	Highly Stable	Highly Stable Down	0
HT	RvY_09420-1	1	0	1	0	0	1	0	down	1	Highly Stable	Highly Stable Down	0
HT	RvY_09421-1	1	0	1	0	0	1	0	down	1	Highly Stable	Highly Stable Down	0
HT	RvY_09423-1	1	0	1	0	0	1	0	down	1	Highly Stable	Highly Stable Down	0
HT	RvY_09432-1	1	0	1	0	0	1	0	down	1	Highly Stable	Highly Stable Down	0
HT	RvY_09445	1	0	1	0	0	1	0	down	1	Highly Stable	Highly Stable Down	0
HT	RvY_09448	1	0	1	0	0	1	0	down	1	Highly Stable	Highly Stable Down	0
HT	RvY_09463-1	1	0	1	0	0	1	0	down	1	Highly Stable	Highly Stable Down	0
HT	RvY_09491-1	1	0	1	0	0	1	0	down	1	Highly Stable	Highly Stable Down	0
HT	RvY_09497-1	1	0	1	0	0	1	0	down	1	Highly Stable	Highly Stable Down	0
HT	RvY_09499-1	1	0	1	0	0	1	0	down	1	Highly Stable	Highly Stable Down	0
HT	RvY_09501-1	1	0	1	0	0	1	0	down	1	Highly Stable	Highly Stable Down	0
HT	RvY_09510-1	1	0	1	0	0	1	0	down	1	Highly Stable	Highly Stable Down	0
HT	RvY_09512-1	1	0	1	0	0	1	0	down	1	Highly Stable	Highly Stable Down	0
HT	RvY_09520	1	0	1	0	0	1	0	down	1	Highly Stable	Highly Stable Down	0
HT	RvY_09532-1	1	0	1	0	0	1	0	down	1	Highly Stable	Highly Stable Down	0
HT	RvY_09536-1	1	0	1	0	0	1	0	down	1	Highly Stable	Highly Stable Down	0
HT	RvY_09538-1	1	0	1	0	0	1	0	down	1	Highly Stable	Highly Stable Down	0
HT	RvY_09571-1	1	0	1	0	0	1	0	down	1	Highly Stable	Highly Stable Down	0
HT	RvY_09586-1	1	0	1	0	0	1	0	down	1	Highly Stable	Highly Stable Down	0
HT	RvY_09603-1	1	0	1	0	0	1	0	down	1	Highly Stable	Highly Stable Down	0
HT	RvY_09609-1	1	0	1	0	0	1	0	down	1	Highly Stable	Highly Stable Down	0
HT	RvY_09639	1	0	1	0	0	1	0	down	1	Highly Stable	Highly Stable Down	0
HT	RvY_09643-1	1	0	1	0	0	1	0	down	1	Highly Stable	Highly Stable Down	0
HT	RvY_09644-1	1	0	1	0	0	1	0	down	1	Highly Stable	Highly Stable Down	0
HT	RvY_09694-1	1	0	1	0	0	1	0	down	1	Highly Stable	Highly Stable Down	0
HT	RvY_09696-1	1	0	1	0	0	1	0	down	1	Highly Stable	Highly Stable Down	0
HT	RvY_09722-1	1	0	1	0	0	1	0	down	1	Highly Stable	Highly Stable Down	0
HT	RvY_09740-1	1	0	1	0	0	1	0	down	1	Highly Stable	Highly Stable Down	0
HT	RvY_09753-1	1	0	1	0	0	1	0	down	1	Highly Stable	Highly Stable Down	0
HT	RvY_09755-1	1	0	1	0	0	1	0	down	1	Highly Stable	Highly Stable Down	0
HT	RvY_09760-1	1	0	1	0	0	1	0	down	1	Highly Stable	Highly Stable Down	0
HT	RvY_09765-1	1	0	1	0	0	1	0	down	1	Highly Stable	Highly Stable Down	0
HT	RvY_09773-1	1	0	1	0	0	1	0	down	1	Highly Stable	Highly Stable Down	0
HT	RvY_09790-1	1	0	1	0	0	1	0	down	1	Highly Stable	Highly Stable Down	0
HT	RvY_09791-1	1	0	1	0	0	1	0	down	1	Highly Stable	Highly Stable Down	0
HT	RvY_09802-1	1	0	1	0	0	1	0	down	1	Highly Stable	Highly Stable Down	0
HT	RvY_09804-1	1	0	1	0	0	1	0	down	1	Highly Stable	Highly Stable Down	0
HT	RvY_09809-1	1	0	1	0	0	1	0	down	1	Highly Stable	Highly Stable Down	0
HT	RvY_09815	1	0	1	0	0	1	0	down	1	Highly Stable	Highly Stable Down	0
HT	RvY_09822	1	0	1	0	0	1	0	down	1	Highly Stable	Highly Stable Down	0
HT	RvY_09826-1	1	0	1	0	0	1	0	down	1	Highly Stable	Highly Stable Down	0
HT	RvY_09830	1	0	1	0	0	1	0	down	1	Highly Stable	Highly Stable Down	0
HT	RvY_09840-1	1	0	1	0	0	1	0	down	1	Highly Stable	Highly Stable Down	0
HT	RvY_09844-1	1	0	1	0	0	1	0	down	1	Highly Stable	Highly Stable Down	0
HT	RvY_09852-1	1	0	1	0	0	1	0	down	1	Highly Stable	Highly Stable Down	0
HT	RvY_09869-1	1	0	1	0	0	1	0	down	1	Highly Stable	Highly Stable Down	0
HT	RvY_09871	1	0	1	0	0	1	0	down	1	Highly Stable	Highly Stable Down	0
HT	RvY_09872-1	1	0	1	0	0	1	0	down	1	Highly Stable	Highly Stable Down	0
HT	RvY_09876	1	0	1	0	0	1	0	down	1	Highly Stable	Highly Stable Down	0
HT	RvY_09877-1	1	0	1	0	0	1	0	down	1	Highly Stable	Highly Stable Down	0
HT	RvY_09878-1	1	0	1	0	0	1	0	down	1	Highly Stable	Highly Stable Down	0
HT	RvY_09880-1	1	0	1	0	0	1	0	down	1	Highly Stable	Highly Stable Down	0
HT	RvY_09924-1	1	0	1	0	0	1	0	down	1	Highly Stable	Highly Stable Down	0
HT	RvY_09940-1	1	0	1	0	0	1	0	down	1	Highly Stable	Highly Stable Down	0
HT	RvY_09943	1	0	1	0	0	1	0	down	1	Highly Stable	Highly Stable Down	0
HT	RvY_09967-1	1	0	1	0	0	1	0	down	1	Highly Stable	Highly Stable Down	0
HT	RvY_09982-1	1	0	1	0	0	1	0	down	1	Highly Stable	Highly Stable Down	0
HT	RvY_09992-1	1	0	1	0	0	1	0	down	1	Highly Stable	Highly Stable Down	0
HT	RvY_10003-1	1	0	1	0	0	1	0	down	1	Highly Stable	Highly Stable Down	0
HT	RvY_10011	1	0	1	0	0	1	0	down	1	Highly Stable	Highly Stable Down	0
HT	RvY_10013	1	0	1	0	0	1	0	down	1	Highly Stable	Highly Stable Down	0
HT	RvY_10014-1	1	0	1	0	0	1	0	down	1	Highly Stable	Highly Stable Down	0
HT	RvY_10020-1	1	0	1	0	0	1	0	down	1	Highly Stable	Highly Stable Down	0
HT	RvY_10040-1	1	0	1	0	0	1	0	down	1	Highly Stable	Highly Stable Down	0
HT	RvY_10041	1	0	1	0	0	1	0	down	1	Highly Stable	Highly Stable Down	0
HT	RvY_10056-1	1	0	1	0	0	1	0	down	1	Highly Stable	Highly Stable Down	0
HT	RvY_10059	1	0	1	0	0	1	0	down	1	Highly Stable	Highly Stable Down	0
HT	RvY_10063-1	1	0	1	0	0	1	0	down	1	Highly Stable	Highly Stable Down	0
HT	RvY_10084-1	1	0	1	0	0	1	0	down	1	Highly Stable	Highly Stable Down	0
HT	RvY_10090-1	1	0	1	0	0	1	0	down	1	Highly Stable	Highly Stable Down	0
HT	RvY_10098	1	0	1	0	0	1	0	down	1	Highly Stable	Highly Stable Down	0
HT	RvY_10103-2	1	0	1	0	0	1	0	down	1	Highly Stable	Highly Stable Down	0
HT	RvY_10120-1	1	0	1	0	0	1	0	down	1	Highly Stable	Highly Stable Down	0
HT	RvY_10125-1	1	0	1	0	0	1	0	down	1	Highly Stable	Highly Stable Down	0
HT	RvY_10126-1	1	0	1	0	0	1	0	down	1	Highly Stable	Highly Stable Down	0
HT	RvY_10132-1	1	0	1	0	0	1	0	down	1	Highly Stable	Highly Stable Down	0
HT	RvY_10136-1	1	0	1	0	0	1	0	down	1	Highly Stable	Highly Stable Down	0
HT	RvY_10140-1	1	0	1	0	0	1	0	down	1	Highly Stable	Highly Stable Down	0
HT	RvY_10145-1	1	0	1	0	0	1	0	down	1	Highly Stable	Highly Stable Down	0
HT	RvY_10156-1	1	0	1	0	0	1	0	down	1	Highly Stable	Highly Stable Down	0
HT	RvY_10160-1	1	0	1	0	0	1	0	down	1	Highly Stable	Highly Stable Down	0
HT	RvY_10161-1	1	0	1	0	0	1	0	down	1	Highly Stable	Highly Stable Down	0
HT	RvY_10171-1	1	0	1	0	0	1	0	down	1	Highly Stable	Highly Stable Down	0
HT	RvY_10183-1	1	0	1	0	0	1	0	down	1	Highly Stable	Highly Stable Down	0
HT	RvY_10191-1	1	0	1	0	0	1	0	down	1	Highly Stable	Highly Stable Down	0
HT	RvY_10204	1	0	1	0	0	1	0	down	1	Highly Stable	Highly Stable Down	0
HT	RvY_10207-1	1	0	1	0	0	1	0	down	1	Highly Stable	Highly Stable Down	0
HT	RvY_10208-1	1	0	1	0	0	1	0	down	1	Highly Stable	Highly Stable Down	0
HT	RvY_10209-1	1	0	1	0	0	1	0	down	1	Highly Stable	Highly Stable Down	0
HT	RvY_10211-1	1	0	1	0	0	1	0	down	1	Highly Stable	Highly Stable Down	0
HT	RvY_10217-1	1	0	1	0	0	1	0	down	1	Highly Stable	Highly Stable Down	0
HT	RvY_10218-1	1	0	1	0	0	1	0	down	1	Highly Stable	Highly Stable Down	0
HT	RvY_10222-1	1	0	1	0	0	1	0	down	1	Highly Stable	Highly Stable Down	0
HT	RvY_10223-1	1	0	1	0	0	1	0	down	1	Highly Stable	Highly Stable Down	0
HT	RvY_10224-1	1	0	1	0	0	1	0	down	1	Highly Stable	Highly Stable Down	0
HT	RvY_10227-1	1	0	1	0	0	1	0	down	1	Highly Stable	Highly Stable Down	0
HT	RvY_10229-1	1	0	1	0	0	1	0	down	1	Highly Stable	Highly Stable Down	0
HT	RvY_10248-1	1	0	1	0	0	1	0	down	1	Highly Stable	Highly Stable Down	0
HT	RvY_10265-1	1	0	1	0	0	1	0	down	1	Highly Stable	Highly Stable Down	0
HT	RvY_10267-1	1	0	1	0	0	1	0	down	1	Highly Stable	Highly Stable Down	0
HT	RvY_10291-1	1	0	1	0	0	1	0	down	1	Highly Stable	Highly Stable Down	0
HT	RvY_10292-1	1	0	1	0	0	1	0	down	1	Highly Stable	Highly Stable Down	0
HT	RvY_10344-1	1	0	1	0	0	1	0	down	1	Highly Stable	Highly Stable Down	0
HT	RvY_10348	1	0	1	0	0	1	0	down	1	Highly Stable	Highly Stable Down	0
HT	RvY_10349-1	1	0	1	0	0	1	0	down	1	Highly Stable	Highly Stable Down	0
HT	RvY_10359-1	1	0	1	0	0	1	0	down	1	Highly Stable	Highly Stable Down	0
HT	RvY_10361-1	1	0	1	0	0	1	0	down	1	Highly Stable	Highly Stable Down	0
HT	RvY_10389-1	1	0	1	0	0	1	0	down	1	Highly Stable	Highly Stable Down	0
HT	RvY_10397-1	1	0	1	0	0	1	0	down	1	Highly Stable	Highly Stable Down	0
HT	RvY_10399-1	1	0	1	0	0	1	0	down	1	Highly Stable	Highly Stable Down	0
HT	RvY_10425-1	1	0	1	0	0	1	0	down	1	Highly Stable	Highly Stable Down	0
HT	RvY_10440-1	1	0	1	0	0	1	0	down	1	Highly Stable	Highly Stable Down	0
HT	RvY_10443-1	1	0	1	0	0	1	0	down	1	Highly Stable	Highly Stable Down	0
HT	RvY_10447-1	1	0	1	0	0	1	0	down	1	Highly Stable	Highly Stable Down	0
HT	RvY_10456	1	0	1	0	0	1	0	down	1	Highly Stable	Highly Stable Down	0
HT	RvY_10463-1	1	0	1	0	0	1	0	down	1	Highly Stable	Highly Stable Down	0
HT	RvY_10479-1	1	0	1	0	0	1	0	down	1	Highly Stable	Highly Stable Down	0
HT	RvY_10489-1	1	0	1	0	0	1	0	down	1	Highly Stable	Highly Stable Down	0
HT	RvY_10490-1	1	0	1	0	0	1	0	down	1	Highly Stable	Highly Stable Down	0
HT	RvY_10511-1	1	0	1	0	0	1	0	down	1	Highly Stable	Highly Stable Down	0
HT	RvY_10515-1	1	0	1	0	0	1	0	down	1	Highly Stable	Highly Stable Down	0
HT	RvY_10517-1	1	0	1	0	0	1	0	down	1	Highly Stable	Highly Stable Down	0
HT	RvY_10521	1	0	1	0	0	1	0	down	1	Highly Stable	Highly Stable Down	0
HT	RvY_10522-1	1	0	1	0	0	1	0	down	1	Highly Stable	Highly Stable Down	0
HT	RvY_10527	1	0	1	0	0	1	0	down	1	Highly Stable	Highly Stable Down	0
HT	RvY_10535	1	0	1	0	0	1	0	down	1	Highly Stable	Highly Stable Down	0
HT	RvY_10536-1	1	0	1	0	0	1	0	down	1	Highly Stable	Highly Stable Down	0
HT	RvY_10558-1	1	0	1	0	0	1	0	down	1	Highly Stable	Highly Stable Down	0
HT	RvY_10563-1	1	0	1	0	0	1	0	down	1	Highly Stable	Highly Stable Down	0
HT	RvY_10565	1	0	1	0	0	1	0	down	1	Highly Stable	Highly Stable Down	0
HT	RvY_10566-1	1	0	1	0	0	1	0	down	1	Highly Stable	Highly Stable Down	0
HT	RvY_10567-1	1	0	1	0	0	1	0	down	1	Highly Stable	Highly Stable Down	0
HT	RvY_10573-1	1	0	1	0	0	1	0	down	1	Highly Stable	Highly Stable Down	0
HT	RvY_10575-1	1	0	1	0	0	1	0	down	1	Highly Stable	Highly Stable Down	0
HT	RvY_10577-1	1	0	1	0	0	1	0	down	1	Highly Stable	Highly Stable Down	0
HT	RvY_10590	1	0	1	0	0	1	0	down	1	Highly Stable	Highly Stable Down	0
HT	RvY_10592-1	1	0	1	0	0	1	0	down	1	Highly Stable	Highly Stable Down	0
HT	RvY_10656-1	1	0	1	0	0	1	0	down	1	Highly Stable	Highly Stable Down	0
HT	RvY_10670-1	1	0	1	0	0	1	0	down	1	Highly Stable	Highly Stable Down	0
HT	RvY_10713-1	1	0	1	0	0	1	0	down	1	Highly Stable	Highly Stable Down	0
HT	RvY_10714-1	1	0	1	0	0	1	0	down	1	Highly Stable	Highly Stable Down	0
HT	RvY_10715-1	1	0	1	0	0	1	0	down	1	Highly Stable	Highly Stable Down	0
HT	RvY_10726-1	1	0	1	0	0	1	0	down	1	Highly Stable	Highly Stable Down	0
HT	RvY_10727-1	1	0	1	0	0	1	0	down	1	Highly Stable	Highly Stable Down	0
HT	RvY_10735-1	1	0	1	0	0	1	0	down	1	Highly Stable	Highly Stable Down	0
HT	RvY_10749-1	1	0	1	0	0	1	0	down	1	Highly Stable	Highly Stable Down	0
HT	RvY_10774	1	0	1	0	0	1	0	down	1	Highly Stable	Highly Stable Down	0
HT	RvY_10800-1	1	0	1	0	0	1	0	down	1	Highly Stable	Highly Stable Down	0
HT	RvY_10802-1	1	0	1	0	0	1	0	down	1	Highly Stable	Highly Stable Down	0
HT	RvY_10807-1	1	0	1	0	0	1	0	down	1	Highly Stable	Highly Stable Down	0
HT	RvY_10808-1	1	0	1	0	0	1	0	down	1	Highly Stable	Highly Stable Down	0
HT	RvY_10814-1	1	0	1	0	0	1	0	down	1	Highly Stable	Highly Stable Down	0
HT	RvY_10826-1	1	0	1	0	0	1	0	down	1	Highly Stable	Highly Stable Down	0
HT	RvY_10827-1	1	0	1	0	0	1	0	down	1	Highly Stable	Highly Stable Down	0
HT	RvY_10861-1	1	0	1	0	0	1	0	down	1	Highly Stable	Highly Stable Down	0
HT	RvY_10863	1	0	1	0	0	1	0	down	1	Highly Stable	Highly Stable Down	0
HT	RvY_10867	1	0	1	0	0	1	0	down	1	Highly Stable	Highly Stable Down	0
HT	RvY_10869-1	1	0	1	0	0	1	0	down	1	Highly Stable	Highly Stable Down	0
HT	RvY_10887-1	1	0	1	0	0	1	0	down	1	Highly Stable	Highly Stable Down	0
HT	RvY_10894-1	1	0	1	0	0	1	0	down	1	Highly Stable	Highly Stable Down	0
HT	RvY_10923	1	0	1	0	0	1	0	down	1	Highly Stable	Highly Stable Down	0
HT	RvY_10925	1	0	1	0	0	1	0	down	1	Highly Stable	Highly Stable Down	0
HT	RvY_10941-1	1	0	1	0	0	1	0	down	1	Highly Stable	Highly Stable Down	0
HT	RvY_10950	1	0	1	0	0	1	0	down	1	Highly Stable	Highly Stable Down	0
HT	RvY_10952-1	1	0	1	0	0	1	0	down	1	Highly Stable	Highly Stable Down	0
HT	RvY_10957-1	1	0	1	0	0	1	0	down	1	Highly Stable	Highly Stable Down	0
HT	RvY_10962	1	0	1	0	0	1	0	down	1	Highly Stable	Highly Stable Down	0
HT	RvY_10963-1	1	0	1	0	0	1	0	down	1	Highly Stable	Highly Stable Down	0
HT	RvY_10964-1	1	0	1	0	0	1	0	down	1	Highly Stable	Highly Stable Down	0
HT	RvY_10965-1	1	0	1	0	0	1	0	down	1	Highly Stable	Highly Stable Down	0
HT	RvY_10993-1	1	0	1	0	0	1	0	down	1	Highly Stable	Highly Stable Down	0
HT	RvY_10997-1	1	0	1	0	0	1	0	down	1	Highly Stable	Highly Stable Down	0
HT	RvY_10999-1	1	0	1	0	0	1	0	down	1	Highly Stable	Highly Stable Down	0
HT	RvY_11004	1	0	1	0	0	1	0	down	1	Highly Stable	Highly Stable Down	0
HT	RvY_11007	1	0	1	0	0	1	0	down	1	Highly Stable	Highly Stable Down	0
HT	RvY_11008-1	1	0	1	0	0	1	0	down	1	Highly Stable	Highly Stable Down	0
HT	RvY_11024-1	1	0	1	0	0	1	0	down	1	Highly Stable	Highly Stable Down	0
HT	RvY_11027-1	1	0	1	0	0	1	0	down	1	Highly Stable	Highly Stable Down	0
HT	RvY_11030-1	1	0	1	0	0	1	0	down	1	Highly Stable	Highly Stable Down	0
HT	RvY_11043-1	1	0	1	0	0	1	0	down	1	Highly Stable	Highly Stable Down	0
HT	RvY_11047-1	1	0	1	0	0	1	0	down	1	Highly Stable	Highly Stable Down	0
HT	RvY_11050-1	1	0	1	0	0	1	0	down	1	Highly Stable	Highly Stable Down	0
HT	RvY_11051-1	1	0	1	0	0	1	0	down	1	Highly Stable	Highly Stable Down	0
HT	RvY_11057-1	1	0	1	0	0	1	0	down	1	Highly Stable	Highly Stable Down	0
HT	RvY_11061-1	1	0	1	0	0	1	0	down	1	Highly Stable	Highly Stable Down	0
HT	RvY_11063-1	1	0	1	0	0	1	0	down	1	Highly Stable	Highly Stable Down	0
HT	RvY_11066	1	0	1	0	0	1	0	down	1	Highly Stable	Highly Stable Down	0
HT	RvY_11070-1	1	0	1	0	0	1	0	down	1	Highly Stable	Highly Stable Down	0
HT	RvY_11081-1	1	0	1	0	0	1	0	down	1	Highly Stable	Highly Stable Down	0
HT	RvY_11089-1	1	0	1	0	0	1	0	down	1	Highly Stable	Highly Stable Down	0
HT	RvY_11101-1	1	0	1	0	0	1	0	down	1	Highly Stable	Highly Stable Down	0
HT	RvY_11102-1	1	0	1	0	0	1	0	down	1	Highly Stable	Highly Stable Down	0
HT	RvY_11114-1	1	0	1	0	0	1	0	down	1	Highly Stable	Highly Stable Down	0
HT	RvY_11117-1	1	0	1	0	0	1	0	down	1	Highly Stable	Highly Stable Down	0
HT	RvY_11125-1	1	0	1	0	0	1	0	down	1	Highly Stable	Highly Stable Down	0
HT	RvY_11127-1	1	0	1	0	0	1	0	down	1	Highly Stable	Highly Stable Down	0
HT	RvY_11129-1	1	0	1	0	0	1	0	down	1	Highly Stable	Highly Stable Down	0
HT	RvY_11130-1	1	0	1	0	0	1	0	down	1	Highly Stable	Highly Stable Down	0
HT	RvY_11140-1	1	0	1	0	0	1	0	down	1	Highly Stable	Highly Stable Down	0
HT	RvY_11142-1	1	0	1	0	0	1	0	down	1	Highly Stable	Highly Stable Down	0
HT	RvY_11160	1	0	1	0	0	1	0	down	1	Highly Stable	Highly Stable Down	0
HT	RvY_11164-1	1	0	1	0	0	1	0	down	1	Highly Stable	Highly Stable Down	0
HT	RvY_11195-1	1	0	1	0	0	1	0	down	1	Highly Stable	Highly Stable Down	0
HT	RvY_11214-1	1	0	1	0	0	1	0	down	1	Highly Stable	Highly Stable Down	0
HT	RvY_11219-1	1	0	1	0	0	1	0	down	1	Highly Stable	Highly Stable Down	0
HT	RvY_11220-1	1	0	1	0	0	1	0	down	1	Highly Stable	Highly Stable Down	0
HT	RvY_11221	1	0	1	0	0	1	0	down	1	Highly Stable	Highly Stable Down	0
HT	RvY_11234	1	0	1	0	0	1	0	down	1	Highly Stable	Highly Stable Down	0
HT	RvY_11235-1	1	0	1	0	0	1	0	down	1	Highly Stable	Highly Stable Down	0
HT	RvY_11236-1	1	0	1	0	0	1	0	down	1	Highly Stable	Highly Stable Down	0
HT	RvY_11242	1	0	1	0	0	1	0	down	1	Highly Stable	Highly Stable Down	0
HT	RvY_11246-1	1	0	1	0	0	1	0	down	1	Highly Stable	Highly Stable Down	0
HT	RvY_11256-1	1	0	1	0	0	1	0	down	1	Highly Stable	Highly Stable Down	0
HT	RvY_11257-1	1	0	1	0	0	1	0	down	1	Highly Stable	Highly Stable Down	0
HT	RvY_11270-1	1	0	1	0	0	1	0	down	1	Highly Stable	Highly Stable Down	0
HT	RvY_11277-1	1	0	1	0	0	1	0	down	1	Highly Stable	Highly Stable Down	0
HT	RvY_11278	1	0	1	0	0	1	0	down	1	Highly Stable	Highly Stable Down	0
HT	RvY_11295	1	0	1	0	0	1	0	down	1	Highly Stable	Highly Stable Down	0
HT	RvY_11297-1	1	0	1	0	0	1	0	down	1	Highly Stable	Highly Stable Down	0
HT	RvY_11299	1	0	1	0	0	1	0	down	1	Highly Stable	Highly Stable Down	0
HT	RvY_11306-1	1	0	1	0	0	1	0	down	1	Highly Stable	Highly Stable Down	0
HT	RvY_11362-1	1	0	1	0	0	1	0	down	1	Highly Stable	Highly Stable Down	0
HT	RvY_11382-1	1	0	1	0	0	1	0	down	1	Highly Stable	Highly Stable Down	0
HT	RvY_11383-1	1	0	1	0	0	1	0	down	1	Highly Stable	Highly Stable Down	0
HT	RvY_11384-1	1	0	1	0	0	1	0	down	1	Highly Stable	Highly Stable Down	0
HT	RvY_11396-1	1	0	1	0	0	1	0	down	1	Highly Stable	Highly Stable Down	0
HT	RvY_11415-1	1	0	1	0	0	1	0	down	1	Highly Stable	Highly Stable Down	0
HT	RvY_11449	1	0	1	0	0	1	0	down	1	Highly Stable	Highly Stable Down	0
HT	RvY_11468	1	0	1	0	0	1	0	down	1	Highly Stable	Highly Stable Down	0
HT	RvY_11472	1	0	1	0	0	1	0	down	1	Highly Stable	Highly Stable Down	0
HT	RvY_11474-1	1	0	1	0	0	1	0	down	1	Highly Stable	Highly Stable Down	0
HT	RvY_11475-1	1	0	1	0	0	1	0	down	1	Highly Stable	Highly Stable Down	0
HT	RvY_11494-1	1	0	1	0	0	1	0	down	1	Highly Stable	Highly Stable Down	0
HT	RvY_11509	1	0	1	0	0	1	0	down	1	Highly Stable	Highly Stable Down	0
HT	RvY_11519-1	1	0	1	0	0	1	0	down	1	Highly Stable	Highly Stable Down	0
HT	RvY_11526-1	1	0	1	0	0	1	0	down	1	Highly Stable	Highly Stable Down	0
HT	RvY_11595	1	0	1	0	0	1	0	down	1	Highly Stable	Highly Stable Down	0
HT	RvY_11599-1	1	0	1	0	0	1	0	down	1	Highly Stable	Highly Stable Down	0
HT	RvY_11604	1	0	1	0	0	1	0	down	1	Highly Stable	Highly Stable Down	0
HT	RvY_11608-1	1	0	1	0	0	1	0	down	1	Highly Stable	Highly Stable Down	0
HT	RvY_11637-1	1	0	1	0	0	1	0	down	1	Highly Stable	Highly Stable Down	0
HT	RvY_11638-1	1	0	1	0	0	1	0	down	1	Highly Stable	Highly Stable Down	0
HT	RvY_11657-1	1	0	1	0	0	1	0	down	1	Highly Stable	Highly Stable Down	0
HT	RvY_11674-2	1	0	1	0	0	1	0	down	1	Highly Stable	Highly Stable Down	0
HT	RvY_11678	1	0	1	0	0	1	0	down	1	Highly Stable	Highly Stable Down	0
HT	RvY_11680-1	1	0	1	0	0	1	0	down	1	Highly Stable	Highly Stable Down	0
HT	RvY_11700-1	1	0	1	0	0	1	0	down	1	Highly Stable	Highly Stable Down	0
HT	RvY_11701-1	1	0	1	0	0	1	0	down	1	Highly Stable	Highly Stable Down	0
HT	RvY_11710-1	1	0	1	0	0	1	0	down	1	Highly Stable	Highly Stable Down	0
HT	RvY_11715-1	1	0	1	0	0	1	0	down	1	Highly Stable	Highly Stable Down	0
HT	RvY_11723-1	1	0	1	0	0	1	0	down	1	Highly Stable	Highly Stable Down	0
HT	RvY_11728-1	1	0	1	0	0	1	0	down	1	Highly Stable	Highly Stable Down	0
HT	RvY_11730	1	0	1	0	0	1	0	down	1	Highly Stable	Highly Stable Down	0
HT	RvY_11751-1	1	0	1	0	0	1	0	down	1	Highly Stable	Highly Stable Down	0
HT	RvY_11755-1	1	0	1	0	0	1	0	down	1	Highly Stable	Highly Stable Down	0
HT	RvY_11763-1	1	0	1	0	0	1	0	down	1	Highly Stable	Highly Stable Down	0
HT	RvY_11767-1	1	0	1	0	0	1	0	down	1	Highly Stable	Highly Stable Down	0
HT	RvY_11789-1	1	0	1	0	0	1	0	down	1	Highly Stable	Highly Stable Down	0
HT	RvY_11790-1	1	0	1	0	0	1	0	down	1	Highly Stable	Highly Stable Down	0
HT	RvY_11793	1	0	1	0	0	1	0	down	1	Highly Stable	Highly Stable Down	0
HT	RvY_11796-1	1	0	1	0	0	1	0	down	1	Highly Stable	Highly Stable Down	0
HT	RvY_11802-1	1	0	1	0	0	1	0	down	1	Highly Stable	Highly Stable Down	0
HT	RvY_11805	1	0	1	0	0	1	0	down	1	Highly Stable	Highly Stable Down	0
HT	RvY_11806-1	1	0	1	0	0	1	0	down	1	Highly Stable	Highly Stable Down	0
HT	RvY_11815-1	1	0	1	0	0	1	0	down	1	Highly Stable	Highly Stable Down	0
HT	RvY_11821-1	1	0	1	0	0	1	0	down	1	Highly Stable	Highly Stable Down	0
HT	RvY_11824-1	1	0	1	0	0	1	0	down	1	Highly Stable	Highly Stable Down	0
HT	RvY_11855-1	1	0	1	0	0	1	0	down	1	Highly Stable	Highly Stable Down	0
HT	RvY_11864-1	1	0	1	0	0	1	0	down	1	Highly Stable	Highly Stable Down	0
HT	RvY_11865	1	0	1	0	0	1	0	down	1	Highly Stable	Highly Stable Down	0
HT	RvY_11873-1	1	0	1	0	0	1	0	down	1	Highly Stable	Highly Stable Down	0
HT	RvY_11878-1	1	0	1	0	0	1	0	down	1	Highly Stable	Highly Stable Down	0
HT	RvY_11879	1	0	1	0	0	1	0	down	1	Highly Stable	Highly Stable Down	0
HT	RvY_11890-1	1	0	1	0	0	1	0	down	1	Highly Stable	Highly Stable Down	0
HT	RvY_11895-1	1	0	1	0	0	1	0	down	1	Highly Stable	Highly Stable Down	0
HT	RvY_11899-1	1	0	1	0	0	1	0	down	1	Highly Stable	Highly Stable Down	0
HT	RvY_11903-1	1	0	1	0	0	1	0	down	1	Highly Stable	Highly Stable Down	0
HT	RvY_11904	1	0	1	0	0	1	0	down	1	Highly Stable	Highly Stable Down	0
HT	RvY_11907-1	1	0	1	0	0	1	0	down	1	Highly Stable	Highly Stable Down	0
HT	RvY_11908-1	1	0	1	0	0	1	0	down	1	Highly Stable	Highly Stable Down	0
HT	RvY_11910-1	1	0	1	0	0	1	0	down	1	Highly Stable	Highly Stable Down	0
HT	RvY_11919-1	1	0	1	0	0	1	0	down	1	Highly Stable	Highly Stable Down	0
HT	RvY_11920-1	1	0	1	0	0	1	0	down	1	Highly Stable	Highly Stable Down	0
HT	RvY_11938	1	0	1	0	0	1	0	down	1	Highly Stable	Highly Stable Down	0
HT	RvY_11939-1	1	0	1	0	0	1	0	down	1	Highly Stable	Highly Stable Down	0
HT	RvY_11946-1	1	0	1	0	0	1	0	down	1	Highly Stable	Highly Stable Down	0
HT	RvY_11955-1	1	0	1	0	0	1	0	down	1	Highly Stable	Highly Stable Down	0
HT	RvY_11958	1	0	1	0	0	1	0	down	1	Highly Stable	Highly Stable Down	0
HT	RvY_11963-1	1	0	1	0	0	1	0	down	1	Highly Stable	Highly Stable Down	0
HT	RvY_11964-1	1	0	1	0	0	1	0	down	1	Highly Stable	Highly Stable Down	0
HT	RvY_11973-1	1	0	1	0	0	1	0	down	1	Highly Stable	Highly Stable Down	0
HT	RvY_11974-1	1	0	1	0	0	1	0	down	1	Highly Stable	Highly Stable Down	0
HT	RvY_11977-1	1	0	1	0	0	1	0	down	1	Highly Stable	Highly Stable Down	0
HT	RvY_11995	1	0	1	0	0	1	0	down	1	Highly Stable	Highly Stable Down	0
HT	RvY_12008	1	0	1	0	0	1	0	down	1	Highly Stable	Highly Stable Down	0
HT	RvY_12010-1	1	0	1	0	0	1	0	down	1	Highly Stable	Highly Stable Down	0
HT	RvY_12014-1	1	0	1	0	0	1	0	down	1	Highly Stable	Highly Stable Down	0
HT	RvY_12015-1	1	0	1	0	0	1	0	down	1	Highly Stable	Highly Stable Down	0
HT	RvY_12017-1	1	0	1	0	0	1	0	down	1	Highly Stable	Highly Stable Down	0
HT	RvY_12019-1	1	0	1	0	0	1	0	down	1	Highly Stable	Highly Stable Down	0
HT	RvY_12022-1	1	0	1	0	0	1	0	down	1	Highly Stable	Highly Stable Down	0
HT	RvY_12024-1	1	0	1	0	0	1	0	down	1	Highly Stable	Highly Stable Down	0
HT	RvY_12048-1	1	0	1	0	0	1	0	down	1	Highly Stable	Highly Stable Down	0
HT	RvY_12052-1	1	0	1	0	0	1	0	down	1	Highly Stable	Highly Stable Down	0
HT	RvY_12057	1	0	1	0	0	1	0	down	1	Highly Stable	Highly Stable Down	0
HT	RvY_12061-1	1	0	1	0	0	1	0	down	1	Highly Stable	Highly Stable Down	0
HT	RvY_12063	1	0	1	0	0	1	0	down	1	Highly Stable	Highly Stable Down	0
HT	RvY_12068-1	1	0	1	0	0	1	0	down	1	Highly Stable	Highly Stable Down	0
HT	RvY_12070-1	1	0	1	0	0	1	0	down	1	Highly Stable	Highly Stable Down	0
HT	RvY_12072-1	1	0	1	0	0	1	0	down	1	Highly Stable	Highly Stable Down	0
HT	RvY_12140-1	1	0	1	0	0	1	0	down	1	Highly Stable	Highly Stable Down	0
HT	RvY_12142-1	1	0	1	0	0	1	0	down	1	Highly Stable	Highly Stable Down	0
HT	RvY_12146-1	1	0	1	0	0	1	0	down	1	Highly Stable	Highly Stable Down	0
HT	RvY_12147-1	1	0	1	0	0	1	0	down	1	Highly Stable	Highly Stable Down	0
HT	RvY_12149-1	1	0	1	0	0	1	0	down	1	Highly Stable	Highly Stable Down	0
HT	RvY_12151-1	1	0	1	0	0	1	0	down	1	Highly Stable	Highly Stable Down	0
HT	RvY_12154-1	1	0	1	0	0	1	0	down	1	Highly Stable	Highly Stable Down	0
HT	RvY_12170-1	1	0	1	0	0	1	0	down	1	Highly Stable	Highly Stable Down	0
HT	RvY_12172-1	1	0	1	0	0	1	0	down	1	Highly Stable	Highly Stable Down	0
HT	RvY_12174-1	1	0	1	0	0	1	0	down	1	Highly Stable	Highly Stable Down	0
HT	RvY_12178-2	1	0	1	0	0	1	0	down	1	Highly Stable	Highly Stable Down	0
HT	RvY_12183-1	1	0	1	0	0	1	0	down	1	Highly Stable	Highly Stable Down	0
HT	RvY_12184-1	1	0	1	0	0	1	0	down	1	Highly Stable	Highly Stable Down	0
HT	RvY_12197-1	1	0	1	0	0	1	0	down	1	Highly Stable	Highly Stable Down	0
HT	RvY_12199-1	1	0	1	0	0	1	0	down	1	Highly Stable	Highly Stable Down	0
HT	RvY_12209-1	1	0	1	0	0	1	0	down	1	Highly Stable	Highly Stable Down	0
HT	RvY_12231-1	1	0	1	0	0	1	0	down	1	Highly Stable	Highly Stable Down	0
HT	RvY_12234-1	1	0	1	0	0	1	0	down	1	Highly Stable	Highly Stable Down	0
HT	RvY_12246-1	1	0	1	0	0	1	0	down	1	Highly Stable	Highly Stable Down	0
HT	RvY_12248-1	1	0	1	0	0	1	0	down	1	Highly Stable	Highly Stable Down	0
HT	RvY_12252	1	0	1	0	0	1	0	down	1	Highly Stable	Highly Stable Down	0
HT	RvY_12259-1	1	0	1	0	0	1	0	down	1	Highly Stable	Highly Stable Down	0
HT	RvY_12262-1	1	0	1	0	0	1	0	down	1	Highly Stable	Highly Stable Down	0
HT	RvY_12270-1	1	0	1	0	0	1	0	down	1	Highly Stable	Highly Stable Down	0
HT	RvY_12272-1	1	0	1	0	0	1	0	down	1	Highly Stable	Highly Stable Down	0
HT	RvY_12278-1	1	0	1	0	0	1	0	down	1	Highly Stable	Highly Stable Down	0
HT	RvY_12282-1	1	0	1	0	0	1	0	down	1	Highly Stable	Highly Stable Down	0
HT	RvY_12288-1	1	0	1	0	0	1	0	down	1	Highly Stable	Highly Stable Down	0
HT	RvY_12292-1	1	0	1	0	0	1	0	down	1	Highly Stable	Highly Stable Down	0
HT	RvY_12293-1	1	0	1	0	0	1	0	down	1	Highly Stable	Highly Stable Down	0
HT	RvY_12294-1	1	0	1	0	0	1	0	down	1	Highly Stable	Highly Stable Down	0
HT	RvY_12295-1	1	0	1	0	0	1	0	down	1	Highly Stable	Highly Stable Down	0
HT	RvY_12300-1	1	0	1	0	0	1	0	down	1	Highly Stable	Highly Stable Down	0
HT	RvY_12306-1	1	0	1	0	0	1	0	down	1	Highly Stable	Highly Stable Down	0
HT	RvY_12324-1	1	0	1	0	0	1	0	down	1	Highly Stable	Highly Stable Down	0
HT	RvY_12349	1	0	1	0	0	1	0	down	1	Highly Stable	Highly Stable Down	0
HT	RvY_12350-1	1	0	1	0	0	1	0	down	1	Highly Stable	Highly Stable Down	0
HT	RvY_12351-1	1	0	1	0	0	1	0	down	1	Highly Stable	Highly Stable Down	0
HT	RvY_12352-1	1	0	1	0	0	1	0	down	1	Highly Stable	Highly Stable Down	0
HT	RvY_12355	1	0	1	0	0	1	0	down	1	Highly Stable	Highly Stable Down	0
HT	RvY_12375-1	1	0	1	0	0	1	0	down	1	Highly Stable	Highly Stable Down	0
HT	RvY_12395-1	1	0	1	0	0	1	0	down	1	Highly Stable	Highly Stable Down	0
HT	RvY_12396-1	1	0	1	0	0	1	0	down	1	Highly Stable	Highly Stable Down	0
HT	RvY_12401-1	1	0	1	0	0	1	0	down	1	Highly Stable	Highly Stable Down	0
HT	RvY_12410-1	1	0	1	0	0	1	0	down	1	Highly Stable	Highly Stable Down	0
HT	RvY_12414-1	1	0	1	0	0	1	0	down	1	Highly Stable	Highly Stable Down	0
HT	RvY_12429	1	0	1	0	0	1	0	down	1	Highly Stable	Highly Stable Down	0
HT	RvY_12430-1	1	0	1	0	0	1	0	down	1	Highly Stable	Highly Stable Down	0
HT	RvY_12435-1	1	0	1	0	0	1	0	down	1	Highly Stable	Highly Stable Down	0
HT	RvY_12437-1	1	0	1	0	0	1	0	down	1	Highly Stable	Highly Stable Down	0
HT	RvY_12446-1	1	0	1	0	0	1	0	down	1	Highly Stable	Highly Stable Down	0
HT	RvY_12453	1	0	1	0	0	1	0	down	1	Highly Stable	Highly Stable Down	0
HT	RvY_12465-1	1	0	1	0	0	1	0	down	1	Highly Stable	Highly Stable Down	0
HT	RvY_12467-1	1	0	1	0	0	1	0	down	1	Highly Stable	Highly Stable Down	0
HT	RvY_12468-1	1	0	1	0	0	1	0	down	1	Highly Stable	Highly Stable Down	0
HT	RvY_12469-1	1	0	1	0	0	1	0	down	1	Highly Stable	Highly Stable Down	0
HT	RvY_12470	1	0	1	0	0	1	0	down	1	Highly Stable	Highly Stable Down	0
HT	RvY_12471	1	0	1	0	0	1	0	down	1	Highly Stable	Highly Stable Down	0
HT	RvY_12475-1	1	0	1	0	0	1	0	down	1	Highly Stable	Highly Stable Down	0
HT	RvY_12476-1	1	0	1	0	0	1	0	down	1	Highly Stable	Highly Stable Down	0
HT	RvY_12479	1	0	1	0	0	1	0	down	1	Highly Stable	Highly Stable Down	0
HT	RvY_12481-1	1	0	1	0	0	1	0	down	1	Highly Stable	Highly Stable Down	0
HT	RvY_12482-1	1	0	1	0	0	1	0	down	1	Highly Stable	Highly Stable Down	0
HT	RvY_12483-1	1	0	1	0	0	1	0	down	1	Highly Stable	Highly Stable Down	0
HT	RvY_12485-1	1	0	1	0	0	1	0	down	1	Highly Stable	Highly Stable Down	0
HT	RvY_12494-1	1	0	1	0	0	1	0	down	1	Highly Stable	Highly Stable Down	0
HT	RvY_12500-1	1	0	1	0	0	1	0	down	1	Highly Stable	Highly Stable Down	0
HT	RvY_12501-1	1	0	1	0	0	1	0	down	1	Highly Stable	Highly Stable Down	0
HT	RvY_12502-1	1	0	1	0	0	1	0	down	1	Highly Stable	Highly Stable Down	0
HT	RvY_12503-1	1	0	1	0	0	1	0	down	1	Highly Stable	Highly Stable Down	0
HT	RvY_12504-1	1	0	1	0	0	1	0	down	1	Highly Stable	Highly Stable Down	0
HT	RvY_12505-1	1	0	1	0	0	1	0	down	1	Highly Stable	Highly Stable Down	0
HT	RvY_12506	1	0	1	0	0	1	0	down	1	Highly Stable	Highly Stable Down	0
HT	RvY_12512	1	0	1	0	0	1	0	down	1	Highly Stable	Highly Stable Down	0
HT	RvY_12517-1	1	0	1	0	0	1	0	down	1	Highly Stable	Highly Stable Down	0
HT	RvY_12529-1	1	0	1	0	0	1	0	down	1	Highly Stable	Highly Stable Down	0
HT	RvY_12533-1	1	0	1	0	0	1	0	down	1	Highly Stable	Highly Stable Down	0
HT	RvY_12534-1	1	0	1	0	0	1	0	down	1	Highly Stable	Highly Stable Down	0
HT	RvY_12537-1	1	0	1	0	0	1	0	down	1	Highly Stable	Highly Stable Down	0
HT	RvY_12561	1	0	1	0	0	1	0	down	1	Highly Stable	Highly Stable Down	0
HT	RvY_12585-1	1	0	1	0	0	1	0	down	1	Highly Stable	Highly Stable Down	0
HT	RvY_12593-1	1	0	1	0	0	1	0	down	1	Highly Stable	Highly Stable Down	0
HT	RvY_12612-1	1	0	1	0	0	1	0	down	1	Highly Stable	Highly Stable Down	0
HT	RvY_12613-1	1	0	1	0	0	1	0	down	1	Highly Stable	Highly Stable Down	0
HT	RvY_12618	1	0	1	0	0	1	0	down	1	Highly Stable	Highly Stable Down	0
HT	RvY_12632	1	0	1	0	0	1	0	down	1	Highly Stable	Highly Stable Down	0
HT	RvY_12633	1	0	1	0	0	1	0	down	1	Highly Stable	Highly Stable Down	0
HT	RvY_12637-1	1	0	1	0	0	1	0	down	1	Highly Stable	Highly Stable Down	0
HT	RvY_12643	1	0	1	0	0	1	0	down	1	Highly Stable	Highly Stable Down	0
HT	RvY_12644-1	1	0	1	0	0	1	0	down	1	Highly Stable	Highly Stable Down	0
HT	RvY_12645-1	1	0	1	0	0	1	0	down	1	Highly Stable	Highly Stable Down	0
HT	RvY_12649-1	1	0	1	0	0	1	0	down	1	Highly Stable	Highly Stable Down	0
HT	RvY_12651-1	1	0	1	0	0	1	0	down	1	Highly Stable	Highly Stable Down	0
HT	RvY_12654-1	1	0	1	0	0	1	0	down	1	Highly Stable	Highly Stable Down	0
HT	RvY_12655-1	1	0	1	0	0	1	0	down	1	Highly Stable	Highly Stable Down	0
HT	RvY_12660-1	1	0	1	0	0	1	0	down	1	Highly Stable	Highly Stable Down	0
HT	RvY_12662-1	1	0	1	0	0	1	0	down	1	Highly Stable	Highly Stable Down	0
HT	RvY_12665-1	1	0	1	0	0	1	0	down	1	Highly Stable	Highly Stable Down	0
HT	RvY_12666-1	1	0	1	0	0	1	0	down	1	Highly Stable	Highly Stable Down	0
HT	RvY_12668-1	1	0	1	0	0	1	0	down	1	Highly Stable	Highly Stable Down	0
HT	RvY_12669-1	1	0	1	0	0	1	0	down	1	Highly Stable	Highly Stable Down	0
HT	RvY_12677-1	1	0	1	0	0	1	0	down	1	Highly Stable	Highly Stable Down	0
HT	RvY_12687	1	0	1	0	0	1	0	down	1	Highly Stable	Highly Stable Down	0
HT	RvY_12698	1	0	1	0	0	1	0	down	1	Highly Stable	Highly Stable Down	0
HT	RvY_12702-1	1	0	1	0	0	1	0	down	1	Highly Stable	Highly Stable Down	0
HT	RvY_12711	1	0	1	0	0	1	0	down	1	Highly Stable	Highly Stable Down	0
HT	RvY_12712-1	1	0	1	0	0	1	0	down	1	Highly Stable	Highly Stable Down	0
HT	RvY_12713-1	1	0	1	0	0	1	0	down	1	Highly Stable	Highly Stable Down	0
HT	RvY_12719-1	1	0	1	0	0	1	0	down	1	Highly Stable	Highly Stable Down	0
HT	RvY_12724-1	1	0	1	0	0	1	0	down	1	Highly Stable	Highly Stable Down	0
HT	RvY_12732-1	1	0	1	0	0	1	0	down	1	Highly Stable	Highly Stable Down	0
HT	RvY_12740-1	1	0	1	0	0	1	0	down	1	Highly Stable	Highly Stable Down	0
HT	RvY_12742-1	1	0	1	0	0	1	0	down	1	Highly Stable	Highly Stable Down	0
HT	RvY_12743-1	1	0	1	0	0	1	0	down	1	Highly Stable	Highly Stable Down	0
HT	RvY_12748-1	1	0	1	0	0	1	0	down	1	Highly Stable	Highly Stable Down	0
HT	RvY_12750-1	1	0	1	0	0	1	0	down	1	Highly Stable	Highly Stable Down	0
HT	RvY_12762-1	1	0	1	0	0	1	0	down	1	Highly Stable	Highly Stable Down	0
HT	RvY_12764-1	1	0	1	0	0	1	0	down	1	Highly Stable	Highly Stable Down	0
HT	RvY_12766-1	1	0	1	0	0	1	0	down	1	Highly Stable	Highly Stable Down	0
HT	RvY_12770-1	1	0	1	0	0	1	0	down	1	Highly Stable	Highly Stable Down	0
HT	RvY_12782-1	1	0	1	0	0	1	0	down	1	Highly Stable	Highly Stable Down	0
HT	RvY_12797-1	1	0	1	0	0	1	0	down	1	Highly Stable	Highly Stable Down	0
HT	RvY_12800-1	1	0	1	0	0	1	0	down	1	Highly Stable	Highly Stable Down	0
HT	RvY_12805-1	1	0	1	0	0	1	0	down	1	Highly Stable	Highly Stable Down	0
HT	RvY_12819-1	1	0	1	0	0	1	0	down	1	Highly Stable	Highly Stable Down	0
HT	RvY_12821-1	1	0	1	0	0	1	0	down	1	Highly Stable	Highly Stable Down	0
HT	RvY_12828-1	1	0	1	0	0	1	0	down	1	Highly Stable	Highly Stable Down	0
HT	RvY_12829	1	0	1	0	0	1	0	down	1	Highly Stable	Highly Stable Down	0
HT	RvY_12837-1	1	0	1	0	0	1	0	down	1	Highly Stable	Highly Stable Down	0
HT	RvY_12838-1	1	0	1	0	0	1	0	down	1	Highly Stable	Highly Stable Down	0
HT	RvY_12844-1	1	0	1	0	0	1	0	down	1	Highly Stable	Highly Stable Down	0
HT	RvY_12853	1	0	1	0	0	1	0	down	1	Highly Stable	Highly Stable Down	0
HT	RvY_12866-1	1	0	1	0	0	1	0	down	1	Highly Stable	Highly Stable Down	0
HT	RvY_12874-1	1	0	1	0	0	1	0	down	1	Highly Stable	Highly Stable Down	0
HT	RvY_12886-1	1	0	1	0	0	1	0	down	1	Highly Stable	Highly Stable Down	0
HT	RvY_12890-1	1	0	1	0	0	1	0	down	1	Highly Stable	Highly Stable Down	0
HT	RvY_12891-1	1	0	1	0	0	1	0	down	1	Highly Stable	Highly Stable Down	0
HT	RvY_12906	1	0	1	0	0	1	0	down	1	Highly Stable	Highly Stable Down	0
HT	RvY_12907-1	1	0	1	0	0	1	0	down	1	Highly Stable	Highly Stable Down	0
HT	RvY_12908-1	1	0	1	0	0	1	0	down	1	Highly Stable	Highly Stable Down	0
HT	RvY_12913-1	1	0	1	0	0	1	0	down	1	Highly Stable	Highly Stable Down	0
HT	RvY_12918-1	1	0	1	0	0	1	0	down	1	Highly Stable	Highly Stable Down	0
HT	RvY_12919-1	1	0	1	0	0	1	0	down	1	Highly Stable	Highly Stable Down	0
HT	RvY_12951	1	0	1	0	0	1	0	down	1	Highly Stable	Highly Stable Down	0
HT	RvY_12968-1	1	0	1	0	0	1	0	down	1	Highly Stable	Highly Stable Down	0
HT	RvY_12975-1	1	0	1	0	0	1	0	down	1	Highly Stable	Highly Stable Down	0
HT	RvY_12976	1	0	1	0	0	1	0	down	1	Highly Stable	Highly Stable Down	0
HT	RvY_13023-1	1	0	1	0	0	1	0	down	1	Highly Stable	Highly Stable Down	0
HT	RvY_13048-1	1	0	1	0	0	1	0	down	1	Highly Stable	Highly Stable Down	0
HT	RvY_13050-1	1	0	1	0	0	1	0	down	1	Highly Stable	Highly Stable Down	0
HT	RvY_13051-1	1	0	1	0	0	1	0	down	1	Highly Stable	Highly Stable Down	0
HT	RvY_13053	1	0	1	0	0	1	0	down	1	Highly Stable	Highly Stable Down	0
HT	RvY_13063-1	1	0	1	0	0	1	0	down	1	Highly Stable	Highly Stable Down	0
HT	RvY_13067-1	1	0	1	0	0	1	0	down	1	Highly Stable	Highly Stable Down	0
HT	RvY_13077	1	0	1	0	0	1	0	down	1	Highly Stable	Highly Stable Down	0
HT	RvY_13078-1	1	0	1	0	0	1	0	down	1	Highly Stable	Highly Stable Down	0
HT	RvY_13081	1	0	1	0	0	1	0	down	1	Highly Stable	Highly Stable Down	0
HT	RvY_13095-1	1	0	1	0	0	1	0	down	1	Highly Stable	Highly Stable Down	0
HT	RvY_13098-1	1	0	1	0	0	1	0	down	1	Highly Stable	Highly Stable Down	0
HT	RvY_13106	1	0	1	0	0	1	0	down	1	Highly Stable	Highly Stable Down	0
HT	RvY_13109-1	1	0	1	0	0	1	0	down	1	Highly Stable	Highly Stable Down	0
HT	RvY_13110-1	1	0	1	0	0	1	0	down	1	Highly Stable	Highly Stable Down	0
HT	RvY_13128-1	1	0	1	0	0	1	0	down	1	Highly Stable	Highly Stable Down	0
HT	RvY_13138-1	1	0	1	0	0	1	0	down	1	Highly Stable	Highly Stable Down	0
HT	RvY_13140-1	1	0	1	0	0	1	0	down	1	Highly Stable	Highly Stable Down	0
HT	RvY_13141-1	1	0	1	0	0	1	0	down	1	Highly Stable	Highly Stable Down	0
HT	RvY_13144	1	0	1	0	0	1	0	down	1	Highly Stable	Highly Stable Down	0
HT	RvY_13159-1	1	0	1	0	0	1	0	down	1	Highly Stable	Highly Stable Down	0
HT	RvY_13170-1	1	0	1	0	0	1	0	down	1	Highly Stable	Highly Stable Down	0
HT	RvY_13172-1	1	0	1	0	0	1	0	down	1	Highly Stable	Highly Stable Down	0
HT	RvY_13210-1	1	0	1	0	0	1	0	down	1	Highly Stable	Highly Stable Down	0
HT	RvY_13211-1	1	0	1	0	0	1	0	down	1	Highly Stable	Highly Stable Down	0
HT	RvY_13217-1	1	0	1	0	0	1	0	down	1	Highly Stable	Highly Stable Down	0
HT	RvY_13218-1	1	0	1	0	0	1	0	down	1	Highly Stable	Highly Stable Down	0
HT	RvY_13224-1	1	0	1	0	0	1	0	down	1	Highly Stable	Highly Stable Down	0
HT	RvY_13227-1	1	0	1	0	0	1	0	down	1	Highly Stable	Highly Stable Down	0
HT	RvY_13230	1	0	1	0	0	1	0	down	1	Highly Stable	Highly Stable Down	0
HT	RvY_13234-1	1	0	1	0	0	1	0	down	1	Highly Stable	Highly Stable Down	0
HT	RvY_13241-1	1	0	1	0	0	1	0	down	1	Highly Stable	Highly Stable Down	0
HT	RvY_13247-1	1	0	1	0	0	1	0	down	1	Highly Stable	Highly Stable Down	0
HT	RvY_13251-1	1	0	1	0	0	1	0	down	1	Highly Stable	Highly Stable Down	0
HT	RvY_13262-1	1	0	1	0	0	1	0	down	1	Highly Stable	Highly Stable Down	0
HT	RvY_13263-1	1	0	1	0	0	1	0	down	1	Highly Stable	Highly Stable Down	0
HT	RvY_13270-1	1	0	1	0	0	1	0	down	1	Highly Stable	Highly Stable Down	0
HT	RvY_13274-1	1	0	1	0	0	1	0	down	1	Highly Stable	Highly Stable Down	0
HT	RvY_13275-1	1	0	1	0	0	1	0	down	1	Highly Stable	Highly Stable Down	0
HT	RvY_13280-1	1	0	1	0	0	1	0	down	1	Highly Stable	Highly Stable Down	0
HT	RvY_13281-1	1	0	1	0	0	1	0	down	1	Highly Stable	Highly Stable Down	0
HT	RvY_13288-1	1	0	1	0	0	1	0	down	1	Highly Stable	Highly Stable Down	0
HT	RvY_13294-1	1	0	1	0	0	1	0	down	1	Highly Stable	Highly Stable Down	0
HT	RvY_13295-1	1	0	1	0	0	1	0	down	1	Highly Stable	Highly Stable Down	0
HT	RvY_13312-1	1	0	1	0	0	1	0	down	1	Highly Stable	Highly Stable Down	0
HT	RvY_13315-1	1	0	1	0	0	1	0	down	1	Highly Stable	Highly Stable Down	0
HT	RvY_13316-1	1	0	1	0	0	1	0	down	1	Highly Stable	Highly Stable Down	0
HT	RvY_13325-1	1	0	1	0	0	1	0	down	1	Highly Stable	Highly Stable Down	0
HT	RvY_13333-1	1	0	1	0	0	1	0	down	1	Highly Stable	Highly Stable Down	0
HT	RvY_13335-1	1	0	1	0	0	1	0	down	1	Highly Stable	Highly Stable Down	0
HT	RvY_13337-1	1	0	1	0	0	1	0	down	1	Highly Stable	Highly Stable Down	0
HT	RvY_13338-1	1	0	1	0	0	1	0	down	1	Highly Stable	Highly Stable Down	0
HT	RvY_13339-1	1	0	1	0	0	1	0	down	1	Highly Stable	Highly Stable Down	0
HT	RvY_13341-1	1	0	1	0	0	1	0	down	1	Highly Stable	Highly Stable Down	0
HT	RvY_13345-1	1	0	1	0	0	1	0	down	1	Highly Stable	Highly Stable Down	0
HT	RvY_13376-1	1	0	1	0	0	1	0	down	1	Highly Stable	Highly Stable Down	0
HT	RvY_13377-1	1	0	1	0	0	1	0	down	1	Highly Stable	Highly Stable Down	0
HT	RvY_13378-1	1	0	1	0	0	1	0	down	1	Highly Stable	Highly Stable Down	0
HT	RvY_13380-1	1	0	1	0	0	1	0	down	1	Highly Stable	Highly Stable Down	0
HT	RvY_13384-1	1	0	1	0	0	1	0	down	1	Highly Stable	Highly Stable Down	0
HT	RvY_13385-1	1	0	1	0	0	1	0	down	1	Highly Stable	Highly Stable Down	0
HT	RvY_13407	1	0	1	0	0	1	0	down	1	Highly Stable	Highly Stable Down	0
HT	RvY_13408-1	1	0	1	0	0	1	0	down	1	Highly Stable	Highly Stable Down	0
HT	RvY_13414-1	1	0	1	0	0	1	0	down	1	Highly Stable	Highly Stable Down	0
HT	RvY_13415-1	1	0	1	0	0	1	0	down	1	Highly Stable	Highly Stable Down	0
HT	RvY_13416	1	0	1	0	0	1	0	down	1	Highly Stable	Highly Stable Down	0
HT	RvY_13418-1	1	0	1	0	0	1	0	down	1	Highly Stable	Highly Stable Down	0
HT	RvY_13420-1	1	0	1	0	0	1	0	down	1	Highly Stable	Highly Stable Down	0
HT	RvY_13431	1	0	1	0	0	1	0	down	1	Highly Stable	Highly Stable Down	0
HT	RvY_13436-1	1	0	1	0	0	1	0	down	1	Highly Stable	Highly Stable Down	0
HT	RvY_13444-1	1	0	1	0	0	1	0	down	1	Highly Stable	Highly Stable Down	0
HT	RvY_13451-1	1	0	1	0	0	1	0	down	1	Highly Stable	Highly Stable Down	0
HT	RvY_13453	1	0	1	0	0	1	0	down	1	Highly Stable	Highly Stable Down	0
HT	RvY_13457-1	1	0	1	0	0	1	0	down	1	Highly Stable	Highly Stable Down	0
HT	RvY_13464	1	0	1	0	0	1	0	down	1	Highly Stable	Highly Stable Down	0
HT	RvY_13465-1	1	0	1	0	0	1	0	down	1	Highly Stable	Highly Stable Down	0
HT	RvY_13469-1	1	0	1	0	0	1	0	down	1	Highly Stable	Highly Stable Down	0
HT	RvY_13470-1	1	0	1	0	0	1	0	down	1	Highly Stable	Highly Stable Down	0
HT	RvY_13471-1	1	0	1	0	0	1	0	down	1	Highly Stable	Highly Stable Down	0
HT	RvY_13475-1	1	0	1	0	0	1	0	down	1	Highly Stable	Highly Stable Down	0
HT	RvY_13477-1	1	0	1	0	0	1	0	down	1	Highly Stable	Highly Stable Down	0
HT	RvY_13479-1	1	0	1	0	0	1	0	down	1	Highly Stable	Highly Stable Down	0
HT	RvY_13480-1	1	0	1	0	0	1	0	down	1	Highly Stable	Highly Stable Down	0
HT	RvY_13481-1	1	0	1	0	0	1	0	down	1	Highly Stable	Highly Stable Down	0
HT	RvY_13483-1	1	0	1	0	0	1	0	down	1	Highly Stable	Highly Stable Down	0
HT	RvY_13485-1	1	0	1	0	0	1	0	down	1	Highly Stable	Highly Stable Down	0
HT	RvY_13495-1	1	0	1	0	0	1	0	down	1	Highly Stable	Highly Stable Down	0
HT	RvY_13500-1	1	0	1	0	0	1	0	down	1	Highly Stable	Highly Stable Down	0
HT	RvY_13505	1	0	1	0	0	1	0	down	1	Highly Stable	Highly Stable Down	0
HT	RvY_13510-1	1	0	1	0	0	1	0	down	1	Highly Stable	Highly Stable Down	0
HT	RvY_13511-1	1	0	1	0	0	1	0	down	1	Highly Stable	Highly Stable Down	0
HT	RvY_13517-1	1	0	1	0	0	1	0	down	1	Highly Stable	Highly Stable Down	0
HT	RvY_13519-1	1	0	1	0	0	1	0	down	1	Highly Stable	Highly Stable Down	0
HT	RvY_13520-1	1	0	1	0	0	1	0	down	1	Highly Stable	Highly Stable Down	0
HT	RvY_13526	1	0	1	0	0	1	0	down	1	Highly Stable	Highly Stable Down	0
HT	RvY_13527-1	1	0	1	0	0	1	0	down	1	Highly Stable	Highly Stable Down	0
HT	RvY_13531-1	1	0	1	0	0	1	0	down	1	Highly Stable	Highly Stable Down	0
HT	RvY_13564	1	0	1	0	0	1	0	down	1	Highly Stable	Highly Stable Down	0
HT	RvY_13567	1	0	1	0	0	1	0	down	1	Highly Stable	Highly Stable Down	0
HT	RvY_13585-1	1	0	1	0	0	1	0	down	1	Highly Stable	Highly Stable Down	0
HT	RvY_13600-1	1	0	1	0	0	1	0	down	1	Highly Stable	Highly Stable Down	0
HT	RvY_13601-1	1	0	1	0	0	1	0	down	1	Highly Stable	Highly Stable Down	0
HT	RvY_13602-1	1	0	1	0	0	1	0	down	1	Highly Stable	Highly Stable Down	0
HT	RvY_13603-1	1	0	1	0	0	1	0	down	1	Highly Stable	Highly Stable Down	0
HT	RvY_13605-1	1	0	1	0	0	1	0	down	1	Highly Stable	Highly Stable Down	0
HT	RvY_13606-1	1	0	1	0	0	1	0	down	1	Highly Stable	Highly Stable Down	0
HT	RvY_13616-1	1	0	1	0	0	1	0	down	1	Highly Stable	Highly Stable Down	0
HT	RvY_13629-1	1	0	1	0	0	1	0	down	1	Highly Stable	Highly Stable Down	0
HT	RvY_13635-1	1	0	1	0	0	1	0	down	1	Highly Stable	Highly Stable Down	0
HT	RvY_13636	1	0	1	0	0	1	0	down	1	Highly Stable	Highly Stable Down	0
HT	RvY_13638-1	1	0	1	0	0	1	0	down	1	Highly Stable	Highly Stable Down	0
HT	RvY_13640-1	1	0	1	0	0	1	0	down	1	Highly Stable	Highly Stable Down	0
HT	RvY_13641	1	0	1	0	0	1	0	down	1	Highly Stable	Highly Stable Down	0
HT	RvY_13642-1	1	0	1	0	0	1	0	down	1	Highly Stable	Highly Stable Down	0
HT	RvY_13660-1	1	0	1	0	0	1	0	down	1	Highly Stable	Highly Stable Down	0
HT	RvY_13661-1	1	0	1	0	0	1	0	down	1	Highly Stable	Highly Stable Down	0
HT	RvY_13663-1	1	0	1	0	0	1	0	down	1	Highly Stable	Highly Stable Down	0
HT	RvY_13671-1	1	0	1	0	0	1	0	down	1	Highly Stable	Highly Stable Down	0
HT	RvY_13687	1	0	1	0	0	1	0	down	1	Highly Stable	Highly Stable Down	0
HT	RvY_13711-1	1	0	1	0	0	1	0	down	1	Highly Stable	Highly Stable Down	0
HT	RvY_13717-1	1	0	1	0	0	1	0	down	1	Highly Stable	Highly Stable Down	0
HT	RvY_13720-1	1	0	1	0	0	1	0	down	1	Highly Stable	Highly Stable Down	0
HT	RvY_13722	1	0	1	0	0	1	0	down	1	Highly Stable	Highly Stable Down	0
HT	RvY_13723-1	1	0	1	0	0	1	0	down	1	Highly Stable	Highly Stable Down	0
HT	RvY_13724-1	1	0	1	0	0	1	0	down	1	Highly Stable	Highly Stable Down	0
HT	RvY_13725-1	1	0	1	0	0	1	0	down	1	Highly Stable	Highly Stable Down	0
HT	RvY_13746-1	1	0	1	0	0	1	0	down	1	Highly Stable	Highly Stable Down	0
HT	RvY_13752	1	0	1	0	0	1	0	down	1	Highly Stable	Highly Stable Down	0
HT	RvY_13773	1	0	1	0	0	1	0	down	1	Highly Stable	Highly Stable Down	0
HT	RvY_13786-1	1	0	1	0	0	1	0	down	1	Highly Stable	Highly Stable Down	0
HT	RvY_13804-1	1	0	1	0	0	1	0	down	1	Highly Stable	Highly Stable Down	0
HT	RvY_13809-1	1	0	1	0	0	1	0	down	1	Highly Stable	Highly Stable Down	0
HT	RvY_13822-1	1	0	1	0	0	1	0	down	1	Highly Stable	Highly Stable Down	0
HT	RvY_13856-1	1	0	1	0	0	1	0	down	1	Highly Stable	Highly Stable Down	0
HT	RvY_13857-1	1	0	1	0	0	1	0	down	1	Highly Stable	Highly Stable Down	0
HT	RvY_13901-1	1	0	1	0	0	1	0	down	1	Highly Stable	Highly Stable Down	0
HT	RvY_13902	1	0	1	0	0	1	0	down	1	Highly Stable	Highly Stable Down	0
HT	RvY_13911	1	0	1	0	0	1	0	down	1	Highly Stable	Highly Stable Down	0
HT	RvY_13913	1	0	1	0	0	1	0	down	1	Highly Stable	Highly Stable Down	0
HT	RvY_13921-1	1	0	1	0	0	1	0	down	1	Highly Stable	Highly Stable Down	0
HT	RvY_13923-1	1	0	1	0	0	1	0	down	1	Highly Stable	Highly Stable Down	0
HT	RvY_13926-1	1	0	1	0	0	1	0	down	1	Highly Stable	Highly Stable Down	0
HT	RvY_13931-1	1	0	1	0	0	1	0	down	1	Highly Stable	Highly Stable Down	0
HT	RvY_13933-1	1	0	1	0	0	1	0	down	1	Highly Stable	Highly Stable Down	0
HT	RvY_13934-1	1	0	1	0	0	1	0	down	1	Highly Stable	Highly Stable Down	0
HT	RvY_13948-1	1	0	1	0	0	1	0	down	1	Highly Stable	Highly Stable Down	0
HT	RvY_13983-1	1	0	1	0	0	1	0	down	1	Highly Stable	Highly Stable Down	0
HT	RvY_14006-1	1	0	1	0	0	1	0	down	1	Highly Stable	Highly Stable Down	0
HT	RvY_14017-1	1	0	1	0	0	1	0	down	1	Highly Stable	Highly Stable Down	0
HT	RvY_14030-1	1	0	1	0	0	1	0	down	1	Highly Stable	Highly Stable Down	0
HT	RvY_14037-1	1	0	1	0	0	1	0	down	1	Highly Stable	Highly Stable Down	0
HT	RvY_14043-1	1	0	1	0	0	1	0	down	1	Highly Stable	Highly Stable Down	0
HT	RvY_14070-1	1	0	1	0	0	1	0	down	1	Highly Stable	Highly Stable Down	0
HT	RvY_14107-1	1	0	1	0	0	1	0	down	1	Highly Stable	Highly Stable Down	0
HT	RvY_14122-1	1	0	1	0	0	1	0	down	1	Highly Stable	Highly Stable Down	0
HT	RvY_14128-1	1	0	1	0	0	1	0	down	1	Highly Stable	Highly Stable Down	0
HT	RvY_14133	1	0	1	0	0	1	0	down	1	Highly Stable	Highly Stable Down	0
HT	RvY_14150-1	1	0	1	0	0	1	0	down	1	Highly Stable	Highly Stable Down	0
HT	RvY_14158-1	1	0	1	0	0	1	0	down	1	Highly Stable	Highly Stable Down	0
HT	RvY_14195-1	1	0	1	0	0	1	0	down	1	Highly Stable	Highly Stable Down	0
HT	RvY_14200-1	1	0	1	0	0	1	0	down	1	Highly Stable	Highly Stable Down	0
HT	RvY_14207-1	1	0	1	0	0	1	0	down	1	Highly Stable	Highly Stable Down	0
HT	RvY_14208-1	1	0	1	0	0	1	0	down	1	Highly Stable	Highly Stable Down	0
HT	RvY_14214-1	1	0	1	0	0	1	0	down	1	Highly Stable	Highly Stable Down	0
HT	RvY_14221	1	0	1	0	0	1	0	down	1	Highly Stable	Highly Stable Down	0
HT	RvY_14222-1	1	0	1	0	0	1	0	down	1	Highly Stable	Highly Stable Down	0
HT	RvY_14228	1	0	1	0	0	1	0	down	1	Highly Stable	Highly Stable Down	0
HT	RvY_14231	1	0	1	0	0	1	0	down	1	Highly Stable	Highly Stable Down	0
HT	RvY_14246-1	1	0	1	0	0	1	0	down	1	Highly Stable	Highly Stable Down	0
HT	RvY_14254-1	1	0	1	0	0	1	0	down	1	Highly Stable	Highly Stable Down	0
HT	RvY_14264-1	1	0	1	0	0	1	0	down	1	Highly Stable	Highly Stable Down	0
HT	RvY_14265-1	1	0	1	0	0	1	0	down	1	Highly Stable	Highly Stable Down	0
HT	RvY_14268-1	1	0	1	0	0	1	0	down	1	Highly Stable	Highly Stable Down	0
HT	RvY_14270	1	0	1	0	0	1	0	down	1	Highly Stable	Highly Stable Down	0
HT	RvY_14274-1	1	0	1	0	0	1	0	down	1	Highly Stable	Highly Stable Down	0
HT	RvY_14284-1	1	0	1	0	0	1	0	down	1	Highly Stable	Highly Stable Down	0
HT	RvY_14292	1	0	1	0	0	1	0	down	1	Highly Stable	Highly Stable Down	0
HT	RvY_14300	1	0	1	0	0	1	0	down	1	Highly Stable	Highly Stable Down	0
HT	RvY_14310-1	1	0	1	0	0	1	0	down	1	Highly Stable	Highly Stable Down	0
HT	RvY_14319-1	1	0	1	0	0	1	0	down	1	Highly Stable	Highly Stable Down	0
HT	RvY_14340	1	0	1	0	0	1	0	down	1	Highly Stable	Highly Stable Down	0
HT	RvY_14341-1	1	0	1	0	0	1	0	down	1	Highly Stable	Highly Stable Down	0
HT	RvY_14343-1	1	0	1	0	0	1	0	down	1	Highly Stable	Highly Stable Down	0
HT	RvY_14369-1	1	0	1	0	0	1	0	down	1	Highly Stable	Highly Stable Down	0
HT	RvY_14371	1	0	1	0	0	1	0	down	1	Highly Stable	Highly Stable Down	0
HT	RvY_14372-1	1	0	1	0	0	1	0	down	1	Highly Stable	Highly Stable Down	0
HT	RvY_14377-1	1	0	1	0	0	1	0	down	1	Highly Stable	Highly Stable Down	0
HT	RvY_14378-1	1	0	1	0	0	1	0	down	1	Highly Stable	Highly Stable Down	0
HT	RvY_14411-1	1	0	1	0	0	1	0	down	1	Highly Stable	Highly Stable Down	0
HT	RvY_14436-1	1	0	1	0	0	1	0	down	1	Highly Stable	Highly Stable Down	0
HT	RvY_14437-1	1	0	1	0	0	1	0	down	1	Highly Stable	Highly Stable Down	0
HT	RvY_14452-1	1	0	1	0	0	1	0	down	1	Highly Stable	Highly Stable Down	0
HT	RvY_14464-1	1	0	1	0	0	1	0	down	1	Highly Stable	Highly Stable Down	0
HT	RvY_14485-1	1	0	1	0	0	1	0	down	1	Highly Stable	Highly Stable Down	0
HT	RvY_14495-1	1	0	1	0	0	1	0	down	1	Highly Stable	Highly Stable Down	0
HT	RvY_14502	1	0	1	0	0	1	0	down	1	Highly Stable	Highly Stable Down	0
HT	RvY_14503-1	1	0	1	0	0	1	0	down	1	Highly Stable	Highly Stable Down	0
HT	RvY_14525-1	1	0	1	0	0	1	0	down	1	Highly Stable	Highly Stable Down	0
HT	RvY_14535-1	1	0	1	0	0	1	0	down	1	Highly Stable	Highly Stable Down	0
HT	RvY_14539-1	1	0	1	0	0	1	0	down	1	Highly Stable	Highly Stable Down	0
HT	RvY_14551-1	1	0	1	0	0	1	0	down	1	Highly Stable	Highly Stable Down	0
HT	RvY_14572	1	0	1	0	0	1	0	down	1	Highly Stable	Highly Stable Down	0
HT	RvY_14580-1	1	0	1	0	0	1	0	down	1	Highly Stable	Highly Stable Down	0
HT	RvY_14586-1	1	0	1	0	0	1	0	down	1	Highly Stable	Highly Stable Down	0
HT	RvY_14609	1	0	1	0	0	1	0	down	1	Highly Stable	Highly Stable Down	0
HT	RvY_14610-1	1	0	1	0	0	1	0	down	1	Highly Stable	Highly Stable Down	0
HT	RvY_14614-1	1	0	1	0	0	1	0	down	1	Highly Stable	Highly Stable Down	0
HT	RvY_14615-1	1	0	1	0	0	1	0	down	1	Highly Stable	Highly Stable Down	0
HT	RvY_14620-1	1	0	1	0	0	1	0	down	1	Highly Stable	Highly Stable Down	0
HT	RvY_14628-1	1	0	1	0	0	1	0	down	1	Highly Stable	Highly Stable Down	0
HT	RvY_14631-1	1	0	1	0	0	1	0	down	1	Highly Stable	Highly Stable Down	0
HT	RvY_14645	1	0	1	0	0	1	0	down	1	Highly Stable	Highly Stable Down	0
HT	RvY_14657-1	1	0	1	0	0	1	0	down	1	Highly Stable	Highly Stable Down	0
HT	RvY_14658-1	1	0	1	0	0	1	0	down	1	Highly Stable	Highly Stable Down	0
HT	RvY_14659-1	1	0	1	0	0	1	0	down	1	Highly Stable	Highly Stable Down	0
HT	RvY_14675-1	1	0	1	0	0	1	0	down	1	Highly Stable	Highly Stable Down	0
HT	RvY_14686	1	0	1	0	0	1	0	down	1	Highly Stable	Highly Stable Down	0
HT	RvY_14690-1	1	0	1	0	0	1	0	down	1	Highly Stable	Highly Stable Down	0
HT	RvY_14710-1	1	0	1	0	0	1	0	down	1	Highly Stable	Highly Stable Down	0
HT	RvY_14713-1	1	0	1	0	0	1	0	down	1	Highly Stable	Highly Stable Down	0
HT	RvY_14747-1	1	0	1	0	0	1	0	down	1	Highly Stable	Highly Stable Down	0
HT	RvY_14750-1	1	0	1	0	0	1	0	down	1	Highly Stable	Highly Stable Down	0
HT	RvY_14760-1	1	0	1	0	0	1	0	down	1	Highly Stable	Highly Stable Down	0
HT	RvY_14797	1	0	1	0	0	1	0	down	1	Highly Stable	Highly Stable Down	0
HT	RvY_14798-1	1	0	1	0	0	1	0	down	1	Highly Stable	Highly Stable Down	0
HT	RvY_14803-1	1	0	1	0	0	1	0	down	1	Highly Stable	Highly Stable Down	0
HT	RvY_14811-1	1	0	1	0	0	1	0	down	1	Highly Stable	Highly Stable Down	0
HT	RvY_14812-1	1	0	1	0	0	1	0	down	1	Highly Stable	Highly Stable Down	0
HT	RvY_14815-1	1	0	1	0	0	1	0	down	1	Highly Stable	Highly Stable Down	0
HT	RvY_14820-1	1	0	1	0	0	1	0	down	1	Highly Stable	Highly Stable Down	0
HT	RvY_14833-1	1	0	1	0	0	1	0	down	1	Highly Stable	Highly Stable Down	0
HT	RvY_14834-1	1	0	1	0	0	1	0	down	1	Highly Stable	Highly Stable Down	0
HT	RvY_14839-1	1	0	1	0	0	1	0	down	1	Highly Stable	Highly Stable Down	0
HT	RvY_14841	1	0	1	0	0	1	0	down	1	Highly Stable	Highly Stable Down	0
HT	RvY_14843-1	1	0	1	0	0	1	0	down	1	Highly Stable	Highly Stable Down	0
HT	RvY_14847-1	1	0	1	0	0	1	0	down	1	Highly Stable	Highly Stable Down	0
HT	RvY_14848-1	1	0	1	0	0	1	0	down	1	Highly Stable	Highly Stable Down	0
HT	RvY_14856-1	1	0	1	0	0	1	0	down	1	Highly Stable	Highly Stable Down	0
HT	RvY_14865-1	1	0	1	0	0	1	0	down	1	Highly Stable	Highly Stable Down	0
HT	RvY_14881-1	1	0	1	0	0	1	0	down	1	Highly Stable	Highly Stable Down	0
HT	RvY_14882-1	1	0	1	0	0	1	0	down	1	Highly Stable	Highly Stable Down	0
HT	RvY_14903-1	1	0	1	0	0	1	0	down	1	Highly Stable	Highly Stable Down	0
HT	RvY_14904	1	0	1	0	0	1	0	down	1	Highly Stable	Highly Stable Down	0
HT	RvY_14905-1	1	0	1	0	0	1	0	down	1	Highly Stable	Highly Stable Down	0
HT	RvY_14913	1	0	1	0	0	1	0	down	1	Highly Stable	Highly Stable Down	0
HT	RvY_14914	1	0	1	0	0	1	0	down	1	Highly Stable	Highly Stable Down	0
HT	RvY_14915-1	1	0	1	0	0	1	0	down	1	Highly Stable	Highly Stable Down	0
HT	RvY_14916	1	0	1	0	0	1	0	down	1	Highly Stable	Highly Stable Down	0
HT	RvY_14922-1	1	0	1	0	0	1	0	down	1	Highly Stable	Highly Stable Down	0
HT	RvY_14923-1	1	0	1	0	0	1	0	down	1	Highly Stable	Highly Stable Down	0
HT	RvY_14924-1	1	0	1	0	0	1	0	down	1	Highly Stable	Highly Stable Down	0
HT	RvY_14925-1	1	0	1	0	0	1	0	down	1	Highly Stable	Highly Stable Down	0
HT	RvY_14928-1	1	0	1	0	0	1	0	down	1	Highly Stable	Highly Stable Down	0
HT	RvY_14929-1	1	0	1	0	0	1	0	down	1	Highly Stable	Highly Stable Down	0
HT	RvY_14930-1	1	0	1	0	0	1	0	down	1	Highly Stable	Highly Stable Down	0
HT	RvY_14931-1	1	0	1	0	0	1	0	down	1	Highly Stable	Highly Stable Down	0
HT	RvY_14940-1	1	0	1	0	0	1	0	down	1	Highly Stable	Highly Stable Down	0
HT	RvY_14945	1	0	1	0	0	1	0	down	1	Highly Stable	Highly Stable Down	0
HT	RvY_14948-1	1	0	1	0	0	1	0	down	1	Highly Stable	Highly Stable Down	0
HT	RvY_14960-1	1	0	1	0	0	1	0	down	1	Highly Stable	Highly Stable Down	0
HT	RvY_14961-1	1	0	1	0	0	1	0	down	1	Highly Stable	Highly Stable Down	0
HT	RvY_14963-1	1	0	1	0	0	1	0	down	1	Highly Stable	Highly Stable Down	0
HT	RvY_14969-1	1	0	1	0	0	1	0	down	1	Highly Stable	Highly Stable Down	0
HT	RvY_14973	1	0	1	0	0	1	0	down	1	Highly Stable	Highly Stable Down	0
HT	RvY_14986-1	1	0	1	0	0	1	0	down	1	Highly Stable	Highly Stable Down	0
HT	RvY_14994	1	0	1	0	0	1	0	down	1	Highly Stable	Highly Stable Down	0
HT	RvY_15001-1	1	0	1	0	0	1	0	down	1	Highly Stable	Highly Stable Down	0
HT	RvY_15007-1	1	0	1	0	0	1	0	down	1	Highly Stable	Highly Stable Down	0
HT	RvY_15008-1	1	0	1	0	0	1	0	down	1	Highly Stable	Highly Stable Down	0
HT	RvY_15009-1	1	0	1	0	0	1	0	down	1	Highly Stable	Highly Stable Down	0
HT	RvY_15014-1	1	0	1	0	0	1	0	down	1	Highly Stable	Highly Stable Down	0
HT	RvY_15018-1	1	0	1	0	0	1	0	down	1	Highly Stable	Highly Stable Down	0
HT	RvY_15021-1	1	0	1	0	0	1	0	down	1	Highly Stable	Highly Stable Down	0
HT	RvY_15023-1	1	0	1	0	0	1	0	down	1	Highly Stable	Highly Stable Down	0
HT	RvY_15025-1	1	0	1	0	0	1	0	down	1	Highly Stable	Highly Stable Down	0
HT	RvY_15037-1	1	0	1	0	0	1	0	down	1	Highly Stable	Highly Stable Down	0
HT	RvY_15040-1	1	0	1	0	0	1	0	down	1	Highly Stable	Highly Stable Down	0
HT	RvY_15048-1	1	0	1	0	0	1	0	down	1	Highly Stable	Highly Stable Down	0
HT	RvY_15049-1	1	0	1	0	0	1	0	down	1	Highly Stable	Highly Stable Down	0
HT	RvY_15055-1	1	0	1	0	0	1	0	down	1	Highly Stable	Highly Stable Down	0
HT	RvY_15056	1	0	1	0	0	1	0	down	1	Highly Stable	Highly Stable Down	0
HT	RvY_15057	1	0	1	0	0	1	0	down	1	Highly Stable	Highly Stable Down	0
HT	RvY_15069	1	0	1	0	0	1	0	down	1	Highly Stable	Highly Stable Down	0
HT	RvY_15074-1	1	0	1	0	0	1	0	down	1	Highly Stable	Highly Stable Down	0
HT	RvY_15080	1	0	1	0	0	1	0	down	1	Highly Stable	Highly Stable Down	0
HT	RvY_15081-1	1	0	1	0	0	1	0	down	1	Highly Stable	Highly Stable Down	0
HT	RvY_15082-1	1	0	1	0	0	1	0	down	1	Highly Stable	Highly Stable Down	0
HT	RvY_15091-1	1	0	1	0	0	1	0	down	1	Highly Stable	Highly Stable Down	0
HT	RvY_15098	1	0	1	0	0	1	0	down	1	Highly Stable	Highly Stable Down	0
HT	RvY_15100-1	1	0	1	0	0	1	0	down	1	Highly Stable	Highly Stable Down	0
HT	RvY_15115-1	1	0	1	0	0	1	0	down	1	Highly Stable	Highly Stable Down	0
HT	RvY_15129-1	1	0	1	0	0	1	0	down	1	Highly Stable	Highly Stable Down	0
HT	RvY_15139-1	1	0	1	0	0	1	0	down	1	Highly Stable	Highly Stable Down	0
HT	RvY_15147-1	1	0	1	0	0	1	0	down	1	Highly Stable	Highly Stable Down	0
HT	RvY_15149-1	1	0	1	0	0	1	0	down	1	Highly Stable	Highly Stable Down	0
HT	RvY_15150-1	1	0	1	0	0	1	0	down	1	Highly Stable	Highly Stable Down	0
HT	RvY_15159-1	1	0	1	0	0	1	0	down	1	Highly Stable	Highly Stable Down	0
HT	RvY_15160-1	1	0	1	0	0	1	0	down	1	Highly Stable	Highly Stable Down	0
HT	RvY_15161-1	1	0	1	0	0	1	0	down	1	Highly Stable	Highly Stable Down	0
HT	RvY_15169-1	1	0	1	0	0	1	0	down	1	Highly Stable	Highly Stable Down	0
HT	RvY_15170	1	0	1	0	0	1	0	down	1	Highly Stable	Highly Stable Down	0
HT	RvY_15180-1	1	0	1	0	0	1	0	down	1	Highly Stable	Highly Stable Down	0
HT	RvY_15182-1	1	0	1	0	0	1	0	down	1	Highly Stable	Highly Stable Down	0
HT	RvY_15183	1	0	1	0	0	1	0	down	1	Highly Stable	Highly Stable Down	0
HT	RvY_15185-1	1	0	1	0	0	1	0	down	1	Highly Stable	Highly Stable Down	0
HT	RvY_15197-1	1	0	1	0	0	1	0	down	1	Highly Stable	Highly Stable Down	0
HT	RvY_15199	1	0	1	0	0	1	0	down	1	Highly Stable	Highly Stable Down	0
HT	RvY_15200-1	1	0	1	0	0	1	0	down	1	Highly Stable	Highly Stable Down	0
HT	RvY_15201-1	1	0	1	0	0	1	0	down	1	Highly Stable	Highly Stable Down	0
HT	RvY_15258	1	0	1	0	0	1	0	down	1	Highly Stable	Highly Stable Down	0
HT	RvY_15264-1	1	0	1	0	0	1	0	down	1	Highly Stable	Highly Stable Down	0
HT	RvY_15285	1	0	1	0	0	1	0	down	1	Highly Stable	Highly Stable Down	0
HT	RvY_15303-1	1	0	1	0	0	1	0	down	1	Highly Stable	Highly Stable Down	0
HT	RvY_15320	1	0	1	0	0	1	0	down	1	Highly Stable	Highly Stable Down	0
HT	RvY_15323	1	0	1	0	0	1	0	down	1	Highly Stable	Highly Stable Down	0
HT	RvY_15343-1	1	0	1	0	0	1	0	down	1	Highly Stable	Highly Stable Down	0
HT	RvY_15372-1	1	0	1	0	0	1	0	down	1	Highly Stable	Highly Stable Down	0
HT	RvY_15374-1	1	0	1	0	0	1	0	down	1	Highly Stable	Highly Stable Down	0
HT	RvY_15375-1	1	0	1	0	0	1	0	down	1	Highly Stable	Highly Stable Down	0
HT	RvY_15380	1	0	1	0	0	1	0	down	1	Highly Stable	Highly Stable Down	0
HT	RvY_15381-1	1	0	1	0	0	1	0	down	1	Highly Stable	Highly Stable Down	0
HT	RvY_15390-1	1	0	1	0	0	1	0	down	1	Highly Stable	Highly Stable Down	0
HT	RvY_15403-1	1	0	1	0	0	1	0	down	1	Highly Stable	Highly Stable Down	0
HT	RvY_15405-1	1	0	1	0	0	1	0	down	1	Highly Stable	Highly Stable Down	0
HT	RvY_15407-1	1	0	1	0	0	1	0	down	1	Highly Stable	Highly Stable Down	0
HT	RvY_15424-1	1	0	1	0	0	1	0	down	1	Highly Stable	Highly Stable Down	0
HT	RvY_15426	1	0	1	0	0	1	0	down	1	Highly Stable	Highly Stable Down	0
HT	RvY_15427	1	0	1	0	0	1	0	down	1	Highly Stable	Highly Stable Down	0
HT	RvY_15431-1	1	0	1	0	0	1	0	down	1	Highly Stable	Highly Stable Down	0
HT	RvY_15432-1	1	0	1	0	0	1	0	down	1	Highly Stable	Highly Stable Down	0
HT	RvY_15433-1	1	0	1	0	0	1	0	down	1	Highly Stable	Highly Stable Down	0
HT	RvY_15434-1	1	0	1	0	0	1	0	down	1	Highly Stable	Highly Stable Down	0
HT	RvY_15452-1	1	0	1	0	0	1	0	down	1	Highly Stable	Highly Stable Down	0
HT	RvY_15460-1	1	0	1	0	0	1	0	down	1	Highly Stable	Highly Stable Down	0
HT	RvY_15486-1	1	0	1	0	0	1	0	down	1	Highly Stable	Highly Stable Down	0
HT	RvY_15491-1	1	0	1	0	0	1	0	down	1	Highly Stable	Highly Stable Down	0
HT	RvY_15494-1	1	0	1	0	0	1	0	down	1	Highly Stable	Highly Stable Down	0
HT	RvY_15497-1	1	0	1	0	0	1	0	down	1	Highly Stable	Highly Stable Down	0
HT	RvY_15503-1	1	0	1	0	0	1	0	down	1	Highly Stable	Highly Stable Down	0
HT	RvY_15504-1	1	0	1	0	0	1	0	down	1	Highly Stable	Highly Stable Down	0
HT	RvY_15509-1	1	0	1	0	0	1	0	down	1	Highly Stable	Highly Stable Down	0
HT	RvY_15516-1	1	0	1	0	0	1	0	down	1	Highly Stable	Highly Stable Down	0
HT	RvY_15522	1	0	1	0	0	1	0	down	1	Highly Stable	Highly Stable Down	0
HT	RvY_15534-1	1	0	1	0	0	1	0	down	1	Highly Stable	Highly Stable Down	0
HT	RvY_15537-1	1	0	1	0	0	1	0	down	1	Highly Stable	Highly Stable Down	0
HT	RvY_15565-1	1	0	1	0	0	1	0	down	1	Highly Stable	Highly Stable Down	0
HT	RvY_15566	1	0	1	0	0	1	0	down	1	Highly Stable	Highly Stable Down	0
HT	RvY_15592	1	0	1	0	0	1	0	down	1	Highly Stable	Highly Stable Down	0
HT	RvY_15610	1	0	1	0	0	1	0	down	1	Highly Stable	Highly Stable Down	0
HT	RvY_15611-1	1	0	1	0	0	1	0	down	1	Highly Stable	Highly Stable Down	0
HT	RvY_15614-1	1	0	1	0	0	1	0	down	1	Highly Stable	Highly Stable Down	0
HT	RvY_15641	1	0	1	0	0	1	0	down	1	Highly Stable	Highly Stable Down	0
HT	RvY_15653-1	1	0	1	0	0	1	0	down	1	Highly Stable	Highly Stable Down	0
HT	RvY_15658-1	1	0	1	0	0	1	0	down	1	Highly Stable	Highly Stable Down	0
HT	RvY_15660-1	1	0	1	0	0	1	0	down	1	Highly Stable	Highly Stable Down	0
HT	RvY_15661-1	1	0	1	0	0	1	0	down	1	Highly Stable	Highly Stable Down	0
HT	RvY_15664	1	0	1	0	0	1	0	down	1	Highly Stable	Highly Stable Down	0
HT	RvY_15666-1	1	0	1	0	0	1	0	down	1	Highly Stable	Highly Stable Down	0
HT	RvY_15690-1	1	0	1	0	0	1	0	down	1	Highly Stable	Highly Stable Down	0
HT	RvY_15696-1	1	0	1	0	0	1	0	down	1	Highly Stable	Highly Stable Down	0
HT	RvY_15711-1	1	0	1	0	0	1	0	down	1	Highly Stable	Highly Stable Down	0
HT	RvY_15721-1	1	0	1	0	0	1	0	down	1	Highly Stable	Highly Stable Down	0
HT	RvY_15722-1	1	0	1	0	0	1	0	down	1	Highly Stable	Highly Stable Down	0
HT	RvY_15723-1	1	0	1	0	0	1	0	down	1	Highly Stable	Highly Stable Down	0
HT	RvY_15726-1	1	0	1	0	0	1	0	down	1	Highly Stable	Highly Stable Down	0
HT	RvY_15730-1	1	0	1	0	0	1	0	down	1	Highly Stable	Highly Stable Down	0
HT	RvY_15732-1	1	0	1	0	0	1	0	down	1	Highly Stable	Highly Stable Down	0
HT	RvY_15741-1	1	0	1	0	0	1	0	down	1	Highly Stable	Highly Stable Down	0
HT	RvY_15745-1	1	0	1	0	0	1	0	down	1	Highly Stable	Highly Stable Down	0
HT	RvY_15779-1	1	0	1	0	0	1	0	down	1	Highly Stable	Highly Stable Down	0
HT	RvY_15794-1	1	0	1	0	0	1	0	down	1	Highly Stable	Highly Stable Down	0
HT	RvY_15797	1	0	1	0	0	1	0	down	1	Highly Stable	Highly Stable Down	0
HT	RvY_15799	1	0	1	0	0	1	0	down	1	Highly Stable	Highly Stable Down	0
HT	RvY_15807	1	0	1	0	0	1	0	down	1	Highly Stable	Highly Stable Down	0
HT	RvY_15808-1	1	0	1	0	0	1	0	down	1	Highly Stable	Highly Stable Down	0
HT	RvY_15813-1	1	0	1	0	0	1	0	down	1	Highly Stable	Highly Stable Down	0
HT	RvY_15821-1	1	0	1	0	0	1	0	down	1	Highly Stable	Highly Stable Down	0
HT	RvY_15822-1	1	0	1	0	0	1	0	down	1	Highly Stable	Highly Stable Down	0
HT	RvY_15826-1	1	0	1	0	0	1	0	down	1	Highly Stable	Highly Stable Down	0
HT	RvY_15827-1	1	0	1	0	0	1	0	down	1	Highly Stable	Highly Stable Down	0
HT	RvY_15832-1	1	0	1	0	0	1	0	down	1	Highly Stable	Highly Stable Down	0
HT	RvY_15846-1	1	0	1	0	0	1	0	down	1	Highly Stable	Highly Stable Down	0
HT	RvY_15850	1	0	1	0	0	1	0	down	1	Highly Stable	Highly Stable Down	0
HT	RvY_15892-1	1	0	1	0	0	1	0	down	1	Highly Stable	Highly Stable Down	0
HT	RvY_15906-1	1	0	1	0	0	1	0	down	1	Highly Stable	Highly Stable Down	0
HT	RvY_15909-1	1	0	1	0	0	1	0	down	1	Highly Stable	Highly Stable Down	0
HT	RvY_15926	1	0	1	0	0	1	0	down	1	Highly Stable	Highly Stable Down	0
HT	RvY_15934-1	1	0	1	0	0	1	0	down	1	Highly Stable	Highly Stable Down	0
HT	RvY_15940-1	1	0	1	0	0	1	0	down	1	Highly Stable	Highly Stable Down	0
HT	RvY_15948	1	0	1	0	0	1	0	down	1	Highly Stable	Highly Stable Down	0
HT	RvY_15951-1	1	0	1	0	0	1	0	down	1	Highly Stable	Highly Stable Down	0
HT	RvY_15952-1	1	0	1	0	0	1	0	down	1	Highly Stable	Highly Stable Down	0
HT	RvY_15974-1	1	0	1	0	0	1	0	down	1	Highly Stable	Highly Stable Down	0
HT	RvY_15975-1	1	0	1	0	0	1	0	down	1	Highly Stable	Highly Stable Down	0
HT	RvY_16005-1	1	0	1	0	0	1	0	down	1	Highly Stable	Highly Stable Down	0
HT	RvY_16008-1	1	0	1	0	0	1	0	down	1	Highly Stable	Highly Stable Down	0
HT	RvY_16009-1	1	0	1	0	0	1	0	down	1	Highly Stable	Highly Stable Down	0
HT	RvY_16010-1	1	0	1	0	0	1	0	down	1	Highly Stable	Highly Stable Down	0
HT	RvY_16014	1	0	1	0	0	1	0	down	1	Highly Stable	Highly Stable Down	0
HT	RvY_16026-1	1	0	1	0	0	1	0	down	1	Highly Stable	Highly Stable Down	0
HT	RvY_16032-1	1	0	1	0	0	1	0	down	1	Highly Stable	Highly Stable Down	0
HT	RvY_16034-1	1	0	1	0	0	1	0	down	1	Highly Stable	Highly Stable Down	0
HT	RvY_16036-1	1	0	1	0	0	1	0	down	1	Highly Stable	Highly Stable Down	0
HT	RvY_16040-1	1	0	1	0	0	1	0	down	1	Highly Stable	Highly Stable Down	0
HT	RvY_16041	1	0	1	0	0	1	0	down	1	Highly Stable	Highly Stable Down	0
HT	RvY_16043-1	1	0	1	0	0	1	0	down	1	Highly Stable	Highly Stable Down	0
HT	RvY_16052-1	1	0	1	0	0	1	0	down	1	Highly Stable	Highly Stable Down	0
HT	RvY_16056-1	1	0	1	0	0	1	0	down	1	Highly Stable	Highly Stable Down	0
HT	RvY_16057-1	1	0	1	0	0	1	0	down	1	Highly Stable	Highly Stable Down	0
HT	RvY_16062	1	0	1	0	0	1	0	down	1	Highly Stable	Highly Stable Down	0
HT	RvY_16066-1	1	0	1	0	0	1	0	down	1	Highly Stable	Highly Stable Down	0
HT	RvY_16071-1	1	0	1	0	0	1	0	down	1	Highly Stable	Highly Stable Down	0
HT	RvY_16072	1	0	1	0	0	1	0	down	1	Highly Stable	Highly Stable Down	0
HT	RvY_16081-1	1	0	1	0	0	1	0	down	1	Highly Stable	Highly Stable Down	0
HT	RvY_16097	1	0	1	0	0	1	0	down	1	Highly Stable	Highly Stable Down	0
HT	RvY_16098	1	0	1	0	0	1	0	down	1	Highly Stable	Highly Stable Down	0
HT	RvY_16112	1	0	1	0	0	1	0	down	1	Highly Stable	Highly Stable Down	0
HT	RvY_16126-1	1	0	1	0	0	1	0	down	1	Highly Stable	Highly Stable Down	0
HT	RvY_16127-1	1	0	1	0	0	1	0	down	1	Highly Stable	Highly Stable Down	0
HT	RvY_16129-2	1	0	1	0	0	1	0	down	1	Highly Stable	Highly Stable Down	0
HT	RvY_16130-1	1	0	1	0	0	1	0	down	1	Highly Stable	Highly Stable Down	0
HT	RvY_16131-1	1	0	1	0	0	1	0	down	1	Highly Stable	Highly Stable Down	0
HT	RvY_16132-1	1	0	1	0	0	1	0	down	1	Highly Stable	Highly Stable Down	0
HT	RvY_16148-1	1	0	1	0	0	1	0	down	1	Highly Stable	Highly Stable Down	0
HT	RvY_16150-1	1	0	1	0	0	1	0	down	1	Highly Stable	Highly Stable Down	0
HT	RvY_16152	1	0	1	0	0	1	0	down	1	Highly Stable	Highly Stable Down	0
HT	RvY_16153-1	1	0	1	0	0	1	0	down	1	Highly Stable	Highly Stable Down	0
HT	RvY_16167-1	1	0	1	0	0	1	0	down	1	Highly Stable	Highly Stable Down	0
HT	RvY_16173-1	1	0	1	0	0	1	0	down	1	Highly Stable	Highly Stable Down	0
HT	RvY_16174-1	1	0	1	0	0	1	0	down	1	Highly Stable	Highly Stable Down	0
HT	RvY_16176-1	1	0	1	0	0	1	0	down	1	Highly Stable	Highly Stable Down	0
HT	RvY_16177-1	1	0	1	0	0	1	0	down	1	Highly Stable	Highly Stable Down	0
HT	RvY_16178-1	1	0	1	0	0	1	0	down	1	Highly Stable	Highly Stable Down	0
HT	RvY_16186	1	0	1	0	0	1	0	down	1	Highly Stable	Highly Stable Down	0
HT	RvY_16188-1	1	0	1	0	0	1	0	down	1	Highly Stable	Highly Stable Down	0
HT	RvY_16194-1	1	0	1	0	0	1	0	down	1	Highly Stable	Highly Stable Down	0
HT	RvY_16214-1	1	0	1	0	0	1	0	down	1	Highly Stable	Highly Stable Down	0
HT	RvY_16228-1	1	0	1	0	0	1	0	down	1	Highly Stable	Highly Stable Down	0
HT	RvY_16229-1	1	0	1	0	0	1	0	down	1	Highly Stable	Highly Stable Down	0
HT	RvY_16230	1	0	1	0	0	1	0	down	1	Highly Stable	Highly Stable Down	0
HT	RvY_16233-1	1	0	1	0	0	1	0	down	1	Highly Stable	Highly Stable Down	0
HT	RvY_16235	1	0	1	0	0	1	0	down	1	Highly Stable	Highly Stable Down	0
HT	RvY_16239-1	1	0	1	0	0	1	0	down	1	Highly Stable	Highly Stable Down	0
HT	RvY_16242-1	1	0	1	0	0	1	0	down	1	Highly Stable	Highly Stable Down	0
HT	RvY_16273	1	0	1	0	0	1	0	down	1	Highly Stable	Highly Stable Down	0
HT	RvY_16274-1	1	0	1	0	0	1	0	down	1	Highly Stable	Highly Stable Down	0
HT	RvY_16276-1	1	0	1	0	0	1	0	down	1	Highly Stable	Highly Stable Down	0
HT	RvY_16282-1	1	0	1	0	0	1	0	down	1	Highly Stable	Highly Stable Down	0
HT	RvY_16292-1	1	0	1	0	0	1	0	down	1	Highly Stable	Highly Stable Down	0
HT	RvY_16293-1	1	0	1	0	0	1	0	down	1	Highly Stable	Highly Stable Down	0
HT	RvY_16299-1	1	0	1	0	0	1	0	down	1	Highly Stable	Highly Stable Down	0
HT	RvY_16313-1	1	0	1	0	0	1	0	down	1	Highly Stable	Highly Stable Down	0
HT	RvY_16323-1	1	0	1	0	0	1	0	down	1	Highly Stable	Highly Stable Down	0
HT	RvY_16327-1	1	0	1	0	0	1	0	down	1	Highly Stable	Highly Stable Down	0
HT	RvY_16329-1	1	0	1	0	0	1	0	down	1	Highly Stable	Highly Stable Down	0
HT	RvY_16332	1	0	1	0	0	1	0	down	1	Highly Stable	Highly Stable Down	0
HT	RvY_16339	1	0	1	0	0	1	0	down	1	Highly Stable	Highly Stable Down	0
HT	RvY_16340-1	1	0	1	0	0	1	0	down	1	Highly Stable	Highly Stable Down	0
HT	RvY_16341	1	0	1	0	0	1	0	down	1	Highly Stable	Highly Stable Down	0
HT	RvY_16349-1	1	0	1	0	0	1	0	down	1	Highly Stable	Highly Stable Down	0
HT	RvY_16354-1	1	0	1	0	0	1	0	down	1	Highly Stable	Highly Stable Down	0
HT	RvY_16355-1	1	0	1	0	0	1	0	down	1	Highly Stable	Highly Stable Down	0
HT	RvY_16357-1	1	0	1	0	0	1	0	down	1	Highly Stable	Highly Stable Down	0
HT	RvY_16362-1	1	0	1	0	0	1	0	down	1	Highly Stable	Highly Stable Down	0
HT	RvY_16374-1	1	0	1	0	0	1	0	down	1	Highly Stable	Highly Stable Down	0
HT	RvY_16378-1	1	0	1	0	0	1	0	down	1	Highly Stable	Highly Stable Down	0
HT	RvY_16379-1	1	0	1	0	0	1	0	down	1	Highly Stable	Highly Stable Down	0
HT	RvY_16389-1	1	0	1	0	0	1	0	down	1	Highly Stable	Highly Stable Down	0
HT	RvY_16390-1	1	0	1	0	0	1	0	down	1	Highly Stable	Highly Stable Down	0
HT	RvY_16400	1	0	1	0	0	1	0	down	1	Highly Stable	Highly Stable Down	0
HT	RvY_16412-1	1	0	1	0	0	1	0	down	1	Highly Stable	Highly Stable Down	0
HT	RvY_16423	1	0	1	0	0	1	0	down	1	Highly Stable	Highly Stable Down	0
HT	RvY_16430-1	1	0	1	0	0	1	0	down	1	Highly Stable	Highly Stable Down	0
HT	RvY_16434-1	1	0	1	0	0	1	0	down	1	Highly Stable	Highly Stable Down	0
HT	RvY_16442-1	1	0	1	0	0	1	0	down	1	Highly Stable	Highly Stable Down	0
HT	RvY_16445	1	0	1	0	0	1	0	down	1	Highly Stable	Highly Stable Down	0
HT	RvY_16446	1	0	1	0	0	1	0	down	1	Highly Stable	Highly Stable Down	0
HT	RvY_16447-1	1	0	1	0	0	1	0	down	1	Highly Stable	Highly Stable Down	0
HT	RvY_16453-1	1	0	1	0	0	1	0	down	1	Highly Stable	Highly Stable Down	0
HT	RvY_16457-1	1	0	1	0	0	1	0	down	1	Highly Stable	Highly Stable Down	0
HT	RvY_16463	1	0	1	0	0	1	0	down	1	Highly Stable	Highly Stable Down	0
HT	RvY_16468-1	1	0	1	0	0	1	0	down	1	Highly Stable	Highly Stable Down	0
HT	RvY_16487	1	0	1	0	0	1	0	down	1	Highly Stable	Highly Stable Down	0
HT	RvY_16498-1	1	0	1	0	0	1	0	down	1	Highly Stable	Highly Stable Down	0
HT	RvY_16499-1	1	0	1	0	0	1	0	down	1	Highly Stable	Highly Stable Down	0
HT	RvY_16501-1	1	0	1	0	0	1	0	down	1	Highly Stable	Highly Stable Down	0
HT	RvY_16505-1	1	0	1	0	0	1	0	down	1	Highly Stable	Highly Stable Down	0
HT	RvY_16508-1	1	0	1	0	0	1	0	down	1	Highly Stable	Highly Stable Down	0
HT	RvY_16514-1	1	0	1	0	0	1	0	down	1	Highly Stable	Highly Stable Down	0
HT	RvY_16522-1	1	0	1	0	0	1	0	down	1	Highly Stable	Highly Stable Down	0
HT	RvY_16527-1	1	0	1	0	0	1	0	down	1	Highly Stable	Highly Stable Down	0
HT	RvY_16530-1	1	0	1	0	0	1	0	down	1	Highly Stable	Highly Stable Down	0
HT	RvY_16531-1	1	0	1	0	0	1	0	down	1	Highly Stable	Highly Stable Down	0
HT	RvY_16533-1	1	0	1	0	0	1	0	down	1	Highly Stable	Highly Stable Down	0
HT	RvY_16550-1	1	0	1	0	0	1	0	down	1	Highly Stable	Highly Stable Down	0
HT	RvY_16560-1	1	0	1	0	0	1	0	down	1	Highly Stable	Highly Stable Down	0
HT	RvY_16562-1	1	0	1	0	0	1	0	down	1	Highly Stable	Highly Stable Down	0
HT	RvY_16572	1	0	1	0	0	1	0	down	1	Highly Stable	Highly Stable Down	0
HT	RvY_16575-1	1	0	1	0	0	1	0	down	1	Highly Stable	Highly Stable Down	0
HT	RvY_16586-1	1	0	1	0	0	1	0	down	1	Highly Stable	Highly Stable Down	0
HT	RvY_16589-1	1	0	1	0	0	1	0	down	1	Highly Stable	Highly Stable Down	0
HT	RvY_16599-1	1	0	1	0	0	1	0	down	1	Highly Stable	Highly Stable Down	0
HT	RvY_16600-1	1	0	1	0	0	1	0	down	1	Highly Stable	Highly Stable Down	0
HT	RvY_16604-1	1	0	1	0	0	1	0	down	1	Highly Stable	Highly Stable Down	0
HT	RvY_16610	1	0	1	0	0	1	0	down	1	Highly Stable	Highly Stable Down	0
HT	RvY_16612	1	0	1	0	0	1	0	down	1	Highly Stable	Highly Stable Down	0
HT	RvY_16613	1	0	1	0	0	1	0	down	1	Highly Stable	Highly Stable Down	0
HT	RvY_16614-1	1	0	1	0	0	1	0	down	1	Highly Stable	Highly Stable Down	0
HT	RvY_16618-1	1	0	1	0	0	1	0	down	1	Highly Stable	Highly Stable Down	0
HT	RvY_16631-1	1	0	1	0	0	1	0	down	1	Highly Stable	Highly Stable Down	0
HT	RvY_16632-1	1	0	1	0	0	1	0	down	1	Highly Stable	Highly Stable Down	0
HT	RvY_16633-1	1	0	1	0	0	1	0	down	1	Highly Stable	Highly Stable Down	0
HT	RvY_16635	1	0	1	0	0	1	0	down	1	Highly Stable	Highly Stable Down	0
HT	RvY_16642	1	0	1	0	0	1	0	down	1	Highly Stable	Highly Stable Down	0
HT	RvY_16657-1	1	0	1	0	0	1	0	down	1	Highly Stable	Highly Stable Down	0
HT	RvY_16669-1	1	0	1	0	0	1	0	down	1	Highly Stable	Highly Stable Down	0
HT	RvY_16670-1	1	0	1	0	0	1	0	down	1	Highly Stable	Highly Stable Down	0
HT	RvY_16679-1	1	0	1	0	0	1	0	down	1	Highly Stable	Highly Stable Down	0
HT	RvY_16688-1	1	0	1	0	0	1	0	down	1	Highly Stable	Highly Stable Down	0
HT	RvY_16694	1	0	1	0	0	1	0	down	1	Highly Stable	Highly Stable Down	0
HT	RvY_16698-1	1	0	1	0	0	1	0	down	1	Highly Stable	Highly Stable Down	0
HT	RvY_16710-1	1	0	1	0	0	1	0	down	1	Highly Stable	Highly Stable Down	0
HT	RvY_16713	1	0	1	0	0	1	0	down	1	Highly Stable	Highly Stable Down	0
HT	RvY_16738-1	1	0	1	0	0	1	0	down	1	Highly Stable	Highly Stable Down	0
HT	RvY_16740-1	1	0	1	0	0	1	0	down	1	Highly Stable	Highly Stable Down	0
HT	RvY_16742	1	0	1	0	0	1	0	down	1	Highly Stable	Highly Stable Down	0
HT	RvY_16743-1	1	0	1	0	0	1	0	down	1	Highly Stable	Highly Stable Down	0
HT	RvY_16759-1	1	0	1	0	0	1	0	down	1	Highly Stable	Highly Stable Down	0
HT	RvY_16760-1	1	0	1	0	0	1	0	down	1	Highly Stable	Highly Stable Down	0
HT	RvY_16766	1	0	1	0	0	1	0	down	1	Highly Stable	Highly Stable Down	0
HT	RvY_16775	1	0	1	0	0	1	0	down	1	Highly Stable	Highly Stable Down	0
HT	RvY_16784-1	1	0	1	0	0	1	0	down	1	Highly Stable	Highly Stable Down	0
HT	RvY_16785-1	1	0	1	0	0	1	0	down	1	Highly Stable	Highly Stable Down	0
HT	RvY_16786	1	0	1	0	0	1	0	down	1	Highly Stable	Highly Stable Down	0
HT	RvY_16795	1	0	1	0	0	1	0	down	1	Highly Stable	Highly Stable Down	0
HT	RvY_16824-1	1	0	1	0	0	1	0	down	1	Highly Stable	Highly Stable Down	0
HT	RvY_16828-1	1	0	1	0	0	1	0	down	1	Highly Stable	Highly Stable Down	0
HT	RvY_16829-1	1	0	1	0	0	1	0	down	1	Highly Stable	Highly Stable Down	0
HT	RvY_16836-1	1	0	1	0	0	1	0	down	1	Highly Stable	Highly Stable Down	0
HT	RvY_16845-1	1	0	1	0	0	1	0	down	1	Highly Stable	Highly Stable Down	0
HT	RvY_16859-1	1	0	1	0	0	1	0	down	1	Highly Stable	Highly Stable Down	0
HT	RvY_16869	1	0	1	0	0	1	0	down	1	Highly Stable	Highly Stable Down	0
HT	RvY_16880-1	1	0	1	0	0	1	0	down	1	Highly Stable	Highly Stable Down	0
HT	RvY_16884-1	1	0	1	0	0	1	0	down	1	Highly Stable	Highly Stable Down	0
HT	RvY_16905-1	1	0	1	0	0	1	0	down	1	Highly Stable	Highly Stable Down	0
HT	RvY_16906-1	1	0	1	0	0	1	0	down	1	Highly Stable	Highly Stable Down	0
HT	RvY_16916-1	1	0	1	0	0	1	0	down	1	Highly Stable	Highly Stable Down	0
HT	RvY_16924	1	0	1	0	0	1	0	down	1	Highly Stable	Highly Stable Down	0
HT	RvY_16938-1	1	0	1	0	0	1	0	down	1	Highly Stable	Highly Stable Down	0
HT	RvY_16943-1	1	0	1	0	0	1	0	down	1	Highly Stable	Highly Stable Down	0
HT	RvY_16952-1	1	0	1	0	0	1	0	down	1	Highly Stable	Highly Stable Down	0
HT	RvY_16958-1	1	0	1	0	0	1	0	down	1	Highly Stable	Highly Stable Down	0
HT	RvY_16959-1	1	0	1	0	0	1	0	down	1	Highly Stable	Highly Stable Down	0
HT	RvY_16964	1	0	1	0	0	1	0	down	1	Highly Stable	Highly Stable Down	0
HT	RvY_16965-1	1	0	1	0	0	1	0	down	1	Highly Stable	Highly Stable Down	0
HT	RvY_16968	1	0	1	0	0	1	0	down	1	Highly Stable	Highly Stable Down	0
HT	RvY_17017-1	1	0	1	0	0	1	0	down	1	Highly Stable	Highly Stable Down	0
HT	RvY_17022-1	1	0	1	0	0	1	0	down	1	Highly Stable	Highly Stable Down	0
HT	RvY_17029-1	1	0	1	0	0	1	0	down	1	Highly Stable	Highly Stable Down	0
HT	RvY_17050-1	1	0	1	0	0	1	0	down	1	Highly Stable	Highly Stable Down	0
HT	RvY_17051-1	1	0	1	0	0	1	0	down	1	Highly Stable	Highly Stable Down	0
HT	RvY_17052-1	1	0	1	0	0	1	0	down	1	Highly Stable	Highly Stable Down	0
HT	RvY_17054-1	1	0	1	0	0	1	0	down	1	Highly Stable	Highly Stable Down	0
HT	RvY_17064-1	1	0	1	0	0	1	0	down	1	Highly Stable	Highly Stable Down	0
HT	RvY_17066-1	1	0	1	0	0	1	0	down	1	Highly Stable	Highly Stable Down	0
HT	RvY_17077-1	1	0	1	0	0	1	0	down	1	Highly Stable	Highly Stable Down	0
HT	RvY_17087-1	1	0	1	0	0	1	0	down	1	Highly Stable	Highly Stable Down	0
HT	RvY_17094	1	0	1	0	0	1	0	down	1	Highly Stable	Highly Stable Down	0
HT	RvY_17104	1	0	1	0	0	1	0	down	1	Highly Stable	Highly Stable Down	0
HT	RvY_17106-1	1	0	1	0	0	1	0	down	1	Highly Stable	Highly Stable Down	0
HT	RvY_17107-1	1	0	1	0	0	1	0	down	1	Highly Stable	Highly Stable Down	0
HT	RvY_17108-1	1	0	1	0	0	1	0	down	1	Highly Stable	Highly Stable Down	0
HT	RvY_17112-1	1	0	1	0	0	1	0	down	1	Highly Stable	Highly Stable Down	0
HT	RvY_17117-1	1	0	1	0	0	1	0	down	1	Highly Stable	Highly Stable Down	0
HT	RvY_17118-1	1	0	1	0	0	1	0	down	1	Highly Stable	Highly Stable Down	0
HT	RvY_17124-1	1	0	1	0	0	1	0	down	1	Highly Stable	Highly Stable Down	0
HT	RvY_17125-1	1	0	1	0	0	1	0	down	1	Highly Stable	Highly Stable Down	0
HT	RvY_17135-1	1	0	1	0	0	1	0	down	1	Highly Stable	Highly Stable Down	0
HT	RvY_17136-1	1	0	1	0	0	1	0	down	1	Highly Stable	Highly Stable Down	0
HT	RvY_17137-1	1	0	1	0	0	1	0	down	1	Highly Stable	Highly Stable Down	0
HT	RvY_17139-4	1	0	1	0	0	1	0	down	1	Highly Stable	Highly Stable Down	0
HT	RvY_17140	1	0	1	0	0	1	0	down	1	Highly Stable	Highly Stable Down	0
HT	RvY_17142-1	1	0	1	0	0	1	0	down	1	Highly Stable	Highly Stable Down	0
HT	RvY_17144-1	1	0	1	0	0	1	0	down	1	Highly Stable	Highly Stable Down	0
HT	RvY_17151	1	0	1	0	0	1	0	down	1	Highly Stable	Highly Stable Down	0
HT	RvY_17170-2	1	0	1	0	0	1	0	down	1	Highly Stable	Highly Stable Down	0
HT	RvY_17171-1	1	0	1	0	0	1	0	down	1	Highly Stable	Highly Stable Down	0
HT	RvY_17174-1	1	0	1	0	0	1	0	down	1	Highly Stable	Highly Stable Down	0
HT	RvY_17176	1	0	1	0	0	1	0	down	1	Highly Stable	Highly Stable Down	0
HT	RvY_17180	1	0	1	0	0	1	0	down	1	Highly Stable	Highly Stable Down	0
HT	RvY_17181-1	1	0	1	0	0	1	0	down	1	Highly Stable	Highly Stable Down	0
HT	RvY_17186	1	0	1	0	0	1	0	down	1	Highly Stable	Highly Stable Down	0
HT	RvY_17187-1	1	0	1	0	0	1	0	down	1	Highly Stable	Highly Stable Down	0
HT	RvY_17224-1	1	0	1	0	0	1	0	down	1	Highly Stable	Highly Stable Down	0
HT	RvY_17230-1	1	0	1	0	0	1	0	down	1	Highly Stable	Highly Stable Down	0
HT	RvY_17246-1	1	0	1	0	0	1	0	down	1	Highly Stable	Highly Stable Down	0
HT	RvY_17247-1	1	0	1	0	0	1	0	down	1	Highly Stable	Highly Stable Down	0
HT	RvY_17248-1	1	0	1	0	0	1	0	down	1	Highly Stable	Highly Stable Down	0
HT	RvY_17258-1	1	0	1	0	0	1	0	down	1	Highly Stable	Highly Stable Down	0
HT	RvY_17263-1	1	0	1	0	0	1	0	down	1	Highly Stable	Highly Stable Down	0
HT	RvY_17264-1	1	0	1	0	0	1	0	down	1	Highly Stable	Highly Stable Down	0
HT	RvY_17267-1	1	0	1	0	0	1	0	down	1	Highly Stable	Highly Stable Down	0
HT	RvY_17274-1	1	0	1	0	0	1	0	down	1	Highly Stable	Highly Stable Down	0
HT	RvY_17283-1	1	0	1	0	0	1	0	down	1	Highly Stable	Highly Stable Down	0
HT	RvY_17292-1	1	0	1	0	0	1	0	down	1	Highly Stable	Highly Stable Down	0
HT	RvY_17294-1	1	0	1	0	0	1	0	down	1	Highly Stable	Highly Stable Down	0
HT	RvY_17295-1	1	0	1	0	0	1	0	down	1	Highly Stable	Highly Stable Down	0
HT	RvY_17337-1	1	0	1	0	0	1	0	down	1	Highly Stable	Highly Stable Down	0
HT	RvY_17338-1	1	0	1	0	0	1	0	down	1	Highly Stable	Highly Stable Down	0
HT	RvY_17339-1	1	0	1	0	0	1	0	down	1	Highly Stable	Highly Stable Down	0
HT	RvY_17391-1	1	0	1	0	0	1	0	down	1	Highly Stable	Highly Stable Down	0
HT	RvY_17399-1	1	0	1	0	0	1	0	down	1	Highly Stable	Highly Stable Down	0
HT	RvY_17401-1	1	0	1	0	0	1	0	down	1	Highly Stable	Highly Stable Down	0
HT	RvY_17402-1	1	0	1	0	0	1	0	down	1	Highly Stable	Highly Stable Down	0
HT	RvY_17405-1	1	0	1	0	0	1	0	down	1	Highly Stable	Highly Stable Down	0
HT	RvY_17432-1	1	0	1	0	0	1	0	down	1	Highly Stable	Highly Stable Down	0
HT	RvY_17440-1	1	0	1	0	0	1	0	down	1	Highly Stable	Highly Stable Down	0
HT	RvY_17445-1	1	0	1	0	0	1	0	down	1	Highly Stable	Highly Stable Down	0
HT	RvY_17446-1	1	0	1	0	0	1	0	down	1	Highly Stable	Highly Stable Down	0
HT	RvY_17455-1	1	0	1	0	0	1	0	down	1	Highly Stable	Highly Stable Down	0
HT	RvY_17472-1	1	0	1	0	0	1	0	down	1	Highly Stable	Highly Stable Down	0
HT	RvY_17473-1	1	0	1	0	0	1	0	down	1	Highly Stable	Highly Stable Down	0
HT	RvY_17474-1	1	0	1	0	0	1	0	down	1	Highly Stable	Highly Stable Down	0
HT	RvY_17482	1	0	1	0	0	1	0	down	1	Highly Stable	Highly Stable Down	0
HT	RvY_17495-1	1	0	1	0	0	1	0	down	1	Highly Stable	Highly Stable Down	0
HT	RvY_17500-1	1	0	1	0	0	1	0	down	1	Highly Stable	Highly Stable Down	0
HT	RvY_17505-1	1	0	1	0	0	1	0	down	1	Highly Stable	Highly Stable Down	0
HT	RvY_17513-1	1	0	1	0	0	1	0	down	1	Highly Stable	Highly Stable Down	0
HT	RvY_17514-1	1	0	1	0	0	1	0	down	1	Highly Stable	Highly Stable Down	0
HT	RvY_17518-1	1	0	1	0	0	1	0	down	1	Highly Stable	Highly Stable Down	0
HT	RvY_17527-1	1	0	1	0	0	1	0	down	1	Highly Stable	Highly Stable Down	0
HT	RvY_17538-1	1	0	1	0	0	1	0	down	1	Highly Stable	Highly Stable Down	0
HT	RvY_17556-1	1	0	1	0	0	1	0	down	1	Highly Stable	Highly Stable Down	0
HT	RvY_17561-1	1	0	1	0	0	1	0	down	1	Highly Stable	Highly Stable Down	0
HT	RvY_17576-1	1	0	1	0	0	1	0	down	1	Highly Stable	Highly Stable Down	0
HT	RvY_17577-1	1	0	1	0	0	1	0	down	1	Highly Stable	Highly Stable Down	0
HT	RvY_17578-1	1	0	1	0	0	1	0	down	1	Highly Stable	Highly Stable Down	0
HT	RvY_17589-1	1	0	1	0	0	1	0	down	1	Highly Stable	Highly Stable Down	0
HT	RvY_17605-1	1	0	1	0	0	1	0	down	1	Highly Stable	Highly Stable Down	0
HT	RvY_17610	1	0	1	0	0	1	0	down	1	Highly Stable	Highly Stable Down	0
HT	RvY_17611-1	1	0	1	0	0	1	0	down	1	Highly Stable	Highly Stable Down	0
HT	RvY_17620-1	1	0	1	0	0	1	0	down	1	Highly Stable	Highly Stable Down	0
HT	RvY_17621	1	0	1	0	0	1	0	down	1	Highly Stable	Highly Stable Down	0
HT	RvY_17623-1	1	0	1	0	0	1	0	down	1	Highly Stable	Highly Stable Down	0
HT	RvY_17634-1	1	0	1	0	0	1	0	down	1	Highly Stable	Highly Stable Down	0
HT	RvY_17695-1	1	0	1	0	0	1	0	down	1	Highly Stable	Highly Stable Down	0
HT	RvY_17705-1	1	0	1	0	0	1	0	down	1	Highly Stable	Highly Stable Down	0
HT	RvY_17709-1	1	0	1	0	0	1	0	down	1	Highly Stable	Highly Stable Down	0
HT	RvY_17710-1	1	0	1	0	0	1	0	down	1	Highly Stable	Highly Stable Down	0
HT	RvY_17716-1	1	0	1	0	0	1	0	down	1	Highly Stable	Highly Stable Down	0
HT	RvY_17721-1	1	0	1	0	0	1	0	down	1	Highly Stable	Highly Stable Down	0
HT	RvY_17724-1	1	0	1	0	0	1	0	down	1	Highly Stable	Highly Stable Down	0
HT	RvY_17730-1	1	0	1	0	0	1	0	down	1	Highly Stable	Highly Stable Down	0
HT	RvY_17731-1	1	0	1	0	0	1	0	down	1	Highly Stable	Highly Stable Down	0
HT	RvY_17732-1	1	0	1	0	0	1	0	down	1	Highly Stable	Highly Stable Down	0
HT	RvY_17733-1	1	0	1	0	0	1	0	down	1	Highly Stable	Highly Stable Down	0
HT	RvY_17734-1	1	0	1	0	0	1	0	down	1	Highly Stable	Highly Stable Down	0
HT	RvY_17742-1	1	0	1	0	0	1	0	down	1	Highly Stable	Highly Stable Down	0
HT	RvY_17771	1	0	1	0	0	1	0	down	1	Highly Stable	Highly Stable Down	0
HT	RvY_17787-1	1	0	1	0	0	1	0	down	1	Highly Stable	Highly Stable Down	0
HT	RvY_17788-1	1	0	1	0	0	1	0	down	1	Highly Stable	Highly Stable Down	0
HT	RvY_17793	1	0	1	0	0	1	0	down	1	Highly Stable	Highly Stable Down	0
HT	RvY_17802-1	1	0	1	0	0	1	0	down	1	Highly Stable	Highly Stable Down	0
HT	RvY_17829-1	1	0	1	0	0	1	0	down	1	Highly Stable	Highly Stable Down	0
HT	RvY_17831-1	1	0	1	0	0	1	0	down	1	Highly Stable	Highly Stable Down	0
HT	RvY_17841-1	1	0	1	0	0	1	0	down	1	Highly Stable	Highly Stable Down	0
HT	RvY_17847-1	1	0	1	0	0	1	0	down	1	Highly Stable	Highly Stable Down	0
HT	RvY_17849-1	1	0	1	0	0	1	0	down	1	Highly Stable	Highly Stable Down	0
HT	RvY_17868-1	1	0	1	0	0	1	0	down	1	Highly Stable	Highly Stable Down	0
HT	RvY_17869	1	0	1	0	0	1	0	down	1	Highly Stable	Highly Stable Down	0
HT	RvY_17880	1	0	1	0	0	1	0	down	1	Highly Stable	Highly Stable Down	0
HT	RvY_17896-1	1	0	1	0	0	1	0	down	1	Highly Stable	Highly Stable Down	0
HT	RvY_17898-1	1	0	1	0	0	1	0	down	1	Highly Stable	Highly Stable Down	0
HT	RvY_17900	1	0	1	0	0	1	0	down	1	Highly Stable	Highly Stable Down	0
HT	RvY_17903-1	1	0	1	0	0	1	0	down	1	Highly Stable	Highly Stable Down	0
HT	RvY_17906-1	1	0	1	0	0	1	0	down	1	Highly Stable	Highly Stable Down	0
HT	RvY_17907-1	1	0	1	0	0	1	0	down	1	Highly Stable	Highly Stable Down	0
HT	RvY_17908-1	1	0	1	0	0	1	0	down	1	Highly Stable	Highly Stable Down	0
HT	RvY_17909-1	1	0	1	0	0	1	0	down	1	Highly Stable	Highly Stable Down	0
HT	RvY_17911-1	1	0	1	0	0	1	0	down	1	Highly Stable	Highly Stable Down	0
HT	RvY_17912-1	1	0	1	0	0	1	0	down	1	Highly Stable	Highly Stable Down	0
HT	RvY_17913-1	1	0	1	0	0	1	0	down	1	Highly Stable	Highly Stable Down	0
HT	RvY_17916-1	1	0	1	0	0	1	0	down	1	Highly Stable	Highly Stable Down	0
HT	RvY_17919	1	0	1	0	0	1	0	down	1	Highly Stable	Highly Stable Down	0
HT	RvY_17925-1	1	0	1	0	0	1	0	down	1	Highly Stable	Highly Stable Down	0
HT	RvY_17931-1	1	0	1	0	0	1	0	down	1	Highly Stable	Highly Stable Down	0
HT	RvY_17945	1	0	1	0	0	1	0	down	1	Highly Stable	Highly Stable Down	0
HT	RvY_17960-1	1	0	1	0	0	1	0	down	1	Highly Stable	Highly Stable Down	0
HT	RvY_17967-1	1	0	1	0	0	1	0	down	1	Highly Stable	Highly Stable Down	0
HT	RvY_17981	1	0	1	0	0	1	0	down	1	Highly Stable	Highly Stable Down	0
HT	RvY_17991-1	1	0	1	0	0	1	0	down	1	Highly Stable	Highly Stable Down	0
HT	RvY_17994-1	1	0	1	0	0	1	0	down	1	Highly Stable	Highly Stable Down	0
HT	RvY_17995-1	1	0	1	0	0	1	0	down	1	Highly Stable	Highly Stable Down	0
HT	RvY_18029-1	1	0	1	0	0	1	0	down	1	Highly Stable	Highly Stable Down	0
HT	RvY_18030-1	1	0	1	0	0	1	0	down	1	Highly Stable	Highly Stable Down	0
HT	RvY_18035-1	1	0	1	0	0	1	0	down	1	Highly Stable	Highly Stable Down	0
HT	RvY_18042	1	0	1	0	0	1	0	down	1	Highly Stable	Highly Stable Down	0
HT	RvY_18046-1	1	0	1	0	0	1	0	down	1	Highly Stable	Highly Stable Down	0
HT	RvY_18048-1	1	0	1	0	0	1	0	down	1	Highly Stable	Highly Stable Down	0
HT	RvY_18049-1	1	0	1	0	0	1	0	down	1	Highly Stable	Highly Stable Down	0
HT	RvY_18073-1	1	0	1	0	0	1	0	down	1	Highly Stable	Highly Stable Down	0
HT	RvY_18075-1	1	0	1	0	0	1	0	down	1	Highly Stable	Highly Stable Down	0
HT	RvY_18101-1	1	0	1	0	0	1	0	down	1	Highly Stable	Highly Stable Down	0
HT	RvY_18105-1	1	0	1	0	0	1	0	down	1	Highly Stable	Highly Stable Down	0
HT	RvY_18107	1	0	1	0	0	1	0	down	1	Highly Stable	Highly Stable Down	0
HT	RvY_18111-1	1	0	1	0	0	1	0	down	1	Highly Stable	Highly Stable Down	0
HT	RvY_18112-1	1	0	1	0	0	1	0	down	1	Highly Stable	Highly Stable Down	0
HT	RvY_18123	1	0	1	0	0	1	0	down	1	Highly Stable	Highly Stable Down	0
HT	RvY_18124-1	1	0	1	0	0	1	0	down	1	Highly Stable	Highly Stable Down	0
HT	RvY_18139-1	1	0	1	0	0	1	0	down	1	Highly Stable	Highly Stable Down	0
HT	RvY_18158-1	1	0	1	0	0	1	0	down	1	Highly Stable	Highly Stable Down	0
HT	RvY_18172-1	1	0	1	0	0	1	0	down	1	Highly Stable	Highly Stable Down	0
HT	RvY_18175-1	1	0	1	0	0	1	0	down	1	Highly Stable	Highly Stable Down	0
HT	RvY_18181-1	1	0	1	0	0	1	0	down	1	Highly Stable	Highly Stable Down	0
HT	RvY_18182-1	1	0	1	0	0	1	0	down	1	Highly Stable	Highly Stable Down	0
HT	RvY_18197	1	0	1	0	0	1	0	down	1	Highly Stable	Highly Stable Down	0
HT	RvY_18216-1	1	0	1	0	0	1	0	down	1	Highly Stable	Highly Stable Down	0
HT	RvY_18217-1	1	0	1	0	0	1	0	down	1	Highly Stable	Highly Stable Down	0
HT	RvY_18219-1	1	0	1	0	0	1	0	down	1	Highly Stable	Highly Stable Down	0
HT	RvY_18222-1	1	0	1	0	0	1	0	down	1	Highly Stable	Highly Stable Down	0
HT	RvY_18223	1	0	1	0	0	1	0	down	1	Highly Stable	Highly Stable Down	0
HT	RvY_18233	1	0	1	0	0	1	0	down	1	Highly Stable	Highly Stable Down	0
HT	RvY_18257-1	1	0	1	0	0	1	0	down	1	Highly Stable	Highly Stable Down	0
HT	RvY_18258-1	1	0	1	0	0	1	0	down	1	Highly Stable	Highly Stable Down	0
HT	RvY_18260-1	1	0	1	0	0	1	0	down	1	Highly Stable	Highly Stable Down	0
HT	RvY_18278-1	1	0	1	0	0	1	0	down	1	Highly Stable	Highly Stable Down	0
HT	RvY_18279-1	1	0	1	0	0	1	0	down	1	Highly Stable	Highly Stable Down	0
HT	RvY_18284-1	1	0	1	0	0	1	0	down	1	Highly Stable	Highly Stable Down	0
HT	RvY_18285-1	1	0	1	0	0	1	0	down	1	Highly Stable	Highly Stable Down	0
HT	RvY_18289-1	1	0	1	0	0	1	0	down	1	Highly Stable	Highly Stable Down	0
HT	RvY_18298-1	1	0	1	0	0	1	0	down	1	Highly Stable	Highly Stable Down	0
HT	RvY_18303-1	1	0	1	0	0	1	0	down	1	Highly Stable	Highly Stable Down	0
HT	RvY_18304-1	1	0	1	0	0	1	0	down	1	Highly Stable	Highly Stable Down	0
HT	RvY_18306-1	1	0	1	0	0	1	0	down	1	Highly Stable	Highly Stable Down	0
HT	RvY_18307-1	1	0	1	0	0	1	0	down	1	Highly Stable	Highly Stable Down	0
HT	RvY_18324	1	0	1	0	0	1	0	down	1	Highly Stable	Highly Stable Down	0
HT	RvY_18343-1	1	0	1	0	0	1	0	down	1	Highly Stable	Highly Stable Down	0
HT	RvY_18344	1	0	1	0	0	1	0	down	1	Highly Stable	Highly Stable Down	0
HT	RvY_18346	1	0	1	0	0	1	0	down	1	Highly Stable	Highly Stable Down	0
HT	RvY_18347-1	1	0	1	0	0	1	0	down	1	Highly Stable	Highly Stable Down	0
HT	RvY_18379-1	1	0	1	0	0	1	0	down	1	Highly Stable	Highly Stable Down	0
HT	RvY_18383-1	1	0	1	0	0	1	0	down	1	Highly Stable	Highly Stable Down	0
HT	RvY_18401-1	1	0	1	0	0	1	0	down	1	Highly Stable	Highly Stable Down	0
HT	RvY_18420	1	0	1	0	0	1	0	down	1	Highly Stable	Highly Stable Down	0
HT	RvY_18421-1	1	0	1	0	0	1	0	down	1	Highly Stable	Highly Stable Down	0
HT	RvY_18425-1	1	0	1	0	0	1	0	down	1	Highly Stable	Highly Stable Down	0
HT	RvY_18433-1	1	0	1	0	0	1	0	down	1	Highly Stable	Highly Stable Down	0
HT	RvY_18465-1	1	0	1	0	0	1	0	down	1	Highly Stable	Highly Stable Down	0
HT	RvY_18477-1	1	0	1	0	0	1	0	down	1	Highly Stable	Highly Stable Down	0
HT	RvY_18491	1	0	1	0	0	1	0	down	1	Highly Stable	Highly Stable Down	0
HT	RvY_18501-1	1	0	1	0	0	1	0	down	1	Highly Stable	Highly Stable Down	0
HT	RvY_18505	1	0	1	0	0	1	0	down	1	Highly Stable	Highly Stable Down	0
HT	RvY_18510-1	1	0	1	0	0	1	0	down	1	Highly Stable	Highly Stable Down	0
HT	RvY_18515-1	1	0	1	0	0	1	0	down	1	Highly Stable	Highly Stable Down	0
HT	RvY_18533-1	1	0	1	0	0	1	0	down	1	Highly Stable	Highly Stable Down	0
HT	RvY_18550-1	1	0	1	0	0	1	0	down	1	Highly Stable	Highly Stable Down	0
HT	RvY_18552-1	1	0	1	0	0	1	0	down	1	Highly Stable	Highly Stable Down	0
HT	RvY_18559-1	1	0	1	0	0	1	0	down	1	Highly Stable	Highly Stable Down	0
HT	RvY_18566-1	1	0	1	0	0	1	0	down	1	Highly Stable	Highly Stable Down	0
HT	RvY_18571-1	1	0	1	0	0	1	0	down	1	Highly Stable	Highly Stable Down	0
HT	RvY_18574-1	1	0	1	0	0	1	0	down	1	Highly Stable	Highly Stable Down	0
HT	RvY_18583	1	0	1	0	0	1	0	down	1	Highly Stable	Highly Stable Down	0
HT	RvY_18587-1	1	0	1	0	0	1	0	down	1	Highly Stable	Highly Stable Down	0
HT	RvY_18605-1	1	0	1	0	0	1	0	down	1	Highly Stable	Highly Stable Down	0
HT	RvY_18606-1	1	0	1	0	0	1	0	down	1	Highly Stable	Highly Stable Down	0
HT	RvY_18609-1	1	0	1	0	0	1	0	down	1	Highly Stable	Highly Stable Down	0
HT	RvY_18612-1	1	0	1	0	0	1	0	down	1	Highly Stable	Highly Stable Down	0
HT	RvY_18615	1	0	1	0	0	1	0	down	1	Highly Stable	Highly Stable Down	0
HT	RvY_18622-1	1	0	1	0	0	1	0	down	1	Highly Stable	Highly Stable Down	0
HT	RvY_18629	1	0	1	0	0	1	0	down	1	Highly Stable	Highly Stable Down	0
HT	RvY_18641	1	0	1	0	0	1	0	down	1	Highly Stable	Highly Stable Down	0
HT	RvY_18645-1	1	0	1	0	0	1	0	down	1	Highly Stable	Highly Stable Down	0
HT	RvY_18662-1	1	0	1	0	0	1	0	down	1	Highly Stable	Highly Stable Down	0
HT	RvY_18665-1	1	0	1	0	0	1	0	down	1	Highly Stable	Highly Stable Down	0
HT	RvY_18667-1	1	0	1	0	0	1	0	down	1	Highly Stable	Highly Stable Down	0
HT	RvY_18699-1	1	0	1	0	0	1	0	down	1	Highly Stable	Highly Stable Down	0
HT	RvY_18730-1	1	0	1	0	0	1	0	down	1	Highly Stable	Highly Stable Down	0
HT	RvY_18764-1	1	0	1	0	0	1	0	down	1	Highly Stable	Highly Stable Down	0
HT	RvY_18766	1	0	1	0	0	1	0	down	1	Highly Stable	Highly Stable Down	0
HT	RvY_18783-1	1	0	1	0	0	1	0	down	1	Highly Stable	Highly Stable Down	0
HT	RvY_18784	1	0	1	0	0	1	0	down	1	Highly Stable	Highly Stable Down	0
HT	RvY_18785-1	1	0	1	0	0	1	0	down	1	Highly Stable	Highly Stable Down	0
HT	RvY_18787-1	1	0	1	0	0	1	0	down	1	Highly Stable	Highly Stable Down	0
HT	RvY_18795-1	1	0	1	0	0	1	0	down	1	Highly Stable	Highly Stable Down	0
HT	RvY_18796-1	1	0	1	0	0	1	0	down	1	Highly Stable	Highly Stable Down	0
HT	RvY_18801-1	1	0	1	0	0	1	0	down	1	Highly Stable	Highly Stable Down	0
HT	RvY_18810	1	0	1	0	0	1	0	down	1	Highly Stable	Highly Stable Down	0
HT	RvY_18812-1	1	0	1	0	0	1	0	down	1	Highly Stable	Highly Stable Down	0
HT	RvY_18814	1	0	1	0	0	1	0	down	1	Highly Stable	Highly Stable Down	0
HT	RvY_18819-1	1	0	1	0	0	1	0	down	1	Highly Stable	Highly Stable Down	0
HT	RvY_18822-1	1	0	1	0	0	1	0	down	1	Highly Stable	Highly Stable Down	0
HT	RvY_18828	1	0	1	0	0	1	0	down	1	Highly Stable	Highly Stable Down	0
HT	RvY_18838-1	1	0	1	0	0	1	0	down	1	Highly Stable	Highly Stable Down	0
HT	RvY_18856-1	1	0	1	0	0	1	0	down	1	Highly Stable	Highly Stable Down	0
HT	RvY_18881-1	1	0	1	0	0	1	0	down	1	Highly Stable	Highly Stable Down	0
HT	RvY_18883-1	1	0	1	0	0	1	0	down	1	Highly Stable	Highly Stable Down	0
HT	RvY_18887-1	1	0	1	0	0	1	0	down	1	Highly Stable	Highly Stable Down	0
HT	RvY_18891	1	0	1	0	0	1	0	down	1	Highly Stable	Highly Stable Down	0
HT	RvY_18898-1	1	0	1	0	0	1	0	down	1	Highly Stable	Highly Stable Down	0
HT	RvY_18899	1	0	1	0	0	1	0	down	1	Highly Stable	Highly Stable Down	0
HT	RvY_18901-1	1	0	1	0	0	1	0	down	1	Highly Stable	Highly Stable Down	0
HT	RvY_18923	1	0	1	0	0	1	0	down	1	Highly Stable	Highly Stable Down	0
HT	RvY_18924	1	0	1	0	0	1	0	down	1	Highly Stable	Highly Stable Down	0
HT	RvY_18935-1	1	0	1	0	0	1	0	down	1	Highly Stable	Highly Stable Down	0
HT	RvY_18967-1	1	0	1	0	0	1	0	down	1	Highly Stable	Highly Stable Down	0
HT	RvY_18970-1	1	0	1	0	0	1	0	down	1	Highly Stable	Highly Stable Down	0
HT	RvY_18984-1	1	0	1	0	0	1	0	down	1	Highly Stable	Highly Stable Down	0
HT	RvY_18985-1	1	0	1	0	0	1	0	down	1	Highly Stable	Highly Stable Down	0
HT	RvY_18990	1	0	1	0	0	1	0	down	1	Highly Stable	Highly Stable Down	0
HT	RvY_18994-1	1	0	1	0	0	1	0	down	1	Highly Stable	Highly Stable Down	0
HT	RvY_18995-1	1	0	1	0	0	1	0	down	1	Highly Stable	Highly Stable Down	0
HT	RvY_18997-1	1	0	1	0	0	1	0	down	1	Highly Stable	Highly Stable Down	0
HT	RvY_19000-1	1	0	1	0	0	1	0	down	1	Highly Stable	Highly Stable Down	0
HT	RvY_19006	1	0	1	0	0	1	0	down	1	Highly Stable	Highly Stable Down	0
HT	RvY_19009-1	1	0	1	0	0	1	0	down	1	Highly Stable	Highly Stable Down	0
HT	RvY_19025-1	1	0	1	0	0	1	0	down	1	Highly Stable	Highly Stable Down	0
HT	RvY_19038	1	0	1	0	0	1	0	down	1	Highly Stable	Highly Stable Down	0
HT	RvY_19039	1	0	1	0	0	1	0	down	1	Highly Stable	Highly Stable Down	0
HT	RvY_19042-1	1	0	1	0	0	1	0	down	1	Highly Stable	Highly Stable Down	0
HT	RvY_19043	1	0	1	0	0	1	0	down	1	Highly Stable	Highly Stable Down	0
HT	RvY_19053-1	1	0	1	0	0	1	0	down	1	Highly Stable	Highly Stable Down	0
HT	RvY_19061-1	1	0	1	0	0	1	0	down	1	Highly Stable	Highly Stable Down	0
HT	RvY_19069	1	0	1	0	0	1	0	down	1	Highly Stable	Highly Stable Down	0
HT	RvY_19090-1	1	0	1	0	0	1	0	down	1	Highly Stable	Highly Stable Down	0
HT	RvY_19125-1	1	0	1	0	0	1	0	down	1	Highly Stable	Highly Stable Down	0
HT	RvY_19152-1	1	0	1	0	0	1	0	down	1	Highly Stable	Highly Stable Down	0
HT	RvY_19199-1	1	0	1	0	0	1	0	down	1	Highly Stable	Highly Stable Down	0
HT	RvY_19203-1	1	0	1	0	0	1	0	down	1	Highly Stable	Highly Stable Down	0
HT	RvY_19232-1	1	0	1	0	0	1	0	down	1	Highly Stable	Highly Stable Down	0
HT	RvY_19246-1	1	0	1	0	0	1	0	down	1	Highly Stable	Highly Stable Down	0
HT	RvY_19258-1	1	0	1	0	0	1	0	down	1	Highly Stable	Highly Stable Down	0
HT	RvY_19270-1	1	0	1	0	0	1	0	down	1	Highly Stable	Highly Stable Down	0
HT	RvY_19273-1	1	0	1	0	0	1	0	down	1	Highly Stable	Highly Stable Down	0
HT	RvY_19282	1	0	1	0	0	1	0	down	1	Highly Stable	Highly Stable Down	0
HT	RvY_19284-1	1	0	1	0	0	1	0	down	1	Highly Stable	Highly Stable Down	0
HT	RvY_19288-1	1	0	1	0	0	1	0	down	1	Highly Stable	Highly Stable Down	0
HT	RvY_19290-1	1	0	1	0	0	1	0	down	1	Highly Stable	Highly Stable Down	0
HT	RvY_19293-1	1	0	1	0	0	1	0	down	1	Highly Stable	Highly Stable Down	0
HT	RvY_19294-1	1	0	1	0	0	1	0	down	1	Highly Stable	Highly Stable Down	0
HT	RvY_19297-1	1	0	1	0	0	1	0	down	1	Highly Stable	Highly Stable Down	0
HT	RvY_19300	1	0	1	0	0	1	0	down	1	Highly Stable	Highly Stable Down	0
HT	RvY_19307	1	0	1	0	0	1	0	down	1	Highly Stable	Highly Stable Down	0
HT	RvY_19351-1	1	0	1	0	0	1	0	down	1	Highly Stable	Highly Stable Down	0
HT	RvY_19358-1	1	0	1	0	0	1	0	down	1	Highly Stable	Highly Stable Down	0
HT	RvY_19366-1	1	0	1	0	0	1	0	down	1	Highly Stable	Highly Stable Down	0
HT	RvY_19389-1	1	0	1	0	0	1	0	down	1	Highly Stable	Highly Stable Down	0
HT	RvY_19391-1	1	0	1	0	0	1	0	down	1	Highly Stable	Highly Stable Down	0
HT	RvY_19444-1	1	0	1	0	0	1	0	down	1	Highly Stable	Highly Stable Down	0
HT	RvY_19450-1	1	0	1	0	0	1	0	down	1	Highly Stable	Highly Stable Down	0
HT	RvY_19457-1	1	0	1	0	0	1	0	down	1	Highly Stable	Highly Stable Down	0
HT	RvY_19462-1	1	0	1	0	0	1	0	down	1	Highly Stable	Highly Stable Down	0
HT	RvY_19479-1	1	0	1	0	0	1	0	down	1	Highly Stable	Highly Stable Down	0
HT	RvY_19496-0	1	0	1	0	0	1	0	down	1	Highly Stable	Highly Stable Down	0
HT	RvY_19509-1	1	0	1	0	0	1	0	down	1	Highly Stable	Highly Stable Down	0
HT	RvY_19515-1	1	0	1	0	0	1	0	down	1	Highly Stable	Highly Stable Down	0
HT	cob	1	0	1	0	0	1	0	down	1	Highly Stable	Highly Stable Down	0
HT	cox1	1	0	1	0	0	1	0	down	1	Highly Stable	Highly Stable Down	0
HT	cox2	1	0	1	0	0	1	0	down	1	Highly Stable	Highly Stable Down	0
HT	RvY_00023	1	1	0	0	1	0	0	up	1	Highly Stable	Highly Stable Up	0
HT	RvY_00056-1	1	1	0	0	1	0	0	up	1	Highly Stable	Highly Stable Up	0
HT	RvY_00067-1	1	1	0	0	1	0	0	up	1	Highly Stable	Highly Stable Up	0
HT	RvY_00072-1	1	1	0	0	1	0	0	up	1	Highly Stable	Highly Stable Up	0
HT	RvY_00074	1	1	0	0	1	0	0	up	1	Highly Stable	Highly Stable Up	0
HT	RvY_00090-1	1	1	0	0	1	0	0	up	1	Highly Stable	Highly Stable Up	0
HT	RvY_00093-1	1	1	0	0	1	0	0	up	1	Highly Stable	Highly Stable Up	0
HT	RvY_00121-1	1	1	0	0	1	0	0	up	1	Highly Stable	Highly Stable Up	0
HT	RvY_00133-1	1	1	0	0	1	0	0	up	1	Highly Stable	Highly Stable Up	0
HT	RvY_00140-1	1	1	0	0	1	0	0	up	1	Highly Stable	Highly Stable Up	0
HT	RvY_00141-1	1	1	0	0	1	0	0	up	1	Highly Stable	Highly Stable Up	0
HT	RvY_00149-1	1	1	0	0	1	0	0	up	1	Highly Stable	Highly Stable Up	0
HT	RvY_00171-1	1	1	0	0	1	0	0	up	1	Highly Stable	Highly Stable Up	0
HT	RvY_00173-1	1	1	0	0	1	0	0	up	1	Highly Stable	Highly Stable Up	0
HT	RvY_00188-1	1	1	0	0	1	0	0	up	1	Highly Stable	Highly Stable Up	0
HT	RvY_00201-1	1	1	0	0	1	0	0	up	1	Highly Stable	Highly Stable Up	0
HT	RvY_00217	1	1	0	0	1	0	0	up	1	Highly Stable	Highly Stable Up	0
HT	RvY_00231-1	1	1	0	0	1	0	0	up	1	Highly Stable	Highly Stable Up	0
HT	RvY_00234-1	1	1	0	0	1	0	0	up	1	Highly Stable	Highly Stable Up	0
HT	RvY_00236	1	1	0	0	1	0	0	up	1	Highly Stable	Highly Stable Up	0
HT	RvY_00252	1	1	0	0	1	0	0	up	1	Highly Stable	Highly Stable Up	0
HT	RvY_00259-1	1	1	0	0	1	0	0	up	1	Highly Stable	Highly Stable Up	0
HT	RvY_00280-1	1	1	0	0	1	0	0	up	1	Highly Stable	Highly Stable Up	0
HT	RvY_00286-1	1	1	0	0	1	0	0	up	1	Highly Stable	Highly Stable Up	0
HT	RvY_00290-1	1	1	0	0	1	0	0	up	1	Highly Stable	Highly Stable Up	0
HT	RvY_00314-1	1	1	0	0	1	0	0	up	1	Highly Stable	Highly Stable Up	0
HT	RvY_00316-1	1	1	0	0	1	0	0	up	1	Highly Stable	Highly Stable Up	0
HT	RvY_00320	1	1	0	0	1	0	0	up	1	Highly Stable	Highly Stable Up	0
HT	RvY_00327-1	1	1	0	0	1	0	0	up	1	Highly Stable	Highly Stable Up	0
HT	RvY_00344-1	1	1	0	0	1	0	0	up	1	Highly Stable	Highly Stable Up	0
HT	RvY_00356	1	1	0	0	1	0	0	up	1	Highly Stable	Highly Stable Up	0
HT	RvY_00404-1	1	1	0	0	1	0	0	up	1	Highly Stable	Highly Stable Up	0
HT	RvY_00419-1	1	1	0	0	1	0	0	up	1	Highly Stable	Highly Stable Up	0
HT	RvY_00425-1	1	1	0	0	1	0	0	up	1	Highly Stable	Highly Stable Up	0
HT	RvY_00426	1	1	0	0	1	0	0	up	1	Highly Stable	Highly Stable Up	0
HT	RvY_00439-1	1	1	0	0	1	0	0	up	1	Highly Stable	Highly Stable Up	0
HT	RvY_00443-1	1	1	0	0	1	0	0	up	1	Highly Stable	Highly Stable Up	0
HT	RvY_00457-1	1	1	0	0	1	0	0	up	1	Highly Stable	Highly Stable Up	0
HT	RvY_00459	1	1	0	0	1	0	0	up	1	Highly Stable	Highly Stable Up	0
HT	RvY_00462-1	1	1	0	0	1	0	0	up	1	Highly Stable	Highly Stable Up	0
HT	RvY_00463-1	1	1	0	0	1	0	0	up	1	Highly Stable	Highly Stable Up	0
HT	RvY_00478	1	1	0	0	1	0	0	up	1	Highly Stable	Highly Stable Up	0
HT	RvY_00479-1	1	1	0	0	1	0	0	up	1	Highly Stable	Highly Stable Up	0
HT	RvY_00497-1	1	1	0	0	1	0	0	up	1	Highly Stable	Highly Stable Up	0
HT	RvY_00498-1	1	1	0	0	1	0	0	up	1	Highly Stable	Highly Stable Up	0
HT	RvY_00504	1	1	0	0	1	0	0	up	1	Highly Stable	Highly Stable Up	0
HT	RvY_00508-1	1	1	0	0	1	0	0	up	1	Highly Stable	Highly Stable Up	0
HT	RvY_00513	1	1	0	0	1	0	0	up	1	Highly Stable	Highly Stable Up	0
HT	RvY_00556-1	1	1	0	0	1	0	0	up	1	Highly Stable	Highly Stable Up	0
HT	RvY_00562-1	1	1	0	0	1	0	0	up	1	Highly Stable	Highly Stable Up	0
HT	RvY_00576-1	1	1	0	0	1	0	0	up	1	Highly Stable	Highly Stable Up	0
HT	RvY_00578-1	1	1	0	0	1	0	0	up	1	Highly Stable	Highly Stable Up	0
HT	RvY_00580-1	1	1	0	0	1	0	0	up	1	Highly Stable	Highly Stable Up	0
HT	RvY_00601-1	1	1	0	0	1	0	0	up	1	Highly Stable	Highly Stable Up	0
HT	RvY_00604-1	1	1	0	0	1	0	0	up	1	Highly Stable	Highly Stable Up	0
HT	RvY_00605-1	1	1	0	0	1	0	0	up	1	Highly Stable	Highly Stable Up	0
HT	RvY_00612-1	1	1	0	0	1	0	0	up	1	Highly Stable	Highly Stable Up	0
HT	RvY_00613-1	1	1	0	0	1	0	0	up	1	Highly Stable	Highly Stable Up	0
HT	RvY_00614-1	1	1	0	0	1	0	0	up	1	Highly Stable	Highly Stable Up	0
HT	RvY_00618-1	1	1	0	0	1	0	0	up	1	Highly Stable	Highly Stable Up	0
HT	RvY_00626-1	1	1	0	0	1	0	0	up	1	Highly Stable	Highly Stable Up	0
HT	RvY_00630-1	1	1	0	0	1	0	0	up	1	Highly Stable	Highly Stable Up	0
HT	RvY_00633-1	1	1	0	0	1	0	0	up	1	Highly Stable	Highly Stable Up	0
HT	RvY_00634-1	1	1	0	0	1	0	0	up	1	Highly Stable	Highly Stable Up	0
HT	RvY_00635-1	1	1	0	0	1	0	0	up	1	Highly Stable	Highly Stable Up	0
HT	RvY_00636-1	1	1	0	0	1	0	0	up	1	Highly Stable	Highly Stable Up	0
HT	RvY_00637-1	1	1	0	0	1	0	0	up	1	Highly Stable	Highly Stable Up	0
HT	RvY_00645	1	1	0	0	1	0	0	up	1	Highly Stable	Highly Stable Up	0
HT	RvY_00656	1	1	0	0	1	0	0	up	1	Highly Stable	Highly Stable Up	0
HT	RvY_00668-1	1	1	0	0	1	0	0	up	1	Highly Stable	Highly Stable Up	0
HT	RvY_00669-1	1	1	0	0	1	0	0	up	1	Highly Stable	Highly Stable Up	0
HT	RvY_00670-1	1	1	0	0	1	0	0	up	1	Highly Stable	Highly Stable Up	0
HT	RvY_00674-1	1	1	0	0	1	0	0	up	1	Highly Stable	Highly Stable Up	0
HT	RvY_00675-1	1	1	0	0	1	0	0	up	1	Highly Stable	Highly Stable Up	0
HT	RvY_00679-1	1	1	0	0	1	0	0	up	1	Highly Stable	Highly Stable Up	0
HT	RvY_00684-1	1	1	0	0	1	0	0	up	1	Highly Stable	Highly Stable Up	0
HT	RvY_00686-1	1	1	0	0	1	0	0	up	1	Highly Stable	Highly Stable Up	0
HT	RvY_00688-1	1	1	0	0	1	0	0	up	1	Highly Stable	Highly Stable Up	0
HT	RvY_00694-1	1	1	0	0	1	0	0	up	1	Highly Stable	Highly Stable Up	0
HT	RvY_00705-1	1	1	0	0	1	0	0	up	1	Highly Stable	Highly Stable Up	0
HT	RvY_00715-1	1	1	0	0	1	0	0	up	1	Highly Stable	Highly Stable Up	0
HT	RvY_00725-1	1	1	0	0	1	0	0	up	1	Highly Stable	Highly Stable Up	0
HT	RvY_00731-1	1	1	0	0	1	0	0	up	1	Highly Stable	Highly Stable Up	0
HT	RvY_00734-1	1	1	0	0	1	0	0	up	1	Highly Stable	Highly Stable Up	0
HT	RvY_00735-1	1	1	0	0	1	0	0	up	1	Highly Stable	Highly Stable Up	0
HT	RvY_00736-1	1	1	0	0	1	0	0	up	1	Highly Stable	Highly Stable Up	0
HT	RvY_00737-1	1	1	0	0	1	0	0	up	1	Highly Stable	Highly Stable Up	0
HT	RvY_00750-1	1	1	0	0	1	0	0	up	1	Highly Stable	Highly Stable Up	0
HT	RvY_00755-1	1	1	0	0	1	0	0	up	1	Highly Stable	Highly Stable Up	0
HT	RvY_00788-1	1	1	0	0	1	0	0	up	1	Highly Stable	Highly Stable Up	0
HT	RvY_00789-1	1	1	0	0	1	0	0	up	1	Highly Stable	Highly Stable Up	0
HT	RvY_00802-1	1	1	0	0	1	0	0	up	1	Highly Stable	Highly Stable Up	0
HT	RvY_00805-1	1	1	0	0	1	0	0	up	1	Highly Stable	Highly Stable Up	0
HT	RvY_00807-1	1	1	0	0	1	0	0	up	1	Highly Stable	Highly Stable Up	0
HT	RvY_00826-1	1	1	0	0	1	0	0	up	1	Highly Stable	Highly Stable Up	0
HT	RvY_00836-1	1	1	0	0	1	0	0	up	1	Highly Stable	Highly Stable Up	0
HT	RvY_00856-1	1	1	0	0	1	0	0	up	1	Highly Stable	Highly Stable Up	0
HT	RvY_00867-1	1	1	0	0	1	0	0	up	1	Highly Stable	Highly Stable Up	0
HT	RvY_00870-1	1	1	0	0	1	0	0	up	1	Highly Stable	Highly Stable Up	0
HT	RvY_00894-1	1	1	0	0	1	0	0	up	1	Highly Stable	Highly Stable Up	0
HT	RvY_00900-1	1	1	0	0	1	0	0	up	1	Highly Stable	Highly Stable Up	0
HT	RvY_00901-1	1	1	0	0	1	0	0	up	1	Highly Stable	Highly Stable Up	0
HT	RvY_00927-1	1	1	0	0	1	0	0	up	1	Highly Stable	Highly Stable Up	0
HT	RvY_00928-1	1	1	0	0	1	0	0	up	1	Highly Stable	Highly Stable Up	0
HT	RvY_00952-1	1	1	0	0	1	0	0	up	1	Highly Stable	Highly Stable Up	0
HT	RvY_00953	1	1	0	0	1	0	0	up	1	Highly Stable	Highly Stable Up	0
HT	RvY_00954-1	1	1	0	0	1	0	0	up	1	Highly Stable	Highly Stable Up	0
HT	RvY_00963-1	1	1	0	0	1	0	0	up	1	Highly Stable	Highly Stable Up	0
HT	RvY_00964-1	1	1	0	0	1	0	0	up	1	Highly Stable	Highly Stable Up	0
HT	RvY_00965-1	1	1	0	0	1	0	0	up	1	Highly Stable	Highly Stable Up	0
HT	RvY_00967-1	1	1	0	0	1	0	0	up	1	Highly Stable	Highly Stable Up	0
HT	RvY_00970-1	1	1	0	0	1	0	0	up	1	Highly Stable	Highly Stable Up	0
HT	RvY_00976-1	1	1	0	0	1	0	0	up	1	Highly Stable	Highly Stable Up	0
HT	RvY_00991-1	1	1	0	0	1	0	0	up	1	Highly Stable	Highly Stable Up	0
HT	RvY_00992-1	1	1	0	0	1	0	0	up	1	Highly Stable	Highly Stable Up	0
HT	RvY_00994	1	1	0	0	1	0	0	up	1	Highly Stable	Highly Stable Up	0
HT	RvY_01004-1	1	1	0	0	1	0	0	up	1	Highly Stable	Highly Stable Up	0
HT	RvY_01043-1	1	1	0	0	1	0	0	up	1	Highly Stable	Highly Stable Up	0
HT	RvY_01058	1	1	0	0	1	0	0	up	1	Highly Stable	Highly Stable Up	0
HT	RvY_01059	1	1	0	0	1	0	0	up	1	Highly Stable	Highly Stable Up	0
HT	RvY_01060-1	1	1	0	0	1	0	0	up	1	Highly Stable	Highly Stable Up	0
HT	RvY_01061-1	1	1	0	0	1	0	0	up	1	Highly Stable	Highly Stable Up	0
HT	RvY_01062-1	1	1	0	0	1	0	0	up	1	Highly Stable	Highly Stable Up	0
HT	RvY_01063-1	1	1	0	0	1	0	0	up	1	Highly Stable	Highly Stable Up	0
HT	RvY_01064-1	1	1	0	0	1	0	0	up	1	Highly Stable	Highly Stable Up	0
HT	RvY_01070-1	1	1	0	0	1	0	0	up	1	Highly Stable	Highly Stable Up	0
HT	RvY_01075	1	1	0	0	1	0	0	up	1	Highly Stable	Highly Stable Up	0
HT	RvY_01078-1	1	1	0	0	1	0	0	up	1	Highly Stable	Highly Stable Up	0
HT	RvY_01087-1	1	1	0	0	1	0	0	up	1	Highly Stable	Highly Stable Up	0
HT	RvY_01088-1	1	1	0	0	1	0	0	up	1	Highly Stable	Highly Stable Up	0
HT	RvY_01098-1	1	1	0	0	1	0	0	up	1	Highly Stable	Highly Stable Up	0
HT	RvY_01124-1	1	1	0	0	1	0	0	up	1	Highly Stable	Highly Stable Up	0
HT	RvY_01136-1	1	1	0	0	1	0	0	up	1	Highly Stable	Highly Stable Up	0
HT	RvY_01148-1	1	1	0	0	1	0	0	up	1	Highly Stable	Highly Stable Up	0
HT	RvY_01153	1	1	0	0	1	0	0	up	1	Highly Stable	Highly Stable Up	0
HT	RvY_01172-1	1	1	0	0	1	0	0	up	1	Highly Stable	Highly Stable Up	0
HT	RvY_01175-1	1	1	0	0	1	0	0	up	1	Highly Stable	Highly Stable Up	0
HT	RvY_01183	1	1	0	0	1	0	0	up	1	Highly Stable	Highly Stable Up	0
HT	RvY_01186-1	1	1	0	0	1	0	0	up	1	Highly Stable	Highly Stable Up	0
HT	RvY_01187	1	1	0	0	1	0	0	up	1	Highly Stable	Highly Stable Up	0
HT	RvY_01188-1	1	1	0	0	1	0	0	up	1	Highly Stable	Highly Stable Up	0
HT	RvY_01189-1	1	1	0	0	1	0	0	up	1	Highly Stable	Highly Stable Up	0
HT	RvY_01208-1	1	1	0	0	1	0	0	up	1	Highly Stable	Highly Stable Up	0
HT	RvY_01213	1	1	0	0	1	0	0	up	1	Highly Stable	Highly Stable Up	0
HT	RvY_01219-1	1	1	0	0	1	0	0	up	1	Highly Stable	Highly Stable Up	0
HT	RvY_01220-1	1	1	0	0	1	0	0	up	1	Highly Stable	Highly Stable Up	0
HT	RvY_01221-1	1	1	0	0	1	0	0	up	1	Highly Stable	Highly Stable Up	0
HT	RvY_01224-1	1	1	0	0	1	0	0	up	1	Highly Stable	Highly Stable Up	0
HT	RvY_01225-1	1	1	0	0	1	0	0	up	1	Highly Stable	Highly Stable Up	0
HT	RvY_01229	1	1	0	0	1	0	0	up	1	Highly Stable	Highly Stable Up	0
HT	RvY_01250	1	1	0	0	1	0	0	up	1	Highly Stable	Highly Stable Up	0
HT	RvY_01255-1	1	1	0	0	1	0	0	up	1	Highly Stable	Highly Stable Up	0
HT	RvY_01260	1	1	0	0	1	0	0	up	1	Highly Stable	Highly Stable Up	0
HT	RvY_01270-1	1	1	0	0	1	0	0	up	1	Highly Stable	Highly Stable Up	0
HT	RvY_01281-1	1	1	0	0	1	0	0	up	1	Highly Stable	Highly Stable Up	0
HT	RvY_01282-1	1	1	0	0	1	0	0	up	1	Highly Stable	Highly Stable Up	0
HT	RvY_01284	1	1	0	0	1	0	0	up	1	Highly Stable	Highly Stable Up	0
HT	RvY_01285-1	1	1	0	0	1	0	0	up	1	Highly Stable	Highly Stable Up	0
HT	RvY_01288	1	1	0	0	1	0	0	up	1	Highly Stable	Highly Stable Up	0
HT	RvY_01300-1	1	1	0	0	1	0	0	up	1	Highly Stable	Highly Stable Up	0
HT	RvY_01301-1	1	1	0	0	1	0	0	up	1	Highly Stable	Highly Stable Up	0
HT	RvY_01303-1	1	1	0	0	1	0	0	up	1	Highly Stable	Highly Stable Up	0
HT	RvY_01325-1	1	1	0	0	1	0	0	up	1	Highly Stable	Highly Stable Up	0
HT	RvY_01327-1	1	1	0	0	1	0	0	up	1	Highly Stable	Highly Stable Up	0
HT	RvY_01347	1	1	0	0	1	0	0	up	1	Highly Stable	Highly Stable Up	0
HT	RvY_01348-1	1	1	0	0	1	0	0	up	1	Highly Stable	Highly Stable Up	0
HT	RvY_01356-1	1	1	0	0	1	0	0	up	1	Highly Stable	Highly Stable Up	0
HT	RvY_01360-1	1	1	0	0	1	0	0	up	1	Highly Stable	Highly Stable Up	0
HT	RvY_01361-1	1	1	0	0	1	0	0	up	1	Highly Stable	Highly Stable Up	0
HT	RvY_01366	1	1	0	0	1	0	0	up	1	Highly Stable	Highly Stable Up	0
HT	RvY_01370-1	1	1	0	0	1	0	0	up	1	Highly Stable	Highly Stable Up	0
HT	RvY_01371-1	1	1	0	0	1	0	0	up	1	Highly Stable	Highly Stable Up	0
HT	RvY_01383-1	1	1	0	0	1	0	0	up	1	Highly Stable	Highly Stable Up	0
HT	RvY_01401-1	1	1	0	0	1	0	0	up	1	Highly Stable	Highly Stable Up	0
HT	RvY_01404	1	1	0	0	1	0	0	up	1	Highly Stable	Highly Stable Up	0
HT	RvY_01408-1	1	1	0	0	1	0	0	up	1	Highly Stable	Highly Stable Up	0
HT	RvY_01411	1	1	0	0	1	0	0	up	1	Highly Stable	Highly Stable Up	0
HT	RvY_01415-1	1	1	0	0	1	0	0	up	1	Highly Stable	Highly Stable Up	0
HT	RvY_01446	1	1	0	0	1	0	0	up	1	Highly Stable	Highly Stable Up	0
HT	RvY_01449-1	1	1	0	0	1	0	0	up	1	Highly Stable	Highly Stable Up	0
HT	RvY_01450	1	1	0	0	1	0	0	up	1	Highly Stable	Highly Stable Up	0
HT	RvY_01456-1	1	1	0	0	1	0	0	up	1	Highly Stable	Highly Stable Up	0
HT	RvY_01458-1	1	1	0	0	1	0	0	up	1	Highly Stable	Highly Stable Up	0
HT	RvY_01482-1	1	1	0	0	1	0	0	up	1	Highly Stable	Highly Stable Up	0
HT	RvY_01483-1	1	1	0	0	1	0	0	up	1	Highly Stable	Highly Stable Up	0
HT	RvY_01484-1	1	1	0	0	1	0	0	up	1	Highly Stable	Highly Stable Up	0
HT	RvY_01485-1	1	1	0	0	1	0	0	up	1	Highly Stable	Highly Stable Up	0
HT	RvY_01487-1	1	1	0	0	1	0	0	up	1	Highly Stable	Highly Stable Up	0
HT	RvY_01490	1	1	0	0	1	0	0	up	1	Highly Stable	Highly Stable Up	0
HT	RvY_01491-1	1	1	0	0	1	0	0	up	1	Highly Stable	Highly Stable Up	0
HT	RvY_01496-1	1	1	0	0	1	0	0	up	1	Highly Stable	Highly Stable Up	0
HT	RvY_01497-1	1	1	0	0	1	0	0	up	1	Highly Stable	Highly Stable Up	0
HT	RvY_01499-1	1	1	0	0	1	0	0	up	1	Highly Stable	Highly Stable Up	0
HT	RvY_01507-1	1	1	0	0	1	0	0	up	1	Highly Stable	Highly Stable Up	0
HT	RvY_01515	1	1	0	0	1	0	0	up	1	Highly Stable	Highly Stable Up	0
HT	RvY_01526-1	1	1	0	0	1	0	0	up	1	Highly Stable	Highly Stable Up	0
HT	RvY_01528	1	1	0	0	1	0	0	up	1	Highly Stable	Highly Stable Up	0
HT	RvY_01548	1	1	0	0	1	0	0	up	1	Highly Stable	Highly Stable Up	0
HT	RvY_01549-1	1	1	0	0	1	0	0	up	1	Highly Stable	Highly Stable Up	0
HT	RvY_01555-1	1	1	0	0	1	0	0	up	1	Highly Stable	Highly Stable Up	0
HT	RvY_01560-1	1	1	0	0	1	0	0	up	1	Highly Stable	Highly Stable Up	0
HT	RvY_01567-1	1	1	0	0	1	0	0	up	1	Highly Stable	Highly Stable Up	0
HT	RvY_01573-1	1	1	0	0	1	0	0	up	1	Highly Stable	Highly Stable Up	0
HT	RvY_01585-1	1	1	0	0	1	0	0	up	1	Highly Stable	Highly Stable Up	0
HT	RvY_01586	1	1	0	0	1	0	0	up	1	Highly Stable	Highly Stable Up	0
HT	RvY_01596-1	1	1	0	0	1	0	0	up	1	Highly Stable	Highly Stable Up	0
HT	RvY_01599-1	1	1	0	0	1	0	0	up	1	Highly Stable	Highly Stable Up	0
HT	RvY_01601	1	1	0	0	1	0	0	up	1	Highly Stable	Highly Stable Up	0
HT	RvY_01602-1	1	1	0	0	1	0	0	up	1	Highly Stable	Highly Stable Up	0
HT	RvY_01620-1	1	1	0	0	1	0	0	up	1	Highly Stable	Highly Stable Up	0
HT	RvY_01621-1	1	1	0	0	1	0	0	up	1	Highly Stable	Highly Stable Up	0
HT	RvY_01629-1	1	1	0	0	1	0	0	up	1	Highly Stable	Highly Stable Up	0
HT	RvY_01635-1	1	1	0	0	1	0	0	up	1	Highly Stable	Highly Stable Up	0
HT	RvY_01636-1	1	1	0	0	1	0	0	up	1	Highly Stable	Highly Stable Up	0
HT	RvY_01637	1	1	0	0	1	0	0	up	1	Highly Stable	Highly Stable Up	0
HT	RvY_01641-1	1	1	0	0	1	0	0	up	1	Highly Stable	Highly Stable Up	0
HT	RvY_01661-1	1	1	0	0	1	0	0	up	1	Highly Stable	Highly Stable Up	0
HT	RvY_01668-1	1	1	0	0	1	0	0	up	1	Highly Stable	Highly Stable Up	0
HT	RvY_01699-1	1	1	0	0	1	0	0	up	1	Highly Stable	Highly Stable Up	0
HT	RvY_01700-1	1	1	0	0	1	0	0	up	1	Highly Stable	Highly Stable Up	0
HT	RvY_01703-1	1	1	0	0	1	0	0	up	1	Highly Stable	Highly Stable Up	0
HT	RvY_01704-1	1	1	0	0	1	0	0	up	1	Highly Stable	Highly Stable Up	0
HT	RvY_01716-1	1	1	0	0	1	0	0	up	1	Highly Stable	Highly Stable Up	0
HT	RvY_01718-1	1	1	0	0	1	0	0	up	1	Highly Stable	Highly Stable Up	0
HT	RvY_01719-1	1	1	0	0	1	0	0	up	1	Highly Stable	Highly Stable Up	0
HT	RvY_01724	1	1	0	0	1	0	0	up	1	Highly Stable	Highly Stable Up	0
HT	RvY_01728-1	1	1	0	0	1	0	0	up	1	Highly Stable	Highly Stable Up	0
HT	RvY_01741-1	1	1	0	0	1	0	0	up	1	Highly Stable	Highly Stable Up	0
HT	RvY_01761-1	1	1	0	0	1	0	0	up	1	Highly Stable	Highly Stable Up	0
HT	RvY_01765-1	1	1	0	0	1	0	0	up	1	Highly Stable	Highly Stable Up	0
HT	RvY_01775-1	1	1	0	0	1	0	0	up	1	Highly Stable	Highly Stable Up	0
HT	RvY_01856-1	1	1	0	0	1	0	0	up	1	Highly Stable	Highly Stable Up	0
HT	RvY_01887-1	1	1	0	0	1	0	0	up	1	Highly Stable	Highly Stable Up	0
HT	RvY_01928	1	1	0	0	1	0	0	up	1	Highly Stable	Highly Stable Up	0
HT	RvY_01929-1	1	1	0	0	1	0	0	up	1	Highly Stable	Highly Stable Up	0
HT	RvY_01966-1	1	1	0	0	1	0	0	up	1	Highly Stable	Highly Stable Up	0
HT	RvY_01967-1	1	1	0	0	1	0	0	up	1	Highly Stable	Highly Stable Up	0
HT	RvY_01984-1	1	1	0	0	1	0	0	up	1	Highly Stable	Highly Stable Up	0
HT	RvY_02017-1	1	1	0	0	1	0	0	up	1	Highly Stable	Highly Stable Up	0
HT	RvY_02038-1	1	1	0	0	1	0	0	up	1	Highly Stable	Highly Stable Up	0
HT	RvY_02050-1	1	1	0	0	1	0	0	up	1	Highly Stable	Highly Stable Up	0
HT	RvY_02092-1	1	1	0	0	1	0	0	up	1	Highly Stable	Highly Stable Up	0
HT	RvY_02104-1	1	1	0	0	1	0	0	up	1	Highly Stable	Highly Stable Up	0
HT	RvY_02110-1	1	1	0	0	1	0	0	up	1	Highly Stable	Highly Stable Up	0
HT	RvY_02112-1	1	1	0	0	1	0	0	up	1	Highly Stable	Highly Stable Up	0
HT	RvY_02132-1	1	1	0	0	1	0	0	up	1	Highly Stable	Highly Stable Up	0
HT	RvY_02133-1	1	1	0	0	1	0	0	up	1	Highly Stable	Highly Stable Up	0
HT	RvY_02138-1	1	1	0	0	1	0	0	up	1	Highly Stable	Highly Stable Up	0
HT	RvY_02139-1	1	1	0	0	1	0	0	up	1	Highly Stable	Highly Stable Up	0
HT	RvY_02141-1	1	1	0	0	1	0	0	up	1	Highly Stable	Highly Stable Up	0
HT	RvY_02144-1	1	1	0	0	1	0	0	up	1	Highly Stable	Highly Stable Up	0
HT	RvY_02146-1	1	1	0	0	1	0	0	up	1	Highly Stable	Highly Stable Up	0
HT	RvY_02147-1	1	1	0	0	1	0	0	up	1	Highly Stable	Highly Stable Up	0
HT	RvY_02188-1	1	1	0	0	1	0	0	up	1	Highly Stable	Highly Stable Up	0
HT	RvY_02206-1	1	1	0	0	1	0	0	up	1	Highly Stable	Highly Stable Up	0
HT	RvY_02207-1	1	1	0	0	1	0	0	up	1	Highly Stable	Highly Stable Up	0
HT	RvY_02208-1	1	1	0	0	1	0	0	up	1	Highly Stable	Highly Stable Up	0
HT	RvY_02211	1	1	0	0	1	0	0	up	1	Highly Stable	Highly Stable Up	0
HT	RvY_02247-1	1	1	0	0	1	0	0	up	1	Highly Stable	Highly Stable Up	0
HT	RvY_02249-1	1	1	0	0	1	0	0	up	1	Highly Stable	Highly Stable Up	0
HT	RvY_02264-1	1	1	0	0	1	0	0	up	1	Highly Stable	Highly Stable Up	0
HT	RvY_02294-1	1	1	0	0	1	0	0	up	1	Highly Stable	Highly Stable Up	0
HT	RvY_02309-1	1	1	0	0	1	0	0	up	1	Highly Stable	Highly Stable Up	0
HT	RvY_02311	1	1	0	0	1	0	0	up	1	Highly Stable	Highly Stable Up	0
HT	RvY_02312-1	1	1	0	0	1	0	0	up	1	Highly Stable	Highly Stable Up	0
HT	RvY_02340-1	1	1	0	0	1	0	0	up	1	Highly Stable	Highly Stable Up	0
HT	RvY_02346-1	1	1	0	0	1	0	0	up	1	Highly Stable	Highly Stable Up	0
HT	RvY_02364-1	1	1	0	0	1	0	0	up	1	Highly Stable	Highly Stable Up	0
HT	RvY_02373-1	1	1	0	0	1	0	0	up	1	Highly Stable	Highly Stable Up	0
HT	RvY_02379-1	1	1	0	0	1	0	0	up	1	Highly Stable	Highly Stable Up	0
HT	RvY_02380-1	1	1	0	0	1	0	0	up	1	Highly Stable	Highly Stable Up	0
HT	RvY_02384	1	1	0	0	1	0	0	up	1	Highly Stable	Highly Stable Up	0
HT	RvY_02385-1	1	1	0	0	1	0	0	up	1	Highly Stable	Highly Stable Up	0
HT	RvY_02391	1	1	0	0	1	0	0	up	1	Highly Stable	Highly Stable Up	0
HT	RvY_02405-1	1	1	0	0	1	0	0	up	1	Highly Stable	Highly Stable Up	0
HT	RvY_02408-1	1	1	0	0	1	0	0	up	1	Highly Stable	Highly Stable Up	0
HT	RvY_02411-1	1	1	0	0	1	0	0	up	1	Highly Stable	Highly Stable Up	0
HT	RvY_02434-1	1	1	0	0	1	0	0	up	1	Highly Stable	Highly Stable Up	0
HT	RvY_02441-1	1	1	0	0	1	0	0	up	1	Highly Stable	Highly Stable Up	0
HT	RvY_02445-1	1	1	0	0	1	0	0	up	1	Highly Stable	Highly Stable Up	0
HT	RvY_02448-1	1	1	0	0	1	0	0	up	1	Highly Stable	Highly Stable Up	0
HT	RvY_02449-1	1	1	0	0	1	0	0	up	1	Highly Stable	Highly Stable Up	0
HT	RvY_02451	1	1	0	0	1	0	0	up	1	Highly Stable	Highly Stable Up	0
HT	RvY_02457-1	1	1	0	0	1	0	0	up	1	Highly Stable	Highly Stable Up	0
HT	RvY_02458-1	1	1	0	0	1	0	0	up	1	Highly Stable	Highly Stable Up	0
HT	RvY_02459-1	1	1	0	0	1	0	0	up	1	Highly Stable	Highly Stable Up	0
HT	RvY_02476-1	1	1	0	0	1	0	0	up	1	Highly Stable	Highly Stable Up	0
HT	RvY_02478-1	1	1	0	0	1	0	0	up	1	Highly Stable	Highly Stable Up	0
HT	RvY_02480-1	1	1	0	0	1	0	0	up	1	Highly Stable	Highly Stable Up	0
HT	RvY_02481-1	1	1	0	0	1	0	0	up	1	Highly Stable	Highly Stable Up	0
HT	RvY_02483	1	1	0	0	1	0	0	up	1	Highly Stable	Highly Stable Up	0
HT	RvY_02488-1	1	1	0	0	1	0	0	up	1	Highly Stable	Highly Stable Up	0
HT	RvY_02493-1	1	1	0	0	1	0	0	up	1	Highly Stable	Highly Stable Up	0
HT	RvY_02511	1	1	0	0	1	0	0	up	1	Highly Stable	Highly Stable Up	0
HT	RvY_02520	1	1	0	0	1	0	0	up	1	Highly Stable	Highly Stable Up	0
HT	RvY_02522-1	1	1	0	0	1	0	0	up	1	Highly Stable	Highly Stable Up	0
HT	RvY_02525-1	1	1	0	0	1	0	0	up	1	Highly Stable	Highly Stable Up	0
HT	RvY_02553-1	1	1	0	0	1	0	0	up	1	Highly Stable	Highly Stable Up	0
HT	RvY_02559-1	1	1	0	0	1	0	0	up	1	Highly Stable	Highly Stable Up	0
HT	RvY_02561-1	1	1	0	0	1	0	0	up	1	Highly Stable	Highly Stable Up	0
HT	RvY_02562-1	1	1	0	0	1	0	0	up	1	Highly Stable	Highly Stable Up	0
HT	RvY_02593-1	1	1	0	0	1	0	0	up	1	Highly Stable	Highly Stable Up	0
HT	RvY_02600-1	1	1	0	0	1	0	0	up	1	Highly Stable	Highly Stable Up	0
HT	RvY_02601-1	1	1	0	0	1	0	0	up	1	Highly Stable	Highly Stable Up	0
HT	RvY_02603-1	1	1	0	0	1	0	0	up	1	Highly Stable	Highly Stable Up	0
HT	RvY_02608-1	1	1	0	0	1	0	0	up	1	Highly Stable	Highly Stable Up	0
HT	RvY_02611	1	1	0	0	1	0	0	up	1	Highly Stable	Highly Stable Up	0
HT	RvY_02612	1	1	0	0	1	0	0	up	1	Highly Stable	Highly Stable Up	0
HT	RvY_02613-1	1	1	0	0	1	0	0	up	1	Highly Stable	Highly Stable Up	0
HT	RvY_02626-1	1	1	0	0	1	0	0	up	1	Highly Stable	Highly Stable Up	0
HT	RvY_02627-1	1	1	0	0	1	0	0	up	1	Highly Stable	Highly Stable Up	0
HT	RvY_02628-1	1	1	0	0	1	0	0	up	1	Highly Stable	Highly Stable Up	0
HT	RvY_02634-1	1	1	0	0	1	0	0	up	1	Highly Stable	Highly Stable Up	0
HT	RvY_02654-1	1	1	0	0	1	0	0	up	1	Highly Stable	Highly Stable Up	0
HT	RvY_02660-1	1	1	0	0	1	0	0	up	1	Highly Stable	Highly Stable Up	0
HT	RvY_02666-1	1	1	0	0	1	0	0	up	1	Highly Stable	Highly Stable Up	0
HT	RvY_02672-1	1	1	0	0	1	0	0	up	1	Highly Stable	Highly Stable Up	0
HT	RvY_02675-1	1	1	0	0	1	0	0	up	1	Highly Stable	Highly Stable Up	0
HT	RvY_02677-1	1	1	0	0	1	0	0	up	1	Highly Stable	Highly Stable Up	0
HT	RvY_02688-1	1	1	0	0	1	0	0	up	1	Highly Stable	Highly Stable Up	0
HT	RvY_02700	1	1	0	0	1	0	0	up	1	Highly Stable	Highly Stable Up	0
HT	RvY_02703	1	1	0	0	1	0	0	up	1	Highly Stable	Highly Stable Up	0
HT	RvY_02710-1	1	1	0	0	1	0	0	up	1	Highly Stable	Highly Stable Up	0
HT	RvY_02726-1	1	1	0	0	1	0	0	up	1	Highly Stable	Highly Stable Up	0
HT	RvY_02748-1	1	1	0	0	1	0	0	up	1	Highly Stable	Highly Stable Up	0
HT	RvY_02750-1	1	1	0	0	1	0	0	up	1	Highly Stable	Highly Stable Up	0
HT	RvY_02751-1	1	1	0	0	1	0	0	up	1	Highly Stable	Highly Stable Up	0
HT	RvY_02760-1	1	1	0	0	1	0	0	up	1	Highly Stable	Highly Stable Up	0
HT	RvY_02762	1	1	0	0	1	0	0	up	1	Highly Stable	Highly Stable Up	0
HT	RvY_02763-1	1	1	0	0	1	0	0	up	1	Highly Stable	Highly Stable Up	0
HT	RvY_02769-1	1	1	0	0	1	0	0	up	1	Highly Stable	Highly Stable Up	0
HT	RvY_02773-1	1	1	0	0	1	0	0	up	1	Highly Stable	Highly Stable Up	0
HT	RvY_02779-1	1	1	0	0	1	0	0	up	1	Highly Stable	Highly Stable Up	0
HT	RvY_02780-1	1	1	0	0	1	0	0	up	1	Highly Stable	Highly Stable Up	0
HT	RvY_02781	1	1	0	0	1	0	0	up	1	Highly Stable	Highly Stable Up	0
HT	RvY_02784-1	1	1	0	0	1	0	0	up	1	Highly Stable	Highly Stable Up	0
HT	RvY_02785-1	1	1	0	0	1	0	0	up	1	Highly Stable	Highly Stable Up	0
HT	RvY_02806-1	1	1	0	0	1	0	0	up	1	Highly Stable	Highly Stable Up	0
HT	RvY_02807-1	1	1	0	0	1	0	0	up	1	Highly Stable	Highly Stable Up	0
HT	RvY_02808-1	1	1	0	0	1	0	0	up	1	Highly Stable	Highly Stable Up	0
HT	RvY_02809-1	1	1	0	0	1	0	0	up	1	Highly Stable	Highly Stable Up	0
HT	RvY_02810-1	1	1	0	0	1	0	0	up	1	Highly Stable	Highly Stable Up	0
HT	RvY_02811-1	1	1	0	0	1	0	0	up	1	Highly Stable	Highly Stable Up	0
HT	RvY_02812-1	1	1	0	0	1	0	0	up	1	Highly Stable	Highly Stable Up	0
HT	RvY_02813-0	1	1	0	0	1	0	0	up	1	Highly Stable	Highly Stable Up	0
HT	RvY_02817-1	1	1	0	0	1	0	0	up	1	Highly Stable	Highly Stable Up	0
HT	RvY_02822-1	1	1	0	0	1	0	0	up	1	Highly Stable	Highly Stable Up	0
HT	RvY_02826	1	1	0	0	1	0	0	up	1	Highly Stable	Highly Stable Up	0
HT	RvY_02852-1	1	1	0	0	1	0	0	up	1	Highly Stable	Highly Stable Up	0
HT	RvY_02892	1	1	0	0	1	0	0	up	1	Highly Stable	Highly Stable Up	0
HT	RvY_02925-1	1	1	0	0	1	0	0	up	1	Highly Stable	Highly Stable Up	0
HT	RvY_02941	1	1	0	0	1	0	0	up	1	Highly Stable	Highly Stable Up	0
HT	RvY_02952-1	1	1	0	0	1	0	0	up	1	Highly Stable	Highly Stable Up	0
HT	RvY_02976-1	1	1	0	0	1	0	0	up	1	Highly Stable	Highly Stable Up	0
HT	RvY_02980-1	1	1	0	0	1	0	0	up	1	Highly Stable	Highly Stable Up	0
HT	RvY_02983-1	1	1	0	0	1	0	0	up	1	Highly Stable	Highly Stable Up	0
HT	RvY_02988-1	1	1	0	0	1	0	0	up	1	Highly Stable	Highly Stable Up	0
HT	RvY_02989-1	1	1	0	0	1	0	0	up	1	Highly Stable	Highly Stable Up	0
HT	RvY_02990-1	1	1	0	0	1	0	0	up	1	Highly Stable	Highly Stable Up	0
HT	RvY_02997	1	1	0	0	1	0	0	up	1	Highly Stable	Highly Stable Up	0
HT	RvY_03013-1	1	1	0	0	1	0	0	up	1	Highly Stable	Highly Stable Up	0
HT	RvY_03021-1	1	1	0	0	1	0	0	up	1	Highly Stable	Highly Stable Up	0
HT	RvY_03032-1	1	1	0	0	1	0	0	up	1	Highly Stable	Highly Stable Up	0
HT	RvY_03115-1	1	1	0	0	1	0	0	up	1	Highly Stable	Highly Stable Up	0
HT	RvY_03163	1	1	0	0	1	0	0	up	1	Highly Stable	Highly Stable Up	0
HT	RvY_03164-1	1	1	0	0	1	0	0	up	1	Highly Stable	Highly Stable Up	0
HT	RvY_03171-1	1	1	0	0	1	0	0	up	1	Highly Stable	Highly Stable Up	0
HT	RvY_03173-1	1	1	0	0	1	0	0	up	1	Highly Stable	Highly Stable Up	0
HT	RvY_03175-1	1	1	0	0	1	0	0	up	1	Highly Stable	Highly Stable Up	0
HT	RvY_03190-1	1	1	0	0	1	0	0	up	1	Highly Stable	Highly Stable Up	0
HT	RvY_03201-1	1	1	0	0	1	0	0	up	1	Highly Stable	Highly Stable Up	0
HT	RvY_03205-1	1	1	0	0	1	0	0	up	1	Highly Stable	Highly Stable Up	0
HT	RvY_03209-1	1	1	0	0	1	0	0	up	1	Highly Stable	Highly Stable Up	0
HT	RvY_03215-1	1	1	0	0	1	0	0	up	1	Highly Stable	Highly Stable Up	0
HT	RvY_03219-1	1	1	0	0	1	0	0	up	1	Highly Stable	Highly Stable Up	0
HT	RvY_03221-1	1	1	0	0	1	0	0	up	1	Highly Stable	Highly Stable Up	0
HT	RvY_03223-1	1	1	0	0	1	0	0	up	1	Highly Stable	Highly Stable Up	0
HT	RvY_03227-1	1	1	0	0	1	0	0	up	1	Highly Stable	Highly Stable Up	0
HT	RvY_03232-1	1	1	0	0	1	0	0	up	1	Highly Stable	Highly Stable Up	0
HT	RvY_03233	1	1	0	0	1	0	0	up	1	Highly Stable	Highly Stable Up	0
HT	RvY_03241-1	1	1	0	0	1	0	0	up	1	Highly Stable	Highly Stable Up	0
HT	RvY_03242-1	1	1	0	0	1	0	0	up	1	Highly Stable	Highly Stable Up	0
HT	RvY_03243	1	1	0	0	1	0	0	up	1	Highly Stable	Highly Stable Up	0
HT	RvY_03244	1	1	0	0	1	0	0	up	1	Highly Stable	Highly Stable Up	0
HT	RvY_03248-1	1	1	0	0	1	0	0	up	1	Highly Stable	Highly Stable Up	0
HT	RvY_03249-1	1	1	0	0	1	0	0	up	1	Highly Stable	Highly Stable Up	0
HT	RvY_03263-1	1	1	0	0	1	0	0	up	1	Highly Stable	Highly Stable Up	0
HT	RvY_03273-1	1	1	0	0	1	0	0	up	1	Highly Stable	Highly Stable Up	0
HT	RvY_03274-1	1	1	0	0	1	0	0	up	1	Highly Stable	Highly Stable Up	0
HT	RvY_03289-1	1	1	0	0	1	0	0	up	1	Highly Stable	Highly Stable Up	0
HT	RvY_03305-1	1	1	0	0	1	0	0	up	1	Highly Stable	Highly Stable Up	0
HT	RvY_03323-1	1	1	0	0	1	0	0	up	1	Highly Stable	Highly Stable Up	0
HT	RvY_03359-1	1	1	0	0	1	0	0	up	1	Highly Stable	Highly Stable Up	0
HT	RvY_03381-1	1	1	0	0	1	0	0	up	1	Highly Stable	Highly Stable Up	0
HT	RvY_03393	1	1	0	0	1	0	0	up	1	Highly Stable	Highly Stable Up	0
HT	RvY_03394-1	1	1	0	0	1	0	0	up	1	Highly Stable	Highly Stable Up	0
HT	RvY_03404-1	1	1	0	0	1	0	0	up	1	Highly Stable	Highly Stable Up	0
HT	RvY_03410-1	1	1	0	0	1	0	0	up	1	Highly Stable	Highly Stable Up	0
HT	RvY_03413-1	1	1	0	0	1	0	0	up	1	Highly Stable	Highly Stable Up	0
HT	RvY_03415-1	1	1	0	0	1	0	0	up	1	Highly Stable	Highly Stable Up	0
HT	RvY_03421-1	1	1	0	0	1	0	0	up	1	Highly Stable	Highly Stable Up	0
HT	RvY_03426-1	1	1	0	0	1	0	0	up	1	Highly Stable	Highly Stable Up	0
HT	RvY_03427-1	1	1	0	0	1	0	0	up	1	Highly Stable	Highly Stable Up	0
HT	RvY_03435-1	1	1	0	0	1	0	0	up	1	Highly Stable	Highly Stable Up	0
HT	RvY_03438-1	1	1	0	0	1	0	0	up	1	Highly Stable	Highly Stable Up	0
HT	RvY_03443-1	1	1	0	0	1	0	0	up	1	Highly Stable	Highly Stable Up	0
HT	RvY_03444-1	1	1	0	0	1	0	0	up	1	Highly Stable	Highly Stable Up	0
HT	RvY_03459-1	1	1	0	0	1	0	0	up	1	Highly Stable	Highly Stable Up	0
HT	RvY_03482-1	1	1	0	0	1	0	0	up	1	Highly Stable	Highly Stable Up	0
HT	RvY_03486-1	1	1	0	0	1	0	0	up	1	Highly Stable	Highly Stable Up	0
HT	RvY_03508-1	1	1	0	0	1	0	0	up	1	Highly Stable	Highly Stable Up	0
HT	RvY_03558-1	1	1	0	0	1	0	0	up	1	Highly Stable	Highly Stable Up	0
HT	RvY_03559-1	1	1	0	0	1	0	0	up	1	Highly Stable	Highly Stable Up	0
HT	RvY_03561-1	1	1	0	0	1	0	0	up	1	Highly Stable	Highly Stable Up	0
HT	RvY_03562	1	1	0	0	1	0	0	up	1	Highly Stable	Highly Stable Up	0
HT	RvY_03566-1	1	1	0	0	1	0	0	up	1	Highly Stable	Highly Stable Up	0
HT	RvY_03570-1	1	1	0	0	1	0	0	up	1	Highly Stable	Highly Stable Up	0
HT	RvY_03578-1	1	1	0	0	1	0	0	up	1	Highly Stable	Highly Stable Up	0
HT	RvY_03589	1	1	0	0	1	0	0	up	1	Highly Stable	Highly Stable Up	0
HT	RvY_03591-1	1	1	0	0	1	0	0	up	1	Highly Stable	Highly Stable Up	0
HT	RvY_03600	1	1	0	0	1	0	0	up	1	Highly Stable	Highly Stable Up	0
HT	RvY_03603-1	1	1	0	0	1	0	0	up	1	Highly Stable	Highly Stable Up	0
HT	RvY_03610-1	1	1	0	0	1	0	0	up	1	Highly Stable	Highly Stable Up	0
HT	RvY_03611-1	1	1	0	0	1	0	0	up	1	Highly Stable	Highly Stable Up	0
HT	RvY_03612-1	1	1	0	0	1	0	0	up	1	Highly Stable	Highly Stable Up	0
HT	RvY_03614-1	1	1	0	0	1	0	0	up	1	Highly Stable	Highly Stable Up	0
HT	RvY_03642-1	1	1	0	0	1	0	0	up	1	Highly Stable	Highly Stable Up	0
HT	RvY_03690-1	1	1	0	0	1	0	0	up	1	Highly Stable	Highly Stable Up	0
HT	RvY_03702-1	1	1	0	0	1	0	0	up	1	Highly Stable	Highly Stable Up	0
HT	RvY_03714	1	1	0	0	1	0	0	up	1	Highly Stable	Highly Stable Up	0
HT	RvY_03717	1	1	0	0	1	0	0	up	1	Highly Stable	Highly Stable Up	0
HT	RvY_03720-1	1	1	0	0	1	0	0	up	1	Highly Stable	Highly Stable Up	0
HT	RvY_03746-1	1	1	0	0	1	0	0	up	1	Highly Stable	Highly Stable Up	0
HT	RvY_03748-1	1	1	0	0	1	0	0	up	1	Highly Stable	Highly Stable Up	0
HT	RvY_03749-1	1	1	0	0	1	0	0	up	1	Highly Stable	Highly Stable Up	0
HT	RvY_03752-1	1	1	0	0	1	0	0	up	1	Highly Stable	Highly Stable Up	0
HT	RvY_03757	1	1	0	0	1	0	0	up	1	Highly Stable	Highly Stable Up	0
HT	RvY_03771	1	1	0	0	1	0	0	up	1	Highly Stable	Highly Stable Up	0
HT	RvY_03818-1	1	1	0	0	1	0	0	up	1	Highly Stable	Highly Stable Up	0
HT	RvY_03821	1	1	0	0	1	0	0	up	1	Highly Stable	Highly Stable Up	0
HT	RvY_03822-1	1	1	0	0	1	0	0	up	1	Highly Stable	Highly Stable Up	0
HT	RvY_03833-1	1	1	0	0	1	0	0	up	1	Highly Stable	Highly Stable Up	0
HT	RvY_03840-1	1	1	0	0	1	0	0	up	1	Highly Stable	Highly Stable Up	0
HT	RvY_03862	1	1	0	0	1	0	0	up	1	Highly Stable	Highly Stable Up	0
HT	RvY_03874-1	1	1	0	0	1	0	0	up	1	Highly Stable	Highly Stable Up	0
HT	RvY_03889-1	1	1	0	0	1	0	0	up	1	Highly Stable	Highly Stable Up	0
HT	RvY_03893-1	1	1	0	0	1	0	0	up	1	Highly Stable	Highly Stable Up	0
HT	RvY_03912-1	1	1	0	0	1	0	0	up	1	Highly Stable	Highly Stable Up	0
HT	RvY_03935	1	1	0	0	1	0	0	up	1	Highly Stable	Highly Stable Up	0
HT	RvY_03937	1	1	0	0	1	0	0	up	1	Highly Stable	Highly Stable Up	0
HT	RvY_03944	1	1	0	0	1	0	0	up	1	Highly Stable	Highly Stable Up	0
HT	RvY_03945-1	1	1	0	0	1	0	0	up	1	Highly Stable	Highly Stable Up	0
HT	RvY_03948-1	1	1	0	0	1	0	0	up	1	Highly Stable	Highly Stable Up	0
HT	RvY_03965-1	1	1	0	0	1	0	0	up	1	Highly Stable	Highly Stable Up	0
HT	RvY_03967-1	1	1	0	0	1	0	0	up	1	Highly Stable	Highly Stable Up	0
HT	RvY_03968	1	1	0	0	1	0	0	up	1	Highly Stable	Highly Stable Up	0
HT	RvY_03996-1	1	1	0	0	1	0	0	up	1	Highly Stable	Highly Stable Up	0
HT	RvY_03998-1	1	1	0	0	1	0	0	up	1	Highly Stable	Highly Stable Up	0
HT	RvY_03999	1	1	0	0	1	0	0	up	1	Highly Stable	Highly Stable Up	0
HT	RvY_04002-1	1	1	0	0	1	0	0	up	1	Highly Stable	Highly Stable Up	0
HT	RvY_04008-1	1	1	0	0	1	0	0	up	1	Highly Stable	Highly Stable Up	0
HT	RvY_04009-1	1	1	0	0	1	0	0	up	1	Highly Stable	Highly Stable Up	0
HT	RvY_04016	1	1	0	0	1	0	0	up	1	Highly Stable	Highly Stable Up	0
HT	RvY_04024-1	1	1	0	0	1	0	0	up	1	Highly Stable	Highly Stable Up	0
HT	RvY_04027-1	1	1	0	0	1	0	0	up	1	Highly Stable	Highly Stable Up	0
HT	RvY_04053-1	1	1	0	0	1	0	0	up	1	Highly Stable	Highly Stable Up	0
HT	RvY_04068-1	1	1	0	0	1	0	0	up	1	Highly Stable	Highly Stable Up	0
HT	RvY_04072-1	1	1	0	0	1	0	0	up	1	Highly Stable	Highly Stable Up	0
HT	RvY_04079-1	1	1	0	0	1	0	0	up	1	Highly Stable	Highly Stable Up	0
HT	RvY_04105-1	1	1	0	0	1	0	0	up	1	Highly Stable	Highly Stable Up	0
HT	RvY_04109-1	1	1	0	0	1	0	0	up	1	Highly Stable	Highly Stable Up	0
HT	RvY_04111-1	1	1	0	0	1	0	0	up	1	Highly Stable	Highly Stable Up	0
HT	RvY_04115-1	1	1	0	0	1	0	0	up	1	Highly Stable	Highly Stable Up	0
HT	RvY_04124	1	1	0	0	1	0	0	up	1	Highly Stable	Highly Stable Up	0
HT	RvY_04136-1	1	1	0	0	1	0	0	up	1	Highly Stable	Highly Stable Up	0
HT	RvY_04137-1	1	1	0	0	1	0	0	up	1	Highly Stable	Highly Stable Up	0
HT	RvY_04154-1	1	1	0	0	1	0	0	up	1	Highly Stable	Highly Stable Up	0
HT	RvY_04202	1	1	0	0	1	0	0	up	1	Highly Stable	Highly Stable Up	0
HT	RvY_04203-1	1	1	0	0	1	0	0	up	1	Highly Stable	Highly Stable Up	0
HT	RvY_04208	1	1	0	0	1	0	0	up	1	Highly Stable	Highly Stable Up	0
HT	RvY_04212	1	1	0	0	1	0	0	up	1	Highly Stable	Highly Stable Up	0
HT	RvY_04289-1	1	1	0	0	1	0	0	up	1	Highly Stable	Highly Stable Up	0
HT	RvY_04298-1	1	1	0	0	1	0	0	up	1	Highly Stable	Highly Stable Up	0
HT	RvY_04315-1	1	1	0	0	1	0	0	up	1	Highly Stable	Highly Stable Up	0
HT	RvY_04321-1	1	1	0	0	1	0	0	up	1	Highly Stable	Highly Stable Up	0
HT	RvY_04374	1	1	0	0	1	0	0	up	1	Highly Stable	Highly Stable Up	0
HT	RvY_04384-1	1	1	0	0	1	0	0	up	1	Highly Stable	Highly Stable Up	0
HT	RvY_04414-1	1	1	0	0	1	0	0	up	1	Highly Stable	Highly Stable Up	0
HT	RvY_04435	1	1	0	0	1	0	0	up	1	Highly Stable	Highly Stable Up	0
HT	RvY_04442-1	1	1	0	0	1	0	0	up	1	Highly Stable	Highly Stable Up	0
HT	RvY_04452-1	1	1	0	0	1	0	0	up	1	Highly Stable	Highly Stable Up	0
HT	RvY_04454	1	1	0	0	1	0	0	up	1	Highly Stable	Highly Stable Up	0
HT	RvY_04457-1	1	1	0	0	1	0	0	up	1	Highly Stable	Highly Stable Up	0
HT	RvY_04470	1	1	0	0	1	0	0	up	1	Highly Stable	Highly Stable Up	0
HT	RvY_04509-1	1	1	0	0	1	0	0	up	1	Highly Stable	Highly Stable Up	0
HT	RvY_04543-1	1	1	0	0	1	0	0	up	1	Highly Stable	Highly Stable Up	0
HT	RvY_04550-1	1	1	0	0	1	0	0	up	1	Highly Stable	Highly Stable Up	0
HT	RvY_04561-1	1	1	0	0	1	0	0	up	1	Highly Stable	Highly Stable Up	0
HT	RvY_04567-1	1	1	0	0	1	0	0	up	1	Highly Stable	Highly Stable Up	0
HT	RvY_04571-1	1	1	0	0	1	0	0	up	1	Highly Stable	Highly Stable Up	0
HT	RvY_04587-1	1	1	0	0	1	0	0	up	1	Highly Stable	Highly Stable Up	0
HT	RvY_04589-1	1	1	0	0	1	0	0	up	1	Highly Stable	Highly Stable Up	0
HT	RvY_04600	1	1	0	0	1	0	0	up	1	Highly Stable	Highly Stable Up	0
HT	RvY_04602-1	1	1	0	0	1	0	0	up	1	Highly Stable	Highly Stable Up	0
HT	RvY_04608-1	1	1	0	0	1	0	0	up	1	Highly Stable	Highly Stable Up	0
HT	RvY_04611-1	1	1	0	0	1	0	0	up	1	Highly Stable	Highly Stable Up	0
HT	RvY_04617-1	1	1	0	0	1	0	0	up	1	Highly Stable	Highly Stable Up	0
HT	RvY_04619	1	1	0	0	1	0	0	up	1	Highly Stable	Highly Stable Up	0
HT	RvY_04628-1	1	1	0	0	1	0	0	up	1	Highly Stable	Highly Stable Up	0
HT	RvY_04663-1	1	1	0	0	1	0	0	up	1	Highly Stable	Highly Stable Up	0
HT	RvY_04668-1	1	1	0	0	1	0	0	up	1	Highly Stable	Highly Stable Up	0
HT	RvY_04669-1	1	1	0	0	1	0	0	up	1	Highly Stable	Highly Stable Up	0
HT	RvY_04670-1	1	1	0	0	1	0	0	up	1	Highly Stable	Highly Stable Up	0
HT	RvY_04685-1	1	1	0	0	1	0	0	up	1	Highly Stable	Highly Stable Up	0
HT	RvY_04693-1	1	1	0	0	1	0	0	up	1	Highly Stable	Highly Stable Up	0
HT	RvY_04696-1	1	1	0	0	1	0	0	up	1	Highly Stable	Highly Stable Up	0
HT	RvY_04700	1	1	0	0	1	0	0	up	1	Highly Stable	Highly Stable Up	0
HT	RvY_04703	1	1	0	0	1	0	0	up	1	Highly Stable	Highly Stable Up	0
HT	RvY_04707-1	1	1	0	0	1	0	0	up	1	Highly Stable	Highly Stable Up	0
HT	RvY_04713-1	1	1	0	0	1	0	0	up	1	Highly Stable	Highly Stable Up	0
HT	RvY_04714-1	1	1	0	0	1	0	0	up	1	Highly Stable	Highly Stable Up	0
HT	RvY_04718-1	1	1	0	0	1	0	0	up	1	Highly Stable	Highly Stable Up	0
HT	RvY_04719-1	1	1	0	0	1	0	0	up	1	Highly Stable	Highly Stable Up	0
HT	RvY_04720-1	1	1	0	0	1	0	0	up	1	Highly Stable	Highly Stable Up	0
HT	RvY_04721-1	1	1	0	0	1	0	0	up	1	Highly Stable	Highly Stable Up	0
HT	RvY_04722-1	1	1	0	0	1	0	0	up	1	Highly Stable	Highly Stable Up	0
HT	RvY_04730-1	1	1	0	0	1	0	0	up	1	Highly Stable	Highly Stable Up	0
HT	RvY_04736-1	1	1	0	0	1	0	0	up	1	Highly Stable	Highly Stable Up	0
HT	RvY_04737-1	1	1	0	0	1	0	0	up	1	Highly Stable	Highly Stable Up	0
HT	RvY_04738-1	1	1	0	0	1	0	0	up	1	Highly Stable	Highly Stable Up	0
HT	RvY_04741-1	1	1	0	0	1	0	0	up	1	Highly Stable	Highly Stable Up	0
HT	RvY_04743-1	1	1	0	0	1	0	0	up	1	Highly Stable	Highly Stable Up	0
HT	RvY_04748-1	1	1	0	0	1	0	0	up	1	Highly Stable	Highly Stable Up	0
HT	RvY_04751-1	1	1	0	0	1	0	0	up	1	Highly Stable	Highly Stable Up	0
HT	RvY_04752-1	1	1	0	0	1	0	0	up	1	Highly Stable	Highly Stable Up	0
HT	RvY_04753-1	1	1	0	0	1	0	0	up	1	Highly Stable	Highly Stable Up	0
HT	RvY_04767-1	1	1	0	0	1	0	0	up	1	Highly Stable	Highly Stable Up	0
HT	RvY_04788-1	1	1	0	0	1	0	0	up	1	Highly Stable	Highly Stable Up	0
HT	RvY_04793-1	1	1	0	0	1	0	0	up	1	Highly Stable	Highly Stable Up	0
HT	RvY_04802-1	1	1	0	0	1	0	0	up	1	Highly Stable	Highly Stable Up	0
HT	RvY_04812-1	1	1	0	0	1	0	0	up	1	Highly Stable	Highly Stable Up	0
HT	RvY_04816-1	1	1	0	0	1	0	0	up	1	Highly Stable	Highly Stable Up	0
HT	RvY_04822-1	1	1	0	0	1	0	0	up	1	Highly Stable	Highly Stable Up	0
HT	RvY_04827-1	1	1	0	0	1	0	0	up	1	Highly Stable	Highly Stable Up	0
HT	RvY_04828-1	1	1	0	0	1	0	0	up	1	Highly Stable	Highly Stable Up	0
HT	RvY_04833-1	1	1	0	0	1	0	0	up	1	Highly Stable	Highly Stable Up	0
HT	RvY_04839-1	1	1	0	0	1	0	0	up	1	Highly Stable	Highly Stable Up	0
HT	RvY_04846-1	1	1	0	0	1	0	0	up	1	Highly Stable	Highly Stable Up	0
HT	RvY_04848-1	1	1	0	0	1	0	0	up	1	Highly Stable	Highly Stable Up	0
HT	RvY_04852-1	1	1	0	0	1	0	0	up	1	Highly Stable	Highly Stable Up	0
HT	RvY_04855	1	1	0	0	1	0	0	up	1	Highly Stable	Highly Stable Up	0
HT	RvY_04857-1	1	1	0	0	1	0	0	up	1	Highly Stable	Highly Stable Up	0
HT	RvY_04877	1	1	0	0	1	0	0	up	1	Highly Stable	Highly Stable Up	0
HT	RvY_04879-1	1	1	0	0	1	0	0	up	1	Highly Stable	Highly Stable Up	0
HT	RvY_04880-1	1	1	0	0	1	0	0	up	1	Highly Stable	Highly Stable Up	0
HT	RvY_04896-1	1	1	0	0	1	0	0	up	1	Highly Stable	Highly Stable Up	0
HT	RvY_04897-1	1	1	0	0	1	0	0	up	1	Highly Stable	Highly Stable Up	0
HT	RvY_04912-1	1	1	0	0	1	0	0	up	1	Highly Stable	Highly Stable Up	0
HT	RvY_04918-1	1	1	0	0	1	0	0	up	1	Highly Stable	Highly Stable Up	0
HT	RvY_04926-1	1	1	0	0	1	0	0	up	1	Highly Stable	Highly Stable Up	0
HT	RvY_04939	1	1	0	0	1	0	0	up	1	Highly Stable	Highly Stable Up	0
HT	RvY_04947-1	1	1	0	0	1	0	0	up	1	Highly Stable	Highly Stable Up	0
HT	RvY_04970-1	1	1	0	0	1	0	0	up	1	Highly Stable	Highly Stable Up	0
HT	RvY_04975-1	1	1	0	0	1	0	0	up	1	Highly Stable	Highly Stable Up	0
HT	RvY_04976-1	1	1	0	0	1	0	0	up	1	Highly Stable	Highly Stable Up	0
HT	RvY_04981	1	1	0	0	1	0	0	up	1	Highly Stable	Highly Stable Up	0
HT	RvY_04996-1	1	1	0	0	1	0	0	up	1	Highly Stable	Highly Stable Up	0
HT	RvY_04999-1	1	1	0	0	1	0	0	up	1	Highly Stable	Highly Stable Up	0
HT	RvY_05003-1	1	1	0	0	1	0	0	up	1	Highly Stable	Highly Stable Up	0
HT	RvY_05004-1	1	1	0	0	1	0	0	up	1	Highly Stable	Highly Stable Up	0
HT	RvY_05012-1	1	1	0	0	1	0	0	up	1	Highly Stable	Highly Stable Up	0
HT	RvY_05020-1	1	1	0	0	1	0	0	up	1	Highly Stable	Highly Stable Up	0
HT	RvY_05027-1	1	1	0	0	1	0	0	up	1	Highly Stable	Highly Stable Up	0
HT	RvY_05028-1	1	1	0	0	1	0	0	up	1	Highly Stable	Highly Stable Up	0
HT	RvY_05032-1	1	1	0	0	1	0	0	up	1	Highly Stable	Highly Stable Up	0
HT	RvY_05033-1	1	1	0	0	1	0	0	up	1	Highly Stable	Highly Stable Up	0
HT	RvY_05039-1	1	1	0	0	1	0	0	up	1	Highly Stable	Highly Stable Up	0
HT	RvY_05083-1	1	1	0	0	1	0	0	up	1	Highly Stable	Highly Stable Up	0
HT	RvY_05086	1	1	0	0	1	0	0	up	1	Highly Stable	Highly Stable Up	0
HT	RvY_05097-1	1	1	0	0	1	0	0	up	1	Highly Stable	Highly Stable Up	0
HT	RvY_05100-1	1	1	0	0	1	0	0	up	1	Highly Stable	Highly Stable Up	0
HT	RvY_05104-1	1	1	0	0	1	0	0	up	1	Highly Stable	Highly Stable Up	0
HT	RvY_05112-1	1	1	0	0	1	0	0	up	1	Highly Stable	Highly Stable Up	0
HT	RvY_05113-1	1	1	0	0	1	0	0	up	1	Highly Stable	Highly Stable Up	0
HT	RvY_05114-1	1	1	0	0	1	0	0	up	1	Highly Stable	Highly Stable Up	0
HT	RvY_05127-1	1	1	0	0	1	0	0	up	1	Highly Stable	Highly Stable Up	0
HT	RvY_05129-1	1	1	0	0	1	0	0	up	1	Highly Stable	Highly Stable Up	0
HT	RvY_05140-1	1	1	0	0	1	0	0	up	1	Highly Stable	Highly Stable Up	0
HT	RvY_05142-1	1	1	0	0	1	0	0	up	1	Highly Stable	Highly Stable Up	0
HT	RvY_05143-1	1	1	0	0	1	0	0	up	1	Highly Stable	Highly Stable Up	0
HT	RvY_05156-1	1	1	0	0	1	0	0	up	1	Highly Stable	Highly Stable Up	0
HT	RvY_05159-1	1	1	0	0	1	0	0	up	1	Highly Stable	Highly Stable Up	0
HT	RvY_05170-1	1	1	0	0	1	0	0	up	1	Highly Stable	Highly Stable Up	0
HT	RvY_05171-1	1	1	0	0	1	0	0	up	1	Highly Stable	Highly Stable Up	0
HT	RvY_05177-1	1	1	0	0	1	0	0	up	1	Highly Stable	Highly Stable Up	0
HT	RvY_05190-1	1	1	0	0	1	0	0	up	1	Highly Stable	Highly Stable Up	0
HT	RvY_05194-1	1	1	0	0	1	0	0	up	1	Highly Stable	Highly Stable Up	0
HT	RvY_05195-1	1	1	0	0	1	0	0	up	1	Highly Stable	Highly Stable Up	0
HT	RvY_05219-1	1	1	0	0	1	0	0	up	1	Highly Stable	Highly Stable Up	0
HT	RvY_05221-1	1	1	0	0	1	0	0	up	1	Highly Stable	Highly Stable Up	0
HT	RvY_05229-1	1	1	0	0	1	0	0	up	1	Highly Stable	Highly Stable Up	0
HT	RvY_05234-1	1	1	0	0	1	0	0	up	1	Highly Stable	Highly Stable Up	0
HT	RvY_05241	1	1	0	0	1	0	0	up	1	Highly Stable	Highly Stable Up	0
HT	RvY_05242-1	1	1	0	0	1	0	0	up	1	Highly Stable	Highly Stable Up	0
HT	RvY_05243-1	1	1	0	0	1	0	0	up	1	Highly Stable	Highly Stable Up	0
HT	RvY_05251-1	1	1	0	0	1	0	0	up	1	Highly Stable	Highly Stable Up	0
HT	RvY_05278-1	1	1	0	0	1	0	0	up	1	Highly Stable	Highly Stable Up	0
HT	RvY_05279-1	1	1	0	0	1	0	0	up	1	Highly Stable	Highly Stable Up	0
HT	RvY_05282-1	1	1	0	0	1	0	0	up	1	Highly Stable	Highly Stable Up	0
HT	RvY_05286-1	1	1	0	0	1	0	0	up	1	Highly Stable	Highly Stable Up	0
HT	RvY_05291	1	1	0	0	1	0	0	up	1	Highly Stable	Highly Stable Up	0
HT	RvY_05300-1	1	1	0	0	1	0	0	up	1	Highly Stable	Highly Stable Up	0
HT	RvY_05312-1	1	1	0	0	1	0	0	up	1	Highly Stable	Highly Stable Up	0
HT	RvY_05325-1	1	1	0	0	1	0	0	up	1	Highly Stable	Highly Stable Up	0
HT	RvY_05326-1	1	1	0	0	1	0	0	up	1	Highly Stable	Highly Stable Up	0
HT	RvY_05328	1	1	0	0	1	0	0	up	1	Highly Stable	Highly Stable Up	0
HT	RvY_05330-1	1	1	0	0	1	0	0	up	1	Highly Stable	Highly Stable Up	0
HT	RvY_05331-1	1	1	0	0	1	0	0	up	1	Highly Stable	Highly Stable Up	0
HT	RvY_05363-1	1	1	0	0	1	0	0	up	1	Highly Stable	Highly Stable Up	0
HT	RvY_05369-1	1	1	0	0	1	0	0	up	1	Highly Stable	Highly Stable Up	0
HT	RvY_05381-1	1	1	0	0	1	0	0	up	1	Highly Stable	Highly Stable Up	0
HT	RvY_05382-1	1	1	0	0	1	0	0	up	1	Highly Stable	Highly Stable Up	0
HT	RvY_05394-1	1	1	0	0	1	0	0	up	1	Highly Stable	Highly Stable Up	0
HT	RvY_05395-1	1	1	0	0	1	0	0	up	1	Highly Stable	Highly Stable Up	0
HT	RvY_05398-1	1	1	0	0	1	0	0	up	1	Highly Stable	Highly Stable Up	0
HT	RvY_05402-1	1	1	0	0	1	0	0	up	1	Highly Stable	Highly Stable Up	0
HT	RvY_05404-1	1	1	0	0	1	0	0	up	1	Highly Stable	Highly Stable Up	0
HT	RvY_05410-1	1	1	0	0	1	0	0	up	1	Highly Stable	Highly Stable Up	0
HT	RvY_05416-1	1	1	0	0	1	0	0	up	1	Highly Stable	Highly Stable Up	0
HT	RvY_05418-1	1	1	0	0	1	0	0	up	1	Highly Stable	Highly Stable Up	0
HT	RvY_05420-1	1	1	0	0	1	0	0	up	1	Highly Stable	Highly Stable Up	0
HT	RvY_05421-1	1	1	0	0	1	0	0	up	1	Highly Stable	Highly Stable Up	0
HT	RvY_05431-1	1	1	0	0	1	0	0	up	1	Highly Stable	Highly Stable Up	0
HT	RvY_05432-1	1	1	0	0	1	0	0	up	1	Highly Stable	Highly Stable Up	0
HT	RvY_05433-1	1	1	0	0	1	0	0	up	1	Highly Stable	Highly Stable Up	0
HT	RvY_05437-1	1	1	0	0	1	0	0	up	1	Highly Stable	Highly Stable Up	0
HT	RvY_05439-1	1	1	0	0	1	0	0	up	1	Highly Stable	Highly Stable Up	0
HT	RvY_05440	1	1	0	0	1	0	0	up	1	Highly Stable	Highly Stable Up	0
HT	RvY_05441-1	1	1	0	0	1	0	0	up	1	Highly Stable	Highly Stable Up	0
HT	RvY_05454-1	1	1	0	0	1	0	0	up	1	Highly Stable	Highly Stable Up	0
HT	RvY_05462-1	1	1	0	0	1	0	0	up	1	Highly Stable	Highly Stable Up	0
HT	RvY_05471-1	1	1	0	0	1	0	0	up	1	Highly Stable	Highly Stable Up	0
HT	RvY_05472-1	1	1	0	0	1	0	0	up	1	Highly Stable	Highly Stable Up	0
HT	RvY_05487-1	1	1	0	0	1	0	0	up	1	Highly Stable	Highly Stable Up	0
HT	RvY_05489-1	1	1	0	0	1	0	0	up	1	Highly Stable	Highly Stable Up	0
HT	RvY_05490-1	1	1	0	0	1	0	0	up	1	Highly Stable	Highly Stable Up	0
HT	RvY_05494-1	1	1	0	0	1	0	0	up	1	Highly Stable	Highly Stable Up	0
HT	RvY_05504-1	1	1	0	0	1	0	0	up	1	Highly Stable	Highly Stable Up	0
HT	RvY_05505-1	1	1	0	0	1	0	0	up	1	Highly Stable	Highly Stable Up	0
HT	RvY_05507-1	1	1	0	0	1	0	0	up	1	Highly Stable	Highly Stable Up	0
HT	RvY_05508	1	1	0	0	1	0	0	up	1	Highly Stable	Highly Stable Up	0
HT	RvY_05517-1	1	1	0	0	1	0	0	up	1	Highly Stable	Highly Stable Up	0
HT	RvY_05523-1	1	1	0	0	1	0	0	up	1	Highly Stable	Highly Stable Up	0
HT	RvY_05528-1	1	1	0	0	1	0	0	up	1	Highly Stable	Highly Stable Up	0
HT	RvY_05532	1	1	0	0	1	0	0	up	1	Highly Stable	Highly Stable Up	0
HT	RvY_05541-1	1	1	0	0	1	0	0	up	1	Highly Stable	Highly Stable Up	0
HT	RvY_05542	1	1	0	0	1	0	0	up	1	Highly Stable	Highly Stable Up	0
HT	RvY_05545-1	1	1	0	0	1	0	0	up	1	Highly Stable	Highly Stable Up	0
HT	RvY_05546-1	1	1	0	0	1	0	0	up	1	Highly Stable	Highly Stable Up	0
HT	RvY_05554	1	1	0	0	1	0	0	up	1	Highly Stable	Highly Stable Up	0
HT	RvY_05561-1	1	1	0	0	1	0	0	up	1	Highly Stable	Highly Stable Up	0
HT	RvY_05575	1	1	0	0	1	0	0	up	1	Highly Stable	Highly Stable Up	0
HT	RvY_05580	1	1	0	0	1	0	0	up	1	Highly Stable	Highly Stable Up	0
HT	RvY_05585-1	1	1	0	0	1	0	0	up	1	Highly Stable	Highly Stable Up	0
HT	RvY_05590-1	1	1	0	0	1	0	0	up	1	Highly Stable	Highly Stable Up	0
HT	RvY_05593-1	1	1	0	0	1	0	0	up	1	Highly Stable	Highly Stable Up	0
HT	RvY_05594-1	1	1	0	0	1	0	0	up	1	Highly Stable	Highly Stable Up	0
HT	RvY_05595-1	1	1	0	0	1	0	0	up	1	Highly Stable	Highly Stable Up	0
HT	RvY_05596-1	1	1	0	0	1	0	0	up	1	Highly Stable	Highly Stable Up	0
HT	RvY_05598-1	1	1	0	0	1	0	0	up	1	Highly Stable	Highly Stable Up	0
HT	RvY_05600	1	1	0	0	1	0	0	up	1	Highly Stable	Highly Stable Up	0
HT	RvY_05610-1	1	1	0	0	1	0	0	up	1	Highly Stable	Highly Stable Up	0
HT	RvY_05621	1	1	0	0	1	0	0	up	1	Highly Stable	Highly Stable Up	0
HT	RvY_05636-1	1	1	0	0	1	0	0	up	1	Highly Stable	Highly Stable Up	0
HT	RvY_05637-1	1	1	0	0	1	0	0	up	1	Highly Stable	Highly Stable Up	0
HT	RvY_05640-1	1	1	0	0	1	0	0	up	1	Highly Stable	Highly Stable Up	0
HT	RvY_05642-1	1	1	0	0	1	0	0	up	1	Highly Stable	Highly Stable Up	0
HT	RvY_05643-1	1	1	0	0	1	0	0	up	1	Highly Stable	Highly Stable Up	0
HT	RvY_05660-1	1	1	0	0	1	0	0	up	1	Highly Stable	Highly Stable Up	0
HT	RvY_05663	1	1	0	0	1	0	0	up	1	Highly Stable	Highly Stable Up	0
HT	RvY_05666-1	1	1	0	0	1	0	0	up	1	Highly Stable	Highly Stable Up	0
HT	RvY_05667-1	1	1	0	0	1	0	0	up	1	Highly Stable	Highly Stable Up	0
HT	RvY_05678-1	1	1	0	0	1	0	0	up	1	Highly Stable	Highly Stable Up	0
HT	RvY_05682-1	1	1	0	0	1	0	0	up	1	Highly Stable	Highly Stable Up	0
HT	RvY_05683-1	1	1	0	0	1	0	0	up	1	Highly Stable	Highly Stable Up	0
HT	RvY_05692-1	1	1	0	0	1	0	0	up	1	Highly Stable	Highly Stable Up	0
HT	RvY_05694-1	1	1	0	0	1	0	0	up	1	Highly Stable	Highly Stable Up	0
HT	RvY_05706-1	1	1	0	0	1	0	0	up	1	Highly Stable	Highly Stable Up	0
HT	RvY_05718-1	1	1	0	0	1	0	0	up	1	Highly Stable	Highly Stable Up	0
HT	RvY_05721-1	1	1	0	0	1	0	0	up	1	Highly Stable	Highly Stable Up	0
HT	RvY_05743-1	1	1	0	0	1	0	0	up	1	Highly Stable	Highly Stable Up	0
HT	RvY_05744	1	1	0	0	1	0	0	up	1	Highly Stable	Highly Stable Up	0
HT	RvY_05768-1	1	1	0	0	1	0	0	up	1	Highly Stable	Highly Stable Up	0
HT	RvY_05781-1	1	1	0	0	1	0	0	up	1	Highly Stable	Highly Stable Up	0
HT	RvY_05788	1	1	0	0	1	0	0	up	1	Highly Stable	Highly Stable Up	0
HT	RvY_05789-1	1	1	0	0	1	0	0	up	1	Highly Stable	Highly Stable Up	0
HT	RvY_05790	1	1	0	0	1	0	0	up	1	Highly Stable	Highly Stable Up	0
HT	RvY_05807	1	1	0	0	1	0	0	up	1	Highly Stable	Highly Stable Up	0
HT	RvY_05810-1	1	1	0	0	1	0	0	up	1	Highly Stable	Highly Stable Up	0
HT	RvY_05825-1	1	1	0	0	1	0	0	up	1	Highly Stable	Highly Stable Up	0
HT	RvY_05836-1	1	1	0	0	1	0	0	up	1	Highly Stable	Highly Stable Up	0
HT	RvY_05853-1	1	1	0	0	1	0	0	up	1	Highly Stable	Highly Stable Up	0
HT	RvY_05866-1	1	1	0	0	1	0	0	up	1	Highly Stable	Highly Stable Up	0
HT	RvY_05871-1	1	1	0	0	1	0	0	up	1	Highly Stable	Highly Stable Up	0
HT	RvY_05874-1	1	1	0	0	1	0	0	up	1	Highly Stable	Highly Stable Up	0
HT	RvY_05877-1	1	1	0	0	1	0	0	up	1	Highly Stable	Highly Stable Up	0
HT	RvY_05878-1	1	1	0	0	1	0	0	up	1	Highly Stable	Highly Stable Up	0
HT	RvY_05882-1	1	1	0	0	1	0	0	up	1	Highly Stable	Highly Stable Up	0
HT	RvY_05883-1	1	1	0	0	1	0	0	up	1	Highly Stable	Highly Stable Up	0
HT	RvY_05884-1	1	1	0	0	1	0	0	up	1	Highly Stable	Highly Stable Up	0
HT	RvY_05889	1	1	0	0	1	0	0	up	1	Highly Stable	Highly Stable Up	0
HT	RvY_05890-1	1	1	0	0	1	0	0	up	1	Highly Stable	Highly Stable Up	0
HT	RvY_05893-1	1	1	0	0	1	0	0	up	1	Highly Stable	Highly Stable Up	0
HT	RvY_05907-1	1	1	0	0	1	0	0	up	1	Highly Stable	Highly Stable Up	0
HT	RvY_05917-1	1	1	0	0	1	0	0	up	1	Highly Stable	Highly Stable Up	0
HT	RvY_05922	1	1	0	0	1	0	0	up	1	Highly Stable	Highly Stable Up	0
HT	RvY_05928-1	1	1	0	0	1	0	0	up	1	Highly Stable	Highly Stable Up	0
HT	RvY_05937-1	1	1	0	0	1	0	0	up	1	Highly Stable	Highly Stable Up	0
HT	RvY_05947-1	1	1	0	0	1	0	0	up	1	Highly Stable	Highly Stable Up	0
HT	RvY_05948-1	1	1	0	0	1	0	0	up	1	Highly Stable	Highly Stable Up	0
HT	RvY_05949-1	1	1	0	0	1	0	0	up	1	Highly Stable	Highly Stable Up	0
HT	RvY_05950-1	1	1	0	0	1	0	0	up	1	Highly Stable	Highly Stable Up	0
HT	RvY_05958-1	1	1	0	0	1	0	0	up	1	Highly Stable	Highly Stable Up	0
HT	RvY_05959-1	1	1	0	0	1	0	0	up	1	Highly Stable	Highly Stable Up	0
HT	RvY_05987-1	1	1	0	0	1	0	0	up	1	Highly Stable	Highly Stable Up	0
HT	RvY_05993-1	1	1	0	0	1	0	0	up	1	Highly Stable	Highly Stable Up	0
HT	RvY_06007-1	1	1	0	0	1	0	0	up	1	Highly Stable	Highly Stable Up	0
HT	RvY_06010-1	1	1	0	0	1	0	0	up	1	Highly Stable	Highly Stable Up	0
HT	RvY_06016-1	1	1	0	0	1	0	0	up	1	Highly Stable	Highly Stable Up	0
HT	RvY_06020-1	1	1	0	0	1	0	0	up	1	Highly Stable	Highly Stable Up	0
HT	RvY_06023	1	1	0	0	1	0	0	up	1	Highly Stable	Highly Stable Up	0
HT	RvY_06024-1	1	1	0	0	1	0	0	up	1	Highly Stable	Highly Stable Up	0
HT	RvY_06026-1	1	1	0	0	1	0	0	up	1	Highly Stable	Highly Stable Up	0
HT	RvY_06027	1	1	0	0	1	0	0	up	1	Highly Stable	Highly Stable Up	0
HT	RvY_06056-1	1	1	0	0	1	0	0	up	1	Highly Stable	Highly Stable Up	0
HT	RvY_06072	1	1	0	0	1	0	0	up	1	Highly Stable	Highly Stable Up	0
HT	RvY_06073-1	1	1	0	0	1	0	0	up	1	Highly Stable	Highly Stable Up	0
HT	RvY_06080-1	1	1	0	0	1	0	0	up	1	Highly Stable	Highly Stable Up	0
HT	RvY_06081	1	1	0	0	1	0	0	up	1	Highly Stable	Highly Stable Up	0
HT	RvY_06082-1	1	1	0	0	1	0	0	up	1	Highly Stable	Highly Stable Up	0
HT	RvY_06087-1	1	1	0	0	1	0	0	up	1	Highly Stable	Highly Stable Up	0
HT	RvY_06088-1	1	1	0	0	1	0	0	up	1	Highly Stable	Highly Stable Up	0
HT	RvY_06094-1	1	1	0	0	1	0	0	up	1	Highly Stable	Highly Stable Up	0
HT	RvY_06105	1	1	0	0	1	0	0	up	1	Highly Stable	Highly Stable Up	0
HT	RvY_06124-1	1	1	0	0	1	0	0	up	1	Highly Stable	Highly Stable Up	0
HT	RvY_06126-1	1	1	0	0	1	0	0	up	1	Highly Stable	Highly Stable Up	0
HT	RvY_06143	1	1	0	0	1	0	0	up	1	Highly Stable	Highly Stable Up	0
HT	RvY_06149	1	1	0	0	1	0	0	up	1	Highly Stable	Highly Stable Up	0
HT	RvY_06154	1	1	0	0	1	0	0	up	1	Highly Stable	Highly Stable Up	0
HT	RvY_06156-1	1	1	0	0	1	0	0	up	1	Highly Stable	Highly Stable Up	0
HT	RvY_06157-1	1	1	0	0	1	0	0	up	1	Highly Stable	Highly Stable Up	0
HT	RvY_06158	1	1	0	0	1	0	0	up	1	Highly Stable	Highly Stable Up	0
HT	RvY_06163-1	1	1	0	0	1	0	0	up	1	Highly Stable	Highly Stable Up	0
HT	RvY_06170-1	1	1	0	0	1	0	0	up	1	Highly Stable	Highly Stable Up	0
HT	RvY_06172-1	1	1	0	0	1	0	0	up	1	Highly Stable	Highly Stable Up	0
HT	RvY_06194-1	1	1	0	0	1	0	0	up	1	Highly Stable	Highly Stable Up	0
HT	RvY_06207	1	1	0	0	1	0	0	up	1	Highly Stable	Highly Stable Up	0
HT	RvY_06209	1	1	0	0	1	0	0	up	1	Highly Stable	Highly Stable Up	0
HT	RvY_06210-1	1	1	0	0	1	0	0	up	1	Highly Stable	Highly Stable Up	0
HT	RvY_06212-1	1	1	0	0	1	0	0	up	1	Highly Stable	Highly Stable Up	0
HT	RvY_06215-1	1	1	0	0	1	0	0	up	1	Highly Stable	Highly Stable Up	0
HT	RvY_06221-1	1	1	0	0	1	0	0	up	1	Highly Stable	Highly Stable Up	0
HT	RvY_06222-1	1	1	0	0	1	0	0	up	1	Highly Stable	Highly Stable Up	0
HT	RvY_06223-1	1	1	0	0	1	0	0	up	1	Highly Stable	Highly Stable Up	0
HT	RvY_06234-1	1	1	0	0	1	0	0	up	1	Highly Stable	Highly Stable Up	0
HT	RvY_06245-1	1	1	0	0	1	0	0	up	1	Highly Stable	Highly Stable Up	0
HT	RvY_06347-2	1	1	0	0	1	0	0	up	1	Highly Stable	Highly Stable Up	0
HT	RvY_06349-1	1	1	0	0	1	0	0	up	1	Highly Stable	Highly Stable Up	0
HT	RvY_06360-1	1	1	0	0	1	0	0	up	1	Highly Stable	Highly Stable Up	0
HT	RvY_06366-1	1	1	0	0	1	0	0	up	1	Highly Stable	Highly Stable Up	0
HT	RvY_06368-1	1	1	0	0	1	0	0	up	1	Highly Stable	Highly Stable Up	0
HT	RvY_06369-1	1	1	0	0	1	0	0	up	1	Highly Stable	Highly Stable Up	0
HT	RvY_06370-1	1	1	0	0	1	0	0	up	1	Highly Stable	Highly Stable Up	0
HT	RvY_06372-1	1	1	0	0	1	0	0	up	1	Highly Stable	Highly Stable Up	0
HT	RvY_06392-1	1	1	0	0	1	0	0	up	1	Highly Stable	Highly Stable Up	0
HT	RvY_06393	1	1	0	0	1	0	0	up	1	Highly Stable	Highly Stable Up	0
HT	RvY_06407-1	1	1	0	0	1	0	0	up	1	Highly Stable	Highly Stable Up	0
HT	RvY_06417-1	1	1	0	0	1	0	0	up	1	Highly Stable	Highly Stable Up	0
HT	RvY_06424-1	1	1	0	0	1	0	0	up	1	Highly Stable	Highly Stable Up	0
HT	RvY_06425-1	1	1	0	0	1	0	0	up	1	Highly Stable	Highly Stable Up	0
HT	RvY_06438-1	1	1	0	0	1	0	0	up	1	Highly Stable	Highly Stable Up	0
HT	RvY_06443-1	1	1	0	0	1	0	0	up	1	Highly Stable	Highly Stable Up	0
HT	RvY_06452-1	1	1	0	0	1	0	0	up	1	Highly Stable	Highly Stable Up	0
HT	RvY_06476	1	1	0	0	1	0	0	up	1	Highly Stable	Highly Stable Up	0
HT	RvY_06484-1	1	1	0	0	1	0	0	up	1	Highly Stable	Highly Stable Up	0
HT	RvY_06488-1	1	1	0	0	1	0	0	up	1	Highly Stable	Highly Stable Up	0
HT	RvY_06493	1	1	0	0	1	0	0	up	1	Highly Stable	Highly Stable Up	0
HT	RvY_06496-1	1	1	0	0	1	0	0	up	1	Highly Stable	Highly Stable Up	0
HT	RvY_06500-1	1	1	0	0	1	0	0	up	1	Highly Stable	Highly Stable Up	0
HT	RvY_06506-1	1	1	0	0	1	0	0	up	1	Highly Stable	Highly Stable Up	0
HT	RvY_06513-1	1	1	0	0	1	0	0	up	1	Highly Stable	Highly Stable Up	0
HT	RvY_06579-1	1	1	0	0	1	0	0	up	1	Highly Stable	Highly Stable Up	0
HT	RvY_06598-1	1	1	0	0	1	0	0	up	1	Highly Stable	Highly Stable Up	0
HT	RvY_06604-1	1	1	0	0	1	0	0	up	1	Highly Stable	Highly Stable Up	0
HT	RvY_06609-1	1	1	0	0	1	0	0	up	1	Highly Stable	Highly Stable Up	0
HT	RvY_06610-1	1	1	0	0	1	0	0	up	1	Highly Stable	Highly Stable Up	0
HT	RvY_06614-1	1	1	0	0	1	0	0	up	1	Highly Stable	Highly Stable Up	0
HT	RvY_06633-1	1	1	0	0	1	0	0	up	1	Highly Stable	Highly Stable Up	0
HT	RvY_06656-1	1	1	0	0	1	0	0	up	1	Highly Stable	Highly Stable Up	0
HT	RvY_06663-1	1	1	0	0	1	0	0	up	1	Highly Stable	Highly Stable Up	0
HT	RvY_06665-1	1	1	0	0	1	0	0	up	1	Highly Stable	Highly Stable Up	0
HT	RvY_06696	1	1	0	0	1	0	0	up	1	Highly Stable	Highly Stable Up	0
HT	RvY_06697-1	1	1	0	0	1	0	0	up	1	Highly Stable	Highly Stable Up	0
HT	RvY_06712-1	1	1	0	0	1	0	0	up	1	Highly Stable	Highly Stable Up	0
HT	RvY_06713-1	1	1	0	0	1	0	0	up	1	Highly Stable	Highly Stable Up	0
HT	RvY_06719	1	1	0	0	1	0	0	up	1	Highly Stable	Highly Stable Up	0
HT	RvY_06726	1	1	0	0	1	0	0	up	1	Highly Stable	Highly Stable Up	0
HT	RvY_06743-1	1	1	0	0	1	0	0	up	1	Highly Stable	Highly Stable Up	0
HT	RvY_06747-1	1	1	0	0	1	0	0	up	1	Highly Stable	Highly Stable Up	0
HT	RvY_06754-1	1	1	0	0	1	0	0	up	1	Highly Stable	Highly Stable Up	0
HT	RvY_06798-1	1	1	0	0	1	0	0	up	1	Highly Stable	Highly Stable Up	0
HT	RvY_06802-1	1	1	0	0	1	0	0	up	1	Highly Stable	Highly Stable Up	0
HT	RvY_06815-2	1	1	0	0	1	0	0	up	1	Highly Stable	Highly Stable Up	0
HT	RvY_06826-1	1	1	0	0	1	0	0	up	1	Highly Stable	Highly Stable Up	0
HT	RvY_06828-1	1	1	0	0	1	0	0	up	1	Highly Stable	Highly Stable Up	0
HT	RvY_06835	1	1	0	0	1	0	0	up	1	Highly Stable	Highly Stable Up	0
HT	RvY_06840-1	1	1	0	0	1	0	0	up	1	Highly Stable	Highly Stable Up	0
HT	RvY_06845-1	1	1	0	0	1	0	0	up	1	Highly Stable	Highly Stable Up	0
HT	RvY_06867-1	1	1	0	0	1	0	0	up	1	Highly Stable	Highly Stable Up	0
HT	RvY_06870	1	1	0	0	1	0	0	up	1	Highly Stable	Highly Stable Up	0
HT	RvY_06905-1	1	1	0	0	1	0	0	up	1	Highly Stable	Highly Stable Up	0
HT	RvY_06919-1	1	1	0	0	1	0	0	up	1	Highly Stable	Highly Stable Up	0
HT	RvY_06920-1	1	1	0	0	1	0	0	up	1	Highly Stable	Highly Stable Up	0
HT	RvY_06941	1	1	0	0	1	0	0	up	1	Highly Stable	Highly Stable Up	0
HT	RvY_06953-1	1	1	0	0	1	0	0	up	1	Highly Stable	Highly Stable Up	0
HT	RvY_06954-1	1	1	0	0	1	0	0	up	1	Highly Stable	Highly Stable Up	0
HT	RvY_06955-1	1	1	0	0	1	0	0	up	1	Highly Stable	Highly Stable Up	0
HT	RvY_06957	1	1	0	0	1	0	0	up	1	Highly Stable	Highly Stable Up	0
HT	RvY_06960	1	1	0	0	1	0	0	up	1	Highly Stable	Highly Stable Up	0
HT	RvY_06961-1	1	1	0	0	1	0	0	up	1	Highly Stable	Highly Stable Up	0
HT	RvY_06974-1	1	1	0	0	1	0	0	up	1	Highly Stable	Highly Stable Up	0
HT	RvY_06977-1	1	1	0	0	1	0	0	up	1	Highly Stable	Highly Stable Up	0
HT	RvY_06978-1	1	1	0	0	1	0	0	up	1	Highly Stable	Highly Stable Up	0
HT	RvY_06979-1	1	1	0	0	1	0	0	up	1	Highly Stable	Highly Stable Up	0
HT	RvY_07004-1	1	1	0	0	1	0	0	up	1	Highly Stable	Highly Stable Up	0
HT	RvY_07005-1	1	1	0	0	1	0	0	up	1	Highly Stable	Highly Stable Up	0
HT	RvY_07006	1	1	0	0	1	0	0	up	1	Highly Stable	Highly Stable Up	0
HT	RvY_07014-1	1	1	0	0	1	0	0	up	1	Highly Stable	Highly Stable Up	0
HT	RvY_07023-1	1	1	0	0	1	0	0	up	1	Highly Stable	Highly Stable Up	0
HT	RvY_07050-1	1	1	0	0	1	0	0	up	1	Highly Stable	Highly Stable Up	0
HT	RvY_07053	1	1	0	0	1	0	0	up	1	Highly Stable	Highly Stable Up	0
HT	RvY_07059-1	1	1	0	0	1	0	0	up	1	Highly Stable	Highly Stable Up	0
HT	RvY_07064-1	1	1	0	0	1	0	0	up	1	Highly Stable	Highly Stable Up	0
HT	RvY_07069-1	1	1	0	0	1	0	0	up	1	Highly Stable	Highly Stable Up	0
HT	RvY_07070	1	1	0	0	1	0	0	up	1	Highly Stable	Highly Stable Up	0
HT	RvY_07075-1	1	1	0	0	1	0	0	up	1	Highly Stable	Highly Stable Up	0
HT	RvY_07078-1	1	1	0	0	1	0	0	up	1	Highly Stable	Highly Stable Up	0
HT	RvY_07086-1	1	1	0	0	1	0	0	up	1	Highly Stable	Highly Stable Up	0
HT	RvY_07088-1	1	1	0	0	1	0	0	up	1	Highly Stable	Highly Stable Up	0
HT	RvY_07090-1	1	1	0	0	1	0	0	up	1	Highly Stable	Highly Stable Up	0
HT	RvY_07105	1	1	0	0	1	0	0	up	1	Highly Stable	Highly Stable Up	0
HT	RvY_07110	1	1	0	0	1	0	0	up	1	Highly Stable	Highly Stable Up	0
HT	RvY_07128	1	1	0	0	1	0	0	up	1	Highly Stable	Highly Stable Up	0
HT	RvY_07136-1	1	1	0	0	1	0	0	up	1	Highly Stable	Highly Stable Up	0
HT	RvY_07138-1	1	1	0	0	1	0	0	up	1	Highly Stable	Highly Stable Up	0
HT	RvY_07146-1	1	1	0	0	1	0	0	up	1	Highly Stable	Highly Stable Up	0
HT	RvY_07148-1	1	1	0	0	1	0	0	up	1	Highly Stable	Highly Stable Up	0
HT	RvY_07153-1	1	1	0	0	1	0	0	up	1	Highly Stable	Highly Stable Up	0
HT	RvY_07155-1	1	1	0	0	1	0	0	up	1	Highly Stable	Highly Stable Up	0
HT	RvY_07159-1	1	1	0	0	1	0	0	up	1	Highly Stable	Highly Stable Up	0
HT	RvY_07174-1	1	1	0	0	1	0	0	up	1	Highly Stable	Highly Stable Up	0
HT	RvY_07178-1	1	1	0	0	1	0	0	up	1	Highly Stable	Highly Stable Up	0
HT	RvY_07205-1	1	1	0	0	1	0	0	up	1	Highly Stable	Highly Stable Up	0
HT	RvY_07206-1	1	1	0	0	1	0	0	up	1	Highly Stable	Highly Stable Up	0
HT	RvY_07213-1	1	1	0	0	1	0	0	up	1	Highly Stable	Highly Stable Up	0
HT	RvY_07215-1	1	1	0	0	1	0	0	up	1	Highly Stable	Highly Stable Up	0
HT	RvY_07224-1	1	1	0	0	1	0	0	up	1	Highly Stable	Highly Stable Up	0
HT	RvY_07231-1	1	1	0	0	1	0	0	up	1	Highly Stable	Highly Stable Up	0
HT	RvY_07236-1	1	1	0	0	1	0	0	up	1	Highly Stable	Highly Stable Up	0
HT	RvY_07246-1	1	1	0	0	1	0	0	up	1	Highly Stable	Highly Stable Up	0
HT	RvY_07251-1	1	1	0	0	1	0	0	up	1	Highly Stable	Highly Stable Up	0
HT	RvY_07262	1	1	0	0	1	0	0	up	1	Highly Stable	Highly Stable Up	0
HT	RvY_07265	1	1	0	0	1	0	0	up	1	Highly Stable	Highly Stable Up	0
HT	RvY_07276-1	1	1	0	0	1	0	0	up	1	Highly Stable	Highly Stable Up	0
HT	RvY_07279	1	1	0	0	1	0	0	up	1	Highly Stable	Highly Stable Up	0
HT	RvY_07286-1	1	1	0	0	1	0	0	up	1	Highly Stable	Highly Stable Up	0
HT	RvY_07287	1	1	0	0	1	0	0	up	1	Highly Stable	Highly Stable Up	0
HT	RvY_07294-1	1	1	0	0	1	0	0	up	1	Highly Stable	Highly Stable Up	0
HT	RvY_07299	1	1	0	0	1	0	0	up	1	Highly Stable	Highly Stable Up	0
HT	RvY_07332-1	1	1	0	0	1	0	0	up	1	Highly Stable	Highly Stable Up	0
HT	RvY_07338-1	1	1	0	0	1	0	0	up	1	Highly Stable	Highly Stable Up	0
HT	RvY_07339-1	1	1	0	0	1	0	0	up	1	Highly Stable	Highly Stable Up	0
HT	RvY_07343-1	1	1	0	0	1	0	0	up	1	Highly Stable	Highly Stable Up	0
HT	RvY_07347-1	1	1	0	0	1	0	0	up	1	Highly Stable	Highly Stable Up	0
HT	RvY_07348-1	1	1	0	0	1	0	0	up	1	Highly Stable	Highly Stable Up	0
HT	RvY_07361-1	1	1	0	0	1	0	0	up	1	Highly Stable	Highly Stable Up	0
HT	RvY_07365-1	1	1	0	0	1	0	0	up	1	Highly Stable	Highly Stable Up	0
HT	RvY_07367-1	1	1	0	0	1	0	0	up	1	Highly Stable	Highly Stable Up	0
HT	RvY_07376-1	1	1	0	0	1	0	0	up	1	Highly Stable	Highly Stable Up	0
HT	RvY_07400-1	1	1	0	0	1	0	0	up	1	Highly Stable	Highly Stable Up	0
HT	RvY_07401-1	1	1	0	0	1	0	0	up	1	Highly Stable	Highly Stable Up	0
HT	RvY_07424-1	1	1	0	0	1	0	0	up	1	Highly Stable	Highly Stable Up	0
HT	RvY_07426-1	1	1	0	0	1	0	0	up	1	Highly Stable	Highly Stable Up	0
HT	RvY_07428-1	1	1	0	0	1	0	0	up	1	Highly Stable	Highly Stable Up	0
HT	RvY_07431	1	1	0	0	1	0	0	up	1	Highly Stable	Highly Stable Up	0
HT	RvY_07434	1	1	0	0	1	0	0	up	1	Highly Stable	Highly Stable Up	0
HT	RvY_07435-1	1	1	0	0	1	0	0	up	1	Highly Stable	Highly Stable Up	0
HT	RvY_07444-1	1	1	0	0	1	0	0	up	1	Highly Stable	Highly Stable Up	0
HT	RvY_07462	1	1	0	0	1	0	0	up	1	Highly Stable	Highly Stable Up	0
HT	RvY_07463-1	1	1	0	0	1	0	0	up	1	Highly Stable	Highly Stable Up	0
HT	RvY_07466-1	1	1	0	0	1	0	0	up	1	Highly Stable	Highly Stable Up	0
HT	RvY_07467-1	1	1	0	0	1	0	0	up	1	Highly Stable	Highly Stable Up	0
HT	RvY_07468-1	1	1	0	0	1	0	0	up	1	Highly Stable	Highly Stable Up	0
HT	RvY_07471-1	1	1	0	0	1	0	0	up	1	Highly Stable	Highly Stable Up	0
HT	RvY_07472-1	1	1	0	0	1	0	0	up	1	Highly Stable	Highly Stable Up	0
HT	RvY_07473	1	1	0	0	1	0	0	up	1	Highly Stable	Highly Stable Up	0
HT	RvY_07478-1	1	1	0	0	1	0	0	up	1	Highly Stable	Highly Stable Up	0
HT	RvY_07487-1	1	1	0	0	1	0	0	up	1	Highly Stable	Highly Stable Up	0
HT	RvY_07490-1	1	1	0	0	1	0	0	up	1	Highly Stable	Highly Stable Up	0
HT	RvY_07505-1	1	1	0	0	1	0	0	up	1	Highly Stable	Highly Stable Up	0
HT	RvY_07506-1	1	1	0	0	1	0	0	up	1	Highly Stable	Highly Stable Up	0
HT	RvY_07507	1	1	0	0	1	0	0	up	1	Highly Stable	Highly Stable Up	0
HT	RvY_07508-1	1	1	0	0	1	0	0	up	1	Highly Stable	Highly Stable Up	0
HT	RvY_07510-1	1	1	0	0	1	0	0	up	1	Highly Stable	Highly Stable Up	0
HT	RvY_07517-1	1	1	0	0	1	0	0	up	1	Highly Stable	Highly Stable Up	0
HT	RvY_07518-1	1	1	0	0	1	0	0	up	1	Highly Stable	Highly Stable Up	0
HT	RvY_07520-1	1	1	0	0	1	0	0	up	1	Highly Stable	Highly Stable Up	0
HT	RvY_07521	1	1	0	0	1	0	0	up	1	Highly Stable	Highly Stable Up	0
HT	RvY_07522	1	1	0	0	1	0	0	up	1	Highly Stable	Highly Stable Up	0
HT	RvY_07531-1	1	1	0	0	1	0	0	up	1	Highly Stable	Highly Stable Up	0
HT	RvY_07533-1	1	1	0	0	1	0	0	up	1	Highly Stable	Highly Stable Up	0
HT	RvY_07541-1	1	1	0	0	1	0	0	up	1	Highly Stable	Highly Stable Up	0
HT	RvY_07559-1	1	1	0	0	1	0	0	up	1	Highly Stable	Highly Stable Up	0
HT	RvY_07577-1	1	1	0	0	1	0	0	up	1	Highly Stable	Highly Stable Up	0
HT	RvY_07578-1	1	1	0	0	1	0	0	up	1	Highly Stable	Highly Stable Up	0
HT	RvY_07584-1	1	1	0	0	1	0	0	up	1	Highly Stable	Highly Stable Up	0
HT	RvY_07600-1	1	1	0	0	1	0	0	up	1	Highly Stable	Highly Stable Up	0
HT	RvY_07602-1	1	1	0	0	1	0	0	up	1	Highly Stable	Highly Stable Up	0
HT	RvY_07608-1	1	1	0	0	1	0	0	up	1	Highly Stable	Highly Stable Up	0
HT	RvY_07610-1	1	1	0	0	1	0	0	up	1	Highly Stable	Highly Stable Up	0
HT	RvY_07623-1	1	1	0	0	1	0	0	up	1	Highly Stable	Highly Stable Up	0
HT	RvY_07624-1	1	1	0	0	1	0	0	up	1	Highly Stable	Highly Stable Up	0
HT	RvY_07633-1	1	1	0	0	1	0	0	up	1	Highly Stable	Highly Stable Up	0
HT	RvY_07673-1	1	1	0	0	1	0	0	up	1	Highly Stable	Highly Stable Up	0
HT	RvY_07681-1	1	1	0	0	1	0	0	up	1	Highly Stable	Highly Stable Up	0
HT	RvY_07684-1	1	1	0	0	1	0	0	up	1	Highly Stable	Highly Stable Up	0
HT	RvY_07692-1	1	1	0	0	1	0	0	up	1	Highly Stable	Highly Stable Up	0
HT	RvY_07720-1	1	1	0	0	1	0	0	up	1	Highly Stable	Highly Stable Up	0
HT	RvY_07727	1	1	0	0	1	0	0	up	1	Highly Stable	Highly Stable Up	0
HT	RvY_07730-1	1	1	0	0	1	0	0	up	1	Highly Stable	Highly Stable Up	0
HT	RvY_07734-1	1	1	0	0	1	0	0	up	1	Highly Stable	Highly Stable Up	0
HT	RvY_07735-1	1	1	0	0	1	0	0	up	1	Highly Stable	Highly Stable Up	0
HT	RvY_07742-1	1	1	0	0	1	0	0	up	1	Highly Stable	Highly Stable Up	0
HT	RvY_07744-1	1	1	0	0	1	0	0	up	1	Highly Stable	Highly Stable Up	0
HT	RvY_07749-1	1	1	0	0	1	0	0	up	1	Highly Stable	Highly Stable Up	0
HT	RvY_07755-1	1	1	0	0	1	0	0	up	1	Highly Stable	Highly Stable Up	0
HT	RvY_07757-1	1	1	0	0	1	0	0	up	1	Highly Stable	Highly Stable Up	0
HT	RvY_07761-1	1	1	0	0	1	0	0	up	1	Highly Stable	Highly Stable Up	0
HT	RvY_07766-1	1	1	0	0	1	0	0	up	1	Highly Stable	Highly Stable Up	0
HT	RvY_07767-1	1	1	0	0	1	0	0	up	1	Highly Stable	Highly Stable Up	0
HT	RvY_07778-1	1	1	0	0	1	0	0	up	1	Highly Stable	Highly Stable Up	0
HT	RvY_07793	1	1	0	0	1	0	0	up	1	Highly Stable	Highly Stable Up	0
HT	RvY_07797-1	1	1	0	0	1	0	0	up	1	Highly Stable	Highly Stable Up	0
HT	RvY_07803-1	1	1	0	0	1	0	0	up	1	Highly Stable	Highly Stable Up	0
HT	RvY_07804-1	1	1	0	0	1	0	0	up	1	Highly Stable	Highly Stable Up	0
HT	RvY_07808-1	1	1	0	0	1	0	0	up	1	Highly Stable	Highly Stable Up	0
HT	RvY_07812-1	1	1	0	0	1	0	0	up	1	Highly Stable	Highly Stable Up	0
HT	RvY_07813-1	1	1	0	0	1	0	0	up	1	Highly Stable	Highly Stable Up	0
HT	RvY_07842-1	1	1	0	0	1	0	0	up	1	Highly Stable	Highly Stable Up	0
HT	RvY_07843-1	1	1	0	0	1	0	0	up	1	Highly Stable	Highly Stable Up	0
HT	RvY_07848-1	1	1	0	0	1	0	0	up	1	Highly Stable	Highly Stable Up	0
HT	RvY_07869	1	1	0	0	1	0	0	up	1	Highly Stable	Highly Stable Up	0
HT	RvY_07888	1	1	0	0	1	0	0	up	1	Highly Stable	Highly Stable Up	0
HT	RvY_07892-1	1	1	0	0	1	0	0	up	1	Highly Stable	Highly Stable Up	0
HT	RvY_07918-1	1	1	0	0	1	0	0	up	1	Highly Stable	Highly Stable Up	0
HT	RvY_07919-1	1	1	0	0	1	0	0	up	1	Highly Stable	Highly Stable Up	0
HT	RvY_07920	1	1	0	0	1	0	0	up	1	Highly Stable	Highly Stable Up	0
HT	RvY_07934-1	1	1	0	0	1	0	0	up	1	Highly Stable	Highly Stable Up	0
HT	RvY_07936-1	1	1	0	0	1	0	0	up	1	Highly Stable	Highly Stable Up	0
HT	RvY_07937-1	1	1	0	0	1	0	0	up	1	Highly Stable	Highly Stable Up	0
HT	RvY_07939-1	1	1	0	0	1	0	0	up	1	Highly Stable	Highly Stable Up	0
HT	RvY_07945-1	1	1	0	0	1	0	0	up	1	Highly Stable	Highly Stable Up	0
HT	RvY_07948-1	1	1	0	0	1	0	0	up	1	Highly Stable	Highly Stable Up	0
HT	RvY_07951-1	1	1	0	0	1	0	0	up	1	Highly Stable	Highly Stable Up	0
HT	RvY_07952-1	1	1	0	0	1	0	0	up	1	Highly Stable	Highly Stable Up	0
HT	RvY_07953-1	1	1	0	0	1	0	0	up	1	Highly Stable	Highly Stable Up	0
HT	RvY_07957-1	1	1	0	0	1	0	0	up	1	Highly Stable	Highly Stable Up	0
HT	RvY_07963-1	1	1	0	0	1	0	0	up	1	Highly Stable	Highly Stable Up	0
HT	RvY_07971-1	1	1	0	0	1	0	0	up	1	Highly Stable	Highly Stable Up	0
HT	RvY_07976-1	1	1	0	0	1	0	0	up	1	Highly Stable	Highly Stable Up	0
HT	RvY_07977-1	1	1	0	0	1	0	0	up	1	Highly Stable	Highly Stable Up	0
HT	RvY_07978-1	1	1	0	0	1	0	0	up	1	Highly Stable	Highly Stable Up	0
HT	RvY_07982-1	1	1	0	0	1	0	0	up	1	Highly Stable	Highly Stable Up	0
HT	RvY_07990-1	1	1	0	0	1	0	0	up	1	Highly Stable	Highly Stable Up	0
HT	RvY_07997-1	1	1	0	0	1	0	0	up	1	Highly Stable	Highly Stable Up	0
HT	RvY_07998	1	1	0	0	1	0	0	up	1	Highly Stable	Highly Stable Up	0
HT	RvY_08000-1	1	1	0	0	1	0	0	up	1	Highly Stable	Highly Stable Up	0
HT	RvY_08001-1	1	1	0	0	1	0	0	up	1	Highly Stable	Highly Stable Up	0
HT	RvY_08003-1	1	1	0	0	1	0	0	up	1	Highly Stable	Highly Stable Up	0
HT	RvY_08006-1	1	1	0	0	1	0	0	up	1	Highly Stable	Highly Stable Up	0
HT	RvY_08007-1	1	1	0	0	1	0	0	up	1	Highly Stable	Highly Stable Up	0
HT	RvY_08010-1	1	1	0	0	1	0	0	up	1	Highly Stable	Highly Stable Up	0
HT	RvY_08060	1	1	0	0	1	0	0	up	1	Highly Stable	Highly Stable Up	0
HT	RvY_08064-1	1	1	0	0	1	0	0	up	1	Highly Stable	Highly Stable Up	0
HT	RvY_08065-1	1	1	0	0	1	0	0	up	1	Highly Stable	Highly Stable Up	0
HT	RvY_08066-1	1	1	0	0	1	0	0	up	1	Highly Stable	Highly Stable Up	0
HT	RvY_08067-1	1	1	0	0	1	0	0	up	1	Highly Stable	Highly Stable Up	0
HT	RvY_08068-1	1	1	0	0	1	0	0	up	1	Highly Stable	Highly Stable Up	0
HT	RvY_08071-1	1	1	0	0	1	0	0	up	1	Highly Stable	Highly Stable Up	0
HT	RvY_08082-1	1	1	0	0	1	0	0	up	1	Highly Stable	Highly Stable Up	0
HT	RvY_08084-1	1	1	0	0	1	0	0	up	1	Highly Stable	Highly Stable Up	0
HT	RvY_08087	1	1	0	0	1	0	0	up	1	Highly Stable	Highly Stable Up	0
HT	RvY_08088-1	1	1	0	0	1	0	0	up	1	Highly Stable	Highly Stable Up	0
HT	RvY_08090-1	1	1	0	0	1	0	0	up	1	Highly Stable	Highly Stable Up	0
HT	RvY_08091	1	1	0	0	1	0	0	up	1	Highly Stable	Highly Stable Up	0
HT	RvY_08099-1	1	1	0	0	1	0	0	up	1	Highly Stable	Highly Stable Up	0
HT	RvY_08101-1	1	1	0	0	1	0	0	up	1	Highly Stable	Highly Stable Up	0
HT	RvY_08106-1	1	1	0	0	1	0	0	up	1	Highly Stable	Highly Stable Up	0
HT	RvY_08107-1	1	1	0	0	1	0	0	up	1	Highly Stable	Highly Stable Up	0
HT	RvY_08108-1	1	1	0	0	1	0	0	up	1	Highly Stable	Highly Stable Up	0
HT	RvY_08116	1	1	0	0	1	0	0	up	1	Highly Stable	Highly Stable Up	0
HT	RvY_08119-1	1	1	0	0	1	0	0	up	1	Highly Stable	Highly Stable Up	0
HT	RvY_08120-1	1	1	0	0	1	0	0	up	1	Highly Stable	Highly Stable Up	0
HT	RvY_08122-1	1	1	0	0	1	0	0	up	1	Highly Stable	Highly Stable Up	0
HT	RvY_08126-1	1	1	0	0	1	0	0	up	1	Highly Stable	Highly Stable Up	0
HT	RvY_08136-1	1	1	0	0	1	0	0	up	1	Highly Stable	Highly Stable Up	0
HT	RvY_08137-1	1	1	0	0	1	0	0	up	1	Highly Stable	Highly Stable Up	0
HT	RvY_08176-1	1	1	0	0	1	0	0	up	1	Highly Stable	Highly Stable Up	0
HT	RvY_08177-1	1	1	0	0	1	0	0	up	1	Highly Stable	Highly Stable Up	0
HT	RvY_08207	1	1	0	0	1	0	0	up	1	Highly Stable	Highly Stable Up	0
HT	RvY_08208-1	1	1	0	0	1	0	0	up	1	Highly Stable	Highly Stable Up	0
HT	RvY_08211-1	1	1	0	0	1	0	0	up	1	Highly Stable	Highly Stable Up	0
HT	RvY_08220-1	1	1	0	0	1	0	0	up	1	Highly Stable	Highly Stable Up	0
HT	RvY_08224-1	1	1	0	0	1	0	0	up	1	Highly Stable	Highly Stable Up	0
HT	RvY_08226-1	1	1	0	0	1	0	0	up	1	Highly Stable	Highly Stable Up	0
HT	RvY_08230-1	1	1	0	0	1	0	0	up	1	Highly Stable	Highly Stable Up	0
HT	RvY_08232	1	1	0	0	1	0	0	up	1	Highly Stable	Highly Stable Up	0
HT	RvY_08236-1	1	1	0	0	1	0	0	up	1	Highly Stable	Highly Stable Up	0
HT	RvY_08251-1	1	1	0	0	1	0	0	up	1	Highly Stable	Highly Stable Up	0
HT	RvY_08253	1	1	0	0	1	0	0	up	1	Highly Stable	Highly Stable Up	0
HT	RvY_08255	1	1	0	0	1	0	0	up	1	Highly Stable	Highly Stable Up	0
HT	RvY_08273-1	1	1	0	0	1	0	0	up	1	Highly Stable	Highly Stable Up	0
HT	RvY_08274-1	1	1	0	0	1	0	0	up	1	Highly Stable	Highly Stable Up	0
HT	RvY_08306	1	1	0	0	1	0	0	up	1	Highly Stable	Highly Stable Up	0
HT	RvY_08320-1	1	1	0	0	1	0	0	up	1	Highly Stable	Highly Stable Up	0
HT	RvY_08323-1	1	1	0	0	1	0	0	up	1	Highly Stable	Highly Stable Up	0
HT	RvY_08351-1	1	1	0	0	1	0	0	up	1	Highly Stable	Highly Stable Up	0
HT	RvY_08352-1	1	1	0	0	1	0	0	up	1	Highly Stable	Highly Stable Up	0
HT	RvY_08353-1	1	1	0	0	1	0	0	up	1	Highly Stable	Highly Stable Up	0
HT	RvY_08423-1	1	1	0	0	1	0	0	up	1	Highly Stable	Highly Stable Up	0
HT	RvY_08438-1	1	1	0	0	1	0	0	up	1	Highly Stable	Highly Stable Up	0
HT	RvY_08448	1	1	0	0	1	0	0	up	1	Highly Stable	Highly Stable Up	0
HT	RvY_08453-1	1	1	0	0	1	0	0	up	1	Highly Stable	Highly Stable Up	0
HT	RvY_08455-1	1	1	0	0	1	0	0	up	1	Highly Stable	Highly Stable Up	0
HT	RvY_08458-1	1	1	0	0	1	0	0	up	1	Highly Stable	Highly Stable Up	0
HT	RvY_08464-1	1	1	0	0	1	0	0	up	1	Highly Stable	Highly Stable Up	0
HT	RvY_08486-1	1	1	0	0	1	0	0	up	1	Highly Stable	Highly Stable Up	0
HT	RvY_08510-1	1	1	0	0	1	0	0	up	1	Highly Stable	Highly Stable Up	0
HT	RvY_08529-1	1	1	0	0	1	0	0	up	1	Highly Stable	Highly Stable Up	0
HT	RvY_08530-1	1	1	0	0	1	0	0	up	1	Highly Stable	Highly Stable Up	0
HT	RvY_08561	1	1	0	0	1	0	0	up	1	Highly Stable	Highly Stable Up	0
HT	RvY_08562-1	1	1	0	0	1	0	0	up	1	Highly Stable	Highly Stable Up	0
HT	RvY_08563-1	1	1	0	0	1	0	0	up	1	Highly Stable	Highly Stable Up	0
HT	RvY_08564-1	1	1	0	0	1	0	0	up	1	Highly Stable	Highly Stable Up	0
HT	RvY_08565-1	1	1	0	0	1	0	0	up	1	Highly Stable	Highly Stable Up	0
HT	RvY_08595-1	1	1	0	0	1	0	0	up	1	Highly Stable	Highly Stable Up	0
HT	RvY_08599-1	1	1	0	0	1	0	0	up	1	Highly Stable	Highly Stable Up	0
HT	RvY_08600-1	1	1	0	0	1	0	0	up	1	Highly Stable	Highly Stable Up	0
HT	RvY_08601-1	1	1	0	0	1	0	0	up	1	Highly Stable	Highly Stable Up	0
HT	RvY_08607	1	1	0	0	1	0	0	up	1	Highly Stable	Highly Stable Up	0
HT	RvY_08611-1	1	1	0	0	1	0	0	up	1	Highly Stable	Highly Stable Up	0
HT	RvY_08621-1	1	1	0	0	1	0	0	up	1	Highly Stable	Highly Stable Up	0
HT	RvY_08629-1	1	1	0	0	1	0	0	up	1	Highly Stable	Highly Stable Up	0
HT	RvY_08634	1	1	0	0	1	0	0	up	1	Highly Stable	Highly Stable Up	0
HT	RvY_08653-1	1	1	0	0	1	0	0	up	1	Highly Stable	Highly Stable Up	0
HT	RvY_08662	1	1	0	0	1	0	0	up	1	Highly Stable	Highly Stable Up	0
HT	RvY_08663-1	1	1	0	0	1	0	0	up	1	Highly Stable	Highly Stable Up	0
HT	RvY_08665-1	1	1	0	0	1	0	0	up	1	Highly Stable	Highly Stable Up	0
HT	RvY_08670	1	1	0	0	1	0	0	up	1	Highly Stable	Highly Stable Up	0
HT	RvY_08676-1	1	1	0	0	1	0	0	up	1	Highly Stable	Highly Stable Up	0
HT	RvY_08681-1	1	1	0	0	1	0	0	up	1	Highly Stable	Highly Stable Up	0
HT	RvY_08689-1	1	1	0	0	1	0	0	up	1	Highly Stable	Highly Stable Up	0
HT	RvY_08696	1	1	0	0	1	0	0	up	1	Highly Stable	Highly Stable Up	0
HT	RvY_08697-1	1	1	0	0	1	0	0	up	1	Highly Stable	Highly Stable Up	0
HT	RvY_08700-1	1	1	0	0	1	0	0	up	1	Highly Stable	Highly Stable Up	0
HT	RvY_08701-1	1	1	0	0	1	0	0	up	1	Highly Stable	Highly Stable Up	0
HT	RvY_08724	1	1	0	0	1	0	0	up	1	Highly Stable	Highly Stable Up	0
HT	RvY_08731	1	1	0	0	1	0	0	up	1	Highly Stable	Highly Stable Up	0
HT	RvY_08732	1	1	0	0	1	0	0	up	1	Highly Stable	Highly Stable Up	0
HT	RvY_08733-1	1	1	0	0	1	0	0	up	1	Highly Stable	Highly Stable Up	0
HT	RvY_08734-1	1	1	0	0	1	0	0	up	1	Highly Stable	Highly Stable Up	0
HT	RvY_08735	1	1	0	0	1	0	0	up	1	Highly Stable	Highly Stable Up	0
HT	RvY_08738-1	1	1	0	0	1	0	0	up	1	Highly Stable	Highly Stable Up	0
HT	RvY_08739-1	1	1	0	0	1	0	0	up	1	Highly Stable	Highly Stable Up	0
HT	RvY_08748-1	1	1	0	0	1	0	0	up	1	Highly Stable	Highly Stable Up	0
HT	RvY_08750	1	1	0	0	1	0	0	up	1	Highly Stable	Highly Stable Up	0
HT	RvY_08756-1	1	1	0	0	1	0	0	up	1	Highly Stable	Highly Stable Up	0
HT	RvY_08787-1	1	1	0	0	1	0	0	up	1	Highly Stable	Highly Stable Up	0
HT	RvY_08799	1	1	0	0	1	0	0	up	1	Highly Stable	Highly Stable Up	0
HT	RvY_08800-1	1	1	0	0	1	0	0	up	1	Highly Stable	Highly Stable Up	0
HT	RvY_08801-1	1	1	0	0	1	0	0	up	1	Highly Stable	Highly Stable Up	0
HT	RvY_08806-1	1	1	0	0	1	0	0	up	1	Highly Stable	Highly Stable Up	0
HT	RvY_08808	1	1	0	0	1	0	0	up	1	Highly Stable	Highly Stable Up	0
HT	RvY_08814-1	1	1	0	0	1	0	0	up	1	Highly Stable	Highly Stable Up	0
HT	RvY_08815-1	1	1	0	0	1	0	0	up	1	Highly Stable	Highly Stable Up	0
HT	RvY_08817-1	1	1	0	0	1	0	0	up	1	Highly Stable	Highly Stable Up	0
HT	RvY_08819-1	1	1	0	0	1	0	0	up	1	Highly Stable	Highly Stable Up	0
HT	RvY_08821-1	1	1	0	0	1	0	0	up	1	Highly Stable	Highly Stable Up	0
HT	RvY_08823-1	1	1	0	0	1	0	0	up	1	Highly Stable	Highly Stable Up	0
HT	RvY_08824-1	1	1	0	0	1	0	0	up	1	Highly Stable	Highly Stable Up	0
HT	RvY_08826-1	1	1	0	0	1	0	0	up	1	Highly Stable	Highly Stable Up	0
HT	RvY_08827-1	1	1	0	0	1	0	0	up	1	Highly Stable	Highly Stable Up	0
HT	RvY_08832-1	1	1	0	0	1	0	0	up	1	Highly Stable	Highly Stable Up	0
HT	RvY_08835-1	1	1	0	0	1	0	0	up	1	Highly Stable	Highly Stable Up	0
HT	RvY_08868-1	1	1	0	0	1	0	0	up	1	Highly Stable	Highly Stable Up	0
HT	RvY_08906-1	1	1	0	0	1	0	0	up	1	Highly Stable	Highly Stable Up	0
HT	RvY_08922-1	1	1	0	0	1	0	0	up	1	Highly Stable	Highly Stable Up	0
HT	RvY_08923	1	1	0	0	1	0	0	up	1	Highly Stable	Highly Stable Up	0
HT	RvY_08938-1	1	1	0	0	1	0	0	up	1	Highly Stable	Highly Stable Up	0
HT	RvY_08939-1	1	1	0	0	1	0	0	up	1	Highly Stable	Highly Stable Up	0
HT	RvY_08958-1	1	1	0	0	1	0	0	up	1	Highly Stable	Highly Stable Up	0
HT	RvY_08967-1	1	1	0	0	1	0	0	up	1	Highly Stable	Highly Stable Up	0
HT	RvY_08990	1	1	0	0	1	0	0	up	1	Highly Stable	Highly Stable Up	0
HT	RvY_08992-1	1	1	0	0	1	0	0	up	1	Highly Stable	Highly Stable Up	0
HT	RvY_08993-1	1	1	0	0	1	0	0	up	1	Highly Stable	Highly Stable Up	0
HT	RvY_08995-1	1	1	0	0	1	0	0	up	1	Highly Stable	Highly Stable Up	0
HT	RvY_09007-1	1	1	0	0	1	0	0	up	1	Highly Stable	Highly Stable Up	0
HT	RvY_09022-1	1	1	0	0	1	0	0	up	1	Highly Stable	Highly Stable Up	0
HT	RvY_09028-1	1	1	0	0	1	0	0	up	1	Highly Stable	Highly Stable Up	0
HT	RvY_09036	1	1	0	0	1	0	0	up	1	Highly Stable	Highly Stable Up	0
HT	RvY_09045-1	1	1	0	0	1	0	0	up	1	Highly Stable	Highly Stable Up	0
HT	RvY_09046-1	1	1	0	0	1	0	0	up	1	Highly Stable	Highly Stable Up	0
HT	RvY_09049-1	1	1	0	0	1	0	0	up	1	Highly Stable	Highly Stable Up	0
HT	RvY_09050-1	1	1	0	0	1	0	0	up	1	Highly Stable	Highly Stable Up	0
HT	RvY_09051-1	1	1	0	0	1	0	0	up	1	Highly Stable	Highly Stable Up	0
HT	RvY_09055	1	1	0	0	1	0	0	up	1	Highly Stable	Highly Stable Up	0
HT	RvY_09056-1	1	1	0	0	1	0	0	up	1	Highly Stable	Highly Stable Up	0
HT	RvY_09057-1	1	1	0	0	1	0	0	up	1	Highly Stable	Highly Stable Up	0
HT	RvY_09065-1	1	1	0	0	1	0	0	up	1	Highly Stable	Highly Stable Up	0
HT	RvY_09079-1	1	1	0	0	1	0	0	up	1	Highly Stable	Highly Stable Up	0
HT	RvY_09092-1	1	1	0	0	1	0	0	up	1	Highly Stable	Highly Stable Up	0
HT	RvY_09093-1	1	1	0	0	1	0	0	up	1	Highly Stable	Highly Stable Up	0
HT	RvY_09094-1	1	1	0	0	1	0	0	up	1	Highly Stable	Highly Stable Up	0
HT	RvY_09099-1	1	1	0	0	1	0	0	up	1	Highly Stable	Highly Stable Up	0
HT	RvY_09109-1	1	1	0	0	1	0	0	up	1	Highly Stable	Highly Stable Up	0
HT	RvY_09113-1	1	1	0	0	1	0	0	up	1	Highly Stable	Highly Stable Up	0
HT	RvY_09114-1	1	1	0	0	1	0	0	up	1	Highly Stable	Highly Stable Up	0
HT	RvY_09118-1	1	1	0	0	1	0	0	up	1	Highly Stable	Highly Stable Up	0
HT	RvY_09124-1	1	1	0	0	1	0	0	up	1	Highly Stable	Highly Stable Up	0
HT	RvY_09134	1	1	0	0	1	0	0	up	1	Highly Stable	Highly Stable Up	0
HT	RvY_09136-1	1	1	0	0	1	0	0	up	1	Highly Stable	Highly Stable Up	0
HT	RvY_09137-1	1	1	0	0	1	0	0	up	1	Highly Stable	Highly Stable Up	0
HT	RvY_09138-1	1	1	0	0	1	0	0	up	1	Highly Stable	Highly Stable Up	0
HT	RvY_09140-1	1	1	0	0	1	0	0	up	1	Highly Stable	Highly Stable Up	0
HT	RvY_09146-1	1	1	0	0	1	0	0	up	1	Highly Stable	Highly Stable Up	0
HT	RvY_09148-1	1	1	0	0	1	0	0	up	1	Highly Stable	Highly Stable Up	0
HT	RvY_09149-1	1	1	0	0	1	0	0	up	1	Highly Stable	Highly Stable Up	0
HT	RvY_09152-1	1	1	0	0	1	0	0	up	1	Highly Stable	Highly Stable Up	0
HT	RvY_09153-1	1	1	0	0	1	0	0	up	1	Highly Stable	Highly Stable Up	0
HT	RvY_09157-1	1	1	0	0	1	0	0	up	1	Highly Stable	Highly Stable Up	0
HT	RvY_09165	1	1	0	0	1	0	0	up	1	Highly Stable	Highly Stable Up	0
HT	RvY_09169-1	1	1	0	0	1	0	0	up	1	Highly Stable	Highly Stable Up	0
HT	RvY_09200	1	1	0	0	1	0	0	up	1	Highly Stable	Highly Stable Up	0
HT	RvY_09203-1	1	1	0	0	1	0	0	up	1	Highly Stable	Highly Stable Up	0
HT	RvY_09225-1	1	1	0	0	1	0	0	up	1	Highly Stable	Highly Stable Up	0
HT	RvY_09227-1	1	1	0	0	1	0	0	up	1	Highly Stable	Highly Stable Up	0
HT	RvY_09250-1	1	1	0	0	1	0	0	up	1	Highly Stable	Highly Stable Up	0
HT	RvY_09277	1	1	0	0	1	0	0	up	1	Highly Stable	Highly Stable Up	0
HT	RvY_09284	1	1	0	0	1	0	0	up	1	Highly Stable	Highly Stable Up	0
HT	RvY_09286-1	1	1	0	0	1	0	0	up	1	Highly Stable	Highly Stable Up	0
HT	RvY_09290-1	1	1	0	0	1	0	0	up	1	Highly Stable	Highly Stable Up	0
HT	RvY_09291-1	1	1	0	0	1	0	0	up	1	Highly Stable	Highly Stable Up	0
HT	RvY_09292-1	1	1	0	0	1	0	0	up	1	Highly Stable	Highly Stable Up	0
HT	RvY_09294	1	1	0	0	1	0	0	up	1	Highly Stable	Highly Stable Up	0
HT	RvY_09296-1	1	1	0	0	1	0	0	up	1	Highly Stable	Highly Stable Up	0
HT	RvY_09310	1	1	0	0	1	0	0	up	1	Highly Stable	Highly Stable Up	0
HT	RvY_09314-1	1	1	0	0	1	0	0	up	1	Highly Stable	Highly Stable Up	0
HT	RvY_09325-1	1	1	0	0	1	0	0	up	1	Highly Stable	Highly Stable Up	0
HT	RvY_09326	1	1	0	0	1	0	0	up	1	Highly Stable	Highly Stable Up	0
HT	RvY_09327-1	1	1	0	0	1	0	0	up	1	Highly Stable	Highly Stable Up	0
HT	RvY_09328-1	1	1	0	0	1	0	0	up	1	Highly Stable	Highly Stable Up	0
HT	RvY_09343-1	1	1	0	0	1	0	0	up	1	Highly Stable	Highly Stable Up	0
HT	RvY_09344-1	1	1	0	0	1	0	0	up	1	Highly Stable	Highly Stable Up	0
HT	RvY_09345-1	1	1	0	0	1	0	0	up	1	Highly Stable	Highly Stable Up	0
HT	RvY_09346-1	1	1	0	0	1	0	0	up	1	Highly Stable	Highly Stable Up	0
HT	RvY_09353-1	1	1	0	0	1	0	0	up	1	Highly Stable	Highly Stable Up	0
HT	RvY_09355-1	1	1	0	0	1	0	0	up	1	Highly Stable	Highly Stable Up	0
HT	RvY_09362-1	1	1	0	0	1	0	0	up	1	Highly Stable	Highly Stable Up	0
HT	RvY_09366-1	1	1	0	0	1	0	0	up	1	Highly Stable	Highly Stable Up	0
HT	RvY_09377-1	1	1	0	0	1	0	0	up	1	Highly Stable	Highly Stable Up	0
HT	RvY_09388	1	1	0	0	1	0	0	up	1	Highly Stable	Highly Stable Up	0
HT	RvY_09389-1	1	1	0	0	1	0	0	up	1	Highly Stable	Highly Stable Up	0
HT	RvY_09397-1	1	1	0	0	1	0	0	up	1	Highly Stable	Highly Stable Up	0
HT	RvY_09398-1	1	1	0	0	1	0	0	up	1	Highly Stable	Highly Stable Up	0
HT	RvY_09403-1	1	1	0	0	1	0	0	up	1	Highly Stable	Highly Stable Up	0
HT	RvY_09410-1	1	1	0	0	1	0	0	up	1	Highly Stable	Highly Stable Up	0
HT	RvY_09413-1	1	1	0	0	1	0	0	up	1	Highly Stable	Highly Stable Up	0
HT	RvY_09414-1	1	1	0	0	1	0	0	up	1	Highly Stable	Highly Stable Up	0
HT	RvY_09434-1	1	1	0	0	1	0	0	up	1	Highly Stable	Highly Stable Up	0
HT	RvY_09449-1	1	1	0	0	1	0	0	up	1	Highly Stable	Highly Stable Up	0
HT	RvY_09455-1	1	1	0	0	1	0	0	up	1	Highly Stable	Highly Stable Up	0
HT	RvY_09459-1	1	1	0	0	1	0	0	up	1	Highly Stable	Highly Stable Up	0
HT	RvY_09471-1	1	1	0	0	1	0	0	up	1	Highly Stable	Highly Stable Up	0
HT	RvY_09472-1	1	1	0	0	1	0	0	up	1	Highly Stable	Highly Stable Up	0
HT	RvY_09474-1	1	1	0	0	1	0	0	up	1	Highly Stable	Highly Stable Up	0
HT	RvY_09475-1	1	1	0	0	1	0	0	up	1	Highly Stable	Highly Stable Up	0
HT	RvY_09476	1	1	0	0	1	0	0	up	1	Highly Stable	Highly Stable Up	0
HT	RvY_09478-1	1	1	0	0	1	0	0	up	1	Highly Stable	Highly Stable Up	0
HT	RvY_09480-1	1	1	0	0	1	0	0	up	1	Highly Stable	Highly Stable Up	0
HT	RvY_09481-1	1	1	0	0	1	0	0	up	1	Highly Stable	Highly Stable Up	0
HT	RvY_09482	1	1	0	0	1	0	0	up	1	Highly Stable	Highly Stable Up	0
HT	RvY_09483	1	1	0	0	1	0	0	up	1	Highly Stable	Highly Stable Up	0
HT	RvY_09489-1	1	1	0	0	1	0	0	up	1	Highly Stable	Highly Stable Up	0
HT	RvY_09494-1	1	1	0	0	1	0	0	up	1	Highly Stable	Highly Stable Up	0
HT	RvY_09500-1	1	1	0	0	1	0	0	up	1	Highly Stable	Highly Stable Up	0
HT	RvY_09502	1	1	0	0	1	0	0	up	1	Highly Stable	Highly Stable Up	0
HT	RvY_09506-1	1	1	0	0	1	0	0	up	1	Highly Stable	Highly Stable Up	0
HT	RvY_09511-1	1	1	0	0	1	0	0	up	1	Highly Stable	Highly Stable Up	0
HT	RvY_09517-1	1	1	0	0	1	0	0	up	1	Highly Stable	Highly Stable Up	0
HT	RvY_09519-1	1	1	0	0	1	0	0	up	1	Highly Stable	Highly Stable Up	0
HT	RvY_09525-1	1	1	0	0	1	0	0	up	1	Highly Stable	Highly Stable Up	0
HT	RvY_09529-1	1	1	0	0	1	0	0	up	1	Highly Stable	Highly Stable Up	0
HT	RvY_09531-1	1	1	0	0	1	0	0	up	1	Highly Stable	Highly Stable Up	0
HT	RvY_09534-1	1	1	0	0	1	0	0	up	1	Highly Stable	Highly Stable Up	0
HT	RvY_09542-1	1	1	0	0	1	0	0	up	1	Highly Stable	Highly Stable Up	0
HT	RvY_09548-1	1	1	0	0	1	0	0	up	1	Highly Stable	Highly Stable Up	0
HT	RvY_09552-1	1	1	0	0	1	0	0	up	1	Highly Stable	Highly Stable Up	0
HT	RvY_09559-1	1	1	0	0	1	0	0	up	1	Highly Stable	Highly Stable Up	0
HT	RvY_09565-1	1	1	0	0	1	0	0	up	1	Highly Stable	Highly Stable Up	0
HT	RvY_09581-1	1	1	0	0	1	0	0	up	1	Highly Stable	Highly Stable Up	0
HT	RvY_09595-1	1	1	0	0	1	0	0	up	1	Highly Stable	Highly Stable Up	0
HT	RvY_09596-1	1	1	0	0	1	0	0	up	1	Highly Stable	Highly Stable Up	0
HT	RvY_09597-1	1	1	0	0	1	0	0	up	1	Highly Stable	Highly Stable Up	0
HT	RvY_09601-1	1	1	0	0	1	0	0	up	1	Highly Stable	Highly Stable Up	0
HT	RvY_09617-1	1	1	0	0	1	0	0	up	1	Highly Stable	Highly Stable Up	0
HT	RvY_09618	1	1	0	0	1	0	0	up	1	Highly Stable	Highly Stable Up	0
HT	RvY_09619-1	1	1	0	0	1	0	0	up	1	Highly Stable	Highly Stable Up	0
HT	RvY_09620-1	1	1	0	0	1	0	0	up	1	Highly Stable	Highly Stable Up	0
HT	RvY_09621-1	1	1	0	0	1	0	0	up	1	Highly Stable	Highly Stable Up	0
HT	RvY_09624-1	1	1	0	0	1	0	0	up	1	Highly Stable	Highly Stable Up	0
HT	RvY_09629-1	1	1	0	0	1	0	0	up	1	Highly Stable	Highly Stable Up	0
HT	RvY_09631-1	1	1	0	0	1	0	0	up	1	Highly Stable	Highly Stable Up	0
HT	RvY_09632-1	1	1	0	0	1	0	0	up	1	Highly Stable	Highly Stable Up	0
HT	RvY_09633-1	1	1	0	0	1	0	0	up	1	Highly Stable	Highly Stable Up	0
HT	RvY_09641-1	1	1	0	0	1	0	0	up	1	Highly Stable	Highly Stable Up	0
HT	RvY_09646-1	1	1	0	0	1	0	0	up	1	Highly Stable	Highly Stable Up	0
HT	RvY_09648-1	1	1	0	0	1	0	0	up	1	Highly Stable	Highly Stable Up	0
HT	RvY_09649-1	1	1	0	0	1	0	0	up	1	Highly Stable	Highly Stable Up	0
HT	RvY_09650-1	1	1	0	0	1	0	0	up	1	Highly Stable	Highly Stable Up	0
HT	RvY_09654	1	1	0	0	1	0	0	up	1	Highly Stable	Highly Stable Up	0
HT	RvY_09657-1	1	1	0	0	1	0	0	up	1	Highly Stable	Highly Stable Up	0
HT	RvY_09662-1	1	1	0	0	1	0	0	up	1	Highly Stable	Highly Stable Up	0
HT	RvY_09666-1	1	1	0	0	1	0	0	up	1	Highly Stable	Highly Stable Up	0
HT	RvY_09671-1	1	1	0	0	1	0	0	up	1	Highly Stable	Highly Stable Up	0
HT	RvY_09686	1	1	0	0	1	0	0	up	1	Highly Stable	Highly Stable Up	0
HT	RvY_09706-1	1	1	0	0	1	0	0	up	1	Highly Stable	Highly Stable Up	0
HT	RvY_09724-1	1	1	0	0	1	0	0	up	1	Highly Stable	Highly Stable Up	0
HT	RvY_09730	1	1	0	0	1	0	0	up	1	Highly Stable	Highly Stable Up	0
HT	RvY_09733-1	1	1	0	0	1	0	0	up	1	Highly Stable	Highly Stable Up	0
HT	RvY_09737-1	1	1	0	0	1	0	0	up	1	Highly Stable	Highly Stable Up	0
HT	RvY_09738-1	1	1	0	0	1	0	0	up	1	Highly Stable	Highly Stable Up	0
HT	RvY_09756-1	1	1	0	0	1	0	0	up	1	Highly Stable	Highly Stable Up	0
HT	RvY_09795-1	1	1	0	0	1	0	0	up	1	Highly Stable	Highly Stable Up	0
HT	RvY_09801-1	1	1	0	0	1	0	0	up	1	Highly Stable	Highly Stable Up	0
HT	RvY_09803-1	1	1	0	0	1	0	0	up	1	Highly Stable	Highly Stable Up	0
HT	RvY_09807-1	1	1	0	0	1	0	0	up	1	Highly Stable	Highly Stable Up	0
HT	RvY_09812-1	1	1	0	0	1	0	0	up	1	Highly Stable	Highly Stable Up	0
HT	RvY_09813-1	1	1	0	0	1	0	0	up	1	Highly Stable	Highly Stable Up	0
HT	RvY_09816-1	1	1	0	0	1	0	0	up	1	Highly Stable	Highly Stable Up	0
HT	RvY_09834-1	1	1	0	0	1	0	0	up	1	Highly Stable	Highly Stable Up	0
HT	RvY_09837-1	1	1	0	0	1	0	0	up	1	Highly Stable	Highly Stable Up	0
HT	RvY_09846	1	1	0	0	1	0	0	up	1	Highly Stable	Highly Stable Up	0
HT	RvY_09853-1	1	1	0	0	1	0	0	up	1	Highly Stable	Highly Stable Up	0
HT	RvY_09881	1	1	0	0	1	0	0	up	1	Highly Stable	Highly Stable Up	0
HT	RvY_09884	1	1	0	0	1	0	0	up	1	Highly Stable	Highly Stable Up	0
HT	RvY_09891-1	1	1	0	0	1	0	0	up	1	Highly Stable	Highly Stable Up	0
HT	RvY_09893-1	1	1	0	0	1	0	0	up	1	Highly Stable	Highly Stable Up	0
HT	RvY_09906-1	1	1	0	0	1	0	0	up	1	Highly Stable	Highly Stable Up	0
HT	RvY_09909-1	1	1	0	0	1	0	0	up	1	Highly Stable	Highly Stable Up	0
HT	RvY_09925-1	1	1	0	0	1	0	0	up	1	Highly Stable	Highly Stable Up	0
HT	RvY_09928-1	1	1	0	0	1	0	0	up	1	Highly Stable	Highly Stable Up	0
HT	RvY_09931	1	1	0	0	1	0	0	up	1	Highly Stable	Highly Stable Up	0
HT	RvY_09933-1	1	1	0	0	1	0	0	up	1	Highly Stable	Highly Stable Up	0
HT	RvY_09935-1	1	1	0	0	1	0	0	up	1	Highly Stable	Highly Stable Up	0
HT	RvY_09936-1	1	1	0	0	1	0	0	up	1	Highly Stable	Highly Stable Up	0
HT	RvY_09942-1	1	1	0	0	1	0	0	up	1	Highly Stable	Highly Stable Up	0
HT	RvY_09947-1	1	1	0	0	1	0	0	up	1	Highly Stable	Highly Stable Up	0
HT	RvY_09952-1	1	1	0	0	1	0	0	up	1	Highly Stable	Highly Stable Up	0
HT	RvY_09953-1	1	1	0	0	1	0	0	up	1	Highly Stable	Highly Stable Up	0
HT	RvY_09958-1	1	1	0	0	1	0	0	up	1	Highly Stable	Highly Stable Up	0
HT	RvY_09959-1	1	1	0	0	1	0	0	up	1	Highly Stable	Highly Stable Up	0
HT	RvY_09960-1	1	1	0	0	1	0	0	up	1	Highly Stable	Highly Stable Up	0
HT	RvY_09972	1	1	0	0	1	0	0	up	1	Highly Stable	Highly Stable Up	0
HT	RvY_09973-1	1	1	0	0	1	0	0	up	1	Highly Stable	Highly Stable Up	0
HT	RvY_09974-1	1	1	0	0	1	0	0	up	1	Highly Stable	Highly Stable Up	0
HT	RvY_09977	1	1	0	0	1	0	0	up	1	Highly Stable	Highly Stable Up	0
HT	RvY_09980	1	1	0	0	1	0	0	up	1	Highly Stable	Highly Stable Up	0
HT	RvY_09981-1	1	1	0	0	1	0	0	up	1	Highly Stable	Highly Stable Up	0
HT	RvY_09984	1	1	0	0	1	0	0	up	1	Highly Stable	Highly Stable Up	0
HT	RvY_09985	1	1	0	0	1	0	0	up	1	Highly Stable	Highly Stable Up	0
HT	RvY_09986-1	1	1	0	0	1	0	0	up	1	Highly Stable	Highly Stable Up	0
HT	RvY_09990-1	1	1	0	0	1	0	0	up	1	Highly Stable	Highly Stable Up	0
HT	RvY_09995-1	1	1	0	0	1	0	0	up	1	Highly Stable	Highly Stable Up	0
HT	RvY_10000-1	1	1	0	0	1	0	0	up	1	Highly Stable	Highly Stable Up	0
HT	RvY_10001	1	1	0	0	1	0	0	up	1	Highly Stable	Highly Stable Up	0
HT	RvY_10008-1	1	1	0	0	1	0	0	up	1	Highly Stable	Highly Stable Up	0
HT	RvY_10010-1	1	1	0	0	1	0	0	up	1	Highly Stable	Highly Stable Up	0
HT	RvY_10015-1	1	1	0	0	1	0	0	up	1	Highly Stable	Highly Stable Up	0
HT	RvY_10023-1	1	1	0	0	1	0	0	up	1	Highly Stable	Highly Stable Up	0
HT	RvY_10031-1	1	1	0	0	1	0	0	up	1	Highly Stable	Highly Stable Up	0
HT	RvY_10035-1	1	1	0	0	1	0	0	up	1	Highly Stable	Highly Stable Up	0
HT	RvY_10044-1	1	1	0	0	1	0	0	up	1	Highly Stable	Highly Stable Up	0
HT	RvY_10050	1	1	0	0	1	0	0	up	1	Highly Stable	Highly Stable Up	0
HT	RvY_10051-1	1	1	0	0	1	0	0	up	1	Highly Stable	Highly Stable Up	0
HT	RvY_10054-1	1	1	0	0	1	0	0	up	1	Highly Stable	Highly Stable Up	0
HT	RvY_10058-1	1	1	0	0	1	0	0	up	1	Highly Stable	Highly Stable Up	0
HT	RvY_10060-1	1	1	0	0	1	0	0	up	1	Highly Stable	Highly Stable Up	0
HT	RvY_10061-1	1	1	0	0	1	0	0	up	1	Highly Stable	Highly Stable Up	0
HT	RvY_10065-1	1	1	0	0	1	0	0	up	1	Highly Stable	Highly Stable Up	0
HT	RvY_10071-1	1	1	0	0	1	0	0	up	1	Highly Stable	Highly Stable Up	0
HT	RvY_10072-1	1	1	0	0	1	0	0	up	1	Highly Stable	Highly Stable Up	0
HT	RvY_10073-1	1	1	0	0	1	0	0	up	1	Highly Stable	Highly Stable Up	0
HT	RvY_10127	1	1	0	0	1	0	0	up	1	Highly Stable	Highly Stable Up	0
HT	RvY_10128-1	1	1	0	0	1	0	0	up	1	Highly Stable	Highly Stable Up	0
HT	RvY_10133-1	1	1	0	0	1	0	0	up	1	Highly Stable	Highly Stable Up	0
HT	RvY_10134	1	1	0	0	1	0	0	up	1	Highly Stable	Highly Stable Up	0
HT	RvY_10139-1	1	1	0	0	1	0	0	up	1	Highly Stable	Highly Stable Up	0
HT	RvY_10148-1	1	1	0	0	1	0	0	up	1	Highly Stable	Highly Stable Up	0
HT	RvY_10150-1	1	1	0	0	1	0	0	up	1	Highly Stable	Highly Stable Up	0
HT	RvY_10165-1	1	1	0	0	1	0	0	up	1	Highly Stable	Highly Stable Up	0
HT	RvY_10168-1	1	1	0	0	1	0	0	up	1	Highly Stable	Highly Stable Up	0
HT	RvY_10176	1	1	0	0	1	0	0	up	1	Highly Stable	Highly Stable Up	0
HT	RvY_10182-1	1	1	0	0	1	0	0	up	1	Highly Stable	Highly Stable Up	0
HT	RvY_10185-1	1	1	0	0	1	0	0	up	1	Highly Stable	Highly Stable Up	0
HT	RvY_10196-1	1	1	0	0	1	0	0	up	1	Highly Stable	Highly Stable Up	0
HT	RvY_10200-1	1	1	0	0	1	0	0	up	1	Highly Stable	Highly Stable Up	0
HT	RvY_10201-1	1	1	0	0	1	0	0	up	1	Highly Stable	Highly Stable Up	0
HT	RvY_10206	1	1	0	0	1	0	0	up	1	Highly Stable	Highly Stable Up	0
HT	RvY_10236-1	1	1	0	0	1	0	0	up	1	Highly Stable	Highly Stable Up	0
HT	RvY_10258-1	1	1	0	0	1	0	0	up	1	Highly Stable	Highly Stable Up	0
HT	RvY_10259-1	1	1	0	0	1	0	0	up	1	Highly Stable	Highly Stable Up	0
HT	RvY_10274	1	1	0	0	1	0	0	up	1	Highly Stable	Highly Stable Up	0
HT	RvY_10279-1	1	1	0	0	1	0	0	up	1	Highly Stable	Highly Stable Up	0
HT	RvY_10288-1	1	1	0	0	1	0	0	up	1	Highly Stable	Highly Stable Up	0
HT	RvY_10290	1	1	0	0	1	0	0	up	1	Highly Stable	Highly Stable Up	0
HT	RvY_10293-1	1	1	0	0	1	0	0	up	1	Highly Stable	Highly Stable Up	0
HT	RvY_10335-1	1	1	0	0	1	0	0	up	1	Highly Stable	Highly Stable Up	0
HT	RvY_10337-1	1	1	0	0	1	0	0	up	1	Highly Stable	Highly Stable Up	0
HT	RvY_10338-1	1	1	0	0	1	0	0	up	1	Highly Stable	Highly Stable Up	0
HT	RvY_10339-1	1	1	0	0	1	0	0	up	1	Highly Stable	Highly Stable Up	0
HT	RvY_10355-1	1	1	0	0	1	0	0	up	1	Highly Stable	Highly Stable Up	0
HT	RvY_10360-1	1	1	0	0	1	0	0	up	1	Highly Stable	Highly Stable Up	0
HT	RvY_10370-1	1	1	0	0	1	0	0	up	1	Highly Stable	Highly Stable Up	0
HT	RvY_10371-1	1	1	0	0	1	0	0	up	1	Highly Stable	Highly Stable Up	0
HT	RvY_10394-1	1	1	0	0	1	0	0	up	1	Highly Stable	Highly Stable Up	0
HT	RvY_10396-1	1	1	0	0	1	0	0	up	1	Highly Stable	Highly Stable Up	0
HT	RvY_10416-1	1	1	0	0	1	0	0	up	1	Highly Stable	Highly Stable Up	0
HT	RvY_10417-1	1	1	0	0	1	0	0	up	1	Highly Stable	Highly Stable Up	0
HT	RvY_10418-1	1	1	0	0	1	0	0	up	1	Highly Stable	Highly Stable Up	0
HT	RvY_10419-1	1	1	0	0	1	0	0	up	1	Highly Stable	Highly Stable Up	0
HT	RvY_10420-1	1	1	0	0	1	0	0	up	1	Highly Stable	Highly Stable Up	0
HT	RvY_10438-1	1	1	0	0	1	0	0	up	1	Highly Stable	Highly Stable Up	0
HT	RvY_10445-1	1	1	0	0	1	0	0	up	1	Highly Stable	Highly Stable Up	0
HT	RvY_10449	1	1	0	0	1	0	0	up	1	Highly Stable	Highly Stable Up	0
HT	RvY_10453-1	1	1	0	0	1	0	0	up	1	Highly Stable	Highly Stable Up	0
HT	RvY_10458	1	1	0	0	1	0	0	up	1	Highly Stable	Highly Stable Up	0
HT	RvY_10460	1	1	0	0	1	0	0	up	1	Highly Stable	Highly Stable Up	0
HT	RvY_10477-1	1	1	0	0	1	0	0	up	1	Highly Stable	Highly Stable Up	0
HT	RvY_10478-1	1	1	0	0	1	0	0	up	1	Highly Stable	Highly Stable Up	0
HT	RvY_10480	1	1	0	0	1	0	0	up	1	Highly Stable	Highly Stable Up	0
HT	RvY_10488-1	1	1	0	0	1	0	0	up	1	Highly Stable	Highly Stable Up	0
HT	RvY_10502-1	1	1	0	0	1	0	0	up	1	Highly Stable	Highly Stable Up	0
HT	RvY_10504	1	1	0	0	1	0	0	up	1	Highly Stable	Highly Stable Up	0
HT	RvY_10512-1	1	1	0	0	1	0	0	up	1	Highly Stable	Highly Stable Up	0
HT	RvY_10514-1	1	1	0	0	1	0	0	up	1	Highly Stable	Highly Stable Up	0
HT	RvY_10543-1	1	1	0	0	1	0	0	up	1	Highly Stable	Highly Stable Up	0
HT	RvY_10545-1	1	1	0	0	1	0	0	up	1	Highly Stable	Highly Stable Up	0
HT	RvY_10546-1	1	1	0	0	1	0	0	up	1	Highly Stable	Highly Stable Up	0
HT	RvY_10547-1	1	1	0	0	1	0	0	up	1	Highly Stable	Highly Stable Up	0
HT	RvY_10574	1	1	0	0	1	0	0	up	1	Highly Stable	Highly Stable Up	0
HT	RvY_10576-1	1	1	0	0	1	0	0	up	1	Highly Stable	Highly Stable Up	0
HT	RvY_10580-1	1	1	0	0	1	0	0	up	1	Highly Stable	Highly Stable Up	0
HT	RvY_10581-1	1	1	0	0	1	0	0	up	1	Highly Stable	Highly Stable Up	0
HT	RvY_10582-1	1	1	0	0	1	0	0	up	1	Highly Stable	Highly Stable Up	0
HT	RvY_10589-1	1	1	0	0	1	0	0	up	1	Highly Stable	Highly Stable Up	0
HT	RvY_10612-1	1	1	0	0	1	0	0	up	1	Highly Stable	Highly Stable Up	0
HT	RvY_10616-1	1	1	0	0	1	0	0	up	1	Highly Stable	Highly Stable Up	0
HT	RvY_10620	1	1	0	0	1	0	0	up	1	Highly Stable	Highly Stable Up	0
HT	RvY_10630-1	1	1	0	0	1	0	0	up	1	Highly Stable	Highly Stable Up	0
HT	RvY_10643-1	1	1	0	0	1	0	0	up	1	Highly Stable	Highly Stable Up	0
HT	RvY_10652-1	1	1	0	0	1	0	0	up	1	Highly Stable	Highly Stable Up	0
HT	RvY_10654-1	1	1	0	0	1	0	0	up	1	Highly Stable	Highly Stable Up	0
HT	RvY_10655-1	1	1	0	0	1	0	0	up	1	Highly Stable	Highly Stable Up	0
HT	RvY_10662-1	1	1	0	0	1	0	0	up	1	Highly Stable	Highly Stable Up	0
HT	RvY_10665-1	1	1	0	0	1	0	0	up	1	Highly Stable	Highly Stable Up	0
HT	RvY_10666	1	1	0	0	1	0	0	up	1	Highly Stable	Highly Stable Up	0
HT	RvY_10672-1	1	1	0	0	1	0	0	up	1	Highly Stable	Highly Stable Up	0
HT	RvY_10674-1	1	1	0	0	1	0	0	up	1	Highly Stable	Highly Stable Up	0
HT	RvY_10706-1	1	1	0	0	1	0	0	up	1	Highly Stable	Highly Stable Up	0
HT	RvY_10732-1	1	1	0	0	1	0	0	up	1	Highly Stable	Highly Stable Up	0
HT	RvY_10742-1	1	1	0	0	1	0	0	up	1	Highly Stable	Highly Stable Up	0
HT	RvY_10744-1	1	1	0	0	1	0	0	up	1	Highly Stable	Highly Stable Up	0
HT	RvY_10745-1	1	1	0	0	1	0	0	up	1	Highly Stable	Highly Stable Up	0
HT	RvY_10746-1	1	1	0	0	1	0	0	up	1	Highly Stable	Highly Stable Up	0
HT	RvY_10787-1	1	1	0	0	1	0	0	up	1	Highly Stable	Highly Stable Up	0
HT	RvY_10788-1	1	1	0	0	1	0	0	up	1	Highly Stable	Highly Stable Up	0
HT	RvY_10790-1	1	1	0	0	1	0	0	up	1	Highly Stable	Highly Stable Up	0
HT	RvY_10791-1	1	1	0	0	1	0	0	up	1	Highly Stable	Highly Stable Up	0
HT	RvY_10792-1	1	1	0	0	1	0	0	up	1	Highly Stable	Highly Stable Up	0
HT	RvY_10801	1	1	0	0	1	0	0	up	1	Highly Stable	Highly Stable Up	0
HT	RvY_10809-1	1	1	0	0	1	0	0	up	1	Highly Stable	Highly Stable Up	0
HT	RvY_10815-1	1	1	0	0	1	0	0	up	1	Highly Stable	Highly Stable Up	0
HT	RvY_10876-1	1	1	0	0	1	0	0	up	1	Highly Stable	Highly Stable Up	0
HT	RvY_10888-1	1	1	0	0	1	0	0	up	1	Highly Stable	Highly Stable Up	0
HT	RvY_10889	1	1	0	0	1	0	0	up	1	Highly Stable	Highly Stable Up	0
HT	RvY_10901-1	1	1	0	0	1	0	0	up	1	Highly Stable	Highly Stable Up	0
HT	RvY_10917-1	1	1	0	0	1	0	0	up	1	Highly Stable	Highly Stable Up	0
HT	RvY_10918-1	1	1	0	0	1	0	0	up	1	Highly Stable	Highly Stable Up	0
HT	RvY_10921-1	1	1	0	0	1	0	0	up	1	Highly Stable	Highly Stable Up	0
HT	RvY_10922	1	1	0	0	1	0	0	up	1	Highly Stable	Highly Stable Up	0
HT	RvY_10953-1	1	1	0	0	1	0	0	up	1	Highly Stable	Highly Stable Up	0
HT	RvY_10954-1	1	1	0	0	1	0	0	up	1	Highly Stable	Highly Stable Up	0
HT	RvY_10995-1	1	1	0	0	1	0	0	up	1	Highly Stable	Highly Stable Up	0
HT	RvY_10996-1	1	1	0	0	1	0	0	up	1	Highly Stable	Highly Stable Up	0
HT	RvY_11005-1	1	1	0	0	1	0	0	up	1	Highly Stable	Highly Stable Up	0
HT	RvY_11020-1	1	1	0	0	1	0	0	up	1	Highly Stable	Highly Stable Up	0
HT	RvY_11021-1	1	1	0	0	1	0	0	up	1	Highly Stable	Highly Stable Up	0
HT	RvY_11022-1	1	1	0	0	1	0	0	up	1	Highly Stable	Highly Stable Up	0
HT	RvY_11023-1	1	1	0	0	1	0	0	up	1	Highly Stable	Highly Stable Up	0
HT	RvY_11028-1	1	1	0	0	1	0	0	up	1	Highly Stable	Highly Stable Up	0
HT	RvY_11031-1	1	1	0	0	1	0	0	up	1	Highly Stable	Highly Stable Up	0
HT	RvY_11032-1	1	1	0	0	1	0	0	up	1	Highly Stable	Highly Stable Up	0
HT	RvY_11041-1	1	1	0	0	1	0	0	up	1	Highly Stable	Highly Stable Up	0
HT	RvY_11046	1	1	0	0	1	0	0	up	1	Highly Stable	Highly Stable Up	0
HT	RvY_11058-1	1	1	0	0	1	0	0	up	1	Highly Stable	Highly Stable Up	0
HT	RvY_11062-1	1	1	0	0	1	0	0	up	1	Highly Stable	Highly Stable Up	0
HT	RvY_11067	1	1	0	0	1	0	0	up	1	Highly Stable	Highly Stable Up	0
HT	RvY_11076-1	1	1	0	0	1	0	0	up	1	Highly Stable	Highly Stable Up	0
HT	RvY_11100-1	1	1	0	0	1	0	0	up	1	Highly Stable	Highly Stable Up	0
HT	RvY_11105-1	1	1	0	0	1	0	0	up	1	Highly Stable	Highly Stable Up	0
HT	RvY_11108-1	1	1	0	0	1	0	0	up	1	Highly Stable	Highly Stable Up	0
HT	RvY_11109-1	1	1	0	0	1	0	0	up	1	Highly Stable	Highly Stable Up	0
HT	RvY_11111-1	1	1	0	0	1	0	0	up	1	Highly Stable	Highly Stable Up	0
HT	RvY_11112-1	1	1	0	0	1	0	0	up	1	Highly Stable	Highly Stable Up	0
HT	RvY_11126	1	1	0	0	1	0	0	up	1	Highly Stable	Highly Stable Up	0
HT	RvY_11131-1	1	1	0	0	1	0	0	up	1	Highly Stable	Highly Stable Up	0
HT	RvY_11169-1	1	1	0	0	1	0	0	up	1	Highly Stable	Highly Stable Up	0
HT	RvY_11197-1	1	1	0	0	1	0	0	up	1	Highly Stable	Highly Stable Up	0
HT	RvY_11198-1	1	1	0	0	1	0	0	up	1	Highly Stable	Highly Stable Up	0
HT	RvY_11243	1	1	0	0	1	0	0	up	1	Highly Stable	Highly Stable Up	0
HT	RvY_11258-1	1	1	0	0	1	0	0	up	1	Highly Stable	Highly Stable Up	0
HT	RvY_11259	1	1	0	0	1	0	0	up	1	Highly Stable	Highly Stable Up	0
HT	RvY_11262-1	1	1	0	0	1	0	0	up	1	Highly Stable	Highly Stable Up	0
HT	RvY_11263-1	1	1	0	0	1	0	0	up	1	Highly Stable	Highly Stable Up	0
HT	RvY_11314-1	1	1	0	0	1	0	0	up	1	Highly Stable	Highly Stable Up	0
HT	RvY_11316-1	1	1	0	0	1	0	0	up	1	Highly Stable	Highly Stable Up	0
HT	RvY_11318-1	1	1	0	0	1	0	0	up	1	Highly Stable	Highly Stable Up	0
HT	RvY_11323	1	1	0	0	1	0	0	up	1	Highly Stable	Highly Stable Up	0
HT	RvY_11324-1	1	1	0	0	1	0	0	up	1	Highly Stable	Highly Stable Up	0
HT	RvY_11331-1	1	1	0	0	1	0	0	up	1	Highly Stable	Highly Stable Up	0
HT	RvY_11349	1	1	0	0	1	0	0	up	1	Highly Stable	Highly Stable Up	0
HT	RvY_11350-1	1	1	0	0	1	0	0	up	1	Highly Stable	Highly Stable Up	0
HT	RvY_11352-1	1	1	0	0	1	0	0	up	1	Highly Stable	Highly Stable Up	0
HT	RvY_11355-1	1	1	0	0	1	0	0	up	1	Highly Stable	Highly Stable Up	0
HT	RvY_11359-1	1	1	0	0	1	0	0	up	1	Highly Stable	Highly Stable Up	0
HT	RvY_11360-1	1	1	0	0	1	0	0	up	1	Highly Stable	Highly Stable Up	0
HT	RvY_11370-1	1	1	0	0	1	0	0	up	1	Highly Stable	Highly Stable Up	0
HT	RvY_11377-1	1	1	0	0	1	0	0	up	1	Highly Stable	Highly Stable Up	0
HT	RvY_11379-1	1	1	0	0	1	0	0	up	1	Highly Stable	Highly Stable Up	0
HT	RvY_11386	1	1	0	0	1	0	0	up	1	Highly Stable	Highly Stable Up	0
HT	RvY_11387	1	1	0	0	1	0	0	up	1	Highly Stable	Highly Stable Up	0
HT	RvY_11419-1	1	1	0	0	1	0	0	up	1	Highly Stable	Highly Stable Up	0
HT	RvY_11420-1	1	1	0	0	1	0	0	up	1	Highly Stable	Highly Stable Up	0
HT	RvY_11505-1	1	1	0	0	1	0	0	up	1	Highly Stable	Highly Stable Up	0
HT	RvY_11512-1	1	1	0	0	1	0	0	up	1	Highly Stable	Highly Stable Up	0
HT	RvY_11514-1	1	1	0	0	1	0	0	up	1	Highly Stable	Highly Stable Up	0
HT	RvY_11517-1	1	1	0	0	1	0	0	up	1	Highly Stable	Highly Stable Up	0
HT	RvY_11521-1	1	1	0	0	1	0	0	up	1	Highly Stable	Highly Stable Up	0
HT	RvY_11530-1	1	1	0	0	1	0	0	up	1	Highly Stable	Highly Stable Up	0
HT	RvY_11531-1	1	1	0	0	1	0	0	up	1	Highly Stable	Highly Stable Up	0
HT	RvY_11532-1	1	1	0	0	1	0	0	up	1	Highly Stable	Highly Stable Up	0
HT	RvY_11568-1	1	1	0	0	1	0	0	up	1	Highly Stable	Highly Stable Up	0
HT	RvY_11582	1	1	0	0	1	0	0	up	1	Highly Stable	Highly Stable Up	0
HT	RvY_11591-1	1	1	0	0	1	0	0	up	1	Highly Stable	Highly Stable Up	0
HT	RvY_11594	1	1	0	0	1	0	0	up	1	Highly Stable	Highly Stable Up	0
HT	RvY_11596-1	1	1	0	0	1	0	0	up	1	Highly Stable	Highly Stable Up	0
HT	RvY_11597-1	1	1	0	0	1	0	0	up	1	Highly Stable	Highly Stable Up	0
HT	RvY_11598-1	1	1	0	0	1	0	0	up	1	Highly Stable	Highly Stable Up	0
HT	RvY_11612-1	1	1	0	0	1	0	0	up	1	Highly Stable	Highly Stable Up	0
HT	RvY_11625-1	1	1	0	0	1	0	0	up	1	Highly Stable	Highly Stable Up	0
HT	RvY_11675-1	1	1	0	0	1	0	0	up	1	Highly Stable	Highly Stable Up	0
HT	RvY_11679-1	1	1	0	0	1	0	0	up	1	Highly Stable	Highly Stable Up	0
HT	RvY_11686-1	1	1	0	0	1	0	0	up	1	Highly Stable	Highly Stable Up	0
HT	RvY_11702-1	1	1	0	0	1	0	0	up	1	Highly Stable	Highly Stable Up	0
HT	RvY_11708-1	1	1	0	0	1	0	0	up	1	Highly Stable	Highly Stable Up	0
HT	RvY_11731-1	1	1	0	0	1	0	0	up	1	Highly Stable	Highly Stable Up	0
HT	RvY_11733-1	1	1	0	0	1	0	0	up	1	Highly Stable	Highly Stable Up	0
HT	RvY_11734-1	1	1	0	0	1	0	0	up	1	Highly Stable	Highly Stable Up	0
HT	RvY_11735-1	1	1	0	0	1	0	0	up	1	Highly Stable	Highly Stable Up	0
HT	RvY_11742-1	1	1	0	0	1	0	0	up	1	Highly Stable	Highly Stable Up	0
HT	RvY_11757-1	1	1	0	0	1	0	0	up	1	Highly Stable	Highly Stable Up	0
HT	RvY_11775-1	1	1	0	0	1	0	0	up	1	Highly Stable	Highly Stable Up	0
HT	RvY_11777-1	1	1	0	0	1	0	0	up	1	Highly Stable	Highly Stable Up	0
HT	RvY_11787-1	1	1	0	0	1	0	0	up	1	Highly Stable	Highly Stable Up	0
HT	RvY_11797	1	1	0	0	1	0	0	up	1	Highly Stable	Highly Stable Up	0
HT	RvY_11798-1	1	1	0	0	1	0	0	up	1	Highly Stable	Highly Stable Up	0
HT	RvY_11812-1	1	1	0	0	1	0	0	up	1	Highly Stable	Highly Stable Up	0
HT	RvY_11813	1	1	0	0	1	0	0	up	1	Highly Stable	Highly Stable Up	0
HT	RvY_11814	1	1	0	0	1	0	0	up	1	Highly Stable	Highly Stable Up	0
HT	RvY_11820-1	1	1	0	0	1	0	0	up	1	Highly Stable	Highly Stable Up	0
HT	RvY_11822-1	1	1	0	0	1	0	0	up	1	Highly Stable	Highly Stable Up	0
HT	RvY_11826	1	1	0	0	1	0	0	up	1	Highly Stable	Highly Stable Up	0
HT	RvY_11827	1	1	0	0	1	0	0	up	1	Highly Stable	Highly Stable Up	0
HT	RvY_11837-1	1	1	0	0	1	0	0	up	1	Highly Stable	Highly Stable Up	0
HT	RvY_11854-1	1	1	0	0	1	0	0	up	1	Highly Stable	Highly Stable Up	0
HT	RvY_11858-1	1	1	0	0	1	0	0	up	1	Highly Stable	Highly Stable Up	0
HT	RvY_11859-1	1	1	0	0	1	0	0	up	1	Highly Stable	Highly Stable Up	0
HT	RvY_11860-1	1	1	0	0	1	0	0	up	1	Highly Stable	Highly Stable Up	0
HT	RvY_11861-1	1	1	0	0	1	0	0	up	1	Highly Stable	Highly Stable Up	0
HT	RvY_11877-1	1	1	0	0	1	0	0	up	1	Highly Stable	Highly Stable Up	0
HT	RvY_11891	1	1	0	0	1	0	0	up	1	Highly Stable	Highly Stable Up	0
HT	RvY_11893-1	1	1	0	0	1	0	0	up	1	Highly Stable	Highly Stable Up	0
HT	RvY_11894-1	1	1	0	0	1	0	0	up	1	Highly Stable	Highly Stable Up	0
HT	RvY_11925-1	1	1	0	0	1	0	0	up	1	Highly Stable	Highly Stable Up	0
HT	RvY_11928	1	1	0	0	1	0	0	up	1	Highly Stable	Highly Stable Up	0
HT	RvY_11969	1	1	0	0	1	0	0	up	1	Highly Stable	Highly Stable Up	0
HT	RvY_12007-1	1	1	0	0	1	0	0	up	1	Highly Stable	Highly Stable Up	0
HT	RvY_12011-1	1	1	0	0	1	0	0	up	1	Highly Stable	Highly Stable Up	0
HT	RvY_12016-1	1	1	0	0	1	0	0	up	1	Highly Stable	Highly Stable Up	0
HT	RvY_12018-1	1	1	0	0	1	0	0	up	1	Highly Stable	Highly Stable Up	0
HT	RvY_12033-1	1	1	0	0	1	0	0	up	1	Highly Stable	Highly Stable Up	0
HT	RvY_12036	1	1	0	0	1	0	0	up	1	Highly Stable	Highly Stable Up	0
HT	RvY_12044-1	1	1	0	0	1	0	0	up	1	Highly Stable	Highly Stable Up	0
HT	RvY_12045-1	1	1	0	0	1	0	0	up	1	Highly Stable	Highly Stable Up	0
HT	RvY_12059-1	1	1	0	0	1	0	0	up	1	Highly Stable	Highly Stable Up	0
HT	RvY_12073-1	1	1	0	0	1	0	0	up	1	Highly Stable	Highly Stable Up	0
HT	RvY_12075-1	1	1	0	0	1	0	0	up	1	Highly Stable	Highly Stable Up	0
HT	RvY_12081-1	1	1	0	0	1	0	0	up	1	Highly Stable	Highly Stable Up	0
HT	RvY_12091-1	1	1	0	0	1	0	0	up	1	Highly Stable	Highly Stable Up	0
HT	RvY_12097-1	1	1	0	0	1	0	0	up	1	Highly Stable	Highly Stable Up	0
HT	RvY_12119	1	1	0	0	1	0	0	up	1	Highly Stable	Highly Stable Up	0
HT	RvY_12120-1	1	1	0	0	1	0	0	up	1	Highly Stable	Highly Stable Up	0
HT	RvY_12122-1	1	1	0	0	1	0	0	up	1	Highly Stable	Highly Stable Up	0
HT	RvY_12153-1	1	1	0	0	1	0	0	up	1	Highly Stable	Highly Stable Up	0
HT	RvY_12155-1	1	1	0	0	1	0	0	up	1	Highly Stable	Highly Stable Up	0
HT	RvY_12156-1	1	1	0	0	1	0	0	up	1	Highly Stable	Highly Stable Up	0
HT	RvY_12177	1	1	0	0	1	0	0	up	1	Highly Stable	Highly Stable Up	0
HT	RvY_12189-1	1	1	0	0	1	0	0	up	1	Highly Stable	Highly Stable Up	0
HT	RvY_12213-1	1	1	0	0	1	0	0	up	1	Highly Stable	Highly Stable Up	0
HT	RvY_12215	1	1	0	0	1	0	0	up	1	Highly Stable	Highly Stable Up	0
HT	RvY_12240-1	1	1	0	0	1	0	0	up	1	Highly Stable	Highly Stable Up	0
HT	RvY_12277-1	1	1	0	0	1	0	0	up	1	Highly Stable	Highly Stable Up	0
HT	RvY_12308-1	1	1	0	0	1	0	0	up	1	Highly Stable	Highly Stable Up	0
HT	RvY_12309	1	1	0	0	1	0	0	up	1	Highly Stable	Highly Stable Up	0
HT	RvY_12310-1	1	1	0	0	1	0	0	up	1	Highly Stable	Highly Stable Up	0
HT	RvY_12312-1	1	1	0	0	1	0	0	up	1	Highly Stable	Highly Stable Up	0
HT	RvY_12313-1	1	1	0	0	1	0	0	up	1	Highly Stable	Highly Stable Up	0
HT	RvY_12314-1	1	1	0	0	1	0	0	up	1	Highly Stable	Highly Stable Up	0
HT	RvY_12316-1	1	1	0	0	1	0	0	up	1	Highly Stable	Highly Stable Up	0
HT	RvY_12342-1	1	1	0	0	1	0	0	up	1	Highly Stable	Highly Stable Up	0
HT	RvY_12345	1	1	0	0	1	0	0	up	1	Highly Stable	Highly Stable Up	0
HT	RvY_12366	1	1	0	0	1	0	0	up	1	Highly Stable	Highly Stable Up	0
HT	RvY_12367	1	1	0	0	1	0	0	up	1	Highly Stable	Highly Stable Up	0
HT	RvY_12369-1	1	1	0	0	1	0	0	up	1	Highly Stable	Highly Stable Up	0
HT	RvY_12371	1	1	0	0	1	0	0	up	1	Highly Stable	Highly Stable Up	0
HT	RvY_12373	1	1	0	0	1	0	0	up	1	Highly Stable	Highly Stable Up	0
HT	RvY_12376-1	1	1	0	0	1	0	0	up	1	Highly Stable	Highly Stable Up	0
HT	RvY_12377-1	1	1	0	0	1	0	0	up	1	Highly Stable	Highly Stable Up	0
HT	RvY_12380-1	1	1	0	0	1	0	0	up	1	Highly Stable	Highly Stable Up	0
HT	RvY_12403-1	1	1	0	0	1	0	0	up	1	Highly Stable	Highly Stable Up	0
HT	RvY_12413-1	1	1	0	0	1	0	0	up	1	Highly Stable	Highly Stable Up	0
HT	RvY_12419-1	1	1	0	0	1	0	0	up	1	Highly Stable	Highly Stable Up	0
HT	RvY_12420-1	1	1	0	0	1	0	0	up	1	Highly Stable	Highly Stable Up	0
HT	RvY_12421	1	1	0	0	1	0	0	up	1	Highly Stable	Highly Stable Up	0
HT	RvY_12423-1	1	1	0	0	1	0	0	up	1	Highly Stable	Highly Stable Up	0
HT	RvY_12431-1	1	1	0	0	1	0	0	up	1	Highly Stable	Highly Stable Up	0
HT	RvY_12433-1	1	1	0	0	1	0	0	up	1	Highly Stable	Highly Stable Up	0
HT	RvY_12439-1	1	1	0	0	1	0	0	up	1	Highly Stable	Highly Stable Up	0
HT	RvY_12447	1	1	0	0	1	0	0	up	1	Highly Stable	Highly Stable Up	0
HT	RvY_12459-1	1	1	0	0	1	0	0	up	1	Highly Stable	Highly Stable Up	0
HT	RvY_12490-1	1	1	0	0	1	0	0	up	1	Highly Stable	Highly Stable Up	0
HT	RvY_12520-1	1	1	0	0	1	0	0	up	1	Highly Stable	Highly Stable Up	0
HT	RvY_12541-1	1	1	0	0	1	0	0	up	1	Highly Stable	Highly Stable Up	0
HT	RvY_12550-1	1	1	0	0	1	0	0	up	1	Highly Stable	Highly Stable Up	0
HT	RvY_12551-1	1	1	0	0	1	0	0	up	1	Highly Stable	Highly Stable Up	0
HT	RvY_12552-1	1	1	0	0	1	0	0	up	1	Highly Stable	Highly Stable Up	0
HT	RvY_12553-1	1	1	0	0	1	0	0	up	1	Highly Stable	Highly Stable Up	0
HT	RvY_12554-1	1	1	0	0	1	0	0	up	1	Highly Stable	Highly Stable Up	0
HT	RvY_12555	1	1	0	0	1	0	0	up	1	Highly Stable	Highly Stable Up	0
HT	RvY_12568-1	1	1	0	0	1	0	0	up	1	Highly Stable	Highly Stable Up	0
HT	RvY_12569-1	1	1	0	0	1	0	0	up	1	Highly Stable	Highly Stable Up	0
HT	RvY_12571-1	1	1	0	0	1	0	0	up	1	Highly Stable	Highly Stable Up	0
HT	RvY_12599-1	1	1	0	0	1	0	0	up	1	Highly Stable	Highly Stable Up	0
HT	RvY_12614	1	1	0	0	1	0	0	up	1	Highly Stable	Highly Stable Up	0
HT	RvY_12634	1	1	0	0	1	0	0	up	1	Highly Stable	Highly Stable Up	0
HT	RvY_12661-1	1	1	0	0	1	0	0	up	1	Highly Stable	Highly Stable Up	0
HT	RvY_12676-1	1	1	0	0	1	0	0	up	1	Highly Stable	Highly Stable Up	0
HT	RvY_12682-1	1	1	0	0	1	0	0	up	1	Highly Stable	Highly Stable Up	0
HT	RvY_12694-1	1	1	0	0	1	0	0	up	1	Highly Stable	Highly Stable Up	0
HT	RvY_12695-1	1	1	0	0	1	0	0	up	1	Highly Stable	Highly Stable Up	0
HT	RvY_12697-1	1	1	0	0	1	0	0	up	1	Highly Stable	Highly Stable Up	0
HT	RvY_12700-1	1	1	0	0	1	0	0	up	1	Highly Stable	Highly Stable Up	0
HT	RvY_12701-1	1	1	0	0	1	0	0	up	1	Highly Stable	Highly Stable Up	0
HT	RvY_12704-1	1	1	0	0	1	0	0	up	1	Highly Stable	Highly Stable Up	0
HT	RvY_12734-1	1	1	0	0	1	0	0	up	1	Highly Stable	Highly Stable Up	0
HT	RvY_12737-1	1	1	0	0	1	0	0	up	1	Highly Stable	Highly Stable Up	0
HT	RvY_12738	1	1	0	0	1	0	0	up	1	Highly Stable	Highly Stable Up	0
HT	RvY_12741-1	1	1	0	0	1	0	0	up	1	Highly Stable	Highly Stable Up	0
HT	RvY_12753-1	1	1	0	0	1	0	0	up	1	Highly Stable	Highly Stable Up	0
HT	RvY_12755-1	1	1	0	0	1	0	0	up	1	Highly Stable	Highly Stable Up	0
HT	RvY_12756	1	1	0	0	1	0	0	up	1	Highly Stable	Highly Stable Up	0
HT	RvY_12767-1	1	1	0	0	1	0	0	up	1	Highly Stable	Highly Stable Up	0
HT	RvY_12776-1	1	1	0	0	1	0	0	up	1	Highly Stable	Highly Stable Up	0
HT	RvY_12777-1	1	1	0	0	1	0	0	up	1	Highly Stable	Highly Stable Up	0
HT	RvY_12778-1	1	1	0	0	1	0	0	up	1	Highly Stable	Highly Stable Up	0
HT	RvY_12783-1	1	1	0	0	1	0	0	up	1	Highly Stable	Highly Stable Up	0
HT	RvY_12789-1	1	1	0	0	1	0	0	up	1	Highly Stable	Highly Stable Up	0
HT	RvY_12790-1	1	1	0	0	1	0	0	up	1	Highly Stable	Highly Stable Up	0
HT	RvY_12791-1	1	1	0	0	1	0	0	up	1	Highly Stable	Highly Stable Up	0
HT	RvY_12811-1	1	1	0	0	1	0	0	up	1	Highly Stable	Highly Stable Up	0
HT	RvY_12817-1	1	1	0	0	1	0	0	up	1	Highly Stable	Highly Stable Up	0
HT	RvY_12826-1	1	1	0	0	1	0	0	up	1	Highly Stable	Highly Stable Up	0
HT	RvY_12831-1	1	1	0	0	1	0	0	up	1	Highly Stable	Highly Stable Up	0
HT	RvY_12832-1	1	1	0	0	1	0	0	up	1	Highly Stable	Highly Stable Up	0
HT	RvY_12835-1	1	1	0	0	1	0	0	up	1	Highly Stable	Highly Stable Up	0
HT	RvY_12841-1	1	1	0	0	1	0	0	up	1	Highly Stable	Highly Stable Up	0
HT	RvY_12843-1	1	1	0	0	1	0	0	up	1	Highly Stable	Highly Stable Up	0
HT	RvY_12851-1	1	1	0	0	1	0	0	up	1	Highly Stable	Highly Stable Up	0
HT	RvY_12858-1	1	1	0	0	1	0	0	up	1	Highly Stable	Highly Stable Up	0
HT	RvY_12859-1	1	1	0	0	1	0	0	up	1	Highly Stable	Highly Stable Up	0
HT	RvY_12860-1	1	1	0	0	1	0	0	up	1	Highly Stable	Highly Stable Up	0
HT	RvY_12861-1	1	1	0	0	1	0	0	up	1	Highly Stable	Highly Stable Up	0
HT	RvY_12864-1	1	1	0	0	1	0	0	up	1	Highly Stable	Highly Stable Up	0
HT	RvY_12897-1	1	1	0	0	1	0	0	up	1	Highly Stable	Highly Stable Up	0
HT	RvY_12898-1	1	1	0	0	1	0	0	up	1	Highly Stable	Highly Stable Up	0
HT	RvY_12921-1	1	1	0	0	1	0	0	up	1	Highly Stable	Highly Stable Up	0
HT	RvY_12922-1	1	1	0	0	1	0	0	up	1	Highly Stable	Highly Stable Up	0
HT	RvY_12923	1	1	0	0	1	0	0	up	1	Highly Stable	Highly Stable Up	0
HT	RvY_12937-1	1	1	0	0	1	0	0	up	1	Highly Stable	Highly Stable Up	0
HT	RvY_12947-1	1	1	0	0	1	0	0	up	1	Highly Stable	Highly Stable Up	0
HT	RvY_12955-1	1	1	0	0	1	0	0	up	1	Highly Stable	Highly Stable Up	0
HT	RvY_12957	1	1	0	0	1	0	0	up	1	Highly Stable	Highly Stable Up	0
HT	RvY_12961	1	1	0	0	1	0	0	up	1	Highly Stable	Highly Stable Up	0
HT	RvY_12965-1	1	1	0	0	1	0	0	up	1	Highly Stable	Highly Stable Up	0
HT	RvY_12973-1	1	1	0	0	1	0	0	up	1	Highly Stable	Highly Stable Up	0
HT	RvY_12991	1	1	0	0	1	0	0	up	1	Highly Stable	Highly Stable Up	0
HT	RvY_12993-1	1	1	0	0	1	0	0	up	1	Highly Stable	Highly Stable Up	0
HT	RvY_12994-1	1	1	0	0	1	0	0	up	1	Highly Stable	Highly Stable Up	0
HT	RvY_12995-1	1	1	0	0	1	0	0	up	1	Highly Stable	Highly Stable Up	0
HT	RvY_12996-1	1	1	0	0	1	0	0	up	1	Highly Stable	Highly Stable Up	0
HT	RvY_12998	1	1	0	0	1	0	0	up	1	Highly Stable	Highly Stable Up	0
HT	RvY_13001-1	1	1	0	0	1	0	0	up	1	Highly Stable	Highly Stable Up	0
HT	RvY_13003-1	1	1	0	0	1	0	0	up	1	Highly Stable	Highly Stable Up	0
HT	RvY_13015-1	1	1	0	0	1	0	0	up	1	Highly Stable	Highly Stable Up	0
HT	RvY_13016	1	1	0	0	1	0	0	up	1	Highly Stable	Highly Stable Up	0
HT	RvY_13030	1	1	0	0	1	0	0	up	1	Highly Stable	Highly Stable Up	0
HT	RvY_13036-1	1	1	0	0	1	0	0	up	1	Highly Stable	Highly Stable Up	0
HT	RvY_13060-1	1	1	0	0	1	0	0	up	1	Highly Stable	Highly Stable Up	0
HT	RvY_13069-1	1	1	0	0	1	0	0	up	1	Highly Stable	Highly Stable Up	0
HT	RvY_13076-1	1	1	0	0	1	0	0	up	1	Highly Stable	Highly Stable Up	0
HT	RvY_13085-1	1	1	0	0	1	0	0	up	1	Highly Stable	Highly Stable Up	0
HT	RvY_13090-1	1	1	0	0	1	0	0	up	1	Highly Stable	Highly Stable Up	0
HT	RvY_13091-1	1	1	0	0	1	0	0	up	1	Highly Stable	Highly Stable Up	0
HT	RvY_13092-1	1	1	0	0	1	0	0	up	1	Highly Stable	Highly Stable Up	0
HT	RvY_13093-1	1	1	0	0	1	0	0	up	1	Highly Stable	Highly Stable Up	0
HT	RvY_13105-1	1	1	0	0	1	0	0	up	1	Highly Stable	Highly Stable Up	0
HT	RvY_13113-1	1	1	0	0	1	0	0	up	1	Highly Stable	Highly Stable Up	0
HT	RvY_13115-1	1	1	0	0	1	0	0	up	1	Highly Stable	Highly Stable Up	0
HT	RvY_13118-1	1	1	0	0	1	0	0	up	1	Highly Stable	Highly Stable Up	0
HT	RvY_13156-1	1	1	0	0	1	0	0	up	1	Highly Stable	Highly Stable Up	0
HT	RvY_13169-1	1	1	0	0	1	0	0	up	1	Highly Stable	Highly Stable Up	0
HT	RvY_13171-1	1	1	0	0	1	0	0	up	1	Highly Stable	Highly Stable Up	0
HT	RvY_13175-1	1	1	0	0	1	0	0	up	1	Highly Stable	Highly Stable Up	0
HT	RvY_13176-1	1	1	0	0	1	0	0	up	1	Highly Stable	Highly Stable Up	0
HT	RvY_13185	1	1	0	0	1	0	0	up	1	Highly Stable	Highly Stable Up	0
HT	RvY_13188-1	1	1	0	0	1	0	0	up	1	Highly Stable	Highly Stable Up	0
HT	RvY_13191-1	1	1	0	0	1	0	0	up	1	Highly Stable	Highly Stable Up	0
HT	RvY_13202-1	1	1	0	0	1	0	0	up	1	Highly Stable	Highly Stable Up	0
HT	RvY_13203-1	1	1	0	0	1	0	0	up	1	Highly Stable	Highly Stable Up	0
HT	RvY_13221-1	1	1	0	0	1	0	0	up	1	Highly Stable	Highly Stable Up	0
HT	RvY_13225	1	1	0	0	1	0	0	up	1	Highly Stable	Highly Stable Up	0
HT	RvY_13229-1	1	1	0	0	1	0	0	up	1	Highly Stable	Highly Stable Up	0
HT	RvY_13240	1	1	0	0	1	0	0	up	1	Highly Stable	Highly Stable Up	0
HT	RvY_13249-1	1	1	0	0	1	0	0	up	1	Highly Stable	Highly Stable Up	0
HT	RvY_13271-1	1	1	0	0	1	0	0	up	1	Highly Stable	Highly Stable Up	0
HT	RvY_13282-1	1	1	0	0	1	0	0	up	1	Highly Stable	Highly Stable Up	0
HT	RvY_13287-1	1	1	0	0	1	0	0	up	1	Highly Stable	Highly Stable Up	0
HT	RvY_13293	1	1	0	0	1	0	0	up	1	Highly Stable	Highly Stable Up	0
HT	RvY_13313	1	1	0	0	1	0	0	up	1	Highly Stable	Highly Stable Up	0
HT	RvY_13314-1	1	1	0	0	1	0	0	up	1	Highly Stable	Highly Stable Up	0
HT	RvY_13318-1	1	1	0	0	1	0	0	up	1	Highly Stable	Highly Stable Up	0
HT	RvY_13321-1	1	1	0	0	1	0	0	up	1	Highly Stable	Highly Stable Up	0
HT	RvY_13332-1	1	1	0	0	1	0	0	up	1	Highly Stable	Highly Stable Up	0
HT	RvY_13336	1	1	0	0	1	0	0	up	1	Highly Stable	Highly Stable Up	0
HT	RvY_13346-1	1	1	0	0	1	0	0	up	1	Highly Stable	Highly Stable Up	0
HT	RvY_13359-1	1	1	0	0	1	0	0	up	1	Highly Stable	Highly Stable Up	0
HT	RvY_13360	1	1	0	0	1	0	0	up	1	Highly Stable	Highly Stable Up	0
HT	RvY_13403-1	1	1	0	0	1	0	0	up	1	Highly Stable	Highly Stable Up	0
HT	RvY_13426-1	1	1	0	0	1	0	0	up	1	Highly Stable	Highly Stable Up	0
HT	RvY_13447-1	1	1	0	0	1	0	0	up	1	Highly Stable	Highly Stable Up	0
HT	RvY_13448-1	1	1	0	0	1	0	0	up	1	Highly Stable	Highly Stable Up	0
HT	RvY_13458-1	1	1	0	0	1	0	0	up	1	Highly Stable	Highly Stable Up	0
HT	RvY_13484	1	1	0	0	1	0	0	up	1	Highly Stable	Highly Stable Up	0
HT	RvY_13488-1	1	1	0	0	1	0	0	up	1	Highly Stable	Highly Stable Up	0
HT	RvY_13491-1	1	1	0	0	1	0	0	up	1	Highly Stable	Highly Stable Up	0
HT	RvY_13493-1	1	1	0	0	1	0	0	up	1	Highly Stable	Highly Stable Up	0
HT	RvY_13504-1	1	1	0	0	1	0	0	up	1	Highly Stable	Highly Stable Up	0
HT	RvY_13512-1	1	1	0	0	1	0	0	up	1	Highly Stable	Highly Stable Up	0
HT	RvY_13513-1	1	1	0	0	1	0	0	up	1	Highly Stable	Highly Stable Up	0
HT	RvY_13530-1	1	1	0	0	1	0	0	up	1	Highly Stable	Highly Stable Up	0
HT	RvY_13557-1	1	1	0	0	1	0	0	up	1	Highly Stable	Highly Stable Up	0
HT	RvY_13560-1	1	1	0	0	1	0	0	up	1	Highly Stable	Highly Stable Up	0
HT	RvY_13578-1	1	1	0	0	1	0	0	up	1	Highly Stable	Highly Stable Up	0
HT	RvY_13587	1	1	0	0	1	0	0	up	1	Highly Stable	Highly Stable Up	0
HT	RvY_13588-1	1	1	0	0	1	0	0	up	1	Highly Stable	Highly Stable Up	0
HT	RvY_13590-1	1	1	0	0	1	0	0	up	1	Highly Stable	Highly Stable Up	0
HT	RvY_13597-1	1	1	0	0	1	0	0	up	1	Highly Stable	Highly Stable Up	0
HT	RvY_13599	1	1	0	0	1	0	0	up	1	Highly Stable	Highly Stable Up	0
HT	RvY_13611-1	1	1	0	0	1	0	0	up	1	Highly Stable	Highly Stable Up	0
HT	RvY_13617-1	1	1	0	0	1	0	0	up	1	Highly Stable	Highly Stable Up	0
HT	RvY_13625	1	1	0	0	1	0	0	up	1	Highly Stable	Highly Stable Up	0
HT	RvY_13626-1	1	1	0	0	1	0	0	up	1	Highly Stable	Highly Stable Up	0
HT	RvY_13639-1	1	1	0	0	1	0	0	up	1	Highly Stable	Highly Stable Up	0
HT	RvY_13655-1	1	1	0	0	1	0	0	up	1	Highly Stable	Highly Stable Up	0
HT	RvY_13658-1	1	1	0	0	1	0	0	up	1	Highly Stable	Highly Stable Up	0
HT	RvY_13666-1	1	1	0	0	1	0	0	up	1	Highly Stable	Highly Stable Up	0
HT	RvY_13689-1	1	1	0	0	1	0	0	up	1	Highly Stable	Highly Stable Up	0
HT	RvY_13692-1	1	1	0	0	1	0	0	up	1	Highly Stable	Highly Stable Up	0
HT	RvY_13693-1	1	1	0	0	1	0	0	up	1	Highly Stable	Highly Stable Up	0
HT	RvY_13694-1	1	1	0	0	1	0	0	up	1	Highly Stable	Highly Stable Up	0
HT	RvY_13696-1	1	1	0	0	1	0	0	up	1	Highly Stable	Highly Stable Up	0
HT	RvY_13700-1	1	1	0	0	1	0	0	up	1	Highly Stable	Highly Stable Up	0
HT	RvY_13702-1	1	1	0	0	1	0	0	up	1	Highly Stable	Highly Stable Up	0
HT	RvY_13710-1	1	1	0	0	1	0	0	up	1	Highly Stable	Highly Stable Up	0
HT	RvY_13714-1	1	1	0	0	1	0	0	up	1	Highly Stable	Highly Stable Up	0
HT	RvY_13730-1	1	1	0	0	1	0	0	up	1	Highly Stable	Highly Stable Up	0
HT	RvY_13738-1	1	1	0	0	1	0	0	up	1	Highly Stable	Highly Stable Up	0
HT	RvY_13741-1	1	1	0	0	1	0	0	up	1	Highly Stable	Highly Stable Up	0
HT	RvY_13749-1	1	1	0	0	1	0	0	up	1	Highly Stable	Highly Stable Up	0
HT	RvY_13756-1	1	1	0	0	1	0	0	up	1	Highly Stable	Highly Stable Up	0
HT	RvY_13769-1	1	1	0	0	1	0	0	up	1	Highly Stable	Highly Stable Up	0
HT	RvY_13787-1	1	1	0	0	1	0	0	up	1	Highly Stable	Highly Stable Up	0
HT	RvY_13789	1	1	0	0	1	0	0	up	1	Highly Stable	Highly Stable Up	0
HT	RvY_13794-1	1	1	0	0	1	0	0	up	1	Highly Stable	Highly Stable Up	0
HT	RvY_13796-1	1	1	0	0	1	0	0	up	1	Highly Stable	Highly Stable Up	0
HT	RvY_13797-1	1	1	0	0	1	0	0	up	1	Highly Stable	Highly Stable Up	0
HT	RvY_13798-1	1	1	0	0	1	0	0	up	1	Highly Stable	Highly Stable Up	0
HT	RvY_13800	1	1	0	0	1	0	0	up	1	Highly Stable	Highly Stable Up	0
HT	RvY_13811-1	1	1	0	0	1	0	0	up	1	Highly Stable	Highly Stable Up	0
HT	RvY_13825-1	1	1	0	0	1	0	0	up	1	Highly Stable	Highly Stable Up	0
HT	RvY_13833-1	1	1	0	0	1	0	0	up	1	Highly Stable	Highly Stable Up	0
HT	RvY_13841-1	1	1	0	0	1	0	0	up	1	Highly Stable	Highly Stable Up	0
HT	RvY_13848-1	1	1	0	0	1	0	0	up	1	Highly Stable	Highly Stable Up	0
HT	RvY_13858-1	1	1	0	0	1	0	0	up	1	Highly Stable	Highly Stable Up	0
HT	RvY_13870	1	1	0	0	1	0	0	up	1	Highly Stable	Highly Stable Up	0
HT	RvY_13874-1	1	1	0	0	1	0	0	up	1	Highly Stable	Highly Stable Up	0
HT	RvY_13875-1	1	1	0	0	1	0	0	up	1	Highly Stable	Highly Stable Up	0
HT	RvY_13883-1	1	1	0	0	1	0	0	up	1	Highly Stable	Highly Stable Up	0
HT	RvY_13886-1	1	1	0	0	1	0	0	up	1	Highly Stable	Highly Stable Up	0
HT	RvY_13889-1	1	1	0	0	1	0	0	up	1	Highly Stable	Highly Stable Up	0
HT	RvY_13890-1	1	1	0	0	1	0	0	up	1	Highly Stable	Highly Stable Up	0
HT	RvY_13897-1	1	1	0	0	1	0	0	up	1	Highly Stable	Highly Stable Up	0
HT	RvY_13898-1	1	1	0	0	1	0	0	up	1	Highly Stable	Highly Stable Up	0
HT	RvY_13914	1	1	0	0	1	0	0	up	1	Highly Stable	Highly Stable Up	0
HT	RvY_13922-1	1	1	0	0	1	0	0	up	1	Highly Stable	Highly Stable Up	0
HT	RvY_13936-1	1	1	0	0	1	0	0	up	1	Highly Stable	Highly Stable Up	0
HT	RvY_13955-1	1	1	0	0	1	0	0	up	1	Highly Stable	Highly Stable Up	0
HT	RvY_13957-1	1	1	0	0	1	0	0	up	1	Highly Stable	Highly Stable Up	0
HT	RvY_13960-1	1	1	0	0	1	0	0	up	1	Highly Stable	Highly Stable Up	0
HT	RvY_13998-1	1	1	0	0	1	0	0	up	1	Highly Stable	Highly Stable Up	0
HT	RvY_14000-1	1	1	0	0	1	0	0	up	1	Highly Stable	Highly Stable Up	0
HT	RvY_14001-1	1	1	0	0	1	0	0	up	1	Highly Stable	Highly Stable Up	0
HT	RvY_14002-1	1	1	0	0	1	0	0	up	1	Highly Stable	Highly Stable Up	0
HT	RvY_14003-1	1	1	0	0	1	0	0	up	1	Highly Stable	Highly Stable Up	0
HT	RvY_14004-1	1	1	0	0	1	0	0	up	1	Highly Stable	Highly Stable Up	0
HT	RvY_14041-1	1	1	0	0	1	0	0	up	1	Highly Stable	Highly Stable Up	0
HT	RvY_14047-1	1	1	0	0	1	0	0	up	1	Highly Stable	Highly Stable Up	0
HT	RvY_14054-1	1	1	0	0	1	0	0	up	1	Highly Stable	Highly Stable Up	0
HT	RvY_14058-1	1	1	0	0	1	0	0	up	1	Highly Stable	Highly Stable Up	0
HT	RvY_14062-1	1	1	0	0	1	0	0	up	1	Highly Stable	Highly Stable Up	0
HT	RvY_14073	1	1	0	0	1	0	0	up	1	Highly Stable	Highly Stable Up	0
HT	RvY_14079-1	1	1	0	0	1	0	0	up	1	Highly Stable	Highly Stable Up	0
HT	RvY_14086-1	1	1	0	0	1	0	0	up	1	Highly Stable	Highly Stable Up	0
HT	RvY_14087	1	1	0	0	1	0	0	up	1	Highly Stable	Highly Stable Up	0
HT	RvY_14088-1	1	1	0	0	1	0	0	up	1	Highly Stable	Highly Stable Up	0
HT	RvY_14108-1	1	1	0	0	1	0	0	up	1	Highly Stable	Highly Stable Up	0
HT	RvY_14109-1	1	1	0	0	1	0	0	up	1	Highly Stable	Highly Stable Up	0
HT	RvY_14113	1	1	0	0	1	0	0	up	1	Highly Stable	Highly Stable Up	0
HT	RvY_14126-1	1	1	0	0	1	0	0	up	1	Highly Stable	Highly Stable Up	0
HT	RvY_14130-1	1	1	0	0	1	0	0	up	1	Highly Stable	Highly Stable Up	0
HT	RvY_14147-1	1	1	0	0	1	0	0	up	1	Highly Stable	Highly Stable Up	0
HT	RvY_14157-1	1	1	0	0	1	0	0	up	1	Highly Stable	Highly Stable Up	0
HT	RvY_14159-1	1	1	0	0	1	0	0	up	1	Highly Stable	Highly Stable Up	0
HT	RvY_14163-1	1	1	0	0	1	0	0	up	1	Highly Stable	Highly Stable Up	0
HT	RvY_14166-1	1	1	0	0	1	0	0	up	1	Highly Stable	Highly Stable Up	0
HT	RvY_14167-1	1	1	0	0	1	0	0	up	1	Highly Stable	Highly Stable Up	0
HT	RvY_14176-1	1	1	0	0	1	0	0	up	1	Highly Stable	Highly Stable Up	0
HT	RvY_14179-1	1	1	0	0	1	0	0	up	1	Highly Stable	Highly Stable Up	0
HT	RvY_14190	1	1	0	0	1	0	0	up	1	Highly Stable	Highly Stable Up	0
HT	RvY_14199-1	1	1	0	0	1	0	0	up	1	Highly Stable	Highly Stable Up	0
HT	RvY_14227-1	1	1	0	0	1	0	0	up	1	Highly Stable	Highly Stable Up	0
HT	RvY_14236-1	1	1	0	0	1	0	0	up	1	Highly Stable	Highly Stable Up	0
HT	RvY_14259-1	1	1	0	0	1	0	0	up	1	Highly Stable	Highly Stable Up	0
HT	RvY_14260-1	1	1	0	0	1	0	0	up	1	Highly Stable	Highly Stable Up	0
HT	RvY_14275-1	1	1	0	0	1	0	0	up	1	Highly Stable	Highly Stable Up	0
HT	RvY_14281-1	1	1	0	0	1	0	0	up	1	Highly Stable	Highly Stable Up	0
HT	RvY_14282-1	1	1	0	0	1	0	0	up	1	Highly Stable	Highly Stable Up	0
HT	RvY_14293	1	1	0	0	1	0	0	up	1	Highly Stable	Highly Stable Up	0
HT	RvY_14297	1	1	0	0	1	0	0	up	1	Highly Stable	Highly Stable Up	0
HT	RvY_14298-1	1	1	0	0	1	0	0	up	1	Highly Stable	Highly Stable Up	0
HT	RvY_14299-1	1	1	0	0	1	0	0	up	1	Highly Stable	Highly Stable Up	0
HT	RvY_14306-1	1	1	0	0	1	0	0	up	1	Highly Stable	Highly Stable Up	0
HT	RvY_14307-1	1	1	0	0	1	0	0	up	1	Highly Stable	Highly Stable Up	0
HT	RvY_14314-1	1	1	0	0	1	0	0	up	1	Highly Stable	Highly Stable Up	0
HT	RvY_14329-1	1	1	0	0	1	0	0	up	1	Highly Stable	Highly Stable Up	0
HT	RvY_14330-1	1	1	0	0	1	0	0	up	1	Highly Stable	Highly Stable Up	0
HT	RvY_14335-1	1	1	0	0	1	0	0	up	1	Highly Stable	Highly Stable Up	0
HT	RvY_14347-1	1	1	0	0	1	0	0	up	1	Highly Stable	Highly Stable Up	0
HT	RvY_14350-1	1	1	0	0	1	0	0	up	1	Highly Stable	Highly Stable Up	0
HT	RvY_14351-1	1	1	0	0	1	0	0	up	1	Highly Stable	Highly Stable Up	0
HT	RvY_14352-1	1	1	0	0	1	0	0	up	1	Highly Stable	Highly Stable Up	0
HT	RvY_14353-1	1	1	0	0	1	0	0	up	1	Highly Stable	Highly Stable Up	0
HT	RvY_14362	1	1	0	0	1	0	0	up	1	Highly Stable	Highly Stable Up	0
HT	RvY_14398	1	1	0	0	1	0	0	up	1	Highly Stable	Highly Stable Up	0
HT	RvY_14401-1	1	1	0	0	1	0	0	up	1	Highly Stable	Highly Stable Up	0
HT	RvY_14407	1	1	0	0	1	0	0	up	1	Highly Stable	Highly Stable Up	0
HT	RvY_14424-1	1	1	0	0	1	0	0	up	1	Highly Stable	Highly Stable Up	0
HT	RvY_14425	1	1	0	0	1	0	0	up	1	Highly Stable	Highly Stable Up	0
HT	RvY_14426-1	1	1	0	0	1	0	0	up	1	Highly Stable	Highly Stable Up	0
HT	RvY_14427-1	1	1	0	0	1	0	0	up	1	Highly Stable	Highly Stable Up	0
HT	RvY_14438-1	1	1	0	0	1	0	0	up	1	Highly Stable	Highly Stable Up	0
HT	RvY_14442-1	1	1	0	0	1	0	0	up	1	Highly Stable	Highly Stable Up	0
HT	RvY_14467-1	1	1	0	0	1	0	0	up	1	Highly Stable	Highly Stable Up	0
HT	RvY_14472-1	1	1	0	0	1	0	0	up	1	Highly Stable	Highly Stable Up	0
HT	RvY_14486-1	1	1	0	0	1	0	0	up	1	Highly Stable	Highly Stable Up	0
HT	RvY_14497	1	1	0	0	1	0	0	up	1	Highly Stable	Highly Stable Up	0
HT	RvY_14499-1	1	1	0	0	1	0	0	up	1	Highly Stable	Highly Stable Up	0
HT	RvY_14501-1	1	1	0	0	1	0	0	up	1	Highly Stable	Highly Stable Up	0
HT	RvY_14507-1	1	1	0	0	1	0	0	up	1	Highly Stable	Highly Stable Up	0
HT	RvY_14515-1	1	1	0	0	1	0	0	up	1	Highly Stable	Highly Stable Up	0
HT	RvY_14518-1	1	1	0	0	1	0	0	up	1	Highly Stable	Highly Stable Up	0
HT	RvY_14522-1	1	1	0	0	1	0	0	up	1	Highly Stable	Highly Stable Up	0
HT	RvY_14524-1	1	1	0	0	1	0	0	up	1	Highly Stable	Highly Stable Up	0
HT	RvY_14542-1	1	1	0	0	1	0	0	up	1	Highly Stable	Highly Stable Up	0
HT	RvY_14544-1	1	1	0	0	1	0	0	up	1	Highly Stable	Highly Stable Up	0
HT	RvY_14546-1	1	1	0	0	1	0	0	up	1	Highly Stable	Highly Stable Up	0
HT	RvY_14552-1	1	1	0	0	1	0	0	up	1	Highly Stable	Highly Stable Up	0
HT	RvY_14554-1	1	1	0	0	1	0	0	up	1	Highly Stable	Highly Stable Up	0
HT	RvY_14567-1	1	1	0	0	1	0	0	up	1	Highly Stable	Highly Stable Up	0
HT	RvY_14570-1	1	1	0	0	1	0	0	up	1	Highly Stable	Highly Stable Up	0
HT	RvY_14576	1	1	0	0	1	0	0	up	1	Highly Stable	Highly Stable Up	0
HT	RvY_14588-1	1	1	0	0	1	0	0	up	1	Highly Stable	Highly Stable Up	0
HT	RvY_14591-1	1	1	0	0	1	0	0	up	1	Highly Stable	Highly Stable Up	0
HT	RvY_14592-1	1	1	0	0	1	0	0	up	1	Highly Stable	Highly Stable Up	0
HT	RvY_14593-1	1	1	0	0	1	0	0	up	1	Highly Stable	Highly Stable Up	0
HT	RvY_14594-1	1	1	0	0	1	0	0	up	1	Highly Stable	Highly Stable Up	0
HT	RvY_14602-1	1	1	0	0	1	0	0	up	1	Highly Stable	Highly Stable Up	0
HT	RvY_14611-1	1	1	0	0	1	0	0	up	1	Highly Stable	Highly Stable Up	0
HT	RvY_14613-1	1	1	0	0	1	0	0	up	1	Highly Stable	Highly Stable Up	0
HT	RvY_14623-1	1	1	0	0	1	0	0	up	1	Highly Stable	Highly Stable Up	0
HT	RvY_14624	1	1	0	0	1	0	0	up	1	Highly Stable	Highly Stable Up	0
HT	RvY_14625-1	1	1	0	0	1	0	0	up	1	Highly Stable	Highly Stable Up	0
HT	RvY_14630	1	1	0	0	1	0	0	up	1	Highly Stable	Highly Stable Up	0
HT	RvY_14636	1	1	0	0	1	0	0	up	1	Highly Stable	Highly Stable Up	0
HT	RvY_14638	1	1	0	0	1	0	0	up	1	Highly Stable	Highly Stable Up	0
HT	RvY_14646-1	1	1	0	0	1	0	0	up	1	Highly Stable	Highly Stable Up	0
HT	RvY_14647-1	1	1	0	0	1	0	0	up	1	Highly Stable	Highly Stable Up	0
HT	RvY_14652-1	1	1	0	0	1	0	0	up	1	Highly Stable	Highly Stable Up	0
HT	RvY_14655-1	1	1	0	0	1	0	0	up	1	Highly Stable	Highly Stable Up	0
HT	RvY_14662-1	1	1	0	0	1	0	0	up	1	Highly Stable	Highly Stable Up	0
HT	RvY_14672-1	1	1	0	0	1	0	0	up	1	Highly Stable	Highly Stable Up	0
HT	RvY_14680-1	1	1	0	0	1	0	0	up	1	Highly Stable	Highly Stable Up	0
HT	RvY_14699-1	1	1	0	0	1	0	0	up	1	Highly Stable	Highly Stable Up	0
HT	RvY_14701	1	1	0	0	1	0	0	up	1	Highly Stable	Highly Stable Up	0
HT	RvY_14704-1	1	1	0	0	1	0	0	up	1	Highly Stable	Highly Stable Up	0
HT	RvY_14716	1	1	0	0	1	0	0	up	1	Highly Stable	Highly Stable Up	0
HT	RvY_14718-1	1	1	0	0	1	0	0	up	1	Highly Stable	Highly Stable Up	0
HT	RvY_14722-1	1	1	0	0	1	0	0	up	1	Highly Stable	Highly Stable Up	0
HT	RvY_14739	1	1	0	0	1	0	0	up	1	Highly Stable	Highly Stable Up	0
HT	RvY_14743-1	1	1	0	0	1	0	0	up	1	Highly Stable	Highly Stable Up	0
HT	RvY_14744-1	1	1	0	0	1	0	0	up	1	Highly Stable	Highly Stable Up	0
HT	RvY_14745-1	1	1	0	0	1	0	0	up	1	Highly Stable	Highly Stable Up	0
HT	RvY_14746-1	1	1	0	0	1	0	0	up	1	Highly Stable	Highly Stable Up	0
HT	RvY_14777-1	1	1	0	0	1	0	0	up	1	Highly Stable	Highly Stable Up	0
HT	RvY_14781-1	1	1	0	0	1	0	0	up	1	Highly Stable	Highly Stable Up	0
HT	RvY_14822-1	1	1	0	0	1	0	0	up	1	Highly Stable	Highly Stable Up	0
HT	RvY_14824-1	1	1	0	0	1	0	0	up	1	Highly Stable	Highly Stable Up	0
HT	RvY_14857	1	1	0	0	1	0	0	up	1	Highly Stable	Highly Stable Up	0
HT	RvY_14858-1	1	1	0	0	1	0	0	up	1	Highly Stable	Highly Stable Up	0
HT	RvY_14900-1	1	1	0	0	1	0	0	up	1	Highly Stable	Highly Stable Up	0
HT	RvY_14917-1	1	1	0	0	1	0	0	up	1	Highly Stable	Highly Stable Up	0
HT	RvY_14933	1	1	0	0	1	0	0	up	1	Highly Stable	Highly Stable Up	0
HT	RvY_14934-1	1	1	0	0	1	0	0	up	1	Highly Stable	Highly Stable Up	0
HT	RvY_14935-1	1	1	0	0	1	0	0	up	1	Highly Stable	Highly Stable Up	0
HT	RvY_14942	1	1	0	0	1	0	0	up	1	Highly Stable	Highly Stable Up	0
HT	RvY_14972-1	1	1	0	0	1	0	0	up	1	Highly Stable	Highly Stable Up	0
HT	RvY_14980-1	1	1	0	0	1	0	0	up	1	Highly Stable	Highly Stable Up	0
HT	RvY_14982-1	1	1	0	0	1	0	0	up	1	Highly Stable	Highly Stable Up	0
HT	RvY_14988	1	1	0	0	1	0	0	up	1	Highly Stable	Highly Stable Up	0
HT	RvY_14989-1	1	1	0	0	1	0	0	up	1	Highly Stable	Highly Stable Up	0
HT	RvY_14991-1	1	1	0	0	1	0	0	up	1	Highly Stable	Highly Stable Up	0
HT	RvY_14997-1	1	1	0	0	1	0	0	up	1	Highly Stable	Highly Stable Up	0
HT	RvY_15010-1	1	1	0	0	1	0	0	up	1	Highly Stable	Highly Stable Up	0
HT	RvY_15011	1	1	0	0	1	0	0	up	1	Highly Stable	Highly Stable Up	0
HT	RvY_15012-1	1	1	0	0	1	0	0	up	1	Highly Stable	Highly Stable Up	0
HT	RvY_15017-1	1	1	0	0	1	0	0	up	1	Highly Stable	Highly Stable Up	0
HT	RvY_15028-1	1	1	0	0	1	0	0	up	1	Highly Stable	Highly Stable Up	0
HT	RvY_15029-1	1	1	0	0	1	0	0	up	1	Highly Stable	Highly Stable Up	0
HT	RvY_15030-1	1	1	0	0	1	0	0	up	1	Highly Stable	Highly Stable Up	0
HT	RvY_15033-1	1	1	0	0	1	0	0	up	1	Highly Stable	Highly Stable Up	0
HT	RvY_15034	1	1	0	0	1	0	0	up	1	Highly Stable	Highly Stable Up	0
HT	RvY_15036-1	1	1	0	0	1	0	0	up	1	Highly Stable	Highly Stable Up	0
HT	RvY_15042-1	1	1	0	0	1	0	0	up	1	Highly Stable	Highly Stable Up	0
HT	RvY_15051-1	1	1	0	0	1	0	0	up	1	Highly Stable	Highly Stable Up	0
HT	RvY_15060	1	1	0	0	1	0	0	up	1	Highly Stable	Highly Stable Up	0
HT	RvY_15068-1	1	1	0	0	1	0	0	up	1	Highly Stable	Highly Stable Up	0
HT	RvY_15087	1	1	0	0	1	0	0	up	1	Highly Stable	Highly Stable Up	0
HT	RvY_15088-1	1	1	0	0	1	0	0	up	1	Highly Stable	Highly Stable Up	0
HT	RvY_15089-1	1	1	0	0	1	0	0	up	1	Highly Stable	Highly Stable Up	0
HT	RvY_15092-1	1	1	0	0	1	0	0	up	1	Highly Stable	Highly Stable Up	0
HT	RvY_15105	1	1	0	0	1	0	0	up	1	Highly Stable	Highly Stable Up	0
HT	RvY_15106-1	1	1	0	0	1	0	0	up	1	Highly Stable	Highly Stable Up	0
HT	RvY_15107-1	1	1	0	0	1	0	0	up	1	Highly Stable	Highly Stable Up	0
HT	RvY_15109-1	1	1	0	0	1	0	0	up	1	Highly Stable	Highly Stable Up	0
HT	RvY_15112-1	1	1	0	0	1	0	0	up	1	Highly Stable	Highly Stable Up	0
HT	RvY_15162-1	1	1	0	0	1	0	0	up	1	Highly Stable	Highly Stable Up	0
HT	RvY_15171-1	1	1	0	0	1	0	0	up	1	Highly Stable	Highly Stable Up	0
HT	RvY_15176-1	1	1	0	0	1	0	0	up	1	Highly Stable	Highly Stable Up	0
HT	RvY_15177-1	1	1	0	0	1	0	0	up	1	Highly Stable	Highly Stable Up	0
HT	RvY_15184-1	1	1	0	0	1	0	0	up	1	Highly Stable	Highly Stable Up	0
HT	RvY_15195-1	1	1	0	0	1	0	0	up	1	Highly Stable	Highly Stable Up	0
HT	RvY_15196-1	1	1	0	0	1	0	0	up	1	Highly Stable	Highly Stable Up	0
HT	RvY_15205-1	1	1	0	0	1	0	0	up	1	Highly Stable	Highly Stable Up	0
HT	RvY_15226-1	1	1	0	0	1	0	0	up	1	Highly Stable	Highly Stable Up	0
HT	RvY_15228-1	1	1	0	0	1	0	0	up	1	Highly Stable	Highly Stable Up	0
HT	RvY_15229-1	1	1	0	0	1	0	0	up	1	Highly Stable	Highly Stable Up	0
HT	RvY_15230-1	1	1	0	0	1	0	0	up	1	Highly Stable	Highly Stable Up	0
HT	RvY_15235-1	1	1	0	0	1	0	0	up	1	Highly Stable	Highly Stable Up	0
HT	RvY_15236-1	1	1	0	0	1	0	0	up	1	Highly Stable	Highly Stable Up	0
HT	RvY_15237-1	1	1	0	0	1	0	0	up	1	Highly Stable	Highly Stable Up	0
HT	RvY_15238-1	1	1	0	0	1	0	0	up	1	Highly Stable	Highly Stable Up	0
HT	RvY_15287-1	1	1	0	0	1	0	0	up	1	Highly Stable	Highly Stable Up	0
HT	RvY_15288-1	1	1	0	0	1	0	0	up	1	Highly Stable	Highly Stable Up	0
HT	RvY_15289	1	1	0	0	1	0	0	up	1	Highly Stable	Highly Stable Up	0
HT	RvY_15322	1	1	0	0	1	0	0	up	1	Highly Stable	Highly Stable Up	0
HT	RvY_15324-1	1	1	0	0	1	0	0	up	1	Highly Stable	Highly Stable Up	0
HT	RvY_15363-1	1	1	0	0	1	0	0	up	1	Highly Stable	Highly Stable Up	0
HT	RvY_15368-1	1	1	0	0	1	0	0	up	1	Highly Stable	Highly Stable Up	0
HT	RvY_15369-1	1	1	0	0	1	0	0	up	1	Highly Stable	Highly Stable Up	0
HT	RvY_15373-1	1	1	0	0	1	0	0	up	1	Highly Stable	Highly Stable Up	0
HT	RvY_15376-1	1	1	0	0	1	0	0	up	1	Highly Stable	Highly Stable Up	0
HT	RvY_15386-1	1	1	0	0	1	0	0	up	1	Highly Stable	Highly Stable Up	0
HT	RvY_15397-1	1	1	0	0	1	0	0	up	1	Highly Stable	Highly Stable Up	0
HT	RvY_15398	1	1	0	0	1	0	0	up	1	Highly Stable	Highly Stable Up	0
HT	RvY_15404-1	1	1	0	0	1	0	0	up	1	Highly Stable	Highly Stable Up	0
HT	RvY_15416	1	1	0	0	1	0	0	up	1	Highly Stable	Highly Stable Up	0
HT	RvY_15425-1	1	1	0	0	1	0	0	up	1	Highly Stable	Highly Stable Up	0
HT	RvY_15441-1	1	1	0	0	1	0	0	up	1	Highly Stable	Highly Stable Up	0
HT	RvY_15450-1	1	1	0	0	1	0	0	up	1	Highly Stable	Highly Stable Up	0
HT	RvY_15451-1	1	1	0	0	1	0	0	up	1	Highly Stable	Highly Stable Up	0
HT	RvY_15458-1	1	1	0	0	1	0	0	up	1	Highly Stable	Highly Stable Up	0
HT	RvY_15464	1	1	0	0	1	0	0	up	1	Highly Stable	Highly Stable Up	0
HT	RvY_15469-1	1	1	0	0	1	0	0	up	1	Highly Stable	Highly Stable Up	0
HT	RvY_15473-1	1	1	0	0	1	0	0	up	1	Highly Stable	Highly Stable Up	0
HT	RvY_15474-1	1	1	0	0	1	0	0	up	1	Highly Stable	Highly Stable Up	0
HT	RvY_15475-1	1	1	0	0	1	0	0	up	1	Highly Stable	Highly Stable Up	0
HT	RvY_15478-1	1	1	0	0	1	0	0	up	1	Highly Stable	Highly Stable Up	0
HT	RvY_15479-1	1	1	0	0	1	0	0	up	1	Highly Stable	Highly Stable Up	0
HT	RvY_15500-1	1	1	0	0	1	0	0	up	1	Highly Stable	Highly Stable Up	0
HT	RvY_15501-1	1	1	0	0	1	0	0	up	1	Highly Stable	Highly Stable Up	0
HT	RvY_15515-1	1	1	0	0	1	0	0	up	1	Highly Stable	Highly Stable Up	0
HT	RvY_15517-1	1	1	0	0	1	0	0	up	1	Highly Stable	Highly Stable Up	0
HT	RvY_15520-1	1	1	0	0	1	0	0	up	1	Highly Stable	Highly Stable Up	0
HT	RvY_15524-1	1	1	0	0	1	0	0	up	1	Highly Stable	Highly Stable Up	0
HT	RvY_15530-1	1	1	0	0	1	0	0	up	1	Highly Stable	Highly Stable Up	0
HT	RvY_15540-1	1	1	0	0	1	0	0	up	1	Highly Stable	Highly Stable Up	0
HT	RvY_15541-1	1	1	0	0	1	0	0	up	1	Highly Stable	Highly Stable Up	0
HT	RvY_15548-1	1	1	0	0	1	0	0	up	1	Highly Stable	Highly Stable Up	0
HT	RvY_15550-1	1	1	0	0	1	0	0	up	1	Highly Stable	Highly Stable Up	0
HT	RvY_15553-1	1	1	0	0	1	0	0	up	1	Highly Stable	Highly Stable Up	0
HT	RvY_15554-1	1	1	0	0	1	0	0	up	1	Highly Stable	Highly Stable Up	0
HT	RvY_15556-1	1	1	0	0	1	0	0	up	1	Highly Stable	Highly Stable Up	0
HT	RvY_15557	1	1	0	0	1	0	0	up	1	Highly Stable	Highly Stable Up	0
HT	RvY_15559	1	1	0	0	1	0	0	up	1	Highly Stable	Highly Stable Up	0
HT	RvY_15560-1	1	1	0	0	1	0	0	up	1	Highly Stable	Highly Stable Up	0
HT	RvY_15562-1	1	1	0	0	1	0	0	up	1	Highly Stable	Highly Stable Up	0
HT	RvY_15563-1	1	1	0	0	1	0	0	up	1	Highly Stable	Highly Stable Up	0
HT	RvY_15564-1	1	1	0	0	1	0	0	up	1	Highly Stable	Highly Stable Up	0
HT	RvY_15578-1	1	1	0	0	1	0	0	up	1	Highly Stable	Highly Stable Up	0
HT	RvY_15579-1	1	1	0	0	1	0	0	up	1	Highly Stable	Highly Stable Up	0
HT	RvY_15585	1	1	0	0	1	0	0	up	1	Highly Stable	Highly Stable Up	0
HT	RvY_15621	1	1	0	0	1	0	0	up	1	Highly Stable	Highly Stable Up	0
HT	RvY_15625	1	1	0	0	1	0	0	up	1	Highly Stable	Highly Stable Up	0
HT	RvY_15627-1	1	1	0	0	1	0	0	up	1	Highly Stable	Highly Stable Up	0
HT	RvY_15628-1	1	1	0	0	1	0	0	up	1	Highly Stable	Highly Stable Up	0
HT	RvY_15635-1	1	1	0	0	1	0	0	up	1	Highly Stable	Highly Stable Up	0
HT	RvY_15636-1	1	1	0	0	1	0	0	up	1	Highly Stable	Highly Stable Up	0
HT	RvY_15640-1	1	1	0	0	1	0	0	up	1	Highly Stable	Highly Stable Up	0
HT	RvY_15642-1	1	1	0	0	1	0	0	up	1	Highly Stable	Highly Stable Up	0
HT	RvY_15646-1	1	1	0	0	1	0	0	up	1	Highly Stable	Highly Stable Up	0
HT	RvY_15650-1	1	1	0	0	1	0	0	up	1	Highly Stable	Highly Stable Up	0
HT	RvY_15657-1	1	1	0	0	1	0	0	up	1	Highly Stable	Highly Stable Up	0
HT	RvY_15679-1	1	1	0	0	1	0	0	up	1	Highly Stable	Highly Stable Up	0
HT	RvY_15685-1	1	1	0	0	1	0	0	up	1	Highly Stable	Highly Stable Up	0
HT	RvY_15686	1	1	0	0	1	0	0	up	1	Highly Stable	Highly Stable Up	0
HT	RvY_15700-1	1	1	0	0	1	0	0	up	1	Highly Stable	Highly Stable Up	0
HT	RvY_15719-1	1	1	0	0	1	0	0	up	1	Highly Stable	Highly Stable Up	0
HT	RvY_15724-1	1	1	0	0	1	0	0	up	1	Highly Stable	Highly Stable Up	0
HT	RvY_15725-1	1	1	0	0	1	0	0	up	1	Highly Stable	Highly Stable Up	0
HT	RvY_15729-1	1	1	0	0	1	0	0	up	1	Highly Stable	Highly Stable Up	0
HT	RvY_15733-1	1	1	0	0	1	0	0	up	1	Highly Stable	Highly Stable Up	0
HT	RvY_15734-1	1	1	0	0	1	0	0	up	1	Highly Stable	Highly Stable Up	0
HT	RvY_15735-1	1	1	0	0	1	0	0	up	1	Highly Stable	Highly Stable Up	0
HT	RvY_15736-1	1	1	0	0	1	0	0	up	1	Highly Stable	Highly Stable Up	0
HT	RvY_15742-1	1	1	0	0	1	0	0	up	1	Highly Stable	Highly Stable Up	0
HT	RvY_15747-1	1	1	0	0	1	0	0	up	1	Highly Stable	Highly Stable Up	0
HT	RvY_15753-1	1	1	0	0	1	0	0	up	1	Highly Stable	Highly Stable Up	0
HT	RvY_15754	1	1	0	0	1	0	0	up	1	Highly Stable	Highly Stable Up	0
HT	RvY_15755-1	1	1	0	0	1	0	0	up	1	Highly Stable	Highly Stable Up	0
HT	RvY_15762-1	1	1	0	0	1	0	0	up	1	Highly Stable	Highly Stable Up	0
HT	RvY_15769-1	1	1	0	0	1	0	0	up	1	Highly Stable	Highly Stable Up	0
HT	RvY_15778-1	1	1	0	0	1	0	0	up	1	Highly Stable	Highly Stable Up	0
HT	RvY_15780-1	1	1	0	0	1	0	0	up	1	Highly Stable	Highly Stable Up	0
HT	RvY_15782-1	1	1	0	0	1	0	0	up	1	Highly Stable	Highly Stable Up	0
HT	RvY_15787-1	1	1	0	0	1	0	0	up	1	Highly Stable	Highly Stable Up	0
HT	RvY_15789-1	1	1	0	0	1	0	0	up	1	Highly Stable	Highly Stable Up	0
HT	RvY_15800-1	1	1	0	0	1	0	0	up	1	Highly Stable	Highly Stable Up	0
HT	RvY_15803-1	1	1	0	0	1	0	0	up	1	Highly Stable	Highly Stable Up	0
HT	RvY_15804-1	1	1	0	0	1	0	0	up	1	Highly Stable	Highly Stable Up	0
HT	RvY_15811-1	1	1	0	0	1	0	0	up	1	Highly Stable	Highly Stable Up	0
HT	RvY_15816-1	1	1	0	0	1	0	0	up	1	Highly Stable	Highly Stable Up	0
HT	RvY_15819-1	1	1	0	0	1	0	0	up	1	Highly Stable	Highly Stable Up	0
HT	RvY_15825-1	1	1	0	0	1	0	0	up	1	Highly Stable	Highly Stable Up	0
HT	RvY_15836-1	1	1	0	0	1	0	0	up	1	Highly Stable	Highly Stable Up	0
HT	RvY_15838-1	1	1	0	0	1	0	0	up	1	Highly Stable	Highly Stable Up	0
HT	RvY_15841-1	1	1	0	0	1	0	0	up	1	Highly Stable	Highly Stable Up	0
HT	RvY_15852-1	1	1	0	0	1	0	0	up	1	Highly Stable	Highly Stable Up	0
HT	RvY_15859	1	1	0	0	1	0	0	up	1	Highly Stable	Highly Stable Up	0
HT	RvY_15863-1	1	1	0	0	1	0	0	up	1	Highly Stable	Highly Stable Up	0
HT	RvY_15871-1	1	1	0	0	1	0	0	up	1	Highly Stable	Highly Stable Up	0
HT	RvY_15880-1	1	1	0	0	1	0	0	up	1	Highly Stable	Highly Stable Up	0
HT	RvY_15881-1	1	1	0	0	1	0	0	up	1	Highly Stable	Highly Stable Up	0
HT	RvY_15889-1	1	1	0	0	1	0	0	up	1	Highly Stable	Highly Stable Up	0
HT	RvY_15891-1	1	1	0	0	1	0	0	up	1	Highly Stable	Highly Stable Up	0
HT	RvY_15899	1	1	0	0	1	0	0	up	1	Highly Stable	Highly Stable Up	0
HT	RvY_15903-1	1	1	0	0	1	0	0	up	1	Highly Stable	Highly Stable Up	0
HT	RvY_15904-1	1	1	0	0	1	0	0	up	1	Highly Stable	Highly Stable Up	0
HT	RvY_15908-1	1	1	0	0	1	0	0	up	1	Highly Stable	Highly Stable Up	0
HT	RvY_15910-1	1	1	0	0	1	0	0	up	1	Highly Stable	Highly Stable Up	0
HT	RvY_15929-1	1	1	0	0	1	0	0	up	1	Highly Stable	Highly Stable Up	0
HT	RvY_15933-1	1	1	0	0	1	0	0	up	1	Highly Stable	Highly Stable Up	0
HT	RvY_15955-1	1	1	0	0	1	0	0	up	1	Highly Stable	Highly Stable Up	0
HT	RvY_15970-1	1	1	0	0	1	0	0	up	1	Highly Stable	Highly Stable Up	0
HT	RvY_15971-1	1	1	0	0	1	0	0	up	1	Highly Stable	Highly Stable Up	0
HT	RvY_15973-1	1	1	0	0	1	0	0	up	1	Highly Stable	Highly Stable Up	0
HT	RvY_15981-1	1	1	0	0	1	0	0	up	1	Highly Stable	Highly Stable Up	0
HT	RvY_15983	1	1	0	0	1	0	0	up	1	Highly Stable	Highly Stable Up	0
HT	RvY_15984	1	1	0	0	1	0	0	up	1	Highly Stable	Highly Stable Up	0
HT	RvY_15985-1	1	1	0	0	1	0	0	up	1	Highly Stable	Highly Stable Up	0
HT	RvY_15986-1	1	1	0	0	1	0	0	up	1	Highly Stable	Highly Stable Up	0
HT	RvY_15987-1	1	1	0	0	1	0	0	up	1	Highly Stable	Highly Stable Up	0
HT	RvY_15988	1	1	0	0	1	0	0	up	1	Highly Stable	Highly Stable Up	0
HT	RvY_15992-1	1	1	0	0	1	0	0	up	1	Highly Stable	Highly Stable Up	0
HT	RvY_15994-1	1	1	0	0	1	0	0	up	1	Highly Stable	Highly Stable Up	0
HT	RvY_15998-1	1	1	0	0	1	0	0	up	1	Highly Stable	Highly Stable Up	0
HT	RvY_15999	1	1	0	0	1	0	0	up	1	Highly Stable	Highly Stable Up	0
HT	RvY_16000-1	1	1	0	0	1	0	0	up	1	Highly Stable	Highly Stable Up	0
HT	RvY_16003-1	1	1	0	0	1	0	0	up	1	Highly Stable	Highly Stable Up	0
HT	RvY_16004-1	1	1	0	0	1	0	0	up	1	Highly Stable	Highly Stable Up	0
HT	RvY_16012-1	1	1	0	0	1	0	0	up	1	Highly Stable	Highly Stable Up	0
HT	RvY_16019-1	1	1	0	0	1	0	0	up	1	Highly Stable	Highly Stable Up	0
HT	RvY_16061-1	1	1	0	0	1	0	0	up	1	Highly Stable	Highly Stable Up	0
HT	RvY_16079-1	1	1	0	0	1	0	0	up	1	Highly Stable	Highly Stable Up	0
HT	RvY_16082-1	1	1	0	0	1	0	0	up	1	Highly Stable	Highly Stable Up	0
HT	RvY_16085-1	1	1	0	0	1	0	0	up	1	Highly Stable	Highly Stable Up	0
HT	RvY_16094-1	1	1	0	0	1	0	0	up	1	Highly Stable	Highly Stable Up	0
HT	RvY_16108-1	1	1	0	0	1	0	0	up	1	Highly Stable	Highly Stable Up	0
HT	RvY_16116-1	1	1	0	0	1	0	0	up	1	Highly Stable	Highly Stable Up	0
HT	RvY_16117-1	1	1	0	0	1	0	0	up	1	Highly Stable	Highly Stable Up	0
HT	RvY_16124	1	1	0	0	1	0	0	up	1	Highly Stable	Highly Stable Up	0
HT	RvY_16163-1	1	1	0	0	1	0	0	up	1	Highly Stable	Highly Stable Up	0
HT	RvY_16168-1	1	1	0	0	1	0	0	up	1	Highly Stable	Highly Stable Up	0
HT	RvY_16169-1	1	1	0	0	1	0	0	up	1	Highly Stable	Highly Stable Up	0
HT	RvY_16182-1	1	1	0	0	1	0	0	up	1	Highly Stable	Highly Stable Up	0
HT	RvY_16222-1	1	1	0	0	1	0	0	up	1	Highly Stable	Highly Stable Up	0
HT	RvY_16237-1	1	1	0	0	1	0	0	up	1	Highly Stable	Highly Stable Up	0
HT	RvY_16238-1	1	1	0	0	1	0	0	up	1	Highly Stable	Highly Stable Up	0
HT	RvY_16243-1	1	1	0	0	1	0	0	up	1	Highly Stable	Highly Stable Up	0
HT	RvY_16244-1	1	1	0	0	1	0	0	up	1	Highly Stable	Highly Stable Up	0
HT	RvY_16263-1	1	1	0	0	1	0	0	up	1	Highly Stable	Highly Stable Up	0
HT	RvY_16270-1	1	1	0	0	1	0	0	up	1	Highly Stable	Highly Stable Up	0
HT	RvY_16290	1	1	0	0	1	0	0	up	1	Highly Stable	Highly Stable Up	0
HT	RvY_16351	1	1	0	0	1	0	0	up	1	Highly Stable	Highly Stable Up	0
HT	RvY_16353-1	1	1	0	0	1	0	0	up	1	Highly Stable	Highly Stable Up	0
HT	RvY_16387-1	1	1	0	0	1	0	0	up	1	Highly Stable	Highly Stable Up	0
HT	RvY_16432-1	1	1	0	0	1	0	0	up	1	Highly Stable	Highly Stable Up	0
HT	RvY_16443-1	1	1	0	0	1	0	0	up	1	Highly Stable	Highly Stable Up	0
HT	RvY_16444	1	1	0	0	1	0	0	up	1	Highly Stable	Highly Stable Up	0
HT	RvY_16449-1	1	1	0	0	1	0	0	up	1	Highly Stable	Highly Stable Up	0
HT	RvY_16452-1	1	1	0	0	1	0	0	up	1	Highly Stable	Highly Stable Up	0
HT	RvY_16472-1	1	1	0	0	1	0	0	up	1	Highly Stable	Highly Stable Up	0
HT	RvY_16495-1	1	1	0	0	1	0	0	up	1	Highly Stable	Highly Stable Up	0
HT	RvY_16504-1	1	1	0	0	1	0	0	up	1	Highly Stable	Highly Stable Up	0
HT	RvY_16523-1	1	1	0	0	1	0	0	up	1	Highly Stable	Highly Stable Up	0
HT	RvY_16526-1	1	1	0	0	1	0	0	up	1	Highly Stable	Highly Stable Up	0
HT	RvY_16534-1	1	1	0	0	1	0	0	up	1	Highly Stable	Highly Stable Up	0
HT	RvY_16541-1	1	1	0	0	1	0	0	up	1	Highly Stable	Highly Stable Up	0
HT	RvY_16583-1	1	1	0	0	1	0	0	up	1	Highly Stable	Highly Stable Up	0
HT	RvY_16605-1	1	1	0	0	1	0	0	up	1	Highly Stable	Highly Stable Up	0
HT	RvY_16625	1	1	0	0	1	0	0	up	1	Highly Stable	Highly Stable Up	0
HT	RvY_16626-1	1	1	0	0	1	0	0	up	1	Highly Stable	Highly Stable Up	0
HT	RvY_16648-1	1	1	0	0	1	0	0	up	1	Highly Stable	Highly Stable Up	0
HT	RvY_16656	1	1	0	0	1	0	0	up	1	Highly Stable	Highly Stable Up	0
HT	RvY_16659-1	1	1	0	0	1	0	0	up	1	Highly Stable	Highly Stable Up	0
HT	RvY_16685-1	1	1	0	0	1	0	0	up	1	Highly Stable	Highly Stable Up	0
HT	RvY_16686-1	1	1	0	0	1	0	0	up	1	Highly Stable	Highly Stable Up	0
HT	RvY_16723-1	1	1	0	0	1	0	0	up	1	Highly Stable	Highly Stable Up	0
HT	RvY_16732-1	1	1	0	0	1	0	0	up	1	Highly Stable	Highly Stable Up	0
HT	RvY_16758-1	1	1	0	0	1	0	0	up	1	Highly Stable	Highly Stable Up	0
HT	RvY_16761-1	1	1	0	0	1	0	0	up	1	Highly Stable	Highly Stable Up	0
HT	RvY_16764-1	1	1	0	0	1	0	0	up	1	Highly Stable	Highly Stable Up	0
HT	RvY_16774	1	1	0	0	1	0	0	up	1	Highly Stable	Highly Stable Up	0
HT	RvY_16779-1	1	1	0	0	1	0	0	up	1	Highly Stable	Highly Stable Up	0
HT	RvY_16789-1	1	1	0	0	1	0	0	up	1	Highly Stable	Highly Stable Up	0
HT	RvY_16790-1	1	1	0	0	1	0	0	up	1	Highly Stable	Highly Stable Up	0
HT	RvY_16796	1	1	0	0	1	0	0	up	1	Highly Stable	Highly Stable Up	0
HT	RvY_16815-1	1	1	0	0	1	0	0	up	1	Highly Stable	Highly Stable Up	0
HT	RvY_16833-1	1	1	0	0	1	0	0	up	1	Highly Stable	Highly Stable Up	0
HT	RvY_16863-1	1	1	0	0	1	0	0	up	1	Highly Stable	Highly Stable Up	0
HT	RvY_16866-1	1	1	0	0	1	0	0	up	1	Highly Stable	Highly Stable Up	0
HT	RvY_16877-1	1	1	0	0	1	0	0	up	1	Highly Stable	Highly Stable Up	0
HT	RvY_16878-1	1	1	0	0	1	0	0	up	1	Highly Stable	Highly Stable Up	0
HT	RvY_16879-1	1	1	0	0	1	0	0	up	1	Highly Stable	Highly Stable Up	0
HT	RvY_16947-1	1	1	0	0	1	0	0	up	1	Highly Stable	Highly Stable Up	0
HT	RvY_16948-1	1	1	0	0	1	0	0	up	1	Highly Stable	Highly Stable Up	0
HT	RvY_16960-1	1	1	0	0	1	0	0	up	1	Highly Stable	Highly Stable Up	0
HT	RvY_16961-1	1	1	0	0	1	0	0	up	1	Highly Stable	Highly Stable Up	0
HT	RvY_16962-1	1	1	0	0	1	0	0	up	1	Highly Stable	Highly Stable Up	0
HT	RvY_16966	1	1	0	0	1	0	0	up	1	Highly Stable	Highly Stable Up	0
HT	RvY_16970-1	1	1	0	0	1	0	0	up	1	Highly Stable	Highly Stable Up	0
HT	RvY_16974-1	1	1	0	0	1	0	0	up	1	Highly Stable	Highly Stable Up	0
HT	RvY_16985	1	1	0	0	1	0	0	up	1	Highly Stable	Highly Stable Up	0
HT	RvY_16996-1	1	1	0	0	1	0	0	up	1	Highly Stable	Highly Stable Up	0
HT	RvY_17010-1	1	1	0	0	1	0	0	up	1	Highly Stable	Highly Stable Up	0
HT	RvY_17014-1	1	1	0	0	1	0	0	up	1	Highly Stable	Highly Stable Up	0
HT	RvY_17020-1	1	1	0	0	1	0	0	up	1	Highly Stable	Highly Stable Up	0
HT	RvY_17028-1	1	1	0	0	1	0	0	up	1	Highly Stable	Highly Stable Up	0
HT	RvY_17030-1	1	1	0	0	1	0	0	up	1	Highly Stable	Highly Stable Up	0
HT	RvY_17031-1	1	1	0	0	1	0	0	up	1	Highly Stable	Highly Stable Up	0
HT	RvY_17033-1	1	1	0	0	1	0	0	up	1	Highly Stable	Highly Stable Up	0
HT	RvY_17041-1	1	1	0	0	1	0	0	up	1	Highly Stable	Highly Stable Up	0
HT	RvY_17042-1	1	1	0	0	1	0	0	up	1	Highly Stable	Highly Stable Up	0
HT	RvY_17048-1	1	1	0	0	1	0	0	up	1	Highly Stable	Highly Stable Up	0
HT	RvY_17114-1	1	1	0	0	1	0	0	up	1	Highly Stable	Highly Stable Up	0
HT	RvY_17120	1	1	0	0	1	0	0	up	1	Highly Stable	Highly Stable Up	0
HT	RvY_17121-1	1	1	0	0	1	0	0	up	1	Highly Stable	Highly Stable Up	0
HT	RvY_17145-1	1	1	0	0	1	0	0	up	1	Highly Stable	Highly Stable Up	0
HT	RvY_17173-1	1	1	0	0	1	0	0	up	1	Highly Stable	Highly Stable Up	0
HT	RvY_17200-1	1	1	0	0	1	0	0	up	1	Highly Stable	Highly Stable Up	0
HT	RvY_17206-1	1	1	0	0	1	0	0	up	1	Highly Stable	Highly Stable Up	0
HT	RvY_17219-1	1	1	0	0	1	0	0	up	1	Highly Stable	Highly Stable Up	0
HT	RvY_17221-1	1	1	0	0	1	0	0	up	1	Highly Stable	Highly Stable Up	0
HT	RvY_17225-1	1	1	0	0	1	0	0	up	1	Highly Stable	Highly Stable Up	0
HT	RvY_17226-1	1	1	0	0	1	0	0	up	1	Highly Stable	Highly Stable Up	0
HT	RvY_17227-1	1	1	0	0	1	0	0	up	1	Highly Stable	Highly Stable Up	0
HT	RvY_17249-1	1	1	0	0	1	0	0	up	1	Highly Stable	Highly Stable Up	0
HT	RvY_17282-1	1	1	0	0	1	0	0	up	1	Highly Stable	Highly Stable Up	0
HT	RvY_17287-1	1	1	0	0	1	0	0	up	1	Highly Stable	Highly Stable Up	0
HT	RvY_17289-1	1	1	0	0	1	0	0	up	1	Highly Stable	Highly Stable Up	0
HT	RvY_17290-1	1	1	0	0	1	0	0	up	1	Highly Stable	Highly Stable Up	0
HT	RvY_17325-1	1	1	0	0	1	0	0	up	1	Highly Stable	Highly Stable Up	0
HT	RvY_17326	1	1	0	0	1	0	0	up	1	Highly Stable	Highly Stable Up	0
HT	RvY_17328-1	1	1	0	0	1	0	0	up	1	Highly Stable	Highly Stable Up	0
HT	RvY_17329-1	1	1	0	0	1	0	0	up	1	Highly Stable	Highly Stable Up	0
HT	RvY_17335-1	1	1	0	0	1	0	0	up	1	Highly Stable	Highly Stable Up	0
HT	RvY_17340-1	1	1	0	0	1	0	0	up	1	Highly Stable	Highly Stable Up	0
HT	RvY_17362-1	1	1	0	0	1	0	0	up	1	Highly Stable	Highly Stable Up	0
HT	RvY_17375-1	1	1	0	0	1	0	0	up	1	Highly Stable	Highly Stable Up	0
HT	RvY_17379-1	1	1	0	0	1	0	0	up	1	Highly Stable	Highly Stable Up	0
HT	RvY_17381-1	1	1	0	0	1	0	0	up	1	Highly Stable	Highly Stable Up	0
HT	RvY_17385-1	1	1	0	0	1	0	0	up	1	Highly Stable	Highly Stable Up	0
HT	RvY_17386	1	1	0	0	1	0	0	up	1	Highly Stable	Highly Stable Up	0
HT	RvY_17408-1	1	1	0	0	1	0	0	up	1	Highly Stable	Highly Stable Up	0
HT	RvY_17409-1	1	1	0	0	1	0	0	up	1	Highly Stable	Highly Stable Up	0
HT	RvY_17419-1	1	1	0	0	1	0	0	up	1	Highly Stable	Highly Stable Up	0
HT	RvY_17422-1	1	1	0	0	1	0	0	up	1	Highly Stable	Highly Stable Up	0
HT	RvY_17448-1	1	1	0	0	1	0	0	up	1	Highly Stable	Highly Stable Up	0
HT	RvY_17449-1	1	1	0	0	1	0	0	up	1	Highly Stable	Highly Stable Up	0
HT	RvY_17450-1	1	1	0	0	1	0	0	up	1	Highly Stable	Highly Stable Up	0
HT	RvY_17460-1	1	1	0	0	1	0	0	up	1	Highly Stable	Highly Stable Up	0
HT	RvY_17464-1	1	1	0	0	1	0	0	up	1	Highly Stable	Highly Stable Up	0
HT	RvY_17468-1	1	1	0	0	1	0	0	up	1	Highly Stable	Highly Stable Up	0
HT	RvY_17470-1	1	1	0	0	1	0	0	up	1	Highly Stable	Highly Stable Up	0
HT	RvY_17489-1	1	1	0	0	1	0	0	up	1	Highly Stable	Highly Stable Up	0
HT	RvY_17490	1	1	0	0	1	0	0	up	1	Highly Stable	Highly Stable Up	0
HT	RvY_17507	1	1	0	0	1	0	0	up	1	Highly Stable	Highly Stable Up	0
HT	RvY_17512-1	1	1	0	0	1	0	0	up	1	Highly Stable	Highly Stable Up	0
HT	RvY_17515-1	1	1	0	0	1	0	0	up	1	Highly Stable	Highly Stable Up	0
HT	RvY_17519-1	1	1	0	0	1	0	0	up	1	Highly Stable	Highly Stable Up	0
HT	RvY_17523-1	1	1	0	0	1	0	0	up	1	Highly Stable	Highly Stable Up	0
HT	RvY_17524-1	1	1	0	0	1	0	0	up	1	Highly Stable	Highly Stable Up	0
HT	RvY_17528-1	1	1	0	0	1	0	0	up	1	Highly Stable	Highly Stable Up	0
HT	RvY_17530-1	1	1	0	0	1	0	0	up	1	Highly Stable	Highly Stable Up	0
HT	RvY_17532-1	1	1	0	0	1	0	0	up	1	Highly Stable	Highly Stable Up	0
HT	RvY_17540-1	1	1	0	0	1	0	0	up	1	Highly Stable	Highly Stable Up	0
HT	RvY_17551-1	1	1	0	0	1	0	0	up	1	Highly Stable	Highly Stable Up	0
HT	RvY_17559-1	1	1	0	0	1	0	0	up	1	Highly Stable	Highly Stable Up	0
HT	RvY_17568-1	1	1	0	0	1	0	0	up	1	Highly Stable	Highly Stable Up	0
HT	RvY_17599-1	1	1	0	0	1	0	0	up	1	Highly Stable	Highly Stable Up	0
HT	RvY_17606-1	1	1	0	0	1	0	0	up	1	Highly Stable	Highly Stable Up	0
HT	RvY_17608-1	1	1	0	0	1	0	0	up	1	Highly Stable	Highly Stable Up	0
HT	RvY_17609-1	1	1	0	0	1	0	0	up	1	Highly Stable	Highly Stable Up	0
HT	RvY_17619-1	1	1	0	0	1	0	0	up	1	Highly Stable	Highly Stable Up	0
HT	RvY_17625-1	1	1	0	0	1	0	0	up	1	Highly Stable	Highly Stable Up	0
HT	RvY_17631-1	1	1	0	0	1	0	0	up	1	Highly Stable	Highly Stable Up	0
HT	RvY_17632-1	1	1	0	0	1	0	0	up	1	Highly Stable	Highly Stable Up	0
HT	RvY_17635-1	1	1	0	0	1	0	0	up	1	Highly Stable	Highly Stable Up	0
HT	RvY_17636-1	1	1	0	0	1	0	0	up	1	Highly Stable	Highly Stable Up	0
HT	RvY_17642-1	1	1	0	0	1	0	0	up	1	Highly Stable	Highly Stable Up	0
HT	RvY_17643-1	1	1	0	0	1	0	0	up	1	Highly Stable	Highly Stable Up	0
HT	RvY_17676-1	1	1	0	0	1	0	0	up	1	Highly Stable	Highly Stable Up	0
HT	RvY_17677-1	1	1	0	0	1	0	0	up	1	Highly Stable	Highly Stable Up	0
HT	RvY_17678-1	1	1	0	0	1	0	0	up	1	Highly Stable	Highly Stable Up	0
HT	RvY_17683-1	1	1	0	0	1	0	0	up	1	Highly Stable	Highly Stable Up	0
HT	RvY_17684-1	1	1	0	0	1	0	0	up	1	Highly Stable	Highly Stable Up	0
HT	RvY_17687-1	1	1	0	0	1	0	0	up	1	Highly Stable	Highly Stable Up	0
HT	RvY_17688-1	1	1	0	0	1	0	0	up	1	Highly Stable	Highly Stable Up	0
HT	RvY_17689-1	1	1	0	0	1	0	0	up	1	Highly Stable	Highly Stable Up	0
HT	RvY_17699-1	1	1	0	0	1	0	0	up	1	Highly Stable	Highly Stable Up	0
HT	RvY_17713-1	1	1	0	0	1	0	0	up	1	Highly Stable	Highly Stable Up	0
HT	RvY_17720-1	1	1	0	0	1	0	0	up	1	Highly Stable	Highly Stable Up	0
HT	RvY_17722-1	1	1	0	0	1	0	0	up	1	Highly Stable	Highly Stable Up	0
HT	RvY_17736-1	1	1	0	0	1	0	0	up	1	Highly Stable	Highly Stable Up	0
HT	RvY_17740	1	1	0	0	1	0	0	up	1	Highly Stable	Highly Stable Up	0
HT	RvY_17756-1	1	1	0	0	1	0	0	up	1	Highly Stable	Highly Stable Up	0
HT	RvY_17757	1	1	0	0	1	0	0	up	1	Highly Stable	Highly Stable Up	0
HT	RvY_17760-1	1	1	0	0	1	0	0	up	1	Highly Stable	Highly Stable Up	0
HT	RvY_17761-1	1	1	0	0	1	0	0	up	1	Highly Stable	Highly Stable Up	0
HT	RvY_17785-1	1	1	0	0	1	0	0	up	1	Highly Stable	Highly Stable Up	0
HT	RvY_17790-1	1	1	0	0	1	0	0	up	1	Highly Stable	Highly Stable Up	0
HT	RvY_17791-1	1	1	0	0	1	0	0	up	1	Highly Stable	Highly Stable Up	0
HT	RvY_17792-1	1	1	0	0	1	0	0	up	1	Highly Stable	Highly Stable Up	0
HT	RvY_17795	1	1	0	0	1	0	0	up	1	Highly Stable	Highly Stable Up	0
HT	RvY_17796-1	1	1	0	0	1	0	0	up	1	Highly Stable	Highly Stable Up	0
HT	RvY_17824-1	1	1	0	0	1	0	0	up	1	Highly Stable	Highly Stable Up	0
HT	RvY_17826-1	1	1	0	0	1	0	0	up	1	Highly Stable	Highly Stable Up	0
HT	RvY_17839-1	1	1	0	0	1	0	0	up	1	Highly Stable	Highly Stable Up	0
HT	RvY_17840	1	1	0	0	1	0	0	up	1	Highly Stable	Highly Stable Up	0
HT	RvY_17848-1	1	1	0	0	1	0	0	up	1	Highly Stable	Highly Stable Up	0
HT	RvY_17858-1	1	1	0	0	1	0	0	up	1	Highly Stable	Highly Stable Up	0
HT	RvY_17865	1	1	0	0	1	0	0	up	1	Highly Stable	Highly Stable Up	0
HT	RvY_17891-1	1	1	0	0	1	0	0	up	1	Highly Stable	Highly Stable Up	0
HT	RvY_17892-1	1	1	0	0	1	0	0	up	1	Highly Stable	Highly Stable Up	0
HT	RvY_17893	1	1	0	0	1	0	0	up	1	Highly Stable	Highly Stable Up	0
HT	RvY_17905-1	1	1	0	0	1	0	0	up	1	Highly Stable	Highly Stable Up	0
HT	RvY_17924	1	1	0	0	1	0	0	up	1	Highly Stable	Highly Stable Up	0
HT	RvY_17928-1	1	1	0	0	1	0	0	up	1	Highly Stable	Highly Stable Up	0
HT	RvY_17947-1	1	1	0	0	1	0	0	up	1	Highly Stable	Highly Stable Up	0
HT	RvY_17955-1	1	1	0	0	1	0	0	up	1	Highly Stable	Highly Stable Up	0
HT	RvY_17962-1	1	1	0	0	1	0	0	up	1	Highly Stable	Highly Stable Up	0
HT	RvY_17966-1	1	1	0	0	1	0	0	up	1	Highly Stable	Highly Stable Up	0
HT	RvY_17971-1	1	1	0	0	1	0	0	up	1	Highly Stable	Highly Stable Up	0
HT	RvY_17979-1	1	1	0	0	1	0	0	up	1	Highly Stable	Highly Stable Up	0
HT	RvY_18016-1	1	1	0	0	1	0	0	up	1	Highly Stable	Highly Stable Up	0
HT	RvY_18019-1	1	1	0	0	1	0	0	up	1	Highly Stable	Highly Stable Up	0
HT	RvY_18026-1	1	1	0	0	1	0	0	up	1	Highly Stable	Highly Stable Up	0
HT	RvY_18032-1	1	1	0	0	1	0	0	up	1	Highly Stable	Highly Stable Up	0
HT	RvY_18034-1	1	1	0	0	1	0	0	up	1	Highly Stable	Highly Stable Up	0
HT	RvY_18060-1	1	1	0	0	1	0	0	up	1	Highly Stable	Highly Stable Up	0
HT	RvY_18100	1	1	0	0	1	0	0	up	1	Highly Stable	Highly Stable Up	0
HT	RvY_18113-1	1	1	0	0	1	0	0	up	1	Highly Stable	Highly Stable Up	0
HT	RvY_18125-1	1	1	0	0	1	0	0	up	1	Highly Stable	Highly Stable Up	0
HT	RvY_18137-1	1	1	0	0	1	0	0	up	1	Highly Stable	Highly Stable Up	0
HT	RvY_18144-1	1	1	0	0	1	0	0	up	1	Highly Stable	Highly Stable Up	0
HT	RvY_18203-1	1	1	0	0	1	0	0	up	1	Highly Stable	Highly Stable Up	0
HT	RvY_18225-1	1	1	0	0	1	0	0	up	1	Highly Stable	Highly Stable Up	0
HT	RvY_18226	1	1	0	0	1	0	0	up	1	Highly Stable	Highly Stable Up	0
HT	RvY_18253-1	1	1	0	0	1	0	0	up	1	Highly Stable	Highly Stable Up	0
HT	RvY_18264-1	1	1	0	0	1	0	0	up	1	Highly Stable	Highly Stable Up	0
HT	RvY_18265-1	1	1	0	0	1	0	0	up	1	Highly Stable	Highly Stable Up	0
HT	RvY_18269-1	1	1	0	0	1	0	0	up	1	Highly Stable	Highly Stable Up	0
HT	RvY_18309-1	1	1	0	0	1	0	0	up	1	Highly Stable	Highly Stable Up	0
HT	RvY_18334-1	1	1	0	0	1	0	0	up	1	Highly Stable	Highly Stable Up	0
HT	RvY_18348-1	1	1	0	0	1	0	0	up	1	Highly Stable	Highly Stable Up	0
HT	RvY_18350-1	1	1	0	0	1	0	0	up	1	Highly Stable	Highly Stable Up	0
HT	RvY_18369	1	1	0	0	1	0	0	up	1	Highly Stable	Highly Stable Up	0
HT	RvY_18388-1	1	1	0	0	1	0	0	up	1	Highly Stable	Highly Stable Up	0
HT	RvY_18392-1	1	1	0	0	1	0	0	up	1	Highly Stable	Highly Stable Up	0
HT	RvY_18399-1	1	1	0	0	1	0	0	up	1	Highly Stable	Highly Stable Up	0
HT	RvY_18413	1	1	0	0	1	0	0	up	1	Highly Stable	Highly Stable Up	0
HT	RvY_18423-1	1	1	0	0	1	0	0	up	1	Highly Stable	Highly Stable Up	0
HT	RvY_18430	1	1	0	0	1	0	0	up	1	Highly Stable	Highly Stable Up	0
HT	RvY_18443	1	1	0	0	1	0	0	up	1	Highly Stable	Highly Stable Up	0
HT	RvY_18444-1	1	1	0	0	1	0	0	up	1	Highly Stable	Highly Stable Up	0
HT	RvY_18445-1	1	1	0	0	1	0	0	up	1	Highly Stable	Highly Stable Up	0
HT	RvY_18452-1	1	1	0	0	1	0	0	up	1	Highly Stable	Highly Stable Up	0
HT	RvY_18459-1	1	1	0	0	1	0	0	up	1	Highly Stable	Highly Stable Up	0
HT	RvY_18461-1	1	1	0	0	1	0	0	up	1	Highly Stable	Highly Stable Up	0
HT	RvY_18463-1	1	1	0	0	1	0	0	up	1	Highly Stable	Highly Stable Up	0
HT	RvY_18472-1	1	1	0	0	1	0	0	up	1	Highly Stable	Highly Stable Up	0
HT	RvY_18475-1	1	1	0	0	1	0	0	up	1	Highly Stable	Highly Stable Up	0
HT	RvY_18476-1	1	1	0	0	1	0	0	up	1	Highly Stable	Highly Stable Up	0
HT	RvY_18478-1	1	1	0	0	1	0	0	up	1	Highly Stable	Highly Stable Up	0
HT	RvY_18479	1	1	0	0	1	0	0	up	1	Highly Stable	Highly Stable Up	0
HT	RvY_18488-1	1	1	0	0	1	0	0	up	1	Highly Stable	Highly Stable Up	0
HT	RvY_18493	1	1	0	0	1	0	0	up	1	Highly Stable	Highly Stable Up	0
HT	RvY_18494-1	1	1	0	0	1	0	0	up	1	Highly Stable	Highly Stable Up	0
HT	RvY_18495-1	1	1	0	0	1	0	0	up	1	Highly Stable	Highly Stable Up	0
HT	RvY_18496-1	1	1	0	0	1	0	0	up	1	Highly Stable	Highly Stable Up	0
HT	RvY_18497-1	1	1	0	0	1	0	0	up	1	Highly Stable	Highly Stable Up	0
HT	RvY_18537-1	1	1	0	0	1	0	0	up	1	Highly Stable	Highly Stable Up	0
HT	RvY_18538-1	1	1	0	0	1	0	0	up	1	Highly Stable	Highly Stable Up	0
HT	RvY_18539-1	1	1	0	0	1	0	0	up	1	Highly Stable	Highly Stable Up	0
HT	RvY_18540-1	1	1	0	0	1	0	0	up	1	Highly Stable	Highly Stable Up	0
HT	RvY_18542-1	1	1	0	0	1	0	0	up	1	Highly Stable	Highly Stable Up	0
HT	RvY_18543-1	1	1	0	0	1	0	0	up	1	Highly Stable	Highly Stable Up	0
HT	RvY_18545-1	1	1	0	0	1	0	0	up	1	Highly Stable	Highly Stable Up	0
HT	RvY_18549-1	1	1	0	0	1	0	0	up	1	Highly Stable	Highly Stable Up	0
HT	RvY_18561-1	1	1	0	0	1	0	0	up	1	Highly Stable	Highly Stable Up	0
HT	RvY_18577-1	1	1	0	0	1	0	0	up	1	Highly Stable	Highly Stable Up	0
HT	RvY_18579-1	1	1	0	0	1	0	0	up	1	Highly Stable	Highly Stable Up	0
HT	RvY_18580-1	1	1	0	0	1	0	0	up	1	Highly Stable	Highly Stable Up	0
HT	RvY_18582-1	1	1	0	0	1	0	0	up	1	Highly Stable	Highly Stable Up	0
HT	RvY_18611-1	1	1	0	0	1	0	0	up	1	Highly Stable	Highly Stable Up	0
HT	RvY_18635-1	1	1	0	0	1	0	0	up	1	Highly Stable	Highly Stable Up	0
HT	RvY_18639-1	1	1	0	0	1	0	0	up	1	Highly Stable	Highly Stable Up	0
HT	RvY_18647-1	1	1	0	0	1	0	0	up	1	Highly Stable	Highly Stable Up	0
HT	RvY_18657-1	1	1	0	0	1	0	0	up	1	Highly Stable	Highly Stable Up	0
HT	RvY_18666-1	1	1	0	0	1	0	0	up	1	Highly Stable	Highly Stable Up	0
HT	RvY_18679-1	1	1	0	0	1	0	0	up	1	Highly Stable	Highly Stable Up	0
HT	RvY_18688-1	1	1	0	0	1	0	0	up	1	Highly Stable	Highly Stable Up	0
HT	RvY_18700-1	1	1	0	0	1	0	0	up	1	Highly Stable	Highly Stable Up	0
HT	RvY_18754-1	1	1	0	0	1	0	0	up	1	Highly Stable	Highly Stable Up	0
HT	RvY_18763	1	1	0	0	1	0	0	up	1	Highly Stable	Highly Stable Up	0
HT	RvY_18800-1	1	1	0	0	1	0	0	up	1	Highly Stable	Highly Stable Up	0
HT	RvY_18804-1	1	1	0	0	1	0	0	up	1	Highly Stable	Highly Stable Up	0
HT	RvY_18824	1	1	0	0	1	0	0	up	1	Highly Stable	Highly Stable Up	0
HT	RvY_18825-1	1	1	0	0	1	0	0	up	1	Highly Stable	Highly Stable Up	0
HT	RvY_18827-1	1	1	0	0	1	0	0	up	1	Highly Stable	Highly Stable Up	0
HT	RvY_18830-1	1	1	0	0	1	0	0	up	1	Highly Stable	Highly Stable Up	0
HT	RvY_18834-1	1	1	0	0	1	0	0	up	1	Highly Stable	Highly Stable Up	0
HT	RvY_18860	1	1	0	0	1	0	0	up	1	Highly Stable	Highly Stable Up	0
HT	RvY_18868	1	1	0	0	1	0	0	up	1	Highly Stable	Highly Stable Up	0
HT	RvY_18871-1	1	1	0	0	1	0	0	up	1	Highly Stable	Highly Stable Up	0
HT	RvY_18880-1	1	1	0	0	1	0	0	up	1	Highly Stable	Highly Stable Up	0
HT	RvY_18888	1	1	0	0	1	0	0	up	1	Highly Stable	Highly Stable Up	0
HT	RvY_18933-1	1	1	0	0	1	0	0	up	1	Highly Stable	Highly Stable Up	0
HT	RvY_18956-1	1	1	0	0	1	0	0	up	1	Highly Stable	Highly Stable Up	0
HT	RvY_18974-1	1	1	0	0	1	0	0	up	1	Highly Stable	Highly Stable Up	0
HT	RvY_18981-1	1	1	0	0	1	0	0	up	1	Highly Stable	Highly Stable Up	0
HT	RvY_18992-1	1	1	0	0	1	0	0	up	1	Highly Stable	Highly Stable Up	0
HT	RvY_18993-1	1	1	0	0	1	0	0	up	1	Highly Stable	Highly Stable Up	0
HT	RvY_19002-1	1	1	0	0	1	0	0	up	1	Highly Stable	Highly Stable Up	0
HT	RvY_19022-1	1	1	0	0	1	0	0	up	1	Highly Stable	Highly Stable Up	0
HT	RvY_19023	1	1	0	0	1	0	0	up	1	Highly Stable	Highly Stable Up	0
HT	RvY_19034-1	1	1	0	0	1	0	0	up	1	Highly Stable	Highly Stable Up	0
HT	RvY_19037-1	1	1	0	0	1	0	0	up	1	Highly Stable	Highly Stable Up	0
HT	RvY_19047-1	1	1	0	0	1	0	0	up	1	Highly Stable	Highly Stable Up	0
HT	RvY_19050-1	1	1	0	0	1	0	0	up	1	Highly Stable	Highly Stable Up	0
HT	RvY_19058-1	1	1	0	0	1	0	0	up	1	Highly Stable	Highly Stable Up	0
HT	RvY_19062-1	1	1	0	0	1	0	0	up	1	Highly Stable	Highly Stable Up	0
HT	RvY_19063-1	1	1	0	0	1	0	0	up	1	Highly Stable	Highly Stable Up	0
HT	RvY_19067	1	1	0	0	1	0	0	up	1	Highly Stable	Highly Stable Up	0
HT	RvY_19089-1	1	1	0	0	1	0	0	up	1	Highly Stable	Highly Stable Up	0
HT	RvY_19098-1	1	1	0	0	1	0	0	up	1	Highly Stable	Highly Stable Up	0
HT	RvY_19100-1	1	1	0	0	1	0	0	up	1	Highly Stable	Highly Stable Up	0
HT	RvY_19104-1	1	1	0	0	1	0	0	up	1	Highly Stable	Highly Stable Up	0
HT	RvY_19105-1	1	1	0	0	1	0	0	up	1	Highly Stable	Highly Stable Up	0
HT	RvY_19106-1	1	1	0	0	1	0	0	up	1	Highly Stable	Highly Stable Up	0
HT	RvY_19149-1	1	1	0	0	1	0	0	up	1	Highly Stable	Highly Stable Up	0
HT	RvY_19150-1	1	1	0	0	1	0	0	up	1	Highly Stable	Highly Stable Up	0
HT	RvY_19158-1	1	1	0	0	1	0	0	up	1	Highly Stable	Highly Stable Up	0
HT	RvY_19159-1	1	1	0	0	1	0	0	up	1	Highly Stable	Highly Stable Up	0
HT	RvY_19160	1	1	0	0	1	0	0	up	1	Highly Stable	Highly Stable Up	0
HT	RvY_19177	1	1	0	0	1	0	0	up	1	Highly Stable	Highly Stable Up	0
HT	RvY_19192	1	1	0	0	1	0	0	up	1	Highly Stable	Highly Stable Up	0
HT	RvY_19196-1	1	1	0	0	1	0	0	up	1	Highly Stable	Highly Stable Up	0
HT	RvY_19197-1	1	1	0	0	1	0	0	up	1	Highly Stable	Highly Stable Up	0
HT	RvY_19200-1	1	1	0	0	1	0	0	up	1	Highly Stable	Highly Stable Up	0
HT	RvY_19214	1	1	0	0	1	0	0	up	1	Highly Stable	Highly Stable Up	0
HT	RvY_19235	1	1	0	0	1	0	0	up	1	Highly Stable	Highly Stable Up	0
HT	RvY_19240	1	1	0	0	1	0	0	up	1	Highly Stable	Highly Stable Up	0
HT	RvY_19241-1	1	1	0	0	1	0	0	up	1	Highly Stable	Highly Stable Up	0
HT	RvY_19242-1	1	1	0	0	1	0	0	up	1	Highly Stable	Highly Stable Up	0
HT	RvY_19253-1	1	1	0	0	1	0	0	up	1	Highly Stable	Highly Stable Up	0
HT	RvY_19262-1	1	1	0	0	1	0	0	up	1	Highly Stable	Highly Stable Up	0
HT	RvY_19264-1	1	1	0	0	1	0	0	up	1	Highly Stable	Highly Stable Up	0
HT	RvY_19268-1	1	1	0	0	1	0	0	up	1	Highly Stable	Highly Stable Up	0
HT	RvY_19279-1	1	1	0	0	1	0	0	up	1	Highly Stable	Highly Stable Up	0
HT	RvY_19296	1	1	0	0	1	0	0	up	1	Highly Stable	Highly Stable Up	0
HT	RvY_19305-2	1	1	0	0	1	0	0	up	1	Highly Stable	Highly Stable Up	0
HT	RvY_19306-1	1	1	0	0	1	0	0	up	1	Highly Stable	Highly Stable Up	0
HT	RvY_19321-1	1	1	0	0	1	0	0	up	1	Highly Stable	Highly Stable Up	0
HT	RvY_19348-1	1	1	0	0	1	0	0	up	1	Highly Stable	Highly Stable Up	0
HT	RvY_19423-1	1	1	0	0	1	0	0	up	1	Highly Stable	Highly Stable Up	0
HT	RvY_19533-1	1	1	0	0	1	0	0	up	1	Highly Stable	Highly Stable Up	0
HT	nad1	1	1	0	0	1	0	0	up	1	Highly Stable	Highly Stable Up	0
HT	nad4	1	1	0	0	1	0	0	up	1	Highly Stable	Highly Stable Up	0
HT	nad4L	1	1	0	0	1	0	0	up	1	Highly Stable	Highly Stable Up	0
HT	nad5	1	1	0	0	1	0	0	up	1	Highly Stable	Highly Stable Up	0
LT	RvY_00509-1	2	0	2	0	0	1	0	down	1	Highly Stable	Highly Stable Down	0
LT	RvY_00513	2	0	2	0	0	1	0	down	1	Highly Stable	Highly Stable Down	0
LT	RvY_00684-1	2	0	2	0	0	1	0	down	1	Highly Stable	Highly Stable Down	0
LT	RvY_00879-1	2	0	2	0	0	1	0	down	1	Highly Stable	Highly Stable Down	0
LT	RvY_00914-1	2	0	2	0	0	1	0	down	1	Highly Stable	Highly Stable Down	0
LT	RvY_00921-1	2	0	2	0	0	1	0	down	1	Highly Stable	Highly Stable Down	0
LT	RvY_00952-1	2	0	2	0	0	1	0	down	1	Highly Stable	Highly Stable Down	0
LT	RvY_01052-1	2	0	2	0	0	1	0	down	1	Highly Stable	Highly Stable Down	0
LT	RvY_01082	2	0	2	0	0	1	0	down	1	Highly Stable	Highly Stable Down	0
LT	RvY_01282-1	2	0	2	0	0	1	0	down	1	Highly Stable	Highly Stable Down	0
LT	RvY_01402-1	2	0	2	0	0	1	0	down	1	Highly Stable	Highly Stable Down	0
LT	RvY_02029-1	2	0	2	0	0	1	0	down	1	Highly Stable	Highly Stable Down	0
LT	RvY_02226-1	2	0	2	0	0	1	0	down	1	Highly Stable	Highly Stable Down	0
LT	RvY_02286-1	2	0	2	0	0	1	0	down	1	Highly Stable	Highly Stable Down	0
LT	RvY_02287-1	2	0	2	0	0	1	0	down	1	Highly Stable	Highly Stable Down	0
LT	RvY_02460-1	2	0	2	0	0	1	0	down	1	Highly Stable	Highly Stable Down	0
LT	RvY_02697-1	2	0	2	0	0	1	0	down	1	Highly Stable	Highly Stable Down	0
LT	RvY_02698-1	2	0	2	0	0	1	0	down	1	Highly Stable	Highly Stable Down	0
LT	RvY_02815-1	2	0	2	0	0	1	0	down	1	Highly Stable	Highly Stable Down	0
LT	RvY_02973-1	2	0	2	0	0	1	0	down	1	Highly Stable	Highly Stable Down	0
LT	RvY_03670-1	2	0	2	0	0	1	0	down	1	Highly Stable	Highly Stable Down	0
LT	RvY_04287	2	0	2	0	0	1	0	down	1	Highly Stable	Highly Stable Down	0
LT	RvY_04288-1	2	0	2	0	0	1	0	down	1	Highly Stable	Highly Stable Down	0
LT	RvY_04838	2	0	2	0	0	1	0	down	1	Highly Stable	Highly Stable Down	0
LT	RvY_04861-1	2	0	2	0	0	1	0	down	1	Highly Stable	Highly Stable Down	0
LT	RvY_05745-1	2	0	2	0	0	1	0	down	1	Highly Stable	Highly Stable Down	0
LT	RvY_05937-1	2	0	2	0	0	1	0	down	1	Highly Stable	Highly Stable Down	0
LT	RvY_06092-1	2	0	2	0	0	1	0	down	1	Highly Stable	Highly Stable Down	0
LT	RvY_06653-1	2	0	2	0	0	1	0	down	1	Highly Stable	Highly Stable Down	0
LT	RvY_06754-1	2	0	2	0	0	1	0	down	1	Highly Stable	Highly Stable Down	0
LT	RvY_06757-1	2	0	2	0	0	1	0	down	1	Highly Stable	Highly Stable Down	0
LT	RvY_07269-1	2	0	2	0	0	1	0	down	1	Highly Stable	Highly Stable Down	0
LT	RvY_07361-1	2	0	2	0	0	1	0	down	1	Highly Stable	Highly Stable Down	0
LT	RvY_07510-1	2	0	2	0	0	1	0	down	1	Highly Stable	Highly Stable Down	0
LT	RvY_07638-1	2	0	2	0	0	1	0	down	1	Highly Stable	Highly Stable Down	0
LT	RvY_07817-1	2	0	2	0	0	1	0	down	1	Highly Stable	Highly Stable Down	0
LT	RvY_07857-1	2	0	2	0	0	1	0	down	1	Highly Stable	Highly Stable Down	0
LT	RvY_07876-1	2	0	2	0	0	1	0	down	1	Highly Stable	Highly Stable Down	0
LT	RvY_08250-1	2	0	2	0	0	1	0	down	1	Highly Stable	Highly Stable Down	0
LT	RvY_08352-1	2	0	2	0	0	1	0	down	1	Highly Stable	Highly Stable Down	0
LT	RvY_08395-1	2	0	2	0	0	1	0	down	1	Highly Stable	Highly Stable Down	0
LT	RvY_08641-1	2	0	2	0	0	1	0	down	1	Highly Stable	Highly Stable Down	0
LT	RvY_08992-1	2	0	2	0	0	1	0	down	1	Highly Stable	Highly Stable Down	0
LT	RvY_09041-1	2	0	2	0	0	1	0	down	1	Highly Stable	Highly Stable Down	0
LT	RvY_09193-1	2	0	2	0	0	1	0	down	1	Highly Stable	Highly Stable Down	0
LT	RvY_09228-1	2	0	2	0	0	1	0	down	1	Highly Stable	Highly Stable Down	0
LT	RvY_09465-3	2	0	2	0	0	1	0	down	1	Highly Stable	Highly Stable Down	0
LT	RvY_09995-1	2	0	2	0	0	1	0	down	1	Highly Stable	Highly Stable Down	0
LT	RvY_10441-1	2	0	2	0	0	1	0	down	1	Highly Stable	Highly Stable Down	0
LT	RvY_10442-1	2	0	2	0	0	1	0	down	1	Highly Stable	Highly Stable Down	0
LT	RvY_10574	2	0	2	0	0	1	0	down	1	Highly Stable	Highly Stable Down	0
LT	RvY_10575-1	2	0	2	0	0	1	0	down	1	Highly Stable	Highly Stable Down	0
LT	RvY_10789-1	2	0	2	0	0	1	0	down	1	Highly Stable	Highly Stable Down	0
LT	RvY_12128-1	2	0	2	0	0	1	0	down	1	Highly Stable	Highly Stable Down	0
LT	RvY_12151-1	2	0	2	0	0	1	0	down	1	Highly Stable	Highly Stable Down	0
LT	RvY_12467-1	2	0	2	0	0	1	0	down	1	Highly Stable	Highly Stable Down	0
LT	RvY_12468-1	2	0	2	0	0	1	0	down	1	Highly Stable	Highly Stable Down	0
LT	RvY_13169-1	2	0	2	0	0	1	0	down	1	Highly Stable	Highly Stable Down	0
LT	RvY_13262-1	2	0	2	0	0	1	0	down	1	Highly Stable	Highly Stable Down	0
LT	RvY_13330-1	2	0	2	0	0	1	0	down	1	Highly Stable	Highly Stable Down	0
LT	RvY_13333-1	2	0	2	0	0	1	0	down	1	Highly Stable	Highly Stable Down	0
LT	RvY_13477-1	2	0	2	0	0	1	0	down	1	Highly Stable	Highly Stable Down	0
LT	RvY_13815-1	2	0	2	0	0	1	0	down	1	Highly Stable	Highly Stable Down	0
LT	RvY_14288-1	2	0	2	0	0	1	0	down	1	Highly Stable	Highly Stable Down	0
LT	RvY_14347-1	2	0	2	0	0	1	0	down	1	Highly Stable	Highly Stable Down	0
LT	RvY_14482-1	2	0	2	0	0	1	0	down	1	Highly Stable	Highly Stable Down	0
LT	RvY_14593-1	2	0	2	0	0	1	0	down	1	Highly Stable	Highly Stable Down	0
LT	RvY_14636	2	0	2	0	0	1	0	down	1	Highly Stable	Highly Stable Down	0
LT	RvY_14833-1	2	0	2	0	0	1	0	down	1	Highly Stable	Highly Stable Down	0
LT	RvY_15108-1	2	0	2	0	0	1	0	down	1	Highly Stable	Highly Stable Down	0
LT	RvY_15517-1	2	0	2	0	0	1	0	down	1	Highly Stable	Highly Stable Down	0
LT	RvY_15563-1	2	0	2	0	0	1	0	down	1	Highly Stable	Highly Stable Down	0
LT	RvY_15656-1	2	0	2	0	0	1	0	down	1	Highly Stable	Highly Stable Down	0
LT	RvY_16174-1	2	0	2	0	0	1	0	down	1	Highly Stable	Highly Stable Down	0
LT	RvY_16559-1	2	0	2	0	0	1	0	down	1	Highly Stable	Highly Stable Down	0
LT	RvY_16583-1	2	0	2	0	0	1	0	down	1	Highly Stable	Highly Stable Down	0
LT	RvY_17142-1	2	0	2	0	0	1	0	down	1	Highly Stable	Highly Stable Down	0
LT	RvY_17677-1	2	0	2	0	0	1	0	down	1	Highly Stable	Highly Stable Down	0
LT	RvY_17732-1	2	0	2	0	0	1	0	down	1	Highly Stable	Highly Stable Down	0
LT	RvY_17753-1	2	0	2	0	0	1	0	down	1	Highly Stable	Highly Stable Down	0
LT	RvY_18636-1	2	0	2	0	0	1	0	down	1	Highly Stable	Highly Stable Down	0
LT	RvY_18665-1	2	0	2	0	0	1	0	down	1	Highly Stable	Highly Stable Down	0
LT	RvY_18866-1	2	0	2	0	0	1	0	down	1	Highly Stable	Highly Stable Down	0
LT	RvY_19304-1	2	0	2	0	0	1	0	down	1	Highly Stable	Highly Stable Down	0
LT	RvY_00461-1	2	2	0	0	1	0	0	up	1	Highly Stable	Highly Stable Up	0
LT	RvY_02543-1	2	2	0	0	1	0	0	up	1	Highly Stable	Highly Stable Up	0
LT	RvY_03027-1	2	2	0	0	1	0	0	up	1	Highly Stable	Highly Stable Up	0
LT	RvY_03237-1	2	2	0	0	1	0	0	up	1	Highly Stable	Highly Stable Up	0
LT	RvY_03239-1	2	2	0	0	1	0	0	up	1	Highly Stable	Highly Stable Up	0
LT	RvY_03463-1	2	2	0	0	1	0	0	up	1	Highly Stable	Highly Stable Up	0
LT	RvY_03557-1	2	2	0	0	1	0	0	up	1	Highly Stable	Highly Stable Up	0
LT	RvY_03574-1	2	2	0	0	1	0	0	up	1	Highly Stable	Highly Stable Up	0
LT	RvY_03728-1	2	2	0	0	1	0	0	up	1	Highly Stable	Highly Stable Up	0
LT	RvY_03957-1	2	2	0	0	1	0	0	up	1	Highly Stable	Highly Stable Up	0
LT	RvY_04007	2	2	0	0	1	0	0	up	1	Highly Stable	Highly Stable Up	0
LT	RvY_04605-1	2	2	0	0	1	0	0	up	1	Highly Stable	Highly Stable Up	0
LT	RvY_04937-1	2	2	0	0	1	0	0	up	1	Highly Stable	Highly Stable Up	0
LT	RvY_04952-1	2	2	0	0	1	0	0	up	1	Highly Stable	Highly Stable Up	0
LT	RvY_05050-1	2	2	0	0	1	0	0	up	1	Highly Stable	Highly Stable Up	0
LT	RvY_06044	2	2	0	0	1	0	0	up	1	Highly Stable	Highly Stable Up	0
LT	RvY_06070-1	2	2	0	0	1	0	0	up	1	Highly Stable	Highly Stable Up	0
LT	RvY_06207	2	2	0	0	1	0	0	up	1	Highly Stable	Highly Stable Up	0
LT	RvY_06393	2	2	0	0	1	0	0	up	1	Highly Stable	Highly Stable Up	0
LT	RvY_06664-1	2	2	0	0	1	0	0	up	1	Highly Stable	Highly Stable Up	0
LT	RvY_06866-1	2	2	0	0	1	0	0	up	1	Highly Stable	Highly Stable Up	0
LT	RvY_06986-1	2	2	0	0	1	0	0	up	1	Highly Stable	Highly Stable Up	0
LT	RvY_07188-1	2	2	0	0	1	0	0	up	1	Highly Stable	Highly Stable Up	0
LT	RvY_11665-1	2	2	0	0	1	0	0	up	1	Highly Stable	Highly Stable Up	0
LT	RvY_11873-1	2	2	0	0	1	0	0	up	1	Highly Stable	Highly Stable Up	0
LT	RvY_12441-1	2	2	0	0	1	0	0	up	1	Highly Stable	Highly Stable Up	0
LT	RvY_12770-1	2	2	0	0	1	0	0	up	1	Highly Stable	Highly Stable Up	0
LT	RvY_13323-1	2	2	0	0	1	0	0	up	1	Highly Stable	Highly Stable Up	0
LT	RvY_13377-1	2	2	0	0	1	0	0	up	1	Highly Stable	Highly Stable Up	0
LT	RvY_14268-1	2	2	0	0	1	0	0	up	1	Highly Stable	Highly Stable Up	0
LT	RvY_14544-1	2	2	0	0	1	0	0	up	1	Highly Stable	Highly Stable Up	0
LT	RvY_15008-1	2	2	0	0	1	0	0	up	1	Highly Stable	Highly Stable Up	0
LT	RvY_15091-1	2	2	0	0	1	0	0	up	1	Highly Stable	Highly Stable Up	0
LT	RvY_16043-1	2	2	0	0	1	0	0	up	1	Highly Stable	Highly Stable Up	0
LT	RvY_16153-1	2	2	0	0	1	0	0	up	1	Highly Stable	Highly Stable Up	0
LT	RvY_16531-1	2	2	0	0	1	0	0	up	1	Highly Stable	Highly Stable Up	0
LT	RvY_16785-1	2	2	0	0	1	0	0	up	1	Highly Stable	Highly Stable Up	0
LT	RvY_17246-1	2	2	0	0	1	0	0	up	1	Highly Stable	Highly Stable Up	0
LT	RvY_18425-1	2	2	0	0	1	0	0	up	1	Highly Stable	Highly Stable Up	0
LT	RvY_18899	2	2	0	0	1	0	0	up	1	Highly Stable	Highly Stable Up	0
LT	RvY_18900	2	2	0	0	1	0	0	up	1	Highly Stable	Highly Stable Up	0
LT	RvY_19256-1	2	2	0	0	1	0	0	up	1	Highly Stable	Highly Stable Up	0
OSM	RvY_00147	1	0	1	0	0	1	0	down	1	Highly Stable	Highly Stable Down	0
OSM	RvY_00203-1	1	0	1	0	0	1	0	down	1	Highly Stable	Highly Stable Down	0
OSM	RvY_00237-1	1	0	1	0	0	1	0	down	1	Highly Stable	Highly Stable Down	0
OSM	RvY_00279	1	0	1	0	0	1	0	down	1	Highly Stable	Highly Stable Down	0
OSM	RvY_00391-1	1	0	1	0	0	1	0	down	1	Highly Stable	Highly Stable Down	0
OSM	RvY_00460-1	1	0	1	0	0	1	0	down	1	Highly Stable	Highly Stable Down	0
OSM	RvY_00627-1	1	0	1	0	0	1	0	down	1	Highly Stable	Highly Stable Down	0
OSM	RvY_00667-1	1	0	1	0	0	1	0	down	1	Highly Stable	Highly Stable Down	0
OSM	RvY_00747-1	1	0	1	0	0	1	0	down	1	Highly Stable	Highly Stable Down	0
OSM	RvY_00773	1	0	1	0	0	1	0	down	1	Highly Stable	Highly Stable Down	0
OSM	RvY_00856-1	1	0	1	0	0	1	0	down	1	Highly Stable	Highly Stable Down	0
OSM	RvY_00891-1	1	0	1	0	0	1	0	down	1	Highly Stable	Highly Stable Down	0
OSM	RvY_00916-1	1	0	1	0	0	1	0	down	1	Highly Stable	Highly Stable Down	0
OSM	RvY_00917-1	1	0	1	0	0	1	0	down	1	Highly Stable	Highly Stable Down	0
OSM	RvY_00918-1	1	0	1	0	0	1	0	down	1	Highly Stable	Highly Stable Down	0
OSM	RvY_00968-1	1	0	1	0	0	1	0	down	1	Highly Stable	Highly Stable Down	0
OSM	RvY_01028-1	1	0	1	0	0	1	0	down	1	Highly Stable	Highly Stable Down	0
OSM	RvY_01057	1	0	1	0	0	1	0	down	1	Highly Stable	Highly Stable Down	0
OSM	RvY_01092-1	1	0	1	0	0	1	0	down	1	Highly Stable	Highly Stable Down	0
OSM	RvY_01125-1	1	0	1	0	0	1	0	down	1	Highly Stable	Highly Stable Down	0
OSM	RvY_01303-1	1	0	1	0	0	1	0	down	1	Highly Stable	Highly Stable Down	0
OSM	RvY_01484-1	1	0	1	0	0	1	0	down	1	Highly Stable	Highly Stable Down	0
OSM	RvY_01503-1	1	0	1	0	0	1	0	down	1	Highly Stable	Highly Stable Down	0
OSM	RvY_01520-1	1	0	1	0	0	1	0	down	1	Highly Stable	Highly Stable Down	0
OSM	RvY_01568-1	1	0	1	0	0	1	0	down	1	Highly Stable	Highly Stable Down	0
OSM	RvY_01691	1	0	1	0	0	1	0	down	1	Highly Stable	Highly Stable Down	0
OSM	RvY_01828-1	1	0	1	0	0	1	0	down	1	Highly Stable	Highly Stable Down	0
OSM	RvY_01959-1	1	0	1	0	0	1	0	down	1	Highly Stable	Highly Stable Down	0
OSM	RvY_02109	1	0	1	0	0	1	0	down	1	Highly Stable	Highly Stable Down	0
OSM	RvY_02234-1	1	0	1	0	0	1	0	down	1	Highly Stable	Highly Stable Down	0
OSM	RvY_02237-1	1	0	1	0	0	1	0	down	1	Highly Stable	Highly Stable Down	0
OSM	RvY_02289-1	1	0	1	0	0	1	0	down	1	Highly Stable	Highly Stable Down	0
OSM	RvY_02381-1	1	0	1	0	0	1	0	down	1	Highly Stable	Highly Stable Down	0
OSM	RvY_02626-1	1	0	1	0	0	1	0	down	1	Highly Stable	Highly Stable Down	0
OSM	RvY_02759-1	1	0	1	0	0	1	0	down	1	Highly Stable	Highly Stable Down	0
OSM	RvY_02774-1	1	0	1	0	0	1	0	down	1	Highly Stable	Highly Stable Down	0
OSM	RvY_02929-1	1	0	1	0	0	1	0	down	1	Highly Stable	Highly Stable Down	0
OSM	RvY_02933-1	1	0	1	0	0	1	0	down	1	Highly Stable	Highly Stable Down	0
OSM	RvY_03023-1	1	0	1	0	0	1	0	down	1	Highly Stable	Highly Stable Down	0
OSM	RvY_03024-1	1	0	1	0	0	1	0	down	1	Highly Stable	Highly Stable Down	0
OSM	RvY_03166	1	0	1	0	0	1	0	down	1	Highly Stable	Highly Stable Down	0
OSM	RvY_03239-1	1	0	1	0	0	1	0	down	1	Highly Stable	Highly Stable Down	0
OSM	RvY_03251-1	1	0	1	0	0	1	0	down	1	Highly Stable	Highly Stable Down	0
OSM	RvY_03252	1	0	1	0	0	1	0	down	1	Highly Stable	Highly Stable Down	0
OSM	RvY_03260	1	0	1	0	0	1	0	down	1	Highly Stable	Highly Stable Down	0
OSM	RvY_03263-1	1	0	1	0	0	1	0	down	1	Highly Stable	Highly Stable Down	0
OSM	RvY_03267-1	1	0	1	0	0	1	0	down	1	Highly Stable	Highly Stable Down	0
OSM	RvY_03312-1	1	0	1	0	0	1	0	down	1	Highly Stable	Highly Stable Down	0
OSM	RvY_03313	1	0	1	0	0	1	0	down	1	Highly Stable	Highly Stable Down	0
OSM	RvY_03315-1	1	0	1	0	0	1	0	down	1	Highly Stable	Highly Stable Down	0
OSM	RvY_03320	1	0	1	0	0	1	0	down	1	Highly Stable	Highly Stable Down	0
OSM	RvY_03458-1	1	0	1	0	0	1	0	down	1	Highly Stable	Highly Stable Down	0
OSM	RvY_03467	1	0	1	0	0	1	0	down	1	Highly Stable	Highly Stable Down	0
OSM	RvY_03485-1	1	0	1	0	0	1	0	down	1	Highly Stable	Highly Stable Down	0
OSM	RvY_03544-1	1	0	1	0	0	1	0	down	1	Highly Stable	Highly Stable Down	0
OSM	RvY_03562	1	0	1	0	0	1	0	down	1	Highly Stable	Highly Stable Down	0
OSM	RvY_03921-1	1	0	1	0	0	1	0	down	1	Highly Stable	Highly Stable Down	0
OSM	RvY_03997-1	1	0	1	0	0	1	0	down	1	Highly Stable	Highly Stable Down	0
OSM	RvY_04041-1	1	0	1	0	0	1	0	down	1	Highly Stable	Highly Stable Down	0
OSM	RvY_04084	1	0	1	0	0	1	0	down	1	Highly Stable	Highly Stable Down	0
OSM	RvY_04177-1	1	0	1	0	0	1	0	down	1	Highly Stable	Highly Stable Down	0
OSM	RvY_04400	1	0	1	0	0	1	0	down	1	Highly Stable	Highly Stable Down	0
OSM	RvY_04437-1	1	0	1	0	0	1	0	down	1	Highly Stable	Highly Stable Down	0
OSM	RvY_04521	1	0	1	0	0	1	0	down	1	Highly Stable	Highly Stable Down	0
OSM	RvY_04550-1	1	0	1	0	0	1	0	down	1	Highly Stable	Highly Stable Down	0
OSM	RvY_04556-1	1	0	1	0	0	1	0	down	1	Highly Stable	Highly Stable Down	0
OSM	RvY_04608-1	1	0	1	0	0	1	0	down	1	Highly Stable	Highly Stable Down	0
OSM	RvY_04632	1	0	1	0	0	1	0	down	1	Highly Stable	Highly Stable Down	0
OSM	RvY_04799-1	1	0	1	0	0	1	0	down	1	Highly Stable	Highly Stable Down	0
OSM	RvY_04945	1	0	1	0	0	1	0	down	1	Highly Stable	Highly Stable Down	0
OSM	RvY_04976-1	1	0	1	0	0	1	0	down	1	Highly Stable	Highly Stable Down	0
OSM	RvY_05010-1	1	0	1	0	0	1	0	down	1	Highly Stable	Highly Stable Down	0
OSM	RvY_05049-1	1	0	1	0	0	1	0	down	1	Highly Stable	Highly Stable Down	0
OSM	RvY_05093-1	1	0	1	0	0	1	0	down	1	Highly Stable	Highly Stable Down	0
OSM	RvY_05132	1	0	1	0	0	1	0	down	1	Highly Stable	Highly Stable Down	0
OSM	RvY_05252-1	1	0	1	0	0	1	0	down	1	Highly Stable	Highly Stable Down	0
OSM	RvY_05518-1	1	0	1	0	0	1	0	down	1	Highly Stable	Highly Stable Down	0
OSM	RvY_05521-1	1	0	1	0	0	1	0	down	1	Highly Stable	Highly Stable Down	0
OSM	RvY_05599-1	1	0	1	0	0	1	0	down	1	Highly Stable	Highly Stable Down	0
OSM	RvY_05709-1	1	0	1	0	0	1	0	down	1	Highly Stable	Highly Stable Down	0
OSM	RvY_05714-1	1	0	1	0	0	1	0	down	1	Highly Stable	Highly Stable Down	0
OSM	RvY_05798-1	1	0	1	0	0	1	0	down	1	Highly Stable	Highly Stable Down	0
OSM	RvY_05865-1	1	0	1	0	0	1	0	down	1	Highly Stable	Highly Stable Down	0
OSM	RvY_06069-1	1	0	1	0	0	1	0	down	1	Highly Stable	Highly Stable Down	0
OSM	RvY_06091-1	1	0	1	0	0	1	0	down	1	Highly Stable	Highly Stable Down	0
OSM	RvY_06219	1	0	1	0	0	1	0	down	1	Highly Stable	Highly Stable Down	0
OSM	RvY_06247	1	0	1	0	0	1	0	down	1	Highly Stable	Highly Stable Down	0
OSM	RvY_06310-1	1	0	1	0	0	1	0	down	1	Highly Stable	Highly Stable Down	0
OSM	RvY_06757-1	1	0	1	0	0	1	0	down	1	Highly Stable	Highly Stable Down	0
OSM	RvY_06765-1	1	0	1	0	0	1	0	down	1	Highly Stable	Highly Stable Down	0
OSM	RvY_06860	1	0	1	0	0	1	0	down	1	Highly Stable	Highly Stable Down	0
OSM	RvY_07025-1	1	0	1	0	0	1	0	down	1	Highly Stable	Highly Stable Down	0
OSM	RvY_07029-1	1	0	1	0	0	1	0	down	1	Highly Stable	Highly Stable Down	0
OSM	RvY_07044-1	1	0	1	0	0	1	0	down	1	Highly Stable	Highly Stable Down	0
OSM	RvY_07269-1	1	0	1	0	0	1	0	down	1	Highly Stable	Highly Stable Down	0
OSM	RvY_07536-1	1	0	1	0	0	1	0	down	1	Highly Stable	Highly Stable Down	0
OSM	RvY_07604	1	0	1	0	0	1	0	down	1	Highly Stable	Highly Stable Down	0
OSM	RvY_07627-1	1	0	1	0	0	1	0	down	1	Highly Stable	Highly Stable Down	0
OSM	RvY_07810-1	1	0	1	0	0	1	0	down	1	Highly Stable	Highly Stable Down	0
OSM	RvY_07891-1	1	0	1	0	0	1	0	down	1	Highly Stable	Highly Stable Down	0
OSM	RvY_07987-1	1	0	1	0	0	1	0	down	1	Highly Stable	Highly Stable Down	0
OSM	RvY_08027	1	0	1	0	0	1	0	down	1	Highly Stable	Highly Stable Down	0
OSM	RvY_08065-1	1	0	1	0	0	1	0	down	1	Highly Stable	Highly Stable Down	0
OSM	RvY_08250-1	1	0	1	0	0	1	0	down	1	Highly Stable	Highly Stable Down	0
OSM	RvY_08416-1	1	0	1	0	0	1	0	down	1	Highly Stable	Highly Stable Down	0
OSM	RvY_08466-1	1	0	1	0	0	1	0	down	1	Highly Stable	Highly Stable Down	0
OSM	RvY_08546-1	1	0	1	0	0	1	0	down	1	Highly Stable	Highly Stable Down	0
OSM	RvY_08640-1	1	0	1	0	0	1	0	down	1	Highly Stable	Highly Stable Down	0
OSM	RvY_08641-1	1	0	1	0	0	1	0	down	1	Highly Stable	Highly Stable Down	0
OSM	RvY_08767	1	0	1	0	0	1	0	down	1	Highly Stable	Highly Stable Down	0
OSM	RvY_08779	1	0	1	0	0	1	0	down	1	Highly Stable	Highly Stable Down	0
OSM	RvY_08992-1	1	0	1	0	0	1	0	down	1	Highly Stable	Highly Stable Down	0
OSM	RvY_08993-1	1	0	1	0	0	1	0	down	1	Highly Stable	Highly Stable Down	0
OSM	RvY_09096-1	1	0	1	0	0	1	0	down	1	Highly Stable	Highly Stable Down	0
OSM	RvY_09190	1	0	1	0	0	1	0	down	1	Highly Stable	Highly Stable Down	0
OSM	RvY_09193-1	1	0	1	0	0	1	0	down	1	Highly Stable	Highly Stable Down	0
OSM	RvY_09299-1	1	0	1	0	0	1	0	down	1	Highly Stable	Highly Stable Down	0
OSM	RvY_09420-1	1	0	1	0	0	1	0	down	1	Highly Stable	Highly Stable Down	0
OSM	RvY_09480-1	1	0	1	0	0	1	0	down	1	Highly Stable	Highly Stable Down	0
OSM	RvY_09520	1	0	1	0	0	1	0	down	1	Highly Stable	Highly Stable Down	0
OSM	RvY_09662-1	1	0	1	0	0	1	0	down	1	Highly Stable	Highly Stable Down	0
OSM	RvY_09790-1	1	0	1	0	0	1	0	down	1	Highly Stable	Highly Stable Down	0
OSM	RvY_09840-1	1	0	1	0	0	1	0	down	1	Highly Stable	Highly Stable Down	0
OSM	RvY_09872-1	1	0	1	0	0	1	0	down	1	Highly Stable	Highly Stable Down	0
OSM	RvY_09885-1	1	0	1	0	0	1	0	down	1	Highly Stable	Highly Stable Down	0
OSM	RvY_10223-1	1	0	1	0	0	1	0	down	1	Highly Stable	Highly Stable Down	0
OSM	RvY_10227-1	1	0	1	0	0	1	0	down	1	Highly Stable	Highly Stable Down	0
OSM	RvY_10489-1	1	0	1	0	0	1	0	down	1	Highly Stable	Highly Stable Down	0
OSM	RvY_10563-1	1	0	1	0	0	1	0	down	1	Highly Stable	Highly Stable Down	0
OSM	RvY_10732-1	1	0	1	0	0	1	0	down	1	Highly Stable	Highly Stable Down	0
OSM	RvY_10749-1	1	0	1	0	0	1	0	down	1	Highly Stable	Highly Stable Down	0
OSM	RvY_10789-1	1	0	1	0	0	1	0	down	1	Highly Stable	Highly Stable Down	0
OSM	RvY_10827-1	1	0	1	0	0	1	0	down	1	Highly Stable	Highly Stable Down	0
OSM	RvY_10952-1	1	0	1	0	0	1	0	down	1	Highly Stable	Highly Stable Down	0
OSM	RvY_10963-1	1	0	1	0	0	1	0	down	1	Highly Stable	Highly Stable Down	0
OSM	RvY_11030-1	1	0	1	0	0	1	0	down	1	Highly Stable	Highly Stable Down	0
OSM	RvY_11061-1	1	0	1	0	0	1	0	down	1	Highly Stable	Highly Stable Down	0
OSM	RvY_11066	1	0	1	0	0	1	0	down	1	Highly Stable	Highly Stable Down	0
OSM	RvY_11093	1	0	1	0	0	1	0	down	1	Highly Stable	Highly Stable Down	0
OSM	RvY_11140-1	1	0	1	0	0	1	0	down	1	Highly Stable	Highly Stable Down	0
OSM	RvY_11229	1	0	1	0	0	1	0	down	1	Highly Stable	Highly Stable Down	0
OSM	RvY_11291-1	1	0	1	0	0	1	0	down	1	Highly Stable	Highly Stable Down	0
OSM	RvY_11623-1	1	0	1	0	0	1	0	down	1	Highly Stable	Highly Stable Down	0
OSM	RvY_11624-1	1	0	1	0	0	1	0	down	1	Highly Stable	Highly Stable Down	0
OSM	RvY_11644	1	0	1	0	0	1	0	down	1	Highly Stable	Highly Stable Down	0
OSM	RvY_11730	1	0	1	0	0	1	0	down	1	Highly Stable	Highly Stable Down	0
OSM	RvY_11778-1	1	0	1	0	0	1	0	down	1	Highly Stable	Highly Stable Down	0
OSM	RvY_11802-1	1	0	1	0	0	1	0	down	1	Highly Stable	Highly Stable Down	0
OSM	RvY_11806-1	1	0	1	0	0	1	0	down	1	Highly Stable	Highly Stable Down	0
OSM	RvY_11848-1	1	0	1	0	0	1	0	down	1	Highly Stable	Highly Stable Down	0
OSM	RvY_11851-1	1	0	1	0	0	1	0	down	1	Highly Stable	Highly Stable Down	0
OSM	RvY_11904	1	0	1	0	0	1	0	down	1	Highly Stable	Highly Stable Down	0
OSM	RvY_12083-1	1	0	1	0	0	1	0	down	1	Highly Stable	Highly Stable Down	0
OSM	RvY_12410-1	1	0	1	0	0	1	0	down	1	Highly Stable	Highly Stable Down	0
OSM	RvY_12446-1	1	0	1	0	0	1	0	down	1	Highly Stable	Highly Stable Down	0
OSM	RvY_12506	1	0	1	0	0	1	0	down	1	Highly Stable	Highly Stable Down	0
OSM	RvY_12572-1	1	0	1	0	0	1	0	down	1	Highly Stable	Highly Stable Down	0
OSM	RvY_12643	1	0	1	0	0	1	0	down	1	Highly Stable	Highly Stable Down	0
OSM	RvY_12902	1	0	1	0	0	1	0	down	1	Highly Stable	Highly Stable Down	0
OSM	RvY_13116-1	1	0	1	0	0	1	0	down	1	Highly Stable	Highly Stable Down	0
OSM	RvY_13274-1	1	0	1	0	0	1	0	down	1	Highly Stable	Highly Stable Down	0
OSM	RvY_13275-1	1	0	1	0	0	1	0	down	1	Highly Stable	Highly Stable Down	0
OSM	RvY_13464	1	0	1	0	0	1	0	down	1	Highly Stable	Highly Stable Down	0
OSM	RvY_13471-1	1	0	1	0	0	1	0	down	1	Highly Stable	Highly Stable Down	0
OSM	RvY_13511-1	1	0	1	0	0	1	0	down	1	Highly Stable	Highly Stable Down	0
OSM	RvY_13517-1	1	0	1	0	0	1	0	down	1	Highly Stable	Highly Stable Down	0
OSM	RvY_13603-1	1	0	1	0	0	1	0	down	1	Highly Stable	Highly Stable Down	0
OSM	RvY_13604-1	1	0	1	0	0	1	0	down	1	Highly Stable	Highly Stable Down	0
OSM	RvY_13605-1	1	0	1	0	0	1	0	down	1	Highly Stable	Highly Stable Down	0
OSM	RvY_13645	1	0	1	0	0	1	0	down	1	Highly Stable	Highly Stable Down	0
OSM	RvY_13659-1	1	0	1	0	0	1	0	down	1	Highly Stable	Highly Stable Down	0
OSM	RvY_13660-1	1	0	1	0	0	1	0	down	1	Highly Stable	Highly Stable Down	0
OSM	RvY_13661-1	1	0	1	0	0	1	0	down	1	Highly Stable	Highly Stable Down	0
OSM	RvY_13716-1	1	0	1	0	0	1	0	down	1	Highly Stable	Highly Stable Down	0
OSM	RvY_13720-1	1	0	1	0	0	1	0	down	1	Highly Stable	Highly Stable Down	0
OSM	RvY_13804-1	1	0	1	0	0	1	0	down	1	Highly Stable	Highly Stable Down	0
OSM	RvY_13838-1	1	0	1	0	0	1	0	down	1	Highly Stable	Highly Stable Down	0
OSM	RvY_13944-1	1	0	1	0	0	1	0	down	1	Highly Stable	Highly Stable Down	0
OSM	RvY_13983-1	1	0	1	0	0	1	0	down	1	Highly Stable	Highly Stable Down	0
OSM	RvY_14122-1	1	0	1	0	0	1	0	down	1	Highly Stable	Highly Stable Down	0
OSM	RvY_14231	1	0	1	0	0	1	0	down	1	Highly Stable	Highly Stable Down	0
OSM	RvY_14544-1	1	0	1	0	0	1	0	down	1	Highly Stable	Highly Stable Down	0
OSM	RvY_14568-1	1	0	1	0	0	1	0	down	1	Highly Stable	Highly Stable Down	0
OSM	RvY_14646-1	1	0	1	0	0	1	0	down	1	Highly Stable	Highly Stable Down	0
OSM	RvY_14660-1	1	0	1	0	0	1	0	down	1	Highly Stable	Highly Stable Down	0
OSM	RvY_14686	1	0	1	0	0	1	0	down	1	Highly Stable	Highly Stable Down	0
OSM	RvY_14807-1	1	0	1	0	0	1	0	down	1	Highly Stable	Highly Stable Down	0
OSM	RvY_14924-1	1	0	1	0	0	1	0	down	1	Highly Stable	Highly Stable Down	0
OSM	RvY_14945	1	0	1	0	0	1	0	down	1	Highly Stable	Highly Stable Down	0
OSM	RvY_14948-1	1	0	1	0	0	1	0	down	1	Highly Stable	Highly Stable Down	0
OSM	RvY_14988	1	0	1	0	0	1	0	down	1	Highly Stable	Highly Stable Down	0
OSM	RvY_15100-1	1	0	1	0	0	1	0	down	1	Highly Stable	Highly Stable Down	0
OSM	RvY_15320	1	0	1	0	0	1	0	down	1	Highly Stable	Highly Stable Down	0
OSM	RvY_15583-1	1	0	1	0	0	1	0	down	1	Highly Stable	Highly Stable Down	0
OSM	RvY_15591-1	1	0	1	0	0	1	0	down	1	Highly Stable	Highly Stable Down	0
OSM	RvY_15592	1	0	1	0	0	1	0	down	1	Highly Stable	Highly Stable Down	0
OSM	RvY_15641	1	0	1	0	0	1	0	down	1	Highly Stable	Highly Stable Down	0
OSM	RvY_15678	1	0	1	0	0	1	0	down	1	Highly Stable	Highly Stable Down	0
OSM	RvY_15722-1	1	0	1	0	0	1	0	down	1	Highly Stable	Highly Stable Down	0
OSM	RvY_15832-1	1	0	1	0	0	1	0	down	1	Highly Stable	Highly Stable Down	0
OSM	RvY_16005-1	1	0	1	0	0	1	0	down	1	Highly Stable	Highly Stable Down	0
OSM	RvY_16009-1	1	0	1	0	0	1	0	down	1	Highly Stable	Highly Stable Down	0
OSM	RvY_16014	1	0	1	0	0	1	0	down	1	Highly Stable	Highly Stable Down	0
OSM	RvY_16228-1	1	0	1	0	0	1	0	down	1	Highly Stable	Highly Stable Down	0
OSM	RvY_16230	1	0	1	0	0	1	0	down	1	Highly Stable	Highly Stable Down	0
OSM	RvY_16239-1	1	0	1	0	0	1	0	down	1	Highly Stable	Highly Stable Down	0
OSM	RvY_16273	1	0	1	0	0	1	0	down	1	Highly Stable	Highly Stable Down	0
OSM	RvY_16362-1	1	0	1	0	0	1	0	down	1	Highly Stable	Highly Stable Down	0
OSM	RvY_16367-1	1	0	1	0	0	1	0	down	1	Highly Stable	Highly Stable Down	0
OSM	RvY_16453-1	1	0	1	0	0	1	0	down	1	Highly Stable	Highly Stable Down	0
OSM	RvY_16514-1	1	0	1	0	0	1	0	down	1	Highly Stable	Highly Stable Down	0
OSM	RvY_16688-1	1	0	1	0	0	1	0	down	1	Highly Stable	Highly Stable Down	0
OSM	RvY_16859-1	1	0	1	0	0	1	0	down	1	Highly Stable	Highly Stable Down	0
OSM	RvY_16905-1	1	0	1	0	0	1	0	down	1	Highly Stable	Highly Stable Down	0
OSM	RvY_16906-1	1	0	1	0	0	1	0	down	1	Highly Stable	Highly Stable Down	0
OSM	RvY_16991-1	1	0	1	0	0	1	0	down	1	Highly Stable	Highly Stable Down	0
OSM	RvY_17104	1	0	1	0	0	1	0	down	1	Highly Stable	Highly Stable Down	0
OSM	RvY_17158	1	0	1	0	0	1	0	down	1	Highly Stable	Highly Stable Down	0
OSM	RvY_17927-1	1	0	1	0	0	1	0	down	1	Highly Stable	Highly Stable Down	0
OSM	RvY_18035-1	1	0	1	0	0	1	0	down	1	Highly Stable	Highly Stable Down	0
OSM	RvY_18131-1	1	0	1	0	0	1	0	down	1	Highly Stable	Highly Stable Down	0
OSM	RvY_18343-1	1	0	1	0	0	1	0	down	1	Highly Stable	Highly Stable Down	0
OSM	RvY_18764-1	1	0	1	0	0	1	0	down	1	Highly Stable	Highly Stable Down	0
OSM	RvY_18765-1	1	0	1	0	0	1	0	down	1	Highly Stable	Highly Stable Down	0
OSM	RvY_18844-1	1	0	1	0	0	1	0	down	1	Highly Stable	Highly Stable Down	0
OSM	RvY_18846-1	1	0	1	0	0	1	0	down	1	Highly Stable	Highly Stable Down	0
OSM	RvY_18847-1	1	0	1	0	0	1	0	down	1	Highly Stable	Highly Stable Down	0
OSM	RvY_18848-1	1	0	1	0	0	1	0	down	1	Highly Stable	Highly Stable Down	0
OSM	RvY_18871-1	1	0	1	0	0	1	0	down	1	Highly Stable	Highly Stable Down	0
OSM	RvY_18901-1	1	0	1	0	0	1	0	down	1	Highly Stable	Highly Stable Down	0
OSM	RvY_19090-1	1	0	1	0	0	1	0	down	1	Highly Stable	Highly Stable Down	0
OSM	RvY_19304-1	1	0	1	0	0	1	0	down	1	Highly Stable	Highly Stable Down	0
OSM	RvY_19306-1	1	0	1	0	0	1	0	down	1	Highly Stable	Highly Stable Down	0
OSM	RvY_19366-1	1	0	1	0	0	1	0	down	1	Highly Stable	Highly Stable Down	0
OSM	RvY_19423-1	1	0	1	0	0	1	0	down	1	Highly Stable	Highly Stable Down	0
OSM	RvY_19509-1	1	0	1	0	0	1	0	down	1	Highly Stable	Highly Stable Down	0
OSM	RvY_19533-1	1	0	1	0	0	1	0	down	1	Highly Stable	Highly Stable Down	0
OSM	RvY_19581-1	1	0	1	0	0	1	0	down	1	Highly Stable	Highly Stable Down	0
OSM	RvY_00443-1	1	1	0	0	1	0	0	up	1	Highly Stable	Highly Stable Up	0
OSM	RvY_00461-1	1	1	0	0	1	0	0	up	1	Highly Stable	Highly Stable Up	0
OSM	RvY_00462-1	1	1	0	0	1	0	0	up	1	Highly Stable	Highly Stable Up	0
OSM	RvY_00633-1	1	1	0	0	1	0	0	up	1	Highly Stable	Highly Stable Up	0
OSM	RvY_00636-1	1	1	0	0	1	0	0	up	1	Highly Stable	Highly Stable Up	0
OSM	RvY_00637-1	1	1	0	0	1	0	0	up	1	Highly Stable	Highly Stable Up	0
OSM	RvY_00725-1	1	1	0	0	1	0	0	up	1	Highly Stable	Highly Stable Up	0
OSM	RvY_00946-1	1	1	0	0	1	0	0	up	1	Highly Stable	Highly Stable Up	0
OSM	RvY_01191-1	1	1	0	0	1	0	0	up	1	Highly Stable	Highly Stable Up	0
OSM	RvY_01288	1	1	0	0	1	0	0	up	1	Highly Stable	Highly Stable Up	0
OSM	RvY_01301-1	1	1	0	0	1	0	0	up	1	Highly Stable	Highly Stable Up	0
OSM	RvY_01313-1	1	1	0	0	1	0	0	up	1	Highly Stable	Highly Stable Up	0
OSM	RvY_01414-1	1	1	0	0	1	0	0	up	1	Highly Stable	Highly Stable Up	0
OSM	RvY_01446	1	1	0	0	1	0	0	up	1	Highly Stable	Highly Stable Up	0
OSM	RvY_01450	1	1	0	0	1	0	0	up	1	Highly Stable	Highly Stable Up	0
OSM	RvY_01658-1	1	1	0	0	1	0	0	up	1	Highly Stable	Highly Stable Up	0
OSM	RvY_01753	1	1	0	0	1	0	0	up	1	Highly Stable	Highly Stable Up	0
OSM	RvY_02458-1	1	1	0	0	1	0	0	up	1	Highly Stable	Highly Stable Up	0
OSM	RvY_02459-1	1	1	0	0	1	0	0	up	1	Highly Stable	Highly Stable Up	0
OSM	RvY_02650-1	1	1	0	0	1	0	0	up	1	Highly Stable	Highly Stable Up	0
OSM	RvY_02697-1	1	1	0	0	1	0	0	up	1	Highly Stable	Highly Stable Up	0
OSM	RvY_02698-1	1	1	0	0	1	0	0	up	1	Highly Stable	Highly Stable Up	0
OSM	RvY_02778-1	1	1	0	0	1	0	0	up	1	Highly Stable	Highly Stable Up	0
OSM	RvY_02813-0	1	1	0	0	1	0	0	up	1	Highly Stable	Highly Stable Up	0
OSM	RvY_02981-1	1	1	0	0	1	0	0	up	1	Highly Stable	Highly Stable Up	0
OSM	RvY_03219-1	1	1	0	0	1	0	0	up	1	Highly Stable	Highly Stable Up	0
OSM	RvY_03227-1	1	1	0	0	1	0	0	up	1	Highly Stable	Highly Stable Up	0
OSM	RvY_03394-1	1	1	0	0	1	0	0	up	1	Highly Stable	Highly Stable Up	0
OSM	RvY_03445-1	1	1	0	0	1	0	0	up	1	Highly Stable	Highly Stable Up	0
OSM	RvY_03604-1	1	1	0	0	1	0	0	up	1	Highly Stable	Highly Stable Up	0
OSM	RvY_03637-1	1	1	0	0	1	0	0	up	1	Highly Stable	Highly Stable Up	0
OSM	RvY_03666-1	1	1	0	0	1	0	0	up	1	Highly Stable	Highly Stable Up	0
OSM	RvY_03692-1	1	1	0	0	1	0	0	up	1	Highly Stable	Highly Stable Up	0
OSM	RvY_03857-1	1	1	0	0	1	0	0	up	1	Highly Stable	Highly Stable Up	0
OSM	RvY_03998-1	1	1	0	0	1	0	0	up	1	Highly Stable	Highly Stable Up	0
OSM	RvY_04023-1	1	1	0	0	1	0	0	up	1	Highly Stable	Highly Stable Up	0
OSM	RvY_04086	1	1	0	0	1	0	0	up	1	Highly Stable	Highly Stable Up	0
OSM	RvY_04303-1	1	1	0	0	1	0	0	up	1	Highly Stable	Highly Stable Up	0
OSM	RvY_04384-1	1	1	0	0	1	0	0	up	1	Highly Stable	Highly Stable Up	0
OSM	RvY_04545	1	1	0	0	1	0	0	up	1	Highly Stable	Highly Stable Up	0
OSM	RvY_04617-1	1	1	0	0	1	0	0	up	1	Highly Stable	Highly Stable Up	0
OSM	RvY_04707-1	1	1	0	0	1	0	0	up	1	Highly Stable	Highly Stable Up	0
OSM	RvY_04747-1	1	1	0	0	1	0	0	up	1	Highly Stable	Highly Stable Up	0
OSM	RvY_04767-1	1	1	0	0	1	0	0	up	1	Highly Stable	Highly Stable Up	0
OSM	RvY_04778	1	1	0	0	1	0	0	up	1	Highly Stable	Highly Stable Up	0
OSM	RvY_04978	1	1	0	0	1	0	0	up	1	Highly Stable	Highly Stable Up	0
OSM	RvY_05021-1	1	1	0	0	1	0	0	up	1	Highly Stable	Highly Stable Up	0
OSM	RvY_05105-1	1	1	0	0	1	0	0	up	1	Highly Stable	Highly Stable Up	0
OSM	RvY_05437-1	1	1	0	0	1	0	0	up	1	Highly Stable	Highly Stable Up	0
OSM	RvY_05550	1	1	0	0	1	0	0	up	1	Highly Stable	Highly Stable Up	0
OSM	RvY_05781-1	1	1	0	0	1	0	0	up	1	Highly Stable	Highly Stable Up	0
OSM	RvY_05949-1	1	1	0	0	1	0	0	up	1	Highly Stable	Highly Stable Up	0
OSM	RvY_05995-1	1	1	0	0	1	0	0	up	1	Highly Stable	Highly Stable Up	0
OSM	RvY_06101-1	1	1	0	0	1	0	0	up	1	Highly Stable	Highly Stable Up	0
OSM	RvY_06151-1	1	1	0	0	1	0	0	up	1	Highly Stable	Highly Stable Up	0
OSM	RvY_06170-1	1	1	0	0	1	0	0	up	1	Highly Stable	Highly Stable Up	0
OSM	RvY_06255-3	1	1	0	0	1	0	0	up	1	Highly Stable	Highly Stable Up	0
OSM	RvY_06370-1	1	1	0	0	1	0	0	up	1	Highly Stable	Highly Stable Up	0
OSM	RvY_06476	1	1	0	0	1	0	0	up	1	Highly Stable	Highly Stable Up	0
OSM	RvY_06484-1	1	1	0	0	1	0	0	up	1	Highly Stable	Highly Stable Up	0
OSM	RvY_06560-1	1	1	0	0	1	0	0	up	1	Highly Stable	Highly Stable Up	0
OSM	RvY_06576-1	1	1	0	0	1	0	0	up	1	Highly Stable	Highly Stable Up	0
OSM	RvY_06604-1	1	1	0	0	1	0	0	up	1	Highly Stable	Highly Stable Up	0
OSM	RvY_06771-1	1	1	0	0	1	0	0	up	1	Highly Stable	Highly Stable Up	0
OSM	RvY_06772-1	1	1	0	0	1	0	0	up	1	Highly Stable	Highly Stable Up	0
OSM	RvY_06773-1	1	1	0	0	1	0	0	up	1	Highly Stable	Highly Stable Up	0
OSM	RvY_06805-1	1	1	0	0	1	0	0	up	1	Highly Stable	Highly Stable Up	0
OSM	RvY_07027-1	1	1	0	0	1	0	0	up	1	Highly Stable	Highly Stable Up	0
OSM	RvY_07146-1	1	1	0	0	1	0	0	up	1	Highly Stable	Highly Stable Up	0
OSM	RvY_07174-1	1	1	0	0	1	0	0	up	1	Highly Stable	Highly Stable Up	0
OSM	RvY_07226-1	1	1	0	0	1	0	0	up	1	Highly Stable	Highly Stable Up	0
OSM	RvY_07276-1	1	1	0	0	1	0	0	up	1	Highly Stable	Highly Stable Up	0
OSM	RvY_07354-1	1	1	0	0	1	0	0	up	1	Highly Stable	Highly Stable Up	0
OSM	RvY_07400-1	1	1	0	0	1	0	0	up	1	Highly Stable	Highly Stable Up	0
OSM	RvY_07424-1	1	1	0	0	1	0	0	up	1	Highly Stable	Highly Stable Up	0
OSM	RvY_07444-1	1	1	0	0	1	0	0	up	1	Highly Stable	Highly Stable Up	0
OSM	RvY_07450-1	1	1	0	0	1	0	0	up	1	Highly Stable	Highly Stable Up	0
OSM	RvY_07451-1	1	1	0	0	1	0	0	up	1	Highly Stable	Highly Stable Up	0
OSM	RvY_07533-1	1	1	0	0	1	0	0	up	1	Highly Stable	Highly Stable Up	0
OSM	RvY_07623-1	1	1	0	0	1	0	0	up	1	Highly Stable	Highly Stable Up	0
OSM	RvY_07721-1	1	1	0	0	1	0	0	up	1	Highly Stable	Highly Stable Up	0
OSM	RvY_07804-1	1	1	0	0	1	0	0	up	1	Highly Stable	Highly Stable Up	0
OSM	RvY_07876-1	1	1	0	0	1	0	0	up	1	Highly Stable	Highly Stable Up	0
OSM	RvY_07879-1	1	1	0	0	1	0	0	up	1	Highly Stable	Highly Stable Up	0
OSM	RvY_07920	1	1	0	0	1	0	0	up	1	Highly Stable	Highly Stable Up	0
OSM	RvY_08549-1	1	1	0	0	1	0	0	up	1	Highly Stable	Highly Stable Up	0
OSM	RvY_08665-1	1	1	0	0	1	0	0	up	1	Highly Stable	Highly Stable Up	0
OSM	RvY_08696	1	1	0	0	1	0	0	up	1	Highly Stable	Highly Stable Up	0
OSM	RvY_08733-1	1	1	0	0	1	0	0	up	1	Highly Stable	Highly Stable Up	0
OSM	RvY_08734-1	1	1	0	0	1	0	0	up	1	Highly Stable	Highly Stable Up	0
OSM	RvY_09389-1	1	1	0	0	1	0	0	up	1	Highly Stable	Highly Stable Up	0
OSM	RvY_09803-1	1	1	0	0	1	0	0	up	1	Highly Stable	Highly Stable Up	0
OSM	RvY_09912-1	1	1	0	0	1	0	0	up	1	Highly Stable	Highly Stable Up	0
OSM	RvY_09968-1	1	1	0	0	1	0	0	up	1	Highly Stable	Highly Stable Up	0
OSM	RvY_09994-1	1	1	0	0	1	0	0	up	1	Highly Stable	Highly Stable Up	0
OSM	RvY_10039-1	1	1	0	0	1	0	0	up	1	Highly Stable	Highly Stable Up	0
OSM	RvY_10051-1	1	1	0	0	1	0	0	up	1	Highly Stable	Highly Stable Up	0
OSM	RvY_10061-1	1	1	0	0	1	0	0	up	1	Highly Stable	Highly Stable Up	0
OSM	RvY_10127	1	1	0	0	1	0	0	up	1	Highly Stable	Highly Stable Up	0
OSM	RvY_10357-1	1	1	0	0	1	0	0	up	1	Highly Stable	Highly Stable Up	0
OSM	RvY_10425-1	1	1	0	0	1	0	0	up	1	Highly Stable	Highly Stable Up	0
OSM	RvY_10534-1	1	1	0	0	1	0	0	up	1	Highly Stable	Highly Stable Up	0
OSM	RvY_10577-1	1	1	0	0	1	0	0	up	1	Highly Stable	Highly Stable Up	0
OSM	RvY_10599-1	1	1	0	0	1	0	0	up	1	Highly Stable	Highly Stable Up	0
OSM	RvY_10727-1	1	1	0	0	1	0	0	up	1	Highly Stable	Highly Stable Up	0
OSM	RvY_11352-1	1	1	0	0	1	0	0	up	1	Highly Stable	Highly Stable Up	0
OSM	RvY_11417-1	1	1	0	0	1	0	0	up	1	Highly Stable	Highly Stable Up	0
OSM	RvY_11649	1	1	0	0	1	0	0	up	1	Highly Stable	Highly Stable Up	0
OSM	RvY_11675-1	1	1	0	0	1	0	0	up	1	Highly Stable	Highly Stable Up	0
OSM	RvY_11861-1	1	1	0	0	1	0	0	up	1	Highly Stable	Highly Stable Up	0
OSM	RvY_12373	1	1	0	0	1	0	0	up	1	Highly Stable	Highly Stable Up	0
OSM	RvY_12385-1	1	1	0	0	1	0	0	up	1	Highly Stable	Highly Stable Up	0
OSM	RvY_12455-1	1	1	0	0	1	0	0	up	1	Highly Stable	Highly Stable Up	0
OSM	RvY_12460-1	1	1	0	0	1	0	0	up	1	Highly Stable	Highly Stable Up	0
OSM	RvY_12512	1	1	0	0	1	0	0	up	1	Highly Stable	Highly Stable Up	0
OSM	RvY_12634	1	1	0	0	1	0	0	up	1	Highly Stable	Highly Stable Up	0
OSM	RvY_12682-1	1	1	0	0	1	0	0	up	1	Highly Stable	Highly Stable Up	0
OSM	RvY_12701-1	1	1	0	0	1	0	0	up	1	Highly Stable	Highly Stable Up	0
OSM	RvY_12826-1	1	1	0	0	1	0	0	up	1	Highly Stable	Highly Stable Up	0
OSM	RvY_13113-1	1	1	0	0	1	0	0	up	1	Highly Stable	Highly Stable Up	0
OSM	RvY_13175-1	1	1	0	0	1	0	0	up	1	Highly Stable	Highly Stable Up	0
OSM	RvY_13227-1	1	1	0	0	1	0	0	up	1	Highly Stable	Highly Stable Up	0
OSM	RvY_13321-1	1	1	0	0	1	0	0	up	1	Highly Stable	Highly Stable Up	0
OSM	RvY_13322	1	1	0	0	1	0	0	up	1	Highly Stable	Highly Stable Up	0
OSM	RvY_13557-1	1	1	0	0	1	0	0	up	1	Highly Stable	Highly Stable Up	0
OSM	RvY_13561-1	1	1	0	0	1	0	0	up	1	Highly Stable	Highly Stable Up	0
OSM	RvY_14004-1	1	1	0	0	1	0	0	up	1	Highly Stable	Highly Stable Up	0
OSM	RvY_14127-1	1	1	0	0	1	0	0	up	1	Highly Stable	Highly Stable Up	0
OSM	RvY_14167-1	1	1	0	0	1	0	0	up	1	Highly Stable	Highly Stable Up	0
OSM	RvY_14206-1	1	1	0	0	1	0	0	up	1	Highly Stable	Highly Stable Up	0
OSM	RvY_14293	1	1	0	0	1	0	0	up	1	Highly Stable	Highly Stable Up	0
OSM	RvY_14716	1	1	0	0	1	0	0	up	1	Highly Stable	Highly Stable Up	0
OSM	RvY_14721-1	1	1	0	0	1	0	0	up	1	Highly Stable	Highly Stable Up	0
OSM	RvY_14745-1	1	1	0	0	1	0	0	up	1	Highly Stable	Highly Stable Up	0
OSM	RvY_14889	1	1	0	0	1	0	0	up	1	Highly Stable	Highly Stable Up	0
OSM	RvY_14902-1	1	1	0	0	1	0	0	up	1	Highly Stable	Highly Stable Up	0
OSM	RvY_14951-1	1	1	0	0	1	0	0	up	1	Highly Stable	Highly Stable Up	0
OSM	RvY_15053-1	1	1	0	0	1	0	0	up	1	Highly Stable	Highly Stable Up	0
OSM	RvY_15074-1	1	1	0	0	1	0	0	up	1	Highly Stable	Highly Stable Up	0
OSM	RvY_15091-1	1	1	0	0	1	0	0	up	1	Highly Stable	Highly Stable Up	0
OSM	RvY_15185-1	1	1	0	0	1	0	0	up	1	Highly Stable	Highly Stable Up	0
OSM	RvY_15203-1	1	1	0	0	1	0	0	up	1	Highly Stable	Highly Stable Up	0
OSM	RvY_15364-1	1	1	0	0	1	0	0	up	1	Highly Stable	Highly Stable Up	0
OSM	RvY_15531	1	1	0	0	1	0	0	up	1	Highly Stable	Highly Stable Up	0
OSM	RvY_15661-1	1	1	0	0	1	0	0	up	1	Highly Stable	Highly Stable Up	0
OSM	RvY_15733-1	1	1	0	0	1	0	0	up	1	Highly Stable	Highly Stable Up	0
OSM	RvY_15789-1	1	1	0	0	1	0	0	up	1	Highly Stable	Highly Stable Up	0
OSM	RvY_15836-1	1	1	0	0	1	0	0	up	1	Highly Stable	Highly Stable Up	0
OSM	RvY_15912-1	1	1	0	0	1	0	0	up	1	Highly Stable	Highly Stable Up	0
OSM	RvY_15971-1	1	1	0	0	1	0	0	up	1	Highly Stable	Highly Stable Up	0
OSM	RvY_15992-1	1	1	0	0	1	0	0	up	1	Highly Stable	Highly Stable Up	0
OSM	RvY_16069-1	1	1	0	0	1	0	0	up	1	Highly Stable	Highly Stable Up	0
OSM	RvY_16124	1	1	0	0	1	0	0	up	1	Highly Stable	Highly Stable Up	0
OSM	RvY_16129-2	1	1	0	0	1	0	0	up	1	Highly Stable	Highly Stable Up	0
OSM	RvY_16132-1	1	1	0	0	1	0	0	up	1	Highly Stable	Highly Stable Up	0
OSM	RvY_16169-1	1	1	0	0	1	0	0	up	1	Highly Stable	Highly Stable Up	0
OSM	RvY_16170-1	1	1	0	0	1	0	0	up	1	Highly Stable	Highly Stable Up	0
OSM	RvY_16173-1	1	1	0	0	1	0	0	up	1	Highly Stable	Highly Stable Up	0
OSM	RvY_16174-1	1	1	0	0	1	0	0	up	1	Highly Stable	Highly Stable Up	0
OSM	RvY_16176-1	1	1	0	0	1	0	0	up	1	Highly Stable	Highly Stable Up	0
OSM	RvY_16177-1	1	1	0	0	1	0	0	up	1	Highly Stable	Highly Stable Up	0
OSM	RvY_16270-1	1	1	0	0	1	0	0	up	1	Highly Stable	Highly Stable Up	0
OSM	RvY_16290	1	1	0	0	1	0	0	up	1	Highly Stable	Highly Stable Up	0
OSM	RvY_16446	1	1	0	0	1	0	0	up	1	Highly Stable	Highly Stable Up	0
OSM	RvY_16449-1	1	1	0	0	1	0	0	up	1	Highly Stable	Highly Stable Up	0
OSM	RvY_16651-1	1	1	0	0	1	0	0	up	1	Highly Stable	Highly Stable Up	0
OSM	RvY_16743-1	1	1	0	0	1	0	0	up	1	Highly Stable	Highly Stable Up	0
OSM	RvY_16811-1	1	1	0	0	1	0	0	up	1	Highly Stable	Highly Stable Up	0
OSM	RvY_16836-1	1	1	0	0	1	0	0	up	1	Highly Stable	Highly Stable Up	0
OSM	RvY_17041-1	1	1	0	0	1	0	0	up	1	Highly Stable	Highly Stable Up	0
OSM	RvY_17109	1	1	0	0	1	0	0	up	1	Highly Stable	Highly Stable Up	0
OSM	RvY_17225-1	1	1	0	0	1	0	0	up	1	Highly Stable	Highly Stable Up	0
OSM	RvY_17305-1	1	1	0	0	1	0	0	up	1	Highly Stable	Highly Stable Up	0
OSM	RvY_17344-1	1	1	0	0	1	0	0	up	1	Highly Stable	Highly Stable Up	0
OSM	RvY_17362-1	1	1	0	0	1	0	0	up	1	Highly Stable	Highly Stable Up	0
OSM	RvY_17409-1	1	1	0	0	1	0	0	up	1	Highly Stable	Highly Stable Up	0
OSM	RvY_17449-1	1	1	0	0	1	0	0	up	1	Highly Stable	Highly Stable Up	0
OSM	RvY_17498-1	1	1	0	0	1	0	0	up	1	Highly Stable	Highly Stable Up	0
OSM	RvY_17523-1	1	1	0	0	1	0	0	up	1	Highly Stable	Highly Stable Up	0
OSM	RvY_17660-1	1	1	0	0	1	0	0	up	1	Highly Stable	Highly Stable Up	0
OSM	RvY_17747	1	1	0	0	1	0	0	up	1	Highly Stable	Highly Stable Up	0
OSM	RvY_17904-1	1	1	0	0	1	0	0	up	1	Highly Stable	Highly Stable Up	0
OSM	RvY_17925-1	1	1	0	0	1	0	0	up	1	Highly Stable	Highly Stable Up	0
OSM	RvY_18080	1	1	0	0	1	0	0	up	1	Highly Stable	Highly Stable Up	0
OSM	RvY_18126-1	1	1	0	0	1	0	0	up	1	Highly Stable	Highly Stable Up	0
OSM	RvY_18135-1	1	1	0	0	1	0	0	up	1	Highly Stable	Highly Stable Up	0
OSM	RvY_18220-1	1	1	0	0	1	0	0	up	1	Highly Stable	Highly Stable Up	0
OSM	RvY_18298-1	1	1	0	0	1	0	0	up	1	Highly Stable	Highly Stable Up	0
OSM	RvY_18462-1	1	1	0	0	1	0	0	up	1	Highly Stable	Highly Stable Up	0
OSM	RvY_18497-1	1	1	0	0	1	0	0	up	1	Highly Stable	Highly Stable Up	0
OSM	RvY_18700-1	1	1	0	0	1	0	0	up	1	Highly Stable	Highly Stable Up	0
OSM	RvY_18899	1	1	0	0	1	0	0	up	1	Highly Stable	Highly Stable Up	0
OSM	RvY_18900	1	1	0	0	1	0	0	up	1	Highly Stable	Highly Stable Up	0
OSM	RvY_19125-1	1	1	0	0	1	0	0	up	1	Highly Stable	Highly Stable Up	0
OSM	RvY_19159-1	1	1	0	0	1	0	0	up	1	Highly Stable	Highly Stable Up	0
OSM	RvY_19160	1	1	0	0	1	0	0	up	1	Highly Stable	Highly Stable Up	0
OSM	RvY_19240	1	1	0	0	1	0	0	up	1	Highly Stable	Highly Stable Up	0
OSM	RvY_19263-1	1	1	0	0	1	0	0	up	1	Highly Stable	Highly Stable Up	0
OSM	RvY_19279-1	1	1	0	0	1	0	0	up	1	Highly Stable	Highly Stable Up	0
OSM	RvY_19296	1	1	0	0	1	0	0	up	1	Highly Stable	Highly Stable Up	0
OSM	RvY_19358-1	1	1	0	0	1	0	0	up	1	Highly Stable	Highly Stable Up	0
OSM	RvY_19462-1	1	1	0	0	1	0	0	up	1	Highly Stable	Highly Stable Up	0
OSM	nad5	1	1	0	0	1	0	0	up	1	Highly Stable	Highly Stable Up	0
UV	RvY_00467-1	14	0	14	0	0	1	0	down	1	Highly Stable	Highly Stable Down	0
UV	RvY_00468-1	14	0	14	0	0	1	0	down	1	Highly Stable	Highly Stable Down	0
UV	RvY_00482-1	14	0	14	0	0	1	0	down	1	Highly Stable	Highly Stable Down	0
UV	RvY_03100-1	14	0	14	0	0	1	0	down	1	Highly Stable	Highly Stable Down	0
UV	RvY_03101-1	14	0	14	0	0	1	0	down	1	Highly Stable	Highly Stable Down	0
UV	RvY_03511	14	0	14	0	0	1	0	down	1	Highly Stable	Highly Stable Down	0
UV	RvY_03744-1	14	0	14	0	0	1	0	down	1	Highly Stable	Highly Stable Down	0
UV	RvY_03764-1	14	0	14	0	0	1	0	down	1	Highly Stable	Highly Stable Down	0
UV	RvY_04051-1	14	0	14	0	0	1	0	down	1	Highly Stable	Highly Stable Down	0
UV	RvY_04617-1	14	0	14	0	0	1	0	down	1	Highly Stable	Highly Stable Down	0
UV	RvY_04743-1	14	0	14	0	0	1	0	down	1	Highly Stable	Highly Stable Down	0
UV	RvY_05779-1	14	0	14	0	0	1	0	down	1	Highly Stable	Highly Stable Down	0
UV	RvY_06342	14	0	14	0	0	1	0	down	1	Highly Stable	Highly Stable Down	0
UV	RvY_06351-1	14	0	14	0	0	1	0	down	1	Highly Stable	Highly Stable Down	0
UV	RvY_06764-1	14	0	14	0	0	1	0	down	1	Highly Stable	Highly Stable Down	0
UV	RvY_07789-1	14	0	14	0	0	1	0	down	1	Highly Stable	Highly Stable Down	0
UV	RvY_08196-1	14	0	14	0	0	1	0	down	1	Highly Stable	Highly Stable Down	0
UV	RvY_08293-1	14	0	14	0	0	1	0	down	1	Highly Stable	Highly Stable Down	0
UV	RvY_08431-1	14	0	14	0	0	1	0	down	1	Highly Stable	Highly Stable Down	0
UV	RvY_08611-1	14	0	14	0	0	1	0	down	1	Highly Stable	Highly Stable Down	0
UV	RvY_08972	14	0	14	0	0	1	0	down	1	Highly Stable	Highly Stable Down	0
UV	RvY_10291-1	14	0	14	0	0	1	0	down	1	Highly Stable	Highly Stable Down	0
UV	RvY_10458	14	0	14	0	0	1	0	down	1	Highly Stable	Highly Stable Down	0
UV	RvY_11038-1	14	0	14	0	0	1	0	down	1	Highly Stable	Highly Stable Down	0
UV	RvY_11879	14	0	14	0	0	1	0	down	1	Highly Stable	Highly Stable Down	0
UV	RvY_12077	14	0	14	0	0	1	0	down	1	Highly Stable	Highly Stable Down	0
UV	RvY_12252	14	0	14	0	0	1	0	down	1	Highly Stable	Highly Stable Down	0
UV	RvY_12301-1	14	0	14	0	0	1	0	down	1	Highly Stable	Highly Stable Down	0
UV	RvY_14245-1	14	0	14	0	0	1	0	down	1	Highly Stable	Highly Stable Down	0
UV	RvY_14728-1	14	0	14	0	0	1	0	down	1	Highly Stable	Highly Stable Down	0
UV	RvY_14990-1	14	0	14	0	0	1	0	down	1	Highly Stable	Highly Stable Down	0
UV	RvY_15001-1	14	0	14	0	0	1	0	down	1	Highly Stable	Highly Stable Down	0
UV	RvY_15159-1	14	0	14	0	0	1	0	down	1	Highly Stable	Highly Stable Down	0
UV	RvY_16639-1	14	0	14	0	0	1	0	down	1	Highly Stable	Highly Stable Down	0
UV	RvY_16845-1	14	0	14	0	0	1	0	down	1	Highly Stable	Highly Stable Down	0
UV	RvY_16958-1	14	0	14	0	0	1	0	down	1	Highly Stable	Highly Stable Down	0
UV	RvY_17050-1	14	0	14	0	0	1	0	down	1	Highly Stable	Highly Stable Down	0
UV	RvY_18007-1	14	0	14	0	0	1	0	down	1	Highly Stable	Highly Stable Down	0
UV	RvY_18544-1	14	0	14	0	0	1	0	down	1	Highly Stable	Highly Stable Down	0
UV	RvY_00222-1	14	0	13	1	0	0.928571428571429	0.0714285714285714	down	0.928571428571429	Highly Stable	Highly Stable Down	0.0714285714285714
UV	RvY_00312-1	14	0	13	1	0	0.928571428571429	0.0714285714285714	down	0.928571428571429	Highly Stable	Highly Stable Down	0.0714285714285714
UV	RvY_00835-1	14	0	13	1	0	0.928571428571429	0.0714285714285714	down	0.928571428571429	Highly Stable	Highly Stable Down	0.0714285714285714
UV	RvY_00977-1	14	0	13	1	0	0.928571428571429	0.0714285714285714	down	0.928571428571429	Highly Stable	Highly Stable Down	0.0714285714285714
UV	RvY_01055-2	14	0	13	1	0	0.928571428571429	0.0714285714285714	down	0.928571428571429	Highly Stable	Highly Stable Down	0.0714285714285714
UV	RvY_01197-1	14	0	13	1	0	0.928571428571429	0.0714285714285714	down	0.928571428571429	Highly Stable	Highly Stable Down	0.0714285714285714
UV	RvY_01332-1	14	0	13	1	0	0.928571428571429	0.0714285714285714	down	0.928571428571429	Highly Stable	Highly Stable Down	0.0714285714285714
UV	RvY_01565-1	14	0	13	1	0	0.928571428571429	0.0714285714285714	down	0.928571428571429	Highly Stable	Highly Stable Down	0.0714285714285714
UV	RvY_01899	14	0	13	1	0	0.928571428571429	0.0714285714285714	down	0.928571428571429	Highly Stable	Highly Stable Down	0.0714285714285714
UV	RvY_02074-1	14	0	13	1	0	0.928571428571429	0.0714285714285714	down	0.928571428571429	Highly Stable	Highly Stable Down	0.0714285714285714
UV	RvY_02465-1	14	0	13	1	0	0.928571428571429	0.0714285714285714	down	0.928571428571429	Highly Stable	Highly Stable Down	0.0714285714285714
UV	RvY_02641	14	0	13	1	0	0.928571428571429	0.0714285714285714	down	0.928571428571429	Highly Stable	Highly Stable Down	0.0714285714285714
UV	RvY_02649-1	14	0	13	1	0	0.928571428571429	0.0714285714285714	down	0.928571428571429	Highly Stable	Highly Stable Down	0.0714285714285714
UV	RvY_03073-1	14	0	13	1	0	0.928571428571429	0.0714285714285714	down	0.928571428571429	Highly Stable	Highly Stable Down	0.0714285714285714
UV	RvY_03082-1	14	0	13	1	0	0.928571428571429	0.0714285714285714	down	0.928571428571429	Highly Stable	Highly Stable Down	0.0714285714285714
UV	RvY_03124-1	14	0	13	1	0	0.928571428571429	0.0714285714285714	down	0.928571428571429	Highly Stable	Highly Stable Down	0.0714285714285714
UV	RvY_03142-1	14	0	13	1	0	0.928571428571429	0.0714285714285714	down	0.928571428571429	Highly Stable	Highly Stable Down	0.0714285714285714
UV	RvY_03152	14	0	13	1	0	0.928571428571429	0.0714285714285714	down	0.928571428571429	Highly Stable	Highly Stable Down	0.0714285714285714
UV	RvY_03664-1	14	0	13	1	0	0.928571428571429	0.0714285714285714	down	0.928571428571429	Highly Stable	Highly Stable Down	0.0714285714285714
UV	RvY_03666-1	14	0	13	1	0	0.928571428571429	0.0714285714285714	down	0.928571428571429	Highly Stable	Highly Stable Down	0.0714285714285714
UV	RvY_03718-1	14	0	13	1	0	0.928571428571429	0.0714285714285714	down	0.928571428571429	Highly Stable	Highly Stable Down	0.0714285714285714
UV	RvY_03742-1	14	0	13	1	0	0.928571428571429	0.0714285714285714	down	0.928571428571429	Highly Stable	Highly Stable Down	0.0714285714285714
UV	RvY_03743-1	14	0	13	1	0	0.928571428571429	0.0714285714285714	down	0.928571428571429	Highly Stable	Highly Stable Down	0.0714285714285714
UV	RvY_03819-1	14	0	13	1	0	0.928571428571429	0.0714285714285714	down	0.928571428571429	Highly Stable	Highly Stable Down	0.0714285714285714
UV	RvY_03820	14	0	13	1	0	0.928571428571429	0.0714285714285714	down	0.928571428571429	Highly Stable	Highly Stable Down	0.0714285714285714
UV	RvY_03920-1	14	0	13	1	0	0.928571428571429	0.0714285714285714	down	0.928571428571429	Highly Stable	Highly Stable Down	0.0714285714285714
UV	RvY_03987	14	0	13	1	0	0.928571428571429	0.0714285714285714	down	0.928571428571429	Highly Stable	Highly Stable Down	0.0714285714285714
UV	RvY_04062	14	0	13	1	0	0.928571428571429	0.0714285714285714	down	0.928571428571429	Highly Stable	Highly Stable Down	0.0714285714285714
UV	RvY_04157-1	14	0	13	1	0	0.928571428571429	0.0714285714285714	down	0.928571428571429	Highly Stable	Highly Stable Down	0.0714285714285714
UV	RvY_04670-1	14	0	13	1	0	0.928571428571429	0.0714285714285714	down	0.928571428571429	Highly Stable	Highly Stable Down	0.0714285714285714
UV	RvY_05578-1	14	0	13	1	0	0.928571428571429	0.0714285714285714	down	0.928571428571429	Highly Stable	Highly Stable Down	0.0714285714285714
UV	RvY_05856	14	0	13	1	0	0.928571428571429	0.0714285714285714	down	0.928571428571429	Highly Stable	Highly Stable Down	0.0714285714285714
UV	RvY_06305-1	14	0	13	1	0	0.928571428571429	0.0714285714285714	down	0.928571428571429	Highly Stable	Highly Stable Down	0.0714285714285714
UV	RvY_06615-1	14	0	13	1	0	0.928571428571429	0.0714285714285714	down	0.928571428571429	Highly Stable	Highly Stable Down	0.0714285714285714
UV	RvY_06616-1	14	1	13	0	0.0714285714285714	0.928571428571429	0	down	0.928571428571429	Highly Stable	Highly Stable Down	0.0714285714285714
UV	RvY_06686-1	14	0	13	1	0	0.928571428571429	0.0714285714285714	down	0.928571428571429	Highly Stable	Highly Stable Down	0.0714285714285714
UV	RvY_06734-1	14	0	13	1	0	0.928571428571429	0.0714285714285714	down	0.928571428571429	Highly Stable	Highly Stable Down	0.0714285714285714
UV	RvY_06797-1	14	0	13	1	0	0.928571428571429	0.0714285714285714	down	0.928571428571429	Highly Stable	Highly Stable Down	0.0714285714285714
UV	RvY_06876-1	14	0	13	1	0	0.928571428571429	0.0714285714285714	down	0.928571428571429	Highly Stable	Highly Stable Down	0.0714285714285714
UV	RvY_07002	14	1	13	0	0.0714285714285714	0.928571428571429	0	down	0.928571428571429	Highly Stable	Highly Stable Down	0.0714285714285714
UV	RvY_07274-1	14	0	13	1	0	0.928571428571429	0.0714285714285714	down	0.928571428571429	Highly Stable	Highly Stable Down	0.0714285714285714
UV	RvY_07280-1	14	0	13	1	0	0.928571428571429	0.0714285714285714	down	0.928571428571429	Highly Stable	Highly Stable Down	0.0714285714285714
UV	RvY_07308	14	0	13	1	0	0.928571428571429	0.0714285714285714	down	0.928571428571429	Highly Stable	Highly Stable Down	0.0714285714285714
UV	RvY_07920	14	0	13	1	0	0.928571428571429	0.0714285714285714	down	0.928571428571429	Highly Stable	Highly Stable Down	0.0714285714285714
UV	RvY_08613-1	14	0	13	1	0	0.928571428571429	0.0714285714285714	down	0.928571428571429	Highly Stable	Highly Stable Down	0.0714285714285714
UV	RvY_08736	14	0	13	1	0	0.928571428571429	0.0714285714285714	down	0.928571428571429	Highly Stable	Highly Stable Down	0.0714285714285714
UV	RvY_09023	14	0	13	1	0	0.928571428571429	0.0714285714285714	down	0.928571428571429	Highly Stable	Highly Stable Down	0.0714285714285714
UV	RvY_09127-1	14	0	13	1	0	0.928571428571429	0.0714285714285714	down	0.928571428571429	Highly Stable	Highly Stable Down	0.0714285714285714
UV	RvY_09350-1	14	0	13	1	0	0.928571428571429	0.0714285714285714	down	0.928571428571429	Highly Stable	Highly Stable Down	0.0714285714285714
UV	RvY_09694-1	14	0	13	1	0	0.928571428571429	0.0714285714285714	down	0.928571428571429	Highly Stable	Highly Stable Down	0.0714285714285714
UV	RvY_09749	14	0	13	1	0	0.928571428571429	0.0714285714285714	down	0.928571428571429	Highly Stable	Highly Stable Down	0.0714285714285714
UV	RvY_10001	14	0	13	1	0	0.928571428571429	0.0714285714285714	down	0.928571428571429	Highly Stable	Highly Stable Down	0.0714285714285714
UV	RvY_10183-1	14	0	13	1	0	0.928571428571429	0.0714285714285714	down	0.928571428571429	Highly Stable	Highly Stable Down	0.0714285714285714
UV	RvY_11220-1	14	0	13	1	0	0.928571428571429	0.0714285714285714	down	0.928571428571429	Highly Stable	Highly Stable Down	0.0714285714285714
UV	RvY_11604	14	0	13	1	0	0.928571428571429	0.0714285714285714	down	0.928571428571429	Highly Stable	Highly Stable Down	0.0714285714285714
UV	RvY_11775-1	14	0	13	1	0	0.928571428571429	0.0714285714285714	down	0.928571428571429	Highly Stable	Highly Stable Down	0.0714285714285714
UV	RvY_12350-1	14	0	13	1	0	0.928571428571429	0.0714285714285714	down	0.928571428571429	Highly Stable	Highly Stable Down	0.0714285714285714
UV	RvY_12649-1	14	0	13	1	0	0.928571428571429	0.0714285714285714	down	0.928571428571429	Highly Stable	Highly Stable Down	0.0714285714285714
UV	RvY_12650-1	14	0	13	1	0	0.928571428571429	0.0714285714285714	down	0.928571428571429	Highly Stable	Highly Stable Down	0.0714285714285714
UV	RvY_12829	14	0	13	1	0	0.928571428571429	0.0714285714285714	down	0.928571428571429	Highly Stable	Highly Stable Down	0.0714285714285714
UV	RvY_13511-1	14	0	13	1	0	0.928571428571429	0.0714285714285714	down	0.928571428571429	Highly Stable	Highly Stable Down	0.0714285714285714
UV	RvY_13838-1	14	0	13	1	0	0.928571428571429	0.0714285714285714	down	0.928571428571429	Highly Stable	Highly Stable Down	0.0714285714285714
UV	RvY_13852	14	0	13	1	0	0.928571428571429	0.0714285714285714	down	0.928571428571429	Highly Stable	Highly Stable Down	0.0714285714285714
UV	RvY_14684	14	0	13	1	0	0.928571428571429	0.0714285714285714	down	0.928571428571429	Highly Stable	Highly Stable Down	0.0714285714285714
UV	RvY_15025-1	14	0	13	1	0	0.928571428571429	0.0714285714285714	down	0.928571428571429	Highly Stable	Highly Stable Down	0.0714285714285714
UV	RvY_15280-2	14	0	13	1	0	0.928571428571429	0.0714285714285714	down	0.928571428571429	Highly Stable	Highly Stable Down	0.0714285714285714
UV	RvY_15372-1	14	0	13	1	0	0.928571428571429	0.0714285714285714	down	0.928571428571429	Highly Stable	Highly Stable Down	0.0714285714285714
UV	RvY_15531	14	0	13	1	0	0.928571428571429	0.0714285714285714	down	0.928571428571429	Highly Stable	Highly Stable Down	0.0714285714285714
UV	RvY_16408-1	14	0	13	1	0	0.928571428571429	0.0714285714285714	down	0.928571428571429	Highly Stable	Highly Stable Down	0.0714285714285714
UV	RvY_17051-1	14	0	13	1	0	0.928571428571429	0.0714285714285714	down	0.928571428571429	Highly Stable	Highly Stable Down	0.0714285714285714
UV	RvY_17052-1	14	0	13	1	0	0.928571428571429	0.0714285714285714	down	0.928571428571429	Highly Stable	Highly Stable Down	0.0714285714285714
UV	RvY_17106-1	14	0	13	1	0	0.928571428571429	0.0714285714285714	down	0.928571428571429	Highly Stable	Highly Stable Down	0.0714285714285714
UV	RvY_17108-1	14	0	13	1	0	0.928571428571429	0.0714285714285714	down	0.928571428571429	Highly Stable	Highly Stable Down	0.0714285714285714
UV	RvY_17230-1	14	0	13	1	0	0.928571428571429	0.0714285714285714	down	0.928571428571429	Highly Stable	Highly Stable Down	0.0714285714285714
UV	RvY_17339-1	14	0	13	1	0	0.928571428571429	0.0714285714285714	down	0.928571428571429	Highly Stable	Highly Stable Down	0.0714285714285714
UV	RvY_18482-1	14	0	13	1	0	0.928571428571429	0.0714285714285714	down	0.928571428571429	Highly Stable	Highly Stable Down	0.0714285714285714
UV	RvY_18891	14	0	13	1	0	0.928571428571429	0.0714285714285714	down	0.928571428571429	Highly Stable	Highly Stable Down	0.0714285714285714
UV	RvY_19270-1	14	0	13	1	0	0.928571428571429	0.0714285714285714	down	0.928571428571429	Highly Stable	Highly Stable Down	0.0714285714285714
UV	RvY_00485-1	14	0	12	2	0	0.857142857142857	0.142857142857143	down	0.857142857142857	Stable	Stable Down	0.142857142857143
UV	RvY_01050-1	14	0	12	2	0	0.857142857142857	0.142857142857143	down	0.857142857142857	Stable	Stable Down	0.142857142857143
UV	RvY_01093-1	14	0	12	2	0	0.857142857142857	0.142857142857143	down	0.857142857142857	Stable	Stable Down	0.142857142857143
UV	RvY_01193-1	14	0	12	2	0	0.857142857142857	0.142857142857143	down	0.857142857142857	Stable	Stable Down	0.142857142857143
UV	RvY_01295-1	14	0	12	2	0	0.857142857142857	0.142857142857143	down	0.857142857142857	Stable	Stable Down	0.142857142857143
UV	RvY_02043-1	14	0	12	2	0	0.857142857142857	0.142857142857143	down	0.857142857142857	Stable	Stable Down	0.142857142857143
UV	RvY_02533-1	14	0	12	2	0	0.857142857142857	0.142857142857143	down	0.857142857142857	Stable	Stable Down	0.142857142857143
UV	RvY_02645-1	14	0	12	2	0	0.857142857142857	0.142857142857143	down	0.857142857142857	Stable	Stable Down	0.142857142857143
UV	RvY_02650-1	14	0	12	2	0	0.857142857142857	0.142857142857143	down	0.857142857142857	Stable	Stable Down	0.142857142857143
UV	RvY_02981-1	14	1	12	1	0.0714285714285714	0.857142857142857	0.0714285714285714	down	0.857142857142857	Stable	Stable Down	0.142857142857143
UV	RvY_03039	14	0	12	2	0	0.857142857142857	0.142857142857143	down	0.857142857142857	Stable	Stable Down	0.142857142857143
UV	RvY_03062-1	14	0	12	2	0	0.857142857142857	0.142857142857143	down	0.857142857142857	Stable	Stable Down	0.142857142857143
UV	RvY_03088-1	14	0	12	2	0	0.857142857142857	0.142857142857143	down	0.857142857142857	Stable	Stable Down	0.142857142857143
UV	RvY_03116	14	0	12	2	0	0.857142857142857	0.142857142857143	down	0.857142857142857	Stable	Stable Down	0.142857142857143
UV	RvY_03354	14	0	12	2	0	0.857142857142857	0.142857142857143	down	0.857142857142857	Stable	Stable Down	0.142857142857143
UV	RvY_03521-1	14	0	12	2	0	0.857142857142857	0.142857142857143	down	0.857142857142857	Stable	Stable Down	0.142857142857143
UV	RvY_03616	14	0	12	2	0	0.857142857142857	0.142857142857143	down	0.857142857142857	Stable	Stable Down	0.142857142857143
UV	RvY_03780-1	14	0	12	2	0	0.857142857142857	0.142857142857143	down	0.857142857142857	Stable	Stable Down	0.142857142857143
UV	RvY_03908-1	14	0	12	2	0	0.857142857142857	0.142857142857143	down	0.857142857142857	Stable	Stable Down	0.142857142857143
UV	RvY_03929-1	14	0	12	2	0	0.857142857142857	0.142857142857143	down	0.857142857142857	Stable	Stable Down	0.142857142857143
UV	RvY_04544-1	14	0	12	2	0	0.857142857142857	0.142857142857143	down	0.857142857142857	Stable	Stable Down	0.142857142857143
UV	RvY_04652	14	0	12	2	0	0.857142857142857	0.142857142857143	down	0.857142857142857	Stable	Stable Down	0.142857142857143
UV	RvY_04762-1	14	0	12	2	0	0.857142857142857	0.142857142857143	down	0.857142857142857	Stable	Stable Down	0.142857142857143
UV	RvY_04823	14	0	12	2	0	0.857142857142857	0.142857142857143	down	0.857142857142857	Stable	Stable Down	0.142857142857143
UV	RvY_04877	14	0	12	2	0	0.857142857142857	0.142857142857143	down	0.857142857142857	Stable	Stable Down	0.142857142857143
UV	RvY_04923	14	0	12	2	0	0.857142857142857	0.142857142857143	down	0.857142857142857	Stable	Stable Down	0.142857142857143
UV	RvY_05331-1	14	0	12	2	0	0.857142857142857	0.142857142857143	down	0.857142857142857	Stable	Stable Down	0.142857142857143
UV	RvY_05482-1	14	0	12	2	0	0.857142857142857	0.142857142857143	down	0.857142857142857	Stable	Stable Down	0.142857142857143
UV	RvY_05598-1	14	0	12	2	0	0.857142857142857	0.142857142857143	down	0.857142857142857	Stable	Stable Down	0.142857142857143
UV	RvY_05735-1	14	0	12	2	0	0.857142857142857	0.142857142857143	down	0.857142857142857	Stable	Stable Down	0.142857142857143
UV	RvY_05750-1	14	0	12	2	0	0.857142857142857	0.142857142857143	down	0.857142857142857	Stable	Stable Down	0.142857142857143
UV	RvY_06092-1	14	0	12	2	0	0.857142857142857	0.142857142857143	down	0.857142857142857	Stable	Stable Down	0.142857142857143
UV	RvY_06130-1	14	0	12	2	0	0.857142857142857	0.142857142857143	down	0.857142857142857	Stable	Stable Down	0.142857142857143
UV	RvY_06258-1	14	0	12	2	0	0.857142857142857	0.142857142857143	down	0.857142857142857	Stable	Stable Down	0.142857142857143
UV	RvY_06675-1	14	0	12	2	0	0.857142857142857	0.142857142857143	down	0.857142857142857	Stable	Stable Down	0.142857142857143
UV	RvY_07025-1	14	0	12	2	0	0.857142857142857	0.142857142857143	down	0.857142857142857	Stable	Stable Down	0.142857142857143
UV	RvY_07565-1	14	0	12	2	0	0.857142857142857	0.142857142857143	down	0.857142857142857	Stable	Stable Down	0.142857142857143
UV	RvY_07566	14	0	12	2	0	0.857142857142857	0.142857142857143	down	0.857142857142857	Stable	Stable Down	0.142857142857143
UV	RvY_08195	14	0	12	2	0	0.857142857142857	0.142857142857143	down	0.857142857142857	Stable	Stable Down	0.142857142857143
UV	RvY_08279	14	0	12	2	0	0.857142857142857	0.142857142857143	down	0.857142857142857	Stable	Stable Down	0.142857142857143
UV	RvY_08297-1	14	0	12	2	0	0.857142857142857	0.142857142857143	down	0.857142857142857	Stable	Stable Down	0.142857142857143
UV	RvY_08520-1	14	0	12	2	0	0.857142857142857	0.142857142857143	down	0.857142857142857	Stable	Stable Down	0.142857142857143
UV	RvY_08888-1	14	0	12	2	0	0.857142857142857	0.142857142857143	down	0.857142857142857	Stable	Stable Down	0.142857142857143
UV	RvY_09022-1	14	0	12	2	0	0.857142857142857	0.142857142857143	down	0.857142857142857	Stable	Stable Down	0.142857142857143
UV	RvY_09636-1	14	0	12	2	0	0.857142857142857	0.142857142857143	down	0.857142857142857	Stable	Stable Down	0.142857142857143
UV	RvY_09772-1	14	0	12	2	0	0.857142857142857	0.142857142857143	down	0.857142857142857	Stable	Stable Down	0.142857142857143
UV	RvY_09827-1	14	0	12	2	0	0.857142857142857	0.142857142857143	down	0.857142857142857	Stable	Stable Down	0.142857142857143
UV	RvY_09906-1	14	0	12	2	0	0.857142857142857	0.142857142857143	down	0.857142857142857	Stable	Stable Down	0.142857142857143
UV	RvY_09951-1	14	0	12	2	0	0.857142857142857	0.142857142857143	down	0.857142857142857	Stable	Stable Down	0.142857142857143
UV	RvY_10037-1	14	0	12	2	0	0.857142857142857	0.142857142857143	down	0.857142857142857	Stable	Stable Down	0.142857142857143
UV	RvY_10657-1	14	0	12	2	0	0.857142857142857	0.142857142857143	down	0.857142857142857	Stable	Stable Down	0.142857142857143
UV	RvY_10745-1	14	0	12	2	0	0.857142857142857	0.142857142857143	down	0.857142857142857	Stable	Stable Down	0.142857142857143
UV	RvY_11037-1	14	0	12	2	0	0.857142857142857	0.142857142857143	down	0.857142857142857	Stable	Stable Down	0.142857142857143
UV	RvY_11040-1	14	0	12	2	0	0.857142857142857	0.142857142857143	down	0.857142857142857	Stable	Stable Down	0.142857142857143
UV	RvY_11206	14	0	12	2	0	0.857142857142857	0.142857142857143	down	0.857142857142857	Stable	Stable Down	0.142857142857143
UV	RvY_11425-1	14	0	12	2	0	0.857142857142857	0.142857142857143	down	0.857142857142857	Stable	Stable Down	0.142857142857143
UV	RvY_11505-1	14	0	12	2	0	0.857142857142857	0.142857142857143	down	0.857142857142857	Stable	Stable Down	0.142857142857143
UV	RvY_11972-1	14	0	12	2	0	0.857142857142857	0.142857142857143	down	0.857142857142857	Stable	Stable Down	0.142857142857143
UV	RvY_12072-1	14	0	12	2	0	0.857142857142857	0.142857142857143	down	0.857142857142857	Stable	Stable Down	0.142857142857143
UV	RvY_12161-1	14	0	12	2	0	0.857142857142857	0.142857142857143	down	0.857142857142857	Stable	Stable Down	0.142857142857143
UV	RvY_12282-1	14	0	12	2	0	0.857142857142857	0.142857142857143	down	0.857142857142857	Stable	Stable Down	0.142857142857143
UV	RvY_12288-1	14	0	12	2	0	0.857142857142857	0.142857142857143	down	0.857142857142857	Stable	Stable Down	0.142857142857143
UV	RvY_12352-1	14	0	12	2	0	0.857142857142857	0.142857142857143	down	0.857142857142857	Stable	Stable Down	0.142857142857143
UV	RvY_12512	14	0	12	2	0	0.857142857142857	0.142857142857143	down	0.857142857142857	Stable	Stable Down	0.142857142857143
UV	RvY_12858-1	14	0	12	2	0	0.857142857142857	0.142857142857143	down	0.857142857142857	Stable	Stable Down	0.142857142857143
UV	RvY_12931-1	14	0	12	2	0	0.857142857142857	0.142857142857143	down	0.857142857142857	Stable	Stable Down	0.142857142857143
UV	RvY_13614	14	0	12	2	0	0.857142857142857	0.142857142857143	down	0.857142857142857	Stable	Stable Down	0.142857142857143
UV	RvY_13705	14	0	12	2	0	0.857142857142857	0.142857142857143	down	0.857142857142857	Stable	Stable Down	0.142857142857143
UV	RvY_14278-1	14	0	12	2	0	0.857142857142857	0.142857142857143	down	0.857142857142857	Stable	Stable Down	0.142857142857143
UV	RvY_14302-1	14	0	12	2	0	0.857142857142857	0.142857142857143	down	0.857142857142857	Stable	Stable Down	0.142857142857143
UV	RvY_14701	14	0	12	2	0	0.857142857142857	0.142857142857143	down	0.857142857142857	Stable	Stable Down	0.142857142857143
UV	RvY_14727	14	0	12	2	0	0.857142857142857	0.142857142857143	down	0.857142857142857	Stable	Stable Down	0.142857142857143
UV	RvY_14740-1	14	0	12	2	0	0.857142857142857	0.142857142857143	down	0.857142857142857	Stable	Stable Down	0.142857142857143
UV	RvY_14820-1	14	0	12	2	0	0.857142857142857	0.142857142857143	down	0.857142857142857	Stable	Stable Down	0.142857142857143
UV	RvY_15057	14	0	12	2	0	0.857142857142857	0.142857142857143	down	0.857142857142857	Stable	Stable Down	0.142857142857143
UV	RvY_15060	14	0	12	2	0	0.857142857142857	0.142857142857143	down	0.857142857142857	Stable	Stable Down	0.142857142857143
UV	RvY_15489-1	14	0	12	2	0	0.857142857142857	0.142857142857143	down	0.857142857142857	Stable	Stable Down	0.142857142857143
UV	RvY_15567-1	14	0	12	2	0	0.857142857142857	0.142857142857143	down	0.857142857142857	Stable	Stable Down	0.142857142857143
UV	RvY_16131-1	14	0	12	2	0	0.857142857142857	0.142857142857143	down	0.857142857142857	Stable	Stable Down	0.142857142857143
UV	RvY_16390-1	14	0	12	2	0	0.857142857142857	0.142857142857143	down	0.857142857142857	Stable	Stable Down	0.142857142857143
UV	RvY_16396-1	14	0	12	2	0	0.857142857142857	0.142857142857143	down	0.857142857142857	Stable	Stable Down	0.142857142857143
UV	RvY_16598-1	14	0	12	2	0	0.857142857142857	0.142857142857143	down	0.857142857142857	Stable	Stable Down	0.142857142857143
UV	RvY_17181-1	14	0	12	2	0	0.857142857142857	0.142857142857143	down	0.857142857142857	Stable	Stable Down	0.142857142857143
UV	RvY_17305-1	14	0	12	2	0	0.857142857142857	0.142857142857143	down	0.857142857142857	Stable	Stable Down	0.142857142857143
UV	RvY_17867-1	14	0	12	2	0	0.857142857142857	0.142857142857143	down	0.857142857142857	Stable	Stable Down	0.142857142857143
UV	RvY_18158-1	14	0	12	2	0	0.857142857142857	0.142857142857143	down	0.857142857142857	Stable	Stable Down	0.142857142857143
UV	RvY_18787-1	14	0	12	2	0	0.857142857142857	0.142857142857143	down	0.857142857142857	Stable	Stable Down	0.142857142857143
UV	RvY_19025-1	14	0	12	2	0	0.857142857142857	0.142857142857143	down	0.857142857142857	Stable	Stable Down	0.142857142857143
UV	RvY_19196-1	14	0	12	2	0	0.857142857142857	0.142857142857143	down	0.857142857142857	Stable	Stable Down	0.142857142857143
UV	RvY_00317-1	14	0	11	3	0	0.785714285714286	0.214285714285714	down	0.785714285714286	Stable	Stable Down	0.214285714285714
UV	RvY_00823	14	0	11	3	0	0.785714285714286	0.214285714285714	down	0.785714285714286	Stable	Stable Down	0.214285714285714
UV	RvY_00921-1	14	0	11	3	0	0.785714285714286	0.214285714285714	down	0.785714285714286	Stable	Stable Down	0.214285714285714
UV	RvY_01080-1	14	0	11	3	0	0.785714285714286	0.214285714285714	down	0.785714285714286	Stable	Stable Down	0.214285714285714
UV	RvY_01085-1	14	0	11	3	0	0.785714285714286	0.214285714285714	down	0.785714285714286	Stable	Stable Down	0.214285714285714
UV	RvY_01091-1	14	2	11	1	0.142857142857143	0.785714285714286	0.0714285714285714	down	0.785714285714286	Stable	Stable Down	0.214285714285714
UV	RvY_01120	14	0	11	3	0	0.785714285714286	0.214285714285714	down	0.785714285714286	Stable	Stable Down	0.214285714285714
UV	RvY_01125-1	14	1	11	2	0.0714285714285714	0.785714285714286	0.142857142857143	down	0.785714285714286	Stable	Stable Down	0.214285714285714
UV	RvY_01141-1	14	0	11	3	0	0.785714285714286	0.214285714285714	down	0.785714285714286	Stable	Stable Down	0.214285714285714
UV	RvY_01318-1	14	1	11	2	0.0714285714285714	0.785714285714286	0.142857142857143	down	0.785714285714286	Stable	Stable Down	0.214285714285714
UV	RvY_01322-1	14	1	11	2	0.0714285714285714	0.785714285714286	0.142857142857143	down	0.785714285714286	Stable	Stable Down	0.214285714285714
UV	RvY_01412-1	14	0	11	3	0	0.785714285714286	0.214285714285714	down	0.785714285714286	Stable	Stable Down	0.214285714285714
UV	RvY_01427-1	14	1	11	2	0.0714285714285714	0.785714285714286	0.142857142857143	down	0.785714285714286	Stable	Stable Down	0.214285714285714
UV	RvY_01531-1	14	1	11	2	0.0714285714285714	0.785714285714286	0.142857142857143	down	0.785714285714286	Stable	Stable Down	0.214285714285714
UV	RvY_01625	14	0	11	3	0	0.785714285714286	0.214285714285714	down	0.785714285714286	Stable	Stable Down	0.214285714285714
UV	RvY_01646-1	14	0	11	3	0	0.785714285714286	0.214285714285714	down	0.785714285714286	Stable	Stable Down	0.214285714285714
UV	RvY_01690-1	14	0	11	3	0	0.785714285714286	0.214285714285714	down	0.785714285714286	Stable	Stable Down	0.214285714285714
UV	RvY_01780-1	14	0	11	3	0	0.785714285714286	0.214285714285714	down	0.785714285714286	Stable	Stable Down	0.214285714285714
UV	RvY_02020	14	0	11	3	0	0.785714285714286	0.214285714285714	down	0.785714285714286	Stable	Stable Down	0.214285714285714
UV	RvY_02471-1	14	0	11	3	0	0.785714285714286	0.214285714285714	down	0.785714285714286	Stable	Stable Down	0.214285714285714
UV	RvY_02639-1	14	1	11	2	0.0714285714285714	0.785714285714286	0.142857142857143	down	0.785714285714286	Stable	Stable Down	0.214285714285714
UV	RvY_03071-1	14	0	11	3	0	0.785714285714286	0.214285714285714	down	0.785714285714286	Stable	Stable Down	0.214285714285714
UV	RvY_03146-1	14	0	11	3	0	0.785714285714286	0.214285714285714	down	0.785714285714286	Stable	Stable Down	0.214285714285714
UV	RvY_03336-1	14	0	11	3	0	0.785714285714286	0.214285714285714	down	0.785714285714286	Stable	Stable Down	0.214285714285714
UV	RvY_03375	14	0	11	3	0	0.785714285714286	0.214285714285714	down	0.785714285714286	Stable	Stable Down	0.214285714285714
UV	RvY_03483-1	14	0	11	3	0	0.785714285714286	0.214285714285714	down	0.785714285714286	Stable	Stable Down	0.214285714285714
UV	RvY_03663-1	14	1	11	2	0.0714285714285714	0.785714285714286	0.142857142857143	down	0.785714285714286	Stable	Stable Down	0.214285714285714
UV	RvY_04052-1	14	0	11	3	0	0.785714285714286	0.214285714285714	down	0.785714285714286	Stable	Stable Down	0.214285714285714
UV	RvY_04185-1	14	0	11	3	0	0.785714285714286	0.214285714285714	down	0.785714285714286	Stable	Stable Down	0.214285714285714
UV	RvY_04235-1	14	0	11	3	0	0.785714285714286	0.214285714285714	down	0.785714285714286	Stable	Stable Down	0.214285714285714
UV	RvY_04524-1	14	0	11	3	0	0.785714285714286	0.214285714285714	down	0.785714285714286	Stable	Stable Down	0.214285714285714
UV	RvY_04557	14	1	11	2	0.0714285714285714	0.785714285714286	0.142857142857143	down	0.785714285714286	Stable	Stable Down	0.214285714285714
UV	RvY_04702-1	14	0	11	3	0	0.785714285714286	0.214285714285714	down	0.785714285714286	Stable	Stable Down	0.214285714285714
UV	RvY_04722-1	14	0	11	3	0	0.785714285714286	0.214285714285714	down	0.785714285714286	Stable	Stable Down	0.214285714285714
UV	RvY_04885-1	14	0	11	3	0	0.785714285714286	0.214285714285714	down	0.785714285714286	Stable	Stable Down	0.214285714285714
UV	RvY_04898-1	14	0	11	3	0	0.785714285714286	0.214285714285714	down	0.785714285714286	Stable	Stable Down	0.214285714285714
UV	RvY_04944	14	0	11	3	0	0.785714285714286	0.214285714285714	down	0.785714285714286	Stable	Stable Down	0.214285714285714
UV	RvY_05050-1	14	0	11	3	0	0.785714285714286	0.214285714285714	down	0.785714285714286	Stable	Stable Down	0.214285714285714
UV	RvY_05150	14	0	11	3	0	0.785714285714286	0.214285714285714	down	0.785714285714286	Stable	Stable Down	0.214285714285714
UV	RvY_05261-1	14	0	11	3	0	0.785714285714286	0.214285714285714	down	0.785714285714286	Stable	Stable Down	0.214285714285714
UV	RvY_05262-1	14	0	11	3	0	0.785714285714286	0.214285714285714	down	0.785714285714286	Stable	Stable Down	0.214285714285714
UV	RvY_05283	14	0	11	3	0	0.785714285714286	0.214285714285714	down	0.785714285714286	Stable	Stable Down	0.214285714285714
UV	RvY_05720	14	1	11	2	0.0714285714285714	0.785714285714286	0.142857142857143	down	0.785714285714286	Stable	Stable Down	0.214285714285714
UV	RvY_05737-1	14	0	11	3	0	0.785714285714286	0.214285714285714	down	0.785714285714286	Stable	Stable Down	0.214285714285714
UV	RvY_06061-1	14	0	11	3	0	0.785714285714286	0.214285714285714	down	0.785714285714286	Stable	Stable Down	0.214285714285714
UV	RvY_06287	14	0	11	3	0	0.785714285714286	0.214285714285714	down	0.785714285714286	Stable	Stable Down	0.214285714285714
UV	RvY_06329-1	14	0	11	3	0	0.785714285714286	0.214285714285714	down	0.785714285714286	Stable	Stable Down	0.214285714285714
UV	RvY_06343-1	14	0	11	3	0	0.785714285714286	0.214285714285714	down	0.785714285714286	Stable	Stable Down	0.214285714285714
UV	RvY_06543-1	14	1	11	2	0.0714285714285714	0.785714285714286	0.142857142857143	down	0.785714285714286	Stable	Stable Down	0.214285714285714
UV	RvY_06680-1	14	0	11	3	0	0.785714285714286	0.214285714285714	down	0.785714285714286	Stable	Stable Down	0.214285714285714
UV	RvY_06816-1	14	0	11	3	0	0.785714285714286	0.214285714285714	down	0.785714285714286	Stable	Stable Down	0.214285714285714
UV	RvY_07029-1	14	0	11	3	0	0.785714285714286	0.214285714285714	down	0.785714285714286	Stable	Stable Down	0.214285714285714
UV	RvY_07276-1	14	0	11	3	0	0.785714285714286	0.214285714285714	down	0.785714285714286	Stable	Stable Down	0.214285714285714
UV	RvY_07331	14	0	11	3	0	0.785714285714286	0.214285714285714	down	0.785714285714286	Stable	Stable Down	0.214285714285714
UV	RvY_07400-1	14	0	11	3	0	0.785714285714286	0.214285714285714	down	0.785714285714286	Stable	Stable Down	0.214285714285714
UV	RvY_07523-1	14	0	11	3	0	0.785714285714286	0.214285714285714	down	0.785714285714286	Stable	Stable Down	0.214285714285714
UV	RvY_07667-1	14	0	11	3	0	0.785714285714286	0.214285714285714	down	0.785714285714286	Stable	Stable Down	0.214285714285714
UV	RvY_07783-1	14	0	11	3	0	0.785714285714286	0.214285714285714	down	0.785714285714286	Stable	Stable Down	0.214285714285714
UV	RvY_07801-1	14	0	11	3	0	0.785714285714286	0.214285714285714	down	0.785714285714286	Stable	Stable Down	0.214285714285714
UV	RvY_07835-1	14	0	11	3	0	0.785714285714286	0.214285714285714	down	0.785714285714286	Stable	Stable Down	0.214285714285714
UV	RvY_07866-1	14	0	11	3	0	0.785714285714286	0.214285714285714	down	0.785714285714286	Stable	Stable Down	0.214285714285714
UV	RvY_07885-1	14	0	11	3	0	0.785714285714286	0.214285714285714	down	0.785714285714286	Stable	Stable Down	0.214285714285714
UV	RvY_07890-1	14	0	11	3	0	0.785714285714286	0.214285714285714	down	0.785714285714286	Stable	Stable Down	0.214285714285714
UV	RvY_08275-1	14	0	11	3	0	0.785714285714286	0.214285714285714	down	0.785714285714286	Stable	Stable Down	0.214285714285714
UV	RvY_08495-1	14	1	11	2	0.0714285714285714	0.785714285714286	0.142857142857143	down	0.785714285714286	Stable	Stable Down	0.214285714285714
UV	RvY_08549-1	14	0	11	3	0	0.785714285714286	0.214285714285714	down	0.785714285714286	Stable	Stable Down	0.214285714285714
UV	RvY_08612-1	14	0	11	3	0	0.785714285714286	0.214285714285714	down	0.785714285714286	Stable	Stable Down	0.214285714285714
UV	RvY_08640-1	14	0	11	3	0	0.785714285714286	0.214285714285714	down	0.785714285714286	Stable	Stable Down	0.214285714285714
UV	RvY_08686-1	14	0	11	3	0	0.785714285714286	0.214285714285714	down	0.785714285714286	Stable	Stable Down	0.214285714285714
UV	RvY_08766-1	14	0	11	3	0	0.785714285714286	0.214285714285714	down	0.785714285714286	Stable	Stable Down	0.214285714285714
UV	RvY_08779	14	0	11	3	0	0.785714285714286	0.214285714285714	down	0.785714285714286	Stable	Stable Down	0.214285714285714
UV	RvY_08831-1	14	0	11	3	0	0.785714285714286	0.214285714285714	down	0.785714285714286	Stable	Stable Down	0.214285714285714
UV	RvY_08912	14	0	11	3	0	0.785714285714286	0.214285714285714	down	0.785714285714286	Stable	Stable Down	0.214285714285714
UV	RvY_08984	14	0	11	3	0	0.785714285714286	0.214285714285714	down	0.785714285714286	Stable	Stable Down	0.214285714285714
UV	RvY_08985	14	0	11	3	0	0.785714285714286	0.214285714285714	down	0.785714285714286	Stable	Stable Down	0.214285714285714
UV	RvY_09020-1	14	1	11	2	0.0714285714285714	0.785714285714286	0.142857142857143	down	0.785714285714286	Stable	Stable Down	0.214285714285714
UV	RvY_09193-1	14	0	11	3	0	0.785714285714286	0.214285714285714	down	0.785714285714286	Stable	Stable Down	0.214285714285714
UV	RvY_09257-1	14	0	11	3	0	0.785714285714286	0.214285714285714	down	0.785714285714286	Stable	Stable Down	0.214285714285714
UV	RvY_09395-1	14	0	11	3	0	0.785714285714286	0.214285714285714	down	0.785714285714286	Stable	Stable Down	0.214285714285714
UV	RvY_09417-1	14	0	11	3	0	0.785714285714286	0.214285714285714	down	0.785714285714286	Stable	Stable Down	0.214285714285714
UV	RvY_09450	14	0	11	3	0	0.785714285714286	0.214285714285714	down	0.785714285714286	Stable	Stable Down	0.214285714285714
UV	RvY_09470-1	14	0	11	3	0	0.785714285714286	0.214285714285714	down	0.785714285714286	Stable	Stable Down	0.214285714285714
UV	RvY_09774-1	14	0	11	3	0	0.785714285714286	0.214285714285714	down	0.785714285714286	Stable	Stable Down	0.214285714285714
UV	RvY_09898	14	0	11	3	0	0.785714285714286	0.214285714285714	down	0.785714285714286	Stable	Stable Down	0.214285714285714
UV	RvY_09901	14	0	11	3	0	0.785714285714286	0.214285714285714	down	0.785714285714286	Stable	Stable Down	0.214285714285714
UV	RvY_09908-1	14	0	11	3	0	0.785714285714286	0.214285714285714	down	0.785714285714286	Stable	Stable Down	0.214285714285714
UV	RvY_09930-1	14	0	11	3	0	0.785714285714286	0.214285714285714	down	0.785714285714286	Stable	Stable Down	0.214285714285714
UV	RvY_09938	14	1	11	2	0.0714285714285714	0.785714285714286	0.142857142857143	down	0.785714285714286	Stable	Stable Down	0.214285714285714
UV	RvY_10171-1	14	1	11	2	0.0714285714285714	0.785714285714286	0.142857142857143	down	0.785714285714286	Stable	Stable Down	0.214285714285714
UV	RvY_10432	14	0	11	3	0	0.785714285714286	0.214285714285714	down	0.785714285714286	Stable	Stable Down	0.214285714285714
UV	RvY_10557	14	0	11	3	0	0.785714285714286	0.214285714285714	down	0.785714285714286	Stable	Stable Down	0.214285714285714
UV	RvY_10639-1	14	0	11	3	0	0.785714285714286	0.214285714285714	down	0.785714285714286	Stable	Stable Down	0.214285714285714
UV	RvY_10671	14	0	11	3	0	0.785714285714286	0.214285714285714	down	0.785714285714286	Stable	Stable Down	0.214285714285714
UV	RvY_11094-1	14	0	11	3	0	0.785714285714286	0.214285714285714	down	0.785714285714286	Stable	Stable Down	0.214285714285714
UV	RvY_11793	14	1	11	2	0.0714285714285714	0.785714285714286	0.142857142857143	down	0.785714285714286	Stable	Stable Down	0.214285714285714
UV	RvY_11871-1	14	0	11	3	0	0.785714285714286	0.214285714285714	down	0.785714285714286	Stable	Stable Down	0.214285714285714
UV	RvY_11903-1	14	0	11	3	0	0.785714285714286	0.214285714285714	down	0.785714285714286	Stable	Stable Down	0.214285714285714
UV	RvY_11908-1	14	0	11	3	0	0.785714285714286	0.214285714285714	down	0.785714285714286	Stable	Stable Down	0.214285714285714
UV	RvY_12278-1	14	0	11	3	0	0.785714285714286	0.214285714285714	down	0.785714285714286	Stable	Stable Down	0.214285714285714
UV	RvY_12324-1	14	0	11	3	0	0.785714285714286	0.214285714285714	down	0.785714285714286	Stable	Stable Down	0.214285714285714
UV	RvY_12429	14	0	11	3	0	0.785714285714286	0.214285714285714	down	0.785714285714286	Stable	Stable Down	0.214285714285714
UV	RvY_12446-1	14	0	11	3	0	0.785714285714286	0.214285714285714	down	0.785714285714286	Stable	Stable Down	0.214285714285714
UV	RvY_12551-1	14	0	11	3	0	0.785714285714286	0.214285714285714	down	0.785714285714286	Stable	Stable Down	0.214285714285714
UV	RvY_12613-1	14	0	11	3	0	0.785714285714286	0.214285714285714	down	0.785714285714286	Stable	Stable Down	0.214285714285714
UV	RvY_12632	14	0	11	3	0	0.785714285714286	0.214285714285714	down	0.785714285714286	Stable	Stable Down	0.214285714285714
UV	RvY_12699	14	0	11	3	0	0.785714285714286	0.214285714285714	down	0.785714285714286	Stable	Stable Down	0.214285714285714
UV	RvY_12844-1	14	0	11	3	0	0.785714285714286	0.214285714285714	down	0.785714285714286	Stable	Stable Down	0.214285714285714
UV	RvY_13063-1	14	0	11	3	0	0.785714285714286	0.214285714285714	down	0.785714285714286	Stable	Stable Down	0.214285714285714
UV	RvY_13226-1	14	2	11	1	0.142857142857143	0.785714285714286	0.0714285714285714	down	0.785714285714286	Stable	Stable Down	0.214285714285714
UV	RvY_13293	14	0	11	3	0	0.785714285714286	0.214285714285714	down	0.785714285714286	Stable	Stable Down	0.214285714285714
UV	RvY_13481-1	14	1	11	2	0.0714285714285714	0.785714285714286	0.142857142857143	down	0.785714285714286	Stable	Stable Down	0.214285714285714
UV	RvY_13516-1	14	0	11	3	0	0.785714285714286	0.214285714285714	down	0.785714285714286	Stable	Stable Down	0.214285714285714
UV	RvY_13602-1	14	0	11	3	0	0.785714285714286	0.214285714285714	down	0.785714285714286	Stable	Stable Down	0.214285714285714
UV	RvY_13684-1	14	0	11	3	0	0.785714285714286	0.214285714285714	down	0.785714285714286	Stable	Stable Down	0.214285714285714
UV	RvY_13803	14	0	11	3	0	0.785714285714286	0.214285714285714	down	0.785714285714286	Stable	Stable Down	0.214285714285714
UV	RvY_13805	14	0	11	3	0	0.785714285714286	0.214285714285714	down	0.785714285714286	Stable	Stable Down	0.214285714285714
UV	RvY_13963	14	0	11	3	0	0.785714285714286	0.214285714285714	down	0.785714285714286	Stable	Stable Down	0.214285714285714
UV	RvY_13966-1	14	0	11	3	0	0.785714285714286	0.214285714285714	down	0.785714285714286	Stable	Stable Down	0.214285714285714
UV	RvY_14037-1	14	0	11	3	0	0.785714285714286	0.214285714285714	down	0.785714285714286	Stable	Stable Down	0.214285714285714
UV	RvY_14510-1	14	0	11	3	0	0.785714285714286	0.214285714285714	down	0.785714285714286	Stable	Stable Down	0.214285714285714
UV	RvY_14839-1	14	0	11	3	0	0.785714285714286	0.214285714285714	down	0.785714285714286	Stable	Stable Down	0.214285714285714
UV	RvY_14841	14	1	11	2	0.0714285714285714	0.785714285714286	0.142857142857143	down	0.785714285714286	Stable	Stable Down	0.214285714285714
UV	RvY_14889	14	0	11	3	0	0.785714285714286	0.214285714285714	down	0.785714285714286	Stable	Stable Down	0.214285714285714
UV	RvY_14897-1	14	0	11	3	0	0.785714285714286	0.214285714285714	down	0.785714285714286	Stable	Stable Down	0.214285714285714
UV	RvY_15175-1	14	0	11	3	0	0.785714285714286	0.214285714285714	down	0.785714285714286	Stable	Stable Down	0.214285714285714
UV	RvY_15912-1	14	0	11	3	0	0.785714285714286	0.214285714285714	down	0.785714285714286	Stable	Stable Down	0.214285714285714
UV	RvY_16071-1	14	0	11	3	0	0.785714285714286	0.214285714285714	down	0.785714285714286	Stable	Stable Down	0.214285714285714
UV	RvY_16176-1	14	1	11	2	0.0714285714285714	0.785714285714286	0.142857142857143	down	0.785714285714286	Stable	Stable Down	0.214285714285714
UV	RvY_16177-1	14	0	11	3	0	0.785714285714286	0.214285714285714	down	0.785714285714286	Stable	Stable Down	0.214285714285714
UV	RvY_16180	14	0	11	3	0	0.785714285714286	0.214285714285714	down	0.785714285714286	Stable	Stable Down	0.214285714285714
UV	RvY_16189-1	14	0	11	3	0	0.785714285714286	0.214285714285714	down	0.785714285714286	Stable	Stable Down	0.214285714285714
UV	RvY_16190-1	14	1	11	2	0.0714285714285714	0.785714285714286	0.142857142857143	down	0.785714285714286	Stable	Stable Down	0.214285714285714
UV	RvY_16578	14	0	11	3	0	0.785714285714286	0.214285714285714	down	0.785714285714286	Stable	Stable Down	0.214285714285714
UV	RvY_16723-1	14	0	11	3	0	0.785714285714286	0.214285714285714	down	0.785714285714286	Stable	Stable Down	0.214285714285714
UV	RvY_16775	14	0	11	3	0	0.785714285714286	0.214285714285714	down	0.785714285714286	Stable	Stable Down	0.214285714285714
UV	RvY_16943-1	14	0	11	3	0	0.785714285714286	0.214285714285714	down	0.785714285714286	Stable	Stable Down	0.214285714285714
UV	RvY_17118-1	14	0	11	3	0	0.785714285714286	0.214285714285714	down	0.785714285714286	Stable	Stable Down	0.214285714285714
UV	RvY_17139-4	14	0	11	3	0	0.785714285714286	0.214285714285714	down	0.785714285714286	Stable	Stable Down	0.214285714285714
UV	RvY_17171-1	14	0	11	3	0	0.785714285714286	0.214285714285714	down	0.785714285714286	Stable	Stable Down	0.214285714285714
UV	RvY_17310-1	14	0	11	3	0	0.785714285714286	0.214285714285714	down	0.785714285714286	Stable	Stable Down	0.214285714285714
UV	RvY_17402-1	14	0	11	3	0	0.785714285714286	0.214285714285714	down	0.785714285714286	Stable	Stable Down	0.214285714285714
UV	RvY_17503	14	0	11	3	0	0.785714285714286	0.214285714285714	down	0.785714285714286	Stable	Stable Down	0.214285714285714
UV	RvY_17611-1	14	1	11	2	0.0714285714285714	0.785714285714286	0.142857142857143	down	0.785714285714286	Stable	Stable Down	0.214285714285714
UV	RvY_17635-1	14	0	11	3	0	0.785714285714286	0.214285714285714	down	0.785714285714286	Stable	Stable Down	0.214285714285714
UV	RvY_17762-1	14	0	11	3	0	0.785714285714286	0.214285714285714	down	0.785714285714286	Stable	Stable Down	0.214285714285714
UV	RvY_17868-1	14	0	11	3	0	0.785714285714286	0.214285714285714	down	0.785714285714286	Stable	Stable Down	0.214285714285714
UV	RvY_18003-1	14	0	11	3	0	0.785714285714286	0.214285714285714	down	0.785714285714286	Stable	Stable Down	0.214285714285714
UV	RvY_18126-1	14	0	11	3	0	0.785714285714286	0.214285714285714	down	0.785714285714286	Stable	Stable Down	0.214285714285714
UV	RvY_19002-1	14	0	11	3	0	0.785714285714286	0.214285714285714	down	0.785714285714286	Stable	Stable Down	0.214285714285714
UV	RvY_00543-1	14	14	0	0	1	0	0	up	1	Highly Stable	Highly Stable Up	0
UV	RvY_02247-1	14	14	0	0	1	0	0	up	1	Highly Stable	Highly Stable Up	0
UV	RvY_03487-1	14	14	0	0	1	0	0	up	1	Highly Stable	Highly Stable Up	0
UV	RvY_04200	14	14	0	0	1	0	0	up	1	Highly Stable	Highly Stable Up	0
UV	RvY_04202	14	14	0	0	1	0	0	up	1	Highly Stable	Highly Stable Up	0
UV	RvY_05047-1	14	14	0	0	1	0	0	up	1	Highly Stable	Highly Stable Up	0
UV	RvY_05521-1	14	14	0	0	1	0	0	up	1	Highly Stable	Highly Stable Up	0
UV	RvY_06255-3	14	14	0	0	1	0	0	up	1	Highly Stable	Highly Stable Up	0
UV	RvY_06501-1	14	14	0	0	1	0	0	up	1	Highly Stable	Highly Stable Up	0
UV	RvY_07182-1	14	14	0	0	1	0	0	up	1	Highly Stable	Highly Stable Up	0
UV	RvY_07292-1	14	14	0	0	1	0	0	up	1	Highly Stable	Highly Stable Up	0
UV	RvY_07643-1	14	14	0	0	1	0	0	up	1	Highly Stable	Highly Stable Up	0
UV	RvY_07644-1	14	14	0	0	1	0	0	up	1	Highly Stable	Highly Stable Up	0
UV	RvY_07949-1	14	14	0	0	1	0	0	up	1	Highly Stable	Highly Stable Up	0
UV	RvY_10068-1	14	14	0	0	1	0	0	up	1	Highly Stable	Highly Stable Up	0
UV	RvY_10560	14	14	0	0	1	0	0	up	1	Highly Stable	Highly Stable Up	0
UV	RvY_11464-1	14	14	0	0	1	0	0	up	1	Highly Stable	Highly Stable Up	0
UV	RvY_11867-1	14	14	0	0	1	0	0	up	1	Highly Stable	Highly Stable Up	0
UV	RvY_12016-1	14	14	0	0	1	0	0	up	1	Highly Stable	Highly Stable Up	0
UV	RvY_12084-1	14	14	0	0	1	0	0	up	1	Highly Stable	Highly Stable Up	0
UV	RvY_12313-1	14	14	0	0	1	0	0	up	1	Highly Stable	Highly Stable Up	0
UV	RvY_12322-1	14	14	0	0	1	0	0	up	1	Highly Stable	Highly Stable Up	0
UV	RvY_12499-1	14	14	0	0	1	0	0	up	1	Highly Stable	Highly Stable Up	0
UV	RvY_12540	14	14	0	0	1	0	0	up	1	Highly Stable	Highly Stable Up	0
UV	RvY_13094-1	14	14	0	0	1	0	0	up	1	Highly Stable	Highly Stable Up	0
UV	RvY_13271-1	14	14	0	0	1	0	0	up	1	Highly Stable	Highly Stable Up	0
UV	RvY_13336	14	14	0	0	1	0	0	up	1	Highly Stable	Highly Stable Up	0
UV	RvY_13782-1	14	14	0	0	1	0	0	up	1	Highly Stable	Highly Stable Up	0
UV	RvY_14257	14	14	0	0	1	0	0	up	1	Highly Stable	Highly Stable Up	0
UV	RvY_14376-1	14	14	0	0	1	0	0	up	1	Highly Stable	Highly Stable Up	0
UV	RvY_14594-1	14	14	0	0	1	0	0	up	1	Highly Stable	Highly Stable Up	0
UV	RvY_14888-1	14	14	0	0	1	0	0	up	1	Highly Stable	Highly Stable Up	0
UV	RvY_14984-1	14	14	0	0	1	0	0	up	1	Highly Stable	Highly Stable Up	0
UV	RvY_15086-1	14	14	0	0	1	0	0	up	1	Highly Stable	Highly Stable Up	0
UV	RvY_15852-1	14	14	0	0	1	0	0	up	1	Highly Stable	Highly Stable Up	0
UV	RvY_16235	14	14	0	0	1	0	0	up	1	Highly Stable	Highly Stable Up	0
UV	RvY_17616-1	14	14	0	0	1	0	0	up	1	Highly Stable	Highly Stable Up	0
UV	RvY_18231	14	14	0	0	1	0	0	up	1	Highly Stable	Highly Stable Up	0
UV	RvY_18474-1	14	14	0	0	1	0	0	up	1	Highly Stable	Highly Stable Up	0
UV	RvY_18959-1	14	14	0	0	1	0	0	up	1	Highly Stable	Highly Stable Up	0
UV	RvY_00327-1	14	13	0	1	0.928571428571429	0	0.0714285714285714	up	0.928571428571429	Highly Stable	Highly Stable Up	0.0714285714285714
UV	RvY_00334-1	14	13	0	1	0.928571428571429	0	0.0714285714285714	up	0.928571428571429	Highly Stable	Highly Stable Up	0.0714285714285714
UV	RvY_00344-1	14	13	0	1	0.928571428571429	0	0.0714285714285714	up	0.928571428571429	Highly Stable	Highly Stable Up	0.0714285714285714
UV	RvY_00419-1	14	13	0	1	0.928571428571429	0	0.0714285714285714	up	0.928571428571429	Highly Stable	Highly Stable Up	0.0714285714285714
UV	RvY_00438-1	14	13	0	1	0.928571428571429	0	0.0714285714285714	up	0.928571428571429	Highly Stable	Highly Stable Up	0.0714285714285714
UV	RvY_00900-1	14	13	0	1	0.928571428571429	0	0.0714285714285714	up	0.928571428571429	Highly Stable	Highly Stable Up	0.0714285714285714
UV	RvY_00970-1	14	13	0	1	0.928571428571429	0	0.0714285714285714	up	0.928571428571429	Highly Stable	Highly Stable Up	0.0714285714285714
UV	RvY_01078-1	14	13	0	1	0.928571428571429	0	0.0714285714285714	up	0.928571428571429	Highly Stable	Highly Stable Up	0.0714285714285714
UV	RvY_01304	14	13	0	1	0.928571428571429	0	0.0714285714285714	up	0.928571428571429	Highly Stable	Highly Stable Up	0.0714285714285714
UV	RvY_01661-1	14	13	0	1	0.928571428571429	0	0.0714285714285714	up	0.928571428571429	Highly Stable	Highly Stable Up	0.0714285714285714
UV	RvY_01716-1	14	13	0	1	0.928571428571429	0	0.0714285714285714	up	0.928571428571429	Highly Stable	Highly Stable Up	0.0714285714285714
UV	RvY_02668-1	14	13	0	1	0.928571428571429	0	0.0714285714285714	up	0.928571428571429	Highly Stable	Highly Stable Up	0.0714285714285714
UV	RvY_02690-1	14	13	0	1	0.928571428571429	0	0.0714285714285714	up	0.928571428571429	Highly Stable	Highly Stable Up	0.0714285714285714
UV	RvY_02745	14	13	0	1	0.928571428571429	0	0.0714285714285714	up	0.928571428571429	Highly Stable	Highly Stable Up	0.0714285714285714
UV	RvY_02799-1	14	13	0	1	0.928571428571429	0	0.0714285714285714	up	0.928571428571429	Highly Stable	Highly Stable Up	0.0714285714285714
UV	RvY_02802-1	14	13	0	1	0.928571428571429	0	0.0714285714285714	up	0.928571428571429	Highly Stable	Highly Stable Up	0.0714285714285714
UV	RvY_03227-1	14	13	0	1	0.928571428571429	0	0.0714285714285714	up	0.928571428571429	Highly Stable	Highly Stable Up	0.0714285714285714
UV	RvY_03228-1	14	13	0	1	0.928571428571429	0	0.0714285714285714	up	0.928571428571429	Highly Stable	Highly Stable Up	0.0714285714285714
UV	RvY_03230-1	14	13	0	1	0.928571428571429	0	0.0714285714285714	up	0.928571428571429	Highly Stable	Highly Stable Up	0.0714285714285714
UV	RvY_03533-1	14	13	0	1	0.928571428571429	0	0.0714285714285714	up	0.928571428571429	Highly Stable	Highly Stable Up	0.0714285714285714
UV	RvY_03542-1	14	13	0	1	0.928571428571429	0	0.0714285714285714	up	0.928571428571429	Highly Stable	Highly Stable Up	0.0714285714285714
UV	RvY_03883-1	14	13	1	0	0.928571428571429	0.0714285714285714	0	up	0.928571428571429	Highly Stable	Highly Stable Up	0.0714285714285714
UV	RvY_03998-1	14	13	0	1	0.928571428571429	0	0.0714285714285714	up	0.928571428571429	Highly Stable	Highly Stable Up	0.0714285714285714
UV	RvY_04113-1	14	13	0	1	0.928571428571429	0	0.0714285714285714	up	0.928571428571429	Highly Stable	Highly Stable Up	0.0714285714285714
UV	RvY_04204-1	14	13	0	1	0.928571428571429	0	0.0714285714285714	up	0.928571428571429	Highly Stable	Highly Stable Up	0.0714285714285714
UV	RvY_04243-1	14	13	0	1	0.928571428571429	0	0.0714285714285714	up	0.928571428571429	Highly Stable	Highly Stable Up	0.0714285714285714
UV	RvY_04381-1	14	13	0	1	0.928571428571429	0	0.0714285714285714	up	0.928571428571429	Highly Stable	Highly Stable Up	0.0714285714285714
UV	RvY_04456-1	14	13	0	1	0.928571428571429	0	0.0714285714285714	up	0.928571428571429	Highly Stable	Highly Stable Up	0.0714285714285714
UV	RvY_04622-1	14	13	0	1	0.928571428571429	0	0.0714285714285714	up	0.928571428571429	Highly Stable	Highly Stable Up	0.0714285714285714
UV	RvY_04686	14	13	0	1	0.928571428571429	0	0.0714285714285714	up	0.928571428571429	Highly Stable	Highly Stable Up	0.0714285714285714
UV	RvY_04888-1	14	13	0	1	0.928571428571429	0	0.0714285714285714	up	0.928571428571429	Highly Stable	Highly Stable Up	0.0714285714285714
UV	RvY_05429	14	13	0	1	0.928571428571429	0	0.0714285714285714	up	0.928571428571429	Highly Stable	Highly Stable Up	0.0714285714285714
UV	RvY_05461-1	14	13	0	1	0.928571428571429	0	0.0714285714285714	up	0.928571428571429	Highly Stable	Highly Stable Up	0.0714285714285714
UV	RvY_05542	14	13	0	1	0.928571428571429	0	0.0714285714285714	up	0.928571428571429	Highly Stable	Highly Stable Up	0.0714285714285714
UV	RvY_05884-1	14	13	0	1	0.928571428571429	0	0.0714285714285714	up	0.928571428571429	Highly Stable	Highly Stable Up	0.0714285714285714
UV	RvY_06034	14	13	0	1	0.928571428571429	0	0.0714285714285714	up	0.928571428571429	Highly Stable	Highly Stable Up	0.0714285714285714
UV	RvY_06176-1	14	13	0	1	0.928571428571429	0	0.0714285714285714	up	0.928571428571429	Highly Stable	Highly Stable Up	0.0714285714285714
UV	RvY_06939-1	14	13	0	1	0.928571428571429	0	0.0714285714285714	up	0.928571428571429	Highly Stable	Highly Stable Up	0.0714285714285714
UV	RvY_07074-1	14	13	0	1	0.928571428571429	0	0.0714285714285714	up	0.928571428571429	Highly Stable	Highly Stable Up	0.0714285714285714
UV	RvY_07110	14	13	0	1	0.928571428571429	0	0.0714285714285714	up	0.928571428571429	Highly Stable	Highly Stable Up	0.0714285714285714
UV	RvY_07119	14	13	0	1	0.928571428571429	0	0.0714285714285714	up	0.928571428571429	Highly Stable	Highly Stable Up	0.0714285714285714
UV	RvY_07261-1	14	13	0	1	0.928571428571429	0	0.0714285714285714	up	0.928571428571429	Highly Stable	Highly Stable Up	0.0714285714285714
UV	RvY_07516-1	14	13	0	1	0.928571428571429	0	0.0714285714285714	up	0.928571428571429	Highly Stable	Highly Stable Up	0.0714285714285714
UV	RvY_07734-1	14	13	0	1	0.928571428571429	0	0.0714285714285714	up	0.928571428571429	Highly Stable	Highly Stable Up	0.0714285714285714
UV	RvY_07997-1	14	13	0	1	0.928571428571429	0	0.0714285714285714	up	0.928571428571429	Highly Stable	Highly Stable Up	0.0714285714285714
UV	RvY_08687-1	14	13	0	1	0.928571428571429	0	0.0714285714285714	up	0.928571428571429	Highly Stable	Highly Stable Up	0.0714285714285714
UV	RvY_08708-1	14	13	0	1	0.928571428571429	0	0.0714285714285714	up	0.928571428571429	Highly Stable	Highly Stable Up	0.0714285714285714
UV	RvY_09879	14	13	0	1	0.928571428571429	0	0.0714285714285714	up	0.928571428571429	Highly Stable	Highly Stable Up	0.0714285714285714
UV	RvY_09946	14	13	0	1	0.928571428571429	0	0.0714285714285714	up	0.928571428571429	Highly Stable	Highly Stable Up	0.0714285714285714
UV	RvY_10000-1	14	13	0	1	0.928571428571429	0	0.0714285714285714	up	0.928571428571429	Highly Stable	Highly Stable Up	0.0714285714285714
UV	RvY_10030-1	14	13	0	1	0.928571428571429	0	0.0714285714285714	up	0.928571428571429	Highly Stable	Highly Stable Up	0.0714285714285714
UV	RvY_10221-1	14	13	0	1	0.928571428571429	0	0.0714285714285714	up	0.928571428571429	Highly Stable	Highly Stable Up	0.0714285714285714
UV	RvY_10445-1	14	13	0	1	0.928571428571429	0	0.0714285714285714	up	0.928571428571429	Highly Stable	Highly Stable Up	0.0714285714285714
UV	RvY_10830-1	14	13	0	1	0.928571428571429	0	0.0714285714285714	up	0.928571428571429	Highly Stable	Highly Stable Up	0.0714285714285714
UV	RvY_10840-1	14	13	0	1	0.928571428571429	0	0.0714285714285714	up	0.928571428571429	Highly Stable	Highly Stable Up	0.0714285714285714
UV	RvY_11133	14	13	0	1	0.928571428571429	0	0.0714285714285714	up	0.928571428571429	Highly Stable	Highly Stable Up	0.0714285714285714
UV	RvY_11164-1	14	13	0	1	0.928571428571429	0	0.0714285714285714	up	0.928571428571429	Highly Stable	Highly Stable Up	0.0714285714285714
UV	RvY_11323	14	13	0	1	0.928571428571429	0	0.0714285714285714	up	0.928571428571429	Highly Stable	Highly Stable Up	0.0714285714285714
UV	RvY_11696-1	14	13	0	1	0.928571428571429	0	0.0714285714285714	up	0.928571428571429	Highly Stable	Highly Stable Up	0.0714285714285714
UV	RvY_12140-1	14	13	0	1	0.928571428571429	0	0.0714285714285714	up	0.928571428571429	Highly Stable	Highly Stable Up	0.0714285714285714
UV	RvY_12219-1	14	13	0	1	0.928571428571429	0	0.0714285714285714	up	0.928571428571429	Highly Stable	Highly Stable Up	0.0714285714285714
UV	RvY_12250	14	13	0	1	0.928571428571429	0	0.0714285714285714	up	0.928571428571429	Highly Stable	Highly Stable Up	0.0714285714285714
UV	RvY_12410-1	14	13	1	0	0.928571428571429	0.0714285714285714	0	up	0.928571428571429	Highly Stable	Highly Stable Up	0.0714285714285714
UV	RvY_12685-1	14	13	0	1	0.928571428571429	0	0.0714285714285714	up	0.928571428571429	Highly Stable	Highly Stable Up	0.0714285714285714
UV	RvY_12709-1	14	13	0	1	0.928571428571429	0	0.0714285714285714	up	0.928571428571429	Highly Stable	Highly Stable Up	0.0714285714285714
UV	RvY_12759-1	14	13	0	1	0.928571428571429	0	0.0714285714285714	up	0.928571428571429	Highly Stable	Highly Stable Up	0.0714285714285714
UV	RvY_12891-1	14	13	0	1	0.928571428571429	0	0.0714285714285714	up	0.928571428571429	Highly Stable	Highly Stable Up	0.0714285714285714
UV	RvY_12921-1	14	13	0	1	0.928571428571429	0	0.0714285714285714	up	0.928571428571429	Highly Stable	Highly Stable Up	0.0714285714285714
UV	RvY_12961	14	13	0	1	0.928571428571429	0	0.0714285714285714	up	0.928571428571429	Highly Stable	Highly Stable Up	0.0714285714285714
UV	RvY_13128-1	14	13	0	1	0.928571428571429	0	0.0714285714285714	up	0.928571428571429	Highly Stable	Highly Stable Up	0.0714285714285714
UV	RvY_13130-1	14	13	0	1	0.928571428571429	0	0.0714285714285714	up	0.928571428571429	Highly Stable	Highly Stable Up	0.0714285714285714
UV	RvY_13156-1	14	13	0	1	0.928571428571429	0	0.0714285714285714	up	0.928571428571429	Highly Stable	Highly Stable Up	0.0714285714285714
UV	RvY_13211-1	14	13	0	1	0.928571428571429	0	0.0714285714285714	up	0.928571428571429	Highly Stable	Highly Stable Up	0.0714285714285714
UV	RvY_13634-1	14	13	0	1	0.928571428571429	0	0.0714285714285714	up	0.928571428571429	Highly Stable	Highly Stable Up	0.0714285714285714
UV	RvY_13875-1	14	13	0	1	0.928571428571429	0	0.0714285714285714	up	0.928571428571429	Highly Stable	Highly Stable Up	0.0714285714285714
UV	RvY_14189-1	14	13	0	1	0.928571428571429	0	0.0714285714285714	up	0.928571428571429	Highly Stable	Highly Stable Up	0.0714285714285714
UV	RvY_14552-1	14	13	0	1	0.928571428571429	0	0.0714285714285714	up	0.928571428571429	Highly Stable	Highly Stable Up	0.0714285714285714
UV	RvY_14609	14	13	0	1	0.928571428571429	0	0.0714285714285714	up	0.928571428571429	Highly Stable	Highly Stable Up	0.0714285714285714
UV	RvY_14862-1	14	13	0	1	0.928571428571429	0	0.0714285714285714	up	0.928571428571429	Highly Stable	Highly Stable Up	0.0714285714285714
UV	RvY_15216-1	14	13	1	0	0.928571428571429	0.0714285714285714	0	up	0.928571428571429	Highly Stable	Highly Stable Up	0.0714285714285714
UV	RvY_15289	14	13	0	1	0.928571428571429	0	0.0714285714285714	up	0.928571428571429	Highly Stable	Highly Stable Up	0.0714285714285714
UV	RvY_15322	14	13	0	1	0.928571428571429	0	0.0714285714285714	up	0.928571428571429	Highly Stable	Highly Stable Up	0.0714285714285714
UV	RvY_15464	14	13	1	0	0.928571428571429	0.0714285714285714	0	up	0.928571428571429	Highly Stable	Highly Stable Up	0.0714285714285714
UV	RvY_15500-1	14	13	0	1	0.928571428571429	0	0.0714285714285714	up	0.928571428571429	Highly Stable	Highly Stable Up	0.0714285714285714
UV	RvY_15529-1	14	13	0	1	0.928571428571429	0	0.0714285714285714	up	0.928571428571429	Highly Stable	Highly Stable Up	0.0714285714285714
UV	RvY_15678	14	13	0	1	0.928571428571429	0	0.0714285714285714	up	0.928571428571429	Highly Stable	Highly Stable Up	0.0714285714285714
UV	RvY_15983	14	13	0	1	0.928571428571429	0	0.0714285714285714	up	0.928571428571429	Highly Stable	Highly Stable Up	0.0714285714285714
UV	RvY_16323-1	14	13	0	1	0.928571428571429	0	0.0714285714285714	up	0.928571428571429	Highly Stable	Highly Stable Up	0.0714285714285714
UV	RvY_16443-1	14	13	0	1	0.928571428571429	0	0.0714285714285714	up	0.928571428571429	Highly Stable	Highly Stable Up	0.0714285714285714
UV	RvY_16564-1	14	13	0	1	0.928571428571429	0	0.0714285714285714	up	0.928571428571429	Highly Stable	Highly Stable Up	0.0714285714285714
UV	RvY_17046	14	13	0	1	0.928571428571429	0	0.0714285714285714	up	0.928571428571429	Highly Stable	Highly Stable Up	0.0714285714285714
UV	RvY_17180	14	13	0	1	0.928571428571429	0	0.0714285714285714	up	0.928571428571429	Highly Stable	Highly Stable Up	0.0714285714285714
UV	RvY_17300-1	14	13	1	0	0.928571428571429	0.0714285714285714	0	up	0.928571428571429	Highly Stable	Highly Stable Up	0.0714285714285714
UV	RvY_17966-1	14	13	0	1	0.928571428571429	0	0.0714285714285714	up	0.928571428571429	Highly Stable	Highly Stable Up	0.0714285714285714
UV	RvY_18110-1	14	13	0	1	0.928571428571429	0	0.0714285714285714	up	0.928571428571429	Highly Stable	Highly Stable Up	0.0714285714285714
UV	RvY_18462-1	14	13	0	1	0.928571428571429	0	0.0714285714285714	up	0.928571428571429	Highly Stable	Highly Stable Up	0.0714285714285714
UV	RvY_19066-1	14	13	0	1	0.928571428571429	0	0.0714285714285714	up	0.928571428571429	Highly Stable	Highly Stable Up	0.0714285714285714
UV	RvY_19112	14	13	0	1	0.928571428571429	0	0.0714285714285714	up	0.928571428571429	Highly Stable	Highly Stable Up	0.0714285714285714
UV	RvY_19201-1	14	13	0	1	0.928571428571429	0	0.0714285714285714	up	0.928571428571429	Highly Stable	Highly Stable Up	0.0714285714285714
UV	RvY_19212-1	14	13	0	1	0.928571428571429	0	0.0714285714285714	up	0.928571428571429	Highly Stable	Highly Stable Up	0.0714285714285714
UV	RvY_19230-1	14	13	0	1	0.928571428571429	0	0.0714285714285714	up	0.928571428571429	Highly Stable	Highly Stable Up	0.0714285714285714
UV	RvY_00198	14	12	0	2	0.857142857142857	0	0.142857142857143	up	0.857142857142857	Stable	Stable Up	0.142857142857143
UV	RvY_00303-1	14	12	0	2	0.857142857142857	0	0.142857142857143	up	0.857142857142857	Stable	Stable Up	0.142857142857143
UV	RvY_00367-1	14	12	0	2	0.857142857142857	0	0.142857142857143	up	0.857142857142857	Stable	Stable Up	0.142857142857143
UV	RvY_00424-1	14	12	0	2	0.857142857142857	0	0.142857142857143	up	0.857142857142857	Stable	Stable Up	0.142857142857143
UV	RvY_00608-1	14	12	0	2	0.857142857142857	0	0.142857142857143	up	0.857142857142857	Stable	Stable Up	0.142857142857143
UV	RvY_00846-1	14	12	0	2	0.857142857142857	0	0.142857142857143	up	0.857142857142857	Stable	Stable Up	0.142857142857143
UV	RvY_01016-1	14	12	0	2	0.857142857142857	0	0.142857142857143	up	0.857142857142857	Stable	Stable Up	0.142857142857143
UV	RvY_01119-1	14	12	0	2	0.857142857142857	0	0.142857142857143	up	0.857142857142857	Stable	Stable Up	0.142857142857143
UV	RvY_01158-1	14	12	1	1	0.857142857142857	0.0714285714285714	0.0714285714285714	up	0.857142857142857	Stable	Stable Up	0.142857142857143
UV	RvY_01319	14	12	0	2	0.857142857142857	0	0.142857142857143	up	0.857142857142857	Stable	Stable Up	0.142857142857143
UV	RvY_01453-1	14	12	0	2	0.857142857142857	0	0.142857142857143	up	0.857142857142857	Stable	Stable Up	0.142857142857143
UV	RvY_01498-1	14	12	1	1	0.857142857142857	0.0714285714285714	0.0714285714285714	up	0.857142857142857	Stable	Stable Up	0.142857142857143
UV	RvY_01528	14	12	0	2	0.857142857142857	0	0.142857142857143	up	0.857142857142857	Stable	Stable Up	0.142857142857143
UV	RvY_01548	14	12	0	2	0.857142857142857	0	0.142857142857143	up	0.857142857142857	Stable	Stable Up	0.142857142857143
UV	RvY_01615-1	14	12	0	2	0.857142857142857	0	0.142857142857143	up	0.857142857142857	Stable	Stable Up	0.142857142857143
UV	RvY_01619-1	14	12	0	2	0.857142857142857	0	0.142857142857143	up	0.857142857142857	Stable	Stable Up	0.142857142857143
UV	RvY_02188-1	14	12	0	2	0.857142857142857	0	0.142857142857143	up	0.857142857142857	Stable	Stable Up	0.142857142857143
UV	RvY_02276-1	14	12	0	2	0.857142857142857	0	0.142857142857143	up	0.857142857142857	Stable	Stable Up	0.142857142857143
UV	RvY_02410-1	14	12	0	2	0.857142857142857	0	0.142857142857143	up	0.857142857142857	Stable	Stable Up	0.142857142857143
UV	RvY_02777	14	12	0	2	0.857142857142857	0	0.142857142857143	up	0.857142857142857	Stable	Stable Up	0.142857142857143
UV	RvY_02866	14	12	0	2	0.857142857142857	0	0.142857142857143	up	0.857142857142857	Stable	Stable Up	0.142857142857143
UV	RvY_03304	14	12	0	2	0.857142857142857	0	0.142857142857143	up	0.857142857142857	Stable	Stable Up	0.142857142857143
UV	RvY_03693	14	12	0	2	0.857142857142857	0	0.142857142857143	up	0.857142857142857	Stable	Stable Up	0.142857142857143
UV	RvY_03835-1	14	12	1	1	0.857142857142857	0.0714285714285714	0.0714285714285714	up	0.857142857142857	Stable	Stable Up	0.142857142857143
UV	RvY_04088-1	14	12	0	2	0.857142857142857	0	0.142857142857143	up	0.857142857142857	Stable	Stable Up	0.142857142857143
UV	RvY_04153-1	14	12	0	2	0.857142857142857	0	0.142857142857143	up	0.857142857142857	Stable	Stable Up	0.142857142857143
UV	RvY_04426	14	12	0	2	0.857142857142857	0	0.142857142857143	up	0.857142857142857	Stable	Stable Up	0.142857142857143
UV	RvY_04436-1	14	12	0	2	0.857142857142857	0	0.142857142857143	up	0.857142857142857	Stable	Stable Up	0.142857142857143
UV	RvY_04956-1	14	12	0	2	0.857142857142857	0	0.142857142857143	up	0.857142857142857	Stable	Stable Up	0.142857142857143
UV	RvY_05104-1	14	12	0	2	0.857142857142857	0	0.142857142857143	up	0.857142857142857	Stable	Stable Up	0.142857142857143
UV	RvY_05403-1	14	12	0	2	0.857142857142857	0	0.142857142857143	up	0.857142857142857	Stable	Stable Up	0.142857142857143
UV	RvY_05407-1	14	12	0	2	0.857142857142857	0	0.142857142857143	up	0.857142857142857	Stable	Stable Up	0.142857142857143
UV	RvY_05500-1	14	12	0	2	0.857142857142857	0	0.142857142857143	up	0.857142857142857	Stable	Stable Up	0.142857142857143
UV	RvY_05560	14	12	0	2	0.857142857142857	0	0.142857142857143	up	0.857142857142857	Stable	Stable Up	0.142857142857143
UV	RvY_06094-1	14	12	0	2	0.857142857142857	0	0.142857142857143	up	0.857142857142857	Stable	Stable Up	0.142857142857143
UV	RvY_06178-1	14	12	0	2	0.857142857142857	0	0.142857142857143	up	0.857142857142857	Stable	Stable Up	0.142857142857143
UV	RvY_06366-1	14	12	0	2	0.857142857142857	0	0.142857142857143	up	0.857142857142857	Stable	Stable Up	0.142857142857143
UV	RvY_06375-1	14	12	1	1	0.857142857142857	0.0714285714285714	0.0714285714285714	up	0.857142857142857	Stable	Stable Up	0.142857142857143
UV	RvY_06385-1	14	12	0	2	0.857142857142857	0	0.142857142857143	up	0.857142857142857	Stable	Stable Up	0.142857142857143
UV	RvY_06557-1	14	12	0	2	0.857142857142857	0	0.142857142857143	up	0.857142857142857	Stable	Stable Up	0.142857142857143
UV	RvY_06858-1	14	12	0	2	0.857142857142857	0	0.142857142857143	up	0.857142857142857	Stable	Stable Up	0.142857142857143
UV	RvY_07013-1	14	12	0	2	0.857142857142857	0	0.142857142857143	up	0.857142857142857	Stable	Stable Up	0.142857142857143
UV	RvY_07113-1	14	12	0	2	0.857142857142857	0	0.142857142857143	up	0.857142857142857	Stable	Stable Up	0.142857142857143
UV	RvY_07244-1	14	12	0	2	0.857142857142857	0	0.142857142857143	up	0.857142857142857	Stable	Stable Up	0.142857142857143
UV	RvY_07396	14	12	0	2	0.857142857142857	0	0.142857142857143	up	0.857142857142857	Stable	Stable Up	0.142857142857143
UV	RvY_07466-1	14	12	0	2	0.857142857142857	0	0.142857142857143	up	0.857142857142857	Stable	Stable Up	0.142857142857143
UV	RvY_07564-1	14	12	0	2	0.857142857142857	0	0.142857142857143	up	0.857142857142857	Stable	Stable Up	0.142857142857143
UV	RvY_07956-1	14	12	0	2	0.857142857142857	0	0.142857142857143	up	0.857142857142857	Stable	Stable Up	0.142857142857143
UV	RvY_08102-1	14	12	0	2	0.857142857142857	0	0.142857142857143	up	0.857142857142857	Stable	Stable Up	0.142857142857143
UV	RvY_08192-1	14	12	0	2	0.857142857142857	0	0.142857142857143	up	0.857142857142857	Stable	Stable Up	0.142857142857143
UV	RvY_08284-1	14	12	0	2	0.857142857142857	0	0.142857142857143	up	0.857142857142857	Stable	Stable Up	0.142857142857143
UV	RvY_08357-1	14	12	0	2	0.857142857142857	0	0.142857142857143	up	0.857142857142857	Stable	Stable Up	0.142857142857143
UV	RvY_08670	14	12	0	2	0.857142857142857	0	0.142857142857143	up	0.857142857142857	Stable	Stable Up	0.142857142857143
UV	RvY_08717	14	12	0	2	0.857142857142857	0	0.142857142857143	up	0.857142857142857	Stable	Stable Up	0.142857142857143
UV	RvY_08734-1	14	12	0	2	0.857142857142857	0	0.142857142857143	up	0.857142857142857	Stable	Stable Up	0.142857142857143
UV	RvY_08987	14	12	0	2	0.857142857142857	0	0.142857142857143	up	0.857142857142857	Stable	Stable Up	0.142857142857143
UV	RvY_09026-1	14	12	0	2	0.857142857142857	0	0.142857142857143	up	0.857142857142857	Stable	Stable Up	0.142857142857143
UV	RvY_09100-1	14	12	0	2	0.857142857142857	0	0.142857142857143	up	0.857142857142857	Stable	Stable Up	0.142857142857143
UV	RvY_09933-1	14	12	0	2	0.857142857142857	0	0.142857142857143	up	0.857142857142857	Stable	Stable Up	0.142857142857143
UV	RvY_09940-1	14	12	0	2	0.857142857142857	0	0.142857142857143	up	0.857142857142857	Stable	Stable Up	0.142857142857143
UV	RvY_10081-1	14	12	0	2	0.857142857142857	0	0.142857142857143	up	0.857142857142857	Stable	Stable Up	0.142857142857143
UV	RvY_10262-1	14	12	0	2	0.857142857142857	0	0.142857142857143	up	0.857142857142857	Stable	Stable Up	0.142857142857143
UV	RvY_10366-1	14	12	0	2	0.857142857142857	0	0.142857142857143	up	0.857142857142857	Stable	Stable Up	0.142857142857143
UV	RvY_10371-1	14	12	0	2	0.857142857142857	0	0.142857142857143	up	0.857142857142857	Stable	Stable Up	0.142857142857143
UV	RvY_10471-1	14	12	0	2	0.857142857142857	0	0.142857142857143	up	0.857142857142857	Stable	Stable Up	0.142857142857143
UV	RvY_10506-1	14	12	0	2	0.857142857142857	0	0.142857142857143	up	0.857142857142857	Stable	Stable Up	0.142857142857143
UV	RvY_10536-1	14	12	0	2	0.857142857142857	0	0.142857142857143	up	0.857142857142857	Stable	Stable Up	0.142857142857143
UV	RvY_10580-1	14	12	0	2	0.857142857142857	0	0.142857142857143	up	0.857142857142857	Stable	Stable Up	0.142857142857143
UV	RvY_10654-1	14	12	0	2	0.857142857142857	0	0.142857142857143	up	0.857142857142857	Stable	Stable Up	0.142857142857143
UV	RvY_10726-1	14	12	0	2	0.857142857142857	0	0.142857142857143	up	0.857142857142857	Stable	Stable Up	0.142857142857143
UV	RvY_10789-1	14	12	1	1	0.857142857142857	0.0714285714285714	0.0714285714285714	up	0.857142857142857	Stable	Stable Up	0.142857142857143
UV	RvY_11386	14	12	0	2	0.857142857142857	0	0.142857142857143	up	0.857142857142857	Stable	Stable Up	0.142857142857143
UV	RvY_11536-1	14	12	0	2	0.857142857142857	0	0.142857142857143	up	0.857142857142857	Stable	Stable Up	0.142857142857143
UV	RvY_11619-1	14	12	0	2	0.857142857142857	0	0.142857142857143	up	0.857142857142857	Stable	Stable Up	0.142857142857143
UV	RvY_11646-1	14	12	0	2	0.857142857142857	0	0.142857142857143	up	0.857142857142857	Stable	Stable Up	0.142857142857143
UV	RvY_11894-1	14	12	0	2	0.857142857142857	0	0.142857142857143	up	0.857142857142857	Stable	Stable Up	0.142857142857143
UV	RvY_11921	14	12	0	2	0.857142857142857	0	0.142857142857143	up	0.857142857142857	Stable	Stable Up	0.142857142857143
UV	RvY_11995	14	12	0	2	0.857142857142857	0	0.142857142857143	up	0.857142857142857	Stable	Stable Up	0.142857142857143
UV	RvY_12073-1	14	12	0	2	0.857142857142857	0	0.142857142857143	up	0.857142857142857	Stable	Stable Up	0.142857142857143
UV	RvY_12091-1	14	12	0	2	0.857142857142857	0	0.142857142857143	up	0.857142857142857	Stable	Stable Up	0.142857142857143
UV	RvY_12187-1	14	12	0	2	0.857142857142857	0	0.142857142857143	up	0.857142857142857	Stable	Stable Up	0.142857142857143
UV	RvY_12189-1	14	12	0	2	0.857142857142857	0	0.142857142857143	up	0.857142857142857	Stable	Stable Up	0.142857142857143
UV	RvY_12502-1	14	12	0	2	0.857142857142857	0	0.142857142857143	up	0.857142857142857	Stable	Stable Up	0.142857142857143
UV	RvY_12564-1	14	12	0	2	0.857142857142857	0	0.142857142857143	up	0.857142857142857	Stable	Stable Up	0.142857142857143
UV	RvY_12754-1	14	12	0	2	0.857142857142857	0	0.142857142857143	up	0.857142857142857	Stable	Stable Up	0.142857142857143
UV	RvY_12821-1	14	12	0	2	0.857142857142857	0	0.142857142857143	up	0.857142857142857	Stable	Stable Up	0.142857142857143
UV	RvY_13070-1	14	12	0	2	0.857142857142857	0	0.142857142857143	up	0.857142857142857	Stable	Stable Up	0.142857142857143
UV	RvY_13170-1	14	12	0	2	0.857142857142857	0	0.142857142857143	up	0.857142857142857	Stable	Stable Up	0.142857142857143
UV	RvY_13193-1	14	12	0	2	0.857142857142857	0	0.142857142857143	up	0.857142857142857	Stable	Stable Up	0.142857142857143
UV	RvY_13210-1	14	12	0	2	0.857142857142857	0	0.142857142857143	up	0.857142857142857	Stable	Stable Up	0.142857142857143
UV	RvY_13410	14	12	0	2	0.857142857142857	0	0.142857142857143	up	0.857142857142857	Stable	Stable Up	0.142857142857143
UV	RvY_13504-1	14	12	0	2	0.857142857142857	0	0.142857142857143	up	0.857142857142857	Stable	Stable Up	0.142857142857143
UV	RvY_13559-1	14	12	0	2	0.857142857142857	0	0.142857142857143	up	0.857142857142857	Stable	Stable Up	0.142857142857143
UV	RvY_13746-1	14	12	0	2	0.857142857142857	0	0.142857142857143	up	0.857142857142857	Stable	Stable Up	0.142857142857143
UV	RvY_13799-1	14	12	0	2	0.857142857142857	0	0.142857142857143	up	0.857142857142857	Stable	Stable Up	0.142857142857143
UV	RvY_13857-1	14	12	0	2	0.857142857142857	0	0.142857142857143	up	0.857142857142857	Stable	Stable Up	0.142857142857143
UV	RvY_14253-1	14	12	0	2	0.857142857142857	0	0.142857142857143	up	0.857142857142857	Stable	Stable Up	0.142857142857143
UV	RvY_14608-1	14	12	0	2	0.857142857142857	0	0.142857142857143	up	0.857142857142857	Stable	Stable Up	0.142857142857143
UV	RvY_14663	14	12	0	2	0.857142857142857	0	0.142857142857143	up	0.857142857142857	Stable	Stable Up	0.142857142857143
UV	RvY_14695	14	12	1	1	0.857142857142857	0.0714285714285714	0.0714285714285714	up	0.857142857142857	Stable	Stable Up	0.142857142857143
UV	RvY_14711-1	14	12	0	2	0.857142857142857	0	0.142857142857143	up	0.857142857142857	Stable	Stable Up	0.142857142857143
UV	RvY_14810-1	14	12	0	2	0.857142857142857	0	0.142857142857143	up	0.857142857142857	Stable	Stable Up	0.142857142857143
UV	RvY_14925-1	14	12	0	2	0.857142857142857	0	0.142857142857143	up	0.857142857142857	Stable	Stable Up	0.142857142857143
UV	RvY_15097-1	14	12	0	2	0.857142857142857	0	0.142857142857143	up	0.857142857142857	Stable	Stable Up	0.142857142857143
UV	RvY_15205-1	14	12	0	2	0.857142857142857	0	0.142857142857143	up	0.857142857142857	Stable	Stable Up	0.142857142857143
UV	RvY_15288-1	14	12	1	1	0.857142857142857	0.0714285714285714	0.0714285714285714	up	0.857142857142857	Stable	Stable Up	0.142857142857143
UV	RvY_15426	14	12	0	2	0.857142857142857	0	0.142857142857143	up	0.857142857142857	Stable	Stable Up	0.142857142857143
UV	RvY_15610	14	12	0	2	0.857142857142857	0	0.142857142857143	up	0.857142857142857	Stable	Stable Up	0.142857142857143
UV	RvY_15798-1	14	12	0	2	0.857142857142857	0	0.142857142857143	up	0.857142857142857	Stable	Stable Up	0.142857142857143
UV	RvY_15876-1	14	12	0	2	0.857142857142857	0	0.142857142857143	up	0.857142857142857	Stable	Stable Up	0.142857142857143
UV	RvY_15891-1	14	12	0	2	0.857142857142857	0	0.142857142857143	up	0.857142857142857	Stable	Stable Up	0.142857142857143
UV	RvY_15977-1	14	12	0	2	0.857142857142857	0	0.142857142857143	up	0.857142857142857	Stable	Stable Up	0.142857142857143
UV	RvY_16224	14	12	0	2	0.857142857142857	0	0.142857142857143	up	0.857142857142857	Stable	Stable Up	0.142857142857143
UV	RvY_16233-1	14	12	1	1	0.857142857142857	0.0714285714285714	0.0714285714285714	up	0.857142857142857	Stable	Stable Up	0.142857142857143
UV	RvY_16248-1	14	12	0	2	0.857142857142857	0	0.142857142857143	up	0.857142857142857	Stable	Stable Up	0.142857142857143
UV	RvY_16294-1	14	12	0	2	0.857142857142857	0	0.142857142857143	up	0.857142857142857	Stable	Stable Up	0.142857142857143
UV	RvY_16329-1	14	12	0	2	0.857142857142857	0	0.142857142857143	up	0.857142857142857	Stable	Stable Up	0.142857142857143
UV	RvY_16760-1	14	12	0	2	0.857142857142857	0	0.142857142857143	up	0.857142857142857	Stable	Stable Up	0.142857142857143
UV	RvY_16883-1	14	12	0	2	0.857142857142857	0	0.142857142857143	up	0.857142857142857	Stable	Stable Up	0.142857142857143
UV	RvY_17266	14	12	0	2	0.857142857142857	0	0.142857142857143	up	0.857142857142857	Stable	Stable Up	0.142857142857143
UV	RvY_17608-1	14	12	0	2	0.857142857142857	0	0.142857142857143	up	0.857142857142857	Stable	Stable Up	0.142857142857143
UV	RvY_17636-1	14	12	0	2	0.857142857142857	0	0.142857142857143	up	0.857142857142857	Stable	Stable Up	0.142857142857143
UV	RvY_17984-1	14	12	0	2	0.857142857142857	0	0.142857142857143	up	0.857142857142857	Stable	Stable Up	0.142857142857143
UV	RvY_18087	14	12	0	2	0.857142857142857	0	0.142857142857143	up	0.857142857142857	Stable	Stable Up	0.142857142857143
UV	RvY_18314-1	14	12	0	2	0.857142857142857	0	0.142857142857143	up	0.857142857142857	Stable	Stable Up	0.142857142857143
UV	RvY_18475-1	14	12	0	2	0.857142857142857	0	0.142857142857143	up	0.857142857142857	Stable	Stable Up	0.142857142857143
UV	RvY_18492-1	14	12	0	2	0.857142857142857	0	0.142857142857143	up	0.857142857142857	Stable	Stable Up	0.142857142857143
UV	RvY_18543-1	14	12	0	2	0.857142857142857	0	0.142857142857143	up	0.857142857142857	Stable	Stable Up	0.142857142857143
UV	RvY_18641	14	12	0	2	0.857142857142857	0	0.142857142857143	up	0.857142857142857	Stable	Stable Up	0.142857142857143
UV	RvY_18664-1	14	12	0	2	0.857142857142857	0	0.142857142857143	up	0.857142857142857	Stable	Stable Up	0.142857142857143
UV	RvY_19214	14	12	0	2	0.857142857142857	0	0.142857142857143	up	0.857142857142857	Stable	Stable Up	0.142857142857143
UV	RvY_19306-1	14	12	0	2	0.857142857142857	0	0.142857142857143	up	0.857142857142857	Stable	Stable Up	0.142857142857143
UV	RvY_19611-1	14	12	0	2	0.857142857142857	0	0.142857142857143	up	0.857142857142857	Stable	Stable Up	0.142857142857143
UV	RvY_00064-1	14	11	1	2	0.785714285714286	0.0714285714285714	0.142857142857143	up	0.785714285714286	Stable	Stable Up	0.214285714285714
UV	RvY_00067-1	14	11	0	3	0.785714285714286	0	0.214285714285714	up	0.785714285714286	Stable	Stable Up	0.214285714285714
UV	RvY_00403	14	11	1	2	0.785714285714286	0.0714285714285714	0.142857142857143	up	0.785714285714286	Stable	Stable Up	0.214285714285714
UV	RvY_00413-1	14	11	0	3	0.785714285714286	0	0.214285714285714	up	0.785714285714286	Stable	Stable Up	0.214285714285714
UV	RvY_00420-1	14	11	0	3	0.785714285714286	0	0.214285714285714	up	0.785714285714286	Stable	Stable Up	0.214285714285714
UV	RvY_00439-1	14	11	1	2	0.785714285714286	0.0714285714285714	0.142857142857143	up	0.785714285714286	Stable	Stable Up	0.214285714285714
UV	RvY_00471-1	14	11	0	3	0.785714285714286	0	0.214285714285714	up	0.785714285714286	Stable	Stable Up	0.214285714285714
UV	RvY_00577-1	14	11	0	3	0.785714285714286	0	0.214285714285714	up	0.785714285714286	Stable	Stable Up	0.214285714285714
UV	RvY_00756-1	14	11	0	3	0.785714285714286	0	0.214285714285714	up	0.785714285714286	Stable	Stable Up	0.214285714285714
UV	RvY_00772-1	14	11	0	3	0.785714285714286	0	0.214285714285714	up	0.785714285714286	Stable	Stable Up	0.214285714285714
UV	RvY_00852-1	14	11	0	3	0.785714285714286	0	0.214285714285714	up	0.785714285714286	Stable	Stable Up	0.214285714285714
UV	RvY_00889-1	14	11	0	3	0.785714285714286	0	0.214285714285714	up	0.785714285714286	Stable	Stable Up	0.214285714285714
UV	RvY_00945-1	14	11	0	3	0.785714285714286	0	0.214285714285714	up	0.785714285714286	Stable	Stable Up	0.214285714285714
UV	RvY_00946-1	14	11	0	3	0.785714285714286	0	0.214285714285714	up	0.785714285714286	Stable	Stable Up	0.214285714285714
UV	RvY_01069-1	14	11	0	3	0.785714285714286	0	0.214285714285714	up	0.785714285714286	Stable	Stable Up	0.214285714285714
UV	RvY_01077-1	14	11	0	3	0.785714285714286	0	0.214285714285714	up	0.785714285714286	Stable	Stable Up	0.214285714285714
UV	RvY_01354-1	14	11	0	3	0.785714285714286	0	0.214285714285714	up	0.785714285714286	Stable	Stable Up	0.214285714285714
UV	RvY_01448-1	14	11	0	3	0.785714285714286	0	0.214285714285714	up	0.785714285714286	Stable	Stable Up	0.214285714285714
UV	RvY_01587-1	14	11	0	3	0.785714285714286	0	0.214285714285714	up	0.785714285714286	Stable	Stable Up	0.214285714285714
UV	RvY_01739-1	14	11	1	2	0.785714285714286	0.0714285714285714	0.142857142857143	up	0.785714285714286	Stable	Stable Up	0.214285714285714
UV	RvY_01815-1	14	11	0	3	0.785714285714286	0	0.214285714285714	up	0.785714285714286	Stable	Stable Up	0.214285714285714
UV	RvY_01974-1	14	11	0	3	0.785714285714286	0	0.214285714285714	up	0.785714285714286	Stable	Stable Up	0.214285714285714
UV	RvY_02018-1	14	11	0	3	0.785714285714286	0	0.214285714285714	up	0.785714285714286	Stable	Stable Up	0.214285714285714
UV	RvY_02029-1	14	11	0	3	0.785714285714286	0	0.214285714285714	up	0.785714285714286	Stable	Stable Up	0.214285714285714
UV	RvY_02040-1	14	11	0	3	0.785714285714286	0	0.214285714285714	up	0.785714285714286	Stable	Stable Up	0.214285714285714
UV	RvY_02113-1	14	11	0	3	0.785714285714286	0	0.214285714285714	up	0.785714285714286	Stable	Stable Up	0.214285714285714
UV	RvY_02309-1	14	11	0	3	0.785714285714286	0	0.214285714285714	up	0.785714285714286	Stable	Stable Up	0.214285714285714
UV	RvY_02457-1	14	11	0	3	0.785714285714286	0	0.214285714285714	up	0.785714285714286	Stable	Stable Up	0.214285714285714
UV	RvY_02626-1	14	11	1	2	0.785714285714286	0.0714285714285714	0.142857142857143	up	0.785714285714286	Stable	Stable Up	0.214285714285714
UV	RvY_03181-1	14	11	0	3	0.785714285714286	0	0.214285714285714	up	0.785714285714286	Stable	Stable Up	0.214285714285714
UV	RvY_03215-1	14	11	0	3	0.785714285714286	0	0.214285714285714	up	0.785714285714286	Stable	Stable Up	0.214285714285714
UV	RvY_03379-1	14	11	0	3	0.785714285714286	0	0.214285714285714	up	0.785714285714286	Stable	Stable Up	0.214285714285714
UV	RvY_03393	14	11	0	3	0.785714285714286	0	0.214285714285714	up	0.785714285714286	Stable	Stable Up	0.214285714285714
UV	RvY_03565-1	14	11	0	3	0.785714285714286	0	0.214285714285714	up	0.785714285714286	Stable	Stable Up	0.214285714285714
UV	RvY_03566-1	14	11	0	3	0.785714285714286	0	0.214285714285714	up	0.785714285714286	Stable	Stable Up	0.214285714285714
UV	RvY_03957-1	14	11	0	3	0.785714285714286	0	0.214285714285714	up	0.785714285714286	Stable	Stable Up	0.214285714285714
UV	RvY_04199-1	14	11	1	2	0.785714285714286	0.0714285714285714	0.142857142857143	up	0.785714285714286	Stable	Stable Up	0.214285714285714
UV	RvY_04245	14	11	0	3	0.785714285714286	0	0.214285714285714	up	0.785714285714286	Stable	Stable Up	0.214285714285714
UV	RvY_04327-1	14	11	0	3	0.785714285714286	0	0.214285714285714	up	0.785714285714286	Stable	Stable Up	0.214285714285714
UV	RvY_04393-1	14	11	0	3	0.785714285714286	0	0.214285714285714	up	0.785714285714286	Stable	Stable Up	0.214285714285714
UV	RvY_04403-1	14	11	0	3	0.785714285714286	0	0.214285714285714	up	0.785714285714286	Stable	Stable Up	0.214285714285714
UV	RvY_04435	14	11	0	3	0.785714285714286	0	0.214285714285714	up	0.785714285714286	Stable	Stable Up	0.214285714285714
UV	RvY_04472-1	14	11	0	3	0.785714285714286	0	0.214285714285714	up	0.785714285714286	Stable	Stable Up	0.214285714285714
UV	RvY_04526-1	14	11	0	3	0.785714285714286	0	0.214285714285714	up	0.785714285714286	Stable	Stable Up	0.214285714285714
UV	RvY_04539-1	14	11	0	3	0.785714285714286	0	0.214285714285714	up	0.785714285714286	Stable	Stable Up	0.214285714285714
UV	RvY_04550-1	14	11	0	3	0.785714285714286	0	0.214285714285714	up	0.785714285714286	Stable	Stable Up	0.214285714285714
UV	RvY_04673	14	11	0	3	0.785714285714286	0	0.214285714285714	up	0.785714285714286	Stable	Stable Up	0.214285714285714
UV	RvY_04769-1	14	11	1	2	0.785714285714286	0.0714285714285714	0.142857142857143	up	0.785714285714286	Stable	Stable Up	0.214285714285714
UV	RvY_04784	14	11	0	3	0.785714285714286	0	0.214285714285714	up	0.785714285714286	Stable	Stable Up	0.214285714285714
UV	RvY_04788-1	14	11	0	3	0.785714285714286	0	0.214285714285714	up	0.785714285714286	Stable	Stable Up	0.214285714285714
UV	RvY_04824-1	14	11	0	3	0.785714285714286	0	0.214285714285714	up	0.785714285714286	Stable	Stable Up	0.214285714285714
UV	RvY_05084-1	14	11	0	3	0.785714285714286	0	0.214285714285714	up	0.785714285714286	Stable	Stable Up	0.214285714285714
UV	RvY_05095-1	14	11	0	3	0.785714285714286	0	0.214285714285714	up	0.785714285714286	Stable	Stable Up	0.214285714285714
UV	RvY_05235-1	14	11	0	3	0.785714285714286	0	0.214285714285714	up	0.785714285714286	Stable	Stable Up	0.214285714285714
UV	RvY_05317-1	14	11	0	3	0.785714285714286	0	0.214285714285714	up	0.785714285714286	Stable	Stable Up	0.214285714285714
UV	RvY_05335-1	14	11	0	3	0.785714285714286	0	0.214285714285714	up	0.785714285714286	Stable	Stable Up	0.214285714285714
UV	RvY_05339	14	11	0	3	0.785714285714286	0	0.214285714285714	up	0.785714285714286	Stable	Stable Up	0.214285714285714
UV	RvY_05639-1	14	11	0	3	0.785714285714286	0	0.214285714285714	up	0.785714285714286	Stable	Stable Up	0.214285714285714
UV	RvY_05667-1	14	11	0	3	0.785714285714286	0	0.214285714285714	up	0.785714285714286	Stable	Stable Up	0.214285714285714
UV	RvY_05721-1	14	11	0	3	0.785714285714286	0	0.214285714285714	up	0.785714285714286	Stable	Stable Up	0.214285714285714
UV	RvY_05790	14	11	0	3	0.785714285714286	0	0.214285714285714	up	0.785714285714286	Stable	Stable Up	0.214285714285714
UV	RvY_05798-1	14	11	0	3	0.785714285714286	0	0.214285714285714	up	0.785714285714286	Stable	Stable Up	0.214285714285714
UV	RvY_05800	14	11	0	3	0.785714285714286	0	0.214285714285714	up	0.785714285714286	Stable	Stable Up	0.214285714285714
UV	RvY_05887-1	14	11	0	3	0.785714285714286	0	0.214285714285714	up	0.785714285714286	Stable	Stable Up	0.214285714285714
UV	RvY_05906-1	14	11	0	3	0.785714285714286	0	0.214285714285714	up	0.785714285714286	Stable	Stable Up	0.214285714285714
UV	RvY_06016-1	14	11	0	3	0.785714285714286	0	0.214285714285714	up	0.785714285714286	Stable	Stable Up	0.214285714285714
UV	RvY_06150	14	11	0	3	0.785714285714286	0	0.214285714285714	up	0.785714285714286	Stable	Stable Up	0.214285714285714
UV	RvY_06153	14	11	0	3	0.785714285714286	0	0.214285714285714	up	0.785714285714286	Stable	Stable Up	0.214285714285714
UV	RvY_06179-1	14	11	0	3	0.785714285714286	0	0.214285714285714	up	0.785714285714286	Stable	Stable Up	0.214285714285714
UV	RvY_06275-1	14	11	0	3	0.785714285714286	0	0.214285714285714	up	0.785714285714286	Stable	Stable Up	0.214285714285714
UV	RvY_06498-1	14	11	0	3	0.785714285714286	0	0.214285714285714	up	0.785714285714286	Stable	Stable Up	0.214285714285714
UV	RvY_06500-1	14	11	0	3	0.785714285714286	0	0.214285714285714	up	0.785714285714286	Stable	Stable Up	0.214285714285714
UV	RvY_06502-1	14	11	0	3	0.785714285714286	0	0.214285714285714	up	0.785714285714286	Stable	Stable Up	0.214285714285714
UV	RvY_06831-1	14	11	0	3	0.785714285714286	0	0.214285714285714	up	0.785714285714286	Stable	Stable Up	0.214285714285714
UV	RvY_06875-1	14	11	0	3	0.785714285714286	0	0.214285714285714	up	0.785714285714286	Stable	Stable Up	0.214285714285714
UV	RvY_07120-1	14	11	2	1	0.785714285714286	0.142857142857143	0.0714285714285714	up	0.785714285714286	Stable	Stable Up	0.214285714285714
UV	RvY_07213-1	14	11	0	3	0.785714285714286	0	0.214285714285714	up	0.785714285714286	Stable	Stable Up	0.214285714285714
UV	RvY_07238	14	11	0	3	0.785714285714286	0	0.214285714285714	up	0.785714285714286	Stable	Stable Up	0.214285714285714
UV	RvY_07335	14	11	0	3	0.785714285714286	0	0.214285714285714	up	0.785714285714286	Stable	Stable Up	0.214285714285714
UV	RvY_07450-1	14	11	1	2	0.785714285714286	0.0714285714285714	0.142857142857143	up	0.785714285714286	Stable	Stable Up	0.214285714285714
UV	RvY_07640	14	11	0	3	0.785714285714286	0	0.214285714285714	up	0.785714285714286	Stable	Stable Up	0.214285714285714
UV	RvY_07651-1	14	11	0	3	0.785714285714286	0	0.214285714285714	up	0.785714285714286	Stable	Stable Up	0.214285714285714
UV	RvY_07763-1	14	11	0	3	0.785714285714286	0	0.214285714285714	up	0.785714285714286	Stable	Stable Up	0.214285714285714
UV	RvY_07957-1	14	11	0	3	0.785714285714286	0	0.214285714285714	up	0.785714285714286	Stable	Stable Up	0.214285714285714
UV	RvY_08177-1	14	11	0	3	0.785714285714286	0	0.214285714285714	up	0.785714285714286	Stable	Stable Up	0.214285714285714
UV	RvY_08223-1	14	11	0	3	0.785714285714286	0	0.214285714285714	up	0.785714285714286	Stable	Stable Up	0.214285714285714
UV	RvY_08224-1	14	11	1	2	0.785714285714286	0.0714285714285714	0.142857142857143	up	0.785714285714286	Stable	Stable Up	0.214285714285714
UV	RvY_08285-1	14	11	0	3	0.785714285714286	0	0.214285714285714	up	0.785714285714286	Stable	Stable Up	0.214285714285714
UV	RvY_08574	14	11	0	3	0.785714285714286	0	0.214285714285714	up	0.785714285714286	Stable	Stable Up	0.214285714285714
UV	RvY_08665-1	14	11	0	3	0.785714285714286	0	0.214285714285714	up	0.785714285714286	Stable	Stable Up	0.214285714285714
UV	RvY_08761-1	14	11	0	3	0.785714285714286	0	0.214285714285714	up	0.785714285714286	Stable	Stable Up	0.214285714285714
UV	RvY_09149-1	14	11	0	3	0.785714285714286	0	0.214285714285714	up	0.785714285714286	Stable	Stable Up	0.214285714285714
UV	RvY_09297-1	14	11	0	3	0.785714285714286	0	0.214285714285714	up	0.785714285714286	Stable	Stable Up	0.214285714285714
UV	RvY_09551	14	11	0	3	0.785714285714286	0	0.214285714285714	up	0.785714285714286	Stable	Stable Up	0.214285714285714
UV	RvY_09829	14	11	0	3	0.785714285714286	0	0.214285714285714	up	0.785714285714286	Stable	Stable Up	0.214285714285714
UV	RvY_09967-1	14	11	0	3	0.785714285714286	0	0.214285714285714	up	0.785714285714286	Stable	Stable Up	0.214285714285714
UV	RvY_09973-1	14	11	0	3	0.785714285714286	0	0.214285714285714	up	0.785714285714286	Stable	Stable Up	0.214285714285714
UV	RvY_10054-1	14	11	0	3	0.785714285714286	0	0.214285714285714	up	0.785714285714286	Stable	Stable Up	0.214285714285714
UV	RvY_10114	14	11	0	3	0.785714285714286	0	0.214285714285714	up	0.785714285714286	Stable	Stable Up	0.214285714285714
UV	RvY_10329-1	14	11	0	3	0.785714285714286	0	0.214285714285714	up	0.785714285714286	Stable	Stable Up	0.214285714285714
UV	RvY_10472-1	14	11	0	3	0.785714285714286	0	0.214285714285714	up	0.785714285714286	Stable	Stable Up	0.214285714285714
UV	RvY_10490-1	14	11	0	3	0.785714285714286	0	0.214285714285714	up	0.785714285714286	Stable	Stable Up	0.214285714285714
UV	RvY_10547-1	14	11	0	3	0.785714285714286	0	0.214285714285714	up	0.785714285714286	Stable	Stable Up	0.214285714285714
UV	RvY_10594-1	14	11	0	3	0.785714285714286	0	0.214285714285714	up	0.785714285714286	Stable	Stable Up	0.214285714285714
UV	RvY_10621-1	14	11	0	3	0.785714285714286	0	0.214285714285714	up	0.785714285714286	Stable	Stable Up	0.214285714285714
UV	RvY_10794-1	14	11	0	3	0.785714285714286	0	0.214285714285714	up	0.785714285714286	Stable	Stable Up	0.214285714285714
UV	RvY_10883-1	14	11	0	3	0.785714285714286	0	0.214285714285714	up	0.785714285714286	Stable	Stable Up	0.214285714285714
UV	RvY_10954-1	14	11	0	3	0.785714285714286	0	0.214285714285714	up	0.785714285714286	Stable	Stable Up	0.214285714285714
UV	RvY_11022-1	14	11	0	3	0.785714285714286	0	0.214285714285714	up	0.785714285714286	Stable	Stable Up	0.214285714285714
UV	RvY_11119-1	14	11	0	3	0.785714285714286	0	0.214285714285714	up	0.785714285714286	Stable	Stable Up	0.214285714285714
UV	RvY_11145-1	14	11	0	3	0.785714285714286	0	0.214285714285714	up	0.785714285714286	Stable	Stable Up	0.214285714285714
UV	RvY_11352-1	14	11	0	3	0.785714285714286	0	0.214285714285714	up	0.785714285714286	Stable	Stable Up	0.214285714285714
UV	RvY_11381-1	14	11	0	3	0.785714285714286	0	0.214285714285714	up	0.785714285714286	Stable	Stable Up	0.214285714285714
UV	RvY_11470-1	14	11	0	3	0.785714285714286	0	0.214285714285714	up	0.785714285714286	Stable	Stable Up	0.214285714285714
UV	RvY_11599-1	14	11	0	3	0.785714285714286	0	0.214285714285714	up	0.785714285714286	Stable	Stable Up	0.214285714285714
UV	RvY_11807-1	14	11	0	3	0.785714285714286	0	0.214285714285714	up	0.785714285714286	Stable	Stable Up	0.214285714285714
UV	RvY_11895-1	14	11	0	3	0.785714285714286	0	0.214285714285714	up	0.785714285714286	Stable	Stable Up	0.214285714285714
UV	RvY_11927-1	14	11	1	2	0.785714285714286	0.0714285714285714	0.142857142857143	up	0.785714285714286	Stable	Stable Up	0.214285714285714
UV	RvY_12015-1	14	11	0	3	0.785714285714286	0	0.214285714285714	up	0.785714285714286	Stable	Stable Up	0.214285714285714
UV	RvY_12036	14	11	0	3	0.785714285714286	0	0.214285714285714	up	0.785714285714286	Stable	Stable Up	0.214285714285714
UV	RvY_12081-1	14	11	0	3	0.785714285714286	0	0.214285714285714	up	0.785714285714286	Stable	Stable Up	0.214285714285714
UV	RvY_12272-1	14	11	0	3	0.785714285714286	0	0.214285714285714	up	0.785714285714286	Stable	Stable Up	0.214285714285714
UV	RvY_12294-1	14	11	0	3	0.785714285714286	0	0.214285714285714	up	0.785714285714286	Stable	Stable Up	0.214285714285714
UV	RvY_12295-1	14	11	0	3	0.785714285714286	0	0.214285714285714	up	0.785714285714286	Stable	Stable Up	0.214285714285714
UV	RvY_12505-1	14	11	0	3	0.785714285714286	0	0.214285714285714	up	0.785714285714286	Stable	Stable Up	0.214285714285714
UV	RvY_12536-1	14	11	0	3	0.785714285714286	0	0.214285714285714	up	0.785714285714286	Stable	Stable Up	0.214285714285714
UV	RvY_12640-1	14	11	0	3	0.785714285714286	0	0.214285714285714	up	0.785714285714286	Stable	Stable Up	0.214285714285714
UV	RvY_12881-1	14	11	0	3	0.785714285714286	0	0.214285714285714	up	0.785714285714286	Stable	Stable Up	0.214285714285714
UV	RvY_13111-1	14	11	0	3	0.785714285714286	0	0.214285714285714	up	0.785714285714286	Stable	Stable Up	0.214285714285714
UV	RvY_13114-1	14	11	0	3	0.785714285714286	0	0.214285714285714	up	0.785714285714286	Stable	Stable Up	0.214285714285714
UV	RvY_13171-1	14	11	0	3	0.785714285714286	0	0.214285714285714	up	0.785714285714286	Stable	Stable Up	0.214285714285714
UV	RvY_13409-1	14	11	0	3	0.785714285714286	0	0.214285714285714	up	0.785714285714286	Stable	Stable Up	0.214285714285714
UV	RvY_13452-1	14	11	0	3	0.785714285714286	0	0.214285714285714	up	0.785714285714286	Stable	Stable Up	0.214285714285714
UV	RvY_13572-1	14	11	0	3	0.785714285714286	0	0.214285714285714	up	0.785714285714286	Stable	Stable Up	0.214285714285714
UV	RvY_13890-1	14	11	0	3	0.785714285714286	0	0.214285714285714	up	0.785714285714286	Stable	Stable Up	0.214285714285714
UV	RvY_13972-1	14	11	1	2	0.785714285714286	0.0714285714285714	0.142857142857143	up	0.785714285714286	Stable	Stable Up	0.214285714285714
UV	RvY_14001-1	14	11	0	3	0.785714285714286	0	0.214285714285714	up	0.785714285714286	Stable	Stable Up	0.214285714285714
UV	RvY_14011-1	14	11	0	3	0.785714285714286	0	0.214285714285714	up	0.785714285714286	Stable	Stable Up	0.214285714285714
UV	RvY_14045-1	14	11	0	3	0.785714285714286	0	0.214285714285714	up	0.785714285714286	Stable	Stable Up	0.214285714285714
UV	RvY_14099-1	14	11	0	3	0.785714285714286	0	0.214285714285714	up	0.785714285714286	Stable	Stable Up	0.214285714285714
UV	RvY_14128-1	14	11	0	3	0.785714285714286	0	0.214285714285714	up	0.785714285714286	Stable	Stable Up	0.214285714285714
UV	RvY_14190	14	11	0	3	0.785714285714286	0	0.214285714285714	up	0.785714285714286	Stable	Stable Up	0.214285714285714
UV	RvY_14280-1	14	11	1	2	0.785714285714286	0.0714285714285714	0.142857142857143	up	0.785714285714286	Stable	Stable Up	0.214285714285714
UV	RvY_14335-1	14	11	0	3	0.785714285714286	0	0.214285714285714	up	0.785714285714286	Stable	Stable Up	0.214285714285714
UV	RvY_14349-1	14	11	0	3	0.785714285714286	0	0.214285714285714	up	0.785714285714286	Stable	Stable Up	0.214285714285714
UV	RvY_14610-1	14	11	0	3	0.785714285714286	0	0.214285714285714	up	0.785714285714286	Stable	Stable Up	0.214285714285714
UV	RvY_14678-1	14	11	0	3	0.785714285714286	0	0.214285714285714	up	0.785714285714286	Stable	Stable Up	0.214285714285714
UV	RvY_14702	14	11	0	3	0.785714285714286	0	0.214285714285714	up	0.785714285714286	Stable	Stable Up	0.214285714285714
UV	RvY_14900-1	14	11	0	3	0.785714285714286	0	0.214285714285714	up	0.785714285714286	Stable	Stable Up	0.214285714285714
UV	RvY_15068-1	14	11	0	3	0.785714285714286	0	0.214285714285714	up	0.785714285714286	Stable	Stable Up	0.214285714285714
UV	RvY_15085-1	14	11	1	2	0.785714285714286	0.0714285714285714	0.142857142857143	up	0.785714285714286	Stable	Stable Up	0.214285714285714
UV	RvY_15150-1	14	11	1	2	0.785714285714286	0.0714285714285714	0.142857142857143	up	0.785714285714286	Stable	Stable Up	0.214285714285714
UV	RvY_15183	14	11	0	3	0.785714285714286	0	0.214285714285714	up	0.785714285714286	Stable	Stable Up	0.214285714285714
UV	RvY_15421-1	14	11	0	3	0.785714285714286	0	0.214285714285714	up	0.785714285714286	Stable	Stable Up	0.214285714285714
UV	RvY_15437-1	14	11	0	3	0.785714285714286	0	0.214285714285714	up	0.785714285714286	Stable	Stable Up	0.214285714285714
UV	RvY_15445-1	14	11	0	3	0.785714285714286	0	0.214285714285714	up	0.785714285714286	Stable	Stable Up	0.214285714285714
UV	RvY_15580-1	14	11	0	3	0.785714285714286	0	0.214285714285714	up	0.785714285714286	Stable	Stable Up	0.214285714285714
UV	RvY_15800-1	14	11	0	3	0.785714285714286	0	0.214285714285714	up	0.785714285714286	Stable	Stable Up	0.214285714285714
UV	RvY_15849-1	14	11	0	3	0.785714285714286	0	0.214285714285714	up	0.785714285714286	Stable	Stable Up	0.214285714285714
UV	RvY_16293-1	14	11	0	3	0.785714285714286	0	0.214285714285714	up	0.785714285714286	Stable	Stable Up	0.214285714285714
UV	RvY_16589-1	14	11	0	3	0.785714285714286	0	0.214285714285714	up	0.785714285714286	Stable	Stable Up	0.214285714285714
UV	RvY_16635	14	11	0	3	0.785714285714286	0	0.214285714285714	up	0.785714285714286	Stable	Stable Up	0.214285714285714
UV	RvY_16670-1	14	11	0	3	0.785714285714286	0	0.214285714285714	up	0.785714285714286	Stable	Stable Up	0.214285714285714
UV	RvY_16828-1	14	11	0	3	0.785714285714286	0	0.214285714285714	up	0.785714285714286	Stable	Stable Up	0.214285714285714
UV	RvY_16878-1	14	11	0	3	0.785714285714286	0	0.214285714285714	up	0.785714285714286	Stable	Stable Up	0.214285714285714
UV	RvY_17069-1	14	11	0	3	0.785714285714286	0	0.214285714285714	up	0.785714285714286	Stable	Stable Up	0.214285714285714
UV	RvY_17261-1	14	11	0	3	0.785714285714286	0	0.214285714285714	up	0.785714285714286	Stable	Stable Up	0.214285714285714
UV	RvY_17282-1	14	11	0	3	0.785714285714286	0	0.214285714285714	up	0.785714285714286	Stable	Stable Up	0.214285714285714
UV	RvY_17683-1	14	11	0	3	0.785714285714286	0	0.214285714285714	up	0.785714285714286	Stable	Stable Up	0.214285714285714
UV	RvY_17878	14	11	1	2	0.785714285714286	0.0714285714285714	0.142857142857143	up	0.785714285714286	Stable	Stable Up	0.214285714285714
UV	RvY_17892-1	14	11	0	3	0.785714285714286	0	0.214285714285714	up	0.785714285714286	Stable	Stable Up	0.214285714285714
UV	RvY_18313-1	14	11	0	3	0.785714285714286	0	0.214285714285714	up	0.785714285714286	Stable	Stable Up	0.214285714285714
UV	RvY_18376-1	14	11	0	3	0.785714285714286	0	0.214285714285714	up	0.785714285714286	Stable	Stable Up	0.214285714285714
UV	RvY_18430	14	11	0	3	0.785714285714286	0	0.214285714285714	up	0.785714285714286	Stable	Stable Up	0.214285714285714
UV	RvY_18502-1	14	11	0	3	0.785714285714286	0	0.214285714285714	up	0.785714285714286	Stable	Stable Up	0.214285714285714
UV	RvY_18800-1	14	11	0	3	0.785714285714286	0	0.214285714285714	up	0.785714285714286	Stable	Stable Up	0.214285714285714
UV	RvY_18804-1	14	11	0	3	0.785714285714286	0	0.214285714285714	up	0.785714285714286	Stable	Stable Up	0.214285714285714
UV	RvY_18893-1	14	11	0	3	0.785714285714286	0	0.214285714285714	up	0.785714285714286	Stable	Stable Up	0.214285714285714
UV	RvY_18925-1	14	11	0	3	0.785714285714286	0	0.214285714285714	up	0.785714285714286	Stable	Stable Up	0.214285714285714
UV	RvY_18975-1	14	11	0	3	0.785714285714286	0	0.214285714285714	up	0.785714285714286	Stable	Stable Up	0.214285714285714
UV	RvY_19076-1	14	11	1	2	0.785714285714286	0.0714285714285714	0.142857142857143	up	0.785714285714286	Stable	Stable Up	0.214285714285714
UV	RvY_19227-1	14	11	0	3	0.785714285714286	0	0.214285714285714	up	0.785714285714286	Stable	Stable Up	0.214285714285714
UV	RvY_19425-1	14	11	0	3	0.785714285714286	0	0.214285714285714	up	0.785714285714286	Stable	Stable Up	0.214285714285714
UV	RvY_19444-1	14	11	0	3	0.785714285714286	0	0.214285714285714	up	0.785714285714286	Stable	Stable Up	0.214285714285714
