file_path	file_name	file_size_mb	modified_time	guessed_type
/media/saji/5E06441D0643F5152/phase_4/app_windows/NeuropeptideApp_wini38632/R/library/Matrix/help/+25+26+25+2CCsparseMatrix+2CdiagonalMatrix-method.html	+25+26+25+2CCsparseMatrix+2CdiagonalMatrix-method.html	0	2022-03-10 09:43:14	GO
/media/saji/5E06441D0643F5152/phase_4/app_windows/NeuropeptideApp_wini38632/R/library/Matrix/help/+25+26+25+2CdiagonalMatrix+2CCsparseMatrix-method.html	+25+26+25+2CdiagonalMatrix+2CCsparseMatrix-method.html	0	2022-03-10 09:43:14	GO
/media/saji/5E06441D0643F5152/phase_4/app_windows/NeuropeptideApp_wini38632/R/library/Matrix/help/+25+26+25+2CdiagonalMatrix+2CdiagonalMatrix-method.html	+25+26+25+2CdiagonalMatrix+2CdiagonalMatrix-method.html	0	2022-03-10 09:43:14	GO
/media/saji/5E06441D0643F5152/phase_4/app_windows/NeuropeptideApp_wini38632/R/library/Matrix/help/+25+26+25+2CdiagonalMatrix+2CgeMatrix-method.html	+25+26+25+2CdiagonalMatrix+2CgeMatrix-method.html	0	2022-03-10 09:43:14	GO
/media/saji/5E06441D0643F5152/phase_4/app_windows/NeuropeptideApp_wini38632/R/library/Matrix/help/+25+26+25+2CdiagonalMatrix+2CsparseMatrix-method.html	+25+26+25+2CdiagonalMatrix+2CsparseMatrix-method.html	0	2022-03-10 09:43:14	GO
/media/saji/5E06441D0643F5152/phase_4/app_windows/NeuropeptideApp_wini38632/R/library/Matrix/help/+25+26+25+2CgeMatrix+2CdiagonalMatrix-method.html	+25+26+25+2CgeMatrix+2CdiagonalMatrix-method.html	0	2022-03-10 09:43:14	GO
/media/saji/5E06441D0643F5152/phase_4/app_windows/NeuropeptideApp_wini38632/R/library/Matrix/help/+25+26+25+2CsparseMatrix+2CdiagonalMatrix-method.html	+25+26+25+2CsparseMatrix+2CdiagonalMatrix-method.html	0	2022-03-10 09:43:14	GO
/media/saji/5E06441D0643F5152/phase_4/app_windows/NeuropeptideApp_wini38632/R/library/Matrix/help/+25+2A+25+2CCsparseMatrix+2CdiagonalMatrix-method.html	+25+2A+25+2CCsparseMatrix+2CdiagonalMatrix-method.html	0	2022-03-10 09:43:18	GO
/media/saji/5E06441D0643F5152/phase_4/app_windows/NeuropeptideApp_wini38632/R/library/Matrix/help/+25+2A+25+2CdenseMatrix+2CdiagonalMatrix-method.html	+25+2A+25+2CdenseMatrix+2CdiagonalMatrix-method.html	0	2022-03-10 09:43:18	GO
/media/saji/5E06441D0643F5152/phase_4/app_windows/NeuropeptideApp_wini38632/R/library/Matrix/help/+25+2A+25+2CdgeMatrix+2CdiagonalMatrix-method.html	+25+2A+25+2CdgeMatrix+2CdiagonalMatrix-method.html	0	2022-03-10 09:43:18	GO
/media/saji/5E06441D0643F5152/phase_4/app_windows/NeuropeptideApp_wini38632/R/library/Matrix/help/+25+2A+25+2CdiagonalMatrix+2CCsparseMatrix-method.html	+25+2A+25+2CdiagonalMatrix+2CCsparseMatrix-method.html	0	2022-03-10 09:43:18	GO
/media/saji/5E06441D0643F5152/phase_4/app_windows/NeuropeptideApp_wini38632/R/library/Matrix/help/+25+2A+25+2CdiagonalMatrix+2CdenseMatrix-method.html	+25+2A+25+2CdiagonalMatrix+2CdenseMatrix-method.html	0	2022-03-10 09:43:18	GO
/media/saji/5E06441D0643F5152/phase_4/app_windows/NeuropeptideApp_wini38632/R/library/Matrix/help/+25+2A+25+2CdiagonalMatrix+2CdgeMatrix-method.html	+25+2A+25+2CdiagonalMatrix+2CdgeMatrix-method.html	0	2022-03-10 09:43:18	GO
/media/saji/5E06441D0643F5152/phase_4/app_windows/NeuropeptideApp_wini38632/R/library/Matrix/help/+25+2A+25+2CdiagonalMatrix+2CdiagonalMatrix-method.html	+25+2A+25+2CdiagonalMatrix+2CdiagonalMatrix-method.html	0	2022-03-10 09:43:18	GO
/media/saji/5E06441D0643F5152/phase_4/app_windows/NeuropeptideApp_wini38632/R/library/Matrix/help/+25+2A+25+2CdiagonalMatrix+2ClgeMatrix-method.html	+25+2A+25+2CdiagonalMatrix+2ClgeMatrix-method.html	0	2022-03-10 09:43:18	GO
/media/saji/5E06441D0643F5152/phase_4/app_windows/NeuropeptideApp_wini38632/R/library/Matrix/help/+25+2A+25+2CdiagonalMatrix+2Cmatrix-method.html	+25+2A+25+2CdiagonalMatrix+2Cmatrix-method.html	0	2022-03-10 09:43:18	GO
/media/saji/5E06441D0643F5152/phase_4/app_windows/NeuropeptideApp_wini38632/R/library/Matrix/help/+25+2A+25+2CdiagonalMatrix+2CsparseMatrix-method.html	+25+2A+25+2CdiagonalMatrix+2CsparseMatrix-method.html	0	2022-03-10 09:43:18	GO
/media/saji/5E06441D0643F5152/phase_4/app_windows/NeuropeptideApp_wini38632/R/library/Matrix/help/+25+2A+25+2ClgeMatrix+2CdiagonalMatrix-method.html	+25+2A+25+2ClgeMatrix+2CdiagonalMatrix-method.html	0	2022-03-10 09:43:18	GO
/media/saji/5E06441D0643F5152/phase_4/app_windows/NeuropeptideApp_wini38632/R/library/Matrix/help/+25+2A+25+2Cmatrix+2CdiagonalMatrix-method.html	+25+2A+25+2Cmatrix+2CdiagonalMatrix-method.html	0	2022-03-10 09:43:18	GO
/media/saji/5E06441D0643F5152/phase_4/app_windows/NeuropeptideApp_wini38632/R/library/Matrix/help/+25+2A+25+2CsparseMatrix+2CdiagonalMatrix-method.html	+25+2A+25+2CsparseMatrix+2CdiagonalMatrix-method.html	0	2022-03-10 09:43:18	GO
/media/saji/5E06441D0643F5152/phase_4/app_windows/NeuropeptideApp_wini38632/R/library/Matrix/help/+5B+2CdiagonalMatrix+2Cindex+2Cindex+2Clogical-method.html	+5B+2CdiagonalMatrix+2Cindex+2Cindex+2Clogical-method.html	0	2022-03-10 09:43:14	GO
/media/saji/5E06441D0643F5152/phase_4/app_windows/NeuropeptideApp_wini38632/R/library/Matrix/help/+5B+2CdiagonalMatrix+2Cindex+2Cmissing+2Clogical-method.html	+5B+2CdiagonalMatrix+2Cindex+2Cmissing+2Clogical-method.html	0	2022-03-10 09:43:14	GO
/media/saji/5E06441D0643F5152/phase_4/app_windows/NeuropeptideApp_wini38632/R/library/Matrix/help/+5B+2CdiagonalMatrix+2Cmissing+2Cindex+2Clogical-method.html	+5B+2CdiagonalMatrix+2Cmissing+2Cindex+2Clogical-method.html	0	2022-03-10 09:43:14	GO
/media/saji/5E06441D0643F5152/phase_4/app_windows/NeuropeptideApp_wini38632/R/library/Matrix/help/+5B+3C-+2CdiagonalMatrix+2Cindex+2Cindex+2CreplValue-method.html	+5B+3C-+2CdiagonalMatrix+2Cindex+2Cindex+2CreplValue-method.html	0	2022-03-10 09:43:14	GO
/media/saji/5E06441D0643F5152/phase_4/app_windows/NeuropeptideApp_wini38632/R/library/Matrix/help/+5B+3C-+2CdiagonalMatrix+2Cindex+2Cindex+2CsparseMatrix-method.html	+5B+3C-+2CdiagonalMatrix+2Cindex+2Cindex+2CsparseMatrix-method.html	0	2022-03-10 09:43:14	GO
/media/saji/5E06441D0643F5152/phase_4/app_windows/NeuropeptideApp_wini38632/R/library/Matrix/help/+5B+3C-+2CdiagonalMatrix+2Cindex+2Cindex+2CsparseVector-method.html	+5B+3C-+2CdiagonalMatrix+2Cindex+2Cindex+2CsparseVector-method.html	0	2022-03-10 09:43:14	GO
/media/saji/5E06441D0643F5152/phase_4/app_windows/NeuropeptideApp_wini38632/R/library/Matrix/help/+5B+3C-+2CdiagonalMatrix+2Cindex+2Cmissing+2CreplValue-method.html	+5B+3C-+2CdiagonalMatrix+2Cindex+2Cmissing+2CreplValue-method.html	0	2022-03-10 09:43:14	GO
/media/saji/5E06441D0643F5152/phase_4/app_windows/NeuropeptideApp_wini38632/R/library/Matrix/help/+5B+3C-+2CdiagonalMatrix+2Cindex+2Cmissing+2CsparseMatrix-method.html	+5B+3C-+2CdiagonalMatrix+2Cindex+2Cmissing+2CsparseMatrix-method.html	0	2022-03-10 09:43:14	GO
/media/saji/5E06441D0643F5152/phase_4/app_windows/NeuropeptideApp_wini38632/R/library/Matrix/help/+5B+3C-+2CdiagonalMatrix+2Cindex+2Cmissing+2CsparseVector-method.html	+5B+3C-+2CdiagonalMatrix+2Cindex+2Cmissing+2CsparseVector-method.html	0	2022-03-10 09:43:14	GO
/media/saji/5E06441D0643F5152/phase_4/app_windows/NeuropeptideApp_wini38632/R/library/Matrix/help/+5B+3C-+2CdiagonalMatrix+2Cmatrix+2Cmissing+2CreplValue-method.html	+5B+3C-+2CdiagonalMatrix+2Cmatrix+2Cmissing+2CreplValue-method.html	0	2022-03-10 09:43:14	GO
/media/saji/5E06441D0643F5152/phase_4/app_windows/NeuropeptideApp_wini38632/R/library/Matrix/help/+5B+3C-+2CdiagonalMatrix+2Cmissing+2Cindex+2CreplValue-method.html	+5B+3C-+2CdiagonalMatrix+2Cmissing+2Cindex+2CreplValue-method.html	0	2022-03-10 09:43:14	GO
/media/saji/5E06441D0643F5152/phase_4/app_windows/NeuropeptideApp_wini38632/R/library/Matrix/help/+5B+3C-+2CdiagonalMatrix+2Cmissing+2Cindex+2CsparseMatrix-method.html	+5B+3C-+2CdiagonalMatrix+2Cmissing+2Cindex+2CsparseMatrix-method.html	0	2022-03-10 09:43:14	GO
/media/saji/5E06441D0643F5152/phase_4/app_windows/NeuropeptideApp_wini38632/R/library/Matrix/help/+5B+3C-+2CdiagonalMatrix+2Cmissing+2Cindex+2CsparseVector-method.html	+5B+3C-+2CdiagonalMatrix+2Cmissing+2Cindex+2CsparseVector-method.html	0	2022-03-10 09:43:14	GO
/media/saji/5E06441D0643F5152/phase_4/app_windows/NeuropeptideApp_wini38632/R/library/Matrix/help/+5B+3C-+2CdiagonalMatrix+2Cmissing+2Cmissing+2CANY-method.html	+5B+3C-+2CdiagonalMatrix+2Cmissing+2Cmissing+2CANY-method.html	0	2022-03-10 09:43:14	GO
/media/saji/5E06441D0643F5152/FSF_SIGNAL_STRATIFICATION/scripts/archive_instability_auxiliary/22_define_instability_categories.R	22_define_instability_categories.R	0.007	2026-06-04 23:50:53.317913	GO
/media/saji/5E06441D0643F5152/FSF_SIGNAL_STRATIFICATION/results/logs/22_define_instability_categories.log	22_define_instability_categories.log	0.003	2026-06-04 23:51:01.10704	GO
/media/saji/5E06441D0643F5152/phase_4/old_14.09/results/common/augustus_config/species/Argopecten_irradians/Argopecten_irradians_exon_probs.pbl	Argopecten_irradians_exon_probs.pbl	0.387	2025-08-21 00:50:17.901091	GO
/media/saji/5E06441D0643F5152/phase_4/old_14.09/results/common/augustus_config/species/Argopecten_irradians/Argopecten_irradians_igenic_probs.pbl	Argopecten_irradians_igenic_probs.pbl	0.062	2025-08-21 00:50:17.902092	GO
/media/saji/5E06441D0643F5152/phase_4/old_14.09/results/common/augustus_config/species/Argopecten_irradians/Argopecten_irradians_intron_probs.pbl	Argopecten_irradians_intron_probs.pbl	0.216	2025-08-21 00:50:17.907091	GO
/media/saji/5E06441D0643F5152/phase_4/old_14.09/results/common/augustus_config/species/Argopecten_irradians/Argopecten_irradians_metapars.cfg	Argopecten_irradians_metapars.cfg	0.002	2025-08-21 00:50:17.907091	GO
/media/saji/5E06441D0643F5152/phase_4/old_14.09/results/common/augustus_config/species/Argopecten_irradians/Argopecten_irradians_metapars.cgp.cfg	Argopecten_irradians_metapars.cgp.cfg	0.001	2025-08-21 00:50:17.907091	GO
/media/saji/5E06441D0643F5152/phase_4/old_14.09/results/common/augustus_config/species/Argopecten_irradians/Argopecten_irradians_metapars.utr.cfg	Argopecten_irradians_metapars.utr.cfg	0.001	2025-08-21 00:50:17.908092	GO
/media/saji/5E06441D0643F5152/phase_4/old_14.09/results/common/augustus_config/species/Argopecten_irradians/Argopecten_irradians_parameters.cfg	Argopecten_irradians_parameters.cfg	0.007	2025-08-21 00:50:17.908092	GO
/media/saji/5E06441D0643F5152/phase_4/old_14.09/results/common/augustus_config/species/Argopecten_irradians/Argopecten_irradians_weightmatrix.txt	Argopecten_irradians_weightmatrix.txt	0.001	2025-08-21 00:50:17.908092	GO
/media/saji/5E06441D0643F5152/phase_4/app_windows/NeuropeptideApp_wini38632/R/library/Matrix/help/Arith+2CtriangularMatrix+2CdiagonalMatrix-method.html	Arith+2CtriangularMatrix+2CdiagonalMatrix-method.html	0	2022-03-10 09:43:16	GO
/media/saji/5E06441D0643F5152/phase_4/app_windows/bundle/R/share/zoneinfo/America/Bogota	Bogota	0	2025-03-23 08:58:56	GO
/media/saji/5E06441D0643F5152/phase_4/app_windows/bundle/R/Tcl/lib/tcl8.6/tzdata/America/Bogota	Bogota	0	2024-12-02 16:02:16	GO
/media/saji/5E06441D0643F5152/phase_4/app_windows/NeuropeptideApp_win64x64/R/share/zoneinfo/America/Bogota	Bogota	0	2025-03-23 08:58:56	GO
/media/saji/5E06441D0643F5152/phase_4/app_windows/NeuropeptideApp_win64x64/R/Tcl/lib/tcl8.6/tzdata/America/Bogota	Bogota	0	2024-12-02 16:02:16	GO
/media/saji/5E06441D0643F5152/phase_4/app_windows/NeuropeptideApp_wini38632/R/share/zoneinfo/America/Bogota	Bogota	0	2021-10-24 10:59:50	GO
/media/saji/5E06441D0643F5152/phase_4/app_windows/NeuropeptideApp_wini38632/R/Tcl/bin64/lib/tcl8.6/tzdata/America/Bogota	Bogota	0	2022-03-10 09:17:08	GO
/media/saji/5E06441D0643F5152/phase_4/app_windows/NeuropeptideApp_wini38632/R/Tcl/lib/tcl8.6/tzdata/America/Bogota	Bogota	0	2022-03-10 09:17:18	GO
/media/saji/5E06441D0643F5152/phase_4/app_windows/bundle/R/share/zoneinfo/Indian/Chagos	Chagos	0	2025-03-23 08:58:56	GO
/media/saji/5E06441D0643F5152/phase_4/app_windows/bundle/R/Tcl/lib/tcl8.6/tzdata/Indian/Chagos	Chagos	0	2024-12-02 16:02:16	GO
/media/saji/5E06441D0643F5152/phase_4/app_windows/NeuropeptideApp_win64x64/R/share/zoneinfo/Indian/Chagos	Chagos	0	2025-03-23 08:58:56	GO
/media/saji/5E06441D0643F5152/phase_4/app_windows/NeuropeptideApp_win64x64/R/Tcl/lib/tcl8.6/tzdata/Indian/Chagos	Chagos	0	2024-12-02 16:02:16	GO
/media/saji/5E06441D0643F5152/phase_4/app_windows/NeuropeptideApp_wini38632/R/share/zoneinfo/Indian/Chagos	Chagos	0	2021-10-24 10:59:50	GO
/media/saji/5E06441D0643F5152/phase_4/app_windows/NeuropeptideApp_wini38632/R/Tcl/bin64/lib/tcl8.6/tzdata/Indian/Chagos	Chagos	0	2022-03-10 09:17:08	GO
/media/saji/5E06441D0643F5152/phase_4/app_windows/NeuropeptideApp_wini38632/R/Tcl/lib/tcl8.6/tzdata/Indian/Chagos	Chagos	0	2022-03-10 09:17:18	GO
/media/saji/5E06441D0643F5152/phase_4/app_windows/bundle/R/share/zoneinfo/America/Chicago	Chicago	0.003	2025-03-23 08:58:56	GO
/media/saji/5E06441D0643F5152/phase_4/app_windows/bundle/R/Tcl/lib/tcl8.6/tzdata/America/Chicago	Chicago	0.01	2024-11-27 18:56:56	GO
/media/saji/5E06441D0643F5152/phase_4/app_windows/NeuropeptideApp_win64x64/R/share/zoneinfo/America/Chicago	Chicago	0.003	2025-03-23 08:58:56	GO
/media/saji/5E06441D0643F5152/phase_4/app_windows/NeuropeptideApp_win64x64/R/Tcl/lib/tcl8.6/tzdata/America/Chicago	Chicago	0.01	2024-11-27 18:56:56	GO
/media/saji/5E06441D0643F5152/phase_4/app_windows/NeuropeptideApp_wini38632/R/share/zoneinfo/America/Chicago	Chicago	0.003	2021-10-24 10:59:50	GO
/media/saji/5E06441D0643F5152/phase_4/app_windows/NeuropeptideApp_wini38632/R/Tcl/bin64/lib/tcl8.6/tzdata/America/Chicago	Chicago	0.01	2022-03-10 09:17:08	GO
/media/saji/5E06441D0643F5152/phase_4/app_windows/NeuropeptideApp_wini38632/R/Tcl/lib/tcl8.6/tzdata/America/Chicago	Chicago	0.01	2022-03-10 09:17:18	GO
/media/saji/5E06441D0643F5152/phase_4/app_windows/NeuropeptideApp_wini38632/R/library/Matrix/help/Compare+2CtriangularMatrix+2CdiagonalMatrix-method.html	Compare+2CtriangularMatrix+2CdiagonalMatrix-method.html	0	2022-03-10 09:43:16	GO
/media/saji/5E06441D0643F5152/phase_4/app_windows/NeuropeptideApp_wini38632/R/library/Matrix/help/Diagonal.html	Diagonal.html	0	2022-03-10 09:43:14	GO
/media/saji/5E06441D0643F5152/phase_4/app_windows/NeuropeptideApp_wini38632/R/library/Matrix/html/Diagonal.html	Diagonal.html	0.006	2022-03-10 09:43:14	GO
/media/saji/5E06441D0643F5152/phase_4/app_windows/bundle/R/share/zoneinfo/Pacific/Galapagos	Galapagos	0	2025-03-23 08:58:56	GO
/media/saji/5E06441D0643F5152/phase_4/app_windows/bundle/R/Tcl/lib/tcl8.6/tzdata/Pacific/Galapagos	Galapagos	0	2024-12-02 16:02:16	GO
/media/saji/5E06441D0643F5152/phase_4/app_windows/NeuropeptideApp_win64x64/R/share/zoneinfo/Pacific/Galapagos	Galapagos	0	2025-03-23 08:58:56	GO
/media/saji/5E06441D0643F5152/phase_4/app_windows/NeuropeptideApp_win64x64/R/Tcl/lib/tcl8.6/tzdata/Pacific/Galapagos	Galapagos	0	2024-12-02 16:02:16	GO
/media/saji/5E06441D0643F5152/phase_4/app_windows/NeuropeptideApp_wini38632/R/share/zoneinfo/Pacific/Galapagos	Galapagos	0	2021-10-24 10:59:50	GO
/media/saji/5E06441D0643F5152/phase_4/app_windows/NeuropeptideApp_wini38632/R/Tcl/bin64/lib/tcl8.6/tzdata/Pacific/Galapagos	Galapagos	0	2022-03-10 09:17:08	GO
/media/saji/5E06441D0643F5152/phase_4/app_windows/NeuropeptideApp_wini38632/R/Tcl/lib/tcl8.6/tzdata/Pacific/Galapagos	Galapagos	0	2022-03-10 09:17:18	GO
/media/saji/5E06441D0643F5152/phase_4/app_windows/bundle/R/share/zoneinfo/America/Godthab	Godthab	0.002	2025-03-23 08:58:56	GO
/media/saji/5E06441D0643F5152/phase_4/app_windows/bundle/R/Tcl/lib/tcl8.6/tzdata/America/Godthab	Godthab	0	2024-11-27 18:56:56	GO
/media/saji/5E06441D0643F5152/phase_4/app_windows/NeuropeptideApp_win64x64/R/share/zoneinfo/America/Godthab	Godthab	0.002	2025-03-23 08:58:56	GO
/media/saji/5E06441D0643F5152/phase_4/app_windows/NeuropeptideApp_win64x64/R/Tcl/lib/tcl8.6/tzdata/America/Godthab	Godthab	0	2024-11-27 18:56:56	GO
/media/saji/5E06441D0643F5152/phase_4/app_windows/NeuropeptideApp_wini38632/R/share/zoneinfo/America/Godthab	Godthab	0.002	2021-10-24 10:59:50	GO
/media/saji/5E06441D0643F5152/phase_4/app_windows/NeuropeptideApp_wini38632/R/Tcl/bin64/lib/tcl8.6/tzdata/America/Godthab	Godthab	0.007	2022-03-10 09:17:08	GO
/media/saji/5E06441D0643F5152/phase_4/app_windows/NeuropeptideApp_wini38632/R/Tcl/lib/tcl8.6/tzdata/America/Godthab	Godthab	0.007	2022-03-10 09:17:18	GO
/media/saji/5E06441D0643F5152/phase_4/old_14.09/results/common/augustus_config/species/Gonapodya_prolifera/Gonapodya_prolifera_exon_probs.pbl	Gonapodya_prolifera_exon_probs.pbl	0.225	2025-08-21 00:50:18.011092	GO
/media/saji/5E06441D0643F5152/phase_4/old_14.09/results/common/augustus_config/species/Gonapodya_prolifera/Gonapodya_prolifera_igenic_probs.pbl	Gonapodya_prolifera_igenic_probs.pbl	0.031	2025-08-21 00:50:18.011092	GO
/media/saji/5E06441D0643F5152/phase_4/old_14.09/results/common/augustus_config/species/Gonapodya_prolifera/Gonapodya_prolifera_intron_probs.pbl	Gonapodya_prolifera_intron_probs.pbl	0.154	2025-08-21 00:50:18.011092	GO
/media/saji/5E06441D0643F5152/phase_4/old_14.09/results/common/augustus_config/species/Gonapodya_prolifera/Gonapodya_prolifera_metapars.cfg	Gonapodya_prolifera_metapars.cfg	0.002	2025-08-21 00:50:18.012092	GO
/media/saji/5E06441D0643F5152/phase_4/old_14.09/results/common/augustus_config/species/Gonapodya_prolifera/Gonapodya_prolifera_metapars.cgp.cfg	Gonapodya_prolifera_metapars.cgp.cfg	0.001	2025-08-21 00:50:18.012092	GO
/media/saji/5E06441D0643F5152/phase_4/old_14.09/results/common/augustus_config/species/Gonapodya_prolifera/Gonapodya_prolifera_metapars.utr.cfg	Gonapodya_prolifera_metapars.utr.cfg	0.001	2025-08-21 00:50:18.012092	GO
/media/saji/5E06441D0643F5152/phase_4/old_14.09/results/common/augustus_config/species/Gonapodya_prolifera/Gonapodya_prolifera_parameters.cfg	Gonapodya_prolifera_parameters.cfg	0.007	2025-08-21 00:50:18.012092	GO
/media/saji/5E06441D0643F5152/phase_4/old_14.09/results/common/augustus_config/species/Gonapodya_prolifera/Gonapodya_prolifera_weightmatrix.txt	Gonapodya_prolifera_weightmatrix.txt	0.001	2025-08-21 00:50:18.012092	GO
/media/saji/5E06441D0643F5152/phase_4/app_windows/bundle/R/share/zoneinfo/America/Goose_Bay	Goose_Bay	0.003	2025-03-23 08:58:56	GO
/media/saji/5E06441D0643F5152/phase_4/app_windows/bundle/R/Tcl/lib/tcl8.6/tzdata/America/Goose_Bay	Goose_Bay	0.01	2024-11-27 18:56:56	GO
/media/saji/5E06441D0643F5152/phase_4/app_windows/NeuropeptideApp_win64x64/R/share/zoneinfo/America/Goose_Bay	Goose_Bay	0.003	2025-03-23 08:58:56	GO
/media/saji/5E06441D0643F5152/phase_4/app_windows/NeuropeptideApp_win64x64/R/Tcl/lib/tcl8.6/tzdata/America/Goose_Bay	Goose_Bay	0.01	2024-11-27 18:56:56	GO
/media/saji/5E06441D0643F5152/phase_4/app_windows/NeuropeptideApp_wini38632/R/share/zoneinfo/America/Goose_Bay	Goose_Bay	0.003	2021-10-24 10:59:50	GO
/media/saji/5E06441D0643F5152/phase_4/app_windows/NeuropeptideApp_wini38632/R/Tcl/bin64/lib/tcl8.6/tzdata/America/Goose_Bay	Goose_Bay	0.01	2022-03-10 09:17:08	GO
/media/saji/5E06441D0643F5152/phase_4/app_windows/NeuropeptideApp_wini38632/R/Tcl/lib/tcl8.6/tzdata/America/Goose_Bay	Goose_Bay	0.01	2022-03-10 09:17:18	GO
/media/saji/5E06441D0643F5152/phase_4/app_windows/bundle/R/share/zoneinfo/Africa/Lagos	Lagos	0	2025-03-23 08:58:56	GO
/media/saji/5E06441D0643F5152/phase_4/app_windows/bundle/R/Tcl/lib/tcl8.6/tzdata/Africa/Lagos	Lagos	0	2024-12-02 16:02:16	GO
/media/saji/5E06441D0643F5152/phase_4/app_windows/NeuropeptideApp_win64x64/R/share/zoneinfo/Africa/Lagos	Lagos	0	2025-03-23 08:58:56	GO
/media/saji/5E06441D0643F5152/phase_4/app_windows/NeuropeptideApp_win64x64/R/Tcl/lib/tcl8.6/tzdata/Africa/Lagos	Lagos	0	2024-12-02 16:02:16	GO
/media/saji/5E06441D0643F5152/phase_4/app_windows/NeuropeptideApp_wini38632/R/share/zoneinfo/Africa/Lagos	Lagos	0	2021-10-24 10:59:50	GO
/media/saji/5E06441D0643F5152/phase_4/app_windows/NeuropeptideApp_wini38632/R/Tcl/bin64/lib/tcl8.6/tzdata/Africa/Lagos	Lagos	0	2022-03-10 09:17:08	GO
/media/saji/5E06441D0643F5152/phase_4/app_windows/NeuropeptideApp_wini38632/R/Tcl/lib/tcl8.6/tzdata/Africa/Lagos	Lagos	0	2022-03-10 09:17:18	GO
/media/saji/5E06441D0643F5152/phase_4/app_windows/NeuropeptideApp_wini38632/R/library/Matrix/help/Logic+2CtriangularMatrix+2CdiagonalMatrix-method.html	Logic+2CtriangularMatrix+2CdiagonalMatrix-method.html	0	2022-03-10 09:43:16	GO
/media/saji/5E06441D0643F5152/phase_4/app_windows/bundle/R/share/zoneinfo/America/Indiana/Marengo	Marengo	0.002	2025-03-23 08:58:56	GO
/media/saji/5E06441D0643F5152/phase_4/app_windows/bundle/R/Tcl/lib/tcl8.6/tzdata/America/Indiana/Marengo	Marengo	0.007	2024-11-27 18:56:56	GO
/media/saji/5E06441D0643F5152/phase_4/app_windows/NeuropeptideApp_win64x64/R/share/zoneinfo/America/Indiana/Marengo	Marengo	0.002	2025-03-23 08:58:56	GO
/media/saji/5E06441D0643F5152/phase_4/app_windows/NeuropeptideApp_win64x64/R/Tcl/lib/tcl8.6/tzdata/America/Indiana/Marengo	Marengo	0.007	2024-11-27 18:56:56	GO
/media/saji/5E06441D0643F5152/phase_4/app_windows/NeuropeptideApp_wini38632/R/share/zoneinfo/America/Indiana/Marengo	Marengo	0.002	2021-10-24 10:59:50	GO
/media/saji/5E06441D0643F5152/phase_4/app_windows/NeuropeptideApp_wini38632/R/Tcl/bin64/lib/tcl8.6/tzdata/America/Indiana/Marengo	Marengo	0.007	2022-03-10 09:17:08	GO
/media/saji/5E06441D0643F5152/phase_4/app_windows/NeuropeptideApp_wini38632/R/Tcl/lib/tcl8.6/tzdata/America/Indiana/Marengo	Marengo	0.007	2022-03-10 09:17:18	GO
/media/saji/5E06441D0643F5152/phase_4/app_windows/bundle/R/share/zoneinfo/America/Marigot	Marigot	0	2025-03-23 08:58:56	GO
/media/saji/5E06441D0643F5152/phase_4/app_windows/bundle/R/Tcl/lib/tcl8.6/tzdata/America/Marigot	Marigot	0	2024-11-27 18:56:56	GO
/media/saji/5E06441D0643F5152/phase_4/app_windows/NeuropeptideApp_win64x64/R/share/zoneinfo/America/Marigot	Marigot	0	2025-03-23 08:58:56	GO
/media/saji/5E06441D0643F5152/phase_4/app_windows/NeuropeptideApp_win64x64/R/Tcl/lib/tcl8.6/tzdata/America/Marigot	Marigot	0	2024-11-27 18:56:56	GO
/media/saji/5E06441D0643F5152/phase_4/app_windows/NeuropeptideApp_wini38632/R/share/zoneinfo/America/Marigot	Marigot	0	2021-10-24 10:59:50	GO
/media/saji/5E06441D0643F5152/phase_4/app_windows/NeuropeptideApp_wini38632/R/Tcl/bin64/lib/tcl8.6/tzdata/America/Marigot	Marigot	0	2022-03-10 09:17:08	GO
/media/saji/5E06441D0643F5152/phase_4/app_windows/NeuropeptideApp_wini38632/R/Tcl/lib/tcl8.6/tzdata/America/Marigot	Marigot	0	2022-03-10 09:17:18	GO
/media/saji/5E06441D0643F5152/phase_4/app_windows/NeuropeptideApp_wini38632/R/library/Matrix/help/Math+2CdiagonalMatrix-method.html	Math+2CdiagonalMatrix-method.html	0	2022-03-10 09:43:16	GO
/media/saji/5E06441D0643F5152/phase_4/app_windows/bundle/R/share/zoneinfo/America/Nipigon	Nipigon	0.003	2025-03-23 08:58:56	GO
/media/saji/5E06441D0643F5152/phase_4/app_windows/bundle/R/Tcl/lib/tcl8.6/tzdata/America/Nipigon	Nipigon	0	2024-11-27 18:56:56	GO
/media/saji/5E06441D0643F5152/phase_4/app_windows/NeuropeptideApp_win64x64/R/share/zoneinfo/America/Nipigon	Nipigon	0.003	2025-03-23 08:58:56	GO
/media/saji/5E06441D0643F5152/phase_4/app_windows/NeuropeptideApp_win64x64/R/Tcl/lib/tcl8.6/tzdata/America/Nipigon	Nipigon	0	2024-11-27 18:56:56	GO
/media/saji/5E06441D0643F5152/phase_4/app_windows/NeuropeptideApp_wini38632/R/share/zoneinfo/America/Nipigon	Nipigon	0.002	2021-10-24 10:59:50	GO
/media/saji/5E06441D0643F5152/phase_4/app_windows/NeuropeptideApp_wini38632/R/Tcl/bin64/lib/tcl8.6/tzdata/America/Nipigon	Nipigon	0.007	2022-03-10 09:17:08	GO
/media/saji/5E06441D0643F5152/phase_4/app_windows/NeuropeptideApp_wini38632/R/Tcl/lib/tcl8.6/tzdata/America/Nipigon	Nipigon	0.007	2022-03-10 09:17:18	GO
/media/saji/5E06441D0643F5152/phase_4/app_windows/NeuropeptideApp_wini38632/R/library/Matrix/help/Ops+2CddiMatrix+2CdiagonalMatrix-method.html	Ops+2CddiMatrix+2CdiagonalMatrix-method.html	0	2022-03-10 09:43:16	GO
/media/saji/5E06441D0643F5152/phase_4/app_windows/NeuropeptideApp_wini38632/R/library/Matrix/help/Ops+2CdiagonalMatrix+2CddiMatrix-method.html	Ops+2CdiagonalMatrix+2CddiMatrix-method.html	0	2022-03-10 09:43:16	GO
/media/saji/5E06441D0643F5152/phase_4/app_windows/NeuropeptideApp_wini38632/R/library/Matrix/help/Ops+2CdiagonalMatrix+2CdiagonalMatrix-method.html	Ops+2CdiagonalMatrix+2CdiagonalMatrix-method.html	0	2022-03-10 09:43:16	GO
/media/saji/5E06441D0643F5152/phase_4/app_windows/NeuropeptideApp_wini38632/R/library/Matrix/help/Ops+2CdiagonalMatrix+2CsparseMatrix-method.html	Ops+2CdiagonalMatrix+2CsparseMatrix-method.html	0	2022-03-10 09:43:20	GO
/media/saji/5E06441D0643F5152/phase_4/app_windows/NeuropeptideApp_wini38632/R/library/Matrix/help/Ops+2CdiagonalMatrix+2CtriangularMatrix-method.html	Ops+2CdiagonalMatrix+2CtriangularMatrix-method.html	0	2022-03-10 09:43:16	GO
/media/saji/5E06441D0643F5152/phase_4/app_windows/NeuropeptideApp_wini38632/R/library/Matrix/help/Ops+2CsparseMatrix+2CdiagonalMatrix-method.html	Ops+2CsparseMatrix+2CdiagonalMatrix-method.html	0	2022-03-10 09:43:20	GO
/media/saji/5E06441D0643F5152/phase_4/app_windows/bundle/R/share/zoneinfo/Africa/Ouagadougou	Ouagadougou	0	2025-03-23 08:58:56	GO
/media/saji/5E06441D0643F5152/phase_4/app_windows/bundle/R/Tcl/lib/tcl8.6/tzdata/Africa/Ouagadougou	Ouagadougou	0	2024-11-27 18:56:56	GO
/media/saji/5E06441D0643F5152/phase_4/app_windows/NeuropeptideApp_win64x64/R/share/zoneinfo/Africa/Ouagadougou	Ouagadougou	0	2025-03-23 08:58:56	GO
/media/saji/5E06441D0643F5152/phase_4/app_windows/NeuropeptideApp_win64x64/R/Tcl/lib/tcl8.6/tzdata/Africa/Ouagadougou	Ouagadougou	0	2024-11-27 18:56:56	GO
/media/saji/5E06441D0643F5152/phase_4/app_windows/NeuropeptideApp_wini38632/R/share/zoneinfo/Africa/Ouagadougou	Ouagadougou	0	2021-10-24 10:59:50	GO
/media/saji/5E06441D0643F5152/phase_4/app_windows/NeuropeptideApp_wini38632/R/Tcl/bin64/lib/tcl8.6/tzdata/Africa/Ouagadougou	Ouagadougou	0	2022-03-10 09:17:08	GO
/media/saji/5E06441D0643F5152/phase_4/app_windows/NeuropeptideApp_wini38632/R/Tcl/lib/tcl8.6/tzdata/Africa/Ouagadougou	Ouagadougou	0	2022-03-10 09:17:18	GO
/media/saji/5E06441D0643F5152/phase_4/app_windows/bundle/R/share/zoneinfo/Pacific/Pago_Pago	Pago_Pago	0	2025-03-23 08:58:56	GO
/media/saji/5E06441D0643F5152/phase_4/app_windows/bundle/R/Tcl/lib/tcl8.6/tzdata/Pacific/Pago_Pago	Pago_Pago	0	2024-11-27 18:56:56	GO
/media/saji/5E06441D0643F5152/phase_4/app_windows/NeuropeptideApp_win64x64/R/share/zoneinfo/Pacific/Pago_Pago	Pago_Pago	0	2025-03-23 08:58:56	GO
/media/saji/5E06441D0643F5152/phase_4/app_windows/NeuropeptideApp_win64x64/R/Tcl/lib/tcl8.6/tzdata/Pacific/Pago_Pago	Pago_Pago	0	2024-11-27 18:56:56	GO
/media/saji/5E06441D0643F5152/phase_4/app_windows/NeuropeptideApp_wini38632/R/share/zoneinfo/Pacific/Pago_Pago	Pago_Pago	0	2021-10-24 10:59:50	GO
/media/saji/5E06441D0643F5152/phase_4/app_windows/NeuropeptideApp_wini38632/R/Tcl/bin64/lib/tcl8.6/tzdata/Pacific/Pago_Pago	Pago_Pago	0	2022-03-10 09:17:08	GO
/media/saji/5E06441D0643F5152/phase_4/app_windows/NeuropeptideApp_wini38632/R/Tcl/lib/tcl8.6/tzdata/Pacific/Pago_Pago	Pago_Pago	0	2022-03-10 09:17:18	GO
/media/saji/5E06441D0643F5152/phase_4/app_windows/bundle/R/share/zoneinfo/Europe/Podgorica	Podgorica	0.002	2025-03-23 08:58:56	GO
/media/saji/5E06441D0643F5152/phase_4/app_windows/bundle/R/Tcl/lib/tcl8.6/tzdata/Europe/Podgorica	Podgorica	0	2024-11-27 18:56:56	GO
/media/saji/5E06441D0643F5152/phase_4/app_windows/NeuropeptideApp_win64x64/R/share/zoneinfo/Europe/Podgorica	Podgorica	0.002	2025-03-23 08:58:56	GO
/media/saji/5E06441D0643F5152/phase_4/app_windows/NeuropeptideApp_win64x64/R/Tcl/lib/tcl8.6/tzdata/Europe/Podgorica	Podgorica	0	2024-11-27 18:56:56	GO
/media/saji/5E06441D0643F5152/phase_4/app_windows/NeuropeptideApp_wini38632/R/share/zoneinfo/Europe/Podgorica	Podgorica	0.002	2021-10-24 10:59:50	GO
/media/saji/5E06441D0643F5152/phase_4/app_windows/NeuropeptideApp_wini38632/R/Tcl/bin64/lib/tcl8.6/tzdata/Europe/Podgorica	Podgorica	0	2022-03-10 09:17:08	GO
/media/saji/5E06441D0643F5152/phase_4/app_windows/NeuropeptideApp_wini38632/R/Tcl/lib/tcl8.6/tzdata/Europe/Podgorica	Podgorica	0	2022-03-10 09:17:18	GO
/media/saji/5E06441D0643F5152/phase_4/app_windows/bundle/R/share/zoneinfo/Asia/Rangoon	Rangoon	0	2025-03-23 08:58:56	GO
/media/saji/5E06441D0643F5152/phase_4/app_windows/bundle/R/Tcl/lib/tcl8.6/tzdata/Asia/Rangoon	Rangoon	0	2024-11-27 18:56:56	GO
/media/saji/5E06441D0643F5152/phase_4/app_windows/NeuropeptideApp_win64x64/R/share/zoneinfo/Asia/Rangoon	Rangoon	0	2025-03-23 08:58:56	GO
/media/saji/5E06441D0643F5152/phase_4/app_windows/NeuropeptideApp_win64x64/R/Tcl/lib/tcl8.6/tzdata/Asia/Rangoon	Rangoon	0	2024-11-27 18:56:56	GO
/media/saji/5E06441D0643F5152/phase_4/app_windows/NeuropeptideApp_wini38632/R/share/zoneinfo/Asia/Rangoon	Rangoon	0	2021-10-24 10:59:50	GO
/media/saji/5E06441D0643F5152/phase_4/app_windows/NeuropeptideApp_wini38632/R/Tcl/bin64/lib/tcl8.6/tzdata/Asia/Rangoon	Rangoon	0	2022-03-10 09:17:08	GO
/media/saji/5E06441D0643F5152/phase_4/app_windows/NeuropeptideApp_wini38632/R/Tcl/lib/tcl8.6/tzdata/Asia/Rangoon	Rangoon	0	2022-03-10 09:17:18	GO
/media/saji/5E06441D0643F5152/phase_4/app_windows/bundle/R/share/zoneinfo/America/Argentina/Rio_Gallegos	Rio_Gallegos	0.001	2025-03-23 08:58:56	GO
/media/saji/5E06441D0643F5152/phase_4/app_windows/bundle/R/Tcl/lib/tcl8.6/tzdata/America/Argentina/Rio_Gallegos	Rio_Gallegos	0.002	2024-12-02 16:02:16	GO
/media/saji/5E06441D0643F5152/phase_4/app_windows/NeuropeptideApp_win64x64/R/share/zoneinfo/America/Argentina/Rio_Gallegos	Rio_Gallegos	0.001	2025-03-23 08:58:56	GO
/media/saji/5E06441D0643F5152/phase_4/app_windows/NeuropeptideApp_win64x64/R/Tcl/lib/tcl8.6/tzdata/America/Argentina/Rio_Gallegos	Rio_Gallegos	0.002	2024-12-02 16:02:16	GO
/media/saji/5E06441D0643F5152/phase_4/app_windows/NeuropeptideApp_wini38632/R/share/zoneinfo/America/Argentina/Rio_Gallegos	Rio_Gallegos	0.001	2021-10-24 10:59:50	GO
/media/saji/5E06441D0643F5152/phase_4/app_windows/NeuropeptideApp_wini38632/R/Tcl/bin64/lib/tcl8.6/tzdata/America/Argentina/Rio_Gallegos	Rio_Gallegos	0.002	2022-03-10 09:17:08	GO
/media/saji/5E06441D0643F5152/phase_4/app_windows/NeuropeptideApp_wini38632/R/Tcl/lib/tcl8.6/tzdata/America/Argentina/Rio_Gallegos	Rio_Gallegos	0.002	2022-03-10 09:17:18	GO
/media/saji/5E06441D0643F5152/phase_4/app_windows/bundle/R/doc/html/Rlogo.pdf	Rlogo.pdf	0.006	2024-12-04 17:08:10	GO
/media/saji/5E06441D0643F5152/phase_4/app_windows/NeuropeptideApp_win64x64/R/doc/html/Rlogo.pdf	Rlogo.pdf	0.006	2024-12-04 17:08:10	GO
/media/saji/5E06441D0643F5152/phase_4/app_windows/NeuropeptideApp_wini38632/R/doc/html/Rlogo.pdf	Rlogo.pdf	0.006	2018-09-25 10:43:48	GO
/media/saji/5E06441D0643F5152/phase_4/app_windows/bundle/R/doc/html/Rlogo.svg	Rlogo.svg	0.003	2025-06-13 12:06:34	GO
/media/saji/5E06441D0643F5152/phase_4/app_windows/NeuropeptideApp_win64x64/R/doc/html/Rlogo.svg	Rlogo.svg	0.003	2025-06-13 12:06:34	GO
/media/saji/5E06441D0643F5152/phase_4/app_windows/NeuropeptideApp_wini38632/R/doc/html/Rlogo.svg	Rlogo.svg	0.003	2022-03-10 09:49:22	GO
/media/saji/5E06441D0643F5152/phase_4/app_windows/NeuropeptideApp_wini38632/R/library/stats/help/SSgompertz.html	SSgompertz.html	0	2022-03-10 09:40:26	GO
/media/saji/5E06441D0643F5152/phase_4/app_windows/NeuropeptideApp_wini38632/R/library/stats/html/SSgompertz.html	SSgompertz.html	0.003	2022-03-10 09:40:26	GO
/media/saji/5E06441D0643F5152/phase_4/app_windows/bundle/R/share/zoneinfo/Asia/Saigon	Saigon	0	2025-03-23 08:58:56	GO
/media/saji/5E06441D0643F5152/phase_4/app_windows/bundle/R/Tcl/lib/tcl8.6/tzdata/Asia/Saigon	Saigon	0	2024-11-27 18:56:56	GO
/media/saji/5E06441D0643F5152/phase_4/app_windows/NeuropeptideApp_win64x64/R/share/zoneinfo/Asia/Saigon	Saigon	0	2025-03-23 08:58:56	GO
/media/saji/5E06441D0643F5152/phase_4/app_windows/NeuropeptideApp_win64x64/R/Tcl/lib/tcl8.6/tzdata/Asia/Saigon	Saigon	0	2024-11-27 18:56:56	GO
/media/saji/5E06441D0643F5152/phase_4/app_windows/NeuropeptideApp_wini38632/R/share/zoneinfo/Asia/Saigon	Saigon	0	2021-10-24 10:59:50	GO
/media/saji/5E06441D0643F5152/phase_4/app_windows/NeuropeptideApp_wini38632/R/Tcl/bin64/lib/tcl8.6/tzdata/Asia/Saigon	Saigon	0	2022-03-10 09:17:08	GO
/media/saji/5E06441D0643F5152/phase_4/app_windows/NeuropeptideApp_wini38632/R/Tcl/lib/tcl8.6/tzdata/Asia/Saigon	Saigon	0	2022-03-10 09:17:18	GO
/media/saji/5E06441D0643F5152/phase_4/app_windows/bundle/R/share/zoneinfo/America/Santiago	Santiago	0.002	2025-03-23 08:58:56	GO
/media/saji/5E06441D0643F5152/phase_4/app_windows/bundle/R/Tcl/lib/tcl8.6/tzdata/America/Santiago	Santiago	0.009	2024-12-02 16:02:16	GO
/media/saji/5E06441D0643F5152/phase_4/app_windows/NeuropeptideApp_win64x64/R/share/zoneinfo/America/Santiago	Santiago	0.002	2025-03-23 08:58:56	GO
/media/saji/5E06441D0643F5152/phase_4/app_windows/NeuropeptideApp_win64x64/R/Tcl/lib/tcl8.6/tzdata/America/Santiago	Santiago	0.009	2024-12-02 16:02:16	GO
/media/saji/5E06441D0643F5152/phase_4/app_windows/NeuropeptideApp_wini38632/R/share/zoneinfo/America/Santiago	Santiago	0.002	2021-10-24 10:59:50	GO
/media/saji/5E06441D0643F5152/phase_4/app_windows/NeuropeptideApp_wini38632/R/Tcl/bin64/lib/tcl8.6/tzdata/America/Santiago	Santiago	0.008	2022-03-10 09:17:08	GO
/media/saji/5E06441D0643F5152/phase_4/app_windows/NeuropeptideApp_wini38632/R/Tcl/lib/tcl8.6/tzdata/America/Santiago	Santiago	0.008	2022-03-10 09:17:18	GO
/media/saji/5E06441D0643F5152/phase_4/app_windows/bundle/R/share/zoneinfo/America/Santo_Domingo	Santo_Domingo	0	2025-03-23 08:58:56	GO
/media/saji/5E06441D0643F5152/phase_4/app_windows/bundle/R/Tcl/lib/tcl8.6/tzdata/America/Santo_Domingo	Santo_Domingo	0.001	2024-11-27 18:56:56	GO
/media/saji/5E06441D0643F5152/phase_4/app_windows/NeuropeptideApp_win64x64/R/share/zoneinfo/America/Santo_Domingo	Santo_Domingo	0	2025-03-23 08:58:56	GO
/media/saji/5E06441D0643F5152/phase_4/app_windows/NeuropeptideApp_win64x64/R/Tcl/lib/tcl8.6/tzdata/America/Santo_Domingo	Santo_Domingo	0.001	2024-11-27 18:56:56	GO
/media/saji/5E06441D0643F5152/phase_4/app_windows/NeuropeptideApp_wini38632/R/share/zoneinfo/America/Santo_Domingo	Santo_Domingo	0	2021-10-24 10:59:50	GO
/media/saji/5E06441D0643F5152/phase_4/app_windows/NeuropeptideApp_wini38632/R/Tcl/bin64/lib/tcl8.6/tzdata/America/Santo_Domingo	Santo_Domingo	0.001	2022-03-10 09:17:08	GO
/media/saji/5E06441D0643F5152/phase_4/app_windows/NeuropeptideApp_wini38632/R/Tcl/lib/tcl8.6/tzdata/America/Santo_Domingo	Santo_Domingo	0.001	2022-03-10 09:17:18	GO
/media/saji/5E06441D0643F5152/phase_4/app_windows/NeuropeptideApp_wini38632/R/library/Matrix/help/Schur+2CdiagonalMatrix+2Clogical-method.html	Schur+2CdiagonalMatrix+2Clogical-method.html	0	2022-03-10 09:43:14	GO
/media/saji/5E06441D0643F5152/phase_4/app_windows/NeuropeptideApp_wini38632/R/library/Matrix/help/Schur+2CdiagonalMatrix+2Cmissing-method.html	Schur+2CdiagonalMatrix+2Cmissing-method.html	0	2022-03-10 09:43:14	GO
/media/saji/5E06441D0643F5152/phase_1/transdocer_diamond_pfam/transdocer_predict/desiccation/desiccation_trinity_out.Trinity.fasta.transdecoder_dir/__checkpoints_longorfs/TD.longorfs.ok	TD.longorfs.ok	0	2025-09-02 05:31:33.439655	GO
/media/saji/5E06441D0643F5152/phase_1/transdocer_diamond_pfam/transdocer_predict/gamma/gamma_merged.Trinity.fasta.transdecoder_dir/__checkpoints_longorfs/TD.longorfs.ok	TD.longorfs.ok	0	2025-09-01 00:42:22.31817	GO
/media/saji/5E06441D0643F5152/phase_1/transdocer_diamond_pfam/transdocer_predict/ht/ht_trinity_out.Trinity.fasta.transdecoder_dir/__checkpoints_longorfs/TD.longorfs.ok	TD.longorfs.ok	0	2025-09-03 01:23:14.828856	GO
/media/saji/5E06441D0643F5152/phase_1/transdocer_diamond_pfam/transdocer_predict/lt/lt_trinity_out.Trinity.fasta.transdecoder_dir/__checkpoints_longorfs/TD.longorfs.ok	TD.longorfs.ok	0	2025-09-01 18:27:23.256765	GO
/media/saji/5E06441D0643F5152/phase_1/transdocer_diamond_pfam/transdocer_predict/osmotic/osmotic_trinity_out.Trinity.fasta.transdecoder_dir/__checkpoints_longorfs/TD.longorfs.ok	TD.longorfs.ok	0	2025-09-02 17:09:57.534004	GO
/media/saji/5E06441D0643F5152/phase_1/transdocer_diamond_pfam/transdocer_predict/uv/uv_merged.Trinity.fasta.transdecoder_dir/__checkpoints_longorfs/TD.longorfs.ok	TD.longorfs.ok	0	2025-09-01 07:57:52.371084	GO
/media/saji/5E06441D0643F5152/phase_4/old_14.09/old/proteins/Cluster_1_condition_desiccation_allTranscripts/Cluster_1_condition_desiccation_allTranscripts.fasta.transdecoder_dir/__checkpoints_longorfs/TD.longorfs.ok	TD.longorfs.ok	0	2025-08-15 20:52:06.840749	GO
/media/saji/5E06441D0643F5152/phase_4/old_14.09/old/proteins/Cluster_1_condition_gamma_allTranscripts/Cluster_1_condition_gamma_allTranscripts.fasta.transdecoder_dir/__checkpoints_longorfs/TD.longorfs.ok	TD.longorfs.ok	0	2025-08-15 20:52:21.922227	GO
/media/saji/5E06441D0643F5152/phase_4/old_14.09/old/proteins/Cluster_2_condition_ht_allTranscripts/Cluster_2_condition_ht_allTranscripts.fasta.transdecoder_dir/__checkpoints_longorfs/TD.longorfs.ok	TD.longorfs.ok	0	2025-08-15 20:52:48.358308	GO
/media/saji/5E06441D0643F5152/phase_4/old_14.09/old/proteins/Cluster_2_condition_lt_allTranscripts/Cluster_2_condition_lt_allTranscripts.fasta.transdecoder_dir/__checkpoints_longorfs/TD.longorfs.ok	TD.longorfs.ok	0	2025-08-15 20:52:59.910906	GO
/media/saji/5E06441D0643F5152/phase_4/old_14.09/old/proteins/Cluster_2_condition_osmotic_allTranscripts/Cluster_2_condition_osmotic_allTranscripts.fasta.transdecoder_dir/__checkpoints_longorfs/TD.longorfs.ok	TD.longorfs.ok	0	2025-08-15 20:53:09.675565	GO
/media/saji/5E06441D0643F5152/phase_4/old_14.09/old/proteins/Cluster_3_condition_uv_allTranscripts/Cluster_3_condition_uv_allTranscripts.fasta.transdecoder_dir/__checkpoints_longorfs/TD.longorfs.ok	TD.longorfs.ok	0	2025-08-15 20:53:20.755062	GO
/media/saji/5E06441D0643F5152/phase_4/app_windows/bundle/R/share/zoneinfo/Europe/Uzhgorod	Uzhgorod	0.002	2025-03-23 08:58:56	GO
/media/saji/5E06441D0643F5152/phase_4/app_windows/bundle/R/Tcl/lib/tcl8.6/tzdata/Europe/Uzhgorod	Uzhgorod	0	2024-11-27 18:56:56	GO
/media/saji/5E06441D0643F5152/phase_4/app_windows/NeuropeptideApp_win64x64/R/share/zoneinfo/Europe/Uzhgorod	Uzhgorod	0.002	2025-03-23 08:58:56	GO
/media/saji/5E06441D0643F5152/phase_4/app_windows/NeuropeptideApp_win64x64/R/Tcl/lib/tcl8.6/tzdata/Europe/Uzhgorod	Uzhgorod	0	2024-11-27 18:56:56	GO
/media/saji/5E06441D0643F5152/phase_4/app_windows/NeuropeptideApp_wini38632/R/share/zoneinfo/Europe/Uzhgorod	Uzhgorod	0.002	2021-10-24 10:59:50	GO
/media/saji/5E06441D0643F5152/phase_4/app_windows/NeuropeptideApp_wini38632/R/Tcl/bin64/lib/tcl8.6/tzdata/Europe/Uzhgorod	Uzhgorod	0.007	2022-03-10 09:17:08	GO
/media/saji/5E06441D0643F5152/phase_4/app_windows/NeuropeptideApp_wini38632/R/Tcl/lib/tcl8.6/tzdata/Europe/Uzhgorod	Uzhgorod	0.007	2022-03-10 09:17:18	GO
/media/saji/5E06441D0643F5152/phase_4/app_windows/bundle/R/share/zoneinfo/Europe/Volgograd	Volgograd	0.001	2025-03-23 08:58:56	GO
/media/saji/5E06441D0643F5152/phase_4/app_windows/bundle/R/Tcl/lib/tcl8.6/tzdata/Europe/Volgograd	Volgograd	0.002	2024-12-02 16:02:16	GO
/media/saji/5E06441D0643F5152/phase_4/app_windows/NeuropeptideApp_win64x64/R/share/zoneinfo/Europe/Volgograd	Volgograd	0.001	2025-03-23 08:58:56	GO
/media/saji/5E06441D0643F5152/phase_4/app_windows/NeuropeptideApp_win64x64/R/Tcl/lib/tcl8.6/tzdata/Europe/Volgograd	Volgograd	0.002	2024-12-02 16:02:16	GO
/media/saji/5E06441D0643F5152/phase_4/app_windows/NeuropeptideApp_wini38632/R/share/zoneinfo/Europe/Volgograd	Volgograd	0.001	2021-10-24 10:59:50	GO
/media/saji/5E06441D0643F5152/phase_4/app_windows/NeuropeptideApp_wini38632/R/Tcl/bin64/lib/tcl8.6/tzdata/Europe/Volgograd	Volgograd	0.002	2022-03-10 09:17:08	GO
/media/saji/5E06441D0643F5152/phase_4/app_windows/NeuropeptideApp_wini38632/R/Tcl/lib/tcl8.6/tzdata/Europe/Volgograd	Volgograd	0.002	2022-03-10 09:17:18	GO
/media/saji/5E06441D0643F5152/phase_4/app_windows/bundle/R/share/zoneinfo/Asia/Yangon	Yangon	0	2025-03-23 08:58:56	GO
/media/saji/5E06441D0643F5152/phase_4/app_windows/bundle/R/Tcl/lib/tcl8.6/tzdata/Asia/Yangon	Yangon	0	2024-12-02 16:02:16	GO
/media/saji/5E06441D0643F5152/phase_4/app_windows/NeuropeptideApp_win64x64/R/share/zoneinfo/Asia/Yangon	Yangon	0	2025-03-23 08:58:56	GO
/media/saji/5E06441D0643F5152/phase_4/app_windows/NeuropeptideApp_win64x64/R/Tcl/lib/tcl8.6/tzdata/Asia/Yangon	Yangon	0	2024-12-02 16:02:16	GO
/media/saji/5E06441D0643F5152/phase_4/app_windows/NeuropeptideApp_wini38632/R/share/zoneinfo/Asia/Yangon	Yangon	0	2021-10-24 10:59:50	GO
/media/saji/5E06441D0643F5152/phase_4/app_windows/NeuropeptideApp_wini38632/R/Tcl/bin64/lib/tcl8.6/tzdata/Asia/Yangon	Yangon	0	2022-03-10 09:17:08	GO
/media/saji/5E06441D0643F5152/phase_4/app_windows/NeuropeptideApp_wini38632/R/Tcl/lib/tcl8.6/tzdata/Asia/Yangon	Yangon	0	2022-03-10 09:17:18	GO
/media/saji/5E06441D0643F5152/phase_4/app_windows/NeuropeptideApp_wini38632/R/library/Matrix/help/as.vector+2CdiagonalMatrix-method.html	as.vector+2CdiagonalMatrix-method.html	0	2022-03-10 09:43:16	GO
/media/saji/5E06441D0643F5152/phase_3/DTC_FSF_OptionC_fixed/old/stats/categorized_genes_desiccation.tsv	categorized_genes_desiccation.tsv	2.846	2025-12-03 00:11:49.038122	GO
/media/saji/5E06441D0643F5152/phase_3/DTC_FSF_OptionC_fixed/stats/categorized_genes_desiccation.tsv	categorized_genes_desiccation.tsv	2.846	2025-12-12 01:56:12.086357	GO
/media/saji/5E06441D0643F5152/phase_3/final_strategy_09_09_2025_vst_only/stats/categorized_genes_desiccation.tsv	categorized_genes_desiccation.tsv	2.478	2025-11-13 04:26:11.789823	GO
/media/saji/5E06441D0643F5152/phase_3/final_strategy_09_09_2025/previous_full_pipeline /old_new/stats/categorized_genes_desiccation.tsv	categorized_genes_desiccation.tsv	3.329	2025-11-02 14:02:19.896979	GO
/media/saji/5E06441D0643F5152/phase_3/final_strategy_09_09_2025/previous_full_pipeline /stats/categorized_genes_desiccation.tsv	categorized_genes_desiccation.tsv	3.355	2025-10-15 17:33:18.59416	GO
/media/saji/5E06441D0643F5152/phase_3/new_final_strategy_09_09_2025/final_strategy_09_09_2025_vst_only/stats/categorized_genes_desiccation.tsv	categorized_genes_desiccation.tsv	2.475	2025-11-29 00:32:45.062501	GO
/media/saji/5E06441D0643F5152/phase_3/new_final_strategy_09_09_2025/old_vst_count/stats/categorized_genes_desiccation.tsv	categorized_genes_desiccation.tsv	2.687	2025-11-28 10:19:05.324589	GO
/media/saji/5E06441D0643F5152/phase_3/DTC_FSF_OptionC_fixed/old/stats/categorized_genes_gamma.tsv	categorized_genes_gamma.tsv	2.886	2025-12-03 00:45:49.441112	GO
/media/saji/5E06441D0643F5152/phase_3/DTC_FSF_OptionC_fixed/stats/categorized_genes_gamma.tsv	categorized_genes_gamma.tsv	2.886	2025-12-12 02:31:58.465107	GO
/media/saji/5E06441D0643F5152/phase_3/final_strategy_09_09_2025_vst_only/stats/categorized_genes_gamma.tsv	categorized_genes_gamma.tsv	2.531	2025-11-13 04:54:50.476061	GO
/media/saji/5E06441D0643F5152/phase_3/final_strategy_09_09_2025/previous_full_pipeline /old_new/stats/categorized_genes_gamma.tsv	categorized_genes_gamma.tsv	3.448	2025-11-02 15:48:26.339871	GO
/media/saji/5E06441D0643F5152/phase_3/final_strategy_09_09_2025/previous_full_pipeline /stats/categorized_genes_gamma.tsv	categorized_genes_gamma.tsv	3.728	2025-10-15 22:24:26.958724	GO
/media/saji/5E06441D0643F5152/phase_3/new_final_strategy_09_09_2025/final_strategy_09_09_2025_vst_only/stats/categorized_genes_gamma.tsv	categorized_genes_gamma.tsv	2.529	2025-11-29 01:00:12.514676	GO
/media/saji/5E06441D0643F5152/phase_3/new_final_strategy_09_09_2025/old_vst_count/stats/categorized_genes_gamma.tsv	categorized_genes_gamma.tsv	2.713	2025-11-28 10:53:31.22305	GO
/media/saji/5E06441D0643F5152/phase_3/DTC_FSF_OptionC_fixed/old/stats/categorized_genes_ht.tsv	categorized_genes_ht.tsv	2.654	2025-12-02 22:44:32.837553	GO
/media/saji/5E06441D0643F5152/phase_3/DTC_FSF_OptionC_fixed/stats/categorized_genes_ht.tsv	categorized_genes_ht.tsv	2.654	2025-12-12 00:22:39.025301	GO
/media/saji/5E06441D0643F5152/phase_3/final_strategy_09_09_2025_vst_only/stats/categorized_genes_ht.tsv	categorized_genes_ht.tsv	2.387	2025-11-13 03:18:27.292789	GO
/media/saji/5E06441D0643F5152/phase_3/final_strategy_09_09_2025/previous_full_pipeline /old_new/stats/categorized_genes_ht.tsv	categorized_genes_ht.tsv	3.138	2025-11-02 12:24:43.41224	GO
/media/saji/5E06441D0643F5152/phase_3/final_strategy_09_09_2025/previous_full_pipeline /stats/categorized_genes_ht.tsv	categorized_genes_ht.tsv	3.15	2025-10-15 15:58:18.19805	GO
/media/saji/5E06441D0643F5152/phase_3/new_final_strategy_09_09_2025/final_strategy_09_09_2025_vst_only/stats/categorized_genes_ht.tsv	categorized_genes_ht.tsv	2.385	2025-11-28 23:32:33.049589	GO
/media/saji/5E06441D0643F5152/phase_3/new_final_strategy_09_09_2025/old_vst_count/stats/categorized_genes_ht.tsv	categorized_genes_ht.tsv	2.582	2025-11-27 22:51:18.672679	GO
/media/saji/5E06441D0643F5152/phase_3/DTC_FSF_OptionC_fixed/old/stats/categorized_genes_lt.tsv	categorized_genes_lt.tsv	2.87	2025-12-02 22:10:13.146926	GO
/media/saji/5E06441D0643F5152/phase_3/DTC_FSF_OptionC_fixed/stats/categorized_genes_lt.tsv	categorized_genes_lt.tsv	2.87	2025-12-11 23:47:32.322676	GO
/media/saji/5E06441D0643F5152/phase_3/final_strategy_09_09_2025_vst_only/stats/categorized_genes_lt.tsv	categorized_genes_lt.tsv	2.48	2025-11-13 03:04:32.919378	GO
/media/saji/5E06441D0643F5152/phase_3/final_strategy_09_09_2025/previous_full_pipeline /old_new/stats/categorized_genes_lt.tsv	categorized_genes_lt.tsv	3.347	2025-11-02 11:47:07.051688	GO
/media/saji/5E06441D0643F5152/phase_3/final_strategy_09_09_2025/previous_full_pipeline /stats/categorized_genes_lt.tsv	categorized_genes_lt.tsv	3.373	2025-10-15 15:20:44.083788	GO
/media/saji/5E06441D0643F5152/phase_3/new_final_strategy_09_09_2025/final_strategy_09_09_2025_vst_only/stats/categorized_genes_lt.tsv	categorized_genes_lt.tsv	2.478	2025-11-28 23:19:22.765906	GO
/media/saji/5E06441D0643F5152/phase_3/new_final_strategy_09_09_2025/old_vst_count/stats/categorized_genes_lt.tsv	categorized_genes_lt.tsv	2.684	2025-11-27 22:17:29.209913	GO
/media/saji/5E06441D0643F5152/phase_3/DTC_FSF_OptionC_fixed/old/stats/categorized_genes_osmotic.tsv	categorized_genes_osmotic.tsv	2.806	2025-12-02 23:01:46.073094	GO
/media/saji/5E06441D0643F5152/phase_3/DTC_FSF_OptionC_fixed/stats/categorized_genes_osmotic.tsv	categorized_genes_osmotic.tsv	2.806	2025-12-12 00:40:38.747355	GO
/media/saji/5E06441D0643F5152/phase_3/final_strategy_09_09_2025_vst_only/stats/categorized_genes_osmotic.tsv	categorized_genes_osmotic.tsv	2.447	2025-11-13 03:29:12.356994	GO
/media/saji/5E06441D0643F5152/phase_3/final_strategy_09_09_2025/previous_full_pipeline /old_new/stats/categorized_genes_osmotic.tsv	categorized_genes_osmotic.tsv	3.284	2025-11-02 12:45:19.021884	GO
/media/saji/5E06441D0643F5152/phase_3/final_strategy_09_09_2025/previous_full_pipeline /stats/categorized_genes_osmotic.tsv	categorized_genes_osmotic.tsv	3.308	2025-10-15 16:17:33.459239	GO
/media/saji/5E06441D0643F5152/phase_3/new_final_strategy_09_09_2025/final_strategy_09_09_2025_vst_only/stats/categorized_genes_osmotic.tsv	categorized_genes_osmotic.tsv	2.445	2025-11-28 23:43:24.368239	GO
/media/saji/5E06441D0643F5152/phase_3/new_final_strategy_09_09_2025/old_vst_count/stats/categorized_genes_osmotic.tsv	categorized_genes_osmotic.tsv	2.648	2025-11-27 23:08:18.68101	GO
/media/saji/5E06441D0643F5152/phase_3/DTC_FSF_OptionC_fixed/old/stats/categorized_genes_uv.tsv	categorized_genes_uv.tsv	2.941	2025-12-02 23:17:29.742642	GO
/media/saji/5E06441D0643F5152/phase_3/DTC_FSF_OptionC_fixed/stats/categorized_genes_uv.tsv	categorized_genes_uv.tsv	2.941	2025-12-12 00:57:03.745319	GO
/media/saji/5E06441D0643F5152/phase_3/final_strategy_09_09_2025_vst_only/stats/categorized_genes_uv.tsv	categorized_genes_uv.tsv	2.542	2025-11-13 03:34:16.688804	GO
/media/saji/5E06441D0643F5152/phase_3/final_strategy_09_09_2025/previous_full_pipeline /old_new/stats/categorized_genes_uv.tsv	categorized_genes_uv.tsv	3.361	2025-11-02 13:03:20.461982	GO
/media/saji/5E06441D0643F5152/phase_3/final_strategy_09_09_2025/previous_full_pipeline /stats/categorized_genes_uv.tsv	categorized_genes_uv.tsv	3.389	2025-10-15 16:34:57.840975	GO
/media/saji/5E06441D0643F5152/phase_3/new_final_strategy_09_09_2025/final_strategy_09_09_2025_vst_only/stats/categorized_genes_uv.tsv	categorized_genes_uv.tsv	2.54	2025-11-28 23:48:08.952793	GO
/media/saji/5E06441D0643F5152/phase_3/new_final_strategy_09_09_2025/old_vst_count/stats/categorized_genes_uv.tsv	categorized_genes_uv.tsv	2.72	2025-11-27 23:23:50.074591	GO
/media/saji/5E06441D0643F5152/phase_4/app_windows/NeuropeptideApp_wini38632/R/library/base/help/category.html	category.html	0	2022-03-10 09:39:56	GO
/media/saji/5E06441D0643F5152/phase_4/app_windows/NeuropeptideApp_wini38632/R/library/Matrix/help/cbind2+2CdiagonalMatrix+2CsparseMatrix-method.html	cbind2+2CdiagonalMatrix+2CsparseMatrix-method.html	0	2022-03-10 09:43:16	GO
/media/saji/5E06441D0643F5152/phase_4/app_windows/NeuropeptideApp_wini38632/R/library/Matrix/help/cbind2+2CsparseMatrix+2CdiagonalMatrix-method.html	cbind2+2CsparseMatrix+2CdiagonalMatrix-method.html	0	2022-03-10 09:43:16	GO
/media/saji/5E06441D0643F5152/phase_4/app_windows/NeuropeptideApp_wini38632/R/library/Matrix/help/chol2inv+2CdiagonalMatrix-method.html	chol2inv+2CdiagonalMatrix-method.html	0	2022-03-10 09:43:16	GO
/media/saji/5E06441D0643F5152/phase_4/final_phase4_14_09/result/old_mthod/old/mapping_braker_to_tx_check/chunk_go	chunk_go	0.055	2025-10-08 23:42:15.37385	GO
/media/saji/5E06441D0643F5152/phase_4/final_phase4_14_09/result/old_mthod/old/mapping_braker_to_tx_check/chunk_go_blast.log	chunk_go_blast.log	0	2025-10-08 23:42:28.691047	GO
/media/saji/5E06441D0643F5152/phase_4/final_phase4_14_09/result/old_mthod/old/mapping_braker_to_tx_check/chunk_go_vs_ncbi.tsv	chunk_go_vs_ncbi.tsv	0.003	2025-10-08 23:42:28.717048	GO
/media/saji/5E06441D0643F5152/phase_4/app_windows/bundle/R/library/cluster/tests/clara-gower.R	clara-gower.R	0.003	2025-06-13 11:58:06	GO
/media/saji/5E06441D0643F5152/phase_4/app_windows/NeuropeptideApp_win64x64/R/library/cluster/tests/clara-gower.R	clara-gower.R	0.003	2025-06-13 11:58:06	GO
/media/saji/5E06441D0643F5152/phase_4/app_windows/NeuropeptideApp_wini38632/R/library/Matrix/help/coerce+2CdiagonalMatrix+2CdenseMatrix-method.html	coerce+2CdiagonalMatrix+2CdenseMatrix-method.html	0	2022-03-10 09:43:16	GO
/media/saji/5E06441D0643F5152/phase_4/app_windows/NeuropeptideApp_wini38632/R/library/Matrix/help/coerce+2CdiagonalMatrix+2CgeneralMatrix-method.html	coerce+2CdiagonalMatrix+2CgeneralMatrix-method.html	0	2022-03-10 09:43:16	GO
/media/saji/5E06441D0643F5152/phase_4/app_windows/NeuropeptideApp_wini38632/R/library/Matrix/help/coerce+2CdiagonalMatrix+2Cmatrix-method.html	coerce+2CdiagonalMatrix+2Cmatrix-method.html	0	2022-03-10 09:43:16	GO
/media/saji/5E06441D0643F5152/phase_4/app_windows/NeuropeptideApp_wini38632/R/library/Matrix/help/coerce+2CdiagonalMatrix+2CnMatrix-method.html	coerce+2CdiagonalMatrix+2CnMatrix-method.html	0	2022-03-10 09:43:16	GO
/media/saji/5E06441D0643F5152/phase_4/app_windows/NeuropeptideApp_wini38632/R/library/Matrix/help/coerce+2CdiagonalMatrix+2CnsparseMatrix-method.html	coerce+2CdiagonalMatrix+2CnsparseMatrix-method.html	0	2022-03-10 09:43:16	GO
/media/saji/5E06441D0643F5152/phase_4/app_windows/NeuropeptideApp_wini38632/R/library/Matrix/help/coerce+2CdiagonalMatrix+2CsparseVector-method.html	coerce+2CdiagonalMatrix+2CsparseVector-method.html	0	2022-03-10 09:43:20	GO
/media/saji/5E06441D0643F5152/phase_4/app_windows/NeuropeptideApp_wini38632/R/library/Matrix/help/coerce+2Cmatrix+2CdiagonalMatrix-method.html	coerce+2Cmatrix+2CdiagonalMatrix-method.html	0	2022-03-10 09:43:16	GO
/media/saji/5E06441D0643F5152/phase_4/app_windows/NeuropeptideApp_wini38632/R/library/Matrix/help/colMeans+2CdiagonalMatrix-method.html	colMeans+2CdiagonalMatrix-method.html	0	2022-03-10 09:43:14	GO
/media/saji/5E06441D0643F5152/phase_4/app_windows/NeuropeptideApp_wini38632/R/library/Matrix/help/colSums+2CdiagonalMatrix-method.html	colSums+2CdiagonalMatrix-method.html	0	2022-03-10 09:43:14	GO
/media/saji/5E06441D0643F5152/phase_4/app_windows/NeuropeptideApp_wini38632/R/library/Matrix/help/crossprod+2CCsparseMatrix+2CdiagonalMatrix-method.html	crossprod+2CCsparseMatrix+2CdiagonalMatrix-method.html	0	2022-03-10 09:43:18	GO
/media/saji/5E06441D0643F5152/phase_4/app_windows/NeuropeptideApp_wini38632/R/library/Matrix/help/crossprod+2CdiagonalMatrix+2CCsparseMatrix-method.html	crossprod+2CdiagonalMatrix+2CCsparseMatrix-method.html	0	2022-03-10 09:43:18	GO
/media/saji/5E06441D0643F5152/phase_4/app_windows/NeuropeptideApp_wini38632/R/library/Matrix/help/crossprod+2CdiagonalMatrix+2CdgeMatrix-method.html	crossprod+2CdiagonalMatrix+2CdgeMatrix-method.html	0	2022-03-10 09:43:18	GO
/media/saji/5E06441D0643F5152/phase_4/app_windows/NeuropeptideApp_wini38632/R/library/Matrix/help/crossprod+2CdiagonalMatrix+2CdiagonalMatrix-method.html	crossprod+2CdiagonalMatrix+2CdiagonalMatrix-method.html	0	2022-03-10 09:43:18	GO
/media/saji/5E06441D0643F5152/phase_4/app_windows/NeuropeptideApp_wini38632/R/library/Matrix/help/crossprod+2CdiagonalMatrix+2ClgeMatrix-method.html	crossprod+2CdiagonalMatrix+2ClgeMatrix-method.html	0	2022-03-10 09:43:18	GO
/media/saji/5E06441D0643F5152/phase_4/app_windows/NeuropeptideApp_wini38632/R/library/Matrix/help/crossprod+2CdiagonalMatrix+2Cmatrix-method.html	crossprod+2CdiagonalMatrix+2Cmatrix-method.html	0	2022-03-10 09:43:18	GO
/media/saji/5E06441D0643F5152/phase_4/app_windows/NeuropeptideApp_wini38632/R/library/Matrix/help/crossprod+2CdiagonalMatrix+2Cmissing-method.html	crossprod+2CdiagonalMatrix+2Cmissing-method.html	0	2022-03-10 09:43:18	GO
/media/saji/5E06441D0643F5152/phase_4/app_windows/NeuropeptideApp_wini38632/R/library/Matrix/help/crossprod+2CdiagonalMatrix+2CsparseMatrix-method.html	crossprod+2CdiagonalMatrix+2CsparseMatrix-method.html	0	2022-03-10 09:43:18	GO
/media/saji/5E06441D0643F5152/phase_4/app_windows/NeuropeptideApp_wini38632/R/library/Matrix/help/crossprod+2Cmatrix+2CdiagonalMatrix-method.html	crossprod+2Cmatrix+2CdiagonalMatrix-method.html	0	2022-03-10 09:43:18	GO
/media/saji/5E06441D0643F5152/phase_4/app_windows/NeuropeptideApp_wini38632/R/library/Matrix/help/crossprod+2CsparseMatrix+2CdiagonalMatrix-method.html	crossprod+2CsparseMatrix+2CdiagonalMatrix-method.html	0	2022-03-10 09:43:18	GO
/media/saji/5E06441D0643F5152/phase_4/app_windows/NeuropeptideApp_wini38632/R/library/base/help/debugonce.html	debugonce.html	0	2022-03-10 09:39:58	GO
/media/saji/5E06441D0643F5152/phase_4/app_windows/NeuropeptideApp_wini38632/R/library/Matrix/help/determinant+2CdiagonalMatrix+2Clogical-method.html	determinant+2CdiagonalMatrix+2Clogical-method.html	0	2022-03-10 09:43:16	GO
/media/saji/5E06441D0643F5152/phase_4/app_windows/NeuropeptideApp_wini38632/R/library/Matrix/help/diag+2CdiagonalMatrix-method.html	diag+2CdiagonalMatrix-method.html	0	2022-03-10 09:43:16	GO
/media/saji/5E06441D0643F5152/phase_4/app_windows/NeuropeptideApp_wini38632/R/library/Matrix/help/diagonalMatrix-class.html	diagonalMatrix-class.html	0	2022-03-10 09:43:16	GO
/media/saji/5E06441D0643F5152/phase_4/app_windows/NeuropeptideApp_wini38632/R/library/Matrix/html/diagonalMatrix-class.html	diagonalMatrix-class.html	0.006	2022-03-10 09:43:16	GO
/media/saji/5E06441D0643F5152/phase_4/old_14.09/results/common/augustus_config/species/eremothecium_gossypii/eremothecium_gossypii_exon_probs.pbl	eremothecium_gossypii_exon_probs.pbl	0.313	2025-08-21 00:50:18.332095	GO
/media/saji/5E06441D0643F5152/phase_4/old_14.09/results/common/augustus_config/species/eremothecium_gossypii/eremothecium_gossypii_igenic_probs.pbl	eremothecium_gossypii_igenic_probs.pbl	0.044	2025-08-21 00:50:18.332095	GO
/media/saji/5E06441D0643F5152/phase_4/old_14.09/results/common/augustus_config/species/eremothecium_gossypii/eremothecium_gossypii_intron_probs.pbl	eremothecium_gossypii_intron_probs.pbl	0.1	2025-08-21 00:50:18.333095	GO
/media/saji/5E06441D0643F5152/phase_4/old_14.09/results/common/augustus_config/species/eremothecium_gossypii/eremothecium_gossypii_metapars.cfg	eremothecium_gossypii_metapars.cfg	0.002	2025-08-21 00:50:18.333095	GO
/media/saji/5E06441D0643F5152/phase_4/old_14.09/results/common/augustus_config/species/eremothecium_gossypii/eremothecium_gossypii_parameters.cfg	eremothecium_gossypii_parameters.cfg	0.007	2025-08-21 00:50:18.333095	GO
/media/saji/5E06441D0643F5152/phase_4/old_14.09/results/common/augustus_config/species/eremothecium_gossypii/eremothecium_gossypii_weightmatrix.txt	eremothecium_gossypii_weightmatrix.txt	0.001	2025-08-21 00:50:18.333095	GO
/media/saji/5E06441D0643F5152/phase_4/app_windows/NeuropeptideApp_wini38632/R/library/nlme/help/ergoStool.html	ergoStool.html	0	2022-03-10 09:43:44	GO
/media/saji/5E06441D0643F5152/phase_4/app_windows/NeuropeptideApp_wini38632/R/library/nlme/html/ergoStool.html	ergoStool.html	0.002	2022-03-10 09:43:44	GO
/media/saji/5E06441D0643F5152/FSF_SIGNAL_STRATIFICATION/results/archive_instability_analysis/instability_categories/focused_instability_categories.tsv	focused_instability_categories.tsv	1.01	2026-06-04 23:51:00.795035	GO
/media/saji/5E06441D0643F5152/phase_4/app_windows/NeuropeptideApp_wini38632/R/library/MASS/help/frequency.polygon.html	frequency.polygon.html	0	2022-03-10 09:41:12	GO
/media/saji/5E06441D0643F5152/phase_4/old_14.09/results/union/04_braker_optionB/run_20250824_032840/braker/rvar_phase4_union/genbank.good.gb	genbank.good.gb	16.912	2025-08-24 04:05:28.895264	GO
/media/saji/5E06441D0643F5152/phase_4/old_14.09/results/union/old/04_braker_optionB_org/final_20250823_181142/braker/braker/rvar_phase4_union/genbank.good.gb	genbank.good.gb	16.912	2025-08-23 18:20:51.117108	GO
/media/saji/5E06441D0643F5152/phase_4/old_14.09/results/union/04_braker_optionB/run_20250824_032840/braker/rvar_phase4_union/genbank.good.gb.test	genbank.good.gb.test	4.252	2025-08-24 04:05:29.004263	GO
/media/saji/5E06441D0643F5152/phase_4/old_14.09/results/union/old/04_braker_optionB_org/final_20250823_181142/braker/braker/rvar_phase4_union/genbank.good.gb.test	genbank.good.gb.test	4.252	2025-08-23 18:20:51.188108	GO
/media/saji/5E06441D0643F5152/phase_4/old_14.09/results/union/04_braker_optionB/run_20250824_032840/braker/rvar_phase4_union/genbank.good.gb.train	genbank.good.gb.train	12.66	2025-08-24 04:05:29.004263	GO
/media/saji/5E06441D0643F5152/phase_4/old_14.09/results/union/old/04_braker_optionB_org/final_20250823_181142/braker/braker/rvar_phase4_union/genbank.good.gb.train	genbank.good.gb.train	12.66	2025-08-23 18:20:51.188108	GO
/media/saji/5E06441D0643F5152/phase_4/old_14.09/results/union/04_braker_optionB/run_20250824_032840/braker/rvar_phase4_union/GeneMark-ET/genemark.f.good.gtf	genemark.f.good.gtf	6.365	2025-08-24 04:05:26.389274	GO
/media/saji/5E06441D0643F5152/phase_4/old_14.09/results/union/old/04_braker_optionB_org/final_20250823_181142/braker/braker/rvar_phase4_union/GeneMark-ET/genemark.f.good.gtf	genemark.f.good.gtf	6.365	2025-08-23 18:20:48.601105	GO
/media/saji/5E06441D0643F5152/phase_4/app_windows/bundle/R/Tcl/lib/tk8.6/demos/goldberg.tcl	goldberg.tcl	0.054	2025-05-26 00:19:40	GO
/media/saji/5E06441D0643F5152/phase_4/app_windows/NeuropeptideApp_win64x64/R/Tcl/lib/tk8.6/demos/goldberg.tcl	goldberg.tcl	0.054	2025-05-26 00:19:40	GO
/media/saji/5E06441D0643F5152/phase_4/app_windows/NeuropeptideApp_wini38632/R/Tcl/bin64/lib/tk8.6/demos/goldberg.tcl	goldberg.tcl	0.054	2022-03-10 09:17:08	GO
/media/saji/5E06441D0643F5152/phase_4/app_windows/NeuropeptideApp_wini38632/R/Tcl/lib/tk8.6/demos/goldberg.tcl	goldberg.tcl	0.054	2022-03-10 09:17:18	GO
/media/saji/5E06441D0643F5152/phase_4/old_14.09/results/union/03_ProtHint/dependencies/spaln_table/gonnet	gonnet	0.002	2025-08-20 15:26:10.264302	GO
/media/saji/5E06441D0643F5152/phase_4/old_14.09/results/union/03_ProtHint/dependencies/spaln_table/gonnet10	gonnet10	0.002	2025-08-20 15:26:10.264302	GO
/media/saji/5E06441D0643F5152/phase_4/old_14.09/results/union/03_ProtHint/dependencies/spaln_table/gor3	gor3	0.005	2025-08-20 15:26:10.264302	GO
/media/saji/5E06441D0643F5152/phase_4/app_windows/NeuropeptideApp_wini38632/R/library/grid/help/grid.polygon.html	grid.polygon.html	0	2022-03-10 09:40:32	GO
/media/saji/5E06441D0643F5152/phase_4/app_windows/NeuropeptideApp_wini38632/R/library/grid/html/grid.polygon.html	grid.polygon.html	0.004	2022-03-10 09:40:32	GO
/media/saji/5E06441D0643F5152/FSF_SIGNAL_STRATIFICATION/results/real_data/figures/instability_category_barplot.png	instability_category_barplot.png	0.038	2026-06-04 23:51:01.10604	GO
/media/saji/5E06441D0643F5152/FSF_SIGNAL_STRATIFICATION/results/archive_instability_analysis/instability_categories/instability_category_summary.tsv	instability_category_summary.tsv	0.001	2026-06-04 23:50:59.642017	GO
/media/saji/5E06441D0643F5152/FSF_SIGNAL_STRATIFICATION/results/archive_instability_analysis/instability_categories/instability_category_table.tsv	instability_category_table.tsv	1.622	2026-06-04 23:50:59.634017	GO
/media/saji/5E06441D0643F5152/phase_4/app_windows/NeuropeptideApp_wini38632/R/library/Matrix/help/is.finite+2CdiagonalMatrix-method.html	is.finite+2CdiagonalMatrix-method.html	0	2022-03-10 09:43:18	GO
/media/saji/5E06441D0643F5152/phase_4/app_windows/NeuropeptideApp_wini38632/R/library/Matrix/help/is.infinite+2CdiagonalMatrix-method.html	is.infinite+2CdiagonalMatrix-method.html	0	2022-03-10 09:43:18	GO
/media/saji/5E06441D0643F5152/phase_4/app_windows/NeuropeptideApp_wini38632/R/library/Matrix/help/isDiagonal+2CCsparseMatrix-method.html	isDiagonal+2CCsparseMatrix-method.html	0	2022-03-10 09:43:18	GO
/media/saji/5E06441D0643F5152/phase_4/app_windows/NeuropeptideApp_wini38632/R/library/Matrix/help/isDiagonal+2CTsparseMatrix-method.html	isDiagonal+2CTsparseMatrix-method.html	0	2022-03-10 09:43:18	GO
/media/saji/5E06441D0643F5152/phase_4/app_windows/NeuropeptideApp_wini38632/R/library/Matrix/help/isDiagonal+2CdenseMatrix-method.html	isDiagonal+2CdenseMatrix-method.html	0	2022-03-10 09:43:18	GO
/media/saji/5E06441D0643F5152/phase_4/app_windows/NeuropeptideApp_wini38632/R/library/Matrix/help/isDiagonal+2CdiagonalMatrix-method.html	isDiagonal+2CdiagonalMatrix-method.html	0	2022-03-10 09:43:18	GO
/media/saji/5E06441D0643F5152/phase_4/app_windows/NeuropeptideApp_wini38632/R/library/Matrix/help/isDiagonal+2Cmatrix-method.html	isDiagonal+2Cmatrix-method.html	0	2022-03-10 09:43:18	GO
/media/saji/5E06441D0643F5152/phase_4/app_windows/NeuropeptideApp_wini38632/R/library/Matrix/help/isDiagonal+2CsparseMatrix-method.html	isDiagonal+2CsparseMatrix-method.html	0	2022-03-10 09:43:18	GO
/media/saji/5E06441D0643F5152/phase_4/app_windows/NeuropeptideApp_wini38632/R/library/Matrix/help/isDiagonal+2CsymmetricMatrix-method.html	isDiagonal+2CsymmetricMatrix-method.html	0	2022-03-10 09:43:18	GO
/media/saji/5E06441D0643F5152/phase_4/app_windows/NeuropeptideApp_wini38632/R/library/Matrix/help/isDiagonal+2CtriangularMatrix-method.html	isDiagonal+2CtriangularMatrix-method.html	0	2022-03-10 09:43:18	GO
/media/saji/5E06441D0643F5152/phase_4/app_windows/NeuropeptideApp_wini38632/R/library/Matrix/help/isDiagonal-methods.html	isDiagonal-methods.html	0	2022-03-10 09:43:18	GO
/media/saji/5E06441D0643F5152/phase_4/app_windows/NeuropeptideApp_wini38632/R/library/Matrix/help/isDiagonal.html	isDiagonal.html	0	2022-03-10 09:43:18	GO
/media/saji/5E06441D0643F5152/phase_4/app_windows/NeuropeptideApp_wini38632/R/library/Matrix/help/isSymmetric+2CdiagonalMatrix-method.html	isSymmetric+2CdiagonalMatrix-method.html	0	2022-03-10 09:43:18	GO
/media/saji/5E06441D0643F5152/phase_4/app_windows/NeuropeptideApp_wini38632/R/library/Matrix/help/isTriangular+2CdiagonalMatrix-method.html	isTriangular+2CdiagonalMatrix-method.html	0	2022-03-10 09:43:18	GO
/media/saji/5E06441D0643F5152/phase_4/app_windows/NeuropeptideApp_wini38632/R/library/Matrix/help/kronecker+2CANY+2CdiagonalMatrix-method.html	kronecker+2CANY+2CdiagonalMatrix-method.html	0	2022-03-10 09:43:18	GO
/media/saji/5E06441D0643F5152/phase_4/app_windows/NeuropeptideApp_wini38632/R/library/Matrix/help/kronecker+2CMatrix+2CdiagonalMatrix-method.html	kronecker+2CMatrix+2CdiagonalMatrix-method.html	0	2022-03-10 09:43:18	GO
/media/saji/5E06441D0643F5152/phase_4/app_windows/NeuropeptideApp_wini38632/R/library/Matrix/help/kronecker+2CdiagonalMatrix+2CANY-method.html	kronecker+2CdiagonalMatrix+2CANY-method.html	0	2022-03-10 09:43:18	GO
/media/saji/5E06441D0643F5152/phase_4/app_windows/NeuropeptideApp_wini38632/R/library/Matrix/help/kronecker+2CdiagonalMatrix+2CMatrix-method.html	kronecker+2CdiagonalMatrix+2CMatrix-method.html	0	2022-03-10 09:43:18	GO
/media/saji/5E06441D0643F5152/phase_4/app_windows/bundle/tools/tesseract/x64/libgobject-2.0-0.dll	libgobject-2.0-0.dll	0.34	2024-10-19 14:12:28	GO
/media/saji/5E06441D0643F5152/phase_4/app_windows/bundle/tools/tesseract/x64/libpango-1.0-0.dll	libpango-1.0-0.dll	0.392	2024-06-10 09:07:58	GO
/media/saji/5E06441D0643F5152/phase_4/app_windows/bundle/tools/tesseract/x64/libpangocairo-1.0-0.dll	libpangocairo-1.0-0.dll	0.071	2024-06-10 09:07:58	GO
/media/saji/5E06441D0643F5152/phase_4/app_windows/bundle/tools/tesseract/x64/libpangoft2-1.0-0.dll	libpangoft2-1.0-0.dll	0.098	2024-06-10 09:07:58	GO
/media/saji/5E06441D0643F5152/phase_4/app_windows/bundle/tools/tesseract/x64/libpangowin32-1.0-0.dll	libpangowin32-1.0-0.dll	0.11	2024-06-10 09:07:58	GO
/media/saji/5E06441D0643F5152/phase_4/app_windows/NeuropeptideApp_wini38632/R/library/Matrix/help/log+2CdiagonalMatrix-method.html	log+2CdiagonalMatrix-method.html	0	2022-03-10 09:43:16	GO
/media/saji/5E06441D0643F5152/phase_4/app_windows/bundle/R/Tcl/lib/tk8.6/images/logo.eps	logo.eps	0.031	2025-05-26 00:19:40	GO
/media/saji/5E06441D0643F5152/phase_4/app_windows/NeuropeptideApp_win64x64/R/Tcl/lib/tk8.6/images/logo.eps	logo.eps	0.031	2025-05-26 00:19:40	GO
/media/saji/5E06441D0643F5152/phase_4/app_windows/NeuropeptideApp_wini38632/R/Tcl/bin64/lib/tk8.6/images/logo.eps	logo.eps	0.031	2022-03-10 09:17:08	GO
/media/saji/5E06441D0643F5152/phase_4/app_windows/NeuropeptideApp_wini38632/R/Tcl/lib/tk8.6/images/logo.eps	logo.eps	0.031	2022-03-10 09:17:18	GO
/media/saji/5E06441D0643F5152/phase_4/app_windows/bundle/R/doc/html/logo.jpg	logo.jpg	0.015	2025-06-13 12:06:34	GO
/media/saji/5E06441D0643F5152/phase_4/app_windows/NeuropeptideApp_win64x64/R/doc/html/logo.jpg	logo.jpg	0.015	2025-06-13 12:06:34	GO
/media/saji/5E06441D0643F5152/phase_4/app_windows/NeuropeptideApp_wini38632/R/doc/html/logo.jpg	logo.jpg	0.015	2022-03-10 09:49:22	GO
/media/saji/5E06441D0643F5152/phase_4/app_windows/bundle/R/library/survival/help/figures/logo.png	logo.png	0.042	2025-06-13 11:57:52	GO
/media/saji/5E06441D0643F5152/phase_4/app_windows/NeuropeptideApp_win64x64/R/library/survival/help/figures/logo.png	logo.png	0.042	2025-06-13 11:57:52	GO
/media/saji/5E06441D0643F5152/phase_4/app_windows/NeuropeptideApp_wini38632/R/library/survival/help/figures/logo.png	logo.png	0.042	2022-03-10 09:44:32	GO
/media/saji/5E06441D0643F5152/phase_4/app_windows/bundle/R/Tcl/lib/tk8.6/images/logo100.gif	logo100.gif	0.002	2025-05-26 00:19:40	GO
/media/saji/5E06441D0643F5152/phase_4/app_windows/NeuropeptideApp_win64x64/R/Tcl/lib/tk8.6/images/logo100.gif	logo100.gif	0.002	2025-05-26 00:19:40	GO
/media/saji/5E06441D0643F5152/phase_4/app_windows/NeuropeptideApp_wini38632/R/Tcl/bin64/lib/tk8.6/images/logo100.gif	logo100.gif	0.002	2022-03-10 09:17:08	GO
/media/saji/5E06441D0643F5152/phase_4/app_windows/NeuropeptideApp_wini38632/R/Tcl/lib/tk8.6/images/logo100.gif	logo100.gif	0.002	2022-03-10 09:17:18	GO
/media/saji/5E06441D0643F5152/phase_4/app_windows/bundle/R/Tcl/lib/tk8.6/images/logo64.gif	logo64.gif	0.002	2025-05-26 00:19:40	GO
/media/saji/5E06441D0643F5152/phase_4/app_windows/NeuropeptideApp_win64x64/R/Tcl/lib/tk8.6/images/logo64.gif	logo64.gif	0.002	2025-05-26 00:19:40	GO
/media/saji/5E06441D0643F5152/phase_4/app_windows/NeuropeptideApp_wini38632/R/Tcl/bin64/lib/tk8.6/images/logo64.gif	logo64.gif	0.002	2022-03-10 09:17:08	GO
/media/saji/5E06441D0643F5152/phase_4/app_windows/NeuropeptideApp_wini38632/R/Tcl/lib/tk8.6/images/logo64.gif	logo64.gif	0.002	2022-03-10 09:17:18	GO
/media/saji/5E06441D0643F5152/phase_4/app_windows/bundle/R/Tcl/lib/tk8.6/images/logoLarge.gif	logoLarge.gif	0.01	2025-05-26 00:19:40	GO
/media/saji/5E06441D0643F5152/phase_4/app_windows/NeuropeptideApp_win64x64/R/Tcl/lib/tk8.6/images/logoLarge.gif	logoLarge.gif	0.01	2025-05-26 00:19:40	GO
/media/saji/5E06441D0643F5152/phase_4/app_windows/NeuropeptideApp_wini38632/R/Tcl/bin64/lib/tk8.6/images/logoLarge.gif	logoLarge.gif	0.01	2022-03-10 09:17:08	GO
/media/saji/5E06441D0643F5152/phase_4/app_windows/NeuropeptideApp_wini38632/R/Tcl/lib/tk8.6/images/logoLarge.gif	logoLarge.gif	0.01	2022-03-10 09:17:18	GO
/media/saji/5E06441D0643F5152/phase_4/app_windows/bundle/R/Tcl/lib/tk8.6/images/logoMed.gif	logoMed.gif	0.004	2025-05-26 00:19:40	GO
/media/saji/5E06441D0643F5152/phase_4/app_windows/NeuropeptideApp_win64x64/R/Tcl/lib/tk8.6/images/logoMed.gif	logoMed.gif	0.004	2025-05-26 00:19:40	GO
/media/saji/5E06441D0643F5152/phase_4/app_windows/NeuropeptideApp_wini38632/R/Tcl/bin64/lib/tk8.6/images/logoMed.gif	logoMed.gif	0.004	2022-03-10 09:17:08	GO
/media/saji/5E06441D0643F5152/phase_4/app_windows/NeuropeptideApp_wini38632/R/Tcl/lib/tk8.6/images/logoMed.gif	logoMed.gif	0.004	2022-03-10 09:17:18	GO
/media/saji/5E06441D0643F5152/phase_4/app_windows/NeuropeptideApp_wini38632/R/library/lattice/help/lpolygon.html	lpolygon.html	0	2022-03-10 09:41:28	GO
/media/saji/5E06441D0643F5152/phase_4/app_windows/NeuropeptideApp_wini38632/R/library/Matrix/help/nnzero+2CdiagonalMatrix-method.html	nnzero+2CdiagonalMatrix-method.html	0	2022-03-10 09:43:18	GO
/media/saji/5E06441D0643F5152/phase_4/app_windows/NeuropeptideApp_wini38632/R/library/Matrix/help/norm+2CdiagonalMatrix+2Ccharacter-method.html	norm+2CdiagonalMatrix+2Ccharacter-method.html	0	2022-03-10 09:43:16	GO
/media/saji/5E06441D0643F5152/phase_4/app_windows/NeuropeptideApp_wini38632/R/library/mgcv/help/ordered.categorical.html	ordered.categorical.html	0	2022-03-10 09:46:14	GO
/media/saji/5E06441D0643F5152/phase_4/app_windows/NeuropeptideApp_wini38632/R/library/lattice/help/panel.polygon.html	panel.polygon.html	0	2022-03-10 09:41:28	GO
/media/saji/5E06441D0643F5152/phase_4/app_windows/NeuropeptideApp_wini38632/R/library/graphics/help/polygon.html	polygon.html	0	2022-03-10 09:40:18	GO
/media/saji/5E06441D0643F5152/phase_4/app_windows/NeuropeptideApp_wini38632/R/library/graphics/html/polygon.html	polygon.html	0.007	2022-03-10 09:40:18	GO
/media/saji/5E06441D0643F5152/phase_4/app_windows/NeuropeptideApp_wini38632/R/library/grid/help/polygonGrob.html	polygonGrob.html	0	2022-03-10 09:40:32	GO
/media/saji/5E06441D0643F5152/phase_4/app_windows/NeuropeptideApp_wini38632/R/library/Matrix/help/print+2CdiagonalMatrix-method.html	print+2CdiagonalMatrix-method.html	0	2022-03-10 09:43:16	GO
/media/saji/5E06441D0643F5152/phase_4/app_windows/bundle/R/Tcl/lib/tk8.6/images/pwrdLogo.eps	pwrdLogo.eps	0.027	2025-05-26 00:19:40	GO
/media/saji/5E06441D0643F5152/phase_4/app_windows/NeuropeptideApp_win64x64/R/Tcl/lib/tk8.6/images/pwrdLogo.eps	pwrdLogo.eps	0.027	2025-05-26 00:19:40	GO
/media/saji/5E06441D0643F5152/phase_4/app_windows/NeuropeptideApp_wini38632/R/Tcl/bin64/lib/tk8.6/images/pwrdLogo.eps	pwrdLogo.eps	0.027	2022-03-10 09:17:08	GO
/media/saji/5E06441D0643F5152/phase_4/app_windows/NeuropeptideApp_wini38632/R/Tcl/lib/tk8.6/images/pwrdLogo.eps	pwrdLogo.eps	0.027	2022-03-10 09:17:18	GO
/media/saji/5E06441D0643F5152/phase_4/app_windows/bundle/R/Tcl/lib/tk8.6/images/pwrdLogo100.gif	pwrdLogo100.gif	0.002	2025-05-26 00:19:40	GO
/media/saji/5E06441D0643F5152/phase_4/app_windows/NeuropeptideApp_win64x64/R/Tcl/lib/tk8.6/images/pwrdLogo100.gif	pwrdLogo100.gif	0.002	2025-05-26 00:19:40	GO
/media/saji/5E06441D0643F5152/phase_4/app_windows/NeuropeptideApp_wini38632/R/Tcl/bin64/lib/tk8.6/images/pwrdLogo100.gif	pwrdLogo100.gif	0.002	2022-03-10 09:17:08	GO
/media/saji/5E06441D0643F5152/phase_4/app_windows/NeuropeptideApp_wini38632/R/Tcl/lib/tk8.6/images/pwrdLogo100.gif	pwrdLogo100.gif	0.002	2022-03-10 09:17:18	GO
/media/saji/5E06441D0643F5152/phase_4/app_windows/bundle/R/Tcl/lib/tk8.6/images/pwrdLogo150.gif	pwrdLogo150.gif	0.002	2025-05-26 00:19:40	GO
/media/saji/5E06441D0643F5152/phase_4/app_windows/NeuropeptideApp_win64x64/R/Tcl/lib/tk8.6/images/pwrdLogo150.gif	pwrdLogo150.gif	0.002	2025-05-26 00:19:40	GO
/media/saji/5E06441D0643F5152/phase_4/app_windows/NeuropeptideApp_wini38632/R/Tcl/bin64/lib/tk8.6/images/pwrdLogo150.gif	pwrdLogo150.gif	0.002	2022-03-10 09:17:08	GO
/media/saji/5E06441D0643F5152/phase_4/app_windows/NeuropeptideApp_wini38632/R/Tcl/lib/tk8.6/images/pwrdLogo150.gif	pwrdLogo150.gif	0.002	2022-03-10 09:17:18	GO
/media/saji/5E06441D0643F5152/phase_4/app_windows/bundle/R/Tcl/lib/tk8.6/images/pwrdLogo175.gif	pwrdLogo175.gif	0.003	2025-05-26 00:19:40	GO
/media/saji/5E06441D0643F5152/phase_4/app_windows/NeuropeptideApp_win64x64/R/Tcl/lib/tk8.6/images/pwrdLogo175.gif	pwrdLogo175.gif	0.003	2025-05-26 00:19:40	GO
/media/saji/5E06441D0643F5152/phase_4/app_windows/NeuropeptideApp_wini38632/R/Tcl/bin64/lib/tk8.6/images/pwrdLogo175.gif	pwrdLogo175.gif	0.003	2022-03-10 09:17:08	GO
/media/saji/5E06441D0643F5152/phase_4/app_windows/NeuropeptideApp_wini38632/R/Tcl/lib/tk8.6/images/pwrdLogo175.gif	pwrdLogo175.gif	0.003	2022-03-10 09:17:18	GO
/media/saji/5E06441D0643F5152/phase_4/app_windows/bundle/R/Tcl/lib/tk8.6/images/pwrdLogo200.gif	pwrdLogo200.gif	0.003	2025-05-26 00:19:40	GO
/media/saji/5E06441D0643F5152/phase_4/app_windows/NeuropeptideApp_win64x64/R/Tcl/lib/tk8.6/images/pwrdLogo200.gif	pwrdLogo200.gif	0.003	2025-05-26 00:19:40	GO
/media/saji/5E06441D0643F5152/phase_4/app_windows/NeuropeptideApp_wini38632/R/Tcl/bin64/lib/tk8.6/images/pwrdLogo200.gif	pwrdLogo200.gif	0.003	2022-03-10 09:17:08	GO
/media/saji/5E06441D0643F5152/phase_4/app_windows/NeuropeptideApp_wini38632/R/Tcl/lib/tk8.6/images/pwrdLogo200.gif	pwrdLogo200.gif	0.003	2022-03-10 09:17:18	GO
/media/saji/5E06441D0643F5152/phase_4/app_windows/bundle/R/Tcl/lib/tk8.6/images/pwrdLogo75.gif	pwrdLogo75.gif	0.001	2025-05-26 00:19:40	GO
/media/saji/5E06441D0643F5152/phase_4/app_windows/NeuropeptideApp_win64x64/R/Tcl/lib/tk8.6/images/pwrdLogo75.gif	pwrdLogo75.gif	0.001	2025-05-26 00:19:40	GO
/media/saji/5E06441D0643F5152/phase_4/app_windows/NeuropeptideApp_wini38632/R/Tcl/bin64/lib/tk8.6/images/pwrdLogo75.gif	pwrdLogo75.gif	0.001	2022-03-10 09:17:08	GO
/media/saji/5E06441D0643F5152/phase_4/app_windows/NeuropeptideApp_wini38632/R/Tcl/lib/tk8.6/images/pwrdLogo75.gif	pwrdLogo75.gif	0.001	2022-03-10 09:17:18	GO
/media/saji/5E06441D0643F5152/phase_4/app_windows/NeuropeptideApp_wini38632/R/library/Matrix/help/rbind2+2CdiagonalMatrix+2CsparseMatrix-method.html	rbind2+2CdiagonalMatrix+2CsparseMatrix-method.html	0	2022-03-10 09:43:16	GO
/media/saji/5E06441D0643F5152/phase_4/app_windows/NeuropeptideApp_wini38632/R/library/Matrix/help/rbind2+2CsparseMatrix+2CdiagonalMatrix-method.html	rbind2+2CsparseMatrix+2CdiagonalMatrix-method.html	0	2022-03-10 09:43:16	GO
/media/saji/5E06441D0643F5152/phase_4/app_windows/NeuropeptideApp_wini38632/R/library/Matrix/help/rowMeans+2CdiagonalMatrix-method.html	rowMeans+2CdiagonalMatrix-method.html	0	2022-03-10 09:43:14	GO
/media/saji/5E06441D0643F5152/phase_4/app_windows/NeuropeptideApp_wini38632/R/library/Matrix/help/rowSums+2CdiagonalMatrix-method.html	rowSums+2CdiagonalMatrix-method.html	0	2022-03-10 09:43:14	GO
/media/saji/5E06441D0643F5152/phase_1/transdocer_diamond_pfam/transdocer_predict/desiccation/desiccation_trinity_out.Trinity.fasta.transdecoder_dir/start_refinement_1756825577_checkpoints/seqlogo.+.ok	seqlogo.+.ok	0	2025-09-02 17:06:38.858172	GO
/media/saji/5E06441D0643F5152/phase_1/transdocer_diamond_pfam/transdocer_predict/gamma/gamma_merged.Trinity.fasta.transdecoder_dir/start_refinement_1756706062_checkpoints/seqlogo.+.ok	seqlogo.+.ok	0	2025-09-01 07:54:41.053919	GO
/media/saji/5E06441D0643F5152/phase_1/transdocer_diamond_pfam/transdocer_predict/ht/ht_trinity_out.Trinity.fasta.transdecoder_dir/start_refinement_1756895686_checkpoints/seqlogo.+.ok	seqlogo.+.ok	0	2025-09-03 12:35:09.674464	GO
/media/saji/5E06441D0643F5152/phase_1/transdocer_diamond_pfam/transdocer_predict/lt/lt_trinity_out.Trinity.fasta.transdecoder_dir/start_refinement_1756783642_checkpoints/seqlogo.+.ok	seqlogo.+.ok	0	2025-09-02 05:27:44.286672	GO
/media/saji/5E06441D0643F5152/phase_1/transdocer_diamond_pfam/transdocer_predict/osmotic/osmotic_trinity_out.Trinity.fasta.transdecoder_dir/start_refinement_1756855137_checkpoints/seqlogo.+.ok	seqlogo.+.ok	0	2025-09-03 01:19:18.56409	GO
/media/saji/5E06441D0643F5152/phase_1/transdocer_diamond_pfam/transdocer_predict/uv/uv_merged.Trinity.fasta.transdecoder_dir/start_refinement_1756742735_checkpoints/seqlogo.+.ok	seqlogo.+.ok	0	2025-09-01 18:05:54.808694	GO
/media/saji/5E06441D0643F5152/phase_4/old_14.09/old/proteins/Cluster_1_condition_desiccation_allTranscripts/Cluster_1_condition_desiccation_allTranscripts.fasta.transdecoder_dir/start_refinement_1755283927_checkpoints/seqlogo.+.ok	seqlogo.+.ok	0	2025-08-15 20:52:14.447486	GO
/media/saji/5E06441D0643F5152/phase_4/old_14.09/old/proteins/Cluster_1_condition_gamma_allTranscripts/Cluster_1_condition_gamma_allTranscripts.fasta.transdecoder_dir/start_refinement_1755283943_checkpoints/seqlogo.+.ok	seqlogo.+.ok	0	2025-08-15 20:52:35.708748	GO
/media/saji/5E06441D0643F5152/phase_4/old_14.09/old/proteins/Cluster_2_condition_ht_allTranscripts/Cluster_2_condition_ht_allTranscripts.fasta.transdecoder_dir/start_refinement_1755283968_checkpoints/seqlogo.+.ok	seqlogo.+.ok	0	2025-08-15 20:52:54.106108	GO
/media/saji/5E06441D0643F5152/phase_4/old_14.09/old/proteins/Cluster_2_condition_lt_allTranscripts/Cluster_2_condition_lt_allTranscripts.fasta.transdecoder_dir/start_refinement_1755283980_checkpoints/seqlogo.+.ok	seqlogo.+.ok	0	2025-08-15 20:53:04.786736	GO
/media/saji/5E06441D0643F5152/phase_4/old_14.09/old/proteins/Cluster_2_condition_osmotic_allTranscripts/Cluster_2_condition_osmotic_allTranscripts.fasta.transdecoder_dir/start_refinement_1755283990_checkpoints/seqlogo.+.ok	seqlogo.+.ok	0	2025-08-15 20:53:15.182473	GO
/media/saji/5E06441D0643F5152/phase_4/old_14.09/old/proteins/Cluster_3_condition_uv_allTranscripts/Cluster_3_condition_uv_allTranscripts.fasta.transdecoder_dir/start_refinement_1755284002_checkpoints/seqlogo.+.ok	seqlogo.+.ok	0	2025-08-15 20:53:35.242311	GO
/media/saji/5E06441D0643F5152/phase_1/transdocer_diamond_pfam/transdocer_predict/desiccation/desiccation_trinity_out.Trinity.fasta.transdecoder_dir/start_refinement_1756825577_checkpoints/seqlogo.-.ok	seqlogo.-.ok	0	2025-09-02 17:06:39.15417	GO
/media/saji/5E06441D0643F5152/phase_1/transdocer_diamond_pfam/transdocer_predict/gamma/gamma_merged.Trinity.fasta.transdecoder_dir/start_refinement_1756706062_checkpoints/seqlogo.-.ok	seqlogo.-.ok	0	2025-09-01 07:54:41.342918	GO
/media/saji/5E06441D0643F5152/phase_1/transdocer_diamond_pfam/transdocer_predict/ht/ht_trinity_out.Trinity.fasta.transdecoder_dir/start_refinement_1756895686_checkpoints/seqlogo.-.ok	seqlogo.-.ok	0	2025-09-03 12:35:09.981462	GO
/media/saji/5E06441D0643F5152/phase_1/transdocer_diamond_pfam/transdocer_predict/lt/lt_trinity_out.Trinity.fasta.transdecoder_dir/start_refinement_1756783642_checkpoints/seqlogo.-.ok	seqlogo.-.ok	0	2025-09-02 05:27:44.607671	GO
/media/saji/5E06441D0643F5152/phase_1/transdocer_diamond_pfam/transdocer_predict/osmotic/osmotic_trinity_out.Trinity.fasta.transdecoder_dir/start_refinement_1756855137_checkpoints/seqlogo.-.ok	seqlogo.-.ok	0	2025-09-03 01:19:18.892088	GO
/media/saji/5E06441D0643F5152/phase_1/transdocer_diamond_pfam/transdocer_predict/uv/uv_merged.Trinity.fasta.transdecoder_dir/start_refinement_1756742735_checkpoints/seqlogo.-.ok	seqlogo.-.ok	0	2025-09-01 18:05:55.106694	GO
/media/saji/5E06441D0643F5152/phase_4/old_14.09/old/proteins/Cluster_1_condition_desiccation_allTranscripts/Cluster_1_condition_desiccation_allTranscripts.fasta.transdecoder_dir/start_refinement_1755283927_checkpoints/seqlogo.-.ok	seqlogo.-.ok	0	2025-08-15 20:52:14.661478	GO
/media/saji/5E06441D0643F5152/phase_4/old_14.09/old/proteins/Cluster_1_condition_gamma_allTranscripts/Cluster_1_condition_gamma_allTranscripts.fasta.transdecoder_dir/start_refinement_1755283943_checkpoints/seqlogo.-.ok	seqlogo.-.ok	0	2025-08-15 20:52:35.921741	GO
/media/saji/5E06441D0643F5152/phase_4/old_14.09/old/proteins/Cluster_2_condition_ht_allTranscripts/Cluster_2_condition_ht_allTranscripts.fasta.transdecoder_dir/start_refinement_1755283968_checkpoints/seqlogo.-.ok	seqlogo.-.ok	0	2025-08-15 20:52:54.3221	GO
/media/saji/5E06441D0643F5152/phase_4/old_14.09/old/proteins/Cluster_2_condition_lt_allTranscripts/Cluster_2_condition_lt_allTranscripts.fasta.transdecoder_dir/start_refinement_1755283980_checkpoints/seqlogo.-.ok	seqlogo.-.ok	0	2025-08-15 20:53:05.016728	GO
/media/saji/5E06441D0643F5152/phase_4/old_14.09/old/proteins/Cluster_2_condition_osmotic_allTranscripts/Cluster_2_condition_osmotic_allTranscripts.fasta.transdecoder_dir/start_refinement_1755283990_checkpoints/seqlogo.-.ok	seqlogo.-.ok	0	2025-08-15 20:53:15.421586	GO
/media/saji/5E06441D0643F5152/phase_4/old_14.09/old/proteins/Cluster_3_condition_uv_allTranscripts/Cluster_3_condition_uv_allTranscripts.fasta.transdecoder_dir/start_refinement_1755284002_checkpoints/seqlogo.-.ok	seqlogo.-.ok	0	2025-08-15 20:53:35.467403	GO
/media/saji/5E06441D0643F5152/phase_1/transdocer_diamond_pfam/transdocer_predict/desiccation/desiccation_trinity_out.Trinity.fasta.transdecoder_dir/start_refinement_1756825577_checkpoints/seqlogo.enhanced.+.ok	seqlogo.enhanced.+.ok	0	2025-09-02 17:06:53.768076	GO
/media/saji/5E06441D0643F5152/phase_1/transdocer_diamond_pfam/transdocer_predict/gamma/gamma_merged.Trinity.fasta.transdecoder_dir/start_refinement_1756706062_checkpoints/seqlogo.enhanced.+.ok	seqlogo.enhanced.+.ok	0	2025-09-01 07:54:54.914862	GO
/media/saji/5E06441D0643F5152/phase_1/transdocer_diamond_pfam/transdocer_predict/ht/ht_trinity_out.Trinity.fasta.transdecoder_dir/start_refinement_1756895686_checkpoints/seqlogo.enhanced.+.ok	seqlogo.enhanced.+.ok	0	2025-09-03 12:35:25.050326	GO
/media/saji/5E06441D0643F5152/phase_1/transdocer_diamond_pfam/transdocer_predict/lt/lt_trinity_out.Trinity.fasta.transdecoder_dir/start_refinement_1756783642_checkpoints/seqlogo.enhanced.+.ok	seqlogo.enhanced.+.ok	0	2025-09-02 05:27:59.484603	GO
/media/saji/5E06441D0643F5152/phase_1/transdocer_diamond_pfam/transdocer_predict/osmotic/osmotic_trinity_out.Trinity.fasta.transdecoder_dir/start_refinement_1756855137_checkpoints/seqlogo.enhanced.+.ok	seqlogo.enhanced.+.ok	0	2025-09-03 01:19:33.938004	GO
/media/saji/5E06441D0643F5152/phase_1/transdocer_diamond_pfam/transdocer_predict/uv/uv_merged.Trinity.fasta.transdecoder_dir/start_refinement_1756742735_checkpoints/seqlogo.enhanced.+.ok	seqlogo.enhanced.+.ok	0	2025-09-01 18:06:08.602665	GO
/media/saji/5E06441D0643F5152/phase_4/old_14.09/old/proteins/Cluster_1_condition_desiccation_allTranscripts/Cluster_1_condition_desiccation_allTranscripts.fasta.transdecoder_dir/start_refinement_1755283927_checkpoints/seqlogo.enhanced.+.ok	seqlogo.enhanced.+.ok	0	2025-08-15 20:52:21.54424	GO
/media/saji/5E06441D0643F5152/phase_4/old_14.09/old/proteins/Cluster_1_condition_gamma_allTranscripts/Cluster_1_condition_gamma_allTranscripts.fasta.transdecoder_dir/start_refinement_1755283943_checkpoints/seqlogo.enhanced.+.ok	seqlogo.enhanced.+.ok	0	2025-08-15 20:52:48.064318	GO
/media/saji/5E06441D0643F5152/phase_4/old_14.09/old/proteins/Cluster_2_condition_ht_allTranscripts/Cluster_2_condition_ht_allTranscripts.fasta.transdecoder_dir/start_refinement_1755283968_checkpoints/seqlogo.enhanced.+.ok	seqlogo.enhanced.+.ok	0	2025-08-15 20:52:59.661915	GO
/media/saji/5E06441D0643F5152/phase_4/old_14.09/old/proteins/Cluster_2_condition_lt_allTranscripts/Cluster_2_condition_lt_allTranscripts.fasta.transdecoder_dir/start_refinement_1755283980_checkpoints/seqlogo.enhanced.+.ok	seqlogo.enhanced.+.ok	0	2025-08-15 20:53:09.430574	GO
/media/saji/5E06441D0643F5152/phase_4/old_14.09/old/proteins/Cluster_2_condition_osmotic_allTranscripts/Cluster_2_condition_osmotic_allTranscripts.fasta.transdecoder_dir/start_refinement_1755283990_checkpoints/seqlogo.enhanced.+.ok	seqlogo.enhanced.+.ok	0	2025-08-15 20:53:20.306858	GO
/media/saji/5E06441D0643F5152/phase_4/old_14.09/old/proteins/Cluster_3_condition_uv_allTranscripts/Cluster_3_condition_uv_allTranscripts.fasta.transdecoder_dir/start_refinement_1755284002_checkpoints/seqlogo.enhanced.+.ok	seqlogo.enhanced.+.ok	0	2025-08-15 20:53:47.997366	GO
/media/saji/5E06441D0643F5152/phase_4/app_windows/NeuropeptideApp_wini38632/R/library/Matrix/help/show+2CdiagonalMatrix-method.html	show+2CdiagonalMatrix-method.html	0	2022-03-10 09:43:16	GO
/media/saji/5E06441D0643F5152/phase_4/app_windows/NeuropeptideApp_wini38632/R/library/Matrix/help/skewpart+2CdiagonalMatrix-method.html	skewpart+2CdiagonalMatrix-method.html	0	2022-03-10 09:43:20	GO
/media/saji/5E06441D0643F5152/phase_4/app_windows/NeuropeptideApp_wini38632/R/library/Matrix/help/solve+2CCHMfactor+2CdiagonalMatrix-method.html	solve+2CCHMfactor+2CdiagonalMatrix-method.html	0	2022-03-10 09:43:20	GO
/media/saji/5E06441D0643F5152/phase_4/app_windows/NeuropeptideApp_wini38632/R/library/Matrix/help/solve+2CMatrix+2CdiagonalMatrix-method.html	solve+2CMatrix+2CdiagonalMatrix-method.html	0	2022-03-10 09:43:20	GO
/media/saji/5E06441D0643F5152/phase_4/app_windows/NeuropeptideApp_wini38632/R/library/Matrix/help/solve+2CdiagonalMatrix+2Cmatrix-method.html	solve+2CdiagonalMatrix+2Cmatrix-method.html	0	2022-03-10 09:43:20	GO
/media/saji/5E06441D0643F5152/phase_4/app_windows/NeuropeptideApp_wini38632/R/library/Matrix/help/solve+2CdiagonalMatrix+2Cmissing-method.html	solve+2CdiagonalMatrix+2Cmissing-method.html	0	2022-03-10 09:43:20	GO
/media/saji/5E06441D0643F5152/phase_1/transdocer_diamond_pfam/transdocer_predict/desiccation/desiccation_trinity_out.Trinity.fasta.transdecoder_dir/start_refinement.+.pwm.seqLogo.pdf	start_refinement.+.pwm.seqLogo.pdf	0.151	2025-09-02 17:06:38.846172	GO
/media/saji/5E06441D0643F5152/phase_1/transdocer_diamond_pfam/transdocer_predict/gamma/gamma_merged.Trinity.fasta.transdecoder_dir/start_refinement.+.pwm.seqLogo.pdf	start_refinement.+.pwm.seqLogo.pdf	0.162	2025-09-01 07:54:41.043919	GO
/media/saji/5E06441D0643F5152/phase_1/transdocer_diamond_pfam/transdocer_predict/ht/ht_trinity_out.Trinity.fasta.transdecoder_dir/start_refinement.+.pwm.seqLogo.pdf	start_refinement.+.pwm.seqLogo.pdf	0.152	2025-09-03 12:35:09.663465	GO
/media/saji/5E06441D0643F5152/phase_1/transdocer_diamond_pfam/transdocer_predict/lt/lt_trinity_out.Trinity.fasta.transdecoder_dir/start_refinement.+.pwm.seqLogo.pdf	start_refinement.+.pwm.seqLogo.pdf	0.154	2025-09-02 05:27:44.277672	GO
/media/saji/5E06441D0643F5152/phase_1/transdocer_diamond_pfam/transdocer_predict/osmotic/osmotic_trinity_out.Trinity.fasta.transdecoder_dir/start_refinement.+.pwm.seqLogo.pdf	start_refinement.+.pwm.seqLogo.pdf	0.155	2025-09-03 01:19:18.553091	GO
/media/saji/5E06441D0643F5152/phase_1/transdocer_diamond_pfam/transdocer_predict/uv/uv_merged.Trinity.fasta.transdecoder_dir/start_refinement.+.pwm.seqLogo.pdf	start_refinement.+.pwm.seqLogo.pdf	0.164	2025-09-01 18:05:54.795694	GO
/media/saji/5E06441D0643F5152/phase_4/old_14.09/old/proteins/Cluster_1_condition_desiccation_allTranscripts/Cluster_1_condition_desiccation_allTranscripts.fasta.transdecoder_dir/start_refinement.+.pwm.seqLogo.pdf	start_refinement.+.pwm.seqLogo.pdf	0.181	2025-08-15 20:52:14.441486	GO
/media/saji/5E06441D0643F5152/phase_4/old_14.09/old/proteins/Cluster_1_condition_gamma_allTranscripts/Cluster_1_condition_gamma_allTranscripts.fasta.transdecoder_dir/start_refinement.+.pwm.seqLogo.pdf	start_refinement.+.pwm.seqLogo.pdf	0.154	2025-08-15 20:52:35.701748	GO
/media/saji/5E06441D0643F5152/phase_4/old_14.09/old/proteins/Cluster_2_condition_ht_allTranscripts/Cluster_2_condition_ht_allTranscripts.fasta.transdecoder_dir/start_refinement.+.pwm.seqLogo.pdf	start_refinement.+.pwm.seqLogo.pdf	0.193	2025-08-15 20:52:54.100108	GO
/media/saji/5E06441D0643F5152/phase_4/old_14.09/old/proteins/Cluster_2_condition_lt_allTranscripts/Cluster_2_condition_lt_allTranscripts.fasta.transdecoder_dir/start_refinement.+.pwm.seqLogo.pdf	start_refinement.+.pwm.seqLogo.pdf	0.201	2025-08-15 20:53:04.779736	GO
/media/saji/5E06441D0643F5152/phase_4/old_14.09/old/proteins/Cluster_2_condition_osmotic_allTranscripts/Cluster_2_condition_osmotic_allTranscripts.fasta.transdecoder_dir/start_refinement.+.pwm.seqLogo.pdf	start_refinement.+.pwm.seqLogo.pdf	0.189	2025-08-15 20:53:15.175469	GO
/media/saji/5E06441D0643F5152/phase_4/old_14.09/old/proteins/Cluster_3_condition_uv_allTranscripts/Cluster_3_condition_uv_allTranscripts.fasta.transdecoder_dir/start_refinement.+.pwm.seqLogo.pdf	start_refinement.+.pwm.seqLogo.pdf	0.153	2025-08-15 20:53:35.235308	GO
/media/saji/5E06441D0643F5152/phase_1/transdocer_diamond_pfam/transdocer_predict/desiccation/desiccation_trinity_out.Trinity.fasta.transdecoder_dir/start_refinement.-.pwm.seqLogo.pdf	start_refinement.-.pwm.seqLogo.pdf	0.134	2025-09-02 17:06:39.14217	GO
/media/saji/5E06441D0643F5152/phase_1/transdocer_diamond_pfam/transdocer_predict/gamma/gamma_merged.Trinity.fasta.transdecoder_dir/start_refinement.-.pwm.seqLogo.pdf	start_refinement.-.pwm.seqLogo.pdf	0.139	2025-09-01 07:54:41.333918	GO
/media/saji/5E06441D0643F5152/phase_1/transdocer_diamond_pfam/transdocer_predict/ht/ht_trinity_out.Trinity.fasta.transdecoder_dir/start_refinement.-.pwm.seqLogo.pdf	start_refinement.-.pwm.seqLogo.pdf	0.133	2025-09-03 12:35:09.972462	GO
/media/saji/5E06441D0643F5152/phase_1/transdocer_diamond_pfam/transdocer_predict/lt/lt_trinity_out.Trinity.fasta.transdecoder_dir/start_refinement.-.pwm.seqLogo.pdf	start_refinement.-.pwm.seqLogo.pdf	0.133	2025-09-02 05:27:44.598671	GO
/media/saji/5E06441D0643F5152/phase_1/transdocer_diamond_pfam/transdocer_predict/osmotic/osmotic_trinity_out.Trinity.fasta.transdecoder_dir/start_refinement.-.pwm.seqLogo.pdf	start_refinement.-.pwm.seqLogo.pdf	0.134	2025-09-03 01:19:18.881088	GO
/media/saji/5E06441D0643F5152/phase_1/transdocer_diamond_pfam/transdocer_predict/uv/uv_merged.Trinity.fasta.transdecoder_dir/start_refinement.-.pwm.seqLogo.pdf	start_refinement.-.pwm.seqLogo.pdf	0.141	2025-09-01 18:05:55.096694	GO
/media/saji/5E06441D0643F5152/phase_4/old_14.09/old/proteins/Cluster_1_condition_desiccation_allTranscripts/Cluster_1_condition_desiccation_allTranscripts.fasta.transdecoder_dir/start_refinement.-.pwm.seqLogo.pdf	start_refinement.-.pwm.seqLogo.pdf	0.138	2025-08-15 20:52:14.655478	GO
/media/saji/5E06441D0643F5152/phase_4/old_14.09/old/proteins/Cluster_1_condition_gamma_allTranscripts/Cluster_1_condition_gamma_allTranscripts.fasta.transdecoder_dir/start_refinement.-.pwm.seqLogo.pdf	start_refinement.-.pwm.seqLogo.pdf	0.135	2025-08-15 20:52:35.914741	GO
/media/saji/5E06441D0643F5152/phase_4/old_14.09/old/proteins/Cluster_2_condition_ht_allTranscripts/Cluster_2_condition_ht_allTranscripts.fasta.transdecoder_dir/start_refinement.-.pwm.seqLogo.pdf	start_refinement.-.pwm.seqLogo.pdf	0.138	2025-08-15 20:52:54.316101	GO
/media/saji/5E06441D0643F5152/phase_4/old_14.09/old/proteins/Cluster_2_condition_lt_allTranscripts/Cluster_2_condition_lt_allTranscripts.fasta.transdecoder_dir/start_refinement.-.pwm.seqLogo.pdf	start_refinement.-.pwm.seqLogo.pdf	0.143	2025-08-15 20:53:05.010728	GO
/media/saji/5E06441D0643F5152/phase_4/old_14.09/old/proteins/Cluster_2_condition_osmotic_allTranscripts/Cluster_2_condition_osmotic_allTranscripts.fasta.transdecoder_dir/start_refinement.-.pwm.seqLogo.pdf	start_refinement.-.pwm.seqLogo.pdf	0.137	2025-08-15 20:53:15.413582	GO
/media/saji/5E06441D0643F5152/phase_4/old_14.09/old/proteins/Cluster_3_condition_uv_allTranscripts/Cluster_3_condition_uv_allTranscripts.fasta.transdecoder_dir/start_refinement.-.pwm.seqLogo.pdf	start_refinement.-.pwm.seqLogo.pdf	0.135	2025-08-15 20:53:35.4594	GO
/media/saji/5E06441D0643F5152/phase_1/transdocer_diamond_pfam/transdocer_predict/desiccation/desiccation_trinity_out.Trinity.fasta.transdecoder_dir/start_refinement.enhanced.+.pwm.seqLogo.pdf	start_refinement.enhanced.+.pwm.seqLogo.pdf	0.19	2025-09-02 17:06:53.757077	GO
/media/saji/5E06441D0643F5152/phase_1/transdocer_diamond_pfam/transdocer_predict/gamma/gamma_merged.Trinity.fasta.transdecoder_dir/start_refinement.enhanced.+.pwm.seqLogo.pdf	start_refinement.enhanced.+.pwm.seqLogo.pdf	0.2	2025-09-01 07:54:54.905862	GO
/media/saji/5E06441D0643F5152/phase_1/transdocer_diamond_pfam/transdocer_predict/ht/ht_trinity_out.Trinity.fasta.transdecoder_dir/start_refinement.enhanced.+.pwm.seqLogo.pdf	start_refinement.enhanced.+.pwm.seqLogo.pdf	0.195	2025-09-03 12:35:25.040326	GO
/media/saji/5E06441D0643F5152/phase_1/transdocer_diamond_pfam/transdocer_predict/lt/lt_trinity_out.Trinity.fasta.transdecoder_dir/start_refinement.enhanced.+.pwm.seqLogo.pdf	start_refinement.enhanced.+.pwm.seqLogo.pdf	0.194	2025-09-02 05:27:59.475603	GO
/media/saji/5E06441D0643F5152/phase_1/transdocer_diamond_pfam/transdocer_predict/osmotic/osmotic_trinity_out.Trinity.fasta.transdecoder_dir/start_refinement.enhanced.+.pwm.seqLogo.pdf	start_refinement.enhanced.+.pwm.seqLogo.pdf	0.192	2025-09-03 01:19:33.929004	GO
/media/saji/5E06441D0643F5152/phase_1/transdocer_diamond_pfam/transdocer_predict/uv/uv_merged.Trinity.fasta.transdecoder_dir/start_refinement.enhanced.+.pwm.seqLogo.pdf	start_refinement.enhanced.+.pwm.seqLogo.pdf	0.203	2025-09-01 18:06:08.590666	GO
/media/saji/5E06441D0643F5152/phase_4/old_14.09/old/proteins/Cluster_1_condition_desiccation_allTranscripts/Cluster_1_condition_desiccation_allTranscripts.fasta.transdecoder_dir/start_refinement.enhanced.+.pwm.seqLogo.pdf	start_refinement.enhanced.+.pwm.seqLogo.pdf	0.208	2025-08-15 20:52:21.53624	GO
/media/saji/5E06441D0643F5152/phase_4/old_14.09/old/proteins/Cluster_1_condition_gamma_allTranscripts/Cluster_1_condition_gamma_allTranscripts.fasta.transdecoder_dir/start_refinement.enhanced.+.pwm.seqLogo.pdf	start_refinement.enhanced.+.pwm.seqLogo.pdf	0.2	2025-08-15 20:52:48.057318	GO
/media/saji/5E06441D0643F5152/phase_4/old_14.09/old/proteins/Cluster_2_condition_ht_allTranscripts/Cluster_2_condition_ht_allTranscripts.fasta.transdecoder_dir/start_refinement.enhanced.+.pwm.seqLogo.pdf	start_refinement.enhanced.+.pwm.seqLogo.pdf	0.208	2025-08-15 20:52:59.655915	GO
/media/saji/5E06441D0643F5152/phase_4/old_14.09/old/proteins/Cluster_2_condition_lt_allTranscripts/Cluster_2_condition_lt_allTranscripts.fasta.transdecoder_dir/start_refinement.enhanced.+.pwm.seqLogo.pdf	start_refinement.enhanced.+.pwm.seqLogo.pdf	0.222	2025-08-15 20:53:09.424574	GO
/media/saji/5E06441D0643F5152/phase_4/old_14.09/old/proteins/Cluster_2_condition_osmotic_allTranscripts/Cluster_2_condition_osmotic_allTranscripts.fasta.transdecoder_dir/start_refinement.enhanced.+.pwm.seqLogo.pdf	start_refinement.enhanced.+.pwm.seqLogo.pdf	0.213	2025-08-15 20:53:20.299855	GO
/media/saji/5E06441D0643F5152/phase_4/old_14.09/old/proteins/Cluster_3_condition_uv_allTranscripts/Cluster_3_condition_uv_allTranscripts.fasta.transdecoder_dir/start_refinement.enhanced.+.pwm.seqLogo.pdf	start_refinement.enhanced.+.pwm.seqLogo.pdf	0.202	2025-08-15 20:53:47.99028	GO
/media/saji/5E06441D0643F5152/phase_4/app_windows/NeuropeptideApp_wini38632/R/library/Matrix/help/summary+2CdiagonalMatrix-method.html	summary+2CdiagonalMatrix-method.html	0	2022-03-10 09:43:16	GO
/media/saji/5E06441D0643F5152/phase_4/app_windows/NeuropeptideApp_wini38632/R/library/Matrix/help/symmpart+2CdiagonalMatrix-method.html	symmpart+2CdiagonalMatrix-method.html	0	2022-03-10 09:43:20	GO
/media/saji/5E06441D0643F5152/phase_4/app_windows/NeuropeptideApp_wini38632/R/library/Matrix/help/t+2CdiagonalMatrix-method.html	t+2CdiagonalMatrix-method.html	0	2022-03-10 09:43:16	GO
/media/saji/5E06441D0643F5152/phase_4/app_windows/bundle/R/Tcl/lib/tk8.6/demos/images/tcllogo.gif	tcllogo.gif	0.002	2025-05-26 00:19:40	GO
/media/saji/5E06441D0643F5152/phase_4/app_windows/NeuropeptideApp_win64x64/R/Tcl/lib/tk8.6/demos/images/tcllogo.gif	tcllogo.gif	0.002	2025-05-26 00:19:40	GO
/media/saji/5E06441D0643F5152/phase_4/app_windows/NeuropeptideApp_wini38632/R/Tcl/bin64/lib/tk8.6/demos/images/tcllogo.gif	tcllogo.gif	0.002	2022-03-10 09:17:08	GO
/media/saji/5E06441D0643F5152/phase_4/app_windows/NeuropeptideApp_wini38632/R/Tcl/lib/tk8.6/demos/images/tcllogo.gif	tcllogo.gif	0.002	2022-03-10 09:17:18	GO
/media/saji/5E06441D0643F5152/phase_4/app_windows/NeuropeptideApp_wini38632/R/library/Matrix/help/tcrossprod+2CCsparseMatrix+2CdiagonalMatrix-method.html	tcrossprod+2CCsparseMatrix+2CdiagonalMatrix-method.html	0	2022-03-10 09:43:18	GO
/media/saji/5E06441D0643F5152/phase_4/app_windows/NeuropeptideApp_wini38632/R/library/Matrix/help/tcrossprod+2CdgeMatrix+2CdiagonalMatrix-method.html	tcrossprod+2CdgeMatrix+2CdiagonalMatrix-method.html	0	2022-03-10 09:43:18	GO
/media/saji/5E06441D0643F5152/phase_4/app_windows/NeuropeptideApp_wini38632/R/library/Matrix/help/tcrossprod+2CdiagonalMatrix+2CCsparseMatrix-method.html	tcrossprod+2CdiagonalMatrix+2CCsparseMatrix-method.html	0	2022-03-10 09:43:18	GO
/media/saji/5E06441D0643F5152/phase_4/app_windows/NeuropeptideApp_wini38632/R/library/Matrix/help/tcrossprod+2CdiagonalMatrix+2CdiagonalMatrix-method.html	tcrossprod+2CdiagonalMatrix+2CdiagonalMatrix-method.html	0	2022-03-10 09:43:18	GO
/media/saji/5E06441D0643F5152/phase_4/app_windows/NeuropeptideApp_wini38632/R/library/Matrix/help/tcrossprod+2CdiagonalMatrix+2Cmatrix-method.html	tcrossprod+2CdiagonalMatrix+2Cmatrix-method.html	0	2022-03-10 09:43:18	GO
/media/saji/5E06441D0643F5152/phase_4/app_windows/NeuropeptideApp_wini38632/R/library/Matrix/help/tcrossprod+2CdiagonalMatrix+2Cmissing-method.html	tcrossprod+2CdiagonalMatrix+2Cmissing-method.html	0	2022-03-10 09:43:18	GO
/media/saji/5E06441D0643F5152/phase_4/app_windows/NeuropeptideApp_wini38632/R/library/Matrix/help/tcrossprod+2CdiagonalMatrix+2CsparseMatrix-method.html	tcrossprod+2CdiagonalMatrix+2CsparseMatrix-method.html	0	2022-03-10 09:43:18	GO
/media/saji/5E06441D0643F5152/phase_4/app_windows/NeuropeptideApp_wini38632/R/library/Matrix/help/tcrossprod+2ClgeMatrix+2CdiagonalMatrix-method.html	tcrossprod+2ClgeMatrix+2CdiagonalMatrix-method.html	0	2022-03-10 09:43:18	GO
/media/saji/5E06441D0643F5152/phase_4/app_windows/NeuropeptideApp_wini38632/R/library/Matrix/help/tcrossprod+2Cmatrix+2CdiagonalMatrix-method.html	tcrossprod+2Cmatrix+2CdiagonalMatrix-method.html	0	2022-03-10 09:43:18	GO
/media/saji/5E06441D0643F5152/phase_4/app_windows/NeuropeptideApp_wini38632/R/library/Matrix/help/tcrossprod+2CsparseMatrix+2CdiagonalMatrix-method.html	tcrossprod+2CsparseMatrix+2CdiagonalMatrix-method.html	0	2022-03-10 09:43:18	GO
/media/saji/5E06441D0643F5152/phase_4/app_windows/NeuropeptideApp_wini38632/R/library/Matrix/help/tril+2CdiagonalMatrix-method.html	tril+2CdiagonalMatrix-method.html	0	2022-03-10 09:43:14	GO
/media/saji/5E06441D0643F5152/phase_4/app_windows/NeuropeptideApp_wini38632/R/library/Matrix/help/triu+2CdiagonalMatrix-method.html	triu+2CdiagonalMatrix-method.html	0	2022-03-10 09:43:14	GO
/media/saji/5E06441D0643F5152/phase_4/old_14.09/results/common/augustus_config/species/ustilago/ustilago_exon_probs.pbl	ustilago_exon_probs.pbl	0.954	2025-08-21 00:50:18.617097	GO
/media/saji/5E06441D0643F5152/phase_4/old_14.09/results/common/augustus_config/species/ustilago/ustilago_igenic_probs.pbl	ustilago_igenic_probs.pbl	0.132	2025-08-21 00:50:18.618097	GO
/media/saji/5E06441D0643F5152/phase_4/old_14.09/results/common/augustus_config/species/ustilago/ustilago_intron_probs.pbl	ustilago_intron_probs.pbl	0.166	2025-08-21 00:50:18.619097	GO
/media/saji/5E06441D0643F5152/phase_4/old_14.09/results/common/augustus_config/species/ustilago_maydis/ustilago_maydis_exon_probs.pbl	ustilago_maydis_exon_probs.pbl	0.313	2025-08-21 00:50:18.620097	GO
/media/saji/5E06441D0643F5152/phase_4/old_14.09/results/common/augustus_config/species/ustilago_maydis/ustilago_maydis_igenic_probs.pbl	ustilago_maydis_igenic_probs.pbl	0.044	2025-08-21 00:50:18.621097	GO
/media/saji/5E06441D0643F5152/phase_4/old_14.09/results/common/augustus_config/species/ustilago_maydis/ustilago_maydis_intron_probs.pbl	ustilago_maydis_intron_probs.pbl	0.089	2025-08-21 00:50:18.621097	GO
/media/saji/5E06441D0643F5152/phase_4/old_14.09/results/common/augustus_config/species/ustilago_maydis/ustilago_maydis_metapars.cfg	ustilago_maydis_metapars.cfg	0.002	2025-08-21 00:50:18.621097	GO
/media/saji/5E06441D0643F5152/phase_4/old_14.09/results/common/augustus_config/species/ustilago_maydis/ustilago_maydis_parameters.cfg	ustilago_maydis_parameters.cfg	0.006	2025-08-21 00:50:18.621097	GO
/media/saji/5E06441D0643F5152/phase_4/old_14.09/results/common/augustus_config/species/ustilago_maydis/ustilago_maydis_weightmatrix.txt	ustilago_maydis_weightmatrix.txt	0.001	2025-08-21 00:50:18.622097	GO
/media/saji/5E06441D0643F5152/phase_4/old_14.09/results/common/augustus_config/species/ustilago/ustilago_parameters.cfg	ustilago_parameters.cfg	0.004	2025-08-21 00:50:18.619097	GO
/media/saji/5E06441D0643F5152/phase_4/old_14.09/results/common/augustus_config/species/ustilago/ustilago_weightmatrix.txt	ustilago_weightmatrix.txt	0.001	2025-08-21 00:50:18.619097	GO
/media/saji/5E06441D0643F5152/phase_4/final_phase4_14_09/old /result/ivb_pipeline_outputs_all_peptides/interpro_results/interpro_desiccation.log	interpro_desiccation.log	0.024	2025-09-18 22:36:41.707895	InterProScan
/media/saji/5E06441D0643F5152/phase_4/final_phase4_14_09/old /result/ivb_pipeline_outputs/interpro_results/interpro_desiccation.log	interpro_desiccation.log	0.002	2025-09-18 02:46:19.96707	InterProScan
/media/saji/5E06441D0643F5152/phase_4/final_phase4_14_09/old /result/ivb_pipeline_outputs/interpro_results/interpro_desiccation.tsv	interpro_desiccation.tsv	0.007	2025-09-18 02:46:19.940071	InterProScan
/media/saji/5E06441D0643F5152/phase_4/final_phase4_14_09/old /result/ivb_pipeline_outputs_all_peptides/interpro_results/interpro_gamma.log	interpro_gamma.log	0.024	2025-09-18 22:36:13.054388	InterProScan
/media/saji/5E06441D0643F5152/phase_4/final_phase4_14_09/old /result/ivb_pipeline_outputs/interpro_results/interpro_gamma.log	interpro_gamma.log	0.002	2025-09-18 04:27:30.600821	InterProScan
/media/saji/5E06441D0643F5152/phase_4/final_phase4_14_09/old /result/ivb_pipeline_outputs/interpro_results/interpro_gamma.tsv	interpro_gamma.tsv	0.004	2025-09-18 04:27:30.567821	InterProScan
/media/saji/5E06441D0643F5152/phase_4/final_phase4_14_09/old /result/ivb_pipeline_outputs_all_peptides/interpro_results/interpro_ht.log	interpro_ht.log	0.024	2025-09-18 22:34:29.8504	InterProScan
/media/saji/5E06441D0643F5152/phase_4/final_phase4_14_09/old /result/ivb_pipeline_outputs/interpro_results/interpro_ht.log	interpro_ht.log	0.002	2025-09-18 06:04:59.328973	InterProScan
/media/saji/5E06441D0643F5152/phase_4/final_phase4_14_09/old /result/ivb_pipeline_outputs/interpro_results/interpro_ht.tsv	interpro_ht.tsv	0.002	2025-09-18 06:04:59.297973	InterProScan
/media/saji/5E06441D0643F5152/phase_4/final_phase4_14_09/old /result/ivb_pipeline_outputs_all_peptides/interpro_results/interpro_lt.log	interpro_lt.log	0.024	2025-09-19 02:41:34.098721	InterProScan
/media/saji/5E06441D0643F5152/phase_4/final_phase4_14_09/old /result/ivb_pipeline_outputs/interpro_results/interpro_lt.log	interpro_lt.log	0.002	2025-09-18 07:46:28.142551	InterProScan
/media/saji/5E06441D0643F5152/phase_4/final_phase4_14_09/old /result/ivb_pipeline_outputs/interpro_results/interpro_lt.tsv	interpro_lt.tsv	0.011	2025-09-18 07:46:28.049552	InterProScan
/media/saji/5E06441D0643F5152/phase_4/final_phase4_14_09/old /result/ivb_pipeline_outputs_all_peptides/interpro_results/interpro_master.log	interpro_master.log	0.024	2025-09-19 02:44:06.188382	InterProScan
/media/saji/5E06441D0643F5152/phase_4/final_phase4_14_09/old /result/ivb_pipeline_outputs/interpro_results/interpro_master.log	interpro_master.log	0.002	2025-09-18 09:29:54.868488	InterProScan
/media/saji/5E06441D0643F5152/phase_4/final_phase4_14_09/old /result/ivb_pipeline_outputs_all_peptides/interpro_results/interpro_master.tsv	interpro_master.tsv	25.41	2025-09-20 01:31:11.689614	InterProScan
/media/saji/5E06441D0643F5152/phase_4/final_phase4_14_09/old /result/ivb_pipeline_outputs/interpro_results/interpro_master.tsv	interpro_master.tsv	0.024	2025-09-18 09:29:54.786489	InterProScan
/media/saji/5E06441D0643F5152/phase_4/final_phase4_14_09/old /interpro_missing_ids.txt	interpro_missing_ids.txt	0.001	2025-09-20 17:01:08.567551	InterProScan
/media/saji/5E06441D0643F5152/phase_4/final_phase4_14_09/old /result/ivb_pipeline_outputs_all_peptides/interpro_results/interpro_osmotic.log	interpro_osmotic.log	0.024	2025-09-19 02:36:27.807086	InterProScan
/media/saji/5E06441D0643F5152/phase_4/final_phase4_14_09/old /result/ivb_pipeline_outputs/interpro_results/interpro_osmotic.log	interpro_osmotic.log	0.002	2025-09-18 11:05:18.041323	InterProScan
/media/saji/5E06441D0643F5152/phase_4/final_phase4_14_09/old /result/ivb_pipeline_outputs/interpro_results/interpro_osmotic.tsv	interpro_osmotic.tsv	0.001	2025-09-18 11:05:18.003323	InterProScan
/media/saji/5E06441D0643F5152/phase_4/final_phase4_14_09/old /interpro_overlap_ids.txt	interpro_overlap_ids.txt	0.003	2025-09-20 17:01:08.549551	InterProScan
/media/saji/5E06441D0643F5152/phase_4/final_phase4_14_09/old /result/ivb_pipeline_outputs_all_peptides/interpro_results/interpro_peptides_master.tsv	interpro_peptides_master.tsv	17.911	2025-09-20 01:56:28.77162	InterProScan
/media/saji/5E06441D0643F5152/phase_4/final_phase4_14_09/old /result/ivb_pipeline_outputs_all_peptides/interpro_results/interpro_uv.log	interpro_uv.log	0.024	2025-09-19 05:07:02.650078	InterProScan
/media/saji/5E06441D0643F5152/phase_4/final_phase4_14_09/old /result/ivb_pipeline_outputs/interpro_results/interpro_uv.log	interpro_uv.log	0.002	2025-09-18 12:44:51.829845	InterProScan
/media/saji/5E06441D0643F5152/phase_4/final_phase4_14_09/old /result/ivb_pipeline_outputs/interpro_results/interpro_uv.tsv	interpro_uv.tsv	0.003	2025-09-18 12:44:51.724846	InterProScan
/media/saji/5E06441D0643F5152/phase_4/final_phase4_14_09/result/annotation_unified_SHORTLISTED/backup/interproscan_prefix.gff3	interproscan_prefix.gff3	45.531	2025-10-20 18:47:48.311415	InterProScan
/media/saji/5E06441D0643F5152/phase_4/final_phase4_14_09/result/annotation_unified_SHORTLISTED/interproscan_prefix.gff3	interproscan_prefix.gff3	45.531	2025-10-20 18:47:48.311415	InterProScan
/media/saji/5E06441D0643F5152/phase_4/final_phase4_14_09/result/annotation_unified_SHORTLISTED/backup/interproscan_prefix.tsv	interproscan_prefix.tsv	40.369	2025-10-20 18:23:15.892521	InterProScan
/media/saji/5E06441D0643F5152/phase_4/final_phase4_14_09/result/annotation_unified_SHORTLISTED/interproscan_prefix.tsv	interproscan_prefix.tsv	40.369	2025-10-20 18:23:15.892521	InterProScan
/media/saji/5E06441D0643F5152/phase_4/final_phase4_14_09/result/annotation_unified_SHORTLISTED/backup/interproscan_run.log	interproscan_run.log	0	2025-10-20 17:58:18.987379	InterProScan
/media/saji/5E06441D0643F5152/phase_4/final_phase4_14_09/result/annotation_unified_SHORTLISTED/interproscan_run.log	interproscan_run.log	0	2025-10-20 17:58:18.987379	InterProScan
/media/saji/5E06441D0643F5152/phase_4/final_phase4_14_09/result/old_mthod/phase4b/phase4b_map_and_reg/interpro/phase4b_full_interpro.tsv	phase4b_full_interpro.tsv	0.273	2025-10-13 23:44:15.440023	InterProScan
/media/saji/5E06441D0643F5152/phase_4/final_phase4_14_09/result/phase4b/old_phase4b/phase4b_map_and_reg/interpro/phase4b_full_interpro.tsv	phase4b_full_interpro.tsv	0.273	2025-10-13 23:44:15.440023	InterProScan
/media/saji/5E06441D0643F5152/phase_4/final_phase4_14_09/result/old_mthod/phase4b/phase4b_map_and_reg/interpro/phase4b_full_interpro1 (Copy).tsv	phase4b_full_interpro1 (Copy).tsv	0.273	2025-10-13 23:34:58.913856	InterProScan
/media/saji/5E06441D0643F5152/phase_4/final_phase4_14_09/result/phase4b/old_phase4b/phase4b_map_and_reg/interpro/phase4b_full_interpro1 (Copy).tsv	phase4b_full_interpro1 (Copy).tsv	0.273	2025-10-13 23:34:58.913856	InterProScan
/media/saji/5E06441D0643F5152/phase_4/final_phase4_14_09/result/old_mthod/phase4c/Pfam/resources/Pfam-A.hmm	Pfam-A.hmm	1791.81	2025-03-24 01:42:30	Pfam
/media/saji/5E06441D0643F5152/phase_4/final_phase4_14_09/result/old_mthod/phase4c/Pfam/resources/Pfam-A.hmm.h3f	Pfam-A.hmm.h3f	420.366	2025-10-10 05:02:22.609419	Pfam
/media/saji/5E06441D0643F5152/phase_4/final_phase4_14_09/result/old_mthod/phase4c/Pfam/resources/Pfam-A.hmm.h3i	Pfam-A.hmm.h3i	2.241	2025-10-10 05:02:22.609419	Pfam
/media/saji/5E06441D0643F5152/phase_4/final_phase4_14_09/result/old_mthod/phase4c/Pfam/resources/Pfam-A.hmm.h3m	Pfam-A.hmm.h3m	741.595	2025-10-10 05:02:22.609419	Pfam
/media/saji/5E06441D0643F5152/phase_4/final_phase4_14_09/result/old_mthod/phase4c/Pfam/resources/Pfam-A.hmm.h3p	Pfam-A.hmm.h3p	872.838	2025-10-10 05:02:22.609419	Pfam
/media/saji/5E06441D0643F5152/phase_1/transdocer_diamond_pfam/pfam/desiccation.pfam.domtblout	desiccation.pfam.domtblout	183.893	2025-09-02 16:59:08.127991	Pfam
/media/saji/5E06441D0643F5152/phase_1/transdocer_diamond_pfam/pfam/desiccation.pfam.domtblout.csv	desiccation.pfam.domtblout.csv	183.893	2025-12-01 10:23:26.727106	Pfam
/media/saji/5E06441D0643F5152/phase_1/transdocer_diamond_pfam/pfam/gamma.pfam.domtblout	gamma.pfam.domtblout	141.169	2025-09-01 07:49:06.6341	Pfam
/media/saji/5E06441D0643F5152/phase_1/transdocer_diamond_pfam/pfam/ht.pfam.domtblout	ht.pfam.domtblout	204.765	2025-09-03 12:26:26.445033	Pfam
/media/saji/5E06441D0643F5152/phase_1/transdocer_diamond_pfam/pfam/lt.pfam.domtblout	lt.pfam.domtblout	203.458	2025-09-02 05:19:29.556199	Pfam
/media/saji/5E06441D0643F5152/phase_4/final_phase4_14_09/old /result/ivb_pipeline_outputs/backup/neuropeptides_desiccation_pfam.tbl	neuropeptides_desiccation_pfam.tbl	0.001	2025-09-17 00:50:40.121358	Pfam
/media/saji/5E06441D0643F5152/phase_4/final_phase4_14_09/old /result/ivb_pipeline_outputs/neuropeptides_desiccation_pfam.tbl	neuropeptides_desiccation_pfam.tbl	0.001	2025-09-17 11:03:44.056116	Pfam
/media/saji/5E06441D0643F5152/phase_4/final_phase4_14_09/old /result/ivb_pipeline_outputs/backup/neuropeptides_gamma_pfam.tbl	neuropeptides_gamma_pfam.tbl	0.001	2025-09-17 00:50:40.454355	Pfam
/media/saji/5E06441D0643F5152/phase_4/final_phase4_14_09/old /result/ivb_pipeline_outputs/neuropeptides_gamma_pfam.tbl	neuropeptides_gamma_pfam.tbl	0.001	2025-09-17 11:03:44.282116	Pfam
/media/saji/5E06441D0643F5152/phase_4/final_phase4_14_09/old /result/ivb_pipeline_outputs/backup/neuropeptides_ht_pfam.tbl	neuropeptides_ht_pfam.tbl	0.001	2025-09-17 00:50:40.685354	Pfam
/media/saji/5E06441D0643F5152/phase_4/final_phase4_14_09/old /result/ivb_pipeline_outputs/neuropeptides_ht_pfam.tbl	neuropeptides_ht_pfam.tbl	0.001	2025-09-17 11:03:44.415116	Pfam
/media/saji/5E06441D0643F5152/phase_4/final_phase4_14_09/old /result/ivb_pipeline_outputs/backup/neuropeptides_lt_pfam.tbl	neuropeptides_lt_pfam.tbl	0.001	2025-09-17 00:50:41.003351	Pfam
/media/saji/5E06441D0643F5152/phase_4/final_phase4_14_09/old /result/ivb_pipeline_outputs/neuropeptides_lt_pfam.tbl	neuropeptides_lt_pfam.tbl	0.001	2025-09-17 11:03:44.644116	Pfam
/media/saji/5E06441D0643F5152/phase_4/final_phase4_14_09/old /result/ivb_pipeline_outputs/backup/neuropeptides_master_pfam.tbl	neuropeptides_master_pfam.tbl	0.035	2025-09-17 00:50:39.75036	Pfam
/media/saji/5E06441D0643F5152/phase_4/final_phase4_14_09/old /result/ivb_pipeline_outputs/neuropeptides_master_pfam.tbl	neuropeptides_master_pfam.tbl	0.035	2025-09-17 11:03:43.783116	Pfam
/media/saji/5E06441D0643F5152/phase_4/final_phase4_14_09/old /result/ivb_pipeline_outputs/backup/neuropeptides_osmotic_pfam.tbl	neuropeptides_osmotic_pfam.tbl	0.001	2025-09-17 00:50:41.20235	Pfam
/media/saji/5E06441D0643F5152/phase_4/final_phase4_14_09/old /result/ivb_pipeline_outputs/neuropeptides_osmotic_pfam.tbl	neuropeptides_osmotic_pfam.tbl	0.001	2025-09-17 11:03:44.768116	Pfam
/media/saji/5E06441D0643F5152/phase_4/final_phase4_14_09/old /result/ivb_pipeline_outputs/backup/neuropeptides_uv_pfam.tbl	neuropeptides_uv_pfam.tbl	0.002	2025-09-17 00:50:41.628346	Pfam
/media/saji/5E06441D0643F5152/phase_4/final_phase4_14_09/old /result/ivb_pipeline_outputs/neuropeptides_uv_pfam.tbl	neuropeptides_uv_pfam.tbl	0.002	2025-09-17 11:03:45.111116	Pfam
/media/saji/5E06441D0643F5152/phase_1/transdocer_diamond_pfam/pfam/osmotic.pfam.domtblout	osmotic.pfam.domtblout	156.261	2025-09-03 01:12:46.809772	Pfam
/media/saji/5E06441D0643F5152/phase_4/final_phase4_14_09/result/old_mthod/receptors/pfam.domtbl	pfam.domtbl	0.002	2025-10-10 05:16:56.396128	Pfam
/media/saji/5E06441D0643F5152/phase_1/transdocer_diamond_pfam/transdocer_predict/desiccation/desiccation_trinity_out.Trinity.fasta.transdecoder_dir/pfam.domtblout	pfam.domtblout	183.893	2025-09-02 16:59:08.209991	Pfam
/media/saji/5E06441D0643F5152/phase_1/transdocer_diamond_pfam/transdocer_predict/gamma/gamma_merged.Trinity.fasta.transdecoder_dir/pfam.domtblout	pfam.domtblout	141.169	2025-09-01 07:49:06.7061	Pfam
/media/saji/5E06441D0643F5152/phase_1/transdocer_diamond_pfam/transdocer_predict/ht/ht_trinity_out.Trinity.fasta.transdecoder_dir/pfam.domtblout	pfam.domtblout	204.765	2025-09-03 12:26:26.531032	Pfam
/media/saji/5E06441D0643F5152/phase_1/transdocer_diamond_pfam/transdocer_predict/lt/lt_trinity_out.Trinity.fasta.transdecoder_dir/pfam.domtblout	pfam.domtblout	203.458	2025-09-02 05:19:29.664198	Pfam
/media/saji/5E06441D0643F5152/phase_1/transdocer_diamond_pfam/transdocer_predict/osmotic/osmotic_trinity_out.Trinity.fasta.transdecoder_dir/pfam.domtblout	pfam.domtblout	156.261	2025-09-03 01:12:46.884772	Pfam
/media/saji/5E06441D0643F5152/phase_1/transdocer_diamond_pfam/transdocer_predict/uv/uv_merged.Trinity.fasta.transdecoder_dir/pfam.domtblout	pfam.domtblout	207.82	2025-09-01 17:58:17.291303	Pfam
/media/saji/5E06441D0643F5152/phase_4/final_phase4_14_09/result/master_annotation/logs/pfam.log	pfam.log	107.52	2025-10-31 12:12:18.137733	Pfam
/media/saji/5E06441D0643F5152/phase_4/final_phase4_14_09/old /result/ivb_pipeline_outputs_all_peptides/pfam_results/pfam_desiccation.log	pfam_desiccation.log	1.132	2025-09-18 18:30:19.176863	Pfam
/media/saji/5E06441D0643F5152/phase_4/final_phase4_14_09/old /result/ivb_pipeline_outputs/pfam_results/pfam_desiccation.log	pfam_desiccation.log	0.053	2025-09-18 01:04:47.535407	Pfam
/media/saji/5E06441D0643F5152/phase_4/final_phase4_14_09/old /result/ivb_pipeline_outputs_all_peptides/pfam_results/pfam_desiccation.tsv	pfam_desiccation.tsv	0.282	2025-09-18 18:30:19.176863	Pfam
/media/saji/5E06441D0643F5152/phase_4/final_phase4_14_09/old /result/ivb_pipeline_outputs/pfam_results/pfam_desiccation.tsv	pfam_desiccation.tsv	0.008	2025-09-18 01:04:47.531407	Pfam
/media/saji/5E06441D0643F5152/phase_4/final_phase4_14_09/old /result/ivb_pipeline_outputs_all_peptides/pfam_results/pfam_gamma.log	pfam_gamma.log	0.709	2025-09-18 18:30:07.930008	Pfam
/media/saji/5E06441D0643F5152/phase_4/final_phase4_14_09/old /result/ivb_pipeline_outputs/pfam_results/pfam_gamma.log	pfam_gamma.log	0.048	2025-09-18 02:46:22.532997	Pfam
/media/saji/5E06441D0643F5152/phase_4/final_phase4_14_09/old /result/ivb_pipeline_outputs_all_peptides/pfam_results/pfam_gamma.tsv	pfam_gamma.tsv	0.179	2025-09-18 18:30:07.930008	Pfam
/media/saji/5E06441D0643F5152/phase_4/final_phase4_14_09/old /result/ivb_pipeline_outputs/pfam_results/pfam_gamma.tsv	pfam_gamma.tsv	0.014	2025-09-18 02:46:22.532997	Pfam
/media/saji/5E06441D0643F5152/phase_4/final_phase4_14_09/old /result/ivb_pipeline_outputs_all_peptides/pfam_results/pfam_ht.log	pfam_ht.log	0.091	2025-09-18 18:29:52.071267	Pfam
/media/saji/5E06441D0643F5152/phase_4/final_phase4_14_09/old /result/ivb_pipeline_outputs/pfam_results/pfam_ht.log	pfam_ht.log	0.016	2025-09-18 04:27:32.151824	Pfam
/media/saji/5E06441D0643F5152/phase_4/final_phase4_14_09/old /result/ivb_pipeline_outputs_all_peptides/pfam_results/pfam_ht.tsv	pfam_ht.tsv	0.02	2025-09-18 18:29:52.071267	Pfam
/media/saji/5E06441D0643F5152/phase_4/final_phase4_14_09/old /result/ivb_pipeline_outputs/pfam_results/pfam_ht.tsv	pfam_ht.tsv	0.004	2025-09-18 04:27:32.151824	Pfam
/media/saji/5E06441D0643F5152/phase_4/final_phase4_14_09/old /result/ivb_pipeline_outputs_all_peptides/pfam_results/pfam_lt.log	pfam_lt.log	1.07	2025-09-18 22:35:10.273371	Pfam
/media/saji/5E06441D0643F5152/phase_4/final_phase4_14_09/old /result/ivb_pipeline_outputs/pfam_results/pfam_lt.log	pfam_lt.log	0.067	2025-09-18 06:05:03.970933	Pfam
/media/saji/5E06441D0643F5152/phase_4/final_phase4_14_09/old /result/ivb_pipeline_outputs_all_peptides/pfam_results/pfam_lt.tsv	pfam_lt.tsv	0.251	2025-09-18 22:35:10.273371	Pfam
/media/saji/5E06441D0643F5152/phase_4/final_phase4_14_09/old /result/ivb_pipeline_outputs/pfam_results/pfam_lt.tsv	pfam_lt.tsv	0.011	2025-09-18 06:05:03.970933	Pfam
/media/saji/5E06441D0643F5152/phase_4/final_phase4_14_09/old /result/ivb_pipeline_outputs_all_peptides/pfam_results/pfam_master.log	pfam_master.log	3.808	2025-09-18 22:38:32.604755	Pfam
/media/saji/5E06441D0643F5152/phase_4/final_phase4_14_09/old /result/ivb_pipeline_outputs/pfam_results/pfam_master.log	pfam_master.log	0.204	2025-09-18 07:46:40.535502	Pfam
/media/saji/5E06441D0643F5152/phase_4/final_phase4_14_09/old /result/ivb_pipeline_outputs_all_peptides/pfam_results/pfam_master.tsv	pfam_master.tsv	0.618	2025-09-21 22:23:13.418981	Pfam
/media/saji/5E06441D0643F5152/phase_4/final_phase4_14_09/old /result/ivb_pipeline_outputs/pfam_results/pfam_master.tsv	pfam_master.tsv	0.036	2025-09-18 07:46:40.535502	Pfam
/media/saji/5E06441D0643F5152/phase_4/final_phase4_14_09/old /result/ivb_pipeline_outputs_all_peptides/pfam_results/pfam_osmotic.log	pfam_osmotic.log	0.08	2025-09-18 22:36:45.564105	Pfam
/media/saji/5E06441D0643F5152/phase_4/final_phase4_14_09/old /result/ivb_pipeline_outputs/pfam_results/pfam_osmotic.log	pfam_osmotic.log	0.012	2025-09-18 09:29:56.147479	Pfam
/media/saji/5E06441D0643F5152/phase_4/final_phase4_14_09/old /result/ivb_pipeline_outputs_all_peptides/pfam_results/pfam_osmotic.tsv	pfam_osmotic.tsv	0.019	2025-09-18 22:36:45.563105	Pfam
/media/saji/5E06441D0643F5152/phase_4/final_phase4_14_09/old /result/ivb_pipeline_outputs/pfam_results/pfam_osmotic.tsv	pfam_osmotic.tsv	0.003	2025-09-18 09:29:56.147479	Pfam
/media/saji/5E06441D0643F5152/phase_4/final_phase4_14_09/result/annotation_unified_SHORTLISTED/backup/pfam_shortlisted.domtblout	pfam_shortlisted.domtblout	1.19	2025-10-19 19:16:49.100767	Pfam
/media/saji/5E06441D0643F5152/phase_4/final_phase4_14_09/result/annotation_unified_SHORTLISTED/pfam_shortlisted.domtblout	pfam_shortlisted.domtblout	1.19	2025-10-19 19:16:49.100767	Pfam
/media/saji/5E06441D0643F5152/phase_4/final_phase4_14_09/old /result/ivb_pipeline_outputs_all_peptides/pfam_results/pfam_uv.log	pfam_uv.log	0.73	2025-09-19 02:36:58.701034	Pfam
/media/saji/5E06441D0643F5152/phase_4/final_phase4_14_09/old /result/ivb_pipeline_outputs/pfam_results/pfam_uv.log	pfam_uv.log	0.043	2025-09-18 11:05:20.98931	Pfam
/media/saji/5E06441D0643F5152/phase_4/final_phase4_14_09/old /result/ivb_pipeline_outputs_all_peptides/pfam_results/pfam_uv.tsv	pfam_uv.tsv	0.168	2025-09-19 02:36:58.701034	Pfam
/media/saji/5E06441D0643F5152/phase_4/final_phase4_14_09/old /result/ivb_pipeline_outputs/pfam_results/pfam_uv.tsv	pfam_uv.tsv	0.008	2025-09-18 11:05:20.98931	Pfam
/media/saji/5E06441D0643F5152/phase_4/final_phase4_14_09/result/old_mthod/phase4b/phase4b_map_and_reg/pfam/phase4b_pfam.tbl	phase4b_pfam.tbl	0.209	2025-10-13 12:50:02.928738	Pfam
/media/saji/5E06441D0643F5152/phase_4/final_phase4_14_09/result/phase4b/old_phase4b/phase4b_map_and_reg/pfam/phase4b_pfam.tbl	phase4b_pfam.tbl	0.209	2025-10-13 12:50:02.928738	Pfam
/media/saji/5E06441D0643F5152/phase_4/final_phase4_14_09/result/master_annotation/results/rvar_pfam.domtblout	rvar_pfam.domtblout	25.734	2025-10-31 12:12:18.133733	Pfam
/media/saji/5E06441D0643F5152/phase_1/transdocer_diamond_pfam/pfam/uv.pfam.domtblout	uv.pfam.domtblout	207.82	2025-09-01 17:58:17.191303	Pfam
/media/saji/5E06441D0643F5152/phase_4/final_phase4_14_09/old /result/ivb_pipeline_outputs/combined_neuropeptide_annotations_master_with_full_eggnog.tsv	combined_neuropeptide_annotations_master_with_full_eggnog.tsv	0.008	2025-09-19 09:34:10.314533	eggNOG/emapper
/media/saji/5E06441D0643F5152/phase_4/final_phase4_14_09/result/master_annotation/logs/eggnog.log	eggnog.log	0	2025-10-31 12:12:18.235733	eggNOG/emapper
/media/saji/5E06441D0643F5152/phase_4/final_phase4_14_09/old /result/ivb_pipeline_outputs/eggnog_results/parsed/eggnog_GO_terms.tsv	eggnog_GO_terms.tsv	0.009	2025-09-18 21:40:57.919368	eggNOG/emapper
/media/saji/5E06441D0643F5152/phase_4/final_phase4_14_09/old /result/ivb_pipeline_outputs/eggnog_results/parsed/eggnog_KEGG.tsv	eggnog_KEGG.tsv	0	2025-09-18 21:40:57.932368	eggNOG/emapper
/media/saji/5E06441D0643F5152/phase_4/final_phase4_14_09/old /result/ivb_pipeline_outputs/eggnog_results/parsed/eggnog_Pfam.tsv	eggnog_Pfam.tsv	0	2025-09-18 21:40:57.944368	eggNOG/emapper
/media/saji/5E06441D0643F5152/phase_4/final_phase4_14_09/old /result/ivb_pipeline_outputs_all_peptides/eggnog_results/eggnog_desiccation.emapper.annotations	eggnog_desiccation.emapper.annotations	0.162	2025-09-18 22:36:29.654312	eggNOG/emapper
/media/saji/5E06441D0643F5152/phase_4/final_phase4_14_09/old /result/ivb_pipeline_outputs/eggnog_results/eggnog_desiccation.emapper.annotations	eggnog_desiccation.emapper.annotations	0.012	2025-09-18 02:45:11.997584	eggNOG/emapper
/media/saji/5E06441D0643F5152/phase_4/final_phase4_14_09/old /result/ivb_pipeline_outputs_all_peptides/eggnog_results/eggnog_desiccation.emapper.hits	eggnog_desiccation.emapper.hits	0.016	2025-09-18 22:36:20.65243	eggNOG/emapper
/media/saji/5E06441D0643F5152/phase_4/final_phase4_14_09/old /result/ivb_pipeline_outputs/eggnog_results/eggnog_desiccation.emapper.hits	eggnog_desiccation.emapper.hits	0.002	2025-09-18 02:45:10.501594	eggNOG/emapper
/media/saji/5E06441D0643F5152/phase_4/final_phase4_14_09/old /result/ivb_pipeline_outputs_all_peptides/eggnog_results/eggnog_desiccation.emapper.seed_orthologs	eggnog_desiccation.emapper.seed_orthologs	0.009	2025-09-18 22:36:25.143371	eggNOG/emapper
/media/saji/5E06441D0643F5152/phase_4/final_phase4_14_09/old /result/ivb_pipeline_outputs/eggnog_results/eggnog_desiccation.emapper.seed_orthologs	eggnog_desiccation.emapper.seed_orthologs	0.002	2025-09-18 02:45:10.555594	eggNOG/emapper
/media/saji/5E06441D0643F5152/phase_4/final_phase4_14_09/old /result/ivb_pipeline_outputs_all_peptides/eggnog_results/eggnog_desiccation.log	eggnog_desiccation.log	0.003	2025-09-18 22:36:29.658312	eggNOG/emapper
/media/saji/5E06441D0643F5152/phase_4/final_phase4_14_09/old /result/ivb_pipeline_outputs/eggnog_results/eggnog_desiccation.log	eggnog_desiccation.log	0.003	2025-09-18 02:45:12.003584	eggNOG/emapper
/media/saji/5E06441D0643F5152/phase_4/final_phase4_14_09/old /result/ivb_pipeline_outputs_all_peptides/eggnog_results/eggnog_gamma.emapper.annotations	eggnog_gamma.emapper.annotations	0.074	2025-09-18 22:35:59.830704	eggNOG/emapper
/media/saji/5E06441D0643F5152/phase_4/final_phase4_14_09/old /result/ivb_pipeline_outputs/eggnog_results/eggnog_gamma.emapper.annotations	eggnog_gamma.emapper.annotations	0.006	2025-09-18 04:26:12.049665	eggNOG/emapper
/media/saji/5E06441D0643F5152/phase_4/final_phase4_14_09/old /result/ivb_pipeline_outputs_all_peptides/eggnog_results/eggnog_gamma.emapper.hits	eggnog_gamma.emapper.hits	0.011	2025-09-18 22:35:53.856783	eggNOG/emapper
/media/saji/5E06441D0643F5152/phase_4/final_phase4_14_09/old /result/ivb_pipeline_outputs/eggnog_results/eggnog_gamma.emapper.hits	eggnog_gamma.emapper.hits	0.001	2025-09-18 04:26:10.827663	eggNOG/emapper
/media/saji/5E06441D0643F5152/phase_4/final_phase4_14_09/old /result/ivb_pipeline_outputs_all_peptides/eggnog_results/eggnog_gamma.emapper.seed_orthologs	eggnog_gamma.emapper.seed_orthologs	0.006	2025-09-18 22:35:55.864757	eggNOG/emapper
/media/saji/5E06441D0643F5152/phase_4/final_phase4_14_09/old /result/ivb_pipeline_outputs/eggnog_results/eggnog_gamma.emapper.seed_orthologs	eggnog_gamma.emapper.seed_orthologs	0.001	2025-09-18 04:26:10.860663	eggNOG/emapper
/media/saji/5E06441D0643F5152/phase_4/final_phase4_14_09/old /result/ivb_pipeline_outputs_all_peptides/eggnog_results/eggnog_gamma.log	eggnog_gamma.log	0.003	2025-09-18 22:35:59.835704	eggNOG/emapper
/media/saji/5E06441D0643F5152/phase_4/final_phase4_14_09/old /result/ivb_pipeline_outputs/eggnog_results/eggnog_gamma.log	eggnog_gamma.log	0.003	2025-09-18 04:26:12.056665	eggNOG/emapper
/media/saji/5E06441D0643F5152/phase_4/final_phase4_14_09/old /result/ivb_pipeline_outputs_all_peptides/eggnog_results/eggnog_ht.emapper.annotations	eggnog_ht.emapper.annotations	0.02	2025-09-18 22:34:16.974109	eggNOG/emapper
/media/saji/5E06441D0643F5152/phase_4/final_phase4_14_09/old /result/ivb_pipeline_outputs/eggnog_results/eggnog_ht.emapper.annotations	eggnog_ht.emapper.annotations	0.002	2025-09-18 06:03:57.920506	eggNOG/emapper
/media/saji/5E06441D0643F5152/phase_4/final_phase4_14_09/old /result/ivb_pipeline_outputs_all_peptides/eggnog_results/eggnog_ht.emapper.hits	eggnog_ht.emapper.hits	0.001	2025-09-18 22:34:15.161135	eggNOG/emapper
/media/saji/5E06441D0643F5152/phase_4/final_phase4_14_09/old /result/ivb_pipeline_outputs/eggnog_results/eggnog_ht.emapper.hits	eggnog_ht.emapper.hits	0	2025-09-18 06:03:57.301511	eggNOG/emapper
/media/saji/5E06441D0643F5152/phase_4/final_phase4_14_09/old /result/ivb_pipeline_outputs_all_peptides/eggnog_results/eggnog_ht.emapper.seed_orthologs	eggnog_ht.emapper.seed_orthologs	0.002	2025-09-18 22:34:15.204134	eggNOG/emapper
/media/saji/5E06441D0643F5152/phase_4/final_phase4_14_09/old /result/ivb_pipeline_outputs/eggnog_results/eggnog_ht.emapper.seed_orthologs	eggnog_ht.emapper.seed_orthologs	0.001	2025-09-18 06:03:57.335511	eggNOG/emapper
/media/saji/5E06441D0643F5152/phase_4/final_phase4_14_09/old /result/ivb_pipeline_outputs_all_peptides/eggnog_results/eggnog_ht.log	eggnog_ht.log	0.003	2025-09-18 22:34:16.978109	eggNOG/emapper
/media/saji/5E06441D0643F5152/phase_4/final_phase4_14_09/old /result/ivb_pipeline_outputs/eggnog_results/eggnog_ht.log	eggnog_ht.log	0.003	2025-09-18 06:03:57.931506	eggNOG/emapper
/media/saji/5E06441D0643F5152/phase_4/final_phase4_14_09/old /result/ivb_pipeline_outputs_all_peptides/eggnog_results/eggnog_lt.emapper.annotations	eggnog_lt.emapper.annotations	0.171	2025-09-19 02:41:19.798318	eggNOG/emapper
/media/saji/5E06441D0643F5152/phase_4/final_phase4_14_09/old /result/ivb_pipeline_outputs/eggnog_results/eggnog_lt.emapper.annotations	eggnog_lt.emapper.annotations	0.01	2025-09-18 07:45:15.525838	eggNOG/emapper
/media/saji/5E06441D0643F5152/phase_4/final_phase4_14_09/old /result/ivb_pipeline_outputs_all_peptides/eggnog_results/eggnog_lt.emapper.hits	eggnog_lt.emapper.hits	0.016	2025-09-19 02:41:13.939356	eggNOG/emapper
/media/saji/5E06441D0643F5152/phase_4/final_phase4_14_09/old /result/ivb_pipeline_outputs/eggnog_results/eggnog_lt.emapper.hits	eggnog_lt.emapper.hits	0.002	2025-09-18 07:45:14.382842	eggNOG/emapper
/media/saji/5E06441D0643F5152/phase_4/final_phase4_14_09/old /result/ivb_pipeline_outputs_all_peptides/eggnog_results/eggnog_lt.emapper.seed_orthologs	eggnog_lt.emapper.seed_orthologs	0.009	2025-09-19 02:41:17.336334	eggNOG/emapper
/media/saji/5E06441D0643F5152/phase_4/final_phase4_14_09/old /result/ivb_pipeline_outputs/eggnog_results/eggnog_lt.emapper.seed_orthologs	eggnog_lt.emapper.seed_orthologs	0.002	2025-09-18 07:45:14.413842	eggNOG/emapper
/media/saji/5E06441D0643F5152/phase_4/final_phase4_14_09/old /result/ivb_pipeline_outputs_all_peptides/eggnog_results/eggnog_lt.log	eggnog_lt.log	0.003	2025-09-19 02:41:19.803318	eggNOG/emapper
/media/saji/5E06441D0643F5152/phase_4/final_phase4_14_09/old /result/ivb_pipeline_outputs/eggnog_results/eggnog_lt.log	eggnog_lt.log	0.003	2025-09-18 07:45:15.532838	eggNOG/emapper
/media/saji/5E06441D0643F5152/phase_4/final_phase4_14_09/old /result/ivb_pipeline_outputs_all_peptides/eggnog_results/eggnog_master.emapper.annotations	eggnog_master.emapper.annotations	0.562	2025-09-19 02:43:55.846319	eggNOG/emapper
/media/saji/5E06441D0643F5152/phase_4/final_phase4_14_09/old /result/ivb_pipeline_outputs/eggnog_results/eggnog_master.emapper.annotations	eggnog_master.emapper.annotations	0.027	2025-09-18 09:28:17.682192	eggNOG/emapper
/media/saji/5E06441D0643F5152/phase_4/final_phase4_14_09/old /result/ivb_pipeline_outputs_all_peptides/eggnog_results/eggnog_master.emapper.hits	eggnog_master.emapper.hits	0.057	2025-09-19 02:43:51.05035	eggNOG/emapper
/media/saji/5E06441D0643F5152/phase_4/final_phase4_14_09/old /result/ivb_pipeline_outputs/eggnog_results/eggnog_master.emapper.hits	eggnog_master.emapper.hits	0.005	2025-09-18 09:28:17.251195	eggNOG/emapper
/media/saji/5E06441D0643F5152/phase_4/final_phase4_14_09/old /result/ivb_pipeline_outputs_all_peptides/eggnog_results/eggnog_master.emapper.seed_orthologs	eggnog_master.emapper.seed_orthologs	0.028	2025-09-19 02:43:53.206336	eggNOG/emapper
/media/saji/5E06441D0643F5152/phase_4/final_phase4_14_09/old /result/ivb_pipeline_outputs/eggnog_results/eggnog_master.emapper.seed_orthologs	eggnog_master.emapper.seed_orthologs	0.003	2025-09-18 09:28:17.277195	eggNOG/emapper
/media/saji/5E06441D0643F5152/phase_4/final_phase4_14_09/old /result/ivb_pipeline_outputs_all_peptides/eggnog_results/eggnog_master.log	eggnog_master.log	0.003	2025-09-19 02:43:55.850319	eggNOG/emapper
/media/saji/5E06441D0643F5152/phase_4/final_phase4_14_09/old /result/ivb_pipeline_outputs/eggnog_results/eggnog_master.log	eggnog_master.log	0.003	2025-09-18 09:28:17.692192	eggNOG/emapper
/media/saji/5E06441D0643F5152/phase_4/final_phase4_14_09/old /result/ivb_pipeline_outputs/eggnog_results/parsed/eggnog_master_table.tsv	eggnog_master_table.tsv	0.012	2025-09-18 21:40:57.905368	eggNOG/emapper
/media/saji/5E06441D0643F5152/phase_4/final_phase4_14_09/old /result/ivb_pipeline_outputs_all_peptides/eggnog_results/eggnog_osmotic.emapper.annotations	eggnog_osmotic.emapper.annotations	0.02	2025-09-19 02:36:13.905748	eggNOG/emapper
/media/saji/5E06441D0643F5152/phase_4/final_phase4_14_09/old /result/ivb_pipeline_outputs/eggnog_results/eggnog_osmotic.emapper.annotations	eggnog_osmotic.emapper.annotations	0.002	2025-09-18 11:04:08.988625	eggNOG/emapper
/media/saji/5E06441D0643F5152/phase_4/final_phase4_14_09/old /result/ivb_pipeline_outputs_all_peptides/eggnog_results/eggnog_osmotic.emapper.hits	eggnog_osmotic.emapper.hits	0.001	2025-09-19 02:36:13.27434	eggNOG/emapper
/media/saji/5E06441D0643F5152/phase_4/final_phase4_14_09/old /result/ivb_pipeline_outputs/eggnog_results/eggnog_osmotic.emapper.hits	eggnog_osmotic.emapper.hits	0	2025-09-18 11:04:08.843626	eggNOG/emapper
/media/saji/5E06441D0643F5152/phase_4/final_phase4_14_09/old /result/ivb_pipeline_outputs_all_peptides/eggnog_results/eggnog_osmotic.emapper.seed_orthologs	eggnog_osmotic.emapper.seed_orthologs	0.002	2025-09-19 02:36:13.31434	eggNOG/emapper
/media/saji/5E06441D0643F5152/phase_4/final_phase4_14_09/old /result/ivb_pipeline_outputs/eggnog_results/eggnog_osmotic.emapper.seed_orthologs	eggnog_osmotic.emapper.seed_orthologs	0.001	2025-09-18 11:04:08.877625	eggNOG/emapper
/media/saji/5E06441D0643F5152/phase_4/final_phase4_14_09/old /result/ivb_pipeline_outputs_all_peptides/eggnog_results/eggnog_osmotic.log	eggnog_osmotic.log	0.003	2025-09-19 02:36:13.910336	eggNOG/emapper
/media/saji/5E06441D0643F5152/phase_4/final_phase4_14_09/old /result/ivb_pipeline_outputs/eggnog_results/eggnog_osmotic.log	eggnog_osmotic.log	0.003	2025-09-18 11:04:08.991625	eggNOG/emapper
/media/saji/5E06441D0643F5152/phase_4/final_phase4_14_09/result/old_mthod/phase4b/phase4b_map_and_reg/eggnog/eggnog_resume.log	eggnog_resume.log	0.002	2025-10-13 14:11:14.876934	eggNOG/emapper
/media/saji/5E06441D0643F5152/phase_4/final_phase4_14_09/result/phase4b/old_phase4b/phase4b_map_and_reg/eggnog/eggnog_resume.log	eggnog_resume.log	0.002	2025-10-13 14:11:14.876934	eggNOG/emapper
/media/saji/5E06441D0643F5152/phase_4/eggnog_run.log	eggnog_run.log	0	2025-10-12 13:21:37.064473	eggNOG/emapper
/media/saji/5E06441D0643F5152/phase_4/final_phase4_14_09/old /result/ivb_pipeline_outputs_all_peptides/eggnog_results/eggnog_uv.emapper.annotations	eggnog_uv.emapper.annotations	0.117	2025-09-19 05:06:54.364715	eggNOG/emapper
/media/saji/5E06441D0643F5152/phase_4/final_phase4_14_09/old /result/ivb_pipeline_outputs/eggnog_results/eggnog_uv.emapper.annotations	eggnog_uv.emapper.annotations	0.002	2025-09-18 12:43:33.797282	eggNOG/emapper
/media/saji/5E06441D0643F5152/phase_4/final_phase4_14_09/old /result/ivb_pipeline_outputs_all_peptides/eggnog_results/eggnog_uv.emapper.hits	eggnog_uv.emapper.hits	0.011	2025-09-19 05:06:54.168716	eggNOG/emapper
/media/saji/5E06441D0643F5152/phase_4/final_phase4_14_09/old /result/ivb_pipeline_outputs/eggnog_results/eggnog_uv.emapper.hits	eggnog_uv.emapper.hits	0	2025-09-18 12:43:33.656283	eggNOG/emapper
/media/saji/5E06441D0643F5152/phase_4/final_phase4_14_09/old /result/ivb_pipeline_outputs_all_peptides/eggnog_results/eggnog_uv.emapper.seed_orthologs	eggnog_uv.emapper.seed_orthologs	0.006	2025-09-19 05:06:54.312715	eggNOG/emapper
/media/saji/5E06441D0643F5152/phase_4/final_phase4_14_09/old /result/ivb_pipeline_outputs/eggnog_results/eggnog_uv.emapper.seed_orthologs	eggnog_uv.emapper.seed_orthologs	0.001	2025-09-18 12:43:33.689283	eggNOG/emapper
/media/saji/5E06441D0643F5152/phase_4/final_phase4_14_09/old /result/ivb_pipeline_outputs_all_peptides/eggnog_results/eggnog_uv.log	eggnog_uv.log	0.003	2025-09-19 05:06:54.367715	eggNOG/emapper
/media/saji/5E06441D0643F5152/phase_4/final_phase4_14_09/old /result/ivb_pipeline_outputs/eggnog_results/eggnog_uv.log	eggnog_uv.log	0.003	2025-09-18 12:43:33.800282	eggNOG/emapper
/media/saji/5E06441D0643F5152/phase_4/final_phase4_14_09/result/annotation_unified_SHORTLISTED/backup/final_439_prot.emapper.annotations	final_439_prot.emapper.annotations	0.695	2025-10-20 17:40:40.395733	eggNOG/emapper
/media/saji/5E06441D0643F5152/phase_4/final_phase4_14_09/result/annotation_unified_SHORTLISTED/final_439_prot.emapper.annotations	final_439_prot.emapper.annotations	0.695	2025-10-20 17:40:40.395733	eggNOG/emapper
/media/saji/5E06441D0643F5152/phase_4/final_phase4_14_09/result/annotation_unified_SHORTLISTED/backup/final_439_prot.emapper.hits	final_439_prot.emapper.hits	0.066	2025-10-20 12:02:55.531784	eggNOG/emapper
/media/saji/5E06441D0643F5152/phase_4/final_phase4_14_09/result/annotation_unified_SHORTLISTED/final_439_prot.emapper.hits	final_439_prot.emapper.hits	0.066	2025-10-20 12:02:55.531784	eggNOG/emapper
/media/saji/5E06441D0643F5152/phase_4/final_phase4_14_09/result/annotation_unified_SHORTLISTED/old/final_439_prot.emapper.hits	final_439_prot.emapper.hits	0.066	2025-10-20 05:16:38.713097	eggNOG/emapper
/media/saji/5E06441D0643F5152/phase_4/final_phase4_14_09/result/annotation_unified_SHORTLISTED/backup/final_439_prot.emapper.seed_orthologs	final_439_prot.emapper.seed_orthologs	0.029	2025-10-20 17:40:39.888731	eggNOG/emapper
/media/saji/5E06441D0643F5152/phase_4/final_phase4_14_09/result/annotation_unified_SHORTLISTED/final_439_prot.emapper.seed_orthologs	final_439_prot.emapper.seed_orthologs	0.029	2025-10-20 17:40:39.888731	eggNOG/emapper
/media/saji/5E06441D0643F5152/phase_4/final_phase4_14_09/result/annotation_unified_SHORTLISTED/old/final_439_prot.emapper.seed_orthologs	final_439_prot.emapper.seed_orthologs	0.03	2025-10-20 05:17:13.362755	eggNOG/emapper
/media/saji/5E06441D0643F5152/phase_4/final_phase4_14_09/result/old_mthod/phase4b/phase4b_map_and_reg/eggnog/phase4b_full.emapper.annotations	phase4b_full.emapper.annotations	0.583	2025-10-13 14:11:14.873934	eggNOG/emapper
/media/saji/5E06441D0643F5152/phase_4/final_phase4_14_09/result/phase4b/old_phase4b/phase4b_map_and_reg/eggnog/phase4b_full.emapper.annotations	phase4b_full.emapper.annotations	0.583	2025-10-13 14:11:14.873934	eggNOG/emapper
/media/saji/5E06441D0643F5152/phase_4/final_phase4_14_09/result/old_mthod/phase4b/phase4b_map_and_reg/eggnog/phase4b_full.emapper.hits	phase4b_full.emapper.hits	1.198	2025-10-13 00:43:31.137828	eggNOG/emapper
/media/saji/5E06441D0643F5152/phase_4/final_phase4_14_09/result/phase4b/old_phase4b/phase4b_map_and_reg/eggnog/phase4b_full.emapper.hits	phase4b_full.emapper.hits	1.198	2025-10-13 00:43:31.137828	eggNOG/emapper
/media/saji/5E06441D0643F5152/phase_4/final_phase4_14_09/result/old_mthod/phase4b/phase4b_map_and_reg/eggnog/phase4b_full.emapper.seed_orthologs	phase4b_full.emapper.seed_orthologs	0.024	2025-10-13 14:11:14.817935	eggNOG/emapper
/media/saji/5E06441D0643F5152/phase_4/final_phase4_14_09/result/phase4b/old_phase4b/phase4b_map_and_reg/eggnog/phase4b_full.emapper.seed_orthologs	phase4b_full.emapper.seed_orthologs	0.024	2025-10-13 14:11:14.817935	eggNOG/emapper
/media/saji/5E06441D0643F5152/phase_4/run_eggnog_on_peptides.sh	run_eggnog_on_peptides.sh	0.001	2025-10-12 13:21:06.909811	eggNOG/emapper
/media/saji/5E06441D0643F5152/FSF_SIGNAL_STRATIFICATION/scripts/23_prepare_stable_signal_annotation_inputs.R	23_prepare_stable_signal_annotation_inputs.R	0.004	2026-06-06 02:52:31.639382	general_annotation
/media/saji/5E06441D0643F5152/FSF_SIGNAL_STRATIFICATION/results/logs/23_prepare_stable_signal_annotation_inputs.log	23_prepare_stable_signal_annotation_inputs.log	0.004	2026-06-06 02:52:45.284463	general_annotation
/media/saji/5E06441D0643F5152/FSF_SIGNAL_STRATIFICATION/scripts/24_register_annotation_resources.R	24_register_annotation_resources.R	0.004	2026-06-06 02:56:25.854412	general_annotation
/media/saji/5E06441D0643F5152/FSF_SIGNAL_STRATIFICATION/results/logs/24_register_annotation_resources.log	24_register_annotation_resources.log	0.001	2026-06-06 02:56:35.669441	general_annotation
/media/saji/5E06441D0643F5152/phase_4/final_phase4_14_09/old /result/braker_genome_annotation/species/Ramazzottius_annotation/Ramazzottius_annotation_exon_probs.pbl	Ramazzottius_annotation_exon_probs.pbl	0.227	2025-09-15 13:55:57.181757	general_annotation
/media/saji/5E06441D0643F5152/phase_4/final_phase4_14_09/result/braker_genome_annotation/old_new/old/species/Ramazzottius_annotation/Ramazzottius_annotation_exon_probs.pbl	Ramazzottius_annotation_exon_probs.pbl	0.247	2025-10-19 03:15:55.335696	general_annotation
/media/saji/5E06441D0643F5152/phase_4/final_phase4_14_09/result/braker_genome_annotation/old_old/old/species/Ramazzottius_annotation/Ramazzottius_annotation_exon_probs.pbl	Ramazzottius_annotation_exon_probs.pbl	0.227	2025-10-04 04:22:37.482463	general_annotation
/media/saji/5E06441D0643F5152/phase_4/final_phase4_14_09/result/braker_genome_annotation/old_old/species/Ramazzottius_annotation/Ramazzottius_annotation_exon_probs.pbl	Ramazzottius_annotation_exon_probs.pbl	0.229	2025-10-05 01:07:47.629196	general_annotation
/media/saji/5E06441D0643F5152/phase_4/final_phase4_14_09/result/braker_genome_annotation/species/Ramazzottius_annotation/Ramazzottius_annotation_exon_probs.pbl	Ramazzottius_annotation_exon_probs.pbl	0.229	2025-10-08 16:00:20.604006	general_annotation
/media/saji/5E06441D0643F5152/phase_4/final_phase4_14_09/result/old_mthod/braker_genome_annotation/old_old/old/species/Ramazzottius_annotation/Ramazzottius_annotation_exon_probs.pbl	Ramazzottius_annotation_exon_probs.pbl	0.227	2025-10-04 04:22:37.482463	general_annotation
/media/saji/5E06441D0643F5152/phase_4/final_phase4_14_09/result/old_mthod/braker_genome_annotation/old_old/species/Ramazzottius_annotation/Ramazzottius_annotation_exon_probs.pbl	Ramazzottius_annotation_exon_probs.pbl	0.229	2025-10-05 01:07:47.629196	general_annotation
/media/saji/5E06441D0643F5152/phase_4/final_phase4_14_09/result/old_mthod/braker_genome_annotation/species/Ramazzottius_annotation/Ramazzottius_annotation_exon_probs.pbl	Ramazzottius_annotation_exon_probs.pbl	0.229	2025-10-08 16:00:20.604006	general_annotation
/media/saji/5E06441D0643F5152/phase_4/final_phase4_14_09/old /result/braker_genome_annotation/species/Ramazzottius_annotation/Ramazzottius_annotation_igenic_probs.pbl	Ramazzottius_annotation_igenic_probs.pbl	0.031	2025-09-15 13:55:57.181757	general_annotation
/media/saji/5E06441D0643F5152/phase_4/final_phase4_14_09/result/braker_genome_annotation/old_new/old/species/Ramazzottius_annotation/Ramazzottius_annotation_igenic_probs.pbl	Ramazzottius_annotation_igenic_probs.pbl	0.031	2025-10-19 03:15:55.335696	general_annotation
/media/saji/5E06441D0643F5152/phase_4/final_phase4_14_09/result/braker_genome_annotation/old_old/old/species/Ramazzottius_annotation/Ramazzottius_annotation_igenic_probs.pbl	Ramazzottius_annotation_igenic_probs.pbl	0.031	2025-10-04 04:22:37.483463	general_annotation
/media/saji/5E06441D0643F5152/phase_4/final_phase4_14_09/result/braker_genome_annotation/old_old/species/Ramazzottius_annotation/Ramazzottius_annotation_igenic_probs.pbl	Ramazzottius_annotation_igenic_probs.pbl	0.031	2025-10-05 01:07:47.629196	general_annotation
/media/saji/5E06441D0643F5152/phase_4/final_phase4_14_09/result/braker_genome_annotation/species/Ramazzottius_annotation/Ramazzottius_annotation_igenic_probs.pbl	Ramazzottius_annotation_igenic_probs.pbl	0.031	2025-10-08 16:00:20.604006	general_annotation
/media/saji/5E06441D0643F5152/phase_4/final_phase4_14_09/result/old_mthod/braker_genome_annotation/old_old/old/species/Ramazzottius_annotation/Ramazzottius_annotation_igenic_probs.pbl	Ramazzottius_annotation_igenic_probs.pbl	0.031	2025-10-04 04:22:37.483463	general_annotation
/media/saji/5E06441D0643F5152/phase_4/final_phase4_14_09/result/old_mthod/braker_genome_annotation/old_old/species/Ramazzottius_annotation/Ramazzottius_annotation_igenic_probs.pbl	Ramazzottius_annotation_igenic_probs.pbl	0.031	2025-10-05 01:07:47.629196	general_annotation
/media/saji/5E06441D0643F5152/phase_4/final_phase4_14_09/result/old_mthod/braker_genome_annotation/species/Ramazzottius_annotation/Ramazzottius_annotation_igenic_probs.pbl	Ramazzottius_annotation_igenic_probs.pbl	0.031	2025-10-08 16:00:20.604006	general_annotation
/media/saji/5E06441D0643F5152/phase_4/final_phase4_14_09/old /result/braker_genome_annotation/species/Ramazzottius_annotation/Ramazzottius_annotation_intron_probs.pbl	Ramazzottius_annotation_intron_probs.pbl	0.129	2025-09-15 13:55:57.181757	general_annotation
/media/saji/5E06441D0643F5152/phase_4/final_phase4_14_09/result/braker_genome_annotation/old_new/old/species/Ramazzottius_annotation/Ramazzottius_annotation_intron_probs.pbl	Ramazzottius_annotation_intron_probs.pbl	0.331	2025-10-19 03:15:55.335696	general_annotation
/media/saji/5E06441D0643F5152/phase_4/final_phase4_14_09/result/braker_genome_annotation/old_old/old/species/Ramazzottius_annotation/Ramazzottius_annotation_intron_probs.pbl	Ramazzottius_annotation_intron_probs.pbl	0.129	2025-10-04 04:22:37.473463	general_annotation
/media/saji/5E06441D0643F5152/phase_4/final_phase4_14_09/result/braker_genome_annotation/old_old/species/Ramazzottius_annotation/Ramazzottius_annotation_intron_probs.pbl	Ramazzottius_annotation_intron_probs.pbl	0.137	2025-10-05 01:07:47.629196	general_annotation
/media/saji/5E06441D0643F5152/phase_4/final_phase4_14_09/result/braker_genome_annotation/species/Ramazzottius_annotation/Ramazzottius_annotation_intron_probs.pbl	Ramazzottius_annotation_intron_probs.pbl	0.137	2025-10-08 16:00:20.604006	general_annotation
/media/saji/5E06441D0643F5152/phase_4/final_phase4_14_09/result/old_mthod/braker_genome_annotation/old_old/old/species/Ramazzottius_annotation/Ramazzottius_annotation_intron_probs.pbl	Ramazzottius_annotation_intron_probs.pbl	0.129	2025-10-04 04:22:37.473463	general_annotation
/media/saji/5E06441D0643F5152/phase_4/final_phase4_14_09/result/old_mthod/braker_genome_annotation/old_old/species/Ramazzottius_annotation/Ramazzottius_annotation_intron_probs.pbl	Ramazzottius_annotation_intron_probs.pbl	0.137	2025-10-05 01:07:47.629196	general_annotation
/media/saji/5E06441D0643F5152/phase_4/final_phase4_14_09/result/old_mthod/braker_genome_annotation/species/Ramazzottius_annotation/Ramazzottius_annotation_intron_probs.pbl	Ramazzottius_annotation_intron_probs.pbl	0.137	2025-10-08 16:00:20.604006	general_annotation
/media/saji/5E06441D0643F5152/phase_4/final_phase4_14_09/old /result/braker_genome_annotation/species/Ramazzottius_annotation/Ramazzottius_annotation_metapars.cfg	Ramazzottius_annotation_metapars.cfg	0.002	2025-09-15 13:55:57.181757	general_annotation
/media/saji/5E06441D0643F5152/phase_4/final_phase4_14_09/result/braker_genome_annotation/old_new/old/species/Ramazzottius_annotation/Ramazzottius_annotation_metapars.cfg	Ramazzottius_annotation_metapars.cfg	0.002	2025-10-19 03:15:55.334696	general_annotation
/media/saji/5E06441D0643F5152/phase_4/final_phase4_14_09/result/braker_genome_annotation/old_old/old/species/Ramazzottius_annotation/Ramazzottius_annotation_metapars.cfg	Ramazzottius_annotation_metapars.cfg	0.002	2025-10-04 04:22:37.477463	general_annotation
/media/saji/5E06441D0643F5152/phase_4/final_phase4_14_09/result/braker_genome_annotation/old_old/species/Ramazzottius_annotation/Ramazzottius_annotation_metapars.cfg	Ramazzottius_annotation_metapars.cfg	0.002	2025-10-05 01:07:47.628196	general_annotation
/media/saji/5E06441D0643F5152/phase_4/final_phase4_14_09/result/braker_genome_annotation/species/Ramazzottius_annotation/Ramazzottius_annotation_metapars.cfg	Ramazzottius_annotation_metapars.cfg	0.002	2025-10-08 16:00:20.604006	general_annotation
/media/saji/5E06441D0643F5152/phase_4/final_phase4_14_09/result/old_mthod/braker_genome_annotation/old_old/old/species/Ramazzottius_annotation/Ramazzottius_annotation_metapars.cfg	Ramazzottius_annotation_metapars.cfg	0.002	2025-10-04 04:22:37.477463	general_annotation
/media/saji/5E06441D0643F5152/phase_4/final_phase4_14_09/result/old_mthod/braker_genome_annotation/old_old/species/Ramazzottius_annotation/Ramazzottius_annotation_metapars.cfg	Ramazzottius_annotation_metapars.cfg	0.002	2025-10-05 01:07:47.628196	general_annotation
/media/saji/5E06441D0643F5152/phase_4/final_phase4_14_09/result/old_mthod/braker_genome_annotation/species/Ramazzottius_annotation/Ramazzottius_annotation_metapars.cfg	Ramazzottius_annotation_metapars.cfg	0.002	2025-10-08 16:00:20.604006	general_annotation
/media/saji/5E06441D0643F5152/phase_4/final_phase4_14_09/old /result/braker_genome_annotation/species/Ramazzottius_annotation/Ramazzottius_annotation_metapars.cgp.cfg	Ramazzottius_annotation_metapars.cgp.cfg	0.001	2025-09-15 13:55:57.181757	general_annotation
/media/saji/5E06441D0643F5152/phase_4/final_phase4_14_09/result/braker_genome_annotation/old_new/old/species/Ramazzottius_annotation/Ramazzottius_annotation_metapars.cgp.cfg	Ramazzottius_annotation_metapars.cgp.cfg	0.001	2025-10-19 03:15:55.334696	general_annotation
/media/saji/5E06441D0643F5152/phase_4/final_phase4_14_09/result/braker_genome_annotation/old_old/old/species/Ramazzottius_annotation/Ramazzottius_annotation_metapars.cgp.cfg	Ramazzottius_annotation_metapars.cgp.cfg	0.001	2025-10-04 04:22:37.480463	general_annotation
/media/saji/5E06441D0643F5152/phase_4/final_phase4_14_09/result/braker_genome_annotation/old_old/species/Ramazzottius_annotation/Ramazzottius_annotation_metapars.cgp.cfg	Ramazzottius_annotation_metapars.cgp.cfg	0.001	2025-10-05 01:07:47.628196	general_annotation
/media/saji/5E06441D0643F5152/phase_4/final_phase4_14_09/result/braker_genome_annotation/species/Ramazzottius_annotation/Ramazzottius_annotation_metapars.cgp.cfg	Ramazzottius_annotation_metapars.cgp.cfg	0.001	2025-10-08 16:00:20.604006	general_annotation
/media/saji/5E06441D0643F5152/phase_4/final_phase4_14_09/result/old_mthod/braker_genome_annotation/old_old/old/species/Ramazzottius_annotation/Ramazzottius_annotation_metapars.cgp.cfg	Ramazzottius_annotation_metapars.cgp.cfg	0.001	2025-10-04 04:22:37.480463	general_annotation
/media/saji/5E06441D0643F5152/phase_4/final_phase4_14_09/result/old_mthod/braker_genome_annotation/old_old/species/Ramazzottius_annotation/Ramazzottius_annotation_metapars.cgp.cfg	Ramazzottius_annotation_metapars.cgp.cfg	0.001	2025-10-05 01:07:47.628196	general_annotation
/media/saji/5E06441D0643F5152/phase_4/final_phase4_14_09/result/old_mthod/braker_genome_annotation/species/Ramazzottius_annotation/Ramazzottius_annotation_metapars.cgp.cfg	Ramazzottius_annotation_metapars.cgp.cfg	0.001	2025-10-08 16:00:20.604006	general_annotation
/media/saji/5E06441D0643F5152/phase_4/final_phase4_14_09/old /result/braker_genome_annotation/species/Ramazzottius_annotation/Ramazzottius_annotation_metapars.utr.cfg	Ramazzottius_annotation_metapars.utr.cfg	0.001	2025-09-15 13:55:57.181757	general_annotation
/media/saji/5E06441D0643F5152/phase_4/final_phase4_14_09/result/braker_genome_annotation/old_new/old/species/Ramazzottius_annotation/Ramazzottius_annotation_metapars.utr.cfg	Ramazzottius_annotation_metapars.utr.cfg	0.001	2025-10-19 03:15:55.334696	general_annotation
/media/saji/5E06441D0643F5152/phase_4/final_phase4_14_09/result/braker_genome_annotation/old_old/old/species/Ramazzottius_annotation/Ramazzottius_annotation_metapars.utr.cfg	Ramazzottius_annotation_metapars.utr.cfg	0.001	2025-10-04 04:22:37.478463	general_annotation
/media/saji/5E06441D0643F5152/phase_4/final_phase4_14_09/result/braker_genome_annotation/old_old/species/Ramazzottius_annotation/Ramazzottius_annotation_metapars.utr.cfg	Ramazzottius_annotation_metapars.utr.cfg	0.001	2025-10-05 01:07:47.628196	general_annotation
/media/saji/5E06441D0643F5152/phase_4/final_phase4_14_09/result/braker_genome_annotation/species/Ramazzottius_annotation/Ramazzottius_annotation_metapars.utr.cfg	Ramazzottius_annotation_metapars.utr.cfg	0.001	2025-10-08 16:00:20.604006	general_annotation
/media/saji/5E06441D0643F5152/phase_4/final_phase4_14_09/result/old_mthod/braker_genome_annotation/old_old/old/species/Ramazzottius_annotation/Ramazzottius_annotation_metapars.utr.cfg	Ramazzottius_annotation_metapars.utr.cfg	0.001	2025-10-04 04:22:37.478463	general_annotation
/media/saji/5E06441D0643F5152/phase_4/final_phase4_14_09/result/old_mthod/braker_genome_annotation/old_old/species/Ramazzottius_annotation/Ramazzottius_annotation_metapars.utr.cfg	Ramazzottius_annotation_metapars.utr.cfg	0.001	2025-10-05 01:07:47.628196	general_annotation
/media/saji/5E06441D0643F5152/phase_4/final_phase4_14_09/result/old_mthod/braker_genome_annotation/species/Ramazzottius_annotation/Ramazzottius_annotation_metapars.utr.cfg	Ramazzottius_annotation_metapars.utr.cfg	0.001	2025-10-08 16:00:20.604006	general_annotation
/media/saji/5E06441D0643F5152/phase_4/final_phase4_14_09/old /result/braker_genome_annotation/species/Ramazzottius_annotation/Ramazzottius_annotation_parameters.cfg	Ramazzottius_annotation_parameters.cfg	0.007	2025-09-15 13:55:57.181757	general_annotation
/media/saji/5E06441D0643F5152/phase_4/final_phase4_14_09/result/braker_genome_annotation/old_new/old/species/Ramazzottius_annotation/Ramazzottius_annotation_parameters.cfg	Ramazzottius_annotation_parameters.cfg	0.007	2025-10-19 03:15:55.334696	general_annotation
/media/saji/5E06441D0643F5152/phase_4/final_phase4_14_09/result/braker_genome_annotation/old_old/old/species/Ramazzottius_annotation/Ramazzottius_annotation_parameters.cfg	Ramazzottius_annotation_parameters.cfg	0.007	2025-10-04 04:22:37.474463	general_annotation
/media/saji/5E06441D0643F5152/phase_4/final_phase4_14_09/result/braker_genome_annotation/old_old/species/Ramazzottius_annotation/Ramazzottius_annotation_parameters.cfg	Ramazzottius_annotation_parameters.cfg	0.007	2025-10-05 01:07:47.628196	general_annotation
/media/saji/5E06441D0643F5152/phase_4/final_phase4_14_09/result/braker_genome_annotation/species/Ramazzottius_annotation/Ramazzottius_annotation_parameters.cfg	Ramazzottius_annotation_parameters.cfg	0.007	2025-10-08 16:00:20.604006	general_annotation
/media/saji/5E06441D0643F5152/phase_4/final_phase4_14_09/result/old_mthod/braker_genome_annotation/old_old/old/species/Ramazzottius_annotation/Ramazzottius_annotation_parameters.cfg	Ramazzottius_annotation_parameters.cfg	0.007	2025-10-04 04:22:37.474463	general_annotation
/media/saji/5E06441D0643F5152/phase_4/final_phase4_14_09/result/old_mthod/braker_genome_annotation/old_old/species/Ramazzottius_annotation/Ramazzottius_annotation_parameters.cfg	Ramazzottius_annotation_parameters.cfg	0.007	2025-10-05 01:07:47.628196	general_annotation
/media/saji/5E06441D0643F5152/phase_4/final_phase4_14_09/result/old_mthod/braker_genome_annotation/species/Ramazzottius_annotation/Ramazzottius_annotation_parameters.cfg	Ramazzottius_annotation_parameters.cfg	0.007	2025-10-08 16:00:20.604006	general_annotation
/media/saji/5E06441D0643F5152/phase_4/final_phase4_14_09/old /result/braker_genome_annotation/species/Ramazzottius_annotation/Ramazzottius_annotation_parameters.cfg.orig1	Ramazzottius_annotation_parameters.cfg.orig1	0.007	2025-09-15 13:55:57.181757	general_annotation
/media/saji/5E06441D0643F5152/phase_4/final_phase4_14_09/result/braker_genome_annotation/old_new/old/species/Ramazzottius_annotation/Ramazzottius_annotation_parameters.cfg.orig1	Ramazzottius_annotation_parameters.cfg.orig1	0.007	2025-10-19 03:15:55.335696	general_annotation
/media/saji/5E06441D0643F5152/phase_4/final_phase4_14_09/result/braker_genome_annotation/old_old/old/species/Ramazzottius_annotation/Ramazzottius_annotation_parameters.cfg.orig1	Ramazzottius_annotation_parameters.cfg.orig1	0.007	2025-10-04 04:22:37.485463	general_annotation
/media/saji/5E06441D0643F5152/phase_4/final_phase4_14_09/result/braker_genome_annotation/old_old/species/Ramazzottius_annotation/Ramazzottius_annotation_parameters.cfg.orig1	Ramazzottius_annotation_parameters.cfg.orig1	0.007	2025-10-05 01:07:47.629196	general_annotation
/media/saji/5E06441D0643F5152/phase_4/final_phase4_14_09/result/braker_genome_annotation/species/Ramazzottius_annotation/Ramazzottius_annotation_parameters.cfg.orig1	Ramazzottius_annotation_parameters.cfg.orig1	0.007	2025-10-08 16:00:20.604006	general_annotation
/media/saji/5E06441D0643F5152/phase_4/final_phase4_14_09/result/old_mthod/braker_genome_annotation/old_old/old/species/Ramazzottius_annotation/Ramazzottius_annotation_parameters.cfg.orig1	Ramazzottius_annotation_parameters.cfg.orig1	0.007	2025-10-04 04:22:37.485463	general_annotation
/media/saji/5E06441D0643F5152/phase_4/final_phase4_14_09/result/old_mthod/braker_genome_annotation/old_old/species/Ramazzottius_annotation/Ramazzottius_annotation_parameters.cfg.orig1	Ramazzottius_annotation_parameters.cfg.orig1	0.007	2025-10-05 01:07:47.629196	general_annotation
/media/saji/5E06441D0643F5152/phase_4/final_phase4_14_09/result/old_mthod/braker_genome_annotation/species/Ramazzottius_annotation/Ramazzottius_annotation_parameters.cfg.orig1	Ramazzottius_annotation_parameters.cfg.orig1	0.007	2025-10-08 16:00:20.604006	general_annotation
/media/saji/5E06441D0643F5152/phase_4/final_phase4_14_09/old /result/braker_genome_annotation/species/Ramazzottius_annotation/Ramazzottius_annotation_weightmatrix.txt	Ramazzottius_annotation_weightmatrix.txt	0.001	2025-09-15 13:55:57.181757	general_annotation
/media/saji/5E06441D0643F5152/phase_4/final_phase4_14_09/result/braker_genome_annotation/old_new/old/species/Ramazzottius_annotation/Ramazzottius_annotation_weightmatrix.txt	Ramazzottius_annotation_weightmatrix.txt	0.001	2025-10-19 03:15:55.334696	general_annotation
/media/saji/5E06441D0643F5152/phase_4/final_phase4_14_09/result/braker_genome_annotation/old_old/old/species/Ramazzottius_annotation/Ramazzottius_annotation_weightmatrix.txt	Ramazzottius_annotation_weightmatrix.txt	0.001	2025-10-04 04:22:37.476463	general_annotation
/media/saji/5E06441D0643F5152/phase_4/final_phase4_14_09/result/braker_genome_annotation/old_old/species/Ramazzottius_annotation/Ramazzottius_annotation_weightmatrix.txt	Ramazzottius_annotation_weightmatrix.txt	0.001	2025-10-05 01:07:47.628196	general_annotation
/media/saji/5E06441D0643F5152/phase_4/final_phase4_14_09/result/braker_genome_annotation/species/Ramazzottius_annotation/Ramazzottius_annotation_weightmatrix.txt	Ramazzottius_annotation_weightmatrix.txt	0.001	2025-10-08 16:00:20.604006	general_annotation
/media/saji/5E06441D0643F5152/phase_4/final_phase4_14_09/result/old_mthod/braker_genome_annotation/old_old/old/species/Ramazzottius_annotation/Ramazzottius_annotation_weightmatrix.txt	Ramazzottius_annotation_weightmatrix.txt	0.001	2025-10-04 04:22:37.476463	general_annotation
/media/saji/5E06441D0643F5152/phase_4/final_phase4_14_09/result/old_mthod/braker_genome_annotation/old_old/species/Ramazzottius_annotation/Ramazzottius_annotation_weightmatrix.txt	Ramazzottius_annotation_weightmatrix.txt	0.001	2025-10-05 01:07:47.628196	general_annotation
/media/saji/5E06441D0643F5152/phase_4/final_phase4_14_09/result/old_mthod/braker_genome_annotation/species/Ramazzottius_annotation/Ramazzottius_annotation_weightmatrix.txt	Ramazzottius_annotation_weightmatrix.txt	0.001	2025-10-08 16:00:20.604006	general_annotation
/media/saji/5E06441D0643F5152/phase_4/final_phase4_14_09/result/old_mthod/phase4b/phase4b_map_and_reg/old_old/annotation_summary.csv	annotation_summary.csv	0	2025-10-13 23:08:11.275931	general_annotation
/media/saji/5E06441D0643F5152/phase_4/final_phase4_14_09/result/phase4b/old_phase4b/phase4b_map_and_reg/old_old/annotation_summary.csv	annotation_summary.csv	0	2025-10-13 23:08:11.275931	general_annotation
/media/saji/5E06441D0643F5152/phase_4/final_phase4_14_09/old /result/ivb_pipeline_outputs/filtered_peptide_less_150aa/csv_neuroPIpred_results/Modified_tardigrade_friendly/neuroPIpred_processed/eggnog_annotation_combine/combined_neuropeptide_annotations_desiccation.tsv	combined_neuropeptide_annotations_desiccation.tsv	0.003	2025-09-19 09:12:07.338426	general_annotation
/media/saji/5E06441D0643F5152/phase_4/final_phase4_14_09/old /result/ivb_pipeline_outputs/filtered_peptide_less_150aa/csv_neuroPIpred_results/Modified_tardigrade_friendly/neuroPIpred_processed/eggnog_annotation_combine/combined_neuropeptide_annotations_gamma.tsv	combined_neuropeptide_annotations_gamma.tsv	0	2025-09-19 09:12:07.317426	general_annotation
/media/saji/5E06441D0643F5152/phase_4/final_phase4_14_09/old /result/ivb_pipeline_outputs/filtered_peptide_less_150aa/csv_neuroPIpred_results/Modified_tardigrade_friendly/neuroPIpred_processed/eggnog_annotation_combine/combined_neuropeptide_annotations_ht.tsv	combined_neuropeptide_annotations_ht.tsv	0	2025-09-19 09:12:07.306427	general_annotation
/media/saji/5E06441D0643F5152/phase_4/final_phase4_14_09/old /result/ivb_pipeline_outputs/filtered_peptide_less_150aa/csv_neuroPIpred_results/Modified_tardigrade_friendly/neuroPIpred_processed/eggnog_annotation_combine/combined_neuropeptide_annotations_lt.tsv	combined_neuropeptide_annotations_lt.tsv	0.001	2025-09-19 09:12:07.278427	general_annotation
/media/saji/5E06441D0643F5152/phase_4/final_phase4_14_09/old /result/ivb_pipeline_outputs/filtered_peptide_less_150aa/csv_neuroPIpred_results/Modified_tardigrade_friendly/neuroPIpred_processed/eggnog_annotation_combine/combined_neuropeptide_annotations_master.tsv	combined_neuropeptide_annotations_master.tsv	0.005	2025-09-19 09:12:07.365426	general_annotation
/media/saji/5E06441D0643F5152/phase_4/final_phase4_14_09/old /result/ivb_pipeline_outputs/filtered_peptide_less_150aa/csv_neuroPIpred_results/Modified_tardigrade_friendly/neuroPIpred_processed/eggnog_annotation_combine/combined_neuropeptide_annotations_osmotic.tsv	combined_neuropeptide_annotations_osmotic.tsv	0	2025-09-19 09:12:07.333426	general_annotation
/media/saji/5E06441D0643F5152/phase_4/final_phase4_14_09/old /result/ivb_pipeline_outputs/filtered_peptide_less_150aa/csv_neuroPIpred_results/Modified_tardigrade_friendly/neuroPIpred_processed/eggnog_annotation_combine/combined_neuropeptide_annotations_uv.tsv	combined_neuropeptide_annotations_uv.tsv	0.001	2025-09-19 09:12:07.329426	general_annotation
/media/saji/5E06441D0643F5152/phase_4/final_phase4_14_09/old /result/ivb_pipeline_outputs/filtered_peptide_less_150aa/csv_neuroPIpred_results/Modified_tardigrade_friendly/final_annotation_merged/final_annotation_all_conditions.tsv	final_annotation_all_conditions.tsv	0.008	2025-09-18 00:10:36.339513	general_annotation
/media/saji/5E06441D0643F5152/phase_4/final_phase4_14_09/old /result/ivb_pipeline_outputs/filtered_peptide_less_150aa/csv_neuroPIpred_results/Modified_tardigrade_friendly/final_annotation_merged/final_annotation_desiccation.tsv	final_annotation_desiccation.tsv	0.002	2025-09-18 00:10:36.266513	general_annotation
/media/saji/5E06441D0643F5152/phase_4/final_phase4_14_09/old /result/ivb_pipeline_outputs/filtered_peptide_less_150aa/csv_neuroPIpred_results/Modified_tardigrade_friendly/final_annotation_merged/final_annotation_gamma.tsv	final_annotation_gamma.tsv	0.001	2025-09-18 00:10:36.275513	general_annotation
/media/saji/5E06441D0643F5152/phase_4/final_phase4_14_09/old /result/ivb_pipeline_outputs/filtered_peptide_less_150aa/csv_neuroPIpred_results/Modified_tardigrade_friendly/final_annotation_merged/final_annotation_ht.tsv	final_annotation_ht.tsv	0.001	2025-09-18 00:10:36.283513	general_annotation
/media/saji/5E06441D0643F5152/phase_4/final_phase4_14_09/old /result/ivb_pipeline_outputs/filtered_peptide_less_150aa/csv_neuroPIpred_results/Modified_tardigrade_friendly/final_annotation_merged/final_annotation_lt.tsv	final_annotation_lt.tsv	0.001	2025-09-18 00:10:36.291512	general_annotation
/media/saji/5E06441D0643F5152/phase_4/final_phase4_14_09/old /result/ivb_pipeline_outputs/filtered_peptide_less_150aa/csv_neuroPIpred_results/Modified_tardigrade_friendly/final_annotation_merged/final_annotation_master.tsv	final_annotation_master.tsv	0.004	2025-09-18 00:10:36.309513	general_annotation
/media/saji/5E06441D0643F5152/phase_4/final_phase4_14_09/old /result/ivb_pipeline_outputs/filtered_peptide_less_150aa/csv_neuroPIpred_results/Modified_tardigrade_friendly/final_annotation_merged/final_annotation_osmotic.tsv	final_annotation_osmotic.tsv	0	2025-09-18 00:10:36.298513	general_annotation
/media/saji/5E06441D0643F5152/phase_4/final_phase4_14_09/old /result/ivb_pipeline_outputs/filtered_peptide_less_150aa/csv_neuroPIpred_results/Modified_tardigrade_friendly/final_annotation_merged/final_annotation_uv.tsv	final_annotation_uv.tsv	0.001	2025-09-18 00:10:36.303513	general_annotation
/media/saji/5E06441D0643F5152/phase_4/final_phase4_14_09/old /result/ivb_pipeline_outputs/filtered_peptide_less_150aa/csv_neuroPIpred_results/Modified_tardigrade_friendly/neuroPIpred_processed/final_neuropeptide_master_annotation.tsv	final_neuropeptide_master_annotation.tsv	0.006	2025-09-19 14:49:48.605543	general_annotation
/media/saji/5E06441D0643F5152/phase_4/final_phase4_14_09/old /result/final_neuropeptide_master_annotation_17.tsv	final_neuropeptide_master_annotation_17.tsv	0.005	2025-09-19 15:02:37.478946	general_annotation
/media/saji/5E06441D0643F5152/phase_4/final_phase4_14_09/result/old_mthod/phase4b/phase4b_map_and_reg/old_new2/final_phase4b_functional_summary_CLEAN.tsv	final_phase4b_functional_summary_CLEAN.tsv	0.597	2025-10-14 10:22:01.284631	general_annotation
/media/saji/5E06441D0643F5152/phase_4/final_phase4_14_09/result/phase4b/old_phase4b/phase4b_map_and_reg/old_new2/final_phase4b_functional_summary_CLEAN.tsv	final_phase4b_functional_summary_CLEAN.tsv	0.597	2025-10-14 10:22:01.284631	general_annotation
/media/saji/5E06441D0643F5152/phase_4/final_phase4_14_09/result/old_mthod/phase4b/phase4b_map_and_reg/final_phase4b_functional_summary_FULL.tsv	final_phase4b_functional_summary_FULL.tsv	0.607	2025-10-14 14:02:26.556834	general_annotation
/media/saji/5E06441D0643F5152/phase_4/final_phase4_14_09/result/old_mthod/phase4b/phase4b_map_and_reg/old_new2/final_phase4b_functional_summary_FULL.tsv	final_phase4b_functional_summary_FULL.tsv	0.508	2025-10-14 10:44:06.05956	general_annotation
/media/saji/5E06441D0643F5152/phase_4/final_phase4_14_09/result/phase4b/old_phase4b/phase4b_map_and_reg/final_phase4b_functional_summary_FULL.tsv	final_phase4b_functional_summary_FULL.tsv	0.607	2025-10-14 14:02:26.556834	general_annotation
/media/saji/5E06441D0643F5152/phase_4/final_phase4_14_09/result/phase4b/old_phase4b/phase4b_map_and_reg/old_new2/final_phase4b_functional_summary_FULL.tsv	final_phase4b_functional_summary_FULL.tsv	0.508	2025-10-14 10:44:06.05956	general_annotation
/media/saji/5E06441D0643F5152/phase_4/final_phase4_14_09/result/old_mthod/phase4b/phase4b_map_and_reg/final_phase4b_functional_summary_SHORT.tsv	final_phase4b_functional_summary_SHORT.tsv	0.431	2025-10-14 14:02:28.992825	general_annotation
/media/saji/5E06441D0643F5152/phase_4/final_phase4_14_09/result/old_mthod/phase4b/phase4b_map_and_reg/old_new2/final_phase4b_functional_summary_SHORT.tsv	final_phase4b_functional_summary_SHORT.tsv	0.117	2025-10-14 10:44:07.108555	general_annotation
/media/saji/5E06441D0643F5152/phase_4/final_phase4_14_09/result/phase4b/old_phase4b/phase4b_map_and_reg/final_phase4b_functional_summary_SHORT.tsv	final_phase4b_functional_summary_SHORT.tsv	0.431	2025-10-14 14:02:28.992825	general_annotation
/media/saji/5E06441D0643F5152/phase_4/final_phase4_14_09/result/phase4b/old_phase4b/phase4b_map_and_reg/old_new2/final_phase4b_functional_summary_SHORT.tsv	final_phase4b_functional_summary_SHORT.tsv	0.117	2025-10-14 10:44:07.108555	general_annotation
/media/saji/5E06441D0643F5152/phase_4/final_phase4_14_09/result/old_mthod/phase4b/phase4b_map_and_reg/old_new2/final_phase4b_functional_summary_SHORTLIST.tsv	final_phase4b_functional_summary_SHORTLIST.tsv	0.449	2025-10-14 10:25:26.285825	general_annotation
/media/saji/5E06441D0643F5152/phase_4/final_phase4_14_09/result/phase4b/old_phase4b/phase4b_map_and_reg/old_new2/final_phase4b_functional_summary_SHORTLIST.tsv	final_phase4b_functional_summary_SHORTLIST.tsv	0.449	2025-10-14 10:25:26.285825	general_annotation
/media/saji/5E06441D0643F5152/phase_4/final_phase4_14_09/result/cross_mapping_braker_NCBI/limma_annotation.sh	limma_annotation.sh	0.004	2025-11-01 22:37:27.498511	general_annotation
/media/saji/5E06441D0643F5152/phase_4/app_windows/NeuropeptideApp_wini38632/R/library/mgcv/help/linear.functional.terms.html	linear.functional.terms.html	0	2022-03-10 09:46:12	general_annotation
/media/saji/5E06441D0643F5152/phase_4/app_windows/NeuropeptideApp_wini38632/R/library/mgcv/html/linear.functional.terms.html	linear.functional.terms.html	0.01	2022-03-10 09:46:12	general_annotation
/media/saji/5E06441D0643F5152/phase_4/final_phase4_14_09/old /result/ivb_pipeline_outputs_all_peptides/final_result/master_annotation_table.tsv	master_annotation_table.tsv	1.005	2025-09-20 02:36:26.058514	general_annotation
/media/saji/5E06441D0643F5152/phase_4/final_phase4_14_09/old /result/ivb_pipeline_outputs_all_peptides/master_annotation_table.tsv	master_annotation_table.tsv	1.005	2025-09-20 02:36:26.058514	general_annotation
/media/saji/5E06441D0643F5152/phase_4/final_phase4_14_09/old /result/ivb_pipeline_outputs_all_peptides/neuropeptide_from_master_annotation.xlsx	neuropeptide_from_master_annotation.xlsx	0.035	2025-09-21 22:34:59	general_annotation
/media/saji/5E06441D0643F5152/phase_4/final_phase4_14_09/old /result/ivb_pipeline_outputs/neuropeptides_desiccation_annotation_merged.tsv	neuropeptides_desiccation_annotation_merged.tsv	0	2025-09-17 11:08:00.576385	general_annotation
/media/saji/5E06441D0643F5152/phase_4/final_phase4_14_09/old /result/ivb_pipeline_outputs/filtered_peptide_less_150aa/neuroPIpred_fasta/neuropeptides_desiccation_for_annotation.fa	neuropeptides_desiccation_for_annotation.fa	0.001	2025-09-17 23:38:19.033913	general_annotation
/media/saji/5E06441D0643F5152/phase_4/final_phase4_14_09/old /result/ivb_pipeline_outputs/neuropeptides_gamma_annotation_merged.tsv	neuropeptides_gamma_annotation_merged.tsv	0	2025-09-17 11:08:00.580385	general_annotation
/media/saji/5E06441D0643F5152/phase_4/final_phase4_14_09/old /result/ivb_pipeline_outputs/filtered_peptide_less_150aa/neuroPIpred_fasta/neuropeptides_gamma_for_annotation.fa	neuropeptides_gamma_for_annotation.fa	0	2025-09-17 23:38:19.035913	general_annotation
/media/saji/5E06441D0643F5152/phase_4/final_phase4_14_09/old /result/ivb_pipeline_outputs/neuropeptides_ht_annotation_merged.tsv	neuropeptides_ht_annotation_merged.tsv	0	2025-09-17 11:08:00.583385	general_annotation
/media/saji/5E06441D0643F5152/phase_4/final_phase4_14_09/old /result/ivb_pipeline_outputs/filtered_peptide_less_150aa/neuroPIpred_fasta/neuropeptides_ht_for_annotation.fa	neuropeptides_ht_for_annotation.fa	0	2025-09-17 23:38:19.036913	general_annotation
/media/saji/5E06441D0643F5152/phase_4/final_phase4_14_09/old /result/ivb_pipeline_outputs/neuropeptides_lt_annotation_merged.tsv	neuropeptides_lt_annotation_merged.tsv	0	2025-09-17 11:08:00.589385	general_annotation
/media/saji/5E06441D0643F5152/phase_4/final_phase4_14_09/old /result/ivb_pipeline_outputs/filtered_peptide_less_150aa/neuroPIpred_fasta/neuropeptides_lt_for_annotation.fa	neuropeptides_lt_for_annotation.fa	0.001	2025-09-17 23:38:19.037913	general_annotation
/media/saji/5E06441D0643F5152/phase_4/final_phase4_14_09/old /result/ivb_pipeline_outputs/neuropeptides_master_annotation_merged.tsv	neuropeptides_master_annotation_merged.tsv	0.022	2025-09-17 11:08:00.549385	general_annotation
/media/saji/5E06441D0643F5152/phase_4/final_phase4_14_09/old /result/ivb_pipeline_outputs/filtered_peptide_less_150aa/neuroPIpred_fasta/neuropeptides_master_for_annotation.fa	neuropeptides_master_for_annotation.fa	0.004	2025-09-17 23:38:19.053913	general_annotation
/media/saji/5E06441D0643F5152/phase_4/final_phase4_14_09/old /result/ivb_pipeline_outputs/neuropeptides_osmotic_annotation_merged.tsv	neuropeptides_osmotic_annotation_merged.tsv	0	2025-09-17 11:08:00.594385	general_annotation
/media/saji/5E06441D0643F5152/phase_4/final_phase4_14_09/old /result/ivb_pipeline_outputs/neuropeptides_uv_annotation_merged.tsv	neuropeptides_uv_annotation_merged.tsv	0	2025-09-17 11:08:00.599385	general_annotation
/media/saji/5E06441D0643F5152/phase_4/final_phase4_14_09/old /result/ivb_pipeline_outputs/filtered_peptide_less_150aa/neuroPIpred_fasta/neuropeptides_uv_for_annotation.fa	neuropeptides_uv_for_annotation.fa	0	2025-09-17 23:38:19.038913	general_annotation
/media/saji/5E06441D0643F5152/phase_4/final_phase4_14_09/result/old_mthod/phase4b/phase4b_map_and_reg/old_new/phase4b_annotation_summary.tsv	phase4b_annotation_summary.tsv	0	2025-10-13 23:59:16.734865	general_annotation
/media/saji/5E06441D0643F5152/phase_4/final_phase4_14_09/result/old_mthod/phase4b/phase4b_map_and_reg/phase4b_annotation_summary.tsv	phase4b_annotation_summary.tsv	0	2025-10-14 12:58:09.744643	general_annotation
/media/saji/5E06441D0643F5152/phase_4/final_phase4_14_09/result/phase4b/old_phase4b/phase4b_map_and_reg/old_new/phase4b_annotation_summary.tsv	phase4b_annotation_summary.tsv	0	2025-10-13 23:59:16.734865	general_annotation
/media/saji/5E06441D0643F5152/phase_4/final_phase4_14_09/result/phase4b/old_phase4b/phase4b_map_and_reg/phase4b_annotation_summary.tsv	phase4b_annotation_summary.tsv	0	2025-10-14 12:58:09.744643	general_annotation
/media/saji/5E06441D0643F5152/phase_4/final_phase4_14_09/result/old_mthod/phase4b/phase4b_map_and_reg/phase4b_master_functional_summary_extended_qc_summary.tsv	phase4b_master_functional_summary_extended_qc_summary.tsv	0	2025-10-14 03:38:59.360004	general_annotation
/media/saji/5E06441D0643F5152/phase_4/final_phase4_14_09/result/phase4b/old_phase4b/phase4b_map_and_reg/phase4b_master_functional_summary_extended_qc_summary.tsv	phase4b_master_functional_summary_extended_qc_summary.tsv	0	2025-10-14 03:38:59.360004	general_annotation
/media/saji/5E06441D0643F5152/phase_4/final_phase4_14_09/result/old_mthod/phase4b/phase4b_map_and_reg/old_new/phase4b_unified_annotation.tsv	phase4b_unified_annotation.tsv	0.618	2025-10-13 23:59:16.718144	general_annotation
/media/saji/5E06441D0643F5152/phase_4/final_phase4_14_09/result/old_mthod/phase4b/phase4b_map_and_reg/phase4b_unified_annotation.tsv	phase4b_unified_annotation.tsv	0.618	2025-10-14 12:58:09.723644	general_annotation
/media/saji/5E06441D0643F5152/phase_4/final_phase4_14_09/result/phase4b/old_phase4b/phase4b_map_and_reg/old_new/phase4b_unified_annotation.tsv	phase4b_unified_annotation.tsv	0.618	2025-10-13 23:59:16.718144	general_annotation
/media/saji/5E06441D0643F5152/phase_4/final_phase4_14_09/result/phase4b/old_phase4b/phase4b_map_and_reg/phase4b_unified_annotation.tsv	phase4b_unified_annotation.tsv	0.618	2025-10-14 12:58:09.723644	general_annotation
/media/saji/5E06441D0643F5152/FSF_SIGNAL_STRATIFICATION/results/real_data/stable_signal_annotation/stable_signal_annotation_master.tsv	stable_signal_annotation_master.tsv	8.544	2026-06-06 02:52:40.952438	general_annotation
/media/saji/5E06441D0643F5152/phase_4/final_phase4_14_09/result/old_mthod/phase4b/phase4b_map_and_reg/old_old/unified_annotation_table.csv	unified_annotation_table.csv	0.578	2025-10-13 23:08:11.238932	general_annotation
/media/saji/5E06441D0643F5152/phase_4/final_phase4_14_09/result/phase4b/old_phase4b/phase4b_map_and_reg/old_old/unified_annotation_table.csv	unified_annotation_table.csv	0.578	2025-10-13 23:08:11.238932	general_annotation
/media/saji/5E06441D0643F5152/phase_4/final_phase4_14_09/result/annotation_unified_SHORTLISTED/backup/unified_annotations_SHORTLISTED.csv	unified_annotations_SHORTLISTED.csv	0.626	2025-10-20 17:49:06.871065	general_annotation
/media/saji/5E06441D0643F5152/phase_4/final_phase4_14_09/result/annotation_unified_SHORTLISTED/unified_annotations_SHORTLISTED.csv	unified_annotations_SHORTLISTED.csv	17.66	2025-10-20 19:22:04.455766	general_annotation
