feature_id	n_perturbations	p_up	p_down	p_const	dominant_state	SSI	stability_deviation	stability_level	dominant_signal_identity	fsf_signal_class
SC_1	100	0	0	1	constant	1	0	highly_stable	stable_constant_identity	highly_stable_constant
SC_10	100	0	0	1	constant	1	0	highly_stable	stable_constant_identity	highly_stable_constant
SC_100	100	0	0	1	constant	1	0	highly_stable	stable_constant_identity	highly_stable_constant
SC_1000	100	0	0	1	constant	1	0	highly_stable	stable_constant_identity	highly_stable_constant
SC_101	100	0	0	1	constant	1	0	highly_stable	stable_constant_identity	highly_stable_constant
SC_102	100	0	0	1	constant	1	0	highly_stable	stable_constant_identity	highly_stable_constant
SC_103	100	0	0	1	constant	1	0	highly_stable	stable_constant_identity	highly_stable_constant
SC_104	100	0	0	1	constant	1	0	highly_stable	stable_constant_identity	highly_stable_constant
SC_105	100	0	0	1	constant	1	0	highly_stable	stable_constant_identity	highly_stable_constant
SC_106	100	0	0	1	constant	1	0	highly_stable	stable_constant_identity	highly_stable_constant
SC_107	100	0	0	1	constant	1	0	highly_stable	stable_constant_identity	highly_stable_constant
SC_108	100	0	0	1	constant	1	0	highly_stable	stable_constant_identity	highly_stable_constant
SC_109	100	0	0	1	constant	1	0	highly_stable	stable_constant_identity	highly_stable_constant
SC_11	100	0	0	1	constant	1	0	highly_stable	stable_constant_identity	highly_stable_constant
SC_110	100	0	0	1	constant	1	0	highly_stable	stable_constant_identity	highly_stable_constant
SC_111	100	0	0	1	constant	1	0	highly_stable	stable_constant_identity	highly_stable_constant
SC_112	100	0	0	1	constant	1	0	highly_stable	stable_constant_identity	highly_stable_constant
SC_113	100	0	0	1	constant	1	0	highly_stable	stable_constant_identity	highly_stable_constant
SC_114	100	0	0	1	constant	1	0	highly_stable	stable_constant_identity	highly_stable_constant
SC_115	100	0	0	1	constant	1	0	highly_stable	stable_constant_identity	highly_stable_constant
SC_116	100	0	0	1	constant	1	0	highly_stable	stable_constant_identity	highly_stable_constant
SC_117	100	0	0	1	constant	1	0	highly_stable	stable_constant_identity	highly_stable_constant
SC_118	100	0	0	1	constant	1	0	highly_stable	stable_constant_identity	highly_stable_constant
SC_12	100	0	0	1	constant	1	0	highly_stable	stable_constant_identity	highly_stable_constant
SC_120	100	0	0	1	constant	1	0	highly_stable	stable_constant_identity	highly_stable_constant
SC_121	100	0	0	1	constant	1	0	highly_stable	stable_constant_identity	highly_stable_constant
SC_122	100	0	0	1	constant	1	0	highly_stable	stable_constant_identity	highly_stable_constant
SC_123	100	0	0	1	constant	1	0	highly_stable	stable_constant_identity	highly_stable_constant
SC_124	100	0	0	1	constant	1	0	highly_stable	stable_constant_identity	highly_stable_constant
SC_125	100	0	0	1	constant	1	0	highly_stable	stable_constant_identity	highly_stable_constant
SC_126	100	0	0	1	constant	1	0	highly_stable	stable_constant_identity	highly_stable_constant
SC_127	100	0	0	1	constant	1	0	highly_stable	stable_constant_identity	highly_stable_constant
SC_128	100	0	0	1	constant	1	0	highly_stable	stable_constant_identity	highly_stable_constant
SC_129	100	0	0	1	constant	1	0	highly_stable	stable_constant_identity	highly_stable_constant
SC_13	100	0	0	1	constant	1	0	highly_stable	stable_constant_identity	highly_stable_constant
SC_130	100	0	0	1	constant	1	0	highly_stable	stable_constant_identity	highly_stable_constant
SC_131	100	0	0	1	constant	1	0	highly_stable	stable_constant_identity	highly_stable_constant
SC_132	100	0	0	1	constant	1	0	highly_stable	stable_constant_identity	highly_stable_constant
SC_133	100	0	0	1	constant	1	0	highly_stable	stable_constant_identity	highly_stable_constant
SC_134	100	0	0	1	constant	1	0	highly_stable	stable_constant_identity	highly_stable_constant
SC_135	100	0	0	1	constant	1	0	highly_stable	stable_constant_identity	highly_stable_constant
SC_137	100	0	0	1	constant	1	0	highly_stable	stable_constant_identity	highly_stable_constant
SC_138	100	0	0	1	constant	1	0	highly_stable	stable_constant_identity	highly_stable_constant
SC_139	100	0	0	1	constant	1	0	highly_stable	stable_constant_identity	highly_stable_constant
SC_14	100	0	0	1	constant	1	0	highly_stable	stable_constant_identity	highly_stable_constant
SC_140	100	0	0	1	constant	1	0	highly_stable	stable_constant_identity	highly_stable_constant
SC_141	100	0	0	1	constant	1	0	highly_stable	stable_constant_identity	highly_stable_constant
SC_142	100	0	0	1	constant	1	0	highly_stable	stable_constant_identity	highly_stable_constant
SC_143	100	0	0	1	constant	1	0	highly_stable	stable_constant_identity	highly_stable_constant
SC_144	100	0	0	1	constant	1	0	highly_stable	stable_constant_identity	highly_stable_constant
SC_145	100	0	0	1	constant	1	0	highly_stable	stable_constant_identity	highly_stable_constant
SC_146	100	0	0	1	constant	1	0	highly_stable	stable_constant_identity	highly_stable_constant
SC_147	100	0	0	1	constant	1	0	highly_stable	stable_constant_identity	highly_stable_constant
SC_148	100	0	0	1	constant	1	0	highly_stable	stable_constant_identity	highly_stable_constant
SC_149	100	0	0	1	constant	1	0	highly_stable	stable_constant_identity	highly_stable_constant
SC_15	100	0	0	1	constant	1	0	highly_stable	stable_constant_identity	highly_stable_constant
SC_150	100	0	0	1	constant	1	0	highly_stable	stable_constant_identity	highly_stable_constant
SC_151	100	0	0	1	constant	1	0	highly_stable	stable_constant_identity	highly_stable_constant
SC_152	100	0	0	1	constant	1	0	highly_stable	stable_constant_identity	highly_stable_constant
SC_153	100	0	0	1	constant	1	0	highly_stable	stable_constant_identity	highly_stable_constant
SC_154	100	0	0	1	constant	1	0	highly_stable	stable_constant_identity	highly_stable_constant
SC_155	100	0	0	1	constant	1	0	highly_stable	stable_constant_identity	highly_stable_constant
SC_156	100	0	0	1	constant	1	0	highly_stable	stable_constant_identity	highly_stable_constant
SC_158	100	0	0	1	constant	1	0	highly_stable	stable_constant_identity	highly_stable_constant
SC_159	100	0	0	1	constant	1	0	highly_stable	stable_constant_identity	highly_stable_constant
SC_160	100	0	0	1	constant	1	0	highly_stable	stable_constant_identity	highly_stable_constant
SC_161	100	0	0	1	constant	1	0	highly_stable	stable_constant_identity	highly_stable_constant
SC_163	100	0	0	1	constant	1	0	highly_stable	stable_constant_identity	highly_stable_constant
SC_164	100	0	0	1	constant	1	0	highly_stable	stable_constant_identity	highly_stable_constant
SC_165	100	0	0	1	constant	1	0	highly_stable	stable_constant_identity	highly_stable_constant
SC_166	100	0	0	1	constant	1	0	highly_stable	stable_constant_identity	highly_stable_constant
SC_167	100	0	0	1	constant	1	0	highly_stable	stable_constant_identity	highly_stable_constant
SC_169	100	0	0	1	constant	1	0	highly_stable	stable_constant_identity	highly_stable_constant
SC_17	100	0	0	1	constant	1	0	highly_stable	stable_constant_identity	highly_stable_constant
SC_170	100	0	0	1	constant	1	0	highly_stable	stable_constant_identity	highly_stable_constant
SC_172	100	0	0	1	constant	1	0	highly_stable	stable_constant_identity	highly_stable_constant
SC_173	100	0	0	1	constant	1	0	highly_stable	stable_constant_identity	highly_stable_constant
SC_174	100	0	0	1	constant	1	0	highly_stable	stable_constant_identity	highly_stable_constant
SC_175	100	0	0	1	constant	1	0	highly_stable	stable_constant_identity	highly_stable_constant
SC_177	100	0	0	1	constant	1	0	highly_stable	stable_constant_identity	highly_stable_constant
SC_178	100	0	0	1	constant	1	0	highly_stable	stable_constant_identity	highly_stable_constant
SC_179	100	0	0	1	constant	1	0	highly_stable	stable_constant_identity	highly_stable_constant
SC_18	100	0	0	1	constant	1	0	highly_stable	stable_constant_identity	highly_stable_constant
SC_181	100	0	0	1	constant	1	0	highly_stable	stable_constant_identity	highly_stable_constant
SC_182	100	0	0	1	constant	1	0	highly_stable	stable_constant_identity	highly_stable_constant
SC_183	100	0	0	1	constant	1	0	highly_stable	stable_constant_identity	highly_stable_constant
SC_184	100	0	0	1	constant	1	0	highly_stable	stable_constant_identity	highly_stable_constant
SC_185	100	0	0	1	constant	1	0	highly_stable	stable_constant_identity	highly_stable_constant
SC_186	100	0	0	1	constant	1	0	highly_stable	stable_constant_identity	highly_stable_constant
SC_187	100	0	0	1	constant	1	0	highly_stable	stable_constant_identity	highly_stable_constant
SC_188	100	0	0	1	constant	1	0	highly_stable	stable_constant_identity	highly_stable_constant
SC_189	100	0	0	1	constant	1	0	highly_stable	stable_constant_identity	highly_stable_constant
SC_19	100	0	0	1	constant	1	0	highly_stable	stable_constant_identity	highly_stable_constant
SC_190	100	0	0	1	constant	1	0	highly_stable	stable_constant_identity	highly_stable_constant
SC_191	100	0	0	1	constant	1	0	highly_stable	stable_constant_identity	highly_stable_constant
SC_192	100	0	0	1	constant	1	0	highly_stable	stable_constant_identity	highly_stable_constant
SC_193	100	0	0	1	constant	1	0	highly_stable	stable_constant_identity	highly_stable_constant
SC_194	100	0	0	1	constant	1	0	highly_stable	stable_constant_identity	highly_stable_constant
SC_195	100	0	0	1	constant	1	0	highly_stable	stable_constant_identity	highly_stable_constant
SC_196	100	0	0	1	constant	1	0	highly_stable	stable_constant_identity	highly_stable_constant
SC_197	100	0	0	1	constant	1	0	highly_stable	stable_constant_identity	highly_stable_constant
SC_198	100	0	0	1	constant	1	0	highly_stable	stable_constant_identity	highly_stable_constant
SC_199	100	0	0	1	constant	1	0	highly_stable	stable_constant_identity	highly_stable_constant
SC_2	100	0	0	1	constant	1	0	highly_stable	stable_constant_identity	highly_stable_constant
SC_20	100	0	0	1	constant	1	0	highly_stable	stable_constant_identity	highly_stable_constant
SC_201	100	0	0	1	constant	1	0	highly_stable	stable_constant_identity	highly_stable_constant
SC_202	100	0	0	1	constant	1	0	highly_stable	stable_constant_identity	highly_stable_constant
SC_203	100	0	0	1	constant	1	0	highly_stable	stable_constant_identity	highly_stable_constant
SC_204	100	0	0	1	constant	1	0	highly_stable	stable_constant_identity	highly_stable_constant
SC_205	100	0	0	1	constant	1	0	highly_stable	stable_constant_identity	highly_stable_constant
SC_206	100	0	0	1	constant	1	0	highly_stable	stable_constant_identity	highly_stable_constant
SC_207	100	0	0	1	constant	1	0	highly_stable	stable_constant_identity	highly_stable_constant
SC_208	100	0	0	1	constant	1	0	highly_stable	stable_constant_identity	highly_stable_constant
SC_209	100	0	0	1	constant	1	0	highly_stable	stable_constant_identity	highly_stable_constant
SC_21	100	0	0	1	constant	1	0	highly_stable	stable_constant_identity	highly_stable_constant
SC_210	100	0	0	1	constant	1	0	highly_stable	stable_constant_identity	highly_stable_constant
SC_211	100	0	0	1	constant	1	0	highly_stable	stable_constant_identity	highly_stable_constant
SC_213	100	0	0	1	constant	1	0	highly_stable	stable_constant_identity	highly_stable_constant
SC_214	100	0	0	1	constant	1	0	highly_stable	stable_constant_identity	highly_stable_constant
SC_215	100	0	0	1	constant	1	0	highly_stable	stable_constant_identity	highly_stable_constant
SC_216	100	0	0	1	constant	1	0	highly_stable	stable_constant_identity	highly_stable_constant
SC_217	100	0	0	1	constant	1	0	highly_stable	stable_constant_identity	highly_stable_constant
SC_218	100	0	0	1	constant	1	0	highly_stable	stable_constant_identity	highly_stable_constant
SC_219	100	0	0	1	constant	1	0	highly_stable	stable_constant_identity	highly_stable_constant
SC_22	100	0	0	1	constant	1	0	highly_stable	stable_constant_identity	highly_stable_constant
SC_220	100	0	0	1	constant	1	0	highly_stable	stable_constant_identity	highly_stable_constant
SC_221	100	0	0	1	constant	1	0	highly_stable	stable_constant_identity	highly_stable_constant
SC_222	100	0	0	1	constant	1	0	highly_stable	stable_constant_identity	highly_stable_constant
SC_223	100	0	0	1	constant	1	0	highly_stable	stable_constant_identity	highly_stable_constant
SC_224	100	0	0	1	constant	1	0	highly_stable	stable_constant_identity	highly_stable_constant
SC_225	100	0	0	1	constant	1	0	highly_stable	stable_constant_identity	highly_stable_constant
SC_226	100	0	0	1	constant	1	0	highly_stable	stable_constant_identity	highly_stable_constant
SC_227	100	0	0	1	constant	1	0	highly_stable	stable_constant_identity	highly_stable_constant
SC_228	100	0	0	1	constant	1	0	highly_stable	stable_constant_identity	highly_stable_constant
SC_229	100	0	0	1	constant	1	0	highly_stable	stable_constant_identity	highly_stable_constant
SC_23	100	0	0	1	constant	1	0	highly_stable	stable_constant_identity	highly_stable_constant
SC_230	100	0	0	1	constant	1	0	highly_stable	stable_constant_identity	highly_stable_constant
SC_231	100	0	0	1	constant	1	0	highly_stable	stable_constant_identity	highly_stable_constant
SC_232	100	0	0	1	constant	1	0	highly_stable	stable_constant_identity	highly_stable_constant
SC_233	100	0	0	1	constant	1	0	highly_stable	stable_constant_identity	highly_stable_constant
SC_234	100	0	0	1	constant	1	0	highly_stable	stable_constant_identity	highly_stable_constant
SC_235	100	0	0	1	constant	1	0	highly_stable	stable_constant_identity	highly_stable_constant
SC_236	100	0	0	1	constant	1	0	highly_stable	stable_constant_identity	highly_stable_constant
SC_237	100	0	0	1	constant	1	0	highly_stable	stable_constant_identity	highly_stable_constant
SC_238	100	0	0	1	constant	1	0	highly_stable	stable_constant_identity	highly_stable_constant
SC_239	100	0	0	1	constant	1	0	highly_stable	stable_constant_identity	highly_stable_constant
SC_24	100	0	0	1	constant	1	0	highly_stable	stable_constant_identity	highly_stable_constant
SC_240	100	0	0	1	constant	1	0	highly_stable	stable_constant_identity	highly_stable_constant
SC_241	100	0	0	1	constant	1	0	highly_stable	stable_constant_identity	highly_stable_constant
SC_242	100	0	0	1	constant	1	0	highly_stable	stable_constant_identity	highly_stable_constant
SC_243	100	0	0	1	constant	1	0	highly_stable	stable_constant_identity	highly_stable_constant
SC_245	100	0	0	1	constant	1	0	highly_stable	stable_constant_identity	highly_stable_constant
SC_246	100	0	0	1	constant	1	0	highly_stable	stable_constant_identity	highly_stable_constant
SC_247	100	0	0	1	constant	1	0	highly_stable	stable_constant_identity	highly_stable_constant
SC_248	100	0	0	1	constant	1	0	highly_stable	stable_constant_identity	highly_stable_constant
SC_249	100	0	0	1	constant	1	0	highly_stable	stable_constant_identity	highly_stable_constant
SC_25	100	0	0	1	constant	1	0	highly_stable	stable_constant_identity	highly_stable_constant
SC_250	100	0	0	1	constant	1	0	highly_stable	stable_constant_identity	highly_stable_constant
SC_251	100	0	0	1	constant	1	0	highly_stable	stable_constant_identity	highly_stable_constant
SC_252	100	0	0	1	constant	1	0	highly_stable	stable_constant_identity	highly_stable_constant
SC_253	100	0	0	1	constant	1	0	highly_stable	stable_constant_identity	highly_stable_constant
SC_254	100	0	0	1	constant	1	0	highly_stable	stable_constant_identity	highly_stable_constant
SC_255	100	0	0	1	constant	1	0	highly_stable	stable_constant_identity	highly_stable_constant
SC_256	100	0	0	1	constant	1	0	highly_stable	stable_constant_identity	highly_stable_constant
SC_257	100	0	0	1	constant	1	0	highly_stable	stable_constant_identity	highly_stable_constant
SC_258	100	0	0	1	constant	1	0	highly_stable	stable_constant_identity	highly_stable_constant
SC_26	100	0	0	1	constant	1	0	highly_stable	stable_constant_identity	highly_stable_constant
SC_260	100	0	0	1	constant	1	0	highly_stable	stable_constant_identity	highly_stable_constant
SC_261	100	0	0	1	constant	1	0	highly_stable	stable_constant_identity	highly_stable_constant
SC_262	100	0	0	1	constant	1	0	highly_stable	stable_constant_identity	highly_stable_constant
SC_263	100	0	0	1	constant	1	0	highly_stable	stable_constant_identity	highly_stable_constant
SC_264	100	0	0	1	constant	1	0	highly_stable	stable_constant_identity	highly_stable_constant
SC_265	100	0	0	1	constant	1	0	highly_stable	stable_constant_identity	highly_stable_constant
SC_266	100	0	0	1	constant	1	0	highly_stable	stable_constant_identity	highly_stable_constant
SC_268	100	0	0	1	constant	1	0	highly_stable	stable_constant_identity	highly_stable_constant
SC_269	100	0	0	1	constant	1	0	highly_stable	stable_constant_identity	highly_stable_constant
SC_27	100	0	0	1	constant	1	0	highly_stable	stable_constant_identity	highly_stable_constant
SC_270	100	0	0	1	constant	1	0	highly_stable	stable_constant_identity	highly_stable_constant
SC_271	100	0	0	1	constant	1	0	highly_stable	stable_constant_identity	highly_stable_constant
SC_272	100	0	0	1	constant	1	0	highly_stable	stable_constant_identity	highly_stable_constant
SC_273	100	0	0	1	constant	1	0	highly_stable	stable_constant_identity	highly_stable_constant
SC_274	100	0	0	1	constant	1	0	highly_stable	stable_constant_identity	highly_stable_constant
SC_275	100	0	0	1	constant	1	0	highly_stable	stable_constant_identity	highly_stable_constant
SC_276	100	0	0	1	constant	1	0	highly_stable	stable_constant_identity	highly_stable_constant
SC_277	100	0	0	1	constant	1	0	highly_stable	stable_constant_identity	highly_stable_constant
SC_278	100	0	0	1	constant	1	0	highly_stable	stable_constant_identity	highly_stable_constant
SC_279	100	0	0	1	constant	1	0	highly_stable	stable_constant_identity	highly_stable_constant
SC_28	100	0	0	1	constant	1	0	highly_stable	stable_constant_identity	highly_stable_constant
SC_280	100	0	0	1	constant	1	0	highly_stable	stable_constant_identity	highly_stable_constant
SC_281	100	0	0	1	constant	1	0	highly_stable	stable_constant_identity	highly_stable_constant
SC_282	100	0	0	1	constant	1	0	highly_stable	stable_constant_identity	highly_stable_constant
SC_283	100	0	0	1	constant	1	0	highly_stable	stable_constant_identity	highly_stable_constant
SC_284	100	0	0	1	constant	1	0	highly_stable	stable_constant_identity	highly_stable_constant
SC_285	100	0	0	1	constant	1	0	highly_stable	stable_constant_identity	highly_stable_constant
SC_286	100	0	0	1	constant	1	0	highly_stable	stable_constant_identity	highly_stable_constant
SC_287	100	0	0	1	constant	1	0	highly_stable	stable_constant_identity	highly_stable_constant
SC_288	100	0	0	1	constant	1	0	highly_stable	stable_constant_identity	highly_stable_constant
SC_289	100	0	0	1	constant	1	0	highly_stable	stable_constant_identity	highly_stable_constant
SC_29	100	0	0	1	constant	1	0	highly_stable	stable_constant_identity	highly_stable_constant
SC_290	100	0	0	1	constant	1	0	highly_stable	stable_constant_identity	highly_stable_constant
SC_291	100	0	0	1	constant	1	0	highly_stable	stable_constant_identity	highly_stable_constant
SC_292	100	0	0	1	constant	1	0	highly_stable	stable_constant_identity	highly_stable_constant
SC_293	100	0	0	1	constant	1	0	highly_stable	stable_constant_identity	highly_stable_constant
SC_294	100	0	0	1	constant	1	0	highly_stable	stable_constant_identity	highly_stable_constant
SC_296	100	0	0	1	constant	1	0	highly_stable	stable_constant_identity	highly_stable_constant
SC_297	100	0	0	1	constant	1	0	highly_stable	stable_constant_identity	highly_stable_constant
SC_299	100	0	0	1	constant	1	0	highly_stable	stable_constant_identity	highly_stable_constant
SC_3	100	0	0	1	constant	1	0	highly_stable	stable_constant_identity	highly_stable_constant
SC_30	100	0	0	1	constant	1	0	highly_stable	stable_constant_identity	highly_stable_constant
SC_300	100	0	0	1	constant	1	0	highly_stable	stable_constant_identity	highly_stable_constant
SC_301	100	0	0	1	constant	1	0	highly_stable	stable_constant_identity	highly_stable_constant
SC_302	100	0	0	1	constant	1	0	highly_stable	stable_constant_identity	highly_stable_constant
SC_303	100	0	0	1	constant	1	0	highly_stable	stable_constant_identity	highly_stable_constant
SC_304	100	0	0	1	constant	1	0	highly_stable	stable_constant_identity	highly_stable_constant
SC_305	100	0	0	1	constant	1	0	highly_stable	stable_constant_identity	highly_stable_constant
SC_306	100	0	0	1	constant	1	0	highly_stable	stable_constant_identity	highly_stable_constant
SC_307	100	0	0	1	constant	1	0	highly_stable	stable_constant_identity	highly_stable_constant
SC_308	100	0	0	1	constant	1	0	highly_stable	stable_constant_identity	highly_stable_constant
SC_309	100	0	0	1	constant	1	0	highly_stable	stable_constant_identity	highly_stable_constant
SC_31	100	0	0	1	constant	1	0	highly_stable	stable_constant_identity	highly_stable_constant
SC_311	100	0	0	1	constant	1	0	highly_stable	stable_constant_identity	highly_stable_constant
SC_312	100	0	0	1	constant	1	0	highly_stable	stable_constant_identity	highly_stable_constant
SC_314	100	0	0	1	constant	1	0	highly_stable	stable_constant_identity	highly_stable_constant
SC_315	100	0	0	1	constant	1	0	highly_stable	stable_constant_identity	highly_stable_constant
SC_316	100	0	0	1	constant	1	0	highly_stable	stable_constant_identity	highly_stable_constant
SC_317	100	0	0	1	constant	1	0	highly_stable	stable_constant_identity	highly_stable_constant
SC_318	100	0	0	1	constant	1	0	highly_stable	stable_constant_identity	highly_stable_constant
SC_320	100	0	0	1	constant	1	0	highly_stable	stable_constant_identity	highly_stable_constant
SC_321	100	0	0	1	constant	1	0	highly_stable	stable_constant_identity	highly_stable_constant
SC_322	100	0	0	1	constant	1	0	highly_stable	stable_constant_identity	highly_stable_constant
SC_324	100	0	0	1	constant	1	0	highly_stable	stable_constant_identity	highly_stable_constant
SC_325	100	0	0	1	constant	1	0	highly_stable	stable_constant_identity	highly_stable_constant
SC_326	100	0	0	1	constant	1	0	highly_stable	stable_constant_identity	highly_stable_constant
SC_327	100	0	0	1	constant	1	0	highly_stable	stable_constant_identity	highly_stable_constant
SC_328	100	0	0	1	constant	1	0	highly_stable	stable_constant_identity	highly_stable_constant
SC_329	100	0	0	1	constant	1	0	highly_stable	stable_constant_identity	highly_stable_constant
SC_33	100	0	0	1	constant	1	0	highly_stable	stable_constant_identity	highly_stable_constant
SC_330	100	0	0	1	constant	1	0	highly_stable	stable_constant_identity	highly_stable_constant
SC_331	100	0	0	1	constant	1	0	highly_stable	stable_constant_identity	highly_stable_constant
SC_332	100	0	0	1	constant	1	0	highly_stable	stable_constant_identity	highly_stable_constant
SC_333	100	0	0	1	constant	1	0	highly_stable	stable_constant_identity	highly_stable_constant
SC_334	100	0	0	1	constant	1	0	highly_stable	stable_constant_identity	highly_stable_constant
SC_335	100	0	0	1	constant	1	0	highly_stable	stable_constant_identity	highly_stable_constant
SC_336	100	0	0	1	constant	1	0	highly_stable	stable_constant_identity	highly_stable_constant
SC_337	100	0	0	1	constant	1	0	highly_stable	stable_constant_identity	highly_stable_constant
SC_338	100	0	0	1	constant	1	0	highly_stable	stable_constant_identity	highly_stable_constant
SC_339	100	0	0	1	constant	1	0	highly_stable	stable_constant_identity	highly_stable_constant
SC_34	100	0	0	1	constant	1	0	highly_stable	stable_constant_identity	highly_stable_constant
SC_340	100	0	0	1	constant	1	0	highly_stable	stable_constant_identity	highly_stable_constant
SC_341	100	0	0	1	constant	1	0	highly_stable	stable_constant_identity	highly_stable_constant
SC_343	100	0	0	1	constant	1	0	highly_stable	stable_constant_identity	highly_stable_constant
SC_344	100	0	0	1	constant	1	0	highly_stable	stable_constant_identity	highly_stable_constant
SC_345	100	0	0	1	constant	1	0	highly_stable	stable_constant_identity	highly_stable_constant
SC_346	100	0	0	1	constant	1	0	highly_stable	stable_constant_identity	highly_stable_constant
SC_347	100	0	0	1	constant	1	0	highly_stable	stable_constant_identity	highly_stable_constant
SC_348	100	0	0	1	constant	1	0	highly_stable	stable_constant_identity	highly_stable_constant
SC_349	100	0	0	1	constant	1	0	highly_stable	stable_constant_identity	highly_stable_constant
SC_35	100	0	0	1	constant	1	0	highly_stable	stable_constant_identity	highly_stable_constant
SC_350	100	0	0	1	constant	1	0	highly_stable	stable_constant_identity	highly_stable_constant
SC_352	100	0	0	1	constant	1	0	highly_stable	stable_constant_identity	highly_stable_constant
SC_353	100	0	0	1	constant	1	0	highly_stable	stable_constant_identity	highly_stable_constant
SC_354	100	0	0	1	constant	1	0	highly_stable	stable_constant_identity	highly_stable_constant
SC_355	100	0	0	1	constant	1	0	highly_stable	stable_constant_identity	highly_stable_constant
SC_356	100	0	0	1	constant	1	0	highly_stable	stable_constant_identity	highly_stable_constant
SC_357	100	0	0	1	constant	1	0	highly_stable	stable_constant_identity	highly_stable_constant
SC_359	100	0	0	1	constant	1	0	highly_stable	stable_constant_identity	highly_stable_constant
SC_36	100	0	0	1	constant	1	0	highly_stable	stable_constant_identity	highly_stable_constant
SC_360	100	0	0	1	constant	1	0	highly_stable	stable_constant_identity	highly_stable_constant
SC_361	100	0	0	1	constant	1	0	highly_stable	stable_constant_identity	highly_stable_constant
SC_362	100	0	0	1	constant	1	0	highly_stable	stable_constant_identity	highly_stable_constant
SC_364	100	0	0	1	constant	1	0	highly_stable	stable_constant_identity	highly_stable_constant
SC_365	100	0	0	1	constant	1	0	highly_stable	stable_constant_identity	highly_stable_constant
SC_366	100	0	0	1	constant	1	0	highly_stable	stable_constant_identity	highly_stable_constant
SC_367	100	0	0	1	constant	1	0	highly_stable	stable_constant_identity	highly_stable_constant
SC_368	100	0	0	1	constant	1	0	highly_stable	stable_constant_identity	highly_stable_constant
SC_369	100	0	0	1	constant	1	0	highly_stable	stable_constant_identity	highly_stable_constant
SC_37	100	0	0	1	constant	1	0	highly_stable	stable_constant_identity	highly_stable_constant
SC_370	100	0	0	1	constant	1	0	highly_stable	stable_constant_identity	highly_stable_constant
SC_371	100	0	0	1	constant	1	0	highly_stable	stable_constant_identity	highly_stable_constant
SC_372	100	0	0	1	constant	1	0	highly_stable	stable_constant_identity	highly_stable_constant
SC_373	100	0	0	1	constant	1	0	highly_stable	stable_constant_identity	highly_stable_constant
SC_374	100	0	0	1	constant	1	0	highly_stable	stable_constant_identity	highly_stable_constant
SC_375	100	0	0	1	constant	1	0	highly_stable	stable_constant_identity	highly_stable_constant
SC_376	100	0	0	1	constant	1	0	highly_stable	stable_constant_identity	highly_stable_constant
SC_378	100	0	0	1	constant	1	0	highly_stable	stable_constant_identity	highly_stable_constant
SC_379	100	0	0	1	constant	1	0	highly_stable	stable_constant_identity	highly_stable_constant
SC_38	100	0	0	1	constant	1	0	highly_stable	stable_constant_identity	highly_stable_constant
SC_380	100	0	0	1	constant	1	0	highly_stable	stable_constant_identity	highly_stable_constant
SC_381	100	0	0	1	constant	1	0	highly_stable	stable_constant_identity	highly_stable_constant
SC_382	100	0	0	1	constant	1	0	highly_stable	stable_constant_identity	highly_stable_constant
SC_383	100	0	0	1	constant	1	0	highly_stable	stable_constant_identity	highly_stable_constant
SC_384	100	0	0	1	constant	1	0	highly_stable	stable_constant_identity	highly_stable_constant
SC_385	100	0	0	1	constant	1	0	highly_stable	stable_constant_identity	highly_stable_constant
SC_386	100	0	0	1	constant	1	0	highly_stable	stable_constant_identity	highly_stable_constant
SC_387	100	0	0	1	constant	1	0	highly_stable	stable_constant_identity	highly_stable_constant
SC_388	100	0	0	1	constant	1	0	highly_stable	stable_constant_identity	highly_stable_constant
SC_389	100	0	0	1	constant	1	0	highly_stable	stable_constant_identity	highly_stable_constant
SC_390	100	0	0	1	constant	1	0	highly_stable	stable_constant_identity	highly_stable_constant
SC_391	100	0	0	1	constant	1	0	highly_stable	stable_constant_identity	highly_stable_constant
SC_392	100	0	0	1	constant	1	0	highly_stable	stable_constant_identity	highly_stable_constant
SC_393	100	0	0	1	constant	1	0	highly_stable	stable_constant_identity	highly_stable_constant
SC_394	100	0	0	1	constant	1	0	highly_stable	stable_constant_identity	highly_stable_constant
SC_395	100	0	0	1	constant	1	0	highly_stable	stable_constant_identity	highly_stable_constant
SC_397	100	0	0	1	constant	1	0	highly_stable	stable_constant_identity	highly_stable_constant
SC_398	100	0	0	1	constant	1	0	highly_stable	stable_constant_identity	highly_stable_constant
SC_399	100	0	0	1	constant	1	0	highly_stable	stable_constant_identity	highly_stable_constant
SC_4	100	0	0	1	constant	1	0	highly_stable	stable_constant_identity	highly_stable_constant
SC_40	100	0	0	1	constant	1	0	highly_stable	stable_constant_identity	highly_stable_constant
SC_401	100	0	0	1	constant	1	0	highly_stable	stable_constant_identity	highly_stable_constant
SC_402	100	0	0	1	constant	1	0	highly_stable	stable_constant_identity	highly_stable_constant
SC_403	100	0	0	1	constant	1	0	highly_stable	stable_constant_identity	highly_stable_constant
SC_404	100	0	0	1	constant	1	0	highly_stable	stable_constant_identity	highly_stable_constant
SC_405	100	0	0	1	constant	1	0	highly_stable	stable_constant_identity	highly_stable_constant
SC_406	100	0	0	1	constant	1	0	highly_stable	stable_constant_identity	highly_stable_constant
SC_407	100	0	0	1	constant	1	0	highly_stable	stable_constant_identity	highly_stable_constant
SC_408	100	0	0	1	constant	1	0	highly_stable	stable_constant_identity	highly_stable_constant
SC_409	100	0	0	1	constant	1	0	highly_stable	stable_constant_identity	highly_stable_constant
SC_41	100	0	0	1	constant	1	0	highly_stable	stable_constant_identity	highly_stable_constant
SC_410	100	0	0	1	constant	1	0	highly_stable	stable_constant_identity	highly_stable_constant
SC_411	100	0	0	1	constant	1	0	highly_stable	stable_constant_identity	highly_stable_constant
SC_412	100	0	0	1	constant	1	0	highly_stable	stable_constant_identity	highly_stable_constant
SC_413	100	0	0	1	constant	1	0	highly_stable	stable_constant_identity	highly_stable_constant
SC_414	100	0	0	1	constant	1	0	highly_stable	stable_constant_identity	highly_stable_constant
SC_415	100	0	0	1	constant	1	0	highly_stable	stable_constant_identity	highly_stable_constant
SC_416	100	0	0	1	constant	1	0	highly_stable	stable_constant_identity	highly_stable_constant
SC_417	100	0	0	1	constant	1	0	highly_stable	stable_constant_identity	highly_stable_constant
SC_418	100	0	0	1	constant	1	0	highly_stable	stable_constant_identity	highly_stable_constant
SC_419	100	0	0	1	constant	1	0	highly_stable	stable_constant_identity	highly_stable_constant
SC_420	100	0	0	1	constant	1	0	highly_stable	stable_constant_identity	highly_stable_constant
SC_421	100	0	0	1	constant	1	0	highly_stable	stable_constant_identity	highly_stable_constant
SC_422	100	0	0	1	constant	1	0	highly_stable	stable_constant_identity	highly_stable_constant
SC_423	100	0	0	1	constant	1	0	highly_stable	stable_constant_identity	highly_stable_constant
SC_424	100	0	0	1	constant	1	0	highly_stable	stable_constant_identity	highly_stable_constant
SC_425	100	0	0	1	constant	1	0	highly_stable	stable_constant_identity	highly_stable_constant
SC_426	100	0	0	1	constant	1	0	highly_stable	stable_constant_identity	highly_stable_constant
SC_427	100	0	0	1	constant	1	0	highly_stable	stable_constant_identity	highly_stable_constant
SC_428	100	0	0	1	constant	1	0	highly_stable	stable_constant_identity	highly_stable_constant
SC_429	100	0	0	1	constant	1	0	highly_stable	stable_constant_identity	highly_stable_constant
SC_43	100	0	0	1	constant	1	0	highly_stable	stable_constant_identity	highly_stable_constant
SC_430	100	0	0	1	constant	1	0	highly_stable	stable_constant_identity	highly_stable_constant
SC_431	100	0	0	1	constant	1	0	highly_stable	stable_constant_identity	highly_stable_constant
SC_432	100	0	0	1	constant	1	0	highly_stable	stable_constant_identity	highly_stable_constant
SC_433	100	0	0	1	constant	1	0	highly_stable	stable_constant_identity	highly_stable_constant
SC_434	100	0	0	1	constant	1	0	highly_stable	stable_constant_identity	highly_stable_constant
SC_435	100	0	0	1	constant	1	0	highly_stable	stable_constant_identity	highly_stable_constant
SC_436	100	0	0	1	constant	1	0	highly_stable	stable_constant_identity	highly_stable_constant
SC_437	100	0	0	1	constant	1	0	highly_stable	stable_constant_identity	highly_stable_constant
SC_438	100	0	0	1	constant	1	0	highly_stable	stable_constant_identity	highly_stable_constant
SC_439	100	0	0	1	constant	1	0	highly_stable	stable_constant_identity	highly_stable_constant
SC_44	100	0	0	1	constant	1	0	highly_stable	stable_constant_identity	highly_stable_constant
SC_440	100	0	0	1	constant	1	0	highly_stable	stable_constant_identity	highly_stable_constant
SC_441	100	0	0	1	constant	1	0	highly_stable	stable_constant_identity	highly_stable_constant
SC_442	100	0	0	1	constant	1	0	highly_stable	stable_constant_identity	highly_stable_constant
SC_443	100	0	0	1	constant	1	0	highly_stable	stable_constant_identity	highly_stable_constant
SC_444	100	0	0	1	constant	1	0	highly_stable	stable_constant_identity	highly_stable_constant
SC_447	100	0	0	1	constant	1	0	highly_stable	stable_constant_identity	highly_stable_constant
SC_448	100	0	0	1	constant	1	0	highly_stable	stable_constant_identity	highly_stable_constant
SC_449	100	0	0	1	constant	1	0	highly_stable	stable_constant_identity	highly_stable_constant
SC_45	100	0	0	1	constant	1	0	highly_stable	stable_constant_identity	highly_stable_constant
SC_450	100	0	0	1	constant	1	0	highly_stable	stable_constant_identity	highly_stable_constant
SC_451	100	0	0	1	constant	1	0	highly_stable	stable_constant_identity	highly_stable_constant
SC_452	100	0	0	1	constant	1	0	highly_stable	stable_constant_identity	highly_stable_constant
SC_453	100	0	0	1	constant	1	0	highly_stable	stable_constant_identity	highly_stable_constant
SC_454	100	0	0	1	constant	1	0	highly_stable	stable_constant_identity	highly_stable_constant
SC_455	100	0	0	1	constant	1	0	highly_stable	stable_constant_identity	highly_stable_constant
SC_457	100	0	0	1	constant	1	0	highly_stable	stable_constant_identity	highly_stable_constant
SC_459	100	0	0	1	constant	1	0	highly_stable	stable_constant_identity	highly_stable_constant
SC_46	100	0	0	1	constant	1	0	highly_stable	stable_constant_identity	highly_stable_constant
SC_460	100	0	0	1	constant	1	0	highly_stable	stable_constant_identity	highly_stable_constant
SC_461	100	0	0	1	constant	1	0	highly_stable	stable_constant_identity	highly_stable_constant
SC_463	100	0	0	1	constant	1	0	highly_stable	stable_constant_identity	highly_stable_constant
SC_465	100	0	0	1	constant	1	0	highly_stable	stable_constant_identity	highly_stable_constant
SC_466	100	0	0	1	constant	1	0	highly_stable	stable_constant_identity	highly_stable_constant
SC_467	100	0	0	1	constant	1	0	highly_stable	stable_constant_identity	highly_stable_constant
SC_468	100	0	0	1	constant	1	0	highly_stable	stable_constant_identity	highly_stable_constant
SC_469	100	0	0	1	constant	1	0	highly_stable	stable_constant_identity	highly_stable_constant
SC_47	100	0	0	1	constant	1	0	highly_stable	stable_constant_identity	highly_stable_constant
SC_470	100	0	0	1	constant	1	0	highly_stable	stable_constant_identity	highly_stable_constant
SC_471	100	0	0	1	constant	1	0	highly_stable	stable_constant_identity	highly_stable_constant
SC_472	100	0	0	1	constant	1	0	highly_stable	stable_constant_identity	highly_stable_constant
SC_473	100	0	0	1	constant	1	0	highly_stable	stable_constant_identity	highly_stable_constant
SC_474	100	0	0	1	constant	1	0	highly_stable	stable_constant_identity	highly_stable_constant
SC_476	100	0	0	1	constant	1	0	highly_stable	stable_constant_identity	highly_stable_constant
SC_477	100	0	0	1	constant	1	0	highly_stable	stable_constant_identity	highly_stable_constant
SC_478	100	0	0	1	constant	1	0	highly_stable	stable_constant_identity	highly_stable_constant
SC_479	100	0	0	1	constant	1	0	highly_stable	stable_constant_identity	highly_stable_constant
SC_48	100	0	0	1	constant	1	0	highly_stable	stable_constant_identity	highly_stable_constant
SC_481	100	0	0	1	constant	1	0	highly_stable	stable_constant_identity	highly_stable_constant
SC_482	100	0	0	1	constant	1	0	highly_stable	stable_constant_identity	highly_stable_constant
SC_483	100	0	0	1	constant	1	0	highly_stable	stable_constant_identity	highly_stable_constant
SC_484	100	0	0	1	constant	1	0	highly_stable	stable_constant_identity	highly_stable_constant
SC_485	100	0	0	1	constant	1	0	highly_stable	stable_constant_identity	highly_stable_constant
SC_486	100	0	0	1	constant	1	0	highly_stable	stable_constant_identity	highly_stable_constant
SC_487	100	0	0	1	constant	1	0	highly_stable	stable_constant_identity	highly_stable_constant
SC_488	100	0	0	1	constant	1	0	highly_stable	stable_constant_identity	highly_stable_constant
SC_489	100	0	0	1	constant	1	0	highly_stable	stable_constant_identity	highly_stable_constant
SC_49	100	0	0	1	constant	1	0	highly_stable	stable_constant_identity	highly_stable_constant
SC_490	100	0	0	1	constant	1	0	highly_stable	stable_constant_identity	highly_stable_constant
SC_491	100	0	0	1	constant	1	0	highly_stable	stable_constant_identity	highly_stable_constant
SC_492	100	0	0	1	constant	1	0	highly_stable	stable_constant_identity	highly_stable_constant
SC_493	100	0	0	1	constant	1	0	highly_stable	stable_constant_identity	highly_stable_constant
SC_494	100	0	0	1	constant	1	0	highly_stable	stable_constant_identity	highly_stable_constant
SC_495	100	0	0	1	constant	1	0	highly_stable	stable_constant_identity	highly_stable_constant
SC_496	100	0	0	1	constant	1	0	highly_stable	stable_constant_identity	highly_stable_constant
SC_498	100	0	0	1	constant	1	0	highly_stable	stable_constant_identity	highly_stable_constant
SC_499	100	0	0	1	constant	1	0	highly_stable	stable_constant_identity	highly_stable_constant
SC_500	100	0	0	1	constant	1	0	highly_stable	stable_constant_identity	highly_stable_constant
SC_501	100	0	0	1	constant	1	0	highly_stable	stable_constant_identity	highly_stable_constant
SC_502	100	0	0	1	constant	1	0	highly_stable	stable_constant_identity	highly_stable_constant
SC_503	100	0	0	1	constant	1	0	highly_stable	stable_constant_identity	highly_stable_constant
SC_504	100	0	0	1	constant	1	0	highly_stable	stable_constant_identity	highly_stable_constant
SC_505	100	0	0	1	constant	1	0	highly_stable	stable_constant_identity	highly_stable_constant
SC_506	100	0	0	1	constant	1	0	highly_stable	stable_constant_identity	highly_stable_constant
SC_507	100	0	0	1	constant	1	0	highly_stable	stable_constant_identity	highly_stable_constant
SC_508	100	0	0	1	constant	1	0	highly_stable	stable_constant_identity	highly_stable_constant
SC_509	100	0	0	1	constant	1	0	highly_stable	stable_constant_identity	highly_stable_constant
SC_51	100	0	0	1	constant	1	0	highly_stable	stable_constant_identity	highly_stable_constant
SC_510	100	0	0	1	constant	1	0	highly_stable	stable_constant_identity	highly_stable_constant
SC_511	100	0	0	1	constant	1	0	highly_stable	stable_constant_identity	highly_stable_constant
SC_512	100	0	0	1	constant	1	0	highly_stable	stable_constant_identity	highly_stable_constant
SC_513	100	0	0	1	constant	1	0	highly_stable	stable_constant_identity	highly_stable_constant
SC_514	100	0	0	1	constant	1	0	highly_stable	stable_constant_identity	highly_stable_constant
SC_515	100	0	0	1	constant	1	0	highly_stable	stable_constant_identity	highly_stable_constant
SC_516	100	0	0	1	constant	1	0	highly_stable	stable_constant_identity	highly_stable_constant
SC_517	100	0	0	1	constant	1	0	highly_stable	stable_constant_identity	highly_stable_constant
SC_518	100	0	0	1	constant	1	0	highly_stable	stable_constant_identity	highly_stable_constant
SC_519	100	0	0	1	constant	1	0	highly_stable	stable_constant_identity	highly_stable_constant
SC_52	100	0	0	1	constant	1	0	highly_stable	stable_constant_identity	highly_stable_constant
SC_520	100	0	0	1	constant	1	0	highly_stable	stable_constant_identity	highly_stable_constant
SC_521	100	0	0	1	constant	1	0	highly_stable	stable_constant_identity	highly_stable_constant
SC_522	100	0	0	1	constant	1	0	highly_stable	stable_constant_identity	highly_stable_constant
SC_523	100	0	0	1	constant	1	0	highly_stable	stable_constant_identity	highly_stable_constant
SC_524	100	0	0	1	constant	1	0	highly_stable	stable_constant_identity	highly_stable_constant
SC_525	100	0	0	1	constant	1	0	highly_stable	stable_constant_identity	highly_stable_constant
SC_526	100	0	0	1	constant	1	0	highly_stable	stable_constant_identity	highly_stable_constant
SC_527	100	0	0	1	constant	1	0	highly_stable	stable_constant_identity	highly_stable_constant
SC_528	100	0	0	1	constant	1	0	highly_stable	stable_constant_identity	highly_stable_constant
SC_529	100	0	0	1	constant	1	0	highly_stable	stable_constant_identity	highly_stable_constant
SC_53	100	0	0	1	constant	1	0	highly_stable	stable_constant_identity	highly_stable_constant
SC_530	100	0	0	1	constant	1	0	highly_stable	stable_constant_identity	highly_stable_constant
SC_531	100	0	0	1	constant	1	0	highly_stable	stable_constant_identity	highly_stable_constant
SC_533	100	0	0	1	constant	1	0	highly_stable	stable_constant_identity	highly_stable_constant
SC_534	100	0	0	1	constant	1	0	highly_stable	stable_constant_identity	highly_stable_constant
SC_535	100	0	0	1	constant	1	0	highly_stable	stable_constant_identity	highly_stable_constant
SC_536	100	0	0	1	constant	1	0	highly_stable	stable_constant_identity	highly_stable_constant
SC_537	100	0	0	1	constant	1	0	highly_stable	stable_constant_identity	highly_stable_constant
SC_538	100	0	0	1	constant	1	0	highly_stable	stable_constant_identity	highly_stable_constant
SC_539	100	0	0	1	constant	1	0	highly_stable	stable_constant_identity	highly_stable_constant
SC_54	100	0	0	1	constant	1	0	highly_stable	stable_constant_identity	highly_stable_constant
SC_540	100	0	0	1	constant	1	0	highly_stable	stable_constant_identity	highly_stable_constant
SC_541	100	0	0	1	constant	1	0	highly_stable	stable_constant_identity	highly_stable_constant
SC_542	100	0	0	1	constant	1	0	highly_stable	stable_constant_identity	highly_stable_constant
SC_543	100	0	0	1	constant	1	0	highly_stable	stable_constant_identity	highly_stable_constant
SC_544	100	0	0	1	constant	1	0	highly_stable	stable_constant_identity	highly_stable_constant
SC_545	100	0	0	1	constant	1	0	highly_stable	stable_constant_identity	highly_stable_constant
SC_546	100	0	0	1	constant	1	0	highly_stable	stable_constant_identity	highly_stable_constant
SC_547	100	0	0	1	constant	1	0	highly_stable	stable_constant_identity	highly_stable_constant
SC_548	100	0	0	1	constant	1	0	highly_stable	stable_constant_identity	highly_stable_constant
SC_549	100	0	0	1	constant	1	0	highly_stable	stable_constant_identity	highly_stable_constant
SC_55	100	0	0	1	constant	1	0	highly_stable	stable_constant_identity	highly_stable_constant
SC_550	100	0	0	1	constant	1	0	highly_stable	stable_constant_identity	highly_stable_constant
SC_551	100	0	0	1	constant	1	0	highly_stable	stable_constant_identity	highly_stable_constant
SC_553	100	0	0	1	constant	1	0	highly_stable	stable_constant_identity	highly_stable_constant
SC_554	100	0	0	1	constant	1	0	highly_stable	stable_constant_identity	highly_stable_constant
SC_555	100	0	0	1	constant	1	0	highly_stable	stable_constant_identity	highly_stable_constant
SC_556	100	0	0	1	constant	1	0	highly_stable	stable_constant_identity	highly_stable_constant
SC_557	100	0	0	1	constant	1	0	highly_stable	stable_constant_identity	highly_stable_constant
SC_558	100	0	0	1	constant	1	0	highly_stable	stable_constant_identity	highly_stable_constant
SC_559	100	0	0	1	constant	1	0	highly_stable	stable_constant_identity	highly_stable_constant
SC_56	100	0	0	1	constant	1	0	highly_stable	stable_constant_identity	highly_stable_constant
SC_561	100	0	0	1	constant	1	0	highly_stable	stable_constant_identity	highly_stable_constant
SC_562	100	0	0	1	constant	1	0	highly_stable	stable_constant_identity	highly_stable_constant
SC_563	100	0	0	1	constant	1	0	highly_stable	stable_constant_identity	highly_stable_constant
SC_564	100	0	0	1	constant	1	0	highly_stable	stable_constant_identity	highly_stable_constant
SC_565	100	0	0	1	constant	1	0	highly_stable	stable_constant_identity	highly_stable_constant
SC_566	100	0	0	1	constant	1	0	highly_stable	stable_constant_identity	highly_stable_constant
SC_567	100	0	0	1	constant	1	0	highly_stable	stable_constant_identity	highly_stable_constant
SC_568	100	0	0	1	constant	1	0	highly_stable	stable_constant_identity	highly_stable_constant
SC_569	100	0	0	1	constant	1	0	highly_stable	stable_constant_identity	highly_stable_constant
SC_57	100	0	0	1	constant	1	0	highly_stable	stable_constant_identity	highly_stable_constant
SC_571	100	0	0	1	constant	1	0	highly_stable	stable_constant_identity	highly_stable_constant
SC_572	100	0	0	1	constant	1	0	highly_stable	stable_constant_identity	highly_stable_constant
SC_573	100	0	0	1	constant	1	0	highly_stable	stable_constant_identity	highly_stable_constant
SC_575	100	0	0	1	constant	1	0	highly_stable	stable_constant_identity	highly_stable_constant
SC_576	100	0	0	1	constant	1	0	highly_stable	stable_constant_identity	highly_stable_constant
SC_577	100	0	0	1	constant	1	0	highly_stable	stable_constant_identity	highly_stable_constant
SC_578	100	0	0	1	constant	1	0	highly_stable	stable_constant_identity	highly_stable_constant
SC_579	100	0	0	1	constant	1	0	highly_stable	stable_constant_identity	highly_stable_constant
SC_58	100	0	0	1	constant	1	0	highly_stable	stable_constant_identity	highly_stable_constant
SC_580	100	0	0	1	constant	1	0	highly_stable	stable_constant_identity	highly_stable_constant
SC_581	100	0	0	1	constant	1	0	highly_stable	stable_constant_identity	highly_stable_constant
SC_582	100	0	0	1	constant	1	0	highly_stable	stable_constant_identity	highly_stable_constant
SC_583	100	0	0	1	constant	1	0	highly_stable	stable_constant_identity	highly_stable_constant
SC_584	100	0	0	1	constant	1	0	highly_stable	stable_constant_identity	highly_stable_constant
SC_585	100	0	0	1	constant	1	0	highly_stable	stable_constant_identity	highly_stable_constant
SC_586	100	0	0	1	constant	1	0	highly_stable	stable_constant_identity	highly_stable_constant
SC_587	100	0	0	1	constant	1	0	highly_stable	stable_constant_identity	highly_stable_constant
SC_588	100	0	0	1	constant	1	0	highly_stable	stable_constant_identity	highly_stable_constant
SC_589	100	0	0	1	constant	1	0	highly_stable	stable_constant_identity	highly_stable_constant
SC_59	100	0	0	1	constant	1	0	highly_stable	stable_constant_identity	highly_stable_constant
SC_590	100	0	0	1	constant	1	0	highly_stable	stable_constant_identity	highly_stable_constant
SC_591	100	0	0	1	constant	1	0	highly_stable	stable_constant_identity	highly_stable_constant
SC_592	100	0	0	1	constant	1	0	highly_stable	stable_constant_identity	highly_stable_constant
SC_593	100	0	0	1	constant	1	0	highly_stable	stable_constant_identity	highly_stable_constant
SC_594	100	0	0	1	constant	1	0	highly_stable	stable_constant_identity	highly_stable_constant
SC_595	100	0	0	1	constant	1	0	highly_stable	stable_constant_identity	highly_stable_constant
SC_596	100	0	0	1	constant	1	0	highly_stable	stable_constant_identity	highly_stable_constant
SC_597	100	0	0	1	constant	1	0	highly_stable	stable_constant_identity	highly_stable_constant
SC_598	100	0	0	1	constant	1	0	highly_stable	stable_constant_identity	highly_stable_constant
SC_600	100	0	0	1	constant	1	0	highly_stable	stable_constant_identity	highly_stable_constant
SC_601	100	0	0	1	constant	1	0	highly_stable	stable_constant_identity	highly_stable_constant
SC_602	100	0	0	1	constant	1	0	highly_stable	stable_constant_identity	highly_stable_constant
SC_603	100	0	0	1	constant	1	0	highly_stable	stable_constant_identity	highly_stable_constant
SC_604	100	0	0	1	constant	1	0	highly_stable	stable_constant_identity	highly_stable_constant
SC_605	100	0	0	1	constant	1	0	highly_stable	stable_constant_identity	highly_stable_constant
SC_606	100	0	0	1	constant	1	0	highly_stable	stable_constant_identity	highly_stable_constant
SC_607	100	0	0	1	constant	1	0	highly_stable	stable_constant_identity	highly_stable_constant
SC_608	100	0	0	1	constant	1	0	highly_stable	stable_constant_identity	highly_stable_constant
SC_609	100	0	0	1	constant	1	0	highly_stable	stable_constant_identity	highly_stable_constant
SC_61	100	0	0	1	constant	1	0	highly_stable	stable_constant_identity	highly_stable_constant
SC_610	100	0	0	1	constant	1	0	highly_stable	stable_constant_identity	highly_stable_constant
SC_611	100	0	0	1	constant	1	0	highly_stable	stable_constant_identity	highly_stable_constant
SC_613	100	0	0	1	constant	1	0	highly_stable	stable_constant_identity	highly_stable_constant
SC_614	100	0	0	1	constant	1	0	highly_stable	stable_constant_identity	highly_stable_constant
SC_615	100	0	0	1	constant	1	0	highly_stable	stable_constant_identity	highly_stable_constant
SC_616	100	0	0	1	constant	1	0	highly_stable	stable_constant_identity	highly_stable_constant
SC_617	100	0	0	1	constant	1	0	highly_stable	stable_constant_identity	highly_stable_constant
SC_618	100	0	0	1	constant	1	0	highly_stable	stable_constant_identity	highly_stable_constant
SC_619	100	0	0	1	constant	1	0	highly_stable	stable_constant_identity	highly_stable_constant
SC_62	100	0	0	1	constant	1	0	highly_stable	stable_constant_identity	highly_stable_constant
SC_620	100	0	0	1	constant	1	0	highly_stable	stable_constant_identity	highly_stable_constant
SC_621	100	0	0	1	constant	1	0	highly_stable	stable_constant_identity	highly_stable_constant
SC_622	100	0	0	1	constant	1	0	highly_stable	stable_constant_identity	highly_stable_constant
SC_623	100	0	0	1	constant	1	0	highly_stable	stable_constant_identity	highly_stable_constant
SC_624	100	0	0	1	constant	1	0	highly_stable	stable_constant_identity	highly_stable_constant
SC_626	100	0	0	1	constant	1	0	highly_stable	stable_constant_identity	highly_stable_constant
SC_627	100	0	0	1	constant	1	0	highly_stable	stable_constant_identity	highly_stable_constant
SC_628	100	0	0	1	constant	1	0	highly_stable	stable_constant_identity	highly_stable_constant
SC_629	100	0	0	1	constant	1	0	highly_stable	stable_constant_identity	highly_stable_constant
SC_630	100	0	0	1	constant	1	0	highly_stable	stable_constant_identity	highly_stable_constant
SC_631	100	0	0	1	constant	1	0	highly_stable	stable_constant_identity	highly_stable_constant
SC_632	100	0	0	1	constant	1	0	highly_stable	stable_constant_identity	highly_stable_constant
SC_633	100	0	0	1	constant	1	0	highly_stable	stable_constant_identity	highly_stable_constant
SC_634	100	0	0	1	constant	1	0	highly_stable	stable_constant_identity	highly_stable_constant
SC_635	100	0	0	1	constant	1	0	highly_stable	stable_constant_identity	highly_stable_constant
SC_636	100	0	0	1	constant	1	0	highly_stable	stable_constant_identity	highly_stable_constant
SC_639	100	0	0	1	constant	1	0	highly_stable	stable_constant_identity	highly_stable_constant
SC_64	100	0	0	1	constant	1	0	highly_stable	stable_constant_identity	highly_stable_constant
SC_640	100	0	0	1	constant	1	0	highly_stable	stable_constant_identity	highly_stable_constant
SC_641	100	0	0	1	constant	1	0	highly_stable	stable_constant_identity	highly_stable_constant
SC_642	100	0	0	1	constant	1	0	highly_stable	stable_constant_identity	highly_stable_constant
SC_643	100	0	0	1	constant	1	0	highly_stable	stable_constant_identity	highly_stable_constant
SC_644	100	0	0	1	constant	1	0	highly_stable	stable_constant_identity	highly_stable_constant
SC_645	100	0	0	1	constant	1	0	highly_stable	stable_constant_identity	highly_stable_constant
SC_647	100	0	0	1	constant	1	0	highly_stable	stable_constant_identity	highly_stable_constant
SC_648	100	0	0	1	constant	1	0	highly_stable	stable_constant_identity	highly_stable_constant
SC_649	100	0	0	1	constant	1	0	highly_stable	stable_constant_identity	highly_stable_constant
SC_65	100	0	0	1	constant	1	0	highly_stable	stable_constant_identity	highly_stable_constant
SC_650	100	0	0	1	constant	1	0	highly_stable	stable_constant_identity	highly_stable_constant
SC_651	100	0	0	1	constant	1	0	highly_stable	stable_constant_identity	highly_stable_constant
SC_652	100	0	0	1	constant	1	0	highly_stable	stable_constant_identity	highly_stable_constant
SC_653	100	0	0	1	constant	1	0	highly_stable	stable_constant_identity	highly_stable_constant
SC_654	100	0	0	1	constant	1	0	highly_stable	stable_constant_identity	highly_stable_constant
SC_655	100	0	0	1	constant	1	0	highly_stable	stable_constant_identity	highly_stable_constant
SC_656	100	0	0	1	constant	1	0	highly_stable	stable_constant_identity	highly_stable_constant
SC_657	100	0	0	1	constant	1	0	highly_stable	stable_constant_identity	highly_stable_constant
SC_658	100	0	0	1	constant	1	0	highly_stable	stable_constant_identity	highly_stable_constant
SC_659	100	0	0	1	constant	1	0	highly_stable	stable_constant_identity	highly_stable_constant
SC_662	100	0	0	1	constant	1	0	highly_stable	stable_constant_identity	highly_stable_constant
SC_663	100	0	0	1	constant	1	0	highly_stable	stable_constant_identity	highly_stable_constant
SC_664	100	0	0	1	constant	1	0	highly_stable	stable_constant_identity	highly_stable_constant
SC_665	100	0	0	1	constant	1	0	highly_stable	stable_constant_identity	highly_stable_constant
SC_666	100	0	0	1	constant	1	0	highly_stable	stable_constant_identity	highly_stable_constant
SC_668	100	0	0	1	constant	1	0	highly_stable	stable_constant_identity	highly_stable_constant
SC_669	100	0	0	1	constant	1	0	highly_stable	stable_constant_identity	highly_stable_constant
SC_670	100	0	0	1	constant	1	0	highly_stable	stable_constant_identity	highly_stable_constant
SC_671	100	0	0	1	constant	1	0	highly_stable	stable_constant_identity	highly_stable_constant
SC_673	100	0	0	1	constant	1	0	highly_stable	stable_constant_identity	highly_stable_constant
SC_674	100	0	0	1	constant	1	0	highly_stable	stable_constant_identity	highly_stable_constant
SC_675	100	0	0	1	constant	1	0	highly_stable	stable_constant_identity	highly_stable_constant
SC_676	100	0	0	1	constant	1	0	highly_stable	stable_constant_identity	highly_stable_constant
SC_677	100	0	0	1	constant	1	0	highly_stable	stable_constant_identity	highly_stable_constant
SC_678	100	0	0	1	constant	1	0	highly_stable	stable_constant_identity	highly_stable_constant
SC_679	100	0	0	1	constant	1	0	highly_stable	stable_constant_identity	highly_stable_constant
SC_68	100	0	0	1	constant	1	0	highly_stable	stable_constant_identity	highly_stable_constant
SC_680	100	0	0	1	constant	1	0	highly_stable	stable_constant_identity	highly_stable_constant
SC_682	100	0	0	1	constant	1	0	highly_stable	stable_constant_identity	highly_stable_constant
SC_683	100	0	0	1	constant	1	0	highly_stable	stable_constant_identity	highly_stable_constant
SC_685	100	0	0	1	constant	1	0	highly_stable	stable_constant_identity	highly_stable_constant
SC_686	100	0	0	1	constant	1	0	highly_stable	stable_constant_identity	highly_stable_constant
SC_687	100	0	0	1	constant	1	0	highly_stable	stable_constant_identity	highly_stable_constant
SC_688	100	0	0	1	constant	1	0	highly_stable	stable_constant_identity	highly_stable_constant
SC_689	100	0	0	1	constant	1	0	highly_stable	stable_constant_identity	highly_stable_constant
SC_69	100	0	0	1	constant	1	0	highly_stable	stable_constant_identity	highly_stable_constant
SC_690	100	0	0	1	constant	1	0	highly_stable	stable_constant_identity	highly_stable_constant
SC_691	100	0	0	1	constant	1	0	highly_stable	stable_constant_identity	highly_stable_constant
SC_692	100	0	0	1	constant	1	0	highly_stable	stable_constant_identity	highly_stable_constant
SC_693	100	0	0	1	constant	1	0	highly_stable	stable_constant_identity	highly_stable_constant
SC_694	100	0	0	1	constant	1	0	highly_stable	stable_constant_identity	highly_stable_constant
SC_695	100	0	0	1	constant	1	0	highly_stable	stable_constant_identity	highly_stable_constant
SC_696	100	0	0	1	constant	1	0	highly_stable	stable_constant_identity	highly_stable_constant
SC_697	100	0	0	1	constant	1	0	highly_stable	stable_constant_identity	highly_stable_constant
SC_698	100	0	0	1	constant	1	0	highly_stable	stable_constant_identity	highly_stable_constant
SC_699	100	0	0	1	constant	1	0	highly_stable	stable_constant_identity	highly_stable_constant
SC_7	100	0	0	1	constant	1	0	highly_stable	stable_constant_identity	highly_stable_constant
SC_70	100	0	0	1	constant	1	0	highly_stable	stable_constant_identity	highly_stable_constant
SC_700	100	0	0	1	constant	1	0	highly_stable	stable_constant_identity	highly_stable_constant
SC_701	100	0	0	1	constant	1	0	highly_stable	stable_constant_identity	highly_stable_constant
SC_702	100	0	0	1	constant	1	0	highly_stable	stable_constant_identity	highly_stable_constant
SC_703	100	0	0	1	constant	1	0	highly_stable	stable_constant_identity	highly_stable_constant
SC_704	100	0	0	1	constant	1	0	highly_stable	stable_constant_identity	highly_stable_constant
SC_705	100	0	0	1	constant	1	0	highly_stable	stable_constant_identity	highly_stable_constant
SC_706	100	0	0	1	constant	1	0	highly_stable	stable_constant_identity	highly_stable_constant
SC_707	100	0	0	1	constant	1	0	highly_stable	stable_constant_identity	highly_stable_constant
SC_708	100	0	0	1	constant	1	0	highly_stable	stable_constant_identity	highly_stable_constant
SC_709	100	0	0	1	constant	1	0	highly_stable	stable_constant_identity	highly_stable_constant
SC_71	100	0	0	1	constant	1	0	highly_stable	stable_constant_identity	highly_stable_constant
SC_710	100	0	0	1	constant	1	0	highly_stable	stable_constant_identity	highly_stable_constant
SC_711	100	0	0	1	constant	1	0	highly_stable	stable_constant_identity	highly_stable_constant
SC_712	100	0	0	1	constant	1	0	highly_stable	stable_constant_identity	highly_stable_constant
SC_713	100	0	0	1	constant	1	0	highly_stable	stable_constant_identity	highly_stable_constant
SC_714	100	0	0	1	constant	1	0	highly_stable	stable_constant_identity	highly_stable_constant
SC_715	100	0	0	1	constant	1	0	highly_stable	stable_constant_identity	highly_stable_constant
SC_716	100	0	0	1	constant	1	0	highly_stable	stable_constant_identity	highly_stable_constant
SC_717	100	0	0	1	constant	1	0	highly_stable	stable_constant_identity	highly_stable_constant
SC_718	100	0	0	1	constant	1	0	highly_stable	stable_constant_identity	highly_stable_constant
SC_719	100	0	0	1	constant	1	0	highly_stable	stable_constant_identity	highly_stable_constant
SC_72	100	0	0	1	constant	1	0	highly_stable	stable_constant_identity	highly_stable_constant
SC_720	100	0	0	1	constant	1	0	highly_stable	stable_constant_identity	highly_stable_constant
SC_722	100	0	0	1	constant	1	0	highly_stable	stable_constant_identity	highly_stable_constant
SC_723	100	0	0	1	constant	1	0	highly_stable	stable_constant_identity	highly_stable_constant
SC_724	100	0	0	1	constant	1	0	highly_stable	stable_constant_identity	highly_stable_constant
SC_725	100	0	0	1	constant	1	0	highly_stable	stable_constant_identity	highly_stable_constant
SC_726	100	0	0	1	constant	1	0	highly_stable	stable_constant_identity	highly_stable_constant
SC_727	100	0	0	1	constant	1	0	highly_stable	stable_constant_identity	highly_stable_constant
SC_729	100	0	0	1	constant	1	0	highly_stable	stable_constant_identity	highly_stable_constant
SC_73	100	0	0	1	constant	1	0	highly_stable	stable_constant_identity	highly_stable_constant
SC_730	100	0	0	1	constant	1	0	highly_stable	stable_constant_identity	highly_stable_constant
SC_731	100	0	0	1	constant	1	0	highly_stable	stable_constant_identity	highly_stable_constant
SC_732	100	0	0	1	constant	1	0	highly_stable	stable_constant_identity	highly_stable_constant
SC_733	100	0	0	1	constant	1	0	highly_stable	stable_constant_identity	highly_stable_constant
SC_734	100	0	0	1	constant	1	0	highly_stable	stable_constant_identity	highly_stable_constant
SC_735	100	0	0	1	constant	1	0	highly_stable	stable_constant_identity	highly_stable_constant
SC_736	100	0	0	1	constant	1	0	highly_stable	stable_constant_identity	highly_stable_constant
SC_737	100	0	0	1	constant	1	0	highly_stable	stable_constant_identity	highly_stable_constant
SC_738	100	0	0	1	constant	1	0	highly_stable	stable_constant_identity	highly_stable_constant
SC_739	100	0	0	1	constant	1	0	highly_stable	stable_constant_identity	highly_stable_constant
SC_74	100	0	0	1	constant	1	0	highly_stable	stable_constant_identity	highly_stable_constant
SC_740	100	0	0	1	constant	1	0	highly_stable	stable_constant_identity	highly_stable_constant
SC_741	100	0	0	1	constant	1	0	highly_stable	stable_constant_identity	highly_stable_constant
SC_742	100	0	0	1	constant	1	0	highly_stable	stable_constant_identity	highly_stable_constant
SC_743	100	0	0	1	constant	1	0	highly_stable	stable_constant_identity	highly_stable_constant
SC_744	100	0	0	1	constant	1	0	highly_stable	stable_constant_identity	highly_stable_constant
SC_745	100	0	0	1	constant	1	0	highly_stable	stable_constant_identity	highly_stable_constant
SC_746	100	0	0	1	constant	1	0	highly_stable	stable_constant_identity	highly_stable_constant
SC_749	100	0	0	1	constant	1	0	highly_stable	stable_constant_identity	highly_stable_constant
SC_75	100	0	0	1	constant	1	0	highly_stable	stable_constant_identity	highly_stable_constant
SC_750	100	0	0	1	constant	1	0	highly_stable	stable_constant_identity	highly_stable_constant
SC_751	100	0	0	1	constant	1	0	highly_stable	stable_constant_identity	highly_stable_constant
SC_752	100	0	0	1	constant	1	0	highly_stable	stable_constant_identity	highly_stable_constant
SC_754	100	0	0	1	constant	1	0	highly_stable	stable_constant_identity	highly_stable_constant
SC_755	100	0	0	1	constant	1	0	highly_stable	stable_constant_identity	highly_stable_constant
SC_756	100	0	0	1	constant	1	0	highly_stable	stable_constant_identity	highly_stable_constant
SC_757	100	0	0	1	constant	1	0	highly_stable	stable_constant_identity	highly_stable_constant
SC_758	100	0	0	1	constant	1	0	highly_stable	stable_constant_identity	highly_stable_constant
SC_759	100	0	0	1	constant	1	0	highly_stable	stable_constant_identity	highly_stable_constant
SC_76	100	0	0	1	constant	1	0	highly_stable	stable_constant_identity	highly_stable_constant
SC_760	100	0	0	1	constant	1	0	highly_stable	stable_constant_identity	highly_stable_constant
SC_761	100	0	0	1	constant	1	0	highly_stable	stable_constant_identity	highly_stable_constant
SC_762	100	0	0	1	constant	1	0	highly_stable	stable_constant_identity	highly_stable_constant
SC_763	100	0	0	1	constant	1	0	highly_stable	stable_constant_identity	highly_stable_constant
SC_764	100	0	0	1	constant	1	0	highly_stable	stable_constant_identity	highly_stable_constant
SC_765	100	0	0	1	constant	1	0	highly_stable	stable_constant_identity	highly_stable_constant
SC_766	100	0	0	1	constant	1	0	highly_stable	stable_constant_identity	highly_stable_constant
SC_767	100	0	0	1	constant	1	0	highly_stable	stable_constant_identity	highly_stable_constant
SC_768	100	0	0	1	constant	1	0	highly_stable	stable_constant_identity	highly_stable_constant
SC_769	100	0	0	1	constant	1	0	highly_stable	stable_constant_identity	highly_stable_constant
SC_77	100	0	0	1	constant	1	0	highly_stable	stable_constant_identity	highly_stable_constant
SC_770	100	0	0	1	constant	1	0	highly_stable	stable_constant_identity	highly_stable_constant
SC_771	100	0	0	1	constant	1	0	highly_stable	stable_constant_identity	highly_stable_constant
SC_772	100	0	0	1	constant	1	0	highly_stable	stable_constant_identity	highly_stable_constant
SC_773	100	0	0	1	constant	1	0	highly_stable	stable_constant_identity	highly_stable_constant
SC_774	100	0	0	1	constant	1	0	highly_stable	stable_constant_identity	highly_stable_constant
SC_775	100	0	0	1	constant	1	0	highly_stable	stable_constant_identity	highly_stable_constant
SC_776	100	0	0	1	constant	1	0	highly_stable	stable_constant_identity	highly_stable_constant
SC_777	100	0	0	1	constant	1	0	highly_stable	stable_constant_identity	highly_stable_constant
SC_778	100	0	0	1	constant	1	0	highly_stable	stable_constant_identity	highly_stable_constant
SC_779	100	0	0	1	constant	1	0	highly_stable	stable_constant_identity	highly_stable_constant
SC_78	100	0	0	1	constant	1	0	highly_stable	stable_constant_identity	highly_stable_constant
SC_780	100	0	0	1	constant	1	0	highly_stable	stable_constant_identity	highly_stable_constant
SC_781	100	0	0	1	constant	1	0	highly_stable	stable_constant_identity	highly_stable_constant
SC_782	100	0	0	1	constant	1	0	highly_stable	stable_constant_identity	highly_stable_constant
SC_783	100	0	0	1	constant	1	0	highly_stable	stable_constant_identity	highly_stable_constant
SC_784	100	0	0	1	constant	1	0	highly_stable	stable_constant_identity	highly_stable_constant
SC_785	100	0	0	1	constant	1	0	highly_stable	stable_constant_identity	highly_stable_constant
SC_786	100	0	0	1	constant	1	0	highly_stable	stable_constant_identity	highly_stable_constant
SC_787	100	0	0	1	constant	1	0	highly_stable	stable_constant_identity	highly_stable_constant
SC_788	100	0	0	1	constant	1	0	highly_stable	stable_constant_identity	highly_stable_constant
SC_789	100	0	0	1	constant	1	0	highly_stable	stable_constant_identity	highly_stable_constant
SC_79	100	0	0	1	constant	1	0	highly_stable	stable_constant_identity	highly_stable_constant
SC_790	100	0	0	1	constant	1	0	highly_stable	stable_constant_identity	highly_stable_constant
SC_791	100	0	0	1	constant	1	0	highly_stable	stable_constant_identity	highly_stable_constant
SC_792	100	0	0	1	constant	1	0	highly_stable	stable_constant_identity	highly_stable_constant
SC_793	100	0	0	1	constant	1	0	highly_stable	stable_constant_identity	highly_stable_constant
SC_794	100	0	0	1	constant	1	0	highly_stable	stable_constant_identity	highly_stable_constant
SC_795	100	0	0	1	constant	1	0	highly_stable	stable_constant_identity	highly_stable_constant
SC_797	100	0	0	1	constant	1	0	highly_stable	stable_constant_identity	highly_stable_constant
SC_798	100	0	0	1	constant	1	0	highly_stable	stable_constant_identity	highly_stable_constant
SC_799	100	0	0	1	constant	1	0	highly_stable	stable_constant_identity	highly_stable_constant
SC_8	100	0	0	1	constant	1	0	highly_stable	stable_constant_identity	highly_stable_constant
SC_80	100	0	0	1	constant	1	0	highly_stable	stable_constant_identity	highly_stable_constant
SC_801	100	0	0	1	constant	1	0	highly_stable	stable_constant_identity	highly_stable_constant
SC_802	100	0	0	1	constant	1	0	highly_stable	stable_constant_identity	highly_stable_constant
SC_803	100	0	0	1	constant	1	0	highly_stable	stable_constant_identity	highly_stable_constant
SC_804	100	0	0	1	constant	1	0	highly_stable	stable_constant_identity	highly_stable_constant
SC_806	100	0	0	1	constant	1	0	highly_stable	stable_constant_identity	highly_stable_constant
SC_807	100	0	0	1	constant	1	0	highly_stable	stable_constant_identity	highly_stable_constant
SC_808	100	0	0	1	constant	1	0	highly_stable	stable_constant_identity	highly_stable_constant
SC_809	100	0	0	1	constant	1	0	highly_stable	stable_constant_identity	highly_stable_constant
SC_81	100	0	0	1	constant	1	0	highly_stable	stable_constant_identity	highly_stable_constant
SC_810	100	0	0	1	constant	1	0	highly_stable	stable_constant_identity	highly_stable_constant
SC_811	100	0	0	1	constant	1	0	highly_stable	stable_constant_identity	highly_stable_constant
SC_812	100	0	0	1	constant	1	0	highly_stable	stable_constant_identity	highly_stable_constant
SC_813	100	0	0	1	constant	1	0	highly_stable	stable_constant_identity	highly_stable_constant
SC_814	100	0	0	1	constant	1	0	highly_stable	stable_constant_identity	highly_stable_constant
SC_815	100	0	0	1	constant	1	0	highly_stable	stable_constant_identity	highly_stable_constant
SC_816	100	0	0	1	constant	1	0	highly_stable	stable_constant_identity	highly_stable_constant
SC_817	100	0	0	1	constant	1	0	highly_stable	stable_constant_identity	highly_stable_constant
SC_818	100	0	0	1	constant	1	0	highly_stable	stable_constant_identity	highly_stable_constant
SC_819	100	0	0	1	constant	1	0	highly_stable	stable_constant_identity	highly_stable_constant
SC_82	100	0	0	1	constant	1	0	highly_stable	stable_constant_identity	highly_stable_constant
SC_820	100	0	0	1	constant	1	0	highly_stable	stable_constant_identity	highly_stable_constant
SC_821	100	0	0	1	constant	1	0	highly_stable	stable_constant_identity	highly_stable_constant
SC_822	100	0	0	1	constant	1	0	highly_stable	stable_constant_identity	highly_stable_constant
SC_823	100	0	0	1	constant	1	0	highly_stable	stable_constant_identity	highly_stable_constant
SC_825	100	0	0	1	constant	1	0	highly_stable	stable_constant_identity	highly_stable_constant
SC_826	100	0	0	1	constant	1	0	highly_stable	stable_constant_identity	highly_stable_constant
SC_827	100	0	0	1	constant	1	0	highly_stable	stable_constant_identity	highly_stable_constant
SC_828	100	0	0	1	constant	1	0	highly_stable	stable_constant_identity	highly_stable_constant
SC_829	100	0	0	1	constant	1	0	highly_stable	stable_constant_identity	highly_stable_constant
SC_83	100	0	0	1	constant	1	0	highly_stable	stable_constant_identity	highly_stable_constant
SC_830	100	0	0	1	constant	1	0	highly_stable	stable_constant_identity	highly_stable_constant
SC_831	100	0	0	1	constant	1	0	highly_stable	stable_constant_identity	highly_stable_constant
SC_832	100	0	0	1	constant	1	0	highly_stable	stable_constant_identity	highly_stable_constant
SC_834	100	0	0	1	constant	1	0	highly_stable	stable_constant_identity	highly_stable_constant
SC_835	100	0	0	1	constant	1	0	highly_stable	stable_constant_identity	highly_stable_constant
SC_836	100	0	0	1	constant	1	0	highly_stable	stable_constant_identity	highly_stable_constant
SC_837	100	0	0	1	constant	1	0	highly_stable	stable_constant_identity	highly_stable_constant
SC_838	100	0	0	1	constant	1	0	highly_stable	stable_constant_identity	highly_stable_constant
SC_839	100	0	0	1	constant	1	0	highly_stable	stable_constant_identity	highly_stable_constant
SC_84	100	0	0	1	constant	1	0	highly_stable	stable_constant_identity	highly_stable_constant
SC_841	100	0	0	1	constant	1	0	highly_stable	stable_constant_identity	highly_stable_constant
SC_842	100	0	0	1	constant	1	0	highly_stable	stable_constant_identity	highly_stable_constant
SC_843	100	0	0	1	constant	1	0	highly_stable	stable_constant_identity	highly_stable_constant
SC_844	100	0	0	1	constant	1	0	highly_stable	stable_constant_identity	highly_stable_constant
SC_845	100	0	0	1	constant	1	0	highly_stable	stable_constant_identity	highly_stable_constant
SC_846	100	0	0	1	constant	1	0	highly_stable	stable_constant_identity	highly_stable_constant
SC_847	100	0	0	1	constant	1	0	highly_stable	stable_constant_identity	highly_stable_constant
SC_849	100	0	0	1	constant	1	0	highly_stable	stable_constant_identity	highly_stable_constant
SC_85	100	0	0	1	constant	1	0	highly_stable	stable_constant_identity	highly_stable_constant
SC_850	100	0	0	1	constant	1	0	highly_stable	stable_constant_identity	highly_stable_constant
SC_851	100	0	0	1	constant	1	0	highly_stable	stable_constant_identity	highly_stable_constant
SC_852	100	0	0	1	constant	1	0	highly_stable	stable_constant_identity	highly_stable_constant
SC_853	100	0	0	1	constant	1	0	highly_stable	stable_constant_identity	highly_stable_constant
SC_854	100	0	0	1	constant	1	0	highly_stable	stable_constant_identity	highly_stable_constant
SC_855	100	0	0	1	constant	1	0	highly_stable	stable_constant_identity	highly_stable_constant
SC_856	100	0	0	1	constant	1	0	highly_stable	stable_constant_identity	highly_stable_constant
SC_857	100	0	0	1	constant	1	0	highly_stable	stable_constant_identity	highly_stable_constant
SC_858	100	0	0	1	constant	1	0	highly_stable	stable_constant_identity	highly_stable_constant
SC_859	100	0	0	1	constant	1	0	highly_stable	stable_constant_identity	highly_stable_constant
SC_86	100	0	0	1	constant	1	0	highly_stable	stable_constant_identity	highly_stable_constant
SC_860	100	0	0	1	constant	1	0	highly_stable	stable_constant_identity	highly_stable_constant
SC_861	100	0	0	1	constant	1	0	highly_stable	stable_constant_identity	highly_stable_constant
SC_862	100	0	0	1	constant	1	0	highly_stable	stable_constant_identity	highly_stable_constant
SC_863	100	0	0	1	constant	1	0	highly_stable	stable_constant_identity	highly_stable_constant
SC_864	100	0	0	1	constant	1	0	highly_stable	stable_constant_identity	highly_stable_constant
SC_865	100	0	0	1	constant	1	0	highly_stable	stable_constant_identity	highly_stable_constant
SC_866	100	0	0	1	constant	1	0	highly_stable	stable_constant_identity	highly_stable_constant
SC_867	100	0	0	1	constant	1	0	highly_stable	stable_constant_identity	highly_stable_constant
SC_868	100	0	0	1	constant	1	0	highly_stable	stable_constant_identity	highly_stable_constant
SC_869	100	0	0	1	constant	1	0	highly_stable	stable_constant_identity	highly_stable_constant
SC_87	100	0	0	1	constant	1	0	highly_stable	stable_constant_identity	highly_stable_constant
SC_870	100	0	0	1	constant	1	0	highly_stable	stable_constant_identity	highly_stable_constant
SC_871	100	0	0	1	constant	1	0	highly_stable	stable_constant_identity	highly_stable_constant
SC_872	100	0	0	1	constant	1	0	highly_stable	stable_constant_identity	highly_stable_constant
SC_873	100	0	0	1	constant	1	0	highly_stable	stable_constant_identity	highly_stable_constant
SC_874	100	0	0	1	constant	1	0	highly_stable	stable_constant_identity	highly_stable_constant
SC_875	100	0	0	1	constant	1	0	highly_stable	stable_constant_identity	highly_stable_constant
SC_876	100	0	0	1	constant	1	0	highly_stable	stable_constant_identity	highly_stable_constant
SC_877	100	0	0	1	constant	1	0	highly_stable	stable_constant_identity	highly_stable_constant
SC_878	100	0	0	1	constant	1	0	highly_stable	stable_constant_identity	highly_stable_constant
SC_879	100	0	0	1	constant	1	0	highly_stable	stable_constant_identity	highly_stable_constant
SC_88	100	0	0	1	constant	1	0	highly_stable	stable_constant_identity	highly_stable_constant
SC_880	100	0	0	1	constant	1	0	highly_stable	stable_constant_identity	highly_stable_constant
SC_881	100	0	0	1	constant	1	0	highly_stable	stable_constant_identity	highly_stable_constant
SC_882	100	0	0	1	constant	1	0	highly_stable	stable_constant_identity	highly_stable_constant
SC_883	100	0	0	1	constant	1	0	highly_stable	stable_constant_identity	highly_stable_constant
SC_884	100	0	0	1	constant	1	0	highly_stable	stable_constant_identity	highly_stable_constant
SC_885	100	0	0	1	constant	1	0	highly_stable	stable_constant_identity	highly_stable_constant
SC_886	100	0	0	1	constant	1	0	highly_stable	stable_constant_identity	highly_stable_constant
SC_887	100	0	0	1	constant	1	0	highly_stable	stable_constant_identity	highly_stable_constant
SC_888	100	0	0	1	constant	1	0	highly_stable	stable_constant_identity	highly_stable_constant
SC_89	100	0	0	1	constant	1	0	highly_stable	stable_constant_identity	highly_stable_constant
SC_890	100	0	0	1	constant	1	0	highly_stable	stable_constant_identity	highly_stable_constant
SC_891	100	0	0	1	constant	1	0	highly_stable	stable_constant_identity	highly_stable_constant
SC_892	100	0	0	1	constant	1	0	highly_stable	stable_constant_identity	highly_stable_constant
SC_893	100	0	0	1	constant	1	0	highly_stable	stable_constant_identity	highly_stable_constant
SC_894	100	0	0	1	constant	1	0	highly_stable	stable_constant_identity	highly_stable_constant
SC_895	100	0	0	1	constant	1	0	highly_stable	stable_constant_identity	highly_stable_constant
SC_896	100	0	0	1	constant	1	0	highly_stable	stable_constant_identity	highly_stable_constant
SC_897	100	0	0	1	constant	1	0	highly_stable	stable_constant_identity	highly_stable_constant
SC_899	100	0	0	1	constant	1	0	highly_stable	stable_constant_identity	highly_stable_constant
SC_9	100	0	0	1	constant	1	0	highly_stable	stable_constant_identity	highly_stable_constant
SC_90	100	0	0	1	constant	1	0	highly_stable	stable_constant_identity	highly_stable_constant
SC_901	100	0	0	1	constant	1	0	highly_stable	stable_constant_identity	highly_stable_constant
SC_902	100	0	0	1	constant	1	0	highly_stable	stable_constant_identity	highly_stable_constant
SC_903	100	0	0	1	constant	1	0	highly_stable	stable_constant_identity	highly_stable_constant
SC_904	100	0	0	1	constant	1	0	highly_stable	stable_constant_identity	highly_stable_constant
SC_905	100	0	0	1	constant	1	0	highly_stable	stable_constant_identity	highly_stable_constant
SC_906	100	0	0	1	constant	1	0	highly_stable	stable_constant_identity	highly_stable_constant
SC_907	100	0	0	1	constant	1	0	highly_stable	stable_constant_identity	highly_stable_constant
SC_908	100	0	0	1	constant	1	0	highly_stable	stable_constant_identity	highly_stable_constant
SC_909	100	0	0	1	constant	1	0	highly_stable	stable_constant_identity	highly_stable_constant
SC_91	100	0	0	1	constant	1	0	highly_stable	stable_constant_identity	highly_stable_constant
SC_910	100	0	0	1	constant	1	0	highly_stable	stable_constant_identity	highly_stable_constant
SC_911	100	0	0	1	constant	1	0	highly_stable	stable_constant_identity	highly_stable_constant
SC_913	100	0	0	1	constant	1	0	highly_stable	stable_constant_identity	highly_stable_constant
SC_914	100	0	0	1	constant	1	0	highly_stable	stable_constant_identity	highly_stable_constant
SC_915	100	0	0	1	constant	1	0	highly_stable	stable_constant_identity	highly_stable_constant
SC_916	100	0	0	1	constant	1	0	highly_stable	stable_constant_identity	highly_stable_constant
SC_917	100	0	0	1	constant	1	0	highly_stable	stable_constant_identity	highly_stable_constant
SC_919	100	0	0	1	constant	1	0	highly_stable	stable_constant_identity	highly_stable_constant
SC_92	100	0	0	1	constant	1	0	highly_stable	stable_constant_identity	highly_stable_constant
SC_920	100	0	0	1	constant	1	0	highly_stable	stable_constant_identity	highly_stable_constant
SC_921	100	0	0	1	constant	1	0	highly_stable	stable_constant_identity	highly_stable_constant
SC_922	100	0	0	1	constant	1	0	highly_stable	stable_constant_identity	highly_stable_constant
SC_924	100	0	0	1	constant	1	0	highly_stable	stable_constant_identity	highly_stable_constant
SC_926	100	0	0	1	constant	1	0	highly_stable	stable_constant_identity	highly_stable_constant
SC_927	100	0	0	1	constant	1	0	highly_stable	stable_constant_identity	highly_stable_constant
SC_928	100	0	0	1	constant	1	0	highly_stable	stable_constant_identity	highly_stable_constant
SC_93	100	0	0	1	constant	1	0	highly_stable	stable_constant_identity	highly_stable_constant
SC_930	100	0	0	1	constant	1	0	highly_stable	stable_constant_identity	highly_stable_constant
SC_931	100	0	0	1	constant	1	0	highly_stable	stable_constant_identity	highly_stable_constant
SC_932	100	0	0	1	constant	1	0	highly_stable	stable_constant_identity	highly_stable_constant
SC_933	100	0	0	1	constant	1	0	highly_stable	stable_constant_identity	highly_stable_constant
SC_934	100	0	0	1	constant	1	0	highly_stable	stable_constant_identity	highly_stable_constant
SC_935	100	0	0	1	constant	1	0	highly_stable	stable_constant_identity	highly_stable_constant
SC_936	100	0	0	1	constant	1	0	highly_stable	stable_constant_identity	highly_stable_constant
SC_937	100	0	0	1	constant	1	0	highly_stable	stable_constant_identity	highly_stable_constant
SC_938	100	0	0	1	constant	1	0	highly_stable	stable_constant_identity	highly_stable_constant
SC_939	100	0	0	1	constant	1	0	highly_stable	stable_constant_identity	highly_stable_constant
SC_94	100	0	0	1	constant	1	0	highly_stable	stable_constant_identity	highly_stable_constant
SC_940	100	0	0	1	constant	1	0	highly_stable	stable_constant_identity	highly_stable_constant
SC_941	100	0	0	1	constant	1	0	highly_stable	stable_constant_identity	highly_stable_constant
SC_942	100	0	0	1	constant	1	0	highly_stable	stable_constant_identity	highly_stable_constant
SC_943	100	0	0	1	constant	1	0	highly_stable	stable_constant_identity	highly_stable_constant
SC_944	100	0	0	1	constant	1	0	highly_stable	stable_constant_identity	highly_stable_constant
SC_945	100	0	0	1	constant	1	0	highly_stable	stable_constant_identity	highly_stable_constant
SC_946	100	0	0	1	constant	1	0	highly_stable	stable_constant_identity	highly_stable_constant
SC_947	100	0	0	1	constant	1	0	highly_stable	stable_constant_identity	highly_stable_constant
SC_948	100	0	0	1	constant	1	0	highly_stable	stable_constant_identity	highly_stable_constant
SC_949	100	0	0	1	constant	1	0	highly_stable	stable_constant_identity	highly_stable_constant
SC_95	100	0	0	1	constant	1	0	highly_stable	stable_constant_identity	highly_stable_constant
SC_950	100	0	0	1	constant	1	0	highly_stable	stable_constant_identity	highly_stable_constant
SC_952	100	0	0	1	constant	1	0	highly_stable	stable_constant_identity	highly_stable_constant
SC_953	100	0	0	1	constant	1	0	highly_stable	stable_constant_identity	highly_stable_constant
SC_955	100	0	0	1	constant	1	0	highly_stable	stable_constant_identity	highly_stable_constant
SC_956	100	0	0	1	constant	1	0	highly_stable	stable_constant_identity	highly_stable_constant
SC_957	100	0	0	1	constant	1	0	highly_stable	stable_constant_identity	highly_stable_constant
SC_958	100	0	0	1	constant	1	0	highly_stable	stable_constant_identity	highly_stable_constant
SC_959	100	0	0	1	constant	1	0	highly_stable	stable_constant_identity	highly_stable_constant
SC_96	100	0	0	1	constant	1	0	highly_stable	stable_constant_identity	highly_stable_constant
SC_960	100	0	0	1	constant	1	0	highly_stable	stable_constant_identity	highly_stable_constant
SC_961	100	0	0	1	constant	1	0	highly_stable	stable_constant_identity	highly_stable_constant
SC_962	100	0	0	1	constant	1	0	highly_stable	stable_constant_identity	highly_stable_constant
SC_963	100	0	0	1	constant	1	0	highly_stable	stable_constant_identity	highly_stable_constant
SC_964	100	0	0	1	constant	1	0	highly_stable	stable_constant_identity	highly_stable_constant
SC_965	100	0	0	1	constant	1	0	highly_stable	stable_constant_identity	highly_stable_constant
SC_966	100	0	0	1	constant	1	0	highly_stable	stable_constant_identity	highly_stable_constant
SC_967	100	0	0	1	constant	1	0	highly_stable	stable_constant_identity	highly_stable_constant
SC_968	100	0	0	1	constant	1	0	highly_stable	stable_constant_identity	highly_stable_constant
SC_969	100	0	0	1	constant	1	0	highly_stable	stable_constant_identity	highly_stable_constant
SC_97	100	0	0	1	constant	1	0	highly_stable	stable_constant_identity	highly_stable_constant
SC_970	100	0	0	1	constant	1	0	highly_stable	stable_constant_identity	highly_stable_constant
SC_971	100	0	0	1	constant	1	0	highly_stable	stable_constant_identity	highly_stable_constant
SC_972	100	0	0	1	constant	1	0	highly_stable	stable_constant_identity	highly_stable_constant
SC_973	100	0	0	1	constant	1	0	highly_stable	stable_constant_identity	highly_stable_constant
SC_974	100	0	0	1	constant	1	0	highly_stable	stable_constant_identity	highly_stable_constant
SC_975	100	0	0	1	constant	1	0	highly_stable	stable_constant_identity	highly_stable_constant
SC_976	100	0	0	1	constant	1	0	highly_stable	stable_constant_identity	highly_stable_constant
SC_977	100	0	0	1	constant	1	0	highly_stable	stable_constant_identity	highly_stable_constant
SC_978	100	0	0	1	constant	1	0	highly_stable	stable_constant_identity	highly_stable_constant
SC_979	100	0	0	1	constant	1	0	highly_stable	stable_constant_identity	highly_stable_constant
SC_98	100	0	0	1	constant	1	0	highly_stable	stable_constant_identity	highly_stable_constant
SC_980	100	0	0	1	constant	1	0	highly_stable	stable_constant_identity	highly_stable_constant
SC_981	100	0	0	1	constant	1	0	highly_stable	stable_constant_identity	highly_stable_constant
SC_982	100	0	0	1	constant	1	0	highly_stable	stable_constant_identity	highly_stable_constant
SC_983	100	0	0	1	constant	1	0	highly_stable	stable_constant_identity	highly_stable_constant
SC_984	100	0	0	1	constant	1	0	highly_stable	stable_constant_identity	highly_stable_constant
SC_985	100	0	0	1	constant	1	0	highly_stable	stable_constant_identity	highly_stable_constant
SC_986	100	0	0	1	constant	1	0	highly_stable	stable_constant_identity	highly_stable_constant
SC_987	100	0	0	1	constant	1	0	highly_stable	stable_constant_identity	highly_stable_constant
SC_988	100	0	0	1	constant	1	0	highly_stable	stable_constant_identity	highly_stable_constant
SC_989	100	0	0	1	constant	1	0	highly_stable	stable_constant_identity	highly_stable_constant
SC_99	100	0	0	1	constant	1	0	highly_stable	stable_constant_identity	highly_stable_constant
SC_990	100	0	0	1	constant	1	0	highly_stable	stable_constant_identity	highly_stable_constant
SC_991	100	0	0	1	constant	1	0	highly_stable	stable_constant_identity	highly_stable_constant
SC_992	100	0	0	1	constant	1	0	highly_stable	stable_constant_identity	highly_stable_constant
SC_993	100	0	0	1	constant	1	0	highly_stable	stable_constant_identity	highly_stable_constant
SC_994	100	0	0	1	constant	1	0	highly_stable	stable_constant_identity	highly_stable_constant
SC_995	100	0	0	1	constant	1	0	highly_stable	stable_constant_identity	highly_stable_constant
SC_996	100	0	0	1	constant	1	0	highly_stable	stable_constant_identity	highly_stable_constant
SC_997	100	0	0	1	constant	1	0	highly_stable	stable_constant_identity	highly_stable_constant
SC_998	100	0	0	1	constant	1	0	highly_stable	stable_constant_identity	highly_stable_constant
SC_999	100	0	0	1	constant	1	0	highly_stable	stable_constant_identity	highly_stable_constant
SD_1	100	0	1	0	down	1	0	highly_stable	stable_down_identity	highly_stable_down
SD_10	100	0	1	0	down	1	0	highly_stable	stable_down_identity	highly_stable_down
SD_100	100	0	1	0	down	1	0	highly_stable	stable_down_identity	highly_stable_down
SD_1000	100	0	1	0	down	1	0	highly_stable	stable_down_identity	highly_stable_down
SD_101	100	0	1	0	down	1	0	highly_stable	stable_down_identity	highly_stable_down
SD_102	100	0	1	0	down	1	0	highly_stable	stable_down_identity	highly_stable_down
SD_103	100	0	1	0	down	1	0	highly_stable	stable_down_identity	highly_stable_down
SD_104	100	0	1	0	down	1	0	highly_stable	stable_down_identity	highly_stable_down
SD_105	100	0	1	0	down	1	0	highly_stable	stable_down_identity	highly_stable_down
SD_106	100	0	1	0	down	1	0	highly_stable	stable_down_identity	highly_stable_down
SD_107	100	0	1	0	down	1	0	highly_stable	stable_down_identity	highly_stable_down
SD_108	100	0	1	0	down	1	0	highly_stable	stable_down_identity	highly_stable_down
SD_109	100	0	1	0	down	1	0	highly_stable	stable_down_identity	highly_stable_down
SD_11	100	0	1	0	down	1	0	highly_stable	stable_down_identity	highly_stable_down
SD_110	100	0	1	0	down	1	0	highly_stable	stable_down_identity	highly_stable_down
SD_111	100	0	1	0	down	1	0	highly_stable	stable_down_identity	highly_stable_down
SD_112	100	0	1	0	down	1	0	highly_stable	stable_down_identity	highly_stable_down
SD_113	100	0	1	0	down	1	0	highly_stable	stable_down_identity	highly_stable_down
SD_114	100	0	1	0	down	1	0	highly_stable	stable_down_identity	highly_stable_down
SD_115	100	0	1	0	down	1	0	highly_stable	stable_down_identity	highly_stable_down
SD_116	100	0	1	0	down	1	0	highly_stable	stable_down_identity	highly_stable_down
SD_117	100	0	1	0	down	1	0	highly_stable	stable_down_identity	highly_stable_down
SD_118	100	0	1	0	down	1	0	highly_stable	stable_down_identity	highly_stable_down
SD_119	100	0	1	0	down	1	0	highly_stable	stable_down_identity	highly_stable_down
SD_12	100	0	1	0	down	1	0	highly_stable	stable_down_identity	highly_stable_down
SD_120	100	0	1	0	down	1	0	highly_stable	stable_down_identity	highly_stable_down
SD_121	100	0	1	0	down	1	0	highly_stable	stable_down_identity	highly_stable_down
SD_122	100	0	1	0	down	1	0	highly_stable	stable_down_identity	highly_stable_down
SD_123	100	0	1	0	down	1	0	highly_stable	stable_down_identity	highly_stable_down
SD_124	100	0	1	0	down	1	0	highly_stable	stable_down_identity	highly_stable_down
SD_125	100	0	1	0	down	1	0	highly_stable	stable_down_identity	highly_stable_down
SD_126	100	0	1	0	down	1	0	highly_stable	stable_down_identity	highly_stable_down
SD_127	100	0	1	0	down	1	0	highly_stable	stable_down_identity	highly_stable_down
SD_128	100	0	1	0	down	1	0	highly_stable	stable_down_identity	highly_stable_down
SD_129	100	0	1	0	down	1	0	highly_stable	stable_down_identity	highly_stable_down
SD_13	100	0	1	0	down	1	0	highly_stable	stable_down_identity	highly_stable_down
SD_130	100	0	1	0	down	1	0	highly_stable	stable_down_identity	highly_stable_down
SD_131	100	0	1	0	down	1	0	highly_stable	stable_down_identity	highly_stable_down
SD_132	100	0	1	0	down	1	0	highly_stable	stable_down_identity	highly_stable_down
SD_133	100	0	1	0	down	1	0	highly_stable	stable_down_identity	highly_stable_down
SD_134	100	0	1	0	down	1	0	highly_stable	stable_down_identity	highly_stable_down
SD_135	100	0	1	0	down	1	0	highly_stable	stable_down_identity	highly_stable_down
SD_136	100	0	1	0	down	1	0	highly_stable	stable_down_identity	highly_stable_down
SD_137	100	0	1	0	down	1	0	highly_stable	stable_down_identity	highly_stable_down
SD_138	100	0	1	0	down	1	0	highly_stable	stable_down_identity	highly_stable_down
SD_139	100	0	1	0	down	1	0	highly_stable	stable_down_identity	highly_stable_down
SD_14	100	0	1	0	down	1	0	highly_stable	stable_down_identity	highly_stable_down
SD_140	100	0	1	0	down	1	0	highly_stable	stable_down_identity	highly_stable_down
SD_141	100	0	1	0	down	1	0	highly_stable	stable_down_identity	highly_stable_down
SD_142	100	0	1	0	down	1	0	highly_stable	stable_down_identity	highly_stable_down
SD_143	100	0	1	0	down	1	0	highly_stable	stable_down_identity	highly_stable_down
SD_144	100	0	1	0	down	1	0	highly_stable	stable_down_identity	highly_stable_down
SD_145	100	0	1	0	down	1	0	highly_stable	stable_down_identity	highly_stable_down
SD_146	100	0	1	0	down	1	0	highly_stable	stable_down_identity	highly_stable_down
SD_147	100	0	1	0	down	1	0	highly_stable	stable_down_identity	highly_stable_down
SD_148	100	0	1	0	down	1	0	highly_stable	stable_down_identity	highly_stable_down
SD_149	100	0	1	0	down	1	0	highly_stable	stable_down_identity	highly_stable_down
SD_15	100	0	1	0	down	1	0	highly_stable	stable_down_identity	highly_stable_down
SD_150	100	0	1	0	down	1	0	highly_stable	stable_down_identity	highly_stable_down
SD_151	100	0	1	0	down	1	0	highly_stable	stable_down_identity	highly_stable_down
SD_152	100	0	1	0	down	1	0	highly_stable	stable_down_identity	highly_stable_down
SD_153	100	0	1	0	down	1	0	highly_stable	stable_down_identity	highly_stable_down
SD_154	100	0	1	0	down	1	0	highly_stable	stable_down_identity	highly_stable_down
SD_155	100	0	1	0	down	1	0	highly_stable	stable_down_identity	highly_stable_down
SD_156	100	0	1	0	down	1	0	highly_stable	stable_down_identity	highly_stable_down
SD_157	100	0	1	0	down	1	0	highly_stable	stable_down_identity	highly_stable_down
SD_158	100	0	1	0	down	1	0	highly_stable	stable_down_identity	highly_stable_down
SD_159	100	0	1	0	down	1	0	highly_stable	stable_down_identity	highly_stable_down
SD_16	100	0	1	0	down	1	0	highly_stable	stable_down_identity	highly_stable_down
SD_160	100	0	1	0	down	1	0	highly_stable	stable_down_identity	highly_stable_down
SD_161	100	0	1	0	down	1	0	highly_stable	stable_down_identity	highly_stable_down
SD_162	100	0	1	0	down	1	0	highly_stable	stable_down_identity	highly_stable_down
SD_163	100	0	1	0	down	1	0	highly_stable	stable_down_identity	highly_stable_down
SD_164	100	0	1	0	down	1	0	highly_stable	stable_down_identity	highly_stable_down
SD_165	100	0	1	0	down	1	0	highly_stable	stable_down_identity	highly_stable_down
SD_166	100	0	1	0	down	1	0	highly_stable	stable_down_identity	highly_stable_down
SD_167	100	0	1	0	down	1	0	highly_stable	stable_down_identity	highly_stable_down
SD_168	100	0	1	0	down	1	0	highly_stable	stable_down_identity	highly_stable_down
SD_169	100	0	1	0	down	1	0	highly_stable	stable_down_identity	highly_stable_down
SD_17	100	0	1	0	down	1	0	highly_stable	stable_down_identity	highly_stable_down
SD_170	100	0	1	0	down	1	0	highly_stable	stable_down_identity	highly_stable_down
SD_171	100	0	1	0	down	1	0	highly_stable	stable_down_identity	highly_stable_down
SD_172	100	0	1	0	down	1	0	highly_stable	stable_down_identity	highly_stable_down
SD_173	100	0	1	0	down	1	0	highly_stable	stable_down_identity	highly_stable_down
SD_174	100	0	1	0	down	1	0	highly_stable	stable_down_identity	highly_stable_down
SD_175	100	0	1	0	down	1	0	highly_stable	stable_down_identity	highly_stable_down
SD_176	100	0	1	0	down	1	0	highly_stable	stable_down_identity	highly_stable_down
SD_177	100	0	1	0	down	1	0	highly_stable	stable_down_identity	highly_stable_down
SD_178	100	0	1	0	down	1	0	highly_stable	stable_down_identity	highly_stable_down
SD_179	100	0	1	0	down	1	0	highly_stable	stable_down_identity	highly_stable_down
SD_18	100	0	1	0	down	1	0	highly_stable	stable_down_identity	highly_stable_down
SD_180	100	0	1	0	down	1	0	highly_stable	stable_down_identity	highly_stable_down
SD_181	100	0	1	0	down	1	0	highly_stable	stable_down_identity	highly_stable_down
SD_182	100	0	1	0	down	1	0	highly_stable	stable_down_identity	highly_stable_down
SD_183	100	0	1	0	down	1	0	highly_stable	stable_down_identity	highly_stable_down
SD_184	100	0	1	0	down	1	0	highly_stable	stable_down_identity	highly_stable_down
SD_185	100	0	1	0	down	1	0	highly_stable	stable_down_identity	highly_stable_down
SD_186	100	0	1	0	down	1	0	highly_stable	stable_down_identity	highly_stable_down
SD_187	100	0	1	0	down	1	0	highly_stable	stable_down_identity	highly_stable_down
SD_188	100	0	1	0	down	1	0	highly_stable	stable_down_identity	highly_stable_down
SD_189	100	0	1	0	down	1	0	highly_stable	stable_down_identity	highly_stable_down
SD_19	100	0	1	0	down	1	0	highly_stable	stable_down_identity	highly_stable_down
SD_190	100	0	1	0	down	1	0	highly_stable	stable_down_identity	highly_stable_down
SD_191	100	0	1	0	down	1	0	highly_stable	stable_down_identity	highly_stable_down
SD_192	100	0	1	0	down	1	0	highly_stable	stable_down_identity	highly_stable_down
SD_193	100	0	1	0	down	1	0	highly_stable	stable_down_identity	highly_stable_down
SD_194	100	0	1	0	down	1	0	highly_stable	stable_down_identity	highly_stable_down
SD_195	100	0	1	0	down	1	0	highly_stable	stable_down_identity	highly_stable_down
SD_196	100	0	1	0	down	1	0	highly_stable	stable_down_identity	highly_stable_down
SD_197	100	0	1	0	down	1	0	highly_stable	stable_down_identity	highly_stable_down
SD_198	100	0	1	0	down	1	0	highly_stable	stable_down_identity	highly_stable_down
SD_199	100	0	1	0	down	1	0	highly_stable	stable_down_identity	highly_stable_down
SD_2	100	0	1	0	down	1	0	highly_stable	stable_down_identity	highly_stable_down
SD_20	100	0	1	0	down	1	0	highly_stable	stable_down_identity	highly_stable_down
SD_200	100	0	1	0	down	1	0	highly_stable	stable_down_identity	highly_stable_down
SD_201	100	0	1	0	down	1	0	highly_stable	stable_down_identity	highly_stable_down
SD_202	100	0	1	0	down	1	0	highly_stable	stable_down_identity	highly_stable_down
SD_203	100	0	1	0	down	1	0	highly_stable	stable_down_identity	highly_stable_down
SD_204	100	0	1	0	down	1	0	highly_stable	stable_down_identity	highly_stable_down
SD_205	100	0	1	0	down	1	0	highly_stable	stable_down_identity	highly_stable_down
SD_206	100	0	1	0	down	1	0	highly_stable	stable_down_identity	highly_stable_down
SD_207	100	0	1	0	down	1	0	highly_stable	stable_down_identity	highly_stable_down
SD_208	100	0	1	0	down	1	0	highly_stable	stable_down_identity	highly_stable_down
SD_209	100	0	1	0	down	1	0	highly_stable	stable_down_identity	highly_stable_down
SD_21	100	0	1	0	down	1	0	highly_stable	stable_down_identity	highly_stable_down
SD_210	100	0	1	0	down	1	0	highly_stable	stable_down_identity	highly_stable_down
SD_211	100	0	1	0	down	1	0	highly_stable	stable_down_identity	highly_stable_down
SD_212	100	0	1	0	down	1	0	highly_stable	stable_down_identity	highly_stable_down
SD_213	100	0	1	0	down	1	0	highly_stable	stable_down_identity	highly_stable_down
SD_214	100	0	1	0	down	1	0	highly_stable	stable_down_identity	highly_stable_down
SD_215	100	0	1	0	down	1	0	highly_stable	stable_down_identity	highly_stable_down
SD_216	100	0	1	0	down	1	0	highly_stable	stable_down_identity	highly_stable_down
SD_217	100	0	1	0	down	1	0	highly_stable	stable_down_identity	highly_stable_down
SD_218	100	0	1	0	down	1	0	highly_stable	stable_down_identity	highly_stable_down
SD_219	100	0	1	0	down	1	0	highly_stable	stable_down_identity	highly_stable_down
SD_22	100	0	1	0	down	1	0	highly_stable	stable_down_identity	highly_stable_down
SD_220	100	0	1	0	down	1	0	highly_stable	stable_down_identity	highly_stable_down
SD_221	100	0	1	0	down	1	0	highly_stable	stable_down_identity	highly_stable_down
SD_222	100	0	1	0	down	1	0	highly_stable	stable_down_identity	highly_stable_down
SD_223	100	0	1	0	down	1	0	highly_stable	stable_down_identity	highly_stable_down
SD_224	100	0	1	0	down	1	0	highly_stable	stable_down_identity	highly_stable_down
SD_225	100	0	1	0	down	1	0	highly_stable	stable_down_identity	highly_stable_down
SD_226	100	0	1	0	down	1	0	highly_stable	stable_down_identity	highly_stable_down
SD_227	100	0	1	0	down	1	0	highly_stable	stable_down_identity	highly_stable_down
SD_228	100	0	1	0	down	1	0	highly_stable	stable_down_identity	highly_stable_down
SD_229	100	0	1	0	down	1	0	highly_stable	stable_down_identity	highly_stable_down
SD_23	100	0	1	0	down	1	0	highly_stable	stable_down_identity	highly_stable_down
SD_230	100	0	1	0	down	1	0	highly_stable	stable_down_identity	highly_stable_down
SD_231	100	0	1	0	down	1	0	highly_stable	stable_down_identity	highly_stable_down
SD_232	100	0	1	0	down	1	0	highly_stable	stable_down_identity	highly_stable_down
SD_233	100	0	1	0	down	1	0	highly_stable	stable_down_identity	highly_stable_down
SD_234	100	0	1	0	down	1	0	highly_stable	stable_down_identity	highly_stable_down
SD_235	100	0	1	0	down	1	0	highly_stable	stable_down_identity	highly_stable_down
SD_236	100	0	1	0	down	1	0	highly_stable	stable_down_identity	highly_stable_down
SD_237	100	0	1	0	down	1	0	highly_stable	stable_down_identity	highly_stable_down
SD_238	100	0	1	0	down	1	0	highly_stable	stable_down_identity	highly_stable_down
SD_239	100	0	1	0	down	1	0	highly_stable	stable_down_identity	highly_stable_down
SD_24	100	0	1	0	down	1	0	highly_stable	stable_down_identity	highly_stable_down
SD_240	100	0	1	0	down	1	0	highly_stable	stable_down_identity	highly_stable_down
SD_241	100	0	1	0	down	1	0	highly_stable	stable_down_identity	highly_stable_down
SD_242	100	0	1	0	down	1	0	highly_stable	stable_down_identity	highly_stable_down
SD_243	100	0	1	0	down	1	0	highly_stable	stable_down_identity	highly_stable_down
SD_244	100	0	1	0	down	1	0	highly_stable	stable_down_identity	highly_stable_down
SD_245	100	0	1	0	down	1	0	highly_stable	stable_down_identity	highly_stable_down
SD_246	100	0	1	0	down	1	0	highly_stable	stable_down_identity	highly_stable_down
SD_247	100	0	1	0	down	1	0	highly_stable	stable_down_identity	highly_stable_down
SD_248	100	0	1	0	down	1	0	highly_stable	stable_down_identity	highly_stable_down
SD_249	100	0	1	0	down	1	0	highly_stable	stable_down_identity	highly_stable_down
SD_25	100	0	1	0	down	1	0	highly_stable	stable_down_identity	highly_stable_down
SD_250	100	0	1	0	down	1	0	highly_stable	stable_down_identity	highly_stable_down
SD_251	100	0	1	0	down	1	0	highly_stable	stable_down_identity	highly_stable_down
SD_252	100	0	1	0	down	1	0	highly_stable	stable_down_identity	highly_stable_down
SD_253	100	0	1	0	down	1	0	highly_stable	stable_down_identity	highly_stable_down
SD_254	100	0	1	0	down	1	0	highly_stable	stable_down_identity	highly_stable_down
SD_255	100	0	1	0	down	1	0	highly_stable	stable_down_identity	highly_stable_down
SD_256	100	0	1	0	down	1	0	highly_stable	stable_down_identity	highly_stable_down
SD_257	100	0	1	0	down	1	0	highly_stable	stable_down_identity	highly_stable_down
SD_258	100	0	1	0	down	1	0	highly_stable	stable_down_identity	highly_stable_down
SD_259	100	0	1	0	down	1	0	highly_stable	stable_down_identity	highly_stable_down
SD_26	100	0	1	0	down	1	0	highly_stable	stable_down_identity	highly_stable_down
SD_260	100	0	1	0	down	1	0	highly_stable	stable_down_identity	highly_stable_down
SD_261	100	0	1	0	down	1	0	highly_stable	stable_down_identity	highly_stable_down
SD_262	100	0	1	0	down	1	0	highly_stable	stable_down_identity	highly_stable_down
SD_263	100	0	1	0	down	1	0	highly_stable	stable_down_identity	highly_stable_down
SD_264	100	0	1	0	down	1	0	highly_stable	stable_down_identity	highly_stable_down
SD_265	100	0	1	0	down	1	0	highly_stable	stable_down_identity	highly_stable_down
SD_266	100	0	1	0	down	1	0	highly_stable	stable_down_identity	highly_stable_down
SD_267	100	0	1	0	down	1	0	highly_stable	stable_down_identity	highly_stable_down
SD_268	100	0	1	0	down	1	0	highly_stable	stable_down_identity	highly_stable_down
SD_269	100	0	1	0	down	1	0	highly_stable	stable_down_identity	highly_stable_down
SD_27	100	0	1	0	down	1	0	highly_stable	stable_down_identity	highly_stable_down
SD_270	100	0	1	0	down	1	0	highly_stable	stable_down_identity	highly_stable_down
SD_271	100	0	1	0	down	1	0	highly_stable	stable_down_identity	highly_stable_down
SD_272	100	0	1	0	down	1	0	highly_stable	stable_down_identity	highly_stable_down
SD_273	100	0	1	0	down	1	0	highly_stable	stable_down_identity	highly_stable_down
SD_274	100	0	1	0	down	1	0	highly_stable	stable_down_identity	highly_stable_down
SD_275	100	0	1	0	down	1	0	highly_stable	stable_down_identity	highly_stable_down
SD_276	100	0	1	0	down	1	0	highly_stable	stable_down_identity	highly_stable_down
SD_277	100	0	1	0	down	1	0	highly_stable	stable_down_identity	highly_stable_down
SD_278	100	0	1	0	down	1	0	highly_stable	stable_down_identity	highly_stable_down
SD_279	100	0	1	0	down	1	0	highly_stable	stable_down_identity	highly_stable_down
SD_28	100	0	1	0	down	1	0	highly_stable	stable_down_identity	highly_stable_down
SD_280	100	0	1	0	down	1	0	highly_stable	stable_down_identity	highly_stable_down
SD_281	100	0	1	0	down	1	0	highly_stable	stable_down_identity	highly_stable_down
SD_282	100	0	1	0	down	1	0	highly_stable	stable_down_identity	highly_stable_down
SD_283	100	0	1	0	down	1	0	highly_stable	stable_down_identity	highly_stable_down
SD_284	100	0	1	0	down	1	0	highly_stable	stable_down_identity	highly_stable_down
SD_285	100	0	1	0	down	1	0	highly_stable	stable_down_identity	highly_stable_down
SD_286	100	0	1	0	down	1	0	highly_stable	stable_down_identity	highly_stable_down
SD_287	100	0	1	0	down	1	0	highly_stable	stable_down_identity	highly_stable_down
SD_288	100	0	1	0	down	1	0	highly_stable	stable_down_identity	highly_stable_down
SD_289	100	0	1	0	down	1	0	highly_stable	stable_down_identity	highly_stable_down
SD_29	100	0	1	0	down	1	0	highly_stable	stable_down_identity	highly_stable_down
SD_290	100	0	1	0	down	1	0	highly_stable	stable_down_identity	highly_stable_down
SD_291	100	0	1	0	down	1	0	highly_stable	stable_down_identity	highly_stable_down
SD_292	100	0	1	0	down	1	0	highly_stable	stable_down_identity	highly_stable_down
SD_293	100	0	1	0	down	1	0	highly_stable	stable_down_identity	highly_stable_down
SD_294	100	0	1	0	down	1	0	highly_stable	stable_down_identity	highly_stable_down
SD_295	100	0	1	0	down	1	0	highly_stable	stable_down_identity	highly_stable_down
SD_296	100	0	1	0	down	1	0	highly_stable	stable_down_identity	highly_stable_down
SD_297	100	0	1	0	down	1	0	highly_stable	stable_down_identity	highly_stable_down
SD_298	100	0	1	0	down	1	0	highly_stable	stable_down_identity	highly_stable_down
SD_299	100	0	1	0	down	1	0	highly_stable	stable_down_identity	highly_stable_down
SD_3	100	0	1	0	down	1	0	highly_stable	stable_down_identity	highly_stable_down
SD_30	100	0	1	0	down	1	0	highly_stable	stable_down_identity	highly_stable_down
SD_300	100	0	1	0	down	1	0	highly_stable	stable_down_identity	highly_stable_down
SD_301	100	0	1	0	down	1	0	highly_stable	stable_down_identity	highly_stable_down
SD_302	100	0	1	0	down	1	0	highly_stable	stable_down_identity	highly_stable_down
SD_303	100	0	1	0	down	1	0	highly_stable	stable_down_identity	highly_stable_down
SD_304	100	0	1	0	down	1	0	highly_stable	stable_down_identity	highly_stable_down
SD_305	100	0	1	0	down	1	0	highly_stable	stable_down_identity	highly_stable_down
SD_306	100	0	1	0	down	1	0	highly_stable	stable_down_identity	highly_stable_down
SD_307	100	0	1	0	down	1	0	highly_stable	stable_down_identity	highly_stable_down
SD_308	100	0	1	0	down	1	0	highly_stable	stable_down_identity	highly_stable_down
SD_309	100	0	1	0	down	1	0	highly_stable	stable_down_identity	highly_stable_down
SD_31	100	0	1	0	down	1	0	highly_stable	stable_down_identity	highly_stable_down
SD_310	100	0	1	0	down	1	0	highly_stable	stable_down_identity	highly_stable_down
SD_311	100	0	1	0	down	1	0	highly_stable	stable_down_identity	highly_stable_down
SD_312	100	0	1	0	down	1	0	highly_stable	stable_down_identity	highly_stable_down
SD_313	100	0	1	0	down	1	0	highly_stable	stable_down_identity	highly_stable_down
SD_314	100	0	1	0	down	1	0	highly_stable	stable_down_identity	highly_stable_down
SD_315	100	0	1	0	down	1	0	highly_stable	stable_down_identity	highly_stable_down
SD_316	100	0	1	0	down	1	0	highly_stable	stable_down_identity	highly_stable_down
SD_317	100	0	1	0	down	1	0	highly_stable	stable_down_identity	highly_stable_down
SD_318	100	0	1	0	down	1	0	highly_stable	stable_down_identity	highly_stable_down
SD_319	100	0	1	0	down	1	0	highly_stable	stable_down_identity	highly_stable_down
SD_32	100	0	1	0	down	1	0	highly_stable	stable_down_identity	highly_stable_down
SD_320	100	0	1	0	down	1	0	highly_stable	stable_down_identity	highly_stable_down
SD_321	100	0	1	0	down	1	0	highly_stable	stable_down_identity	highly_stable_down
SD_322	100	0	1	0	down	1	0	highly_stable	stable_down_identity	highly_stable_down
SD_323	100	0	1	0	down	1	0	highly_stable	stable_down_identity	highly_stable_down
SD_324	100	0	1	0	down	1	0	highly_stable	stable_down_identity	highly_stable_down
SD_325	100	0	1	0	down	1	0	highly_stable	stable_down_identity	highly_stable_down
SD_326	100	0	1	0	down	1	0	highly_stable	stable_down_identity	highly_stable_down
SD_327	100	0	1	0	down	1	0	highly_stable	stable_down_identity	highly_stable_down
SD_328	100	0	1	0	down	1	0	highly_stable	stable_down_identity	highly_stable_down
SD_329	100	0	1	0	down	1	0	highly_stable	stable_down_identity	highly_stable_down
SD_33	100	0	1	0	down	1	0	highly_stable	stable_down_identity	highly_stable_down
SD_330	100	0	1	0	down	1	0	highly_stable	stable_down_identity	highly_stable_down
SD_331	100	0	1	0	down	1	0	highly_stable	stable_down_identity	highly_stable_down
SD_332	100	0	1	0	down	1	0	highly_stable	stable_down_identity	highly_stable_down
SD_333	100	0	1	0	down	1	0	highly_stable	stable_down_identity	highly_stable_down
SD_334	100	0	1	0	down	1	0	highly_stable	stable_down_identity	highly_stable_down
SD_335	100	0	1	0	down	1	0	highly_stable	stable_down_identity	highly_stable_down
SD_336	100	0	1	0	down	1	0	highly_stable	stable_down_identity	highly_stable_down
SD_337	100	0	1	0	down	1	0	highly_stable	stable_down_identity	highly_stable_down
SD_338	100	0	1	0	down	1	0	highly_stable	stable_down_identity	highly_stable_down
SD_339	100	0	1	0	down	1	0	highly_stable	stable_down_identity	highly_stable_down
SD_34	100	0	1	0	down	1	0	highly_stable	stable_down_identity	highly_stable_down
SD_340	100	0	1	0	down	1	0	highly_stable	stable_down_identity	highly_stable_down
SD_341	100	0	1	0	down	1	0	highly_stable	stable_down_identity	highly_stable_down
SD_342	100	0	1	0	down	1	0	highly_stable	stable_down_identity	highly_stable_down
SD_343	100	0	1	0	down	1	0	highly_stable	stable_down_identity	highly_stable_down
SD_344	100	0	1	0	down	1	0	highly_stable	stable_down_identity	highly_stable_down
SD_345	100	0	1	0	down	1	0	highly_stable	stable_down_identity	highly_stable_down
SD_346	100	0	1	0	down	1	0	highly_stable	stable_down_identity	highly_stable_down
SD_347	100	0	1	0	down	1	0	highly_stable	stable_down_identity	highly_stable_down
SD_348	100	0	1	0	down	1	0	highly_stable	stable_down_identity	highly_stable_down
SD_349	100	0	1	0	down	1	0	highly_stable	stable_down_identity	highly_stable_down
SD_35	100	0	1	0	down	1	0	highly_stable	stable_down_identity	highly_stable_down
SD_350	100	0	1	0	down	1	0	highly_stable	stable_down_identity	highly_stable_down
SD_351	100	0	1	0	down	1	0	highly_stable	stable_down_identity	highly_stable_down
SD_352	100	0	1	0	down	1	0	highly_stable	stable_down_identity	highly_stable_down
SD_353	100	0	1	0	down	1	0	highly_stable	stable_down_identity	highly_stable_down
SD_354	100	0	1	0	down	1	0	highly_stable	stable_down_identity	highly_stable_down
SD_355	100	0	1	0	down	1	0	highly_stable	stable_down_identity	highly_stable_down
SD_356	100	0	1	0	down	1	0	highly_stable	stable_down_identity	highly_stable_down
SD_357	100	0	1	0	down	1	0	highly_stable	stable_down_identity	highly_stable_down
SD_358	100	0	1	0	down	1	0	highly_stable	stable_down_identity	highly_stable_down
SD_359	100	0	1	0	down	1	0	highly_stable	stable_down_identity	highly_stable_down
SD_36	100	0	1	0	down	1	0	highly_stable	stable_down_identity	highly_stable_down
SD_360	100	0	1	0	down	1	0	highly_stable	stable_down_identity	highly_stable_down
SD_361	100	0	1	0	down	1	0	highly_stable	stable_down_identity	highly_stable_down
SD_362	100	0	1	0	down	1	0	highly_stable	stable_down_identity	highly_stable_down
SD_363	100	0	1	0	down	1	0	highly_stable	stable_down_identity	highly_stable_down
SD_364	100	0	1	0	down	1	0	highly_stable	stable_down_identity	highly_stable_down
SD_365	100	0	1	0	down	1	0	highly_stable	stable_down_identity	highly_stable_down
SD_366	100	0	1	0	down	1	0	highly_stable	stable_down_identity	highly_stable_down
SD_367	100	0	1	0	down	1	0	highly_stable	stable_down_identity	highly_stable_down
SD_368	100	0	1	0	down	1	0	highly_stable	stable_down_identity	highly_stable_down
SD_369	100	0	1	0	down	1	0	highly_stable	stable_down_identity	highly_stable_down
SD_37	100	0	1	0	down	1	0	highly_stable	stable_down_identity	highly_stable_down
SD_370	100	0	1	0	down	1	0	highly_stable	stable_down_identity	highly_stable_down
SD_371	100	0	1	0	down	1	0	highly_stable	stable_down_identity	highly_stable_down
SD_372	100	0	1	0	down	1	0	highly_stable	stable_down_identity	highly_stable_down
SD_373	100	0	1	0	down	1	0	highly_stable	stable_down_identity	highly_stable_down
SD_374	100	0	1	0	down	1	0	highly_stable	stable_down_identity	highly_stable_down
SD_375	100	0	1	0	down	1	0	highly_stable	stable_down_identity	highly_stable_down
SD_376	100	0	1	0	down	1	0	highly_stable	stable_down_identity	highly_stable_down
SD_377	100	0	1	0	down	1	0	highly_stable	stable_down_identity	highly_stable_down
SD_378	100	0	1	0	down	1	0	highly_stable	stable_down_identity	highly_stable_down
SD_379	100	0	1	0	down	1	0	highly_stable	stable_down_identity	highly_stable_down
SD_38	100	0	1	0	down	1	0	highly_stable	stable_down_identity	highly_stable_down
SD_380	100	0	1	0	down	1	0	highly_stable	stable_down_identity	highly_stable_down
SD_381	100	0	1	0	down	1	0	highly_stable	stable_down_identity	highly_stable_down
SD_382	100	0	1	0	down	1	0	highly_stable	stable_down_identity	highly_stable_down
SD_383	100	0	1	0	down	1	0	highly_stable	stable_down_identity	highly_stable_down
SD_384	100	0	1	0	down	1	0	highly_stable	stable_down_identity	highly_stable_down
SD_385	100	0	1	0	down	1	0	highly_stable	stable_down_identity	highly_stable_down
SD_386	100	0	1	0	down	1	0	highly_stable	stable_down_identity	highly_stable_down
SD_387	100	0	1	0	down	1	0	highly_stable	stable_down_identity	highly_stable_down
SD_388	100	0	1	0	down	1	0	highly_stable	stable_down_identity	highly_stable_down
SD_389	100	0	1	0	down	1	0	highly_stable	stable_down_identity	highly_stable_down
SD_39	100	0	1	0	down	1	0	highly_stable	stable_down_identity	highly_stable_down
SD_390	100	0	1	0	down	1	0	highly_stable	stable_down_identity	highly_stable_down
SD_391	100	0	1	0	down	1	0	highly_stable	stable_down_identity	highly_stable_down
SD_392	100	0	1	0	down	1	0	highly_stable	stable_down_identity	highly_stable_down
SD_393	100	0	1	0	down	1	0	highly_stable	stable_down_identity	highly_stable_down
SD_394	100	0	1	0	down	1	0	highly_stable	stable_down_identity	highly_stable_down
SD_395	100	0	1	0	down	1	0	highly_stable	stable_down_identity	highly_stable_down
SD_396	100	0	1	0	down	1	0	highly_stable	stable_down_identity	highly_stable_down
SD_397	100	0	1	0	down	1	0	highly_stable	stable_down_identity	highly_stable_down
SD_398	100	0	1	0	down	1	0	highly_stable	stable_down_identity	highly_stable_down
SD_399	100	0	1	0	down	1	0	highly_stable	stable_down_identity	highly_stable_down
SD_4	100	0	1	0	down	1	0	highly_stable	stable_down_identity	highly_stable_down
SD_40	100	0	1	0	down	1	0	highly_stable	stable_down_identity	highly_stable_down
SD_400	100	0	1	0	down	1	0	highly_stable	stable_down_identity	highly_stable_down
SD_401	100	0	1	0	down	1	0	highly_stable	stable_down_identity	highly_stable_down
SD_402	100	0	1	0	down	1	0	highly_stable	stable_down_identity	highly_stable_down
SD_403	100	0	1	0	down	1	0	highly_stable	stable_down_identity	highly_stable_down
SD_404	100	0	1	0	down	1	0	highly_stable	stable_down_identity	highly_stable_down
SD_405	100	0	1	0	down	1	0	highly_stable	stable_down_identity	highly_stable_down
SD_406	100	0	1	0	down	1	0	highly_stable	stable_down_identity	highly_stable_down
SD_407	100	0	1	0	down	1	0	highly_stable	stable_down_identity	highly_stable_down
SD_408	100	0	1	0	down	1	0	highly_stable	stable_down_identity	highly_stable_down
SD_409	100	0	1	0	down	1	0	highly_stable	stable_down_identity	highly_stable_down
SD_41	100	0	1	0	down	1	0	highly_stable	stable_down_identity	highly_stable_down
SD_410	100	0	1	0	down	1	0	highly_stable	stable_down_identity	highly_stable_down
SD_411	100	0	1	0	down	1	0	highly_stable	stable_down_identity	highly_stable_down
SD_412	100	0	1	0	down	1	0	highly_stable	stable_down_identity	highly_stable_down
SD_413	100	0	1	0	down	1	0	highly_stable	stable_down_identity	highly_stable_down
SD_414	100	0	1	0	down	1	0	highly_stable	stable_down_identity	highly_stable_down
SD_415	100	0	1	0	down	1	0	highly_stable	stable_down_identity	highly_stable_down
SD_416	100	0	1	0	down	1	0	highly_stable	stable_down_identity	highly_stable_down
SD_417	100	0	1	0	down	1	0	highly_stable	stable_down_identity	highly_stable_down
SD_418	100	0	1	0	down	1	0	highly_stable	stable_down_identity	highly_stable_down
SD_419	100	0	1	0	down	1	0	highly_stable	stable_down_identity	highly_stable_down
SD_42	100	0	1	0	down	1	0	highly_stable	stable_down_identity	highly_stable_down
SD_420	100	0	1	0	down	1	0	highly_stable	stable_down_identity	highly_stable_down
SD_421	100	0	1	0	down	1	0	highly_stable	stable_down_identity	highly_stable_down
SD_422	100	0	1	0	down	1	0	highly_stable	stable_down_identity	highly_stable_down
SD_423	100	0	1	0	down	1	0	highly_stable	stable_down_identity	highly_stable_down
SD_424	100	0	1	0	down	1	0	highly_stable	stable_down_identity	highly_stable_down
SD_425	100	0	1	0	down	1	0	highly_stable	stable_down_identity	highly_stable_down
SD_426	100	0	1	0	down	1	0	highly_stable	stable_down_identity	highly_stable_down
SD_427	100	0	1	0	down	1	0	highly_stable	stable_down_identity	highly_stable_down
SD_428	100	0	1	0	down	1	0	highly_stable	stable_down_identity	highly_stable_down
SD_429	100	0	1	0	down	1	0	highly_stable	stable_down_identity	highly_stable_down
SD_43	100	0	1	0	down	1	0	highly_stable	stable_down_identity	highly_stable_down
SD_430	100	0	1	0	down	1	0	highly_stable	stable_down_identity	highly_stable_down
SD_431	100	0	1	0	down	1	0	highly_stable	stable_down_identity	highly_stable_down
SD_432	100	0	1	0	down	1	0	highly_stable	stable_down_identity	highly_stable_down
SD_433	100	0	1	0	down	1	0	highly_stable	stable_down_identity	highly_stable_down
SD_434	100	0	1	0	down	1	0	highly_stable	stable_down_identity	highly_stable_down
SD_435	100	0	1	0	down	1	0	highly_stable	stable_down_identity	highly_stable_down
SD_436	100	0	1	0	down	1	0	highly_stable	stable_down_identity	highly_stable_down
SD_437	100	0	1	0	down	1	0	highly_stable	stable_down_identity	highly_stable_down
SD_438	100	0	1	0	down	1	0	highly_stable	stable_down_identity	highly_stable_down
SD_439	100	0	1	0	down	1	0	highly_stable	stable_down_identity	highly_stable_down
SD_44	100	0	1	0	down	1	0	highly_stable	stable_down_identity	highly_stable_down
SD_440	100	0	1	0	down	1	0	highly_stable	stable_down_identity	highly_stable_down
SD_441	100	0	1	0	down	1	0	highly_stable	stable_down_identity	highly_stable_down
SD_442	100	0	1	0	down	1	0	highly_stable	stable_down_identity	highly_stable_down
SD_443	100	0	1	0	down	1	0	highly_stable	stable_down_identity	highly_stable_down
SD_444	100	0	1	0	down	1	0	highly_stable	stable_down_identity	highly_stable_down
SD_445	100	0	1	0	down	1	0	highly_stable	stable_down_identity	highly_stable_down
SD_446	100	0	1	0	down	1	0	highly_stable	stable_down_identity	highly_stable_down
SD_447	100	0	1	0	down	1	0	highly_stable	stable_down_identity	highly_stable_down
SD_448	100	0	1	0	down	1	0	highly_stable	stable_down_identity	highly_stable_down
SD_449	100	0	1	0	down	1	0	highly_stable	stable_down_identity	highly_stable_down
SD_45	100	0	1	0	down	1	0	highly_stable	stable_down_identity	highly_stable_down
SD_450	100	0	1	0	down	1	0	highly_stable	stable_down_identity	highly_stable_down
SD_451	100	0	1	0	down	1	0	highly_stable	stable_down_identity	highly_stable_down
SD_452	100	0	1	0	down	1	0	highly_stable	stable_down_identity	highly_stable_down
SD_453	100	0	1	0	down	1	0	highly_stable	stable_down_identity	highly_stable_down
SD_454	100	0	1	0	down	1	0	highly_stable	stable_down_identity	highly_stable_down
SD_455	100	0	1	0	down	1	0	highly_stable	stable_down_identity	highly_stable_down
SD_456	100	0	1	0	down	1	0	highly_stable	stable_down_identity	highly_stable_down
SD_457	100	0	1	0	down	1	0	highly_stable	stable_down_identity	highly_stable_down
SD_458	100	0	1	0	down	1	0	highly_stable	stable_down_identity	highly_stable_down
SD_459	100	0	1	0	down	1	0	highly_stable	stable_down_identity	highly_stable_down
SD_46	100	0	1	0	down	1	0	highly_stable	stable_down_identity	highly_stable_down
SD_460	100	0	1	0	down	1	0	highly_stable	stable_down_identity	highly_stable_down
SD_461	100	0	1	0	down	1	0	highly_stable	stable_down_identity	highly_stable_down
SD_462	100	0	1	0	down	1	0	highly_stable	stable_down_identity	highly_stable_down
SD_463	100	0	1	0	down	1	0	highly_stable	stable_down_identity	highly_stable_down
SD_464	100	0	1	0	down	1	0	highly_stable	stable_down_identity	highly_stable_down
SD_465	100	0	1	0	down	1	0	highly_stable	stable_down_identity	highly_stable_down
SD_466	100	0	1	0	down	1	0	highly_stable	stable_down_identity	highly_stable_down
SD_467	100	0	1	0	down	1	0	highly_stable	stable_down_identity	highly_stable_down
SD_468	100	0	1	0	down	1	0	highly_stable	stable_down_identity	highly_stable_down
SD_469	100	0	1	0	down	1	0	highly_stable	stable_down_identity	highly_stable_down
SD_47	100	0	1	0	down	1	0	highly_stable	stable_down_identity	highly_stable_down
SD_470	100	0	1	0	down	1	0	highly_stable	stable_down_identity	highly_stable_down
SD_471	100	0	1	0	down	1	0	highly_stable	stable_down_identity	highly_stable_down
SD_472	100	0	1	0	down	1	0	highly_stable	stable_down_identity	highly_stable_down
SD_473	100	0	1	0	down	1	0	highly_stable	stable_down_identity	highly_stable_down
SD_474	100	0	1	0	down	1	0	highly_stable	stable_down_identity	highly_stable_down
SD_475	100	0	1	0	down	1	0	highly_stable	stable_down_identity	highly_stable_down
SD_476	100	0	1	0	down	1	0	highly_stable	stable_down_identity	highly_stable_down
SD_477	100	0	1	0	down	1	0	highly_stable	stable_down_identity	highly_stable_down
SD_478	100	0	1	0	down	1	0	highly_stable	stable_down_identity	highly_stable_down
SD_479	100	0	1	0	down	1	0	highly_stable	stable_down_identity	highly_stable_down
SD_48	100	0	1	0	down	1	0	highly_stable	stable_down_identity	highly_stable_down
SD_480	100	0	1	0	down	1	0	highly_stable	stable_down_identity	highly_stable_down
SD_481	100	0	1	0	down	1	0	highly_stable	stable_down_identity	highly_stable_down
SD_482	100	0	1	0	down	1	0	highly_stable	stable_down_identity	highly_stable_down
SD_483	100	0	1	0	down	1	0	highly_stable	stable_down_identity	highly_stable_down
SD_484	100	0	1	0	down	1	0	highly_stable	stable_down_identity	highly_stable_down
SD_485	100	0	1	0	down	1	0	highly_stable	stable_down_identity	highly_stable_down
SD_486	100	0	1	0	down	1	0	highly_stable	stable_down_identity	highly_stable_down
SD_487	100	0	1	0	down	1	0	highly_stable	stable_down_identity	highly_stable_down
SD_488	100	0	1	0	down	1	0	highly_stable	stable_down_identity	highly_stable_down
SD_489	100	0	1	0	down	1	0	highly_stable	stable_down_identity	highly_stable_down
SD_49	100	0	1	0	down	1	0	highly_stable	stable_down_identity	highly_stable_down
SD_490	100	0	1	0	down	1	0	highly_stable	stable_down_identity	highly_stable_down
SD_491	100	0	1	0	down	1	0	highly_stable	stable_down_identity	highly_stable_down
SD_492	100	0	1	0	down	1	0	highly_stable	stable_down_identity	highly_stable_down
SD_493	100	0	1	0	down	1	0	highly_stable	stable_down_identity	highly_stable_down
SD_494	100	0	1	0	down	1	0	highly_stable	stable_down_identity	highly_stable_down
SD_495	100	0	1	0	down	1	0	highly_stable	stable_down_identity	highly_stable_down
SD_496	100	0	1	0	down	1	0	highly_stable	stable_down_identity	highly_stable_down
SD_497	100	0	1	0	down	1	0	highly_stable	stable_down_identity	highly_stable_down
SD_498	100	0	1	0	down	1	0	highly_stable	stable_down_identity	highly_stable_down
SD_499	100	0	1	0	down	1	0	highly_stable	stable_down_identity	highly_stable_down
SD_5	100	0	1	0	down	1	0	highly_stable	stable_down_identity	highly_stable_down
SD_50	100	0	1	0	down	1	0	highly_stable	stable_down_identity	highly_stable_down
SD_500	100	0	1	0	down	1	0	highly_stable	stable_down_identity	highly_stable_down
SD_501	100	0	1	0	down	1	0	highly_stable	stable_down_identity	highly_stable_down
SD_502	100	0	1	0	down	1	0	highly_stable	stable_down_identity	highly_stable_down
SD_503	100	0	1	0	down	1	0	highly_stable	stable_down_identity	highly_stable_down
SD_504	100	0	1	0	down	1	0	highly_stable	stable_down_identity	highly_stable_down
SD_505	100	0	1	0	down	1	0	highly_stable	stable_down_identity	highly_stable_down
SD_506	100	0	1	0	down	1	0	highly_stable	stable_down_identity	highly_stable_down
SD_507	100	0	1	0	down	1	0	highly_stable	stable_down_identity	highly_stable_down
SD_508	100	0	1	0	down	1	0	highly_stable	stable_down_identity	highly_stable_down
SD_509	100	0	1	0	down	1	0	highly_stable	stable_down_identity	highly_stable_down
SD_51	100	0	1	0	down	1	0	highly_stable	stable_down_identity	highly_stable_down
SD_510	100	0	1	0	down	1	0	highly_stable	stable_down_identity	highly_stable_down
SD_511	100	0	1	0	down	1	0	highly_stable	stable_down_identity	highly_stable_down
SD_512	100	0	1	0	down	1	0	highly_stable	stable_down_identity	highly_stable_down
SD_513	100	0	1	0	down	1	0	highly_stable	stable_down_identity	highly_stable_down
SD_514	100	0	1	0	down	1	0	highly_stable	stable_down_identity	highly_stable_down
SD_515	100	0	1	0	down	1	0	highly_stable	stable_down_identity	highly_stable_down
SD_516	100	0	1	0	down	1	0	highly_stable	stable_down_identity	highly_stable_down
SD_517	100	0	1	0	down	1	0	highly_stable	stable_down_identity	highly_stable_down
SD_518	100	0	1	0	down	1	0	highly_stable	stable_down_identity	highly_stable_down
SD_519	100	0	1	0	down	1	0	highly_stable	stable_down_identity	highly_stable_down
SD_52	100	0	1	0	down	1	0	highly_stable	stable_down_identity	highly_stable_down
SD_520	100	0	1	0	down	1	0	highly_stable	stable_down_identity	highly_stable_down
SD_521	100	0	1	0	down	1	0	highly_stable	stable_down_identity	highly_stable_down
SD_522	100	0	1	0	down	1	0	highly_stable	stable_down_identity	highly_stable_down
SD_523	100	0	1	0	down	1	0	highly_stable	stable_down_identity	highly_stable_down
SD_524	100	0	1	0	down	1	0	highly_stable	stable_down_identity	highly_stable_down
SD_525	100	0	1	0	down	1	0	highly_stable	stable_down_identity	highly_stable_down
SD_526	100	0	1	0	down	1	0	highly_stable	stable_down_identity	highly_stable_down
SD_527	100	0	1	0	down	1	0	highly_stable	stable_down_identity	highly_stable_down
SD_528	100	0	1	0	down	1	0	highly_stable	stable_down_identity	highly_stable_down
SD_529	100	0	1	0	down	1	0	highly_stable	stable_down_identity	highly_stable_down
SD_53	100	0	1	0	down	1	0	highly_stable	stable_down_identity	highly_stable_down
SD_530	100	0	1	0	down	1	0	highly_stable	stable_down_identity	highly_stable_down
SD_531	100	0	1	0	down	1	0	highly_stable	stable_down_identity	highly_stable_down
SD_532	100	0	1	0	down	1	0	highly_stable	stable_down_identity	highly_stable_down
SD_533	100	0	1	0	down	1	0	highly_stable	stable_down_identity	highly_stable_down
SD_534	100	0	1	0	down	1	0	highly_stable	stable_down_identity	highly_stable_down
SD_535	100	0	1	0	down	1	0	highly_stable	stable_down_identity	highly_stable_down
SD_536	100	0	1	0	down	1	0	highly_stable	stable_down_identity	highly_stable_down
SD_537	100	0	1	0	down	1	0	highly_stable	stable_down_identity	highly_stable_down
SD_538	100	0	1	0	down	1	0	highly_stable	stable_down_identity	highly_stable_down
SD_539	100	0	1	0	down	1	0	highly_stable	stable_down_identity	highly_stable_down
SD_54	100	0	1	0	down	1	0	highly_stable	stable_down_identity	highly_stable_down
SD_540	100	0	1	0	down	1	0	highly_stable	stable_down_identity	highly_stable_down
SD_541	100	0	1	0	down	1	0	highly_stable	stable_down_identity	highly_stable_down
SD_542	100	0	1	0	down	1	0	highly_stable	stable_down_identity	highly_stable_down
SD_543	100	0	1	0	down	1	0	highly_stable	stable_down_identity	highly_stable_down
SD_544	100	0	1	0	down	1	0	highly_stable	stable_down_identity	highly_stable_down
SD_545	100	0	1	0	down	1	0	highly_stable	stable_down_identity	highly_stable_down
SD_546	100	0	1	0	down	1	0	highly_stable	stable_down_identity	highly_stable_down
SD_547	100	0	1	0	down	1	0	highly_stable	stable_down_identity	highly_stable_down
SD_548	100	0	1	0	down	1	0	highly_stable	stable_down_identity	highly_stable_down
SD_549	100	0	1	0	down	1	0	highly_stable	stable_down_identity	highly_stable_down
SD_55	100	0	1	0	down	1	0	highly_stable	stable_down_identity	highly_stable_down
SD_550	100	0	1	0	down	1	0	highly_stable	stable_down_identity	highly_stable_down
SD_551	100	0	1	0	down	1	0	highly_stable	stable_down_identity	highly_stable_down
SD_552	100	0	1	0	down	1	0	highly_stable	stable_down_identity	highly_stable_down
SD_553	100	0	1	0	down	1	0	highly_stable	stable_down_identity	highly_stable_down
SD_554	100	0	1	0	down	1	0	highly_stable	stable_down_identity	highly_stable_down
SD_555	100	0	1	0	down	1	0	highly_stable	stable_down_identity	highly_stable_down
SD_556	100	0	1	0	down	1	0	highly_stable	stable_down_identity	highly_stable_down
SD_557	100	0	1	0	down	1	0	highly_stable	stable_down_identity	highly_stable_down
SD_558	100	0	1	0	down	1	0	highly_stable	stable_down_identity	highly_stable_down
SD_559	100	0	1	0	down	1	0	highly_stable	stable_down_identity	highly_stable_down
SD_56	100	0	1	0	down	1	0	highly_stable	stable_down_identity	highly_stable_down
SD_560	100	0	1	0	down	1	0	highly_stable	stable_down_identity	highly_stable_down
SD_561	100	0	1	0	down	1	0	highly_stable	stable_down_identity	highly_stable_down
SD_562	100	0	1	0	down	1	0	highly_stable	stable_down_identity	highly_stable_down
SD_563	100	0	1	0	down	1	0	highly_stable	stable_down_identity	highly_stable_down
SD_564	100	0	1	0	down	1	0	highly_stable	stable_down_identity	highly_stable_down
SD_565	100	0	1	0	down	1	0	highly_stable	stable_down_identity	highly_stable_down
SD_566	100	0	1	0	down	1	0	highly_stable	stable_down_identity	highly_stable_down
SD_567	100	0	1	0	down	1	0	highly_stable	stable_down_identity	highly_stable_down
SD_568	100	0	1	0	down	1	0	highly_stable	stable_down_identity	highly_stable_down
SD_569	100	0	1	0	down	1	0	highly_stable	stable_down_identity	highly_stable_down
SD_57	100	0	1	0	down	1	0	highly_stable	stable_down_identity	highly_stable_down
SD_570	100	0	1	0	down	1	0	highly_stable	stable_down_identity	highly_stable_down
SD_571	100	0	1	0	down	1	0	highly_stable	stable_down_identity	highly_stable_down
SD_572	100	0	1	0	down	1	0	highly_stable	stable_down_identity	highly_stable_down
SD_573	100	0	1	0	down	1	0	highly_stable	stable_down_identity	highly_stable_down
SD_574	100	0	1	0	down	1	0	highly_stable	stable_down_identity	highly_stable_down
SD_575	100	0	1	0	down	1	0	highly_stable	stable_down_identity	highly_stable_down
SD_576	100	0	1	0	down	1	0	highly_stable	stable_down_identity	highly_stable_down
SD_577	100	0	1	0	down	1	0	highly_stable	stable_down_identity	highly_stable_down
SD_578	100	0	1	0	down	1	0	highly_stable	stable_down_identity	highly_stable_down
SD_579	100	0	1	0	down	1	0	highly_stable	stable_down_identity	highly_stable_down
SD_58	100	0	1	0	down	1	0	highly_stable	stable_down_identity	highly_stable_down
SD_580	100	0	1	0	down	1	0	highly_stable	stable_down_identity	highly_stable_down
SD_581	100	0	1	0	down	1	0	highly_stable	stable_down_identity	highly_stable_down
SD_582	100	0	1	0	down	1	0	highly_stable	stable_down_identity	highly_stable_down
SD_583	100	0	1	0	down	1	0	highly_stable	stable_down_identity	highly_stable_down
SD_584	100	0	1	0	down	1	0	highly_stable	stable_down_identity	highly_stable_down
SD_585	100	0	1	0	down	1	0	highly_stable	stable_down_identity	highly_stable_down
SD_586	100	0	1	0	down	1	0	highly_stable	stable_down_identity	highly_stable_down
SD_587	100	0	1	0	down	1	0	highly_stable	stable_down_identity	highly_stable_down
SD_588	100	0	1	0	down	1	0	highly_stable	stable_down_identity	highly_stable_down
SD_589	100	0	1	0	down	1	0	highly_stable	stable_down_identity	highly_stable_down
SD_59	100	0	1	0	down	1	0	highly_stable	stable_down_identity	highly_stable_down
SD_590	100	0	1	0	down	1	0	highly_stable	stable_down_identity	highly_stable_down
SD_591	100	0	1	0	down	1	0	highly_stable	stable_down_identity	highly_stable_down
SD_592	100	0	1	0	down	1	0	highly_stable	stable_down_identity	highly_stable_down
SD_593	100	0	1	0	down	1	0	highly_stable	stable_down_identity	highly_stable_down
SD_594	100	0	1	0	down	1	0	highly_stable	stable_down_identity	highly_stable_down
SD_595	100	0	1	0	down	1	0	highly_stable	stable_down_identity	highly_stable_down
SD_596	100	0	1	0	down	1	0	highly_stable	stable_down_identity	highly_stable_down
SD_597	100	0	1	0	down	1	0	highly_stable	stable_down_identity	highly_stable_down
SD_598	100	0	1	0	down	1	0	highly_stable	stable_down_identity	highly_stable_down
SD_599	100	0	1	0	down	1	0	highly_stable	stable_down_identity	highly_stable_down
SD_6	100	0	1	0	down	1	0	highly_stable	stable_down_identity	highly_stable_down
SD_60	100	0	1	0	down	1	0	highly_stable	stable_down_identity	highly_stable_down
SD_600	100	0	1	0	down	1	0	highly_stable	stable_down_identity	highly_stable_down
SD_601	100	0	1	0	down	1	0	highly_stable	stable_down_identity	highly_stable_down
SD_602	100	0	1	0	down	1	0	highly_stable	stable_down_identity	highly_stable_down
SD_603	100	0	1	0	down	1	0	highly_stable	stable_down_identity	highly_stable_down
SD_604	100	0	1	0	down	1	0	highly_stable	stable_down_identity	highly_stable_down
SD_605	100	0	1	0	down	1	0	highly_stable	stable_down_identity	highly_stable_down
SD_606	100	0	1	0	down	1	0	highly_stable	stable_down_identity	highly_stable_down
SD_607	100	0	1	0	down	1	0	highly_stable	stable_down_identity	highly_stable_down
SD_608	100	0	1	0	down	1	0	highly_stable	stable_down_identity	highly_stable_down
SD_609	100	0	1	0	down	1	0	highly_stable	stable_down_identity	highly_stable_down
SD_61	100	0	1	0	down	1	0	highly_stable	stable_down_identity	highly_stable_down
SD_610	100	0	1	0	down	1	0	highly_stable	stable_down_identity	highly_stable_down
SD_611	100	0	1	0	down	1	0	highly_stable	stable_down_identity	highly_stable_down
SD_612	100	0	1	0	down	1	0	highly_stable	stable_down_identity	highly_stable_down
SD_613	100	0	1	0	down	1	0	highly_stable	stable_down_identity	highly_stable_down
SD_614	100	0	1	0	down	1	0	highly_stable	stable_down_identity	highly_stable_down
SD_615	100	0	1	0	down	1	0	highly_stable	stable_down_identity	highly_stable_down
SD_616	100	0	1	0	down	1	0	highly_stable	stable_down_identity	highly_stable_down
SD_617	100	0	1	0	down	1	0	highly_stable	stable_down_identity	highly_stable_down
SD_618	100	0	1	0	down	1	0	highly_stable	stable_down_identity	highly_stable_down
SD_619	100	0	1	0	down	1	0	highly_stable	stable_down_identity	highly_stable_down
SD_62	100	0	1	0	down	1	0	highly_stable	stable_down_identity	highly_stable_down
SD_620	100	0	1	0	down	1	0	highly_stable	stable_down_identity	highly_stable_down
SD_621	100	0	1	0	down	1	0	highly_stable	stable_down_identity	highly_stable_down
SD_622	100	0	1	0	down	1	0	highly_stable	stable_down_identity	highly_stable_down
SD_623	100	0	1	0	down	1	0	highly_stable	stable_down_identity	highly_stable_down
SD_624	100	0	1	0	down	1	0	highly_stable	stable_down_identity	highly_stable_down
SD_625	100	0	1	0	down	1	0	highly_stable	stable_down_identity	highly_stable_down
SD_626	100	0	1	0	down	1	0	highly_stable	stable_down_identity	highly_stable_down
SD_627	100	0	1	0	down	1	0	highly_stable	stable_down_identity	highly_stable_down
SD_628	100	0	1	0	down	1	0	highly_stable	stable_down_identity	highly_stable_down
SD_629	100	0	1	0	down	1	0	highly_stable	stable_down_identity	highly_stable_down
SD_63	100	0	1	0	down	1	0	highly_stable	stable_down_identity	highly_stable_down
SD_630	100	0	1	0	down	1	0	highly_stable	stable_down_identity	highly_stable_down
SD_631	100	0	1	0	down	1	0	highly_stable	stable_down_identity	highly_stable_down
SD_632	100	0	1	0	down	1	0	highly_stable	stable_down_identity	highly_stable_down
SD_633	100	0	1	0	down	1	0	highly_stable	stable_down_identity	highly_stable_down
SD_634	100	0	1	0	down	1	0	highly_stable	stable_down_identity	highly_stable_down
SD_635	100	0	1	0	down	1	0	highly_stable	stable_down_identity	highly_stable_down
SD_636	100	0	1	0	down	1	0	highly_stable	stable_down_identity	highly_stable_down
SD_637	100	0	1	0	down	1	0	highly_stable	stable_down_identity	highly_stable_down
SD_638	100	0	1	0	down	1	0	highly_stable	stable_down_identity	highly_stable_down
SD_639	100	0	1	0	down	1	0	highly_stable	stable_down_identity	highly_stable_down
SD_64	100	0	1	0	down	1	0	highly_stable	stable_down_identity	highly_stable_down
SD_640	100	0	1	0	down	1	0	highly_stable	stable_down_identity	highly_stable_down
SD_641	100	0	1	0	down	1	0	highly_stable	stable_down_identity	highly_stable_down
SD_642	100	0	1	0	down	1	0	highly_stable	stable_down_identity	highly_stable_down
SD_643	100	0	1	0	down	1	0	highly_stable	stable_down_identity	highly_stable_down
SD_644	100	0	1	0	down	1	0	highly_stable	stable_down_identity	highly_stable_down
SD_645	100	0	1	0	down	1	0	highly_stable	stable_down_identity	highly_stable_down
SD_646	100	0	1	0	down	1	0	highly_stable	stable_down_identity	highly_stable_down
SD_647	100	0	1	0	down	1	0	highly_stable	stable_down_identity	highly_stable_down
SD_648	100	0	1	0	down	1	0	highly_stable	stable_down_identity	highly_stable_down
SD_649	100	0	1	0	down	1	0	highly_stable	stable_down_identity	highly_stable_down
SD_65	100	0	1	0	down	1	0	highly_stable	stable_down_identity	highly_stable_down
SD_650	100	0	1	0	down	1	0	highly_stable	stable_down_identity	highly_stable_down
SD_651	100	0	1	0	down	1	0	highly_stable	stable_down_identity	highly_stable_down
SD_652	100	0	1	0	down	1	0	highly_stable	stable_down_identity	highly_stable_down
SD_653	100	0	1	0	down	1	0	highly_stable	stable_down_identity	highly_stable_down
SD_654	100	0	1	0	down	1	0	highly_stable	stable_down_identity	highly_stable_down
SD_655	100	0	1	0	down	1	0	highly_stable	stable_down_identity	highly_stable_down
SD_656	100	0	1	0	down	1	0	highly_stable	stable_down_identity	highly_stable_down
SD_657	100	0	1	0	down	1	0	highly_stable	stable_down_identity	highly_stable_down
SD_658	100	0	1	0	down	1	0	highly_stable	stable_down_identity	highly_stable_down
SD_659	100	0	1	0	down	1	0	highly_stable	stable_down_identity	highly_stable_down
SD_66	100	0	1	0	down	1	0	highly_stable	stable_down_identity	highly_stable_down
SD_660	100	0	1	0	down	1	0	highly_stable	stable_down_identity	highly_stable_down
SD_661	100	0	1	0	down	1	0	highly_stable	stable_down_identity	highly_stable_down
SD_662	100	0	1	0	down	1	0	highly_stable	stable_down_identity	highly_stable_down
SD_663	100	0	1	0	down	1	0	highly_stable	stable_down_identity	highly_stable_down
SD_664	100	0	1	0	down	1	0	highly_stable	stable_down_identity	highly_stable_down
SD_665	100	0	1	0	down	1	0	highly_stable	stable_down_identity	highly_stable_down
SD_666	100	0	1	0	down	1	0	highly_stable	stable_down_identity	highly_stable_down
SD_667	100	0	1	0	down	1	0	highly_stable	stable_down_identity	highly_stable_down
SD_668	100	0	1	0	down	1	0	highly_stable	stable_down_identity	highly_stable_down
SD_669	100	0	1	0	down	1	0	highly_stable	stable_down_identity	highly_stable_down
SD_67	100	0	1	0	down	1	0	highly_stable	stable_down_identity	highly_stable_down
SD_670	100	0	1	0	down	1	0	highly_stable	stable_down_identity	highly_stable_down
SD_671	100	0	1	0	down	1	0	highly_stable	stable_down_identity	highly_stable_down
SD_672	100	0	1	0	down	1	0	highly_stable	stable_down_identity	highly_stable_down
SD_673	100	0	1	0	down	1	0	highly_stable	stable_down_identity	highly_stable_down
SD_674	100	0	1	0	down	1	0	highly_stable	stable_down_identity	highly_stable_down
SD_675	100	0	1	0	down	1	0	highly_stable	stable_down_identity	highly_stable_down
SD_676	100	0	1	0	down	1	0	highly_stable	stable_down_identity	highly_stable_down
SD_677	100	0	1	0	down	1	0	highly_stable	stable_down_identity	highly_stable_down
SD_678	100	0	1	0	down	1	0	highly_stable	stable_down_identity	highly_stable_down
SD_679	100	0	1	0	down	1	0	highly_stable	stable_down_identity	highly_stable_down
SD_68	100	0	1	0	down	1	0	highly_stable	stable_down_identity	highly_stable_down
SD_680	100	0	1	0	down	1	0	highly_stable	stable_down_identity	highly_stable_down
SD_681	100	0	1	0	down	1	0	highly_stable	stable_down_identity	highly_stable_down
SD_682	100	0	1	0	down	1	0	highly_stable	stable_down_identity	highly_stable_down
SD_683	100	0	1	0	down	1	0	highly_stable	stable_down_identity	highly_stable_down
SD_684	100	0	1	0	down	1	0	highly_stable	stable_down_identity	highly_stable_down
SD_685	100	0	1	0	down	1	0	highly_stable	stable_down_identity	highly_stable_down
SD_686	100	0	1	0	down	1	0	highly_stable	stable_down_identity	highly_stable_down
SD_687	100	0	1	0	down	1	0	highly_stable	stable_down_identity	highly_stable_down
SD_688	100	0	1	0	down	1	0	highly_stable	stable_down_identity	highly_stable_down
SD_689	100	0	1	0	down	1	0	highly_stable	stable_down_identity	highly_stable_down
SD_69	100	0	1	0	down	1	0	highly_stable	stable_down_identity	highly_stable_down
SD_690	100	0	1	0	down	1	0	highly_stable	stable_down_identity	highly_stable_down
SD_691	100	0	1	0	down	1	0	highly_stable	stable_down_identity	highly_stable_down
SD_692	100	0	1	0	down	1	0	highly_stable	stable_down_identity	highly_stable_down
SD_693	100	0	1	0	down	1	0	highly_stable	stable_down_identity	highly_stable_down
SD_694	100	0	1	0	down	1	0	highly_stable	stable_down_identity	highly_stable_down
SD_695	100	0	1	0	down	1	0	highly_stable	stable_down_identity	highly_stable_down
SD_696	100	0	1	0	down	1	0	highly_stable	stable_down_identity	highly_stable_down
SD_697	100	0	1	0	down	1	0	highly_stable	stable_down_identity	highly_stable_down
SD_698	100	0	1	0	down	1	0	highly_stable	stable_down_identity	highly_stable_down
SD_699	100	0	1	0	down	1	0	highly_stable	stable_down_identity	highly_stable_down
SD_7	100	0	1	0	down	1	0	highly_stable	stable_down_identity	highly_stable_down
SD_70	100	0	1	0	down	1	0	highly_stable	stable_down_identity	highly_stable_down
SD_700	100	0	1	0	down	1	0	highly_stable	stable_down_identity	highly_stable_down
SD_701	100	0	1	0	down	1	0	highly_stable	stable_down_identity	highly_stable_down
SD_702	100	0	1	0	down	1	0	highly_stable	stable_down_identity	highly_stable_down
SD_703	100	0	1	0	down	1	0	highly_stable	stable_down_identity	highly_stable_down
SD_704	100	0	1	0	down	1	0	highly_stable	stable_down_identity	highly_stable_down
SD_705	100	0	1	0	down	1	0	highly_stable	stable_down_identity	highly_stable_down
SD_706	100	0	1	0	down	1	0	highly_stable	stable_down_identity	highly_stable_down
SD_707	100	0	1	0	down	1	0	highly_stable	stable_down_identity	highly_stable_down
SD_708	100	0	1	0	down	1	0	highly_stable	stable_down_identity	highly_stable_down
SD_709	100	0	1	0	down	1	0	highly_stable	stable_down_identity	highly_stable_down
SD_71	100	0	1	0	down	1	0	highly_stable	stable_down_identity	highly_stable_down
SD_710	100	0	1	0	down	1	0	highly_stable	stable_down_identity	highly_stable_down
SD_711	100	0	1	0	down	1	0	highly_stable	stable_down_identity	highly_stable_down
SD_712	100	0	1	0	down	1	0	highly_stable	stable_down_identity	highly_stable_down
SD_713	100	0	1	0	down	1	0	highly_stable	stable_down_identity	highly_stable_down
SD_714	100	0	1	0	down	1	0	highly_stable	stable_down_identity	highly_stable_down
SD_715	100	0	1	0	down	1	0	highly_stable	stable_down_identity	highly_stable_down
SD_716	100	0	1	0	down	1	0	highly_stable	stable_down_identity	highly_stable_down
SD_717	100	0	1	0	down	1	0	highly_stable	stable_down_identity	highly_stable_down
SD_718	100	0	1	0	down	1	0	highly_stable	stable_down_identity	highly_stable_down
SD_719	100	0	1	0	down	1	0	highly_stable	stable_down_identity	highly_stable_down
SD_72	100	0	1	0	down	1	0	highly_stable	stable_down_identity	highly_stable_down
SD_720	100	0	1	0	down	1	0	highly_stable	stable_down_identity	highly_stable_down
SD_721	100	0	1	0	down	1	0	highly_stable	stable_down_identity	highly_stable_down
SD_722	100	0	1	0	down	1	0	highly_stable	stable_down_identity	highly_stable_down
SD_723	100	0	1	0	down	1	0	highly_stable	stable_down_identity	highly_stable_down
SD_724	100	0	1	0	down	1	0	highly_stable	stable_down_identity	highly_stable_down
SD_725	100	0	1	0	down	1	0	highly_stable	stable_down_identity	highly_stable_down
SD_726	100	0	1	0	down	1	0	highly_stable	stable_down_identity	highly_stable_down
SD_727	100	0	1	0	down	1	0	highly_stable	stable_down_identity	highly_stable_down
SD_728	100	0	1	0	down	1	0	highly_stable	stable_down_identity	highly_stable_down
SD_729	100	0	1	0	down	1	0	highly_stable	stable_down_identity	highly_stable_down
SD_73	100	0	1	0	down	1	0	highly_stable	stable_down_identity	highly_stable_down
SD_730	100	0	1	0	down	1	0	highly_stable	stable_down_identity	highly_stable_down
SD_731	100	0	1	0	down	1	0	highly_stable	stable_down_identity	highly_stable_down
SD_732	100	0	1	0	down	1	0	highly_stable	stable_down_identity	highly_stable_down
SD_733	100	0	1	0	down	1	0	highly_stable	stable_down_identity	highly_stable_down
SD_734	100	0	1	0	down	1	0	highly_stable	stable_down_identity	highly_stable_down
SD_735	100	0	1	0	down	1	0	highly_stable	stable_down_identity	highly_stable_down
SD_736	100	0	1	0	down	1	0	highly_stable	stable_down_identity	highly_stable_down
SD_737	100	0	1	0	down	1	0	highly_stable	stable_down_identity	highly_stable_down
SD_738	100	0	1	0	down	1	0	highly_stable	stable_down_identity	highly_stable_down
SD_739	100	0	1	0	down	1	0	highly_stable	stable_down_identity	highly_stable_down
SD_74	100	0	1	0	down	1	0	highly_stable	stable_down_identity	highly_stable_down
SD_740	100	0	1	0	down	1	0	highly_stable	stable_down_identity	highly_stable_down
SD_741	100	0	1	0	down	1	0	highly_stable	stable_down_identity	highly_stable_down
SD_742	100	0	1	0	down	1	0	highly_stable	stable_down_identity	highly_stable_down
SD_743	100	0	1	0	down	1	0	highly_stable	stable_down_identity	highly_stable_down
SD_744	100	0	1	0	down	1	0	highly_stable	stable_down_identity	highly_stable_down
SD_745	100	0	1	0	down	1	0	highly_stable	stable_down_identity	highly_stable_down
SD_746	100	0	1	0	down	1	0	highly_stable	stable_down_identity	highly_stable_down
SD_747	100	0	1	0	down	1	0	highly_stable	stable_down_identity	highly_stable_down
SD_748	100	0	1	0	down	1	0	highly_stable	stable_down_identity	highly_stable_down
SD_749	100	0	1	0	down	1	0	highly_stable	stable_down_identity	highly_stable_down
SD_75	100	0	1	0	down	1	0	highly_stable	stable_down_identity	highly_stable_down
SD_750	100	0	1	0	down	1	0	highly_stable	stable_down_identity	highly_stable_down
SD_751	100	0	1	0	down	1	0	highly_stable	stable_down_identity	highly_stable_down
SD_752	100	0	1	0	down	1	0	highly_stable	stable_down_identity	highly_stable_down
SD_753	100	0	1	0	down	1	0	highly_stable	stable_down_identity	highly_stable_down
SD_754	100	0	1	0	down	1	0	highly_stable	stable_down_identity	highly_stable_down
SD_755	100	0	1	0	down	1	0	highly_stable	stable_down_identity	highly_stable_down
SD_756	100	0	1	0	down	1	0	highly_stable	stable_down_identity	highly_stable_down
SD_757	100	0	1	0	down	1	0	highly_stable	stable_down_identity	highly_stable_down
SD_758	100	0	1	0	down	1	0	highly_stable	stable_down_identity	highly_stable_down
SD_759	100	0	1	0	down	1	0	highly_stable	stable_down_identity	highly_stable_down
SD_76	100	0	1	0	down	1	0	highly_stable	stable_down_identity	highly_stable_down
SD_760	100	0	1	0	down	1	0	highly_stable	stable_down_identity	highly_stable_down
SD_761	100	0	1	0	down	1	0	highly_stable	stable_down_identity	highly_stable_down
SD_762	100	0	1	0	down	1	0	highly_stable	stable_down_identity	highly_stable_down
SD_763	100	0	1	0	down	1	0	highly_stable	stable_down_identity	highly_stable_down
SD_764	100	0	1	0	down	1	0	highly_stable	stable_down_identity	highly_stable_down
SD_765	100	0	1	0	down	1	0	highly_stable	stable_down_identity	highly_stable_down
SD_766	100	0	1	0	down	1	0	highly_stable	stable_down_identity	highly_stable_down
SD_767	100	0	1	0	down	1	0	highly_stable	stable_down_identity	highly_stable_down
SD_768	100	0	1	0	down	1	0	highly_stable	stable_down_identity	highly_stable_down
SD_769	100	0	1	0	down	1	0	highly_stable	stable_down_identity	highly_stable_down
SD_77	100	0	1	0	down	1	0	highly_stable	stable_down_identity	highly_stable_down
SD_770	100	0	1	0	down	1	0	highly_stable	stable_down_identity	highly_stable_down
SD_771	100	0	1	0	down	1	0	highly_stable	stable_down_identity	highly_stable_down
SD_772	100	0	1	0	down	1	0	highly_stable	stable_down_identity	highly_stable_down
SD_773	100	0	1	0	down	1	0	highly_stable	stable_down_identity	highly_stable_down
SD_774	100	0	1	0	down	1	0	highly_stable	stable_down_identity	highly_stable_down
SD_775	100	0	1	0	down	1	0	highly_stable	stable_down_identity	highly_stable_down
SD_776	100	0	1	0	down	1	0	highly_stable	stable_down_identity	highly_stable_down
SD_777	100	0	1	0	down	1	0	highly_stable	stable_down_identity	highly_stable_down
SD_778	100	0	1	0	down	1	0	highly_stable	stable_down_identity	highly_stable_down
SD_779	100	0	1	0	down	1	0	highly_stable	stable_down_identity	highly_stable_down
SD_78	100	0	1	0	down	1	0	highly_stable	stable_down_identity	highly_stable_down
SD_780	100	0	1	0	down	1	0	highly_stable	stable_down_identity	highly_stable_down
SD_781	100	0	1	0	down	1	0	highly_stable	stable_down_identity	highly_stable_down
SD_782	100	0	1	0	down	1	0	highly_stable	stable_down_identity	highly_stable_down
SD_783	100	0	1	0	down	1	0	highly_stable	stable_down_identity	highly_stable_down
SD_784	100	0	1	0	down	1	0	highly_stable	stable_down_identity	highly_stable_down
SD_785	100	0	1	0	down	1	0	highly_stable	stable_down_identity	highly_stable_down
SD_786	100	0	1	0	down	1	0	highly_stable	stable_down_identity	highly_stable_down
SD_787	100	0	1	0	down	1	0	highly_stable	stable_down_identity	highly_stable_down
SD_788	100	0	1	0	down	1	0	highly_stable	stable_down_identity	highly_stable_down
SD_789	100	0	1	0	down	1	0	highly_stable	stable_down_identity	highly_stable_down
SD_79	100	0	1	0	down	1	0	highly_stable	stable_down_identity	highly_stable_down
SD_790	100	0	1	0	down	1	0	highly_stable	stable_down_identity	highly_stable_down
SD_791	100	0	1	0	down	1	0	highly_stable	stable_down_identity	highly_stable_down
SD_792	100	0	1	0	down	1	0	highly_stable	stable_down_identity	highly_stable_down
SD_793	100	0	1	0	down	1	0	highly_stable	stable_down_identity	highly_stable_down
SD_794	100	0	1	0	down	1	0	highly_stable	stable_down_identity	highly_stable_down
SD_795	100	0	1	0	down	1	0	highly_stable	stable_down_identity	highly_stable_down
SD_796	100	0	1	0	down	1	0	highly_stable	stable_down_identity	highly_stable_down
SD_797	100	0	1	0	down	1	0	highly_stable	stable_down_identity	highly_stable_down
SD_798	100	0	1	0	down	1	0	highly_stable	stable_down_identity	highly_stable_down
SD_799	100	0	1	0	down	1	0	highly_stable	stable_down_identity	highly_stable_down
SD_8	100	0	1	0	down	1	0	highly_stable	stable_down_identity	highly_stable_down
SD_80	100	0	1	0	down	1	0	highly_stable	stable_down_identity	highly_stable_down
SD_800	100	0	1	0	down	1	0	highly_stable	stable_down_identity	highly_stable_down
SD_801	100	0	1	0	down	1	0	highly_stable	stable_down_identity	highly_stable_down
SD_802	100	0	1	0	down	1	0	highly_stable	stable_down_identity	highly_stable_down
SD_803	100	0	1	0	down	1	0	highly_stable	stable_down_identity	highly_stable_down
SD_804	100	0	1	0	down	1	0	highly_stable	stable_down_identity	highly_stable_down
SD_805	100	0	1	0	down	1	0	highly_stable	stable_down_identity	highly_stable_down
SD_806	100	0	1	0	down	1	0	highly_stable	stable_down_identity	highly_stable_down
SD_807	100	0	1	0	down	1	0	highly_stable	stable_down_identity	highly_stable_down
SD_808	100	0	1	0	down	1	0	highly_stable	stable_down_identity	highly_stable_down
SD_809	100	0	1	0	down	1	0	highly_stable	stable_down_identity	highly_stable_down
SD_81	100	0	1	0	down	1	0	highly_stable	stable_down_identity	highly_stable_down
SD_810	100	0	1	0	down	1	0	highly_stable	stable_down_identity	highly_stable_down
SD_811	100	0	1	0	down	1	0	highly_stable	stable_down_identity	highly_stable_down
SD_812	100	0	1	0	down	1	0	highly_stable	stable_down_identity	highly_stable_down
SD_813	100	0	1	0	down	1	0	highly_stable	stable_down_identity	highly_stable_down
SD_814	100	0	1	0	down	1	0	highly_stable	stable_down_identity	highly_stable_down
SD_815	100	0	1	0	down	1	0	highly_stable	stable_down_identity	highly_stable_down
SD_816	100	0	1	0	down	1	0	highly_stable	stable_down_identity	highly_stable_down
SD_817	100	0	1	0	down	1	0	highly_stable	stable_down_identity	highly_stable_down
SD_818	100	0	1	0	down	1	0	highly_stable	stable_down_identity	highly_stable_down
SD_819	100	0	1	0	down	1	0	highly_stable	stable_down_identity	highly_stable_down
SD_82	100	0	1	0	down	1	0	highly_stable	stable_down_identity	highly_stable_down
SD_820	100	0	1	0	down	1	0	highly_stable	stable_down_identity	highly_stable_down
SD_821	100	0	1	0	down	1	0	highly_stable	stable_down_identity	highly_stable_down
SD_822	100	0	1	0	down	1	0	highly_stable	stable_down_identity	highly_stable_down
SD_823	100	0	1	0	down	1	0	highly_stable	stable_down_identity	highly_stable_down
SD_824	100	0	1	0	down	1	0	highly_stable	stable_down_identity	highly_stable_down
SD_825	100	0	1	0	down	1	0	highly_stable	stable_down_identity	highly_stable_down
SD_826	100	0	1	0	down	1	0	highly_stable	stable_down_identity	highly_stable_down
SD_827	100	0	1	0	down	1	0	highly_stable	stable_down_identity	highly_stable_down
SD_828	100	0	1	0	down	1	0	highly_stable	stable_down_identity	highly_stable_down
SD_829	100	0	1	0	down	1	0	highly_stable	stable_down_identity	highly_stable_down
SD_83	100	0	1	0	down	1	0	highly_stable	stable_down_identity	highly_stable_down
SD_830	100	0	1	0	down	1	0	highly_stable	stable_down_identity	highly_stable_down
SD_831	100	0	1	0	down	1	0	highly_stable	stable_down_identity	highly_stable_down
SD_832	100	0	1	0	down	1	0	highly_stable	stable_down_identity	highly_stable_down
SD_833	100	0	1	0	down	1	0	highly_stable	stable_down_identity	highly_stable_down
SD_834	100	0	1	0	down	1	0	highly_stable	stable_down_identity	highly_stable_down
SD_835	100	0	1	0	down	1	0	highly_stable	stable_down_identity	highly_stable_down
SD_836	100	0	1	0	down	1	0	highly_stable	stable_down_identity	highly_stable_down
SD_837	100	0	1	0	down	1	0	highly_stable	stable_down_identity	highly_stable_down
SD_838	100	0	1	0	down	1	0	highly_stable	stable_down_identity	highly_stable_down
SD_839	100	0	1	0	down	1	0	highly_stable	stable_down_identity	highly_stable_down
SD_84	100	0	1	0	down	1	0	highly_stable	stable_down_identity	highly_stable_down
SD_840	100	0	1	0	down	1	0	highly_stable	stable_down_identity	highly_stable_down
SD_841	100	0	1	0	down	1	0	highly_stable	stable_down_identity	highly_stable_down
SD_842	100	0	1	0	down	1	0	highly_stable	stable_down_identity	highly_stable_down
SD_843	100	0	1	0	down	1	0	highly_stable	stable_down_identity	highly_stable_down
SD_844	100	0	1	0	down	1	0	highly_stable	stable_down_identity	highly_stable_down
SD_845	100	0	1	0	down	1	0	highly_stable	stable_down_identity	highly_stable_down
SD_846	100	0	1	0	down	1	0	highly_stable	stable_down_identity	highly_stable_down
SD_847	100	0	1	0	down	1	0	highly_stable	stable_down_identity	highly_stable_down
SD_848	100	0	1	0	down	1	0	highly_stable	stable_down_identity	highly_stable_down
SD_849	100	0	1	0	down	1	0	highly_stable	stable_down_identity	highly_stable_down
SD_85	100	0	1	0	down	1	0	highly_stable	stable_down_identity	highly_stable_down
SD_850	100	0	1	0	down	1	0	highly_stable	stable_down_identity	highly_stable_down
SD_851	100	0	1	0	down	1	0	highly_stable	stable_down_identity	highly_stable_down
SD_852	100	0	1	0	down	1	0	highly_stable	stable_down_identity	highly_stable_down
SD_853	100	0	1	0	down	1	0	highly_stable	stable_down_identity	highly_stable_down
SD_854	100	0	1	0	down	1	0	highly_stable	stable_down_identity	highly_stable_down
SD_855	100	0	1	0	down	1	0	highly_stable	stable_down_identity	highly_stable_down
SD_856	100	0	1	0	down	1	0	highly_stable	stable_down_identity	highly_stable_down
SD_857	100	0	1	0	down	1	0	highly_stable	stable_down_identity	highly_stable_down
SD_858	100	0	1	0	down	1	0	highly_stable	stable_down_identity	highly_stable_down
SD_859	100	0	1	0	down	1	0	highly_stable	stable_down_identity	highly_stable_down
SD_86	100	0	1	0	down	1	0	highly_stable	stable_down_identity	highly_stable_down
SD_860	100	0	1	0	down	1	0	highly_stable	stable_down_identity	highly_stable_down
SD_861	100	0	1	0	down	1	0	highly_stable	stable_down_identity	highly_stable_down
SD_862	100	0	1	0	down	1	0	highly_stable	stable_down_identity	highly_stable_down
SD_863	100	0	1	0	down	1	0	highly_stable	stable_down_identity	highly_stable_down
SD_864	100	0	1	0	down	1	0	highly_stable	stable_down_identity	highly_stable_down
SD_865	100	0	1	0	down	1	0	highly_stable	stable_down_identity	highly_stable_down
SD_866	100	0	1	0	down	1	0	highly_stable	stable_down_identity	highly_stable_down
SD_867	100	0	1	0	down	1	0	highly_stable	stable_down_identity	highly_stable_down
SD_868	100	0	1	0	down	1	0	highly_stable	stable_down_identity	highly_stable_down
SD_869	100	0	1	0	down	1	0	highly_stable	stable_down_identity	highly_stable_down
SD_87	100	0	1	0	down	1	0	highly_stable	stable_down_identity	highly_stable_down
SD_870	100	0	1	0	down	1	0	highly_stable	stable_down_identity	highly_stable_down
SD_871	100	0	1	0	down	1	0	highly_stable	stable_down_identity	highly_stable_down
SD_872	100	0	1	0	down	1	0	highly_stable	stable_down_identity	highly_stable_down
SD_873	100	0	1	0	down	1	0	highly_stable	stable_down_identity	highly_stable_down
SD_874	100	0	1	0	down	1	0	highly_stable	stable_down_identity	highly_stable_down
SD_875	100	0	1	0	down	1	0	highly_stable	stable_down_identity	highly_stable_down
SD_876	100	0	1	0	down	1	0	highly_stable	stable_down_identity	highly_stable_down
SD_877	100	0	1	0	down	1	0	highly_stable	stable_down_identity	highly_stable_down
SD_878	100	0	1	0	down	1	0	highly_stable	stable_down_identity	highly_stable_down
SD_879	100	0	1	0	down	1	0	highly_stable	stable_down_identity	highly_stable_down
SD_88	100	0	1	0	down	1	0	highly_stable	stable_down_identity	highly_stable_down
SD_880	100	0	1	0	down	1	0	highly_stable	stable_down_identity	highly_stable_down
SD_881	100	0	1	0	down	1	0	highly_stable	stable_down_identity	highly_stable_down
SD_882	100	0	1	0	down	1	0	highly_stable	stable_down_identity	highly_stable_down
SD_883	100	0	1	0	down	1	0	highly_stable	stable_down_identity	highly_stable_down
SD_884	100	0	1	0	down	1	0	highly_stable	stable_down_identity	highly_stable_down
SD_885	100	0	1	0	down	1	0	highly_stable	stable_down_identity	highly_stable_down
SD_886	100	0	1	0	down	1	0	highly_stable	stable_down_identity	highly_stable_down
SD_887	100	0	1	0	down	1	0	highly_stable	stable_down_identity	highly_stable_down
SD_888	100	0	1	0	down	1	0	highly_stable	stable_down_identity	highly_stable_down
SD_889	100	0	1	0	down	1	0	highly_stable	stable_down_identity	highly_stable_down
SD_89	100	0	1	0	down	1	0	highly_stable	stable_down_identity	highly_stable_down
SD_890	100	0	1	0	down	1	0	highly_stable	stable_down_identity	highly_stable_down
SD_891	100	0	1	0	down	1	0	highly_stable	stable_down_identity	highly_stable_down
SD_892	100	0	1	0	down	1	0	highly_stable	stable_down_identity	highly_stable_down
SD_893	100	0	1	0	down	1	0	highly_stable	stable_down_identity	highly_stable_down
SD_894	100	0	1	0	down	1	0	highly_stable	stable_down_identity	highly_stable_down
SD_895	100	0	1	0	down	1	0	highly_stable	stable_down_identity	highly_stable_down
SD_896	100	0	1	0	down	1	0	highly_stable	stable_down_identity	highly_stable_down
SD_897	100	0	1	0	down	1	0	highly_stable	stable_down_identity	highly_stable_down
SD_898	100	0	1	0	down	1	0	highly_stable	stable_down_identity	highly_stable_down
SD_899	100	0	1	0	down	1	0	highly_stable	stable_down_identity	highly_stable_down
SD_9	100	0	1	0	down	1	0	highly_stable	stable_down_identity	highly_stable_down
SD_90	100	0	1	0	down	1	0	highly_stable	stable_down_identity	highly_stable_down
SD_900	100	0	1	0	down	1	0	highly_stable	stable_down_identity	highly_stable_down
SD_901	100	0	1	0	down	1	0	highly_stable	stable_down_identity	highly_stable_down
SD_902	100	0	1	0	down	1	0	highly_stable	stable_down_identity	highly_stable_down
SD_903	100	0	1	0	down	1	0	highly_stable	stable_down_identity	highly_stable_down
SD_904	100	0	1	0	down	1	0	highly_stable	stable_down_identity	highly_stable_down
SD_905	100	0	1	0	down	1	0	highly_stable	stable_down_identity	highly_stable_down
SD_906	100	0	1	0	down	1	0	highly_stable	stable_down_identity	highly_stable_down
SD_907	100	0	1	0	down	1	0	highly_stable	stable_down_identity	highly_stable_down
SD_908	100	0	1	0	down	1	0	highly_stable	stable_down_identity	highly_stable_down
SD_909	100	0	1	0	down	1	0	highly_stable	stable_down_identity	highly_stable_down
SD_91	100	0	1	0	down	1	0	highly_stable	stable_down_identity	highly_stable_down
SD_910	100	0	1	0	down	1	0	highly_stable	stable_down_identity	highly_stable_down
SD_911	100	0	1	0	down	1	0	highly_stable	stable_down_identity	highly_stable_down
SD_912	100	0	1	0	down	1	0	highly_stable	stable_down_identity	highly_stable_down
SD_913	100	0	1	0	down	1	0	highly_stable	stable_down_identity	highly_stable_down
SD_914	100	0	1	0	down	1	0	highly_stable	stable_down_identity	highly_stable_down
SD_915	100	0	1	0	down	1	0	highly_stable	stable_down_identity	highly_stable_down
SD_916	100	0	1	0	down	1	0	highly_stable	stable_down_identity	highly_stable_down
SD_917	100	0	1	0	down	1	0	highly_stable	stable_down_identity	highly_stable_down
SD_918	100	0	1	0	down	1	0	highly_stable	stable_down_identity	highly_stable_down
SD_919	100	0	1	0	down	1	0	highly_stable	stable_down_identity	highly_stable_down
SD_92	100	0	1	0	down	1	0	highly_stable	stable_down_identity	highly_stable_down
SD_920	100	0	1	0	down	1	0	highly_stable	stable_down_identity	highly_stable_down
SD_921	100	0	1	0	down	1	0	highly_stable	stable_down_identity	highly_stable_down
SD_922	100	0	1	0	down	1	0	highly_stable	stable_down_identity	highly_stable_down
SD_923	100	0	1	0	down	1	0	highly_stable	stable_down_identity	highly_stable_down
SD_924	100	0	1	0	down	1	0	highly_stable	stable_down_identity	highly_stable_down
SD_925	100	0	1	0	down	1	0	highly_stable	stable_down_identity	highly_stable_down
SD_926	100	0	1	0	down	1	0	highly_stable	stable_down_identity	highly_stable_down
SD_927	100	0	1	0	down	1	0	highly_stable	stable_down_identity	highly_stable_down
SD_928	100	0	1	0	down	1	0	highly_stable	stable_down_identity	highly_stable_down
SD_929	100	0	1	0	down	1	0	highly_stable	stable_down_identity	highly_stable_down
SD_93	100	0	1	0	down	1	0	highly_stable	stable_down_identity	highly_stable_down
SD_930	100	0	1	0	down	1	0	highly_stable	stable_down_identity	highly_stable_down
SD_931	100	0	1	0	down	1	0	highly_stable	stable_down_identity	highly_stable_down
SD_932	100	0	1	0	down	1	0	highly_stable	stable_down_identity	highly_stable_down
SD_933	100	0	1	0	down	1	0	highly_stable	stable_down_identity	highly_stable_down
SD_934	100	0	1	0	down	1	0	highly_stable	stable_down_identity	highly_stable_down
SD_935	100	0	1	0	down	1	0	highly_stable	stable_down_identity	highly_stable_down
SD_936	100	0	1	0	down	1	0	highly_stable	stable_down_identity	highly_stable_down
SD_937	100	0	1	0	down	1	0	highly_stable	stable_down_identity	highly_stable_down
SD_938	100	0	1	0	down	1	0	highly_stable	stable_down_identity	highly_stable_down
SD_939	100	0	1	0	down	1	0	highly_stable	stable_down_identity	highly_stable_down
SD_94	100	0	1	0	down	1	0	highly_stable	stable_down_identity	highly_stable_down
SD_940	100	0	1	0	down	1	0	highly_stable	stable_down_identity	highly_stable_down
SD_941	100	0	1	0	down	1	0	highly_stable	stable_down_identity	highly_stable_down
SD_942	100	0	1	0	down	1	0	highly_stable	stable_down_identity	highly_stable_down
SD_943	100	0	1	0	down	1	0	highly_stable	stable_down_identity	highly_stable_down
SD_944	100	0	1	0	down	1	0	highly_stable	stable_down_identity	highly_stable_down
SD_945	100	0	1	0	down	1	0	highly_stable	stable_down_identity	highly_stable_down
SD_946	100	0	1	0	down	1	0	highly_stable	stable_down_identity	highly_stable_down
SD_947	100	0	1	0	down	1	0	highly_stable	stable_down_identity	highly_stable_down
SD_948	100	0	1	0	down	1	0	highly_stable	stable_down_identity	highly_stable_down
SD_949	100	0	1	0	down	1	0	highly_stable	stable_down_identity	highly_stable_down
SD_95	100	0	1	0	down	1	0	highly_stable	stable_down_identity	highly_stable_down
SD_950	100	0	1	0	down	1	0	highly_stable	stable_down_identity	highly_stable_down
SD_951	100	0	1	0	down	1	0	highly_stable	stable_down_identity	highly_stable_down
SD_952	100	0	1	0	down	1	0	highly_stable	stable_down_identity	highly_stable_down
SD_953	100	0	1	0	down	1	0	highly_stable	stable_down_identity	highly_stable_down
SD_954	100	0	1	0	down	1	0	highly_stable	stable_down_identity	highly_stable_down
SD_955	100	0	1	0	down	1	0	highly_stable	stable_down_identity	highly_stable_down
SD_956	100	0	1	0	down	1	0	highly_stable	stable_down_identity	highly_stable_down
SD_957	100	0	1	0	down	1	0	highly_stable	stable_down_identity	highly_stable_down
SD_958	100	0	1	0	down	1	0	highly_stable	stable_down_identity	highly_stable_down
SD_959	100	0	1	0	down	1	0	highly_stable	stable_down_identity	highly_stable_down
SD_96	100	0	1	0	down	1	0	highly_stable	stable_down_identity	highly_stable_down
SD_960	100	0	1	0	down	1	0	highly_stable	stable_down_identity	highly_stable_down
SD_961	100	0	1	0	down	1	0	highly_stable	stable_down_identity	highly_stable_down
SD_962	100	0	1	0	down	1	0	highly_stable	stable_down_identity	highly_stable_down
SD_963	100	0	1	0	down	1	0	highly_stable	stable_down_identity	highly_stable_down
SD_964	100	0	1	0	down	1	0	highly_stable	stable_down_identity	highly_stable_down
SD_965	100	0	1	0	down	1	0	highly_stable	stable_down_identity	highly_stable_down
SD_966	100	0	1	0	down	1	0	highly_stable	stable_down_identity	highly_stable_down
SD_967	100	0	1	0	down	1	0	highly_stable	stable_down_identity	highly_stable_down
SD_968	100	0	1	0	down	1	0	highly_stable	stable_down_identity	highly_stable_down
SD_969	100	0	1	0	down	1	0	highly_stable	stable_down_identity	highly_stable_down
SD_97	100	0	1	0	down	1	0	highly_stable	stable_down_identity	highly_stable_down
SD_970	100	0	1	0	down	1	0	highly_stable	stable_down_identity	highly_stable_down
SD_971	100	0	1	0	down	1	0	highly_stable	stable_down_identity	highly_stable_down
SD_972	100	0	1	0	down	1	0	highly_stable	stable_down_identity	highly_stable_down
SD_973	100	0	1	0	down	1	0	highly_stable	stable_down_identity	highly_stable_down
SD_974	100	0	1	0	down	1	0	highly_stable	stable_down_identity	highly_stable_down
SD_975	100	0	1	0	down	1	0	highly_stable	stable_down_identity	highly_stable_down
SD_976	100	0	1	0	down	1	0	highly_stable	stable_down_identity	highly_stable_down
SD_977	100	0	1	0	down	1	0	highly_stable	stable_down_identity	highly_stable_down
SD_978	100	0	1	0	down	1	0	highly_stable	stable_down_identity	highly_stable_down
SD_979	100	0	1	0	down	1	0	highly_stable	stable_down_identity	highly_stable_down
SD_98	100	0	1	0	down	1	0	highly_stable	stable_down_identity	highly_stable_down
SD_980	100	0	1	0	down	1	0	highly_stable	stable_down_identity	highly_stable_down
SD_981	100	0	1	0	down	1	0	highly_stable	stable_down_identity	highly_stable_down
SD_982	100	0	1	0	down	1	0	highly_stable	stable_down_identity	highly_stable_down
SD_983	100	0	1	0	down	1	0	highly_stable	stable_down_identity	highly_stable_down
SD_984	100	0	1	0	down	1	0	highly_stable	stable_down_identity	highly_stable_down
SD_985	100	0	1	0	down	1	0	highly_stable	stable_down_identity	highly_stable_down
SD_986	100	0	1	0	down	1	0	highly_stable	stable_down_identity	highly_stable_down
SD_987	100	0	1	0	down	1	0	highly_stable	stable_down_identity	highly_stable_down
SD_988	100	0	1	0	down	1	0	highly_stable	stable_down_identity	highly_stable_down
SD_989	100	0	1	0	down	1	0	highly_stable	stable_down_identity	highly_stable_down
SD_99	100	0	1	0	down	1	0	highly_stable	stable_down_identity	highly_stable_down
SD_990	100	0	1	0	down	1	0	highly_stable	stable_down_identity	highly_stable_down
SD_991	100	0	1	0	down	1	0	highly_stable	stable_down_identity	highly_stable_down
SD_992	100	0	1	0	down	1	0	highly_stable	stable_down_identity	highly_stable_down
SD_993	100	0	1	0	down	1	0	highly_stable	stable_down_identity	highly_stable_down
SD_994	100	0	1	0	down	1	0	highly_stable	stable_down_identity	highly_stable_down
SD_995	100	0	1	0	down	1	0	highly_stable	stable_down_identity	highly_stable_down
SD_996	100	0	1	0	down	1	0	highly_stable	stable_down_identity	highly_stable_down
SD_997	100	0	1	0	down	1	0	highly_stable	stable_down_identity	highly_stable_down
SD_998	100	0	1	0	down	1	0	highly_stable	stable_down_identity	highly_stable_down
SD_999	100	0	1	0	down	1	0	highly_stable	stable_down_identity	highly_stable_down
SU_1	100	1	0	0	up	1	0	highly_stable	stable_up_identity	highly_stable_up
SU_10	100	1	0	0	up	1	0	highly_stable	stable_up_identity	highly_stable_up
SU_100	100	1	0	0	up	1	0	highly_stable	stable_up_identity	highly_stable_up
SU_1000	100	1	0	0	up	1	0	highly_stable	stable_up_identity	highly_stable_up
SU_101	100	1	0	0	up	1	0	highly_stable	stable_up_identity	highly_stable_up
SU_102	100	1	0	0	up	1	0	highly_stable	stable_up_identity	highly_stable_up
SU_103	100	1	0	0	up	1	0	highly_stable	stable_up_identity	highly_stable_up
SU_104	100	1	0	0	up	1	0	highly_stable	stable_up_identity	highly_stable_up
SU_105	100	1	0	0	up	1	0	highly_stable	stable_up_identity	highly_stable_up
SU_106	100	1	0	0	up	1	0	highly_stable	stable_up_identity	highly_stable_up
SU_107	100	1	0	0	up	1	0	highly_stable	stable_up_identity	highly_stable_up
SU_108	100	1	0	0	up	1	0	highly_stable	stable_up_identity	highly_stable_up
SU_109	100	1	0	0	up	1	0	highly_stable	stable_up_identity	highly_stable_up
SU_11	100	1	0	0	up	1	0	highly_stable	stable_up_identity	highly_stable_up
SU_110	100	1	0	0	up	1	0	highly_stable	stable_up_identity	highly_stable_up
SU_111	100	1	0	0	up	1	0	highly_stable	stable_up_identity	highly_stable_up
SU_112	100	1	0	0	up	1	0	highly_stable	stable_up_identity	highly_stable_up
SU_113	100	1	0	0	up	1	0	highly_stable	stable_up_identity	highly_stable_up
SU_114	100	1	0	0	up	1	0	highly_stable	stable_up_identity	highly_stable_up
SU_115	100	1	0	0	up	1	0	highly_stable	stable_up_identity	highly_stable_up
SU_116	100	1	0	0	up	1	0	highly_stable	stable_up_identity	highly_stable_up
SU_117	100	1	0	0	up	1	0	highly_stable	stable_up_identity	highly_stable_up
SU_118	100	1	0	0	up	1	0	highly_stable	stable_up_identity	highly_stable_up
SU_119	100	1	0	0	up	1	0	highly_stable	stable_up_identity	highly_stable_up
SU_12	100	1	0	0	up	1	0	highly_stable	stable_up_identity	highly_stable_up
SU_120	100	1	0	0	up	1	0	highly_stable	stable_up_identity	highly_stable_up
SU_121	100	1	0	0	up	1	0	highly_stable	stable_up_identity	highly_stable_up
SU_122	100	1	0	0	up	1	0	highly_stable	stable_up_identity	highly_stable_up
SU_123	100	1	0	0	up	1	0	highly_stable	stable_up_identity	highly_stable_up
SU_124	100	1	0	0	up	1	0	highly_stable	stable_up_identity	highly_stable_up
SU_125	100	1	0	0	up	1	0	highly_stable	stable_up_identity	highly_stable_up
SU_126	100	1	0	0	up	1	0	highly_stable	stable_up_identity	highly_stable_up
SU_127	100	1	0	0	up	1	0	highly_stable	stable_up_identity	highly_stable_up
SU_128	100	1	0	0	up	1	0	highly_stable	stable_up_identity	highly_stable_up
SU_129	100	1	0	0	up	1	0	highly_stable	stable_up_identity	highly_stable_up
SU_13	100	1	0	0	up	1	0	highly_stable	stable_up_identity	highly_stable_up
SU_130	100	1	0	0	up	1	0	highly_stable	stable_up_identity	highly_stable_up
SU_131	100	1	0	0	up	1	0	highly_stable	stable_up_identity	highly_stable_up
SU_132	100	1	0	0	up	1	0	highly_stable	stable_up_identity	highly_stable_up
SU_133	100	1	0	0	up	1	0	highly_stable	stable_up_identity	highly_stable_up
SU_134	100	1	0	0	up	1	0	highly_stable	stable_up_identity	highly_stable_up
SU_135	100	1	0	0	up	1	0	highly_stable	stable_up_identity	highly_stable_up
SU_136	100	1	0	0	up	1	0	highly_stable	stable_up_identity	highly_stable_up
SU_137	100	1	0	0	up	1	0	highly_stable	stable_up_identity	highly_stable_up
SU_138	100	1	0	0	up	1	0	highly_stable	stable_up_identity	highly_stable_up
SU_139	100	1	0	0	up	1	0	highly_stable	stable_up_identity	highly_stable_up
SU_14	100	1	0	0	up	1	0	highly_stable	stable_up_identity	highly_stable_up
SU_140	100	1	0	0	up	1	0	highly_stable	stable_up_identity	highly_stable_up
SU_141	100	1	0	0	up	1	0	highly_stable	stable_up_identity	highly_stable_up
SU_142	100	1	0	0	up	1	0	highly_stable	stable_up_identity	highly_stable_up
SU_143	100	1	0	0	up	1	0	highly_stable	stable_up_identity	highly_stable_up
SU_144	100	1	0	0	up	1	0	highly_stable	stable_up_identity	highly_stable_up
SU_145	100	1	0	0	up	1	0	highly_stable	stable_up_identity	highly_stable_up
SU_146	100	1	0	0	up	1	0	highly_stable	stable_up_identity	highly_stable_up
SU_147	100	1	0	0	up	1	0	highly_stable	stable_up_identity	highly_stable_up
SU_148	100	1	0	0	up	1	0	highly_stable	stable_up_identity	highly_stable_up
SU_149	100	1	0	0	up	1	0	highly_stable	stable_up_identity	highly_stable_up
SU_15	100	1	0	0	up	1	0	highly_stable	stable_up_identity	highly_stable_up
SU_150	100	1	0	0	up	1	0	highly_stable	stable_up_identity	highly_stable_up
SU_151	100	1	0	0	up	1	0	highly_stable	stable_up_identity	highly_stable_up
SU_152	100	1	0	0	up	1	0	highly_stable	stable_up_identity	highly_stable_up
SU_153	100	1	0	0	up	1	0	highly_stable	stable_up_identity	highly_stable_up
SU_154	100	1	0	0	up	1	0	highly_stable	stable_up_identity	highly_stable_up
SU_155	100	1	0	0	up	1	0	highly_stable	stable_up_identity	highly_stable_up
SU_156	100	1	0	0	up	1	0	highly_stable	stable_up_identity	highly_stable_up
SU_157	100	1	0	0	up	1	0	highly_stable	stable_up_identity	highly_stable_up
SU_158	100	1	0	0	up	1	0	highly_stable	stable_up_identity	highly_stable_up
SU_159	100	1	0	0	up	1	0	highly_stable	stable_up_identity	highly_stable_up
SU_16	100	1	0	0	up	1	0	highly_stable	stable_up_identity	highly_stable_up
SU_160	100	1	0	0	up	1	0	highly_stable	stable_up_identity	highly_stable_up
SU_161	100	1	0	0	up	1	0	highly_stable	stable_up_identity	highly_stable_up
SU_162	100	1	0	0	up	1	0	highly_stable	stable_up_identity	highly_stable_up
SU_163	100	1	0	0	up	1	0	highly_stable	stable_up_identity	highly_stable_up
SU_164	100	1	0	0	up	1	0	highly_stable	stable_up_identity	highly_stable_up
SU_165	100	1	0	0	up	1	0	highly_stable	stable_up_identity	highly_stable_up
SU_166	100	1	0	0	up	1	0	highly_stable	stable_up_identity	highly_stable_up
SU_167	100	1	0	0	up	1	0	highly_stable	stable_up_identity	highly_stable_up
SU_168	100	1	0	0	up	1	0	highly_stable	stable_up_identity	highly_stable_up
SU_169	100	1	0	0	up	1	0	highly_stable	stable_up_identity	highly_stable_up
SU_17	100	1	0	0	up	1	0	highly_stable	stable_up_identity	highly_stable_up
SU_170	100	1	0	0	up	1	0	highly_stable	stable_up_identity	highly_stable_up
SU_171	100	1	0	0	up	1	0	highly_stable	stable_up_identity	highly_stable_up
SU_172	100	1	0	0	up	1	0	highly_stable	stable_up_identity	highly_stable_up
SU_173	100	1	0	0	up	1	0	highly_stable	stable_up_identity	highly_stable_up
SU_174	100	1	0	0	up	1	0	highly_stable	stable_up_identity	highly_stable_up
SU_175	100	1	0	0	up	1	0	highly_stable	stable_up_identity	highly_stable_up
SU_176	100	1	0	0	up	1	0	highly_stable	stable_up_identity	highly_stable_up
SU_177	100	1	0	0	up	1	0	highly_stable	stable_up_identity	highly_stable_up
SU_178	100	1	0	0	up	1	0	highly_stable	stable_up_identity	highly_stable_up
SU_179	100	1	0	0	up	1	0	highly_stable	stable_up_identity	highly_stable_up
SU_18	100	1	0	0	up	1	0	highly_stable	stable_up_identity	highly_stable_up
SU_180	100	1	0	0	up	1	0	highly_stable	stable_up_identity	highly_stable_up
SU_181	100	1	0	0	up	1	0	highly_stable	stable_up_identity	highly_stable_up
SU_182	100	1	0	0	up	1	0	highly_stable	stable_up_identity	highly_stable_up
SU_183	100	1	0	0	up	1	0	highly_stable	stable_up_identity	highly_stable_up
SU_184	100	1	0	0	up	1	0	highly_stable	stable_up_identity	highly_stable_up
SU_185	100	1	0	0	up	1	0	highly_stable	stable_up_identity	highly_stable_up
SU_186	100	1	0	0	up	1	0	highly_stable	stable_up_identity	highly_stable_up
SU_187	100	1	0	0	up	1	0	highly_stable	stable_up_identity	highly_stable_up
SU_188	100	1	0	0	up	1	0	highly_stable	stable_up_identity	highly_stable_up
SU_189	100	1	0	0	up	1	0	highly_stable	stable_up_identity	highly_stable_up
SU_19	100	1	0	0	up	1	0	highly_stable	stable_up_identity	highly_stable_up
SU_190	100	1	0	0	up	1	0	highly_stable	stable_up_identity	highly_stable_up
SU_191	100	1	0	0	up	1	0	highly_stable	stable_up_identity	highly_stable_up
SU_192	100	1	0	0	up	1	0	highly_stable	stable_up_identity	highly_stable_up
SU_193	100	1	0	0	up	1	0	highly_stable	stable_up_identity	highly_stable_up
SU_194	100	1	0	0	up	1	0	highly_stable	stable_up_identity	highly_stable_up
SU_195	100	1	0	0	up	1	0	highly_stable	stable_up_identity	highly_stable_up
SU_196	100	1	0	0	up	1	0	highly_stable	stable_up_identity	highly_stable_up
SU_197	100	1	0	0	up	1	0	highly_stable	stable_up_identity	highly_stable_up
SU_198	100	1	0	0	up	1	0	highly_stable	stable_up_identity	highly_stable_up
SU_199	100	1	0	0	up	1	0	highly_stable	stable_up_identity	highly_stable_up
SU_2	100	1	0	0	up	1	0	highly_stable	stable_up_identity	highly_stable_up
SU_20	100	1	0	0	up	1	0	highly_stable	stable_up_identity	highly_stable_up
SU_200	100	1	0	0	up	1	0	highly_stable	stable_up_identity	highly_stable_up
SU_201	100	1	0	0	up	1	0	highly_stable	stable_up_identity	highly_stable_up
SU_202	100	1	0	0	up	1	0	highly_stable	stable_up_identity	highly_stable_up
SU_203	100	1	0	0	up	1	0	highly_stable	stable_up_identity	highly_stable_up
SU_204	100	1	0	0	up	1	0	highly_stable	stable_up_identity	highly_stable_up
SU_205	100	1	0	0	up	1	0	highly_stable	stable_up_identity	highly_stable_up
SU_206	100	1	0	0	up	1	0	highly_stable	stable_up_identity	highly_stable_up
SU_207	100	1	0	0	up	1	0	highly_stable	stable_up_identity	highly_stable_up
SU_208	100	1	0	0	up	1	0	highly_stable	stable_up_identity	highly_stable_up
SU_209	100	1	0	0	up	1	0	highly_stable	stable_up_identity	highly_stable_up
SU_21	100	1	0	0	up	1	0	highly_stable	stable_up_identity	highly_stable_up
SU_210	100	1	0	0	up	1	0	highly_stable	stable_up_identity	highly_stable_up
SU_211	100	1	0	0	up	1	0	highly_stable	stable_up_identity	highly_stable_up
SU_212	100	1	0	0	up	1	0	highly_stable	stable_up_identity	highly_stable_up
SU_213	100	1	0	0	up	1	0	highly_stable	stable_up_identity	highly_stable_up
SU_214	100	1	0	0	up	1	0	highly_stable	stable_up_identity	highly_stable_up
SU_215	100	1	0	0	up	1	0	highly_stable	stable_up_identity	highly_stable_up
SU_216	100	1	0	0	up	1	0	highly_stable	stable_up_identity	highly_stable_up
SU_217	100	1	0	0	up	1	0	highly_stable	stable_up_identity	highly_stable_up
SU_218	100	1	0	0	up	1	0	highly_stable	stable_up_identity	highly_stable_up
SU_219	100	1	0	0	up	1	0	highly_stable	stable_up_identity	highly_stable_up
SU_22	100	1	0	0	up	1	0	highly_stable	stable_up_identity	highly_stable_up
SU_220	100	1	0	0	up	1	0	highly_stable	stable_up_identity	highly_stable_up
SU_221	100	1	0	0	up	1	0	highly_stable	stable_up_identity	highly_stable_up
SU_222	100	1	0	0	up	1	0	highly_stable	stable_up_identity	highly_stable_up
SU_223	100	1	0	0	up	1	0	highly_stable	stable_up_identity	highly_stable_up
SU_224	100	1	0	0	up	1	0	highly_stable	stable_up_identity	highly_stable_up
SU_225	100	1	0	0	up	1	0	highly_stable	stable_up_identity	highly_stable_up
SU_226	100	1	0	0	up	1	0	highly_stable	stable_up_identity	highly_stable_up
SU_227	100	1	0	0	up	1	0	highly_stable	stable_up_identity	highly_stable_up
SU_228	100	1	0	0	up	1	0	highly_stable	stable_up_identity	highly_stable_up
SU_229	100	1	0	0	up	1	0	highly_stable	stable_up_identity	highly_stable_up
SU_23	100	1	0	0	up	1	0	highly_stable	stable_up_identity	highly_stable_up
SU_230	100	1	0	0	up	1	0	highly_stable	stable_up_identity	highly_stable_up
SU_231	100	1	0	0	up	1	0	highly_stable	stable_up_identity	highly_stable_up
SU_232	100	1	0	0	up	1	0	highly_stable	stable_up_identity	highly_stable_up
SU_233	100	1	0	0	up	1	0	highly_stable	stable_up_identity	highly_stable_up
SU_234	100	1	0	0	up	1	0	highly_stable	stable_up_identity	highly_stable_up
SU_235	100	1	0	0	up	1	0	highly_stable	stable_up_identity	highly_stable_up
SU_236	100	1	0	0	up	1	0	highly_stable	stable_up_identity	highly_stable_up
SU_237	100	1	0	0	up	1	0	highly_stable	stable_up_identity	highly_stable_up
SU_238	100	1	0	0	up	1	0	highly_stable	stable_up_identity	highly_stable_up
SU_239	100	1	0	0	up	1	0	highly_stable	stable_up_identity	highly_stable_up
SU_24	100	1	0	0	up	1	0	highly_stable	stable_up_identity	highly_stable_up
SU_240	100	1	0	0	up	1	0	highly_stable	stable_up_identity	highly_stable_up
SU_241	100	1	0	0	up	1	0	highly_stable	stable_up_identity	highly_stable_up
SU_242	100	1	0	0	up	1	0	highly_stable	stable_up_identity	highly_stable_up
SU_243	100	1	0	0	up	1	0	highly_stable	stable_up_identity	highly_stable_up
SU_244	100	1	0	0	up	1	0	highly_stable	stable_up_identity	highly_stable_up
SU_245	100	1	0	0	up	1	0	highly_stable	stable_up_identity	highly_stable_up
SU_246	100	1	0	0	up	1	0	highly_stable	stable_up_identity	highly_stable_up
SU_247	100	1	0	0	up	1	0	highly_stable	stable_up_identity	highly_stable_up
SU_248	100	1	0	0	up	1	0	highly_stable	stable_up_identity	highly_stable_up
SU_249	100	1	0	0	up	1	0	highly_stable	stable_up_identity	highly_stable_up
SU_25	100	1	0	0	up	1	0	highly_stable	stable_up_identity	highly_stable_up
SU_250	100	1	0	0	up	1	0	highly_stable	stable_up_identity	highly_stable_up
SU_251	100	1	0	0	up	1	0	highly_stable	stable_up_identity	highly_stable_up
SU_252	100	1	0	0	up	1	0	highly_stable	stable_up_identity	highly_stable_up
SU_253	100	1	0	0	up	1	0	highly_stable	stable_up_identity	highly_stable_up
SU_254	100	1	0	0	up	1	0	highly_stable	stable_up_identity	highly_stable_up
SU_255	100	1	0	0	up	1	0	highly_stable	stable_up_identity	highly_stable_up
SU_256	100	1	0	0	up	1	0	highly_stable	stable_up_identity	highly_stable_up
SU_257	100	1	0	0	up	1	0	highly_stable	stable_up_identity	highly_stable_up
SU_258	100	1	0	0	up	1	0	highly_stable	stable_up_identity	highly_stable_up
SU_259	100	1	0	0	up	1	0	highly_stable	stable_up_identity	highly_stable_up
SU_26	100	1	0	0	up	1	0	highly_stable	stable_up_identity	highly_stable_up
SU_260	100	1	0	0	up	1	0	highly_stable	stable_up_identity	highly_stable_up
SU_261	100	1	0	0	up	1	0	highly_stable	stable_up_identity	highly_stable_up
SU_262	100	1	0	0	up	1	0	highly_stable	stable_up_identity	highly_stable_up
SU_263	100	1	0	0	up	1	0	highly_stable	stable_up_identity	highly_stable_up
SU_264	100	1	0	0	up	1	0	highly_stable	stable_up_identity	highly_stable_up
SU_265	100	1	0	0	up	1	0	highly_stable	stable_up_identity	highly_stable_up
SU_266	100	1	0	0	up	1	0	highly_stable	stable_up_identity	highly_stable_up
SU_267	100	1	0	0	up	1	0	highly_stable	stable_up_identity	highly_stable_up
SU_268	100	1	0	0	up	1	0	highly_stable	stable_up_identity	highly_stable_up
SU_269	100	1	0	0	up	1	0	highly_stable	stable_up_identity	highly_stable_up
SU_27	100	1	0	0	up	1	0	highly_stable	stable_up_identity	highly_stable_up
SU_270	100	1	0	0	up	1	0	highly_stable	stable_up_identity	highly_stable_up
SU_271	100	1	0	0	up	1	0	highly_stable	stable_up_identity	highly_stable_up
SU_272	100	1	0	0	up	1	0	highly_stable	stable_up_identity	highly_stable_up
SU_273	100	1	0	0	up	1	0	highly_stable	stable_up_identity	highly_stable_up
SU_274	100	1	0	0	up	1	0	highly_stable	stable_up_identity	highly_stable_up
SU_275	100	1	0	0	up	1	0	highly_stable	stable_up_identity	highly_stable_up
SU_276	100	1	0	0	up	1	0	highly_stable	stable_up_identity	highly_stable_up
SU_277	100	1	0	0	up	1	0	highly_stable	stable_up_identity	highly_stable_up
SU_278	100	1	0	0	up	1	0	highly_stable	stable_up_identity	highly_stable_up
SU_279	100	1	0	0	up	1	0	highly_stable	stable_up_identity	highly_stable_up
SU_28	100	1	0	0	up	1	0	highly_stable	stable_up_identity	highly_stable_up
SU_280	100	1	0	0	up	1	0	highly_stable	stable_up_identity	highly_stable_up
SU_281	100	1	0	0	up	1	0	highly_stable	stable_up_identity	highly_stable_up
SU_282	100	1	0	0	up	1	0	highly_stable	stable_up_identity	highly_stable_up
SU_283	100	1	0	0	up	1	0	highly_stable	stable_up_identity	highly_stable_up
SU_284	100	1	0	0	up	1	0	highly_stable	stable_up_identity	highly_stable_up
SU_285	100	1	0	0	up	1	0	highly_stable	stable_up_identity	highly_stable_up
SU_286	100	1	0	0	up	1	0	highly_stable	stable_up_identity	highly_stable_up
SU_287	100	1	0	0	up	1	0	highly_stable	stable_up_identity	highly_stable_up
SU_288	100	1	0	0	up	1	0	highly_stable	stable_up_identity	highly_stable_up
SU_289	100	1	0	0	up	1	0	highly_stable	stable_up_identity	highly_stable_up
SU_29	100	1	0	0	up	1	0	highly_stable	stable_up_identity	highly_stable_up
SU_290	100	1	0	0	up	1	0	highly_stable	stable_up_identity	highly_stable_up
SU_291	100	1	0	0	up	1	0	highly_stable	stable_up_identity	highly_stable_up
SU_292	100	1	0	0	up	1	0	highly_stable	stable_up_identity	highly_stable_up
SU_293	100	1	0	0	up	1	0	highly_stable	stable_up_identity	highly_stable_up
SU_294	100	1	0	0	up	1	0	highly_stable	stable_up_identity	highly_stable_up
SU_295	100	1	0	0	up	1	0	highly_stable	stable_up_identity	highly_stable_up
SU_296	100	1	0	0	up	1	0	highly_stable	stable_up_identity	highly_stable_up
SU_297	100	1	0	0	up	1	0	highly_stable	stable_up_identity	highly_stable_up
SU_298	100	1	0	0	up	1	0	highly_stable	stable_up_identity	highly_stable_up
SU_299	100	1	0	0	up	1	0	highly_stable	stable_up_identity	highly_stable_up
SU_3	100	1	0	0	up	1	0	highly_stable	stable_up_identity	highly_stable_up
SU_30	100	1	0	0	up	1	0	highly_stable	stable_up_identity	highly_stable_up
SU_300	100	1	0	0	up	1	0	highly_stable	stable_up_identity	highly_stable_up
SU_301	100	1	0	0	up	1	0	highly_stable	stable_up_identity	highly_stable_up
SU_302	100	1	0	0	up	1	0	highly_stable	stable_up_identity	highly_stable_up
SU_303	100	1	0	0	up	1	0	highly_stable	stable_up_identity	highly_stable_up
SU_304	100	1	0	0	up	1	0	highly_stable	stable_up_identity	highly_stable_up
SU_305	100	1	0	0	up	1	0	highly_stable	stable_up_identity	highly_stable_up
SU_306	100	1	0	0	up	1	0	highly_stable	stable_up_identity	highly_stable_up
SU_307	100	1	0	0	up	1	0	highly_stable	stable_up_identity	highly_stable_up
SU_308	100	1	0	0	up	1	0	highly_stable	stable_up_identity	highly_stable_up
SU_309	100	1	0	0	up	1	0	highly_stable	stable_up_identity	highly_stable_up
SU_31	100	1	0	0	up	1	0	highly_stable	stable_up_identity	highly_stable_up
SU_310	100	1	0	0	up	1	0	highly_stable	stable_up_identity	highly_stable_up
SU_311	100	1	0	0	up	1	0	highly_stable	stable_up_identity	highly_stable_up
SU_312	100	1	0	0	up	1	0	highly_stable	stable_up_identity	highly_stable_up
SU_313	100	1	0	0	up	1	0	highly_stable	stable_up_identity	highly_stable_up
SU_314	100	1	0	0	up	1	0	highly_stable	stable_up_identity	highly_stable_up
SU_315	100	1	0	0	up	1	0	highly_stable	stable_up_identity	highly_stable_up
SU_316	100	1	0	0	up	1	0	highly_stable	stable_up_identity	highly_stable_up
SU_317	100	1	0	0	up	1	0	highly_stable	stable_up_identity	highly_stable_up
SU_318	100	1	0	0	up	1	0	highly_stable	stable_up_identity	highly_stable_up
SU_319	100	1	0	0	up	1	0	highly_stable	stable_up_identity	highly_stable_up
SU_32	100	1	0	0	up	1	0	highly_stable	stable_up_identity	highly_stable_up
SU_320	100	1	0	0	up	1	0	highly_stable	stable_up_identity	highly_stable_up
SU_321	100	1	0	0	up	1	0	highly_stable	stable_up_identity	highly_stable_up
SU_322	100	1	0	0	up	1	0	highly_stable	stable_up_identity	highly_stable_up
SU_323	100	1	0	0	up	1	0	highly_stable	stable_up_identity	highly_stable_up
SU_324	100	1	0	0	up	1	0	highly_stable	stable_up_identity	highly_stable_up
SU_325	100	1	0	0	up	1	0	highly_stable	stable_up_identity	highly_stable_up
SU_326	100	1	0	0	up	1	0	highly_stable	stable_up_identity	highly_stable_up
SU_327	100	1	0	0	up	1	0	highly_stable	stable_up_identity	highly_stable_up
SU_328	100	1	0	0	up	1	0	highly_stable	stable_up_identity	highly_stable_up
SU_329	100	1	0	0	up	1	0	highly_stable	stable_up_identity	highly_stable_up
SU_33	100	1	0	0	up	1	0	highly_stable	stable_up_identity	highly_stable_up
SU_330	100	1	0	0	up	1	0	highly_stable	stable_up_identity	highly_stable_up
SU_331	100	1	0	0	up	1	0	highly_stable	stable_up_identity	highly_stable_up
SU_332	100	1	0	0	up	1	0	highly_stable	stable_up_identity	highly_stable_up
SU_333	100	1	0	0	up	1	0	highly_stable	stable_up_identity	highly_stable_up
SU_334	100	1	0	0	up	1	0	highly_stable	stable_up_identity	highly_stable_up
SU_335	100	1	0	0	up	1	0	highly_stable	stable_up_identity	highly_stable_up
SU_336	100	1	0	0	up	1	0	highly_stable	stable_up_identity	highly_stable_up
SU_337	100	1	0	0	up	1	0	highly_stable	stable_up_identity	highly_stable_up
SU_338	100	1	0	0	up	1	0	highly_stable	stable_up_identity	highly_stable_up
SU_339	100	1	0	0	up	1	0	highly_stable	stable_up_identity	highly_stable_up
SU_34	100	1	0	0	up	1	0	highly_stable	stable_up_identity	highly_stable_up
SU_340	100	1	0	0	up	1	0	highly_stable	stable_up_identity	highly_stable_up
SU_341	100	1	0	0	up	1	0	highly_stable	stable_up_identity	highly_stable_up
SU_342	100	1	0	0	up	1	0	highly_stable	stable_up_identity	highly_stable_up
SU_343	100	1	0	0	up	1	0	highly_stable	stable_up_identity	highly_stable_up
SU_344	100	1	0	0	up	1	0	highly_stable	stable_up_identity	highly_stable_up
SU_345	100	1	0	0	up	1	0	highly_stable	stable_up_identity	highly_stable_up
SU_346	100	1	0	0	up	1	0	highly_stable	stable_up_identity	highly_stable_up
SU_347	100	1	0	0	up	1	0	highly_stable	stable_up_identity	highly_stable_up
SU_348	100	1	0	0	up	1	0	highly_stable	stable_up_identity	highly_stable_up
SU_349	100	1	0	0	up	1	0	highly_stable	stable_up_identity	highly_stable_up
SU_35	100	1	0	0	up	1	0	highly_stable	stable_up_identity	highly_stable_up
SU_350	100	1	0	0	up	1	0	highly_stable	stable_up_identity	highly_stable_up
SU_351	100	1	0	0	up	1	0	highly_stable	stable_up_identity	highly_stable_up
SU_352	100	1	0	0	up	1	0	highly_stable	stable_up_identity	highly_stable_up
SU_353	100	1	0	0	up	1	0	highly_stable	stable_up_identity	highly_stable_up
SU_354	100	1	0	0	up	1	0	highly_stable	stable_up_identity	highly_stable_up
SU_355	100	1	0	0	up	1	0	highly_stable	stable_up_identity	highly_stable_up
SU_356	100	1	0	0	up	1	0	highly_stable	stable_up_identity	highly_stable_up
SU_357	100	1	0	0	up	1	0	highly_stable	stable_up_identity	highly_stable_up
SU_358	100	1	0	0	up	1	0	highly_stable	stable_up_identity	highly_stable_up
SU_359	100	1	0	0	up	1	0	highly_stable	stable_up_identity	highly_stable_up
SU_36	100	1	0	0	up	1	0	highly_stable	stable_up_identity	highly_stable_up
SU_360	100	1	0	0	up	1	0	highly_stable	stable_up_identity	highly_stable_up
SU_361	100	1	0	0	up	1	0	highly_stable	stable_up_identity	highly_stable_up
SU_362	100	1	0	0	up	1	0	highly_stable	stable_up_identity	highly_stable_up
SU_363	100	1	0	0	up	1	0	highly_stable	stable_up_identity	highly_stable_up
SU_364	100	1	0	0	up	1	0	highly_stable	stable_up_identity	highly_stable_up
SU_365	100	1	0	0	up	1	0	highly_stable	stable_up_identity	highly_stable_up
SU_366	100	1	0	0	up	1	0	highly_stable	stable_up_identity	highly_stable_up
SU_367	100	1	0	0	up	1	0	highly_stable	stable_up_identity	highly_stable_up
SU_368	100	1	0	0	up	1	0	highly_stable	stable_up_identity	highly_stable_up
SU_369	100	1	0	0	up	1	0	highly_stable	stable_up_identity	highly_stable_up
SU_37	100	1	0	0	up	1	0	highly_stable	stable_up_identity	highly_stable_up
SU_370	100	1	0	0	up	1	0	highly_stable	stable_up_identity	highly_stable_up
SU_371	100	1	0	0	up	1	0	highly_stable	stable_up_identity	highly_stable_up
SU_372	100	1	0	0	up	1	0	highly_stable	stable_up_identity	highly_stable_up
SU_373	100	1	0	0	up	1	0	highly_stable	stable_up_identity	highly_stable_up
SU_374	100	1	0	0	up	1	0	highly_stable	stable_up_identity	highly_stable_up
SU_375	100	1	0	0	up	1	0	highly_stable	stable_up_identity	highly_stable_up
SU_376	100	1	0	0	up	1	0	highly_stable	stable_up_identity	highly_stable_up
SU_377	100	1	0	0	up	1	0	highly_stable	stable_up_identity	highly_stable_up
SU_378	100	1	0	0	up	1	0	highly_stable	stable_up_identity	highly_stable_up
SU_379	100	1	0	0	up	1	0	highly_stable	stable_up_identity	highly_stable_up
SU_38	100	1	0	0	up	1	0	highly_stable	stable_up_identity	highly_stable_up
SU_380	100	1	0	0	up	1	0	highly_stable	stable_up_identity	highly_stable_up
SU_381	100	1	0	0	up	1	0	highly_stable	stable_up_identity	highly_stable_up
SU_382	100	1	0	0	up	1	0	highly_stable	stable_up_identity	highly_stable_up
SU_383	100	1	0	0	up	1	0	highly_stable	stable_up_identity	highly_stable_up
SU_384	100	1	0	0	up	1	0	highly_stable	stable_up_identity	highly_stable_up
SU_385	100	1	0	0	up	1	0	highly_stable	stable_up_identity	highly_stable_up
SU_386	100	1	0	0	up	1	0	highly_stable	stable_up_identity	highly_stable_up
SU_387	100	1	0	0	up	1	0	highly_stable	stable_up_identity	highly_stable_up
SU_388	100	1	0	0	up	1	0	highly_stable	stable_up_identity	highly_stable_up
SU_389	100	1	0	0	up	1	0	highly_stable	stable_up_identity	highly_stable_up
SU_39	100	1	0	0	up	1	0	highly_stable	stable_up_identity	highly_stable_up
SU_390	100	1	0	0	up	1	0	highly_stable	stable_up_identity	highly_stable_up
SU_391	100	1	0	0	up	1	0	highly_stable	stable_up_identity	highly_stable_up
SU_392	100	1	0	0	up	1	0	highly_stable	stable_up_identity	highly_stable_up
SU_393	100	1	0	0	up	1	0	highly_stable	stable_up_identity	highly_stable_up
SU_394	100	1	0	0	up	1	0	highly_stable	stable_up_identity	highly_stable_up
SU_395	100	1	0	0	up	1	0	highly_stable	stable_up_identity	highly_stable_up
SU_396	100	1	0	0	up	1	0	highly_stable	stable_up_identity	highly_stable_up
SU_397	100	1	0	0	up	1	0	highly_stable	stable_up_identity	highly_stable_up
SU_398	100	1	0	0	up	1	0	highly_stable	stable_up_identity	highly_stable_up
SU_399	100	1	0	0	up	1	0	highly_stable	stable_up_identity	highly_stable_up
SU_4	100	1	0	0	up	1	0	highly_stable	stable_up_identity	highly_stable_up
SU_40	100	1	0	0	up	1	0	highly_stable	stable_up_identity	highly_stable_up
SU_400	100	1	0	0	up	1	0	highly_stable	stable_up_identity	highly_stable_up
SU_401	100	1	0	0	up	1	0	highly_stable	stable_up_identity	highly_stable_up
SU_402	100	1	0	0	up	1	0	highly_stable	stable_up_identity	highly_stable_up
SU_403	100	1	0	0	up	1	0	highly_stable	stable_up_identity	highly_stable_up
SU_404	100	1	0	0	up	1	0	highly_stable	stable_up_identity	highly_stable_up
SU_405	100	1	0	0	up	1	0	highly_stable	stable_up_identity	highly_stable_up
SU_406	100	1	0	0	up	1	0	highly_stable	stable_up_identity	highly_stable_up
SU_407	100	1	0	0	up	1	0	highly_stable	stable_up_identity	highly_stable_up
SU_408	100	1	0	0	up	1	0	highly_stable	stable_up_identity	highly_stable_up
SU_409	100	1	0	0	up	1	0	highly_stable	stable_up_identity	highly_stable_up
SU_41	100	1	0	0	up	1	0	highly_stable	stable_up_identity	highly_stable_up
SU_410	100	1	0	0	up	1	0	highly_stable	stable_up_identity	highly_stable_up
SU_411	100	1	0	0	up	1	0	highly_stable	stable_up_identity	highly_stable_up
SU_412	100	1	0	0	up	1	0	highly_stable	stable_up_identity	highly_stable_up
SU_413	100	1	0	0	up	1	0	highly_stable	stable_up_identity	highly_stable_up
SU_414	100	1	0	0	up	1	0	highly_stable	stable_up_identity	highly_stable_up
SU_415	100	1	0	0	up	1	0	highly_stable	stable_up_identity	highly_stable_up
SU_416	100	1	0	0	up	1	0	highly_stable	stable_up_identity	highly_stable_up
SU_417	100	1	0	0	up	1	0	highly_stable	stable_up_identity	highly_stable_up
SU_418	100	1	0	0	up	1	0	highly_stable	stable_up_identity	highly_stable_up
SU_419	100	1	0	0	up	1	0	highly_stable	stable_up_identity	highly_stable_up
SU_42	100	1	0	0	up	1	0	highly_stable	stable_up_identity	highly_stable_up
SU_420	100	1	0	0	up	1	0	highly_stable	stable_up_identity	highly_stable_up
SU_421	100	1	0	0	up	1	0	highly_stable	stable_up_identity	highly_stable_up
SU_422	100	1	0	0	up	1	0	highly_stable	stable_up_identity	highly_stable_up
SU_423	100	1	0	0	up	1	0	highly_stable	stable_up_identity	highly_stable_up
SU_424	100	1	0	0	up	1	0	highly_stable	stable_up_identity	highly_stable_up
SU_425	100	1	0	0	up	1	0	highly_stable	stable_up_identity	highly_stable_up
SU_426	100	1	0	0	up	1	0	highly_stable	stable_up_identity	highly_stable_up
SU_427	100	1	0	0	up	1	0	highly_stable	stable_up_identity	highly_stable_up
SU_428	100	1	0	0	up	1	0	highly_stable	stable_up_identity	highly_stable_up
SU_429	100	1	0	0	up	1	0	highly_stable	stable_up_identity	highly_stable_up
SU_43	100	1	0	0	up	1	0	highly_stable	stable_up_identity	highly_stable_up
SU_430	100	1	0	0	up	1	0	highly_stable	stable_up_identity	highly_stable_up
SU_431	100	1	0	0	up	1	0	highly_stable	stable_up_identity	highly_stable_up
SU_432	100	1	0	0	up	1	0	highly_stable	stable_up_identity	highly_stable_up
SU_433	100	1	0	0	up	1	0	highly_stable	stable_up_identity	highly_stable_up
SU_434	100	1	0	0	up	1	0	highly_stable	stable_up_identity	highly_stable_up
SU_435	100	1	0	0	up	1	0	highly_stable	stable_up_identity	highly_stable_up
SU_436	100	1	0	0	up	1	0	highly_stable	stable_up_identity	highly_stable_up
SU_437	100	1	0	0	up	1	0	highly_stable	stable_up_identity	highly_stable_up
SU_438	100	1	0	0	up	1	0	highly_stable	stable_up_identity	highly_stable_up
SU_439	100	1	0	0	up	1	0	highly_stable	stable_up_identity	highly_stable_up
SU_44	100	1	0	0	up	1	0	highly_stable	stable_up_identity	highly_stable_up
SU_440	100	1	0	0	up	1	0	highly_stable	stable_up_identity	highly_stable_up
SU_441	100	1	0	0	up	1	0	highly_stable	stable_up_identity	highly_stable_up
SU_442	100	1	0	0	up	1	0	highly_stable	stable_up_identity	highly_stable_up
SU_443	100	1	0	0	up	1	0	highly_stable	stable_up_identity	highly_stable_up
SU_444	100	1	0	0	up	1	0	highly_stable	stable_up_identity	highly_stable_up
SU_445	100	1	0	0	up	1	0	highly_stable	stable_up_identity	highly_stable_up
SU_446	100	1	0	0	up	1	0	highly_stable	stable_up_identity	highly_stable_up
SU_447	100	1	0	0	up	1	0	highly_stable	stable_up_identity	highly_stable_up
SU_448	100	1	0	0	up	1	0	highly_stable	stable_up_identity	highly_stable_up
SU_449	100	1	0	0	up	1	0	highly_stable	stable_up_identity	highly_stable_up
SU_45	100	1	0	0	up	1	0	highly_stable	stable_up_identity	highly_stable_up
SU_450	100	1	0	0	up	1	0	highly_stable	stable_up_identity	highly_stable_up
SU_451	100	1	0	0	up	1	0	highly_stable	stable_up_identity	highly_stable_up
SU_452	100	1	0	0	up	1	0	highly_stable	stable_up_identity	highly_stable_up
SU_453	100	1	0	0	up	1	0	highly_stable	stable_up_identity	highly_stable_up
SU_454	100	1	0	0	up	1	0	highly_stable	stable_up_identity	highly_stable_up
SU_455	100	1	0	0	up	1	0	highly_stable	stable_up_identity	highly_stable_up
SU_456	100	1	0	0	up	1	0	highly_stable	stable_up_identity	highly_stable_up
SU_457	100	1	0	0	up	1	0	highly_stable	stable_up_identity	highly_stable_up
SU_458	100	1	0	0	up	1	0	highly_stable	stable_up_identity	highly_stable_up
SU_459	100	1	0	0	up	1	0	highly_stable	stable_up_identity	highly_stable_up
SU_46	100	1	0	0	up	1	0	highly_stable	stable_up_identity	highly_stable_up
SU_460	100	1	0	0	up	1	0	highly_stable	stable_up_identity	highly_stable_up
SU_461	100	1	0	0	up	1	0	highly_stable	stable_up_identity	highly_stable_up
SU_462	100	1	0	0	up	1	0	highly_stable	stable_up_identity	highly_stable_up
SU_463	100	1	0	0	up	1	0	highly_stable	stable_up_identity	highly_stable_up
SU_464	100	1	0	0	up	1	0	highly_stable	stable_up_identity	highly_stable_up
SU_465	100	1	0	0	up	1	0	highly_stable	stable_up_identity	highly_stable_up
SU_466	100	1	0	0	up	1	0	highly_stable	stable_up_identity	highly_stable_up
SU_467	100	1	0	0	up	1	0	highly_stable	stable_up_identity	highly_stable_up
SU_468	100	1	0	0	up	1	0	highly_stable	stable_up_identity	highly_stable_up
SU_469	100	1	0	0	up	1	0	highly_stable	stable_up_identity	highly_stable_up
SU_47	100	1	0	0	up	1	0	highly_stable	stable_up_identity	highly_stable_up
SU_470	100	1	0	0	up	1	0	highly_stable	stable_up_identity	highly_stable_up
SU_471	100	1	0	0	up	1	0	highly_stable	stable_up_identity	highly_stable_up
SU_472	100	1	0	0	up	1	0	highly_stable	stable_up_identity	highly_stable_up
SU_473	100	1	0	0	up	1	0	highly_stable	stable_up_identity	highly_stable_up
SU_474	100	1	0	0	up	1	0	highly_stable	stable_up_identity	highly_stable_up
SU_475	100	1	0	0	up	1	0	highly_stable	stable_up_identity	highly_stable_up
SU_476	100	1	0	0	up	1	0	highly_stable	stable_up_identity	highly_stable_up
SU_477	100	1	0	0	up	1	0	highly_stable	stable_up_identity	highly_stable_up
SU_478	100	1	0	0	up	1	0	highly_stable	stable_up_identity	highly_stable_up
SU_479	100	1	0	0	up	1	0	highly_stable	stable_up_identity	highly_stable_up
SU_48	100	1	0	0	up	1	0	highly_stable	stable_up_identity	highly_stable_up
SU_480	100	1	0	0	up	1	0	highly_stable	stable_up_identity	highly_stable_up
SU_481	100	1	0	0	up	1	0	highly_stable	stable_up_identity	highly_stable_up
SU_482	100	1	0	0	up	1	0	highly_stable	stable_up_identity	highly_stable_up
SU_483	100	1	0	0	up	1	0	highly_stable	stable_up_identity	highly_stable_up
SU_484	100	1	0	0	up	1	0	highly_stable	stable_up_identity	highly_stable_up
SU_485	100	1	0	0	up	1	0	highly_stable	stable_up_identity	highly_stable_up
SU_486	100	1	0	0	up	1	0	highly_stable	stable_up_identity	highly_stable_up
SU_487	100	1	0	0	up	1	0	highly_stable	stable_up_identity	highly_stable_up
SU_488	100	1	0	0	up	1	0	highly_stable	stable_up_identity	highly_stable_up
SU_489	100	1	0	0	up	1	0	highly_stable	stable_up_identity	highly_stable_up
SU_49	100	1	0	0	up	1	0	highly_stable	stable_up_identity	highly_stable_up
SU_490	100	1	0	0	up	1	0	highly_stable	stable_up_identity	highly_stable_up
SU_491	100	1	0	0	up	1	0	highly_stable	stable_up_identity	highly_stable_up
SU_492	100	1	0	0	up	1	0	highly_stable	stable_up_identity	highly_stable_up
SU_493	100	1	0	0	up	1	0	highly_stable	stable_up_identity	highly_stable_up
SU_494	100	1	0	0	up	1	0	highly_stable	stable_up_identity	highly_stable_up
SU_495	100	1	0	0	up	1	0	highly_stable	stable_up_identity	highly_stable_up
SU_496	100	1	0	0	up	1	0	highly_stable	stable_up_identity	highly_stable_up
SU_497	100	1	0	0	up	1	0	highly_stable	stable_up_identity	highly_stable_up
SU_498	100	1	0	0	up	1	0	highly_stable	stable_up_identity	highly_stable_up
SU_499	100	1	0	0	up	1	0	highly_stable	stable_up_identity	highly_stable_up
SU_5	100	1	0	0	up	1	0	highly_stable	stable_up_identity	highly_stable_up
SU_50	100	1	0	0	up	1	0	highly_stable	stable_up_identity	highly_stable_up
SU_500	100	1	0	0	up	1	0	highly_stable	stable_up_identity	highly_stable_up
SU_501	100	1	0	0	up	1	0	highly_stable	stable_up_identity	highly_stable_up
SU_502	100	1	0	0	up	1	0	highly_stable	stable_up_identity	highly_stable_up
SU_503	100	1	0	0	up	1	0	highly_stable	stable_up_identity	highly_stable_up
SU_504	100	1	0	0	up	1	0	highly_stable	stable_up_identity	highly_stable_up
SU_505	100	1	0	0	up	1	0	highly_stable	stable_up_identity	highly_stable_up
SU_506	100	1	0	0	up	1	0	highly_stable	stable_up_identity	highly_stable_up
SU_507	100	1	0	0	up	1	0	highly_stable	stable_up_identity	highly_stable_up
SU_508	100	1	0	0	up	1	0	highly_stable	stable_up_identity	highly_stable_up
SU_509	100	1	0	0	up	1	0	highly_stable	stable_up_identity	highly_stable_up
SU_51	100	1	0	0	up	1	0	highly_stable	stable_up_identity	highly_stable_up
SU_510	100	1	0	0	up	1	0	highly_stable	stable_up_identity	highly_stable_up
SU_511	100	1	0	0	up	1	0	highly_stable	stable_up_identity	highly_stable_up
SU_512	100	1	0	0	up	1	0	highly_stable	stable_up_identity	highly_stable_up
SU_513	100	1	0	0	up	1	0	highly_stable	stable_up_identity	highly_stable_up
SU_514	100	1	0	0	up	1	0	highly_stable	stable_up_identity	highly_stable_up
SU_515	100	1	0	0	up	1	0	highly_stable	stable_up_identity	highly_stable_up
SU_516	100	1	0	0	up	1	0	highly_stable	stable_up_identity	highly_stable_up
SU_517	100	1	0	0	up	1	0	highly_stable	stable_up_identity	highly_stable_up
SU_518	100	1	0	0	up	1	0	highly_stable	stable_up_identity	highly_stable_up
SU_519	100	1	0	0	up	1	0	highly_stable	stable_up_identity	highly_stable_up
SU_52	100	1	0	0	up	1	0	highly_stable	stable_up_identity	highly_stable_up
SU_520	100	1	0	0	up	1	0	highly_stable	stable_up_identity	highly_stable_up
SU_521	100	1	0	0	up	1	0	highly_stable	stable_up_identity	highly_stable_up
SU_522	100	1	0	0	up	1	0	highly_stable	stable_up_identity	highly_stable_up
SU_523	100	1	0	0	up	1	0	highly_stable	stable_up_identity	highly_stable_up
SU_524	100	1	0	0	up	1	0	highly_stable	stable_up_identity	highly_stable_up
SU_525	100	1	0	0	up	1	0	highly_stable	stable_up_identity	highly_stable_up
SU_526	100	1	0	0	up	1	0	highly_stable	stable_up_identity	highly_stable_up
SU_527	100	1	0	0	up	1	0	highly_stable	stable_up_identity	highly_stable_up
SU_528	100	1	0	0	up	1	0	highly_stable	stable_up_identity	highly_stable_up
SU_529	100	1	0	0	up	1	0	highly_stable	stable_up_identity	highly_stable_up
SU_53	100	1	0	0	up	1	0	highly_stable	stable_up_identity	highly_stable_up
SU_530	100	1	0	0	up	1	0	highly_stable	stable_up_identity	highly_stable_up
SU_531	100	1	0	0	up	1	0	highly_stable	stable_up_identity	highly_stable_up
SU_532	100	1	0	0	up	1	0	highly_stable	stable_up_identity	highly_stable_up
SU_533	100	1	0	0	up	1	0	highly_stable	stable_up_identity	highly_stable_up
SU_534	100	1	0	0	up	1	0	highly_stable	stable_up_identity	highly_stable_up
SU_535	100	1	0	0	up	1	0	highly_stable	stable_up_identity	highly_stable_up
SU_536	100	1	0	0	up	1	0	highly_stable	stable_up_identity	highly_stable_up
SU_537	100	1	0	0	up	1	0	highly_stable	stable_up_identity	highly_stable_up
SU_538	100	1	0	0	up	1	0	highly_stable	stable_up_identity	highly_stable_up
SU_539	100	1	0	0	up	1	0	highly_stable	stable_up_identity	highly_stable_up
SU_54	100	1	0	0	up	1	0	highly_stable	stable_up_identity	highly_stable_up
SU_540	100	1	0	0	up	1	0	highly_stable	stable_up_identity	highly_stable_up
SU_541	100	1	0	0	up	1	0	highly_stable	stable_up_identity	highly_stable_up
SU_542	100	1	0	0	up	1	0	highly_stable	stable_up_identity	highly_stable_up
SU_543	100	1	0	0	up	1	0	highly_stable	stable_up_identity	highly_stable_up
SU_544	100	1	0	0	up	1	0	highly_stable	stable_up_identity	highly_stable_up
SU_545	100	1	0	0	up	1	0	highly_stable	stable_up_identity	highly_stable_up
SU_546	100	1	0	0	up	1	0	highly_stable	stable_up_identity	highly_stable_up
SU_547	100	1	0	0	up	1	0	highly_stable	stable_up_identity	highly_stable_up
SU_548	100	1	0	0	up	1	0	highly_stable	stable_up_identity	highly_stable_up
SU_549	100	1	0	0	up	1	0	highly_stable	stable_up_identity	highly_stable_up
SU_55	100	1	0	0	up	1	0	highly_stable	stable_up_identity	highly_stable_up
SU_550	100	1	0	0	up	1	0	highly_stable	stable_up_identity	highly_stable_up
SU_551	100	1	0	0	up	1	0	highly_stable	stable_up_identity	highly_stable_up
SU_552	100	1	0	0	up	1	0	highly_stable	stable_up_identity	highly_stable_up
SU_553	100	1	0	0	up	1	0	highly_stable	stable_up_identity	highly_stable_up
SU_554	100	1	0	0	up	1	0	highly_stable	stable_up_identity	highly_stable_up
SU_555	100	1	0	0	up	1	0	highly_stable	stable_up_identity	highly_stable_up
SU_556	100	1	0	0	up	1	0	highly_stable	stable_up_identity	highly_stable_up
SU_557	100	1	0	0	up	1	0	highly_stable	stable_up_identity	highly_stable_up
SU_558	100	1	0	0	up	1	0	highly_stable	stable_up_identity	highly_stable_up
SU_559	100	1	0	0	up	1	0	highly_stable	stable_up_identity	highly_stable_up
SU_56	100	1	0	0	up	1	0	highly_stable	stable_up_identity	highly_stable_up
SU_560	100	1	0	0	up	1	0	highly_stable	stable_up_identity	highly_stable_up
SU_561	100	1	0	0	up	1	0	highly_stable	stable_up_identity	highly_stable_up
SU_562	100	1	0	0	up	1	0	highly_stable	stable_up_identity	highly_stable_up
SU_563	100	1	0	0	up	1	0	highly_stable	stable_up_identity	highly_stable_up
SU_564	100	1	0	0	up	1	0	highly_stable	stable_up_identity	highly_stable_up
SU_565	100	1	0	0	up	1	0	highly_stable	stable_up_identity	highly_stable_up
SU_566	100	1	0	0	up	1	0	highly_stable	stable_up_identity	highly_stable_up
SU_567	100	1	0	0	up	1	0	highly_stable	stable_up_identity	highly_stable_up
SU_568	100	1	0	0	up	1	0	highly_stable	stable_up_identity	highly_stable_up
SU_569	100	1	0	0	up	1	0	highly_stable	stable_up_identity	highly_stable_up
SU_57	100	1	0	0	up	1	0	highly_stable	stable_up_identity	highly_stable_up
SU_570	100	1	0	0	up	1	0	highly_stable	stable_up_identity	highly_stable_up
SU_571	100	1	0	0	up	1	0	highly_stable	stable_up_identity	highly_stable_up
SU_572	100	1	0	0	up	1	0	highly_stable	stable_up_identity	highly_stable_up
SU_573	100	1	0	0	up	1	0	highly_stable	stable_up_identity	highly_stable_up
SU_574	100	1	0	0	up	1	0	highly_stable	stable_up_identity	highly_stable_up
SU_575	100	1	0	0	up	1	0	highly_stable	stable_up_identity	highly_stable_up
SU_576	100	1	0	0	up	1	0	highly_stable	stable_up_identity	highly_stable_up
SU_577	100	1	0	0	up	1	0	highly_stable	stable_up_identity	highly_stable_up
SU_578	100	1	0	0	up	1	0	highly_stable	stable_up_identity	highly_stable_up
SU_579	100	1	0	0	up	1	0	highly_stable	stable_up_identity	highly_stable_up
SU_58	100	1	0	0	up	1	0	highly_stable	stable_up_identity	highly_stable_up
SU_580	100	1	0	0	up	1	0	highly_stable	stable_up_identity	highly_stable_up
SU_581	100	1	0	0	up	1	0	highly_stable	stable_up_identity	highly_stable_up
SU_582	100	1	0	0	up	1	0	highly_stable	stable_up_identity	highly_stable_up
SU_583	100	1	0	0	up	1	0	highly_stable	stable_up_identity	highly_stable_up
SU_584	100	1	0	0	up	1	0	highly_stable	stable_up_identity	highly_stable_up
SU_585	100	1	0	0	up	1	0	highly_stable	stable_up_identity	highly_stable_up
SU_586	100	1	0	0	up	1	0	highly_stable	stable_up_identity	highly_stable_up
SU_587	100	1	0	0	up	1	0	highly_stable	stable_up_identity	highly_stable_up
SU_588	100	1	0	0	up	1	0	highly_stable	stable_up_identity	highly_stable_up
SU_589	100	1	0	0	up	1	0	highly_stable	stable_up_identity	highly_stable_up
SU_59	100	1	0	0	up	1	0	highly_stable	stable_up_identity	highly_stable_up
SU_590	100	1	0	0	up	1	0	highly_stable	stable_up_identity	highly_stable_up
SU_591	100	1	0	0	up	1	0	highly_stable	stable_up_identity	highly_stable_up
SU_592	100	1	0	0	up	1	0	highly_stable	stable_up_identity	highly_stable_up
SU_593	100	1	0	0	up	1	0	highly_stable	stable_up_identity	highly_stable_up
SU_594	100	1	0	0	up	1	0	highly_stable	stable_up_identity	highly_stable_up
SU_595	100	1	0	0	up	1	0	highly_stable	stable_up_identity	highly_stable_up
SU_596	100	1	0	0	up	1	0	highly_stable	stable_up_identity	highly_stable_up
SU_597	100	1	0	0	up	1	0	highly_stable	stable_up_identity	highly_stable_up
SU_598	100	1	0	0	up	1	0	highly_stable	stable_up_identity	highly_stable_up
SU_599	100	1	0	0	up	1	0	highly_stable	stable_up_identity	highly_stable_up
SU_6	100	1	0	0	up	1	0	highly_stable	stable_up_identity	highly_stable_up
SU_60	100	1	0	0	up	1	0	highly_stable	stable_up_identity	highly_stable_up
SU_600	100	1	0	0	up	1	0	highly_stable	stable_up_identity	highly_stable_up
SU_601	100	1	0	0	up	1	0	highly_stable	stable_up_identity	highly_stable_up
SU_602	100	1	0	0	up	1	0	highly_stable	stable_up_identity	highly_stable_up
SU_603	100	1	0	0	up	1	0	highly_stable	stable_up_identity	highly_stable_up
SU_604	100	1	0	0	up	1	0	highly_stable	stable_up_identity	highly_stable_up
SU_605	100	1	0	0	up	1	0	highly_stable	stable_up_identity	highly_stable_up
SU_606	100	1	0	0	up	1	0	highly_stable	stable_up_identity	highly_stable_up
SU_607	100	1	0	0	up	1	0	highly_stable	stable_up_identity	highly_stable_up
SU_608	100	1	0	0	up	1	0	highly_stable	stable_up_identity	highly_stable_up
SU_609	100	1	0	0	up	1	0	highly_stable	stable_up_identity	highly_stable_up
SU_61	100	1	0	0	up	1	0	highly_stable	stable_up_identity	highly_stable_up
SU_610	100	1	0	0	up	1	0	highly_stable	stable_up_identity	highly_stable_up
SU_611	100	1	0	0	up	1	0	highly_stable	stable_up_identity	highly_stable_up
SU_612	100	1	0	0	up	1	0	highly_stable	stable_up_identity	highly_stable_up
SU_613	100	1	0	0	up	1	0	highly_stable	stable_up_identity	highly_stable_up
SU_614	100	1	0	0	up	1	0	highly_stable	stable_up_identity	highly_stable_up
SU_615	100	1	0	0	up	1	0	highly_stable	stable_up_identity	highly_stable_up
SU_616	100	1	0	0	up	1	0	highly_stable	stable_up_identity	highly_stable_up
SU_617	100	1	0	0	up	1	0	highly_stable	stable_up_identity	highly_stable_up
SU_618	100	1	0	0	up	1	0	highly_stable	stable_up_identity	highly_stable_up
SU_619	100	1	0	0	up	1	0	highly_stable	stable_up_identity	highly_stable_up
SU_62	100	1	0	0	up	1	0	highly_stable	stable_up_identity	highly_stable_up
SU_620	100	1	0	0	up	1	0	highly_stable	stable_up_identity	highly_stable_up
SU_621	100	1	0	0	up	1	0	highly_stable	stable_up_identity	highly_stable_up
SU_622	100	1	0	0	up	1	0	highly_stable	stable_up_identity	highly_stable_up
SU_623	100	1	0	0	up	1	0	highly_stable	stable_up_identity	highly_stable_up
SU_624	100	1	0	0	up	1	0	highly_stable	stable_up_identity	highly_stable_up
SU_625	100	1	0	0	up	1	0	highly_stable	stable_up_identity	highly_stable_up
SU_626	100	1	0	0	up	1	0	highly_stable	stable_up_identity	highly_stable_up
SU_627	100	1	0	0	up	1	0	highly_stable	stable_up_identity	highly_stable_up
SU_628	100	1	0	0	up	1	0	highly_stable	stable_up_identity	highly_stable_up
SU_629	100	1	0	0	up	1	0	highly_stable	stable_up_identity	highly_stable_up
SU_63	100	1	0	0	up	1	0	highly_stable	stable_up_identity	highly_stable_up
SU_630	100	1	0	0	up	1	0	highly_stable	stable_up_identity	highly_stable_up
SU_631	100	1	0	0	up	1	0	highly_stable	stable_up_identity	highly_stable_up
SU_632	100	1	0	0	up	1	0	highly_stable	stable_up_identity	highly_stable_up
SU_633	100	1	0	0	up	1	0	highly_stable	stable_up_identity	highly_stable_up
SU_634	100	1	0	0	up	1	0	highly_stable	stable_up_identity	highly_stable_up
SU_635	100	1	0	0	up	1	0	highly_stable	stable_up_identity	highly_stable_up
SU_636	100	1	0	0	up	1	0	highly_stable	stable_up_identity	highly_stable_up
SU_637	100	1	0	0	up	1	0	highly_stable	stable_up_identity	highly_stable_up
SU_638	100	1	0	0	up	1	0	highly_stable	stable_up_identity	highly_stable_up
SU_639	100	1	0	0	up	1	0	highly_stable	stable_up_identity	highly_stable_up
SU_64	100	1	0	0	up	1	0	highly_stable	stable_up_identity	highly_stable_up
SU_640	100	1	0	0	up	1	0	highly_stable	stable_up_identity	highly_stable_up
SU_641	100	1	0	0	up	1	0	highly_stable	stable_up_identity	highly_stable_up
SU_642	100	1	0	0	up	1	0	highly_stable	stable_up_identity	highly_stable_up
SU_643	100	1	0	0	up	1	0	highly_stable	stable_up_identity	highly_stable_up
SU_644	100	1	0	0	up	1	0	highly_stable	stable_up_identity	highly_stable_up
SU_645	100	1	0	0	up	1	0	highly_stable	stable_up_identity	highly_stable_up
SU_646	100	1	0	0	up	1	0	highly_stable	stable_up_identity	highly_stable_up
SU_647	100	1	0	0	up	1	0	highly_stable	stable_up_identity	highly_stable_up
SU_648	100	1	0	0	up	1	0	highly_stable	stable_up_identity	highly_stable_up
SU_649	100	1	0	0	up	1	0	highly_stable	stable_up_identity	highly_stable_up
SU_65	100	1	0	0	up	1	0	highly_stable	stable_up_identity	highly_stable_up
SU_650	100	1	0	0	up	1	0	highly_stable	stable_up_identity	highly_stable_up
SU_651	100	1	0	0	up	1	0	highly_stable	stable_up_identity	highly_stable_up
SU_652	100	1	0	0	up	1	0	highly_stable	stable_up_identity	highly_stable_up
SU_653	100	1	0	0	up	1	0	highly_stable	stable_up_identity	highly_stable_up
SU_654	100	1	0	0	up	1	0	highly_stable	stable_up_identity	highly_stable_up
SU_655	100	1	0	0	up	1	0	highly_stable	stable_up_identity	highly_stable_up
SU_656	100	1	0	0	up	1	0	highly_stable	stable_up_identity	highly_stable_up
SU_657	100	1	0	0	up	1	0	highly_stable	stable_up_identity	highly_stable_up
SU_658	100	1	0	0	up	1	0	highly_stable	stable_up_identity	highly_stable_up
SU_659	100	1	0	0	up	1	0	highly_stable	stable_up_identity	highly_stable_up
SU_66	100	1	0	0	up	1	0	highly_stable	stable_up_identity	highly_stable_up
SU_660	100	1	0	0	up	1	0	highly_stable	stable_up_identity	highly_stable_up
SU_661	100	1	0	0	up	1	0	highly_stable	stable_up_identity	highly_stable_up
SU_662	100	1	0	0	up	1	0	highly_stable	stable_up_identity	highly_stable_up
SU_663	100	1	0	0	up	1	0	highly_stable	stable_up_identity	highly_stable_up
SU_664	100	1	0	0	up	1	0	highly_stable	stable_up_identity	highly_stable_up
SU_665	100	1	0	0	up	1	0	highly_stable	stable_up_identity	highly_stable_up
SU_666	100	1	0	0	up	1	0	highly_stable	stable_up_identity	highly_stable_up
SU_667	100	1	0	0	up	1	0	highly_stable	stable_up_identity	highly_stable_up
SU_668	100	1	0	0	up	1	0	highly_stable	stable_up_identity	highly_stable_up
SU_669	100	1	0	0	up	1	0	highly_stable	stable_up_identity	highly_stable_up
SU_67	100	1	0	0	up	1	0	highly_stable	stable_up_identity	highly_stable_up
SU_670	100	1	0	0	up	1	0	highly_stable	stable_up_identity	highly_stable_up
SU_671	100	1	0	0	up	1	0	highly_stable	stable_up_identity	highly_stable_up
SU_672	100	1	0	0	up	1	0	highly_stable	stable_up_identity	highly_stable_up
SU_673	100	1	0	0	up	1	0	highly_stable	stable_up_identity	highly_stable_up
SU_674	100	1	0	0	up	1	0	highly_stable	stable_up_identity	highly_stable_up
SU_675	100	1	0	0	up	1	0	highly_stable	stable_up_identity	highly_stable_up
SU_676	100	1	0	0	up	1	0	highly_stable	stable_up_identity	highly_stable_up
SU_677	100	1	0	0	up	1	0	highly_stable	stable_up_identity	highly_stable_up
SU_678	100	1	0	0	up	1	0	highly_stable	stable_up_identity	highly_stable_up
SU_679	100	1	0	0	up	1	0	highly_stable	stable_up_identity	highly_stable_up
SU_68	100	1	0	0	up	1	0	highly_stable	stable_up_identity	highly_stable_up
SU_680	100	1	0	0	up	1	0	highly_stable	stable_up_identity	highly_stable_up
SU_681	100	1	0	0	up	1	0	highly_stable	stable_up_identity	highly_stable_up
SU_682	100	1	0	0	up	1	0	highly_stable	stable_up_identity	highly_stable_up
SU_683	100	1	0	0	up	1	0	highly_stable	stable_up_identity	highly_stable_up
SU_684	100	1	0	0	up	1	0	highly_stable	stable_up_identity	highly_stable_up
SU_685	100	1	0	0	up	1	0	highly_stable	stable_up_identity	highly_stable_up
SU_686	100	1	0	0	up	1	0	highly_stable	stable_up_identity	highly_stable_up
SU_687	100	1	0	0	up	1	0	highly_stable	stable_up_identity	highly_stable_up
SU_688	100	1	0	0	up	1	0	highly_stable	stable_up_identity	highly_stable_up
SU_689	100	1	0	0	up	1	0	highly_stable	stable_up_identity	highly_stable_up
SU_69	100	1	0	0	up	1	0	highly_stable	stable_up_identity	highly_stable_up
SU_690	100	1	0	0	up	1	0	highly_stable	stable_up_identity	highly_stable_up
SU_691	100	1	0	0	up	1	0	highly_stable	stable_up_identity	highly_stable_up
SU_692	100	1	0	0	up	1	0	highly_stable	stable_up_identity	highly_stable_up
SU_693	100	1	0	0	up	1	0	highly_stable	stable_up_identity	highly_stable_up
SU_694	100	1	0	0	up	1	0	highly_stable	stable_up_identity	highly_stable_up
SU_695	100	1	0	0	up	1	0	highly_stable	stable_up_identity	highly_stable_up
SU_696	100	1	0	0	up	1	0	highly_stable	stable_up_identity	highly_stable_up
SU_697	100	1	0	0	up	1	0	highly_stable	stable_up_identity	highly_stable_up
SU_698	100	1	0	0	up	1	0	highly_stable	stable_up_identity	highly_stable_up
SU_699	100	1	0	0	up	1	0	highly_stable	stable_up_identity	highly_stable_up
SU_7	100	1	0	0	up	1	0	highly_stable	stable_up_identity	highly_stable_up
SU_70	100	1	0	0	up	1	0	highly_stable	stable_up_identity	highly_stable_up
SU_700	100	1	0	0	up	1	0	highly_stable	stable_up_identity	highly_stable_up
SU_701	100	1	0	0	up	1	0	highly_stable	stable_up_identity	highly_stable_up
SU_702	100	1	0	0	up	1	0	highly_stable	stable_up_identity	highly_stable_up
SU_703	100	1	0	0	up	1	0	highly_stable	stable_up_identity	highly_stable_up
SU_704	100	1	0	0	up	1	0	highly_stable	stable_up_identity	highly_stable_up
SU_705	100	1	0	0	up	1	0	highly_stable	stable_up_identity	highly_stable_up
SU_706	100	1	0	0	up	1	0	highly_stable	stable_up_identity	highly_stable_up
SU_707	100	1	0	0	up	1	0	highly_stable	stable_up_identity	highly_stable_up
SU_708	100	1	0	0	up	1	0	highly_stable	stable_up_identity	highly_stable_up
SU_709	100	1	0	0	up	1	0	highly_stable	stable_up_identity	highly_stable_up
SU_71	100	1	0	0	up	1	0	highly_stable	stable_up_identity	highly_stable_up
SU_710	100	1	0	0	up	1	0	highly_stable	stable_up_identity	highly_stable_up
SU_711	100	1	0	0	up	1	0	highly_stable	stable_up_identity	highly_stable_up
SU_712	100	1	0	0	up	1	0	highly_stable	stable_up_identity	highly_stable_up
SU_713	100	1	0	0	up	1	0	highly_stable	stable_up_identity	highly_stable_up
SU_714	100	1	0	0	up	1	0	highly_stable	stable_up_identity	highly_stable_up
SU_715	100	1	0	0	up	1	0	highly_stable	stable_up_identity	highly_stable_up
SU_716	100	1	0	0	up	1	0	highly_stable	stable_up_identity	highly_stable_up
SU_717	100	1	0	0	up	1	0	highly_stable	stable_up_identity	highly_stable_up
SU_718	100	1	0	0	up	1	0	highly_stable	stable_up_identity	highly_stable_up
SU_719	100	1	0	0	up	1	0	highly_stable	stable_up_identity	highly_stable_up
SU_72	100	1	0	0	up	1	0	highly_stable	stable_up_identity	highly_stable_up
SU_720	100	1	0	0	up	1	0	highly_stable	stable_up_identity	highly_stable_up
SU_721	100	1	0	0	up	1	0	highly_stable	stable_up_identity	highly_stable_up
SU_722	100	1	0	0	up	1	0	highly_stable	stable_up_identity	highly_stable_up
SU_723	100	1	0	0	up	1	0	highly_stable	stable_up_identity	highly_stable_up
SU_724	100	1	0	0	up	1	0	highly_stable	stable_up_identity	highly_stable_up
SU_725	100	1	0	0	up	1	0	highly_stable	stable_up_identity	highly_stable_up
SU_726	100	1	0	0	up	1	0	highly_stable	stable_up_identity	highly_stable_up
SU_727	100	1	0	0	up	1	0	highly_stable	stable_up_identity	highly_stable_up
SU_728	100	1	0	0	up	1	0	highly_stable	stable_up_identity	highly_stable_up
SU_729	100	1	0	0	up	1	0	highly_stable	stable_up_identity	highly_stable_up
SU_73	100	1	0	0	up	1	0	highly_stable	stable_up_identity	highly_stable_up
SU_730	100	1	0	0	up	1	0	highly_stable	stable_up_identity	highly_stable_up
SU_731	100	1	0	0	up	1	0	highly_stable	stable_up_identity	highly_stable_up
SU_732	100	1	0	0	up	1	0	highly_stable	stable_up_identity	highly_stable_up
SU_733	100	1	0	0	up	1	0	highly_stable	stable_up_identity	highly_stable_up
SU_734	100	1	0	0	up	1	0	highly_stable	stable_up_identity	highly_stable_up
SU_735	100	1	0	0	up	1	0	highly_stable	stable_up_identity	highly_stable_up
SU_736	100	1	0	0	up	1	0	highly_stable	stable_up_identity	highly_stable_up
SU_737	100	1	0	0	up	1	0	highly_stable	stable_up_identity	highly_stable_up
SU_738	100	1	0	0	up	1	0	highly_stable	stable_up_identity	highly_stable_up
SU_739	100	1	0	0	up	1	0	highly_stable	stable_up_identity	highly_stable_up
SU_74	100	1	0	0	up	1	0	highly_stable	stable_up_identity	highly_stable_up
SU_740	100	1	0	0	up	1	0	highly_stable	stable_up_identity	highly_stable_up
SU_741	100	1	0	0	up	1	0	highly_stable	stable_up_identity	highly_stable_up
SU_742	100	1	0	0	up	1	0	highly_stable	stable_up_identity	highly_stable_up
SU_743	100	1	0	0	up	1	0	highly_stable	stable_up_identity	highly_stable_up
SU_744	100	1	0	0	up	1	0	highly_stable	stable_up_identity	highly_stable_up
SU_745	100	1	0	0	up	1	0	highly_stable	stable_up_identity	highly_stable_up
SU_746	100	1	0	0	up	1	0	highly_stable	stable_up_identity	highly_stable_up
SU_747	100	1	0	0	up	1	0	highly_stable	stable_up_identity	highly_stable_up
SU_748	100	1	0	0	up	1	0	highly_stable	stable_up_identity	highly_stable_up
SU_749	100	1	0	0	up	1	0	highly_stable	stable_up_identity	highly_stable_up
SU_75	100	1	0	0	up	1	0	highly_stable	stable_up_identity	highly_stable_up
SU_750	100	1	0	0	up	1	0	highly_stable	stable_up_identity	highly_stable_up
SU_751	100	1	0	0	up	1	0	highly_stable	stable_up_identity	highly_stable_up
SU_752	100	1	0	0	up	1	0	highly_stable	stable_up_identity	highly_stable_up
SU_753	100	1	0	0	up	1	0	highly_stable	stable_up_identity	highly_stable_up
SU_754	100	1	0	0	up	1	0	highly_stable	stable_up_identity	highly_stable_up
SU_755	100	1	0	0	up	1	0	highly_stable	stable_up_identity	highly_stable_up
SU_756	100	1	0	0	up	1	0	highly_stable	stable_up_identity	highly_stable_up
SU_757	100	1	0	0	up	1	0	highly_stable	stable_up_identity	highly_stable_up
SU_758	100	1	0	0	up	1	0	highly_stable	stable_up_identity	highly_stable_up
SU_759	100	1	0	0	up	1	0	highly_stable	stable_up_identity	highly_stable_up
SU_76	100	1	0	0	up	1	0	highly_stable	stable_up_identity	highly_stable_up
SU_760	100	1	0	0	up	1	0	highly_stable	stable_up_identity	highly_stable_up
SU_761	100	1	0	0	up	1	0	highly_stable	stable_up_identity	highly_stable_up
SU_762	100	1	0	0	up	1	0	highly_stable	stable_up_identity	highly_stable_up
SU_763	100	1	0	0	up	1	0	highly_stable	stable_up_identity	highly_stable_up
SU_764	100	1	0	0	up	1	0	highly_stable	stable_up_identity	highly_stable_up
SU_765	100	1	0	0	up	1	0	highly_stable	stable_up_identity	highly_stable_up
SU_766	100	1	0	0	up	1	0	highly_stable	stable_up_identity	highly_stable_up
SU_767	100	1	0	0	up	1	0	highly_stable	stable_up_identity	highly_stable_up
SU_768	100	1	0	0	up	1	0	highly_stable	stable_up_identity	highly_stable_up
SU_769	100	1	0	0	up	1	0	highly_stable	stable_up_identity	highly_stable_up
SU_77	100	1	0	0	up	1	0	highly_stable	stable_up_identity	highly_stable_up
SU_770	100	1	0	0	up	1	0	highly_stable	stable_up_identity	highly_stable_up
SU_771	100	1	0	0	up	1	0	highly_stable	stable_up_identity	highly_stable_up
SU_772	100	1	0	0	up	1	0	highly_stable	stable_up_identity	highly_stable_up
SU_773	100	1	0	0	up	1	0	highly_stable	stable_up_identity	highly_stable_up
SU_774	100	1	0	0	up	1	0	highly_stable	stable_up_identity	highly_stable_up
SU_775	100	1	0	0	up	1	0	highly_stable	stable_up_identity	highly_stable_up
SU_776	100	1	0	0	up	1	0	highly_stable	stable_up_identity	highly_stable_up
SU_777	100	1	0	0	up	1	0	highly_stable	stable_up_identity	highly_stable_up
SU_778	100	1	0	0	up	1	0	highly_stable	stable_up_identity	highly_stable_up
SU_779	100	1	0	0	up	1	0	highly_stable	stable_up_identity	highly_stable_up
SU_78	100	1	0	0	up	1	0	highly_stable	stable_up_identity	highly_stable_up
SU_780	100	1	0	0	up	1	0	highly_stable	stable_up_identity	highly_stable_up
SU_781	100	1	0	0	up	1	0	highly_stable	stable_up_identity	highly_stable_up
SU_782	100	1	0	0	up	1	0	highly_stable	stable_up_identity	highly_stable_up
SU_783	100	1	0	0	up	1	0	highly_stable	stable_up_identity	highly_stable_up
SU_784	100	1	0	0	up	1	0	highly_stable	stable_up_identity	highly_stable_up
SU_785	100	1	0	0	up	1	0	highly_stable	stable_up_identity	highly_stable_up
SU_786	100	1	0	0	up	1	0	highly_stable	stable_up_identity	highly_stable_up
SU_787	100	1	0	0	up	1	0	highly_stable	stable_up_identity	highly_stable_up
SU_788	100	1	0	0	up	1	0	highly_stable	stable_up_identity	highly_stable_up
SU_789	100	1	0	0	up	1	0	highly_stable	stable_up_identity	highly_stable_up
SU_79	100	1	0	0	up	1	0	highly_stable	stable_up_identity	highly_stable_up
SU_790	100	1	0	0	up	1	0	highly_stable	stable_up_identity	highly_stable_up
SU_791	100	1	0	0	up	1	0	highly_stable	stable_up_identity	highly_stable_up
SU_792	100	1	0	0	up	1	0	highly_stable	stable_up_identity	highly_stable_up
SU_793	100	1	0	0	up	1	0	highly_stable	stable_up_identity	highly_stable_up
SU_794	100	1	0	0	up	1	0	highly_stable	stable_up_identity	highly_stable_up
SU_795	100	1	0	0	up	1	0	highly_stable	stable_up_identity	highly_stable_up
SU_796	100	1	0	0	up	1	0	highly_stable	stable_up_identity	highly_stable_up
SU_797	100	1	0	0	up	1	0	highly_stable	stable_up_identity	highly_stable_up
SU_798	100	1	0	0	up	1	0	highly_stable	stable_up_identity	highly_stable_up
SU_799	100	1	0	0	up	1	0	highly_stable	stable_up_identity	highly_stable_up
SU_8	100	1	0	0	up	1	0	highly_stable	stable_up_identity	highly_stable_up
SU_80	100	1	0	0	up	1	0	highly_stable	stable_up_identity	highly_stable_up
SU_800	100	1	0	0	up	1	0	highly_stable	stable_up_identity	highly_stable_up
SU_801	100	1	0	0	up	1	0	highly_stable	stable_up_identity	highly_stable_up
SU_802	100	1	0	0	up	1	0	highly_stable	stable_up_identity	highly_stable_up
SU_803	100	1	0	0	up	1	0	highly_stable	stable_up_identity	highly_stable_up
SU_804	100	1	0	0	up	1	0	highly_stable	stable_up_identity	highly_stable_up
SU_805	100	1	0	0	up	1	0	highly_stable	stable_up_identity	highly_stable_up
SU_806	100	1	0	0	up	1	0	highly_stable	stable_up_identity	highly_stable_up
SU_807	100	1	0	0	up	1	0	highly_stable	stable_up_identity	highly_stable_up
SU_808	100	1	0	0	up	1	0	highly_stable	stable_up_identity	highly_stable_up
SU_809	100	1	0	0	up	1	0	highly_stable	stable_up_identity	highly_stable_up
SU_81	100	1	0	0	up	1	0	highly_stable	stable_up_identity	highly_stable_up
SU_810	100	1	0	0	up	1	0	highly_stable	stable_up_identity	highly_stable_up
SU_811	100	1	0	0	up	1	0	highly_stable	stable_up_identity	highly_stable_up
SU_812	100	1	0	0	up	1	0	highly_stable	stable_up_identity	highly_stable_up
SU_813	100	1	0	0	up	1	0	highly_stable	stable_up_identity	highly_stable_up
SU_814	100	1	0	0	up	1	0	highly_stable	stable_up_identity	highly_stable_up
SU_815	100	1	0	0	up	1	0	highly_stable	stable_up_identity	highly_stable_up
SU_816	100	1	0	0	up	1	0	highly_stable	stable_up_identity	highly_stable_up
SU_817	100	1	0	0	up	1	0	highly_stable	stable_up_identity	highly_stable_up
SU_818	100	1	0	0	up	1	0	highly_stable	stable_up_identity	highly_stable_up
SU_819	100	1	0	0	up	1	0	highly_stable	stable_up_identity	highly_stable_up
SU_82	100	1	0	0	up	1	0	highly_stable	stable_up_identity	highly_stable_up
SU_820	100	1	0	0	up	1	0	highly_stable	stable_up_identity	highly_stable_up
SU_821	100	1	0	0	up	1	0	highly_stable	stable_up_identity	highly_stable_up
SU_822	100	1	0	0	up	1	0	highly_stable	stable_up_identity	highly_stable_up
SU_823	100	1	0	0	up	1	0	highly_stable	stable_up_identity	highly_stable_up
SU_824	100	1	0	0	up	1	0	highly_stable	stable_up_identity	highly_stable_up
SU_825	100	1	0	0	up	1	0	highly_stable	stable_up_identity	highly_stable_up
SU_826	100	1	0	0	up	1	0	highly_stable	stable_up_identity	highly_stable_up
SU_827	100	1	0	0	up	1	0	highly_stable	stable_up_identity	highly_stable_up
SU_828	100	1	0	0	up	1	0	highly_stable	stable_up_identity	highly_stable_up
SU_829	100	1	0	0	up	1	0	highly_stable	stable_up_identity	highly_stable_up
SU_83	100	1	0	0	up	1	0	highly_stable	stable_up_identity	highly_stable_up
SU_830	100	1	0	0	up	1	0	highly_stable	stable_up_identity	highly_stable_up
SU_831	100	1	0	0	up	1	0	highly_stable	stable_up_identity	highly_stable_up
SU_832	100	1	0	0	up	1	0	highly_stable	stable_up_identity	highly_stable_up
SU_833	100	1	0	0	up	1	0	highly_stable	stable_up_identity	highly_stable_up
SU_834	100	1	0	0	up	1	0	highly_stable	stable_up_identity	highly_stable_up
SU_835	100	1	0	0	up	1	0	highly_stable	stable_up_identity	highly_stable_up
SU_836	100	1	0	0	up	1	0	highly_stable	stable_up_identity	highly_stable_up
SU_837	100	1	0	0	up	1	0	highly_stable	stable_up_identity	highly_stable_up
SU_838	100	1	0	0	up	1	0	highly_stable	stable_up_identity	highly_stable_up
SU_839	100	1	0	0	up	1	0	highly_stable	stable_up_identity	highly_stable_up
SU_84	100	1	0	0	up	1	0	highly_stable	stable_up_identity	highly_stable_up
SU_840	100	1	0	0	up	1	0	highly_stable	stable_up_identity	highly_stable_up
SU_841	100	1	0	0	up	1	0	highly_stable	stable_up_identity	highly_stable_up
SU_842	100	1	0	0	up	1	0	highly_stable	stable_up_identity	highly_stable_up
SU_843	100	1	0	0	up	1	0	highly_stable	stable_up_identity	highly_stable_up
SU_844	100	1	0	0	up	1	0	highly_stable	stable_up_identity	highly_stable_up
SU_845	100	1	0	0	up	1	0	highly_stable	stable_up_identity	highly_stable_up
SU_846	100	1	0	0	up	1	0	highly_stable	stable_up_identity	highly_stable_up
SU_847	100	1	0	0	up	1	0	highly_stable	stable_up_identity	highly_stable_up
SU_848	100	1	0	0	up	1	0	highly_stable	stable_up_identity	highly_stable_up
SU_849	100	1	0	0	up	1	0	highly_stable	stable_up_identity	highly_stable_up
SU_85	100	1	0	0	up	1	0	highly_stable	stable_up_identity	highly_stable_up
SU_850	100	1	0	0	up	1	0	highly_stable	stable_up_identity	highly_stable_up
SU_851	100	1	0	0	up	1	0	highly_stable	stable_up_identity	highly_stable_up
SU_852	100	1	0	0	up	1	0	highly_stable	stable_up_identity	highly_stable_up
SU_853	100	1	0	0	up	1	0	highly_stable	stable_up_identity	highly_stable_up
SU_854	100	1	0	0	up	1	0	highly_stable	stable_up_identity	highly_stable_up
SU_855	100	1	0	0	up	1	0	highly_stable	stable_up_identity	highly_stable_up
SU_856	100	1	0	0	up	1	0	highly_stable	stable_up_identity	highly_stable_up
SU_857	100	1	0	0	up	1	0	highly_stable	stable_up_identity	highly_stable_up
SU_858	100	1	0	0	up	1	0	highly_stable	stable_up_identity	highly_stable_up
SU_859	100	1	0	0	up	1	0	highly_stable	stable_up_identity	highly_stable_up
SU_86	100	1	0	0	up	1	0	highly_stable	stable_up_identity	highly_stable_up
SU_860	100	1	0	0	up	1	0	highly_stable	stable_up_identity	highly_stable_up
SU_861	100	1	0	0	up	1	0	highly_stable	stable_up_identity	highly_stable_up
SU_862	100	1	0	0	up	1	0	highly_stable	stable_up_identity	highly_stable_up
SU_863	100	1	0	0	up	1	0	highly_stable	stable_up_identity	highly_stable_up
SU_864	100	1	0	0	up	1	0	highly_stable	stable_up_identity	highly_stable_up
SU_865	100	1	0	0	up	1	0	highly_stable	stable_up_identity	highly_stable_up
SU_866	100	1	0	0	up	1	0	highly_stable	stable_up_identity	highly_stable_up
SU_867	100	1	0	0	up	1	0	highly_stable	stable_up_identity	highly_stable_up
SU_868	100	1	0	0	up	1	0	highly_stable	stable_up_identity	highly_stable_up
SU_869	100	1	0	0	up	1	0	highly_stable	stable_up_identity	highly_stable_up
SU_87	100	1	0	0	up	1	0	highly_stable	stable_up_identity	highly_stable_up
SU_870	100	1	0	0	up	1	0	highly_stable	stable_up_identity	highly_stable_up
SU_871	100	1	0	0	up	1	0	highly_stable	stable_up_identity	highly_stable_up
SU_872	100	1	0	0	up	1	0	highly_stable	stable_up_identity	highly_stable_up
SU_873	100	1	0	0	up	1	0	highly_stable	stable_up_identity	highly_stable_up
SU_874	100	1	0	0	up	1	0	highly_stable	stable_up_identity	highly_stable_up
SU_875	100	1	0	0	up	1	0	highly_stable	stable_up_identity	highly_stable_up
SU_876	100	1	0	0	up	1	0	highly_stable	stable_up_identity	highly_stable_up
SU_877	100	1	0	0	up	1	0	highly_stable	stable_up_identity	highly_stable_up
SU_878	100	1	0	0	up	1	0	highly_stable	stable_up_identity	highly_stable_up
SU_879	100	1	0	0	up	1	0	highly_stable	stable_up_identity	highly_stable_up
SU_88	100	1	0	0	up	1	0	highly_stable	stable_up_identity	highly_stable_up
SU_880	100	1	0	0	up	1	0	highly_stable	stable_up_identity	highly_stable_up
SU_881	100	1	0	0	up	1	0	highly_stable	stable_up_identity	highly_stable_up
SU_882	100	1	0	0	up	1	0	highly_stable	stable_up_identity	highly_stable_up
SU_883	100	1	0	0	up	1	0	highly_stable	stable_up_identity	highly_stable_up
SU_884	100	1	0	0	up	1	0	highly_stable	stable_up_identity	highly_stable_up
SU_885	100	1	0	0	up	1	0	highly_stable	stable_up_identity	highly_stable_up
SU_886	100	1	0	0	up	1	0	highly_stable	stable_up_identity	highly_stable_up
SU_887	100	1	0	0	up	1	0	highly_stable	stable_up_identity	highly_stable_up
SU_888	100	1	0	0	up	1	0	highly_stable	stable_up_identity	highly_stable_up
SU_889	100	1	0	0	up	1	0	highly_stable	stable_up_identity	highly_stable_up
SU_89	100	1	0	0	up	1	0	highly_stable	stable_up_identity	highly_stable_up
SU_890	100	1	0	0	up	1	0	highly_stable	stable_up_identity	highly_stable_up
SU_891	100	1	0	0	up	1	0	highly_stable	stable_up_identity	highly_stable_up
SU_892	100	1	0	0	up	1	0	highly_stable	stable_up_identity	highly_stable_up
SU_893	100	1	0	0	up	1	0	highly_stable	stable_up_identity	highly_stable_up
SU_894	100	1	0	0	up	1	0	highly_stable	stable_up_identity	highly_stable_up
SU_895	100	1	0	0	up	1	0	highly_stable	stable_up_identity	highly_stable_up
SU_896	100	1	0	0	up	1	0	highly_stable	stable_up_identity	highly_stable_up
SU_897	100	1	0	0	up	1	0	highly_stable	stable_up_identity	highly_stable_up
SU_898	100	1	0	0	up	1	0	highly_stable	stable_up_identity	highly_stable_up
SU_899	100	1	0	0	up	1	0	highly_stable	stable_up_identity	highly_stable_up
SU_9	100	1	0	0	up	1	0	highly_stable	stable_up_identity	highly_stable_up
SU_90	100	1	0	0	up	1	0	highly_stable	stable_up_identity	highly_stable_up
SU_900	100	1	0	0	up	1	0	highly_stable	stable_up_identity	highly_stable_up
SU_901	100	1	0	0	up	1	0	highly_stable	stable_up_identity	highly_stable_up
SU_902	100	1	0	0	up	1	0	highly_stable	stable_up_identity	highly_stable_up
SU_903	100	1	0	0	up	1	0	highly_stable	stable_up_identity	highly_stable_up
SU_904	100	1	0	0	up	1	0	highly_stable	stable_up_identity	highly_stable_up
SU_905	100	1	0	0	up	1	0	highly_stable	stable_up_identity	highly_stable_up
SU_906	100	1	0	0	up	1	0	highly_stable	stable_up_identity	highly_stable_up
SU_907	100	1	0	0	up	1	0	highly_stable	stable_up_identity	highly_stable_up
SU_908	100	1	0	0	up	1	0	highly_stable	stable_up_identity	highly_stable_up
SU_909	100	1	0	0	up	1	0	highly_stable	stable_up_identity	highly_stable_up
SU_91	100	1	0	0	up	1	0	highly_stable	stable_up_identity	highly_stable_up
SU_910	100	1	0	0	up	1	0	highly_stable	stable_up_identity	highly_stable_up
SU_911	100	1	0	0	up	1	0	highly_stable	stable_up_identity	highly_stable_up
SU_912	100	1	0	0	up	1	0	highly_stable	stable_up_identity	highly_stable_up
SU_913	100	1	0	0	up	1	0	highly_stable	stable_up_identity	highly_stable_up
SU_914	100	1	0	0	up	1	0	highly_stable	stable_up_identity	highly_stable_up
SU_915	100	1	0	0	up	1	0	highly_stable	stable_up_identity	highly_stable_up
SU_916	100	1	0	0	up	1	0	highly_stable	stable_up_identity	highly_stable_up
SU_917	100	1	0	0	up	1	0	highly_stable	stable_up_identity	highly_stable_up
SU_918	100	1	0	0	up	1	0	highly_stable	stable_up_identity	highly_stable_up
SU_919	100	1	0	0	up	1	0	highly_stable	stable_up_identity	highly_stable_up
SU_92	100	1	0	0	up	1	0	highly_stable	stable_up_identity	highly_stable_up
SU_920	100	1	0	0	up	1	0	highly_stable	stable_up_identity	highly_stable_up
SU_921	100	1	0	0	up	1	0	highly_stable	stable_up_identity	highly_stable_up
SU_922	100	1	0	0	up	1	0	highly_stable	stable_up_identity	highly_stable_up
SU_923	100	1	0	0	up	1	0	highly_stable	stable_up_identity	highly_stable_up
SU_924	100	1	0	0	up	1	0	highly_stable	stable_up_identity	highly_stable_up
SU_925	100	1	0	0	up	1	0	highly_stable	stable_up_identity	highly_stable_up
SU_926	100	1	0	0	up	1	0	highly_stable	stable_up_identity	highly_stable_up
SU_927	100	1	0	0	up	1	0	highly_stable	stable_up_identity	highly_stable_up
SU_928	100	1	0	0	up	1	0	highly_stable	stable_up_identity	highly_stable_up
SU_929	100	1	0	0	up	1	0	highly_stable	stable_up_identity	highly_stable_up
SU_93	100	1	0	0	up	1	0	highly_stable	stable_up_identity	highly_stable_up
SU_930	100	1	0	0	up	1	0	highly_stable	stable_up_identity	highly_stable_up
SU_931	100	1	0	0	up	1	0	highly_stable	stable_up_identity	highly_stable_up
SU_932	100	1	0	0	up	1	0	highly_stable	stable_up_identity	highly_stable_up
SU_933	100	1	0	0	up	1	0	highly_stable	stable_up_identity	highly_stable_up
SU_934	100	1	0	0	up	1	0	highly_stable	stable_up_identity	highly_stable_up
SU_935	100	1	0	0	up	1	0	highly_stable	stable_up_identity	highly_stable_up
SU_936	100	1	0	0	up	1	0	highly_stable	stable_up_identity	highly_stable_up
SU_937	100	1	0	0	up	1	0	highly_stable	stable_up_identity	highly_stable_up
SU_938	100	1	0	0	up	1	0	highly_stable	stable_up_identity	highly_stable_up
SU_939	100	1	0	0	up	1	0	highly_stable	stable_up_identity	highly_stable_up
SU_94	100	1	0	0	up	1	0	highly_stable	stable_up_identity	highly_stable_up
SU_940	100	1	0	0	up	1	0	highly_stable	stable_up_identity	highly_stable_up
SU_941	100	1	0	0	up	1	0	highly_stable	stable_up_identity	highly_stable_up
SU_942	100	1	0	0	up	1	0	highly_stable	stable_up_identity	highly_stable_up
SU_943	100	1	0	0	up	1	0	highly_stable	stable_up_identity	highly_stable_up
SU_944	100	1	0	0	up	1	0	highly_stable	stable_up_identity	highly_stable_up
SU_945	100	1	0	0	up	1	0	highly_stable	stable_up_identity	highly_stable_up
SU_946	100	1	0	0	up	1	0	highly_stable	stable_up_identity	highly_stable_up
SU_947	100	1	0	0	up	1	0	highly_stable	stable_up_identity	highly_stable_up
SU_948	100	1	0	0	up	1	0	highly_stable	stable_up_identity	highly_stable_up
SU_949	100	1	0	0	up	1	0	highly_stable	stable_up_identity	highly_stable_up
SU_95	100	1	0	0	up	1	0	highly_stable	stable_up_identity	highly_stable_up
SU_950	100	1	0	0	up	1	0	highly_stable	stable_up_identity	highly_stable_up
SU_951	100	1	0	0	up	1	0	highly_stable	stable_up_identity	highly_stable_up
SU_952	100	1	0	0	up	1	0	highly_stable	stable_up_identity	highly_stable_up
SU_953	100	1	0	0	up	1	0	highly_stable	stable_up_identity	highly_stable_up
SU_954	100	1	0	0	up	1	0	highly_stable	stable_up_identity	highly_stable_up
SU_955	100	1	0	0	up	1	0	highly_stable	stable_up_identity	highly_stable_up
SU_956	100	1	0	0	up	1	0	highly_stable	stable_up_identity	highly_stable_up
SU_957	100	1	0	0	up	1	0	highly_stable	stable_up_identity	highly_stable_up
SU_958	100	1	0	0	up	1	0	highly_stable	stable_up_identity	highly_stable_up
SU_959	100	1	0	0	up	1	0	highly_stable	stable_up_identity	highly_stable_up
SU_96	100	1	0	0	up	1	0	highly_stable	stable_up_identity	highly_stable_up
SU_960	100	1	0	0	up	1	0	highly_stable	stable_up_identity	highly_stable_up
SU_961	100	1	0	0	up	1	0	highly_stable	stable_up_identity	highly_stable_up
SU_962	100	1	0	0	up	1	0	highly_stable	stable_up_identity	highly_stable_up
SU_963	100	1	0	0	up	1	0	highly_stable	stable_up_identity	highly_stable_up
SU_964	100	1	0	0	up	1	0	highly_stable	stable_up_identity	highly_stable_up
SU_965	100	1	0	0	up	1	0	highly_stable	stable_up_identity	highly_stable_up
SU_966	100	1	0	0	up	1	0	highly_stable	stable_up_identity	highly_stable_up
SU_967	100	1	0	0	up	1	0	highly_stable	stable_up_identity	highly_stable_up
SU_968	100	1	0	0	up	1	0	highly_stable	stable_up_identity	highly_stable_up
SU_969	100	1	0	0	up	1	0	highly_stable	stable_up_identity	highly_stable_up
SU_97	100	1	0	0	up	1	0	highly_stable	stable_up_identity	highly_stable_up
SU_970	100	1	0	0	up	1	0	highly_stable	stable_up_identity	highly_stable_up
SU_971	100	1	0	0	up	1	0	highly_stable	stable_up_identity	highly_stable_up
SU_972	100	1	0	0	up	1	0	highly_stable	stable_up_identity	highly_stable_up
SU_973	100	1	0	0	up	1	0	highly_stable	stable_up_identity	highly_stable_up
SU_974	100	1	0	0	up	1	0	highly_stable	stable_up_identity	highly_stable_up
SU_975	100	1	0	0	up	1	0	highly_stable	stable_up_identity	highly_stable_up
SU_976	100	1	0	0	up	1	0	highly_stable	stable_up_identity	highly_stable_up
SU_977	100	1	0	0	up	1	0	highly_stable	stable_up_identity	highly_stable_up
SU_978	100	1	0	0	up	1	0	highly_stable	stable_up_identity	highly_stable_up
SU_979	100	1	0	0	up	1	0	highly_stable	stable_up_identity	highly_stable_up
SU_98	100	1	0	0	up	1	0	highly_stable	stable_up_identity	highly_stable_up
SU_980	100	1	0	0	up	1	0	highly_stable	stable_up_identity	highly_stable_up
SU_981	100	1	0	0	up	1	0	highly_stable	stable_up_identity	highly_stable_up
SU_982	100	1	0	0	up	1	0	highly_stable	stable_up_identity	highly_stable_up
SU_983	100	1	0	0	up	1	0	highly_stable	stable_up_identity	highly_stable_up
SU_984	100	1	0	0	up	1	0	highly_stable	stable_up_identity	highly_stable_up
SU_985	100	1	0	0	up	1	0	highly_stable	stable_up_identity	highly_stable_up
SU_986	100	1	0	0	up	1	0	highly_stable	stable_up_identity	highly_stable_up
SU_987	100	1	0	0	up	1	0	highly_stable	stable_up_identity	highly_stable_up
SU_988	100	1	0	0	up	1	0	highly_stable	stable_up_identity	highly_stable_up
SU_989	100	1	0	0	up	1	0	highly_stable	stable_up_identity	highly_stable_up
SU_99	100	1	0	0	up	1	0	highly_stable	stable_up_identity	highly_stable_up
SU_990	100	1	0	0	up	1	0	highly_stable	stable_up_identity	highly_stable_up
SU_991	100	1	0	0	up	1	0	highly_stable	stable_up_identity	highly_stable_up
SU_992	100	1	0	0	up	1	0	highly_stable	stable_up_identity	highly_stable_up
SU_993	100	1	0	0	up	1	0	highly_stable	stable_up_identity	highly_stable_up
SU_994	100	1	0	0	up	1	0	highly_stable	stable_up_identity	highly_stable_up
SU_995	100	1	0	0	up	1	0	highly_stable	stable_up_identity	highly_stable_up
SU_996	100	1	0	0	up	1	0	highly_stable	stable_up_identity	highly_stable_up
SU_997	100	1	0	0	up	1	0	highly_stable	stable_up_identity	highly_stable_up
SU_998	100	1	0	0	up	1	0	highly_stable	stable_up_identity	highly_stable_up
SU_999	100	1	0	0	up	1	0	highly_stable	stable_up_identity	highly_stable_up
SC_119	100	0.01	0	0.99	constant	0.99	0.010000000000000009	highly_stable	stable_constant_identity	highly_stable_constant
SC_136	100	0.01	0	0.99	constant	0.99	0.010000000000000009	highly_stable	stable_constant_identity	highly_stable_constant
SC_157	100	0	0.01	0.99	constant	0.99	0.010000000000000009	highly_stable	stable_constant_identity	highly_stable_constant
SC_16	100	0	0.01	0.99	constant	0.99	0.010000000000000009	highly_stable	stable_constant_identity	highly_stable_constant
SC_162	100	0.01	0	0.99	constant	0.99	0.010000000000000009	highly_stable	stable_constant_identity	highly_stable_constant
SC_168	100	0.01	0	0.99	constant	0.99	0.010000000000000009	highly_stable	stable_constant_identity	highly_stable_constant
SC_171	100	0.01	0	0.99	constant	0.99	0.010000000000000009	highly_stable	stable_constant_identity	highly_stable_constant
SC_176	100	0	0.01	0.99	constant	0.99	0.010000000000000009	highly_stable	stable_constant_identity	highly_stable_constant
SC_180	100	0	0.01	0.99	constant	0.99	0.010000000000000009	highly_stable	stable_constant_identity	highly_stable_constant
SC_200	100	0	0.01	0.99	constant	0.99	0.010000000000000009	highly_stable	stable_constant_identity	highly_stable_constant
SC_212	100	0	0.01	0.99	constant	0.99	0.010000000000000009	highly_stable	stable_constant_identity	highly_stable_constant
SC_244	100	0	0.01	0.99	constant	0.99	0.010000000000000009	highly_stable	stable_constant_identity	highly_stable_constant
SC_259	100	0.01	0	0.99	constant	0.99	0.010000000000000009	highly_stable	stable_constant_identity	highly_stable_constant
SC_267	100	0.01	0	0.99	constant	0.99	0.010000000000000009	highly_stable	stable_constant_identity	highly_stable_constant
SC_295	100	0.01	0	0.99	constant	0.99	0.010000000000000009	highly_stable	stable_constant_identity	highly_stable_constant
SC_298	100	0.01	0	0.99	constant	0.99	0.010000000000000009	highly_stable	stable_constant_identity	highly_stable_constant
SC_310	100	0	0.01	0.99	constant	0.99	0.010000000000000009	highly_stable	stable_constant_identity	highly_stable_constant
SC_313	100	0.01	0	0.99	constant	0.99	0.010000000000000009	highly_stable	stable_constant_identity	highly_stable_constant
SC_319	100	0	0.01	0.99	constant	0.99	0.010000000000000009	highly_stable	stable_constant_identity	highly_stable_constant
SC_32	100	0	0.01	0.99	constant	0.99	0.010000000000000009	highly_stable	stable_constant_identity	highly_stable_constant
SC_323	100	0.01	0	0.99	constant	0.99	0.010000000000000009	highly_stable	stable_constant_identity	highly_stable_constant
SC_342	100	0	0.01	0.99	constant	0.99	0.010000000000000009	highly_stable	stable_constant_identity	highly_stable_constant
SC_351	100	0	0.01	0.99	constant	0.99	0.010000000000000009	highly_stable	stable_constant_identity	highly_stable_constant
SC_358	100	0	0.01	0.99	constant	0.99	0.010000000000000009	highly_stable	stable_constant_identity	highly_stable_constant
SC_363	100	0.01	0	0.99	constant	0.99	0.010000000000000009	highly_stable	stable_constant_identity	highly_stable_constant
SC_377	100	0	0.01	0.99	constant	0.99	0.010000000000000009	highly_stable	stable_constant_identity	highly_stable_constant
SC_39	100	0	0.01	0.99	constant	0.99	0.010000000000000009	highly_stable	stable_constant_identity	highly_stable_constant
SC_396	100	0.01	0	0.99	constant	0.99	0.010000000000000009	highly_stable	stable_constant_identity	highly_stable_constant
SC_400	100	0	0.01	0.99	constant	0.99	0.010000000000000009	highly_stable	stable_constant_identity	highly_stable_constant
SC_42	100	0.01	0	0.99	constant	0.99	0.010000000000000009	highly_stable	stable_constant_identity	highly_stable_constant
SC_445	100	0	0.01	0.99	constant	0.99	0.010000000000000009	highly_stable	stable_constant_identity	highly_stable_constant
SC_446	100	0	0.01	0.99	constant	0.99	0.010000000000000009	highly_stable	stable_constant_identity	highly_stable_constant
SC_456	100	0	0.01	0.99	constant	0.99	0.010000000000000009	highly_stable	stable_constant_identity	highly_stable_constant
SC_458	100	0.01	0	0.99	constant	0.99	0.010000000000000009	highly_stable	stable_constant_identity	highly_stable_constant
SC_462	100	0.01	0	0.99	constant	0.99	0.010000000000000009	highly_stable	stable_constant_identity	highly_stable_constant
SC_464	100	0.01	0	0.99	constant	0.99	0.010000000000000009	highly_stable	stable_constant_identity	highly_stable_constant
SC_475	100	0	0.01	0.99	constant	0.99	0.010000000000000009	highly_stable	stable_constant_identity	highly_stable_constant
SC_480	100	0	0.01	0.99	constant	0.99	0.010000000000000009	highly_stable	stable_constant_identity	highly_stable_constant
SC_497	100	0.01	0	0.99	constant	0.99	0.010000000000000009	highly_stable	stable_constant_identity	highly_stable_constant
SC_5	100	0.01	0	0.99	constant	0.99	0.010000000000000009	highly_stable	stable_constant_identity	highly_stable_constant
SC_50	100	0.01	0	0.99	constant	0.99	0.010000000000000009	highly_stable	stable_constant_identity	highly_stable_constant
SC_532	100	0.01	0	0.99	constant	0.99	0.010000000000000009	highly_stable	stable_constant_identity	highly_stable_constant
SC_552	100	0.01	0	0.99	constant	0.99	0.010000000000000009	highly_stable	stable_constant_identity	highly_stable_constant
SC_560	100	0.01	0	0.99	constant	0.99	0.010000000000000009	highly_stable	stable_constant_identity	highly_stable_constant
SC_570	100	0.01	0	0.99	constant	0.99	0.010000000000000009	highly_stable	stable_constant_identity	highly_stable_constant
SC_574	100	0	0.01	0.99	constant	0.99	0.010000000000000009	highly_stable	stable_constant_identity	highly_stable_constant
SC_599	100	0	0.01	0.99	constant	0.99	0.010000000000000009	highly_stable	stable_constant_identity	highly_stable_constant
SC_6	100	0	0.01	0.99	constant	0.99	0.010000000000000009	highly_stable	stable_constant_identity	highly_stable_constant
SC_60	100	0	0.01	0.99	constant	0.99	0.010000000000000009	highly_stable	stable_constant_identity	highly_stable_constant
SC_612	100	0.01	0	0.99	constant	0.99	0.010000000000000009	highly_stable	stable_constant_identity	highly_stable_constant
SC_625	100	0.01	0	0.99	constant	0.99	0.010000000000000009	highly_stable	stable_constant_identity	highly_stable_constant
SC_63	100	0.01	0	0.99	constant	0.99	0.010000000000000009	highly_stable	stable_constant_identity	highly_stable_constant
SC_637	100	0	0.01	0.99	constant	0.99	0.010000000000000009	highly_stable	stable_constant_identity	highly_stable_constant
SC_638	100	0	0.01	0.99	constant	0.99	0.010000000000000009	highly_stable	stable_constant_identity	highly_stable_constant
SC_646	100	0.01	0	0.99	constant	0.99	0.010000000000000009	highly_stable	stable_constant_identity	highly_stable_constant
SC_66	100	0.01	0	0.99	constant	0.99	0.010000000000000009	highly_stable	stable_constant_identity	highly_stable_constant
SC_660	100	0	0.01	0.99	constant	0.99	0.010000000000000009	highly_stable	stable_constant_identity	highly_stable_constant
SC_661	100	0	0.01	0.99	constant	0.99	0.010000000000000009	highly_stable	stable_constant_identity	highly_stable_constant
SC_667	100	0.01	0	0.99	constant	0.99	0.010000000000000009	highly_stable	stable_constant_identity	highly_stable_constant
SC_67	100	0.01	0	0.99	constant	0.99	0.010000000000000009	highly_stable	stable_constant_identity	highly_stable_constant
SC_672	100	0	0.01	0.99	constant	0.99	0.010000000000000009	highly_stable	stable_constant_identity	highly_stable_constant
SC_681	100	0.01	0	0.99	constant	0.99	0.010000000000000009	highly_stable	stable_constant_identity	highly_stable_constant
SC_684	100	0.01	0	0.99	constant	0.99	0.010000000000000009	highly_stable	stable_constant_identity	highly_stable_constant
SC_721	100	0.01	0	0.99	constant	0.99	0.010000000000000009	highly_stable	stable_constant_identity	highly_stable_constant
SC_728	100	0	0.01	0.99	constant	0.99	0.010000000000000009	highly_stable	stable_constant_identity	highly_stable_constant
SC_747	100	0.01	0	0.99	constant	0.99	0.010000000000000009	highly_stable	stable_constant_identity	highly_stable_constant
SC_748	100	0	0.01	0.99	constant	0.99	0.010000000000000009	highly_stable	stable_constant_identity	highly_stable_constant
SC_753	100	0.01	0	0.99	constant	0.99	0.010000000000000009	highly_stable	stable_constant_identity	highly_stable_constant
SC_796	100	0.01	0	0.99	constant	0.99	0.010000000000000009	highly_stable	stable_constant_identity	highly_stable_constant
SC_800	100	0.01	0	0.99	constant	0.99	0.010000000000000009	highly_stable	stable_constant_identity	highly_stable_constant
SC_805	100	0.01	0	0.99	constant	0.99	0.010000000000000009	highly_stable	stable_constant_identity	highly_stable_constant
SC_824	100	0.01	0	0.99	constant	0.99	0.010000000000000009	highly_stable	stable_constant_identity	highly_stable_constant
SC_833	100	0.01	0	0.99	constant	0.99	0.010000000000000009	highly_stable	stable_constant_identity	highly_stable_constant
SC_840	100	0.01	0	0.99	constant	0.99	0.010000000000000009	highly_stable	stable_constant_identity	highly_stable_constant
SC_848	100	0	0.01	0.99	constant	0.99	0.010000000000000009	highly_stable	stable_constant_identity	highly_stable_constant
SC_889	100	0	0.01	0.99	constant	0.99	0.010000000000000009	highly_stable	stable_constant_identity	highly_stable_constant
SC_898	100	0	0.01	0.99	constant	0.99	0.010000000000000009	highly_stable	stable_constant_identity	highly_stable_constant
SC_900	100	0.01	0	0.99	constant	0.99	0.010000000000000009	highly_stable	stable_constant_identity	highly_stable_constant
SC_912	100	0.01	0	0.99	constant	0.99	0.010000000000000009	highly_stable	stable_constant_identity	highly_stable_constant
SC_918	100	0	0.01	0.99	constant	0.99	0.010000000000000009	highly_stable	stable_constant_identity	highly_stable_constant
SC_923	100	0	0.01	0.99	constant	0.99	0.010000000000000009	highly_stable	stable_constant_identity	highly_stable_constant
SC_925	100	0.01	0	0.99	constant	0.99	0.010000000000000009	highly_stable	stable_constant_identity	highly_stable_constant
SC_929	100	0	0.01	0.99	constant	0.99	0.010000000000000009	highly_stable	stable_constant_identity	highly_stable_constant
SC_951	100	0	0.01	0.99	constant	0.99	0.010000000000000009	highly_stable	stable_constant_identity	highly_stable_constant
SC_954	100	0.01	0	0.99	constant	0.99	0.010000000000000009	highly_stable	stable_constant_identity	highly_stable_constant
WT_806	100	0.79	0.04	0.17	up	0.79	0.20999999999999996	stable	stable_up_identity	stable_up
WT_363	100	0.77	0.01	0.22	up	0.77	0.22999999999999998	stable	stable_up_identity	stable_up
WT_481	100	0.77	0.02	0.21	up	0.77	0.22999999999999998	stable	stable_up_identity	stable_up
WT_545	100	0.77	0.03	0.2	up	0.77	0.22999999999999998	stable	stable_up_identity	stable_up
WT_830	100	0.77	0.01	0.22	up	0.77	0.22999999999999998	stable	stable_up_identity	stable_up
WT_19	100	0.76	0.05	0.19	up	0.76	0.24	stable	stable_up_identity	stable_up
WT_328	100	0.76	0.02	0.22	up	0.76	0.24	stable	stable_up_identity	stable_up
WT_39	100	0.76	0.02	0.22	up	0.76	0.24	stable	stable_up_identity	stable_up
WT_409	100	0.76	0.01	0.23	up	0.76	0.24	stable	stable_up_identity	stable_up
WT_445	100	0.76	0.03	0.21	up	0.76	0.24	stable	stable_up_identity	stable_up
WT_565	100	0.76	0.04	0.2	up	0.76	0.24	stable	stable_up_identity	stable_up
WT_566	100	0.76	0.02	0.22	up	0.76	0.24	stable	stable_up_identity	stable_up
WT_621	100	0.76	0.03	0.21	up	0.76	0.24	stable	stable_up_identity	stable_up
WT_735	100	0.76	0.02	0.22	up	0.76	0.24	stable	stable_up_identity	stable_up
WT_740	100	0.76	0.03	0.21	up	0.76	0.24	stable	stable_up_identity	stable_up
WT_891	100	0.76	0.04	0.2	up	0.76	0.24	stable	stable_up_identity	stable_up
WT_953	100	0.76	0	0.24	up	0.76	0.24	stable	stable_up_identity	stable_up
WT_974	100	0.76	0.02	0.22	up	0.76	0.24	stable	stable_up_identity	stable_up
WT_987	100	0.76	0.07	0.17	up	0.76	0.24	stable	stable_up_identity	stable_up
WT_110	100	0.75	0.02	0.23	up	0.75	0.25	stable	stable_up_identity	stable_up
WT_146	100	0.75	0.03	0.22	up	0.75	0.25	stable	stable_up_identity	stable_up
WT_252	100	0.75	0.05	0.2	up	0.75	0.25	stable	stable_up_identity	stable_up
WT_393	100	0.75	0.03	0.22	up	0.75	0.25	stable	stable_up_identity	stable_up
WT_433	100	0.75	0.02	0.23	up	0.75	0.25	stable	stable_up_identity	stable_up
WT_58	100	0.75	0.01	0.24	up	0.75	0.25	stable	stable_up_identity	stable_up
WT_659	100	0.75	0.02	0.23	up	0.75	0.25	stable	stable_up_identity	stable_up
WT_752	100	0.75	0.02	0.23	up	0.75	0.25	stable	stable_up_identity	stable_up
WT_808	100	0.75	0.02	0.23	up	0.75	0.25	stable	stable_up_identity	stable_up
WT_954	100	0.75	0.03	0.22	up	0.75	0.25	stable	stable_up_identity	stable_up
WT_960	100	0.75	0.02	0.23	up	0.75	0.25	stable	stable_up_identity	stable_up
WT_988	100	0.75	0.01	0.24	up	0.75	0.25	stable	stable_up_identity	stable_up
WT_14	100	0.74	0.02	0.24	up	0.74	0.26	weakly_stable_transitional	stable_up_identity	weakly_stable_transitional_up
WT_210	100	0.74	0.02	0.24	up	0.74	0.26	weakly_stable_transitional	stable_up_identity	weakly_stable_transitional_up
WT_216	100	0.74	0.01	0.25	up	0.74	0.26	weakly_stable_transitional	stable_up_identity	weakly_stable_transitional_up
WT_243	100	0.74	0.02	0.24	up	0.74	0.26	weakly_stable_transitional	stable_up_identity	weakly_stable_transitional_up
WT_307	100	0.74	0.06	0.2	up	0.74	0.26	weakly_stable_transitional	stable_up_identity	weakly_stable_transitional_up
WT_347	100	0.74	0	0.26	up	0.74	0.26	weakly_stable_transitional	stable_up_identity	weakly_stable_transitional_up
WT_380	100	0.74	0.01	0.25	up	0.74	0.26	weakly_stable_transitional	stable_up_identity	weakly_stable_transitional_up
WT_421	100	0.74	0.02	0.24	up	0.74	0.26	weakly_stable_transitional	stable_up_identity	weakly_stable_transitional_up
WT_474	100	0.74	0.03	0.23	up	0.74	0.26	weakly_stable_transitional	stable_up_identity	weakly_stable_transitional_up
WT_485	100	0.74	0.05	0.21	up	0.74	0.26	weakly_stable_transitional	stable_up_identity	weakly_stable_transitional_up
WT_498	100	0.74	0.03	0.23	up	0.74	0.26	weakly_stable_transitional	stable_up_identity	weakly_stable_transitional_up
WT_52	100	0.74	0.02	0.24	up	0.74	0.26	weakly_stable_transitional	stable_up_identity	weakly_stable_transitional_up
WT_54	100	0.74	0.04	0.22	up	0.74	0.26	weakly_stable_transitional	stable_up_identity	weakly_stable_transitional_up
WT_56	100	0.74	0.01	0.25	up	0.74	0.26	weakly_stable_transitional	stable_up_identity	weakly_stable_transitional_up
WT_568	100	0.74	0.03	0.23	up	0.74	0.26	weakly_stable_transitional	stable_up_identity	weakly_stable_transitional_up
WT_602	100	0.74	0	0.26	up	0.74	0.26	weakly_stable_transitional	stable_up_identity	weakly_stable_transitional_up
WT_642	100	0.74	0.02	0.24	up	0.74	0.26	weakly_stable_transitional	stable_up_identity	weakly_stable_transitional_up
WT_656	100	0.74	0.02	0.24	up	0.74	0.26	weakly_stable_transitional	stable_up_identity	weakly_stable_transitional_up
WT_723	100	0.74	0.01	0.25	up	0.74	0.26	weakly_stable_transitional	stable_up_identity	weakly_stable_transitional_up
WT_744	100	0.74	0.03	0.23	up	0.74	0.26	weakly_stable_transitional	stable_up_identity	weakly_stable_transitional_up
WT_78	100	0.74	0.03	0.23	up	0.74	0.26	weakly_stable_transitional	stable_up_identity	weakly_stable_transitional_up
WT_784	100	0.74	0.02	0.24	up	0.74	0.26	weakly_stable_transitional	stable_up_identity	weakly_stable_transitional_up
WT_810	100	0.74	0.05	0.21	up	0.74	0.26	weakly_stable_transitional	stable_up_identity	weakly_stable_transitional_up
WT_836	100	0.74	0.01	0.25	up	0.74	0.26	weakly_stable_transitional	stable_up_identity	weakly_stable_transitional_up
WT_851	100	0.74	0.03	0.23	up	0.74	0.26	weakly_stable_transitional	stable_up_identity	weakly_stable_transitional_up
WT_888	100	0.74	0.06	0.2	up	0.74	0.26	weakly_stable_transitional	stable_up_identity	weakly_stable_transitional_up
WT_994	100	0.74	0.03	0.23	up	0.74	0.26	weakly_stable_transitional	stable_up_identity	weakly_stable_transitional_up
WT_178	100	0.73	0.02	0.25	up	0.73	0.27	weakly_stable_transitional	stable_up_identity	weakly_stable_transitional_up
WT_214	100	0.73	0.02	0.25	up	0.73	0.27	weakly_stable_transitional	stable_up_identity	weakly_stable_transitional_up
WT_221	100	0.73	0.04	0.23	up	0.73	0.27	weakly_stable_transitional	stable_up_identity	weakly_stable_transitional_up
WT_240	100	0.73	0.02	0.25	up	0.73	0.27	weakly_stable_transitional	stable_up_identity	weakly_stable_transitional_up
WT_251	100	0.73	0.02	0.25	up	0.73	0.27	weakly_stable_transitional	stable_up_identity	weakly_stable_transitional_up
WT_266	100	0.73	0.03	0.24	up	0.73	0.27	weakly_stable_transitional	stable_up_identity	weakly_stable_transitional_up
WT_279	100	0.73	0.02	0.25	up	0.73	0.27	weakly_stable_transitional	stable_up_identity	weakly_stable_transitional_up
WT_285	100	0.73	0.02	0.25	up	0.73	0.27	weakly_stable_transitional	stable_up_identity	weakly_stable_transitional_up
WT_31	100	0.73	0.03	0.24	up	0.73	0.27	weakly_stable_transitional	stable_up_identity	weakly_stable_transitional_up
WT_339	100	0.73	0.03	0.24	up	0.73	0.27	weakly_stable_transitional	stable_up_identity	weakly_stable_transitional_up
WT_351	100	0.73	0.03	0.24	up	0.73	0.27	weakly_stable_transitional	stable_up_identity	weakly_stable_transitional_up
WT_364	100	0.73	0.04	0.23	up	0.73	0.27	weakly_stable_transitional	stable_up_identity	weakly_stable_transitional_up
WT_425	100	0.73	0.02	0.25	up	0.73	0.27	weakly_stable_transitional	stable_up_identity	weakly_stable_transitional_up
WT_452	100	0.73	0.02	0.25	up	0.73	0.27	weakly_stable_transitional	stable_up_identity	weakly_stable_transitional_up
WT_455	100	0.73	0.03	0.24	up	0.73	0.27	weakly_stable_transitional	stable_up_identity	weakly_stable_transitional_up
WT_468	100	0.73	0.03	0.24	up	0.73	0.27	weakly_stable_transitional	stable_up_identity	weakly_stable_transitional_up
WT_516	100	0.73	0.02	0.25	up	0.73	0.27	weakly_stable_transitional	stable_up_identity	weakly_stable_transitional_up
WT_522	100	0.73	0.03	0.24	up	0.73	0.27	weakly_stable_transitional	stable_up_identity	weakly_stable_transitional_up
WT_537	100	0.73	0.01	0.26	up	0.73	0.27	weakly_stable_transitional	stable_up_identity	weakly_stable_transitional_up
WT_567	100	0.73	0.07	0.2	up	0.73	0.27	weakly_stable_transitional	stable_up_identity	weakly_stable_transitional_up
WT_570	100	0.73	0.04	0.23	up	0.73	0.27	weakly_stable_transitional	stable_up_identity	weakly_stable_transitional_up
WT_611	100	0.73	0.01	0.26	up	0.73	0.27	weakly_stable_transitional	stable_up_identity	weakly_stable_transitional_up
WT_625	100	0.73	0.01	0.26	up	0.73	0.27	weakly_stable_transitional	stable_up_identity	weakly_stable_transitional_up
WT_640	100	0.73	0.01	0.26	up	0.73	0.27	weakly_stable_transitional	stable_up_identity	weakly_stable_transitional_up
WT_750	100	0.73	0.01	0.26	up	0.73	0.27	weakly_stable_transitional	stable_up_identity	weakly_stable_transitional_up
WT_793	100	0.73	0	0.27	up	0.73	0.27	weakly_stable_transitional	stable_up_identity	weakly_stable_transitional_up
WT_826	100	0.73	0.03	0.24	up	0.73	0.27	weakly_stable_transitional	stable_up_identity	weakly_stable_transitional_up
WT_935	100	0.73	0.02	0.25	up	0.73	0.27	weakly_stable_transitional	stable_up_identity	weakly_stable_transitional_up
WT_955	100	0.73	0	0.27	up	0.73	0.27	weakly_stable_transitional	stable_up_identity	weakly_stable_transitional_up
WT_961	100	0.73	0.02	0.25	up	0.73	0.27	weakly_stable_transitional	stable_up_identity	weakly_stable_transitional_up
WT_995	100	0.73	0.04	0.23	up	0.73	0.27	weakly_stable_transitional	stable_up_identity	weakly_stable_transitional_up
WT_12	100	0.72	0.02	0.26	up	0.72	0.28	weakly_stable_transitional	stable_up_identity	weakly_stable_transitional_up
WT_133	100	0.72	0.03	0.25	up	0.72	0.28	weakly_stable_transitional	stable_up_identity	weakly_stable_transitional_up
WT_138	100	0.72	0.04	0.24	up	0.72	0.28	weakly_stable_transitional	stable_up_identity	weakly_stable_transitional_up
WT_162	100	0.72	0.01	0.27	up	0.72	0.28	weakly_stable_transitional	stable_up_identity	weakly_stable_transitional_up
WT_175	100	0.72	0.02	0.26	up	0.72	0.28	weakly_stable_transitional	stable_up_identity	weakly_stable_transitional_up
WT_197	100	0.72	0.01	0.27	up	0.72	0.28	weakly_stable_transitional	stable_up_identity	weakly_stable_transitional_up
WT_21	100	0.72	0.04	0.24	up	0.72	0.28	weakly_stable_transitional	stable_up_identity	weakly_stable_transitional_up
WT_225	100	0.72	0.02	0.26	up	0.72	0.28	weakly_stable_transitional	stable_up_identity	weakly_stable_transitional_up
WT_291	100	0.72	0.02	0.26	up	0.72	0.28	weakly_stable_transitional	stable_up_identity	weakly_stable_transitional_up
WT_296	100	0.72	0.01	0.27	up	0.72	0.28	weakly_stable_transitional	stable_up_identity	weakly_stable_transitional_up
WT_313	100	0.72	0.04	0.24	up	0.72	0.28	weakly_stable_transitional	stable_up_identity	weakly_stable_transitional_up
WT_321	100	0.72	0.02	0.26	up	0.72	0.28	weakly_stable_transitional	stable_up_identity	weakly_stable_transitional_up
WT_325	100	0.72	0.04	0.24	up	0.72	0.28	weakly_stable_transitional	stable_up_identity	weakly_stable_transitional_up
WT_332	100	0.72	0.05	0.23	up	0.72	0.28	weakly_stable_transitional	stable_up_identity	weakly_stable_transitional_up
WT_335	100	0.72	0.05	0.23	up	0.72	0.28	weakly_stable_transitional	stable_up_identity	weakly_stable_transitional_up
WT_534	100	0.72	0.02	0.26	up	0.72	0.28	weakly_stable_transitional	stable_up_identity	weakly_stable_transitional_up
WT_559	100	0.72	0.04	0.24	up	0.72	0.28	weakly_stable_transitional	stable_up_identity	weakly_stable_transitional_up
WT_563	100	0.72	0.04	0.24	up	0.72	0.28	weakly_stable_transitional	stable_up_identity	weakly_stable_transitional_up
WT_581	100	0.72	0.04	0.24	up	0.72	0.28	weakly_stable_transitional	stable_up_identity	weakly_stable_transitional_up
WT_595	100	0.72	0.02	0.26	up	0.72	0.28	weakly_stable_transitional	stable_up_identity	weakly_stable_transitional_up
WT_627	100	0.72	0.04	0.24	up	0.72	0.28	weakly_stable_transitional	stable_up_identity	weakly_stable_transitional_up
WT_639	100	0.72	0.02	0.26	up	0.72	0.28	weakly_stable_transitional	stable_up_identity	weakly_stable_transitional_up
WT_653	100	0.72	0.01	0.27	up	0.72	0.28	weakly_stable_transitional	stable_up_identity	weakly_stable_transitional_up
WT_66	100	0.72	0.01	0.27	up	0.72	0.28	weakly_stable_transitional	stable_up_identity	weakly_stable_transitional_up
WT_686	100	0.72	0.04	0.24	up	0.72	0.28	weakly_stable_transitional	stable_up_identity	weakly_stable_transitional_up
WT_699	100	0.72	0.02	0.26	up	0.72	0.28	weakly_stable_transitional	stable_up_identity	weakly_stable_transitional_up
WT_700	100	0.72	0.06	0.22	up	0.72	0.28	weakly_stable_transitional	stable_up_identity	weakly_stable_transitional_up
WT_725	100	0.72	0	0.28	up	0.72	0.28	weakly_stable_transitional	stable_up_identity	weakly_stable_transitional_up
WT_746	100	0.72	0	0.28	up	0.72	0.28	weakly_stable_transitional	stable_up_identity	weakly_stable_transitional_up
WT_749	100	0.72	0.03	0.25	up	0.72	0.28	weakly_stable_transitional	stable_up_identity	weakly_stable_transitional_up
WT_77	100	0.72	0.05	0.23	up	0.72	0.28	weakly_stable_transitional	stable_up_identity	weakly_stable_transitional_up
WT_789	100	0.72	0.01	0.27	up	0.72	0.28	weakly_stable_transitional	stable_up_identity	weakly_stable_transitional_up
WT_816	100	0.72	0.02	0.26	up	0.72	0.28	weakly_stable_transitional	stable_up_identity	weakly_stable_transitional_up
WT_893	100	0.72	0.01	0.27	up	0.72	0.28	weakly_stable_transitional	stable_up_identity	weakly_stable_transitional_up
WT_904	100	0.72	0.04	0.24	up	0.72	0.28	weakly_stable_transitional	stable_up_identity	weakly_stable_transitional_up
WT_912	100	0.72	0.01	0.27	up	0.72	0.28	weakly_stable_transitional	stable_up_identity	weakly_stable_transitional_up
WT_943	100	0.72	0.04	0.24	up	0.72	0.28	weakly_stable_transitional	stable_up_identity	weakly_stable_transitional_up
WT_973	100	0.72	0.04	0.24	up	0.72	0.28	weakly_stable_transitional	stable_up_identity	weakly_stable_transitional_up
WT_982	100	0.72	0.02	0.26	up	0.72	0.28	weakly_stable_transitional	stable_up_identity	weakly_stable_transitional_up
WT_100	100	0.71	0.02	0.27	up	0.71	0.29000000000000004	weakly_stable_transitional	stable_up_identity	weakly_stable_transitional_up
WT_166	100	0.71	0.04	0.25	up	0.71	0.29000000000000004	weakly_stable_transitional	stable_up_identity	weakly_stable_transitional_up
WT_167	100	0.71	0.01	0.28	up	0.71	0.29000000000000004	weakly_stable_transitional	stable_up_identity	weakly_stable_transitional_up
WT_183	100	0.71	0.03	0.26	up	0.71	0.29000000000000004	weakly_stable_transitional	stable_up_identity	weakly_stable_transitional_up
WT_190	100	0.71	0.01	0.28	up	0.71	0.29000000000000004	weakly_stable_transitional	stable_up_identity	weakly_stable_transitional_up
WT_211	100	0.71	0.01	0.28	up	0.71	0.29000000000000004	weakly_stable_transitional	stable_up_identity	weakly_stable_transitional_up
WT_228	100	0.71	0.02	0.27	up	0.71	0.29000000000000004	weakly_stable_transitional	stable_up_identity	weakly_stable_transitional_up
WT_232	100	0.71	0.01	0.28	up	0.71	0.29000000000000004	weakly_stable_transitional	stable_up_identity	weakly_stable_transitional_up
WT_236	100	0.71	0.02	0.27	up	0.71	0.29000000000000004	weakly_stable_transitional	stable_up_identity	weakly_stable_transitional_up
WT_264	100	0.71	0.02	0.27	up	0.71	0.29000000000000004	weakly_stable_transitional	stable_up_identity	weakly_stable_transitional_up
WT_292	100	0.71	0.03	0.26	up	0.71	0.29000000000000004	weakly_stable_transitional	stable_up_identity	weakly_stable_transitional_up
WT_324	100	0.71	0.03	0.26	up	0.71	0.29000000000000004	weakly_stable_transitional	stable_up_identity	weakly_stable_transitional_up
WT_329	100	0.71	0.03	0.26	up	0.71	0.29000000000000004	weakly_stable_transitional	stable_up_identity	weakly_stable_transitional_up
WT_330	100	0.71	0.01	0.28	up	0.71	0.29000000000000004	weakly_stable_transitional	stable_up_identity	weakly_stable_transitional_up
WT_341	100	0.71	0.04	0.25	up	0.71	0.29000000000000004	weakly_stable_transitional	stable_up_identity	weakly_stable_transitional_up
WT_40	100	0.71	0.03	0.26	up	0.71	0.29000000000000004	weakly_stable_transitional	stable_up_identity	weakly_stable_transitional_up
WT_413	100	0.71	0.03	0.26	up	0.71	0.29000000000000004	weakly_stable_transitional	stable_up_identity	weakly_stable_transitional_up
WT_431	100	0.71	0.02	0.27	up	0.71	0.29000000000000004	weakly_stable_transitional	stable_up_identity	weakly_stable_transitional_up
WT_442	100	0.71	0.05	0.24	up	0.71	0.29000000000000004	weakly_stable_transitional	stable_up_identity	weakly_stable_transitional_up
WT_447	100	0.71	0.03	0.26	up	0.71	0.29000000000000004	weakly_stable_transitional	stable_up_identity	weakly_stable_transitional_up
WT_451	100	0.71	0.02	0.27	up	0.71	0.29000000000000004	weakly_stable_transitional	stable_up_identity	weakly_stable_transitional_up
WT_459	100	0.71	0.02	0.27	up	0.71	0.29000000000000004	weakly_stable_transitional	stable_up_identity	weakly_stable_transitional_up
WT_462	100	0.71	0.01	0.28	up	0.71	0.29000000000000004	weakly_stable_transitional	stable_up_identity	weakly_stable_transitional_up
WT_482	100	0.71	0.03	0.26	up	0.71	0.29000000000000004	weakly_stable_transitional	stable_up_identity	weakly_stable_transitional_up
WT_49	100	0.71	0.02	0.27	up	0.71	0.29000000000000004	weakly_stable_transitional	stable_up_identity	weakly_stable_transitional_up
WT_490	100	0.71	0.02	0.27	up	0.71	0.29000000000000004	weakly_stable_transitional	stable_up_identity	weakly_stable_transitional_up
WT_549	100	0.71	0.06	0.23	up	0.71	0.29000000000000004	weakly_stable_transitional	stable_up_identity	weakly_stable_transitional_up
WT_575	100	0.71	0.02	0.27	up	0.71	0.29000000000000004	weakly_stable_transitional	stable_up_identity	weakly_stable_transitional_up
WT_579	100	0.71	0.03	0.26	up	0.71	0.29000000000000004	weakly_stable_transitional	stable_up_identity	weakly_stable_transitional_up
WT_594	100	0.71	0.03	0.26	up	0.71	0.29000000000000004	weakly_stable_transitional	stable_up_identity	weakly_stable_transitional_up
WT_599	100	0.71	0.04	0.25	up	0.71	0.29000000000000004	weakly_stable_transitional	stable_up_identity	weakly_stable_transitional_up
WT_606	100	0.71	0.01	0.28	up	0.71	0.29000000000000004	weakly_stable_transitional	stable_up_identity	weakly_stable_transitional_up
WT_607	100	0.71	0.01	0.28	up	0.71	0.29000000000000004	weakly_stable_transitional	stable_up_identity	weakly_stable_transitional_up
WT_614	100	0.71	0.04	0.25	up	0.71	0.29000000000000004	weakly_stable_transitional	stable_up_identity	weakly_stable_transitional_up
WT_617	100	0.71	0.07	0.22	up	0.71	0.29000000000000004	weakly_stable_transitional	stable_up_identity	weakly_stable_transitional_up
WT_623	100	0.71	0.01	0.28	up	0.71	0.29000000000000004	weakly_stable_transitional	stable_up_identity	weakly_stable_transitional_up
WT_630	100	0.71	0.04	0.25	up	0.71	0.29000000000000004	weakly_stable_transitional	stable_up_identity	weakly_stable_transitional_up
WT_637	100	0.71	0.03	0.26	up	0.71	0.29000000000000004	weakly_stable_transitional	stable_up_identity	weakly_stable_transitional_up
WT_64	100	0.71	0.05	0.24	up	0.71	0.29000000000000004	weakly_stable_transitional	stable_up_identity	weakly_stable_transitional_up
WT_67	100	0.71	0.03	0.26	up	0.71	0.29000000000000004	weakly_stable_transitional	stable_up_identity	weakly_stable_transitional_up
WT_671	100	0.71	0.01	0.28	up	0.71	0.29000000000000004	weakly_stable_transitional	stable_up_identity	weakly_stable_transitional_up
WT_69	100	0.71	0.03	0.26	up	0.71	0.29000000000000004	weakly_stable_transitional	stable_up_identity	weakly_stable_transitional_up
WT_690	100	0.71	0.05	0.24	up	0.71	0.29000000000000004	weakly_stable_transitional	stable_up_identity	weakly_stable_transitional_up
WT_716	100	0.71	0.02	0.27	up	0.71	0.29000000000000004	weakly_stable_transitional	stable_up_identity	weakly_stable_transitional_up
WT_727	100	0.71	0.02	0.27	up	0.71	0.29000000000000004	weakly_stable_transitional	stable_up_identity	weakly_stable_transitional_up
WT_770	100	0.71	0.03	0.26	up	0.71	0.29000000000000004	weakly_stable_transitional	stable_up_identity	weakly_stable_transitional_up
WT_771	100	0.71	0.03	0.26	up	0.71	0.29000000000000004	weakly_stable_transitional	stable_up_identity	weakly_stable_transitional_up
WT_79	100	0.71	0.04	0.25	up	0.71	0.29000000000000004	weakly_stable_transitional	stable_up_identity	weakly_stable_transitional_up
WT_801	100	0.71	0.02	0.27	up	0.71	0.29000000000000004	weakly_stable_transitional	stable_up_identity	weakly_stable_transitional_up
WT_829	100	0.71	0.03	0.26	up	0.71	0.29000000000000004	weakly_stable_transitional	stable_up_identity	weakly_stable_transitional_up
WT_854	100	0.71	0.03	0.26	up	0.71	0.29000000000000004	weakly_stable_transitional	stable_up_identity	weakly_stable_transitional_up
WT_858	100	0.71	0.05	0.24	up	0.71	0.29000000000000004	weakly_stable_transitional	stable_up_identity	weakly_stable_transitional_up
WT_87	100	0.71	0.06	0.23	up	0.71	0.29000000000000004	weakly_stable_transitional	stable_up_identity	weakly_stable_transitional_up
WT_879	100	0.71	0.04	0.25	up	0.71	0.29000000000000004	weakly_stable_transitional	stable_up_identity	weakly_stable_transitional_up
WT_897	100	0.71	0.02	0.27	up	0.71	0.29000000000000004	weakly_stable_transitional	stable_up_identity	weakly_stable_transitional_up
WT_936	100	0.71	0.02	0.27	up	0.71	0.29000000000000004	weakly_stable_transitional	stable_up_identity	weakly_stable_transitional_up
WT_948	100	0.71	0.03	0.26	up	0.71	0.29000000000000004	weakly_stable_transitional	stable_up_identity	weakly_stable_transitional_up
WT_967	100	0.71	0	0.29	up	0.71	0.29000000000000004	weakly_stable_transitional	stable_up_identity	weakly_stable_transitional_up
WT_969	100	0.71	0.03	0.26	up	0.71	0.29000000000000004	weakly_stable_transitional	stable_up_identity	weakly_stable_transitional_up
WT_970	100	0.71	0.02	0.27	up	0.71	0.29000000000000004	weakly_stable_transitional	stable_up_identity	weakly_stable_transitional_up
WT_10	100	0.7	0.03	0.27	up	0.7	0.30000000000000004	weakly_stable_transitional	stable_up_identity	weakly_stable_transitional_up
WT_1000	100	0.7	0.01	0.29	up	0.7	0.30000000000000004	weakly_stable_transitional	stable_up_identity	weakly_stable_transitional_up
WT_103	100	0.7	0.02	0.28	up	0.7	0.30000000000000004	weakly_stable_transitional	stable_up_identity	weakly_stable_transitional_up
WT_123	100	0.7	0	0.3	up	0.7	0.30000000000000004	weakly_stable_transitional	stable_up_identity	weakly_stable_transitional_up
WT_13	100	0.7	0.01	0.29	up	0.7	0.30000000000000004	weakly_stable_transitional	stable_up_identity	weakly_stable_transitional_up
WT_130	100	0.7	0.03	0.27	up	0.7	0.30000000000000004	weakly_stable_transitional	stable_up_identity	weakly_stable_transitional_up
WT_15	100	0.7	0.01	0.29	up	0.7	0.30000000000000004	weakly_stable_transitional	stable_up_identity	weakly_stable_transitional_up
WT_16	100	0.7	0.01	0.29	up	0.7	0.30000000000000004	weakly_stable_transitional	stable_up_identity	weakly_stable_transitional_up
WT_168	100	0.7	0.01	0.29	up	0.7	0.30000000000000004	weakly_stable_transitional	stable_up_identity	weakly_stable_transitional_up
WT_176	100	0.7	0.03	0.27	up	0.7	0.30000000000000004	weakly_stable_transitional	stable_up_identity	weakly_stable_transitional_up
WT_179	100	0.7	0.02	0.28	up	0.7	0.30000000000000004	weakly_stable_transitional	stable_up_identity	weakly_stable_transitional_up
WT_2	100	0.7	0.04	0.26	up	0.7	0.30000000000000004	weakly_stable_transitional	stable_up_identity	weakly_stable_transitional_up
WT_206	100	0.7	0.03	0.27	up	0.7	0.30000000000000004	weakly_stable_transitional	stable_up_identity	weakly_stable_transitional_up
WT_247	100	0.7	0.02	0.28	up	0.7	0.30000000000000004	weakly_stable_transitional	stable_up_identity	weakly_stable_transitional_up
WT_254	100	0.7	0.04	0.26	up	0.7	0.30000000000000004	weakly_stable_transitional	stable_up_identity	weakly_stable_transitional_up
WT_269	100	0.7	0.05	0.25	up	0.7	0.30000000000000004	weakly_stable_transitional	stable_up_identity	weakly_stable_transitional_up
WT_289	100	0.7	0.04	0.26	up	0.7	0.30000000000000004	weakly_stable_transitional	stable_up_identity	weakly_stable_transitional_up
WT_300	100	0.7	0.06	0.24	up	0.7	0.30000000000000004	weakly_stable_transitional	stable_up_identity	weakly_stable_transitional_up
WT_304	100	0.7	0.05	0.25	up	0.7	0.30000000000000004	weakly_stable_transitional	stable_up_identity	weakly_stable_transitional_up
WT_316	100	0.7	0.05	0.25	up	0.7	0.30000000000000004	weakly_stable_transitional	stable_up_identity	weakly_stable_transitional_up
WT_368	100	0.7	0.02	0.28	up	0.7	0.30000000000000004	weakly_stable_transitional	stable_up_identity	weakly_stable_transitional_up
WT_371	100	0.7	0.03	0.27	up	0.7	0.30000000000000004	weakly_stable_transitional	stable_up_identity	weakly_stable_transitional_up
WT_389	100	0.7	0.07	0.23	up	0.7	0.30000000000000004	weakly_stable_transitional	stable_up_identity	weakly_stable_transitional_up
WT_440	100	0.7	0.06	0.24	up	0.7	0.30000000000000004	weakly_stable_transitional	stable_up_identity	weakly_stable_transitional_up
WT_443	100	0.7	0.01	0.29	up	0.7	0.30000000000000004	weakly_stable_transitional	stable_up_identity	weakly_stable_transitional_up
WT_449	100	0.7	0.06	0.24	up	0.7	0.30000000000000004	weakly_stable_transitional	stable_up_identity	weakly_stable_transitional_up
WT_463	100	0.7	0.03	0.27	up	0.7	0.30000000000000004	weakly_stable_transitional	stable_up_identity	weakly_stable_transitional_up
WT_464	100	0.7	0	0.3	up	0.7	0.30000000000000004	weakly_stable_transitional	stable_up_identity	weakly_stable_transitional_up
WT_476	100	0.7	0.02	0.28	up	0.7	0.30000000000000004	weakly_stable_transitional	stable_up_identity	weakly_stable_transitional_up
WT_496	100	0.7	0.02	0.28	up	0.7	0.30000000000000004	weakly_stable_transitional	stable_up_identity	weakly_stable_transitional_up
WT_5	100	0.7	0.06	0.24	up	0.7	0.30000000000000004	weakly_stable_transitional	stable_up_identity	weakly_stable_transitional_up
WT_543	100	0.7	0	0.3	up	0.7	0.30000000000000004	weakly_stable_transitional	stable_up_identity	weakly_stable_transitional_up
WT_564	100	0.7	0.03	0.27	up	0.7	0.30000000000000004	weakly_stable_transitional	stable_up_identity	weakly_stable_transitional_up
WT_578	100	0.7	0.03	0.27	up	0.7	0.30000000000000004	weakly_stable_transitional	stable_up_identity	weakly_stable_transitional_up
WT_596	100	0.7	0.05	0.25	up	0.7	0.30000000000000004	weakly_stable_transitional	stable_up_identity	weakly_stable_transitional_up
WT_598	100	0.7	0.04	0.26	up	0.7	0.30000000000000004	weakly_stable_transitional	stable_up_identity	weakly_stable_transitional_up
WT_634	100	0.7	0.03	0.27	up	0.7	0.30000000000000004	weakly_stable_transitional	stable_up_identity	weakly_stable_transitional_up
WT_647	100	0.7	0.01	0.29	up	0.7	0.30000000000000004	weakly_stable_transitional	stable_up_identity	weakly_stable_transitional_up
WT_661	100	0.7	0	0.3	up	0.7	0.30000000000000004	weakly_stable_transitional	stable_up_identity	weakly_stable_transitional_up
WT_662	100	0.7	0.02	0.28	up	0.7	0.30000000000000004	weakly_stable_transitional	stable_up_identity	weakly_stable_transitional_up
WT_674	100	0.7	0.02	0.28	up	0.7	0.30000000000000004	weakly_stable_transitional	stable_up_identity	weakly_stable_transitional_up
WT_683	100	0.7	0.01	0.29	up	0.7	0.30000000000000004	weakly_stable_transitional	stable_up_identity	weakly_stable_transitional_up
WT_70	100	0.7	0.03	0.27	up	0.7	0.30000000000000004	weakly_stable_transitional	stable_up_identity	weakly_stable_transitional_up
WT_712	100	0.7	0.04	0.26	up	0.7	0.30000000000000004	weakly_stable_transitional	stable_up_identity	weakly_stable_transitional_up
WT_736	100	0.7	0.03	0.27	up	0.7	0.30000000000000004	weakly_stable_transitional	stable_up_identity	weakly_stable_transitional_up
WT_757	100	0.7	0.02	0.28	up	0.7	0.30000000000000004	weakly_stable_transitional	stable_up_identity	weakly_stable_transitional_up
WT_760	100	0.7	0.06	0.24	up	0.7	0.30000000000000004	weakly_stable_transitional	stable_up_identity	weakly_stable_transitional_up
WT_762	100	0.7	0.04	0.26	up	0.7	0.30000000000000004	weakly_stable_transitional	stable_up_identity	weakly_stable_transitional_up
WT_774	100	0.7	0.05	0.25	up	0.7	0.30000000000000004	weakly_stable_transitional	stable_up_identity	weakly_stable_transitional_up
WT_787	100	0.7	0.05	0.25	up	0.7	0.30000000000000004	weakly_stable_transitional	stable_up_identity	weakly_stable_transitional_up
WT_788	100	0.7	0.02	0.28	up	0.7	0.30000000000000004	weakly_stable_transitional	stable_up_identity	weakly_stable_transitional_up
WT_790	100	0.7	0.06	0.24	up	0.7	0.30000000000000004	weakly_stable_transitional	stable_up_identity	weakly_stable_transitional_up
WT_792	100	0.7	0.05	0.25	up	0.7	0.30000000000000004	weakly_stable_transitional	stable_up_identity	weakly_stable_transitional_up
WT_804	100	0.7	0.06	0.24	up	0.7	0.30000000000000004	weakly_stable_transitional	stable_up_identity	weakly_stable_transitional_up
WT_81	100	0.7	0.03	0.27	up	0.7	0.30000000000000004	weakly_stable_transitional	stable_up_identity	weakly_stable_transitional_up
WT_837	100	0.7	0.02	0.28	up	0.7	0.30000000000000004	weakly_stable_transitional	stable_up_identity	weakly_stable_transitional_up
WT_869	100	0.7	0.02	0.28	up	0.7	0.30000000000000004	weakly_stable_transitional	stable_up_identity	weakly_stable_transitional_up
WT_875	100	0.7	0.07	0.23	up	0.7	0.30000000000000004	weakly_stable_transitional	stable_up_identity	weakly_stable_transitional_up
WT_880	100	0.7	0.03	0.27	up	0.7	0.30000000000000004	weakly_stable_transitional	stable_up_identity	weakly_stable_transitional_up
WT_900	100	0.7	0.02	0.28	up	0.7	0.30000000000000004	weakly_stable_transitional	stable_up_identity	weakly_stable_transitional_up
WT_922	100	0.7	0.04	0.26	up	0.7	0.30000000000000004	weakly_stable_transitional	stable_up_identity	weakly_stable_transitional_up
WT_940	100	0.7	0.01	0.29	up	0.7	0.30000000000000004	weakly_stable_transitional	stable_up_identity	weakly_stable_transitional_up
WT_945	100	0.7	0.04	0.26	up	0.7	0.30000000000000004	weakly_stable_transitional	stable_up_identity	weakly_stable_transitional_up
WT_962	100	0.7	0.01	0.29	up	0.7	0.30000000000000004	weakly_stable_transitional	stable_up_identity	weakly_stable_transitional_up
WT_971	100	0.7	0	0.3	up	0.7	0.30000000000000004	weakly_stable_transitional	stable_up_identity	weakly_stable_transitional_up
WT_979	100	0.7	0.02	0.28	up	0.7	0.30000000000000004	weakly_stable_transitional	stable_up_identity	weakly_stable_transitional_up
WT_992	100	0.7	0.03	0.27	up	0.7	0.30000000000000004	weakly_stable_transitional	stable_up_identity	weakly_stable_transitional_up
WT_144	100	0.69	0.02	0.29	up	0.69	0.31000000000000005	weakly_stable_transitional	stable_up_identity	weakly_stable_transitional_up
WT_149	100	0.69	0.03	0.28	up	0.69	0.31000000000000005	weakly_stable_transitional	stable_up_identity	weakly_stable_transitional_up
WT_177	100	0.69	0.03	0.28	up	0.69	0.31000000000000005	weakly_stable_transitional	stable_up_identity	weakly_stable_transitional_up
WT_189	100	0.69	0.02	0.29	up	0.69	0.31000000000000005	weakly_stable_transitional	stable_up_identity	weakly_stable_transitional_up
WT_193	100	0.69	0.04	0.27	up	0.69	0.31000000000000005	weakly_stable_transitional	stable_up_identity	weakly_stable_transitional_up
WT_196	100	0.69	0.03	0.28	up	0.69	0.31000000000000005	weakly_stable_transitional	stable_up_identity	weakly_stable_transitional_up
WT_226	100	0.69	0	0.31	up	0.69	0.31000000000000005	weakly_stable_transitional	stable_up_identity	weakly_stable_transitional_up
WT_233	100	0.69	0.05	0.26	up	0.69	0.31000000000000005	weakly_stable_transitional	stable_up_identity	weakly_stable_transitional_up
WT_26	100	0.69	0.03	0.28	up	0.69	0.31000000000000005	weakly_stable_transitional	stable_up_identity	weakly_stable_transitional_up
WT_27	100	0.69	0.04	0.27	up	0.69	0.31000000000000005	weakly_stable_transitional	stable_up_identity	weakly_stable_transitional_up
WT_277	100	0.69	0	0.31	up	0.69	0.31000000000000005	weakly_stable_transitional	stable_up_identity	weakly_stable_transitional_up
WT_280	100	0.69	0.03	0.28	up	0.69	0.31000000000000005	weakly_stable_transitional	stable_up_identity	weakly_stable_transitional_up
WT_286	100	0.69	0.01	0.3	up	0.69	0.31000000000000005	weakly_stable_transitional	stable_up_identity	weakly_stable_transitional_up
WT_306	100	0.69	0.01	0.3	up	0.69	0.31000000000000005	weakly_stable_transitional	stable_up_identity	weakly_stable_transitional_up
WT_308	100	0.69	0.03	0.28	up	0.69	0.31000000000000005	weakly_stable_transitional	stable_up_identity	weakly_stable_transitional_up
WT_311	100	0.69	0.06	0.25	up	0.69	0.31000000000000005	weakly_stable_transitional	stable_up_identity	weakly_stable_transitional_up
WT_336	100	0.69	0.01	0.3	up	0.69	0.31000000000000005	weakly_stable_transitional	stable_up_identity	weakly_stable_transitional_up
WT_386	100	0.69	0.02	0.29	up	0.69	0.31000000000000005	weakly_stable_transitional	stable_up_identity	weakly_stable_transitional_up
WT_391	100	0.69	0.06	0.25	up	0.69	0.31000000000000005	weakly_stable_transitional	stable_up_identity	weakly_stable_transitional_up
WT_392	100	0.69	0.01	0.3	up	0.69	0.31000000000000005	weakly_stable_transitional	stable_up_identity	weakly_stable_transitional_up
WT_398	100	0.69	0.05	0.26	up	0.69	0.31000000000000005	weakly_stable_transitional	stable_up_identity	weakly_stable_transitional_up
WT_407	100	0.69	0.05	0.26	up	0.69	0.31000000000000005	weakly_stable_transitional	stable_up_identity	weakly_stable_transitional_up
WT_422	100	0.69	0.06	0.25	up	0.69	0.31000000000000005	weakly_stable_transitional	stable_up_identity	weakly_stable_transitional_up
WT_434	100	0.69	0.03	0.28	up	0.69	0.31000000000000005	weakly_stable_transitional	stable_up_identity	weakly_stable_transitional_up
WT_439	100	0.69	0.01	0.3	up	0.69	0.31000000000000005	weakly_stable_transitional	stable_up_identity	weakly_stable_transitional_up
WT_453	100	0.69	0	0.31	up	0.69	0.31000000000000005	weakly_stable_transitional	stable_up_identity	weakly_stable_transitional_up
WT_491	100	0.69	0.04	0.27	up	0.69	0.31000000000000005	weakly_stable_transitional	stable_up_identity	weakly_stable_transitional_up
WT_502	100	0.69	0.03	0.28	up	0.69	0.31000000000000005	weakly_stable_transitional	stable_up_identity	weakly_stable_transitional_up
WT_520	100	0.69	0.01	0.3	up	0.69	0.31000000000000005	weakly_stable_transitional	stable_up_identity	weakly_stable_transitional_up
WT_521	100	0.69	0.03	0.28	up	0.69	0.31000000000000005	weakly_stable_transitional	stable_up_identity	weakly_stable_transitional_up
WT_527	100	0.69	0.02	0.29	up	0.69	0.31000000000000005	weakly_stable_transitional	stable_up_identity	weakly_stable_transitional_up
WT_530	100	0.69	0.03	0.28	up	0.69	0.31000000000000005	weakly_stable_transitional	stable_up_identity	weakly_stable_transitional_up
WT_571	100	0.69	0.04	0.27	up	0.69	0.31000000000000005	weakly_stable_transitional	stable_up_identity	weakly_stable_transitional_up
WT_587	100	0.69	0.03	0.28	up	0.69	0.31000000000000005	weakly_stable_transitional	stable_up_identity	weakly_stable_transitional_up
WT_590	100	0.69	0.04	0.27	up	0.69	0.31000000000000005	weakly_stable_transitional	stable_up_identity	weakly_stable_transitional_up
WT_648	100	0.69	0.02	0.29	up	0.69	0.31000000000000005	weakly_stable_transitional	stable_up_identity	weakly_stable_transitional_up
WT_669	100	0.69	0.03	0.28	up	0.69	0.31000000000000005	weakly_stable_transitional	stable_up_identity	weakly_stable_transitional_up
WT_677	100	0.69	0.04	0.27	up	0.69	0.31000000000000005	weakly_stable_transitional	stable_up_identity	weakly_stable_transitional_up
WT_687	100	0.69	0.02	0.29	up	0.69	0.31000000000000005	weakly_stable_transitional	stable_up_identity	weakly_stable_transitional_up
WT_692	100	0.69	0.03	0.28	up	0.69	0.31000000000000005	weakly_stable_transitional	stable_up_identity	weakly_stable_transitional_up
WT_705	100	0.69	0.03	0.28	up	0.69	0.31000000000000005	weakly_stable_transitional	stable_up_identity	weakly_stable_transitional_up
WT_72	100	0.69	0.02	0.29	up	0.69	0.31000000000000005	weakly_stable_transitional	stable_up_identity	weakly_stable_transitional_up
WT_729	100	0.69	0.01	0.3	up	0.69	0.31000000000000005	weakly_stable_transitional	stable_up_identity	weakly_stable_transitional_up
WT_745	100	0.69	0.02	0.29	up	0.69	0.31000000000000005	weakly_stable_transitional	stable_up_identity	weakly_stable_transitional_up
WT_759	100	0.69	0.03	0.28	up	0.69	0.31000000000000005	weakly_stable_transitional	stable_up_identity	weakly_stable_transitional_up
WT_768	100	0.69	0.05	0.26	up	0.69	0.31000000000000005	weakly_stable_transitional	stable_up_identity	weakly_stable_transitional_up
WT_814	100	0.69	0.03	0.28	up	0.69	0.31000000000000005	weakly_stable_transitional	stable_up_identity	weakly_stable_transitional_up
WT_82	100	0.69	0.02	0.29	up	0.69	0.31000000000000005	weakly_stable_transitional	stable_up_identity	weakly_stable_transitional_up
WT_822	100	0.69	0.04	0.27	up	0.69	0.31000000000000005	weakly_stable_transitional	stable_up_identity	weakly_stable_transitional_up
WT_827	100	0.69	0.04	0.27	up	0.69	0.31000000000000005	weakly_stable_transitional	stable_up_identity	weakly_stable_transitional_up
WT_847	100	0.69	0.01	0.3	up	0.69	0.31000000000000005	weakly_stable_transitional	stable_up_identity	weakly_stable_transitional_up
WT_86	100	0.69	0.01	0.3	up	0.69	0.31000000000000005	weakly_stable_transitional	stable_up_identity	weakly_stable_transitional_up
WT_864	100	0.69	0.02	0.29	up	0.69	0.31000000000000005	weakly_stable_transitional	stable_up_identity	weakly_stable_transitional_up
WT_872	100	0.69	0.02	0.29	up	0.69	0.31000000000000005	weakly_stable_transitional	stable_up_identity	weakly_stable_transitional_up
WT_874	100	0.69	0.01	0.3	up	0.69	0.31000000000000005	weakly_stable_transitional	stable_up_identity	weakly_stable_transitional_up
WT_878	100	0.69	0.05	0.26	up	0.69	0.31000000000000005	weakly_stable_transitional	stable_up_identity	weakly_stable_transitional_up
WT_896	100	0.69	0.04	0.27	up	0.69	0.31000000000000005	weakly_stable_transitional	stable_up_identity	weakly_stable_transitional_up
WT_913	100	0.69	0.01	0.3	up	0.69	0.31000000000000005	weakly_stable_transitional	stable_up_identity	weakly_stable_transitional_up
WT_944	100	0.69	0.07	0.24	up	0.69	0.31000000000000005	weakly_stable_transitional	stable_up_identity	weakly_stable_transitional_up
WT_947	100	0.69	0.04	0.27	up	0.69	0.31000000000000005	weakly_stable_transitional	stable_up_identity	weakly_stable_transitional_up
WT_95	100	0.69	0.06	0.25	up	0.69	0.31000000000000005	weakly_stable_transitional	stable_up_identity	weakly_stable_transitional_up
WT_950	100	0.69	0.02	0.29	up	0.69	0.31000000000000005	weakly_stable_transitional	stable_up_identity	weakly_stable_transitional_up
WT_980	100	0.69	0.03	0.28	up	0.69	0.31000000000000005	weakly_stable_transitional	stable_up_identity	weakly_stable_transitional_up
WT_104	100	0.68	0.04	0.28	up	0.68	0.31999999999999995	weakly_stable_transitional	stable_up_identity	weakly_stable_transitional_up
WT_106	100	0.68	0.03	0.29	up	0.68	0.31999999999999995	weakly_stable_transitional	stable_up_identity	weakly_stable_transitional_up
WT_117	100	0.68	0.04	0.28	up	0.68	0.31999999999999995	weakly_stable_transitional	stable_up_identity	weakly_stable_transitional_up
WT_120	100	0.68	0.03	0.29	up	0.68	0.31999999999999995	weakly_stable_transitional	stable_up_identity	weakly_stable_transitional_up
WT_122	100	0.68	0.01	0.31	up	0.68	0.31999999999999995	weakly_stable_transitional	stable_up_identity	weakly_stable_transitional_up
WT_127	100	0.68	0.05	0.27	up	0.68	0.31999999999999995	weakly_stable_transitional	stable_up_identity	weakly_stable_transitional_up
WT_137	100	0.68	0.04	0.28	up	0.68	0.31999999999999995	weakly_stable_transitional	stable_up_identity	weakly_stable_transitional_up
WT_141	100	0.68	0.03	0.29	up	0.68	0.31999999999999995	weakly_stable_transitional	stable_up_identity	weakly_stable_transitional_up
WT_153	100	0.68	0.03	0.29	up	0.68	0.31999999999999995	weakly_stable_transitional	stable_up_identity	weakly_stable_transitional_up
WT_18	100	0.68	0.01	0.31	up	0.68	0.31999999999999995	weakly_stable_transitional	stable_up_identity	weakly_stable_transitional_up
WT_180	100	0.68	0.03	0.29	up	0.68	0.31999999999999995	weakly_stable_transitional	stable_up_identity	weakly_stable_transitional_up
WT_181	100	0.68	0.03	0.29	up	0.68	0.31999999999999995	weakly_stable_transitional	stable_up_identity	weakly_stable_transitional_up
WT_208	100	0.68	0.06	0.26	up	0.68	0.31999999999999995	weakly_stable_transitional	stable_up_identity	weakly_stable_transitional_up
WT_209	100	0.68	0.03	0.29	up	0.68	0.31999999999999995	weakly_stable_transitional	stable_up_identity	weakly_stable_transitional_up
WT_215	100	0.68	0.01	0.31	up	0.68	0.31999999999999995	weakly_stable_transitional	stable_up_identity	weakly_stable_transitional_up
WT_23	100	0.68	0.03	0.29	up	0.68	0.31999999999999995	weakly_stable_transitional	stable_up_identity	weakly_stable_transitional_up
WT_230	100	0.68	0.04	0.28	up	0.68	0.31999999999999995	weakly_stable_transitional	stable_up_identity	weakly_stable_transitional_up
WT_238	100	0.68	0.07	0.25	up	0.68	0.31999999999999995	weakly_stable_transitional	stable_up_identity	weakly_stable_transitional_up
WT_257	100	0.68	0.06	0.26	up	0.68	0.31999999999999995	weakly_stable_transitional	stable_up_identity	weakly_stable_transitional_up
WT_261	100	0.68	0.02	0.3	up	0.68	0.31999999999999995	weakly_stable_transitional	stable_up_identity	weakly_stable_transitional_up
WT_297	100	0.68	0.01	0.31	up	0.68	0.31999999999999995	weakly_stable_transitional	stable_up_identity	weakly_stable_transitional_up
WT_320	100	0.68	0.03	0.29	up	0.68	0.31999999999999995	weakly_stable_transitional	stable_up_identity	weakly_stable_transitional_up
WT_340	100	0.68	0.01	0.31	up	0.68	0.31999999999999995	weakly_stable_transitional	stable_up_identity	weakly_stable_transitional_up
WT_346	100	0.68	0.03	0.29	up	0.68	0.31999999999999995	weakly_stable_transitional	stable_up_identity	weakly_stable_transitional_up
WT_366	100	0.68	0.03	0.29	up	0.68	0.31999999999999995	weakly_stable_transitional	stable_up_identity	weakly_stable_transitional_up
WT_378	100	0.68	0.02	0.3	up	0.68	0.31999999999999995	weakly_stable_transitional	stable_up_identity	weakly_stable_transitional_up
WT_388	100	0.68	0.05	0.27	up	0.68	0.31999999999999995	weakly_stable_transitional	stable_up_identity	weakly_stable_transitional_up
WT_396	100	0.68	0.05	0.27	up	0.68	0.31999999999999995	weakly_stable_transitional	stable_up_identity	weakly_stable_transitional_up
WT_400	100	0.68	0.03	0.29	up	0.68	0.31999999999999995	weakly_stable_transitional	stable_up_identity	weakly_stable_transitional_up
WT_401	100	0.68	0.07	0.25	up	0.68	0.31999999999999995	weakly_stable_transitional	stable_up_identity	weakly_stable_transitional_up
WT_402	100	0.68	0.04	0.28	up	0.68	0.31999999999999995	weakly_stable_transitional	stable_up_identity	weakly_stable_transitional_up
WT_410	100	0.68	0.03	0.29	up	0.68	0.31999999999999995	weakly_stable_transitional	stable_up_identity	weakly_stable_transitional_up
WT_411	100	0.68	0.04	0.28	up	0.68	0.31999999999999995	weakly_stable_transitional	stable_up_identity	weakly_stable_transitional_up
WT_486	100	0.68	0.01	0.31	up	0.68	0.31999999999999995	weakly_stable_transitional	stable_up_identity	weakly_stable_transitional_up
WT_489	100	0.68	0	0.32	up	0.68	0.31999999999999995	weakly_stable_transitional	stable_up_identity	weakly_stable_transitional_up
WT_500	100	0.68	0.01	0.31	up	0.68	0.31999999999999995	weakly_stable_transitional	stable_up_identity	weakly_stable_transitional_up
WT_501	100	0.68	0.04	0.28	up	0.68	0.31999999999999995	weakly_stable_transitional	stable_up_identity	weakly_stable_transitional_up
WT_506	100	0.68	0.01	0.31	up	0.68	0.31999999999999995	weakly_stable_transitional	stable_up_identity	weakly_stable_transitional_up
WT_533	100	0.68	0.02	0.3	up	0.68	0.31999999999999995	weakly_stable_transitional	stable_up_identity	weakly_stable_transitional_up
WT_536	100	0.68	0.02	0.3	up	0.68	0.31999999999999995	weakly_stable_transitional	stable_up_identity	weakly_stable_transitional_up
WT_539	100	0.68	0.05	0.27	up	0.68	0.31999999999999995	weakly_stable_transitional	stable_up_identity	weakly_stable_transitional_up
WT_541	100	0.68	0.02	0.3	up	0.68	0.31999999999999995	weakly_stable_transitional	stable_up_identity	weakly_stable_transitional_up
WT_548	100	0.68	0.01	0.31	up	0.68	0.31999999999999995	weakly_stable_transitional	stable_up_identity	weakly_stable_transitional_up
WT_569	100	0.68	0.03	0.29	up	0.68	0.31999999999999995	weakly_stable_transitional	stable_up_identity	weakly_stable_transitional_up
WT_591	100	0.68	0.02	0.3	up	0.68	0.31999999999999995	weakly_stable_transitional	stable_up_identity	weakly_stable_transitional_up
WT_597	100	0.68	0.05	0.27	up	0.68	0.31999999999999995	weakly_stable_transitional	stable_up_identity	weakly_stable_transitional_up
WT_604	100	0.68	0.04	0.28	up	0.68	0.31999999999999995	weakly_stable_transitional	stable_up_identity	weakly_stable_transitional_up
WT_615	100	0.68	0.03	0.29	up	0.68	0.31999999999999995	weakly_stable_transitional	stable_up_identity	weakly_stable_transitional_up
WT_616	100	0.68	0.02	0.3	up	0.68	0.31999999999999995	weakly_stable_transitional	stable_up_identity	weakly_stable_transitional_up
WT_63	100	0.68	0.02	0.3	up	0.68	0.31999999999999995	weakly_stable_transitional	stable_up_identity	weakly_stable_transitional_up
WT_631	100	0.68	0.04	0.28	up	0.68	0.31999999999999995	weakly_stable_transitional	stable_up_identity	weakly_stable_transitional_up
WT_654	100	0.68	0.04	0.28	up	0.68	0.31999999999999995	weakly_stable_transitional	stable_up_identity	weakly_stable_transitional_up
WT_666	100	0.68	0.02	0.3	up	0.68	0.31999999999999995	weakly_stable_transitional	stable_up_identity	weakly_stable_transitional_up
WT_673	100	0.68	0.02	0.3	up	0.68	0.31999999999999995	weakly_stable_transitional	stable_up_identity	weakly_stable_transitional_up
WT_681	100	0.68	0.01	0.31	up	0.68	0.31999999999999995	weakly_stable_transitional	stable_up_identity	weakly_stable_transitional_up
WT_696	100	0.68	0.04	0.28	up	0.68	0.31999999999999995	weakly_stable_transitional	stable_up_identity	weakly_stable_transitional_up
WT_707	100	0.68	0.01	0.31	up	0.68	0.31999999999999995	weakly_stable_transitional	stable_up_identity	weakly_stable_transitional_up
WT_713	100	0.68	0.02	0.3	up	0.68	0.31999999999999995	weakly_stable_transitional	stable_up_identity	weakly_stable_transitional_up
WT_718	100	0.68	0.03	0.29	up	0.68	0.31999999999999995	weakly_stable_transitional	stable_up_identity	weakly_stable_transitional_up
WT_726	100	0.68	0.03	0.29	up	0.68	0.31999999999999995	weakly_stable_transitional	stable_up_identity	weakly_stable_transitional_up
WT_728	100	0.68	0.03	0.29	up	0.68	0.31999999999999995	weakly_stable_transitional	stable_up_identity	weakly_stable_transitional_up
WT_73	100	0.68	0.02	0.3	up	0.68	0.31999999999999995	weakly_stable_transitional	stable_up_identity	weakly_stable_transitional_up
WT_731	100	0.68	0.03	0.29	up	0.68	0.31999999999999995	weakly_stable_transitional	stable_up_identity	weakly_stable_transitional_up
WT_734	100	0.68	0.05	0.27	up	0.68	0.31999999999999995	weakly_stable_transitional	stable_up_identity	weakly_stable_transitional_up
WT_778	100	0.68	0.01	0.31	up	0.68	0.31999999999999995	weakly_stable_transitional	stable_up_identity	weakly_stable_transitional_up
WT_779	100	0.68	0.04	0.28	up	0.68	0.31999999999999995	weakly_stable_transitional	stable_up_identity	weakly_stable_transitional_up
WT_781	100	0.68	0.04	0.28	up	0.68	0.31999999999999995	weakly_stable_transitional	stable_up_identity	weakly_stable_transitional_up
WT_794	100	0.68	0.05	0.27	up	0.68	0.31999999999999995	weakly_stable_transitional	stable_up_identity	weakly_stable_transitional_up
WT_799	100	0.68	0.03	0.29	up	0.68	0.31999999999999995	weakly_stable_transitional	stable_up_identity	weakly_stable_transitional_up
WT_802	100	0.68	0.04	0.28	up	0.68	0.31999999999999995	weakly_stable_transitional	stable_up_identity	weakly_stable_transitional_up
WT_807	100	0.68	0	0.32	up	0.68	0.31999999999999995	weakly_stable_transitional	stable_up_identity	weakly_stable_transitional_up
WT_817	100	0.68	0.06	0.26	up	0.68	0.31999999999999995	weakly_stable_transitional	stable_up_identity	weakly_stable_transitional_up
WT_832	100	0.68	0.04	0.28	up	0.68	0.31999999999999995	weakly_stable_transitional	stable_up_identity	weakly_stable_transitional_up
WT_835	100	0.68	0.04	0.28	up	0.68	0.31999999999999995	weakly_stable_transitional	stable_up_identity	weakly_stable_transitional_up
WT_860	100	0.68	0.02	0.3	up	0.68	0.31999999999999995	weakly_stable_transitional	stable_up_identity	weakly_stable_transitional_up
WT_868	100	0.68	0.01	0.31	up	0.68	0.31999999999999995	weakly_stable_transitional	stable_up_identity	weakly_stable_transitional_up
WT_876	100	0.68	0.05	0.27	up	0.68	0.31999999999999995	weakly_stable_transitional	stable_up_identity	weakly_stable_transitional_up
WT_88	100	0.68	0.06	0.26	up	0.68	0.31999999999999995	weakly_stable_transitional	stable_up_identity	weakly_stable_transitional_up
WT_918	100	0.68	0.04	0.28	up	0.68	0.31999999999999995	weakly_stable_transitional	stable_up_identity	weakly_stable_transitional_up
WT_928	100	0.68	0.03	0.29	up	0.68	0.31999999999999995	weakly_stable_transitional	stable_up_identity	weakly_stable_transitional_up
WT_991	100	0.68	0.01	0.31	up	0.68	0.31999999999999995	weakly_stable_transitional	stable_up_identity	weakly_stable_transitional_up
WT_993	100	0.68	0.01	0.31	up	0.68	0.31999999999999995	weakly_stable_transitional	stable_up_identity	weakly_stable_transitional_up
WT_101	100	0.67	0.04	0.29	up	0.67	0.32999999999999996	weakly_stable_transitional	stable_up_identity	weakly_stable_transitional_up
WT_115	100	0.67	0.03	0.3	up	0.67	0.32999999999999996	weakly_stable_transitional	stable_up_identity	weakly_stable_transitional_up
WT_118	100	0.67	0.02	0.31	up	0.67	0.32999999999999996	weakly_stable_transitional	stable_up_identity	weakly_stable_transitional_up
WT_132	100	0.67	0.03	0.3	up	0.67	0.32999999999999996	weakly_stable_transitional	stable_up_identity	weakly_stable_transitional_up
WT_148	100	0.67	0.02	0.31	up	0.67	0.32999999999999996	weakly_stable_transitional	stable_up_identity	weakly_stable_transitional_up
WT_156	100	0.67	0.05	0.28	up	0.67	0.32999999999999996	weakly_stable_transitional	stable_up_identity	weakly_stable_transitional_up
WT_158	100	0.67	0.05	0.28	up	0.67	0.32999999999999996	weakly_stable_transitional	stable_up_identity	weakly_stable_transitional_up
WT_17	100	0.67	0.03	0.3	up	0.67	0.32999999999999996	weakly_stable_transitional	stable_up_identity	weakly_stable_transitional_up
WT_187	100	0.67	0.08	0.25	up	0.67	0.32999999999999996	weakly_stable_transitional	stable_up_identity	weakly_stable_transitional_up
WT_198	100	0.67	0	0.33	up	0.67	0.32999999999999996	weakly_stable_transitional	stable_up_identity	weakly_stable_transitional_up
WT_213	100	0.67	0.03	0.3	up	0.67	0.32999999999999996	weakly_stable_transitional	stable_up_identity	weakly_stable_transitional_up
WT_222	100	0.67	0.03	0.3	up	0.67	0.32999999999999996	weakly_stable_transitional	stable_up_identity	weakly_stable_transitional_up
WT_229	100	0.67	0.03	0.3	up	0.67	0.32999999999999996	weakly_stable_transitional	stable_up_identity	weakly_stable_transitional_up
WT_273	100	0.67	0.07	0.26	up	0.67	0.32999999999999996	weakly_stable_transitional	stable_up_identity	weakly_stable_transitional_up
WT_278	100	0.67	0.03	0.3	up	0.67	0.32999999999999996	weakly_stable_transitional	stable_up_identity	weakly_stable_transitional_up
WT_282	100	0.67	0.03	0.3	up	0.67	0.32999999999999996	weakly_stable_transitional	stable_up_identity	weakly_stable_transitional_up
WT_288	100	0.67	0.07	0.26	up	0.67	0.32999999999999996	weakly_stable_transitional	stable_up_identity	weakly_stable_transitional_up
WT_33	100	0.67	0.02	0.31	up	0.67	0.32999999999999996	weakly_stable_transitional	stable_up_identity	weakly_stable_transitional_up
WT_331	100	0.67	0.05	0.28	up	0.67	0.32999999999999996	weakly_stable_transitional	stable_up_identity	weakly_stable_transitional_up
WT_338	100	0.67	0.03	0.3	up	0.67	0.32999999999999996	weakly_stable_transitional	stable_up_identity	weakly_stable_transitional_up
WT_345	100	0.67	0.04	0.29	up	0.67	0.32999999999999996	weakly_stable_transitional	stable_up_identity	weakly_stable_transitional_up
WT_350	100	0.67	0.06	0.27	up	0.67	0.32999999999999996	weakly_stable_transitional	stable_up_identity	weakly_stable_transitional_up
WT_356	100	0.67	0.04	0.29	up	0.67	0.32999999999999996	weakly_stable_transitional	stable_up_identity	weakly_stable_transitional_up
WT_358	100	0.67	0.05	0.28	up	0.67	0.32999999999999996	weakly_stable_transitional	stable_up_identity	weakly_stable_transitional_up
WT_367	100	0.67	0.01	0.32	up	0.67	0.32999999999999996	weakly_stable_transitional	stable_up_identity	weakly_stable_transitional_up
WT_37	100	0.67	0.02	0.31	up	0.67	0.32999999999999996	weakly_stable_transitional	stable_up_identity	weakly_stable_transitional_up
WT_377	100	0.67	0.05	0.28	up	0.67	0.32999999999999996	weakly_stable_transitional	stable_up_identity	weakly_stable_transitional_up
WT_382	100	0.67	0.05	0.28	up	0.67	0.32999999999999996	weakly_stable_transitional	stable_up_identity	weakly_stable_transitional_up
WT_390	100	0.67	0.01	0.32	up	0.67	0.32999999999999996	weakly_stable_transitional	stable_up_identity	weakly_stable_transitional_up
WT_397	100	0.67	0.03	0.3	up	0.67	0.32999999999999996	weakly_stable_transitional	stable_up_identity	weakly_stable_transitional_up
WT_403	100	0.67	0.04	0.29	up	0.67	0.32999999999999996	weakly_stable_transitional	stable_up_identity	weakly_stable_transitional_up
WT_423	100	0.67	0.06	0.27	up	0.67	0.32999999999999996	weakly_stable_transitional	stable_up_identity	weakly_stable_transitional_up
WT_427	100	0.67	0.03	0.3	up	0.67	0.32999999999999996	weakly_stable_transitional	stable_up_identity	weakly_stable_transitional_up
WT_43	100	0.67	0.06	0.27	up	0.67	0.32999999999999996	weakly_stable_transitional	stable_up_identity	weakly_stable_transitional_up
WT_430	100	0.67	0.04	0.29	up	0.67	0.32999999999999996	weakly_stable_transitional	stable_up_identity	weakly_stable_transitional_up
WT_437	100	0.67	0.03	0.3	up	0.67	0.32999999999999996	weakly_stable_transitional	stable_up_identity	weakly_stable_transitional_up
WT_444	100	0.67	0.03	0.3	up	0.67	0.32999999999999996	weakly_stable_transitional	stable_up_identity	weakly_stable_transitional_up
WT_448	100	0.67	0.04	0.29	up	0.67	0.32999999999999996	weakly_stable_transitional	stable_up_identity	weakly_stable_transitional_up
WT_465	100	0.67	0.08	0.25	up	0.67	0.32999999999999996	weakly_stable_transitional	stable_up_identity	weakly_stable_transitional_up
WT_526	100	0.67	0.03	0.3	up	0.67	0.32999999999999996	weakly_stable_transitional	stable_up_identity	weakly_stable_transitional_up
WT_538	100	0.67	0.02	0.31	up	0.67	0.32999999999999996	weakly_stable_transitional	stable_up_identity	weakly_stable_transitional_up
WT_547	100	0.67	0.04	0.29	up	0.67	0.32999999999999996	weakly_stable_transitional	stable_up_identity	weakly_stable_transitional_up
WT_552	100	0.67	0.05	0.28	up	0.67	0.32999999999999996	weakly_stable_transitional	stable_up_identity	weakly_stable_transitional_up
WT_557	100	0.67	0.04	0.29	up	0.67	0.32999999999999996	weakly_stable_transitional	stable_up_identity	weakly_stable_transitional_up
WT_57	100	0.67	0.01	0.32	up	0.67	0.32999999999999996	weakly_stable_transitional	stable_up_identity	weakly_stable_transitional_up
WT_603	100	0.67	0.03	0.3	up	0.67	0.32999999999999996	weakly_stable_transitional	stable_up_identity	weakly_stable_transitional_up
WT_612	100	0.67	0.04	0.29	up	0.67	0.32999999999999996	weakly_stable_transitional	stable_up_identity	weakly_stable_transitional_up
WT_622	100	0.67	0.04	0.29	up	0.67	0.32999999999999996	weakly_stable_transitional	stable_up_identity	weakly_stable_transitional_up
WT_633	100	0.67	0.03	0.3	up	0.67	0.32999999999999996	weakly_stable_transitional	stable_up_identity	weakly_stable_transitional_up
WT_641	100	0.67	0.03	0.3	up	0.67	0.32999999999999996	weakly_stable_transitional	stable_up_identity	weakly_stable_transitional_up
WT_657	100	0.67	0.03	0.3	up	0.67	0.32999999999999996	weakly_stable_transitional	stable_up_identity	weakly_stable_transitional_up
WT_672	100	0.67	0.03	0.3	up	0.67	0.32999999999999996	weakly_stable_transitional	stable_up_identity	weakly_stable_transitional_up
WT_685	100	0.67	0.03	0.3	up	0.67	0.32999999999999996	weakly_stable_transitional	stable_up_identity	weakly_stable_transitional_up
WT_697	100	0.67	0.03	0.3	up	0.67	0.32999999999999996	weakly_stable_transitional	stable_up_identity	weakly_stable_transitional_up
WT_715	100	0.67	0.04	0.29	up	0.67	0.32999999999999996	weakly_stable_transitional	stable_up_identity	weakly_stable_transitional_up
WT_721	100	0.67	0.03	0.3	up	0.67	0.32999999999999996	weakly_stable_transitional	stable_up_identity	weakly_stable_transitional_up
WT_739	100	0.67	0.04	0.29	up	0.67	0.32999999999999996	weakly_stable_transitional	stable_up_identity	weakly_stable_transitional_up
WT_748	100	0.67	0.02	0.31	up	0.67	0.32999999999999996	weakly_stable_transitional	stable_up_identity	weakly_stable_transitional_up
WT_756	100	0.67	0.04	0.29	up	0.67	0.32999999999999996	weakly_stable_transitional	stable_up_identity	weakly_stable_transitional_up
WT_772	100	0.67	0.03	0.3	up	0.67	0.32999999999999996	weakly_stable_transitional	stable_up_identity	weakly_stable_transitional_up
WT_785	100	0.67	0.02	0.31	up	0.67	0.32999999999999996	weakly_stable_transitional	stable_up_identity	weakly_stable_transitional_up
WT_795	100	0.67	0.01	0.32	up	0.67	0.32999999999999996	weakly_stable_transitional	stable_up_identity	weakly_stable_transitional_up
WT_796	100	0.67	0.05	0.28	up	0.67	0.32999999999999996	weakly_stable_transitional	stable_up_identity	weakly_stable_transitional_up
WT_800	100	0.67	0.01	0.32	up	0.67	0.32999999999999996	weakly_stable_transitional	stable_up_identity	weakly_stable_transitional_up
WT_813	100	0.67	0.04	0.29	up	0.67	0.32999999999999996	weakly_stable_transitional	stable_up_identity	weakly_stable_transitional_up
WT_839	100	0.67	0.03	0.3	up	0.67	0.32999999999999996	weakly_stable_transitional	stable_up_identity	weakly_stable_transitional_up
WT_84	100	0.67	0.05	0.28	up	0.67	0.32999999999999996	weakly_stable_transitional	stable_up_identity	weakly_stable_transitional_up
WT_845	100	0.67	0.01	0.32	up	0.67	0.32999999999999996	weakly_stable_transitional	stable_up_identity	weakly_stable_transitional_up
WT_85	100	0.67	0.03	0.3	up	0.67	0.32999999999999996	weakly_stable_transitional	stable_up_identity	weakly_stable_transitional_up
WT_850	100	0.67	0	0.33	up	0.67	0.32999999999999996	weakly_stable_transitional	stable_up_identity	weakly_stable_transitional_up
WT_857	100	0.67	0.02	0.31	up	0.67	0.32999999999999996	weakly_stable_transitional	stable_up_identity	weakly_stable_transitional_up
WT_867	100	0.67	0.04	0.29	up	0.67	0.32999999999999996	weakly_stable_transitional	stable_up_identity	weakly_stable_transitional_up
WT_871	100	0.67	0.03	0.3	up	0.67	0.32999999999999996	weakly_stable_transitional	stable_up_identity	weakly_stable_transitional_up
WT_885	100	0.67	0.02	0.31	up	0.67	0.32999999999999996	weakly_stable_transitional	stable_up_identity	weakly_stable_transitional_up
WT_890	100	0.67	0.05	0.28	up	0.67	0.32999999999999996	weakly_stable_transitional	stable_up_identity	weakly_stable_transitional_up
WT_892	100	0.67	0.03	0.3	up	0.67	0.32999999999999996	weakly_stable_transitional	stable_up_identity	weakly_stable_transitional_up
WT_895	100	0.67	0.01	0.32	up	0.67	0.32999999999999996	weakly_stable_transitional	stable_up_identity	weakly_stable_transitional_up
WT_9	100	0.67	0.01	0.32	up	0.67	0.32999999999999996	weakly_stable_transitional	stable_up_identity	weakly_stable_transitional_up
WT_902	100	0.67	0.03	0.3	up	0.67	0.32999999999999996	weakly_stable_transitional	stable_up_identity	weakly_stable_transitional_up
WT_903	100	0.67	0.04	0.29	up	0.67	0.32999999999999996	weakly_stable_transitional	stable_up_identity	weakly_stable_transitional_up
WT_906	100	0.67	0.04	0.29	up	0.67	0.32999999999999996	weakly_stable_transitional	stable_up_identity	weakly_stable_transitional_up
WT_910	100	0.67	0.03	0.3	up	0.67	0.32999999999999996	weakly_stable_transitional	stable_up_identity	weakly_stable_transitional_up
WT_914	100	0.67	0.02	0.31	up	0.67	0.32999999999999996	weakly_stable_transitional	stable_up_identity	weakly_stable_transitional_up
WT_926	100	0.67	0.04	0.29	up	0.67	0.32999999999999996	weakly_stable_transitional	stable_up_identity	weakly_stable_transitional_up
WT_927	100	0.67	0.05	0.28	up	0.67	0.32999999999999996	weakly_stable_transitional	stable_up_identity	weakly_stable_transitional_up
WT_929	100	0.67	0.03	0.3	up	0.67	0.32999999999999996	weakly_stable_transitional	stable_up_identity	weakly_stable_transitional_up
WT_933	100	0.67	0.04	0.29	up	0.67	0.32999999999999996	weakly_stable_transitional	stable_up_identity	weakly_stable_transitional_up
WT_934	100	0.67	0.03	0.3	up	0.67	0.32999999999999996	weakly_stable_transitional	stable_up_identity	weakly_stable_transitional_up
WT_938	100	0.67	0.04	0.29	up	0.67	0.32999999999999996	weakly_stable_transitional	stable_up_identity	weakly_stable_transitional_up
WT_96	100	0.67	0.05	0.28	up	0.67	0.32999999999999996	weakly_stable_transitional	stable_up_identity	weakly_stable_transitional_up
WT_97	100	0.67	0.01	0.32	up	0.67	0.32999999999999996	weakly_stable_transitional	stable_up_identity	weakly_stable_transitional_up
WT_977	100	0.67	0.05	0.28	up	0.67	0.32999999999999996	weakly_stable_transitional	stable_up_identity	weakly_stable_transitional_up
WT_983	100	0.67	0.03	0.3	up	0.67	0.32999999999999996	weakly_stable_transitional	stable_up_identity	weakly_stable_transitional_up
WT_984	100	0.67	0.04	0.29	up	0.67	0.32999999999999996	weakly_stable_transitional	stable_up_identity	weakly_stable_transitional_up
WT_999	100	0.67	0.05	0.28	up	0.67	0.32999999999999996	weakly_stable_transitional	stable_up_identity	weakly_stable_transitional_up
WT_108	100	0.66	0.02	0.32	up	0.66	0.33999999999999997	weakly_stable_transitional	stable_up_identity	weakly_stable_transitional_up
WT_11	100	0.66	0.04	0.3	up	0.66	0.33999999999999997	weakly_stable_transitional	stable_up_identity	weakly_stable_transitional_up
WT_124	100	0.66	0.01	0.33	up	0.66	0.33999999999999997	weakly_stable_transitional	stable_up_identity	weakly_stable_transitional_up
WT_134	100	0.66	0.02	0.32	up	0.66	0.33999999999999997	weakly_stable_transitional	stable_up_identity	weakly_stable_transitional_up
WT_135	100	0.66	0.01	0.33	up	0.66	0.33999999999999997	weakly_stable_transitional	stable_up_identity	weakly_stable_transitional_up
WT_159	100	0.66	0.05	0.29	up	0.66	0.33999999999999997	weakly_stable_transitional	stable_up_identity	weakly_stable_transitional_up
WT_161	100	0.66	0.05	0.29	up	0.66	0.33999999999999997	weakly_stable_transitional	stable_up_identity	weakly_stable_transitional_up
WT_165	100	0.66	0.04	0.3	up	0.66	0.33999999999999997	weakly_stable_transitional	stable_up_identity	weakly_stable_transitional_up
WT_170	100	0.66	0.02	0.32	up	0.66	0.33999999999999997	weakly_stable_transitional	stable_up_identity	weakly_stable_transitional_up
WT_174	100	0.66	0.04	0.3	up	0.66	0.33999999999999997	weakly_stable_transitional	stable_up_identity	weakly_stable_transitional_up
WT_200	100	0.66	0.02	0.32	up	0.66	0.33999999999999997	weakly_stable_transitional	stable_up_identity	weakly_stable_transitional_up
WT_204	100	0.66	0.02	0.32	up	0.66	0.33999999999999997	weakly_stable_transitional	stable_up_identity	weakly_stable_transitional_up
WT_220	100	0.66	0.01	0.33	up	0.66	0.33999999999999997	weakly_stable_transitional	stable_up_identity	weakly_stable_transitional_up
WT_24	100	0.66	0.07	0.27	up	0.66	0.33999999999999997	weakly_stable_transitional	stable_up_identity	weakly_stable_transitional_up
WT_25	100	0.66	0.02	0.32	up	0.66	0.33999999999999997	weakly_stable_transitional	stable_up_identity	weakly_stable_transitional_up
WT_258	100	0.66	0.01	0.33	up	0.66	0.33999999999999997	weakly_stable_transitional	stable_up_identity	weakly_stable_transitional_up
WT_259	100	0.66	0.02	0.32	up	0.66	0.33999999999999997	weakly_stable_transitional	stable_up_identity	weakly_stable_transitional_up
WT_263	100	0.66	0.04	0.3	up	0.66	0.33999999999999997	weakly_stable_transitional	stable_up_identity	weakly_stable_transitional_up
WT_271	100	0.66	0.01	0.33	up	0.66	0.33999999999999997	weakly_stable_transitional	stable_up_identity	weakly_stable_transitional_up
WT_284	100	0.66	0.02	0.32	up	0.66	0.33999999999999997	weakly_stable_transitional	stable_up_identity	weakly_stable_transitional_up
WT_295	100	0.66	0.05	0.29	up	0.66	0.33999999999999997	weakly_stable_transitional	stable_up_identity	weakly_stable_transitional_up
WT_309	100	0.66	0.09	0.25	up	0.66	0.33999999999999997	weakly_stable_transitional	stable_up_identity	weakly_stable_transitional_up
WT_337	100	0.66	0.03	0.31	up	0.66	0.33999999999999997	weakly_stable_transitional	stable_up_identity	weakly_stable_transitional_up
WT_342	100	0.66	0.02	0.32	up	0.66	0.33999999999999997	weakly_stable_transitional	stable_up_identity	weakly_stable_transitional_up
WT_349	100	0.66	0.04	0.3	up	0.66	0.33999999999999997	weakly_stable_transitional	stable_up_identity	weakly_stable_transitional_up
WT_354	100	0.66	0.04	0.3	up	0.66	0.33999999999999997	weakly_stable_transitional	stable_up_identity	weakly_stable_transitional_up
WT_355	100	0.66	0.01	0.33	up	0.66	0.33999999999999997	weakly_stable_transitional	stable_up_identity	weakly_stable_transitional_up
WT_359	100	0.66	0.03	0.31	up	0.66	0.33999999999999997	weakly_stable_transitional	stable_up_identity	weakly_stable_transitional_up
WT_362	100	0.66	0.05	0.29	up	0.66	0.33999999999999997	weakly_stable_transitional	stable_up_identity	weakly_stable_transitional_up
WT_365	100	0.66	0.03	0.31	up	0.66	0.33999999999999997	weakly_stable_transitional	stable_up_identity	weakly_stable_transitional_up
WT_375	100	0.66	0.08	0.26	up	0.66	0.33999999999999997	weakly_stable_transitional	stable_up_identity	weakly_stable_transitional_up
WT_376	100	0.66	0.02	0.32	up	0.66	0.33999999999999997	weakly_stable_transitional	stable_up_identity	weakly_stable_transitional_up
WT_385	100	0.66	0.08	0.26	up	0.66	0.33999999999999997	weakly_stable_transitional	stable_up_identity	weakly_stable_transitional_up
WT_418	100	0.66	0.05	0.29	up	0.66	0.33999999999999997	weakly_stable_transitional	stable_up_identity	weakly_stable_transitional_up
WT_42	100	0.66	0.01	0.33	up	0.66	0.33999999999999997	weakly_stable_transitional	stable_up_identity	weakly_stable_transitional_up
WT_429	100	0.66	0.05	0.29	up	0.66	0.33999999999999997	weakly_stable_transitional	stable_up_identity	weakly_stable_transitional_up
WT_435	100	0.66	0.02	0.32	up	0.66	0.33999999999999997	weakly_stable_transitional	stable_up_identity	weakly_stable_transitional_up
WT_436	100	0.66	0.04	0.3	up	0.66	0.33999999999999997	weakly_stable_transitional	stable_up_identity	weakly_stable_transitional_up
WT_467	100	0.66	0.05	0.29	up	0.66	0.33999999999999997	weakly_stable_transitional	stable_up_identity	weakly_stable_transitional_up
WT_487	100	0.66	0.01	0.33	up	0.66	0.33999999999999997	weakly_stable_transitional	stable_up_identity	weakly_stable_transitional_up
WT_494	100	0.66	0.02	0.32	up	0.66	0.33999999999999997	weakly_stable_transitional	stable_up_identity	weakly_stable_transitional_up
WT_495	100	0.66	0.05	0.29	up	0.66	0.33999999999999997	weakly_stable_transitional	stable_up_identity	weakly_stable_transitional_up
WT_514	100	0.66	0.02	0.32	up	0.66	0.33999999999999997	weakly_stable_transitional	stable_up_identity	weakly_stable_transitional_up
WT_515	100	0.66	0.06	0.28	up	0.66	0.33999999999999997	weakly_stable_transitional	stable_up_identity	weakly_stable_transitional_up
WT_540	100	0.66	0.02	0.32	up	0.66	0.33999999999999997	weakly_stable_transitional	stable_up_identity	weakly_stable_transitional_up
WT_542	100	0.66	0.05	0.29	up	0.66	0.33999999999999997	weakly_stable_transitional	stable_up_identity	weakly_stable_transitional_up
WT_546	100	0.66	0.04	0.3	up	0.66	0.33999999999999997	weakly_stable_transitional	stable_up_identity	weakly_stable_transitional_up
WT_550	100	0.66	0.04	0.3	up	0.66	0.33999999999999997	weakly_stable_transitional	stable_up_identity	weakly_stable_transitional_up
WT_561	100	0.66	0.03	0.31	up	0.66	0.33999999999999997	weakly_stable_transitional	stable_up_identity	weakly_stable_transitional_up
WT_574	100	0.66	0.04	0.3	up	0.66	0.33999999999999997	weakly_stable_transitional	stable_up_identity	weakly_stable_transitional_up
WT_584	100	0.66	0.03	0.31	up	0.66	0.33999999999999997	weakly_stable_transitional	stable_up_identity	weakly_stable_transitional_up
WT_589	100	0.66	0.03	0.31	up	0.66	0.33999999999999997	weakly_stable_transitional	stable_up_identity	weakly_stable_transitional_up
WT_61	100	0.66	0.01	0.33	up	0.66	0.33999999999999997	weakly_stable_transitional	stable_up_identity	weakly_stable_transitional_up
WT_626	100	0.66	0.02	0.32	up	0.66	0.33999999999999997	weakly_stable_transitional	stable_up_identity	weakly_stable_transitional_up
WT_632	100	0.66	0.05	0.29	up	0.66	0.33999999999999997	weakly_stable_transitional	stable_up_identity	weakly_stable_transitional_up
WT_635	100	0.66	0.05	0.29	up	0.66	0.33999999999999997	weakly_stable_transitional	stable_up_identity	weakly_stable_transitional_up
WT_638	100	0.66	0.03	0.31	up	0.66	0.33999999999999997	weakly_stable_transitional	stable_up_identity	weakly_stable_transitional_up
WT_651	100	0.66	0.03	0.31	up	0.66	0.33999999999999997	weakly_stable_transitional	stable_up_identity	weakly_stable_transitional_up
WT_658	100	0.66	0.03	0.31	up	0.66	0.33999999999999997	weakly_stable_transitional	stable_up_identity	weakly_stable_transitional_up
WT_663	100	0.66	0.04	0.3	up	0.66	0.33999999999999997	weakly_stable_transitional	stable_up_identity	weakly_stable_transitional_up
WT_679	100	0.66	0.03	0.31	up	0.66	0.33999999999999997	weakly_stable_transitional	stable_up_identity	weakly_stable_transitional_up
WT_694	100	0.66	0.04	0.3	up	0.66	0.33999999999999997	weakly_stable_transitional	stable_up_identity	weakly_stable_transitional_up
WT_704	100	0.66	0.05	0.29	up	0.66	0.33999999999999997	weakly_stable_transitional	stable_up_identity	weakly_stable_transitional_up
WT_708	100	0.66	0.02	0.32	up	0.66	0.33999999999999997	weakly_stable_transitional	stable_up_identity	weakly_stable_transitional_up
WT_710	100	0.66	0.02	0.32	up	0.66	0.33999999999999997	weakly_stable_transitional	stable_up_identity	weakly_stable_transitional_up
WT_720	100	0.66	0.02	0.32	up	0.66	0.33999999999999997	weakly_stable_transitional	stable_up_identity	weakly_stable_transitional_up
WT_733	100	0.66	0.05	0.29	up	0.66	0.33999999999999997	weakly_stable_transitional	stable_up_identity	weakly_stable_transitional_up
WT_737	100	0.66	0.06	0.28	up	0.66	0.33999999999999997	weakly_stable_transitional	stable_up_identity	weakly_stable_transitional_up
WT_741	100	0.66	0.03	0.31	up	0.66	0.33999999999999997	weakly_stable_transitional	stable_up_identity	weakly_stable_transitional_up
WT_751	100	0.66	0.02	0.32	up	0.66	0.33999999999999997	weakly_stable_transitional	stable_up_identity	weakly_stable_transitional_up
WT_764	100	0.66	0.02	0.32	up	0.66	0.33999999999999997	weakly_stable_transitional	stable_up_identity	weakly_stable_transitional_up
WT_777	100	0.66	0.02	0.32	up	0.66	0.33999999999999997	weakly_stable_transitional	stable_up_identity	weakly_stable_transitional_up
WT_780	100	0.66	0	0.34	up	0.66	0.33999999999999997	weakly_stable_transitional	stable_up_identity	weakly_stable_transitional_up
WT_8	100	0.66	0.01	0.33	up	0.66	0.33999999999999997	weakly_stable_transitional	stable_up_identity	weakly_stable_transitional_up
WT_80	100	0.66	0.02	0.32	up	0.66	0.33999999999999997	weakly_stable_transitional	stable_up_identity	weakly_stable_transitional_up
WT_803	100	0.66	0.06	0.28	up	0.66	0.33999999999999997	weakly_stable_transitional	stable_up_identity	weakly_stable_transitional_up
WT_833	100	0.66	0.05	0.29	up	0.66	0.33999999999999997	weakly_stable_transitional	stable_up_identity	weakly_stable_transitional_up
WT_838	100	0.66	0.04	0.3	up	0.66	0.33999999999999997	weakly_stable_transitional	stable_up_identity	weakly_stable_transitional_up
WT_887	100	0.66	0.06	0.28	up	0.66	0.33999999999999997	weakly_stable_transitional	stable_up_identity	weakly_stable_transitional_up
WT_894	100	0.66	0.02	0.32	up	0.66	0.33999999999999997	weakly_stable_transitional	stable_up_identity	weakly_stable_transitional_up
WT_90	100	0.66	0.03	0.31	up	0.66	0.33999999999999997	weakly_stable_transitional	stable_up_identity	weakly_stable_transitional_up
WT_901	100	0.66	0.01	0.33	up	0.66	0.33999999999999997	weakly_stable_transitional	stable_up_identity	weakly_stable_transitional_up
WT_91	100	0.66	0.02	0.32	up	0.66	0.33999999999999997	weakly_stable_transitional	stable_up_identity	weakly_stable_transitional_up
WT_92	100	0.66	0.03	0.31	up	0.66	0.33999999999999997	weakly_stable_transitional	stable_up_identity	weakly_stable_transitional_up
WT_921	100	0.66	0.02	0.32	up	0.66	0.33999999999999997	weakly_stable_transitional	stable_up_identity	weakly_stable_transitional_up
WT_923	100	0.66	0.04	0.3	up	0.66	0.33999999999999997	weakly_stable_transitional	stable_up_identity	weakly_stable_transitional_up
WT_941	100	0.66	0.05	0.29	up	0.66	0.33999999999999997	weakly_stable_transitional	stable_up_identity	weakly_stable_transitional_up
WT_963	100	0.66	0.06	0.28	up	0.66	0.33999999999999997	weakly_stable_transitional	stable_up_identity	weakly_stable_transitional_up
WT_976	100	0.66	0.01	0.33	up	0.66	0.33999999999999997	weakly_stable_transitional	stable_up_identity	weakly_stable_transitional_up
WT_986	100	0.66	0.02	0.32	up	0.66	0.33999999999999997	weakly_stable_transitional	stable_up_identity	weakly_stable_transitional_up
WT_114	100	0.65	0.02	0.33	up	0.65	0.35	weakly_stable_transitional	stable_up_identity	weakly_stable_transitional_up
WT_121	100	0.65	0.05	0.3	up	0.65	0.35	weakly_stable_transitional	stable_up_identity	weakly_stable_transitional_up
WT_139	100	0.65	0.06	0.29	up	0.65	0.35	weakly_stable_transitional	stable_up_identity	weakly_stable_transitional_up
WT_145	100	0.65	0.03	0.32	up	0.65	0.35	weakly_stable_transitional	stable_up_identity	weakly_stable_transitional_up
WT_152	100	0.65	0.05	0.3	up	0.65	0.35	weakly_stable_transitional	stable_up_identity	weakly_stable_transitional_up
WT_155	100	0.65	0.03	0.32	up	0.65	0.35	weakly_stable_transitional	stable_up_identity	weakly_stable_transitional_up
WT_199	100	0.65	0.07	0.28	up	0.65	0.35	weakly_stable_transitional	stable_up_identity	weakly_stable_transitional_up
WT_207	100	0.65	0.05	0.3	up	0.65	0.35	weakly_stable_transitional	stable_up_identity	weakly_stable_transitional_up
WT_217	100	0.65	0.03	0.32	up	0.65	0.35	weakly_stable_transitional	stable_up_identity	weakly_stable_transitional_up
WT_224	100	0.65	0.05	0.3	up	0.65	0.35	weakly_stable_transitional	stable_up_identity	weakly_stable_transitional_up
WT_244	100	0.65	0.03	0.32	up	0.65	0.35	weakly_stable_transitional	stable_up_identity	weakly_stable_transitional_up
WT_248	100	0.65	0.04	0.31	up	0.65	0.35	weakly_stable_transitional	stable_up_identity	weakly_stable_transitional_up
WT_253	100	0.65	0.03	0.32	up	0.65	0.35	weakly_stable_transitional	stable_up_identity	weakly_stable_transitional_up
WT_265	100	0.65	0.02	0.33	up	0.65	0.35	weakly_stable_transitional	stable_up_identity	weakly_stable_transitional_up
WT_274	100	0.65	0.02	0.33	up	0.65	0.35	weakly_stable_transitional	stable_up_identity	weakly_stable_transitional_up
WT_275	100	0.65	0.02	0.33	up	0.65	0.35	weakly_stable_transitional	stable_up_identity	weakly_stable_transitional_up
WT_287	100	0.65	0.04	0.31	up	0.65	0.35	weakly_stable_transitional	stable_up_identity	weakly_stable_transitional_up
WT_29	100	0.65	0.04	0.31	up	0.65	0.35	weakly_stable_transitional	stable_up_identity	weakly_stable_transitional_up
WT_298	100	0.65	0.03	0.32	up	0.65	0.35	weakly_stable_transitional	stable_up_identity	weakly_stable_transitional_up
WT_312	100	0.65	0.05	0.3	up	0.65	0.35	weakly_stable_transitional	stable_up_identity	weakly_stable_transitional_up
WT_319	100	0.65	0	0.35	up	0.65	0.35	weakly_stable_transitional	stable_up_identity	weakly_stable_transitional_up
WT_322	100	0.65	0.05	0.3	up	0.65	0.35	weakly_stable_transitional	stable_up_identity	weakly_stable_transitional_up
WT_326	100	0.65	0.04	0.31	up	0.65	0.35	weakly_stable_transitional	stable_up_identity	weakly_stable_transitional_up
WT_343	100	0.65	0.02	0.33	up	0.65	0.35	weakly_stable_transitional	stable_up_identity	weakly_stable_transitional_up
WT_381	100	0.65	0.03	0.32	up	0.65	0.35	weakly_stable_transitional	stable_up_identity	weakly_stable_transitional_up
WT_387	100	0.65	0.03	0.32	up	0.65	0.35	weakly_stable_transitional	stable_up_identity	weakly_stable_transitional_up
WT_394	100	0.65	0.03	0.32	up	0.65	0.35	weakly_stable_transitional	stable_up_identity	weakly_stable_transitional_up
WT_405	100	0.65	0.03	0.32	up	0.65	0.35	weakly_stable_transitional	stable_up_identity	weakly_stable_transitional_up
WT_408	100	0.65	0.04	0.31	up	0.65	0.35	weakly_stable_transitional	stable_up_identity	weakly_stable_transitional_up
WT_41	100	0.65	0.04	0.31	up	0.65	0.35	weakly_stable_transitional	stable_up_identity	weakly_stable_transitional_up
WT_415	100	0.65	0.05	0.3	up	0.65	0.35	weakly_stable_transitional	stable_up_identity	weakly_stable_transitional_up
WT_420	100	0.65	0.05	0.3	up	0.65	0.35	weakly_stable_transitional	stable_up_identity	weakly_stable_transitional_up
WT_438	100	0.65	0.04	0.31	up	0.65	0.35	weakly_stable_transitional	stable_up_identity	weakly_stable_transitional_up
WT_454	100	0.65	0.04	0.31	up	0.65	0.35	weakly_stable_transitional	stable_up_identity	weakly_stable_transitional_up
WT_471	100	0.65	0.03	0.32	up	0.65	0.35	weakly_stable_transitional	stable_up_identity	weakly_stable_transitional_up
WT_503	100	0.65	0.01	0.34	up	0.65	0.35	weakly_stable_transitional	stable_up_identity	weakly_stable_transitional_up
WT_510	100	0.65	0.01	0.34	up	0.65	0.35	weakly_stable_transitional	stable_up_identity	weakly_stable_transitional_up
WT_511	100	0.65	0.02	0.33	up	0.65	0.35	weakly_stable_transitional	stable_up_identity	weakly_stable_transitional_up
WT_554	100	0.65	0.02	0.33	up	0.65	0.35	weakly_stable_transitional	stable_up_identity	weakly_stable_transitional_up
WT_577	100	0.65	0.04	0.31	up	0.65	0.35	weakly_stable_transitional	stable_up_identity	weakly_stable_transitional_up
WT_613	100	0.65	0.09	0.26	up	0.65	0.35	weakly_stable_transitional	stable_up_identity	weakly_stable_transitional_up
WT_644	100	0.65	0.04	0.31	up	0.65	0.35	weakly_stable_transitional	stable_up_identity	weakly_stable_transitional_up
WT_645	100	0.65	0.04	0.31	up	0.65	0.35	weakly_stable_transitional	stable_up_identity	weakly_stable_transitional_up
WT_65	100	0.65	0.07	0.28	up	0.65	0.35	weakly_stable_transitional	stable_up_identity	weakly_stable_transitional_up
WT_652	100	0.65	0.03	0.32	up	0.65	0.35	weakly_stable_transitional	stable_up_identity	weakly_stable_transitional_up
WT_664	100	0.65	0.01	0.34	up	0.65	0.35	weakly_stable_transitional	stable_up_identity	weakly_stable_transitional_up
WT_667	100	0.65	0.05	0.3	up	0.65	0.35	weakly_stable_transitional	stable_up_identity	weakly_stable_transitional_up
WT_668	100	0.65	0.01	0.34	up	0.65	0.35	weakly_stable_transitional	stable_up_identity	weakly_stable_transitional_up
WT_691	100	0.65	0.03	0.32	up	0.65	0.35	weakly_stable_transitional	stable_up_identity	weakly_stable_transitional_up
WT_724	100	0.65	0.04	0.31	up	0.65	0.35	weakly_stable_transitional	stable_up_identity	weakly_stable_transitional_up
WT_732	100	0.65	0.04	0.31	up	0.65	0.35	weakly_stable_transitional	stable_up_identity	weakly_stable_transitional_up
WT_738	100	0.65	0.03	0.32	up	0.65	0.35	weakly_stable_transitional	stable_up_identity	weakly_stable_transitional_up
WT_74	100	0.65	0.04	0.31	up	0.65	0.35	weakly_stable_transitional	stable_up_identity	weakly_stable_transitional_up
WT_776	100	0.65	0.04	0.31	up	0.65	0.35	weakly_stable_transitional	stable_up_identity	weakly_stable_transitional_up
WT_782	100	0.65	0.04	0.31	up	0.65	0.35	weakly_stable_transitional	stable_up_identity	weakly_stable_transitional_up
WT_809	100	0.65	0.06	0.29	up	0.65	0.35	weakly_stable_transitional	stable_up_identity	weakly_stable_transitional_up
WT_818	100	0.65	0.03	0.32	up	0.65	0.35	weakly_stable_transitional	stable_up_identity	weakly_stable_transitional_up
WT_83	100	0.65	0.02	0.33	up	0.65	0.35	weakly_stable_transitional	stable_up_identity	weakly_stable_transitional_up
WT_843	100	0.65	0.01	0.34	up	0.65	0.35	weakly_stable_transitional	stable_up_identity	weakly_stable_transitional_up
WT_861	100	0.65	0.06	0.29	up	0.65	0.35	weakly_stable_transitional	stable_up_identity	weakly_stable_transitional_up
WT_898	100	0.65	0.01	0.34	up	0.65	0.35	weakly_stable_transitional	stable_up_identity	weakly_stable_transitional_up
WT_907	100	0.65	0.04	0.31	up	0.65	0.35	weakly_stable_transitional	stable_up_identity	weakly_stable_transitional_up
WT_917	100	0.65	0.03	0.32	up	0.65	0.35	weakly_stable_transitional	stable_up_identity	weakly_stable_transitional_up
WT_93	100	0.65	0.04	0.31	up	0.65	0.35	weakly_stable_transitional	stable_up_identity	weakly_stable_transitional_up
WT_930	100	0.65	0.03	0.32	up	0.65	0.35	weakly_stable_transitional	stable_up_identity	weakly_stable_transitional_up
WT_949	100	0.65	0.04	0.31	up	0.65	0.35	weakly_stable_transitional	stable_up_identity	weakly_stable_transitional_up
WT_965	100	0.65	0.03	0.32	up	0.65	0.35	weakly_stable_transitional	stable_up_identity	weakly_stable_transitional_up
WT_966	100	0.65	0.02	0.33	up	0.65	0.35	weakly_stable_transitional	stable_up_identity	weakly_stable_transitional_up
WT_968	100	0.65	0.03	0.32	up	0.65	0.35	weakly_stable_transitional	stable_up_identity	weakly_stable_transitional_up
WT_972	100	0.65	0.03	0.32	up	0.65	0.35	weakly_stable_transitional	stable_up_identity	weakly_stable_transitional_up
WT_981	100	0.65	0.03	0.32	up	0.65	0.35	weakly_stable_transitional	stable_up_identity	weakly_stable_transitional_up
WT_105	100	0.64	0.06	0.3	up	0.64	0.36	weakly_stable_transitional	stable_up_identity	weakly_stable_transitional_up
WT_125	100	0.64	0.03	0.33	up	0.64	0.36	weakly_stable_transitional	stable_up_identity	weakly_stable_transitional_up
WT_143	100	0.64	0.05	0.31	up	0.64	0.36	weakly_stable_transitional	stable_up_identity	weakly_stable_transitional_up
WT_185	100	0.64	0	0.36	up	0.64	0.36	weakly_stable_transitional	stable_up_identity	weakly_stable_transitional_up
WT_191	100	0.64	0.02	0.34	up	0.64	0.36	weakly_stable_transitional	stable_up_identity	weakly_stable_transitional_up
WT_194	100	0.64	0.04	0.32	up	0.64	0.36	weakly_stable_transitional	stable_up_identity	weakly_stable_transitional_up
WT_195	100	0.64	0.05	0.31	up	0.64	0.36	weakly_stable_transitional	stable_up_identity	weakly_stable_transitional_up
WT_205	100	0.64	0.02	0.34	up	0.64	0.36	weakly_stable_transitional	stable_up_identity	weakly_stable_transitional_up
WT_234	100	0.64	0.04	0.32	up	0.64	0.36	weakly_stable_transitional	stable_up_identity	weakly_stable_transitional_up
WT_239	100	0.64	0.05	0.31	up	0.64	0.36	weakly_stable_transitional	stable_up_identity	weakly_stable_transitional_up
WT_242	100	0.64	0.03	0.33	up	0.64	0.36	weakly_stable_transitional	stable_up_identity	weakly_stable_transitional_up
WT_246	100	0.64	0.01	0.35	up	0.64	0.36	weakly_stable_transitional	stable_up_identity	weakly_stable_transitional_up
WT_255	100	0.64	0.04	0.32	up	0.64	0.36	weakly_stable_transitional	stable_up_identity	weakly_stable_transitional_up
WT_256	100	0.64	0.06	0.3	up	0.64	0.36	weakly_stable_transitional	stable_up_identity	weakly_stable_transitional_up
WT_262	100	0.64	0.04	0.32	up	0.64	0.36	weakly_stable_transitional	stable_up_identity	weakly_stable_transitional_up
WT_290	100	0.64	0.02	0.34	up	0.64	0.36	weakly_stable_transitional	stable_up_identity	weakly_stable_transitional_up
WT_294	100	0.64	0.04	0.32	up	0.64	0.36	weakly_stable_transitional	stable_up_identity	weakly_stable_transitional_up
WT_299	100	0.64	0.04	0.32	up	0.64	0.36	weakly_stable_transitional	stable_up_identity	weakly_stable_transitional_up
WT_301	100	0.64	0.03	0.33	up	0.64	0.36	weakly_stable_transitional	stable_up_identity	weakly_stable_transitional_up
WT_305	100	0.64	0.06	0.3	up	0.64	0.36	weakly_stable_transitional	stable_up_identity	weakly_stable_transitional_up
WT_32	100	0.64	0.03	0.33	up	0.64	0.36	weakly_stable_transitional	stable_up_identity	weakly_stable_transitional_up
WT_323	100	0.64	0.07	0.29	up	0.64	0.36	weakly_stable_transitional	stable_up_identity	weakly_stable_transitional_up
WT_348	100	0.64	0.04	0.32	up	0.64	0.36	weakly_stable_transitional	stable_up_identity	weakly_stable_transitional_up
WT_36	100	0.64	0.03	0.33	up	0.64	0.36	weakly_stable_transitional	stable_up_identity	weakly_stable_transitional_up
WT_406	100	0.64	0.02	0.34	up	0.64	0.36	weakly_stable_transitional	stable_up_identity	weakly_stable_transitional_up
WT_412	100	0.64	0.05	0.31	up	0.64	0.36	weakly_stable_transitional	stable_up_identity	weakly_stable_transitional_up
WT_424	100	0.64	0.04	0.32	up	0.64	0.36	weakly_stable_transitional	stable_up_identity	weakly_stable_transitional_up
WT_45	100	0.64	0.03	0.33	up	0.64	0.36	weakly_stable_transitional	stable_up_identity	weakly_stable_transitional_up
WT_46	100	0.64	0.06	0.3	up	0.64	0.36	weakly_stable_transitional	stable_up_identity	weakly_stable_transitional_up
WT_477	100	0.64	0.02	0.34	up	0.64	0.36	weakly_stable_transitional	stable_up_identity	weakly_stable_transitional_up
WT_479	100	0.64	0.08	0.28	up	0.64	0.36	weakly_stable_transitional	stable_up_identity	weakly_stable_transitional_up
WT_484	100	0.64	0.07	0.29	up	0.64	0.36	weakly_stable_transitional	stable_up_identity	weakly_stable_transitional_up
WT_519	100	0.64	0.03	0.33	up	0.64	0.36	weakly_stable_transitional	stable_up_identity	weakly_stable_transitional_up
WT_529	100	0.64	0.04	0.32	up	0.64	0.36	weakly_stable_transitional	stable_up_identity	weakly_stable_transitional_up
WT_53	100	0.64	0.07	0.29	up	0.64	0.36	weakly_stable_transitional	stable_up_identity	weakly_stable_transitional_up
WT_544	100	0.64	0.01	0.35	up	0.64	0.36	weakly_stable_transitional	stable_up_identity	weakly_stable_transitional_up
WT_55	100	0.64	0.03	0.33	up	0.64	0.36	weakly_stable_transitional	stable_up_identity	weakly_stable_transitional_up
WT_576	100	0.64	0.01	0.35	up	0.64	0.36	weakly_stable_transitional	stable_up_identity	weakly_stable_transitional_up
WT_583	100	0.64	0.05	0.31	up	0.64	0.36	weakly_stable_transitional	stable_up_identity	weakly_stable_transitional_up
WT_586	100	0.64	0.02	0.34	up	0.64	0.36	weakly_stable_transitional	stable_up_identity	weakly_stable_transitional_up
WT_601	100	0.64	0.02	0.34	up	0.64	0.36	weakly_stable_transitional	stable_up_identity	weakly_stable_transitional_up
WT_608	100	0.64	0.03	0.33	up	0.64	0.36	weakly_stable_transitional	stable_up_identity	weakly_stable_transitional_up
WT_628	100	0.64	0.04	0.32	up	0.64	0.36	weakly_stable_transitional	stable_up_identity	weakly_stable_transitional_up
WT_649	100	0.64	0.03	0.33	up	0.64	0.36	weakly_stable_transitional	stable_up_identity	weakly_stable_transitional_up
WT_665	100	0.64	0.05	0.31	up	0.64	0.36	weakly_stable_transitional	stable_up_identity	weakly_stable_transitional_up
WT_676	100	0.64	0.03	0.33	up	0.64	0.36	weakly_stable_transitional	stable_up_identity	weakly_stable_transitional_up
WT_695	100	0.64	0.05	0.31	up	0.64	0.36	weakly_stable_transitional	stable_up_identity	weakly_stable_transitional_up
WT_71	100	0.64	0.01	0.35	up	0.64	0.36	weakly_stable_transitional	stable_up_identity	weakly_stable_transitional_up
WT_742	100	0.64	0.03	0.33	up	0.64	0.36	weakly_stable_transitional	stable_up_identity	weakly_stable_transitional_up
WT_743	100	0.64	0.03	0.33	up	0.64	0.36	weakly_stable_transitional	stable_up_identity	weakly_stable_transitional_up
WT_747	100	0.64	0.1	0.26	up	0.64	0.36	weakly_stable_transitional	stable_up_identity	weakly_stable_transitional_up
WT_753	100	0.64	0.06	0.3	up	0.64	0.36	weakly_stable_transitional	stable_up_identity	weakly_stable_transitional_up
WT_758	100	0.64	0.01	0.35	up	0.64	0.36	weakly_stable_transitional	stable_up_identity	weakly_stable_transitional_up
WT_775	100	0.64	0.03	0.33	up	0.64	0.36	weakly_stable_transitional	stable_up_identity	weakly_stable_transitional_up
WT_798	100	0.64	0.04	0.32	up	0.64	0.36	weakly_stable_transitional	stable_up_identity	weakly_stable_transitional_up
WT_821	100	0.64	0.07	0.29	up	0.64	0.36	weakly_stable_transitional	stable_up_identity	weakly_stable_transitional_up
WT_846	100	0.64	0.05	0.31	up	0.64	0.36	weakly_stable_transitional	stable_up_identity	weakly_stable_transitional_up
WT_849	100	0.64	0.02	0.34	up	0.64	0.36	weakly_stable_transitional	stable_up_identity	weakly_stable_transitional_up
WT_881	100	0.64	0.01	0.35	up	0.64	0.36	weakly_stable_transitional	stable_up_identity	weakly_stable_transitional_up
WT_882	100	0.64	0.05	0.31	up	0.64	0.36	weakly_stable_transitional	stable_up_identity	weakly_stable_transitional_up
WT_899	100	0.64	0.03	0.33	up	0.64	0.36	weakly_stable_transitional	stable_up_identity	weakly_stable_transitional_up
WT_905	100	0.64	0.03	0.33	up	0.64	0.36	weakly_stable_transitional	stable_up_identity	weakly_stable_transitional_up
WT_908	100	0.64	0.03	0.33	up	0.64	0.36	weakly_stable_transitional	stable_up_identity	weakly_stable_transitional_up
WT_942	100	0.64	0.02	0.34	up	0.64	0.36	weakly_stable_transitional	stable_up_identity	weakly_stable_transitional_up
WT_975	100	0.64	0	0.36	up	0.64	0.36	weakly_stable_transitional	stable_up_identity	weakly_stable_transitional_up
WT_985	100	0.64	0.03	0.33	up	0.64	0.36	weakly_stable_transitional	stable_up_identity	weakly_stable_transitional_up
WT_150	100	0.63	0.02	0.35	up	0.63	0.37	weakly_stable_transitional	stable_up_identity	weakly_stable_transitional_up
WT_151	100	0.63	0.03	0.34	up	0.63	0.37	weakly_stable_transitional	stable_up_identity	weakly_stable_transitional_up
WT_163	100	0.63	0.02	0.35	up	0.63	0.37	weakly_stable_transitional	stable_up_identity	weakly_stable_transitional_up
WT_164	100	0.63	0.05	0.32	up	0.63	0.37	weakly_stable_transitional	stable_up_identity	weakly_stable_transitional_up
WT_182	100	0.63	0	0.37	up	0.63	0.37	weakly_stable_transitional	stable_up_identity	weakly_stable_transitional_up
WT_186	100	0.63	0.04	0.33	up	0.63	0.37	weakly_stable_transitional	stable_up_identity	weakly_stable_transitional_up
WT_188	100	0.63	0.07	0.3	up	0.63	0.37	weakly_stable_transitional	stable_up_identity	weakly_stable_transitional_up
WT_192	100	0.63	0.02	0.35	up	0.63	0.37	weakly_stable_transitional	stable_up_identity	weakly_stable_transitional_up
WT_218	100	0.63	0.04	0.33	up	0.63	0.37	weakly_stable_transitional	stable_up_identity	weakly_stable_transitional_up
WT_231	100	0.63	0.01	0.36	up	0.63	0.37	weakly_stable_transitional	stable_up_identity	weakly_stable_transitional_up
WT_235	100	0.63	0.01	0.36	up	0.63	0.37	weakly_stable_transitional	stable_up_identity	weakly_stable_transitional_up
WT_241	100	0.63	0.06	0.31	up	0.63	0.37	weakly_stable_transitional	stable_up_identity	weakly_stable_transitional_up
WT_245	100	0.63	0.06	0.31	up	0.63	0.37	weakly_stable_transitional	stable_up_identity	weakly_stable_transitional_up
WT_249	100	0.63	0.04	0.33	up	0.63	0.37	weakly_stable_transitional	stable_up_identity	weakly_stable_transitional_up
WT_267	100	0.63	0.02	0.35	up	0.63	0.37	weakly_stable_transitional	stable_up_identity	weakly_stable_transitional_up
WT_276	100	0.63	0.02	0.35	up	0.63	0.37	weakly_stable_transitional	stable_up_identity	weakly_stable_transitional_up
WT_3	100	0.63	0.09	0.28	up	0.63	0.37	weakly_stable_transitional	stable_up_identity	weakly_stable_transitional_up
WT_30	100	0.63	0.06	0.31	up	0.63	0.37	weakly_stable_transitional	stable_up_identity	weakly_stable_transitional_up
WT_303	100	0.63	0.01	0.36	up	0.63	0.37	weakly_stable_transitional	stable_up_identity	weakly_stable_transitional_up
WT_334	100	0.63	0.03	0.34	up	0.63	0.37	weakly_stable_transitional	stable_up_identity	weakly_stable_transitional_up
WT_344	100	0.63	0.03	0.34	up	0.63	0.37	weakly_stable_transitional	stable_up_identity	weakly_stable_transitional_up
WT_352	100	0.63	0.03	0.34	up	0.63	0.37	weakly_stable_transitional	stable_up_identity	weakly_stable_transitional_up
WT_353	100	0.63	0.06	0.31	up	0.63	0.37	weakly_stable_transitional	stable_up_identity	weakly_stable_transitional_up
WT_357	100	0.63	0.04	0.33	up	0.63	0.37	weakly_stable_transitional	stable_up_identity	weakly_stable_transitional_up
WT_369	100	0.63	0.04	0.33	up	0.63	0.37	weakly_stable_transitional	stable_up_identity	weakly_stable_transitional_up
WT_372	100	0.63	0.03	0.34	up	0.63	0.37	weakly_stable_transitional	stable_up_identity	weakly_stable_transitional_up
WT_417	100	0.63	0.06	0.31	up	0.63	0.37	weakly_stable_transitional	stable_up_identity	weakly_stable_transitional_up
WT_419	100	0.63	0.02	0.35	up	0.63	0.37	weakly_stable_transitional	stable_up_identity	weakly_stable_transitional_up
WT_450	100	0.63	0.05	0.32	up	0.63	0.37	weakly_stable_transitional	stable_up_identity	weakly_stable_transitional_up
WT_469	100	0.63	0.04	0.33	up	0.63	0.37	weakly_stable_transitional	stable_up_identity	weakly_stable_transitional_up
WT_47	100	0.63	0.06	0.31	up	0.63	0.37	weakly_stable_transitional	stable_up_identity	weakly_stable_transitional_up
WT_470	100	0.63	0.03	0.34	up	0.63	0.37	weakly_stable_transitional	stable_up_identity	weakly_stable_transitional_up
WT_473	100	0.63	0.02	0.35	up	0.63	0.37	weakly_stable_transitional	stable_up_identity	weakly_stable_transitional_up
WT_488	100	0.63	0.06	0.31	up	0.63	0.37	weakly_stable_transitional	stable_up_identity	weakly_stable_transitional_up
WT_497	100	0.63	0.06	0.31	up	0.63	0.37	weakly_stable_transitional	stable_up_identity	weakly_stable_transitional_up
WT_50	100	0.63	0.03	0.34	up	0.63	0.37	weakly_stable_transitional	stable_up_identity	weakly_stable_transitional_up
WT_528	100	0.63	0.05	0.32	up	0.63	0.37	weakly_stable_transitional	stable_up_identity	weakly_stable_transitional_up
WT_553	100	0.63	0.04	0.33	up	0.63	0.37	weakly_stable_transitional	stable_up_identity	weakly_stable_transitional_up
WT_572	100	0.63	0.06	0.31	up	0.63	0.37	weakly_stable_transitional	stable_up_identity	weakly_stable_transitional_up
WT_573	100	0.63	0.03	0.34	up	0.63	0.37	weakly_stable_transitional	stable_up_identity	weakly_stable_transitional_up
WT_585	100	0.63	0.04	0.33	up	0.63	0.37	weakly_stable_transitional	stable_up_identity	weakly_stable_transitional_up
WT_60	100	0.63	0.05	0.32	up	0.63	0.37	weakly_stable_transitional	stable_up_identity	weakly_stable_transitional_up
WT_610	100	0.63	0.01	0.36	up	0.63	0.37	weakly_stable_transitional	stable_up_identity	weakly_stable_transitional_up
WT_619	100	0.63	0.05	0.32	up	0.63	0.37	weakly_stable_transitional	stable_up_identity	weakly_stable_transitional_up
WT_636	100	0.63	0.06	0.31	up	0.63	0.37	weakly_stable_transitional	stable_up_identity	weakly_stable_transitional_up
WT_643	100	0.63	0.06	0.31	up	0.63	0.37	weakly_stable_transitional	stable_up_identity	weakly_stable_transitional_up
WT_660	100	0.63	0.06	0.31	up	0.63	0.37	weakly_stable_transitional	stable_up_identity	weakly_stable_transitional_up
WT_678	100	0.63	0.03	0.34	up	0.63	0.37	weakly_stable_transitional	stable_up_identity	weakly_stable_transitional_up
WT_689	100	0.63	0.04	0.33	up	0.63	0.37	weakly_stable_transitional	stable_up_identity	weakly_stable_transitional_up
WT_698	100	0.63	0.01	0.36	up	0.63	0.37	weakly_stable_transitional	stable_up_identity	weakly_stable_transitional_up
WT_702	100	0.63	0.02	0.35	up	0.63	0.37	weakly_stable_transitional	stable_up_identity	weakly_stable_transitional_up
WT_719	100	0.63	0.04	0.33	up	0.63	0.37	weakly_stable_transitional	stable_up_identity	weakly_stable_transitional_up
WT_75	100	0.63	0.04	0.33	up	0.63	0.37	weakly_stable_transitional	stable_up_identity	weakly_stable_transitional_up
WT_761	100	0.63	0.01	0.36	up	0.63	0.37	weakly_stable_transitional	stable_up_identity	weakly_stable_transitional_up
WT_766	100	0.63	0.04	0.33	up	0.63	0.37	weakly_stable_transitional	stable_up_identity	weakly_stable_transitional_up
WT_773	100	0.63	0.03	0.34	up	0.63	0.37	weakly_stable_transitional	stable_up_identity	weakly_stable_transitional_up
WT_805	100	0.63	0.02	0.35	up	0.63	0.37	weakly_stable_transitional	stable_up_identity	weakly_stable_transitional_up
WT_811	100	0.63	0.04	0.33	up	0.63	0.37	weakly_stable_transitional	stable_up_identity	weakly_stable_transitional_up
WT_841	100	0.63	0.02	0.35	up	0.63	0.37	weakly_stable_transitional	stable_up_identity	weakly_stable_transitional_up
WT_842	100	0.63	0.03	0.34	up	0.63	0.37	weakly_stable_transitional	stable_up_identity	weakly_stable_transitional_up
WT_852	100	0.63	0.03	0.34	up	0.63	0.37	weakly_stable_transitional	stable_up_identity	weakly_stable_transitional_up
WT_862	100	0.63	0.05	0.32	up	0.63	0.37	weakly_stable_transitional	stable_up_identity	weakly_stable_transitional_up
WT_873	100	0.63	0.02	0.35	up	0.63	0.37	weakly_stable_transitional	stable_up_identity	weakly_stable_transitional_up
WT_883	100	0.63	0.07	0.3	up	0.63	0.37	weakly_stable_transitional	stable_up_identity	weakly_stable_transitional_up
WT_886	100	0.63	0.02	0.35	up	0.63	0.37	weakly_stable_transitional	stable_up_identity	weakly_stable_transitional_up
WT_89	100	0.63	0.02	0.35	up	0.63	0.37	weakly_stable_transitional	stable_up_identity	weakly_stable_transitional_up
WT_911	100	0.63	0.03	0.34	up	0.63	0.37	weakly_stable_transitional	stable_up_identity	weakly_stable_transitional_up
WT_931	100	0.63	0.06	0.31	up	0.63	0.37	weakly_stable_transitional	stable_up_identity	weakly_stable_transitional_up
WT_939	100	0.63	0.03	0.34	up	0.63	0.37	weakly_stable_transitional	stable_up_identity	weakly_stable_transitional_up
WT_946	100	0.63	0.02	0.35	up	0.63	0.37	weakly_stable_transitional	stable_up_identity	weakly_stable_transitional_up
WT_952	100	0.63	0.06	0.31	up	0.63	0.37	weakly_stable_transitional	stable_up_identity	weakly_stable_transitional_up
WT_978	100	0.63	0.03	0.34	up	0.63	0.37	weakly_stable_transitional	stable_up_identity	weakly_stable_transitional_up
WT_98	100	0.63	0.03	0.34	up	0.63	0.37	weakly_stable_transitional	stable_up_identity	weakly_stable_transitional_up
WT_111	100	0.62	0.02	0.36	up	0.62	0.38	weakly_stable_transitional	stable_up_identity	weakly_stable_transitional_up
WT_112	100	0.62	0.02	0.36	up	0.62	0.38	weakly_stable_transitional	stable_up_identity	weakly_stable_transitional_up
WT_126	100	0.62	0.03	0.35	up	0.62	0.38	weakly_stable_transitional	stable_up_identity	weakly_stable_transitional_up
WT_140	100	0.62	0.02	0.36	up	0.62	0.38	weakly_stable_transitional	stable_up_identity	weakly_stable_transitional_up
WT_154	100	0.62	0.03	0.35	up	0.62	0.38	weakly_stable_transitional	stable_up_identity	weakly_stable_transitional_up
WT_22	100	0.62	0.06	0.32	up	0.62	0.38	weakly_stable_transitional	stable_up_identity	weakly_stable_transitional_up
WT_227	100	0.62	0.03	0.35	up	0.62	0.38	weakly_stable_transitional	stable_up_identity	weakly_stable_transitional_up
WT_272	100	0.62	0.07	0.31	up	0.62	0.38	weakly_stable_transitional	stable_up_identity	weakly_stable_transitional_up
WT_281	100	0.62	0.02	0.36	up	0.62	0.38	weakly_stable_transitional	stable_up_identity	weakly_stable_transitional_up
WT_283	100	0.62	0.03	0.35	up	0.62	0.38	weakly_stable_transitional	stable_up_identity	weakly_stable_transitional_up
WT_317	100	0.62	0.03	0.35	up	0.62	0.38	weakly_stable_transitional	stable_up_identity	weakly_stable_transitional_up
WT_374	100	0.62	0.07	0.31	up	0.62	0.38	weakly_stable_transitional	stable_up_identity	weakly_stable_transitional_up
WT_38	100	0.62	0.01	0.37	up	0.62	0.38	weakly_stable_transitional	stable_up_identity	weakly_stable_transitional_up
WT_383	100	0.62	0.03	0.35	up	0.62	0.38	weakly_stable_transitional	stable_up_identity	weakly_stable_transitional_up
WT_384	100	0.62	0.02	0.36	up	0.62	0.38	weakly_stable_transitional	stable_up_identity	weakly_stable_transitional_up
WT_395	100	0.62	0.04	0.34	up	0.62	0.38	weakly_stable_transitional	stable_up_identity	weakly_stable_transitional_up
WT_426	100	0.62	0.03	0.35	up	0.62	0.38	weakly_stable_transitional	stable_up_identity	weakly_stable_transitional_up
WT_428	100	0.62	0.01	0.37	up	0.62	0.38	weakly_stable_transitional	stable_up_identity	weakly_stable_transitional_up
WT_456	100	0.62	0.02	0.36	up	0.62	0.38	weakly_stable_transitional	stable_up_identity	weakly_stable_transitional_up
WT_457	100	0.62	0.04	0.34	up	0.62	0.38	weakly_stable_transitional	stable_up_identity	weakly_stable_transitional_up
WT_461	100	0.62	0.03	0.35	up	0.62	0.38	weakly_stable_transitional	stable_up_identity	weakly_stable_transitional_up
WT_480	100	0.62	0.01	0.37	up	0.62	0.38	weakly_stable_transitional	stable_up_identity	weakly_stable_transitional_up
WT_483	100	0.62	0.04	0.34	up	0.62	0.38	weakly_stable_transitional	stable_up_identity	weakly_stable_transitional_up
WT_493	100	0.62	0.05	0.33	up	0.62	0.38	weakly_stable_transitional	stable_up_identity	weakly_stable_transitional_up
WT_505	100	0.62	0.09	0.29	up	0.62	0.38	weakly_stable_transitional	stable_up_identity	weakly_stable_transitional_up
WT_507	100	0.62	0.04	0.34	up	0.62	0.38	weakly_stable_transitional	stable_up_identity	weakly_stable_transitional_up
WT_513	100	0.62	0.03	0.35	up	0.62	0.38	weakly_stable_transitional	stable_up_identity	weakly_stable_transitional_up
WT_518	100	0.62	0.03	0.35	up	0.62	0.38	weakly_stable_transitional	stable_up_identity	weakly_stable_transitional_up
WT_532	100	0.62	0.07	0.31	up	0.62	0.38	weakly_stable_transitional	stable_up_identity	weakly_stable_transitional_up
WT_562	100	0.62	0.05	0.33	up	0.62	0.38	weakly_stable_transitional	stable_up_identity	weakly_stable_transitional_up
WT_624	100	0.62	0.04	0.34	up	0.62	0.38	weakly_stable_transitional	stable_up_identity	weakly_stable_transitional_up
WT_650	100	0.62	0	0.38	up	0.62	0.38	weakly_stable_transitional	stable_up_identity	weakly_stable_transitional_up
WT_670	100	0.62	0.05	0.33	up	0.62	0.38	weakly_stable_transitional	stable_up_identity	weakly_stable_transitional_up
WT_680	100	0.62	0.01	0.37	up	0.62	0.38	weakly_stable_transitional	stable_up_identity	weakly_stable_transitional_up
WT_682	100	0.62	0.02	0.36	up	0.62	0.38	weakly_stable_transitional	stable_up_identity	weakly_stable_transitional_up
WT_684	100	0.62	0.02	0.36	up	0.62	0.38	weakly_stable_transitional	stable_up_identity	weakly_stable_transitional_up
WT_688	100	0.62	0.02	0.36	up	0.62	0.38	weakly_stable_transitional	stable_up_identity	weakly_stable_transitional_up
WT_711	100	0.62	0	0.38	up	0.62	0.38	weakly_stable_transitional	stable_up_identity	weakly_stable_transitional_up
WT_730	100	0.62	0.05	0.33	up	0.62	0.38	weakly_stable_transitional	stable_up_identity	weakly_stable_transitional_up
WT_76	100	0.62	0.09	0.29	up	0.62	0.38	weakly_stable_transitional	stable_up_identity	weakly_stable_transitional_up
WT_763	100	0.62	0.06	0.32	up	0.62	0.38	weakly_stable_transitional	stable_up_identity	weakly_stable_transitional_up
WT_783	100	0.62	0.06	0.32	up	0.62	0.38	weakly_stable_transitional	stable_up_identity	weakly_stable_transitional_up
WT_791	100	0.62	0.04	0.34	up	0.62	0.38	weakly_stable_transitional	stable_up_identity	weakly_stable_transitional_up
WT_812	100	0.62	0.05	0.33	up	0.62	0.38	weakly_stable_transitional	stable_up_identity	weakly_stable_transitional_up
WT_815	100	0.62	0.04	0.34	up	0.62	0.38	weakly_stable_transitional	stable_up_identity	weakly_stable_transitional_up
WT_819	100	0.62	0.07	0.31	up	0.62	0.38	weakly_stable_transitional	stable_up_identity	weakly_stable_transitional_up
WT_834	100	0.62	0.02	0.36	up	0.62	0.38	weakly_stable_transitional	stable_up_identity	weakly_stable_transitional_up
WT_844	100	0.62	0.04	0.34	up	0.62	0.38	weakly_stable_transitional	stable_up_identity	weakly_stable_transitional_up
WT_853	100	0.62	0.04	0.34	up	0.62	0.38	weakly_stable_transitional	stable_up_identity	weakly_stable_transitional_up
WT_865	100	0.62	0.03	0.35	up	0.62	0.38	weakly_stable_transitional	stable_up_identity	weakly_stable_transitional_up
WT_889	100	0.62	0.06	0.32	up	0.62	0.38	weakly_stable_transitional	stable_up_identity	weakly_stable_transitional_up
WT_915	100	0.62	0.04	0.34	up	0.62	0.38	weakly_stable_transitional	stable_up_identity	weakly_stable_transitional_up
WT_919	100	0.62	0.03	0.35	up	0.62	0.38	weakly_stable_transitional	stable_up_identity	weakly_stable_transitional_up
WT_932	100	0.62	0.02	0.36	up	0.62	0.38	weakly_stable_transitional	stable_up_identity	weakly_stable_transitional_up
WT_958	100	0.62	0.05	0.33	up	0.62	0.38	weakly_stable_transitional	stable_up_identity	weakly_stable_transitional_up
WT_109	100	0.61	0.03	0.36	up	0.61	0.39	weakly_stable_transitional	stable_up_identity	weakly_stable_transitional_up
WT_184	100	0.61	0.03	0.36	up	0.61	0.39	weakly_stable_transitional	stable_up_identity	weakly_stable_transitional_up
WT_203	100	0.61	0.03	0.36	up	0.61	0.39	weakly_stable_transitional	stable_up_identity	weakly_stable_transitional_up
WT_223	100	0.61	0.01	0.38	up	0.61	0.39	weakly_stable_transitional	stable_up_identity	weakly_stable_transitional_up
WT_237	100	0.61	0.02	0.37	up	0.61	0.39	weakly_stable_transitional	stable_up_identity	weakly_stable_transitional_up
WT_250	100	0.61	0.04	0.35	up	0.61	0.39	weakly_stable_transitional	stable_up_identity	weakly_stable_transitional_up
WT_28	100	0.61	0.03	0.36	up	0.61	0.39	weakly_stable_transitional	stable_up_identity	weakly_stable_transitional_up
WT_302	100	0.61	0.04	0.35	up	0.61	0.39	weakly_stable_transitional	stable_up_identity	weakly_stable_transitional_up
WT_310	100	0.61	0.01	0.38	up	0.61	0.39	weakly_stable_transitional	stable_up_identity	weakly_stable_transitional_up
WT_315	100	0.61	0.01	0.38	up	0.61	0.39	weakly_stable_transitional	stable_up_identity	weakly_stable_transitional_up
WT_318	100	0.61	0.01	0.38	up	0.61	0.39	weakly_stable_transitional	stable_up_identity	weakly_stable_transitional_up
WT_360	100	0.61	0.02	0.37	up	0.61	0.39	weakly_stable_transitional	stable_up_identity	weakly_stable_transitional_up
WT_361	100	0.61	0.01	0.38	up	0.61	0.39	weakly_stable_transitional	stable_up_identity	weakly_stable_transitional_up
WT_460	100	0.61	0.01	0.38	up	0.61	0.39	weakly_stable_transitional	stable_up_identity	weakly_stable_transitional_up
WT_472	100	0.61	0.05	0.34	up	0.61	0.39	weakly_stable_transitional	stable_up_identity	weakly_stable_transitional_up
WT_478	100	0.61	0.05	0.34	up	0.61	0.39	weakly_stable_transitional	stable_up_identity	weakly_stable_transitional_up
WT_48	100	0.61	0.03	0.36	up	0.61	0.39	weakly_stable_transitional	stable_up_identity	weakly_stable_transitional_up
WT_508	100	0.61	0.02	0.37	up	0.61	0.39	weakly_stable_transitional	stable_up_identity	weakly_stable_transitional_up
WT_509	100	0.61	0.04	0.35	up	0.61	0.39	weakly_stable_transitional	stable_up_identity	weakly_stable_transitional_up
WT_51	100	0.61	0.03	0.36	up	0.61	0.39	weakly_stable_transitional	stable_up_identity	weakly_stable_transitional_up
WT_517	100	0.61	0.04	0.35	up	0.61	0.39	weakly_stable_transitional	stable_up_identity	weakly_stable_transitional_up
WT_525	100	0.61	0.02	0.37	up	0.61	0.39	weakly_stable_transitional	stable_up_identity	weakly_stable_transitional_up
WT_531	100	0.61	0.01	0.38	up	0.61	0.39	weakly_stable_transitional	stable_up_identity	weakly_stable_transitional_up
WT_556	100	0.61	0.04	0.35	up	0.61	0.39	weakly_stable_transitional	stable_up_identity	weakly_stable_transitional_up
WT_558	100	0.61	0.02	0.37	up	0.61	0.39	weakly_stable_transitional	stable_up_identity	weakly_stable_transitional_up
WT_580	100	0.61	0.04	0.35	up	0.61	0.39	weakly_stable_transitional	stable_up_identity	weakly_stable_transitional_up
WT_582	100	0.61	0.02	0.37	up	0.61	0.39	weakly_stable_transitional	stable_up_identity	weakly_stable_transitional_up
WT_588	100	0.61	0.06	0.33	up	0.61	0.39	weakly_stable_transitional	stable_up_identity	weakly_stable_transitional_up
WT_593	100	0.61	0.02	0.37	up	0.61	0.39	weakly_stable_transitional	stable_up_identity	weakly_stable_transitional_up
WT_6	100	0.61	0.02	0.37	up	0.61	0.39	weakly_stable_transitional	stable_up_identity	weakly_stable_transitional_up
WT_62	100	0.61	0.04	0.35	up	0.61	0.39	weakly_stable_transitional	stable_up_identity	weakly_stable_transitional_up
WT_620	100	0.61	0	0.39	up	0.61	0.39	weakly_stable_transitional	stable_up_identity	weakly_stable_transitional_up
WT_629	100	0.61	0.04	0.35	up	0.61	0.39	weakly_stable_transitional	stable_up_identity	weakly_stable_transitional_up
WT_646	100	0.61	0.04	0.35	up	0.61	0.39	weakly_stable_transitional	stable_up_identity	weakly_stable_transitional_up
WT_7	100	0.61	0.05	0.34	up	0.61	0.39	weakly_stable_transitional	stable_up_identity	weakly_stable_transitional_up
WT_701	100	0.61	0.06	0.33	up	0.61	0.39	weakly_stable_transitional	stable_up_identity	weakly_stable_transitional_up
WT_706	100	0.61	0.05	0.34	up	0.61	0.39	weakly_stable_transitional	stable_up_identity	weakly_stable_transitional_up
WT_714	100	0.61	0.06	0.33	up	0.61	0.39	weakly_stable_transitional	stable_up_identity	weakly_stable_transitional_up
WT_717	100	0.61	0.03	0.36	up	0.61	0.39	weakly_stable_transitional	stable_up_identity	weakly_stable_transitional_up
WT_754	100	0.61	0.03	0.36	up	0.61	0.39	weakly_stable_transitional	stable_up_identity	weakly_stable_transitional_up
WT_767	100	0.61	0.05	0.34	up	0.61	0.39	weakly_stable_transitional	stable_up_identity	weakly_stable_transitional_up
WT_769	100	0.61	0.03	0.36	up	0.61	0.39	weakly_stable_transitional	stable_up_identity	weakly_stable_transitional_up
WT_828	100	0.61	0.04	0.35	up	0.61	0.39	weakly_stable_transitional	stable_up_identity	weakly_stable_transitional_up
WT_831	100	0.61	0.04	0.35	up	0.61	0.39	weakly_stable_transitional	stable_up_identity	weakly_stable_transitional_up
WT_856	100	0.61	0.02	0.37	up	0.61	0.39	weakly_stable_transitional	stable_up_identity	weakly_stable_transitional_up
WT_863	100	0.61	0.03	0.36	up	0.61	0.39	weakly_stable_transitional	stable_up_identity	weakly_stable_transitional_up
WT_884	100	0.61	0.02	0.37	up	0.61	0.39	weakly_stable_transitional	stable_up_identity	weakly_stable_transitional_up
WT_937	100	0.61	0.04	0.35	up	0.61	0.39	weakly_stable_transitional	stable_up_identity	weakly_stable_transitional_up
WT_94	100	0.61	0.06	0.33	up	0.61	0.39	weakly_stable_transitional	stable_up_identity	weakly_stable_transitional_up
WT_959	100	0.61	0.04	0.35	up	0.61	0.39	weakly_stable_transitional	stable_up_identity	weakly_stable_transitional_up
WT_989	100	0.61	0.04	0.35	up	0.61	0.39	weakly_stable_transitional	stable_up_identity	weakly_stable_transitional_up
WT_990	100	0.61	0.04	0.35	up	0.61	0.39	weakly_stable_transitional	stable_up_identity	weakly_stable_transitional_up
WT_996	100	0.61	0.03	0.36	up	0.61	0.39	weakly_stable_transitional	stable_up_identity	weakly_stable_transitional_up
WT_136	100	0.6	0.07	0.33	up	0.6	0.4	weakly_stable_transitional	stable_up_identity	weakly_stable_transitional_up
WT_157	100	0.6	0.01	0.39	up	0.6	0.4	weakly_stable_transitional	stable_up_identity	weakly_stable_transitional_up
WT_160	100	0.6	0.07	0.33	up	0.6	0.4	weakly_stable_transitional	stable_up_identity	weakly_stable_transitional_up
WT_171	100	0.6	0.06	0.34	up	0.6	0.4	weakly_stable_transitional	stable_up_identity	weakly_stable_transitional_up
WT_173	100	0.6	0.05	0.35	up	0.6	0.4	weakly_stable_transitional	stable_up_identity	weakly_stable_transitional_up
WT_202	100	0.6	0.03	0.37	up	0.6	0.4	weakly_stable_transitional	stable_up_identity	weakly_stable_transitional_up
WT_212	100	0.6	0.06	0.34	up	0.6	0.4	weakly_stable_transitional	stable_up_identity	weakly_stable_transitional_up
WT_260	100	0.6	0.02	0.38	up	0.6	0.4	weakly_stable_transitional	stable_up_identity	weakly_stable_transitional_up
WT_404	100	0.6	0.06	0.34	up	0.6	0.4	weakly_stable_transitional	stable_up_identity	weakly_stable_transitional_up
WT_414	100	0.6	0.05	0.35	up	0.6	0.4	weakly_stable_transitional	stable_up_identity	weakly_stable_transitional_up
WT_44	100	0.6	0.04	0.36	up	0.6	0.4	weakly_stable_transitional	stable_up_identity	weakly_stable_transitional_up
WT_441	100	0.6	0.02	0.38	up	0.6	0.4	weakly_stable_transitional	stable_up_identity	weakly_stable_transitional_up
WT_475	100	0.6	0.03	0.37	up	0.6	0.4	weakly_stable_transitional	stable_up_identity	weakly_stable_transitional_up
WT_499	100	0.6	0.05	0.35	up	0.6	0.4	weakly_stable_transitional	stable_up_identity	weakly_stable_transitional_up
WT_551	100	0.6	0.07	0.33	up	0.6	0.4	weakly_stable_transitional	stable_up_identity	weakly_stable_transitional_up
WT_600	100	0.6	0.04	0.36	up	0.6	0.4	weakly_stable_transitional	stable_up_identity	weakly_stable_transitional_up
WT_655	100	0.6	0.02	0.38	up	0.6	0.4	weakly_stable_transitional	stable_up_identity	weakly_stable_transitional_up
WT_675	100	0.6	0.04	0.36	up	0.6	0.4	weakly_stable_transitional	stable_up_identity	weakly_stable_transitional_up
WT_709	100	0.6	0.02	0.38	up	0.6	0.4	weakly_stable_transitional	stable_up_identity	weakly_stable_transitional_up
WT_722	100	0.6	0.05	0.35	up	0.6	0.4	weakly_stable_transitional	stable_up_identity	weakly_stable_transitional_up
WT_859	100	0.6	0.01	0.39	up	0.6	0.4	weakly_stable_transitional	stable_up_identity	weakly_stable_transitional_up
WT_909	100	0.6	0.05	0.35	up	0.6	0.4	weakly_stable_transitional	stable_up_identity	weakly_stable_transitional_up
WT_924	100	0.6	0.06	0.34	up	0.6	0.4	weakly_stable_transitional	stable_up_identity	weakly_stable_transitional_up
WT_951	100	0.6	0.07	0.33	up	0.6	0.4	weakly_stable_transitional	stable_up_identity	weakly_stable_transitional_up
WT_956	100	0.6	0.05	0.35	up	0.6	0.4	weakly_stable_transitional	stable_up_identity	weakly_stable_transitional_up
WT_99	100	0.6	0.03	0.37	up	0.6	0.4	weakly_stable_transitional	stable_up_identity	weakly_stable_transitional_up
WT_113	100	0.59	0.05	0.36	up	0.59	0.41000000000000003	instable	instable_no_stable_identity	instable
WT_128	100	0.59	0.04	0.37	up	0.59	0.41000000000000003	instable	instable_no_stable_identity	instable
WT_147	100	0.59	0.03	0.38	up	0.59	0.41000000000000003	instable	instable_no_stable_identity	instable
WT_20	100	0.59	0.01	0.4	up	0.59	0.41000000000000003	instable	instable_no_stable_identity	instable
WT_268	100	0.59	0.04	0.37	up	0.59	0.41000000000000003	instable	instable_no_stable_identity	instable
WT_399	100	0.59	0.02	0.39	up	0.59	0.41000000000000003	instable	instable_no_stable_identity	instable
WT_416	100	0.59	0.05	0.36	up	0.59	0.41000000000000003	instable	instable_no_stable_identity	instable
WT_432	100	0.59	0.05	0.36	up	0.59	0.41000000000000003	instable	instable_no_stable_identity	instable
WT_446	100	0.59	0.05	0.36	up	0.59	0.41000000000000003	instable	instable_no_stable_identity	instable
WT_492	100	0.59	0.07	0.34	up	0.59	0.41000000000000003	instable	instable_no_stable_identity	instable
WT_504	100	0.59	0.03	0.38	up	0.59	0.41000000000000003	instable	instable_no_stable_identity	instable
WT_512	100	0.59	0.04	0.37	up	0.59	0.41000000000000003	instable	instable_no_stable_identity	instable
WT_523	100	0.59	0.05	0.36	up	0.59	0.41000000000000003	instable	instable_no_stable_identity	instable
WT_535	100	0.59	0.02	0.39	up	0.59	0.41000000000000003	instable	instable_no_stable_identity	instable
WT_68	100	0.59	0.01	0.4	up	0.59	0.41000000000000003	instable	instable_no_stable_identity	instable
WT_755	100	0.59	0.04	0.37	up	0.59	0.41000000000000003	instable	instable_no_stable_identity	instable
WT_765	100	0.59	0.02	0.39	up	0.59	0.41000000000000003	instable	instable_no_stable_identity	instable
WT_797	100	0.59	0.05	0.36	up	0.59	0.41000000000000003	instable	instable_no_stable_identity	instable
WT_855	100	0.59	0.05	0.36	up	0.59	0.41000000000000003	instable	instable_no_stable_identity	instable
WT_866	100	0.59	0.01	0.4	up	0.59	0.41000000000000003	instable	instable_no_stable_identity	instable
WT_870	100	0.59	0.04	0.37	up	0.59	0.41000000000000003	instable	instable_no_stable_identity	instable
WT_916	100	0.59	0.01	0.4	up	0.59	0.41000000000000003	instable	instable_no_stable_identity	instable
WT_997	100	0.59	0.1	0.31	up	0.59	0.41000000000000003	instable	instable_no_stable_identity	instable
WT_1	100	0.58	0.06	0.36	up	0.58	0.42000000000000004	instable	instable_no_stable_identity	instable
WT_102	100	0.58	0.01	0.41	up	0.58	0.42000000000000004	instable	instable_no_stable_identity	instable
WT_129	100	0.58	0.08	0.34	up	0.58	0.42000000000000004	instable	instable_no_stable_identity	instable
WT_142	100	0.58	0.02	0.4	up	0.58	0.42000000000000004	instable	instable_no_stable_identity	instable
WT_169	100	0.58	0.04	0.38	up	0.58	0.42000000000000004	instable	instable_no_stable_identity	instable
WT_219	100	0.58	0.01	0.41	up	0.58	0.42000000000000004	instable	instable_no_stable_identity	instable
WT_270	100	0.58	0.04	0.38	up	0.58	0.42000000000000004	instable	instable_no_stable_identity	instable
WT_293	100	0.58	0.06	0.36	up	0.58	0.42000000000000004	instable	instable_no_stable_identity	instable
WT_34	100	0.58	0.03	0.39	up	0.58	0.42000000000000004	instable	instable_no_stable_identity	instable
WT_379	100	0.58	0.05	0.37	up	0.58	0.42000000000000004	instable	instable_no_stable_identity	instable
WT_458	100	0.58	0.05	0.37	up	0.58	0.42000000000000004	instable	instable_no_stable_identity	instable
WT_555	100	0.58	0.02	0.4	up	0.58	0.42000000000000004	instable	instable_no_stable_identity	instable
WT_560	100	0.58	0.02	0.4	up	0.58	0.42000000000000004	instable	instable_no_stable_identity	instable
WT_59	100	0.58	0.06	0.36	up	0.58	0.42000000000000004	instable	instable_no_stable_identity	instable
WT_605	100	0.58	0.03	0.39	up	0.58	0.42000000000000004	instable	instable_no_stable_identity	instable
WT_609	100	0.58	0.04	0.38	up	0.58	0.42000000000000004	instable	instable_no_stable_identity	instable
WT_820	100	0.58	0.05	0.37	up	0.58	0.42000000000000004	instable	instable_no_stable_identity	instable
WT_957	100	0.58	0.1	0.32	up	0.58	0.42000000000000004	instable	instable_no_stable_identity	instable
WT_998	100	0.58	0.06	0.36	up	0.58	0.42000000000000004	instable	instable_no_stable_identity	instable
WT_107	100	0.57	0.02	0.41	up	0.57	0.43000000000000005	instable	instable_no_stable_identity	instable
WT_131	100	0.57	0.04	0.39	up	0.57	0.43000000000000005	instable	instable_no_stable_identity	instable
WT_201	100	0.57	0.03	0.4	up	0.57	0.43000000000000005	instable	instable_no_stable_identity	instable
WT_314	100	0.57	0.03	0.4	up	0.57	0.43000000000000005	instable	instable_no_stable_identity	instable
WT_327	100	0.57	0.03	0.4	up	0.57	0.43000000000000005	instable	instable_no_stable_identity	instable
WT_35	100	0.57	0.04	0.39	up	0.57	0.43000000000000005	instable	instable_no_stable_identity	instable
WT_823	100	0.57	0.08	0.35	up	0.57	0.43000000000000005	instable	instable_no_stable_identity	instable
WT_824	100	0.57	0.03	0.4	up	0.57	0.43000000000000005	instable	instable_no_stable_identity	instable
WT_840	100	0.57	0.03	0.4	up	0.57	0.43000000000000005	instable	instable_no_stable_identity	instable
WT_877	100	0.57	0.06	0.37	up	0.57	0.43000000000000005	instable	instable_no_stable_identity	instable
WT_964	100	0.57	0.03	0.4	up	0.57	0.43000000000000005	instable	instable_no_stable_identity	instable
WT_333	100	0.56	0.04	0.4	up	0.56	0.43999999999999995	instable	instable_no_stable_identity	instable
WT_370	100	0.56	0.04	0.4	up	0.56	0.43999999999999995	instable	instable_no_stable_identity	instable
WT_373	100	0.56	0.04	0.4	up	0.56	0.43999999999999995	instable	instable_no_stable_identity	instable
WT_524	100	0.56	0.06	0.38	up	0.56	0.43999999999999995	instable	instable_no_stable_identity	instable
WT_920	100	0.56	0.02	0.42	up	0.56	0.43999999999999995	instable	instable_no_stable_identity	instable
WT_925	100	0.56	0.04	0.4	up	0.56	0.43999999999999995	instable	instable_no_stable_identity	instable
WT_4	100	0.55	0.07	0.38	up	0.55	0.44999999999999996	instable	instable_no_stable_identity	instable
WT_618	100	0.55	0.02	0.43	up	0.55	0.44999999999999996	instable	instable_no_stable_identity	instable
WT_693	100	0.55	0.06	0.39	up	0.55	0.44999999999999996	instable	instable_no_stable_identity	instable
WT_703	100	0.55	0.03	0.42	up	0.55	0.44999999999999996	instable	instable_no_stable_identity	instable
WT_848	100	0.55	0.1	0.35	up	0.55	0.44999999999999996	instable	instable_no_stable_identity	instable
WT_116	100	0.54	0.07	0.39	up	0.54	0.45999999999999996	instable	instable_no_stable_identity	instable
WT_119	100	0.54	0.04	0.42	up	0.54	0.45999999999999996	instable	instable_no_stable_identity	instable
WT_172	100	0.54	0.04	0.42	up	0.54	0.45999999999999996	instable	instable_no_stable_identity	instable
WT_466	100	0.54	0.08	0.38	up	0.54	0.45999999999999996	instable	instable_no_stable_identity	instable
WT_592	100	0.54	0.05	0.41	up	0.54	0.45999999999999996	instable	instable_no_stable_identity	instable
WT_786	100	0.53	0.03	0.44	up	0.53	0.47	instable	instable_no_stable_identity	instable
WT_825	100	0.53	0.04	0.43	up	0.53	0.47	instable	instable_no_stable_identity	instable
IN_168	100	0.26	0.24	0.5	constant	0.5	0.5	instable	instable_no_stable_identity	instable
IN_314	100	0.3	0.49	0.21	down	0.49	0.51	instable	instable_no_stable_identity	instable
IN_619	100	0.22	0.3	0.48	constant	0.48	0.52	instable	instable_no_stable_identity	instable
IN_626	100	0.48	0.21	0.31	up	0.48	0.52	instable	instable_no_stable_identity	instable
IN_665	100	0.48	0.23	0.29	up	0.48	0.52	instable	instable_no_stable_identity	instable
IN_7	100	0.33	0.48	0.19	down	0.48	0.52	instable	instable_no_stable_identity	instable
IN_442	100	0.31	0.47	0.22	down	0.47	0.53	instable	instable_no_stable_identity	instable
IN_74	100	0.47	0.29	0.24	up	0.47	0.53	instable	instable_no_stable_identity	instable
IN_103	100	0.26	0.28	0.46	constant	0.46	0.54	instable	instable_no_stable_identity	instable
IN_313	100	0.46	0.23	0.31	up	0.46	0.54	instable	instable_no_stable_identity	instable
IN_351	100	0.23	0.46	0.31	down	0.46	0.54	instable	instable_no_stable_identity	instable
IN_479	100	0.46	0.23	0.31	up	0.46	0.54	instable	instable_no_stable_identity	instable
IN_680	100	0.24	0.46	0.3	down	0.46	0.54	instable	instable_no_stable_identity	instable
IN_989	100	0.26	0.28	0.46	constant	0.46	0.54	instable	instable_no_stable_identity	instable
IN_146	100	0.27	0.28	0.45	constant	0.45	0.55	instable	instable_no_stable_identity	instable
IN_215	100	0.3	0.25	0.45	constant	0.45	0.55	instable	instable_no_stable_identity	instable
IN_333	100	0.45	0.26	0.29	up	0.45	0.55	instable	instable_no_stable_identity	instable
IN_407	100	0.3	0.45	0.25	down	0.45	0.55	instable	instable_no_stable_identity	instable
IN_514	100	0.45	0.31	0.24	up	0.45	0.55	instable	instable_no_stable_identity	instable
IN_537	100	0.45	0.36	0.19	up	0.45	0.55	instable	instable_no_stable_identity	instable
IN_546	100	0.29	0.45	0.26	down	0.45	0.55	instable	instable_no_stable_identity	instable
IN_555	100	0.45	0.34	0.21	up	0.45	0.55	instable	instable_no_stable_identity	instable
IN_59	100	0.3	0.25	0.45	constant	0.45	0.55	instable	instable_no_stable_identity	instable
IN_611	100	0.26	0.45	0.29	down	0.45	0.55	instable	instable_no_stable_identity	instable
IN_66	100	0.31	0.45	0.24	down	0.45	0.55	instable	instable_no_stable_identity	instable
IN_683	100	0.45	0.28	0.27	up	0.45	0.55	instable	instable_no_stable_identity	instable
IN_756	100	0.45	0.28	0.27	up	0.45	0.55	instable	instable_no_stable_identity	instable
IN_759	100	0.29	0.45	0.26	down	0.45	0.55	instable	instable_no_stable_identity	instable
IN_770	100	0.18	0.45	0.37	down	0.45	0.55	instable	instable_no_stable_identity	instable
IN_895	100	0.27	0.28	0.45	constant	0.45	0.55	instable	instable_no_stable_identity	instable
IN_97	100	0.29	0.26	0.45	constant	0.45	0.55	instable	instable_no_stable_identity	instable
IN_102	100	0.3	0.44	0.26	down	0.44	0.56	instable	instable_no_stable_identity	instable
IN_14	100	0.26	0.44	0.3	down	0.44	0.56	instable	instable_no_stable_identity	instable
IN_147	100	0.26	0.3	0.44	constant	0.44	0.56	instable	instable_no_stable_identity	instable
IN_157	100	0.44	0.28	0.28	up	0.44	0.56	instable	instable_no_stable_identity	instable
IN_236	100	0.27	0.44	0.29	down	0.44	0.56	instable	instable_no_stable_identity	instable
IN_245	100	0.25	0.31	0.44	constant	0.44	0.56	instable	instable_no_stable_identity	instable
IN_276	100	0.44	0.23	0.33	up	0.44	0.56	instable	instable_no_stable_identity	instable
IN_286	100	0.3	0.44	0.26	down	0.44	0.56	instable	instable_no_stable_identity	instable
IN_292	100	0.3	0.44	0.26	down	0.44	0.56	instable	instable_no_stable_identity	instable
IN_318	100	0.28	0.44	0.28	down	0.44	0.56	instable	instable_no_stable_identity	instable
IN_334	100	0.24	0.32	0.44	constant	0.44	0.56	instable	instable_no_stable_identity	instable
IN_340	100	0.35	0.44	0.21	down	0.44	0.56	instable	instable_no_stable_identity	instable
IN_394	100	0.28	0.28	0.44	constant	0.44	0.56	instable	instable_no_stable_identity	instable
IN_426	100	0.3	0.44	0.26	down	0.44	0.56	instable	instable_no_stable_identity	instable
IN_509	100	0.26	0.3	0.44	constant	0.44	0.56	instable	instable_no_stable_identity	instable
IN_530	100	0.44	0.31	0.25	up	0.44	0.56	instable	instable_no_stable_identity	instable
IN_55	100	0.31	0.25	0.44	constant	0.44	0.56	instable	instable_no_stable_identity	instable
IN_596	100	0.34	0.44	0.22	down	0.44	0.56	instable	instable_no_stable_identity	instable
IN_600	100	0.44	0.32	0.24	up	0.44	0.56	instable	instable_no_stable_identity	instable
IN_650	100	0.44	0.24	0.32	up	0.44	0.56	instable	instable_no_stable_identity	instable
IN_687	100	0.31	0.25	0.44	constant	0.44	0.56	instable	instable_no_stable_identity	instable
IN_735	100	0.27	0.44	0.29	down	0.44	0.56	instable	instable_no_stable_identity	instable
IN_773	100	0.27	0.44	0.29	down	0.44	0.56	instable	instable_no_stable_identity	instable
IN_775	100	0.26	0.44	0.3	down	0.44	0.56	instable	instable_no_stable_identity	instable
IN_873	100	0.2	0.36	0.44	constant	0.44	0.56	instable	instable_no_stable_identity	instable
IN_902	100	0.44	0.25	0.31	up	0.44	0.56	instable	instable_no_stable_identity	instable
IN_918	100	0.28	0.28	0.44	constant	0.44	0.56	instable	instable_no_stable_identity	instable
IN_921	100	0.44	0.23	0.33	up	0.44	0.56	instable	instable_no_stable_identity	instable
IN_94	100	0.27	0.44	0.29	down	0.44	0.56	instable	instable_no_stable_identity	instable
IN_940	100	0.44	0.31	0.25	up	0.44	0.56	instable	instable_no_stable_identity	instable
IN_946	100	0.32	0.44	0.24	down	0.44	0.56	instable	instable_no_stable_identity	instable
IN_971	100	0.25	0.44	0.31	down	0.44	0.56	instable	instable_no_stable_identity	instable
IN_12	100	0.43	0.26	0.31	up	0.43	0.5700000000000001	instable	instable_no_stable_identity	instable
IN_190	100	0.31	0.43	0.26	down	0.43	0.5700000000000001	instable	instable_no_stable_identity	instable
IN_198	100	0.26	0.31	0.43	constant	0.43	0.5700000000000001	instable	instable_no_stable_identity	instable
IN_249	100	0.43	0.3	0.27	up	0.43	0.5700000000000001	instable	instable_no_stable_identity	instable
IN_31	100	0.32	0.43	0.25	down	0.43	0.5700000000000001	instable	instable_no_stable_identity	instable
IN_312	100	0.31	0.43	0.26	down	0.43	0.5700000000000001	instable	instable_no_stable_identity	instable
IN_376	100	0.43	0.27	0.3	up	0.43	0.5700000000000001	instable	instable_no_stable_identity	instable
IN_39	100	0.43	0.25	0.32	up	0.43	0.5700000000000001	instable	instable_no_stable_identity	instable
IN_402	100	0.26	0.43	0.31	down	0.43	0.5700000000000001	instable	instable_no_stable_identity	instable
IN_428	100	0.29	0.28	0.43	constant	0.43	0.5700000000000001	instable	instable_no_stable_identity	instable
IN_434	100	0.43	0.29	0.28	up	0.43	0.5700000000000001	instable	instable_no_stable_identity	instable
IN_531	100	0.24	0.33	0.43	constant	0.43	0.5700000000000001	instable	instable_no_stable_identity	instable
IN_681	100	0.31	0.43	0.26	down	0.43	0.5700000000000001	instable	instable_no_stable_identity	instable
IN_707	100	0.34	0.43	0.23	down	0.43	0.5700000000000001	instable	instable_no_stable_identity	instable
IN_757	100	0.43	0.26	0.31	up	0.43	0.5700000000000001	instable	instable_no_stable_identity	instable
IN_760	100	0.25	0.43	0.32	down	0.43	0.5700000000000001	instable	instable_no_stable_identity	instable
IN_904	100	0.34	0.43	0.23	down	0.43	0.5700000000000001	instable	instable_no_stable_identity	instable
IN_967	100	0.25	0.43	0.32	down	0.43	0.5700000000000001	instable	instable_no_stable_identity	instable
IN_976	100	0.37	0.43	0.2	down	0.43	0.5700000000000001	instable	instable_no_stable_identity	instable
IN_115	100	0.42	0.28	0.3	up	0.42	0.5800000000000001	instable	instable_no_stable_identity	instable
IN_13	100	0.28	0.42	0.3	down	0.42	0.5800000000000001	instable	instable_no_stable_identity	instable
IN_136	100	0.29	0.29	0.42	constant	0.42	0.5800000000000001	instable	instable_no_stable_identity	instable
IN_140	100	0.23	0.42	0.35	down	0.42	0.5800000000000001	instable	instable_no_stable_identity	instable
IN_152	100	0.26	0.32	0.42	constant	0.42	0.5800000000000001	instable	instable_no_stable_identity	instable
IN_161	100	0.42	0.29	0.29	up	0.42	0.5800000000000001	instable	instable_no_stable_identity	instable
IN_177	100	0.42	0.29	0.29	up	0.42	0.5800000000000001	instable	instable_no_stable_identity	instable
IN_196	100	0.42	0.21	0.37	up	0.42	0.5800000000000001	instable	instable_no_stable_identity	instable
IN_2	100	0.31	0.42	0.27	down	0.42	0.5800000000000001	instable	instable_no_stable_identity	instable
IN_247	100	0.27	0.42	0.31	down	0.42	0.5800000000000001	instable	instable_no_stable_identity	instable
IN_316	100	0.42	0.27	0.31	up	0.42	0.5800000000000001	instable	instable_no_stable_identity	instable
IN_339	100	0.27	0.42	0.31	down	0.42	0.5800000000000001	instable	instable_no_stable_identity	instable
IN_372	100	0.3	0.28	0.42	constant	0.42	0.5800000000000001	instable	instable_no_stable_identity	instable
IN_405	100	0.3	0.42	0.28	down	0.42	0.5800000000000001	instable	instable_no_stable_identity	instable
IN_430	100	0.42	0.3	0.28	up	0.42	0.5800000000000001	instable	instable_no_stable_identity	instable
IN_438	100	0.4	0.42	0.18	down	0.42	0.5800000000000001	instable	instable_no_stable_identity	instable
IN_446	100	0.26	0.32	0.42	constant	0.42	0.5800000000000001	instable	instable_no_stable_identity	instable
IN_456	100	0.35	0.23	0.42	constant	0.42	0.5800000000000001	instable	instable_no_stable_identity	instable
IN_475	100	0.42	0.28	0.3	up	0.42	0.5800000000000001	instable	instable_no_stable_identity	instable
IN_484	100	0.34	0.24	0.42	constant	0.42	0.5800000000000001	instable	instable_no_stable_identity	instable
IN_486	100	0.3	0.28	0.42	constant	0.42	0.5800000000000001	instable	instable_no_stable_identity	instable
IN_507	100	0.42	0.4	0.18	up	0.42	0.5800000000000001	instable	instable_no_stable_identity	instable
IN_516	100	0.27	0.42	0.31	down	0.42	0.5800000000000001	instable	instable_no_stable_identity	instable
IN_541	100	0.28	0.3	0.42	constant	0.42	0.5800000000000001	instable	instable_no_stable_identity	instable
IN_552	100	0.4	0.42	0.18	down	0.42	0.5800000000000001	instable	instable_no_stable_identity	instable
IN_559	100	0.42	0.33	0.25	up	0.42	0.5800000000000001	instable	instable_no_stable_identity	instable
IN_563	100	0.37	0.21	0.42	constant	0.42	0.5800000000000001	instable	instable_no_stable_identity	instable
IN_568	100	0.42	0.33	0.25	up	0.42	0.5800000000000001	instable	instable_no_stable_identity	instable
IN_577	100	0.31	0.42	0.27	down	0.42	0.5800000000000001	instable	instable_no_stable_identity	instable
IN_584	100	0.28	0.3	0.42	constant	0.42	0.5800000000000001	instable	instable_no_stable_identity	instable
IN_606	100	0.42	0.29	0.29	up	0.42	0.5800000000000001	instable	instable_no_stable_identity	instable
IN_618	100	0.42	0.24	0.34	up	0.42	0.5800000000000001	instable	instable_no_stable_identity	instable
IN_646	100	0.3	0.28	0.42	constant	0.42	0.5800000000000001	instable	instable_no_stable_identity	instable
IN_671	100	0.29	0.29	0.42	constant	0.42	0.5800000000000001	instable	instable_no_stable_identity	instable
IN_68	100	0.42	0.25	0.33	up	0.42	0.5800000000000001	instable	instable_no_stable_identity	instable
IN_690	100	0.42	0.29	0.29	up	0.42	0.5800000000000001	instable	instable_no_stable_identity	instable
IN_692	100	0.35	0.42	0.23	down	0.42	0.5800000000000001	instable	instable_no_stable_identity	instable
IN_741	100	0.42	0.22	0.36	up	0.42	0.5800000000000001	instable	instable_no_stable_identity	instable
IN_742	100	0.42	0.34	0.24	up	0.42	0.5800000000000001	instable	instable_no_stable_identity	instable
IN_743	100	0.3	0.28	0.42	constant	0.42	0.5800000000000001	instable	instable_no_stable_identity	instable
IN_751	100	0.42	0.3	0.28	up	0.42	0.5800000000000001	instable	instable_no_stable_identity	instable
IN_802	100	0.25	0.42	0.33	down	0.42	0.5800000000000001	instable	instable_no_stable_identity	instable
IN_817	100	0.32	0.26	0.42	constant	0.42	0.5800000000000001	instable	instable_no_stable_identity	instable
IN_825	100	0.24	0.34	0.42	constant	0.42	0.5800000000000001	instable	instable_no_stable_identity	instable
IN_834	100	0.25	0.42	0.33	down	0.42	0.5800000000000001	instable	instable_no_stable_identity	instable
IN_86	100	0.42	0.28	0.3	up	0.42	0.5800000000000001	instable	instable_no_stable_identity	instable
IN_876	100	0.26	0.42	0.32	down	0.42	0.5800000000000001	instable	instable_no_stable_identity	instable
IN_901	100	0.32	0.42	0.26	down	0.42	0.5800000000000001	instable	instable_no_stable_identity	instable
IN_929	100	0.29	0.42	0.29	down	0.42	0.5800000000000001	instable	instable_no_stable_identity	instable
IN_974	100	0.24	0.34	0.42	constant	0.42	0.5800000000000001	instable	instable_no_stable_identity	instable
IN_98	100	0.42	0.23	0.35	up	0.42	0.5800000000000001	instable	instable_no_stable_identity	instable
IN_985	100	0.42	0.34	0.24	up	0.42	0.5800000000000001	instable	instable_no_stable_identity	instable
IN_988	100	0.33	0.25	0.42	constant	0.42	0.5800000000000001	instable	instable_no_stable_identity	instable
IN_10	100	0.41	0.31	0.28	up	0.41	0.5900000000000001	instable	instable_no_stable_identity	instable
IN_1000	100	0.34	0.41	0.25	down	0.41	0.5900000000000001	instable	instable_no_stable_identity	instable
IN_108	100	0.25	0.34	0.41	constant	0.41	0.5900000000000001	instable	instable_no_stable_identity	instable
IN_119	100	0.33	0.26	0.41	constant	0.41	0.5900000000000001	instable	instable_no_stable_identity	instable
IN_132	100	0.41	0.3	0.29	up	0.41	0.5900000000000001	instable	instable_no_stable_identity	instable
IN_145	100	0.27	0.41	0.32	down	0.41	0.5900000000000001	instable	instable_no_stable_identity	instable
IN_160	100	0.31	0.28	0.41	constant	0.41	0.5900000000000001	instable	instable_no_stable_identity	instable
IN_25	100	0.41	0.33	0.26	up	0.41	0.5900000000000001	instable	instable_no_stable_identity	instable
IN_26	100	0.41	0.25	0.34	up	0.41	0.5900000000000001	instable	instable_no_stable_identity	instable
IN_261	100	0.28	0.41	0.31	down	0.41	0.5900000000000001	instable	instable_no_stable_identity	instable
IN_271	100	0.29	0.3	0.41	constant	0.41	0.5900000000000001	instable	instable_no_stable_identity	instable
IN_287	100	0.31	0.28	0.41	constant	0.41	0.5900000000000001	instable	instable_no_stable_identity	instable
IN_361	100	0.3	0.29	0.41	constant	0.41	0.5900000000000001	instable	instable_no_stable_identity	instable
IN_365	100	0.41	0.29	0.3	up	0.41	0.5900000000000001	instable	instable_no_stable_identity	instable
IN_384	100	0.23	0.41	0.36	down	0.41	0.5900000000000001	instable	instable_no_stable_identity	instable
IN_398	100	0.41	0.31	0.28	up	0.41	0.5900000000000001	instable	instable_no_stable_identity	instable
IN_399	100	0.28	0.41	0.31	down	0.41	0.5900000000000001	instable	instable_no_stable_identity	instable
IN_40	100	0.37	0.22	0.41	constant	0.41	0.5900000000000001	instable	instable_no_stable_identity	instable
IN_404	100	0.34	0.25	0.41	constant	0.41	0.5900000000000001	instable	instable_no_stable_identity	instable
IN_411	100	0.41	0.29	0.3	up	0.41	0.5900000000000001	instable	instable_no_stable_identity	instable
IN_417	100	0.36	0.41	0.23	down	0.41	0.5900000000000001	instable	instable_no_stable_identity	instable
IN_42	100	0.26	0.41	0.33	down	0.41	0.5900000000000001	instable	instable_no_stable_identity	instable
IN_453	100	0.32	0.41	0.27	down	0.41	0.5900000000000001	instable	instable_no_stable_identity	instable
IN_460	100	0.23	0.41	0.36	down	0.41	0.5900000000000001	instable	instable_no_stable_identity	instable
IN_463	100	0.31	0.28	0.41	constant	0.41	0.5900000000000001	instable	instable_no_stable_identity	instable
IN_467	100	0.41	0.28	0.31	up	0.41	0.5900000000000001	instable	instable_no_stable_identity	instable
IN_481	100	0.28	0.31	0.41	constant	0.41	0.5900000000000001	instable	instable_no_stable_identity	instable
IN_483	100	0.21	0.38	0.41	constant	0.41	0.5900000000000001	instable	instable_no_stable_identity	instable
IN_491	100	0.41	0.27	0.32	up	0.41	0.5900000000000001	instable	instable_no_stable_identity	instable
IN_504	100	0.27	0.41	0.32	down	0.41	0.5900000000000001	instable	instable_no_stable_identity	instable
IN_520	100	0.26	0.41	0.33	down	0.41	0.5900000000000001	instable	instable_no_stable_identity	instable
IN_53	100	0.29	0.3	0.41	constant	0.41	0.5900000000000001	instable	instable_no_stable_identity	instable
IN_533	100	0.22	0.41	0.37	down	0.41	0.5900000000000001	instable	instable_no_stable_identity	instable
IN_551	100	0.41	0.35	0.24	up	0.41	0.5900000000000001	instable	instable_no_stable_identity	instable
IN_583	100	0.34	0.41	0.25	down	0.41	0.5900000000000001	instable	instable_no_stable_identity	instable
IN_601	100	0.41	0.34	0.25	up	0.41	0.5900000000000001	instable	instable_no_stable_identity	instable
IN_608	100	0.41	0.28	0.31	up	0.41	0.5900000000000001	instable	instable_no_stable_identity	instable
IN_61	100	0.29	0.41	0.3	down	0.41	0.5900000000000001	instable	instable_no_stable_identity	instable
IN_633	100	0.24	0.35	0.41	constant	0.41	0.5900000000000001	instable	instable_no_stable_identity	instable
IN_644	100	0.29	0.41	0.3	down	0.41	0.5900000000000001	instable	instable_no_stable_identity	instable
IN_648	100	0.32	0.41	0.27	down	0.41	0.5900000000000001	instable	instable_no_stable_identity	instable
IN_684	100	0.31	0.28	0.41	constant	0.41	0.5900000000000001	instable	instable_no_stable_identity	instable
IN_689	100	0.27	0.41	0.32	down	0.41	0.5900000000000001	instable	instable_no_stable_identity	instable
IN_698	100	0.41	0.28	0.31	up	0.41	0.5900000000000001	instable	instable_no_stable_identity	instable
IN_70	100	0.34	0.25	0.41	constant	0.41	0.5900000000000001	instable	instable_no_stable_identity	instable
IN_700	100	0.3	0.29	0.41	constant	0.41	0.5900000000000001	instable	instable_no_stable_identity	instable
IN_744	100	0.41	0.26	0.33	up	0.41	0.5900000000000001	instable	instable_no_stable_identity	instable
IN_754	100	0.34	0.41	0.25	down	0.41	0.5900000000000001	instable	instable_no_stable_identity	instable
IN_764	100	0.21	0.41	0.38	down	0.41	0.5900000000000001	instable	instable_no_stable_identity	instable
IN_797	100	0.32	0.41	0.27	down	0.41	0.5900000000000001	instable	instable_no_stable_identity	instable
IN_800	100	0.26	0.41	0.33	down	0.41	0.5900000000000001	instable	instable_no_stable_identity	instable
IN_804	100	0.29	0.3	0.41	constant	0.41	0.5900000000000001	instable	instable_no_stable_identity	instable
IN_812	100	0.41	0.25	0.34	up	0.41	0.5900000000000001	instable	instable_no_stable_identity	instable
IN_822	100	0.3	0.41	0.29	down	0.41	0.5900000000000001	instable	instable_no_stable_identity	instable
IN_830	100	0.41	0.29	0.3	up	0.41	0.5900000000000001	instable	instable_no_stable_identity	instable
IN_836	100	0.32	0.27	0.41	constant	0.41	0.5900000000000001	instable	instable_no_stable_identity	instable
IN_872	100	0.3	0.41	0.29	down	0.41	0.5900000000000001	instable	instable_no_stable_identity	instable
IN_90	100	0.41	0.23	0.36	up	0.41	0.5900000000000001	instable	instable_no_stable_identity	instable
IN_900	100	0.41	0.25	0.34	up	0.41	0.5900000000000001	instable	instable_no_stable_identity	instable
IN_934	100	0.27	0.41	0.32	down	0.41	0.5900000000000001	instable	instable_no_stable_identity	instable
IN_936	100	0.26	0.41	0.33	down	0.41	0.5900000000000001	instable	instable_no_stable_identity	instable
IN_941	100	0.34	0.25	0.41	constant	0.41	0.5900000000000001	instable	instable_no_stable_identity	instable
IN_960	100	0.28	0.31	0.41	constant	0.41	0.5900000000000001	instable	instable_no_stable_identity	instable
IN_969	100	0.31	0.41	0.28	down	0.41	0.5900000000000001	instable	instable_no_stable_identity	instable
IN_973	100	0.41	0.31	0.28	up	0.41	0.5900000000000001	instable	instable_no_stable_identity	instable
IN_109	100	0.24	0.36	0.4	constant	0.4	0.6	instable	instable_no_stable_identity	instable
IN_11	100	0.31	0.4	0.29	down	0.4	0.6	instable	instable_no_stable_identity	instable
IN_133	100	0.32	0.4	0.28	down	0.4	0.6	instable	instable_no_stable_identity	instable
IN_15	100	0.27	0.33	0.4	constant	0.4	0.6	instable	instable_no_stable_identity	instable
IN_159	100	0.31	0.29	0.4	constant	0.4	0.6	instable	instable_no_stable_identity	instable
IN_186	100	0.27	0.4	0.33	down	0.4	0.6	instable	instable_no_stable_identity	instable
IN_191	100	0.32	0.28	0.4	constant	0.4	0.6	instable	instable_no_stable_identity	instable
IN_217	100	0.25	0.4	0.35	down	0.4	0.6	instable	instable_no_stable_identity	instable
IN_218	100	0.36	0.24	0.4	constant	0.4	0.6	instable	instable_no_stable_identity	instable
IN_23	100	0.31	0.4	0.29	down	0.4	0.6	instable	instable_no_stable_identity	instable
IN_24	100	0.4	0.28	0.32	up	0.4	0.6	instable	instable_no_stable_identity	instable
IN_251	100	0.27	0.4	0.33	down	0.4	0.6	instable	instable_no_stable_identity	instable
IN_255	100	0.31	0.29	0.4	constant	0.4	0.6	instable	instable_no_stable_identity	instable
IN_258	100	0.4	0.3	0.3	up	0.4	0.6	instable	instable_no_stable_identity	instable
IN_272	100	0.31	0.4	0.29	down	0.4	0.6	instable	instable_no_stable_identity	instable
IN_28	100	0.31	0.4	0.29	down	0.4	0.6	instable	instable_no_stable_identity	instable
IN_281	100	0.31	0.4	0.29	down	0.4	0.6	instable	instable_no_stable_identity	instable
IN_290	100	0.4	0.33	0.27	up	0.4	0.6	instable	instable_no_stable_identity	instable
IN_293	100	0.28	0.32	0.4	constant	0.4	0.6	instable	instable_no_stable_identity	instable
IN_296	100	0.31	0.4	0.29	down	0.4	0.6	instable	instable_no_stable_identity	instable
IN_3	100	0.4	0.32	0.28	up	0.4	0.6	instable	instable_no_stable_identity	instable
IN_311	100	0.25	0.4	0.35	down	0.4	0.6	instable	instable_no_stable_identity	instable
IN_315	100	0.29	0.4	0.31	down	0.4	0.6	instable	instable_no_stable_identity	instable
IN_321	100	0.27	0.33	0.4	constant	0.4	0.6	instable	instable_no_stable_identity	instable
IN_327	100	0.35	0.4	0.25	down	0.4	0.6	instable	instable_no_stable_identity	instable
IN_329	100	0.4	0.31	0.29	up	0.4	0.6	instable	instable_no_stable_identity	instable
IN_331	100	0.4	0.32	0.28	up	0.4	0.6	instable	instable_no_stable_identity	instable
IN_342	100	0.4	0.37	0.23	up	0.4	0.6	instable	instable_no_stable_identity	instable
IN_353	100	0.29	0.31	0.4	constant	0.4	0.6	instable	instable_no_stable_identity	instable
IN_355	100	0.3	0.3	0.4	constant	0.4	0.6	instable	instable_no_stable_identity	instable
IN_367	100	0.3	0.4	0.3	down	0.4	0.6	instable	instable_no_stable_identity	instable
IN_368	100	0.33	0.4	0.27	down	0.4	0.6	instable	instable_no_stable_identity	instable
IN_377	100	0.27	0.4	0.33	down	0.4	0.6	instable	instable_no_stable_identity	instable
IN_387	100	0.34	0.26	0.4	constant	0.4	0.6	instable	instable_no_stable_identity	instable
IN_389	100	0.33	0.4	0.27	down	0.4	0.6	instable	instable_no_stable_identity	instable
IN_441	100	0.27	0.4	0.33	down	0.4	0.6	instable	instable_no_stable_identity	instable
IN_444	100	0.4	0.27	0.33	up	0.4	0.6	instable	instable_no_stable_identity	instable
IN_449	100	0.4	0.32	0.28	up	0.4	0.6	instable	instable_no_stable_identity	instable
IN_45	100	0.31	0.29	0.4	constant	0.4	0.6	instable	instable_no_stable_identity	instable
IN_457	100	0.34	0.26	0.4	constant	0.4	0.6	instable	instable_no_stable_identity	instable
IN_46	100	0.35	0.25	0.4	constant	0.4	0.6	instable	instable_no_stable_identity	instable
IN_465	100	0.4	0.29	0.31	up	0.4	0.6	instable	instable_no_stable_identity	instable
IN_471	100	0.28	0.32	0.4	constant	0.4	0.6	instable	instable_no_stable_identity	instable
IN_49	100	0.31	0.29	0.4	constant	0.4	0.6	instable	instable_no_stable_identity	instable
IN_498	100	0.4	0.32	0.28	up	0.4	0.6	instable	instable_no_stable_identity	instable
IN_503	100	0.36	0.4	0.24	down	0.4	0.6	instable	instable_no_stable_identity	instable
IN_51	100	0.29	0.4	0.31	down	0.4	0.6	instable	instable_no_stable_identity	instable
IN_513	100	0.31	0.4	0.29	down	0.4	0.6	instable	instable_no_stable_identity	instable
IN_522	100	0.29	0.31	0.4	constant	0.4	0.6	instable	instable_no_stable_identity	instable
IN_535	100	0.27	0.33	0.4	constant	0.4	0.6	instable	instable_no_stable_identity	instable
IN_548	100	0.4	0.27	0.33	up	0.4	0.6	instable	instable_no_stable_identity	instable
IN_553	100	0.28	0.4	0.32	down	0.4	0.6	instable	instable_no_stable_identity	instable
IN_560	100	0.28	0.4	0.32	down	0.4	0.6	instable	instable_no_stable_identity	instable
IN_567	100	0.4	0.27	0.33	up	0.4	0.6	instable	instable_no_stable_identity	instable
IN_569	100	0.28	0.32	0.4	constant	0.4	0.6	instable	instable_no_stable_identity	instable
IN_587	100	0.29	0.31	0.4	constant	0.4	0.6	instable	instable_no_stable_identity	instable
IN_594	100	0.4	0.35	0.25	up	0.4	0.6	instable	instable_no_stable_identity	instable
IN_595	100	0.4	0.34	0.26	up	0.4	0.6	instable	instable_no_stable_identity	instable
IN_607	100	0.28	0.32	0.4	constant	0.4	0.6	instable	instable_no_stable_identity	instable
IN_617	100	0.28	0.4	0.32	down	0.4	0.6	instable	instable_no_stable_identity	instable
IN_649	100	0.38	0.22	0.4	constant	0.4	0.6	instable	instable_no_stable_identity	instable
IN_651	100	0.4	0.29	0.31	up	0.4	0.6	instable	instable_no_stable_identity	instable
IN_657	100	0.25	0.4	0.35	down	0.4	0.6	instable	instable_no_stable_identity	instable
IN_660	100	0.33	0.27	0.4	constant	0.4	0.6	instable	instable_no_stable_identity	instable
IN_663	100	0.32	0.4	0.28	down	0.4	0.6	instable	instable_no_stable_identity	instable
IN_67	100	0.28	0.4	0.32	down	0.4	0.6	instable	instable_no_stable_identity	instable
IN_676	100	0.4	0.27	0.33	up	0.4	0.6	instable	instable_no_stable_identity	instable
IN_682	100	0.3	0.4	0.3	down	0.4	0.6	instable	instable_no_stable_identity	instable
IN_710	100	0.3	0.3	0.4	constant	0.4	0.6	instable	instable_no_stable_identity	instable
IN_711	100	0.4	0.27	0.33	up	0.4	0.6	instable	instable_no_stable_identity	instable
IN_715	100	0.33	0.4	0.27	down	0.4	0.6	instable	instable_no_stable_identity	instable
IN_724	100	0.4	0.3	0.3	up	0.4	0.6	instable	instable_no_stable_identity	instable
IN_730	100	0.24	0.4	0.36	down	0.4	0.6	instable	instable_no_stable_identity	instable
IN_734	100	0.28	0.32	0.4	constant	0.4	0.6	instable	instable_no_stable_identity	instable
IN_736	100	0.26	0.4	0.34	down	0.4	0.6	instable	instable_no_stable_identity	instable
IN_75	100	0.4	0.26	0.34	up	0.4	0.6	instable	instable_no_stable_identity	instable
IN_752	100	0.35	0.25	0.4	constant	0.4	0.6	instable	instable_no_stable_identity	instable
IN_779	100	0.4	0.34	0.26	up	0.4	0.6	instable	instable_no_stable_identity	instable
IN_794	100	0.27	0.4	0.33	down	0.4	0.6	instable	instable_no_stable_identity	instable
IN_796	100	0.33	0.27	0.4	constant	0.4	0.6	instable	instable_no_stable_identity	instable
IN_803	100	0.26	0.4	0.34	down	0.4	0.6	instable	instable_no_stable_identity	instable
IN_819	100	0.25	0.35	0.4	constant	0.4	0.6	instable	instable_no_stable_identity	instable
IN_828	100	0.4	0.34	0.26	up	0.4	0.6	instable	instable_no_stable_identity	instable
IN_835	100	0.4	0.31	0.29	up	0.4	0.6	instable	instable_no_stable_identity	instable
IN_839	100	0.25	0.4	0.35	down	0.4	0.6	instable	instable_no_stable_identity	instable
IN_883	100	0.4	0.31	0.29	up	0.4	0.6	instable	instable_no_stable_identity	instable
IN_885	100	0.26	0.4	0.34	down	0.4	0.6	instable	instable_no_stable_identity	instable
IN_886	100	0.4	0.3	0.3	up	0.4	0.6	instable	instable_no_stable_identity	instable
IN_905	100	0.33	0.4	0.27	down	0.4	0.6	instable	instable_no_stable_identity	instable
IN_906	100	0.4	0.26	0.34	up	0.4	0.6	instable	instable_no_stable_identity	instable
IN_908	100	0.31	0.4	0.29	down	0.4	0.6	instable	instable_no_stable_identity	instable
IN_913	100	0.23	0.37	0.4	constant	0.4	0.6	instable	instable_no_stable_identity	instable
IN_919	100	0.25	0.35	0.4	constant	0.4	0.6	instable	instable_no_stable_identity	instable
IN_920	100	0.35	0.4	0.25	down	0.4	0.6	instable	instable_no_stable_identity	instable
IN_925	100	0.27	0.33	0.4	constant	0.4	0.6	instable	instable_no_stable_identity	instable
IN_927	100	0.29	0.31	0.4	constant	0.4	0.6	instable	instable_no_stable_identity	instable
IN_928	100	0.26	0.4	0.34	down	0.4	0.6	instable	instable_no_stable_identity	instable
IN_942	100	0.27	0.33	0.4	constant	0.4	0.6	instable	instable_no_stable_identity	instable
IN_954	100	0.31	0.29	0.4	constant	0.4	0.6	instable	instable_no_stable_identity	instable
IN_955	100	0.4	0.35	0.25	up	0.4	0.6	instable	instable_no_stable_identity	instable
IN_96	100	0.4	0.34	0.26	up	0.4	0.6	instable	instable_no_stable_identity	instable
IN_970	100	0.27	0.33	0.4	constant	0.4	0.6	instable	instable_no_stable_identity	instable
IN_113	100	0.32	0.29	0.39	constant	0.39	0.61	instable	instable_no_stable_identity	instable
IN_114	100	0.39	0.28	0.33	up	0.39	0.61	instable	instable_no_stable_identity	instable
IN_120	100	0.39	0.35	0.26	up	0.39	0.61	instable	instable_no_stable_identity	instable
IN_122	100	0.39	0.34	0.27	up	0.39	0.61	instable	instable_no_stable_identity	instable
IN_123	100	0.39	0.29	0.32	up	0.39	0.61	instable	instable_no_stable_identity	instable
IN_137	100	0.34	0.27	0.39	constant	0.39	0.61	instable	instable_no_stable_identity	instable
IN_139	100	0.33	0.39	0.28	down	0.39	0.61	instable	instable_no_stable_identity	instable
IN_141	100	0.32	0.29	0.39	constant	0.39	0.61	instable	instable_no_stable_identity	instable
IN_144	100	0.35	0.26	0.39	constant	0.39	0.61	instable	instable_no_stable_identity	instable
IN_148	100	0.39	0.22	0.39	mixed	0.39	0.61	instable	instable_no_stable_identity	instable
IN_163	100	0.39	0.31	0.3	up	0.39	0.61	instable	instable_no_stable_identity	instable
IN_164	100	0.39	0.31	0.3	up	0.39	0.61	instable	instable_no_stable_identity	instable
IN_178	100	0.39	0.32	0.29	up	0.39	0.61	instable	instable_no_stable_identity	instable
IN_18	100	0.28	0.39	0.33	down	0.39	0.61	instable	instable_no_stable_identity	instable
IN_183	100	0.29	0.39	0.32	down	0.39	0.61	instable	instable_no_stable_identity	instable
IN_192	100	0.39	0.31	0.3	up	0.39	0.61	instable	instable_no_stable_identity	instable
IN_195	100	0.39	0.28	0.33	up	0.39	0.61	instable	instable_no_stable_identity	instable
IN_202	100	0.39	0.28	0.33	up	0.39	0.61	instable	instable_no_stable_identity	instable
IN_222	100	0.35	0.39	0.26	down	0.39	0.61	instable	instable_no_stable_identity	instable
IN_223	100	0.39	0.32	0.29	up	0.39	0.61	instable	instable_no_stable_identity	instable
IN_230	100	0.35	0.39	0.26	down	0.39	0.61	instable	instable_no_stable_identity	instable
IN_234	100	0.39	0.33	0.28	up	0.39	0.61	instable	instable_no_stable_identity	instable
IN_238	100	0.37	0.24	0.39	constant	0.39	0.61	instable	instable_no_stable_identity	instable
IN_239	100	0.39	0.31	0.3	up	0.39	0.61	instable	instable_no_stable_identity	instable
IN_242	100	0.29	0.32	0.39	constant	0.39	0.61	instable	instable_no_stable_identity	instable
IN_244	100	0.39	0.32	0.29	up	0.39	0.61	instable	instable_no_stable_identity	instable
IN_259	100	0.33	0.39	0.28	down	0.39	0.61	instable	instable_no_stable_identity	instable
IN_266	100	0.39	0.22	0.39	mixed	0.39	0.61	instable	instable_no_stable_identity	instable
IN_268	100	0.31	0.39	0.3	down	0.39	0.61	instable	instable_no_stable_identity	instable
IN_270	100	0.39	0.37	0.24	up	0.39	0.61	instable	instable_no_stable_identity	instable
IN_300	100	0.3	0.39	0.31	down	0.39	0.61	instable	instable_no_stable_identity	instable
IN_33	100	0.39	0.3	0.31	up	0.39	0.61	instable	instable_no_stable_identity	instable
IN_335	100	0.39	0.36	0.25	up	0.39	0.61	instable	instable_no_stable_identity	instable
IN_337	100	0.29	0.39	0.32	down	0.39	0.61	instable	instable_no_stable_identity	instable
IN_341	100	0.36	0.39	0.25	down	0.39	0.61	instable	instable_no_stable_identity	instable
IN_345	100	0.24	0.39	0.37	down	0.39	0.61	instable	instable_no_stable_identity	instable
IN_374	100	0.31	0.39	0.3	down	0.39	0.61	instable	instable_no_stable_identity	instable
IN_378	100	0.31	0.39	0.3	down	0.39	0.61	instable	instable_no_stable_identity	instable
IN_381	100	0.25	0.39	0.36	down	0.39	0.61	instable	instable_no_stable_identity	instable
IN_388	100	0.33	0.28	0.39	constant	0.39	0.61	instable	instable_no_stable_identity	instable
IN_401	100	0.34	0.39	0.27	down	0.39	0.61	instable	instable_no_stable_identity	instable
IN_415	100	0.34	0.27	0.39	constant	0.39	0.61	instable	instable_no_stable_identity	instable
IN_416	100	0.39	0.27	0.34	up	0.39	0.61	instable	instable_no_stable_identity	instable
IN_418	100	0.39	0.27	0.34	up	0.39	0.61	instable	instable_no_stable_identity	instable
IN_420	100	0.39	0.35	0.26	up	0.39	0.61	instable	instable_no_stable_identity	instable
IN_445	100	0.39	0.29	0.32	up	0.39	0.61	instable	instable_no_stable_identity	instable
IN_451	100	0.34	0.39	0.27	down	0.39	0.61	instable	instable_no_stable_identity	instable
IN_470	100	0.28	0.39	0.33	down	0.39	0.61	instable	instable_no_stable_identity	instable
IN_477	100	0.26	0.39	0.35	down	0.39	0.61	instable	instable_no_stable_identity	instable
IN_480	100	0.39	0.35	0.26	up	0.39	0.61	instable	instable_no_stable_identity	instable
IN_490	100	0.25	0.39	0.36	down	0.39	0.61	instable	instable_no_stable_identity	instable
IN_497	100	0.29	0.39	0.32	down	0.39	0.61	instable	instable_no_stable_identity	instable
IN_50	100	0.39	0.34	0.27	up	0.39	0.61	instable	instable_no_stable_identity	instable
IN_517	100	0.35	0.39	0.26	down	0.39	0.61	instable	instable_no_stable_identity	instable
IN_519	100	0.39	0.32	0.29	up	0.39	0.61	instable	instable_no_stable_identity	instable
IN_525	100	0.27	0.34	0.39	constant	0.39	0.61	instable	instable_no_stable_identity	instable
IN_542	100	0.29	0.39	0.32	down	0.39	0.61	instable	instable_no_stable_identity	instable
IN_550	100	0.39	0.38	0.23	up	0.39	0.61	instable	instable_no_stable_identity	instable
IN_566	100	0.33	0.39	0.28	down	0.39	0.61	instable	instable_no_stable_identity	instable
IN_570	100	0.35	0.26	0.39	constant	0.39	0.61	instable	instable_no_stable_identity	instable
IN_574	100	0.39	0.24	0.37	up	0.39	0.61	instable	instable_no_stable_identity	instable
IN_586	100	0.26	0.39	0.35	down	0.39	0.61	instable	instable_no_stable_identity	instable
IN_605	100	0.31	0.3	0.39	constant	0.39	0.61	instable	instable_no_stable_identity	instable
IN_612	100	0.39	0.28	0.33	up	0.39	0.61	instable	instable_no_stable_identity	instable
IN_615	100	0.33	0.28	0.39	constant	0.39	0.61	instable	instable_no_stable_identity	instable
IN_616	100	0.39	0.33	0.28	up	0.39	0.61	instable	instable_no_stable_identity	instable
IN_621	100	0.39	0.33	0.28	up	0.39	0.61	instable	instable_no_stable_identity	instable
IN_623	100	0.39	0.36	0.25	up	0.39	0.61	instable	instable_no_stable_identity	instable
IN_635	100	0.39	0.29	0.32	up	0.39	0.61	instable	instable_no_stable_identity	instable
IN_638	100	0.39	0.28	0.33	up	0.39	0.61	instable	instable_no_stable_identity	instable
IN_641	100	0.39	0.3	0.31	up	0.39	0.61	instable	instable_no_stable_identity	instable
IN_654	100	0.27	0.34	0.39	constant	0.39	0.61	instable	instable_no_stable_identity	instable
IN_670	100	0.26	0.35	0.39	constant	0.39	0.61	instable	instable_no_stable_identity	instable
IN_672	100	0.39	0.28	0.33	up	0.39	0.61	instable	instable_no_stable_identity	instable
IN_674	100	0.39	0.29	0.32	up	0.39	0.61	instable	instable_no_stable_identity	instable
IN_679	100	0.39	0.3	0.31	up	0.39	0.61	instable	instable_no_stable_identity	instable
IN_685	100	0.29	0.39	0.32	down	0.39	0.61	instable	instable_no_stable_identity	instable
IN_696	100	0.38	0.39	0.23	down	0.39	0.61	instable	instable_no_stable_identity	instable
IN_697	100	0.24	0.39	0.37	down	0.39	0.61	instable	instable_no_stable_identity	instable
IN_702	100	0.3	0.39	0.31	down	0.39	0.61	instable	instable_no_stable_identity	instable
IN_713	100	0.23	0.38	0.39	constant	0.39	0.61	instable	instable_no_stable_identity	instable
IN_714	100	0.39	0.26	0.35	up	0.39	0.61	instable	instable_no_stable_identity	instable
IN_719	100	0.39	0.33	0.28	up	0.39	0.61	instable	instable_no_stable_identity	instable
IN_747	100	0.3	0.39	0.31	down	0.39	0.61	instable	instable_no_stable_identity	instable
IN_762	100	0.32	0.39	0.29	down	0.39	0.61	instable	instable_no_stable_identity	instable
IN_767	100	0.34	0.27	0.39	constant	0.39	0.61	instable	instable_no_stable_identity	instable
IN_769	100	0.39	0.35	0.26	up	0.39	0.61	instable	instable_no_stable_identity	instable
IN_78	100	0.28	0.33	0.39	constant	0.39	0.61	instable	instable_no_stable_identity	instable
IN_781	100	0.39	0.37	0.24	up	0.39	0.61	instable	instable_no_stable_identity	instable
IN_783	100	0.32	0.29	0.39	constant	0.39	0.61	instable	instable_no_stable_identity	instable
IN_784	100	0.34	0.39	0.27	down	0.39	0.61	instable	instable_no_stable_identity	instable
IN_785	100	0.28	0.33	0.39	constant	0.39	0.61	instable	instable_no_stable_identity	instable
IN_786	100	0.39	0.34	0.27	up	0.39	0.61	instable	instable_no_stable_identity	instable
IN_79	100	0.37	0.24	0.39	constant	0.39	0.61	instable	instable_no_stable_identity	instable
IN_801	100	0.34	0.27	0.39	constant	0.39	0.61	instable	instable_no_stable_identity	instable
IN_806	100	0.29	0.39	0.32	down	0.39	0.61	instable	instable_no_stable_identity	instable
IN_821	100	0.39	0.29	0.32	up	0.39	0.61	instable	instable_no_stable_identity	instable
IN_824	100	0.28	0.39	0.33	down	0.39	0.61	instable	instable_no_stable_identity	instable
IN_832	100	0.39	0.29	0.32	up	0.39	0.61	instable	instable_no_stable_identity	instable
IN_833	100	0.28	0.39	0.33	down	0.39	0.61	instable	instable_no_stable_identity	instable
IN_838	100	0.31	0.39	0.3	down	0.39	0.61	instable	instable_no_stable_identity	instable
IN_842	100	0.28	0.33	0.39	constant	0.39	0.61	instable	instable_no_stable_identity	instable
IN_843	100	0.25	0.36	0.39	constant	0.39	0.61	instable	instable_no_stable_identity	instable
IN_845	100	0.36	0.25	0.39	constant	0.39	0.61	instable	instable_no_stable_identity	instable
IN_846	100	0.35	0.26	0.39	constant	0.39	0.61	instable	instable_no_stable_identity	instable
IN_848	100	0.3	0.39	0.31	down	0.39	0.61	instable	instable_no_stable_identity	instable
IN_850	100	0.39	0.33	0.28	up	0.39	0.61	instable	instable_no_stable_identity	instable
IN_853	100	0.39	0.3	0.31	up	0.39	0.61	instable	instable_no_stable_identity	instable
IN_856	100	0.33	0.39	0.28	down	0.39	0.61	instable	instable_no_stable_identity	instable
IN_857	100	0.34	0.27	0.39	constant	0.39	0.61	instable	instable_no_stable_identity	instable
IN_858	100	0.29	0.32	0.39	constant	0.39	0.61	instable	instable_no_stable_identity	instable
IN_860	100	0.39	0.27	0.34	up	0.39	0.61	instable	instable_no_stable_identity	instable
IN_862	100	0.27	0.34	0.39	constant	0.39	0.61	instable	instable_no_stable_identity	instable
IN_863	100	0.28	0.39	0.33	down	0.39	0.61	instable	instable_no_stable_identity	instable
IN_867	100	0.37	0.39	0.24	down	0.39	0.61	instable	instable_no_stable_identity	instable
IN_874	100	0.39	0.23	0.38	up	0.39	0.61	instable	instable_no_stable_identity	instable
IN_888	100	0.3	0.39	0.31	down	0.39	0.61	instable	instable_no_stable_identity	instable
IN_889	100	0.39	0.35	0.26	up	0.39	0.61	instable	instable_no_stable_identity	instable
IN_891	100	0.39	0.3	0.31	up	0.39	0.61	instable	instable_no_stable_identity	instable
IN_892	100	0.34	0.39	0.27	down	0.39	0.61	instable	instable_no_stable_identity	instable
IN_893	100	0.25	0.39	0.36	down	0.39	0.61	instable	instable_no_stable_identity	instable
IN_897	100	0.36	0.25	0.39	constant	0.39	0.61	instable	instable_no_stable_identity	instable
IN_910	100	0.31	0.39	0.3	down	0.39	0.61	instable	instable_no_stable_identity	instable
IN_945	100	0.39	0.32	0.29	up	0.39	0.61	instable	instable_no_stable_identity	instable
IN_947	100	0.39	0.29	0.32	up	0.39	0.61	instable	instable_no_stable_identity	instable
IN_949	100	0.3	0.39	0.31	down	0.39	0.61	instable	instable_no_stable_identity	instable
IN_956	100	0.31	0.39	0.3	down	0.39	0.61	instable	instable_no_stable_identity	instable
IN_957	100	0.35	0.26	0.39	constant	0.39	0.61	instable	instable_no_stable_identity	instable
IN_961	100	0.31	0.3	0.39	constant	0.39	0.61	instable	instable_no_stable_identity	instable
IN_965	100	0.39	0.33	0.28	up	0.39	0.61	instable	instable_no_stable_identity	instable
IN_968	100	0.38	0.23	0.39	constant	0.39	0.61	instable	instable_no_stable_identity	instable
IN_977	100	0.22	0.39	0.39	mixed	0.39	0.61	instable	instable_no_stable_identity	instable
IN_980	100	0.39	0.28	0.33	up	0.39	0.61	instable	instable_no_stable_identity	instable
IN_983	100	0.31	0.39	0.3	down	0.39	0.61	instable	instable_no_stable_identity	instable
IN_996	100	0.34	0.39	0.27	down	0.39	0.61	instable	instable_no_stable_identity	instable
IN_106	100	0.37	0.25	0.38	constant	0.38	0.62	instable	instable_no_stable_identity	instable
IN_112	100	0.33	0.38	0.29	down	0.38	0.62	instable	instable_no_stable_identity	instable
IN_116	100	0.32	0.38	0.3	down	0.38	0.62	instable	instable_no_stable_identity	instable
IN_121	100	0.28	0.34	0.38	constant	0.38	0.62	instable	instable_no_stable_identity	instable
IN_129	100	0.25	0.38	0.37	down	0.38	0.62	instable	instable_no_stable_identity	instable
IN_131	100	0.38	0.26	0.36	up	0.38	0.62	instable	instable_no_stable_identity	instable
IN_156	100	0.32	0.38	0.3	down	0.38	0.62	instable	instable_no_stable_identity	instable
IN_166	100	0.38	0.28	0.34	up	0.38	0.62	instable	instable_no_stable_identity	instable
IN_167	100	0.27	0.38	0.35	down	0.38	0.62	instable	instable_no_stable_identity	instable
IN_169	100	0.26	0.36	0.38	constant	0.38	0.62	instable	instable_no_stable_identity	instable
IN_172	100	0.35	0.38	0.27	down	0.38	0.62	instable	instable_no_stable_identity	instable
IN_173	100	0.3	0.32	0.38	constant	0.38	0.62	instable	instable_no_stable_identity	instable
IN_174	100	0.28	0.34	0.38	constant	0.38	0.62	instable	instable_no_stable_identity	instable
IN_175	100	0.28	0.38	0.34	down	0.38	0.62	instable	instable_no_stable_identity	instable
IN_181	100	0.34	0.38	0.28	down	0.38	0.62	instable	instable_no_stable_identity	instable
IN_20	100	0.38	0.32	0.3	up	0.38	0.62	instable	instable_no_stable_identity	instable
IN_200	100	0.31	0.31	0.38	constant	0.38	0.62	instable	instable_no_stable_identity	instable
IN_201	100	0.29	0.38	0.33	down	0.38	0.62	instable	instable_no_stable_identity	instable
IN_204	100	0.29	0.38	0.33	down	0.38	0.62	instable	instable_no_stable_identity	instable
IN_208	100	0.28	0.34	0.38	constant	0.38	0.62	instable	instable_no_stable_identity	instable
IN_211	100	0.32	0.3	0.38	constant	0.38	0.62	instable	instable_no_stable_identity	instable
IN_220	100	0.27	0.35	0.38	constant	0.38	0.62	instable	instable_no_stable_identity	instable
IN_225	100	0.38	0.3	0.32	up	0.38	0.62	instable	instable_no_stable_identity	instable
IN_228	100	0.3	0.32	0.38	constant	0.38	0.62	instable	instable_no_stable_identity	instable
IN_233	100	0.37	0.25	0.38	constant	0.38	0.62	instable	instable_no_stable_identity	instable
IN_264	100	0.28	0.34	0.38	constant	0.38	0.62	instable	instable_no_stable_identity	instable
IN_265	100	0.38	0.34	0.28	up	0.38	0.62	instable	instable_no_stable_identity	instable
IN_269	100	0.38	0.27	0.35	up	0.38	0.62	instable	instable_no_stable_identity	instable
IN_278	100	0.25	0.38	0.37	down	0.38	0.62	instable	instable_no_stable_identity	instable
IN_282	100	0.38	0.34	0.28	up	0.38	0.62	instable	instable_no_stable_identity	instable
IN_297	100	0.38	0.31	0.31	up	0.38	0.62	instable	instable_no_stable_identity	instable
IN_299	100	0.36	0.38	0.26	down	0.38	0.62	instable	instable_no_stable_identity	instable
IN_317	100	0.33	0.29	0.38	constant	0.38	0.62	instable	instable_no_stable_identity	instable
IN_319	100	0.37	0.38	0.25	down	0.38	0.62	instable	instable_no_stable_identity	instable
IN_323	100	0.3	0.38	0.32	down	0.38	0.62	instable	instable_no_stable_identity	instable
IN_328	100	0.38	0.36	0.26	up	0.38	0.62	instable	instable_no_stable_identity	instable
IN_336	100	0.36	0.38	0.26	down	0.38	0.62	instable	instable_no_stable_identity	instable
IN_343	100	0.31	0.38	0.31	down	0.38	0.62	instable	instable_no_stable_identity	instable
IN_348	100	0.3	0.38	0.32	down	0.38	0.62	instable	instable_no_stable_identity	instable
IN_349	100	0.29	0.33	0.38	constant	0.38	0.62	instable	instable_no_stable_identity	instable
IN_356	100	0.38	0.28	0.34	up	0.38	0.62	instable	instable_no_stable_identity	instable
IN_364	100	0.3	0.38	0.32	down	0.38	0.62	instable	instable_no_stable_identity	instable
IN_379	100	0.32	0.38	0.3	down	0.38	0.62	instable	instable_no_stable_identity	instable
IN_382	100	0.38	0.32	0.3	up	0.38	0.62	instable	instable_no_stable_identity	instable
IN_385	100	0.38	0.37	0.25	up	0.38	0.62	instable	instable_no_stable_identity	instable
IN_386	100	0.27	0.35	0.38	constant	0.38	0.62	instable	instable_no_stable_identity	instable
IN_400	100	0.26	0.38	0.36	down	0.38	0.62	instable	instable_no_stable_identity	instable
IN_403	100	0.38	0.32	0.3	up	0.38	0.62	instable	instable_no_stable_identity	instable
IN_427	100	0.28	0.34	0.38	constant	0.38	0.62	instable	instable_no_stable_identity	instable
IN_43	100	0.27	0.35	0.38	constant	0.38	0.62	instable	instable_no_stable_identity	instable
IN_435	100	0.26	0.38	0.36	down	0.38	0.62	instable	instable_no_stable_identity	instable
IN_436	100	0.38	0.31	0.31	up	0.38	0.62	instable	instable_no_stable_identity	instable
IN_44	100	0.27	0.35	0.38	constant	0.38	0.62	instable	instable_no_stable_identity	instable
IN_440	100	0.37	0.25	0.38	constant	0.38	0.62	instable	instable_no_stable_identity	instable
IN_462	100	0.36	0.38	0.26	down	0.38	0.62	instable	instable_no_stable_identity	instable
IN_464	100	0.38	0.31	0.31	up	0.38	0.62	instable	instable_no_stable_identity	instable
IN_473	100	0.38	0.3	0.32	up	0.38	0.62	instable	instable_no_stable_identity	instable
IN_474	100	0.34	0.38	0.28	down	0.38	0.62	instable	instable_no_stable_identity	instable
IN_476	100	0.38	0.32	0.3	up	0.38	0.62	instable	instable_no_stable_identity	instable
IN_487	100	0.38	0.28	0.34	up	0.38	0.62	instable	instable_no_stable_identity	instable
IN_489	100	0.38	0.32	0.3	up	0.38	0.62	instable	instable_no_stable_identity	instable
IN_494	100	0.36	0.38	0.26	down	0.38	0.62	instable	instable_no_stable_identity	instable
IN_499	100	0.38	0.34	0.28	up	0.38	0.62	instable	instable_no_stable_identity	instable
IN_511	100	0.38	0.34	0.28	up	0.38	0.62	instable	instable_no_stable_identity	instable
IN_512	100	0.38	0.31	0.31	up	0.38	0.62	instable	instable_no_stable_identity	instable
IN_515	100	0.35	0.27	0.38	constant	0.38	0.62	instable	instable_no_stable_identity	instable
IN_518	100	0.32	0.38	0.3	down	0.38	0.62	instable	instable_no_stable_identity	instable
IN_532	100	0.38	0.28	0.34	up	0.38	0.62	instable	instable_no_stable_identity	instable
IN_536	100	0.38	0.28	0.34	up	0.38	0.62	instable	instable_no_stable_identity	instable
IN_539	100	0.38	0.38	0.24	mixed	0.38	0.62	instable	instable_no_stable_identity	instable
IN_540	100	0.32	0.3	0.38	constant	0.38	0.62	instable	instable_no_stable_identity	instable
IN_544	100	0.3	0.32	0.38	constant	0.38	0.62	instable	instable_no_stable_identity	instable
IN_56	100	0.38	0.33	0.29	up	0.38	0.62	instable	instable_no_stable_identity	instable
IN_565	100	0.3	0.38	0.32	down	0.38	0.62	instable	instable_no_stable_identity	instable
IN_571	100	0.31	0.38	0.31	down	0.38	0.62	instable	instable_no_stable_identity	instable
IN_573	100	0.29	0.38	0.33	down	0.38	0.62	instable	instable_no_stable_identity	instable
IN_576	100	0.32	0.38	0.3	down	0.38	0.62	instable	instable_no_stable_identity	instable
IN_58	100	0.33	0.38	0.29	down	0.38	0.62	instable	instable_no_stable_identity	instable
IN_589	100	0.3	0.32	0.38	constant	0.38	0.62	instable	instable_no_stable_identity	instable
IN_597	100	0.27	0.38	0.35	down	0.38	0.62	instable	instable_no_stable_identity	instable
IN_598	100	0.28	0.34	0.38	constant	0.38	0.62	instable	instable_no_stable_identity	instable
IN_599	100	0.38	0.32	0.3	up	0.38	0.62	instable	instable_no_stable_identity	instable
IN_614	100	0.24	0.38	0.38	mixed	0.38	0.62	instable	instable_no_stable_identity	instable
IN_624	100	0.35	0.38	0.27	down	0.38	0.62	instable	instable_no_stable_identity	instable
IN_632	100	0.31	0.38	0.31	down	0.38	0.62	instable	instable_no_stable_identity	instable
IN_637	100	0.34	0.38	0.28	down	0.38	0.62	instable	instable_no_stable_identity	instable
IN_64	100	0.38	0.32	0.3	up	0.38	0.62	instable	instable_no_stable_identity	instable
IN_642	100	0.38	0.32	0.3	up	0.38	0.62	instable	instable_no_stable_identity	instable
IN_643	100	0.28	0.38	0.34	down	0.38	0.62	instable	instable_no_stable_identity	instable
IN_693	100	0.38	0.35	0.27	up	0.38	0.62	instable	instable_no_stable_identity	instable
IN_701	100	0.32	0.38	0.3	down	0.38	0.62	instable	instable_no_stable_identity	instable
IN_708	100	0.33	0.38	0.29	down	0.38	0.62	instable	instable_no_stable_identity	instable
IN_71	100	0.33	0.38	0.29	down	0.38	0.62	instable	instable_no_stable_identity	instable
IN_716	100	0.31	0.38	0.31	down	0.38	0.62	instable	instable_no_stable_identity	instable
IN_717	100	0.29	0.33	0.38	constant	0.38	0.62	instable	instable_no_stable_identity	instable
IN_722	100	0.32	0.38	0.3	down	0.38	0.62	instable	instable_no_stable_identity	instable
IN_723	100	0.32	0.3	0.38	constant	0.38	0.62	instable	instable_no_stable_identity	instable
IN_731	100	0.38	0.35	0.27	up	0.38	0.62	instable	instable_no_stable_identity	instable
IN_737	100	0.31	0.38	0.31	down	0.38	0.62	instable	instable_no_stable_identity	instable
IN_738	100	0.38	0.26	0.36	up	0.38	0.62	instable	instable_no_stable_identity	instable
IN_753	100	0.38	0.35	0.27	up	0.38	0.62	instable	instable_no_stable_identity	instable
IN_772	100	0.38	0.37	0.25	up	0.38	0.62	instable	instable_no_stable_identity	instable
IN_778	100	0.38	0.33	0.29	up	0.38	0.62	instable	instable_no_stable_identity	instable
IN_788	100	0.34	0.38	0.28	down	0.38	0.62	instable	instable_no_stable_identity	instable
IN_789	100	0.24	0.38	0.38	mixed	0.38	0.62	instable	instable_no_stable_identity	instable
IN_795	100	0.38	0.34	0.28	up	0.38	0.62	instable	instable_no_stable_identity	instable
IN_805	100	0.32	0.3	0.38	constant	0.38	0.62	instable	instable_no_stable_identity	instable
IN_807	100	0.38	0.29	0.33	up	0.38	0.62	instable	instable_no_stable_identity	instable
IN_808	100	0.38	0.33	0.29	up	0.38	0.62	instable	instable_no_stable_identity	instable
IN_811	100	0.38	0.34	0.28	up	0.38	0.62	instable	instable_no_stable_identity	instable
IN_813	100	0.38	0.31	0.31	up	0.38	0.62	instable	instable_no_stable_identity	instable
IN_814	100	0.34	0.38	0.28	down	0.38	0.62	instable	instable_no_stable_identity	instable
IN_820	100	0.38	0.24	0.38	mixed	0.38	0.62	instable	instable_no_stable_identity	instable
IN_826	100	0.37	0.25	0.38	constant	0.38	0.62	instable	instable_no_stable_identity	instable
IN_847	100	0.38	0.33	0.29	up	0.38	0.62	instable	instable_no_stable_identity	instable
IN_85	100	0.38	0.34	0.28	up	0.38	0.62	instable	instable_no_stable_identity	instable
IN_868	100	0.3	0.38	0.32	down	0.38	0.62	instable	instable_no_stable_identity	instable
IN_869	100	0.3	0.38	0.32	down	0.38	0.62	instable	instable_no_stable_identity	instable
IN_877	100	0.38	0.3	0.32	up	0.38	0.62	instable	instable_no_stable_identity	instable
IN_884	100	0.38	0.3	0.32	up	0.38	0.62	instable	instable_no_stable_identity	instable
IN_89	100	0.27	0.35	0.38	constant	0.38	0.62	instable	instable_no_stable_identity	instable
IN_915	100	0.25	0.37	0.38	constant	0.38	0.62	instable	instable_no_stable_identity	instable
IN_923	100	0.26	0.38	0.36	down	0.38	0.62	instable	instable_no_stable_identity	instable
IN_93	100	0.3	0.38	0.32	down	0.38	0.62	instable	instable_no_stable_identity	instable
IN_931	100	0.27	0.35	0.38	constant	0.38	0.62	instable	instable_no_stable_identity	instable
IN_952	100	0.28	0.38	0.34	down	0.38	0.62	instable	instable_no_stable_identity	instable
IN_958	100	0.38	0.3	0.32	up	0.38	0.62	instable	instable_no_stable_identity	instable
IN_966	100	0.38	0.3	0.32	up	0.38	0.62	instable	instable_no_stable_identity	instable
IN_975	100	0.38	0.34	0.28	up	0.38	0.62	instable	instable_no_stable_identity	instable
IN_982	100	0.38	0.35	0.27	up	0.38	0.62	instable	instable_no_stable_identity	instable
IN_99	100	0.38	0.28	0.34	up	0.38	0.62	instable	instable_no_stable_identity	instable
IN_990	100	0.38	0.28	0.34	up	0.38	0.62	instable	instable_no_stable_identity	instable
IN_992	100	0.31	0.38	0.31	down	0.38	0.62	instable	instable_no_stable_identity	instable
IN_993	100	0.38	0.29	0.33	up	0.38	0.62	instable	instable_no_stable_identity	instable
IN_994	100	0.38	0.38	0.24	mixed	0.38	0.62	instable	instable_no_stable_identity	instable
IN_995	100	0.38	0.36	0.26	up	0.38	0.62	instable	instable_no_stable_identity	instable
IN_999	100	0.31	0.38	0.31	down	0.38	0.62	instable	instable_no_stable_identity	instable
IN_107	100	0.37	0.32	0.31	up	0.37	0.63	instable	instable_no_stable_identity	instable
IN_118	100	0.37	0.31	0.32	up	0.37	0.63	instable	instable_no_stable_identity	instable
IN_128	100	0.31	0.32	0.37	constant	0.37	0.63	instable	instable_no_stable_identity	instable
IN_135	100	0.3	0.33	0.37	constant	0.37	0.63	instable	instable_no_stable_identity	instable
IN_154	100	0.35	0.37	0.28	down	0.37	0.63	instable	instable_no_stable_identity	instable
IN_158	100	0.34	0.37	0.29	down	0.37	0.63	instable	instable_no_stable_identity	instable
IN_162	100	0.37	0.33	0.3	up	0.37	0.63	instable	instable_no_stable_identity	instable
IN_171	100	0.35	0.28	0.37	constant	0.37	0.63	instable	instable_no_stable_identity	instable
IN_188	100	0.37	0.31	0.32	up	0.37	0.63	instable	instable_no_stable_identity	instable
IN_194	100	0.29	0.34	0.37	constant	0.37	0.63	instable	instable_no_stable_identity	instable
IN_21	100	0.28	0.35	0.37	constant	0.37	0.63	instable	instable_no_stable_identity	instable
IN_22	100	0.35	0.28	0.37	constant	0.37	0.63	instable	instable_no_stable_identity	instable
IN_226	100	0.34	0.29	0.37	constant	0.37	0.63	instable	instable_no_stable_identity	instable
IN_235	100	0.37	0.34	0.29	up	0.37	0.63	instable	instable_no_stable_identity	instable
IN_240	100	0.37	0.27	0.36	up	0.37	0.63	instable	instable_no_stable_identity	instable
IN_253	100	0.37	0.28	0.35	up	0.37	0.63	instable	instable_no_stable_identity	instable
IN_254	100	0.35	0.28	0.37	constant	0.37	0.63	instable	instable_no_stable_identity	instable
IN_262	100	0.37	0.35	0.28	up	0.37	0.63	instable	instable_no_stable_identity	instable
IN_277	100	0.27	0.36	0.37	constant	0.37	0.63	instable	instable_no_stable_identity	instable
IN_280	100	0.31	0.32	0.37	constant	0.37	0.63	instable	instable_no_stable_identity	instable
IN_283	100	0.29	0.37	0.34	down	0.37	0.63	instable	instable_no_stable_identity	instable
IN_285	100	0.35	0.28	0.37	constant	0.37	0.63	instable	instable_no_stable_identity	instable
IN_288	100	0.29	0.37	0.34	down	0.37	0.63	instable	instable_no_stable_identity	instable
IN_29	100	0.37	0.32	0.31	up	0.37	0.63	instable	instable_no_stable_identity	instable
IN_294	100	0.33	0.37	0.3	down	0.37	0.63	instable	instable_no_stable_identity	instable
IN_303	100	0.34	0.37	0.29	down	0.37	0.63	instable	instable_no_stable_identity	instable
IN_309	100	0.37	0.27	0.36	up	0.37	0.63	instable	instable_no_stable_identity	instable
IN_320	100	0.33	0.37	0.3	down	0.37	0.63	instable	instable_no_stable_identity	instable
IN_332	100	0.31	0.37	0.32	down	0.37	0.63	instable	instable_no_stable_identity	instable
IN_34	100	0.36	0.37	0.27	down	0.37	0.63	instable	instable_no_stable_identity	instable
IN_344	100	0.37	0.32	0.31	up	0.37	0.63	instable	instable_no_stable_identity	instable
IN_346	100	0.37	0.32	0.31	up	0.37	0.63	instable	instable_no_stable_identity	instable
IN_347	100	0.33	0.37	0.3	down	0.37	0.63	instable	instable_no_stable_identity	instable
IN_35	100	0.34	0.37	0.29	down	0.37	0.63	instable	instable_no_stable_identity	instable
IN_350	100	0.27	0.36	0.37	constant	0.37	0.63	instable	instable_no_stable_identity	instable
IN_352	100	0.28	0.35	0.37	constant	0.37	0.63	instable	instable_no_stable_identity	instable
IN_357	100	0.36	0.27	0.37	constant	0.37	0.63	instable	instable_no_stable_identity	instable
IN_359	100	0.28	0.37	0.35	down	0.37	0.63	instable	instable_no_stable_identity	instable
IN_366	100	0.28	0.35	0.37	constant	0.37	0.63	instable	instable_no_stable_identity	instable
IN_373	100	0.37	0.31	0.32	up	0.37	0.63	instable	instable_no_stable_identity	instable
IN_390	100	0.27	0.36	0.37	constant	0.37	0.63	instable	instable_no_stable_identity	instable
IN_393	100	0.37	0.27	0.36	up	0.37	0.63	instable	instable_no_stable_identity	instable
IN_395	100	0.37	0.35	0.28	up	0.37	0.63	instable	instable_no_stable_identity	instable
IN_412	100	0.32	0.37	0.31	down	0.37	0.63	instable	instable_no_stable_identity	instable
IN_425	100	0.37	0.3	0.33	up	0.37	0.63	instable	instable_no_stable_identity	instable
IN_429	100	0.37	0.31	0.32	up	0.37	0.63	instable	instable_no_stable_identity	instable
IN_433	100	0.36	0.37	0.27	down	0.37	0.63	instable	instable_no_stable_identity	instable
IN_437	100	0.31	0.37	0.32	down	0.37	0.63	instable	instable_no_stable_identity	instable
IN_443	100	0.3	0.37	0.33	down	0.37	0.63	instable	instable_no_stable_identity	instable
IN_448	100	0.32	0.31	0.37	constant	0.37	0.63	instable	instable_no_stable_identity	instable
IN_450	100	0.3	0.33	0.37	constant	0.37	0.63	instable	instable_no_stable_identity	instable
IN_452	100	0.37	0.31	0.32	up	0.37	0.63	instable	instable_no_stable_identity	instable
IN_47	100	0.28	0.35	0.37	constant	0.37	0.63	instable	instable_no_stable_identity	instable
IN_478	100	0.36	0.37	0.27	down	0.37	0.63	instable	instable_no_stable_identity	instable
IN_485	100	0.32	0.37	0.31	down	0.37	0.63	instable	instable_no_stable_identity	instable
IN_488	100	0.35	0.37	0.28	down	0.37	0.63	instable	instable_no_stable_identity	instable
IN_506	100	0.3	0.33	0.37	constant	0.37	0.63	instable	instable_no_stable_identity	instable
IN_508	100	0.32	0.37	0.31	down	0.37	0.63	instable	instable_no_stable_identity	instable
IN_510	100	0.29	0.37	0.34	down	0.37	0.63	instable	instable_no_stable_identity	instable
IN_523	100	0.37	0.31	0.32	up	0.37	0.63	instable	instable_no_stable_identity	instable
IN_526	100	0.3	0.37	0.33	down	0.37	0.63	instable	instable_no_stable_identity	instable
IN_528	100	0.33	0.3	0.37	constant	0.37	0.63	instable	instable_no_stable_identity	instable
IN_529	100	0.31	0.32	0.37	constant	0.37	0.63	instable	instable_no_stable_identity	instable
IN_534	100	0.33	0.3	0.37	constant	0.37	0.63	instable	instable_no_stable_identity	instable
IN_54	100	0.37	0.33	0.3	up	0.37	0.63	instable	instable_no_stable_identity	instable
IN_545	100	0.37	0.31	0.32	up	0.37	0.63	instable	instable_no_stable_identity	instable
IN_562	100	0.34	0.29	0.37	constant	0.37	0.63	instable	instable_no_stable_identity	instable
IN_581	100	0.37	0.33	0.3	up	0.37	0.63	instable	instable_no_stable_identity	instable
IN_585	100	0.29	0.37	0.34	down	0.37	0.63	instable	instable_no_stable_identity	instable
IN_590	100	0.37	0.37	0.26	mixed	0.37	0.63	instable	instable_no_stable_identity	instable
IN_592	100	0.37	0.35	0.28	up	0.37	0.63	instable	instable_no_stable_identity	instable
IN_593	100	0.28	0.37	0.35	down	0.37	0.63	instable	instable_no_stable_identity	instable
IN_60	100	0.27	0.36	0.37	constant	0.37	0.63	instable	instable_no_stable_identity	instable
IN_604	100	0.3	0.37	0.33	down	0.37	0.63	instable	instable_no_stable_identity	instable
IN_609	100	0.26	0.37	0.37	mixed	0.37	0.63	instable	instable_no_stable_identity	instable
IN_610	100	0.29	0.37	0.34	down	0.37	0.63	instable	instable_no_stable_identity	instable
IN_62	100	0.36	0.27	0.37	constant	0.37	0.63	instable	instable_no_stable_identity	instable
IN_622	100	0.37	0.31	0.32	up	0.37	0.63	instable	instable_no_stable_identity	instable
IN_627	100	0.32	0.31	0.37	constant	0.37	0.63	instable	instable_no_stable_identity	instable
IN_628	100	0.31	0.32	0.37	constant	0.37	0.63	instable	instable_no_stable_identity	instable
IN_630	100	0.3	0.37	0.33	down	0.37	0.63	instable	instable_no_stable_identity	instable
IN_647	100	0.37	0.29	0.34	up	0.37	0.63	instable	instable_no_stable_identity	instable
IN_652	100	0.28	0.37	0.35	down	0.37	0.63	instable	instable_no_stable_identity	instable
IN_669	100	0.27	0.37	0.36	down	0.37	0.63	instable	instable_no_stable_identity	instable
IN_678	100	0.37	0.29	0.34	up	0.37	0.63	instable	instable_no_stable_identity	instable
IN_688	100	0.31	0.32	0.37	constant	0.37	0.63	instable	instable_no_stable_identity	instable
IN_69	100	0.33	0.37	0.3	down	0.37	0.63	instable	instable_no_stable_identity	instable
IN_691	100	0.37	0.34	0.29	up	0.37	0.63	instable	instable_no_stable_identity	instable
IN_694	100	0.31	0.32	0.37	constant	0.37	0.63	instable	instable_no_stable_identity	instable
IN_695	100	0.35	0.28	0.37	constant	0.37	0.63	instable	instable_no_stable_identity	instable
IN_703	100	0.34	0.29	0.37	constant	0.37	0.63	instable	instable_no_stable_identity	instable
IN_705	100	0.37	0.32	0.31	up	0.37	0.63	instable	instable_no_stable_identity	instable
IN_709	100	0.36	0.37	0.27	down	0.37	0.63	instable	instable_no_stable_identity	instable
IN_726	100	0.33	0.37	0.3	down	0.37	0.63	instable	instable_no_stable_identity	instable
IN_729	100	0.37	0.32	0.31	up	0.37	0.63	instable	instable_no_stable_identity	instable
IN_73	100	0.37	0.28	0.35	up	0.37	0.63	instable	instable_no_stable_identity	instable
IN_733	100	0.37	0.31	0.32	up	0.37	0.63	instable	instable_no_stable_identity	instable
IN_740	100	0.3	0.37	0.33	down	0.37	0.63	instable	instable_no_stable_identity	instable
IN_799	100	0.3	0.37	0.33	down	0.37	0.63	instable	instable_no_stable_identity	instable
IN_810	100	0.34	0.37	0.29	down	0.37	0.63	instable	instable_no_stable_identity	instable
IN_82	100	0.28	0.35	0.37	constant	0.37	0.63	instable	instable_no_stable_identity	instable
IN_829	100	0.37	0.35	0.28	up	0.37	0.63	instable	instable_no_stable_identity	instable
IN_83	100	0.33	0.37	0.3	down	0.37	0.63	instable	instable_no_stable_identity	instable
IN_837	100	0.28	0.37	0.35	down	0.37	0.63	instable	instable_no_stable_identity	instable
IN_841	100	0.33	0.3	0.37	constant	0.37	0.63	instable	instable_no_stable_identity	instable
IN_844	100	0.37	0.28	0.35	up	0.37	0.63	instable	instable_no_stable_identity	instable
IN_851	100	0.37	0.3	0.33	up	0.37	0.63	instable	instable_no_stable_identity	instable
IN_854	100	0.33	0.3	0.37	constant	0.37	0.63	instable	instable_no_stable_identity	instable
IN_861	100	0.31	0.32	0.37	constant	0.37	0.63	instable	instable_no_stable_identity	instable
IN_864	100	0.31	0.32	0.37	constant	0.37	0.63	instable	instable_no_stable_identity	instable
IN_865	100	0.36	0.37	0.27	down	0.37	0.63	instable	instable_no_stable_identity	instable
IN_870	100	0.29	0.37	0.34	down	0.37	0.63	instable	instable_no_stable_identity	instable
IN_881	100	0.37	0.32	0.31	up	0.37	0.63	instable	instable_no_stable_identity	instable
IN_882	100	0.35	0.37	0.28	down	0.37	0.63	instable	instable_no_stable_identity	instable
IN_896	100	0.35	0.37	0.28	down	0.37	0.63	instable	instable_no_stable_identity	instable
IN_907	100	0.37	0.26	0.37	mixed	0.37	0.63	instable	instable_no_stable_identity	instable
IN_91	100	0.37	0.3	0.33	up	0.37	0.63	instable	instable_no_stable_identity	instable
IN_911	100	0.37	0.37	0.26	mixed	0.37	0.63	instable	instable_no_stable_identity	instable
IN_914	100	0.31	0.37	0.32	down	0.37	0.63	instable	instable_no_stable_identity	instable
IN_916	100	0.26	0.37	0.37	mixed	0.37	0.63	instable	instable_no_stable_identity	instable
IN_926	100	0.37	0.29	0.34	up	0.37	0.63	instable	instable_no_stable_identity	instable
IN_932	100	0.31	0.32	0.37	constant	0.37	0.63	instable	instable_no_stable_identity	instable
IN_938	100	0.3	0.33	0.37	constant	0.37	0.63	instable	instable_no_stable_identity	instable
IN_944	100	0.37	0.27	0.36	up	0.37	0.63	instable	instable_no_stable_identity	instable
IN_950	100	0.32	0.37	0.31	down	0.37	0.63	instable	instable_no_stable_identity	instable
IN_964	100	0.29	0.37	0.34	down	0.37	0.63	instable	instable_no_stable_identity	instable
IN_972	100	0.31	0.37	0.32	down	0.37	0.63	instable	instable_no_stable_identity	instable
IN_978	100	0.3	0.33	0.37	constant	0.37	0.63	instable	instable_no_stable_identity	instable
IN_987	100	0.32	0.31	0.37	constant	0.37	0.63	instable	instable_no_stable_identity	instable
IN_104	100	0.29	0.35	0.36	constant	0.36	0.64	instable	instable_no_stable_identity	instable
IN_105	100	0.31	0.36	0.33	down	0.36	0.64	instable	instable_no_stable_identity	instable
IN_110	100	0.36	0.33	0.31	up	0.36	0.64	instable	instable_no_stable_identity	instable
IN_111	100	0.36	0.29	0.35	up	0.36	0.64	instable	instable_no_stable_identity	instable
IN_117	100	0.36	0.3	0.34	up	0.36	0.64	instable	instable_no_stable_identity	instable
IN_124	100	0.31	0.33	0.36	constant	0.36	0.64	instable	instable_no_stable_identity	instable
IN_125	100	0.34	0.3	0.36	constant	0.36	0.64	instable	instable_no_stable_identity	instable
IN_130	100	0.32	0.36	0.32	down	0.36	0.64	instable	instable_no_stable_identity	instable
IN_134	100	0.3	0.34	0.36	constant	0.36	0.64	instable	instable_no_stable_identity	instable
IN_149	100	0.32	0.32	0.36	constant	0.36	0.64	instable	instable_no_stable_identity	instable
IN_151	100	0.29	0.35	0.36	constant	0.36	0.64	instable	instable_no_stable_identity	instable
IN_16	100	0.36	0.33	0.31	up	0.36	0.64	instable	instable_no_stable_identity	instable
IN_170	100	0.34	0.3	0.36	constant	0.36	0.64	instable	instable_no_stable_identity	instable
IN_176	100	0.33	0.31	0.36	constant	0.36	0.64	instable	instable_no_stable_identity	instable
IN_182	100	0.3	0.36	0.34	down	0.36	0.64	instable	instable_no_stable_identity	instable
IN_193	100	0.31	0.36	0.33	down	0.36	0.64	instable	instable_no_stable_identity	instable
IN_197	100	0.36	0.35	0.29	up	0.36	0.64	instable	instable_no_stable_identity	instable
IN_199	100	0.33	0.31	0.36	constant	0.36	0.64	instable	instable_no_stable_identity	instable
IN_206	100	0.36	0.34	0.3	up	0.36	0.64	instable	instable_no_stable_identity	instable
IN_207	100	0.36	0.3	0.34	up	0.36	0.64	instable	instable_no_stable_identity	instable
IN_210	100	0.36	0.35	0.29	up	0.36	0.64	instable	instable_no_stable_identity	instable
IN_212	100	0.33	0.36	0.31	down	0.36	0.64	instable	instable_no_stable_identity	instable
IN_213	100	0.29	0.35	0.36	constant	0.36	0.64	instable	instable_no_stable_identity	instable
IN_214	100	0.32	0.36	0.32	down	0.36	0.64	instable	instable_no_stable_identity	instable
IN_216	100	0.31	0.33	0.36	constant	0.36	0.64	instable	instable_no_stable_identity	instable
IN_221	100	0.33	0.31	0.36	constant	0.36	0.64	instable	instable_no_stable_identity	instable
IN_224	100	0.36	0.36	0.28	mixed	0.36	0.64	instable	instable_no_stable_identity	instable
IN_227	100	0.36	0.33	0.31	up	0.36	0.64	instable	instable_no_stable_identity	instable
IN_232	100	0.34	0.36	0.3	down	0.36	0.64	instable	instable_no_stable_identity	instable
IN_237	100	0.34	0.36	0.3	down	0.36	0.64	instable	instable_no_stable_identity	instable
IN_241	100	0.36	0.36	0.28	mixed	0.36	0.64	instable	instable_no_stable_identity	instable
IN_246	100	0.31	0.33	0.36	constant	0.36	0.64	instable	instable_no_stable_identity	instable
IN_248	100	0.29	0.35	0.36	constant	0.36	0.64	instable	instable_no_stable_identity	instable
IN_250	100	0.28	0.36	0.36	mixed	0.36	0.64	instable	instable_no_stable_identity	instable
IN_252	100	0.36	0.35	0.29	up	0.36	0.64	instable	instable_no_stable_identity	instable
IN_257	100	0.36	0.31	0.33	up	0.36	0.64	instable	instable_no_stable_identity	instable
IN_260	100	0.35	0.36	0.29	down	0.36	0.64	instable	instable_no_stable_identity	instable
IN_273	100	0.31	0.36	0.33	down	0.36	0.64	instable	instable_no_stable_identity	instable
IN_275	100	0.36	0.28	0.36	mixed	0.36	0.64	instable	instable_no_stable_identity	instable
IN_279	100	0.36	0.31	0.33	up	0.36	0.64	instable	instable_no_stable_identity	instable
IN_284	100	0.36	0.33	0.31	up	0.36	0.64	instable	instable_no_stable_identity	instable
IN_289	100	0.3	0.34	0.36	constant	0.36	0.64	instable	instable_no_stable_identity	instable
IN_302	100	0.36	0.29	0.35	up	0.36	0.64	instable	instable_no_stable_identity	instable
IN_305	100	0.32	0.32	0.36	constant	0.36	0.64	instable	instable_no_stable_identity	instable
IN_307	100	0.36	0.36	0.28	mixed	0.36	0.64	instable	instable_no_stable_identity	instable
IN_330	100	0.36	0.35	0.29	up	0.36	0.64	instable	instable_no_stable_identity	instable
IN_36	100	0.29	0.36	0.35	down	0.36	0.64	instable	instable_no_stable_identity	instable
IN_360	100	0.34	0.36	0.3	down	0.36	0.64	instable	instable_no_stable_identity	instable
IN_362	100	0.3	0.36	0.34	down	0.36	0.64	instable	instable_no_stable_identity	instable
IN_37	100	0.34	0.36	0.3	down	0.36	0.64	instable	instable_no_stable_identity	instable
IN_370	100	0.34	0.36	0.3	down	0.36	0.64	instable	instable_no_stable_identity	instable
IN_38	100	0.36	0.31	0.33	up	0.36	0.64	instable	instable_no_stable_identity	instable
IN_391	100	0.3	0.36	0.34	down	0.36	0.64	instable	instable_no_stable_identity	instable
IN_396	100	0.3	0.34	0.36	constant	0.36	0.64	instable	instable_no_stable_identity	instable
IN_397	100	0.33	0.31	0.36	constant	0.36	0.64	instable	instable_no_stable_identity	instable
IN_409	100	0.28	0.36	0.36	mixed	0.36	0.64	instable	instable_no_stable_identity	instable
IN_41	100	0.36	0.32	0.32	up	0.36	0.64	instable	instable_no_stable_identity	instable
IN_410	100	0.31	0.36	0.33	down	0.36	0.64	instable	instable_no_stable_identity	instable
IN_413	100	0.36	0.32	0.32	up	0.36	0.64	instable	instable_no_stable_identity	instable
IN_419	100	0.35	0.36	0.29	down	0.36	0.64	instable	instable_no_stable_identity	instable
IN_422	100	0.29	0.36	0.35	down	0.36	0.64	instable	instable_no_stable_identity	instable
IN_432	100	0.36	0.35	0.29	up	0.36	0.64	instable	instable_no_stable_identity	instable
IN_439	100	0.29	0.36	0.35	down	0.36	0.64	instable	instable_no_stable_identity	instable
IN_454	100	0.32	0.36	0.32	down	0.36	0.64	instable	instable_no_stable_identity	instable
IN_455	100	0.36	0.34	0.3	up	0.36	0.64	instable	instable_no_stable_identity	instable
IN_459	100	0.36	0.31	0.33	up	0.36	0.64	instable	instable_no_stable_identity	instable
IN_461	100	0.34	0.3	0.36	constant	0.36	0.64	instable	instable_no_stable_identity	instable
IN_468	100	0.36	0.29	0.35	up	0.36	0.64	instable	instable_no_stable_identity	instable
IN_469	100	0.33	0.31	0.36	constant	0.36	0.64	instable	instable_no_stable_identity	instable
IN_472	100	0.31	0.36	0.33	down	0.36	0.64	instable	instable_no_stable_identity	instable
IN_482	100	0.29	0.35	0.36	constant	0.36	0.64	instable	instable_no_stable_identity	instable
IN_492	100	0.29	0.36	0.35	down	0.36	0.64	instable	instable_no_stable_identity	instable
IN_496	100	0.33	0.31	0.36	constant	0.36	0.64	instable	instable_no_stable_identity	instable
IN_5	100	0.29	0.35	0.36	constant	0.36	0.64	instable	instable_no_stable_identity	instable
IN_500	100	0.34	0.3	0.36	constant	0.36	0.64	instable	instable_no_stable_identity	instable
IN_501	100	0.36	0.3	0.34	up	0.36	0.64	instable	instable_no_stable_identity	instable
IN_502	100	0.3	0.36	0.34	down	0.36	0.64	instable	instable_no_stable_identity	instable
IN_52	100	0.34	0.3	0.36	constant	0.36	0.64	instable	instable_no_stable_identity	instable
IN_543	100	0.29	0.36	0.35	down	0.36	0.64	instable	instable_no_stable_identity	instable
IN_549	100	0.31	0.36	0.33	down	0.36	0.64	instable	instable_no_stable_identity	instable
IN_554	100	0.29	0.35	0.36	constant	0.36	0.64	instable	instable_no_stable_identity	instable
IN_558	100	0.3	0.36	0.34	down	0.36	0.64	instable	instable_no_stable_identity	instable
IN_564	100	0.36	0.31	0.33	up	0.36	0.64	instable	instable_no_stable_identity	instable
IN_57	100	0.31	0.36	0.33	down	0.36	0.64	instable	instable_no_stable_identity	instable
IN_572	100	0.35	0.36	0.29	down	0.36	0.64	instable	instable_no_stable_identity	instable
IN_579	100	0.36	0.34	0.3	up	0.36	0.64	instable	instable_no_stable_identity	instable
IN_591	100	0.28	0.36	0.36	mixed	0.36	0.64	instable	instable_no_stable_identity	instable
IN_6	100	0.36	0.29	0.35	up	0.36	0.64	instable	instable_no_stable_identity	instable
IN_602	100	0.33	0.31	0.36	constant	0.36	0.64	instable	instable_no_stable_identity	instable
IN_603	100	0.32	0.36	0.32	down	0.36	0.64	instable	instable_no_stable_identity	instable
IN_620	100	0.35	0.36	0.29	down	0.36	0.64	instable	instable_no_stable_identity	instable
IN_625	100	0.29	0.35	0.36	constant	0.36	0.64	instable	instable_no_stable_identity	instable
IN_63	100	0.36	0.34	0.3	up	0.36	0.64	instable	instable_no_stable_identity	instable
IN_639	100	0.28	0.36	0.36	mixed	0.36	0.64	instable	instable_no_stable_identity	instable
IN_640	100	0.36	0.3	0.34	up	0.36	0.64	instable	instable_no_stable_identity	instable
IN_645	100	0.32	0.36	0.32	down	0.36	0.64	instable	instable_no_stable_identity	instable
IN_655	100	0.28	0.36	0.36	mixed	0.36	0.64	instable	instable_no_stable_identity	instable
IN_656	100	0.36	0.3	0.34	up	0.36	0.64	instable	instable_no_stable_identity	instable
IN_658	100	0.36	0.32	0.32	up	0.36	0.64	instable	instable_no_stable_identity	instable
IN_659	100	0.36	0.35	0.29	up	0.36	0.64	instable	instable_no_stable_identity	instable
IN_673	100	0.33	0.31	0.36	constant	0.36	0.64	instable	instable_no_stable_identity	instable
IN_686	100	0.34	0.36	0.3	down	0.36	0.64	instable	instable_no_stable_identity	instable
IN_699	100	0.36	0.33	0.31	up	0.36	0.64	instable	instable_no_stable_identity	instable
IN_712	100	0.36	0.33	0.31	up	0.36	0.64	instable	instable_no_stable_identity	instable
IN_718	100	0.36	0.32	0.32	up	0.36	0.64	instable	instable_no_stable_identity	instable
IN_721	100	0.3	0.36	0.34	down	0.36	0.64	instable	instable_no_stable_identity	instable
IN_727	100	0.31	0.33	0.36	constant	0.36	0.64	instable	instable_no_stable_identity	instable
IN_732	100	0.32	0.32	0.36	constant	0.36	0.64	instable	instable_no_stable_identity	instable
IN_745	100	0.3	0.36	0.34	down	0.36	0.64	instable	instable_no_stable_identity	instable
IN_746	100	0.34	0.36	0.3	down	0.36	0.64	instable	instable_no_stable_identity	instable
IN_749	100	0.36	0.34	0.3	up	0.36	0.64	instable	instable_no_stable_identity	instable
IN_750	100	0.34	0.3	0.36	constant	0.36	0.64	instable	instable_no_stable_identity	instable
IN_755	100	0.33	0.31	0.36	constant	0.36	0.64	instable	instable_no_stable_identity	instable
IN_758	100	0.36	0.3	0.34	up	0.36	0.64	instable	instable_no_stable_identity	instable
IN_76	100	0.29	0.36	0.35	down	0.36	0.64	instable	instable_no_stable_identity	instable
IN_766	100	0.31	0.33	0.36	constant	0.36	0.64	instable	instable_no_stable_identity	instable
IN_768	100	0.33	0.31	0.36	constant	0.36	0.64	instable	instable_no_stable_identity	instable
IN_77	100	0.31	0.36	0.33	down	0.36	0.64	instable	instable_no_stable_identity	instable
IN_780	100	0.36	0.31	0.33	up	0.36	0.64	instable	instable_no_stable_identity	instable
IN_787	100	0.3	0.36	0.34	down	0.36	0.64	instable	instable_no_stable_identity	instable
IN_790	100	0.36	0.35	0.29	up	0.36	0.64	instable	instable_no_stable_identity	instable
IN_798	100	0.32	0.36	0.32	down	0.36	0.64	instable	instable_no_stable_identity	instable
IN_80	100	0.36	0.32	0.32	up	0.36	0.64	instable	instable_no_stable_identity	instable
IN_809	100	0.36	0.28	0.36	mixed	0.36	0.64	instable	instable_no_stable_identity	instable
IN_84	100	0.35	0.36	0.29	down	0.36	0.64	instable	instable_no_stable_identity	instable
IN_840	100	0.36	0.31	0.33	up	0.36	0.64	instable	instable_no_stable_identity	instable
IN_849	100	0.3	0.34	0.36	constant	0.36	0.64	instable	instable_no_stable_identity	instable
IN_855	100	0.32	0.36	0.32	down	0.36	0.64	instable	instable_no_stable_identity	instable
IN_87	100	0.33	0.36	0.31	down	0.36	0.64	instable	instable_no_stable_identity	instable
IN_871	100	0.32	0.32	0.36	constant	0.36	0.64	instable	instable_no_stable_identity	instable
IN_875	100	0.32	0.36	0.32	down	0.36	0.64	instable	instable_no_stable_identity	instable
IN_878	100	0.33	0.36	0.31	down	0.36	0.64	instable	instable_no_stable_identity	instable
IN_879	100	0.35	0.29	0.36	constant	0.36	0.64	instable	instable_no_stable_identity	instable
IN_88	100	0.32	0.32	0.36	constant	0.36	0.64	instable	instable_no_stable_identity	instable
IN_880	100	0.29	0.35	0.36	constant	0.36	0.64	instable	instable_no_stable_identity	instable
IN_887	100	0.32	0.32	0.36	constant	0.36	0.64	instable	instable_no_stable_identity	instable
IN_899	100	0.36	0.36	0.28	mixed	0.36	0.64	instable	instable_no_stable_identity	instable
IN_9	100	0.33	0.31	0.36	constant	0.36	0.64	instable	instable_no_stable_identity	instable
IN_909	100	0.36	0.32	0.32	up	0.36	0.64	instable	instable_no_stable_identity	instable
IN_912	100	0.31	0.36	0.33	down	0.36	0.64	instable	instable_no_stable_identity	instable
IN_922	100	0.3	0.34	0.36	constant	0.36	0.64	instable	instable_no_stable_identity	instable
IN_924	100	0.36	0.33	0.31	up	0.36	0.64	instable	instable_no_stable_identity	instable
IN_933	100	0.34	0.3	0.36	constant	0.36	0.64	instable	instable_no_stable_identity	instable
IN_935	100	0.34	0.3	0.36	constant	0.36	0.64	instable	instable_no_stable_identity	instable
IN_937	100	0.3	0.36	0.34	down	0.36	0.64	instable	instable_no_stable_identity	instable
IN_939	100	0.31	0.36	0.33	down	0.36	0.64	instable	instable_no_stable_identity	instable
IN_95	100	0.36	0.33	0.31	up	0.36	0.64	instable	instable_no_stable_identity	instable
IN_953	100	0.3	0.36	0.34	down	0.36	0.64	instable	instable_no_stable_identity	instable
IN_959	100	0.31	0.33	0.36	constant	0.36	0.64	instable	instable_no_stable_identity	instable
IN_962	100	0.36	0.29	0.35	up	0.36	0.64	instable	instable_no_stable_identity	instable
IN_979	100	0.35	0.36	0.29	down	0.36	0.64	instable	instable_no_stable_identity	instable
IN_981	100	0.32	0.32	0.36	constant	0.36	0.64	instable	instable_no_stable_identity	instable
IN_991	100	0.3	0.36	0.34	down	0.36	0.64	instable	instable_no_stable_identity	instable
IN_1	100	0.35	0.32	0.33	up	0.35	0.65	instable	instable_no_stable_identity	instable
IN_100	100	0.3	0.35	0.35	mixed	0.35	0.65	instable	instable_no_stable_identity	instable
IN_101	100	0.32	0.35	0.33	down	0.35	0.65	instable	instable_no_stable_identity	instable
IN_126	100	0.35	0.35	0.3	mixed	0.35	0.65	instable	instable_no_stable_identity	instable
IN_127	100	0.35	0.35	0.3	mixed	0.35	0.65	instable	instable_no_stable_identity	instable
IN_138	100	0.35	0.33	0.32	up	0.35	0.65	instable	instable_no_stable_identity	instable
IN_142	100	0.32	0.35	0.33	down	0.35	0.65	instable	instable_no_stable_identity	instable
IN_153	100	0.34	0.31	0.35	constant	0.35	0.65	instable	instable_no_stable_identity	instable
IN_17	100	0.34	0.31	0.35	constant	0.35	0.65	instable	instable_no_stable_identity	instable
IN_180	100	0.35	0.31	0.34	up	0.35	0.65	instable	instable_no_stable_identity	instable
IN_184	100	0.35	0.32	0.33	up	0.35	0.65	instable	instable_no_stable_identity	instable
IN_185	100	0.35	0.35	0.3	mixed	0.35	0.65	instable	instable_no_stable_identity	instable
IN_187	100	0.35	0.32	0.33	up	0.35	0.65	instable	instable_no_stable_identity	instable
IN_203	100	0.31	0.35	0.34	down	0.35	0.65	instable	instable_no_stable_identity	instable
IN_205	100	0.35	0.35	0.3	mixed	0.35	0.65	instable	instable_no_stable_identity	instable
IN_209	100	0.35	0.34	0.31	up	0.35	0.65	instable	instable_no_stable_identity	instable
IN_229	100	0.31	0.34	0.35	constant	0.35	0.65	instable	instable_no_stable_identity	instable
IN_231	100	0.35	0.35	0.3	mixed	0.35	0.65	instable	instable_no_stable_identity	instable
IN_243	100	0.31	0.35	0.34	down	0.35	0.65	instable	instable_no_stable_identity	instable
IN_267	100	0.3	0.35	0.35	mixed	0.35	0.65	instable	instable_no_stable_identity	instable
IN_274	100	0.31	0.34	0.35	constant	0.35	0.65	instable	instable_no_stable_identity	instable
IN_295	100	0.35	0.34	0.31	up	0.35	0.65	instable	instable_no_stable_identity	instable
IN_30	100	0.32	0.35	0.33	down	0.35	0.65	instable	instable_no_stable_identity	instable
IN_301	100	0.32	0.35	0.33	down	0.35	0.65	instable	instable_no_stable_identity	instable
IN_304	100	0.35	0.32	0.33	up	0.35	0.65	instable	instable_no_stable_identity	instable
IN_310	100	0.35	0.34	0.31	up	0.35	0.65	instable	instable_no_stable_identity	instable
IN_322	100	0.33	0.32	0.35	constant	0.35	0.65	instable	instable_no_stable_identity	instable
IN_324	100	0.35	0.3	0.35	mixed	0.35	0.65	instable	instable_no_stable_identity	instable
IN_326	100	0.32	0.35	0.33	down	0.35	0.65	instable	instable_no_stable_identity	instable
IN_338	100	0.34	0.35	0.31	down	0.35	0.65	instable	instable_no_stable_identity	instable
IN_358	100	0.35	0.3	0.35	mixed	0.35	0.65	instable	instable_no_stable_identity	instable
IN_363	100	0.3	0.35	0.35	mixed	0.35	0.65	instable	instable_no_stable_identity	instable
IN_369	100	0.33	0.32	0.35	constant	0.35	0.65	instable	instable_no_stable_identity	instable
IN_371	100	0.33	0.35	0.32	down	0.35	0.65	instable	instable_no_stable_identity	instable
IN_383	100	0.32	0.33	0.35	constant	0.35	0.65	instable	instable_no_stable_identity	instable
IN_392	100	0.31	0.34	0.35	constant	0.35	0.65	instable	instable_no_stable_identity	instable
IN_4	100	0.35	0.34	0.31	up	0.35	0.65	instable	instable_no_stable_identity	instable
IN_406	100	0.35	0.31	0.34	up	0.35	0.65	instable	instable_no_stable_identity	instable
IN_408	100	0.35	0.33	0.32	up	0.35	0.65	instable	instable_no_stable_identity	instable
IN_414	100	0.35	0.3	0.35	mixed	0.35	0.65	instable	instable_no_stable_identity	instable
IN_421	100	0.35	0.3	0.35	mixed	0.35	0.65	instable	instable_no_stable_identity	instable
IN_423	100	0.33	0.35	0.32	down	0.35	0.65	instable	instable_no_stable_identity	instable
IN_424	100	0.35	0.31	0.34	up	0.35	0.65	instable	instable_no_stable_identity	instable
IN_447	100	0.32	0.33	0.35	constant	0.35	0.65	instable	instable_no_stable_identity	instable
IN_458	100	0.35	0.35	0.3	mixed	0.35	0.65	instable	instable_no_stable_identity	instable
IN_466	100	0.33	0.32	0.35	constant	0.35	0.65	instable	instable_no_stable_identity	instable
IN_493	100	0.35	0.34	0.31	up	0.35	0.65	instable	instable_no_stable_identity	instable
IN_505	100	0.35	0.32	0.33	up	0.35	0.65	instable	instable_no_stable_identity	instable
IN_524	100	0.35	0.32	0.33	up	0.35	0.65	instable	instable_no_stable_identity	instable
IN_527	100	0.3	0.35	0.35	mixed	0.35	0.65	instable	instable_no_stable_identity	instable
IN_547	100	0.35	0.32	0.33	up	0.35	0.65	instable	instable_no_stable_identity	instable
IN_556	100	0.35	0.3	0.35	mixed	0.35	0.65	instable	instable_no_stable_identity	instable
IN_557	100	0.35	0.35	0.3	mixed	0.35	0.65	instable	instable_no_stable_identity	instable
IN_561	100	0.35	0.32	0.33	up	0.35	0.65	instable	instable_no_stable_identity	instable
IN_575	100	0.35	0.35	0.3	mixed	0.35	0.65	instable	instable_no_stable_identity	instable
IN_582	100	0.34	0.35	0.31	down	0.35	0.65	instable	instable_no_stable_identity	instable
IN_588	100	0.35	0.34	0.31	up	0.35	0.65	instable	instable_no_stable_identity	instable
IN_613	100	0.32	0.35	0.33	down	0.35	0.65	instable	instable_no_stable_identity	instable
IN_629	100	0.32	0.33	0.35	constant	0.35	0.65	instable	instable_no_stable_identity	instable
IN_631	100	0.35	0.32	0.33	up	0.35	0.65	instable	instable_no_stable_identity	instable
IN_634	100	0.35	0.32	0.33	up	0.35	0.65	instable	instable_no_stable_identity	instable
IN_636	100	0.31	0.34	0.35	constant	0.35	0.65	instable	instable_no_stable_identity	instable
IN_65	100	0.35	0.33	0.32	up	0.35	0.65	instable	instable_no_stable_identity	instable
IN_661	100	0.31	0.34	0.35	constant	0.35	0.65	instable	instable_no_stable_identity	instable
IN_662	100	0.33	0.35	0.32	down	0.35	0.65	instable	instable_no_stable_identity	instable
IN_664	100	0.33	0.35	0.32	down	0.35	0.65	instable	instable_no_stable_identity	instable
IN_666	100	0.3	0.35	0.35	mixed	0.35	0.65	instable	instable_no_stable_identity	instable
IN_667	100	0.33	0.35	0.32	down	0.35	0.65	instable	instable_no_stable_identity	instable
IN_668	100	0.35	0.3	0.35	mixed	0.35	0.65	instable	instable_no_stable_identity	instable
IN_677	100	0.33	0.32	0.35	constant	0.35	0.65	instable	instable_no_stable_identity	instable
IN_706	100	0.34	0.31	0.35	constant	0.35	0.65	instable	instable_no_stable_identity	instable
IN_72	100	0.32	0.35	0.33	down	0.35	0.65	instable	instable_no_stable_identity	instable
IN_720	100	0.35	0.31	0.34	up	0.35	0.65	instable	instable_no_stable_identity	instable
IN_725	100	0.35	0.32	0.33	up	0.35	0.65	instable	instable_no_stable_identity	instable
IN_728	100	0.31	0.34	0.35	constant	0.35	0.65	instable	instable_no_stable_identity	instable
IN_739	100	0.35	0.34	0.31	up	0.35	0.65	instable	instable_no_stable_identity	instable
IN_748	100	0.31	0.34	0.35	constant	0.35	0.65	instable	instable_no_stable_identity	instable
IN_761	100	0.35	0.31	0.34	up	0.35	0.65	instable	instable_no_stable_identity	instable
IN_763	100	0.34	0.31	0.35	constant	0.35	0.65	instable	instable_no_stable_identity	instable
IN_765	100	0.32	0.33	0.35	constant	0.35	0.65	instable	instable_no_stable_identity	instable
IN_774	100	0.35	0.31	0.34	up	0.35	0.65	instable	instable_no_stable_identity	instable
IN_776	100	0.35	0.33	0.32	up	0.35	0.65	instable	instable_no_stable_identity	instable
IN_791	100	0.33	0.32	0.35	constant	0.35	0.65	instable	instable_no_stable_identity	instable
IN_792	100	0.35	0.3	0.35	mixed	0.35	0.65	instable	instable_no_stable_identity	instable
IN_793	100	0.33	0.32	0.35	constant	0.35	0.65	instable	instable_no_stable_identity	instable
IN_8	100	0.35	0.3	0.35	mixed	0.35	0.65	instable	instable_no_stable_identity	instable
IN_81	100	0.35	0.31	0.34	up	0.35	0.65	instable	instable_no_stable_identity	instable
IN_815	100	0.32	0.33	0.35	constant	0.35	0.65	instable	instable_no_stable_identity	instable
IN_816	100	0.3	0.35	0.35	mixed	0.35	0.65	instable	instable_no_stable_identity	instable
IN_818	100	0.35	0.35	0.3	mixed	0.35	0.65	instable	instable_no_stable_identity	instable
IN_827	100	0.34	0.31	0.35	constant	0.35	0.65	instable	instable_no_stable_identity	instable
IN_831	100	0.32	0.33	0.35	constant	0.35	0.65	instable	instable_no_stable_identity	instable
IN_866	100	0.31	0.34	0.35	constant	0.35	0.65	instable	instable_no_stable_identity	instable
IN_890	100	0.32	0.35	0.33	down	0.35	0.65	instable	instable_no_stable_identity	instable
IN_894	100	0.31	0.34	0.35	constant	0.35	0.65	instable	instable_no_stable_identity	instable
IN_898	100	0.33	0.32	0.35	constant	0.35	0.65	instable	instable_no_stable_identity	instable
IN_903	100	0.35	0.3	0.35	mixed	0.35	0.65	instable	instable_no_stable_identity	instable
IN_917	100	0.34	0.35	0.31	down	0.35	0.65	instable	instable_no_stable_identity	instable
IN_92	100	0.32	0.33	0.35	constant	0.35	0.65	instable	instable_no_stable_identity	instable
IN_930	100	0.35	0.32	0.33	up	0.35	0.65	instable	instable_no_stable_identity	instable
IN_948	100	0.35	0.31	0.34	up	0.35	0.65	instable	instable_no_stable_identity	instable
IN_963	100	0.35	0.33	0.32	up	0.35	0.65	instable	instable_no_stable_identity	instable
IN_986	100	0.3	0.35	0.35	mixed	0.35	0.65	instable	instable_no_stable_identity	instable
IN_998	100	0.34	0.31	0.35	constant	0.35	0.65	instable	instable_no_stable_identity	instable
IN_143	100	0.32	0.34	0.34	mixed	0.34	0.6599999999999999	instable	instable_no_stable_identity	instable
IN_150	100	0.34	0.32	0.34	mixed	0.34	0.6599999999999999	instable	instable_no_stable_identity	instable
IN_155	100	0.34	0.33	0.33	up	0.34	0.6599999999999999	instable	instable_no_stable_identity	instable
IN_165	100	0.33	0.33	0.34	constant	0.34	0.6599999999999999	instable	instable_no_stable_identity	instable
IN_179	100	0.34	0.34	0.32	mixed	0.34	0.6599999999999999	instable	instable_no_stable_identity	instable
IN_189	100	0.32	0.34	0.34	mixed	0.34	0.6599999999999999	instable	instable_no_stable_identity	instable
IN_19	100	0.34	0.33	0.33	up	0.34	0.6599999999999999	instable	instable_no_stable_identity	instable
IN_219	100	0.34	0.34	0.32	mixed	0.34	0.6599999999999999	instable	instable_no_stable_identity	instable
IN_256	100	0.33	0.33	0.34	constant	0.34	0.6599999999999999	instable	instable_no_stable_identity	instable
IN_263	100	0.33	0.33	0.34	constant	0.34	0.6599999999999999	instable	instable_no_stable_identity	instable
IN_27	100	0.34	0.34	0.32	mixed	0.34	0.6599999999999999	instable	instable_no_stable_identity	instable
IN_291	100	0.34	0.32	0.34	mixed	0.34	0.6599999999999999	instable	instable_no_stable_identity	instable
IN_298	100	0.32	0.34	0.34	mixed	0.34	0.6599999999999999	instable	instable_no_stable_identity	instable
IN_306	100	0.34	0.34	0.32	mixed	0.34	0.6599999999999999	instable	instable_no_stable_identity	instable
IN_308	100	0.34	0.34	0.32	mixed	0.34	0.6599999999999999	instable	instable_no_stable_identity	instable
IN_32	100	0.34	0.32	0.34	mixed	0.34	0.6599999999999999	instable	instable_no_stable_identity	instable
IN_325	100	0.33	0.33	0.34	constant	0.34	0.6599999999999999	instable	instable_no_stable_identity	instable
IN_354	100	0.34	0.33	0.33	up	0.34	0.6599999999999999	instable	instable_no_stable_identity	instable
IN_375	100	0.33	0.33	0.34	constant	0.34	0.6599999999999999	instable	instable_no_stable_identity	instable
IN_380	100	0.34	0.32	0.34	mixed	0.34	0.6599999999999999	instable	instable_no_stable_identity	instable
IN_431	100	0.32	0.34	0.34	mixed	0.34	0.6599999999999999	instable	instable_no_stable_identity	instable
IN_48	100	0.34	0.34	0.32	mixed	0.34	0.6599999999999999	instable	instable_no_stable_identity	instable
IN_495	100	0.34	0.34	0.32	mixed	0.34	0.6599999999999999	instable	instable_no_stable_identity	instable
IN_521	100	0.32	0.34	0.34	mixed	0.34	0.6599999999999999	instable	instable_no_stable_identity	instable
IN_538	100	0.34	0.33	0.33	up	0.34	0.6599999999999999	instable	instable_no_stable_identity	instable
IN_578	100	0.34	0.34	0.32	mixed	0.34	0.6599999999999999	instable	instable_no_stable_identity	instable
IN_580	100	0.33	0.34	0.33	down	0.34	0.6599999999999999	instable	instable_no_stable_identity	instable
IN_653	100	0.32	0.34	0.34	mixed	0.34	0.6599999999999999	instable	instable_no_stable_identity	instable
IN_675	100	0.34	0.34	0.32	mixed	0.34	0.6599999999999999	instable	instable_no_stable_identity	instable
IN_704	100	0.34	0.33	0.33	up	0.34	0.6599999999999999	instable	instable_no_stable_identity	instable
IN_771	100	0.33	0.34	0.33	down	0.34	0.6599999999999999	instable	instable_no_stable_identity	instable
IN_777	100	0.33	0.33	0.34	constant	0.34	0.6599999999999999	instable	instable_no_stable_identity	instable
IN_782	100	0.32	0.34	0.34	mixed	0.34	0.6599999999999999	instable	instable_no_stable_identity	instable
IN_823	100	0.33	0.33	0.34	constant	0.34	0.6599999999999999	instable	instable_no_stable_identity	instable
IN_852	100	0.34	0.34	0.32	mixed	0.34	0.6599999999999999	instable	instable_no_stable_identity	instable
IN_859	100	0.32	0.34	0.34	mixed	0.34	0.6599999999999999	instable	instable_no_stable_identity	instable
IN_943	100	0.34	0.33	0.33	up	0.34	0.6599999999999999	instable	instable_no_stable_identity	instable
IN_951	100	0.34	0.33	0.33	up	0.34	0.6599999999999999	instable	instable_no_stable_identity	instable
IN_984	100	0.33	0.33	0.34	constant	0.34	0.6599999999999999	instable	instable_no_stable_identity	instable
IN_997	100	0.32	0.34	0.34	mixed	0.34	0.6599999999999999	instable	instable_no_stable_identity	instable
