feature_id	n_perturbations	n_up	n_down	n_const	p_up	p_down	p_const	dominant_state	ssi	stability_region	signal_class	stability_deviation	truth_scenario
IN_1	100	35	32	33	0.35	0.32	0.33	up	0.35	Low Stability	Low Stability	0.65	instable
IN_10	100	41	31	28	0.41	0.31	0.28	up	0.41	Low Stability	Low Stability	0.5900000000000001	instable
IN_100	100	30	35	35	0.3	0.35	0.35	tied	0.35	Low Stability	Low Stability	0.65	instable
IN_1000	100	34	41	25	0.34	0.41	0.25	down	0.41	Low Stability	Low Stability	0.5900000000000001	instable
IN_101	100	32	35	33	0.32	0.35	0.33	down	0.35	Low Stability	Low Stability	0.65	instable
IN_102	100	30	44	26	0.3	0.44	0.26	down	0.44	Low Stability	Low Stability	0.56	instable
IN_103	100	26	28	46	0.26	0.28	0.46	constant	0.46	Low Stability	Low Stability	0.54	instable
IN_104	100	29	35	36	0.29	0.35	0.36	constant	0.36	Low Stability	Low Stability	0.64	instable
IN_105	100	31	36	33	0.31	0.36	0.33	down	0.36	Low Stability	Low Stability	0.64	instable
IN_106	100	37	25	38	0.37	0.25	0.38	constant	0.38	Low Stability	Low Stability	0.62	instable
IN_107	100	37	32	31	0.37	0.32	0.31	up	0.37	Low Stability	Low Stability	0.63	instable
IN_108	100	25	34	41	0.25	0.34	0.41	constant	0.41	Low Stability	Low Stability	0.5900000000000001	instable
IN_109	100	24	36	40	0.24	0.36	0.4	constant	0.4	Low Stability	Low Stability	0.6	instable
IN_11	100	31	40	29	0.31	0.4	0.29	down	0.4	Low Stability	Low Stability	0.6	instable
IN_110	100	36	33	31	0.36	0.33	0.31	up	0.36	Low Stability	Low Stability	0.64	instable
IN_111	100	36	29	35	0.36	0.29	0.35	up	0.36	Low Stability	Low Stability	0.64	instable
IN_112	100	33	38	29	0.33	0.38	0.29	down	0.38	Low Stability	Low Stability	0.62	instable
IN_113	100	32	29	39	0.32	0.29	0.39	constant	0.39	Low Stability	Low Stability	0.61	instable
IN_114	100	39	28	33	0.39	0.28	0.33	up	0.39	Low Stability	Low Stability	0.61	instable
IN_115	100	42	28	30	0.42	0.28	0.3	up	0.42	Low Stability	Low Stability	0.5800000000000001	instable
IN_116	100	32	38	30	0.32	0.38	0.3	down	0.38	Low Stability	Low Stability	0.62	instable
IN_117	100	36	30	34	0.36	0.3	0.34	up	0.36	Low Stability	Low Stability	0.64	instable
IN_118	100	37	31	32	0.37	0.31	0.32	up	0.37	Low Stability	Low Stability	0.63	instable
IN_119	100	33	26	41	0.33	0.26	0.41	constant	0.41	Low Stability	Low Stability	0.5900000000000001	instable
IN_12	100	43	26	31	0.43	0.26	0.31	up	0.43	Low Stability	Low Stability	0.5700000000000001	instable
IN_120	100	39	35	26	0.39	0.35	0.26	up	0.39	Low Stability	Low Stability	0.61	instable
IN_121	100	28	34	38	0.28	0.34	0.38	constant	0.38	Low Stability	Low Stability	0.62	instable
IN_122	100	39	34	27	0.39	0.34	0.27	up	0.39	Low Stability	Low Stability	0.61	instable
IN_123	100	39	29	32	0.39	0.29	0.32	up	0.39	Low Stability	Low Stability	0.61	instable
IN_124	100	31	33	36	0.31	0.33	0.36	constant	0.36	Low Stability	Low Stability	0.64	instable
IN_125	100	34	30	36	0.34	0.3	0.36	constant	0.36	Low Stability	Low Stability	0.64	instable
IN_126	100	35	35	30	0.35	0.35	0.3	tied	0.35	Low Stability	Low Stability	0.65	instable
IN_127	100	35	35	30	0.35	0.35	0.3	tied	0.35	Low Stability	Low Stability	0.65	instable
IN_128	100	31	32	37	0.31	0.32	0.37	constant	0.37	Low Stability	Low Stability	0.63	instable
IN_129	100	25	38	37	0.25	0.38	0.37	down	0.38	Low Stability	Low Stability	0.62	instable
IN_13	100	28	42	30	0.28	0.42	0.3	down	0.42	Low Stability	Low Stability	0.5800000000000001	instable
IN_130	100	32	36	32	0.32	0.36	0.32	down	0.36	Low Stability	Low Stability	0.64	instable
IN_131	100	38	26	36	0.38	0.26	0.36	up	0.38	Low Stability	Low Stability	0.62	instable
IN_132	100	41	30	29	0.41	0.3	0.29	up	0.41	Low Stability	Low Stability	0.5900000000000001	instable
IN_133	100	32	40	28	0.32	0.4	0.28	down	0.4	Low Stability	Low Stability	0.6	instable
IN_134	100	30	34	36	0.3	0.34	0.36	constant	0.36	Low Stability	Low Stability	0.64	instable
IN_135	100	30	33	37	0.3	0.33	0.37	constant	0.37	Low Stability	Low Stability	0.63	instable
IN_136	100	29	29	42	0.29	0.29	0.42	constant	0.42	Low Stability	Low Stability	0.5800000000000001	instable
IN_137	100	34	27	39	0.34	0.27	0.39	constant	0.39	Low Stability	Low Stability	0.61	instable
IN_138	100	35	33	32	0.35	0.33	0.32	up	0.35	Low Stability	Low Stability	0.65	instable
IN_139	100	33	39	28	0.33	0.39	0.28	down	0.39	Low Stability	Low Stability	0.61	instable
IN_14	100	26	44	30	0.26	0.44	0.3	down	0.44	Low Stability	Low Stability	0.56	instable
IN_140	100	23	42	35	0.23	0.42	0.35	down	0.42	Low Stability	Low Stability	0.5800000000000001	instable
IN_141	100	32	29	39	0.32	0.29	0.39	constant	0.39	Low Stability	Low Stability	0.61	instable
IN_142	100	32	35	33	0.32	0.35	0.33	down	0.35	Low Stability	Low Stability	0.65	instable
IN_143	100	32	34	34	0.32	0.34	0.34	tied	0.34	Low Stability	Low Stability	0.6599999999999999	instable
IN_144	100	35	26	39	0.35	0.26	0.39	constant	0.39	Low Stability	Low Stability	0.61	instable
IN_145	100	27	41	32	0.27	0.41	0.32	down	0.41	Low Stability	Low Stability	0.5900000000000001	instable
IN_146	100	27	28	45	0.27	0.28	0.45	constant	0.45	Low Stability	Low Stability	0.55	instable
IN_147	100	26	30	44	0.26	0.3	0.44	constant	0.44	Low Stability	Low Stability	0.56	instable
IN_148	100	39	22	39	0.39	0.22	0.39	tied	0.39	Low Stability	Low Stability	0.61	instable
IN_149	100	32	32	36	0.32	0.32	0.36	constant	0.36	Low Stability	Low Stability	0.64	instable
IN_15	100	27	33	40	0.27	0.33	0.4	constant	0.4	Low Stability	Low Stability	0.6	instable
IN_150	100	34	32	34	0.34	0.32	0.34	tied	0.34	Low Stability	Low Stability	0.6599999999999999	instable
IN_151	100	29	35	36	0.29	0.35	0.36	constant	0.36	Low Stability	Low Stability	0.64	instable
IN_152	100	26	32	42	0.26	0.32	0.42	constant	0.42	Low Stability	Low Stability	0.5800000000000001	instable
IN_153	100	34	31	35	0.34	0.31	0.35	constant	0.35	Low Stability	Low Stability	0.65	instable
IN_154	100	35	37	28	0.35	0.37	0.28	down	0.37	Low Stability	Low Stability	0.63	instable
IN_155	100	34	33	33	0.34	0.33	0.33	up	0.34	Low Stability	Low Stability	0.6599999999999999	instable
IN_156	100	32	38	30	0.32	0.38	0.3	down	0.38	Low Stability	Low Stability	0.62	instable
IN_157	100	44	28	28	0.44	0.28	0.28	up	0.44	Low Stability	Low Stability	0.56	instable
IN_158	100	34	37	29	0.34	0.37	0.29	down	0.37	Low Stability	Low Stability	0.63	instable
IN_159	100	31	29	40	0.31	0.29	0.4	constant	0.4	Low Stability	Low Stability	0.6	instable
IN_16	100	36	33	31	0.36	0.33	0.31	up	0.36	Low Stability	Low Stability	0.64	instable
IN_160	100	31	28	41	0.31	0.28	0.41	constant	0.41	Low Stability	Low Stability	0.5900000000000001	instable
IN_161	100	42	29	29	0.42	0.29	0.29	up	0.42	Low Stability	Low Stability	0.5800000000000001	instable
IN_162	100	37	33	30	0.37	0.33	0.3	up	0.37	Low Stability	Low Stability	0.63	instable
IN_163	100	39	31	30	0.39	0.31	0.3	up	0.39	Low Stability	Low Stability	0.61	instable
IN_164	100	39	31	30	0.39	0.31	0.3	up	0.39	Low Stability	Low Stability	0.61	instable
IN_165	100	33	33	34	0.33	0.33	0.34	constant	0.34	Low Stability	Low Stability	0.6599999999999999	instable
IN_166	100	38	28	34	0.38	0.28	0.34	up	0.38	Low Stability	Low Stability	0.62	instable
IN_167	100	27	38	35	0.27	0.38	0.35	down	0.38	Low Stability	Low Stability	0.62	instable
IN_168	100	26	24	50	0.26	0.24	0.5	constant	0.5	Low Stability	Low Stability	0.5	instable
IN_169	100	26	36	38	0.26	0.36	0.38	constant	0.38	Low Stability	Low Stability	0.62	instable
IN_17	100	34	31	35	0.34	0.31	0.35	constant	0.35	Low Stability	Low Stability	0.65	instable
IN_170	100	34	30	36	0.34	0.3	0.36	constant	0.36	Low Stability	Low Stability	0.64	instable
IN_171	100	35	28	37	0.35	0.28	0.37	constant	0.37	Low Stability	Low Stability	0.63	instable
IN_172	100	35	38	27	0.35	0.38	0.27	down	0.38	Low Stability	Low Stability	0.62	instable
IN_173	100	30	32	38	0.3	0.32	0.38	constant	0.38	Low Stability	Low Stability	0.62	instable
IN_174	100	28	34	38	0.28	0.34	0.38	constant	0.38	Low Stability	Low Stability	0.62	instable
IN_175	100	28	38	34	0.28	0.38	0.34	down	0.38	Low Stability	Low Stability	0.62	instable
IN_176	100	33	31	36	0.33	0.31	0.36	constant	0.36	Low Stability	Low Stability	0.64	instable
IN_177	100	42	29	29	0.42	0.29	0.29	up	0.42	Low Stability	Low Stability	0.5800000000000001	instable
IN_178	100	39	32	29	0.39	0.32	0.29	up	0.39	Low Stability	Low Stability	0.61	instable
IN_179	100	34	34	32	0.34	0.34	0.32	tied	0.34	Low Stability	Low Stability	0.6599999999999999	instable
IN_18	100	28	39	33	0.28	0.39	0.33	down	0.39	Low Stability	Low Stability	0.61	instable
IN_180	100	35	31	34	0.35	0.31	0.34	up	0.35	Low Stability	Low Stability	0.65	instable
IN_181	100	34	38	28	0.34	0.38	0.28	down	0.38	Low Stability	Low Stability	0.62	instable
IN_182	100	30	36	34	0.3	0.36	0.34	down	0.36	Low Stability	Low Stability	0.64	instable
IN_183	100	29	39	32	0.29	0.39	0.32	down	0.39	Low Stability	Low Stability	0.61	instable
IN_184	100	35	32	33	0.35	0.32	0.33	up	0.35	Low Stability	Low Stability	0.65	instable
IN_185	100	35	35	30	0.35	0.35	0.3	tied	0.35	Low Stability	Low Stability	0.65	instable
IN_186	100	27	40	33	0.27	0.4	0.33	down	0.4	Low Stability	Low Stability	0.6	instable
IN_187	100	35	32	33	0.35	0.32	0.33	up	0.35	Low Stability	Low Stability	0.65	instable
IN_188	100	37	31	32	0.37	0.31	0.32	up	0.37	Low Stability	Low Stability	0.63	instable
IN_189	100	32	34	34	0.32	0.34	0.34	tied	0.34	Low Stability	Low Stability	0.6599999999999999	instable
IN_19	100	34	33	33	0.34	0.33	0.33	up	0.34	Low Stability	Low Stability	0.6599999999999999	instable
IN_190	100	31	43	26	0.31	0.43	0.26	down	0.43	Low Stability	Low Stability	0.5700000000000001	instable
IN_191	100	32	28	40	0.32	0.28	0.4	constant	0.4	Low Stability	Low Stability	0.6	instable
IN_192	100	39	31	30	0.39	0.31	0.3	up	0.39	Low Stability	Low Stability	0.61	instable
IN_193	100	31	36	33	0.31	0.36	0.33	down	0.36	Low Stability	Low Stability	0.64	instable
IN_194	100	29	34	37	0.29	0.34	0.37	constant	0.37	Low Stability	Low Stability	0.63	instable
IN_195	100	39	28	33	0.39	0.28	0.33	up	0.39	Low Stability	Low Stability	0.61	instable
IN_196	100	42	21	37	0.42	0.21	0.37	up	0.42	Low Stability	Low Stability	0.5800000000000001	instable
IN_197	100	36	35	29	0.36	0.35	0.29	up	0.36	Low Stability	Low Stability	0.64	instable
IN_198	100	26	31	43	0.26	0.31	0.43	constant	0.43	Low Stability	Low Stability	0.5700000000000001	instable
IN_199	100	33	31	36	0.33	0.31	0.36	constant	0.36	Low Stability	Low Stability	0.64	instable
IN_2	100	31	42	27	0.31	0.42	0.27	down	0.42	Low Stability	Low Stability	0.5800000000000001	instable
IN_20	100	38	32	30	0.38	0.32	0.3	up	0.38	Low Stability	Low Stability	0.62	instable
IN_200	100	31	31	38	0.31	0.31	0.38	constant	0.38	Low Stability	Low Stability	0.62	instable
IN_201	100	29	38	33	0.29	0.38	0.33	down	0.38	Low Stability	Low Stability	0.62	instable
IN_202	100	39	28	33	0.39	0.28	0.33	up	0.39	Low Stability	Low Stability	0.61	instable
IN_203	100	31	35	34	0.31	0.35	0.34	down	0.35	Low Stability	Low Stability	0.65	instable
IN_204	100	29	38	33	0.29	0.38	0.33	down	0.38	Low Stability	Low Stability	0.62	instable
IN_205	100	35	35	30	0.35	0.35	0.3	tied	0.35	Low Stability	Low Stability	0.65	instable
IN_206	100	36	34	30	0.36	0.34	0.3	up	0.36	Low Stability	Low Stability	0.64	instable
IN_207	100	36	30	34	0.36	0.3	0.34	up	0.36	Low Stability	Low Stability	0.64	instable
IN_208	100	28	34	38	0.28	0.34	0.38	constant	0.38	Low Stability	Low Stability	0.62	instable
IN_209	100	35	34	31	0.35	0.34	0.31	up	0.35	Low Stability	Low Stability	0.65	instable
IN_21	100	28	35	37	0.28	0.35	0.37	constant	0.37	Low Stability	Low Stability	0.63	instable
IN_210	100	36	35	29	0.36	0.35	0.29	up	0.36	Low Stability	Low Stability	0.64	instable
IN_211	100	32	30	38	0.32	0.3	0.38	constant	0.38	Low Stability	Low Stability	0.62	instable
IN_212	100	33	36	31	0.33	0.36	0.31	down	0.36	Low Stability	Low Stability	0.64	instable
IN_213	100	29	35	36	0.29	0.35	0.36	constant	0.36	Low Stability	Low Stability	0.64	instable
IN_214	100	32	36	32	0.32	0.36	0.32	down	0.36	Low Stability	Low Stability	0.64	instable
IN_215	100	30	25	45	0.3	0.25	0.45	constant	0.45	Low Stability	Low Stability	0.55	instable
IN_216	100	31	33	36	0.31	0.33	0.36	constant	0.36	Low Stability	Low Stability	0.64	instable
IN_217	100	25	40	35	0.25	0.4	0.35	down	0.4	Low Stability	Low Stability	0.6	instable
IN_218	100	36	24	40	0.36	0.24	0.4	constant	0.4	Low Stability	Low Stability	0.6	instable
IN_219	100	34	34	32	0.34	0.34	0.32	tied	0.34	Low Stability	Low Stability	0.6599999999999999	instable
IN_22	100	35	28	37	0.35	0.28	0.37	constant	0.37	Low Stability	Low Stability	0.63	instable
IN_220	100	27	35	38	0.27	0.35	0.38	constant	0.38	Low Stability	Low Stability	0.62	instable
IN_221	100	33	31	36	0.33	0.31	0.36	constant	0.36	Low Stability	Low Stability	0.64	instable
IN_222	100	35	39	26	0.35	0.39	0.26	down	0.39	Low Stability	Low Stability	0.61	instable
IN_223	100	39	32	29	0.39	0.32	0.29	up	0.39	Low Stability	Low Stability	0.61	instable
IN_224	100	36	36	28	0.36	0.36	0.28	tied	0.36	Low Stability	Low Stability	0.64	instable
IN_225	100	38	30	32	0.38	0.3	0.32	up	0.38	Low Stability	Low Stability	0.62	instable
IN_226	100	34	29	37	0.34	0.29	0.37	constant	0.37	Low Stability	Low Stability	0.63	instable
IN_227	100	36	33	31	0.36	0.33	0.31	up	0.36	Low Stability	Low Stability	0.64	instable
IN_228	100	30	32	38	0.3	0.32	0.38	constant	0.38	Low Stability	Low Stability	0.62	instable
IN_229	100	31	34	35	0.31	0.34	0.35	constant	0.35	Low Stability	Low Stability	0.65	instable
IN_23	100	31	40	29	0.31	0.4	0.29	down	0.4	Low Stability	Low Stability	0.6	instable
IN_230	100	35	39	26	0.35	0.39	0.26	down	0.39	Low Stability	Low Stability	0.61	instable
IN_231	100	35	35	30	0.35	0.35	0.3	tied	0.35	Low Stability	Low Stability	0.65	instable
IN_232	100	34	36	30	0.34	0.36	0.3	down	0.36	Low Stability	Low Stability	0.64	instable
IN_233	100	37	25	38	0.37	0.25	0.38	constant	0.38	Low Stability	Low Stability	0.62	instable
IN_234	100	39	33	28	0.39	0.33	0.28	up	0.39	Low Stability	Low Stability	0.61	instable
IN_235	100	37	34	29	0.37	0.34	0.29	up	0.37	Low Stability	Low Stability	0.63	instable
IN_236	100	27	44	29	0.27	0.44	0.29	down	0.44	Low Stability	Low Stability	0.56	instable
IN_237	100	34	36	30	0.34	0.36	0.3	down	0.36	Low Stability	Low Stability	0.64	instable
IN_238	100	37	24	39	0.37	0.24	0.39	constant	0.39	Low Stability	Low Stability	0.61	instable
IN_239	100	39	31	30	0.39	0.31	0.3	up	0.39	Low Stability	Low Stability	0.61	instable
IN_24	100	40	28	32	0.4	0.28	0.32	up	0.4	Low Stability	Low Stability	0.6	instable
IN_240	100	37	27	36	0.37	0.27	0.36	up	0.37	Low Stability	Low Stability	0.63	instable
IN_241	100	36	36	28	0.36	0.36	0.28	tied	0.36	Low Stability	Low Stability	0.64	instable
IN_242	100	29	32	39	0.29	0.32	0.39	constant	0.39	Low Stability	Low Stability	0.61	instable
IN_243	100	31	35	34	0.31	0.35	0.34	down	0.35	Low Stability	Low Stability	0.65	instable
IN_244	100	39	32	29	0.39	0.32	0.29	up	0.39	Low Stability	Low Stability	0.61	instable
IN_245	100	25	31	44	0.25	0.31	0.44	constant	0.44	Low Stability	Low Stability	0.56	instable
IN_246	100	31	33	36	0.31	0.33	0.36	constant	0.36	Low Stability	Low Stability	0.64	instable
IN_247	100	27	42	31	0.27	0.42	0.31	down	0.42	Low Stability	Low Stability	0.5800000000000001	instable
IN_248	100	29	35	36	0.29	0.35	0.36	constant	0.36	Low Stability	Low Stability	0.64	instable
IN_249	100	43	30	27	0.43	0.3	0.27	up	0.43	Low Stability	Low Stability	0.5700000000000001	instable
IN_25	100	41	33	26	0.41	0.33	0.26	up	0.41	Low Stability	Low Stability	0.5900000000000001	instable
IN_250	100	28	36	36	0.28	0.36	0.36	tied	0.36	Low Stability	Low Stability	0.64	instable
IN_251	100	27	40	33	0.27	0.4	0.33	down	0.4	Low Stability	Low Stability	0.6	instable
IN_252	100	36	35	29	0.36	0.35	0.29	up	0.36	Low Stability	Low Stability	0.64	instable
IN_253	100	37	28	35	0.37	0.28	0.35	up	0.37	Low Stability	Low Stability	0.63	instable
IN_254	100	35	28	37	0.35	0.28	0.37	constant	0.37	Low Stability	Low Stability	0.63	instable
IN_255	100	31	29	40	0.31	0.29	0.4	constant	0.4	Low Stability	Low Stability	0.6	instable
IN_256	100	33	33	34	0.33	0.33	0.34	constant	0.34	Low Stability	Low Stability	0.6599999999999999	instable
IN_257	100	36	31	33	0.36	0.31	0.33	up	0.36	Low Stability	Low Stability	0.64	instable
IN_258	100	40	30	30	0.4	0.3	0.3	up	0.4	Low Stability	Low Stability	0.6	instable
IN_259	100	33	39	28	0.33	0.39	0.28	down	0.39	Low Stability	Low Stability	0.61	instable
IN_26	100	41	25	34	0.41	0.25	0.34	up	0.41	Low Stability	Low Stability	0.5900000000000001	instable
IN_260	100	35	36	29	0.35	0.36	0.29	down	0.36	Low Stability	Low Stability	0.64	instable
IN_261	100	28	41	31	0.28	0.41	0.31	down	0.41	Low Stability	Low Stability	0.5900000000000001	instable
IN_262	100	37	35	28	0.37	0.35	0.28	up	0.37	Low Stability	Low Stability	0.63	instable
IN_263	100	33	33	34	0.33	0.33	0.34	constant	0.34	Low Stability	Low Stability	0.6599999999999999	instable
IN_264	100	28	34	38	0.28	0.34	0.38	constant	0.38	Low Stability	Low Stability	0.62	instable
IN_265	100	38	34	28	0.38	0.34	0.28	up	0.38	Low Stability	Low Stability	0.62	instable
IN_266	100	39	22	39	0.39	0.22	0.39	tied	0.39	Low Stability	Low Stability	0.61	instable
IN_267	100	30	35	35	0.3	0.35	0.35	tied	0.35	Low Stability	Low Stability	0.65	instable
IN_268	100	31	39	30	0.31	0.39	0.3	down	0.39	Low Stability	Low Stability	0.61	instable
IN_269	100	38	27	35	0.38	0.27	0.35	up	0.38	Low Stability	Low Stability	0.62	instable
IN_27	100	34	34	32	0.34	0.34	0.32	tied	0.34	Low Stability	Low Stability	0.6599999999999999	instable
IN_270	100	39	37	24	0.39	0.37	0.24	up	0.39	Low Stability	Low Stability	0.61	instable
IN_271	100	29	30	41	0.29	0.3	0.41	constant	0.41	Low Stability	Low Stability	0.5900000000000001	instable
IN_272	100	31	40	29	0.31	0.4	0.29	down	0.4	Low Stability	Low Stability	0.6	instable
IN_273	100	31	36	33	0.31	0.36	0.33	down	0.36	Low Stability	Low Stability	0.64	instable
IN_274	100	31	34	35	0.31	0.34	0.35	constant	0.35	Low Stability	Low Stability	0.65	instable
IN_275	100	36	28	36	0.36	0.28	0.36	tied	0.36	Low Stability	Low Stability	0.64	instable
IN_276	100	44	23	33	0.44	0.23	0.33	up	0.44	Low Stability	Low Stability	0.56	instable
IN_277	100	27	36	37	0.27	0.36	0.37	constant	0.37	Low Stability	Low Stability	0.63	instable
IN_278	100	25	38	37	0.25	0.38	0.37	down	0.38	Low Stability	Low Stability	0.62	instable
IN_279	100	36	31	33	0.36	0.31	0.33	up	0.36	Low Stability	Low Stability	0.64	instable
IN_28	100	31	40	29	0.31	0.4	0.29	down	0.4	Low Stability	Low Stability	0.6	instable
IN_280	100	31	32	37	0.31	0.32	0.37	constant	0.37	Low Stability	Low Stability	0.63	instable
IN_281	100	31	40	29	0.31	0.4	0.29	down	0.4	Low Stability	Low Stability	0.6	instable
IN_282	100	38	34	28	0.38	0.34	0.28	up	0.38	Low Stability	Low Stability	0.62	instable
IN_283	100	29	37	34	0.29	0.37	0.34	down	0.37	Low Stability	Low Stability	0.63	instable
IN_284	100	36	33	31	0.36	0.33	0.31	up	0.36	Low Stability	Low Stability	0.64	instable
IN_285	100	35	28	37	0.35	0.28	0.37	constant	0.37	Low Stability	Low Stability	0.63	instable
IN_286	100	30	44	26	0.3	0.44	0.26	down	0.44	Low Stability	Low Stability	0.56	instable
IN_287	100	31	28	41	0.31	0.28	0.41	constant	0.41	Low Stability	Low Stability	0.5900000000000001	instable
IN_288	100	29	37	34	0.29	0.37	0.34	down	0.37	Low Stability	Low Stability	0.63	instable
IN_289	100	30	34	36	0.3	0.34	0.36	constant	0.36	Low Stability	Low Stability	0.64	instable
IN_29	100	37	32	31	0.37	0.32	0.31	up	0.37	Low Stability	Low Stability	0.63	instable
IN_290	100	40	33	27	0.4	0.33	0.27	up	0.4	Low Stability	Low Stability	0.6	instable
IN_291	100	34	32	34	0.34	0.32	0.34	tied	0.34	Low Stability	Low Stability	0.6599999999999999	instable
IN_292	100	30	44	26	0.3	0.44	0.26	down	0.44	Low Stability	Low Stability	0.56	instable
IN_293	100	28	32	40	0.28	0.32	0.4	constant	0.4	Low Stability	Low Stability	0.6	instable
IN_294	100	33	37	30	0.33	0.37	0.3	down	0.37	Low Stability	Low Stability	0.63	instable
IN_295	100	35	34	31	0.35	0.34	0.31	up	0.35	Low Stability	Low Stability	0.65	instable
IN_296	100	31	40	29	0.31	0.4	0.29	down	0.4	Low Stability	Low Stability	0.6	instable
IN_297	100	38	31	31	0.38	0.31	0.31	up	0.38	Low Stability	Low Stability	0.62	instable
IN_298	100	32	34	34	0.32	0.34	0.34	tied	0.34	Low Stability	Low Stability	0.6599999999999999	instable
IN_299	100	36	38	26	0.36	0.38	0.26	down	0.38	Low Stability	Low Stability	0.62	instable
IN_3	100	40	32	28	0.4	0.32	0.28	up	0.4	Low Stability	Low Stability	0.6	instable
IN_30	100	32	35	33	0.32	0.35	0.33	down	0.35	Low Stability	Low Stability	0.65	instable
IN_300	100	30	39	31	0.3	0.39	0.31	down	0.39	Low Stability	Low Stability	0.61	instable
IN_301	100	32	35	33	0.32	0.35	0.33	down	0.35	Low Stability	Low Stability	0.65	instable
IN_302	100	36	29	35	0.36	0.29	0.35	up	0.36	Low Stability	Low Stability	0.64	instable
IN_303	100	34	37	29	0.34	0.37	0.29	down	0.37	Low Stability	Low Stability	0.63	instable
IN_304	100	35	32	33	0.35	0.32	0.33	up	0.35	Low Stability	Low Stability	0.65	instable
IN_305	100	32	32	36	0.32	0.32	0.36	constant	0.36	Low Stability	Low Stability	0.64	instable
IN_306	100	34	34	32	0.34	0.34	0.32	tied	0.34	Low Stability	Low Stability	0.6599999999999999	instable
IN_307	100	36	36	28	0.36	0.36	0.28	tied	0.36	Low Stability	Low Stability	0.64	instable
IN_308	100	34	34	32	0.34	0.34	0.32	tied	0.34	Low Stability	Low Stability	0.6599999999999999	instable
IN_309	100	37	27	36	0.37	0.27	0.36	up	0.37	Low Stability	Low Stability	0.63	instable
IN_31	100	32	43	25	0.32	0.43	0.25	down	0.43	Low Stability	Low Stability	0.5700000000000001	instable
IN_310	100	35	34	31	0.35	0.34	0.31	up	0.35	Low Stability	Low Stability	0.65	instable
IN_311	100	25	40	35	0.25	0.4	0.35	down	0.4	Low Stability	Low Stability	0.6	instable
IN_312	100	31	43	26	0.31	0.43	0.26	down	0.43	Low Stability	Low Stability	0.5700000000000001	instable
IN_313	100	46	23	31	0.46	0.23	0.31	up	0.46	Low Stability	Low Stability	0.54	instable
IN_314	100	30	49	21	0.3	0.49	0.21	down	0.49	Low Stability	Low Stability	0.51	instable
IN_315	100	29	40	31	0.29	0.4	0.31	down	0.4	Low Stability	Low Stability	0.6	instable
IN_316	100	42	27	31	0.42	0.27	0.31	up	0.42	Low Stability	Low Stability	0.5800000000000001	instable
IN_317	100	33	29	38	0.33	0.29	0.38	constant	0.38	Low Stability	Low Stability	0.62	instable
IN_318	100	28	44	28	0.28	0.44	0.28	down	0.44	Low Stability	Low Stability	0.56	instable
IN_319	100	37	38	25	0.37	0.38	0.25	down	0.38	Low Stability	Low Stability	0.62	instable
IN_32	100	34	32	34	0.34	0.32	0.34	tied	0.34	Low Stability	Low Stability	0.6599999999999999	instable
IN_320	100	33	37	30	0.33	0.37	0.3	down	0.37	Low Stability	Low Stability	0.63	instable
IN_321	100	27	33	40	0.27	0.33	0.4	constant	0.4	Low Stability	Low Stability	0.6	instable
IN_322	100	33	32	35	0.33	0.32	0.35	constant	0.35	Low Stability	Low Stability	0.65	instable
IN_323	100	30	38	32	0.3	0.38	0.32	down	0.38	Low Stability	Low Stability	0.62	instable
IN_324	100	35	30	35	0.35	0.3	0.35	tied	0.35	Low Stability	Low Stability	0.65	instable
IN_325	100	33	33	34	0.33	0.33	0.34	constant	0.34	Low Stability	Low Stability	0.6599999999999999	instable
IN_326	100	32	35	33	0.32	0.35	0.33	down	0.35	Low Stability	Low Stability	0.65	instable
IN_327	100	35	40	25	0.35	0.4	0.25	down	0.4	Low Stability	Low Stability	0.6	instable
IN_328	100	38	36	26	0.38	0.36	0.26	up	0.38	Low Stability	Low Stability	0.62	instable
IN_329	100	40	31	29	0.4	0.31	0.29	up	0.4	Low Stability	Low Stability	0.6	instable
IN_33	100	39	30	31	0.39	0.3	0.31	up	0.39	Low Stability	Low Stability	0.61	instable
IN_330	100	36	35	29	0.36	0.35	0.29	up	0.36	Low Stability	Low Stability	0.64	instable
IN_331	100	40	32	28	0.4	0.32	0.28	up	0.4	Low Stability	Low Stability	0.6	instable
IN_332	100	31	37	32	0.31	0.37	0.32	down	0.37	Low Stability	Low Stability	0.63	instable
IN_333	100	45	26	29	0.45	0.26	0.29	up	0.45	Low Stability	Low Stability	0.55	instable
IN_334	100	24	32	44	0.24	0.32	0.44	constant	0.44	Low Stability	Low Stability	0.56	instable
IN_335	100	39	36	25	0.39	0.36	0.25	up	0.39	Low Stability	Low Stability	0.61	instable
IN_336	100	36	38	26	0.36	0.38	0.26	down	0.38	Low Stability	Low Stability	0.62	instable
IN_337	100	29	39	32	0.29	0.39	0.32	down	0.39	Low Stability	Low Stability	0.61	instable
IN_338	100	34	35	31	0.34	0.35	0.31	down	0.35	Low Stability	Low Stability	0.65	instable
IN_339	100	27	42	31	0.27	0.42	0.31	down	0.42	Low Stability	Low Stability	0.5800000000000001	instable
IN_34	100	36	37	27	0.36	0.37	0.27	down	0.37	Low Stability	Low Stability	0.63	instable
IN_340	100	35	44	21	0.35	0.44	0.21	down	0.44	Low Stability	Low Stability	0.56	instable
IN_341	100	36	39	25	0.36	0.39	0.25	down	0.39	Low Stability	Low Stability	0.61	instable
IN_342	100	40	37	23	0.4	0.37	0.23	up	0.4	Low Stability	Low Stability	0.6	instable
IN_343	100	31	38	31	0.31	0.38	0.31	down	0.38	Low Stability	Low Stability	0.62	instable
IN_344	100	37	32	31	0.37	0.32	0.31	up	0.37	Low Stability	Low Stability	0.63	instable
IN_345	100	24	39	37	0.24	0.39	0.37	down	0.39	Low Stability	Low Stability	0.61	instable
IN_346	100	37	32	31	0.37	0.32	0.31	up	0.37	Low Stability	Low Stability	0.63	instable
IN_347	100	33	37	30	0.33	0.37	0.3	down	0.37	Low Stability	Low Stability	0.63	instable
IN_348	100	30	38	32	0.3	0.38	0.32	down	0.38	Low Stability	Low Stability	0.62	instable
IN_349	100	29	33	38	0.29	0.33	0.38	constant	0.38	Low Stability	Low Stability	0.62	instable
IN_35	100	34	37	29	0.34	0.37	0.29	down	0.37	Low Stability	Low Stability	0.63	instable
IN_350	100	27	36	37	0.27	0.36	0.37	constant	0.37	Low Stability	Low Stability	0.63	instable
IN_351	100	23	46	31	0.23	0.46	0.31	down	0.46	Low Stability	Low Stability	0.54	instable
IN_352	100	28	35	37	0.28	0.35	0.37	constant	0.37	Low Stability	Low Stability	0.63	instable
IN_353	100	29	31	40	0.29	0.31	0.4	constant	0.4	Low Stability	Low Stability	0.6	instable
IN_354	100	34	33	33	0.34	0.33	0.33	up	0.34	Low Stability	Low Stability	0.6599999999999999	instable
IN_355	100	30	30	40	0.3	0.3	0.4	constant	0.4	Low Stability	Low Stability	0.6	instable
IN_356	100	38	28	34	0.38	0.28	0.34	up	0.38	Low Stability	Low Stability	0.62	instable
IN_357	100	36	27	37	0.36	0.27	0.37	constant	0.37	Low Stability	Low Stability	0.63	instable
IN_358	100	35	30	35	0.35	0.3	0.35	tied	0.35	Low Stability	Low Stability	0.65	instable
IN_359	100	28	37	35	0.28	0.37	0.35	down	0.37	Low Stability	Low Stability	0.63	instable
IN_36	100	29	36	35	0.29	0.36	0.35	down	0.36	Low Stability	Low Stability	0.64	instable
IN_360	100	34	36	30	0.34	0.36	0.3	down	0.36	Low Stability	Low Stability	0.64	instable
IN_361	100	30	29	41	0.3	0.29	0.41	constant	0.41	Low Stability	Low Stability	0.5900000000000001	instable
IN_362	100	30	36	34	0.3	0.36	0.34	down	0.36	Low Stability	Low Stability	0.64	instable
IN_363	100	30	35	35	0.3	0.35	0.35	tied	0.35	Low Stability	Low Stability	0.65	instable
IN_364	100	30	38	32	0.3	0.38	0.32	down	0.38	Low Stability	Low Stability	0.62	instable
IN_365	100	41	29	30	0.41	0.29	0.3	up	0.41	Low Stability	Low Stability	0.5900000000000001	instable
IN_366	100	28	35	37	0.28	0.35	0.37	constant	0.37	Low Stability	Low Stability	0.63	instable
IN_367	100	30	40	30	0.3	0.4	0.3	down	0.4	Low Stability	Low Stability	0.6	instable
IN_368	100	33	40	27	0.33	0.4	0.27	down	0.4	Low Stability	Low Stability	0.6	instable
IN_369	100	33	32	35	0.33	0.32	0.35	constant	0.35	Low Stability	Low Stability	0.65	instable
IN_37	100	34	36	30	0.34	0.36	0.3	down	0.36	Low Stability	Low Stability	0.64	instable
IN_370	100	34	36	30	0.34	0.36	0.3	down	0.36	Low Stability	Low Stability	0.64	instable
IN_371	100	33	35	32	0.33	0.35	0.32	down	0.35	Low Stability	Low Stability	0.65	instable
IN_372	100	30	28	42	0.3	0.28	0.42	constant	0.42	Low Stability	Low Stability	0.5800000000000001	instable
IN_373	100	37	31	32	0.37	0.31	0.32	up	0.37	Low Stability	Low Stability	0.63	instable
IN_374	100	31	39	30	0.31	0.39	0.3	down	0.39	Low Stability	Low Stability	0.61	instable
IN_375	100	33	33	34	0.33	0.33	0.34	constant	0.34	Low Stability	Low Stability	0.6599999999999999	instable
IN_376	100	43	27	30	0.43	0.27	0.3	up	0.43	Low Stability	Low Stability	0.5700000000000001	instable
IN_377	100	27	40	33	0.27	0.4	0.33	down	0.4	Low Stability	Low Stability	0.6	instable
IN_378	100	31	39	30	0.31	0.39	0.3	down	0.39	Low Stability	Low Stability	0.61	instable
IN_379	100	32	38	30	0.32	0.38	0.3	down	0.38	Low Stability	Low Stability	0.62	instable
IN_38	100	36	31	33	0.36	0.31	0.33	up	0.36	Low Stability	Low Stability	0.64	instable
IN_380	100	34	32	34	0.34	0.32	0.34	tied	0.34	Low Stability	Low Stability	0.6599999999999999	instable
IN_381	100	25	39	36	0.25	0.39	0.36	down	0.39	Low Stability	Low Stability	0.61	instable
IN_382	100	38	32	30	0.38	0.32	0.3	up	0.38	Low Stability	Low Stability	0.62	instable
IN_383	100	32	33	35	0.32	0.33	0.35	constant	0.35	Low Stability	Low Stability	0.65	instable
IN_384	100	23	41	36	0.23	0.41	0.36	down	0.41	Low Stability	Low Stability	0.5900000000000001	instable
IN_385	100	38	37	25	0.38	0.37	0.25	up	0.38	Low Stability	Low Stability	0.62	instable
IN_386	100	27	35	38	0.27	0.35	0.38	constant	0.38	Low Stability	Low Stability	0.62	instable
IN_387	100	34	26	40	0.34	0.26	0.4	constant	0.4	Low Stability	Low Stability	0.6	instable
IN_388	100	33	28	39	0.33	0.28	0.39	constant	0.39	Low Stability	Low Stability	0.61	instable
IN_389	100	33	40	27	0.33	0.4	0.27	down	0.4	Low Stability	Low Stability	0.6	instable
IN_39	100	43	25	32	0.43	0.25	0.32	up	0.43	Low Stability	Low Stability	0.5700000000000001	instable
IN_390	100	27	36	37	0.27	0.36	0.37	constant	0.37	Low Stability	Low Stability	0.63	instable
IN_391	100	30	36	34	0.3	0.36	0.34	down	0.36	Low Stability	Low Stability	0.64	instable
IN_392	100	31	34	35	0.31	0.34	0.35	constant	0.35	Low Stability	Low Stability	0.65	instable
IN_393	100	37	27	36	0.37	0.27	0.36	up	0.37	Low Stability	Low Stability	0.63	instable
IN_394	100	28	28	44	0.28	0.28	0.44	constant	0.44	Low Stability	Low Stability	0.56	instable
IN_395	100	37	35	28	0.37	0.35	0.28	up	0.37	Low Stability	Low Stability	0.63	instable
IN_396	100	30	34	36	0.3	0.34	0.36	constant	0.36	Low Stability	Low Stability	0.64	instable
IN_397	100	33	31	36	0.33	0.31	0.36	constant	0.36	Low Stability	Low Stability	0.64	instable
IN_398	100	41	31	28	0.41	0.31	0.28	up	0.41	Low Stability	Low Stability	0.5900000000000001	instable
IN_399	100	28	41	31	0.28	0.41	0.31	down	0.41	Low Stability	Low Stability	0.5900000000000001	instable
IN_4	100	35	34	31	0.35	0.34	0.31	up	0.35	Low Stability	Low Stability	0.65	instable
IN_40	100	37	22	41	0.37	0.22	0.41	constant	0.41	Low Stability	Low Stability	0.5900000000000001	instable
IN_400	100	26	38	36	0.26	0.38	0.36	down	0.38	Low Stability	Low Stability	0.62	instable
IN_401	100	34	39	27	0.34	0.39	0.27	down	0.39	Low Stability	Low Stability	0.61	instable
IN_402	100	26	43	31	0.26	0.43	0.31	down	0.43	Low Stability	Low Stability	0.5700000000000001	instable
IN_403	100	38	32	30	0.38	0.32	0.3	up	0.38	Low Stability	Low Stability	0.62	instable
IN_404	100	34	25	41	0.34	0.25	0.41	constant	0.41	Low Stability	Low Stability	0.5900000000000001	instable
IN_405	100	30	42	28	0.3	0.42	0.28	down	0.42	Low Stability	Low Stability	0.5800000000000001	instable
IN_406	100	35	31	34	0.35	0.31	0.34	up	0.35	Low Stability	Low Stability	0.65	instable
IN_407	100	30	45	25	0.3	0.45	0.25	down	0.45	Low Stability	Low Stability	0.55	instable
IN_408	100	35	33	32	0.35	0.33	0.32	up	0.35	Low Stability	Low Stability	0.65	instable
IN_409	100	28	36	36	0.28	0.36	0.36	tied	0.36	Low Stability	Low Stability	0.64	instable
IN_41	100	36	32	32	0.36	0.32	0.32	up	0.36	Low Stability	Low Stability	0.64	instable
IN_410	100	31	36	33	0.31	0.36	0.33	down	0.36	Low Stability	Low Stability	0.64	instable
IN_411	100	41	29	30	0.41	0.29	0.3	up	0.41	Low Stability	Low Stability	0.5900000000000001	instable
IN_412	100	32	37	31	0.32	0.37	0.31	down	0.37	Low Stability	Low Stability	0.63	instable
IN_413	100	36	32	32	0.36	0.32	0.32	up	0.36	Low Stability	Low Stability	0.64	instable
IN_414	100	35	30	35	0.35	0.3	0.35	tied	0.35	Low Stability	Low Stability	0.65	instable
IN_415	100	34	27	39	0.34	0.27	0.39	constant	0.39	Low Stability	Low Stability	0.61	instable
IN_416	100	39	27	34	0.39	0.27	0.34	up	0.39	Low Stability	Low Stability	0.61	instable
IN_417	100	36	41	23	0.36	0.41	0.23	down	0.41	Low Stability	Low Stability	0.5900000000000001	instable
IN_418	100	39	27	34	0.39	0.27	0.34	up	0.39	Low Stability	Low Stability	0.61	instable
IN_419	100	35	36	29	0.35	0.36	0.29	down	0.36	Low Stability	Low Stability	0.64	instable
IN_42	100	26	41	33	0.26	0.41	0.33	down	0.41	Low Stability	Low Stability	0.5900000000000001	instable
IN_420	100	39	35	26	0.39	0.35	0.26	up	0.39	Low Stability	Low Stability	0.61	instable
IN_421	100	35	30	35	0.35	0.3	0.35	tied	0.35	Low Stability	Low Stability	0.65	instable
IN_422	100	29	36	35	0.29	0.36	0.35	down	0.36	Low Stability	Low Stability	0.64	instable
IN_423	100	33	35	32	0.33	0.35	0.32	down	0.35	Low Stability	Low Stability	0.65	instable
IN_424	100	35	31	34	0.35	0.31	0.34	up	0.35	Low Stability	Low Stability	0.65	instable
IN_425	100	37	30	33	0.37	0.3	0.33	up	0.37	Low Stability	Low Stability	0.63	instable
IN_426	100	30	44	26	0.3	0.44	0.26	down	0.44	Low Stability	Low Stability	0.56	instable
IN_427	100	28	34	38	0.28	0.34	0.38	constant	0.38	Low Stability	Low Stability	0.62	instable
IN_428	100	29	28	43	0.29	0.28	0.43	constant	0.43	Low Stability	Low Stability	0.5700000000000001	instable
IN_429	100	37	31	32	0.37	0.31	0.32	up	0.37	Low Stability	Low Stability	0.63	instable
IN_43	100	27	35	38	0.27	0.35	0.38	constant	0.38	Low Stability	Low Stability	0.62	instable
IN_430	100	42	30	28	0.42	0.3	0.28	up	0.42	Low Stability	Low Stability	0.5800000000000001	instable
IN_431	100	32	34	34	0.32	0.34	0.34	tied	0.34	Low Stability	Low Stability	0.6599999999999999	instable
IN_432	100	36	35	29	0.36	0.35	0.29	up	0.36	Low Stability	Low Stability	0.64	instable
IN_433	100	36	37	27	0.36	0.37	0.27	down	0.37	Low Stability	Low Stability	0.63	instable
IN_434	100	43	29	28	0.43	0.29	0.28	up	0.43	Low Stability	Low Stability	0.5700000000000001	instable
IN_435	100	26	38	36	0.26	0.38	0.36	down	0.38	Low Stability	Low Stability	0.62	instable
IN_436	100	38	31	31	0.38	0.31	0.31	up	0.38	Low Stability	Low Stability	0.62	instable
IN_437	100	31	37	32	0.31	0.37	0.32	down	0.37	Low Stability	Low Stability	0.63	instable
IN_438	100	40	42	18	0.4	0.42	0.18	down	0.42	Low Stability	Low Stability	0.5800000000000001	instable
IN_439	100	29	36	35	0.29	0.36	0.35	down	0.36	Low Stability	Low Stability	0.64	instable
IN_44	100	27	35	38	0.27	0.35	0.38	constant	0.38	Low Stability	Low Stability	0.62	instable
IN_440	100	37	25	38	0.37	0.25	0.38	constant	0.38	Low Stability	Low Stability	0.62	instable
IN_441	100	27	40	33	0.27	0.4	0.33	down	0.4	Low Stability	Low Stability	0.6	instable
IN_442	100	31	47	22	0.31	0.47	0.22	down	0.47	Low Stability	Low Stability	0.53	instable
IN_443	100	30	37	33	0.3	0.37	0.33	down	0.37	Low Stability	Low Stability	0.63	instable
IN_444	100	40	27	33	0.4	0.27	0.33	up	0.4	Low Stability	Low Stability	0.6	instable
IN_445	100	39	29	32	0.39	0.29	0.32	up	0.39	Low Stability	Low Stability	0.61	instable
IN_446	100	26	32	42	0.26	0.32	0.42	constant	0.42	Low Stability	Low Stability	0.5800000000000001	instable
IN_447	100	32	33	35	0.32	0.33	0.35	constant	0.35	Low Stability	Low Stability	0.65	instable
IN_448	100	32	31	37	0.32	0.31	0.37	constant	0.37	Low Stability	Low Stability	0.63	instable
IN_449	100	40	32	28	0.4	0.32	0.28	up	0.4	Low Stability	Low Stability	0.6	instable
IN_45	100	31	29	40	0.31	0.29	0.4	constant	0.4	Low Stability	Low Stability	0.6	instable
IN_450	100	30	33	37	0.3	0.33	0.37	constant	0.37	Low Stability	Low Stability	0.63	instable
IN_451	100	34	39	27	0.34	0.39	0.27	down	0.39	Low Stability	Low Stability	0.61	instable
IN_452	100	37	31	32	0.37	0.31	0.32	up	0.37	Low Stability	Low Stability	0.63	instable
IN_453	100	32	41	27	0.32	0.41	0.27	down	0.41	Low Stability	Low Stability	0.5900000000000001	instable
IN_454	100	32	36	32	0.32	0.36	0.32	down	0.36	Low Stability	Low Stability	0.64	instable
IN_455	100	36	34	30	0.36	0.34	0.3	up	0.36	Low Stability	Low Stability	0.64	instable
IN_456	100	35	23	42	0.35	0.23	0.42	constant	0.42	Low Stability	Low Stability	0.5800000000000001	instable
IN_457	100	34	26	40	0.34	0.26	0.4	constant	0.4	Low Stability	Low Stability	0.6	instable
IN_458	100	35	35	30	0.35	0.35	0.3	tied	0.35	Low Stability	Low Stability	0.65	instable
IN_459	100	36	31	33	0.36	0.31	0.33	up	0.36	Low Stability	Low Stability	0.64	instable
IN_46	100	35	25	40	0.35	0.25	0.4	constant	0.4	Low Stability	Low Stability	0.6	instable
IN_460	100	23	41	36	0.23	0.41	0.36	down	0.41	Low Stability	Low Stability	0.5900000000000001	instable
IN_461	100	34	30	36	0.34	0.3	0.36	constant	0.36	Low Stability	Low Stability	0.64	instable
IN_462	100	36	38	26	0.36	0.38	0.26	down	0.38	Low Stability	Low Stability	0.62	instable
IN_463	100	31	28	41	0.31	0.28	0.41	constant	0.41	Low Stability	Low Stability	0.5900000000000001	instable
IN_464	100	38	31	31	0.38	0.31	0.31	up	0.38	Low Stability	Low Stability	0.62	instable
IN_465	100	40	29	31	0.4	0.29	0.31	up	0.4	Low Stability	Low Stability	0.6	instable
IN_466	100	33	32	35	0.33	0.32	0.35	constant	0.35	Low Stability	Low Stability	0.65	instable
IN_467	100	41	28	31	0.41	0.28	0.31	up	0.41	Low Stability	Low Stability	0.5900000000000001	instable
IN_468	100	36	29	35	0.36	0.29	0.35	up	0.36	Low Stability	Low Stability	0.64	instable
IN_469	100	33	31	36	0.33	0.31	0.36	constant	0.36	Low Stability	Low Stability	0.64	instable
IN_47	100	28	35	37	0.28	0.35	0.37	constant	0.37	Low Stability	Low Stability	0.63	instable
IN_470	100	28	39	33	0.28	0.39	0.33	down	0.39	Low Stability	Low Stability	0.61	instable
IN_471	100	28	32	40	0.28	0.32	0.4	constant	0.4	Low Stability	Low Stability	0.6	instable
IN_472	100	31	36	33	0.31	0.36	0.33	down	0.36	Low Stability	Low Stability	0.64	instable
IN_473	100	38	30	32	0.38	0.3	0.32	up	0.38	Low Stability	Low Stability	0.62	instable
IN_474	100	34	38	28	0.34	0.38	0.28	down	0.38	Low Stability	Low Stability	0.62	instable
IN_475	100	42	28	30	0.42	0.28	0.3	up	0.42	Low Stability	Low Stability	0.5800000000000001	instable
IN_476	100	38	32	30	0.38	0.32	0.3	up	0.38	Low Stability	Low Stability	0.62	instable
IN_477	100	26	39	35	0.26	0.39	0.35	down	0.39	Low Stability	Low Stability	0.61	instable
IN_478	100	36	37	27	0.36	0.37	0.27	down	0.37	Low Stability	Low Stability	0.63	instable
IN_479	100	46	23	31	0.46	0.23	0.31	up	0.46	Low Stability	Low Stability	0.54	instable
IN_48	100	34	34	32	0.34	0.34	0.32	tied	0.34	Low Stability	Low Stability	0.6599999999999999	instable
IN_480	100	39	35	26	0.39	0.35	0.26	up	0.39	Low Stability	Low Stability	0.61	instable
IN_481	100	28	31	41	0.28	0.31	0.41	constant	0.41	Low Stability	Low Stability	0.5900000000000001	instable
IN_482	100	29	35	36	0.29	0.35	0.36	constant	0.36	Low Stability	Low Stability	0.64	instable
IN_483	100	21	38	41	0.21	0.38	0.41	constant	0.41	Low Stability	Low Stability	0.5900000000000001	instable
IN_484	100	34	24	42	0.34	0.24	0.42	constant	0.42	Low Stability	Low Stability	0.5800000000000001	instable
IN_485	100	32	37	31	0.32	0.37	0.31	down	0.37	Low Stability	Low Stability	0.63	instable
IN_486	100	30	28	42	0.3	0.28	0.42	constant	0.42	Low Stability	Low Stability	0.5800000000000001	instable
IN_487	100	38	28	34	0.38	0.28	0.34	up	0.38	Low Stability	Low Stability	0.62	instable
IN_488	100	35	37	28	0.35	0.37	0.28	down	0.37	Low Stability	Low Stability	0.63	instable
IN_489	100	38	32	30	0.38	0.32	0.3	up	0.38	Low Stability	Low Stability	0.62	instable
IN_49	100	31	29	40	0.31	0.29	0.4	constant	0.4	Low Stability	Low Stability	0.6	instable
IN_490	100	25	39	36	0.25	0.39	0.36	down	0.39	Low Stability	Low Stability	0.61	instable
IN_491	100	41	27	32	0.41	0.27	0.32	up	0.41	Low Stability	Low Stability	0.5900000000000001	instable
IN_492	100	29	36	35	0.29	0.36	0.35	down	0.36	Low Stability	Low Stability	0.64	instable
IN_493	100	35	34	31	0.35	0.34	0.31	up	0.35	Low Stability	Low Stability	0.65	instable
IN_494	100	36	38	26	0.36	0.38	0.26	down	0.38	Low Stability	Low Stability	0.62	instable
IN_495	100	34	34	32	0.34	0.34	0.32	tied	0.34	Low Stability	Low Stability	0.6599999999999999	instable
IN_496	100	33	31	36	0.33	0.31	0.36	constant	0.36	Low Stability	Low Stability	0.64	instable
IN_497	100	29	39	32	0.29	0.39	0.32	down	0.39	Low Stability	Low Stability	0.61	instable
IN_498	100	40	32	28	0.4	0.32	0.28	up	0.4	Low Stability	Low Stability	0.6	instable
IN_499	100	38	34	28	0.38	0.34	0.28	up	0.38	Low Stability	Low Stability	0.62	instable
IN_5	100	29	35	36	0.29	0.35	0.36	constant	0.36	Low Stability	Low Stability	0.64	instable
IN_50	100	39	34	27	0.39	0.34	0.27	up	0.39	Low Stability	Low Stability	0.61	instable
IN_500	100	34	30	36	0.34	0.3	0.36	constant	0.36	Low Stability	Low Stability	0.64	instable
IN_501	100	36	30	34	0.36	0.3	0.34	up	0.36	Low Stability	Low Stability	0.64	instable
IN_502	100	30	36	34	0.3	0.36	0.34	down	0.36	Low Stability	Low Stability	0.64	instable
IN_503	100	36	40	24	0.36	0.4	0.24	down	0.4	Low Stability	Low Stability	0.6	instable
IN_504	100	27	41	32	0.27	0.41	0.32	down	0.41	Low Stability	Low Stability	0.5900000000000001	instable
IN_505	100	35	32	33	0.35	0.32	0.33	up	0.35	Low Stability	Low Stability	0.65	instable
IN_506	100	30	33	37	0.3	0.33	0.37	constant	0.37	Low Stability	Low Stability	0.63	instable
IN_507	100	42	40	18	0.42	0.4	0.18	up	0.42	Low Stability	Low Stability	0.5800000000000001	instable
IN_508	100	32	37	31	0.32	0.37	0.31	down	0.37	Low Stability	Low Stability	0.63	instable
IN_509	100	26	30	44	0.26	0.3	0.44	constant	0.44	Low Stability	Low Stability	0.56	instable
IN_51	100	29	40	31	0.29	0.4	0.31	down	0.4	Low Stability	Low Stability	0.6	instable
IN_510	100	29	37	34	0.29	0.37	0.34	down	0.37	Low Stability	Low Stability	0.63	instable
IN_511	100	38	34	28	0.38	0.34	0.28	up	0.38	Low Stability	Low Stability	0.62	instable
IN_512	100	38	31	31	0.38	0.31	0.31	up	0.38	Low Stability	Low Stability	0.62	instable
IN_513	100	31	40	29	0.31	0.4	0.29	down	0.4	Low Stability	Low Stability	0.6	instable
IN_514	100	45	31	24	0.45	0.31	0.24	up	0.45	Low Stability	Low Stability	0.55	instable
IN_515	100	35	27	38	0.35	0.27	0.38	constant	0.38	Low Stability	Low Stability	0.62	instable
IN_516	100	27	42	31	0.27	0.42	0.31	down	0.42	Low Stability	Low Stability	0.5800000000000001	instable
IN_517	100	35	39	26	0.35	0.39	0.26	down	0.39	Low Stability	Low Stability	0.61	instable
IN_518	100	32	38	30	0.32	0.38	0.3	down	0.38	Low Stability	Low Stability	0.62	instable
IN_519	100	39	32	29	0.39	0.32	0.29	up	0.39	Low Stability	Low Stability	0.61	instable
IN_52	100	34	30	36	0.34	0.3	0.36	constant	0.36	Low Stability	Low Stability	0.64	instable
IN_520	100	26	41	33	0.26	0.41	0.33	down	0.41	Low Stability	Low Stability	0.5900000000000001	instable
IN_521	100	32	34	34	0.32	0.34	0.34	tied	0.34	Low Stability	Low Stability	0.6599999999999999	instable
IN_522	100	29	31	40	0.29	0.31	0.4	constant	0.4	Low Stability	Low Stability	0.6	instable
IN_523	100	37	31	32	0.37	0.31	0.32	up	0.37	Low Stability	Low Stability	0.63	instable
IN_524	100	35	32	33	0.35	0.32	0.33	up	0.35	Low Stability	Low Stability	0.65	instable
IN_525	100	27	34	39	0.27	0.34	0.39	constant	0.39	Low Stability	Low Stability	0.61	instable
IN_526	100	30	37	33	0.3	0.37	0.33	down	0.37	Low Stability	Low Stability	0.63	instable
IN_527	100	30	35	35	0.3	0.35	0.35	tied	0.35	Low Stability	Low Stability	0.65	instable
IN_528	100	33	30	37	0.33	0.3	0.37	constant	0.37	Low Stability	Low Stability	0.63	instable
IN_529	100	31	32	37	0.31	0.32	0.37	constant	0.37	Low Stability	Low Stability	0.63	instable
IN_53	100	29	30	41	0.29	0.3	0.41	constant	0.41	Low Stability	Low Stability	0.5900000000000001	instable
IN_530	100	44	31	25	0.44	0.31	0.25	up	0.44	Low Stability	Low Stability	0.56	instable
IN_531	100	24	33	43	0.24	0.33	0.43	constant	0.43	Low Stability	Low Stability	0.5700000000000001	instable
IN_532	100	38	28	34	0.38	0.28	0.34	up	0.38	Low Stability	Low Stability	0.62	instable
IN_533	100	22	41	37	0.22	0.41	0.37	down	0.41	Low Stability	Low Stability	0.5900000000000001	instable
IN_534	100	33	30	37	0.33	0.3	0.37	constant	0.37	Low Stability	Low Stability	0.63	instable
IN_535	100	27	33	40	0.27	0.33	0.4	constant	0.4	Low Stability	Low Stability	0.6	instable
IN_536	100	38	28	34	0.38	0.28	0.34	up	0.38	Low Stability	Low Stability	0.62	instable
IN_537	100	45	36	19	0.45	0.36	0.19	up	0.45	Low Stability	Low Stability	0.55	instable
IN_538	100	34	33	33	0.34	0.33	0.33	up	0.34	Low Stability	Low Stability	0.6599999999999999	instable
IN_539	100	38	38	24	0.38	0.38	0.24	tied	0.38	Low Stability	Low Stability	0.62	instable
IN_54	100	37	33	30	0.37	0.33	0.3	up	0.37	Low Stability	Low Stability	0.63	instable
IN_540	100	32	30	38	0.32	0.3	0.38	constant	0.38	Low Stability	Low Stability	0.62	instable
IN_541	100	28	30	42	0.28	0.3	0.42	constant	0.42	Low Stability	Low Stability	0.5800000000000001	instable
IN_542	100	29	39	32	0.29	0.39	0.32	down	0.39	Low Stability	Low Stability	0.61	instable
IN_543	100	29	36	35	0.29	0.36	0.35	down	0.36	Low Stability	Low Stability	0.64	instable
IN_544	100	30	32	38	0.3	0.32	0.38	constant	0.38	Low Stability	Low Stability	0.62	instable
IN_545	100	37	31	32	0.37	0.31	0.32	up	0.37	Low Stability	Low Stability	0.63	instable
IN_546	100	29	45	26	0.29	0.45	0.26	down	0.45	Low Stability	Low Stability	0.55	instable
IN_547	100	35	32	33	0.35	0.32	0.33	up	0.35	Low Stability	Low Stability	0.65	instable
IN_548	100	40	27	33	0.4	0.27	0.33	up	0.4	Low Stability	Low Stability	0.6	instable
IN_549	100	31	36	33	0.31	0.36	0.33	down	0.36	Low Stability	Low Stability	0.64	instable
IN_55	100	31	25	44	0.31	0.25	0.44	constant	0.44	Low Stability	Low Stability	0.56	instable
IN_550	100	39	38	23	0.39	0.38	0.23	up	0.39	Low Stability	Low Stability	0.61	instable
IN_551	100	41	35	24	0.41	0.35	0.24	up	0.41	Low Stability	Low Stability	0.5900000000000001	instable
IN_552	100	40	42	18	0.4	0.42	0.18	down	0.42	Low Stability	Low Stability	0.5800000000000001	instable
IN_553	100	28	40	32	0.28	0.4	0.32	down	0.4	Low Stability	Low Stability	0.6	instable
IN_554	100	29	35	36	0.29	0.35	0.36	constant	0.36	Low Stability	Low Stability	0.64	instable
IN_555	100	45	34	21	0.45	0.34	0.21	up	0.45	Low Stability	Low Stability	0.55	instable
IN_556	100	35	30	35	0.35	0.3	0.35	tied	0.35	Low Stability	Low Stability	0.65	instable
IN_557	100	35	35	30	0.35	0.35	0.3	tied	0.35	Low Stability	Low Stability	0.65	instable
IN_558	100	30	36	34	0.3	0.36	0.34	down	0.36	Low Stability	Low Stability	0.64	instable
IN_559	100	42	33	25	0.42	0.33	0.25	up	0.42	Low Stability	Low Stability	0.5800000000000001	instable
IN_56	100	38	33	29	0.38	0.33	0.29	up	0.38	Low Stability	Low Stability	0.62	instable
IN_560	100	28	40	32	0.28	0.4	0.32	down	0.4	Low Stability	Low Stability	0.6	instable
IN_561	100	35	32	33	0.35	0.32	0.33	up	0.35	Low Stability	Low Stability	0.65	instable
IN_562	100	34	29	37	0.34	0.29	0.37	constant	0.37	Low Stability	Low Stability	0.63	instable
IN_563	100	37	21	42	0.37	0.21	0.42	constant	0.42	Low Stability	Low Stability	0.5800000000000001	instable
IN_564	100	36	31	33	0.36	0.31	0.33	up	0.36	Low Stability	Low Stability	0.64	instable
IN_565	100	30	38	32	0.3	0.38	0.32	down	0.38	Low Stability	Low Stability	0.62	instable
IN_566	100	33	39	28	0.33	0.39	0.28	down	0.39	Low Stability	Low Stability	0.61	instable
IN_567	100	40	27	33	0.4	0.27	0.33	up	0.4	Low Stability	Low Stability	0.6	instable
IN_568	100	42	33	25	0.42	0.33	0.25	up	0.42	Low Stability	Low Stability	0.5800000000000001	instable
IN_569	100	28	32	40	0.28	0.32	0.4	constant	0.4	Low Stability	Low Stability	0.6	instable
IN_57	100	31	36	33	0.31	0.36	0.33	down	0.36	Low Stability	Low Stability	0.64	instable
IN_570	100	35	26	39	0.35	0.26	0.39	constant	0.39	Low Stability	Low Stability	0.61	instable
IN_571	100	31	38	31	0.31	0.38	0.31	down	0.38	Low Stability	Low Stability	0.62	instable
IN_572	100	35	36	29	0.35	0.36	0.29	down	0.36	Low Stability	Low Stability	0.64	instable
IN_573	100	29	38	33	0.29	0.38	0.33	down	0.38	Low Stability	Low Stability	0.62	instable
IN_574	100	39	24	37	0.39	0.24	0.37	up	0.39	Low Stability	Low Stability	0.61	instable
IN_575	100	35	35	30	0.35	0.35	0.3	tied	0.35	Low Stability	Low Stability	0.65	instable
IN_576	100	32	38	30	0.32	0.38	0.3	down	0.38	Low Stability	Low Stability	0.62	instable
IN_577	100	31	42	27	0.31	0.42	0.27	down	0.42	Low Stability	Low Stability	0.5800000000000001	instable
IN_578	100	34	34	32	0.34	0.34	0.32	tied	0.34	Low Stability	Low Stability	0.6599999999999999	instable
IN_579	100	36	34	30	0.36	0.34	0.3	up	0.36	Low Stability	Low Stability	0.64	instable
IN_58	100	33	38	29	0.33	0.38	0.29	down	0.38	Low Stability	Low Stability	0.62	instable
IN_580	100	33	34	33	0.33	0.34	0.33	down	0.34	Low Stability	Low Stability	0.6599999999999999	instable
IN_581	100	37	33	30	0.37	0.33	0.3	up	0.37	Low Stability	Low Stability	0.63	instable
IN_582	100	34	35	31	0.34	0.35	0.31	down	0.35	Low Stability	Low Stability	0.65	instable
IN_583	100	34	41	25	0.34	0.41	0.25	down	0.41	Low Stability	Low Stability	0.5900000000000001	instable
IN_584	100	28	30	42	0.28	0.3	0.42	constant	0.42	Low Stability	Low Stability	0.5800000000000001	instable
IN_585	100	29	37	34	0.29	0.37	0.34	down	0.37	Low Stability	Low Stability	0.63	instable
IN_586	100	26	39	35	0.26	0.39	0.35	down	0.39	Low Stability	Low Stability	0.61	instable
IN_587	100	29	31	40	0.29	0.31	0.4	constant	0.4	Low Stability	Low Stability	0.6	instable
IN_588	100	35	34	31	0.35	0.34	0.31	up	0.35	Low Stability	Low Stability	0.65	instable
IN_589	100	30	32	38	0.3	0.32	0.38	constant	0.38	Low Stability	Low Stability	0.62	instable
IN_59	100	30	25	45	0.3	0.25	0.45	constant	0.45	Low Stability	Low Stability	0.55	instable
IN_590	100	37	37	26	0.37	0.37	0.26	tied	0.37	Low Stability	Low Stability	0.63	instable
IN_591	100	28	36	36	0.28	0.36	0.36	tied	0.36	Low Stability	Low Stability	0.64	instable
IN_592	100	37	35	28	0.37	0.35	0.28	up	0.37	Low Stability	Low Stability	0.63	instable
IN_593	100	28	37	35	0.28	0.37	0.35	down	0.37	Low Stability	Low Stability	0.63	instable
IN_594	100	40	35	25	0.4	0.35	0.25	up	0.4	Low Stability	Low Stability	0.6	instable
IN_595	100	40	34	26	0.4	0.34	0.26	up	0.4	Low Stability	Low Stability	0.6	instable
IN_596	100	34	44	22	0.34	0.44	0.22	down	0.44	Low Stability	Low Stability	0.56	instable
IN_597	100	27	38	35	0.27	0.38	0.35	down	0.38	Low Stability	Low Stability	0.62	instable
IN_598	100	28	34	38	0.28	0.34	0.38	constant	0.38	Low Stability	Low Stability	0.62	instable
IN_599	100	38	32	30	0.38	0.32	0.3	up	0.38	Low Stability	Low Stability	0.62	instable
IN_6	100	36	29	35	0.36	0.29	0.35	up	0.36	Low Stability	Low Stability	0.64	instable
IN_60	100	27	36	37	0.27	0.36	0.37	constant	0.37	Low Stability	Low Stability	0.63	instable
IN_600	100	44	32	24	0.44	0.32	0.24	up	0.44	Low Stability	Low Stability	0.56	instable
IN_601	100	41	34	25	0.41	0.34	0.25	up	0.41	Low Stability	Low Stability	0.5900000000000001	instable
IN_602	100	33	31	36	0.33	0.31	0.36	constant	0.36	Low Stability	Low Stability	0.64	instable
IN_603	100	32	36	32	0.32	0.36	0.32	down	0.36	Low Stability	Low Stability	0.64	instable
IN_604	100	30	37	33	0.3	0.37	0.33	down	0.37	Low Stability	Low Stability	0.63	instable
IN_605	100	31	30	39	0.31	0.3	0.39	constant	0.39	Low Stability	Low Stability	0.61	instable
IN_606	100	42	29	29	0.42	0.29	0.29	up	0.42	Low Stability	Low Stability	0.5800000000000001	instable
IN_607	100	28	32	40	0.28	0.32	0.4	constant	0.4	Low Stability	Low Stability	0.6	instable
IN_608	100	41	28	31	0.41	0.28	0.31	up	0.41	Low Stability	Low Stability	0.5900000000000001	instable
IN_609	100	26	37	37	0.26	0.37	0.37	tied	0.37	Low Stability	Low Stability	0.63	instable
IN_61	100	29	41	30	0.29	0.41	0.3	down	0.41	Low Stability	Low Stability	0.5900000000000001	instable
IN_610	100	29	37	34	0.29	0.37	0.34	down	0.37	Low Stability	Low Stability	0.63	instable
IN_611	100	26	45	29	0.26	0.45	0.29	down	0.45	Low Stability	Low Stability	0.55	instable
IN_612	100	39	28	33	0.39	0.28	0.33	up	0.39	Low Stability	Low Stability	0.61	instable
IN_613	100	32	35	33	0.32	0.35	0.33	down	0.35	Low Stability	Low Stability	0.65	instable
IN_614	100	24	38	38	0.24	0.38	0.38	tied	0.38	Low Stability	Low Stability	0.62	instable
IN_615	100	33	28	39	0.33	0.28	0.39	constant	0.39	Low Stability	Low Stability	0.61	instable
IN_616	100	39	33	28	0.39	0.33	0.28	up	0.39	Low Stability	Low Stability	0.61	instable
IN_617	100	28	40	32	0.28	0.4	0.32	down	0.4	Low Stability	Low Stability	0.6	instable
IN_618	100	42	24	34	0.42	0.24	0.34	up	0.42	Low Stability	Low Stability	0.5800000000000001	instable
IN_619	100	22	30	48	0.22	0.3	0.48	constant	0.48	Low Stability	Low Stability	0.52	instable
IN_62	100	36	27	37	0.36	0.27	0.37	constant	0.37	Low Stability	Low Stability	0.63	instable
IN_620	100	35	36	29	0.35	0.36	0.29	down	0.36	Low Stability	Low Stability	0.64	instable
IN_621	100	39	33	28	0.39	0.33	0.28	up	0.39	Low Stability	Low Stability	0.61	instable
IN_622	100	37	31	32	0.37	0.31	0.32	up	0.37	Low Stability	Low Stability	0.63	instable
IN_623	100	39	36	25	0.39	0.36	0.25	up	0.39	Low Stability	Low Stability	0.61	instable
IN_624	100	35	38	27	0.35	0.38	0.27	down	0.38	Low Stability	Low Stability	0.62	instable
IN_625	100	29	35	36	0.29	0.35	0.36	constant	0.36	Low Stability	Low Stability	0.64	instable
IN_626	100	48	21	31	0.48	0.21	0.31	up	0.48	Low Stability	Low Stability	0.52	instable
IN_627	100	32	31	37	0.32	0.31	0.37	constant	0.37	Low Stability	Low Stability	0.63	instable
IN_628	100	31	32	37	0.31	0.32	0.37	constant	0.37	Low Stability	Low Stability	0.63	instable
IN_629	100	32	33	35	0.32	0.33	0.35	constant	0.35	Low Stability	Low Stability	0.65	instable
IN_63	100	36	34	30	0.36	0.34	0.3	up	0.36	Low Stability	Low Stability	0.64	instable
IN_630	100	30	37	33	0.3	0.37	0.33	down	0.37	Low Stability	Low Stability	0.63	instable
IN_631	100	35	32	33	0.35	0.32	0.33	up	0.35	Low Stability	Low Stability	0.65	instable
IN_632	100	31	38	31	0.31	0.38	0.31	down	0.38	Low Stability	Low Stability	0.62	instable
IN_633	100	24	35	41	0.24	0.35	0.41	constant	0.41	Low Stability	Low Stability	0.5900000000000001	instable
IN_634	100	35	32	33	0.35	0.32	0.33	up	0.35	Low Stability	Low Stability	0.65	instable
IN_635	100	39	29	32	0.39	0.29	0.32	up	0.39	Low Stability	Low Stability	0.61	instable
IN_636	100	31	34	35	0.31	0.34	0.35	constant	0.35	Low Stability	Low Stability	0.65	instable
IN_637	100	34	38	28	0.34	0.38	0.28	down	0.38	Low Stability	Low Stability	0.62	instable
IN_638	100	39	28	33	0.39	0.28	0.33	up	0.39	Low Stability	Low Stability	0.61	instable
IN_639	100	28	36	36	0.28	0.36	0.36	tied	0.36	Low Stability	Low Stability	0.64	instable
IN_64	100	38	32	30	0.38	0.32	0.3	up	0.38	Low Stability	Low Stability	0.62	instable
IN_640	100	36	30	34	0.36	0.3	0.34	up	0.36	Low Stability	Low Stability	0.64	instable
IN_641	100	39	30	31	0.39	0.3	0.31	up	0.39	Low Stability	Low Stability	0.61	instable
IN_642	100	38	32	30	0.38	0.32	0.3	up	0.38	Low Stability	Low Stability	0.62	instable
IN_643	100	28	38	34	0.28	0.38	0.34	down	0.38	Low Stability	Low Stability	0.62	instable
IN_644	100	29	41	30	0.29	0.41	0.3	down	0.41	Low Stability	Low Stability	0.5900000000000001	instable
IN_645	100	32	36	32	0.32	0.36	0.32	down	0.36	Low Stability	Low Stability	0.64	instable
IN_646	100	30	28	42	0.3	0.28	0.42	constant	0.42	Low Stability	Low Stability	0.5800000000000001	instable
IN_647	100	37	29	34	0.37	0.29	0.34	up	0.37	Low Stability	Low Stability	0.63	instable
IN_648	100	32	41	27	0.32	0.41	0.27	down	0.41	Low Stability	Low Stability	0.5900000000000001	instable
IN_649	100	38	22	40	0.38	0.22	0.4	constant	0.4	Low Stability	Low Stability	0.6	instable
IN_65	100	35	33	32	0.35	0.33	0.32	up	0.35	Low Stability	Low Stability	0.65	instable
IN_650	100	44	24	32	0.44	0.24	0.32	up	0.44	Low Stability	Low Stability	0.56	instable
IN_651	100	40	29	31	0.4	0.29	0.31	up	0.4	Low Stability	Low Stability	0.6	instable
IN_652	100	28	37	35	0.28	0.37	0.35	down	0.37	Low Stability	Low Stability	0.63	instable
IN_653	100	32	34	34	0.32	0.34	0.34	tied	0.34	Low Stability	Low Stability	0.6599999999999999	instable
IN_654	100	27	34	39	0.27	0.34	0.39	constant	0.39	Low Stability	Low Stability	0.61	instable
IN_655	100	28	36	36	0.28	0.36	0.36	tied	0.36	Low Stability	Low Stability	0.64	instable
IN_656	100	36	30	34	0.36	0.3	0.34	up	0.36	Low Stability	Low Stability	0.64	instable
IN_657	100	25	40	35	0.25	0.4	0.35	down	0.4	Low Stability	Low Stability	0.6	instable
IN_658	100	36	32	32	0.36	0.32	0.32	up	0.36	Low Stability	Low Stability	0.64	instable
IN_659	100	36	35	29	0.36	0.35	0.29	up	0.36	Low Stability	Low Stability	0.64	instable
IN_66	100	31	45	24	0.31	0.45	0.24	down	0.45	Low Stability	Low Stability	0.55	instable
IN_660	100	33	27	40	0.33	0.27	0.4	constant	0.4	Low Stability	Low Stability	0.6	instable
IN_661	100	31	34	35	0.31	0.34	0.35	constant	0.35	Low Stability	Low Stability	0.65	instable
IN_662	100	33	35	32	0.33	0.35	0.32	down	0.35	Low Stability	Low Stability	0.65	instable
IN_663	100	32	40	28	0.32	0.4	0.28	down	0.4	Low Stability	Low Stability	0.6	instable
IN_664	100	33	35	32	0.33	0.35	0.32	down	0.35	Low Stability	Low Stability	0.65	instable
IN_665	100	48	23	29	0.48	0.23	0.29	up	0.48	Low Stability	Low Stability	0.52	instable
IN_666	100	30	35	35	0.3	0.35	0.35	tied	0.35	Low Stability	Low Stability	0.65	instable
IN_667	100	33	35	32	0.33	0.35	0.32	down	0.35	Low Stability	Low Stability	0.65	instable
IN_668	100	35	30	35	0.35	0.3	0.35	tied	0.35	Low Stability	Low Stability	0.65	instable
IN_669	100	27	37	36	0.27	0.37	0.36	down	0.37	Low Stability	Low Stability	0.63	instable
IN_67	100	28	40	32	0.28	0.4	0.32	down	0.4	Low Stability	Low Stability	0.6	instable
IN_670	100	26	35	39	0.26	0.35	0.39	constant	0.39	Low Stability	Low Stability	0.61	instable
IN_671	100	29	29	42	0.29	0.29	0.42	constant	0.42	Low Stability	Low Stability	0.5800000000000001	instable
IN_672	100	39	28	33	0.39	0.28	0.33	up	0.39	Low Stability	Low Stability	0.61	instable
IN_673	100	33	31	36	0.33	0.31	0.36	constant	0.36	Low Stability	Low Stability	0.64	instable
IN_674	100	39	29	32	0.39	0.29	0.32	up	0.39	Low Stability	Low Stability	0.61	instable
IN_675	100	34	34	32	0.34	0.34	0.32	tied	0.34	Low Stability	Low Stability	0.6599999999999999	instable
IN_676	100	40	27	33	0.4	0.27	0.33	up	0.4	Low Stability	Low Stability	0.6	instable
IN_677	100	33	32	35	0.33	0.32	0.35	constant	0.35	Low Stability	Low Stability	0.65	instable
IN_678	100	37	29	34	0.37	0.29	0.34	up	0.37	Low Stability	Low Stability	0.63	instable
IN_679	100	39	30	31	0.39	0.3	0.31	up	0.39	Low Stability	Low Stability	0.61	instable
IN_68	100	42	25	33	0.42	0.25	0.33	up	0.42	Low Stability	Low Stability	0.5800000000000001	instable
IN_680	100	24	46	30	0.24	0.46	0.3	down	0.46	Low Stability	Low Stability	0.54	instable
IN_681	100	31	43	26	0.31	0.43	0.26	down	0.43	Low Stability	Low Stability	0.5700000000000001	instable
IN_682	100	30	40	30	0.3	0.4	0.3	down	0.4	Low Stability	Low Stability	0.6	instable
IN_683	100	45	28	27	0.45	0.28	0.27	up	0.45	Low Stability	Low Stability	0.55	instable
IN_684	100	31	28	41	0.31	0.28	0.41	constant	0.41	Low Stability	Low Stability	0.5900000000000001	instable
IN_685	100	29	39	32	0.29	0.39	0.32	down	0.39	Low Stability	Low Stability	0.61	instable
IN_686	100	34	36	30	0.34	0.36	0.3	down	0.36	Low Stability	Low Stability	0.64	instable
IN_687	100	31	25	44	0.31	0.25	0.44	constant	0.44	Low Stability	Low Stability	0.56	instable
IN_688	100	31	32	37	0.31	0.32	0.37	constant	0.37	Low Stability	Low Stability	0.63	instable
IN_689	100	27	41	32	0.27	0.41	0.32	down	0.41	Low Stability	Low Stability	0.5900000000000001	instable
IN_69	100	33	37	30	0.33	0.37	0.3	down	0.37	Low Stability	Low Stability	0.63	instable
IN_690	100	42	29	29	0.42	0.29	0.29	up	0.42	Low Stability	Low Stability	0.5800000000000001	instable
IN_691	100	37	34	29	0.37	0.34	0.29	up	0.37	Low Stability	Low Stability	0.63	instable
IN_692	100	35	42	23	0.35	0.42	0.23	down	0.42	Low Stability	Low Stability	0.5800000000000001	instable
IN_693	100	38	35	27	0.38	0.35	0.27	up	0.38	Low Stability	Low Stability	0.62	instable
IN_694	100	31	32	37	0.31	0.32	0.37	constant	0.37	Low Stability	Low Stability	0.63	instable
IN_695	100	35	28	37	0.35	0.28	0.37	constant	0.37	Low Stability	Low Stability	0.63	instable
IN_696	100	38	39	23	0.38	0.39	0.23	down	0.39	Low Stability	Low Stability	0.61	instable
IN_697	100	24	39	37	0.24	0.39	0.37	down	0.39	Low Stability	Low Stability	0.61	instable
IN_698	100	41	28	31	0.41	0.28	0.31	up	0.41	Low Stability	Low Stability	0.5900000000000001	instable
IN_699	100	36	33	31	0.36	0.33	0.31	up	0.36	Low Stability	Low Stability	0.64	instable
IN_7	100	33	48	19	0.33	0.48	0.19	down	0.48	Low Stability	Low Stability	0.52	instable
IN_70	100	34	25	41	0.34	0.25	0.41	constant	0.41	Low Stability	Low Stability	0.5900000000000001	instable
IN_700	100	30	29	41	0.3	0.29	0.41	constant	0.41	Low Stability	Low Stability	0.5900000000000001	instable
IN_701	100	32	38	30	0.32	0.38	0.3	down	0.38	Low Stability	Low Stability	0.62	instable
IN_702	100	30	39	31	0.3	0.39	0.31	down	0.39	Low Stability	Low Stability	0.61	instable
IN_703	100	34	29	37	0.34	0.29	0.37	constant	0.37	Low Stability	Low Stability	0.63	instable
IN_704	100	34	33	33	0.34	0.33	0.33	up	0.34	Low Stability	Low Stability	0.6599999999999999	instable
IN_705	100	37	32	31	0.37	0.32	0.31	up	0.37	Low Stability	Low Stability	0.63	instable
IN_706	100	34	31	35	0.34	0.31	0.35	constant	0.35	Low Stability	Low Stability	0.65	instable
IN_707	100	34	43	23	0.34	0.43	0.23	down	0.43	Low Stability	Low Stability	0.5700000000000001	instable
IN_708	100	33	38	29	0.33	0.38	0.29	down	0.38	Low Stability	Low Stability	0.62	instable
IN_709	100	36	37	27	0.36	0.37	0.27	down	0.37	Low Stability	Low Stability	0.63	instable
IN_71	100	33	38	29	0.33	0.38	0.29	down	0.38	Low Stability	Low Stability	0.62	instable
IN_710	100	30	30	40	0.3	0.3	0.4	constant	0.4	Low Stability	Low Stability	0.6	instable
IN_711	100	40	27	33	0.4	0.27	0.33	up	0.4	Low Stability	Low Stability	0.6	instable
IN_712	100	36	33	31	0.36	0.33	0.31	up	0.36	Low Stability	Low Stability	0.64	instable
IN_713	100	23	38	39	0.23	0.38	0.39	constant	0.39	Low Stability	Low Stability	0.61	instable
IN_714	100	39	26	35	0.39	0.26	0.35	up	0.39	Low Stability	Low Stability	0.61	instable
IN_715	100	33	40	27	0.33	0.4	0.27	down	0.4	Low Stability	Low Stability	0.6	instable
IN_716	100	31	38	31	0.31	0.38	0.31	down	0.38	Low Stability	Low Stability	0.62	instable
IN_717	100	29	33	38	0.29	0.33	0.38	constant	0.38	Low Stability	Low Stability	0.62	instable
IN_718	100	36	32	32	0.36	0.32	0.32	up	0.36	Low Stability	Low Stability	0.64	instable
IN_719	100	39	33	28	0.39	0.33	0.28	up	0.39	Low Stability	Low Stability	0.61	instable
IN_72	100	32	35	33	0.32	0.35	0.33	down	0.35	Low Stability	Low Stability	0.65	instable
IN_720	100	35	31	34	0.35	0.31	0.34	up	0.35	Low Stability	Low Stability	0.65	instable
IN_721	100	30	36	34	0.3	0.36	0.34	down	0.36	Low Stability	Low Stability	0.64	instable
IN_722	100	32	38	30	0.32	0.38	0.3	down	0.38	Low Stability	Low Stability	0.62	instable
IN_723	100	32	30	38	0.32	0.3	0.38	constant	0.38	Low Stability	Low Stability	0.62	instable
IN_724	100	40	30	30	0.4	0.3	0.3	up	0.4	Low Stability	Low Stability	0.6	instable
IN_725	100	35	32	33	0.35	0.32	0.33	up	0.35	Low Stability	Low Stability	0.65	instable
IN_726	100	33	37	30	0.33	0.37	0.3	down	0.37	Low Stability	Low Stability	0.63	instable
IN_727	100	31	33	36	0.31	0.33	0.36	constant	0.36	Low Stability	Low Stability	0.64	instable
IN_728	100	31	34	35	0.31	0.34	0.35	constant	0.35	Low Stability	Low Stability	0.65	instable
IN_729	100	37	32	31	0.37	0.32	0.31	up	0.37	Low Stability	Low Stability	0.63	instable
IN_73	100	37	28	35	0.37	0.28	0.35	up	0.37	Low Stability	Low Stability	0.63	instable
IN_730	100	24	40	36	0.24	0.4	0.36	down	0.4	Low Stability	Low Stability	0.6	instable
IN_731	100	38	35	27	0.38	0.35	0.27	up	0.38	Low Stability	Low Stability	0.62	instable
IN_732	100	32	32	36	0.32	0.32	0.36	constant	0.36	Low Stability	Low Stability	0.64	instable
IN_733	100	37	31	32	0.37	0.31	0.32	up	0.37	Low Stability	Low Stability	0.63	instable
IN_734	100	28	32	40	0.28	0.32	0.4	constant	0.4	Low Stability	Low Stability	0.6	instable
IN_735	100	27	44	29	0.27	0.44	0.29	down	0.44	Low Stability	Low Stability	0.56	instable
IN_736	100	26	40	34	0.26	0.4	0.34	down	0.4	Low Stability	Low Stability	0.6	instable
IN_737	100	31	38	31	0.31	0.38	0.31	down	0.38	Low Stability	Low Stability	0.62	instable
IN_738	100	38	26	36	0.38	0.26	0.36	up	0.38	Low Stability	Low Stability	0.62	instable
IN_739	100	35	34	31	0.35	0.34	0.31	up	0.35	Low Stability	Low Stability	0.65	instable
IN_74	100	47	29	24	0.47	0.29	0.24	up	0.47	Low Stability	Low Stability	0.53	instable
IN_740	100	30	37	33	0.3	0.37	0.33	down	0.37	Low Stability	Low Stability	0.63	instable
IN_741	100	42	22	36	0.42	0.22	0.36	up	0.42	Low Stability	Low Stability	0.5800000000000001	instable
IN_742	100	42	34	24	0.42	0.34	0.24	up	0.42	Low Stability	Low Stability	0.5800000000000001	instable
IN_743	100	30	28	42	0.3	0.28	0.42	constant	0.42	Low Stability	Low Stability	0.5800000000000001	instable
IN_744	100	41	26	33	0.41	0.26	0.33	up	0.41	Low Stability	Low Stability	0.5900000000000001	instable
IN_745	100	30	36	34	0.3	0.36	0.34	down	0.36	Low Stability	Low Stability	0.64	instable
IN_746	100	34	36	30	0.34	0.36	0.3	down	0.36	Low Stability	Low Stability	0.64	instable
IN_747	100	30	39	31	0.3	0.39	0.31	down	0.39	Low Stability	Low Stability	0.61	instable
IN_748	100	31	34	35	0.31	0.34	0.35	constant	0.35	Low Stability	Low Stability	0.65	instable
IN_749	100	36	34	30	0.36	0.34	0.3	up	0.36	Low Stability	Low Stability	0.64	instable
IN_75	100	40	26	34	0.4	0.26	0.34	up	0.4	Low Stability	Low Stability	0.6	instable
IN_750	100	34	30	36	0.34	0.3	0.36	constant	0.36	Low Stability	Low Stability	0.64	instable
IN_751	100	42	30	28	0.42	0.3	0.28	up	0.42	Low Stability	Low Stability	0.5800000000000001	instable
IN_752	100	35	25	40	0.35	0.25	0.4	constant	0.4	Low Stability	Low Stability	0.6	instable
IN_753	100	38	35	27	0.38	0.35	0.27	up	0.38	Low Stability	Low Stability	0.62	instable
IN_754	100	34	41	25	0.34	0.41	0.25	down	0.41	Low Stability	Low Stability	0.5900000000000001	instable
IN_755	100	33	31	36	0.33	0.31	0.36	constant	0.36	Low Stability	Low Stability	0.64	instable
IN_756	100	45	28	27	0.45	0.28	0.27	up	0.45	Low Stability	Low Stability	0.55	instable
IN_757	100	43	26	31	0.43	0.26	0.31	up	0.43	Low Stability	Low Stability	0.5700000000000001	instable
IN_758	100	36	30	34	0.36	0.3	0.34	up	0.36	Low Stability	Low Stability	0.64	instable
IN_759	100	29	45	26	0.29	0.45	0.26	down	0.45	Low Stability	Low Stability	0.55	instable
IN_76	100	29	36	35	0.29	0.36	0.35	down	0.36	Low Stability	Low Stability	0.64	instable
IN_760	100	25	43	32	0.25	0.43	0.32	down	0.43	Low Stability	Low Stability	0.5700000000000001	instable
IN_761	100	35	31	34	0.35	0.31	0.34	up	0.35	Low Stability	Low Stability	0.65	instable
IN_762	100	32	39	29	0.32	0.39	0.29	down	0.39	Low Stability	Low Stability	0.61	instable
IN_763	100	34	31	35	0.34	0.31	0.35	constant	0.35	Low Stability	Low Stability	0.65	instable
IN_764	100	21	41	38	0.21	0.41	0.38	down	0.41	Low Stability	Low Stability	0.5900000000000001	instable
IN_765	100	32	33	35	0.32	0.33	0.35	constant	0.35	Low Stability	Low Stability	0.65	instable
IN_766	100	31	33	36	0.31	0.33	0.36	constant	0.36	Low Stability	Low Stability	0.64	instable
IN_767	100	34	27	39	0.34	0.27	0.39	constant	0.39	Low Stability	Low Stability	0.61	instable
IN_768	100	33	31	36	0.33	0.31	0.36	constant	0.36	Low Stability	Low Stability	0.64	instable
IN_769	100	39	35	26	0.39	0.35	0.26	up	0.39	Low Stability	Low Stability	0.61	instable
IN_77	100	31	36	33	0.31	0.36	0.33	down	0.36	Low Stability	Low Stability	0.64	instable
IN_770	100	18	45	37	0.18	0.45	0.37	down	0.45	Low Stability	Low Stability	0.55	instable
IN_771	100	33	34	33	0.33	0.34	0.33	down	0.34	Low Stability	Low Stability	0.6599999999999999	instable
IN_772	100	38	37	25	0.38	0.37	0.25	up	0.38	Low Stability	Low Stability	0.62	instable
IN_773	100	27	44	29	0.27	0.44	0.29	down	0.44	Low Stability	Low Stability	0.56	instable
IN_774	100	35	31	34	0.35	0.31	0.34	up	0.35	Low Stability	Low Stability	0.65	instable
IN_775	100	26	44	30	0.26	0.44	0.3	down	0.44	Low Stability	Low Stability	0.56	instable
IN_776	100	35	33	32	0.35	0.33	0.32	up	0.35	Low Stability	Low Stability	0.65	instable
IN_777	100	33	33	34	0.33	0.33	0.34	constant	0.34	Low Stability	Low Stability	0.6599999999999999	instable
IN_778	100	38	33	29	0.38	0.33	0.29	up	0.38	Low Stability	Low Stability	0.62	instable
IN_779	100	40	34	26	0.4	0.34	0.26	up	0.4	Low Stability	Low Stability	0.6	instable
IN_78	100	28	33	39	0.28	0.33	0.39	constant	0.39	Low Stability	Low Stability	0.61	instable
IN_780	100	36	31	33	0.36	0.31	0.33	up	0.36	Low Stability	Low Stability	0.64	instable
IN_781	100	39	37	24	0.39	0.37	0.24	up	0.39	Low Stability	Low Stability	0.61	instable
IN_782	100	32	34	34	0.32	0.34	0.34	tied	0.34	Low Stability	Low Stability	0.6599999999999999	instable
IN_783	100	32	29	39	0.32	0.29	0.39	constant	0.39	Low Stability	Low Stability	0.61	instable
IN_784	100	34	39	27	0.34	0.39	0.27	down	0.39	Low Stability	Low Stability	0.61	instable
IN_785	100	28	33	39	0.28	0.33	0.39	constant	0.39	Low Stability	Low Stability	0.61	instable
IN_786	100	39	34	27	0.39	0.34	0.27	up	0.39	Low Stability	Low Stability	0.61	instable
IN_787	100	30	36	34	0.3	0.36	0.34	down	0.36	Low Stability	Low Stability	0.64	instable
IN_788	100	34	38	28	0.34	0.38	0.28	down	0.38	Low Stability	Low Stability	0.62	instable
IN_789	100	24	38	38	0.24	0.38	0.38	tied	0.38	Low Stability	Low Stability	0.62	instable
IN_79	100	37	24	39	0.37	0.24	0.39	constant	0.39	Low Stability	Low Stability	0.61	instable
IN_790	100	36	35	29	0.36	0.35	0.29	up	0.36	Low Stability	Low Stability	0.64	instable
IN_791	100	33	32	35	0.33	0.32	0.35	constant	0.35	Low Stability	Low Stability	0.65	instable
IN_792	100	35	30	35	0.35	0.3	0.35	tied	0.35	Low Stability	Low Stability	0.65	instable
IN_793	100	33	32	35	0.33	0.32	0.35	constant	0.35	Low Stability	Low Stability	0.65	instable
IN_794	100	27	40	33	0.27	0.4	0.33	down	0.4	Low Stability	Low Stability	0.6	instable
IN_795	100	38	34	28	0.38	0.34	0.28	up	0.38	Low Stability	Low Stability	0.62	instable
IN_796	100	33	27	40	0.33	0.27	0.4	constant	0.4	Low Stability	Low Stability	0.6	instable
IN_797	100	32	41	27	0.32	0.41	0.27	down	0.41	Low Stability	Low Stability	0.5900000000000001	instable
IN_798	100	32	36	32	0.32	0.36	0.32	down	0.36	Low Stability	Low Stability	0.64	instable
IN_799	100	30	37	33	0.3	0.37	0.33	down	0.37	Low Stability	Low Stability	0.63	instable
IN_8	100	35	30	35	0.35	0.3	0.35	tied	0.35	Low Stability	Low Stability	0.65	instable
IN_80	100	36	32	32	0.36	0.32	0.32	up	0.36	Low Stability	Low Stability	0.64	instable
IN_800	100	26	41	33	0.26	0.41	0.33	down	0.41	Low Stability	Low Stability	0.5900000000000001	instable
IN_801	100	34	27	39	0.34	0.27	0.39	constant	0.39	Low Stability	Low Stability	0.61	instable
IN_802	100	25	42	33	0.25	0.42	0.33	down	0.42	Low Stability	Low Stability	0.5800000000000001	instable
IN_803	100	26	40	34	0.26	0.4	0.34	down	0.4	Low Stability	Low Stability	0.6	instable
IN_804	100	29	30	41	0.29	0.3	0.41	constant	0.41	Low Stability	Low Stability	0.5900000000000001	instable
IN_805	100	32	30	38	0.32	0.3	0.38	constant	0.38	Low Stability	Low Stability	0.62	instable
IN_806	100	29	39	32	0.29	0.39	0.32	down	0.39	Low Stability	Low Stability	0.61	instable
IN_807	100	38	29	33	0.38	0.29	0.33	up	0.38	Low Stability	Low Stability	0.62	instable
IN_808	100	38	33	29	0.38	0.33	0.29	up	0.38	Low Stability	Low Stability	0.62	instable
IN_809	100	36	28	36	0.36	0.28	0.36	tied	0.36	Low Stability	Low Stability	0.64	instable
IN_81	100	35	31	34	0.35	0.31	0.34	up	0.35	Low Stability	Low Stability	0.65	instable
IN_810	100	34	37	29	0.34	0.37	0.29	down	0.37	Low Stability	Low Stability	0.63	instable
IN_811	100	38	34	28	0.38	0.34	0.28	up	0.38	Low Stability	Low Stability	0.62	instable
IN_812	100	41	25	34	0.41	0.25	0.34	up	0.41	Low Stability	Low Stability	0.5900000000000001	instable
IN_813	100	38	31	31	0.38	0.31	0.31	up	0.38	Low Stability	Low Stability	0.62	instable
IN_814	100	34	38	28	0.34	0.38	0.28	down	0.38	Low Stability	Low Stability	0.62	instable
IN_815	100	32	33	35	0.32	0.33	0.35	constant	0.35	Low Stability	Low Stability	0.65	instable
IN_816	100	30	35	35	0.3	0.35	0.35	tied	0.35	Low Stability	Low Stability	0.65	instable
IN_817	100	32	26	42	0.32	0.26	0.42	constant	0.42	Low Stability	Low Stability	0.5800000000000001	instable
IN_818	100	35	35	30	0.35	0.35	0.3	tied	0.35	Low Stability	Low Stability	0.65	instable
IN_819	100	25	35	40	0.25	0.35	0.4	constant	0.4	Low Stability	Low Stability	0.6	instable
IN_82	100	28	35	37	0.28	0.35	0.37	constant	0.37	Low Stability	Low Stability	0.63	instable
IN_820	100	38	24	38	0.38	0.24	0.38	tied	0.38	Low Stability	Low Stability	0.62	instable
IN_821	100	39	29	32	0.39	0.29	0.32	up	0.39	Low Stability	Low Stability	0.61	instable
IN_822	100	30	41	29	0.3	0.41	0.29	down	0.41	Low Stability	Low Stability	0.5900000000000001	instable
IN_823	100	33	33	34	0.33	0.33	0.34	constant	0.34	Low Stability	Low Stability	0.6599999999999999	instable
IN_824	100	28	39	33	0.28	0.39	0.33	down	0.39	Low Stability	Low Stability	0.61	instable
IN_825	100	24	34	42	0.24	0.34	0.42	constant	0.42	Low Stability	Low Stability	0.5800000000000001	instable
IN_826	100	37	25	38	0.37	0.25	0.38	constant	0.38	Low Stability	Low Stability	0.62	instable
IN_827	100	34	31	35	0.34	0.31	0.35	constant	0.35	Low Stability	Low Stability	0.65	instable
IN_828	100	40	34	26	0.4	0.34	0.26	up	0.4	Low Stability	Low Stability	0.6	instable
IN_829	100	37	35	28	0.37	0.35	0.28	up	0.37	Low Stability	Low Stability	0.63	instable
IN_83	100	33	37	30	0.33	0.37	0.3	down	0.37	Low Stability	Low Stability	0.63	instable
IN_830	100	41	29	30	0.41	0.29	0.3	up	0.41	Low Stability	Low Stability	0.5900000000000001	instable
IN_831	100	32	33	35	0.32	0.33	0.35	constant	0.35	Low Stability	Low Stability	0.65	instable
IN_832	100	39	29	32	0.39	0.29	0.32	up	0.39	Low Stability	Low Stability	0.61	instable
IN_833	100	28	39	33	0.28	0.39	0.33	down	0.39	Low Stability	Low Stability	0.61	instable
IN_834	100	25	42	33	0.25	0.42	0.33	down	0.42	Low Stability	Low Stability	0.5800000000000001	instable
IN_835	100	40	31	29	0.4	0.31	0.29	up	0.4	Low Stability	Low Stability	0.6	instable
IN_836	100	32	27	41	0.32	0.27	0.41	constant	0.41	Low Stability	Low Stability	0.5900000000000001	instable
IN_837	100	28	37	35	0.28	0.37	0.35	down	0.37	Low Stability	Low Stability	0.63	instable
IN_838	100	31	39	30	0.31	0.39	0.3	down	0.39	Low Stability	Low Stability	0.61	instable
IN_839	100	25	40	35	0.25	0.4	0.35	down	0.4	Low Stability	Low Stability	0.6	instable
IN_84	100	35	36	29	0.35	0.36	0.29	down	0.36	Low Stability	Low Stability	0.64	instable
IN_840	100	36	31	33	0.36	0.31	0.33	up	0.36	Low Stability	Low Stability	0.64	instable
IN_841	100	33	30	37	0.33	0.3	0.37	constant	0.37	Low Stability	Low Stability	0.63	instable
IN_842	100	28	33	39	0.28	0.33	0.39	constant	0.39	Low Stability	Low Stability	0.61	instable
IN_843	100	25	36	39	0.25	0.36	0.39	constant	0.39	Low Stability	Low Stability	0.61	instable
IN_844	100	37	28	35	0.37	0.28	0.35	up	0.37	Low Stability	Low Stability	0.63	instable
IN_845	100	36	25	39	0.36	0.25	0.39	constant	0.39	Low Stability	Low Stability	0.61	instable
IN_846	100	35	26	39	0.35	0.26	0.39	constant	0.39	Low Stability	Low Stability	0.61	instable
IN_847	100	38	33	29	0.38	0.33	0.29	up	0.38	Low Stability	Low Stability	0.62	instable
IN_848	100	30	39	31	0.3	0.39	0.31	down	0.39	Low Stability	Low Stability	0.61	instable
IN_849	100	30	34	36	0.3	0.34	0.36	constant	0.36	Low Stability	Low Stability	0.64	instable
IN_85	100	38	34	28	0.38	0.34	0.28	up	0.38	Low Stability	Low Stability	0.62	instable
IN_850	100	39	33	28	0.39	0.33	0.28	up	0.39	Low Stability	Low Stability	0.61	instable
IN_851	100	37	30	33	0.37	0.3	0.33	up	0.37	Low Stability	Low Stability	0.63	instable
IN_852	100	34	34	32	0.34	0.34	0.32	tied	0.34	Low Stability	Low Stability	0.6599999999999999	instable
IN_853	100	39	30	31	0.39	0.3	0.31	up	0.39	Low Stability	Low Stability	0.61	instable
IN_854	100	33	30	37	0.33	0.3	0.37	constant	0.37	Low Stability	Low Stability	0.63	instable
IN_855	100	32	36	32	0.32	0.36	0.32	down	0.36	Low Stability	Low Stability	0.64	instable
IN_856	100	33	39	28	0.33	0.39	0.28	down	0.39	Low Stability	Low Stability	0.61	instable
IN_857	100	34	27	39	0.34	0.27	0.39	constant	0.39	Low Stability	Low Stability	0.61	instable
IN_858	100	29	32	39	0.29	0.32	0.39	constant	0.39	Low Stability	Low Stability	0.61	instable
IN_859	100	32	34	34	0.32	0.34	0.34	tied	0.34	Low Stability	Low Stability	0.6599999999999999	instable
IN_86	100	42	28	30	0.42	0.28	0.3	up	0.42	Low Stability	Low Stability	0.5800000000000001	instable
IN_860	100	39	27	34	0.39	0.27	0.34	up	0.39	Low Stability	Low Stability	0.61	instable
IN_861	100	31	32	37	0.31	0.32	0.37	constant	0.37	Low Stability	Low Stability	0.63	instable
IN_862	100	27	34	39	0.27	0.34	0.39	constant	0.39	Low Stability	Low Stability	0.61	instable
IN_863	100	28	39	33	0.28	0.39	0.33	down	0.39	Low Stability	Low Stability	0.61	instable
IN_864	100	31	32	37	0.31	0.32	0.37	constant	0.37	Low Stability	Low Stability	0.63	instable
IN_865	100	36	37	27	0.36	0.37	0.27	down	0.37	Low Stability	Low Stability	0.63	instable
IN_866	100	31	34	35	0.31	0.34	0.35	constant	0.35	Low Stability	Low Stability	0.65	instable
IN_867	100	37	39	24	0.37	0.39	0.24	down	0.39	Low Stability	Low Stability	0.61	instable
IN_868	100	30	38	32	0.3	0.38	0.32	down	0.38	Low Stability	Low Stability	0.62	instable
IN_869	100	30	38	32	0.3	0.38	0.32	down	0.38	Low Stability	Low Stability	0.62	instable
IN_87	100	33	36	31	0.33	0.36	0.31	down	0.36	Low Stability	Low Stability	0.64	instable
IN_870	100	29	37	34	0.29	0.37	0.34	down	0.37	Low Stability	Low Stability	0.63	instable
IN_871	100	32	32	36	0.32	0.32	0.36	constant	0.36	Low Stability	Low Stability	0.64	instable
IN_872	100	30	41	29	0.3	0.41	0.29	down	0.41	Low Stability	Low Stability	0.5900000000000001	instable
IN_873	100	20	36	44	0.2	0.36	0.44	constant	0.44	Low Stability	Low Stability	0.56	instable
IN_874	100	39	23	38	0.39	0.23	0.38	up	0.39	Low Stability	Low Stability	0.61	instable
IN_875	100	32	36	32	0.32	0.36	0.32	down	0.36	Low Stability	Low Stability	0.64	instable
IN_876	100	26	42	32	0.26	0.42	0.32	down	0.42	Low Stability	Low Stability	0.5800000000000001	instable
IN_877	100	38	30	32	0.38	0.3	0.32	up	0.38	Low Stability	Low Stability	0.62	instable
IN_878	100	33	36	31	0.33	0.36	0.31	down	0.36	Low Stability	Low Stability	0.64	instable
IN_879	100	35	29	36	0.35	0.29	0.36	constant	0.36	Low Stability	Low Stability	0.64	instable
IN_88	100	32	32	36	0.32	0.32	0.36	constant	0.36	Low Stability	Low Stability	0.64	instable
IN_880	100	29	35	36	0.29	0.35	0.36	constant	0.36	Low Stability	Low Stability	0.64	instable
IN_881	100	37	32	31	0.37	0.32	0.31	up	0.37	Low Stability	Low Stability	0.63	instable
IN_882	100	35	37	28	0.35	0.37	0.28	down	0.37	Low Stability	Low Stability	0.63	instable
IN_883	100	40	31	29	0.4	0.31	0.29	up	0.4	Low Stability	Low Stability	0.6	instable
IN_884	100	38	30	32	0.38	0.3	0.32	up	0.38	Low Stability	Low Stability	0.62	instable
IN_885	100	26	40	34	0.26	0.4	0.34	down	0.4	Low Stability	Low Stability	0.6	instable
IN_886	100	40	30	30	0.4	0.3	0.3	up	0.4	Low Stability	Low Stability	0.6	instable
IN_887	100	32	32	36	0.32	0.32	0.36	constant	0.36	Low Stability	Low Stability	0.64	instable
IN_888	100	30	39	31	0.3	0.39	0.31	down	0.39	Low Stability	Low Stability	0.61	instable
IN_889	100	39	35	26	0.39	0.35	0.26	up	0.39	Low Stability	Low Stability	0.61	instable
IN_89	100	27	35	38	0.27	0.35	0.38	constant	0.38	Low Stability	Low Stability	0.62	instable
IN_890	100	32	35	33	0.32	0.35	0.33	down	0.35	Low Stability	Low Stability	0.65	instable
IN_891	100	39	30	31	0.39	0.3	0.31	up	0.39	Low Stability	Low Stability	0.61	instable
IN_892	100	34	39	27	0.34	0.39	0.27	down	0.39	Low Stability	Low Stability	0.61	instable
IN_893	100	25	39	36	0.25	0.39	0.36	down	0.39	Low Stability	Low Stability	0.61	instable
IN_894	100	31	34	35	0.31	0.34	0.35	constant	0.35	Low Stability	Low Stability	0.65	instable
IN_895	100	27	28	45	0.27	0.28	0.45	constant	0.45	Low Stability	Low Stability	0.55	instable
IN_896	100	35	37	28	0.35	0.37	0.28	down	0.37	Low Stability	Low Stability	0.63	instable
IN_897	100	36	25	39	0.36	0.25	0.39	constant	0.39	Low Stability	Low Stability	0.61	instable
IN_898	100	33	32	35	0.33	0.32	0.35	constant	0.35	Low Stability	Low Stability	0.65	instable
IN_899	100	36	36	28	0.36	0.36	0.28	tied	0.36	Low Stability	Low Stability	0.64	instable
IN_9	100	33	31	36	0.33	0.31	0.36	constant	0.36	Low Stability	Low Stability	0.64	instable
IN_90	100	41	23	36	0.41	0.23	0.36	up	0.41	Low Stability	Low Stability	0.5900000000000001	instable
IN_900	100	41	25	34	0.41	0.25	0.34	up	0.41	Low Stability	Low Stability	0.5900000000000001	instable
IN_901	100	32	42	26	0.32	0.42	0.26	down	0.42	Low Stability	Low Stability	0.5800000000000001	instable
IN_902	100	44	25	31	0.44	0.25	0.31	up	0.44	Low Stability	Low Stability	0.56	instable
IN_903	100	35	30	35	0.35	0.3	0.35	tied	0.35	Low Stability	Low Stability	0.65	instable
IN_904	100	34	43	23	0.34	0.43	0.23	down	0.43	Low Stability	Low Stability	0.5700000000000001	instable
IN_905	100	33	40	27	0.33	0.4	0.27	down	0.4	Low Stability	Low Stability	0.6	instable
IN_906	100	40	26	34	0.4	0.26	0.34	up	0.4	Low Stability	Low Stability	0.6	instable
IN_907	100	37	26	37	0.37	0.26	0.37	tied	0.37	Low Stability	Low Stability	0.63	instable
IN_908	100	31	40	29	0.31	0.4	0.29	down	0.4	Low Stability	Low Stability	0.6	instable
IN_909	100	36	32	32	0.36	0.32	0.32	up	0.36	Low Stability	Low Stability	0.64	instable
IN_91	100	37	30	33	0.37	0.3	0.33	up	0.37	Low Stability	Low Stability	0.63	instable
IN_910	100	31	39	30	0.31	0.39	0.3	down	0.39	Low Stability	Low Stability	0.61	instable
IN_911	100	37	37	26	0.37	0.37	0.26	tied	0.37	Low Stability	Low Stability	0.63	instable
IN_912	100	31	36	33	0.31	0.36	0.33	down	0.36	Low Stability	Low Stability	0.64	instable
IN_913	100	23	37	40	0.23	0.37	0.4	constant	0.4	Low Stability	Low Stability	0.6	instable
IN_914	100	31	37	32	0.31	0.37	0.32	down	0.37	Low Stability	Low Stability	0.63	instable
IN_915	100	25	37	38	0.25	0.37	0.38	constant	0.38	Low Stability	Low Stability	0.62	instable
IN_916	100	26	37	37	0.26	0.37	0.37	tied	0.37	Low Stability	Low Stability	0.63	instable
IN_917	100	34	35	31	0.34	0.35	0.31	down	0.35	Low Stability	Low Stability	0.65	instable
IN_918	100	28	28	44	0.28	0.28	0.44	constant	0.44	Low Stability	Low Stability	0.56	instable
IN_919	100	25	35	40	0.25	0.35	0.4	constant	0.4	Low Stability	Low Stability	0.6	instable
IN_92	100	32	33	35	0.32	0.33	0.35	constant	0.35	Low Stability	Low Stability	0.65	instable
IN_920	100	35	40	25	0.35	0.4	0.25	down	0.4	Low Stability	Low Stability	0.6	instable
IN_921	100	44	23	33	0.44	0.23	0.33	up	0.44	Low Stability	Low Stability	0.56	instable
IN_922	100	30	34	36	0.3	0.34	0.36	constant	0.36	Low Stability	Low Stability	0.64	instable
IN_923	100	26	38	36	0.26	0.38	0.36	down	0.38	Low Stability	Low Stability	0.62	instable
IN_924	100	36	33	31	0.36	0.33	0.31	up	0.36	Low Stability	Low Stability	0.64	instable
IN_925	100	27	33	40	0.27	0.33	0.4	constant	0.4	Low Stability	Low Stability	0.6	instable
IN_926	100	37	29	34	0.37	0.29	0.34	up	0.37	Low Stability	Low Stability	0.63	instable
IN_927	100	29	31	40	0.29	0.31	0.4	constant	0.4	Low Stability	Low Stability	0.6	instable
IN_928	100	26	40	34	0.26	0.4	0.34	down	0.4	Low Stability	Low Stability	0.6	instable
IN_929	100	29	42	29	0.29	0.42	0.29	down	0.42	Low Stability	Low Stability	0.5800000000000001	instable
IN_93	100	30	38	32	0.3	0.38	0.32	down	0.38	Low Stability	Low Stability	0.62	instable
IN_930	100	35	32	33	0.35	0.32	0.33	up	0.35	Low Stability	Low Stability	0.65	instable
IN_931	100	27	35	38	0.27	0.35	0.38	constant	0.38	Low Stability	Low Stability	0.62	instable
IN_932	100	31	32	37	0.31	0.32	0.37	constant	0.37	Low Stability	Low Stability	0.63	instable
IN_933	100	34	30	36	0.34	0.3	0.36	constant	0.36	Low Stability	Low Stability	0.64	instable
IN_934	100	27	41	32	0.27	0.41	0.32	down	0.41	Low Stability	Low Stability	0.5900000000000001	instable
IN_935	100	34	30	36	0.34	0.3	0.36	constant	0.36	Low Stability	Low Stability	0.64	instable
IN_936	100	26	41	33	0.26	0.41	0.33	down	0.41	Low Stability	Low Stability	0.5900000000000001	instable
IN_937	100	30	36	34	0.3	0.36	0.34	down	0.36	Low Stability	Low Stability	0.64	instable
IN_938	100	30	33	37	0.3	0.33	0.37	constant	0.37	Low Stability	Low Stability	0.63	instable
IN_939	100	31	36	33	0.31	0.36	0.33	down	0.36	Low Stability	Low Stability	0.64	instable
IN_94	100	27	44	29	0.27	0.44	0.29	down	0.44	Low Stability	Low Stability	0.56	instable
IN_940	100	44	31	25	0.44	0.31	0.25	up	0.44	Low Stability	Low Stability	0.56	instable
IN_941	100	34	25	41	0.34	0.25	0.41	constant	0.41	Low Stability	Low Stability	0.5900000000000001	instable
IN_942	100	27	33	40	0.27	0.33	0.4	constant	0.4	Low Stability	Low Stability	0.6	instable
IN_943	100	34	33	33	0.34	0.33	0.33	up	0.34	Low Stability	Low Stability	0.6599999999999999	instable
IN_944	100	37	27	36	0.37	0.27	0.36	up	0.37	Low Stability	Low Stability	0.63	instable
IN_945	100	39	32	29	0.39	0.32	0.29	up	0.39	Low Stability	Low Stability	0.61	instable
IN_946	100	32	44	24	0.32	0.44	0.24	down	0.44	Low Stability	Low Stability	0.56	instable
IN_947	100	39	29	32	0.39	0.29	0.32	up	0.39	Low Stability	Low Stability	0.61	instable
IN_948	100	35	31	34	0.35	0.31	0.34	up	0.35	Low Stability	Low Stability	0.65	instable
IN_949	100	30	39	31	0.3	0.39	0.31	down	0.39	Low Stability	Low Stability	0.61	instable
IN_95	100	36	33	31	0.36	0.33	0.31	up	0.36	Low Stability	Low Stability	0.64	instable
IN_950	100	32	37	31	0.32	0.37	0.31	down	0.37	Low Stability	Low Stability	0.63	instable
IN_951	100	34	33	33	0.34	0.33	0.33	up	0.34	Low Stability	Low Stability	0.6599999999999999	instable
IN_952	100	28	38	34	0.28	0.38	0.34	down	0.38	Low Stability	Low Stability	0.62	instable
IN_953	100	30	36	34	0.3	0.36	0.34	down	0.36	Low Stability	Low Stability	0.64	instable
IN_954	100	31	29	40	0.31	0.29	0.4	constant	0.4	Low Stability	Low Stability	0.6	instable
IN_955	100	40	35	25	0.4	0.35	0.25	up	0.4	Low Stability	Low Stability	0.6	instable
IN_956	100	31	39	30	0.31	0.39	0.3	down	0.39	Low Stability	Low Stability	0.61	instable
IN_957	100	35	26	39	0.35	0.26	0.39	constant	0.39	Low Stability	Low Stability	0.61	instable
IN_958	100	38	30	32	0.38	0.3	0.32	up	0.38	Low Stability	Low Stability	0.62	instable
IN_959	100	31	33	36	0.31	0.33	0.36	constant	0.36	Low Stability	Low Stability	0.64	instable
IN_96	100	40	34	26	0.4	0.34	0.26	up	0.4	Low Stability	Low Stability	0.6	instable
IN_960	100	28	31	41	0.28	0.31	0.41	constant	0.41	Low Stability	Low Stability	0.5900000000000001	instable
IN_961	100	31	30	39	0.31	0.3	0.39	constant	0.39	Low Stability	Low Stability	0.61	instable
IN_962	100	36	29	35	0.36	0.29	0.35	up	0.36	Low Stability	Low Stability	0.64	instable
IN_963	100	35	33	32	0.35	0.33	0.32	up	0.35	Low Stability	Low Stability	0.65	instable
IN_964	100	29	37	34	0.29	0.37	0.34	down	0.37	Low Stability	Low Stability	0.63	instable
IN_965	100	39	33	28	0.39	0.33	0.28	up	0.39	Low Stability	Low Stability	0.61	instable
IN_966	100	38	30	32	0.38	0.3	0.32	up	0.38	Low Stability	Low Stability	0.62	instable
IN_967	100	25	43	32	0.25	0.43	0.32	down	0.43	Low Stability	Low Stability	0.5700000000000001	instable
IN_968	100	38	23	39	0.38	0.23	0.39	constant	0.39	Low Stability	Low Stability	0.61	instable
IN_969	100	31	41	28	0.31	0.41	0.28	down	0.41	Low Stability	Low Stability	0.5900000000000001	instable
IN_97	100	29	26	45	0.29	0.26	0.45	constant	0.45	Low Stability	Low Stability	0.55	instable
IN_970	100	27	33	40	0.27	0.33	0.4	constant	0.4	Low Stability	Low Stability	0.6	instable
IN_971	100	25	44	31	0.25	0.44	0.31	down	0.44	Low Stability	Low Stability	0.56	instable
IN_972	100	31	37	32	0.31	0.37	0.32	down	0.37	Low Stability	Low Stability	0.63	instable
IN_973	100	41	31	28	0.41	0.31	0.28	up	0.41	Low Stability	Low Stability	0.5900000000000001	instable
IN_974	100	24	34	42	0.24	0.34	0.42	constant	0.42	Low Stability	Low Stability	0.5800000000000001	instable
IN_975	100	38	34	28	0.38	0.34	0.28	up	0.38	Low Stability	Low Stability	0.62	instable
IN_976	100	37	43	20	0.37	0.43	0.2	down	0.43	Low Stability	Low Stability	0.5700000000000001	instable
IN_977	100	22	39	39	0.22	0.39	0.39	tied	0.39	Low Stability	Low Stability	0.61	instable
IN_978	100	30	33	37	0.3	0.33	0.37	constant	0.37	Low Stability	Low Stability	0.63	instable
IN_979	100	35	36	29	0.35	0.36	0.29	down	0.36	Low Stability	Low Stability	0.64	instable
IN_98	100	42	23	35	0.42	0.23	0.35	up	0.42	Low Stability	Low Stability	0.5800000000000001	instable
IN_980	100	39	28	33	0.39	0.28	0.33	up	0.39	Low Stability	Low Stability	0.61	instable
IN_981	100	32	32	36	0.32	0.32	0.36	constant	0.36	Low Stability	Low Stability	0.64	instable
IN_982	100	38	35	27	0.38	0.35	0.27	up	0.38	Low Stability	Low Stability	0.62	instable
IN_983	100	31	39	30	0.31	0.39	0.3	down	0.39	Low Stability	Low Stability	0.61	instable
IN_984	100	33	33	34	0.33	0.33	0.34	constant	0.34	Low Stability	Low Stability	0.6599999999999999	instable
IN_985	100	42	34	24	0.42	0.34	0.24	up	0.42	Low Stability	Low Stability	0.5800000000000001	instable
IN_986	100	30	35	35	0.3	0.35	0.35	tied	0.35	Low Stability	Low Stability	0.65	instable
IN_987	100	32	31	37	0.32	0.31	0.37	constant	0.37	Low Stability	Low Stability	0.63	instable
IN_988	100	33	25	42	0.33	0.25	0.42	constant	0.42	Low Stability	Low Stability	0.5800000000000001	instable
IN_989	100	26	28	46	0.26	0.28	0.46	constant	0.46	Low Stability	Low Stability	0.54	instable
IN_99	100	38	28	34	0.38	0.28	0.34	up	0.38	Low Stability	Low Stability	0.62	instable
IN_990	100	38	28	34	0.38	0.28	0.34	up	0.38	Low Stability	Low Stability	0.62	instable
IN_991	100	30	36	34	0.3	0.36	0.34	down	0.36	Low Stability	Low Stability	0.64	instable
IN_992	100	31	38	31	0.31	0.38	0.31	down	0.38	Low Stability	Low Stability	0.62	instable
IN_993	100	38	29	33	0.38	0.29	0.33	up	0.38	Low Stability	Low Stability	0.62	instable
IN_994	100	38	38	24	0.38	0.38	0.24	tied	0.38	Low Stability	Low Stability	0.62	instable
IN_995	100	38	36	26	0.38	0.36	0.26	up	0.38	Low Stability	Low Stability	0.62	instable
IN_996	100	34	39	27	0.34	0.39	0.27	down	0.39	Low Stability	Low Stability	0.61	instable
IN_997	100	32	34	34	0.32	0.34	0.34	tied	0.34	Low Stability	Low Stability	0.6599999999999999	instable
IN_998	100	34	31	35	0.34	0.31	0.35	constant	0.35	Low Stability	Low Stability	0.65	instable
IN_999	100	31	38	31	0.31	0.38	0.31	down	0.38	Low Stability	Low Stability	0.62	instable
SC_1	100	0	0	100	0	0	1	constant	1	Highly Stable	Highly Stable Constant	0	stable_constant
SC_10	100	0	0	100	0	0	1	constant	1	Highly Stable	Highly Stable Constant	0	stable_constant
SC_100	100	0	0	100	0	0	1	constant	1	Highly Stable	Highly Stable Constant	0	stable_constant
SC_1000	100	0	0	100	0	0	1	constant	1	Highly Stable	Highly Stable Constant	0	stable_constant
SC_101	100	0	0	100	0	0	1	constant	1	Highly Stable	Highly Stable Constant	0	stable_constant
SC_102	100	0	0	100	0	0	1	constant	1	Highly Stable	Highly Stable Constant	0	stable_constant
SC_103	100	0	0	100	0	0	1	constant	1	Highly Stable	Highly Stable Constant	0	stable_constant
SC_104	100	0	0	100	0	0	1	constant	1	Highly Stable	Highly Stable Constant	0	stable_constant
SC_105	100	0	0	100	0	0	1	constant	1	Highly Stable	Highly Stable Constant	0	stable_constant
SC_106	100	0	0	100	0	0	1	constant	1	Highly Stable	Highly Stable Constant	0	stable_constant
SC_107	100	0	0	100	0	0	1	constant	1	Highly Stable	Highly Stable Constant	0	stable_constant
SC_108	100	0	0	100	0	0	1	constant	1	Highly Stable	Highly Stable Constant	0	stable_constant
SC_109	100	0	0	100	0	0	1	constant	1	Highly Stable	Highly Stable Constant	0	stable_constant
SC_11	100	0	0	100	0	0	1	constant	1	Highly Stable	Highly Stable Constant	0	stable_constant
SC_110	100	0	0	100	0	0	1	constant	1	Highly Stable	Highly Stable Constant	0	stable_constant
SC_111	100	0	0	100	0	0	1	constant	1	Highly Stable	Highly Stable Constant	0	stable_constant
SC_112	100	0	0	100	0	0	1	constant	1	Highly Stable	Highly Stable Constant	0	stable_constant
SC_113	100	0	0	100	0	0	1	constant	1	Highly Stable	Highly Stable Constant	0	stable_constant
SC_114	100	0	0	100	0	0	1	constant	1	Highly Stable	Highly Stable Constant	0	stable_constant
SC_115	100	0	0	100	0	0	1	constant	1	Highly Stable	Highly Stable Constant	0	stable_constant
SC_116	100	0	0	100	0	0	1	constant	1	Highly Stable	Highly Stable Constant	0	stable_constant
SC_117	100	0	0	100	0	0	1	constant	1	Highly Stable	Highly Stable Constant	0	stable_constant
SC_118	100	0	0	100	0	0	1	constant	1	Highly Stable	Highly Stable Constant	0	stable_constant
SC_119	100	1	0	99	0.01	0	0.99	constant	0.99	Highly Stable	Highly Stable Constant	0.010000000000000009	stable_constant
SC_12	100	0	0	100	0	0	1	constant	1	Highly Stable	Highly Stable Constant	0	stable_constant
SC_120	100	0	0	100	0	0	1	constant	1	Highly Stable	Highly Stable Constant	0	stable_constant
SC_121	100	0	0	100	0	0	1	constant	1	Highly Stable	Highly Stable Constant	0	stable_constant
SC_122	100	0	0	100	0	0	1	constant	1	Highly Stable	Highly Stable Constant	0	stable_constant
SC_123	100	0	0	100	0	0	1	constant	1	Highly Stable	Highly Stable Constant	0	stable_constant
SC_124	100	0	0	100	0	0	1	constant	1	Highly Stable	Highly Stable Constant	0	stable_constant
SC_125	100	0	0	100	0	0	1	constant	1	Highly Stable	Highly Stable Constant	0	stable_constant
SC_126	100	0	0	100	0	0	1	constant	1	Highly Stable	Highly Stable Constant	0	stable_constant
SC_127	100	0	0	100	0	0	1	constant	1	Highly Stable	Highly Stable Constant	0	stable_constant
SC_128	100	0	0	100	0	0	1	constant	1	Highly Stable	Highly Stable Constant	0	stable_constant
SC_129	100	0	0	100	0	0	1	constant	1	Highly Stable	Highly Stable Constant	0	stable_constant
SC_13	100	0	0	100	0	0	1	constant	1	Highly Stable	Highly Stable Constant	0	stable_constant
SC_130	100	0	0	100	0	0	1	constant	1	Highly Stable	Highly Stable Constant	0	stable_constant
SC_131	100	0	0	100	0	0	1	constant	1	Highly Stable	Highly Stable Constant	0	stable_constant
SC_132	100	0	0	100	0	0	1	constant	1	Highly Stable	Highly Stable Constant	0	stable_constant
SC_133	100	0	0	100	0	0	1	constant	1	Highly Stable	Highly Stable Constant	0	stable_constant
SC_134	100	0	0	100	0	0	1	constant	1	Highly Stable	Highly Stable Constant	0	stable_constant
SC_135	100	0	0	100	0	0	1	constant	1	Highly Stable	Highly Stable Constant	0	stable_constant
SC_136	100	1	0	99	0.01	0	0.99	constant	0.99	Highly Stable	Highly Stable Constant	0.010000000000000009	stable_constant
SC_137	100	0	0	100	0	0	1	constant	1	Highly Stable	Highly Stable Constant	0	stable_constant
SC_138	100	0	0	100	0	0	1	constant	1	Highly Stable	Highly Stable Constant	0	stable_constant
SC_139	100	0	0	100	0	0	1	constant	1	Highly Stable	Highly Stable Constant	0	stable_constant
SC_14	100	0	0	100	0	0	1	constant	1	Highly Stable	Highly Stable Constant	0	stable_constant
SC_140	100	0	0	100	0	0	1	constant	1	Highly Stable	Highly Stable Constant	0	stable_constant
SC_141	100	0	0	100	0	0	1	constant	1	Highly Stable	Highly Stable Constant	0	stable_constant
SC_142	100	0	0	100	0	0	1	constant	1	Highly Stable	Highly Stable Constant	0	stable_constant
SC_143	100	0	0	100	0	0	1	constant	1	Highly Stable	Highly Stable Constant	0	stable_constant
SC_144	100	0	0	100	0	0	1	constant	1	Highly Stable	Highly Stable Constant	0	stable_constant
SC_145	100	0	0	100	0	0	1	constant	1	Highly Stable	Highly Stable Constant	0	stable_constant
SC_146	100	0	0	100	0	0	1	constant	1	Highly Stable	Highly Stable Constant	0	stable_constant
SC_147	100	0	0	100	0	0	1	constant	1	Highly Stable	Highly Stable Constant	0	stable_constant
SC_148	100	0	0	100	0	0	1	constant	1	Highly Stable	Highly Stable Constant	0	stable_constant
SC_149	100	0	0	100	0	0	1	constant	1	Highly Stable	Highly Stable Constant	0	stable_constant
SC_15	100	0	0	100	0	0	1	constant	1	Highly Stable	Highly Stable Constant	0	stable_constant
SC_150	100	0	0	100	0	0	1	constant	1	Highly Stable	Highly Stable Constant	0	stable_constant
SC_151	100	0	0	100	0	0	1	constant	1	Highly Stable	Highly Stable Constant	0	stable_constant
SC_152	100	0	0	100	0	0	1	constant	1	Highly Stable	Highly Stable Constant	0	stable_constant
SC_153	100	0	0	100	0	0	1	constant	1	Highly Stable	Highly Stable Constant	0	stable_constant
SC_154	100	0	0	100	0	0	1	constant	1	Highly Stable	Highly Stable Constant	0	stable_constant
SC_155	100	0	0	100	0	0	1	constant	1	Highly Stable	Highly Stable Constant	0	stable_constant
SC_156	100	0	0	100	0	0	1	constant	1	Highly Stable	Highly Stable Constant	0	stable_constant
SC_157	100	0	1	99	0	0.01	0.99	constant	0.99	Highly Stable	Highly Stable Constant	0.010000000000000009	stable_constant
SC_158	100	0	0	100	0	0	1	constant	1	Highly Stable	Highly Stable Constant	0	stable_constant
SC_159	100	0	0	100	0	0	1	constant	1	Highly Stable	Highly Stable Constant	0	stable_constant
SC_16	100	0	1	99	0	0.01	0.99	constant	0.99	Highly Stable	Highly Stable Constant	0.010000000000000009	stable_constant
SC_160	100	0	0	100	0	0	1	constant	1	Highly Stable	Highly Stable Constant	0	stable_constant
SC_161	100	0	0	100	0	0	1	constant	1	Highly Stable	Highly Stable Constant	0	stable_constant
SC_162	100	1	0	99	0.01	0	0.99	constant	0.99	Highly Stable	Highly Stable Constant	0.010000000000000009	stable_constant
SC_163	100	0	0	100	0	0	1	constant	1	Highly Stable	Highly Stable Constant	0	stable_constant
SC_164	100	0	0	100	0	0	1	constant	1	Highly Stable	Highly Stable Constant	0	stable_constant
SC_165	100	0	0	100	0	0	1	constant	1	Highly Stable	Highly Stable Constant	0	stable_constant
SC_166	100	0	0	100	0	0	1	constant	1	Highly Stable	Highly Stable Constant	0	stable_constant
SC_167	100	0	0	100	0	0	1	constant	1	Highly Stable	Highly Stable Constant	0	stable_constant
SC_168	100	1	0	99	0.01	0	0.99	constant	0.99	Highly Stable	Highly Stable Constant	0.010000000000000009	stable_constant
SC_169	100	0	0	100	0	0	1	constant	1	Highly Stable	Highly Stable Constant	0	stable_constant
SC_17	100	0	0	100	0	0	1	constant	1	Highly Stable	Highly Stable Constant	0	stable_constant
SC_170	100	0	0	100	0	0	1	constant	1	Highly Stable	Highly Stable Constant	0	stable_constant
SC_171	100	1	0	99	0.01	0	0.99	constant	0.99	Highly Stable	Highly Stable Constant	0.010000000000000009	stable_constant
SC_172	100	0	0	100	0	0	1	constant	1	Highly Stable	Highly Stable Constant	0	stable_constant
SC_173	100	0	0	100	0	0	1	constant	1	Highly Stable	Highly Stable Constant	0	stable_constant
SC_174	100	0	0	100	0	0	1	constant	1	Highly Stable	Highly Stable Constant	0	stable_constant
SC_175	100	0	0	100	0	0	1	constant	1	Highly Stable	Highly Stable Constant	0	stable_constant
SC_176	100	0	1	99	0	0.01	0.99	constant	0.99	Highly Stable	Highly Stable Constant	0.010000000000000009	stable_constant
SC_177	100	0	0	100	0	0	1	constant	1	Highly Stable	Highly Stable Constant	0	stable_constant
SC_178	100	0	0	100	0	0	1	constant	1	Highly Stable	Highly Stable Constant	0	stable_constant
SC_179	100	0	0	100	0	0	1	constant	1	Highly Stable	Highly Stable Constant	0	stable_constant
SC_18	100	0	0	100	0	0	1	constant	1	Highly Stable	Highly Stable Constant	0	stable_constant
SC_180	100	0	1	99	0	0.01	0.99	constant	0.99	Highly Stable	Highly Stable Constant	0.010000000000000009	stable_constant
SC_181	100	0	0	100	0	0	1	constant	1	Highly Stable	Highly Stable Constant	0	stable_constant
SC_182	100	0	0	100	0	0	1	constant	1	Highly Stable	Highly Stable Constant	0	stable_constant
SC_183	100	0	0	100	0	0	1	constant	1	Highly Stable	Highly Stable Constant	0	stable_constant
SC_184	100	0	0	100	0	0	1	constant	1	Highly Stable	Highly Stable Constant	0	stable_constant
SC_185	100	0	0	100	0	0	1	constant	1	Highly Stable	Highly Stable Constant	0	stable_constant
SC_186	100	0	0	100	0	0	1	constant	1	Highly Stable	Highly Stable Constant	0	stable_constant
SC_187	100	0	0	100	0	0	1	constant	1	Highly Stable	Highly Stable Constant	0	stable_constant
SC_188	100	0	0	100	0	0	1	constant	1	Highly Stable	Highly Stable Constant	0	stable_constant
SC_189	100	0	0	100	0	0	1	constant	1	Highly Stable	Highly Stable Constant	0	stable_constant
SC_19	100	0	0	100	0	0	1	constant	1	Highly Stable	Highly Stable Constant	0	stable_constant
SC_190	100	0	0	100	0	0	1	constant	1	Highly Stable	Highly Stable Constant	0	stable_constant
SC_191	100	0	0	100	0	0	1	constant	1	Highly Stable	Highly Stable Constant	0	stable_constant
SC_192	100	0	0	100	0	0	1	constant	1	Highly Stable	Highly Stable Constant	0	stable_constant
SC_193	100	0	0	100	0	0	1	constant	1	Highly Stable	Highly Stable Constant	0	stable_constant
SC_194	100	0	0	100	0	0	1	constant	1	Highly Stable	Highly Stable Constant	0	stable_constant
SC_195	100	0	0	100	0	0	1	constant	1	Highly Stable	Highly Stable Constant	0	stable_constant
SC_196	100	0	0	100	0	0	1	constant	1	Highly Stable	Highly Stable Constant	0	stable_constant
SC_197	100	0	0	100	0	0	1	constant	1	Highly Stable	Highly Stable Constant	0	stable_constant
SC_198	100	0	0	100	0	0	1	constant	1	Highly Stable	Highly Stable Constant	0	stable_constant
SC_199	100	0	0	100	0	0	1	constant	1	Highly Stable	Highly Stable Constant	0	stable_constant
SC_2	100	0	0	100	0	0	1	constant	1	Highly Stable	Highly Stable Constant	0	stable_constant
SC_20	100	0	0	100	0	0	1	constant	1	Highly Stable	Highly Stable Constant	0	stable_constant
SC_200	100	0	1	99	0	0.01	0.99	constant	0.99	Highly Stable	Highly Stable Constant	0.010000000000000009	stable_constant
SC_201	100	0	0	100	0	0	1	constant	1	Highly Stable	Highly Stable Constant	0	stable_constant
SC_202	100	0	0	100	0	0	1	constant	1	Highly Stable	Highly Stable Constant	0	stable_constant
SC_203	100	0	0	100	0	0	1	constant	1	Highly Stable	Highly Stable Constant	0	stable_constant
SC_204	100	0	0	100	0	0	1	constant	1	Highly Stable	Highly Stable Constant	0	stable_constant
SC_205	100	0	0	100	0	0	1	constant	1	Highly Stable	Highly Stable Constant	0	stable_constant
SC_206	100	0	0	100	0	0	1	constant	1	Highly Stable	Highly Stable Constant	0	stable_constant
SC_207	100	0	0	100	0	0	1	constant	1	Highly Stable	Highly Stable Constant	0	stable_constant
SC_208	100	0	0	100	0	0	1	constant	1	Highly Stable	Highly Stable Constant	0	stable_constant
SC_209	100	0	0	100	0	0	1	constant	1	Highly Stable	Highly Stable Constant	0	stable_constant
SC_21	100	0	0	100	0	0	1	constant	1	Highly Stable	Highly Stable Constant	0	stable_constant
SC_210	100	0	0	100	0	0	1	constant	1	Highly Stable	Highly Stable Constant	0	stable_constant
SC_211	100	0	0	100	0	0	1	constant	1	Highly Stable	Highly Stable Constant	0	stable_constant
SC_212	100	0	1	99	0	0.01	0.99	constant	0.99	Highly Stable	Highly Stable Constant	0.010000000000000009	stable_constant
SC_213	100	0	0	100	0	0	1	constant	1	Highly Stable	Highly Stable Constant	0	stable_constant
SC_214	100	0	0	100	0	0	1	constant	1	Highly Stable	Highly Stable Constant	0	stable_constant
SC_215	100	0	0	100	0	0	1	constant	1	Highly Stable	Highly Stable Constant	0	stable_constant
SC_216	100	0	0	100	0	0	1	constant	1	Highly Stable	Highly Stable Constant	0	stable_constant
SC_217	100	0	0	100	0	0	1	constant	1	Highly Stable	Highly Stable Constant	0	stable_constant
SC_218	100	0	0	100	0	0	1	constant	1	Highly Stable	Highly Stable Constant	0	stable_constant
SC_219	100	0	0	100	0	0	1	constant	1	Highly Stable	Highly Stable Constant	0	stable_constant
SC_22	100	0	0	100	0	0	1	constant	1	Highly Stable	Highly Stable Constant	0	stable_constant
SC_220	100	0	0	100	0	0	1	constant	1	Highly Stable	Highly Stable Constant	0	stable_constant
SC_221	100	0	0	100	0	0	1	constant	1	Highly Stable	Highly Stable Constant	0	stable_constant
SC_222	100	0	0	100	0	0	1	constant	1	Highly Stable	Highly Stable Constant	0	stable_constant
SC_223	100	0	0	100	0	0	1	constant	1	Highly Stable	Highly Stable Constant	0	stable_constant
SC_224	100	0	0	100	0	0	1	constant	1	Highly Stable	Highly Stable Constant	0	stable_constant
SC_225	100	0	0	100	0	0	1	constant	1	Highly Stable	Highly Stable Constant	0	stable_constant
SC_226	100	0	0	100	0	0	1	constant	1	Highly Stable	Highly Stable Constant	0	stable_constant
SC_227	100	0	0	100	0	0	1	constant	1	Highly Stable	Highly Stable Constant	0	stable_constant
SC_228	100	0	0	100	0	0	1	constant	1	Highly Stable	Highly Stable Constant	0	stable_constant
SC_229	100	0	0	100	0	0	1	constant	1	Highly Stable	Highly Stable Constant	0	stable_constant
SC_23	100	0	0	100	0	0	1	constant	1	Highly Stable	Highly Stable Constant	0	stable_constant
SC_230	100	0	0	100	0	0	1	constant	1	Highly Stable	Highly Stable Constant	0	stable_constant
SC_231	100	0	0	100	0	0	1	constant	1	Highly Stable	Highly Stable Constant	0	stable_constant
SC_232	100	0	0	100	0	0	1	constant	1	Highly Stable	Highly Stable Constant	0	stable_constant
SC_233	100	0	0	100	0	0	1	constant	1	Highly Stable	Highly Stable Constant	0	stable_constant
SC_234	100	0	0	100	0	0	1	constant	1	Highly Stable	Highly Stable Constant	0	stable_constant
SC_235	100	0	0	100	0	0	1	constant	1	Highly Stable	Highly Stable Constant	0	stable_constant
SC_236	100	0	0	100	0	0	1	constant	1	Highly Stable	Highly Stable Constant	0	stable_constant
SC_237	100	0	0	100	0	0	1	constant	1	Highly Stable	Highly Stable Constant	0	stable_constant
SC_238	100	0	0	100	0	0	1	constant	1	Highly Stable	Highly Stable Constant	0	stable_constant
SC_239	100	0	0	100	0	0	1	constant	1	Highly Stable	Highly Stable Constant	0	stable_constant
SC_24	100	0	0	100	0	0	1	constant	1	Highly Stable	Highly Stable Constant	0	stable_constant
SC_240	100	0	0	100	0	0	1	constant	1	Highly Stable	Highly Stable Constant	0	stable_constant
SC_241	100	0	0	100	0	0	1	constant	1	Highly Stable	Highly Stable Constant	0	stable_constant
SC_242	100	0	0	100	0	0	1	constant	1	Highly Stable	Highly Stable Constant	0	stable_constant
SC_243	100	0	0	100	0	0	1	constant	1	Highly Stable	Highly Stable Constant	0	stable_constant
SC_244	100	0	1	99	0	0.01	0.99	constant	0.99	Highly Stable	Highly Stable Constant	0.010000000000000009	stable_constant
SC_245	100	0	0	100	0	0	1	constant	1	Highly Stable	Highly Stable Constant	0	stable_constant
SC_246	100	0	0	100	0	0	1	constant	1	Highly Stable	Highly Stable Constant	0	stable_constant
SC_247	100	0	0	100	0	0	1	constant	1	Highly Stable	Highly Stable Constant	0	stable_constant
SC_248	100	0	0	100	0	0	1	constant	1	Highly Stable	Highly Stable Constant	0	stable_constant
SC_249	100	0	0	100	0	0	1	constant	1	Highly Stable	Highly Stable Constant	0	stable_constant
SC_25	100	0	0	100	0	0	1	constant	1	Highly Stable	Highly Stable Constant	0	stable_constant
SC_250	100	0	0	100	0	0	1	constant	1	Highly Stable	Highly Stable Constant	0	stable_constant
SC_251	100	0	0	100	0	0	1	constant	1	Highly Stable	Highly Stable Constant	0	stable_constant
SC_252	100	0	0	100	0	0	1	constant	1	Highly Stable	Highly Stable Constant	0	stable_constant
SC_253	100	0	0	100	0	0	1	constant	1	Highly Stable	Highly Stable Constant	0	stable_constant
SC_254	100	0	0	100	0	0	1	constant	1	Highly Stable	Highly Stable Constant	0	stable_constant
SC_255	100	0	0	100	0	0	1	constant	1	Highly Stable	Highly Stable Constant	0	stable_constant
SC_256	100	0	0	100	0	0	1	constant	1	Highly Stable	Highly Stable Constant	0	stable_constant
SC_257	100	0	0	100	0	0	1	constant	1	Highly Stable	Highly Stable Constant	0	stable_constant
SC_258	100	0	0	100	0	0	1	constant	1	Highly Stable	Highly Stable Constant	0	stable_constant
SC_259	100	1	0	99	0.01	0	0.99	constant	0.99	Highly Stable	Highly Stable Constant	0.010000000000000009	stable_constant
SC_26	100	0	0	100	0	0	1	constant	1	Highly Stable	Highly Stable Constant	0	stable_constant
SC_260	100	0	0	100	0	0	1	constant	1	Highly Stable	Highly Stable Constant	0	stable_constant
SC_261	100	0	0	100	0	0	1	constant	1	Highly Stable	Highly Stable Constant	0	stable_constant
SC_262	100	0	0	100	0	0	1	constant	1	Highly Stable	Highly Stable Constant	0	stable_constant
SC_263	100	0	0	100	0	0	1	constant	1	Highly Stable	Highly Stable Constant	0	stable_constant
SC_264	100	0	0	100	0	0	1	constant	1	Highly Stable	Highly Stable Constant	0	stable_constant
SC_265	100	0	0	100	0	0	1	constant	1	Highly Stable	Highly Stable Constant	0	stable_constant
SC_266	100	0	0	100	0	0	1	constant	1	Highly Stable	Highly Stable Constant	0	stable_constant
SC_267	100	1	0	99	0.01	0	0.99	constant	0.99	Highly Stable	Highly Stable Constant	0.010000000000000009	stable_constant
SC_268	100	0	0	100	0	0	1	constant	1	Highly Stable	Highly Stable Constant	0	stable_constant
SC_269	100	0	0	100	0	0	1	constant	1	Highly Stable	Highly Stable Constant	0	stable_constant
SC_27	100	0	0	100	0	0	1	constant	1	Highly Stable	Highly Stable Constant	0	stable_constant
SC_270	100	0	0	100	0	0	1	constant	1	Highly Stable	Highly Stable Constant	0	stable_constant
SC_271	100	0	0	100	0	0	1	constant	1	Highly Stable	Highly Stable Constant	0	stable_constant
SC_272	100	0	0	100	0	0	1	constant	1	Highly Stable	Highly Stable Constant	0	stable_constant
SC_273	100	0	0	100	0	0	1	constant	1	Highly Stable	Highly Stable Constant	0	stable_constant
SC_274	100	0	0	100	0	0	1	constant	1	Highly Stable	Highly Stable Constant	0	stable_constant
SC_275	100	0	0	100	0	0	1	constant	1	Highly Stable	Highly Stable Constant	0	stable_constant
SC_276	100	0	0	100	0	0	1	constant	1	Highly Stable	Highly Stable Constant	0	stable_constant
SC_277	100	0	0	100	0	0	1	constant	1	Highly Stable	Highly Stable Constant	0	stable_constant
SC_278	100	0	0	100	0	0	1	constant	1	Highly Stable	Highly Stable Constant	0	stable_constant
SC_279	100	0	0	100	0	0	1	constant	1	Highly Stable	Highly Stable Constant	0	stable_constant
SC_28	100	0	0	100	0	0	1	constant	1	Highly Stable	Highly Stable Constant	0	stable_constant
SC_280	100	0	0	100	0	0	1	constant	1	Highly Stable	Highly Stable Constant	0	stable_constant
SC_281	100	0	0	100	0	0	1	constant	1	Highly Stable	Highly Stable Constant	0	stable_constant
SC_282	100	0	0	100	0	0	1	constant	1	Highly Stable	Highly Stable Constant	0	stable_constant
SC_283	100	0	0	100	0	0	1	constant	1	Highly Stable	Highly Stable Constant	0	stable_constant
SC_284	100	0	0	100	0	0	1	constant	1	Highly Stable	Highly Stable Constant	0	stable_constant
SC_285	100	0	0	100	0	0	1	constant	1	Highly Stable	Highly Stable Constant	0	stable_constant
SC_286	100	0	0	100	0	0	1	constant	1	Highly Stable	Highly Stable Constant	0	stable_constant
SC_287	100	0	0	100	0	0	1	constant	1	Highly Stable	Highly Stable Constant	0	stable_constant
SC_288	100	0	0	100	0	0	1	constant	1	Highly Stable	Highly Stable Constant	0	stable_constant
SC_289	100	0	0	100	0	0	1	constant	1	Highly Stable	Highly Stable Constant	0	stable_constant
SC_29	100	0	0	100	0	0	1	constant	1	Highly Stable	Highly Stable Constant	0	stable_constant
SC_290	100	0	0	100	0	0	1	constant	1	Highly Stable	Highly Stable Constant	0	stable_constant
SC_291	100	0	0	100	0	0	1	constant	1	Highly Stable	Highly Stable Constant	0	stable_constant
SC_292	100	0	0	100	0	0	1	constant	1	Highly Stable	Highly Stable Constant	0	stable_constant
SC_293	100	0	0	100	0	0	1	constant	1	Highly Stable	Highly Stable Constant	0	stable_constant
SC_294	100	0	0	100	0	0	1	constant	1	Highly Stable	Highly Stable Constant	0	stable_constant
SC_295	100	1	0	99	0.01	0	0.99	constant	0.99	Highly Stable	Highly Stable Constant	0.010000000000000009	stable_constant
SC_296	100	0	0	100	0	0	1	constant	1	Highly Stable	Highly Stable Constant	0	stable_constant
SC_297	100	0	0	100	0	0	1	constant	1	Highly Stable	Highly Stable Constant	0	stable_constant
SC_298	100	1	0	99	0.01	0	0.99	constant	0.99	Highly Stable	Highly Stable Constant	0.010000000000000009	stable_constant
SC_299	100	0	0	100	0	0	1	constant	1	Highly Stable	Highly Stable Constant	0	stable_constant
SC_3	100	0	0	100	0	0	1	constant	1	Highly Stable	Highly Stable Constant	0	stable_constant
SC_30	100	0	0	100	0	0	1	constant	1	Highly Stable	Highly Stable Constant	0	stable_constant
SC_300	100	0	0	100	0	0	1	constant	1	Highly Stable	Highly Stable Constant	0	stable_constant
SC_301	100	0	0	100	0	0	1	constant	1	Highly Stable	Highly Stable Constant	0	stable_constant
SC_302	100	0	0	100	0	0	1	constant	1	Highly Stable	Highly Stable Constant	0	stable_constant
SC_303	100	0	0	100	0	0	1	constant	1	Highly Stable	Highly Stable Constant	0	stable_constant
SC_304	100	0	0	100	0	0	1	constant	1	Highly Stable	Highly Stable Constant	0	stable_constant
SC_305	100	0	0	100	0	0	1	constant	1	Highly Stable	Highly Stable Constant	0	stable_constant
SC_306	100	0	0	100	0	0	1	constant	1	Highly Stable	Highly Stable Constant	0	stable_constant
SC_307	100	0	0	100	0	0	1	constant	1	Highly Stable	Highly Stable Constant	0	stable_constant
SC_308	100	0	0	100	0	0	1	constant	1	Highly Stable	Highly Stable Constant	0	stable_constant
SC_309	100	0	0	100	0	0	1	constant	1	Highly Stable	Highly Stable Constant	0	stable_constant
SC_31	100	0	0	100	0	0	1	constant	1	Highly Stable	Highly Stable Constant	0	stable_constant
SC_310	100	0	1	99	0	0.01	0.99	constant	0.99	Highly Stable	Highly Stable Constant	0.010000000000000009	stable_constant
SC_311	100	0	0	100	0	0	1	constant	1	Highly Stable	Highly Stable Constant	0	stable_constant
SC_312	100	0	0	100	0	0	1	constant	1	Highly Stable	Highly Stable Constant	0	stable_constant
SC_313	100	1	0	99	0.01	0	0.99	constant	0.99	Highly Stable	Highly Stable Constant	0.010000000000000009	stable_constant
SC_314	100	0	0	100	0	0	1	constant	1	Highly Stable	Highly Stable Constant	0	stable_constant
SC_315	100	0	0	100	0	0	1	constant	1	Highly Stable	Highly Stable Constant	0	stable_constant
SC_316	100	0	0	100	0	0	1	constant	1	Highly Stable	Highly Stable Constant	0	stable_constant
SC_317	100	0	0	100	0	0	1	constant	1	Highly Stable	Highly Stable Constant	0	stable_constant
SC_318	100	0	0	100	0	0	1	constant	1	Highly Stable	Highly Stable Constant	0	stable_constant
SC_319	100	0	1	99	0	0.01	0.99	constant	0.99	Highly Stable	Highly Stable Constant	0.010000000000000009	stable_constant
SC_32	100	0	1	99	0	0.01	0.99	constant	0.99	Highly Stable	Highly Stable Constant	0.010000000000000009	stable_constant
SC_320	100	0	0	100	0	0	1	constant	1	Highly Stable	Highly Stable Constant	0	stable_constant
SC_321	100	0	0	100	0	0	1	constant	1	Highly Stable	Highly Stable Constant	0	stable_constant
SC_322	100	0	0	100	0	0	1	constant	1	Highly Stable	Highly Stable Constant	0	stable_constant
SC_323	100	1	0	99	0.01	0	0.99	constant	0.99	Highly Stable	Highly Stable Constant	0.010000000000000009	stable_constant
SC_324	100	0	0	100	0	0	1	constant	1	Highly Stable	Highly Stable Constant	0	stable_constant
SC_325	100	0	0	100	0	0	1	constant	1	Highly Stable	Highly Stable Constant	0	stable_constant
SC_326	100	0	0	100	0	0	1	constant	1	Highly Stable	Highly Stable Constant	0	stable_constant
SC_327	100	0	0	100	0	0	1	constant	1	Highly Stable	Highly Stable Constant	0	stable_constant
SC_328	100	0	0	100	0	0	1	constant	1	Highly Stable	Highly Stable Constant	0	stable_constant
SC_329	100	0	0	100	0	0	1	constant	1	Highly Stable	Highly Stable Constant	0	stable_constant
SC_33	100	0	0	100	0	0	1	constant	1	Highly Stable	Highly Stable Constant	0	stable_constant
SC_330	100	0	0	100	0	0	1	constant	1	Highly Stable	Highly Stable Constant	0	stable_constant
SC_331	100	0	0	100	0	0	1	constant	1	Highly Stable	Highly Stable Constant	0	stable_constant
SC_332	100	0	0	100	0	0	1	constant	1	Highly Stable	Highly Stable Constant	0	stable_constant
SC_333	100	0	0	100	0	0	1	constant	1	Highly Stable	Highly Stable Constant	0	stable_constant
SC_334	100	0	0	100	0	0	1	constant	1	Highly Stable	Highly Stable Constant	0	stable_constant
SC_335	100	0	0	100	0	0	1	constant	1	Highly Stable	Highly Stable Constant	0	stable_constant
SC_336	100	0	0	100	0	0	1	constant	1	Highly Stable	Highly Stable Constant	0	stable_constant
SC_337	100	0	0	100	0	0	1	constant	1	Highly Stable	Highly Stable Constant	0	stable_constant
SC_338	100	0	0	100	0	0	1	constant	1	Highly Stable	Highly Stable Constant	0	stable_constant
SC_339	100	0	0	100	0	0	1	constant	1	Highly Stable	Highly Stable Constant	0	stable_constant
SC_34	100	0	0	100	0	0	1	constant	1	Highly Stable	Highly Stable Constant	0	stable_constant
SC_340	100	0	0	100	0	0	1	constant	1	Highly Stable	Highly Stable Constant	0	stable_constant
SC_341	100	0	0	100	0	0	1	constant	1	Highly Stable	Highly Stable Constant	0	stable_constant
SC_342	100	0	1	99	0	0.01	0.99	constant	0.99	Highly Stable	Highly Stable Constant	0.010000000000000009	stable_constant
SC_343	100	0	0	100	0	0	1	constant	1	Highly Stable	Highly Stable Constant	0	stable_constant
SC_344	100	0	0	100	0	0	1	constant	1	Highly Stable	Highly Stable Constant	0	stable_constant
SC_345	100	0	0	100	0	0	1	constant	1	Highly Stable	Highly Stable Constant	0	stable_constant
SC_346	100	0	0	100	0	0	1	constant	1	Highly Stable	Highly Stable Constant	0	stable_constant
SC_347	100	0	0	100	0	0	1	constant	1	Highly Stable	Highly Stable Constant	0	stable_constant
SC_348	100	0	0	100	0	0	1	constant	1	Highly Stable	Highly Stable Constant	0	stable_constant
SC_349	100	0	0	100	0	0	1	constant	1	Highly Stable	Highly Stable Constant	0	stable_constant
SC_35	100	0	0	100	0	0	1	constant	1	Highly Stable	Highly Stable Constant	0	stable_constant
SC_350	100	0	0	100	0	0	1	constant	1	Highly Stable	Highly Stable Constant	0	stable_constant
SC_351	100	0	1	99	0	0.01	0.99	constant	0.99	Highly Stable	Highly Stable Constant	0.010000000000000009	stable_constant
SC_352	100	0	0	100	0	0	1	constant	1	Highly Stable	Highly Stable Constant	0	stable_constant
SC_353	100	0	0	100	0	0	1	constant	1	Highly Stable	Highly Stable Constant	0	stable_constant
SC_354	100	0	0	100	0	0	1	constant	1	Highly Stable	Highly Stable Constant	0	stable_constant
SC_355	100	0	0	100	0	0	1	constant	1	Highly Stable	Highly Stable Constant	0	stable_constant
SC_356	100	0	0	100	0	0	1	constant	1	Highly Stable	Highly Stable Constant	0	stable_constant
SC_357	100	0	0	100	0	0	1	constant	1	Highly Stable	Highly Stable Constant	0	stable_constant
SC_358	100	0	1	99	0	0.01	0.99	constant	0.99	Highly Stable	Highly Stable Constant	0.010000000000000009	stable_constant
SC_359	100	0	0	100	0	0	1	constant	1	Highly Stable	Highly Stable Constant	0	stable_constant
SC_36	100	0	0	100	0	0	1	constant	1	Highly Stable	Highly Stable Constant	0	stable_constant
SC_360	100	0	0	100	0	0	1	constant	1	Highly Stable	Highly Stable Constant	0	stable_constant
SC_361	100	0	0	100	0	0	1	constant	1	Highly Stable	Highly Stable Constant	0	stable_constant
SC_362	100	0	0	100	0	0	1	constant	1	Highly Stable	Highly Stable Constant	0	stable_constant
SC_363	100	1	0	99	0.01	0	0.99	constant	0.99	Highly Stable	Highly Stable Constant	0.010000000000000009	stable_constant
SC_364	100	0	0	100	0	0	1	constant	1	Highly Stable	Highly Stable Constant	0	stable_constant
SC_365	100	0	0	100	0	0	1	constant	1	Highly Stable	Highly Stable Constant	0	stable_constant
SC_366	100	0	0	100	0	0	1	constant	1	Highly Stable	Highly Stable Constant	0	stable_constant
SC_367	100	0	0	100	0	0	1	constant	1	Highly Stable	Highly Stable Constant	0	stable_constant
SC_368	100	0	0	100	0	0	1	constant	1	Highly Stable	Highly Stable Constant	0	stable_constant
SC_369	100	0	0	100	0	0	1	constant	1	Highly Stable	Highly Stable Constant	0	stable_constant
SC_37	100	0	0	100	0	0	1	constant	1	Highly Stable	Highly Stable Constant	0	stable_constant
SC_370	100	0	0	100	0	0	1	constant	1	Highly Stable	Highly Stable Constant	0	stable_constant
SC_371	100	0	0	100	0	0	1	constant	1	Highly Stable	Highly Stable Constant	0	stable_constant
SC_372	100	0	0	100	0	0	1	constant	1	Highly Stable	Highly Stable Constant	0	stable_constant
SC_373	100	0	0	100	0	0	1	constant	1	Highly Stable	Highly Stable Constant	0	stable_constant
SC_374	100	0	0	100	0	0	1	constant	1	Highly Stable	Highly Stable Constant	0	stable_constant
SC_375	100	0	0	100	0	0	1	constant	1	Highly Stable	Highly Stable Constant	0	stable_constant
SC_376	100	0	0	100	0	0	1	constant	1	Highly Stable	Highly Stable Constant	0	stable_constant
SC_377	100	0	1	99	0	0.01	0.99	constant	0.99	Highly Stable	Highly Stable Constant	0.010000000000000009	stable_constant
SC_378	100	0	0	100	0	0	1	constant	1	Highly Stable	Highly Stable Constant	0	stable_constant
SC_379	100	0	0	100	0	0	1	constant	1	Highly Stable	Highly Stable Constant	0	stable_constant
SC_38	100	0	0	100	0	0	1	constant	1	Highly Stable	Highly Stable Constant	0	stable_constant
SC_380	100	0	0	100	0	0	1	constant	1	Highly Stable	Highly Stable Constant	0	stable_constant
SC_381	100	0	0	100	0	0	1	constant	1	Highly Stable	Highly Stable Constant	0	stable_constant
SC_382	100	0	0	100	0	0	1	constant	1	Highly Stable	Highly Stable Constant	0	stable_constant
SC_383	100	0	0	100	0	0	1	constant	1	Highly Stable	Highly Stable Constant	0	stable_constant
SC_384	100	0	0	100	0	0	1	constant	1	Highly Stable	Highly Stable Constant	0	stable_constant
SC_385	100	0	0	100	0	0	1	constant	1	Highly Stable	Highly Stable Constant	0	stable_constant
SC_386	100	0	0	100	0	0	1	constant	1	Highly Stable	Highly Stable Constant	0	stable_constant
SC_387	100	0	0	100	0	0	1	constant	1	Highly Stable	Highly Stable Constant	0	stable_constant
SC_388	100	0	0	100	0	0	1	constant	1	Highly Stable	Highly Stable Constant	0	stable_constant
SC_389	100	0	0	100	0	0	1	constant	1	Highly Stable	Highly Stable Constant	0	stable_constant
SC_39	100	0	1	99	0	0.01	0.99	constant	0.99	Highly Stable	Highly Stable Constant	0.010000000000000009	stable_constant
SC_390	100	0	0	100	0	0	1	constant	1	Highly Stable	Highly Stable Constant	0	stable_constant
SC_391	100	0	0	100	0	0	1	constant	1	Highly Stable	Highly Stable Constant	0	stable_constant
SC_392	100	0	0	100	0	0	1	constant	1	Highly Stable	Highly Stable Constant	0	stable_constant
SC_393	100	0	0	100	0	0	1	constant	1	Highly Stable	Highly Stable Constant	0	stable_constant
SC_394	100	0	0	100	0	0	1	constant	1	Highly Stable	Highly Stable Constant	0	stable_constant
SC_395	100	0	0	100	0	0	1	constant	1	Highly Stable	Highly Stable Constant	0	stable_constant
SC_396	100	1	0	99	0.01	0	0.99	constant	0.99	Highly Stable	Highly Stable Constant	0.010000000000000009	stable_constant
SC_397	100	0	0	100	0	0	1	constant	1	Highly Stable	Highly Stable Constant	0	stable_constant
SC_398	100	0	0	100	0	0	1	constant	1	Highly Stable	Highly Stable Constant	0	stable_constant
SC_399	100	0	0	100	0	0	1	constant	1	Highly Stable	Highly Stable Constant	0	stable_constant
SC_4	100	0	0	100	0	0	1	constant	1	Highly Stable	Highly Stable Constant	0	stable_constant
SC_40	100	0	0	100	0	0	1	constant	1	Highly Stable	Highly Stable Constant	0	stable_constant
SC_400	100	0	1	99	0	0.01	0.99	constant	0.99	Highly Stable	Highly Stable Constant	0.010000000000000009	stable_constant
SC_401	100	0	0	100	0	0	1	constant	1	Highly Stable	Highly Stable Constant	0	stable_constant
SC_402	100	0	0	100	0	0	1	constant	1	Highly Stable	Highly Stable Constant	0	stable_constant
SC_403	100	0	0	100	0	0	1	constant	1	Highly Stable	Highly Stable Constant	0	stable_constant
SC_404	100	0	0	100	0	0	1	constant	1	Highly Stable	Highly Stable Constant	0	stable_constant
SC_405	100	0	0	100	0	0	1	constant	1	Highly Stable	Highly Stable Constant	0	stable_constant
SC_406	100	0	0	100	0	0	1	constant	1	Highly Stable	Highly Stable Constant	0	stable_constant
SC_407	100	0	0	100	0	0	1	constant	1	Highly Stable	Highly Stable Constant	0	stable_constant
SC_408	100	0	0	100	0	0	1	constant	1	Highly Stable	Highly Stable Constant	0	stable_constant
SC_409	100	0	0	100	0	0	1	constant	1	Highly Stable	Highly Stable Constant	0	stable_constant
SC_41	100	0	0	100	0	0	1	constant	1	Highly Stable	Highly Stable Constant	0	stable_constant
SC_410	100	0	0	100	0	0	1	constant	1	Highly Stable	Highly Stable Constant	0	stable_constant
SC_411	100	0	0	100	0	0	1	constant	1	Highly Stable	Highly Stable Constant	0	stable_constant
SC_412	100	0	0	100	0	0	1	constant	1	Highly Stable	Highly Stable Constant	0	stable_constant
SC_413	100	0	0	100	0	0	1	constant	1	Highly Stable	Highly Stable Constant	0	stable_constant
SC_414	100	0	0	100	0	0	1	constant	1	Highly Stable	Highly Stable Constant	0	stable_constant
SC_415	100	0	0	100	0	0	1	constant	1	Highly Stable	Highly Stable Constant	0	stable_constant
SC_416	100	0	0	100	0	0	1	constant	1	Highly Stable	Highly Stable Constant	0	stable_constant
SC_417	100	0	0	100	0	0	1	constant	1	Highly Stable	Highly Stable Constant	0	stable_constant
SC_418	100	0	0	100	0	0	1	constant	1	Highly Stable	Highly Stable Constant	0	stable_constant
SC_419	100	0	0	100	0	0	1	constant	1	Highly Stable	Highly Stable Constant	0	stable_constant
SC_42	100	1	0	99	0.01	0	0.99	constant	0.99	Highly Stable	Highly Stable Constant	0.010000000000000009	stable_constant
SC_420	100	0	0	100	0	0	1	constant	1	Highly Stable	Highly Stable Constant	0	stable_constant
SC_421	100	0	0	100	0	0	1	constant	1	Highly Stable	Highly Stable Constant	0	stable_constant
SC_422	100	0	0	100	0	0	1	constant	1	Highly Stable	Highly Stable Constant	0	stable_constant
SC_423	100	0	0	100	0	0	1	constant	1	Highly Stable	Highly Stable Constant	0	stable_constant
SC_424	100	0	0	100	0	0	1	constant	1	Highly Stable	Highly Stable Constant	0	stable_constant
SC_425	100	0	0	100	0	0	1	constant	1	Highly Stable	Highly Stable Constant	0	stable_constant
SC_426	100	0	0	100	0	0	1	constant	1	Highly Stable	Highly Stable Constant	0	stable_constant
SC_427	100	0	0	100	0	0	1	constant	1	Highly Stable	Highly Stable Constant	0	stable_constant
SC_428	100	0	0	100	0	0	1	constant	1	Highly Stable	Highly Stable Constant	0	stable_constant
SC_429	100	0	0	100	0	0	1	constant	1	Highly Stable	Highly Stable Constant	0	stable_constant
SC_43	100	0	0	100	0	0	1	constant	1	Highly Stable	Highly Stable Constant	0	stable_constant
SC_430	100	0	0	100	0	0	1	constant	1	Highly Stable	Highly Stable Constant	0	stable_constant
SC_431	100	0	0	100	0	0	1	constant	1	Highly Stable	Highly Stable Constant	0	stable_constant
SC_432	100	0	0	100	0	0	1	constant	1	Highly Stable	Highly Stable Constant	0	stable_constant
SC_433	100	0	0	100	0	0	1	constant	1	Highly Stable	Highly Stable Constant	0	stable_constant
SC_434	100	0	0	100	0	0	1	constant	1	Highly Stable	Highly Stable Constant	0	stable_constant
SC_435	100	0	0	100	0	0	1	constant	1	Highly Stable	Highly Stable Constant	0	stable_constant
SC_436	100	0	0	100	0	0	1	constant	1	Highly Stable	Highly Stable Constant	0	stable_constant
SC_437	100	0	0	100	0	0	1	constant	1	Highly Stable	Highly Stable Constant	0	stable_constant
SC_438	100	0	0	100	0	0	1	constant	1	Highly Stable	Highly Stable Constant	0	stable_constant
SC_439	100	0	0	100	0	0	1	constant	1	Highly Stable	Highly Stable Constant	0	stable_constant
SC_44	100	0	0	100	0	0	1	constant	1	Highly Stable	Highly Stable Constant	0	stable_constant
SC_440	100	0	0	100	0	0	1	constant	1	Highly Stable	Highly Stable Constant	0	stable_constant
SC_441	100	0	0	100	0	0	1	constant	1	Highly Stable	Highly Stable Constant	0	stable_constant
SC_442	100	0	0	100	0	0	1	constant	1	Highly Stable	Highly Stable Constant	0	stable_constant
SC_443	100	0	0	100	0	0	1	constant	1	Highly Stable	Highly Stable Constant	0	stable_constant
SC_444	100	0	0	100	0	0	1	constant	1	Highly Stable	Highly Stable Constant	0	stable_constant
SC_445	100	0	1	99	0	0.01	0.99	constant	0.99	Highly Stable	Highly Stable Constant	0.010000000000000009	stable_constant
SC_446	100	0	1	99	0	0.01	0.99	constant	0.99	Highly Stable	Highly Stable Constant	0.010000000000000009	stable_constant
SC_447	100	0	0	100	0	0	1	constant	1	Highly Stable	Highly Stable Constant	0	stable_constant
SC_448	100	0	0	100	0	0	1	constant	1	Highly Stable	Highly Stable Constant	0	stable_constant
SC_449	100	0	0	100	0	0	1	constant	1	Highly Stable	Highly Stable Constant	0	stable_constant
SC_45	100	0	0	100	0	0	1	constant	1	Highly Stable	Highly Stable Constant	0	stable_constant
SC_450	100	0	0	100	0	0	1	constant	1	Highly Stable	Highly Stable Constant	0	stable_constant
SC_451	100	0	0	100	0	0	1	constant	1	Highly Stable	Highly Stable Constant	0	stable_constant
SC_452	100	0	0	100	0	0	1	constant	1	Highly Stable	Highly Stable Constant	0	stable_constant
SC_453	100	0	0	100	0	0	1	constant	1	Highly Stable	Highly Stable Constant	0	stable_constant
SC_454	100	0	0	100	0	0	1	constant	1	Highly Stable	Highly Stable Constant	0	stable_constant
SC_455	100	0	0	100	0	0	1	constant	1	Highly Stable	Highly Stable Constant	0	stable_constant
SC_456	100	0	1	99	0	0.01	0.99	constant	0.99	Highly Stable	Highly Stable Constant	0.010000000000000009	stable_constant
SC_457	100	0	0	100	0	0	1	constant	1	Highly Stable	Highly Stable Constant	0	stable_constant
SC_458	100	1	0	99	0.01	0	0.99	constant	0.99	Highly Stable	Highly Stable Constant	0.010000000000000009	stable_constant
SC_459	100	0	0	100	0	0	1	constant	1	Highly Stable	Highly Stable Constant	0	stable_constant
SC_46	100	0	0	100	0	0	1	constant	1	Highly Stable	Highly Stable Constant	0	stable_constant
SC_460	100	0	0	100	0	0	1	constant	1	Highly Stable	Highly Stable Constant	0	stable_constant
SC_461	100	0	0	100	0	0	1	constant	1	Highly Stable	Highly Stable Constant	0	stable_constant
SC_462	100	1	0	99	0.01	0	0.99	constant	0.99	Highly Stable	Highly Stable Constant	0.010000000000000009	stable_constant
SC_463	100	0	0	100	0	0	1	constant	1	Highly Stable	Highly Stable Constant	0	stable_constant
SC_464	100	1	0	99	0.01	0	0.99	constant	0.99	Highly Stable	Highly Stable Constant	0.010000000000000009	stable_constant
SC_465	100	0	0	100	0	0	1	constant	1	Highly Stable	Highly Stable Constant	0	stable_constant
SC_466	100	0	0	100	0	0	1	constant	1	Highly Stable	Highly Stable Constant	0	stable_constant
SC_467	100	0	0	100	0	0	1	constant	1	Highly Stable	Highly Stable Constant	0	stable_constant
SC_468	100	0	0	100	0	0	1	constant	1	Highly Stable	Highly Stable Constant	0	stable_constant
SC_469	100	0	0	100	0	0	1	constant	1	Highly Stable	Highly Stable Constant	0	stable_constant
SC_47	100	0	0	100	0	0	1	constant	1	Highly Stable	Highly Stable Constant	0	stable_constant
SC_470	100	0	0	100	0	0	1	constant	1	Highly Stable	Highly Stable Constant	0	stable_constant
SC_471	100	0	0	100	0	0	1	constant	1	Highly Stable	Highly Stable Constant	0	stable_constant
SC_472	100	0	0	100	0	0	1	constant	1	Highly Stable	Highly Stable Constant	0	stable_constant
SC_473	100	0	0	100	0	0	1	constant	1	Highly Stable	Highly Stable Constant	0	stable_constant
SC_474	100	0	0	100	0	0	1	constant	1	Highly Stable	Highly Stable Constant	0	stable_constant
SC_475	100	0	1	99	0	0.01	0.99	constant	0.99	Highly Stable	Highly Stable Constant	0.010000000000000009	stable_constant
SC_476	100	0	0	100	0	0	1	constant	1	Highly Stable	Highly Stable Constant	0	stable_constant
SC_477	100	0	0	100	0	0	1	constant	1	Highly Stable	Highly Stable Constant	0	stable_constant
SC_478	100	0	0	100	0	0	1	constant	1	Highly Stable	Highly Stable Constant	0	stable_constant
SC_479	100	0	0	100	0	0	1	constant	1	Highly Stable	Highly Stable Constant	0	stable_constant
SC_48	100	0	0	100	0	0	1	constant	1	Highly Stable	Highly Stable Constant	0	stable_constant
SC_480	100	0	1	99	0	0.01	0.99	constant	0.99	Highly Stable	Highly Stable Constant	0.010000000000000009	stable_constant
SC_481	100	0	0	100	0	0	1	constant	1	Highly Stable	Highly Stable Constant	0	stable_constant
SC_482	100	0	0	100	0	0	1	constant	1	Highly Stable	Highly Stable Constant	0	stable_constant
SC_483	100	0	0	100	0	0	1	constant	1	Highly Stable	Highly Stable Constant	0	stable_constant
SC_484	100	0	0	100	0	0	1	constant	1	Highly Stable	Highly Stable Constant	0	stable_constant
SC_485	100	0	0	100	0	0	1	constant	1	Highly Stable	Highly Stable Constant	0	stable_constant
SC_486	100	0	0	100	0	0	1	constant	1	Highly Stable	Highly Stable Constant	0	stable_constant
SC_487	100	0	0	100	0	0	1	constant	1	Highly Stable	Highly Stable Constant	0	stable_constant
SC_488	100	0	0	100	0	0	1	constant	1	Highly Stable	Highly Stable Constant	0	stable_constant
SC_489	100	0	0	100	0	0	1	constant	1	Highly Stable	Highly Stable Constant	0	stable_constant
SC_49	100	0	0	100	0	0	1	constant	1	Highly Stable	Highly Stable Constant	0	stable_constant
SC_490	100	0	0	100	0	0	1	constant	1	Highly Stable	Highly Stable Constant	0	stable_constant
SC_491	100	0	0	100	0	0	1	constant	1	Highly Stable	Highly Stable Constant	0	stable_constant
SC_492	100	0	0	100	0	0	1	constant	1	Highly Stable	Highly Stable Constant	0	stable_constant
SC_493	100	0	0	100	0	0	1	constant	1	Highly Stable	Highly Stable Constant	0	stable_constant
SC_494	100	0	0	100	0	0	1	constant	1	Highly Stable	Highly Stable Constant	0	stable_constant
SC_495	100	0	0	100	0	0	1	constant	1	Highly Stable	Highly Stable Constant	0	stable_constant
SC_496	100	0	0	100	0	0	1	constant	1	Highly Stable	Highly Stable Constant	0	stable_constant
SC_497	100	1	0	99	0.01	0	0.99	constant	0.99	Highly Stable	Highly Stable Constant	0.010000000000000009	stable_constant
SC_498	100	0	0	100	0	0	1	constant	1	Highly Stable	Highly Stable Constant	0	stable_constant
SC_499	100	0	0	100	0	0	1	constant	1	Highly Stable	Highly Stable Constant	0	stable_constant
SC_5	100	1	0	99	0.01	0	0.99	constant	0.99	Highly Stable	Highly Stable Constant	0.010000000000000009	stable_constant
SC_50	100	1	0	99	0.01	0	0.99	constant	0.99	Highly Stable	Highly Stable Constant	0.010000000000000009	stable_constant
SC_500	100	0	0	100	0	0	1	constant	1	Highly Stable	Highly Stable Constant	0	stable_constant
SC_501	100	0	0	100	0	0	1	constant	1	Highly Stable	Highly Stable Constant	0	stable_constant
SC_502	100	0	0	100	0	0	1	constant	1	Highly Stable	Highly Stable Constant	0	stable_constant
SC_503	100	0	0	100	0	0	1	constant	1	Highly Stable	Highly Stable Constant	0	stable_constant
SC_504	100	0	0	100	0	0	1	constant	1	Highly Stable	Highly Stable Constant	0	stable_constant
SC_505	100	0	0	100	0	0	1	constant	1	Highly Stable	Highly Stable Constant	0	stable_constant
SC_506	100	0	0	100	0	0	1	constant	1	Highly Stable	Highly Stable Constant	0	stable_constant
SC_507	100	0	0	100	0	0	1	constant	1	Highly Stable	Highly Stable Constant	0	stable_constant
SC_508	100	0	0	100	0	0	1	constant	1	Highly Stable	Highly Stable Constant	0	stable_constant
SC_509	100	0	0	100	0	0	1	constant	1	Highly Stable	Highly Stable Constant	0	stable_constant
SC_51	100	0	0	100	0	0	1	constant	1	Highly Stable	Highly Stable Constant	0	stable_constant
SC_510	100	0	0	100	0	0	1	constant	1	Highly Stable	Highly Stable Constant	0	stable_constant
SC_511	100	0	0	100	0	0	1	constant	1	Highly Stable	Highly Stable Constant	0	stable_constant
SC_512	100	0	0	100	0	0	1	constant	1	Highly Stable	Highly Stable Constant	0	stable_constant
SC_513	100	0	0	100	0	0	1	constant	1	Highly Stable	Highly Stable Constant	0	stable_constant
SC_514	100	0	0	100	0	0	1	constant	1	Highly Stable	Highly Stable Constant	0	stable_constant
SC_515	100	0	0	100	0	0	1	constant	1	Highly Stable	Highly Stable Constant	0	stable_constant
SC_516	100	0	0	100	0	0	1	constant	1	Highly Stable	Highly Stable Constant	0	stable_constant
SC_517	100	0	0	100	0	0	1	constant	1	Highly Stable	Highly Stable Constant	0	stable_constant
SC_518	100	0	0	100	0	0	1	constant	1	Highly Stable	Highly Stable Constant	0	stable_constant
SC_519	100	0	0	100	0	0	1	constant	1	Highly Stable	Highly Stable Constant	0	stable_constant
SC_52	100	0	0	100	0	0	1	constant	1	Highly Stable	Highly Stable Constant	0	stable_constant
SC_520	100	0	0	100	0	0	1	constant	1	Highly Stable	Highly Stable Constant	0	stable_constant
SC_521	100	0	0	100	0	0	1	constant	1	Highly Stable	Highly Stable Constant	0	stable_constant
SC_522	100	0	0	100	0	0	1	constant	1	Highly Stable	Highly Stable Constant	0	stable_constant
SC_523	100	0	0	100	0	0	1	constant	1	Highly Stable	Highly Stable Constant	0	stable_constant
SC_524	100	0	0	100	0	0	1	constant	1	Highly Stable	Highly Stable Constant	0	stable_constant
SC_525	100	0	0	100	0	0	1	constant	1	Highly Stable	Highly Stable Constant	0	stable_constant
SC_526	100	0	0	100	0	0	1	constant	1	Highly Stable	Highly Stable Constant	0	stable_constant
SC_527	100	0	0	100	0	0	1	constant	1	Highly Stable	Highly Stable Constant	0	stable_constant
SC_528	100	0	0	100	0	0	1	constant	1	Highly Stable	Highly Stable Constant	0	stable_constant
SC_529	100	0	0	100	0	0	1	constant	1	Highly Stable	Highly Stable Constant	0	stable_constant
SC_53	100	0	0	100	0	0	1	constant	1	Highly Stable	Highly Stable Constant	0	stable_constant
SC_530	100	0	0	100	0	0	1	constant	1	Highly Stable	Highly Stable Constant	0	stable_constant
SC_531	100	0	0	100	0	0	1	constant	1	Highly Stable	Highly Stable Constant	0	stable_constant
SC_532	100	1	0	99	0.01	0	0.99	constant	0.99	Highly Stable	Highly Stable Constant	0.010000000000000009	stable_constant
SC_533	100	0	0	100	0	0	1	constant	1	Highly Stable	Highly Stable Constant	0	stable_constant
SC_534	100	0	0	100	0	0	1	constant	1	Highly Stable	Highly Stable Constant	0	stable_constant
SC_535	100	0	0	100	0	0	1	constant	1	Highly Stable	Highly Stable Constant	0	stable_constant
SC_536	100	0	0	100	0	0	1	constant	1	Highly Stable	Highly Stable Constant	0	stable_constant
SC_537	100	0	0	100	0	0	1	constant	1	Highly Stable	Highly Stable Constant	0	stable_constant
SC_538	100	0	0	100	0	0	1	constant	1	Highly Stable	Highly Stable Constant	0	stable_constant
SC_539	100	0	0	100	0	0	1	constant	1	Highly Stable	Highly Stable Constant	0	stable_constant
SC_54	100	0	0	100	0	0	1	constant	1	Highly Stable	Highly Stable Constant	0	stable_constant
SC_540	100	0	0	100	0	0	1	constant	1	Highly Stable	Highly Stable Constant	0	stable_constant
SC_541	100	0	0	100	0	0	1	constant	1	Highly Stable	Highly Stable Constant	0	stable_constant
SC_542	100	0	0	100	0	0	1	constant	1	Highly Stable	Highly Stable Constant	0	stable_constant
SC_543	100	0	0	100	0	0	1	constant	1	Highly Stable	Highly Stable Constant	0	stable_constant
SC_544	100	0	0	100	0	0	1	constant	1	Highly Stable	Highly Stable Constant	0	stable_constant
SC_545	100	0	0	100	0	0	1	constant	1	Highly Stable	Highly Stable Constant	0	stable_constant
SC_546	100	0	0	100	0	0	1	constant	1	Highly Stable	Highly Stable Constant	0	stable_constant
SC_547	100	0	0	100	0	0	1	constant	1	Highly Stable	Highly Stable Constant	0	stable_constant
SC_548	100	0	0	100	0	0	1	constant	1	Highly Stable	Highly Stable Constant	0	stable_constant
SC_549	100	0	0	100	0	0	1	constant	1	Highly Stable	Highly Stable Constant	0	stable_constant
SC_55	100	0	0	100	0	0	1	constant	1	Highly Stable	Highly Stable Constant	0	stable_constant
SC_550	100	0	0	100	0	0	1	constant	1	Highly Stable	Highly Stable Constant	0	stable_constant
SC_551	100	0	0	100	0	0	1	constant	1	Highly Stable	Highly Stable Constant	0	stable_constant
SC_552	100	1	0	99	0.01	0	0.99	constant	0.99	Highly Stable	Highly Stable Constant	0.010000000000000009	stable_constant
SC_553	100	0	0	100	0	0	1	constant	1	Highly Stable	Highly Stable Constant	0	stable_constant
SC_554	100	0	0	100	0	0	1	constant	1	Highly Stable	Highly Stable Constant	0	stable_constant
SC_555	100	0	0	100	0	0	1	constant	1	Highly Stable	Highly Stable Constant	0	stable_constant
SC_556	100	0	0	100	0	0	1	constant	1	Highly Stable	Highly Stable Constant	0	stable_constant
SC_557	100	0	0	100	0	0	1	constant	1	Highly Stable	Highly Stable Constant	0	stable_constant
SC_558	100	0	0	100	0	0	1	constant	1	Highly Stable	Highly Stable Constant	0	stable_constant
SC_559	100	0	0	100	0	0	1	constant	1	Highly Stable	Highly Stable Constant	0	stable_constant
SC_56	100	0	0	100	0	0	1	constant	1	Highly Stable	Highly Stable Constant	0	stable_constant
SC_560	100	1	0	99	0.01	0	0.99	constant	0.99	Highly Stable	Highly Stable Constant	0.010000000000000009	stable_constant
SC_561	100	0	0	100	0	0	1	constant	1	Highly Stable	Highly Stable Constant	0	stable_constant
SC_562	100	0	0	100	0	0	1	constant	1	Highly Stable	Highly Stable Constant	0	stable_constant
SC_563	100	0	0	100	0	0	1	constant	1	Highly Stable	Highly Stable Constant	0	stable_constant
SC_564	100	0	0	100	0	0	1	constant	1	Highly Stable	Highly Stable Constant	0	stable_constant
SC_565	100	0	0	100	0	0	1	constant	1	Highly Stable	Highly Stable Constant	0	stable_constant
SC_566	100	0	0	100	0	0	1	constant	1	Highly Stable	Highly Stable Constant	0	stable_constant
SC_567	100	0	0	100	0	0	1	constant	1	Highly Stable	Highly Stable Constant	0	stable_constant
SC_568	100	0	0	100	0	0	1	constant	1	Highly Stable	Highly Stable Constant	0	stable_constant
SC_569	100	0	0	100	0	0	1	constant	1	Highly Stable	Highly Stable Constant	0	stable_constant
SC_57	100	0	0	100	0	0	1	constant	1	Highly Stable	Highly Stable Constant	0	stable_constant
SC_570	100	1	0	99	0.01	0	0.99	constant	0.99	Highly Stable	Highly Stable Constant	0.010000000000000009	stable_constant
SC_571	100	0	0	100	0	0	1	constant	1	Highly Stable	Highly Stable Constant	0	stable_constant
SC_572	100	0	0	100	0	0	1	constant	1	Highly Stable	Highly Stable Constant	0	stable_constant
SC_573	100	0	0	100	0	0	1	constant	1	Highly Stable	Highly Stable Constant	0	stable_constant
SC_574	100	0	1	99	0	0.01	0.99	constant	0.99	Highly Stable	Highly Stable Constant	0.010000000000000009	stable_constant
SC_575	100	0	0	100	0	0	1	constant	1	Highly Stable	Highly Stable Constant	0	stable_constant
SC_576	100	0	0	100	0	0	1	constant	1	Highly Stable	Highly Stable Constant	0	stable_constant
SC_577	100	0	0	100	0	0	1	constant	1	Highly Stable	Highly Stable Constant	0	stable_constant
SC_578	100	0	0	100	0	0	1	constant	1	Highly Stable	Highly Stable Constant	0	stable_constant
SC_579	100	0	0	100	0	0	1	constant	1	Highly Stable	Highly Stable Constant	0	stable_constant
SC_58	100	0	0	100	0	0	1	constant	1	Highly Stable	Highly Stable Constant	0	stable_constant
SC_580	100	0	0	100	0	0	1	constant	1	Highly Stable	Highly Stable Constant	0	stable_constant
SC_581	100	0	0	100	0	0	1	constant	1	Highly Stable	Highly Stable Constant	0	stable_constant
SC_582	100	0	0	100	0	0	1	constant	1	Highly Stable	Highly Stable Constant	0	stable_constant
SC_583	100	0	0	100	0	0	1	constant	1	Highly Stable	Highly Stable Constant	0	stable_constant
SC_584	100	0	0	100	0	0	1	constant	1	Highly Stable	Highly Stable Constant	0	stable_constant
SC_585	100	0	0	100	0	0	1	constant	1	Highly Stable	Highly Stable Constant	0	stable_constant
SC_586	100	0	0	100	0	0	1	constant	1	Highly Stable	Highly Stable Constant	0	stable_constant
SC_587	100	0	0	100	0	0	1	constant	1	Highly Stable	Highly Stable Constant	0	stable_constant
SC_588	100	0	0	100	0	0	1	constant	1	Highly Stable	Highly Stable Constant	0	stable_constant
SC_589	100	0	0	100	0	0	1	constant	1	Highly Stable	Highly Stable Constant	0	stable_constant
SC_59	100	0	0	100	0	0	1	constant	1	Highly Stable	Highly Stable Constant	0	stable_constant
SC_590	100	0	0	100	0	0	1	constant	1	Highly Stable	Highly Stable Constant	0	stable_constant
SC_591	100	0	0	100	0	0	1	constant	1	Highly Stable	Highly Stable Constant	0	stable_constant
SC_592	100	0	0	100	0	0	1	constant	1	Highly Stable	Highly Stable Constant	0	stable_constant
SC_593	100	0	0	100	0	0	1	constant	1	Highly Stable	Highly Stable Constant	0	stable_constant
SC_594	100	0	0	100	0	0	1	constant	1	Highly Stable	Highly Stable Constant	0	stable_constant
SC_595	100	0	0	100	0	0	1	constant	1	Highly Stable	Highly Stable Constant	0	stable_constant
SC_596	100	0	0	100	0	0	1	constant	1	Highly Stable	Highly Stable Constant	0	stable_constant
SC_597	100	0	0	100	0	0	1	constant	1	Highly Stable	Highly Stable Constant	0	stable_constant
SC_598	100	0	0	100	0	0	1	constant	1	Highly Stable	Highly Stable Constant	0	stable_constant
SC_599	100	0	1	99	0	0.01	0.99	constant	0.99	Highly Stable	Highly Stable Constant	0.010000000000000009	stable_constant
SC_6	100	0	1	99	0	0.01	0.99	constant	0.99	Highly Stable	Highly Stable Constant	0.010000000000000009	stable_constant
SC_60	100	0	1	99	0	0.01	0.99	constant	0.99	Highly Stable	Highly Stable Constant	0.010000000000000009	stable_constant
SC_600	100	0	0	100	0	0	1	constant	1	Highly Stable	Highly Stable Constant	0	stable_constant
SC_601	100	0	0	100	0	0	1	constant	1	Highly Stable	Highly Stable Constant	0	stable_constant
SC_602	100	0	0	100	0	0	1	constant	1	Highly Stable	Highly Stable Constant	0	stable_constant
SC_603	100	0	0	100	0	0	1	constant	1	Highly Stable	Highly Stable Constant	0	stable_constant
SC_604	100	0	0	100	0	0	1	constant	1	Highly Stable	Highly Stable Constant	0	stable_constant
SC_605	100	0	0	100	0	0	1	constant	1	Highly Stable	Highly Stable Constant	0	stable_constant
SC_606	100	0	0	100	0	0	1	constant	1	Highly Stable	Highly Stable Constant	0	stable_constant
SC_607	100	0	0	100	0	0	1	constant	1	Highly Stable	Highly Stable Constant	0	stable_constant
SC_608	100	0	0	100	0	0	1	constant	1	Highly Stable	Highly Stable Constant	0	stable_constant
SC_609	100	0	0	100	0	0	1	constant	1	Highly Stable	Highly Stable Constant	0	stable_constant
SC_61	100	0	0	100	0	0	1	constant	1	Highly Stable	Highly Stable Constant	0	stable_constant
SC_610	100	0	0	100	0	0	1	constant	1	Highly Stable	Highly Stable Constant	0	stable_constant
SC_611	100	0	0	100	0	0	1	constant	1	Highly Stable	Highly Stable Constant	0	stable_constant
SC_612	100	1	0	99	0.01	0	0.99	constant	0.99	Highly Stable	Highly Stable Constant	0.010000000000000009	stable_constant
SC_613	100	0	0	100	0	0	1	constant	1	Highly Stable	Highly Stable Constant	0	stable_constant
SC_614	100	0	0	100	0	0	1	constant	1	Highly Stable	Highly Stable Constant	0	stable_constant
SC_615	100	0	0	100	0	0	1	constant	1	Highly Stable	Highly Stable Constant	0	stable_constant
SC_616	100	0	0	100	0	0	1	constant	1	Highly Stable	Highly Stable Constant	0	stable_constant
SC_617	100	0	0	100	0	0	1	constant	1	Highly Stable	Highly Stable Constant	0	stable_constant
SC_618	100	0	0	100	0	0	1	constant	1	Highly Stable	Highly Stable Constant	0	stable_constant
SC_619	100	0	0	100	0	0	1	constant	1	Highly Stable	Highly Stable Constant	0	stable_constant
SC_62	100	0	0	100	0	0	1	constant	1	Highly Stable	Highly Stable Constant	0	stable_constant
SC_620	100	0	0	100	0	0	1	constant	1	Highly Stable	Highly Stable Constant	0	stable_constant
SC_621	100	0	0	100	0	0	1	constant	1	Highly Stable	Highly Stable Constant	0	stable_constant
SC_622	100	0	0	100	0	0	1	constant	1	Highly Stable	Highly Stable Constant	0	stable_constant
SC_623	100	0	0	100	0	0	1	constant	1	Highly Stable	Highly Stable Constant	0	stable_constant
SC_624	100	0	0	100	0	0	1	constant	1	Highly Stable	Highly Stable Constant	0	stable_constant
SC_625	100	1	0	99	0.01	0	0.99	constant	0.99	Highly Stable	Highly Stable Constant	0.010000000000000009	stable_constant
SC_626	100	0	0	100	0	0	1	constant	1	Highly Stable	Highly Stable Constant	0	stable_constant
SC_627	100	0	0	100	0	0	1	constant	1	Highly Stable	Highly Stable Constant	0	stable_constant
SC_628	100	0	0	100	0	0	1	constant	1	Highly Stable	Highly Stable Constant	0	stable_constant
SC_629	100	0	0	100	0	0	1	constant	1	Highly Stable	Highly Stable Constant	0	stable_constant
SC_63	100	1	0	99	0.01	0	0.99	constant	0.99	Highly Stable	Highly Stable Constant	0.010000000000000009	stable_constant
SC_630	100	0	0	100	0	0	1	constant	1	Highly Stable	Highly Stable Constant	0	stable_constant
SC_631	100	0	0	100	0	0	1	constant	1	Highly Stable	Highly Stable Constant	0	stable_constant
SC_632	100	0	0	100	0	0	1	constant	1	Highly Stable	Highly Stable Constant	0	stable_constant
SC_633	100	0	0	100	0	0	1	constant	1	Highly Stable	Highly Stable Constant	0	stable_constant
SC_634	100	0	0	100	0	0	1	constant	1	Highly Stable	Highly Stable Constant	0	stable_constant
SC_635	100	0	0	100	0	0	1	constant	1	Highly Stable	Highly Stable Constant	0	stable_constant
SC_636	100	0	0	100	0	0	1	constant	1	Highly Stable	Highly Stable Constant	0	stable_constant
SC_637	100	0	1	99	0	0.01	0.99	constant	0.99	Highly Stable	Highly Stable Constant	0.010000000000000009	stable_constant
SC_638	100	0	1	99	0	0.01	0.99	constant	0.99	Highly Stable	Highly Stable Constant	0.010000000000000009	stable_constant
SC_639	100	0	0	100	0	0	1	constant	1	Highly Stable	Highly Stable Constant	0	stable_constant
SC_64	100	0	0	100	0	0	1	constant	1	Highly Stable	Highly Stable Constant	0	stable_constant
SC_640	100	0	0	100	0	0	1	constant	1	Highly Stable	Highly Stable Constant	0	stable_constant
SC_641	100	0	0	100	0	0	1	constant	1	Highly Stable	Highly Stable Constant	0	stable_constant
SC_642	100	0	0	100	0	0	1	constant	1	Highly Stable	Highly Stable Constant	0	stable_constant
SC_643	100	0	0	100	0	0	1	constant	1	Highly Stable	Highly Stable Constant	0	stable_constant
SC_644	100	0	0	100	0	0	1	constant	1	Highly Stable	Highly Stable Constant	0	stable_constant
SC_645	100	0	0	100	0	0	1	constant	1	Highly Stable	Highly Stable Constant	0	stable_constant
SC_646	100	1	0	99	0.01	0	0.99	constant	0.99	Highly Stable	Highly Stable Constant	0.010000000000000009	stable_constant
SC_647	100	0	0	100	0	0	1	constant	1	Highly Stable	Highly Stable Constant	0	stable_constant
SC_648	100	0	0	100	0	0	1	constant	1	Highly Stable	Highly Stable Constant	0	stable_constant
SC_649	100	0	0	100	0	0	1	constant	1	Highly Stable	Highly Stable Constant	0	stable_constant
SC_65	100	0	0	100	0	0	1	constant	1	Highly Stable	Highly Stable Constant	0	stable_constant
SC_650	100	0	0	100	0	0	1	constant	1	Highly Stable	Highly Stable Constant	0	stable_constant
SC_651	100	0	0	100	0	0	1	constant	1	Highly Stable	Highly Stable Constant	0	stable_constant
SC_652	100	0	0	100	0	0	1	constant	1	Highly Stable	Highly Stable Constant	0	stable_constant
SC_653	100	0	0	100	0	0	1	constant	1	Highly Stable	Highly Stable Constant	0	stable_constant
SC_654	100	0	0	100	0	0	1	constant	1	Highly Stable	Highly Stable Constant	0	stable_constant
SC_655	100	0	0	100	0	0	1	constant	1	Highly Stable	Highly Stable Constant	0	stable_constant
SC_656	100	0	0	100	0	0	1	constant	1	Highly Stable	Highly Stable Constant	0	stable_constant
SC_657	100	0	0	100	0	0	1	constant	1	Highly Stable	Highly Stable Constant	0	stable_constant
SC_658	100	0	0	100	0	0	1	constant	1	Highly Stable	Highly Stable Constant	0	stable_constant
SC_659	100	0	0	100	0	0	1	constant	1	Highly Stable	Highly Stable Constant	0	stable_constant
SC_66	100	1	0	99	0.01	0	0.99	constant	0.99	Highly Stable	Highly Stable Constant	0.010000000000000009	stable_constant
SC_660	100	0	1	99	0	0.01	0.99	constant	0.99	Highly Stable	Highly Stable Constant	0.010000000000000009	stable_constant
SC_661	100	0	1	99	0	0.01	0.99	constant	0.99	Highly Stable	Highly Stable Constant	0.010000000000000009	stable_constant
SC_662	100	0	0	100	0	0	1	constant	1	Highly Stable	Highly Stable Constant	0	stable_constant
SC_663	100	0	0	100	0	0	1	constant	1	Highly Stable	Highly Stable Constant	0	stable_constant
SC_664	100	0	0	100	0	0	1	constant	1	Highly Stable	Highly Stable Constant	0	stable_constant
SC_665	100	0	0	100	0	0	1	constant	1	Highly Stable	Highly Stable Constant	0	stable_constant
SC_666	100	0	0	100	0	0	1	constant	1	Highly Stable	Highly Stable Constant	0	stable_constant
SC_667	100	1	0	99	0.01	0	0.99	constant	0.99	Highly Stable	Highly Stable Constant	0.010000000000000009	stable_constant
SC_668	100	0	0	100	0	0	1	constant	1	Highly Stable	Highly Stable Constant	0	stable_constant
SC_669	100	0	0	100	0	0	1	constant	1	Highly Stable	Highly Stable Constant	0	stable_constant
SC_67	100	1	0	99	0.01	0	0.99	constant	0.99	Highly Stable	Highly Stable Constant	0.010000000000000009	stable_constant
SC_670	100	0	0	100	0	0	1	constant	1	Highly Stable	Highly Stable Constant	0	stable_constant
SC_671	100	0	0	100	0	0	1	constant	1	Highly Stable	Highly Stable Constant	0	stable_constant
SC_672	100	0	1	99	0	0.01	0.99	constant	0.99	Highly Stable	Highly Stable Constant	0.010000000000000009	stable_constant
SC_673	100	0	0	100	0	0	1	constant	1	Highly Stable	Highly Stable Constant	0	stable_constant
SC_674	100	0	0	100	0	0	1	constant	1	Highly Stable	Highly Stable Constant	0	stable_constant
SC_675	100	0	0	100	0	0	1	constant	1	Highly Stable	Highly Stable Constant	0	stable_constant
SC_676	100	0	0	100	0	0	1	constant	1	Highly Stable	Highly Stable Constant	0	stable_constant
SC_677	100	0	0	100	0	0	1	constant	1	Highly Stable	Highly Stable Constant	0	stable_constant
SC_678	100	0	0	100	0	0	1	constant	1	Highly Stable	Highly Stable Constant	0	stable_constant
SC_679	100	0	0	100	0	0	1	constant	1	Highly Stable	Highly Stable Constant	0	stable_constant
SC_68	100	0	0	100	0	0	1	constant	1	Highly Stable	Highly Stable Constant	0	stable_constant
SC_680	100	0	0	100	0	0	1	constant	1	Highly Stable	Highly Stable Constant	0	stable_constant
SC_681	100	1	0	99	0.01	0	0.99	constant	0.99	Highly Stable	Highly Stable Constant	0.010000000000000009	stable_constant
SC_682	100	0	0	100	0	0	1	constant	1	Highly Stable	Highly Stable Constant	0	stable_constant
SC_683	100	0	0	100	0	0	1	constant	1	Highly Stable	Highly Stable Constant	0	stable_constant
SC_684	100	1	0	99	0.01	0	0.99	constant	0.99	Highly Stable	Highly Stable Constant	0.010000000000000009	stable_constant
SC_685	100	0	0	100	0	0	1	constant	1	Highly Stable	Highly Stable Constant	0	stable_constant
SC_686	100	0	0	100	0	0	1	constant	1	Highly Stable	Highly Stable Constant	0	stable_constant
SC_687	100	0	0	100	0	0	1	constant	1	Highly Stable	Highly Stable Constant	0	stable_constant
SC_688	100	0	0	100	0	0	1	constant	1	Highly Stable	Highly Stable Constant	0	stable_constant
SC_689	100	0	0	100	0	0	1	constant	1	Highly Stable	Highly Stable Constant	0	stable_constant
SC_69	100	0	0	100	0	0	1	constant	1	Highly Stable	Highly Stable Constant	0	stable_constant
SC_690	100	0	0	100	0	0	1	constant	1	Highly Stable	Highly Stable Constant	0	stable_constant
SC_691	100	0	0	100	0	0	1	constant	1	Highly Stable	Highly Stable Constant	0	stable_constant
SC_692	100	0	0	100	0	0	1	constant	1	Highly Stable	Highly Stable Constant	0	stable_constant
SC_693	100	0	0	100	0	0	1	constant	1	Highly Stable	Highly Stable Constant	0	stable_constant
SC_694	100	0	0	100	0	0	1	constant	1	Highly Stable	Highly Stable Constant	0	stable_constant
SC_695	100	0	0	100	0	0	1	constant	1	Highly Stable	Highly Stable Constant	0	stable_constant
SC_696	100	0	0	100	0	0	1	constant	1	Highly Stable	Highly Stable Constant	0	stable_constant
SC_697	100	0	0	100	0	0	1	constant	1	Highly Stable	Highly Stable Constant	0	stable_constant
SC_698	100	0	0	100	0	0	1	constant	1	Highly Stable	Highly Stable Constant	0	stable_constant
SC_699	100	0	0	100	0	0	1	constant	1	Highly Stable	Highly Stable Constant	0	stable_constant
SC_7	100	0	0	100	0	0	1	constant	1	Highly Stable	Highly Stable Constant	0	stable_constant
SC_70	100	0	0	100	0	0	1	constant	1	Highly Stable	Highly Stable Constant	0	stable_constant
SC_700	100	0	0	100	0	0	1	constant	1	Highly Stable	Highly Stable Constant	0	stable_constant
SC_701	100	0	0	100	0	0	1	constant	1	Highly Stable	Highly Stable Constant	0	stable_constant
SC_702	100	0	0	100	0	0	1	constant	1	Highly Stable	Highly Stable Constant	0	stable_constant
SC_703	100	0	0	100	0	0	1	constant	1	Highly Stable	Highly Stable Constant	0	stable_constant
SC_704	100	0	0	100	0	0	1	constant	1	Highly Stable	Highly Stable Constant	0	stable_constant
SC_705	100	0	0	100	0	0	1	constant	1	Highly Stable	Highly Stable Constant	0	stable_constant
SC_706	100	0	0	100	0	0	1	constant	1	Highly Stable	Highly Stable Constant	0	stable_constant
SC_707	100	0	0	100	0	0	1	constant	1	Highly Stable	Highly Stable Constant	0	stable_constant
SC_708	100	0	0	100	0	0	1	constant	1	Highly Stable	Highly Stable Constant	0	stable_constant
SC_709	100	0	0	100	0	0	1	constant	1	Highly Stable	Highly Stable Constant	0	stable_constant
SC_71	100	0	0	100	0	0	1	constant	1	Highly Stable	Highly Stable Constant	0	stable_constant
SC_710	100	0	0	100	0	0	1	constant	1	Highly Stable	Highly Stable Constant	0	stable_constant
SC_711	100	0	0	100	0	0	1	constant	1	Highly Stable	Highly Stable Constant	0	stable_constant
SC_712	100	0	0	100	0	0	1	constant	1	Highly Stable	Highly Stable Constant	0	stable_constant
SC_713	100	0	0	100	0	0	1	constant	1	Highly Stable	Highly Stable Constant	0	stable_constant
SC_714	100	0	0	100	0	0	1	constant	1	Highly Stable	Highly Stable Constant	0	stable_constant
SC_715	100	0	0	100	0	0	1	constant	1	Highly Stable	Highly Stable Constant	0	stable_constant
SC_716	100	0	0	100	0	0	1	constant	1	Highly Stable	Highly Stable Constant	0	stable_constant
SC_717	100	0	0	100	0	0	1	constant	1	Highly Stable	Highly Stable Constant	0	stable_constant
SC_718	100	0	0	100	0	0	1	constant	1	Highly Stable	Highly Stable Constant	0	stable_constant
SC_719	100	0	0	100	0	0	1	constant	1	Highly Stable	Highly Stable Constant	0	stable_constant
SC_72	100	0	0	100	0	0	1	constant	1	Highly Stable	Highly Stable Constant	0	stable_constant
SC_720	100	0	0	100	0	0	1	constant	1	Highly Stable	Highly Stable Constant	0	stable_constant
SC_721	100	1	0	99	0.01	0	0.99	constant	0.99	Highly Stable	Highly Stable Constant	0.010000000000000009	stable_constant
SC_722	100	0	0	100	0	0	1	constant	1	Highly Stable	Highly Stable Constant	0	stable_constant
SC_723	100	0	0	100	0	0	1	constant	1	Highly Stable	Highly Stable Constant	0	stable_constant
SC_724	100	0	0	100	0	0	1	constant	1	Highly Stable	Highly Stable Constant	0	stable_constant
SC_725	100	0	0	100	0	0	1	constant	1	Highly Stable	Highly Stable Constant	0	stable_constant
SC_726	100	0	0	100	0	0	1	constant	1	Highly Stable	Highly Stable Constant	0	stable_constant
SC_727	100	0	0	100	0	0	1	constant	1	Highly Stable	Highly Stable Constant	0	stable_constant
SC_728	100	0	1	99	0	0.01	0.99	constant	0.99	Highly Stable	Highly Stable Constant	0.010000000000000009	stable_constant
SC_729	100	0	0	100	0	0	1	constant	1	Highly Stable	Highly Stable Constant	0	stable_constant
SC_73	100	0	0	100	0	0	1	constant	1	Highly Stable	Highly Stable Constant	0	stable_constant
SC_730	100	0	0	100	0	0	1	constant	1	Highly Stable	Highly Stable Constant	0	stable_constant
SC_731	100	0	0	100	0	0	1	constant	1	Highly Stable	Highly Stable Constant	0	stable_constant
SC_732	100	0	0	100	0	0	1	constant	1	Highly Stable	Highly Stable Constant	0	stable_constant
SC_733	100	0	0	100	0	0	1	constant	1	Highly Stable	Highly Stable Constant	0	stable_constant
SC_734	100	0	0	100	0	0	1	constant	1	Highly Stable	Highly Stable Constant	0	stable_constant
SC_735	100	0	0	100	0	0	1	constant	1	Highly Stable	Highly Stable Constant	0	stable_constant
SC_736	100	0	0	100	0	0	1	constant	1	Highly Stable	Highly Stable Constant	0	stable_constant
SC_737	100	0	0	100	0	0	1	constant	1	Highly Stable	Highly Stable Constant	0	stable_constant
SC_738	100	0	0	100	0	0	1	constant	1	Highly Stable	Highly Stable Constant	0	stable_constant
SC_739	100	0	0	100	0	0	1	constant	1	Highly Stable	Highly Stable Constant	0	stable_constant
SC_74	100	0	0	100	0	0	1	constant	1	Highly Stable	Highly Stable Constant	0	stable_constant
SC_740	100	0	0	100	0	0	1	constant	1	Highly Stable	Highly Stable Constant	0	stable_constant
SC_741	100	0	0	100	0	0	1	constant	1	Highly Stable	Highly Stable Constant	0	stable_constant
SC_742	100	0	0	100	0	0	1	constant	1	Highly Stable	Highly Stable Constant	0	stable_constant
SC_743	100	0	0	100	0	0	1	constant	1	Highly Stable	Highly Stable Constant	0	stable_constant
SC_744	100	0	0	100	0	0	1	constant	1	Highly Stable	Highly Stable Constant	0	stable_constant
SC_745	100	0	0	100	0	0	1	constant	1	Highly Stable	Highly Stable Constant	0	stable_constant
SC_746	100	0	0	100	0	0	1	constant	1	Highly Stable	Highly Stable Constant	0	stable_constant
SC_747	100	1	0	99	0.01	0	0.99	constant	0.99	Highly Stable	Highly Stable Constant	0.010000000000000009	stable_constant
SC_748	100	0	1	99	0	0.01	0.99	constant	0.99	Highly Stable	Highly Stable Constant	0.010000000000000009	stable_constant
SC_749	100	0	0	100	0	0	1	constant	1	Highly Stable	Highly Stable Constant	0	stable_constant
SC_75	100	0	0	100	0	0	1	constant	1	Highly Stable	Highly Stable Constant	0	stable_constant
SC_750	100	0	0	100	0	0	1	constant	1	Highly Stable	Highly Stable Constant	0	stable_constant
SC_751	100	0	0	100	0	0	1	constant	1	Highly Stable	Highly Stable Constant	0	stable_constant
SC_752	100	0	0	100	0	0	1	constant	1	Highly Stable	Highly Stable Constant	0	stable_constant
SC_753	100	1	0	99	0.01	0	0.99	constant	0.99	Highly Stable	Highly Stable Constant	0.010000000000000009	stable_constant
SC_754	100	0	0	100	0	0	1	constant	1	Highly Stable	Highly Stable Constant	0	stable_constant
SC_755	100	0	0	100	0	0	1	constant	1	Highly Stable	Highly Stable Constant	0	stable_constant
SC_756	100	0	0	100	0	0	1	constant	1	Highly Stable	Highly Stable Constant	0	stable_constant
SC_757	100	0	0	100	0	0	1	constant	1	Highly Stable	Highly Stable Constant	0	stable_constant
SC_758	100	0	0	100	0	0	1	constant	1	Highly Stable	Highly Stable Constant	0	stable_constant
SC_759	100	0	0	100	0	0	1	constant	1	Highly Stable	Highly Stable Constant	0	stable_constant
SC_76	100	0	0	100	0	0	1	constant	1	Highly Stable	Highly Stable Constant	0	stable_constant
SC_760	100	0	0	100	0	0	1	constant	1	Highly Stable	Highly Stable Constant	0	stable_constant
SC_761	100	0	0	100	0	0	1	constant	1	Highly Stable	Highly Stable Constant	0	stable_constant
SC_762	100	0	0	100	0	0	1	constant	1	Highly Stable	Highly Stable Constant	0	stable_constant
SC_763	100	0	0	100	0	0	1	constant	1	Highly Stable	Highly Stable Constant	0	stable_constant
SC_764	100	0	0	100	0	0	1	constant	1	Highly Stable	Highly Stable Constant	0	stable_constant
SC_765	100	0	0	100	0	0	1	constant	1	Highly Stable	Highly Stable Constant	0	stable_constant
SC_766	100	0	0	100	0	0	1	constant	1	Highly Stable	Highly Stable Constant	0	stable_constant
SC_767	100	0	0	100	0	0	1	constant	1	Highly Stable	Highly Stable Constant	0	stable_constant
SC_768	100	0	0	100	0	0	1	constant	1	Highly Stable	Highly Stable Constant	0	stable_constant
SC_769	100	0	0	100	0	0	1	constant	1	Highly Stable	Highly Stable Constant	0	stable_constant
SC_77	100	0	0	100	0	0	1	constant	1	Highly Stable	Highly Stable Constant	0	stable_constant
SC_770	100	0	0	100	0	0	1	constant	1	Highly Stable	Highly Stable Constant	0	stable_constant
SC_771	100	0	0	100	0	0	1	constant	1	Highly Stable	Highly Stable Constant	0	stable_constant
SC_772	100	0	0	100	0	0	1	constant	1	Highly Stable	Highly Stable Constant	0	stable_constant
SC_773	100	0	0	100	0	0	1	constant	1	Highly Stable	Highly Stable Constant	0	stable_constant
SC_774	100	0	0	100	0	0	1	constant	1	Highly Stable	Highly Stable Constant	0	stable_constant
SC_775	100	0	0	100	0	0	1	constant	1	Highly Stable	Highly Stable Constant	0	stable_constant
SC_776	100	0	0	100	0	0	1	constant	1	Highly Stable	Highly Stable Constant	0	stable_constant
SC_777	100	0	0	100	0	0	1	constant	1	Highly Stable	Highly Stable Constant	0	stable_constant
SC_778	100	0	0	100	0	0	1	constant	1	Highly Stable	Highly Stable Constant	0	stable_constant
SC_779	100	0	0	100	0	0	1	constant	1	Highly Stable	Highly Stable Constant	0	stable_constant
SC_78	100	0	0	100	0	0	1	constant	1	Highly Stable	Highly Stable Constant	0	stable_constant
SC_780	100	0	0	100	0	0	1	constant	1	Highly Stable	Highly Stable Constant	0	stable_constant
SC_781	100	0	0	100	0	0	1	constant	1	Highly Stable	Highly Stable Constant	0	stable_constant
SC_782	100	0	0	100	0	0	1	constant	1	Highly Stable	Highly Stable Constant	0	stable_constant
SC_783	100	0	0	100	0	0	1	constant	1	Highly Stable	Highly Stable Constant	0	stable_constant
SC_784	100	0	0	100	0	0	1	constant	1	Highly Stable	Highly Stable Constant	0	stable_constant
SC_785	100	0	0	100	0	0	1	constant	1	Highly Stable	Highly Stable Constant	0	stable_constant
SC_786	100	0	0	100	0	0	1	constant	1	Highly Stable	Highly Stable Constant	0	stable_constant
SC_787	100	0	0	100	0	0	1	constant	1	Highly Stable	Highly Stable Constant	0	stable_constant
SC_788	100	0	0	100	0	0	1	constant	1	Highly Stable	Highly Stable Constant	0	stable_constant
SC_789	100	0	0	100	0	0	1	constant	1	Highly Stable	Highly Stable Constant	0	stable_constant
SC_79	100	0	0	100	0	0	1	constant	1	Highly Stable	Highly Stable Constant	0	stable_constant
SC_790	100	0	0	100	0	0	1	constant	1	Highly Stable	Highly Stable Constant	0	stable_constant
SC_791	100	0	0	100	0	0	1	constant	1	Highly Stable	Highly Stable Constant	0	stable_constant
SC_792	100	0	0	100	0	0	1	constant	1	Highly Stable	Highly Stable Constant	0	stable_constant
SC_793	100	0	0	100	0	0	1	constant	1	Highly Stable	Highly Stable Constant	0	stable_constant
SC_794	100	0	0	100	0	0	1	constant	1	Highly Stable	Highly Stable Constant	0	stable_constant
SC_795	100	0	0	100	0	0	1	constant	1	Highly Stable	Highly Stable Constant	0	stable_constant
SC_796	100	1	0	99	0.01	0	0.99	constant	0.99	Highly Stable	Highly Stable Constant	0.010000000000000009	stable_constant
SC_797	100	0	0	100	0	0	1	constant	1	Highly Stable	Highly Stable Constant	0	stable_constant
SC_798	100	0	0	100	0	0	1	constant	1	Highly Stable	Highly Stable Constant	0	stable_constant
SC_799	100	0	0	100	0	0	1	constant	1	Highly Stable	Highly Stable Constant	0	stable_constant
SC_8	100	0	0	100	0	0	1	constant	1	Highly Stable	Highly Stable Constant	0	stable_constant
SC_80	100	0	0	100	0	0	1	constant	1	Highly Stable	Highly Stable Constant	0	stable_constant
SC_800	100	1	0	99	0.01	0	0.99	constant	0.99	Highly Stable	Highly Stable Constant	0.010000000000000009	stable_constant
SC_801	100	0	0	100	0	0	1	constant	1	Highly Stable	Highly Stable Constant	0	stable_constant
SC_802	100	0	0	100	0	0	1	constant	1	Highly Stable	Highly Stable Constant	0	stable_constant
SC_803	100	0	0	100	0	0	1	constant	1	Highly Stable	Highly Stable Constant	0	stable_constant
SC_804	100	0	0	100	0	0	1	constant	1	Highly Stable	Highly Stable Constant	0	stable_constant
SC_805	100	1	0	99	0.01	0	0.99	constant	0.99	Highly Stable	Highly Stable Constant	0.010000000000000009	stable_constant
SC_806	100	0	0	100	0	0	1	constant	1	Highly Stable	Highly Stable Constant	0	stable_constant
SC_807	100	0	0	100	0	0	1	constant	1	Highly Stable	Highly Stable Constant	0	stable_constant
SC_808	100	0	0	100	0	0	1	constant	1	Highly Stable	Highly Stable Constant	0	stable_constant
SC_809	100	0	0	100	0	0	1	constant	1	Highly Stable	Highly Stable Constant	0	stable_constant
SC_81	100	0	0	100	0	0	1	constant	1	Highly Stable	Highly Stable Constant	0	stable_constant
SC_810	100	0	0	100	0	0	1	constant	1	Highly Stable	Highly Stable Constant	0	stable_constant
SC_811	100	0	0	100	0	0	1	constant	1	Highly Stable	Highly Stable Constant	0	stable_constant
SC_812	100	0	0	100	0	0	1	constant	1	Highly Stable	Highly Stable Constant	0	stable_constant
SC_813	100	0	0	100	0	0	1	constant	1	Highly Stable	Highly Stable Constant	0	stable_constant
SC_814	100	0	0	100	0	0	1	constant	1	Highly Stable	Highly Stable Constant	0	stable_constant
SC_815	100	0	0	100	0	0	1	constant	1	Highly Stable	Highly Stable Constant	0	stable_constant
SC_816	100	0	0	100	0	0	1	constant	1	Highly Stable	Highly Stable Constant	0	stable_constant
SC_817	100	0	0	100	0	0	1	constant	1	Highly Stable	Highly Stable Constant	0	stable_constant
SC_818	100	0	0	100	0	0	1	constant	1	Highly Stable	Highly Stable Constant	0	stable_constant
SC_819	100	0	0	100	0	0	1	constant	1	Highly Stable	Highly Stable Constant	0	stable_constant
SC_82	100	0	0	100	0	0	1	constant	1	Highly Stable	Highly Stable Constant	0	stable_constant
SC_820	100	0	0	100	0	0	1	constant	1	Highly Stable	Highly Stable Constant	0	stable_constant
SC_821	100	0	0	100	0	0	1	constant	1	Highly Stable	Highly Stable Constant	0	stable_constant
SC_822	100	0	0	100	0	0	1	constant	1	Highly Stable	Highly Stable Constant	0	stable_constant
SC_823	100	0	0	100	0	0	1	constant	1	Highly Stable	Highly Stable Constant	0	stable_constant
SC_824	100	1	0	99	0.01	0	0.99	constant	0.99	Highly Stable	Highly Stable Constant	0.010000000000000009	stable_constant
SC_825	100	0	0	100	0	0	1	constant	1	Highly Stable	Highly Stable Constant	0	stable_constant
SC_826	100	0	0	100	0	0	1	constant	1	Highly Stable	Highly Stable Constant	0	stable_constant
SC_827	100	0	0	100	0	0	1	constant	1	Highly Stable	Highly Stable Constant	0	stable_constant
SC_828	100	0	0	100	0	0	1	constant	1	Highly Stable	Highly Stable Constant	0	stable_constant
SC_829	100	0	0	100	0	0	1	constant	1	Highly Stable	Highly Stable Constant	0	stable_constant
SC_83	100	0	0	100	0	0	1	constant	1	Highly Stable	Highly Stable Constant	0	stable_constant
SC_830	100	0	0	100	0	0	1	constant	1	Highly Stable	Highly Stable Constant	0	stable_constant
SC_831	100	0	0	100	0	0	1	constant	1	Highly Stable	Highly Stable Constant	0	stable_constant
SC_832	100	0	0	100	0	0	1	constant	1	Highly Stable	Highly Stable Constant	0	stable_constant
SC_833	100	1	0	99	0.01	0	0.99	constant	0.99	Highly Stable	Highly Stable Constant	0.010000000000000009	stable_constant
SC_834	100	0	0	100	0	0	1	constant	1	Highly Stable	Highly Stable Constant	0	stable_constant
SC_835	100	0	0	100	0	0	1	constant	1	Highly Stable	Highly Stable Constant	0	stable_constant
SC_836	100	0	0	100	0	0	1	constant	1	Highly Stable	Highly Stable Constant	0	stable_constant
SC_837	100	0	0	100	0	0	1	constant	1	Highly Stable	Highly Stable Constant	0	stable_constant
SC_838	100	0	0	100	0	0	1	constant	1	Highly Stable	Highly Stable Constant	0	stable_constant
SC_839	100	0	0	100	0	0	1	constant	1	Highly Stable	Highly Stable Constant	0	stable_constant
SC_84	100	0	0	100	0	0	1	constant	1	Highly Stable	Highly Stable Constant	0	stable_constant
SC_840	100	1	0	99	0.01	0	0.99	constant	0.99	Highly Stable	Highly Stable Constant	0.010000000000000009	stable_constant
SC_841	100	0	0	100	0	0	1	constant	1	Highly Stable	Highly Stable Constant	0	stable_constant
SC_842	100	0	0	100	0	0	1	constant	1	Highly Stable	Highly Stable Constant	0	stable_constant
SC_843	100	0	0	100	0	0	1	constant	1	Highly Stable	Highly Stable Constant	0	stable_constant
SC_844	100	0	0	100	0	0	1	constant	1	Highly Stable	Highly Stable Constant	0	stable_constant
SC_845	100	0	0	100	0	0	1	constant	1	Highly Stable	Highly Stable Constant	0	stable_constant
SC_846	100	0	0	100	0	0	1	constant	1	Highly Stable	Highly Stable Constant	0	stable_constant
SC_847	100	0	0	100	0	0	1	constant	1	Highly Stable	Highly Stable Constant	0	stable_constant
SC_848	100	0	1	99	0	0.01	0.99	constant	0.99	Highly Stable	Highly Stable Constant	0.010000000000000009	stable_constant
SC_849	100	0	0	100	0	0	1	constant	1	Highly Stable	Highly Stable Constant	0	stable_constant
SC_85	100	0	0	100	0	0	1	constant	1	Highly Stable	Highly Stable Constant	0	stable_constant
SC_850	100	0	0	100	0	0	1	constant	1	Highly Stable	Highly Stable Constant	0	stable_constant
SC_851	100	0	0	100	0	0	1	constant	1	Highly Stable	Highly Stable Constant	0	stable_constant
SC_852	100	0	0	100	0	0	1	constant	1	Highly Stable	Highly Stable Constant	0	stable_constant
SC_853	100	0	0	100	0	0	1	constant	1	Highly Stable	Highly Stable Constant	0	stable_constant
SC_854	100	0	0	100	0	0	1	constant	1	Highly Stable	Highly Stable Constant	0	stable_constant
SC_855	100	0	0	100	0	0	1	constant	1	Highly Stable	Highly Stable Constant	0	stable_constant
SC_856	100	0	0	100	0	0	1	constant	1	Highly Stable	Highly Stable Constant	0	stable_constant
SC_857	100	0	0	100	0	0	1	constant	1	Highly Stable	Highly Stable Constant	0	stable_constant
SC_858	100	0	0	100	0	0	1	constant	1	Highly Stable	Highly Stable Constant	0	stable_constant
SC_859	100	0	0	100	0	0	1	constant	1	Highly Stable	Highly Stable Constant	0	stable_constant
SC_86	100	0	0	100	0	0	1	constant	1	Highly Stable	Highly Stable Constant	0	stable_constant
SC_860	100	0	0	100	0	0	1	constant	1	Highly Stable	Highly Stable Constant	0	stable_constant
SC_861	100	0	0	100	0	0	1	constant	1	Highly Stable	Highly Stable Constant	0	stable_constant
SC_862	100	0	0	100	0	0	1	constant	1	Highly Stable	Highly Stable Constant	0	stable_constant
SC_863	100	0	0	100	0	0	1	constant	1	Highly Stable	Highly Stable Constant	0	stable_constant
SC_864	100	0	0	100	0	0	1	constant	1	Highly Stable	Highly Stable Constant	0	stable_constant
SC_865	100	0	0	100	0	0	1	constant	1	Highly Stable	Highly Stable Constant	0	stable_constant
SC_866	100	0	0	100	0	0	1	constant	1	Highly Stable	Highly Stable Constant	0	stable_constant
SC_867	100	0	0	100	0	0	1	constant	1	Highly Stable	Highly Stable Constant	0	stable_constant
SC_868	100	0	0	100	0	0	1	constant	1	Highly Stable	Highly Stable Constant	0	stable_constant
SC_869	100	0	0	100	0	0	1	constant	1	Highly Stable	Highly Stable Constant	0	stable_constant
SC_87	100	0	0	100	0	0	1	constant	1	Highly Stable	Highly Stable Constant	0	stable_constant
SC_870	100	0	0	100	0	0	1	constant	1	Highly Stable	Highly Stable Constant	0	stable_constant
SC_871	100	0	0	100	0	0	1	constant	1	Highly Stable	Highly Stable Constant	0	stable_constant
SC_872	100	0	0	100	0	0	1	constant	1	Highly Stable	Highly Stable Constant	0	stable_constant
SC_873	100	0	0	100	0	0	1	constant	1	Highly Stable	Highly Stable Constant	0	stable_constant
SC_874	100	0	0	100	0	0	1	constant	1	Highly Stable	Highly Stable Constant	0	stable_constant
SC_875	100	0	0	100	0	0	1	constant	1	Highly Stable	Highly Stable Constant	0	stable_constant
SC_876	100	0	0	100	0	0	1	constant	1	Highly Stable	Highly Stable Constant	0	stable_constant
SC_877	100	0	0	100	0	0	1	constant	1	Highly Stable	Highly Stable Constant	0	stable_constant
SC_878	100	0	0	100	0	0	1	constant	1	Highly Stable	Highly Stable Constant	0	stable_constant
SC_879	100	0	0	100	0	0	1	constant	1	Highly Stable	Highly Stable Constant	0	stable_constant
SC_88	100	0	0	100	0	0	1	constant	1	Highly Stable	Highly Stable Constant	0	stable_constant
SC_880	100	0	0	100	0	0	1	constant	1	Highly Stable	Highly Stable Constant	0	stable_constant
SC_881	100	0	0	100	0	0	1	constant	1	Highly Stable	Highly Stable Constant	0	stable_constant
SC_882	100	0	0	100	0	0	1	constant	1	Highly Stable	Highly Stable Constant	0	stable_constant
SC_883	100	0	0	100	0	0	1	constant	1	Highly Stable	Highly Stable Constant	0	stable_constant
SC_884	100	0	0	100	0	0	1	constant	1	Highly Stable	Highly Stable Constant	0	stable_constant
SC_885	100	0	0	100	0	0	1	constant	1	Highly Stable	Highly Stable Constant	0	stable_constant
SC_886	100	0	0	100	0	0	1	constant	1	Highly Stable	Highly Stable Constant	0	stable_constant
SC_887	100	0	0	100	0	0	1	constant	1	Highly Stable	Highly Stable Constant	0	stable_constant
SC_888	100	0	0	100	0	0	1	constant	1	Highly Stable	Highly Stable Constant	0	stable_constant
SC_889	100	0	1	99	0	0.01	0.99	constant	0.99	Highly Stable	Highly Stable Constant	0.010000000000000009	stable_constant
SC_89	100	0	0	100	0	0	1	constant	1	Highly Stable	Highly Stable Constant	0	stable_constant
SC_890	100	0	0	100	0	0	1	constant	1	Highly Stable	Highly Stable Constant	0	stable_constant
SC_891	100	0	0	100	0	0	1	constant	1	Highly Stable	Highly Stable Constant	0	stable_constant
SC_892	100	0	0	100	0	0	1	constant	1	Highly Stable	Highly Stable Constant	0	stable_constant
SC_893	100	0	0	100	0	0	1	constant	1	Highly Stable	Highly Stable Constant	0	stable_constant
SC_894	100	0	0	100	0	0	1	constant	1	Highly Stable	Highly Stable Constant	0	stable_constant
SC_895	100	0	0	100	0	0	1	constant	1	Highly Stable	Highly Stable Constant	0	stable_constant
SC_896	100	0	0	100	0	0	1	constant	1	Highly Stable	Highly Stable Constant	0	stable_constant
SC_897	100	0	0	100	0	0	1	constant	1	Highly Stable	Highly Stable Constant	0	stable_constant
SC_898	100	0	1	99	0	0.01	0.99	constant	0.99	Highly Stable	Highly Stable Constant	0.010000000000000009	stable_constant
SC_899	100	0	0	100	0	0	1	constant	1	Highly Stable	Highly Stable Constant	0	stable_constant
SC_9	100	0	0	100	0	0	1	constant	1	Highly Stable	Highly Stable Constant	0	stable_constant
SC_90	100	0	0	100	0	0	1	constant	1	Highly Stable	Highly Stable Constant	0	stable_constant
SC_900	100	1	0	99	0.01	0	0.99	constant	0.99	Highly Stable	Highly Stable Constant	0.010000000000000009	stable_constant
SC_901	100	0	0	100	0	0	1	constant	1	Highly Stable	Highly Stable Constant	0	stable_constant
SC_902	100	0	0	100	0	0	1	constant	1	Highly Stable	Highly Stable Constant	0	stable_constant
SC_903	100	0	0	100	0	0	1	constant	1	Highly Stable	Highly Stable Constant	0	stable_constant
SC_904	100	0	0	100	0	0	1	constant	1	Highly Stable	Highly Stable Constant	0	stable_constant
SC_905	100	0	0	100	0	0	1	constant	1	Highly Stable	Highly Stable Constant	0	stable_constant
SC_906	100	0	0	100	0	0	1	constant	1	Highly Stable	Highly Stable Constant	0	stable_constant
SC_907	100	0	0	100	0	0	1	constant	1	Highly Stable	Highly Stable Constant	0	stable_constant
SC_908	100	0	0	100	0	0	1	constant	1	Highly Stable	Highly Stable Constant	0	stable_constant
SC_909	100	0	0	100	0	0	1	constant	1	Highly Stable	Highly Stable Constant	0	stable_constant
SC_91	100	0	0	100	0	0	1	constant	1	Highly Stable	Highly Stable Constant	0	stable_constant
SC_910	100	0	0	100	0	0	1	constant	1	Highly Stable	Highly Stable Constant	0	stable_constant
SC_911	100	0	0	100	0	0	1	constant	1	Highly Stable	Highly Stable Constant	0	stable_constant
SC_912	100	1	0	99	0.01	0	0.99	constant	0.99	Highly Stable	Highly Stable Constant	0.010000000000000009	stable_constant
SC_913	100	0	0	100	0	0	1	constant	1	Highly Stable	Highly Stable Constant	0	stable_constant
SC_914	100	0	0	100	0	0	1	constant	1	Highly Stable	Highly Stable Constant	0	stable_constant
SC_915	100	0	0	100	0	0	1	constant	1	Highly Stable	Highly Stable Constant	0	stable_constant
SC_916	100	0	0	100	0	0	1	constant	1	Highly Stable	Highly Stable Constant	0	stable_constant
SC_917	100	0	0	100	0	0	1	constant	1	Highly Stable	Highly Stable Constant	0	stable_constant
SC_918	100	0	1	99	0	0.01	0.99	constant	0.99	Highly Stable	Highly Stable Constant	0.010000000000000009	stable_constant
SC_919	100	0	0	100	0	0	1	constant	1	Highly Stable	Highly Stable Constant	0	stable_constant
SC_92	100	0	0	100	0	0	1	constant	1	Highly Stable	Highly Stable Constant	0	stable_constant
SC_920	100	0	0	100	0	0	1	constant	1	Highly Stable	Highly Stable Constant	0	stable_constant
SC_921	100	0	0	100	0	0	1	constant	1	Highly Stable	Highly Stable Constant	0	stable_constant
SC_922	100	0	0	100	0	0	1	constant	1	Highly Stable	Highly Stable Constant	0	stable_constant
SC_923	100	0	1	99	0	0.01	0.99	constant	0.99	Highly Stable	Highly Stable Constant	0.010000000000000009	stable_constant
SC_924	100	0	0	100	0	0	1	constant	1	Highly Stable	Highly Stable Constant	0	stable_constant
SC_925	100	1	0	99	0.01	0	0.99	constant	0.99	Highly Stable	Highly Stable Constant	0.010000000000000009	stable_constant
SC_926	100	0	0	100	0	0	1	constant	1	Highly Stable	Highly Stable Constant	0	stable_constant
SC_927	100	0	0	100	0	0	1	constant	1	Highly Stable	Highly Stable Constant	0	stable_constant
SC_928	100	0	0	100	0	0	1	constant	1	Highly Stable	Highly Stable Constant	0	stable_constant
SC_929	100	0	1	99	0	0.01	0.99	constant	0.99	Highly Stable	Highly Stable Constant	0.010000000000000009	stable_constant
SC_93	100	0	0	100	0	0	1	constant	1	Highly Stable	Highly Stable Constant	0	stable_constant
SC_930	100	0	0	100	0	0	1	constant	1	Highly Stable	Highly Stable Constant	0	stable_constant
SC_931	100	0	0	100	0	0	1	constant	1	Highly Stable	Highly Stable Constant	0	stable_constant
SC_932	100	0	0	100	0	0	1	constant	1	Highly Stable	Highly Stable Constant	0	stable_constant
SC_933	100	0	0	100	0	0	1	constant	1	Highly Stable	Highly Stable Constant	0	stable_constant
SC_934	100	0	0	100	0	0	1	constant	1	Highly Stable	Highly Stable Constant	0	stable_constant
SC_935	100	0	0	100	0	0	1	constant	1	Highly Stable	Highly Stable Constant	0	stable_constant
SC_936	100	0	0	100	0	0	1	constant	1	Highly Stable	Highly Stable Constant	0	stable_constant
SC_937	100	0	0	100	0	0	1	constant	1	Highly Stable	Highly Stable Constant	0	stable_constant
SC_938	100	0	0	100	0	0	1	constant	1	Highly Stable	Highly Stable Constant	0	stable_constant
SC_939	100	0	0	100	0	0	1	constant	1	Highly Stable	Highly Stable Constant	0	stable_constant
SC_94	100	0	0	100	0	0	1	constant	1	Highly Stable	Highly Stable Constant	0	stable_constant
SC_940	100	0	0	100	0	0	1	constant	1	Highly Stable	Highly Stable Constant	0	stable_constant
SC_941	100	0	0	100	0	0	1	constant	1	Highly Stable	Highly Stable Constant	0	stable_constant
SC_942	100	0	0	100	0	0	1	constant	1	Highly Stable	Highly Stable Constant	0	stable_constant
SC_943	100	0	0	100	0	0	1	constant	1	Highly Stable	Highly Stable Constant	0	stable_constant
SC_944	100	0	0	100	0	0	1	constant	1	Highly Stable	Highly Stable Constant	0	stable_constant
SC_945	100	0	0	100	0	0	1	constant	1	Highly Stable	Highly Stable Constant	0	stable_constant
SC_946	100	0	0	100	0	0	1	constant	1	Highly Stable	Highly Stable Constant	0	stable_constant
SC_947	100	0	0	100	0	0	1	constant	1	Highly Stable	Highly Stable Constant	0	stable_constant
SC_948	100	0	0	100	0	0	1	constant	1	Highly Stable	Highly Stable Constant	0	stable_constant
SC_949	100	0	0	100	0	0	1	constant	1	Highly Stable	Highly Stable Constant	0	stable_constant
SC_95	100	0	0	100	0	0	1	constant	1	Highly Stable	Highly Stable Constant	0	stable_constant
SC_950	100	0	0	100	0	0	1	constant	1	Highly Stable	Highly Stable Constant	0	stable_constant
SC_951	100	0	1	99	0	0.01	0.99	constant	0.99	Highly Stable	Highly Stable Constant	0.010000000000000009	stable_constant
SC_952	100	0	0	100	0	0	1	constant	1	Highly Stable	Highly Stable Constant	0	stable_constant
SC_953	100	0	0	100	0	0	1	constant	1	Highly Stable	Highly Stable Constant	0	stable_constant
SC_954	100	1	0	99	0.01	0	0.99	constant	0.99	Highly Stable	Highly Stable Constant	0.010000000000000009	stable_constant
SC_955	100	0	0	100	0	0	1	constant	1	Highly Stable	Highly Stable Constant	0	stable_constant
SC_956	100	0	0	100	0	0	1	constant	1	Highly Stable	Highly Stable Constant	0	stable_constant
SC_957	100	0	0	100	0	0	1	constant	1	Highly Stable	Highly Stable Constant	0	stable_constant
SC_958	100	0	0	100	0	0	1	constant	1	Highly Stable	Highly Stable Constant	0	stable_constant
SC_959	100	0	0	100	0	0	1	constant	1	Highly Stable	Highly Stable Constant	0	stable_constant
SC_96	100	0	0	100	0	0	1	constant	1	Highly Stable	Highly Stable Constant	0	stable_constant
SC_960	100	0	0	100	0	0	1	constant	1	Highly Stable	Highly Stable Constant	0	stable_constant
SC_961	100	0	0	100	0	0	1	constant	1	Highly Stable	Highly Stable Constant	0	stable_constant
SC_962	100	0	0	100	0	0	1	constant	1	Highly Stable	Highly Stable Constant	0	stable_constant
SC_963	100	0	0	100	0	0	1	constant	1	Highly Stable	Highly Stable Constant	0	stable_constant
SC_964	100	0	0	100	0	0	1	constant	1	Highly Stable	Highly Stable Constant	0	stable_constant
SC_965	100	0	0	100	0	0	1	constant	1	Highly Stable	Highly Stable Constant	0	stable_constant
SC_966	100	0	0	100	0	0	1	constant	1	Highly Stable	Highly Stable Constant	0	stable_constant
SC_967	100	0	0	100	0	0	1	constant	1	Highly Stable	Highly Stable Constant	0	stable_constant
SC_968	100	0	0	100	0	0	1	constant	1	Highly Stable	Highly Stable Constant	0	stable_constant
SC_969	100	0	0	100	0	0	1	constant	1	Highly Stable	Highly Stable Constant	0	stable_constant
SC_97	100	0	0	100	0	0	1	constant	1	Highly Stable	Highly Stable Constant	0	stable_constant
SC_970	100	0	0	100	0	0	1	constant	1	Highly Stable	Highly Stable Constant	0	stable_constant
SC_971	100	0	0	100	0	0	1	constant	1	Highly Stable	Highly Stable Constant	0	stable_constant
SC_972	100	0	0	100	0	0	1	constant	1	Highly Stable	Highly Stable Constant	0	stable_constant
SC_973	100	0	0	100	0	0	1	constant	1	Highly Stable	Highly Stable Constant	0	stable_constant
SC_974	100	0	0	100	0	0	1	constant	1	Highly Stable	Highly Stable Constant	0	stable_constant
SC_975	100	0	0	100	0	0	1	constant	1	Highly Stable	Highly Stable Constant	0	stable_constant
SC_976	100	0	0	100	0	0	1	constant	1	Highly Stable	Highly Stable Constant	0	stable_constant
SC_977	100	0	0	100	0	0	1	constant	1	Highly Stable	Highly Stable Constant	0	stable_constant
SC_978	100	0	0	100	0	0	1	constant	1	Highly Stable	Highly Stable Constant	0	stable_constant
SC_979	100	0	0	100	0	0	1	constant	1	Highly Stable	Highly Stable Constant	0	stable_constant
SC_98	100	0	0	100	0	0	1	constant	1	Highly Stable	Highly Stable Constant	0	stable_constant
SC_980	100	0	0	100	0	0	1	constant	1	Highly Stable	Highly Stable Constant	0	stable_constant
SC_981	100	0	0	100	0	0	1	constant	1	Highly Stable	Highly Stable Constant	0	stable_constant
SC_982	100	0	0	100	0	0	1	constant	1	Highly Stable	Highly Stable Constant	0	stable_constant
SC_983	100	0	0	100	0	0	1	constant	1	Highly Stable	Highly Stable Constant	0	stable_constant
SC_984	100	0	0	100	0	0	1	constant	1	Highly Stable	Highly Stable Constant	0	stable_constant
SC_985	100	0	0	100	0	0	1	constant	1	Highly Stable	Highly Stable Constant	0	stable_constant
SC_986	100	0	0	100	0	0	1	constant	1	Highly Stable	Highly Stable Constant	0	stable_constant
SC_987	100	0	0	100	0	0	1	constant	1	Highly Stable	Highly Stable Constant	0	stable_constant
SC_988	100	0	0	100	0	0	1	constant	1	Highly Stable	Highly Stable Constant	0	stable_constant
SC_989	100	0	0	100	0	0	1	constant	1	Highly Stable	Highly Stable Constant	0	stable_constant
SC_99	100	0	0	100	0	0	1	constant	1	Highly Stable	Highly Stable Constant	0	stable_constant
SC_990	100	0	0	100	0	0	1	constant	1	Highly Stable	Highly Stable Constant	0	stable_constant
SC_991	100	0	0	100	0	0	1	constant	1	Highly Stable	Highly Stable Constant	0	stable_constant
SC_992	100	0	0	100	0	0	1	constant	1	Highly Stable	Highly Stable Constant	0	stable_constant
SC_993	100	0	0	100	0	0	1	constant	1	Highly Stable	Highly Stable Constant	0	stable_constant
SC_994	100	0	0	100	0	0	1	constant	1	Highly Stable	Highly Stable Constant	0	stable_constant
SC_995	100	0	0	100	0	0	1	constant	1	Highly Stable	Highly Stable Constant	0	stable_constant
SC_996	100	0	0	100	0	0	1	constant	1	Highly Stable	Highly Stable Constant	0	stable_constant
SC_997	100	0	0	100	0	0	1	constant	1	Highly Stable	Highly Stable Constant	0	stable_constant
SC_998	100	0	0	100	0	0	1	constant	1	Highly Stable	Highly Stable Constant	0	stable_constant
SC_999	100	0	0	100	0	0	1	constant	1	Highly Stable	Highly Stable Constant	0	stable_constant
SD_1	100	0	100	0	0	1	0	down	1	Highly Stable	Highly Stable Down	0	stable_down
SD_10	100	0	100	0	0	1	0	down	1	Highly Stable	Highly Stable Down	0	stable_down
SD_100	100	0	100	0	0	1	0	down	1	Highly Stable	Highly Stable Down	0	stable_down
SD_1000	100	0	100	0	0	1	0	down	1	Highly Stable	Highly Stable Down	0	stable_down
SD_101	100	0	100	0	0	1	0	down	1	Highly Stable	Highly Stable Down	0	stable_down
SD_102	100	0	100	0	0	1	0	down	1	Highly Stable	Highly Stable Down	0	stable_down
SD_103	100	0	100	0	0	1	0	down	1	Highly Stable	Highly Stable Down	0	stable_down
SD_104	100	0	100	0	0	1	0	down	1	Highly Stable	Highly Stable Down	0	stable_down
SD_105	100	0	100	0	0	1	0	down	1	Highly Stable	Highly Stable Down	0	stable_down
SD_106	100	0	100	0	0	1	0	down	1	Highly Stable	Highly Stable Down	0	stable_down
SD_107	100	0	100	0	0	1	0	down	1	Highly Stable	Highly Stable Down	0	stable_down
SD_108	100	0	100	0	0	1	0	down	1	Highly Stable	Highly Stable Down	0	stable_down
SD_109	100	0	100	0	0	1	0	down	1	Highly Stable	Highly Stable Down	0	stable_down
SD_11	100	0	100	0	0	1	0	down	1	Highly Stable	Highly Stable Down	0	stable_down
SD_110	100	0	100	0	0	1	0	down	1	Highly Stable	Highly Stable Down	0	stable_down
SD_111	100	0	100	0	0	1	0	down	1	Highly Stable	Highly Stable Down	0	stable_down
SD_112	100	0	100	0	0	1	0	down	1	Highly Stable	Highly Stable Down	0	stable_down
SD_113	100	0	100	0	0	1	0	down	1	Highly Stable	Highly Stable Down	0	stable_down
SD_114	100	0	100	0	0	1	0	down	1	Highly Stable	Highly Stable Down	0	stable_down
SD_115	100	0	100	0	0	1	0	down	1	Highly Stable	Highly Stable Down	0	stable_down
SD_116	100	0	100	0	0	1	0	down	1	Highly Stable	Highly Stable Down	0	stable_down
SD_117	100	0	100	0	0	1	0	down	1	Highly Stable	Highly Stable Down	0	stable_down
SD_118	100	0	100	0	0	1	0	down	1	Highly Stable	Highly Stable Down	0	stable_down
SD_119	100	0	100	0	0	1	0	down	1	Highly Stable	Highly Stable Down	0	stable_down
SD_12	100	0	100	0	0	1	0	down	1	Highly Stable	Highly Stable Down	0	stable_down
SD_120	100	0	100	0	0	1	0	down	1	Highly Stable	Highly Stable Down	0	stable_down
SD_121	100	0	100	0	0	1	0	down	1	Highly Stable	Highly Stable Down	0	stable_down
SD_122	100	0	100	0	0	1	0	down	1	Highly Stable	Highly Stable Down	0	stable_down
SD_123	100	0	100	0	0	1	0	down	1	Highly Stable	Highly Stable Down	0	stable_down
SD_124	100	0	100	0	0	1	0	down	1	Highly Stable	Highly Stable Down	0	stable_down
SD_125	100	0	100	0	0	1	0	down	1	Highly Stable	Highly Stable Down	0	stable_down
SD_126	100	0	100	0	0	1	0	down	1	Highly Stable	Highly Stable Down	0	stable_down
SD_127	100	0	100	0	0	1	0	down	1	Highly Stable	Highly Stable Down	0	stable_down
SD_128	100	0	100	0	0	1	0	down	1	Highly Stable	Highly Stable Down	0	stable_down
SD_129	100	0	100	0	0	1	0	down	1	Highly Stable	Highly Stable Down	0	stable_down
SD_13	100	0	100	0	0	1	0	down	1	Highly Stable	Highly Stable Down	0	stable_down
SD_130	100	0	100	0	0	1	0	down	1	Highly Stable	Highly Stable Down	0	stable_down
SD_131	100	0	100	0	0	1	0	down	1	Highly Stable	Highly Stable Down	0	stable_down
SD_132	100	0	100	0	0	1	0	down	1	Highly Stable	Highly Stable Down	0	stable_down
SD_133	100	0	100	0	0	1	0	down	1	Highly Stable	Highly Stable Down	0	stable_down
SD_134	100	0	100	0	0	1	0	down	1	Highly Stable	Highly Stable Down	0	stable_down
SD_135	100	0	100	0	0	1	0	down	1	Highly Stable	Highly Stable Down	0	stable_down
SD_136	100	0	100	0	0	1	0	down	1	Highly Stable	Highly Stable Down	0	stable_down
SD_137	100	0	100	0	0	1	0	down	1	Highly Stable	Highly Stable Down	0	stable_down
SD_138	100	0	100	0	0	1	0	down	1	Highly Stable	Highly Stable Down	0	stable_down
SD_139	100	0	100	0	0	1	0	down	1	Highly Stable	Highly Stable Down	0	stable_down
SD_14	100	0	100	0	0	1	0	down	1	Highly Stable	Highly Stable Down	0	stable_down
SD_140	100	0	100	0	0	1	0	down	1	Highly Stable	Highly Stable Down	0	stable_down
SD_141	100	0	100	0	0	1	0	down	1	Highly Stable	Highly Stable Down	0	stable_down
SD_142	100	0	100	0	0	1	0	down	1	Highly Stable	Highly Stable Down	0	stable_down
SD_143	100	0	100	0	0	1	0	down	1	Highly Stable	Highly Stable Down	0	stable_down
SD_144	100	0	100	0	0	1	0	down	1	Highly Stable	Highly Stable Down	0	stable_down
SD_145	100	0	100	0	0	1	0	down	1	Highly Stable	Highly Stable Down	0	stable_down
SD_146	100	0	100	0	0	1	0	down	1	Highly Stable	Highly Stable Down	0	stable_down
SD_147	100	0	100	0	0	1	0	down	1	Highly Stable	Highly Stable Down	0	stable_down
SD_148	100	0	100	0	0	1	0	down	1	Highly Stable	Highly Stable Down	0	stable_down
SD_149	100	0	100	0	0	1	0	down	1	Highly Stable	Highly Stable Down	0	stable_down
SD_15	100	0	100	0	0	1	0	down	1	Highly Stable	Highly Stable Down	0	stable_down
SD_150	100	0	100	0	0	1	0	down	1	Highly Stable	Highly Stable Down	0	stable_down
SD_151	100	0	100	0	0	1	0	down	1	Highly Stable	Highly Stable Down	0	stable_down
SD_152	100	0	100	0	0	1	0	down	1	Highly Stable	Highly Stable Down	0	stable_down
SD_153	100	0	100	0	0	1	0	down	1	Highly Stable	Highly Stable Down	0	stable_down
SD_154	100	0	100	0	0	1	0	down	1	Highly Stable	Highly Stable Down	0	stable_down
SD_155	100	0	100	0	0	1	0	down	1	Highly Stable	Highly Stable Down	0	stable_down
SD_156	100	0	100	0	0	1	0	down	1	Highly Stable	Highly Stable Down	0	stable_down
SD_157	100	0	100	0	0	1	0	down	1	Highly Stable	Highly Stable Down	0	stable_down
SD_158	100	0	100	0	0	1	0	down	1	Highly Stable	Highly Stable Down	0	stable_down
SD_159	100	0	100	0	0	1	0	down	1	Highly Stable	Highly Stable Down	0	stable_down
SD_16	100	0	100	0	0	1	0	down	1	Highly Stable	Highly Stable Down	0	stable_down
SD_160	100	0	100	0	0	1	0	down	1	Highly Stable	Highly Stable Down	0	stable_down
SD_161	100	0	100	0	0	1	0	down	1	Highly Stable	Highly Stable Down	0	stable_down
SD_162	100	0	100	0	0	1	0	down	1	Highly Stable	Highly Stable Down	0	stable_down
SD_163	100	0	100	0	0	1	0	down	1	Highly Stable	Highly Stable Down	0	stable_down
SD_164	100	0	100	0	0	1	0	down	1	Highly Stable	Highly Stable Down	0	stable_down
SD_165	100	0	100	0	0	1	0	down	1	Highly Stable	Highly Stable Down	0	stable_down
SD_166	100	0	100	0	0	1	0	down	1	Highly Stable	Highly Stable Down	0	stable_down
SD_167	100	0	100	0	0	1	0	down	1	Highly Stable	Highly Stable Down	0	stable_down
SD_168	100	0	100	0	0	1	0	down	1	Highly Stable	Highly Stable Down	0	stable_down
SD_169	100	0	100	0	0	1	0	down	1	Highly Stable	Highly Stable Down	0	stable_down
SD_17	100	0	100	0	0	1	0	down	1	Highly Stable	Highly Stable Down	0	stable_down
SD_170	100	0	100	0	0	1	0	down	1	Highly Stable	Highly Stable Down	0	stable_down
SD_171	100	0	100	0	0	1	0	down	1	Highly Stable	Highly Stable Down	0	stable_down
SD_172	100	0	100	0	0	1	0	down	1	Highly Stable	Highly Stable Down	0	stable_down
SD_173	100	0	100	0	0	1	0	down	1	Highly Stable	Highly Stable Down	0	stable_down
SD_174	100	0	100	0	0	1	0	down	1	Highly Stable	Highly Stable Down	0	stable_down
SD_175	100	0	100	0	0	1	0	down	1	Highly Stable	Highly Stable Down	0	stable_down
SD_176	100	0	100	0	0	1	0	down	1	Highly Stable	Highly Stable Down	0	stable_down
SD_177	100	0	100	0	0	1	0	down	1	Highly Stable	Highly Stable Down	0	stable_down
SD_178	100	0	100	0	0	1	0	down	1	Highly Stable	Highly Stable Down	0	stable_down
SD_179	100	0	100	0	0	1	0	down	1	Highly Stable	Highly Stable Down	0	stable_down
SD_18	100	0	100	0	0	1	0	down	1	Highly Stable	Highly Stable Down	0	stable_down
SD_180	100	0	100	0	0	1	0	down	1	Highly Stable	Highly Stable Down	0	stable_down
SD_181	100	0	100	0	0	1	0	down	1	Highly Stable	Highly Stable Down	0	stable_down
SD_182	100	0	100	0	0	1	0	down	1	Highly Stable	Highly Stable Down	0	stable_down
SD_183	100	0	100	0	0	1	0	down	1	Highly Stable	Highly Stable Down	0	stable_down
SD_184	100	0	100	0	0	1	0	down	1	Highly Stable	Highly Stable Down	0	stable_down
SD_185	100	0	100	0	0	1	0	down	1	Highly Stable	Highly Stable Down	0	stable_down
SD_186	100	0	100	0	0	1	0	down	1	Highly Stable	Highly Stable Down	0	stable_down
SD_187	100	0	100	0	0	1	0	down	1	Highly Stable	Highly Stable Down	0	stable_down
SD_188	100	0	100	0	0	1	0	down	1	Highly Stable	Highly Stable Down	0	stable_down
SD_189	100	0	100	0	0	1	0	down	1	Highly Stable	Highly Stable Down	0	stable_down
SD_19	100	0	100	0	0	1	0	down	1	Highly Stable	Highly Stable Down	0	stable_down
SD_190	100	0	100	0	0	1	0	down	1	Highly Stable	Highly Stable Down	0	stable_down
SD_191	100	0	100	0	0	1	0	down	1	Highly Stable	Highly Stable Down	0	stable_down
SD_192	100	0	100	0	0	1	0	down	1	Highly Stable	Highly Stable Down	0	stable_down
SD_193	100	0	100	0	0	1	0	down	1	Highly Stable	Highly Stable Down	0	stable_down
SD_194	100	0	100	0	0	1	0	down	1	Highly Stable	Highly Stable Down	0	stable_down
SD_195	100	0	100	0	0	1	0	down	1	Highly Stable	Highly Stable Down	0	stable_down
SD_196	100	0	100	0	0	1	0	down	1	Highly Stable	Highly Stable Down	0	stable_down
SD_197	100	0	100	0	0	1	0	down	1	Highly Stable	Highly Stable Down	0	stable_down
SD_198	100	0	100	0	0	1	0	down	1	Highly Stable	Highly Stable Down	0	stable_down
SD_199	100	0	100	0	0	1	0	down	1	Highly Stable	Highly Stable Down	0	stable_down
SD_2	100	0	100	0	0	1	0	down	1	Highly Stable	Highly Stable Down	0	stable_down
SD_20	100	0	100	0	0	1	0	down	1	Highly Stable	Highly Stable Down	0	stable_down
SD_200	100	0	100	0	0	1	0	down	1	Highly Stable	Highly Stable Down	0	stable_down
SD_201	100	0	100	0	0	1	0	down	1	Highly Stable	Highly Stable Down	0	stable_down
SD_202	100	0	100	0	0	1	0	down	1	Highly Stable	Highly Stable Down	0	stable_down
SD_203	100	0	100	0	0	1	0	down	1	Highly Stable	Highly Stable Down	0	stable_down
SD_204	100	0	100	0	0	1	0	down	1	Highly Stable	Highly Stable Down	0	stable_down
SD_205	100	0	100	0	0	1	0	down	1	Highly Stable	Highly Stable Down	0	stable_down
SD_206	100	0	100	0	0	1	0	down	1	Highly Stable	Highly Stable Down	0	stable_down
SD_207	100	0	100	0	0	1	0	down	1	Highly Stable	Highly Stable Down	0	stable_down
SD_208	100	0	100	0	0	1	0	down	1	Highly Stable	Highly Stable Down	0	stable_down
SD_209	100	0	100	0	0	1	0	down	1	Highly Stable	Highly Stable Down	0	stable_down
SD_21	100	0	100	0	0	1	0	down	1	Highly Stable	Highly Stable Down	0	stable_down
SD_210	100	0	100	0	0	1	0	down	1	Highly Stable	Highly Stable Down	0	stable_down
SD_211	100	0	100	0	0	1	0	down	1	Highly Stable	Highly Stable Down	0	stable_down
SD_212	100	0	100	0	0	1	0	down	1	Highly Stable	Highly Stable Down	0	stable_down
SD_213	100	0	100	0	0	1	0	down	1	Highly Stable	Highly Stable Down	0	stable_down
SD_214	100	0	100	0	0	1	0	down	1	Highly Stable	Highly Stable Down	0	stable_down
SD_215	100	0	100	0	0	1	0	down	1	Highly Stable	Highly Stable Down	0	stable_down
SD_216	100	0	100	0	0	1	0	down	1	Highly Stable	Highly Stable Down	0	stable_down
SD_217	100	0	100	0	0	1	0	down	1	Highly Stable	Highly Stable Down	0	stable_down
SD_218	100	0	100	0	0	1	0	down	1	Highly Stable	Highly Stable Down	0	stable_down
SD_219	100	0	100	0	0	1	0	down	1	Highly Stable	Highly Stable Down	0	stable_down
SD_22	100	0	100	0	0	1	0	down	1	Highly Stable	Highly Stable Down	0	stable_down
SD_220	100	0	100	0	0	1	0	down	1	Highly Stable	Highly Stable Down	0	stable_down
SD_221	100	0	100	0	0	1	0	down	1	Highly Stable	Highly Stable Down	0	stable_down
SD_222	100	0	100	0	0	1	0	down	1	Highly Stable	Highly Stable Down	0	stable_down
SD_223	100	0	100	0	0	1	0	down	1	Highly Stable	Highly Stable Down	0	stable_down
SD_224	100	0	100	0	0	1	0	down	1	Highly Stable	Highly Stable Down	0	stable_down
SD_225	100	0	100	0	0	1	0	down	1	Highly Stable	Highly Stable Down	0	stable_down
SD_226	100	0	100	0	0	1	0	down	1	Highly Stable	Highly Stable Down	0	stable_down
SD_227	100	0	100	0	0	1	0	down	1	Highly Stable	Highly Stable Down	0	stable_down
SD_228	100	0	100	0	0	1	0	down	1	Highly Stable	Highly Stable Down	0	stable_down
SD_229	100	0	100	0	0	1	0	down	1	Highly Stable	Highly Stable Down	0	stable_down
SD_23	100	0	100	0	0	1	0	down	1	Highly Stable	Highly Stable Down	0	stable_down
SD_230	100	0	100	0	0	1	0	down	1	Highly Stable	Highly Stable Down	0	stable_down
SD_231	100	0	100	0	0	1	0	down	1	Highly Stable	Highly Stable Down	0	stable_down
SD_232	100	0	100	0	0	1	0	down	1	Highly Stable	Highly Stable Down	0	stable_down
SD_233	100	0	100	0	0	1	0	down	1	Highly Stable	Highly Stable Down	0	stable_down
SD_234	100	0	100	0	0	1	0	down	1	Highly Stable	Highly Stable Down	0	stable_down
SD_235	100	0	100	0	0	1	0	down	1	Highly Stable	Highly Stable Down	0	stable_down
SD_236	100	0	100	0	0	1	0	down	1	Highly Stable	Highly Stable Down	0	stable_down
SD_237	100	0	100	0	0	1	0	down	1	Highly Stable	Highly Stable Down	0	stable_down
SD_238	100	0	100	0	0	1	0	down	1	Highly Stable	Highly Stable Down	0	stable_down
SD_239	100	0	100	0	0	1	0	down	1	Highly Stable	Highly Stable Down	0	stable_down
SD_24	100	0	100	0	0	1	0	down	1	Highly Stable	Highly Stable Down	0	stable_down
SD_240	100	0	100	0	0	1	0	down	1	Highly Stable	Highly Stable Down	0	stable_down
SD_241	100	0	100	0	0	1	0	down	1	Highly Stable	Highly Stable Down	0	stable_down
SD_242	100	0	100	0	0	1	0	down	1	Highly Stable	Highly Stable Down	0	stable_down
SD_243	100	0	100	0	0	1	0	down	1	Highly Stable	Highly Stable Down	0	stable_down
SD_244	100	0	100	0	0	1	0	down	1	Highly Stable	Highly Stable Down	0	stable_down
SD_245	100	0	100	0	0	1	0	down	1	Highly Stable	Highly Stable Down	0	stable_down
SD_246	100	0	100	0	0	1	0	down	1	Highly Stable	Highly Stable Down	0	stable_down
SD_247	100	0	100	0	0	1	0	down	1	Highly Stable	Highly Stable Down	0	stable_down
SD_248	100	0	100	0	0	1	0	down	1	Highly Stable	Highly Stable Down	0	stable_down
SD_249	100	0	100	0	0	1	0	down	1	Highly Stable	Highly Stable Down	0	stable_down
SD_25	100	0	100	0	0	1	0	down	1	Highly Stable	Highly Stable Down	0	stable_down
SD_250	100	0	100	0	0	1	0	down	1	Highly Stable	Highly Stable Down	0	stable_down
SD_251	100	0	100	0	0	1	0	down	1	Highly Stable	Highly Stable Down	0	stable_down
SD_252	100	0	100	0	0	1	0	down	1	Highly Stable	Highly Stable Down	0	stable_down
SD_253	100	0	100	0	0	1	0	down	1	Highly Stable	Highly Stable Down	0	stable_down
SD_254	100	0	100	0	0	1	0	down	1	Highly Stable	Highly Stable Down	0	stable_down
SD_255	100	0	100	0	0	1	0	down	1	Highly Stable	Highly Stable Down	0	stable_down
SD_256	100	0	100	0	0	1	0	down	1	Highly Stable	Highly Stable Down	0	stable_down
SD_257	100	0	100	0	0	1	0	down	1	Highly Stable	Highly Stable Down	0	stable_down
SD_258	100	0	100	0	0	1	0	down	1	Highly Stable	Highly Stable Down	0	stable_down
SD_259	100	0	100	0	0	1	0	down	1	Highly Stable	Highly Stable Down	0	stable_down
SD_26	100	0	100	0	0	1	0	down	1	Highly Stable	Highly Stable Down	0	stable_down
SD_260	100	0	100	0	0	1	0	down	1	Highly Stable	Highly Stable Down	0	stable_down
SD_261	100	0	100	0	0	1	0	down	1	Highly Stable	Highly Stable Down	0	stable_down
SD_262	100	0	100	0	0	1	0	down	1	Highly Stable	Highly Stable Down	0	stable_down
SD_263	100	0	100	0	0	1	0	down	1	Highly Stable	Highly Stable Down	0	stable_down
SD_264	100	0	100	0	0	1	0	down	1	Highly Stable	Highly Stable Down	0	stable_down
SD_265	100	0	100	0	0	1	0	down	1	Highly Stable	Highly Stable Down	0	stable_down
SD_266	100	0	100	0	0	1	0	down	1	Highly Stable	Highly Stable Down	0	stable_down
SD_267	100	0	100	0	0	1	0	down	1	Highly Stable	Highly Stable Down	0	stable_down
SD_268	100	0	100	0	0	1	0	down	1	Highly Stable	Highly Stable Down	0	stable_down
SD_269	100	0	100	0	0	1	0	down	1	Highly Stable	Highly Stable Down	0	stable_down
SD_27	100	0	100	0	0	1	0	down	1	Highly Stable	Highly Stable Down	0	stable_down
SD_270	100	0	100	0	0	1	0	down	1	Highly Stable	Highly Stable Down	0	stable_down
SD_271	100	0	100	0	0	1	0	down	1	Highly Stable	Highly Stable Down	0	stable_down
SD_272	100	0	100	0	0	1	0	down	1	Highly Stable	Highly Stable Down	0	stable_down
SD_273	100	0	100	0	0	1	0	down	1	Highly Stable	Highly Stable Down	0	stable_down
SD_274	100	0	100	0	0	1	0	down	1	Highly Stable	Highly Stable Down	0	stable_down
SD_275	100	0	100	0	0	1	0	down	1	Highly Stable	Highly Stable Down	0	stable_down
SD_276	100	0	100	0	0	1	0	down	1	Highly Stable	Highly Stable Down	0	stable_down
SD_277	100	0	100	0	0	1	0	down	1	Highly Stable	Highly Stable Down	0	stable_down
SD_278	100	0	100	0	0	1	0	down	1	Highly Stable	Highly Stable Down	0	stable_down
SD_279	100	0	100	0	0	1	0	down	1	Highly Stable	Highly Stable Down	0	stable_down
SD_28	100	0	100	0	0	1	0	down	1	Highly Stable	Highly Stable Down	0	stable_down
SD_280	100	0	100	0	0	1	0	down	1	Highly Stable	Highly Stable Down	0	stable_down
SD_281	100	0	100	0	0	1	0	down	1	Highly Stable	Highly Stable Down	0	stable_down
SD_282	100	0	100	0	0	1	0	down	1	Highly Stable	Highly Stable Down	0	stable_down
SD_283	100	0	100	0	0	1	0	down	1	Highly Stable	Highly Stable Down	0	stable_down
SD_284	100	0	100	0	0	1	0	down	1	Highly Stable	Highly Stable Down	0	stable_down
SD_285	100	0	100	0	0	1	0	down	1	Highly Stable	Highly Stable Down	0	stable_down
SD_286	100	0	100	0	0	1	0	down	1	Highly Stable	Highly Stable Down	0	stable_down
SD_287	100	0	100	0	0	1	0	down	1	Highly Stable	Highly Stable Down	0	stable_down
SD_288	100	0	100	0	0	1	0	down	1	Highly Stable	Highly Stable Down	0	stable_down
SD_289	100	0	100	0	0	1	0	down	1	Highly Stable	Highly Stable Down	0	stable_down
SD_29	100	0	100	0	0	1	0	down	1	Highly Stable	Highly Stable Down	0	stable_down
SD_290	100	0	100	0	0	1	0	down	1	Highly Stable	Highly Stable Down	0	stable_down
SD_291	100	0	100	0	0	1	0	down	1	Highly Stable	Highly Stable Down	0	stable_down
SD_292	100	0	100	0	0	1	0	down	1	Highly Stable	Highly Stable Down	0	stable_down
SD_293	100	0	100	0	0	1	0	down	1	Highly Stable	Highly Stable Down	0	stable_down
SD_294	100	0	100	0	0	1	0	down	1	Highly Stable	Highly Stable Down	0	stable_down
SD_295	100	0	100	0	0	1	0	down	1	Highly Stable	Highly Stable Down	0	stable_down
SD_296	100	0	100	0	0	1	0	down	1	Highly Stable	Highly Stable Down	0	stable_down
SD_297	100	0	100	0	0	1	0	down	1	Highly Stable	Highly Stable Down	0	stable_down
SD_298	100	0	100	0	0	1	0	down	1	Highly Stable	Highly Stable Down	0	stable_down
SD_299	100	0	100	0	0	1	0	down	1	Highly Stable	Highly Stable Down	0	stable_down
SD_3	100	0	100	0	0	1	0	down	1	Highly Stable	Highly Stable Down	0	stable_down
SD_30	100	0	100	0	0	1	0	down	1	Highly Stable	Highly Stable Down	0	stable_down
SD_300	100	0	100	0	0	1	0	down	1	Highly Stable	Highly Stable Down	0	stable_down
SD_301	100	0	100	0	0	1	0	down	1	Highly Stable	Highly Stable Down	0	stable_down
SD_302	100	0	100	0	0	1	0	down	1	Highly Stable	Highly Stable Down	0	stable_down
SD_303	100	0	100	0	0	1	0	down	1	Highly Stable	Highly Stable Down	0	stable_down
SD_304	100	0	100	0	0	1	0	down	1	Highly Stable	Highly Stable Down	0	stable_down
SD_305	100	0	100	0	0	1	0	down	1	Highly Stable	Highly Stable Down	0	stable_down
SD_306	100	0	100	0	0	1	0	down	1	Highly Stable	Highly Stable Down	0	stable_down
SD_307	100	0	100	0	0	1	0	down	1	Highly Stable	Highly Stable Down	0	stable_down
SD_308	100	0	100	0	0	1	0	down	1	Highly Stable	Highly Stable Down	0	stable_down
SD_309	100	0	100	0	0	1	0	down	1	Highly Stable	Highly Stable Down	0	stable_down
SD_31	100	0	100	0	0	1	0	down	1	Highly Stable	Highly Stable Down	0	stable_down
SD_310	100	0	100	0	0	1	0	down	1	Highly Stable	Highly Stable Down	0	stable_down
SD_311	100	0	100	0	0	1	0	down	1	Highly Stable	Highly Stable Down	0	stable_down
SD_312	100	0	100	0	0	1	0	down	1	Highly Stable	Highly Stable Down	0	stable_down
SD_313	100	0	100	0	0	1	0	down	1	Highly Stable	Highly Stable Down	0	stable_down
SD_314	100	0	100	0	0	1	0	down	1	Highly Stable	Highly Stable Down	0	stable_down
SD_315	100	0	100	0	0	1	0	down	1	Highly Stable	Highly Stable Down	0	stable_down
SD_316	100	0	100	0	0	1	0	down	1	Highly Stable	Highly Stable Down	0	stable_down
SD_317	100	0	100	0	0	1	0	down	1	Highly Stable	Highly Stable Down	0	stable_down
SD_318	100	0	100	0	0	1	0	down	1	Highly Stable	Highly Stable Down	0	stable_down
SD_319	100	0	100	0	0	1	0	down	1	Highly Stable	Highly Stable Down	0	stable_down
SD_32	100	0	100	0	0	1	0	down	1	Highly Stable	Highly Stable Down	0	stable_down
SD_320	100	0	100	0	0	1	0	down	1	Highly Stable	Highly Stable Down	0	stable_down
SD_321	100	0	100	0	0	1	0	down	1	Highly Stable	Highly Stable Down	0	stable_down
SD_322	100	0	100	0	0	1	0	down	1	Highly Stable	Highly Stable Down	0	stable_down
SD_323	100	0	100	0	0	1	0	down	1	Highly Stable	Highly Stable Down	0	stable_down
SD_324	100	0	100	0	0	1	0	down	1	Highly Stable	Highly Stable Down	0	stable_down
SD_325	100	0	100	0	0	1	0	down	1	Highly Stable	Highly Stable Down	0	stable_down
SD_326	100	0	100	0	0	1	0	down	1	Highly Stable	Highly Stable Down	0	stable_down
SD_327	100	0	100	0	0	1	0	down	1	Highly Stable	Highly Stable Down	0	stable_down
SD_328	100	0	100	0	0	1	0	down	1	Highly Stable	Highly Stable Down	0	stable_down
SD_329	100	0	100	0	0	1	0	down	1	Highly Stable	Highly Stable Down	0	stable_down
SD_33	100	0	100	0	0	1	0	down	1	Highly Stable	Highly Stable Down	0	stable_down
SD_330	100	0	100	0	0	1	0	down	1	Highly Stable	Highly Stable Down	0	stable_down
SD_331	100	0	100	0	0	1	0	down	1	Highly Stable	Highly Stable Down	0	stable_down
SD_332	100	0	100	0	0	1	0	down	1	Highly Stable	Highly Stable Down	0	stable_down
SD_333	100	0	100	0	0	1	0	down	1	Highly Stable	Highly Stable Down	0	stable_down
SD_334	100	0	100	0	0	1	0	down	1	Highly Stable	Highly Stable Down	0	stable_down
SD_335	100	0	100	0	0	1	0	down	1	Highly Stable	Highly Stable Down	0	stable_down
SD_336	100	0	100	0	0	1	0	down	1	Highly Stable	Highly Stable Down	0	stable_down
SD_337	100	0	100	0	0	1	0	down	1	Highly Stable	Highly Stable Down	0	stable_down
SD_338	100	0	100	0	0	1	0	down	1	Highly Stable	Highly Stable Down	0	stable_down
SD_339	100	0	100	0	0	1	0	down	1	Highly Stable	Highly Stable Down	0	stable_down
SD_34	100	0	100	0	0	1	0	down	1	Highly Stable	Highly Stable Down	0	stable_down
SD_340	100	0	100	0	0	1	0	down	1	Highly Stable	Highly Stable Down	0	stable_down
SD_341	100	0	100	0	0	1	0	down	1	Highly Stable	Highly Stable Down	0	stable_down
SD_342	100	0	100	0	0	1	0	down	1	Highly Stable	Highly Stable Down	0	stable_down
SD_343	100	0	100	0	0	1	0	down	1	Highly Stable	Highly Stable Down	0	stable_down
SD_344	100	0	100	0	0	1	0	down	1	Highly Stable	Highly Stable Down	0	stable_down
SD_345	100	0	100	0	0	1	0	down	1	Highly Stable	Highly Stable Down	0	stable_down
SD_346	100	0	100	0	0	1	0	down	1	Highly Stable	Highly Stable Down	0	stable_down
SD_347	100	0	100	0	0	1	0	down	1	Highly Stable	Highly Stable Down	0	stable_down
SD_348	100	0	100	0	0	1	0	down	1	Highly Stable	Highly Stable Down	0	stable_down
SD_349	100	0	100	0	0	1	0	down	1	Highly Stable	Highly Stable Down	0	stable_down
SD_35	100	0	100	0	0	1	0	down	1	Highly Stable	Highly Stable Down	0	stable_down
SD_350	100	0	100	0	0	1	0	down	1	Highly Stable	Highly Stable Down	0	stable_down
SD_351	100	0	100	0	0	1	0	down	1	Highly Stable	Highly Stable Down	0	stable_down
SD_352	100	0	100	0	0	1	0	down	1	Highly Stable	Highly Stable Down	0	stable_down
SD_353	100	0	100	0	0	1	0	down	1	Highly Stable	Highly Stable Down	0	stable_down
SD_354	100	0	100	0	0	1	0	down	1	Highly Stable	Highly Stable Down	0	stable_down
SD_355	100	0	100	0	0	1	0	down	1	Highly Stable	Highly Stable Down	0	stable_down
SD_356	100	0	100	0	0	1	0	down	1	Highly Stable	Highly Stable Down	0	stable_down
SD_357	100	0	100	0	0	1	0	down	1	Highly Stable	Highly Stable Down	0	stable_down
SD_358	100	0	100	0	0	1	0	down	1	Highly Stable	Highly Stable Down	0	stable_down
SD_359	100	0	100	0	0	1	0	down	1	Highly Stable	Highly Stable Down	0	stable_down
SD_36	100	0	100	0	0	1	0	down	1	Highly Stable	Highly Stable Down	0	stable_down
SD_360	100	0	100	0	0	1	0	down	1	Highly Stable	Highly Stable Down	0	stable_down
SD_361	100	0	100	0	0	1	0	down	1	Highly Stable	Highly Stable Down	0	stable_down
SD_362	100	0	100	0	0	1	0	down	1	Highly Stable	Highly Stable Down	0	stable_down
SD_363	100	0	100	0	0	1	0	down	1	Highly Stable	Highly Stable Down	0	stable_down
SD_364	100	0	100	0	0	1	0	down	1	Highly Stable	Highly Stable Down	0	stable_down
SD_365	100	0	100	0	0	1	0	down	1	Highly Stable	Highly Stable Down	0	stable_down
SD_366	100	0	100	0	0	1	0	down	1	Highly Stable	Highly Stable Down	0	stable_down
SD_367	100	0	100	0	0	1	0	down	1	Highly Stable	Highly Stable Down	0	stable_down
SD_368	100	0	100	0	0	1	0	down	1	Highly Stable	Highly Stable Down	0	stable_down
SD_369	100	0	100	0	0	1	0	down	1	Highly Stable	Highly Stable Down	0	stable_down
SD_37	100	0	100	0	0	1	0	down	1	Highly Stable	Highly Stable Down	0	stable_down
SD_370	100	0	100	0	0	1	0	down	1	Highly Stable	Highly Stable Down	0	stable_down
SD_371	100	0	100	0	0	1	0	down	1	Highly Stable	Highly Stable Down	0	stable_down
SD_372	100	0	100	0	0	1	0	down	1	Highly Stable	Highly Stable Down	0	stable_down
SD_373	100	0	100	0	0	1	0	down	1	Highly Stable	Highly Stable Down	0	stable_down
SD_374	100	0	100	0	0	1	0	down	1	Highly Stable	Highly Stable Down	0	stable_down
SD_375	100	0	100	0	0	1	0	down	1	Highly Stable	Highly Stable Down	0	stable_down
SD_376	100	0	100	0	0	1	0	down	1	Highly Stable	Highly Stable Down	0	stable_down
SD_377	100	0	100	0	0	1	0	down	1	Highly Stable	Highly Stable Down	0	stable_down
SD_378	100	0	100	0	0	1	0	down	1	Highly Stable	Highly Stable Down	0	stable_down
SD_379	100	0	100	0	0	1	0	down	1	Highly Stable	Highly Stable Down	0	stable_down
SD_38	100	0	100	0	0	1	0	down	1	Highly Stable	Highly Stable Down	0	stable_down
SD_380	100	0	100	0	0	1	0	down	1	Highly Stable	Highly Stable Down	0	stable_down
SD_381	100	0	100	0	0	1	0	down	1	Highly Stable	Highly Stable Down	0	stable_down
SD_382	100	0	100	0	0	1	0	down	1	Highly Stable	Highly Stable Down	0	stable_down
SD_383	100	0	100	0	0	1	0	down	1	Highly Stable	Highly Stable Down	0	stable_down
SD_384	100	0	100	0	0	1	0	down	1	Highly Stable	Highly Stable Down	0	stable_down
SD_385	100	0	100	0	0	1	0	down	1	Highly Stable	Highly Stable Down	0	stable_down
SD_386	100	0	100	0	0	1	0	down	1	Highly Stable	Highly Stable Down	0	stable_down
SD_387	100	0	100	0	0	1	0	down	1	Highly Stable	Highly Stable Down	0	stable_down
SD_388	100	0	100	0	0	1	0	down	1	Highly Stable	Highly Stable Down	0	stable_down
SD_389	100	0	100	0	0	1	0	down	1	Highly Stable	Highly Stable Down	0	stable_down
SD_39	100	0	100	0	0	1	0	down	1	Highly Stable	Highly Stable Down	0	stable_down
SD_390	100	0	100	0	0	1	0	down	1	Highly Stable	Highly Stable Down	0	stable_down
SD_391	100	0	100	0	0	1	0	down	1	Highly Stable	Highly Stable Down	0	stable_down
SD_392	100	0	100	0	0	1	0	down	1	Highly Stable	Highly Stable Down	0	stable_down
SD_393	100	0	100	0	0	1	0	down	1	Highly Stable	Highly Stable Down	0	stable_down
SD_394	100	0	100	0	0	1	0	down	1	Highly Stable	Highly Stable Down	0	stable_down
SD_395	100	0	100	0	0	1	0	down	1	Highly Stable	Highly Stable Down	0	stable_down
SD_396	100	0	100	0	0	1	0	down	1	Highly Stable	Highly Stable Down	0	stable_down
SD_397	100	0	100	0	0	1	0	down	1	Highly Stable	Highly Stable Down	0	stable_down
SD_398	100	0	100	0	0	1	0	down	1	Highly Stable	Highly Stable Down	0	stable_down
SD_399	100	0	100	0	0	1	0	down	1	Highly Stable	Highly Stable Down	0	stable_down
SD_4	100	0	100	0	0	1	0	down	1	Highly Stable	Highly Stable Down	0	stable_down
SD_40	100	0	100	0	0	1	0	down	1	Highly Stable	Highly Stable Down	0	stable_down
SD_400	100	0	100	0	0	1	0	down	1	Highly Stable	Highly Stable Down	0	stable_down
SD_401	100	0	100	0	0	1	0	down	1	Highly Stable	Highly Stable Down	0	stable_down
SD_402	100	0	100	0	0	1	0	down	1	Highly Stable	Highly Stable Down	0	stable_down
SD_403	100	0	100	0	0	1	0	down	1	Highly Stable	Highly Stable Down	0	stable_down
SD_404	100	0	100	0	0	1	0	down	1	Highly Stable	Highly Stable Down	0	stable_down
SD_405	100	0	100	0	0	1	0	down	1	Highly Stable	Highly Stable Down	0	stable_down
SD_406	100	0	100	0	0	1	0	down	1	Highly Stable	Highly Stable Down	0	stable_down
SD_407	100	0	100	0	0	1	0	down	1	Highly Stable	Highly Stable Down	0	stable_down
SD_408	100	0	100	0	0	1	0	down	1	Highly Stable	Highly Stable Down	0	stable_down
SD_409	100	0	100	0	0	1	0	down	1	Highly Stable	Highly Stable Down	0	stable_down
SD_41	100	0	100	0	0	1	0	down	1	Highly Stable	Highly Stable Down	0	stable_down
SD_410	100	0	100	0	0	1	0	down	1	Highly Stable	Highly Stable Down	0	stable_down
SD_411	100	0	100	0	0	1	0	down	1	Highly Stable	Highly Stable Down	0	stable_down
SD_412	100	0	100	0	0	1	0	down	1	Highly Stable	Highly Stable Down	0	stable_down
SD_413	100	0	100	0	0	1	0	down	1	Highly Stable	Highly Stable Down	0	stable_down
SD_414	100	0	100	0	0	1	0	down	1	Highly Stable	Highly Stable Down	0	stable_down
SD_415	100	0	100	0	0	1	0	down	1	Highly Stable	Highly Stable Down	0	stable_down
SD_416	100	0	100	0	0	1	0	down	1	Highly Stable	Highly Stable Down	0	stable_down
SD_417	100	0	100	0	0	1	0	down	1	Highly Stable	Highly Stable Down	0	stable_down
SD_418	100	0	100	0	0	1	0	down	1	Highly Stable	Highly Stable Down	0	stable_down
SD_419	100	0	100	0	0	1	0	down	1	Highly Stable	Highly Stable Down	0	stable_down
SD_42	100	0	100	0	0	1	0	down	1	Highly Stable	Highly Stable Down	0	stable_down
SD_420	100	0	100	0	0	1	0	down	1	Highly Stable	Highly Stable Down	0	stable_down
SD_421	100	0	100	0	0	1	0	down	1	Highly Stable	Highly Stable Down	0	stable_down
SD_422	100	0	100	0	0	1	0	down	1	Highly Stable	Highly Stable Down	0	stable_down
SD_423	100	0	100	0	0	1	0	down	1	Highly Stable	Highly Stable Down	0	stable_down
SD_424	100	0	100	0	0	1	0	down	1	Highly Stable	Highly Stable Down	0	stable_down
SD_425	100	0	100	0	0	1	0	down	1	Highly Stable	Highly Stable Down	0	stable_down
SD_426	100	0	100	0	0	1	0	down	1	Highly Stable	Highly Stable Down	0	stable_down
SD_427	100	0	100	0	0	1	0	down	1	Highly Stable	Highly Stable Down	0	stable_down
SD_428	100	0	100	0	0	1	0	down	1	Highly Stable	Highly Stable Down	0	stable_down
SD_429	100	0	100	0	0	1	0	down	1	Highly Stable	Highly Stable Down	0	stable_down
SD_43	100	0	100	0	0	1	0	down	1	Highly Stable	Highly Stable Down	0	stable_down
SD_430	100	0	100	0	0	1	0	down	1	Highly Stable	Highly Stable Down	0	stable_down
SD_431	100	0	100	0	0	1	0	down	1	Highly Stable	Highly Stable Down	0	stable_down
SD_432	100	0	100	0	0	1	0	down	1	Highly Stable	Highly Stable Down	0	stable_down
SD_433	100	0	100	0	0	1	0	down	1	Highly Stable	Highly Stable Down	0	stable_down
SD_434	100	0	100	0	0	1	0	down	1	Highly Stable	Highly Stable Down	0	stable_down
SD_435	100	0	100	0	0	1	0	down	1	Highly Stable	Highly Stable Down	0	stable_down
SD_436	100	0	100	0	0	1	0	down	1	Highly Stable	Highly Stable Down	0	stable_down
SD_437	100	0	100	0	0	1	0	down	1	Highly Stable	Highly Stable Down	0	stable_down
SD_438	100	0	100	0	0	1	0	down	1	Highly Stable	Highly Stable Down	0	stable_down
SD_439	100	0	100	0	0	1	0	down	1	Highly Stable	Highly Stable Down	0	stable_down
SD_44	100	0	100	0	0	1	0	down	1	Highly Stable	Highly Stable Down	0	stable_down
SD_440	100	0	100	0	0	1	0	down	1	Highly Stable	Highly Stable Down	0	stable_down
SD_441	100	0	100	0	0	1	0	down	1	Highly Stable	Highly Stable Down	0	stable_down
SD_442	100	0	100	0	0	1	0	down	1	Highly Stable	Highly Stable Down	0	stable_down
SD_443	100	0	100	0	0	1	0	down	1	Highly Stable	Highly Stable Down	0	stable_down
SD_444	100	0	100	0	0	1	0	down	1	Highly Stable	Highly Stable Down	0	stable_down
SD_445	100	0	100	0	0	1	0	down	1	Highly Stable	Highly Stable Down	0	stable_down
SD_446	100	0	100	0	0	1	0	down	1	Highly Stable	Highly Stable Down	0	stable_down
SD_447	100	0	100	0	0	1	0	down	1	Highly Stable	Highly Stable Down	0	stable_down
SD_448	100	0	100	0	0	1	0	down	1	Highly Stable	Highly Stable Down	0	stable_down
SD_449	100	0	100	0	0	1	0	down	1	Highly Stable	Highly Stable Down	0	stable_down
SD_45	100	0	100	0	0	1	0	down	1	Highly Stable	Highly Stable Down	0	stable_down
SD_450	100	0	100	0	0	1	0	down	1	Highly Stable	Highly Stable Down	0	stable_down
SD_451	100	0	100	0	0	1	0	down	1	Highly Stable	Highly Stable Down	0	stable_down
SD_452	100	0	100	0	0	1	0	down	1	Highly Stable	Highly Stable Down	0	stable_down
SD_453	100	0	100	0	0	1	0	down	1	Highly Stable	Highly Stable Down	0	stable_down
SD_454	100	0	100	0	0	1	0	down	1	Highly Stable	Highly Stable Down	0	stable_down
SD_455	100	0	100	0	0	1	0	down	1	Highly Stable	Highly Stable Down	0	stable_down
SD_456	100	0	100	0	0	1	0	down	1	Highly Stable	Highly Stable Down	0	stable_down
SD_457	100	0	100	0	0	1	0	down	1	Highly Stable	Highly Stable Down	0	stable_down
SD_458	100	0	100	0	0	1	0	down	1	Highly Stable	Highly Stable Down	0	stable_down
SD_459	100	0	100	0	0	1	0	down	1	Highly Stable	Highly Stable Down	0	stable_down
SD_46	100	0	100	0	0	1	0	down	1	Highly Stable	Highly Stable Down	0	stable_down
SD_460	100	0	100	0	0	1	0	down	1	Highly Stable	Highly Stable Down	0	stable_down
SD_461	100	0	100	0	0	1	0	down	1	Highly Stable	Highly Stable Down	0	stable_down
SD_462	100	0	100	0	0	1	0	down	1	Highly Stable	Highly Stable Down	0	stable_down
SD_463	100	0	100	0	0	1	0	down	1	Highly Stable	Highly Stable Down	0	stable_down
SD_464	100	0	100	0	0	1	0	down	1	Highly Stable	Highly Stable Down	0	stable_down
SD_465	100	0	100	0	0	1	0	down	1	Highly Stable	Highly Stable Down	0	stable_down
SD_466	100	0	100	0	0	1	0	down	1	Highly Stable	Highly Stable Down	0	stable_down
SD_467	100	0	100	0	0	1	0	down	1	Highly Stable	Highly Stable Down	0	stable_down
SD_468	100	0	100	0	0	1	0	down	1	Highly Stable	Highly Stable Down	0	stable_down
SD_469	100	0	100	0	0	1	0	down	1	Highly Stable	Highly Stable Down	0	stable_down
SD_47	100	0	100	0	0	1	0	down	1	Highly Stable	Highly Stable Down	0	stable_down
SD_470	100	0	100	0	0	1	0	down	1	Highly Stable	Highly Stable Down	0	stable_down
SD_471	100	0	100	0	0	1	0	down	1	Highly Stable	Highly Stable Down	0	stable_down
SD_472	100	0	100	0	0	1	0	down	1	Highly Stable	Highly Stable Down	0	stable_down
SD_473	100	0	100	0	0	1	0	down	1	Highly Stable	Highly Stable Down	0	stable_down
SD_474	100	0	100	0	0	1	0	down	1	Highly Stable	Highly Stable Down	0	stable_down
SD_475	100	0	100	0	0	1	0	down	1	Highly Stable	Highly Stable Down	0	stable_down
SD_476	100	0	100	0	0	1	0	down	1	Highly Stable	Highly Stable Down	0	stable_down
SD_477	100	0	100	0	0	1	0	down	1	Highly Stable	Highly Stable Down	0	stable_down
SD_478	100	0	100	0	0	1	0	down	1	Highly Stable	Highly Stable Down	0	stable_down
SD_479	100	0	100	0	0	1	0	down	1	Highly Stable	Highly Stable Down	0	stable_down
SD_48	100	0	100	0	0	1	0	down	1	Highly Stable	Highly Stable Down	0	stable_down
SD_480	100	0	100	0	0	1	0	down	1	Highly Stable	Highly Stable Down	0	stable_down
SD_481	100	0	100	0	0	1	0	down	1	Highly Stable	Highly Stable Down	0	stable_down
SD_482	100	0	100	0	0	1	0	down	1	Highly Stable	Highly Stable Down	0	stable_down
SD_483	100	0	100	0	0	1	0	down	1	Highly Stable	Highly Stable Down	0	stable_down
SD_484	100	0	100	0	0	1	0	down	1	Highly Stable	Highly Stable Down	0	stable_down
SD_485	100	0	100	0	0	1	0	down	1	Highly Stable	Highly Stable Down	0	stable_down
SD_486	100	0	100	0	0	1	0	down	1	Highly Stable	Highly Stable Down	0	stable_down
SD_487	100	0	100	0	0	1	0	down	1	Highly Stable	Highly Stable Down	0	stable_down
SD_488	100	0	100	0	0	1	0	down	1	Highly Stable	Highly Stable Down	0	stable_down
SD_489	100	0	100	0	0	1	0	down	1	Highly Stable	Highly Stable Down	0	stable_down
SD_49	100	0	100	0	0	1	0	down	1	Highly Stable	Highly Stable Down	0	stable_down
SD_490	100	0	100	0	0	1	0	down	1	Highly Stable	Highly Stable Down	0	stable_down
SD_491	100	0	100	0	0	1	0	down	1	Highly Stable	Highly Stable Down	0	stable_down
SD_492	100	0	100	0	0	1	0	down	1	Highly Stable	Highly Stable Down	0	stable_down
SD_493	100	0	100	0	0	1	0	down	1	Highly Stable	Highly Stable Down	0	stable_down
SD_494	100	0	100	0	0	1	0	down	1	Highly Stable	Highly Stable Down	0	stable_down
SD_495	100	0	100	0	0	1	0	down	1	Highly Stable	Highly Stable Down	0	stable_down
SD_496	100	0	100	0	0	1	0	down	1	Highly Stable	Highly Stable Down	0	stable_down
SD_497	100	0	100	0	0	1	0	down	1	Highly Stable	Highly Stable Down	0	stable_down
SD_498	100	0	100	0	0	1	0	down	1	Highly Stable	Highly Stable Down	0	stable_down
SD_499	100	0	100	0	0	1	0	down	1	Highly Stable	Highly Stable Down	0	stable_down
SD_5	100	0	100	0	0	1	0	down	1	Highly Stable	Highly Stable Down	0	stable_down
SD_50	100	0	100	0	0	1	0	down	1	Highly Stable	Highly Stable Down	0	stable_down
SD_500	100	0	100	0	0	1	0	down	1	Highly Stable	Highly Stable Down	0	stable_down
SD_501	100	0	100	0	0	1	0	down	1	Highly Stable	Highly Stable Down	0	stable_down
SD_502	100	0	100	0	0	1	0	down	1	Highly Stable	Highly Stable Down	0	stable_down
SD_503	100	0	100	0	0	1	0	down	1	Highly Stable	Highly Stable Down	0	stable_down
SD_504	100	0	100	0	0	1	0	down	1	Highly Stable	Highly Stable Down	0	stable_down
SD_505	100	0	100	0	0	1	0	down	1	Highly Stable	Highly Stable Down	0	stable_down
SD_506	100	0	100	0	0	1	0	down	1	Highly Stable	Highly Stable Down	0	stable_down
SD_507	100	0	100	0	0	1	0	down	1	Highly Stable	Highly Stable Down	0	stable_down
SD_508	100	0	100	0	0	1	0	down	1	Highly Stable	Highly Stable Down	0	stable_down
SD_509	100	0	100	0	0	1	0	down	1	Highly Stable	Highly Stable Down	0	stable_down
SD_51	100	0	100	0	0	1	0	down	1	Highly Stable	Highly Stable Down	0	stable_down
SD_510	100	0	100	0	0	1	0	down	1	Highly Stable	Highly Stable Down	0	stable_down
SD_511	100	0	100	0	0	1	0	down	1	Highly Stable	Highly Stable Down	0	stable_down
SD_512	100	0	100	0	0	1	0	down	1	Highly Stable	Highly Stable Down	0	stable_down
SD_513	100	0	100	0	0	1	0	down	1	Highly Stable	Highly Stable Down	0	stable_down
SD_514	100	0	100	0	0	1	0	down	1	Highly Stable	Highly Stable Down	0	stable_down
SD_515	100	0	100	0	0	1	0	down	1	Highly Stable	Highly Stable Down	0	stable_down
SD_516	100	0	100	0	0	1	0	down	1	Highly Stable	Highly Stable Down	0	stable_down
SD_517	100	0	100	0	0	1	0	down	1	Highly Stable	Highly Stable Down	0	stable_down
SD_518	100	0	100	0	0	1	0	down	1	Highly Stable	Highly Stable Down	0	stable_down
SD_519	100	0	100	0	0	1	0	down	1	Highly Stable	Highly Stable Down	0	stable_down
SD_52	100	0	100	0	0	1	0	down	1	Highly Stable	Highly Stable Down	0	stable_down
SD_520	100	0	100	0	0	1	0	down	1	Highly Stable	Highly Stable Down	0	stable_down
SD_521	100	0	100	0	0	1	0	down	1	Highly Stable	Highly Stable Down	0	stable_down
SD_522	100	0	100	0	0	1	0	down	1	Highly Stable	Highly Stable Down	0	stable_down
SD_523	100	0	100	0	0	1	0	down	1	Highly Stable	Highly Stable Down	0	stable_down
SD_524	100	0	100	0	0	1	0	down	1	Highly Stable	Highly Stable Down	0	stable_down
SD_525	100	0	100	0	0	1	0	down	1	Highly Stable	Highly Stable Down	0	stable_down
SD_526	100	0	100	0	0	1	0	down	1	Highly Stable	Highly Stable Down	0	stable_down
SD_527	100	0	100	0	0	1	0	down	1	Highly Stable	Highly Stable Down	0	stable_down
SD_528	100	0	100	0	0	1	0	down	1	Highly Stable	Highly Stable Down	0	stable_down
SD_529	100	0	100	0	0	1	0	down	1	Highly Stable	Highly Stable Down	0	stable_down
SD_53	100	0	100	0	0	1	0	down	1	Highly Stable	Highly Stable Down	0	stable_down
SD_530	100	0	100	0	0	1	0	down	1	Highly Stable	Highly Stable Down	0	stable_down
SD_531	100	0	100	0	0	1	0	down	1	Highly Stable	Highly Stable Down	0	stable_down
SD_532	100	0	100	0	0	1	0	down	1	Highly Stable	Highly Stable Down	0	stable_down
SD_533	100	0	100	0	0	1	0	down	1	Highly Stable	Highly Stable Down	0	stable_down
SD_534	100	0	100	0	0	1	0	down	1	Highly Stable	Highly Stable Down	0	stable_down
SD_535	100	0	100	0	0	1	0	down	1	Highly Stable	Highly Stable Down	0	stable_down
SD_536	100	0	100	0	0	1	0	down	1	Highly Stable	Highly Stable Down	0	stable_down
SD_537	100	0	100	0	0	1	0	down	1	Highly Stable	Highly Stable Down	0	stable_down
SD_538	100	0	100	0	0	1	0	down	1	Highly Stable	Highly Stable Down	0	stable_down
SD_539	100	0	100	0	0	1	0	down	1	Highly Stable	Highly Stable Down	0	stable_down
SD_54	100	0	100	0	0	1	0	down	1	Highly Stable	Highly Stable Down	0	stable_down
SD_540	100	0	100	0	0	1	0	down	1	Highly Stable	Highly Stable Down	0	stable_down
SD_541	100	0	100	0	0	1	0	down	1	Highly Stable	Highly Stable Down	0	stable_down
SD_542	100	0	100	0	0	1	0	down	1	Highly Stable	Highly Stable Down	0	stable_down
SD_543	100	0	100	0	0	1	0	down	1	Highly Stable	Highly Stable Down	0	stable_down
SD_544	100	0	100	0	0	1	0	down	1	Highly Stable	Highly Stable Down	0	stable_down
SD_545	100	0	100	0	0	1	0	down	1	Highly Stable	Highly Stable Down	0	stable_down
SD_546	100	0	100	0	0	1	0	down	1	Highly Stable	Highly Stable Down	0	stable_down
SD_547	100	0	100	0	0	1	0	down	1	Highly Stable	Highly Stable Down	0	stable_down
SD_548	100	0	100	0	0	1	0	down	1	Highly Stable	Highly Stable Down	0	stable_down
SD_549	100	0	100	0	0	1	0	down	1	Highly Stable	Highly Stable Down	0	stable_down
SD_55	100	0	100	0	0	1	0	down	1	Highly Stable	Highly Stable Down	0	stable_down
SD_550	100	0	100	0	0	1	0	down	1	Highly Stable	Highly Stable Down	0	stable_down
SD_551	100	0	100	0	0	1	0	down	1	Highly Stable	Highly Stable Down	0	stable_down
SD_552	100	0	100	0	0	1	0	down	1	Highly Stable	Highly Stable Down	0	stable_down
SD_553	100	0	100	0	0	1	0	down	1	Highly Stable	Highly Stable Down	0	stable_down
SD_554	100	0	100	0	0	1	0	down	1	Highly Stable	Highly Stable Down	0	stable_down
SD_555	100	0	100	0	0	1	0	down	1	Highly Stable	Highly Stable Down	0	stable_down
SD_556	100	0	100	0	0	1	0	down	1	Highly Stable	Highly Stable Down	0	stable_down
SD_557	100	0	100	0	0	1	0	down	1	Highly Stable	Highly Stable Down	0	stable_down
SD_558	100	0	100	0	0	1	0	down	1	Highly Stable	Highly Stable Down	0	stable_down
SD_559	100	0	100	0	0	1	0	down	1	Highly Stable	Highly Stable Down	0	stable_down
SD_56	100	0	100	0	0	1	0	down	1	Highly Stable	Highly Stable Down	0	stable_down
SD_560	100	0	100	0	0	1	0	down	1	Highly Stable	Highly Stable Down	0	stable_down
SD_561	100	0	100	0	0	1	0	down	1	Highly Stable	Highly Stable Down	0	stable_down
SD_562	100	0	100	0	0	1	0	down	1	Highly Stable	Highly Stable Down	0	stable_down
SD_563	100	0	100	0	0	1	0	down	1	Highly Stable	Highly Stable Down	0	stable_down
SD_564	100	0	100	0	0	1	0	down	1	Highly Stable	Highly Stable Down	0	stable_down
SD_565	100	0	100	0	0	1	0	down	1	Highly Stable	Highly Stable Down	0	stable_down
SD_566	100	0	100	0	0	1	0	down	1	Highly Stable	Highly Stable Down	0	stable_down
SD_567	100	0	100	0	0	1	0	down	1	Highly Stable	Highly Stable Down	0	stable_down
SD_568	100	0	100	0	0	1	0	down	1	Highly Stable	Highly Stable Down	0	stable_down
SD_569	100	0	100	0	0	1	0	down	1	Highly Stable	Highly Stable Down	0	stable_down
SD_57	100	0	100	0	0	1	0	down	1	Highly Stable	Highly Stable Down	0	stable_down
SD_570	100	0	100	0	0	1	0	down	1	Highly Stable	Highly Stable Down	0	stable_down
SD_571	100	0	100	0	0	1	0	down	1	Highly Stable	Highly Stable Down	0	stable_down
SD_572	100	0	100	0	0	1	0	down	1	Highly Stable	Highly Stable Down	0	stable_down
SD_573	100	0	100	0	0	1	0	down	1	Highly Stable	Highly Stable Down	0	stable_down
SD_574	100	0	100	0	0	1	0	down	1	Highly Stable	Highly Stable Down	0	stable_down
SD_575	100	0	100	0	0	1	0	down	1	Highly Stable	Highly Stable Down	0	stable_down
SD_576	100	0	100	0	0	1	0	down	1	Highly Stable	Highly Stable Down	0	stable_down
SD_577	100	0	100	0	0	1	0	down	1	Highly Stable	Highly Stable Down	0	stable_down
SD_578	100	0	100	0	0	1	0	down	1	Highly Stable	Highly Stable Down	0	stable_down
SD_579	100	0	100	0	0	1	0	down	1	Highly Stable	Highly Stable Down	0	stable_down
SD_58	100	0	100	0	0	1	0	down	1	Highly Stable	Highly Stable Down	0	stable_down
SD_580	100	0	100	0	0	1	0	down	1	Highly Stable	Highly Stable Down	0	stable_down
SD_581	100	0	100	0	0	1	0	down	1	Highly Stable	Highly Stable Down	0	stable_down
SD_582	100	0	100	0	0	1	0	down	1	Highly Stable	Highly Stable Down	0	stable_down
SD_583	100	0	100	0	0	1	0	down	1	Highly Stable	Highly Stable Down	0	stable_down
SD_584	100	0	100	0	0	1	0	down	1	Highly Stable	Highly Stable Down	0	stable_down
SD_585	100	0	100	0	0	1	0	down	1	Highly Stable	Highly Stable Down	0	stable_down
SD_586	100	0	100	0	0	1	0	down	1	Highly Stable	Highly Stable Down	0	stable_down
SD_587	100	0	100	0	0	1	0	down	1	Highly Stable	Highly Stable Down	0	stable_down
SD_588	100	0	100	0	0	1	0	down	1	Highly Stable	Highly Stable Down	0	stable_down
SD_589	100	0	100	0	0	1	0	down	1	Highly Stable	Highly Stable Down	0	stable_down
SD_59	100	0	100	0	0	1	0	down	1	Highly Stable	Highly Stable Down	0	stable_down
SD_590	100	0	100	0	0	1	0	down	1	Highly Stable	Highly Stable Down	0	stable_down
SD_591	100	0	100	0	0	1	0	down	1	Highly Stable	Highly Stable Down	0	stable_down
SD_592	100	0	100	0	0	1	0	down	1	Highly Stable	Highly Stable Down	0	stable_down
SD_593	100	0	100	0	0	1	0	down	1	Highly Stable	Highly Stable Down	0	stable_down
SD_594	100	0	100	0	0	1	0	down	1	Highly Stable	Highly Stable Down	0	stable_down
SD_595	100	0	100	0	0	1	0	down	1	Highly Stable	Highly Stable Down	0	stable_down
SD_596	100	0	100	0	0	1	0	down	1	Highly Stable	Highly Stable Down	0	stable_down
SD_597	100	0	100	0	0	1	0	down	1	Highly Stable	Highly Stable Down	0	stable_down
SD_598	100	0	100	0	0	1	0	down	1	Highly Stable	Highly Stable Down	0	stable_down
SD_599	100	0	100	0	0	1	0	down	1	Highly Stable	Highly Stable Down	0	stable_down
SD_6	100	0	100	0	0	1	0	down	1	Highly Stable	Highly Stable Down	0	stable_down
SD_60	100	0	100	0	0	1	0	down	1	Highly Stable	Highly Stable Down	0	stable_down
SD_600	100	0	100	0	0	1	0	down	1	Highly Stable	Highly Stable Down	0	stable_down
SD_601	100	0	100	0	0	1	0	down	1	Highly Stable	Highly Stable Down	0	stable_down
SD_602	100	0	100	0	0	1	0	down	1	Highly Stable	Highly Stable Down	0	stable_down
SD_603	100	0	100	0	0	1	0	down	1	Highly Stable	Highly Stable Down	0	stable_down
SD_604	100	0	100	0	0	1	0	down	1	Highly Stable	Highly Stable Down	0	stable_down
SD_605	100	0	100	0	0	1	0	down	1	Highly Stable	Highly Stable Down	0	stable_down
SD_606	100	0	100	0	0	1	0	down	1	Highly Stable	Highly Stable Down	0	stable_down
SD_607	100	0	100	0	0	1	0	down	1	Highly Stable	Highly Stable Down	0	stable_down
SD_608	100	0	100	0	0	1	0	down	1	Highly Stable	Highly Stable Down	0	stable_down
SD_609	100	0	100	0	0	1	0	down	1	Highly Stable	Highly Stable Down	0	stable_down
SD_61	100	0	100	0	0	1	0	down	1	Highly Stable	Highly Stable Down	0	stable_down
SD_610	100	0	100	0	0	1	0	down	1	Highly Stable	Highly Stable Down	0	stable_down
SD_611	100	0	100	0	0	1	0	down	1	Highly Stable	Highly Stable Down	0	stable_down
SD_612	100	0	100	0	0	1	0	down	1	Highly Stable	Highly Stable Down	0	stable_down
SD_613	100	0	100	0	0	1	0	down	1	Highly Stable	Highly Stable Down	0	stable_down
SD_614	100	0	100	0	0	1	0	down	1	Highly Stable	Highly Stable Down	0	stable_down
SD_615	100	0	100	0	0	1	0	down	1	Highly Stable	Highly Stable Down	0	stable_down
SD_616	100	0	100	0	0	1	0	down	1	Highly Stable	Highly Stable Down	0	stable_down
SD_617	100	0	100	0	0	1	0	down	1	Highly Stable	Highly Stable Down	0	stable_down
SD_618	100	0	100	0	0	1	0	down	1	Highly Stable	Highly Stable Down	0	stable_down
SD_619	100	0	100	0	0	1	0	down	1	Highly Stable	Highly Stable Down	0	stable_down
SD_62	100	0	100	0	0	1	0	down	1	Highly Stable	Highly Stable Down	0	stable_down
SD_620	100	0	100	0	0	1	0	down	1	Highly Stable	Highly Stable Down	0	stable_down
SD_621	100	0	100	0	0	1	0	down	1	Highly Stable	Highly Stable Down	0	stable_down
SD_622	100	0	100	0	0	1	0	down	1	Highly Stable	Highly Stable Down	0	stable_down
SD_623	100	0	100	0	0	1	0	down	1	Highly Stable	Highly Stable Down	0	stable_down
SD_624	100	0	100	0	0	1	0	down	1	Highly Stable	Highly Stable Down	0	stable_down
SD_625	100	0	100	0	0	1	0	down	1	Highly Stable	Highly Stable Down	0	stable_down
SD_626	100	0	100	0	0	1	0	down	1	Highly Stable	Highly Stable Down	0	stable_down
SD_627	100	0	100	0	0	1	0	down	1	Highly Stable	Highly Stable Down	0	stable_down
SD_628	100	0	100	0	0	1	0	down	1	Highly Stable	Highly Stable Down	0	stable_down
SD_629	100	0	100	0	0	1	0	down	1	Highly Stable	Highly Stable Down	0	stable_down
SD_63	100	0	100	0	0	1	0	down	1	Highly Stable	Highly Stable Down	0	stable_down
SD_630	100	0	100	0	0	1	0	down	1	Highly Stable	Highly Stable Down	0	stable_down
SD_631	100	0	100	0	0	1	0	down	1	Highly Stable	Highly Stable Down	0	stable_down
SD_632	100	0	100	0	0	1	0	down	1	Highly Stable	Highly Stable Down	0	stable_down
SD_633	100	0	100	0	0	1	0	down	1	Highly Stable	Highly Stable Down	0	stable_down
SD_634	100	0	100	0	0	1	0	down	1	Highly Stable	Highly Stable Down	0	stable_down
SD_635	100	0	100	0	0	1	0	down	1	Highly Stable	Highly Stable Down	0	stable_down
SD_636	100	0	100	0	0	1	0	down	1	Highly Stable	Highly Stable Down	0	stable_down
SD_637	100	0	100	0	0	1	0	down	1	Highly Stable	Highly Stable Down	0	stable_down
SD_638	100	0	100	0	0	1	0	down	1	Highly Stable	Highly Stable Down	0	stable_down
SD_639	100	0	100	0	0	1	0	down	1	Highly Stable	Highly Stable Down	0	stable_down
SD_64	100	0	100	0	0	1	0	down	1	Highly Stable	Highly Stable Down	0	stable_down
SD_640	100	0	100	0	0	1	0	down	1	Highly Stable	Highly Stable Down	0	stable_down
SD_641	100	0	100	0	0	1	0	down	1	Highly Stable	Highly Stable Down	0	stable_down
SD_642	100	0	100	0	0	1	0	down	1	Highly Stable	Highly Stable Down	0	stable_down
SD_643	100	0	100	0	0	1	0	down	1	Highly Stable	Highly Stable Down	0	stable_down
SD_644	100	0	100	0	0	1	0	down	1	Highly Stable	Highly Stable Down	0	stable_down
SD_645	100	0	100	0	0	1	0	down	1	Highly Stable	Highly Stable Down	0	stable_down
SD_646	100	0	100	0	0	1	0	down	1	Highly Stable	Highly Stable Down	0	stable_down
SD_647	100	0	100	0	0	1	0	down	1	Highly Stable	Highly Stable Down	0	stable_down
SD_648	100	0	100	0	0	1	0	down	1	Highly Stable	Highly Stable Down	0	stable_down
SD_649	100	0	100	0	0	1	0	down	1	Highly Stable	Highly Stable Down	0	stable_down
SD_65	100	0	100	0	0	1	0	down	1	Highly Stable	Highly Stable Down	0	stable_down
SD_650	100	0	100	0	0	1	0	down	1	Highly Stable	Highly Stable Down	0	stable_down
SD_651	100	0	100	0	0	1	0	down	1	Highly Stable	Highly Stable Down	0	stable_down
SD_652	100	0	100	0	0	1	0	down	1	Highly Stable	Highly Stable Down	0	stable_down
SD_653	100	0	100	0	0	1	0	down	1	Highly Stable	Highly Stable Down	0	stable_down
SD_654	100	0	100	0	0	1	0	down	1	Highly Stable	Highly Stable Down	0	stable_down
SD_655	100	0	100	0	0	1	0	down	1	Highly Stable	Highly Stable Down	0	stable_down
SD_656	100	0	100	0	0	1	0	down	1	Highly Stable	Highly Stable Down	0	stable_down
SD_657	100	0	100	0	0	1	0	down	1	Highly Stable	Highly Stable Down	0	stable_down
SD_658	100	0	100	0	0	1	0	down	1	Highly Stable	Highly Stable Down	0	stable_down
SD_659	100	0	100	0	0	1	0	down	1	Highly Stable	Highly Stable Down	0	stable_down
SD_66	100	0	100	0	0	1	0	down	1	Highly Stable	Highly Stable Down	0	stable_down
SD_660	100	0	100	0	0	1	0	down	1	Highly Stable	Highly Stable Down	0	stable_down
SD_661	100	0	100	0	0	1	0	down	1	Highly Stable	Highly Stable Down	0	stable_down
SD_662	100	0	100	0	0	1	0	down	1	Highly Stable	Highly Stable Down	0	stable_down
SD_663	100	0	100	0	0	1	0	down	1	Highly Stable	Highly Stable Down	0	stable_down
SD_664	100	0	100	0	0	1	0	down	1	Highly Stable	Highly Stable Down	0	stable_down
SD_665	100	0	100	0	0	1	0	down	1	Highly Stable	Highly Stable Down	0	stable_down
SD_666	100	0	100	0	0	1	0	down	1	Highly Stable	Highly Stable Down	0	stable_down
SD_667	100	0	100	0	0	1	0	down	1	Highly Stable	Highly Stable Down	0	stable_down
SD_668	100	0	100	0	0	1	0	down	1	Highly Stable	Highly Stable Down	0	stable_down
SD_669	100	0	100	0	0	1	0	down	1	Highly Stable	Highly Stable Down	0	stable_down
SD_67	100	0	100	0	0	1	0	down	1	Highly Stable	Highly Stable Down	0	stable_down
SD_670	100	0	100	0	0	1	0	down	1	Highly Stable	Highly Stable Down	0	stable_down
SD_671	100	0	100	0	0	1	0	down	1	Highly Stable	Highly Stable Down	0	stable_down
SD_672	100	0	100	0	0	1	0	down	1	Highly Stable	Highly Stable Down	0	stable_down
SD_673	100	0	100	0	0	1	0	down	1	Highly Stable	Highly Stable Down	0	stable_down
SD_674	100	0	100	0	0	1	0	down	1	Highly Stable	Highly Stable Down	0	stable_down
SD_675	100	0	100	0	0	1	0	down	1	Highly Stable	Highly Stable Down	0	stable_down
SD_676	100	0	100	0	0	1	0	down	1	Highly Stable	Highly Stable Down	0	stable_down
SD_677	100	0	100	0	0	1	0	down	1	Highly Stable	Highly Stable Down	0	stable_down
SD_678	100	0	100	0	0	1	0	down	1	Highly Stable	Highly Stable Down	0	stable_down
SD_679	100	0	100	0	0	1	0	down	1	Highly Stable	Highly Stable Down	0	stable_down
SD_68	100	0	100	0	0	1	0	down	1	Highly Stable	Highly Stable Down	0	stable_down
SD_680	100	0	100	0	0	1	0	down	1	Highly Stable	Highly Stable Down	0	stable_down
SD_681	100	0	100	0	0	1	0	down	1	Highly Stable	Highly Stable Down	0	stable_down
SD_682	100	0	100	0	0	1	0	down	1	Highly Stable	Highly Stable Down	0	stable_down
SD_683	100	0	100	0	0	1	0	down	1	Highly Stable	Highly Stable Down	0	stable_down
SD_684	100	0	100	0	0	1	0	down	1	Highly Stable	Highly Stable Down	0	stable_down
SD_685	100	0	100	0	0	1	0	down	1	Highly Stable	Highly Stable Down	0	stable_down
SD_686	100	0	100	0	0	1	0	down	1	Highly Stable	Highly Stable Down	0	stable_down
SD_687	100	0	100	0	0	1	0	down	1	Highly Stable	Highly Stable Down	0	stable_down
SD_688	100	0	100	0	0	1	0	down	1	Highly Stable	Highly Stable Down	0	stable_down
SD_689	100	0	100	0	0	1	0	down	1	Highly Stable	Highly Stable Down	0	stable_down
SD_69	100	0	100	0	0	1	0	down	1	Highly Stable	Highly Stable Down	0	stable_down
SD_690	100	0	100	0	0	1	0	down	1	Highly Stable	Highly Stable Down	0	stable_down
SD_691	100	0	100	0	0	1	0	down	1	Highly Stable	Highly Stable Down	0	stable_down
SD_692	100	0	100	0	0	1	0	down	1	Highly Stable	Highly Stable Down	0	stable_down
SD_693	100	0	100	0	0	1	0	down	1	Highly Stable	Highly Stable Down	0	stable_down
SD_694	100	0	100	0	0	1	0	down	1	Highly Stable	Highly Stable Down	0	stable_down
SD_695	100	0	100	0	0	1	0	down	1	Highly Stable	Highly Stable Down	0	stable_down
SD_696	100	0	100	0	0	1	0	down	1	Highly Stable	Highly Stable Down	0	stable_down
SD_697	100	0	100	0	0	1	0	down	1	Highly Stable	Highly Stable Down	0	stable_down
SD_698	100	0	100	0	0	1	0	down	1	Highly Stable	Highly Stable Down	0	stable_down
SD_699	100	0	100	0	0	1	0	down	1	Highly Stable	Highly Stable Down	0	stable_down
SD_7	100	0	100	0	0	1	0	down	1	Highly Stable	Highly Stable Down	0	stable_down
SD_70	100	0	100	0	0	1	0	down	1	Highly Stable	Highly Stable Down	0	stable_down
SD_700	100	0	100	0	0	1	0	down	1	Highly Stable	Highly Stable Down	0	stable_down
SD_701	100	0	100	0	0	1	0	down	1	Highly Stable	Highly Stable Down	0	stable_down
SD_702	100	0	100	0	0	1	0	down	1	Highly Stable	Highly Stable Down	0	stable_down
SD_703	100	0	100	0	0	1	0	down	1	Highly Stable	Highly Stable Down	0	stable_down
SD_704	100	0	100	0	0	1	0	down	1	Highly Stable	Highly Stable Down	0	stable_down
SD_705	100	0	100	0	0	1	0	down	1	Highly Stable	Highly Stable Down	0	stable_down
SD_706	100	0	100	0	0	1	0	down	1	Highly Stable	Highly Stable Down	0	stable_down
SD_707	100	0	100	0	0	1	0	down	1	Highly Stable	Highly Stable Down	0	stable_down
SD_708	100	0	100	0	0	1	0	down	1	Highly Stable	Highly Stable Down	0	stable_down
SD_709	100	0	100	0	0	1	0	down	1	Highly Stable	Highly Stable Down	0	stable_down
SD_71	100	0	100	0	0	1	0	down	1	Highly Stable	Highly Stable Down	0	stable_down
SD_710	100	0	100	0	0	1	0	down	1	Highly Stable	Highly Stable Down	0	stable_down
SD_711	100	0	100	0	0	1	0	down	1	Highly Stable	Highly Stable Down	0	stable_down
SD_712	100	0	100	0	0	1	0	down	1	Highly Stable	Highly Stable Down	0	stable_down
SD_713	100	0	100	0	0	1	0	down	1	Highly Stable	Highly Stable Down	0	stable_down
SD_714	100	0	100	0	0	1	0	down	1	Highly Stable	Highly Stable Down	0	stable_down
SD_715	100	0	100	0	0	1	0	down	1	Highly Stable	Highly Stable Down	0	stable_down
SD_716	100	0	100	0	0	1	0	down	1	Highly Stable	Highly Stable Down	0	stable_down
SD_717	100	0	100	0	0	1	0	down	1	Highly Stable	Highly Stable Down	0	stable_down
SD_718	100	0	100	0	0	1	0	down	1	Highly Stable	Highly Stable Down	0	stable_down
SD_719	100	0	100	0	0	1	0	down	1	Highly Stable	Highly Stable Down	0	stable_down
SD_72	100	0	100	0	0	1	0	down	1	Highly Stable	Highly Stable Down	0	stable_down
SD_720	100	0	100	0	0	1	0	down	1	Highly Stable	Highly Stable Down	0	stable_down
SD_721	100	0	100	0	0	1	0	down	1	Highly Stable	Highly Stable Down	0	stable_down
SD_722	100	0	100	0	0	1	0	down	1	Highly Stable	Highly Stable Down	0	stable_down
SD_723	100	0	100	0	0	1	0	down	1	Highly Stable	Highly Stable Down	0	stable_down
SD_724	100	0	100	0	0	1	0	down	1	Highly Stable	Highly Stable Down	0	stable_down
SD_725	100	0	100	0	0	1	0	down	1	Highly Stable	Highly Stable Down	0	stable_down
SD_726	100	0	100	0	0	1	0	down	1	Highly Stable	Highly Stable Down	0	stable_down
SD_727	100	0	100	0	0	1	0	down	1	Highly Stable	Highly Stable Down	0	stable_down
SD_728	100	0	100	0	0	1	0	down	1	Highly Stable	Highly Stable Down	0	stable_down
SD_729	100	0	100	0	0	1	0	down	1	Highly Stable	Highly Stable Down	0	stable_down
SD_73	100	0	100	0	0	1	0	down	1	Highly Stable	Highly Stable Down	0	stable_down
SD_730	100	0	100	0	0	1	0	down	1	Highly Stable	Highly Stable Down	0	stable_down
SD_731	100	0	100	0	0	1	0	down	1	Highly Stable	Highly Stable Down	0	stable_down
SD_732	100	0	100	0	0	1	0	down	1	Highly Stable	Highly Stable Down	0	stable_down
SD_733	100	0	100	0	0	1	0	down	1	Highly Stable	Highly Stable Down	0	stable_down
SD_734	100	0	100	0	0	1	0	down	1	Highly Stable	Highly Stable Down	0	stable_down
SD_735	100	0	100	0	0	1	0	down	1	Highly Stable	Highly Stable Down	0	stable_down
SD_736	100	0	100	0	0	1	0	down	1	Highly Stable	Highly Stable Down	0	stable_down
SD_737	100	0	100	0	0	1	0	down	1	Highly Stable	Highly Stable Down	0	stable_down
SD_738	100	0	100	0	0	1	0	down	1	Highly Stable	Highly Stable Down	0	stable_down
SD_739	100	0	100	0	0	1	0	down	1	Highly Stable	Highly Stable Down	0	stable_down
SD_74	100	0	100	0	0	1	0	down	1	Highly Stable	Highly Stable Down	0	stable_down
SD_740	100	0	100	0	0	1	0	down	1	Highly Stable	Highly Stable Down	0	stable_down
SD_741	100	0	100	0	0	1	0	down	1	Highly Stable	Highly Stable Down	0	stable_down
SD_742	100	0	100	0	0	1	0	down	1	Highly Stable	Highly Stable Down	0	stable_down
SD_743	100	0	100	0	0	1	0	down	1	Highly Stable	Highly Stable Down	0	stable_down
SD_744	100	0	100	0	0	1	0	down	1	Highly Stable	Highly Stable Down	0	stable_down
SD_745	100	0	100	0	0	1	0	down	1	Highly Stable	Highly Stable Down	0	stable_down
SD_746	100	0	100	0	0	1	0	down	1	Highly Stable	Highly Stable Down	0	stable_down
SD_747	100	0	100	0	0	1	0	down	1	Highly Stable	Highly Stable Down	0	stable_down
SD_748	100	0	100	0	0	1	0	down	1	Highly Stable	Highly Stable Down	0	stable_down
SD_749	100	0	100	0	0	1	0	down	1	Highly Stable	Highly Stable Down	0	stable_down
SD_75	100	0	100	0	0	1	0	down	1	Highly Stable	Highly Stable Down	0	stable_down
SD_750	100	0	100	0	0	1	0	down	1	Highly Stable	Highly Stable Down	0	stable_down
SD_751	100	0	100	0	0	1	0	down	1	Highly Stable	Highly Stable Down	0	stable_down
SD_752	100	0	100	0	0	1	0	down	1	Highly Stable	Highly Stable Down	0	stable_down
SD_753	100	0	100	0	0	1	0	down	1	Highly Stable	Highly Stable Down	0	stable_down
SD_754	100	0	100	0	0	1	0	down	1	Highly Stable	Highly Stable Down	0	stable_down
SD_755	100	0	100	0	0	1	0	down	1	Highly Stable	Highly Stable Down	0	stable_down
SD_756	100	0	100	0	0	1	0	down	1	Highly Stable	Highly Stable Down	0	stable_down
SD_757	100	0	100	0	0	1	0	down	1	Highly Stable	Highly Stable Down	0	stable_down
SD_758	100	0	100	0	0	1	0	down	1	Highly Stable	Highly Stable Down	0	stable_down
SD_759	100	0	100	0	0	1	0	down	1	Highly Stable	Highly Stable Down	0	stable_down
SD_76	100	0	100	0	0	1	0	down	1	Highly Stable	Highly Stable Down	0	stable_down
SD_760	100	0	100	0	0	1	0	down	1	Highly Stable	Highly Stable Down	0	stable_down
SD_761	100	0	100	0	0	1	0	down	1	Highly Stable	Highly Stable Down	0	stable_down
SD_762	100	0	100	0	0	1	0	down	1	Highly Stable	Highly Stable Down	0	stable_down
SD_763	100	0	100	0	0	1	0	down	1	Highly Stable	Highly Stable Down	0	stable_down
SD_764	100	0	100	0	0	1	0	down	1	Highly Stable	Highly Stable Down	0	stable_down
SD_765	100	0	100	0	0	1	0	down	1	Highly Stable	Highly Stable Down	0	stable_down
SD_766	100	0	100	0	0	1	0	down	1	Highly Stable	Highly Stable Down	0	stable_down
SD_767	100	0	100	0	0	1	0	down	1	Highly Stable	Highly Stable Down	0	stable_down
SD_768	100	0	100	0	0	1	0	down	1	Highly Stable	Highly Stable Down	0	stable_down
SD_769	100	0	100	0	0	1	0	down	1	Highly Stable	Highly Stable Down	0	stable_down
SD_77	100	0	100	0	0	1	0	down	1	Highly Stable	Highly Stable Down	0	stable_down
SD_770	100	0	100	0	0	1	0	down	1	Highly Stable	Highly Stable Down	0	stable_down
SD_771	100	0	100	0	0	1	0	down	1	Highly Stable	Highly Stable Down	0	stable_down
SD_772	100	0	100	0	0	1	0	down	1	Highly Stable	Highly Stable Down	0	stable_down
SD_773	100	0	100	0	0	1	0	down	1	Highly Stable	Highly Stable Down	0	stable_down
SD_774	100	0	100	0	0	1	0	down	1	Highly Stable	Highly Stable Down	0	stable_down
SD_775	100	0	100	0	0	1	0	down	1	Highly Stable	Highly Stable Down	0	stable_down
SD_776	100	0	100	0	0	1	0	down	1	Highly Stable	Highly Stable Down	0	stable_down
SD_777	100	0	100	0	0	1	0	down	1	Highly Stable	Highly Stable Down	0	stable_down
SD_778	100	0	100	0	0	1	0	down	1	Highly Stable	Highly Stable Down	0	stable_down
SD_779	100	0	100	0	0	1	0	down	1	Highly Stable	Highly Stable Down	0	stable_down
SD_78	100	0	100	0	0	1	0	down	1	Highly Stable	Highly Stable Down	0	stable_down
SD_780	100	0	100	0	0	1	0	down	1	Highly Stable	Highly Stable Down	0	stable_down
SD_781	100	0	100	0	0	1	0	down	1	Highly Stable	Highly Stable Down	0	stable_down
SD_782	100	0	100	0	0	1	0	down	1	Highly Stable	Highly Stable Down	0	stable_down
SD_783	100	0	100	0	0	1	0	down	1	Highly Stable	Highly Stable Down	0	stable_down
SD_784	100	0	100	0	0	1	0	down	1	Highly Stable	Highly Stable Down	0	stable_down
SD_785	100	0	100	0	0	1	0	down	1	Highly Stable	Highly Stable Down	0	stable_down
SD_786	100	0	100	0	0	1	0	down	1	Highly Stable	Highly Stable Down	0	stable_down
SD_787	100	0	100	0	0	1	0	down	1	Highly Stable	Highly Stable Down	0	stable_down
SD_788	100	0	100	0	0	1	0	down	1	Highly Stable	Highly Stable Down	0	stable_down
SD_789	100	0	100	0	0	1	0	down	1	Highly Stable	Highly Stable Down	0	stable_down
SD_79	100	0	100	0	0	1	0	down	1	Highly Stable	Highly Stable Down	0	stable_down
SD_790	100	0	100	0	0	1	0	down	1	Highly Stable	Highly Stable Down	0	stable_down
SD_791	100	0	100	0	0	1	0	down	1	Highly Stable	Highly Stable Down	0	stable_down
SD_792	100	0	100	0	0	1	0	down	1	Highly Stable	Highly Stable Down	0	stable_down
SD_793	100	0	100	0	0	1	0	down	1	Highly Stable	Highly Stable Down	0	stable_down
SD_794	100	0	100	0	0	1	0	down	1	Highly Stable	Highly Stable Down	0	stable_down
SD_795	100	0	100	0	0	1	0	down	1	Highly Stable	Highly Stable Down	0	stable_down
SD_796	100	0	100	0	0	1	0	down	1	Highly Stable	Highly Stable Down	0	stable_down
SD_797	100	0	100	0	0	1	0	down	1	Highly Stable	Highly Stable Down	0	stable_down
SD_798	100	0	100	0	0	1	0	down	1	Highly Stable	Highly Stable Down	0	stable_down
SD_799	100	0	100	0	0	1	0	down	1	Highly Stable	Highly Stable Down	0	stable_down
SD_8	100	0	100	0	0	1	0	down	1	Highly Stable	Highly Stable Down	0	stable_down
SD_80	100	0	100	0	0	1	0	down	1	Highly Stable	Highly Stable Down	0	stable_down
SD_800	100	0	100	0	0	1	0	down	1	Highly Stable	Highly Stable Down	0	stable_down
SD_801	100	0	100	0	0	1	0	down	1	Highly Stable	Highly Stable Down	0	stable_down
SD_802	100	0	100	0	0	1	0	down	1	Highly Stable	Highly Stable Down	0	stable_down
SD_803	100	0	100	0	0	1	0	down	1	Highly Stable	Highly Stable Down	0	stable_down
SD_804	100	0	100	0	0	1	0	down	1	Highly Stable	Highly Stable Down	0	stable_down
SD_805	100	0	100	0	0	1	0	down	1	Highly Stable	Highly Stable Down	0	stable_down
SD_806	100	0	100	0	0	1	0	down	1	Highly Stable	Highly Stable Down	0	stable_down
SD_807	100	0	100	0	0	1	0	down	1	Highly Stable	Highly Stable Down	0	stable_down
SD_808	100	0	100	0	0	1	0	down	1	Highly Stable	Highly Stable Down	0	stable_down
SD_809	100	0	100	0	0	1	0	down	1	Highly Stable	Highly Stable Down	0	stable_down
SD_81	100	0	100	0	0	1	0	down	1	Highly Stable	Highly Stable Down	0	stable_down
SD_810	100	0	100	0	0	1	0	down	1	Highly Stable	Highly Stable Down	0	stable_down
SD_811	100	0	100	0	0	1	0	down	1	Highly Stable	Highly Stable Down	0	stable_down
SD_812	100	0	100	0	0	1	0	down	1	Highly Stable	Highly Stable Down	0	stable_down
SD_813	100	0	100	0	0	1	0	down	1	Highly Stable	Highly Stable Down	0	stable_down
SD_814	100	0	100	0	0	1	0	down	1	Highly Stable	Highly Stable Down	0	stable_down
SD_815	100	0	100	0	0	1	0	down	1	Highly Stable	Highly Stable Down	0	stable_down
SD_816	100	0	100	0	0	1	0	down	1	Highly Stable	Highly Stable Down	0	stable_down
SD_817	100	0	100	0	0	1	0	down	1	Highly Stable	Highly Stable Down	0	stable_down
SD_818	100	0	100	0	0	1	0	down	1	Highly Stable	Highly Stable Down	0	stable_down
SD_819	100	0	100	0	0	1	0	down	1	Highly Stable	Highly Stable Down	0	stable_down
SD_82	100	0	100	0	0	1	0	down	1	Highly Stable	Highly Stable Down	0	stable_down
SD_820	100	0	100	0	0	1	0	down	1	Highly Stable	Highly Stable Down	0	stable_down
SD_821	100	0	100	0	0	1	0	down	1	Highly Stable	Highly Stable Down	0	stable_down
SD_822	100	0	100	0	0	1	0	down	1	Highly Stable	Highly Stable Down	0	stable_down
SD_823	100	0	100	0	0	1	0	down	1	Highly Stable	Highly Stable Down	0	stable_down
SD_824	100	0	100	0	0	1	0	down	1	Highly Stable	Highly Stable Down	0	stable_down
SD_825	100	0	100	0	0	1	0	down	1	Highly Stable	Highly Stable Down	0	stable_down
SD_826	100	0	100	0	0	1	0	down	1	Highly Stable	Highly Stable Down	0	stable_down
SD_827	100	0	100	0	0	1	0	down	1	Highly Stable	Highly Stable Down	0	stable_down
SD_828	100	0	100	0	0	1	0	down	1	Highly Stable	Highly Stable Down	0	stable_down
SD_829	100	0	100	0	0	1	0	down	1	Highly Stable	Highly Stable Down	0	stable_down
SD_83	100	0	100	0	0	1	0	down	1	Highly Stable	Highly Stable Down	0	stable_down
SD_830	100	0	100	0	0	1	0	down	1	Highly Stable	Highly Stable Down	0	stable_down
SD_831	100	0	100	0	0	1	0	down	1	Highly Stable	Highly Stable Down	0	stable_down
SD_832	100	0	100	0	0	1	0	down	1	Highly Stable	Highly Stable Down	0	stable_down
SD_833	100	0	100	0	0	1	0	down	1	Highly Stable	Highly Stable Down	0	stable_down
SD_834	100	0	100	0	0	1	0	down	1	Highly Stable	Highly Stable Down	0	stable_down
SD_835	100	0	100	0	0	1	0	down	1	Highly Stable	Highly Stable Down	0	stable_down
SD_836	100	0	100	0	0	1	0	down	1	Highly Stable	Highly Stable Down	0	stable_down
SD_837	100	0	100	0	0	1	0	down	1	Highly Stable	Highly Stable Down	0	stable_down
SD_838	100	0	100	0	0	1	0	down	1	Highly Stable	Highly Stable Down	0	stable_down
SD_839	100	0	100	0	0	1	0	down	1	Highly Stable	Highly Stable Down	0	stable_down
SD_84	100	0	100	0	0	1	0	down	1	Highly Stable	Highly Stable Down	0	stable_down
SD_840	100	0	100	0	0	1	0	down	1	Highly Stable	Highly Stable Down	0	stable_down
SD_841	100	0	100	0	0	1	0	down	1	Highly Stable	Highly Stable Down	0	stable_down
SD_842	100	0	100	0	0	1	0	down	1	Highly Stable	Highly Stable Down	0	stable_down
SD_843	100	0	100	0	0	1	0	down	1	Highly Stable	Highly Stable Down	0	stable_down
SD_844	100	0	100	0	0	1	0	down	1	Highly Stable	Highly Stable Down	0	stable_down
SD_845	100	0	100	0	0	1	0	down	1	Highly Stable	Highly Stable Down	0	stable_down
SD_846	100	0	100	0	0	1	0	down	1	Highly Stable	Highly Stable Down	0	stable_down
SD_847	100	0	100	0	0	1	0	down	1	Highly Stable	Highly Stable Down	0	stable_down
SD_848	100	0	100	0	0	1	0	down	1	Highly Stable	Highly Stable Down	0	stable_down
SD_849	100	0	100	0	0	1	0	down	1	Highly Stable	Highly Stable Down	0	stable_down
SD_85	100	0	100	0	0	1	0	down	1	Highly Stable	Highly Stable Down	0	stable_down
SD_850	100	0	100	0	0	1	0	down	1	Highly Stable	Highly Stable Down	0	stable_down
SD_851	100	0	100	0	0	1	0	down	1	Highly Stable	Highly Stable Down	0	stable_down
SD_852	100	0	100	0	0	1	0	down	1	Highly Stable	Highly Stable Down	0	stable_down
SD_853	100	0	100	0	0	1	0	down	1	Highly Stable	Highly Stable Down	0	stable_down
SD_854	100	0	100	0	0	1	0	down	1	Highly Stable	Highly Stable Down	0	stable_down
SD_855	100	0	100	0	0	1	0	down	1	Highly Stable	Highly Stable Down	0	stable_down
SD_856	100	0	100	0	0	1	0	down	1	Highly Stable	Highly Stable Down	0	stable_down
SD_857	100	0	100	0	0	1	0	down	1	Highly Stable	Highly Stable Down	0	stable_down
SD_858	100	0	100	0	0	1	0	down	1	Highly Stable	Highly Stable Down	0	stable_down
SD_859	100	0	100	0	0	1	0	down	1	Highly Stable	Highly Stable Down	0	stable_down
SD_86	100	0	100	0	0	1	0	down	1	Highly Stable	Highly Stable Down	0	stable_down
SD_860	100	0	100	0	0	1	0	down	1	Highly Stable	Highly Stable Down	0	stable_down
SD_861	100	0	100	0	0	1	0	down	1	Highly Stable	Highly Stable Down	0	stable_down
SD_862	100	0	100	0	0	1	0	down	1	Highly Stable	Highly Stable Down	0	stable_down
SD_863	100	0	100	0	0	1	0	down	1	Highly Stable	Highly Stable Down	0	stable_down
SD_864	100	0	100	0	0	1	0	down	1	Highly Stable	Highly Stable Down	0	stable_down
SD_865	100	0	100	0	0	1	0	down	1	Highly Stable	Highly Stable Down	0	stable_down
SD_866	100	0	100	0	0	1	0	down	1	Highly Stable	Highly Stable Down	0	stable_down
SD_867	100	0	100	0	0	1	0	down	1	Highly Stable	Highly Stable Down	0	stable_down
SD_868	100	0	100	0	0	1	0	down	1	Highly Stable	Highly Stable Down	0	stable_down
SD_869	100	0	100	0	0	1	0	down	1	Highly Stable	Highly Stable Down	0	stable_down
SD_87	100	0	100	0	0	1	0	down	1	Highly Stable	Highly Stable Down	0	stable_down
SD_870	100	0	100	0	0	1	0	down	1	Highly Stable	Highly Stable Down	0	stable_down
SD_871	100	0	100	0	0	1	0	down	1	Highly Stable	Highly Stable Down	0	stable_down
SD_872	100	0	100	0	0	1	0	down	1	Highly Stable	Highly Stable Down	0	stable_down
SD_873	100	0	100	0	0	1	0	down	1	Highly Stable	Highly Stable Down	0	stable_down
SD_874	100	0	100	0	0	1	0	down	1	Highly Stable	Highly Stable Down	0	stable_down
SD_875	100	0	100	0	0	1	0	down	1	Highly Stable	Highly Stable Down	0	stable_down
SD_876	100	0	100	0	0	1	0	down	1	Highly Stable	Highly Stable Down	0	stable_down
SD_877	100	0	100	0	0	1	0	down	1	Highly Stable	Highly Stable Down	0	stable_down
SD_878	100	0	100	0	0	1	0	down	1	Highly Stable	Highly Stable Down	0	stable_down
SD_879	100	0	100	0	0	1	0	down	1	Highly Stable	Highly Stable Down	0	stable_down
SD_88	100	0	100	0	0	1	0	down	1	Highly Stable	Highly Stable Down	0	stable_down
SD_880	100	0	100	0	0	1	0	down	1	Highly Stable	Highly Stable Down	0	stable_down
SD_881	100	0	100	0	0	1	0	down	1	Highly Stable	Highly Stable Down	0	stable_down
SD_882	100	0	100	0	0	1	0	down	1	Highly Stable	Highly Stable Down	0	stable_down
SD_883	100	0	100	0	0	1	0	down	1	Highly Stable	Highly Stable Down	0	stable_down
SD_884	100	0	100	0	0	1	0	down	1	Highly Stable	Highly Stable Down	0	stable_down
SD_885	100	0	100	0	0	1	0	down	1	Highly Stable	Highly Stable Down	0	stable_down
SD_886	100	0	100	0	0	1	0	down	1	Highly Stable	Highly Stable Down	0	stable_down
SD_887	100	0	100	0	0	1	0	down	1	Highly Stable	Highly Stable Down	0	stable_down
SD_888	100	0	100	0	0	1	0	down	1	Highly Stable	Highly Stable Down	0	stable_down
SD_889	100	0	100	0	0	1	0	down	1	Highly Stable	Highly Stable Down	0	stable_down
SD_89	100	0	100	0	0	1	0	down	1	Highly Stable	Highly Stable Down	0	stable_down
SD_890	100	0	100	0	0	1	0	down	1	Highly Stable	Highly Stable Down	0	stable_down
SD_891	100	0	100	0	0	1	0	down	1	Highly Stable	Highly Stable Down	0	stable_down
SD_892	100	0	100	0	0	1	0	down	1	Highly Stable	Highly Stable Down	0	stable_down
SD_893	100	0	100	0	0	1	0	down	1	Highly Stable	Highly Stable Down	0	stable_down
SD_894	100	0	100	0	0	1	0	down	1	Highly Stable	Highly Stable Down	0	stable_down
SD_895	100	0	100	0	0	1	0	down	1	Highly Stable	Highly Stable Down	0	stable_down
SD_896	100	0	100	0	0	1	0	down	1	Highly Stable	Highly Stable Down	0	stable_down
SD_897	100	0	100	0	0	1	0	down	1	Highly Stable	Highly Stable Down	0	stable_down
SD_898	100	0	100	0	0	1	0	down	1	Highly Stable	Highly Stable Down	0	stable_down
SD_899	100	0	100	0	0	1	0	down	1	Highly Stable	Highly Stable Down	0	stable_down
SD_9	100	0	100	0	0	1	0	down	1	Highly Stable	Highly Stable Down	0	stable_down
SD_90	100	0	100	0	0	1	0	down	1	Highly Stable	Highly Stable Down	0	stable_down
SD_900	100	0	100	0	0	1	0	down	1	Highly Stable	Highly Stable Down	0	stable_down
SD_901	100	0	100	0	0	1	0	down	1	Highly Stable	Highly Stable Down	0	stable_down
SD_902	100	0	100	0	0	1	0	down	1	Highly Stable	Highly Stable Down	0	stable_down
SD_903	100	0	100	0	0	1	0	down	1	Highly Stable	Highly Stable Down	0	stable_down
SD_904	100	0	100	0	0	1	0	down	1	Highly Stable	Highly Stable Down	0	stable_down
SD_905	100	0	100	0	0	1	0	down	1	Highly Stable	Highly Stable Down	0	stable_down
SD_906	100	0	100	0	0	1	0	down	1	Highly Stable	Highly Stable Down	0	stable_down
SD_907	100	0	100	0	0	1	0	down	1	Highly Stable	Highly Stable Down	0	stable_down
SD_908	100	0	100	0	0	1	0	down	1	Highly Stable	Highly Stable Down	0	stable_down
SD_909	100	0	100	0	0	1	0	down	1	Highly Stable	Highly Stable Down	0	stable_down
SD_91	100	0	100	0	0	1	0	down	1	Highly Stable	Highly Stable Down	0	stable_down
SD_910	100	0	100	0	0	1	0	down	1	Highly Stable	Highly Stable Down	0	stable_down
SD_911	100	0	100	0	0	1	0	down	1	Highly Stable	Highly Stable Down	0	stable_down
SD_912	100	0	100	0	0	1	0	down	1	Highly Stable	Highly Stable Down	0	stable_down
SD_913	100	0	100	0	0	1	0	down	1	Highly Stable	Highly Stable Down	0	stable_down
SD_914	100	0	100	0	0	1	0	down	1	Highly Stable	Highly Stable Down	0	stable_down
SD_915	100	0	100	0	0	1	0	down	1	Highly Stable	Highly Stable Down	0	stable_down
SD_916	100	0	100	0	0	1	0	down	1	Highly Stable	Highly Stable Down	0	stable_down
SD_917	100	0	100	0	0	1	0	down	1	Highly Stable	Highly Stable Down	0	stable_down
SD_918	100	0	100	0	0	1	0	down	1	Highly Stable	Highly Stable Down	0	stable_down
SD_919	100	0	100	0	0	1	0	down	1	Highly Stable	Highly Stable Down	0	stable_down
SD_92	100	0	100	0	0	1	0	down	1	Highly Stable	Highly Stable Down	0	stable_down
SD_920	100	0	100	0	0	1	0	down	1	Highly Stable	Highly Stable Down	0	stable_down
SD_921	100	0	100	0	0	1	0	down	1	Highly Stable	Highly Stable Down	0	stable_down
SD_922	100	0	100	0	0	1	0	down	1	Highly Stable	Highly Stable Down	0	stable_down
SD_923	100	0	100	0	0	1	0	down	1	Highly Stable	Highly Stable Down	0	stable_down
SD_924	100	0	100	0	0	1	0	down	1	Highly Stable	Highly Stable Down	0	stable_down
SD_925	100	0	100	0	0	1	0	down	1	Highly Stable	Highly Stable Down	0	stable_down
SD_926	100	0	100	0	0	1	0	down	1	Highly Stable	Highly Stable Down	0	stable_down
SD_927	100	0	100	0	0	1	0	down	1	Highly Stable	Highly Stable Down	0	stable_down
SD_928	100	0	100	0	0	1	0	down	1	Highly Stable	Highly Stable Down	0	stable_down
SD_929	100	0	100	0	0	1	0	down	1	Highly Stable	Highly Stable Down	0	stable_down
SD_93	100	0	100	0	0	1	0	down	1	Highly Stable	Highly Stable Down	0	stable_down
SD_930	100	0	100	0	0	1	0	down	1	Highly Stable	Highly Stable Down	0	stable_down
SD_931	100	0	100	0	0	1	0	down	1	Highly Stable	Highly Stable Down	0	stable_down
SD_932	100	0	100	0	0	1	0	down	1	Highly Stable	Highly Stable Down	0	stable_down
SD_933	100	0	100	0	0	1	0	down	1	Highly Stable	Highly Stable Down	0	stable_down
SD_934	100	0	100	0	0	1	0	down	1	Highly Stable	Highly Stable Down	0	stable_down
SD_935	100	0	100	0	0	1	0	down	1	Highly Stable	Highly Stable Down	0	stable_down
SD_936	100	0	100	0	0	1	0	down	1	Highly Stable	Highly Stable Down	0	stable_down
SD_937	100	0	100	0	0	1	0	down	1	Highly Stable	Highly Stable Down	0	stable_down
SD_938	100	0	100	0	0	1	0	down	1	Highly Stable	Highly Stable Down	0	stable_down
SD_939	100	0	100	0	0	1	0	down	1	Highly Stable	Highly Stable Down	0	stable_down
SD_94	100	0	100	0	0	1	0	down	1	Highly Stable	Highly Stable Down	0	stable_down
SD_940	100	0	100	0	0	1	0	down	1	Highly Stable	Highly Stable Down	0	stable_down
SD_941	100	0	100	0	0	1	0	down	1	Highly Stable	Highly Stable Down	0	stable_down
SD_942	100	0	100	0	0	1	0	down	1	Highly Stable	Highly Stable Down	0	stable_down
SD_943	100	0	100	0	0	1	0	down	1	Highly Stable	Highly Stable Down	0	stable_down
SD_944	100	0	100	0	0	1	0	down	1	Highly Stable	Highly Stable Down	0	stable_down
SD_945	100	0	100	0	0	1	0	down	1	Highly Stable	Highly Stable Down	0	stable_down
SD_946	100	0	100	0	0	1	0	down	1	Highly Stable	Highly Stable Down	0	stable_down
SD_947	100	0	100	0	0	1	0	down	1	Highly Stable	Highly Stable Down	0	stable_down
SD_948	100	0	100	0	0	1	0	down	1	Highly Stable	Highly Stable Down	0	stable_down
SD_949	100	0	100	0	0	1	0	down	1	Highly Stable	Highly Stable Down	0	stable_down
SD_95	100	0	100	0	0	1	0	down	1	Highly Stable	Highly Stable Down	0	stable_down
SD_950	100	0	100	0	0	1	0	down	1	Highly Stable	Highly Stable Down	0	stable_down
SD_951	100	0	100	0	0	1	0	down	1	Highly Stable	Highly Stable Down	0	stable_down
SD_952	100	0	100	0	0	1	0	down	1	Highly Stable	Highly Stable Down	0	stable_down
SD_953	100	0	100	0	0	1	0	down	1	Highly Stable	Highly Stable Down	0	stable_down
SD_954	100	0	100	0	0	1	0	down	1	Highly Stable	Highly Stable Down	0	stable_down
SD_955	100	0	100	0	0	1	0	down	1	Highly Stable	Highly Stable Down	0	stable_down
SD_956	100	0	100	0	0	1	0	down	1	Highly Stable	Highly Stable Down	0	stable_down
SD_957	100	0	100	0	0	1	0	down	1	Highly Stable	Highly Stable Down	0	stable_down
SD_958	100	0	100	0	0	1	0	down	1	Highly Stable	Highly Stable Down	0	stable_down
SD_959	100	0	100	0	0	1	0	down	1	Highly Stable	Highly Stable Down	0	stable_down
SD_96	100	0	100	0	0	1	0	down	1	Highly Stable	Highly Stable Down	0	stable_down
SD_960	100	0	100	0	0	1	0	down	1	Highly Stable	Highly Stable Down	0	stable_down
SD_961	100	0	100	0	0	1	0	down	1	Highly Stable	Highly Stable Down	0	stable_down
SD_962	100	0	100	0	0	1	0	down	1	Highly Stable	Highly Stable Down	0	stable_down
SD_963	100	0	100	0	0	1	0	down	1	Highly Stable	Highly Stable Down	0	stable_down
SD_964	100	0	100	0	0	1	0	down	1	Highly Stable	Highly Stable Down	0	stable_down
SD_965	100	0	100	0	0	1	0	down	1	Highly Stable	Highly Stable Down	0	stable_down
SD_966	100	0	100	0	0	1	0	down	1	Highly Stable	Highly Stable Down	0	stable_down
SD_967	100	0	100	0	0	1	0	down	1	Highly Stable	Highly Stable Down	0	stable_down
SD_968	100	0	100	0	0	1	0	down	1	Highly Stable	Highly Stable Down	0	stable_down
SD_969	100	0	100	0	0	1	0	down	1	Highly Stable	Highly Stable Down	0	stable_down
SD_97	100	0	100	0	0	1	0	down	1	Highly Stable	Highly Stable Down	0	stable_down
SD_970	100	0	100	0	0	1	0	down	1	Highly Stable	Highly Stable Down	0	stable_down
SD_971	100	0	100	0	0	1	0	down	1	Highly Stable	Highly Stable Down	0	stable_down
SD_972	100	0	100	0	0	1	0	down	1	Highly Stable	Highly Stable Down	0	stable_down
SD_973	100	0	100	0	0	1	0	down	1	Highly Stable	Highly Stable Down	0	stable_down
SD_974	100	0	100	0	0	1	0	down	1	Highly Stable	Highly Stable Down	0	stable_down
SD_975	100	0	100	0	0	1	0	down	1	Highly Stable	Highly Stable Down	0	stable_down
SD_976	100	0	100	0	0	1	0	down	1	Highly Stable	Highly Stable Down	0	stable_down
SD_977	100	0	100	0	0	1	0	down	1	Highly Stable	Highly Stable Down	0	stable_down
SD_978	100	0	100	0	0	1	0	down	1	Highly Stable	Highly Stable Down	0	stable_down
SD_979	100	0	100	0	0	1	0	down	1	Highly Stable	Highly Stable Down	0	stable_down
SD_98	100	0	100	0	0	1	0	down	1	Highly Stable	Highly Stable Down	0	stable_down
SD_980	100	0	100	0	0	1	0	down	1	Highly Stable	Highly Stable Down	0	stable_down
SD_981	100	0	100	0	0	1	0	down	1	Highly Stable	Highly Stable Down	0	stable_down
SD_982	100	0	100	0	0	1	0	down	1	Highly Stable	Highly Stable Down	0	stable_down
SD_983	100	0	100	0	0	1	0	down	1	Highly Stable	Highly Stable Down	0	stable_down
SD_984	100	0	100	0	0	1	0	down	1	Highly Stable	Highly Stable Down	0	stable_down
SD_985	100	0	100	0	0	1	0	down	1	Highly Stable	Highly Stable Down	0	stable_down
SD_986	100	0	100	0	0	1	0	down	1	Highly Stable	Highly Stable Down	0	stable_down
SD_987	100	0	100	0	0	1	0	down	1	Highly Stable	Highly Stable Down	0	stable_down
SD_988	100	0	100	0	0	1	0	down	1	Highly Stable	Highly Stable Down	0	stable_down
SD_989	100	0	100	0	0	1	0	down	1	Highly Stable	Highly Stable Down	0	stable_down
SD_99	100	0	100	0	0	1	0	down	1	Highly Stable	Highly Stable Down	0	stable_down
SD_990	100	0	100	0	0	1	0	down	1	Highly Stable	Highly Stable Down	0	stable_down
SD_991	100	0	100	0	0	1	0	down	1	Highly Stable	Highly Stable Down	0	stable_down
SD_992	100	0	100	0	0	1	0	down	1	Highly Stable	Highly Stable Down	0	stable_down
SD_993	100	0	100	0	0	1	0	down	1	Highly Stable	Highly Stable Down	0	stable_down
SD_994	100	0	100	0	0	1	0	down	1	Highly Stable	Highly Stable Down	0	stable_down
SD_995	100	0	100	0	0	1	0	down	1	Highly Stable	Highly Stable Down	0	stable_down
SD_996	100	0	100	0	0	1	0	down	1	Highly Stable	Highly Stable Down	0	stable_down
SD_997	100	0	100	0	0	1	0	down	1	Highly Stable	Highly Stable Down	0	stable_down
SD_998	100	0	100	0	0	1	0	down	1	Highly Stable	Highly Stable Down	0	stable_down
SD_999	100	0	100	0	0	1	0	down	1	Highly Stable	Highly Stable Down	0	stable_down
SU_1	100	100	0	0	1	0	0	up	1	Highly Stable	Highly Stable Up	0	stable_up
SU_10	100	100	0	0	1	0	0	up	1	Highly Stable	Highly Stable Up	0	stable_up
SU_100	100	100	0	0	1	0	0	up	1	Highly Stable	Highly Stable Up	0	stable_up
SU_1000	100	100	0	0	1	0	0	up	1	Highly Stable	Highly Stable Up	0	stable_up
SU_101	100	100	0	0	1	0	0	up	1	Highly Stable	Highly Stable Up	0	stable_up
SU_102	100	100	0	0	1	0	0	up	1	Highly Stable	Highly Stable Up	0	stable_up
SU_103	100	100	0	0	1	0	0	up	1	Highly Stable	Highly Stable Up	0	stable_up
SU_104	100	100	0	0	1	0	0	up	1	Highly Stable	Highly Stable Up	0	stable_up
SU_105	100	100	0	0	1	0	0	up	1	Highly Stable	Highly Stable Up	0	stable_up
SU_106	100	100	0	0	1	0	0	up	1	Highly Stable	Highly Stable Up	0	stable_up
SU_107	100	100	0	0	1	0	0	up	1	Highly Stable	Highly Stable Up	0	stable_up
SU_108	100	100	0	0	1	0	0	up	1	Highly Stable	Highly Stable Up	0	stable_up
SU_109	100	100	0	0	1	0	0	up	1	Highly Stable	Highly Stable Up	0	stable_up
SU_11	100	100	0	0	1	0	0	up	1	Highly Stable	Highly Stable Up	0	stable_up
SU_110	100	100	0	0	1	0	0	up	1	Highly Stable	Highly Stable Up	0	stable_up
SU_111	100	100	0	0	1	0	0	up	1	Highly Stable	Highly Stable Up	0	stable_up
SU_112	100	100	0	0	1	0	0	up	1	Highly Stable	Highly Stable Up	0	stable_up
SU_113	100	100	0	0	1	0	0	up	1	Highly Stable	Highly Stable Up	0	stable_up
SU_114	100	100	0	0	1	0	0	up	1	Highly Stable	Highly Stable Up	0	stable_up
SU_115	100	100	0	0	1	0	0	up	1	Highly Stable	Highly Stable Up	0	stable_up
SU_116	100	100	0	0	1	0	0	up	1	Highly Stable	Highly Stable Up	0	stable_up
SU_117	100	100	0	0	1	0	0	up	1	Highly Stable	Highly Stable Up	0	stable_up
SU_118	100	100	0	0	1	0	0	up	1	Highly Stable	Highly Stable Up	0	stable_up
SU_119	100	100	0	0	1	0	0	up	1	Highly Stable	Highly Stable Up	0	stable_up
SU_12	100	100	0	0	1	0	0	up	1	Highly Stable	Highly Stable Up	0	stable_up
SU_120	100	100	0	0	1	0	0	up	1	Highly Stable	Highly Stable Up	0	stable_up
SU_121	100	100	0	0	1	0	0	up	1	Highly Stable	Highly Stable Up	0	stable_up
SU_122	100	100	0	0	1	0	0	up	1	Highly Stable	Highly Stable Up	0	stable_up
SU_123	100	100	0	0	1	0	0	up	1	Highly Stable	Highly Stable Up	0	stable_up
SU_124	100	100	0	0	1	0	0	up	1	Highly Stable	Highly Stable Up	0	stable_up
SU_125	100	100	0	0	1	0	0	up	1	Highly Stable	Highly Stable Up	0	stable_up
SU_126	100	100	0	0	1	0	0	up	1	Highly Stable	Highly Stable Up	0	stable_up
SU_127	100	100	0	0	1	0	0	up	1	Highly Stable	Highly Stable Up	0	stable_up
SU_128	100	100	0	0	1	0	0	up	1	Highly Stable	Highly Stable Up	0	stable_up
SU_129	100	100	0	0	1	0	0	up	1	Highly Stable	Highly Stable Up	0	stable_up
SU_13	100	100	0	0	1	0	0	up	1	Highly Stable	Highly Stable Up	0	stable_up
SU_130	100	100	0	0	1	0	0	up	1	Highly Stable	Highly Stable Up	0	stable_up
SU_131	100	100	0	0	1	0	0	up	1	Highly Stable	Highly Stable Up	0	stable_up
SU_132	100	100	0	0	1	0	0	up	1	Highly Stable	Highly Stable Up	0	stable_up
SU_133	100	100	0	0	1	0	0	up	1	Highly Stable	Highly Stable Up	0	stable_up
SU_134	100	100	0	0	1	0	0	up	1	Highly Stable	Highly Stable Up	0	stable_up
SU_135	100	100	0	0	1	0	0	up	1	Highly Stable	Highly Stable Up	0	stable_up
SU_136	100	100	0	0	1	0	0	up	1	Highly Stable	Highly Stable Up	0	stable_up
SU_137	100	100	0	0	1	0	0	up	1	Highly Stable	Highly Stable Up	0	stable_up
SU_138	100	100	0	0	1	0	0	up	1	Highly Stable	Highly Stable Up	0	stable_up
SU_139	100	100	0	0	1	0	0	up	1	Highly Stable	Highly Stable Up	0	stable_up
SU_14	100	100	0	0	1	0	0	up	1	Highly Stable	Highly Stable Up	0	stable_up
SU_140	100	100	0	0	1	0	0	up	1	Highly Stable	Highly Stable Up	0	stable_up
SU_141	100	100	0	0	1	0	0	up	1	Highly Stable	Highly Stable Up	0	stable_up
SU_142	100	100	0	0	1	0	0	up	1	Highly Stable	Highly Stable Up	0	stable_up
SU_143	100	100	0	0	1	0	0	up	1	Highly Stable	Highly Stable Up	0	stable_up
SU_144	100	100	0	0	1	0	0	up	1	Highly Stable	Highly Stable Up	0	stable_up
SU_145	100	100	0	0	1	0	0	up	1	Highly Stable	Highly Stable Up	0	stable_up
SU_146	100	100	0	0	1	0	0	up	1	Highly Stable	Highly Stable Up	0	stable_up
SU_147	100	100	0	0	1	0	0	up	1	Highly Stable	Highly Stable Up	0	stable_up
SU_148	100	100	0	0	1	0	0	up	1	Highly Stable	Highly Stable Up	0	stable_up
SU_149	100	100	0	0	1	0	0	up	1	Highly Stable	Highly Stable Up	0	stable_up
SU_15	100	100	0	0	1	0	0	up	1	Highly Stable	Highly Stable Up	0	stable_up
SU_150	100	100	0	0	1	0	0	up	1	Highly Stable	Highly Stable Up	0	stable_up
SU_151	100	100	0	0	1	0	0	up	1	Highly Stable	Highly Stable Up	0	stable_up
SU_152	100	100	0	0	1	0	0	up	1	Highly Stable	Highly Stable Up	0	stable_up
SU_153	100	100	0	0	1	0	0	up	1	Highly Stable	Highly Stable Up	0	stable_up
SU_154	100	100	0	0	1	0	0	up	1	Highly Stable	Highly Stable Up	0	stable_up
SU_155	100	100	0	0	1	0	0	up	1	Highly Stable	Highly Stable Up	0	stable_up
SU_156	100	100	0	0	1	0	0	up	1	Highly Stable	Highly Stable Up	0	stable_up
SU_157	100	100	0	0	1	0	0	up	1	Highly Stable	Highly Stable Up	0	stable_up
SU_158	100	100	0	0	1	0	0	up	1	Highly Stable	Highly Stable Up	0	stable_up
SU_159	100	100	0	0	1	0	0	up	1	Highly Stable	Highly Stable Up	0	stable_up
SU_16	100	100	0	0	1	0	0	up	1	Highly Stable	Highly Stable Up	0	stable_up
SU_160	100	100	0	0	1	0	0	up	1	Highly Stable	Highly Stable Up	0	stable_up
SU_161	100	100	0	0	1	0	0	up	1	Highly Stable	Highly Stable Up	0	stable_up
SU_162	100	100	0	0	1	0	0	up	1	Highly Stable	Highly Stable Up	0	stable_up
SU_163	100	100	0	0	1	0	0	up	1	Highly Stable	Highly Stable Up	0	stable_up
SU_164	100	100	0	0	1	0	0	up	1	Highly Stable	Highly Stable Up	0	stable_up
SU_165	100	100	0	0	1	0	0	up	1	Highly Stable	Highly Stable Up	0	stable_up
SU_166	100	100	0	0	1	0	0	up	1	Highly Stable	Highly Stable Up	0	stable_up
SU_167	100	100	0	0	1	0	0	up	1	Highly Stable	Highly Stable Up	0	stable_up
SU_168	100	100	0	0	1	0	0	up	1	Highly Stable	Highly Stable Up	0	stable_up
SU_169	100	100	0	0	1	0	0	up	1	Highly Stable	Highly Stable Up	0	stable_up
SU_17	100	100	0	0	1	0	0	up	1	Highly Stable	Highly Stable Up	0	stable_up
SU_170	100	100	0	0	1	0	0	up	1	Highly Stable	Highly Stable Up	0	stable_up
SU_171	100	100	0	0	1	0	0	up	1	Highly Stable	Highly Stable Up	0	stable_up
SU_172	100	100	0	0	1	0	0	up	1	Highly Stable	Highly Stable Up	0	stable_up
SU_173	100	100	0	0	1	0	0	up	1	Highly Stable	Highly Stable Up	0	stable_up
SU_174	100	100	0	0	1	0	0	up	1	Highly Stable	Highly Stable Up	0	stable_up
SU_175	100	100	0	0	1	0	0	up	1	Highly Stable	Highly Stable Up	0	stable_up
SU_176	100	100	0	0	1	0	0	up	1	Highly Stable	Highly Stable Up	0	stable_up
SU_177	100	100	0	0	1	0	0	up	1	Highly Stable	Highly Stable Up	0	stable_up
SU_178	100	100	0	0	1	0	0	up	1	Highly Stable	Highly Stable Up	0	stable_up
SU_179	100	100	0	0	1	0	0	up	1	Highly Stable	Highly Stable Up	0	stable_up
SU_18	100	100	0	0	1	0	0	up	1	Highly Stable	Highly Stable Up	0	stable_up
SU_180	100	100	0	0	1	0	0	up	1	Highly Stable	Highly Stable Up	0	stable_up
SU_181	100	100	0	0	1	0	0	up	1	Highly Stable	Highly Stable Up	0	stable_up
SU_182	100	100	0	0	1	0	0	up	1	Highly Stable	Highly Stable Up	0	stable_up
SU_183	100	100	0	0	1	0	0	up	1	Highly Stable	Highly Stable Up	0	stable_up
SU_184	100	100	0	0	1	0	0	up	1	Highly Stable	Highly Stable Up	0	stable_up
SU_185	100	100	0	0	1	0	0	up	1	Highly Stable	Highly Stable Up	0	stable_up
SU_186	100	100	0	0	1	0	0	up	1	Highly Stable	Highly Stable Up	0	stable_up
SU_187	100	100	0	0	1	0	0	up	1	Highly Stable	Highly Stable Up	0	stable_up
SU_188	100	100	0	0	1	0	0	up	1	Highly Stable	Highly Stable Up	0	stable_up
SU_189	100	100	0	0	1	0	0	up	1	Highly Stable	Highly Stable Up	0	stable_up
SU_19	100	100	0	0	1	0	0	up	1	Highly Stable	Highly Stable Up	0	stable_up
SU_190	100	100	0	0	1	0	0	up	1	Highly Stable	Highly Stable Up	0	stable_up
SU_191	100	100	0	0	1	0	0	up	1	Highly Stable	Highly Stable Up	0	stable_up
SU_192	100	100	0	0	1	0	0	up	1	Highly Stable	Highly Stable Up	0	stable_up
SU_193	100	100	0	0	1	0	0	up	1	Highly Stable	Highly Stable Up	0	stable_up
SU_194	100	100	0	0	1	0	0	up	1	Highly Stable	Highly Stable Up	0	stable_up
SU_195	100	100	0	0	1	0	0	up	1	Highly Stable	Highly Stable Up	0	stable_up
SU_196	100	100	0	0	1	0	0	up	1	Highly Stable	Highly Stable Up	0	stable_up
SU_197	100	100	0	0	1	0	0	up	1	Highly Stable	Highly Stable Up	0	stable_up
SU_198	100	100	0	0	1	0	0	up	1	Highly Stable	Highly Stable Up	0	stable_up
SU_199	100	100	0	0	1	0	0	up	1	Highly Stable	Highly Stable Up	0	stable_up
SU_2	100	100	0	0	1	0	0	up	1	Highly Stable	Highly Stable Up	0	stable_up
SU_20	100	100	0	0	1	0	0	up	1	Highly Stable	Highly Stable Up	0	stable_up
SU_200	100	100	0	0	1	0	0	up	1	Highly Stable	Highly Stable Up	0	stable_up
SU_201	100	100	0	0	1	0	0	up	1	Highly Stable	Highly Stable Up	0	stable_up
SU_202	100	100	0	0	1	0	0	up	1	Highly Stable	Highly Stable Up	0	stable_up
SU_203	100	100	0	0	1	0	0	up	1	Highly Stable	Highly Stable Up	0	stable_up
SU_204	100	100	0	0	1	0	0	up	1	Highly Stable	Highly Stable Up	0	stable_up
SU_205	100	100	0	0	1	0	0	up	1	Highly Stable	Highly Stable Up	0	stable_up
SU_206	100	100	0	0	1	0	0	up	1	Highly Stable	Highly Stable Up	0	stable_up
SU_207	100	100	0	0	1	0	0	up	1	Highly Stable	Highly Stable Up	0	stable_up
SU_208	100	100	0	0	1	0	0	up	1	Highly Stable	Highly Stable Up	0	stable_up
SU_209	100	100	0	0	1	0	0	up	1	Highly Stable	Highly Stable Up	0	stable_up
SU_21	100	100	0	0	1	0	0	up	1	Highly Stable	Highly Stable Up	0	stable_up
SU_210	100	100	0	0	1	0	0	up	1	Highly Stable	Highly Stable Up	0	stable_up
SU_211	100	100	0	0	1	0	0	up	1	Highly Stable	Highly Stable Up	0	stable_up
SU_212	100	100	0	0	1	0	0	up	1	Highly Stable	Highly Stable Up	0	stable_up
SU_213	100	100	0	0	1	0	0	up	1	Highly Stable	Highly Stable Up	0	stable_up
SU_214	100	100	0	0	1	0	0	up	1	Highly Stable	Highly Stable Up	0	stable_up
SU_215	100	100	0	0	1	0	0	up	1	Highly Stable	Highly Stable Up	0	stable_up
SU_216	100	100	0	0	1	0	0	up	1	Highly Stable	Highly Stable Up	0	stable_up
SU_217	100	100	0	0	1	0	0	up	1	Highly Stable	Highly Stable Up	0	stable_up
SU_218	100	100	0	0	1	0	0	up	1	Highly Stable	Highly Stable Up	0	stable_up
SU_219	100	100	0	0	1	0	0	up	1	Highly Stable	Highly Stable Up	0	stable_up
SU_22	100	100	0	0	1	0	0	up	1	Highly Stable	Highly Stable Up	0	stable_up
SU_220	100	100	0	0	1	0	0	up	1	Highly Stable	Highly Stable Up	0	stable_up
SU_221	100	100	0	0	1	0	0	up	1	Highly Stable	Highly Stable Up	0	stable_up
SU_222	100	100	0	0	1	0	0	up	1	Highly Stable	Highly Stable Up	0	stable_up
SU_223	100	100	0	0	1	0	0	up	1	Highly Stable	Highly Stable Up	0	stable_up
SU_224	100	100	0	0	1	0	0	up	1	Highly Stable	Highly Stable Up	0	stable_up
SU_225	100	100	0	0	1	0	0	up	1	Highly Stable	Highly Stable Up	0	stable_up
SU_226	100	100	0	0	1	0	0	up	1	Highly Stable	Highly Stable Up	0	stable_up
SU_227	100	100	0	0	1	0	0	up	1	Highly Stable	Highly Stable Up	0	stable_up
SU_228	100	100	0	0	1	0	0	up	1	Highly Stable	Highly Stable Up	0	stable_up
SU_229	100	100	0	0	1	0	0	up	1	Highly Stable	Highly Stable Up	0	stable_up
SU_23	100	100	0	0	1	0	0	up	1	Highly Stable	Highly Stable Up	0	stable_up
SU_230	100	100	0	0	1	0	0	up	1	Highly Stable	Highly Stable Up	0	stable_up
SU_231	100	100	0	0	1	0	0	up	1	Highly Stable	Highly Stable Up	0	stable_up
SU_232	100	100	0	0	1	0	0	up	1	Highly Stable	Highly Stable Up	0	stable_up
SU_233	100	100	0	0	1	0	0	up	1	Highly Stable	Highly Stable Up	0	stable_up
SU_234	100	100	0	0	1	0	0	up	1	Highly Stable	Highly Stable Up	0	stable_up
SU_235	100	100	0	0	1	0	0	up	1	Highly Stable	Highly Stable Up	0	stable_up
SU_236	100	100	0	0	1	0	0	up	1	Highly Stable	Highly Stable Up	0	stable_up
SU_237	100	100	0	0	1	0	0	up	1	Highly Stable	Highly Stable Up	0	stable_up
SU_238	100	100	0	0	1	0	0	up	1	Highly Stable	Highly Stable Up	0	stable_up
SU_239	100	100	0	0	1	0	0	up	1	Highly Stable	Highly Stable Up	0	stable_up
SU_24	100	100	0	0	1	0	0	up	1	Highly Stable	Highly Stable Up	0	stable_up
SU_240	100	100	0	0	1	0	0	up	1	Highly Stable	Highly Stable Up	0	stable_up
SU_241	100	100	0	0	1	0	0	up	1	Highly Stable	Highly Stable Up	0	stable_up
SU_242	100	100	0	0	1	0	0	up	1	Highly Stable	Highly Stable Up	0	stable_up
SU_243	100	100	0	0	1	0	0	up	1	Highly Stable	Highly Stable Up	0	stable_up
SU_244	100	100	0	0	1	0	0	up	1	Highly Stable	Highly Stable Up	0	stable_up
SU_245	100	100	0	0	1	0	0	up	1	Highly Stable	Highly Stable Up	0	stable_up
SU_246	100	100	0	0	1	0	0	up	1	Highly Stable	Highly Stable Up	0	stable_up
SU_247	100	100	0	0	1	0	0	up	1	Highly Stable	Highly Stable Up	0	stable_up
SU_248	100	100	0	0	1	0	0	up	1	Highly Stable	Highly Stable Up	0	stable_up
SU_249	100	100	0	0	1	0	0	up	1	Highly Stable	Highly Stable Up	0	stable_up
SU_25	100	100	0	0	1	0	0	up	1	Highly Stable	Highly Stable Up	0	stable_up
SU_250	100	100	0	0	1	0	0	up	1	Highly Stable	Highly Stable Up	0	stable_up
SU_251	100	100	0	0	1	0	0	up	1	Highly Stable	Highly Stable Up	0	stable_up
SU_252	100	100	0	0	1	0	0	up	1	Highly Stable	Highly Stable Up	0	stable_up
SU_253	100	100	0	0	1	0	0	up	1	Highly Stable	Highly Stable Up	0	stable_up
SU_254	100	100	0	0	1	0	0	up	1	Highly Stable	Highly Stable Up	0	stable_up
SU_255	100	100	0	0	1	0	0	up	1	Highly Stable	Highly Stable Up	0	stable_up
SU_256	100	100	0	0	1	0	0	up	1	Highly Stable	Highly Stable Up	0	stable_up
SU_257	100	100	0	0	1	0	0	up	1	Highly Stable	Highly Stable Up	0	stable_up
SU_258	100	100	0	0	1	0	0	up	1	Highly Stable	Highly Stable Up	0	stable_up
SU_259	100	100	0	0	1	0	0	up	1	Highly Stable	Highly Stable Up	0	stable_up
SU_26	100	100	0	0	1	0	0	up	1	Highly Stable	Highly Stable Up	0	stable_up
SU_260	100	100	0	0	1	0	0	up	1	Highly Stable	Highly Stable Up	0	stable_up
SU_261	100	100	0	0	1	0	0	up	1	Highly Stable	Highly Stable Up	0	stable_up
SU_262	100	100	0	0	1	0	0	up	1	Highly Stable	Highly Stable Up	0	stable_up
SU_263	100	100	0	0	1	0	0	up	1	Highly Stable	Highly Stable Up	0	stable_up
SU_264	100	100	0	0	1	0	0	up	1	Highly Stable	Highly Stable Up	0	stable_up
SU_265	100	100	0	0	1	0	0	up	1	Highly Stable	Highly Stable Up	0	stable_up
SU_266	100	100	0	0	1	0	0	up	1	Highly Stable	Highly Stable Up	0	stable_up
SU_267	100	100	0	0	1	0	0	up	1	Highly Stable	Highly Stable Up	0	stable_up
SU_268	100	100	0	0	1	0	0	up	1	Highly Stable	Highly Stable Up	0	stable_up
SU_269	100	100	0	0	1	0	0	up	1	Highly Stable	Highly Stable Up	0	stable_up
SU_27	100	100	0	0	1	0	0	up	1	Highly Stable	Highly Stable Up	0	stable_up
SU_270	100	100	0	0	1	0	0	up	1	Highly Stable	Highly Stable Up	0	stable_up
SU_271	100	100	0	0	1	0	0	up	1	Highly Stable	Highly Stable Up	0	stable_up
SU_272	100	100	0	0	1	0	0	up	1	Highly Stable	Highly Stable Up	0	stable_up
SU_273	100	100	0	0	1	0	0	up	1	Highly Stable	Highly Stable Up	0	stable_up
SU_274	100	100	0	0	1	0	0	up	1	Highly Stable	Highly Stable Up	0	stable_up
SU_275	100	100	0	0	1	0	0	up	1	Highly Stable	Highly Stable Up	0	stable_up
SU_276	100	100	0	0	1	0	0	up	1	Highly Stable	Highly Stable Up	0	stable_up
SU_277	100	100	0	0	1	0	0	up	1	Highly Stable	Highly Stable Up	0	stable_up
SU_278	100	100	0	0	1	0	0	up	1	Highly Stable	Highly Stable Up	0	stable_up
SU_279	100	100	0	0	1	0	0	up	1	Highly Stable	Highly Stable Up	0	stable_up
SU_28	100	100	0	0	1	0	0	up	1	Highly Stable	Highly Stable Up	0	stable_up
SU_280	100	100	0	0	1	0	0	up	1	Highly Stable	Highly Stable Up	0	stable_up
SU_281	100	100	0	0	1	0	0	up	1	Highly Stable	Highly Stable Up	0	stable_up
SU_282	100	100	0	0	1	0	0	up	1	Highly Stable	Highly Stable Up	0	stable_up
SU_283	100	100	0	0	1	0	0	up	1	Highly Stable	Highly Stable Up	0	stable_up
SU_284	100	100	0	0	1	0	0	up	1	Highly Stable	Highly Stable Up	0	stable_up
SU_285	100	100	0	0	1	0	0	up	1	Highly Stable	Highly Stable Up	0	stable_up
SU_286	100	100	0	0	1	0	0	up	1	Highly Stable	Highly Stable Up	0	stable_up
SU_287	100	100	0	0	1	0	0	up	1	Highly Stable	Highly Stable Up	0	stable_up
SU_288	100	100	0	0	1	0	0	up	1	Highly Stable	Highly Stable Up	0	stable_up
SU_289	100	100	0	0	1	0	0	up	1	Highly Stable	Highly Stable Up	0	stable_up
SU_29	100	100	0	0	1	0	0	up	1	Highly Stable	Highly Stable Up	0	stable_up
SU_290	100	100	0	0	1	0	0	up	1	Highly Stable	Highly Stable Up	0	stable_up
SU_291	100	100	0	0	1	0	0	up	1	Highly Stable	Highly Stable Up	0	stable_up
SU_292	100	100	0	0	1	0	0	up	1	Highly Stable	Highly Stable Up	0	stable_up
SU_293	100	100	0	0	1	0	0	up	1	Highly Stable	Highly Stable Up	0	stable_up
SU_294	100	100	0	0	1	0	0	up	1	Highly Stable	Highly Stable Up	0	stable_up
SU_295	100	100	0	0	1	0	0	up	1	Highly Stable	Highly Stable Up	0	stable_up
SU_296	100	100	0	0	1	0	0	up	1	Highly Stable	Highly Stable Up	0	stable_up
SU_297	100	100	0	0	1	0	0	up	1	Highly Stable	Highly Stable Up	0	stable_up
SU_298	100	100	0	0	1	0	0	up	1	Highly Stable	Highly Stable Up	0	stable_up
SU_299	100	100	0	0	1	0	0	up	1	Highly Stable	Highly Stable Up	0	stable_up
SU_3	100	100	0	0	1	0	0	up	1	Highly Stable	Highly Stable Up	0	stable_up
SU_30	100	100	0	0	1	0	0	up	1	Highly Stable	Highly Stable Up	0	stable_up
SU_300	100	100	0	0	1	0	0	up	1	Highly Stable	Highly Stable Up	0	stable_up
SU_301	100	100	0	0	1	0	0	up	1	Highly Stable	Highly Stable Up	0	stable_up
SU_302	100	100	0	0	1	0	0	up	1	Highly Stable	Highly Stable Up	0	stable_up
SU_303	100	100	0	0	1	0	0	up	1	Highly Stable	Highly Stable Up	0	stable_up
SU_304	100	100	0	0	1	0	0	up	1	Highly Stable	Highly Stable Up	0	stable_up
SU_305	100	100	0	0	1	0	0	up	1	Highly Stable	Highly Stable Up	0	stable_up
SU_306	100	100	0	0	1	0	0	up	1	Highly Stable	Highly Stable Up	0	stable_up
SU_307	100	100	0	0	1	0	0	up	1	Highly Stable	Highly Stable Up	0	stable_up
SU_308	100	100	0	0	1	0	0	up	1	Highly Stable	Highly Stable Up	0	stable_up
SU_309	100	100	0	0	1	0	0	up	1	Highly Stable	Highly Stable Up	0	stable_up
SU_31	100	100	0	0	1	0	0	up	1	Highly Stable	Highly Stable Up	0	stable_up
SU_310	100	100	0	0	1	0	0	up	1	Highly Stable	Highly Stable Up	0	stable_up
SU_311	100	100	0	0	1	0	0	up	1	Highly Stable	Highly Stable Up	0	stable_up
SU_312	100	100	0	0	1	0	0	up	1	Highly Stable	Highly Stable Up	0	stable_up
SU_313	100	100	0	0	1	0	0	up	1	Highly Stable	Highly Stable Up	0	stable_up
SU_314	100	100	0	0	1	0	0	up	1	Highly Stable	Highly Stable Up	0	stable_up
SU_315	100	100	0	0	1	0	0	up	1	Highly Stable	Highly Stable Up	0	stable_up
SU_316	100	100	0	0	1	0	0	up	1	Highly Stable	Highly Stable Up	0	stable_up
SU_317	100	100	0	0	1	0	0	up	1	Highly Stable	Highly Stable Up	0	stable_up
SU_318	100	100	0	0	1	0	0	up	1	Highly Stable	Highly Stable Up	0	stable_up
SU_319	100	100	0	0	1	0	0	up	1	Highly Stable	Highly Stable Up	0	stable_up
SU_32	100	100	0	0	1	0	0	up	1	Highly Stable	Highly Stable Up	0	stable_up
SU_320	100	100	0	0	1	0	0	up	1	Highly Stable	Highly Stable Up	0	stable_up
SU_321	100	100	0	0	1	0	0	up	1	Highly Stable	Highly Stable Up	0	stable_up
SU_322	100	100	0	0	1	0	0	up	1	Highly Stable	Highly Stable Up	0	stable_up
SU_323	100	100	0	0	1	0	0	up	1	Highly Stable	Highly Stable Up	0	stable_up
SU_324	100	100	0	0	1	0	0	up	1	Highly Stable	Highly Stable Up	0	stable_up
SU_325	100	100	0	0	1	0	0	up	1	Highly Stable	Highly Stable Up	0	stable_up
SU_326	100	100	0	0	1	0	0	up	1	Highly Stable	Highly Stable Up	0	stable_up
SU_327	100	100	0	0	1	0	0	up	1	Highly Stable	Highly Stable Up	0	stable_up
SU_328	100	100	0	0	1	0	0	up	1	Highly Stable	Highly Stable Up	0	stable_up
SU_329	100	100	0	0	1	0	0	up	1	Highly Stable	Highly Stable Up	0	stable_up
SU_33	100	100	0	0	1	0	0	up	1	Highly Stable	Highly Stable Up	0	stable_up
SU_330	100	100	0	0	1	0	0	up	1	Highly Stable	Highly Stable Up	0	stable_up
SU_331	100	100	0	0	1	0	0	up	1	Highly Stable	Highly Stable Up	0	stable_up
SU_332	100	100	0	0	1	0	0	up	1	Highly Stable	Highly Stable Up	0	stable_up
SU_333	100	100	0	0	1	0	0	up	1	Highly Stable	Highly Stable Up	0	stable_up
SU_334	100	100	0	0	1	0	0	up	1	Highly Stable	Highly Stable Up	0	stable_up
SU_335	100	100	0	0	1	0	0	up	1	Highly Stable	Highly Stable Up	0	stable_up
SU_336	100	100	0	0	1	0	0	up	1	Highly Stable	Highly Stable Up	0	stable_up
SU_337	100	100	0	0	1	0	0	up	1	Highly Stable	Highly Stable Up	0	stable_up
SU_338	100	100	0	0	1	0	0	up	1	Highly Stable	Highly Stable Up	0	stable_up
SU_339	100	100	0	0	1	0	0	up	1	Highly Stable	Highly Stable Up	0	stable_up
SU_34	100	100	0	0	1	0	0	up	1	Highly Stable	Highly Stable Up	0	stable_up
SU_340	100	100	0	0	1	0	0	up	1	Highly Stable	Highly Stable Up	0	stable_up
SU_341	100	100	0	0	1	0	0	up	1	Highly Stable	Highly Stable Up	0	stable_up
SU_342	100	100	0	0	1	0	0	up	1	Highly Stable	Highly Stable Up	0	stable_up
SU_343	100	100	0	0	1	0	0	up	1	Highly Stable	Highly Stable Up	0	stable_up
SU_344	100	100	0	0	1	0	0	up	1	Highly Stable	Highly Stable Up	0	stable_up
SU_345	100	100	0	0	1	0	0	up	1	Highly Stable	Highly Stable Up	0	stable_up
SU_346	100	100	0	0	1	0	0	up	1	Highly Stable	Highly Stable Up	0	stable_up
SU_347	100	100	0	0	1	0	0	up	1	Highly Stable	Highly Stable Up	0	stable_up
SU_348	100	100	0	0	1	0	0	up	1	Highly Stable	Highly Stable Up	0	stable_up
SU_349	100	100	0	0	1	0	0	up	1	Highly Stable	Highly Stable Up	0	stable_up
SU_35	100	100	0	0	1	0	0	up	1	Highly Stable	Highly Stable Up	0	stable_up
SU_350	100	100	0	0	1	0	0	up	1	Highly Stable	Highly Stable Up	0	stable_up
SU_351	100	100	0	0	1	0	0	up	1	Highly Stable	Highly Stable Up	0	stable_up
SU_352	100	100	0	0	1	0	0	up	1	Highly Stable	Highly Stable Up	0	stable_up
SU_353	100	100	0	0	1	0	0	up	1	Highly Stable	Highly Stable Up	0	stable_up
SU_354	100	100	0	0	1	0	0	up	1	Highly Stable	Highly Stable Up	0	stable_up
SU_355	100	100	0	0	1	0	0	up	1	Highly Stable	Highly Stable Up	0	stable_up
SU_356	100	100	0	0	1	0	0	up	1	Highly Stable	Highly Stable Up	0	stable_up
SU_357	100	100	0	0	1	0	0	up	1	Highly Stable	Highly Stable Up	0	stable_up
SU_358	100	100	0	0	1	0	0	up	1	Highly Stable	Highly Stable Up	0	stable_up
SU_359	100	100	0	0	1	0	0	up	1	Highly Stable	Highly Stable Up	0	stable_up
SU_36	100	100	0	0	1	0	0	up	1	Highly Stable	Highly Stable Up	0	stable_up
SU_360	100	100	0	0	1	0	0	up	1	Highly Stable	Highly Stable Up	0	stable_up
SU_361	100	100	0	0	1	0	0	up	1	Highly Stable	Highly Stable Up	0	stable_up
SU_362	100	100	0	0	1	0	0	up	1	Highly Stable	Highly Stable Up	0	stable_up
SU_363	100	100	0	0	1	0	0	up	1	Highly Stable	Highly Stable Up	0	stable_up
SU_364	100	100	0	0	1	0	0	up	1	Highly Stable	Highly Stable Up	0	stable_up
SU_365	100	100	0	0	1	0	0	up	1	Highly Stable	Highly Stable Up	0	stable_up
SU_366	100	100	0	0	1	0	0	up	1	Highly Stable	Highly Stable Up	0	stable_up
SU_367	100	100	0	0	1	0	0	up	1	Highly Stable	Highly Stable Up	0	stable_up
SU_368	100	100	0	0	1	0	0	up	1	Highly Stable	Highly Stable Up	0	stable_up
SU_369	100	100	0	0	1	0	0	up	1	Highly Stable	Highly Stable Up	0	stable_up
SU_37	100	100	0	0	1	0	0	up	1	Highly Stable	Highly Stable Up	0	stable_up
SU_370	100	100	0	0	1	0	0	up	1	Highly Stable	Highly Stable Up	0	stable_up
SU_371	100	100	0	0	1	0	0	up	1	Highly Stable	Highly Stable Up	0	stable_up
SU_372	100	100	0	0	1	0	0	up	1	Highly Stable	Highly Stable Up	0	stable_up
SU_373	100	100	0	0	1	0	0	up	1	Highly Stable	Highly Stable Up	0	stable_up
SU_374	100	100	0	0	1	0	0	up	1	Highly Stable	Highly Stable Up	0	stable_up
SU_375	100	100	0	0	1	0	0	up	1	Highly Stable	Highly Stable Up	0	stable_up
SU_376	100	100	0	0	1	0	0	up	1	Highly Stable	Highly Stable Up	0	stable_up
SU_377	100	100	0	0	1	0	0	up	1	Highly Stable	Highly Stable Up	0	stable_up
SU_378	100	100	0	0	1	0	0	up	1	Highly Stable	Highly Stable Up	0	stable_up
SU_379	100	100	0	0	1	0	0	up	1	Highly Stable	Highly Stable Up	0	stable_up
SU_38	100	100	0	0	1	0	0	up	1	Highly Stable	Highly Stable Up	0	stable_up
SU_380	100	100	0	0	1	0	0	up	1	Highly Stable	Highly Stable Up	0	stable_up
SU_381	100	100	0	0	1	0	0	up	1	Highly Stable	Highly Stable Up	0	stable_up
SU_382	100	100	0	0	1	0	0	up	1	Highly Stable	Highly Stable Up	0	stable_up
SU_383	100	100	0	0	1	0	0	up	1	Highly Stable	Highly Stable Up	0	stable_up
SU_384	100	100	0	0	1	0	0	up	1	Highly Stable	Highly Stable Up	0	stable_up
SU_385	100	100	0	0	1	0	0	up	1	Highly Stable	Highly Stable Up	0	stable_up
SU_386	100	100	0	0	1	0	0	up	1	Highly Stable	Highly Stable Up	0	stable_up
SU_387	100	100	0	0	1	0	0	up	1	Highly Stable	Highly Stable Up	0	stable_up
SU_388	100	100	0	0	1	0	0	up	1	Highly Stable	Highly Stable Up	0	stable_up
SU_389	100	100	0	0	1	0	0	up	1	Highly Stable	Highly Stable Up	0	stable_up
SU_39	100	100	0	0	1	0	0	up	1	Highly Stable	Highly Stable Up	0	stable_up
SU_390	100	100	0	0	1	0	0	up	1	Highly Stable	Highly Stable Up	0	stable_up
SU_391	100	100	0	0	1	0	0	up	1	Highly Stable	Highly Stable Up	0	stable_up
SU_392	100	100	0	0	1	0	0	up	1	Highly Stable	Highly Stable Up	0	stable_up
SU_393	100	100	0	0	1	0	0	up	1	Highly Stable	Highly Stable Up	0	stable_up
SU_394	100	100	0	0	1	0	0	up	1	Highly Stable	Highly Stable Up	0	stable_up
SU_395	100	100	0	0	1	0	0	up	1	Highly Stable	Highly Stable Up	0	stable_up
SU_396	100	100	0	0	1	0	0	up	1	Highly Stable	Highly Stable Up	0	stable_up
SU_397	100	100	0	0	1	0	0	up	1	Highly Stable	Highly Stable Up	0	stable_up
SU_398	100	100	0	0	1	0	0	up	1	Highly Stable	Highly Stable Up	0	stable_up
SU_399	100	100	0	0	1	0	0	up	1	Highly Stable	Highly Stable Up	0	stable_up
SU_4	100	100	0	0	1	0	0	up	1	Highly Stable	Highly Stable Up	0	stable_up
SU_40	100	100	0	0	1	0	0	up	1	Highly Stable	Highly Stable Up	0	stable_up
SU_400	100	100	0	0	1	0	0	up	1	Highly Stable	Highly Stable Up	0	stable_up
SU_401	100	100	0	0	1	0	0	up	1	Highly Stable	Highly Stable Up	0	stable_up
SU_402	100	100	0	0	1	0	0	up	1	Highly Stable	Highly Stable Up	0	stable_up
SU_403	100	100	0	0	1	0	0	up	1	Highly Stable	Highly Stable Up	0	stable_up
SU_404	100	100	0	0	1	0	0	up	1	Highly Stable	Highly Stable Up	0	stable_up
SU_405	100	100	0	0	1	0	0	up	1	Highly Stable	Highly Stable Up	0	stable_up
SU_406	100	100	0	0	1	0	0	up	1	Highly Stable	Highly Stable Up	0	stable_up
SU_407	100	100	0	0	1	0	0	up	1	Highly Stable	Highly Stable Up	0	stable_up
SU_408	100	100	0	0	1	0	0	up	1	Highly Stable	Highly Stable Up	0	stable_up
SU_409	100	100	0	0	1	0	0	up	1	Highly Stable	Highly Stable Up	0	stable_up
SU_41	100	100	0	0	1	0	0	up	1	Highly Stable	Highly Stable Up	0	stable_up
SU_410	100	100	0	0	1	0	0	up	1	Highly Stable	Highly Stable Up	0	stable_up
SU_411	100	100	0	0	1	0	0	up	1	Highly Stable	Highly Stable Up	0	stable_up
SU_412	100	100	0	0	1	0	0	up	1	Highly Stable	Highly Stable Up	0	stable_up
SU_413	100	100	0	0	1	0	0	up	1	Highly Stable	Highly Stable Up	0	stable_up
SU_414	100	100	0	0	1	0	0	up	1	Highly Stable	Highly Stable Up	0	stable_up
SU_415	100	100	0	0	1	0	0	up	1	Highly Stable	Highly Stable Up	0	stable_up
SU_416	100	100	0	0	1	0	0	up	1	Highly Stable	Highly Stable Up	0	stable_up
SU_417	100	100	0	0	1	0	0	up	1	Highly Stable	Highly Stable Up	0	stable_up
SU_418	100	100	0	0	1	0	0	up	1	Highly Stable	Highly Stable Up	0	stable_up
SU_419	100	100	0	0	1	0	0	up	1	Highly Stable	Highly Stable Up	0	stable_up
SU_42	100	100	0	0	1	0	0	up	1	Highly Stable	Highly Stable Up	0	stable_up
SU_420	100	100	0	0	1	0	0	up	1	Highly Stable	Highly Stable Up	0	stable_up
SU_421	100	100	0	0	1	0	0	up	1	Highly Stable	Highly Stable Up	0	stable_up
SU_422	100	100	0	0	1	0	0	up	1	Highly Stable	Highly Stable Up	0	stable_up
SU_423	100	100	0	0	1	0	0	up	1	Highly Stable	Highly Stable Up	0	stable_up
SU_424	100	100	0	0	1	0	0	up	1	Highly Stable	Highly Stable Up	0	stable_up
SU_425	100	100	0	0	1	0	0	up	1	Highly Stable	Highly Stable Up	0	stable_up
SU_426	100	100	0	0	1	0	0	up	1	Highly Stable	Highly Stable Up	0	stable_up
SU_427	100	100	0	0	1	0	0	up	1	Highly Stable	Highly Stable Up	0	stable_up
SU_428	100	100	0	0	1	0	0	up	1	Highly Stable	Highly Stable Up	0	stable_up
SU_429	100	100	0	0	1	0	0	up	1	Highly Stable	Highly Stable Up	0	stable_up
SU_43	100	100	0	0	1	0	0	up	1	Highly Stable	Highly Stable Up	0	stable_up
SU_430	100	100	0	0	1	0	0	up	1	Highly Stable	Highly Stable Up	0	stable_up
SU_431	100	100	0	0	1	0	0	up	1	Highly Stable	Highly Stable Up	0	stable_up
SU_432	100	100	0	0	1	0	0	up	1	Highly Stable	Highly Stable Up	0	stable_up
SU_433	100	100	0	0	1	0	0	up	1	Highly Stable	Highly Stable Up	0	stable_up
SU_434	100	100	0	0	1	0	0	up	1	Highly Stable	Highly Stable Up	0	stable_up
SU_435	100	100	0	0	1	0	0	up	1	Highly Stable	Highly Stable Up	0	stable_up
SU_436	100	100	0	0	1	0	0	up	1	Highly Stable	Highly Stable Up	0	stable_up
SU_437	100	100	0	0	1	0	0	up	1	Highly Stable	Highly Stable Up	0	stable_up
SU_438	100	100	0	0	1	0	0	up	1	Highly Stable	Highly Stable Up	0	stable_up
SU_439	100	100	0	0	1	0	0	up	1	Highly Stable	Highly Stable Up	0	stable_up
SU_44	100	100	0	0	1	0	0	up	1	Highly Stable	Highly Stable Up	0	stable_up
SU_440	100	100	0	0	1	0	0	up	1	Highly Stable	Highly Stable Up	0	stable_up
SU_441	100	100	0	0	1	0	0	up	1	Highly Stable	Highly Stable Up	0	stable_up
SU_442	100	100	0	0	1	0	0	up	1	Highly Stable	Highly Stable Up	0	stable_up
SU_443	100	100	0	0	1	0	0	up	1	Highly Stable	Highly Stable Up	0	stable_up
SU_444	100	100	0	0	1	0	0	up	1	Highly Stable	Highly Stable Up	0	stable_up
SU_445	100	100	0	0	1	0	0	up	1	Highly Stable	Highly Stable Up	0	stable_up
SU_446	100	100	0	0	1	0	0	up	1	Highly Stable	Highly Stable Up	0	stable_up
SU_447	100	100	0	0	1	0	0	up	1	Highly Stable	Highly Stable Up	0	stable_up
SU_448	100	100	0	0	1	0	0	up	1	Highly Stable	Highly Stable Up	0	stable_up
SU_449	100	100	0	0	1	0	0	up	1	Highly Stable	Highly Stable Up	0	stable_up
SU_45	100	100	0	0	1	0	0	up	1	Highly Stable	Highly Stable Up	0	stable_up
SU_450	100	100	0	0	1	0	0	up	1	Highly Stable	Highly Stable Up	0	stable_up
SU_451	100	100	0	0	1	0	0	up	1	Highly Stable	Highly Stable Up	0	stable_up
SU_452	100	100	0	0	1	0	0	up	1	Highly Stable	Highly Stable Up	0	stable_up
SU_453	100	100	0	0	1	0	0	up	1	Highly Stable	Highly Stable Up	0	stable_up
SU_454	100	100	0	0	1	0	0	up	1	Highly Stable	Highly Stable Up	0	stable_up
SU_455	100	100	0	0	1	0	0	up	1	Highly Stable	Highly Stable Up	0	stable_up
SU_456	100	100	0	0	1	0	0	up	1	Highly Stable	Highly Stable Up	0	stable_up
SU_457	100	100	0	0	1	0	0	up	1	Highly Stable	Highly Stable Up	0	stable_up
SU_458	100	100	0	0	1	0	0	up	1	Highly Stable	Highly Stable Up	0	stable_up
SU_459	100	100	0	0	1	0	0	up	1	Highly Stable	Highly Stable Up	0	stable_up
SU_46	100	100	0	0	1	0	0	up	1	Highly Stable	Highly Stable Up	0	stable_up
SU_460	100	100	0	0	1	0	0	up	1	Highly Stable	Highly Stable Up	0	stable_up
SU_461	100	100	0	0	1	0	0	up	1	Highly Stable	Highly Stable Up	0	stable_up
SU_462	100	100	0	0	1	0	0	up	1	Highly Stable	Highly Stable Up	0	stable_up
SU_463	100	100	0	0	1	0	0	up	1	Highly Stable	Highly Stable Up	0	stable_up
SU_464	100	100	0	0	1	0	0	up	1	Highly Stable	Highly Stable Up	0	stable_up
SU_465	100	100	0	0	1	0	0	up	1	Highly Stable	Highly Stable Up	0	stable_up
SU_466	100	100	0	0	1	0	0	up	1	Highly Stable	Highly Stable Up	0	stable_up
SU_467	100	100	0	0	1	0	0	up	1	Highly Stable	Highly Stable Up	0	stable_up
SU_468	100	100	0	0	1	0	0	up	1	Highly Stable	Highly Stable Up	0	stable_up
SU_469	100	100	0	0	1	0	0	up	1	Highly Stable	Highly Stable Up	0	stable_up
SU_47	100	100	0	0	1	0	0	up	1	Highly Stable	Highly Stable Up	0	stable_up
SU_470	100	100	0	0	1	0	0	up	1	Highly Stable	Highly Stable Up	0	stable_up
SU_471	100	100	0	0	1	0	0	up	1	Highly Stable	Highly Stable Up	0	stable_up
SU_472	100	100	0	0	1	0	0	up	1	Highly Stable	Highly Stable Up	0	stable_up
SU_473	100	100	0	0	1	0	0	up	1	Highly Stable	Highly Stable Up	0	stable_up
SU_474	100	100	0	0	1	0	0	up	1	Highly Stable	Highly Stable Up	0	stable_up
SU_475	100	100	0	0	1	0	0	up	1	Highly Stable	Highly Stable Up	0	stable_up
SU_476	100	100	0	0	1	0	0	up	1	Highly Stable	Highly Stable Up	0	stable_up
SU_477	100	100	0	0	1	0	0	up	1	Highly Stable	Highly Stable Up	0	stable_up
SU_478	100	100	0	0	1	0	0	up	1	Highly Stable	Highly Stable Up	0	stable_up
SU_479	100	100	0	0	1	0	0	up	1	Highly Stable	Highly Stable Up	0	stable_up
SU_48	100	100	0	0	1	0	0	up	1	Highly Stable	Highly Stable Up	0	stable_up
SU_480	100	100	0	0	1	0	0	up	1	Highly Stable	Highly Stable Up	0	stable_up
SU_481	100	100	0	0	1	0	0	up	1	Highly Stable	Highly Stable Up	0	stable_up
SU_482	100	100	0	0	1	0	0	up	1	Highly Stable	Highly Stable Up	0	stable_up
SU_483	100	100	0	0	1	0	0	up	1	Highly Stable	Highly Stable Up	0	stable_up
SU_484	100	100	0	0	1	0	0	up	1	Highly Stable	Highly Stable Up	0	stable_up
SU_485	100	100	0	0	1	0	0	up	1	Highly Stable	Highly Stable Up	0	stable_up
SU_486	100	100	0	0	1	0	0	up	1	Highly Stable	Highly Stable Up	0	stable_up
SU_487	100	100	0	0	1	0	0	up	1	Highly Stable	Highly Stable Up	0	stable_up
SU_488	100	100	0	0	1	0	0	up	1	Highly Stable	Highly Stable Up	0	stable_up
SU_489	100	100	0	0	1	0	0	up	1	Highly Stable	Highly Stable Up	0	stable_up
SU_49	100	100	0	0	1	0	0	up	1	Highly Stable	Highly Stable Up	0	stable_up
SU_490	100	100	0	0	1	0	0	up	1	Highly Stable	Highly Stable Up	0	stable_up
SU_491	100	100	0	0	1	0	0	up	1	Highly Stable	Highly Stable Up	0	stable_up
SU_492	100	100	0	0	1	0	0	up	1	Highly Stable	Highly Stable Up	0	stable_up
SU_493	100	100	0	0	1	0	0	up	1	Highly Stable	Highly Stable Up	0	stable_up
SU_494	100	100	0	0	1	0	0	up	1	Highly Stable	Highly Stable Up	0	stable_up
SU_495	100	100	0	0	1	0	0	up	1	Highly Stable	Highly Stable Up	0	stable_up
SU_496	100	100	0	0	1	0	0	up	1	Highly Stable	Highly Stable Up	0	stable_up
SU_497	100	100	0	0	1	0	0	up	1	Highly Stable	Highly Stable Up	0	stable_up
SU_498	100	100	0	0	1	0	0	up	1	Highly Stable	Highly Stable Up	0	stable_up
SU_499	100	100	0	0	1	0	0	up	1	Highly Stable	Highly Stable Up	0	stable_up
SU_5	100	100	0	0	1	0	0	up	1	Highly Stable	Highly Stable Up	0	stable_up
SU_50	100	100	0	0	1	0	0	up	1	Highly Stable	Highly Stable Up	0	stable_up
SU_500	100	100	0	0	1	0	0	up	1	Highly Stable	Highly Stable Up	0	stable_up
SU_501	100	100	0	0	1	0	0	up	1	Highly Stable	Highly Stable Up	0	stable_up
SU_502	100	100	0	0	1	0	0	up	1	Highly Stable	Highly Stable Up	0	stable_up
SU_503	100	100	0	0	1	0	0	up	1	Highly Stable	Highly Stable Up	0	stable_up
SU_504	100	100	0	0	1	0	0	up	1	Highly Stable	Highly Stable Up	0	stable_up
SU_505	100	100	0	0	1	0	0	up	1	Highly Stable	Highly Stable Up	0	stable_up
SU_506	100	100	0	0	1	0	0	up	1	Highly Stable	Highly Stable Up	0	stable_up
SU_507	100	100	0	0	1	0	0	up	1	Highly Stable	Highly Stable Up	0	stable_up
SU_508	100	100	0	0	1	0	0	up	1	Highly Stable	Highly Stable Up	0	stable_up
SU_509	100	100	0	0	1	0	0	up	1	Highly Stable	Highly Stable Up	0	stable_up
SU_51	100	100	0	0	1	0	0	up	1	Highly Stable	Highly Stable Up	0	stable_up
SU_510	100	100	0	0	1	0	0	up	1	Highly Stable	Highly Stable Up	0	stable_up
SU_511	100	100	0	0	1	0	0	up	1	Highly Stable	Highly Stable Up	0	stable_up
SU_512	100	100	0	0	1	0	0	up	1	Highly Stable	Highly Stable Up	0	stable_up
SU_513	100	100	0	0	1	0	0	up	1	Highly Stable	Highly Stable Up	0	stable_up
SU_514	100	100	0	0	1	0	0	up	1	Highly Stable	Highly Stable Up	0	stable_up
SU_515	100	100	0	0	1	0	0	up	1	Highly Stable	Highly Stable Up	0	stable_up
SU_516	100	100	0	0	1	0	0	up	1	Highly Stable	Highly Stable Up	0	stable_up
SU_517	100	100	0	0	1	0	0	up	1	Highly Stable	Highly Stable Up	0	stable_up
SU_518	100	100	0	0	1	0	0	up	1	Highly Stable	Highly Stable Up	0	stable_up
SU_519	100	100	0	0	1	0	0	up	1	Highly Stable	Highly Stable Up	0	stable_up
SU_52	100	100	0	0	1	0	0	up	1	Highly Stable	Highly Stable Up	0	stable_up
SU_520	100	100	0	0	1	0	0	up	1	Highly Stable	Highly Stable Up	0	stable_up
SU_521	100	100	0	0	1	0	0	up	1	Highly Stable	Highly Stable Up	0	stable_up
SU_522	100	100	0	0	1	0	0	up	1	Highly Stable	Highly Stable Up	0	stable_up
SU_523	100	100	0	0	1	0	0	up	1	Highly Stable	Highly Stable Up	0	stable_up
SU_524	100	100	0	0	1	0	0	up	1	Highly Stable	Highly Stable Up	0	stable_up
SU_525	100	100	0	0	1	0	0	up	1	Highly Stable	Highly Stable Up	0	stable_up
SU_526	100	100	0	0	1	0	0	up	1	Highly Stable	Highly Stable Up	0	stable_up
SU_527	100	100	0	0	1	0	0	up	1	Highly Stable	Highly Stable Up	0	stable_up
SU_528	100	100	0	0	1	0	0	up	1	Highly Stable	Highly Stable Up	0	stable_up
SU_529	100	100	0	0	1	0	0	up	1	Highly Stable	Highly Stable Up	0	stable_up
SU_53	100	100	0	0	1	0	0	up	1	Highly Stable	Highly Stable Up	0	stable_up
SU_530	100	100	0	0	1	0	0	up	1	Highly Stable	Highly Stable Up	0	stable_up
SU_531	100	100	0	0	1	0	0	up	1	Highly Stable	Highly Stable Up	0	stable_up
SU_532	100	100	0	0	1	0	0	up	1	Highly Stable	Highly Stable Up	0	stable_up
SU_533	100	100	0	0	1	0	0	up	1	Highly Stable	Highly Stable Up	0	stable_up
SU_534	100	100	0	0	1	0	0	up	1	Highly Stable	Highly Stable Up	0	stable_up
SU_535	100	100	0	0	1	0	0	up	1	Highly Stable	Highly Stable Up	0	stable_up
SU_536	100	100	0	0	1	0	0	up	1	Highly Stable	Highly Stable Up	0	stable_up
SU_537	100	100	0	0	1	0	0	up	1	Highly Stable	Highly Stable Up	0	stable_up
SU_538	100	100	0	0	1	0	0	up	1	Highly Stable	Highly Stable Up	0	stable_up
SU_539	100	100	0	0	1	0	0	up	1	Highly Stable	Highly Stable Up	0	stable_up
SU_54	100	100	0	0	1	0	0	up	1	Highly Stable	Highly Stable Up	0	stable_up
SU_540	100	100	0	0	1	0	0	up	1	Highly Stable	Highly Stable Up	0	stable_up
SU_541	100	100	0	0	1	0	0	up	1	Highly Stable	Highly Stable Up	0	stable_up
SU_542	100	100	0	0	1	0	0	up	1	Highly Stable	Highly Stable Up	0	stable_up
SU_543	100	100	0	0	1	0	0	up	1	Highly Stable	Highly Stable Up	0	stable_up
SU_544	100	100	0	0	1	0	0	up	1	Highly Stable	Highly Stable Up	0	stable_up
SU_545	100	100	0	0	1	0	0	up	1	Highly Stable	Highly Stable Up	0	stable_up
SU_546	100	100	0	0	1	0	0	up	1	Highly Stable	Highly Stable Up	0	stable_up
SU_547	100	100	0	0	1	0	0	up	1	Highly Stable	Highly Stable Up	0	stable_up
SU_548	100	100	0	0	1	0	0	up	1	Highly Stable	Highly Stable Up	0	stable_up
SU_549	100	100	0	0	1	0	0	up	1	Highly Stable	Highly Stable Up	0	stable_up
SU_55	100	100	0	0	1	0	0	up	1	Highly Stable	Highly Stable Up	0	stable_up
SU_550	100	100	0	0	1	0	0	up	1	Highly Stable	Highly Stable Up	0	stable_up
SU_551	100	100	0	0	1	0	0	up	1	Highly Stable	Highly Stable Up	0	stable_up
SU_552	100	100	0	0	1	0	0	up	1	Highly Stable	Highly Stable Up	0	stable_up
SU_553	100	100	0	0	1	0	0	up	1	Highly Stable	Highly Stable Up	0	stable_up
SU_554	100	100	0	0	1	0	0	up	1	Highly Stable	Highly Stable Up	0	stable_up
SU_555	100	100	0	0	1	0	0	up	1	Highly Stable	Highly Stable Up	0	stable_up
SU_556	100	100	0	0	1	0	0	up	1	Highly Stable	Highly Stable Up	0	stable_up
SU_557	100	100	0	0	1	0	0	up	1	Highly Stable	Highly Stable Up	0	stable_up
SU_558	100	100	0	0	1	0	0	up	1	Highly Stable	Highly Stable Up	0	stable_up
SU_559	100	100	0	0	1	0	0	up	1	Highly Stable	Highly Stable Up	0	stable_up
SU_56	100	100	0	0	1	0	0	up	1	Highly Stable	Highly Stable Up	0	stable_up
SU_560	100	100	0	0	1	0	0	up	1	Highly Stable	Highly Stable Up	0	stable_up
SU_561	100	100	0	0	1	0	0	up	1	Highly Stable	Highly Stable Up	0	stable_up
SU_562	100	100	0	0	1	0	0	up	1	Highly Stable	Highly Stable Up	0	stable_up
SU_563	100	100	0	0	1	0	0	up	1	Highly Stable	Highly Stable Up	0	stable_up
SU_564	100	100	0	0	1	0	0	up	1	Highly Stable	Highly Stable Up	0	stable_up
SU_565	100	100	0	0	1	0	0	up	1	Highly Stable	Highly Stable Up	0	stable_up
SU_566	100	100	0	0	1	0	0	up	1	Highly Stable	Highly Stable Up	0	stable_up
SU_567	100	100	0	0	1	0	0	up	1	Highly Stable	Highly Stable Up	0	stable_up
SU_568	100	100	0	0	1	0	0	up	1	Highly Stable	Highly Stable Up	0	stable_up
SU_569	100	100	0	0	1	0	0	up	1	Highly Stable	Highly Stable Up	0	stable_up
SU_57	100	100	0	0	1	0	0	up	1	Highly Stable	Highly Stable Up	0	stable_up
SU_570	100	100	0	0	1	0	0	up	1	Highly Stable	Highly Stable Up	0	stable_up
SU_571	100	100	0	0	1	0	0	up	1	Highly Stable	Highly Stable Up	0	stable_up
SU_572	100	100	0	0	1	0	0	up	1	Highly Stable	Highly Stable Up	0	stable_up
SU_573	100	100	0	0	1	0	0	up	1	Highly Stable	Highly Stable Up	0	stable_up
SU_574	100	100	0	0	1	0	0	up	1	Highly Stable	Highly Stable Up	0	stable_up
SU_575	100	100	0	0	1	0	0	up	1	Highly Stable	Highly Stable Up	0	stable_up
SU_576	100	100	0	0	1	0	0	up	1	Highly Stable	Highly Stable Up	0	stable_up
SU_577	100	100	0	0	1	0	0	up	1	Highly Stable	Highly Stable Up	0	stable_up
SU_578	100	100	0	0	1	0	0	up	1	Highly Stable	Highly Stable Up	0	stable_up
SU_579	100	100	0	0	1	0	0	up	1	Highly Stable	Highly Stable Up	0	stable_up
SU_58	100	100	0	0	1	0	0	up	1	Highly Stable	Highly Stable Up	0	stable_up
SU_580	100	100	0	0	1	0	0	up	1	Highly Stable	Highly Stable Up	0	stable_up
SU_581	100	100	0	0	1	0	0	up	1	Highly Stable	Highly Stable Up	0	stable_up
SU_582	100	100	0	0	1	0	0	up	1	Highly Stable	Highly Stable Up	0	stable_up
SU_583	100	100	0	0	1	0	0	up	1	Highly Stable	Highly Stable Up	0	stable_up
SU_584	100	100	0	0	1	0	0	up	1	Highly Stable	Highly Stable Up	0	stable_up
SU_585	100	100	0	0	1	0	0	up	1	Highly Stable	Highly Stable Up	0	stable_up
SU_586	100	100	0	0	1	0	0	up	1	Highly Stable	Highly Stable Up	0	stable_up
SU_587	100	100	0	0	1	0	0	up	1	Highly Stable	Highly Stable Up	0	stable_up
SU_588	100	100	0	0	1	0	0	up	1	Highly Stable	Highly Stable Up	0	stable_up
SU_589	100	100	0	0	1	0	0	up	1	Highly Stable	Highly Stable Up	0	stable_up
SU_59	100	100	0	0	1	0	0	up	1	Highly Stable	Highly Stable Up	0	stable_up
SU_590	100	100	0	0	1	0	0	up	1	Highly Stable	Highly Stable Up	0	stable_up
SU_591	100	100	0	0	1	0	0	up	1	Highly Stable	Highly Stable Up	0	stable_up
SU_592	100	100	0	0	1	0	0	up	1	Highly Stable	Highly Stable Up	0	stable_up
SU_593	100	100	0	0	1	0	0	up	1	Highly Stable	Highly Stable Up	0	stable_up
SU_594	100	100	0	0	1	0	0	up	1	Highly Stable	Highly Stable Up	0	stable_up
SU_595	100	100	0	0	1	0	0	up	1	Highly Stable	Highly Stable Up	0	stable_up
SU_596	100	100	0	0	1	0	0	up	1	Highly Stable	Highly Stable Up	0	stable_up
SU_597	100	100	0	0	1	0	0	up	1	Highly Stable	Highly Stable Up	0	stable_up
SU_598	100	100	0	0	1	0	0	up	1	Highly Stable	Highly Stable Up	0	stable_up
SU_599	100	100	0	0	1	0	0	up	1	Highly Stable	Highly Stable Up	0	stable_up
SU_6	100	100	0	0	1	0	0	up	1	Highly Stable	Highly Stable Up	0	stable_up
SU_60	100	100	0	0	1	0	0	up	1	Highly Stable	Highly Stable Up	0	stable_up
SU_600	100	100	0	0	1	0	0	up	1	Highly Stable	Highly Stable Up	0	stable_up
SU_601	100	100	0	0	1	0	0	up	1	Highly Stable	Highly Stable Up	0	stable_up
SU_602	100	100	0	0	1	0	0	up	1	Highly Stable	Highly Stable Up	0	stable_up
SU_603	100	100	0	0	1	0	0	up	1	Highly Stable	Highly Stable Up	0	stable_up
SU_604	100	100	0	0	1	0	0	up	1	Highly Stable	Highly Stable Up	0	stable_up
SU_605	100	100	0	0	1	0	0	up	1	Highly Stable	Highly Stable Up	0	stable_up
SU_606	100	100	0	0	1	0	0	up	1	Highly Stable	Highly Stable Up	0	stable_up
SU_607	100	100	0	0	1	0	0	up	1	Highly Stable	Highly Stable Up	0	stable_up
SU_608	100	100	0	0	1	0	0	up	1	Highly Stable	Highly Stable Up	0	stable_up
SU_609	100	100	0	0	1	0	0	up	1	Highly Stable	Highly Stable Up	0	stable_up
SU_61	100	100	0	0	1	0	0	up	1	Highly Stable	Highly Stable Up	0	stable_up
SU_610	100	100	0	0	1	0	0	up	1	Highly Stable	Highly Stable Up	0	stable_up
SU_611	100	100	0	0	1	0	0	up	1	Highly Stable	Highly Stable Up	0	stable_up
SU_612	100	100	0	0	1	0	0	up	1	Highly Stable	Highly Stable Up	0	stable_up
SU_613	100	100	0	0	1	0	0	up	1	Highly Stable	Highly Stable Up	0	stable_up
SU_614	100	100	0	0	1	0	0	up	1	Highly Stable	Highly Stable Up	0	stable_up
SU_615	100	100	0	0	1	0	0	up	1	Highly Stable	Highly Stable Up	0	stable_up
SU_616	100	100	0	0	1	0	0	up	1	Highly Stable	Highly Stable Up	0	stable_up
SU_617	100	100	0	0	1	0	0	up	1	Highly Stable	Highly Stable Up	0	stable_up
SU_618	100	100	0	0	1	0	0	up	1	Highly Stable	Highly Stable Up	0	stable_up
SU_619	100	100	0	0	1	0	0	up	1	Highly Stable	Highly Stable Up	0	stable_up
SU_62	100	100	0	0	1	0	0	up	1	Highly Stable	Highly Stable Up	0	stable_up
SU_620	100	100	0	0	1	0	0	up	1	Highly Stable	Highly Stable Up	0	stable_up
SU_621	100	100	0	0	1	0	0	up	1	Highly Stable	Highly Stable Up	0	stable_up
SU_622	100	100	0	0	1	0	0	up	1	Highly Stable	Highly Stable Up	0	stable_up
SU_623	100	100	0	0	1	0	0	up	1	Highly Stable	Highly Stable Up	0	stable_up
SU_624	100	100	0	0	1	0	0	up	1	Highly Stable	Highly Stable Up	0	stable_up
SU_625	100	100	0	0	1	0	0	up	1	Highly Stable	Highly Stable Up	0	stable_up
SU_626	100	100	0	0	1	0	0	up	1	Highly Stable	Highly Stable Up	0	stable_up
SU_627	100	100	0	0	1	0	0	up	1	Highly Stable	Highly Stable Up	0	stable_up
SU_628	100	100	0	0	1	0	0	up	1	Highly Stable	Highly Stable Up	0	stable_up
SU_629	100	100	0	0	1	0	0	up	1	Highly Stable	Highly Stable Up	0	stable_up
SU_63	100	100	0	0	1	0	0	up	1	Highly Stable	Highly Stable Up	0	stable_up
SU_630	100	100	0	0	1	0	0	up	1	Highly Stable	Highly Stable Up	0	stable_up
SU_631	100	100	0	0	1	0	0	up	1	Highly Stable	Highly Stable Up	0	stable_up
SU_632	100	100	0	0	1	0	0	up	1	Highly Stable	Highly Stable Up	0	stable_up
SU_633	100	100	0	0	1	0	0	up	1	Highly Stable	Highly Stable Up	0	stable_up
SU_634	100	100	0	0	1	0	0	up	1	Highly Stable	Highly Stable Up	0	stable_up
SU_635	100	100	0	0	1	0	0	up	1	Highly Stable	Highly Stable Up	0	stable_up
SU_636	100	100	0	0	1	0	0	up	1	Highly Stable	Highly Stable Up	0	stable_up
SU_637	100	100	0	0	1	0	0	up	1	Highly Stable	Highly Stable Up	0	stable_up
SU_638	100	100	0	0	1	0	0	up	1	Highly Stable	Highly Stable Up	0	stable_up
SU_639	100	100	0	0	1	0	0	up	1	Highly Stable	Highly Stable Up	0	stable_up
SU_64	100	100	0	0	1	0	0	up	1	Highly Stable	Highly Stable Up	0	stable_up
SU_640	100	100	0	0	1	0	0	up	1	Highly Stable	Highly Stable Up	0	stable_up
SU_641	100	100	0	0	1	0	0	up	1	Highly Stable	Highly Stable Up	0	stable_up
SU_642	100	100	0	0	1	0	0	up	1	Highly Stable	Highly Stable Up	0	stable_up
SU_643	100	100	0	0	1	0	0	up	1	Highly Stable	Highly Stable Up	0	stable_up
SU_644	100	100	0	0	1	0	0	up	1	Highly Stable	Highly Stable Up	0	stable_up
SU_645	100	100	0	0	1	0	0	up	1	Highly Stable	Highly Stable Up	0	stable_up
SU_646	100	100	0	0	1	0	0	up	1	Highly Stable	Highly Stable Up	0	stable_up
SU_647	100	100	0	0	1	0	0	up	1	Highly Stable	Highly Stable Up	0	stable_up
SU_648	100	100	0	0	1	0	0	up	1	Highly Stable	Highly Stable Up	0	stable_up
SU_649	100	100	0	0	1	0	0	up	1	Highly Stable	Highly Stable Up	0	stable_up
SU_65	100	100	0	0	1	0	0	up	1	Highly Stable	Highly Stable Up	0	stable_up
SU_650	100	100	0	0	1	0	0	up	1	Highly Stable	Highly Stable Up	0	stable_up
SU_651	100	100	0	0	1	0	0	up	1	Highly Stable	Highly Stable Up	0	stable_up
SU_652	100	100	0	0	1	0	0	up	1	Highly Stable	Highly Stable Up	0	stable_up
SU_653	100	100	0	0	1	0	0	up	1	Highly Stable	Highly Stable Up	0	stable_up
SU_654	100	100	0	0	1	0	0	up	1	Highly Stable	Highly Stable Up	0	stable_up
SU_655	100	100	0	0	1	0	0	up	1	Highly Stable	Highly Stable Up	0	stable_up
SU_656	100	100	0	0	1	0	0	up	1	Highly Stable	Highly Stable Up	0	stable_up
SU_657	100	100	0	0	1	0	0	up	1	Highly Stable	Highly Stable Up	0	stable_up
SU_658	100	100	0	0	1	0	0	up	1	Highly Stable	Highly Stable Up	0	stable_up
SU_659	100	100	0	0	1	0	0	up	1	Highly Stable	Highly Stable Up	0	stable_up
SU_66	100	100	0	0	1	0	0	up	1	Highly Stable	Highly Stable Up	0	stable_up
SU_660	100	100	0	0	1	0	0	up	1	Highly Stable	Highly Stable Up	0	stable_up
SU_661	100	100	0	0	1	0	0	up	1	Highly Stable	Highly Stable Up	0	stable_up
SU_662	100	100	0	0	1	0	0	up	1	Highly Stable	Highly Stable Up	0	stable_up
SU_663	100	100	0	0	1	0	0	up	1	Highly Stable	Highly Stable Up	0	stable_up
SU_664	100	100	0	0	1	0	0	up	1	Highly Stable	Highly Stable Up	0	stable_up
SU_665	100	100	0	0	1	0	0	up	1	Highly Stable	Highly Stable Up	0	stable_up
SU_666	100	100	0	0	1	0	0	up	1	Highly Stable	Highly Stable Up	0	stable_up
SU_667	100	100	0	0	1	0	0	up	1	Highly Stable	Highly Stable Up	0	stable_up
SU_668	100	100	0	0	1	0	0	up	1	Highly Stable	Highly Stable Up	0	stable_up
SU_669	100	100	0	0	1	0	0	up	1	Highly Stable	Highly Stable Up	0	stable_up
SU_67	100	100	0	0	1	0	0	up	1	Highly Stable	Highly Stable Up	0	stable_up
SU_670	100	100	0	0	1	0	0	up	1	Highly Stable	Highly Stable Up	0	stable_up
SU_671	100	100	0	0	1	0	0	up	1	Highly Stable	Highly Stable Up	0	stable_up
SU_672	100	100	0	0	1	0	0	up	1	Highly Stable	Highly Stable Up	0	stable_up
SU_673	100	100	0	0	1	0	0	up	1	Highly Stable	Highly Stable Up	0	stable_up
SU_674	100	100	0	0	1	0	0	up	1	Highly Stable	Highly Stable Up	0	stable_up
SU_675	100	100	0	0	1	0	0	up	1	Highly Stable	Highly Stable Up	0	stable_up
SU_676	100	100	0	0	1	0	0	up	1	Highly Stable	Highly Stable Up	0	stable_up
SU_677	100	100	0	0	1	0	0	up	1	Highly Stable	Highly Stable Up	0	stable_up
SU_678	100	100	0	0	1	0	0	up	1	Highly Stable	Highly Stable Up	0	stable_up
SU_679	100	100	0	0	1	0	0	up	1	Highly Stable	Highly Stable Up	0	stable_up
SU_68	100	100	0	0	1	0	0	up	1	Highly Stable	Highly Stable Up	0	stable_up
SU_680	100	100	0	0	1	0	0	up	1	Highly Stable	Highly Stable Up	0	stable_up
SU_681	100	100	0	0	1	0	0	up	1	Highly Stable	Highly Stable Up	0	stable_up
SU_682	100	100	0	0	1	0	0	up	1	Highly Stable	Highly Stable Up	0	stable_up
SU_683	100	100	0	0	1	0	0	up	1	Highly Stable	Highly Stable Up	0	stable_up
SU_684	100	100	0	0	1	0	0	up	1	Highly Stable	Highly Stable Up	0	stable_up
SU_685	100	100	0	0	1	0	0	up	1	Highly Stable	Highly Stable Up	0	stable_up
SU_686	100	100	0	0	1	0	0	up	1	Highly Stable	Highly Stable Up	0	stable_up
SU_687	100	100	0	0	1	0	0	up	1	Highly Stable	Highly Stable Up	0	stable_up
SU_688	100	100	0	0	1	0	0	up	1	Highly Stable	Highly Stable Up	0	stable_up
SU_689	100	100	0	0	1	0	0	up	1	Highly Stable	Highly Stable Up	0	stable_up
SU_69	100	100	0	0	1	0	0	up	1	Highly Stable	Highly Stable Up	0	stable_up
SU_690	100	100	0	0	1	0	0	up	1	Highly Stable	Highly Stable Up	0	stable_up
SU_691	100	100	0	0	1	0	0	up	1	Highly Stable	Highly Stable Up	0	stable_up
SU_692	100	100	0	0	1	0	0	up	1	Highly Stable	Highly Stable Up	0	stable_up
SU_693	100	100	0	0	1	0	0	up	1	Highly Stable	Highly Stable Up	0	stable_up
SU_694	100	100	0	0	1	0	0	up	1	Highly Stable	Highly Stable Up	0	stable_up
SU_695	100	100	0	0	1	0	0	up	1	Highly Stable	Highly Stable Up	0	stable_up
SU_696	100	100	0	0	1	0	0	up	1	Highly Stable	Highly Stable Up	0	stable_up
SU_697	100	100	0	0	1	0	0	up	1	Highly Stable	Highly Stable Up	0	stable_up
SU_698	100	100	0	0	1	0	0	up	1	Highly Stable	Highly Stable Up	0	stable_up
SU_699	100	100	0	0	1	0	0	up	1	Highly Stable	Highly Stable Up	0	stable_up
SU_7	100	100	0	0	1	0	0	up	1	Highly Stable	Highly Stable Up	0	stable_up
SU_70	100	100	0	0	1	0	0	up	1	Highly Stable	Highly Stable Up	0	stable_up
SU_700	100	100	0	0	1	0	0	up	1	Highly Stable	Highly Stable Up	0	stable_up
SU_701	100	100	0	0	1	0	0	up	1	Highly Stable	Highly Stable Up	0	stable_up
SU_702	100	100	0	0	1	0	0	up	1	Highly Stable	Highly Stable Up	0	stable_up
SU_703	100	100	0	0	1	0	0	up	1	Highly Stable	Highly Stable Up	0	stable_up
SU_704	100	100	0	0	1	0	0	up	1	Highly Stable	Highly Stable Up	0	stable_up
SU_705	100	100	0	0	1	0	0	up	1	Highly Stable	Highly Stable Up	0	stable_up
SU_706	100	100	0	0	1	0	0	up	1	Highly Stable	Highly Stable Up	0	stable_up
SU_707	100	100	0	0	1	0	0	up	1	Highly Stable	Highly Stable Up	0	stable_up
SU_708	100	100	0	0	1	0	0	up	1	Highly Stable	Highly Stable Up	0	stable_up
SU_709	100	100	0	0	1	0	0	up	1	Highly Stable	Highly Stable Up	0	stable_up
SU_71	100	100	0	0	1	0	0	up	1	Highly Stable	Highly Stable Up	0	stable_up
SU_710	100	100	0	0	1	0	0	up	1	Highly Stable	Highly Stable Up	0	stable_up
SU_711	100	100	0	0	1	0	0	up	1	Highly Stable	Highly Stable Up	0	stable_up
SU_712	100	100	0	0	1	0	0	up	1	Highly Stable	Highly Stable Up	0	stable_up
SU_713	100	100	0	0	1	0	0	up	1	Highly Stable	Highly Stable Up	0	stable_up
SU_714	100	100	0	0	1	0	0	up	1	Highly Stable	Highly Stable Up	0	stable_up
SU_715	100	100	0	0	1	0	0	up	1	Highly Stable	Highly Stable Up	0	stable_up
SU_716	100	100	0	0	1	0	0	up	1	Highly Stable	Highly Stable Up	0	stable_up
SU_717	100	100	0	0	1	0	0	up	1	Highly Stable	Highly Stable Up	0	stable_up
SU_718	100	100	0	0	1	0	0	up	1	Highly Stable	Highly Stable Up	0	stable_up
SU_719	100	100	0	0	1	0	0	up	1	Highly Stable	Highly Stable Up	0	stable_up
SU_72	100	100	0	0	1	0	0	up	1	Highly Stable	Highly Stable Up	0	stable_up
SU_720	100	100	0	0	1	0	0	up	1	Highly Stable	Highly Stable Up	0	stable_up
SU_721	100	100	0	0	1	0	0	up	1	Highly Stable	Highly Stable Up	0	stable_up
SU_722	100	100	0	0	1	0	0	up	1	Highly Stable	Highly Stable Up	0	stable_up
SU_723	100	100	0	0	1	0	0	up	1	Highly Stable	Highly Stable Up	0	stable_up
SU_724	100	100	0	0	1	0	0	up	1	Highly Stable	Highly Stable Up	0	stable_up
SU_725	100	100	0	0	1	0	0	up	1	Highly Stable	Highly Stable Up	0	stable_up
SU_726	100	100	0	0	1	0	0	up	1	Highly Stable	Highly Stable Up	0	stable_up
SU_727	100	100	0	0	1	0	0	up	1	Highly Stable	Highly Stable Up	0	stable_up
SU_728	100	100	0	0	1	0	0	up	1	Highly Stable	Highly Stable Up	0	stable_up
SU_729	100	100	0	0	1	0	0	up	1	Highly Stable	Highly Stable Up	0	stable_up
SU_73	100	100	0	0	1	0	0	up	1	Highly Stable	Highly Stable Up	0	stable_up
SU_730	100	100	0	0	1	0	0	up	1	Highly Stable	Highly Stable Up	0	stable_up
SU_731	100	100	0	0	1	0	0	up	1	Highly Stable	Highly Stable Up	0	stable_up
SU_732	100	100	0	0	1	0	0	up	1	Highly Stable	Highly Stable Up	0	stable_up
SU_733	100	100	0	0	1	0	0	up	1	Highly Stable	Highly Stable Up	0	stable_up
SU_734	100	100	0	0	1	0	0	up	1	Highly Stable	Highly Stable Up	0	stable_up
SU_735	100	100	0	0	1	0	0	up	1	Highly Stable	Highly Stable Up	0	stable_up
SU_736	100	100	0	0	1	0	0	up	1	Highly Stable	Highly Stable Up	0	stable_up
SU_737	100	100	0	0	1	0	0	up	1	Highly Stable	Highly Stable Up	0	stable_up
SU_738	100	100	0	0	1	0	0	up	1	Highly Stable	Highly Stable Up	0	stable_up
SU_739	100	100	0	0	1	0	0	up	1	Highly Stable	Highly Stable Up	0	stable_up
SU_74	100	100	0	0	1	0	0	up	1	Highly Stable	Highly Stable Up	0	stable_up
SU_740	100	100	0	0	1	0	0	up	1	Highly Stable	Highly Stable Up	0	stable_up
SU_741	100	100	0	0	1	0	0	up	1	Highly Stable	Highly Stable Up	0	stable_up
SU_742	100	100	0	0	1	0	0	up	1	Highly Stable	Highly Stable Up	0	stable_up
SU_743	100	100	0	0	1	0	0	up	1	Highly Stable	Highly Stable Up	0	stable_up
SU_744	100	100	0	0	1	0	0	up	1	Highly Stable	Highly Stable Up	0	stable_up
SU_745	100	100	0	0	1	0	0	up	1	Highly Stable	Highly Stable Up	0	stable_up
SU_746	100	100	0	0	1	0	0	up	1	Highly Stable	Highly Stable Up	0	stable_up
SU_747	100	100	0	0	1	0	0	up	1	Highly Stable	Highly Stable Up	0	stable_up
SU_748	100	100	0	0	1	0	0	up	1	Highly Stable	Highly Stable Up	0	stable_up
SU_749	100	100	0	0	1	0	0	up	1	Highly Stable	Highly Stable Up	0	stable_up
SU_75	100	100	0	0	1	0	0	up	1	Highly Stable	Highly Stable Up	0	stable_up
SU_750	100	100	0	0	1	0	0	up	1	Highly Stable	Highly Stable Up	0	stable_up
SU_751	100	100	0	0	1	0	0	up	1	Highly Stable	Highly Stable Up	0	stable_up
SU_752	100	100	0	0	1	0	0	up	1	Highly Stable	Highly Stable Up	0	stable_up
SU_753	100	100	0	0	1	0	0	up	1	Highly Stable	Highly Stable Up	0	stable_up
SU_754	100	100	0	0	1	0	0	up	1	Highly Stable	Highly Stable Up	0	stable_up
SU_755	100	100	0	0	1	0	0	up	1	Highly Stable	Highly Stable Up	0	stable_up
SU_756	100	100	0	0	1	0	0	up	1	Highly Stable	Highly Stable Up	0	stable_up
SU_757	100	100	0	0	1	0	0	up	1	Highly Stable	Highly Stable Up	0	stable_up
SU_758	100	100	0	0	1	0	0	up	1	Highly Stable	Highly Stable Up	0	stable_up
SU_759	100	100	0	0	1	0	0	up	1	Highly Stable	Highly Stable Up	0	stable_up
SU_76	100	100	0	0	1	0	0	up	1	Highly Stable	Highly Stable Up	0	stable_up
SU_760	100	100	0	0	1	0	0	up	1	Highly Stable	Highly Stable Up	0	stable_up
SU_761	100	100	0	0	1	0	0	up	1	Highly Stable	Highly Stable Up	0	stable_up
SU_762	100	100	0	0	1	0	0	up	1	Highly Stable	Highly Stable Up	0	stable_up
SU_763	100	100	0	0	1	0	0	up	1	Highly Stable	Highly Stable Up	0	stable_up
SU_764	100	100	0	0	1	0	0	up	1	Highly Stable	Highly Stable Up	0	stable_up
SU_765	100	100	0	0	1	0	0	up	1	Highly Stable	Highly Stable Up	0	stable_up
SU_766	100	100	0	0	1	0	0	up	1	Highly Stable	Highly Stable Up	0	stable_up
SU_767	100	100	0	0	1	0	0	up	1	Highly Stable	Highly Stable Up	0	stable_up
SU_768	100	100	0	0	1	0	0	up	1	Highly Stable	Highly Stable Up	0	stable_up
SU_769	100	100	0	0	1	0	0	up	1	Highly Stable	Highly Stable Up	0	stable_up
SU_77	100	100	0	0	1	0	0	up	1	Highly Stable	Highly Stable Up	0	stable_up
SU_770	100	100	0	0	1	0	0	up	1	Highly Stable	Highly Stable Up	0	stable_up
SU_771	100	100	0	0	1	0	0	up	1	Highly Stable	Highly Stable Up	0	stable_up
SU_772	100	100	0	0	1	0	0	up	1	Highly Stable	Highly Stable Up	0	stable_up
SU_773	100	100	0	0	1	0	0	up	1	Highly Stable	Highly Stable Up	0	stable_up
SU_774	100	100	0	0	1	0	0	up	1	Highly Stable	Highly Stable Up	0	stable_up
SU_775	100	100	0	0	1	0	0	up	1	Highly Stable	Highly Stable Up	0	stable_up
SU_776	100	100	0	0	1	0	0	up	1	Highly Stable	Highly Stable Up	0	stable_up
SU_777	100	100	0	0	1	0	0	up	1	Highly Stable	Highly Stable Up	0	stable_up
SU_778	100	100	0	0	1	0	0	up	1	Highly Stable	Highly Stable Up	0	stable_up
SU_779	100	100	0	0	1	0	0	up	1	Highly Stable	Highly Stable Up	0	stable_up
SU_78	100	100	0	0	1	0	0	up	1	Highly Stable	Highly Stable Up	0	stable_up
SU_780	100	100	0	0	1	0	0	up	1	Highly Stable	Highly Stable Up	0	stable_up
SU_781	100	100	0	0	1	0	0	up	1	Highly Stable	Highly Stable Up	0	stable_up
SU_782	100	100	0	0	1	0	0	up	1	Highly Stable	Highly Stable Up	0	stable_up
SU_783	100	100	0	0	1	0	0	up	1	Highly Stable	Highly Stable Up	0	stable_up
SU_784	100	100	0	0	1	0	0	up	1	Highly Stable	Highly Stable Up	0	stable_up
SU_785	100	100	0	0	1	0	0	up	1	Highly Stable	Highly Stable Up	0	stable_up
SU_786	100	100	0	0	1	0	0	up	1	Highly Stable	Highly Stable Up	0	stable_up
SU_787	100	100	0	0	1	0	0	up	1	Highly Stable	Highly Stable Up	0	stable_up
SU_788	100	100	0	0	1	0	0	up	1	Highly Stable	Highly Stable Up	0	stable_up
SU_789	100	100	0	0	1	0	0	up	1	Highly Stable	Highly Stable Up	0	stable_up
SU_79	100	100	0	0	1	0	0	up	1	Highly Stable	Highly Stable Up	0	stable_up
SU_790	100	100	0	0	1	0	0	up	1	Highly Stable	Highly Stable Up	0	stable_up
SU_791	100	100	0	0	1	0	0	up	1	Highly Stable	Highly Stable Up	0	stable_up
SU_792	100	100	0	0	1	0	0	up	1	Highly Stable	Highly Stable Up	0	stable_up
SU_793	100	100	0	0	1	0	0	up	1	Highly Stable	Highly Stable Up	0	stable_up
SU_794	100	100	0	0	1	0	0	up	1	Highly Stable	Highly Stable Up	0	stable_up
SU_795	100	100	0	0	1	0	0	up	1	Highly Stable	Highly Stable Up	0	stable_up
SU_796	100	100	0	0	1	0	0	up	1	Highly Stable	Highly Stable Up	0	stable_up
SU_797	100	100	0	0	1	0	0	up	1	Highly Stable	Highly Stable Up	0	stable_up
SU_798	100	100	0	0	1	0	0	up	1	Highly Stable	Highly Stable Up	0	stable_up
SU_799	100	100	0	0	1	0	0	up	1	Highly Stable	Highly Stable Up	0	stable_up
SU_8	100	100	0	0	1	0	0	up	1	Highly Stable	Highly Stable Up	0	stable_up
SU_80	100	100	0	0	1	0	0	up	1	Highly Stable	Highly Stable Up	0	stable_up
SU_800	100	100	0	0	1	0	0	up	1	Highly Stable	Highly Stable Up	0	stable_up
SU_801	100	100	0	0	1	0	0	up	1	Highly Stable	Highly Stable Up	0	stable_up
SU_802	100	100	0	0	1	0	0	up	1	Highly Stable	Highly Stable Up	0	stable_up
SU_803	100	100	0	0	1	0	0	up	1	Highly Stable	Highly Stable Up	0	stable_up
SU_804	100	100	0	0	1	0	0	up	1	Highly Stable	Highly Stable Up	0	stable_up
SU_805	100	100	0	0	1	0	0	up	1	Highly Stable	Highly Stable Up	0	stable_up
SU_806	100	100	0	0	1	0	0	up	1	Highly Stable	Highly Stable Up	0	stable_up
SU_807	100	100	0	0	1	0	0	up	1	Highly Stable	Highly Stable Up	0	stable_up
SU_808	100	100	0	0	1	0	0	up	1	Highly Stable	Highly Stable Up	0	stable_up
SU_809	100	100	0	0	1	0	0	up	1	Highly Stable	Highly Stable Up	0	stable_up
SU_81	100	100	0	0	1	0	0	up	1	Highly Stable	Highly Stable Up	0	stable_up
SU_810	100	100	0	0	1	0	0	up	1	Highly Stable	Highly Stable Up	0	stable_up
SU_811	100	100	0	0	1	0	0	up	1	Highly Stable	Highly Stable Up	0	stable_up
SU_812	100	100	0	0	1	0	0	up	1	Highly Stable	Highly Stable Up	0	stable_up
SU_813	100	100	0	0	1	0	0	up	1	Highly Stable	Highly Stable Up	0	stable_up
SU_814	100	100	0	0	1	0	0	up	1	Highly Stable	Highly Stable Up	0	stable_up
SU_815	100	100	0	0	1	0	0	up	1	Highly Stable	Highly Stable Up	0	stable_up
SU_816	100	100	0	0	1	0	0	up	1	Highly Stable	Highly Stable Up	0	stable_up
SU_817	100	100	0	0	1	0	0	up	1	Highly Stable	Highly Stable Up	0	stable_up
SU_818	100	100	0	0	1	0	0	up	1	Highly Stable	Highly Stable Up	0	stable_up
SU_819	100	100	0	0	1	0	0	up	1	Highly Stable	Highly Stable Up	0	stable_up
SU_82	100	100	0	0	1	0	0	up	1	Highly Stable	Highly Stable Up	0	stable_up
SU_820	100	100	0	0	1	0	0	up	1	Highly Stable	Highly Stable Up	0	stable_up
SU_821	100	100	0	0	1	0	0	up	1	Highly Stable	Highly Stable Up	0	stable_up
SU_822	100	100	0	0	1	0	0	up	1	Highly Stable	Highly Stable Up	0	stable_up
SU_823	100	100	0	0	1	0	0	up	1	Highly Stable	Highly Stable Up	0	stable_up
SU_824	100	100	0	0	1	0	0	up	1	Highly Stable	Highly Stable Up	0	stable_up
SU_825	100	100	0	0	1	0	0	up	1	Highly Stable	Highly Stable Up	0	stable_up
SU_826	100	100	0	0	1	0	0	up	1	Highly Stable	Highly Stable Up	0	stable_up
SU_827	100	100	0	0	1	0	0	up	1	Highly Stable	Highly Stable Up	0	stable_up
SU_828	100	100	0	0	1	0	0	up	1	Highly Stable	Highly Stable Up	0	stable_up
SU_829	100	100	0	0	1	0	0	up	1	Highly Stable	Highly Stable Up	0	stable_up
SU_83	100	100	0	0	1	0	0	up	1	Highly Stable	Highly Stable Up	0	stable_up
SU_830	100	100	0	0	1	0	0	up	1	Highly Stable	Highly Stable Up	0	stable_up
SU_831	100	100	0	0	1	0	0	up	1	Highly Stable	Highly Stable Up	0	stable_up
SU_832	100	100	0	0	1	0	0	up	1	Highly Stable	Highly Stable Up	0	stable_up
SU_833	100	100	0	0	1	0	0	up	1	Highly Stable	Highly Stable Up	0	stable_up
SU_834	100	100	0	0	1	0	0	up	1	Highly Stable	Highly Stable Up	0	stable_up
SU_835	100	100	0	0	1	0	0	up	1	Highly Stable	Highly Stable Up	0	stable_up
SU_836	100	100	0	0	1	0	0	up	1	Highly Stable	Highly Stable Up	0	stable_up
SU_837	100	100	0	0	1	0	0	up	1	Highly Stable	Highly Stable Up	0	stable_up
SU_838	100	100	0	0	1	0	0	up	1	Highly Stable	Highly Stable Up	0	stable_up
SU_839	100	100	0	0	1	0	0	up	1	Highly Stable	Highly Stable Up	0	stable_up
SU_84	100	100	0	0	1	0	0	up	1	Highly Stable	Highly Stable Up	0	stable_up
SU_840	100	100	0	0	1	0	0	up	1	Highly Stable	Highly Stable Up	0	stable_up
SU_841	100	100	0	0	1	0	0	up	1	Highly Stable	Highly Stable Up	0	stable_up
SU_842	100	100	0	0	1	0	0	up	1	Highly Stable	Highly Stable Up	0	stable_up
SU_843	100	100	0	0	1	0	0	up	1	Highly Stable	Highly Stable Up	0	stable_up
SU_844	100	100	0	0	1	0	0	up	1	Highly Stable	Highly Stable Up	0	stable_up
SU_845	100	100	0	0	1	0	0	up	1	Highly Stable	Highly Stable Up	0	stable_up
SU_846	100	100	0	0	1	0	0	up	1	Highly Stable	Highly Stable Up	0	stable_up
SU_847	100	100	0	0	1	0	0	up	1	Highly Stable	Highly Stable Up	0	stable_up
SU_848	100	100	0	0	1	0	0	up	1	Highly Stable	Highly Stable Up	0	stable_up
SU_849	100	100	0	0	1	0	0	up	1	Highly Stable	Highly Stable Up	0	stable_up
SU_85	100	100	0	0	1	0	0	up	1	Highly Stable	Highly Stable Up	0	stable_up
SU_850	100	100	0	0	1	0	0	up	1	Highly Stable	Highly Stable Up	0	stable_up
SU_851	100	100	0	0	1	0	0	up	1	Highly Stable	Highly Stable Up	0	stable_up
SU_852	100	100	0	0	1	0	0	up	1	Highly Stable	Highly Stable Up	0	stable_up
SU_853	100	100	0	0	1	0	0	up	1	Highly Stable	Highly Stable Up	0	stable_up
SU_854	100	100	0	0	1	0	0	up	1	Highly Stable	Highly Stable Up	0	stable_up
SU_855	100	100	0	0	1	0	0	up	1	Highly Stable	Highly Stable Up	0	stable_up
SU_856	100	100	0	0	1	0	0	up	1	Highly Stable	Highly Stable Up	0	stable_up
SU_857	100	100	0	0	1	0	0	up	1	Highly Stable	Highly Stable Up	0	stable_up
SU_858	100	100	0	0	1	0	0	up	1	Highly Stable	Highly Stable Up	0	stable_up
SU_859	100	100	0	0	1	0	0	up	1	Highly Stable	Highly Stable Up	0	stable_up
SU_86	100	100	0	0	1	0	0	up	1	Highly Stable	Highly Stable Up	0	stable_up
SU_860	100	100	0	0	1	0	0	up	1	Highly Stable	Highly Stable Up	0	stable_up
SU_861	100	100	0	0	1	0	0	up	1	Highly Stable	Highly Stable Up	0	stable_up
SU_862	100	100	0	0	1	0	0	up	1	Highly Stable	Highly Stable Up	0	stable_up
SU_863	100	100	0	0	1	0	0	up	1	Highly Stable	Highly Stable Up	0	stable_up
SU_864	100	100	0	0	1	0	0	up	1	Highly Stable	Highly Stable Up	0	stable_up
SU_865	100	100	0	0	1	0	0	up	1	Highly Stable	Highly Stable Up	0	stable_up
SU_866	100	100	0	0	1	0	0	up	1	Highly Stable	Highly Stable Up	0	stable_up
SU_867	100	100	0	0	1	0	0	up	1	Highly Stable	Highly Stable Up	0	stable_up
SU_868	100	100	0	0	1	0	0	up	1	Highly Stable	Highly Stable Up	0	stable_up
SU_869	100	100	0	0	1	0	0	up	1	Highly Stable	Highly Stable Up	0	stable_up
SU_87	100	100	0	0	1	0	0	up	1	Highly Stable	Highly Stable Up	0	stable_up
SU_870	100	100	0	0	1	0	0	up	1	Highly Stable	Highly Stable Up	0	stable_up
SU_871	100	100	0	0	1	0	0	up	1	Highly Stable	Highly Stable Up	0	stable_up
SU_872	100	100	0	0	1	0	0	up	1	Highly Stable	Highly Stable Up	0	stable_up
SU_873	100	100	0	0	1	0	0	up	1	Highly Stable	Highly Stable Up	0	stable_up
SU_874	100	100	0	0	1	0	0	up	1	Highly Stable	Highly Stable Up	0	stable_up
SU_875	100	100	0	0	1	0	0	up	1	Highly Stable	Highly Stable Up	0	stable_up
SU_876	100	100	0	0	1	0	0	up	1	Highly Stable	Highly Stable Up	0	stable_up
SU_877	100	100	0	0	1	0	0	up	1	Highly Stable	Highly Stable Up	0	stable_up
SU_878	100	100	0	0	1	0	0	up	1	Highly Stable	Highly Stable Up	0	stable_up
SU_879	100	100	0	0	1	0	0	up	1	Highly Stable	Highly Stable Up	0	stable_up
SU_88	100	100	0	0	1	0	0	up	1	Highly Stable	Highly Stable Up	0	stable_up
SU_880	100	100	0	0	1	0	0	up	1	Highly Stable	Highly Stable Up	0	stable_up
SU_881	100	100	0	0	1	0	0	up	1	Highly Stable	Highly Stable Up	0	stable_up
SU_882	100	100	0	0	1	0	0	up	1	Highly Stable	Highly Stable Up	0	stable_up
SU_883	100	100	0	0	1	0	0	up	1	Highly Stable	Highly Stable Up	0	stable_up
SU_884	100	100	0	0	1	0	0	up	1	Highly Stable	Highly Stable Up	0	stable_up
SU_885	100	100	0	0	1	0	0	up	1	Highly Stable	Highly Stable Up	0	stable_up
SU_886	100	100	0	0	1	0	0	up	1	Highly Stable	Highly Stable Up	0	stable_up
SU_887	100	100	0	0	1	0	0	up	1	Highly Stable	Highly Stable Up	0	stable_up
SU_888	100	100	0	0	1	0	0	up	1	Highly Stable	Highly Stable Up	0	stable_up
SU_889	100	100	0	0	1	0	0	up	1	Highly Stable	Highly Stable Up	0	stable_up
SU_89	100	100	0	0	1	0	0	up	1	Highly Stable	Highly Stable Up	0	stable_up
SU_890	100	100	0	0	1	0	0	up	1	Highly Stable	Highly Stable Up	0	stable_up
SU_891	100	100	0	0	1	0	0	up	1	Highly Stable	Highly Stable Up	0	stable_up
SU_892	100	100	0	0	1	0	0	up	1	Highly Stable	Highly Stable Up	0	stable_up
SU_893	100	100	0	0	1	0	0	up	1	Highly Stable	Highly Stable Up	0	stable_up
SU_894	100	100	0	0	1	0	0	up	1	Highly Stable	Highly Stable Up	0	stable_up
SU_895	100	100	0	0	1	0	0	up	1	Highly Stable	Highly Stable Up	0	stable_up
SU_896	100	100	0	0	1	0	0	up	1	Highly Stable	Highly Stable Up	0	stable_up
SU_897	100	100	0	0	1	0	0	up	1	Highly Stable	Highly Stable Up	0	stable_up
SU_898	100	100	0	0	1	0	0	up	1	Highly Stable	Highly Stable Up	0	stable_up
SU_899	100	100	0	0	1	0	0	up	1	Highly Stable	Highly Stable Up	0	stable_up
SU_9	100	100	0	0	1	0	0	up	1	Highly Stable	Highly Stable Up	0	stable_up
SU_90	100	100	0	0	1	0	0	up	1	Highly Stable	Highly Stable Up	0	stable_up
SU_900	100	100	0	0	1	0	0	up	1	Highly Stable	Highly Stable Up	0	stable_up
SU_901	100	100	0	0	1	0	0	up	1	Highly Stable	Highly Stable Up	0	stable_up
SU_902	100	100	0	0	1	0	0	up	1	Highly Stable	Highly Stable Up	0	stable_up
SU_903	100	100	0	0	1	0	0	up	1	Highly Stable	Highly Stable Up	0	stable_up
SU_904	100	100	0	0	1	0	0	up	1	Highly Stable	Highly Stable Up	0	stable_up
SU_905	100	100	0	0	1	0	0	up	1	Highly Stable	Highly Stable Up	0	stable_up
SU_906	100	100	0	0	1	0	0	up	1	Highly Stable	Highly Stable Up	0	stable_up
SU_907	100	100	0	0	1	0	0	up	1	Highly Stable	Highly Stable Up	0	stable_up
SU_908	100	100	0	0	1	0	0	up	1	Highly Stable	Highly Stable Up	0	stable_up
SU_909	100	100	0	0	1	0	0	up	1	Highly Stable	Highly Stable Up	0	stable_up
SU_91	100	100	0	0	1	0	0	up	1	Highly Stable	Highly Stable Up	0	stable_up
SU_910	100	100	0	0	1	0	0	up	1	Highly Stable	Highly Stable Up	0	stable_up
SU_911	100	100	0	0	1	0	0	up	1	Highly Stable	Highly Stable Up	0	stable_up
SU_912	100	100	0	0	1	0	0	up	1	Highly Stable	Highly Stable Up	0	stable_up
SU_913	100	100	0	0	1	0	0	up	1	Highly Stable	Highly Stable Up	0	stable_up
SU_914	100	100	0	0	1	0	0	up	1	Highly Stable	Highly Stable Up	0	stable_up
SU_915	100	100	0	0	1	0	0	up	1	Highly Stable	Highly Stable Up	0	stable_up
SU_916	100	100	0	0	1	0	0	up	1	Highly Stable	Highly Stable Up	0	stable_up
SU_917	100	100	0	0	1	0	0	up	1	Highly Stable	Highly Stable Up	0	stable_up
SU_918	100	100	0	0	1	0	0	up	1	Highly Stable	Highly Stable Up	0	stable_up
SU_919	100	100	0	0	1	0	0	up	1	Highly Stable	Highly Stable Up	0	stable_up
SU_92	100	100	0	0	1	0	0	up	1	Highly Stable	Highly Stable Up	0	stable_up
SU_920	100	100	0	0	1	0	0	up	1	Highly Stable	Highly Stable Up	0	stable_up
SU_921	100	100	0	0	1	0	0	up	1	Highly Stable	Highly Stable Up	0	stable_up
SU_922	100	100	0	0	1	0	0	up	1	Highly Stable	Highly Stable Up	0	stable_up
SU_923	100	100	0	0	1	0	0	up	1	Highly Stable	Highly Stable Up	0	stable_up
SU_924	100	100	0	0	1	0	0	up	1	Highly Stable	Highly Stable Up	0	stable_up
SU_925	100	100	0	0	1	0	0	up	1	Highly Stable	Highly Stable Up	0	stable_up
SU_926	100	100	0	0	1	0	0	up	1	Highly Stable	Highly Stable Up	0	stable_up
SU_927	100	100	0	0	1	0	0	up	1	Highly Stable	Highly Stable Up	0	stable_up
SU_928	100	100	0	0	1	0	0	up	1	Highly Stable	Highly Stable Up	0	stable_up
SU_929	100	100	0	0	1	0	0	up	1	Highly Stable	Highly Stable Up	0	stable_up
SU_93	100	100	0	0	1	0	0	up	1	Highly Stable	Highly Stable Up	0	stable_up
SU_930	100	100	0	0	1	0	0	up	1	Highly Stable	Highly Stable Up	0	stable_up
SU_931	100	100	0	0	1	0	0	up	1	Highly Stable	Highly Stable Up	0	stable_up
SU_932	100	100	0	0	1	0	0	up	1	Highly Stable	Highly Stable Up	0	stable_up
SU_933	100	100	0	0	1	0	0	up	1	Highly Stable	Highly Stable Up	0	stable_up
SU_934	100	100	0	0	1	0	0	up	1	Highly Stable	Highly Stable Up	0	stable_up
SU_935	100	100	0	0	1	0	0	up	1	Highly Stable	Highly Stable Up	0	stable_up
SU_936	100	100	0	0	1	0	0	up	1	Highly Stable	Highly Stable Up	0	stable_up
SU_937	100	100	0	0	1	0	0	up	1	Highly Stable	Highly Stable Up	0	stable_up
SU_938	100	100	0	0	1	0	0	up	1	Highly Stable	Highly Stable Up	0	stable_up
SU_939	100	100	0	0	1	0	0	up	1	Highly Stable	Highly Stable Up	0	stable_up
SU_94	100	100	0	0	1	0	0	up	1	Highly Stable	Highly Stable Up	0	stable_up
SU_940	100	100	0	0	1	0	0	up	1	Highly Stable	Highly Stable Up	0	stable_up
SU_941	100	100	0	0	1	0	0	up	1	Highly Stable	Highly Stable Up	0	stable_up
SU_942	100	100	0	0	1	0	0	up	1	Highly Stable	Highly Stable Up	0	stable_up
SU_943	100	100	0	0	1	0	0	up	1	Highly Stable	Highly Stable Up	0	stable_up
SU_944	100	100	0	0	1	0	0	up	1	Highly Stable	Highly Stable Up	0	stable_up
SU_945	100	100	0	0	1	0	0	up	1	Highly Stable	Highly Stable Up	0	stable_up
SU_946	100	100	0	0	1	0	0	up	1	Highly Stable	Highly Stable Up	0	stable_up
SU_947	100	100	0	0	1	0	0	up	1	Highly Stable	Highly Stable Up	0	stable_up
SU_948	100	100	0	0	1	0	0	up	1	Highly Stable	Highly Stable Up	0	stable_up
SU_949	100	100	0	0	1	0	0	up	1	Highly Stable	Highly Stable Up	0	stable_up
SU_95	100	100	0	0	1	0	0	up	1	Highly Stable	Highly Stable Up	0	stable_up
SU_950	100	100	0	0	1	0	0	up	1	Highly Stable	Highly Stable Up	0	stable_up
SU_951	100	100	0	0	1	0	0	up	1	Highly Stable	Highly Stable Up	0	stable_up
SU_952	100	100	0	0	1	0	0	up	1	Highly Stable	Highly Stable Up	0	stable_up
SU_953	100	100	0	0	1	0	0	up	1	Highly Stable	Highly Stable Up	0	stable_up
SU_954	100	100	0	0	1	0	0	up	1	Highly Stable	Highly Stable Up	0	stable_up
SU_955	100	100	0	0	1	0	0	up	1	Highly Stable	Highly Stable Up	0	stable_up
SU_956	100	100	0	0	1	0	0	up	1	Highly Stable	Highly Stable Up	0	stable_up
SU_957	100	100	0	0	1	0	0	up	1	Highly Stable	Highly Stable Up	0	stable_up
SU_958	100	100	0	0	1	0	0	up	1	Highly Stable	Highly Stable Up	0	stable_up
SU_959	100	100	0	0	1	0	0	up	1	Highly Stable	Highly Stable Up	0	stable_up
SU_96	100	100	0	0	1	0	0	up	1	Highly Stable	Highly Stable Up	0	stable_up
SU_960	100	100	0	0	1	0	0	up	1	Highly Stable	Highly Stable Up	0	stable_up
SU_961	100	100	0	0	1	0	0	up	1	Highly Stable	Highly Stable Up	0	stable_up
SU_962	100	100	0	0	1	0	0	up	1	Highly Stable	Highly Stable Up	0	stable_up
SU_963	100	100	0	0	1	0	0	up	1	Highly Stable	Highly Stable Up	0	stable_up
SU_964	100	100	0	0	1	0	0	up	1	Highly Stable	Highly Stable Up	0	stable_up
SU_965	100	100	0	0	1	0	0	up	1	Highly Stable	Highly Stable Up	0	stable_up
SU_966	100	100	0	0	1	0	0	up	1	Highly Stable	Highly Stable Up	0	stable_up
SU_967	100	100	0	0	1	0	0	up	1	Highly Stable	Highly Stable Up	0	stable_up
SU_968	100	100	0	0	1	0	0	up	1	Highly Stable	Highly Stable Up	0	stable_up
SU_969	100	100	0	0	1	0	0	up	1	Highly Stable	Highly Stable Up	0	stable_up
SU_97	100	100	0	0	1	0	0	up	1	Highly Stable	Highly Stable Up	0	stable_up
SU_970	100	100	0	0	1	0	0	up	1	Highly Stable	Highly Stable Up	0	stable_up
SU_971	100	100	0	0	1	0	0	up	1	Highly Stable	Highly Stable Up	0	stable_up
SU_972	100	100	0	0	1	0	0	up	1	Highly Stable	Highly Stable Up	0	stable_up
SU_973	100	100	0	0	1	0	0	up	1	Highly Stable	Highly Stable Up	0	stable_up
SU_974	100	100	0	0	1	0	0	up	1	Highly Stable	Highly Stable Up	0	stable_up
SU_975	100	100	0	0	1	0	0	up	1	Highly Stable	Highly Stable Up	0	stable_up
SU_976	100	100	0	0	1	0	0	up	1	Highly Stable	Highly Stable Up	0	stable_up
SU_977	100	100	0	0	1	0	0	up	1	Highly Stable	Highly Stable Up	0	stable_up
SU_978	100	100	0	0	1	0	0	up	1	Highly Stable	Highly Stable Up	0	stable_up
SU_979	100	100	0	0	1	0	0	up	1	Highly Stable	Highly Stable Up	0	stable_up
SU_98	100	100	0	0	1	0	0	up	1	Highly Stable	Highly Stable Up	0	stable_up
SU_980	100	100	0	0	1	0	0	up	1	Highly Stable	Highly Stable Up	0	stable_up
SU_981	100	100	0	0	1	0	0	up	1	Highly Stable	Highly Stable Up	0	stable_up
SU_982	100	100	0	0	1	0	0	up	1	Highly Stable	Highly Stable Up	0	stable_up
SU_983	100	100	0	0	1	0	0	up	1	Highly Stable	Highly Stable Up	0	stable_up
SU_984	100	100	0	0	1	0	0	up	1	Highly Stable	Highly Stable Up	0	stable_up
SU_985	100	100	0	0	1	0	0	up	1	Highly Stable	Highly Stable Up	0	stable_up
SU_986	100	100	0	0	1	0	0	up	1	Highly Stable	Highly Stable Up	0	stable_up
SU_987	100	100	0	0	1	0	0	up	1	Highly Stable	Highly Stable Up	0	stable_up
SU_988	100	100	0	0	1	0	0	up	1	Highly Stable	Highly Stable Up	0	stable_up
SU_989	100	100	0	0	1	0	0	up	1	Highly Stable	Highly Stable Up	0	stable_up
SU_99	100	100	0	0	1	0	0	up	1	Highly Stable	Highly Stable Up	0	stable_up
SU_990	100	100	0	0	1	0	0	up	1	Highly Stable	Highly Stable Up	0	stable_up
SU_991	100	100	0	0	1	0	0	up	1	Highly Stable	Highly Stable Up	0	stable_up
SU_992	100	100	0	0	1	0	0	up	1	Highly Stable	Highly Stable Up	0	stable_up
SU_993	100	100	0	0	1	0	0	up	1	Highly Stable	Highly Stable Up	0	stable_up
SU_994	100	100	0	0	1	0	0	up	1	Highly Stable	Highly Stable Up	0	stable_up
SU_995	100	100	0	0	1	0	0	up	1	Highly Stable	Highly Stable Up	0	stable_up
SU_996	100	100	0	0	1	0	0	up	1	Highly Stable	Highly Stable Up	0	stable_up
SU_997	100	100	0	0	1	0	0	up	1	Highly Stable	Highly Stable Up	0	stable_up
SU_998	100	100	0	0	1	0	0	up	1	Highly Stable	Highly Stable Up	0	stable_up
SU_999	100	100	0	0	1	0	0	up	1	Highly Stable	Highly Stable Up	0	stable_up
WT_1	100	58	6	36	0.58	0.06	0.36	up	0.58	Transitional	Transitional Up	0.42000000000000004	weakly_stable
WT_10	100	70	3	27	0.7	0.03	0.27	up	0.7	Transitional	Transitional Up	0.30000000000000004	weakly_stable
WT_100	100	71	2	27	0.71	0.02	0.27	up	0.71	Transitional	Transitional Up	0.29000000000000004	weakly_stable
WT_1000	100	70	1	29	0.7	0.01	0.29	up	0.7	Transitional	Transitional Up	0.30000000000000004	weakly_stable
WT_101	100	67	4	29	0.67	0.04	0.29	up	0.67	Transitional	Transitional Up	0.32999999999999996	weakly_stable
WT_102	100	58	1	41	0.58	0.01	0.41	up	0.58	Transitional	Transitional Up	0.42000000000000004	weakly_stable
WT_103	100	70	2	28	0.7	0.02	0.28	up	0.7	Transitional	Transitional Up	0.30000000000000004	weakly_stable
WT_104	100	68	4	28	0.68	0.04	0.28	up	0.68	Transitional	Transitional Up	0.31999999999999995	weakly_stable
WT_105	100	64	6	30	0.64	0.06	0.3	up	0.64	Transitional	Transitional Up	0.36	weakly_stable
WT_106	100	68	3	29	0.68	0.03	0.29	up	0.68	Transitional	Transitional Up	0.31999999999999995	weakly_stable
WT_107	100	57	2	41	0.57	0.02	0.41	up	0.57	Transitional	Transitional Up	0.43000000000000005	weakly_stable
WT_108	100	66	2	32	0.66	0.02	0.32	up	0.66	Transitional	Transitional Up	0.33999999999999997	weakly_stable
WT_109	100	61	3	36	0.61	0.03	0.36	up	0.61	Transitional	Transitional Up	0.39	weakly_stable
WT_11	100	66	4	30	0.66	0.04	0.3	up	0.66	Transitional	Transitional Up	0.33999999999999997	weakly_stable
WT_110	100	75	2	23	0.75	0.02	0.23	up	0.75	Stable	Stable Up	0.25	weakly_stable
WT_111	100	62	2	36	0.62	0.02	0.36	up	0.62	Transitional	Transitional Up	0.38	weakly_stable
WT_112	100	62	2	36	0.62	0.02	0.36	up	0.62	Transitional	Transitional Up	0.38	weakly_stable
WT_113	100	59	5	36	0.59	0.05	0.36	up	0.59	Transitional	Transitional Up	0.41000000000000003	weakly_stable
WT_114	100	65	2	33	0.65	0.02	0.33	up	0.65	Transitional	Transitional Up	0.35	weakly_stable
WT_115	100	67	3	30	0.67	0.03	0.3	up	0.67	Transitional	Transitional Up	0.32999999999999996	weakly_stable
WT_116	100	54	7	39	0.54	0.07	0.39	up	0.54	Transitional	Transitional Up	0.45999999999999996	weakly_stable
WT_117	100	68	4	28	0.68	0.04	0.28	up	0.68	Transitional	Transitional Up	0.31999999999999995	weakly_stable
WT_118	100	67	2	31	0.67	0.02	0.31	up	0.67	Transitional	Transitional Up	0.32999999999999996	weakly_stable
WT_119	100	54	4	42	0.54	0.04	0.42	up	0.54	Transitional	Transitional Up	0.45999999999999996	weakly_stable
WT_12	100	72	2	26	0.72	0.02	0.26	up	0.72	Transitional	Transitional Up	0.28	weakly_stable
WT_120	100	68	3	29	0.68	0.03	0.29	up	0.68	Transitional	Transitional Up	0.31999999999999995	weakly_stable
WT_121	100	65	5	30	0.65	0.05	0.3	up	0.65	Transitional	Transitional Up	0.35	weakly_stable
WT_122	100	68	1	31	0.68	0.01	0.31	up	0.68	Transitional	Transitional Up	0.31999999999999995	weakly_stable
WT_123	100	70	0	30	0.7	0	0.3	up	0.7	Transitional	Transitional Up	0.30000000000000004	weakly_stable
WT_124	100	66	1	33	0.66	0.01	0.33	up	0.66	Transitional	Transitional Up	0.33999999999999997	weakly_stable
WT_125	100	64	3	33	0.64	0.03	0.33	up	0.64	Transitional	Transitional Up	0.36	weakly_stable
WT_126	100	62	3	35	0.62	0.03	0.35	up	0.62	Transitional	Transitional Up	0.38	weakly_stable
WT_127	100	68	5	27	0.68	0.05	0.27	up	0.68	Transitional	Transitional Up	0.31999999999999995	weakly_stable
WT_128	100	59	4	37	0.59	0.04	0.37	up	0.59	Transitional	Transitional Up	0.41000000000000003	weakly_stable
WT_129	100	58	8	34	0.58	0.08	0.34	up	0.58	Transitional	Transitional Up	0.42000000000000004	weakly_stable
WT_13	100	70	1	29	0.7	0.01	0.29	up	0.7	Transitional	Transitional Up	0.30000000000000004	weakly_stable
WT_130	100	70	3	27	0.7	0.03	0.27	up	0.7	Transitional	Transitional Up	0.30000000000000004	weakly_stable
WT_131	100	57	4	39	0.57	0.04	0.39	up	0.57	Transitional	Transitional Up	0.43000000000000005	weakly_stable
WT_132	100	67	3	30	0.67	0.03	0.3	up	0.67	Transitional	Transitional Up	0.32999999999999996	weakly_stable
WT_133	100	72	3	25	0.72	0.03	0.25	up	0.72	Transitional	Transitional Up	0.28	weakly_stable
WT_134	100	66	2	32	0.66	0.02	0.32	up	0.66	Transitional	Transitional Up	0.33999999999999997	weakly_stable
WT_135	100	66	1	33	0.66	0.01	0.33	up	0.66	Transitional	Transitional Up	0.33999999999999997	weakly_stable
WT_136	100	60	7	33	0.6	0.07	0.33	up	0.6	Transitional	Transitional Up	0.4	weakly_stable
WT_137	100	68	4	28	0.68	0.04	0.28	up	0.68	Transitional	Transitional Up	0.31999999999999995	weakly_stable
WT_138	100	72	4	24	0.72	0.04	0.24	up	0.72	Transitional	Transitional Up	0.28	weakly_stable
WT_139	100	65	6	29	0.65	0.06	0.29	up	0.65	Transitional	Transitional Up	0.35	weakly_stable
WT_14	100	74	2	24	0.74	0.02	0.24	up	0.74	Transitional	Transitional Up	0.26	weakly_stable
WT_140	100	62	2	36	0.62	0.02	0.36	up	0.62	Transitional	Transitional Up	0.38	weakly_stable
WT_141	100	68	3	29	0.68	0.03	0.29	up	0.68	Transitional	Transitional Up	0.31999999999999995	weakly_stable
WT_142	100	58	2	40	0.58	0.02	0.4	up	0.58	Transitional	Transitional Up	0.42000000000000004	weakly_stable
WT_143	100	64	5	31	0.64	0.05	0.31	up	0.64	Transitional	Transitional Up	0.36	weakly_stable
WT_144	100	69	2	29	0.69	0.02	0.29	up	0.69	Transitional	Transitional Up	0.31000000000000005	weakly_stable
WT_145	100	65	3	32	0.65	0.03	0.32	up	0.65	Transitional	Transitional Up	0.35	weakly_stable
WT_146	100	75	3	22	0.75	0.03	0.22	up	0.75	Stable	Stable Up	0.25	weakly_stable
WT_147	100	59	3	38	0.59	0.03	0.38	up	0.59	Transitional	Transitional Up	0.41000000000000003	weakly_stable
WT_148	100	67	2	31	0.67	0.02	0.31	up	0.67	Transitional	Transitional Up	0.32999999999999996	weakly_stable
WT_149	100	69	3	28	0.69	0.03	0.28	up	0.69	Transitional	Transitional Up	0.31000000000000005	weakly_stable
WT_15	100	70	1	29	0.7	0.01	0.29	up	0.7	Transitional	Transitional Up	0.30000000000000004	weakly_stable
WT_150	100	63	2	35	0.63	0.02	0.35	up	0.63	Transitional	Transitional Up	0.37	weakly_stable
WT_151	100	63	3	34	0.63	0.03	0.34	up	0.63	Transitional	Transitional Up	0.37	weakly_stable
WT_152	100	65	5	30	0.65	0.05	0.3	up	0.65	Transitional	Transitional Up	0.35	weakly_stable
WT_153	100	68	3	29	0.68	0.03	0.29	up	0.68	Transitional	Transitional Up	0.31999999999999995	weakly_stable
WT_154	100	62	3	35	0.62	0.03	0.35	up	0.62	Transitional	Transitional Up	0.38	weakly_stable
WT_155	100	65	3	32	0.65	0.03	0.32	up	0.65	Transitional	Transitional Up	0.35	weakly_stable
WT_156	100	67	5	28	0.67	0.05	0.28	up	0.67	Transitional	Transitional Up	0.32999999999999996	weakly_stable
WT_157	100	60	1	39	0.6	0.01	0.39	up	0.6	Transitional	Transitional Up	0.4	weakly_stable
WT_158	100	67	5	28	0.67	0.05	0.28	up	0.67	Transitional	Transitional Up	0.32999999999999996	weakly_stable
WT_159	100	66	5	29	0.66	0.05	0.29	up	0.66	Transitional	Transitional Up	0.33999999999999997	weakly_stable
WT_16	100	70	1	29	0.7	0.01	0.29	up	0.7	Transitional	Transitional Up	0.30000000000000004	weakly_stable
WT_160	100	60	7	33	0.6	0.07	0.33	up	0.6	Transitional	Transitional Up	0.4	weakly_stable
WT_161	100	66	5	29	0.66	0.05	0.29	up	0.66	Transitional	Transitional Up	0.33999999999999997	weakly_stable
WT_162	100	72	1	27	0.72	0.01	0.27	up	0.72	Transitional	Transitional Up	0.28	weakly_stable
WT_163	100	63	2	35	0.63	0.02	0.35	up	0.63	Transitional	Transitional Up	0.37	weakly_stable
WT_164	100	63	5	32	0.63	0.05	0.32	up	0.63	Transitional	Transitional Up	0.37	weakly_stable
WT_165	100	66	4	30	0.66	0.04	0.3	up	0.66	Transitional	Transitional Up	0.33999999999999997	weakly_stable
WT_166	100	71	4	25	0.71	0.04	0.25	up	0.71	Transitional	Transitional Up	0.29000000000000004	weakly_stable
WT_167	100	71	1	28	0.71	0.01	0.28	up	0.71	Transitional	Transitional Up	0.29000000000000004	weakly_stable
WT_168	100	70	1	29	0.7	0.01	0.29	up	0.7	Transitional	Transitional Up	0.30000000000000004	weakly_stable
WT_169	100	58	4	38	0.58	0.04	0.38	up	0.58	Transitional	Transitional Up	0.42000000000000004	weakly_stable
WT_17	100	67	3	30	0.67	0.03	0.3	up	0.67	Transitional	Transitional Up	0.32999999999999996	weakly_stable
WT_170	100	66	2	32	0.66	0.02	0.32	up	0.66	Transitional	Transitional Up	0.33999999999999997	weakly_stable
WT_171	100	60	6	34	0.6	0.06	0.34	up	0.6	Transitional	Transitional Up	0.4	weakly_stable
WT_172	100	54	4	42	0.54	0.04	0.42	up	0.54	Transitional	Transitional Up	0.45999999999999996	weakly_stable
WT_173	100	60	5	35	0.6	0.05	0.35	up	0.6	Transitional	Transitional Up	0.4	weakly_stable
WT_174	100	66	4	30	0.66	0.04	0.3	up	0.66	Transitional	Transitional Up	0.33999999999999997	weakly_stable
WT_175	100	72	2	26	0.72	0.02	0.26	up	0.72	Transitional	Transitional Up	0.28	weakly_stable
WT_176	100	70	3	27	0.7	0.03	0.27	up	0.7	Transitional	Transitional Up	0.30000000000000004	weakly_stable
WT_177	100	69	3	28	0.69	0.03	0.28	up	0.69	Transitional	Transitional Up	0.31000000000000005	weakly_stable
WT_178	100	73	2	25	0.73	0.02	0.25	up	0.73	Transitional	Transitional Up	0.27	weakly_stable
WT_179	100	70	2	28	0.7	0.02	0.28	up	0.7	Transitional	Transitional Up	0.30000000000000004	weakly_stable
WT_18	100	68	1	31	0.68	0.01	0.31	up	0.68	Transitional	Transitional Up	0.31999999999999995	weakly_stable
WT_180	100	68	3	29	0.68	0.03	0.29	up	0.68	Transitional	Transitional Up	0.31999999999999995	weakly_stable
WT_181	100	68	3	29	0.68	0.03	0.29	up	0.68	Transitional	Transitional Up	0.31999999999999995	weakly_stable
WT_182	100	63	0	37	0.63	0	0.37	up	0.63	Transitional	Transitional Up	0.37	weakly_stable
WT_183	100	71	3	26	0.71	0.03	0.26	up	0.71	Transitional	Transitional Up	0.29000000000000004	weakly_stable
WT_184	100	61	3	36	0.61	0.03	0.36	up	0.61	Transitional	Transitional Up	0.39	weakly_stable
WT_185	100	64	0	36	0.64	0	0.36	up	0.64	Transitional	Transitional Up	0.36	weakly_stable
WT_186	100	63	4	33	0.63	0.04	0.33	up	0.63	Transitional	Transitional Up	0.37	weakly_stable
WT_187	100	67	8	25	0.67	0.08	0.25	up	0.67	Transitional	Transitional Up	0.32999999999999996	weakly_stable
WT_188	100	63	7	30	0.63	0.07	0.3	up	0.63	Transitional	Transitional Up	0.37	weakly_stable
WT_189	100	69	2	29	0.69	0.02	0.29	up	0.69	Transitional	Transitional Up	0.31000000000000005	weakly_stable
WT_19	100	76	5	19	0.76	0.05	0.19	up	0.76	Stable	Stable Up	0.24	weakly_stable
WT_190	100	71	1	28	0.71	0.01	0.28	up	0.71	Transitional	Transitional Up	0.29000000000000004	weakly_stable
WT_191	100	64	2	34	0.64	0.02	0.34	up	0.64	Transitional	Transitional Up	0.36	weakly_stable
WT_192	100	63	2	35	0.63	0.02	0.35	up	0.63	Transitional	Transitional Up	0.37	weakly_stable
WT_193	100	69	4	27	0.69	0.04	0.27	up	0.69	Transitional	Transitional Up	0.31000000000000005	weakly_stable
WT_194	100	64	4	32	0.64	0.04	0.32	up	0.64	Transitional	Transitional Up	0.36	weakly_stable
WT_195	100	64	5	31	0.64	0.05	0.31	up	0.64	Transitional	Transitional Up	0.36	weakly_stable
WT_196	100	69	3	28	0.69	0.03	0.28	up	0.69	Transitional	Transitional Up	0.31000000000000005	weakly_stable
WT_197	100	72	1	27	0.72	0.01	0.27	up	0.72	Transitional	Transitional Up	0.28	weakly_stable
WT_198	100	67	0	33	0.67	0	0.33	up	0.67	Transitional	Transitional Up	0.32999999999999996	weakly_stable
WT_199	100	65	7	28	0.65	0.07	0.28	up	0.65	Transitional	Transitional Up	0.35	weakly_stable
WT_2	100	70	4	26	0.7	0.04	0.26	up	0.7	Transitional	Transitional Up	0.30000000000000004	weakly_stable
WT_20	100	59	1	40	0.59	0.01	0.4	up	0.59	Transitional	Transitional Up	0.41000000000000003	weakly_stable
WT_200	100	66	2	32	0.66	0.02	0.32	up	0.66	Transitional	Transitional Up	0.33999999999999997	weakly_stable
WT_201	100	57	3	40	0.57	0.03	0.4	up	0.57	Transitional	Transitional Up	0.43000000000000005	weakly_stable
WT_202	100	60	3	37	0.6	0.03	0.37	up	0.6	Transitional	Transitional Up	0.4	weakly_stable
WT_203	100	61	3	36	0.61	0.03	0.36	up	0.61	Transitional	Transitional Up	0.39	weakly_stable
WT_204	100	66	2	32	0.66	0.02	0.32	up	0.66	Transitional	Transitional Up	0.33999999999999997	weakly_stable
WT_205	100	64	2	34	0.64	0.02	0.34	up	0.64	Transitional	Transitional Up	0.36	weakly_stable
WT_206	100	70	3	27	0.7	0.03	0.27	up	0.7	Transitional	Transitional Up	0.30000000000000004	weakly_stable
WT_207	100	65	5	30	0.65	0.05	0.3	up	0.65	Transitional	Transitional Up	0.35	weakly_stable
WT_208	100	68	6	26	0.68	0.06	0.26	up	0.68	Transitional	Transitional Up	0.31999999999999995	weakly_stable
WT_209	100	68	3	29	0.68	0.03	0.29	up	0.68	Transitional	Transitional Up	0.31999999999999995	weakly_stable
WT_21	100	72	4	24	0.72	0.04	0.24	up	0.72	Transitional	Transitional Up	0.28	weakly_stable
WT_210	100	74	2	24	0.74	0.02	0.24	up	0.74	Transitional	Transitional Up	0.26	weakly_stable
WT_211	100	71	1	28	0.71	0.01	0.28	up	0.71	Transitional	Transitional Up	0.29000000000000004	weakly_stable
WT_212	100	60	6	34	0.6	0.06	0.34	up	0.6	Transitional	Transitional Up	0.4	weakly_stable
WT_213	100	67	3	30	0.67	0.03	0.3	up	0.67	Transitional	Transitional Up	0.32999999999999996	weakly_stable
WT_214	100	73	2	25	0.73	0.02	0.25	up	0.73	Transitional	Transitional Up	0.27	weakly_stable
WT_215	100	68	1	31	0.68	0.01	0.31	up	0.68	Transitional	Transitional Up	0.31999999999999995	weakly_stable
WT_216	100	74	1	25	0.74	0.01	0.25	up	0.74	Transitional	Transitional Up	0.26	weakly_stable
WT_217	100	65	3	32	0.65	0.03	0.32	up	0.65	Transitional	Transitional Up	0.35	weakly_stable
WT_218	100	63	4	33	0.63	0.04	0.33	up	0.63	Transitional	Transitional Up	0.37	weakly_stable
WT_219	100	58	1	41	0.58	0.01	0.41	up	0.58	Transitional	Transitional Up	0.42000000000000004	weakly_stable
WT_22	100	62	6	32	0.62	0.06	0.32	up	0.62	Transitional	Transitional Up	0.38	weakly_stable
WT_220	100	66	1	33	0.66	0.01	0.33	up	0.66	Transitional	Transitional Up	0.33999999999999997	weakly_stable
WT_221	100	73	4	23	0.73	0.04	0.23	up	0.73	Transitional	Transitional Up	0.27	weakly_stable
WT_222	100	67	3	30	0.67	0.03	0.3	up	0.67	Transitional	Transitional Up	0.32999999999999996	weakly_stable
WT_223	100	61	1	38	0.61	0.01	0.38	up	0.61	Transitional	Transitional Up	0.39	weakly_stable
WT_224	100	65	5	30	0.65	0.05	0.3	up	0.65	Transitional	Transitional Up	0.35	weakly_stable
WT_225	100	72	2	26	0.72	0.02	0.26	up	0.72	Transitional	Transitional Up	0.28	weakly_stable
WT_226	100	69	0	31	0.69	0	0.31	up	0.69	Transitional	Transitional Up	0.31000000000000005	weakly_stable
WT_227	100	62	3	35	0.62	0.03	0.35	up	0.62	Transitional	Transitional Up	0.38	weakly_stable
WT_228	100	71	2	27	0.71	0.02	0.27	up	0.71	Transitional	Transitional Up	0.29000000000000004	weakly_stable
WT_229	100	67	3	30	0.67	0.03	0.3	up	0.67	Transitional	Transitional Up	0.32999999999999996	weakly_stable
WT_23	100	68	3	29	0.68	0.03	0.29	up	0.68	Transitional	Transitional Up	0.31999999999999995	weakly_stable
WT_230	100	68	4	28	0.68	0.04	0.28	up	0.68	Transitional	Transitional Up	0.31999999999999995	weakly_stable
WT_231	100	63	1	36	0.63	0.01	0.36	up	0.63	Transitional	Transitional Up	0.37	weakly_stable
WT_232	100	71	1	28	0.71	0.01	0.28	up	0.71	Transitional	Transitional Up	0.29000000000000004	weakly_stable
WT_233	100	69	5	26	0.69	0.05	0.26	up	0.69	Transitional	Transitional Up	0.31000000000000005	weakly_stable
WT_234	100	64	4	32	0.64	0.04	0.32	up	0.64	Transitional	Transitional Up	0.36	weakly_stable
WT_235	100	63	1	36	0.63	0.01	0.36	up	0.63	Transitional	Transitional Up	0.37	weakly_stable
WT_236	100	71	2	27	0.71	0.02	0.27	up	0.71	Transitional	Transitional Up	0.29000000000000004	weakly_stable
WT_237	100	61	2	37	0.61	0.02	0.37	up	0.61	Transitional	Transitional Up	0.39	weakly_stable
WT_238	100	68	7	25	0.68	0.07	0.25	up	0.68	Transitional	Transitional Up	0.31999999999999995	weakly_stable
WT_239	100	64	5	31	0.64	0.05	0.31	up	0.64	Transitional	Transitional Up	0.36	weakly_stable
WT_24	100	66	7	27	0.66	0.07	0.27	up	0.66	Transitional	Transitional Up	0.33999999999999997	weakly_stable
WT_240	100	73	2	25	0.73	0.02	0.25	up	0.73	Transitional	Transitional Up	0.27	weakly_stable
WT_241	100	63	6	31	0.63	0.06	0.31	up	0.63	Transitional	Transitional Up	0.37	weakly_stable
WT_242	100	64	3	33	0.64	0.03	0.33	up	0.64	Transitional	Transitional Up	0.36	weakly_stable
WT_243	100	74	2	24	0.74	0.02	0.24	up	0.74	Transitional	Transitional Up	0.26	weakly_stable
WT_244	100	65	3	32	0.65	0.03	0.32	up	0.65	Transitional	Transitional Up	0.35	weakly_stable
WT_245	100	63	6	31	0.63	0.06	0.31	up	0.63	Transitional	Transitional Up	0.37	weakly_stable
WT_246	100	64	1	35	0.64	0.01	0.35	up	0.64	Transitional	Transitional Up	0.36	weakly_stable
WT_247	100	70	2	28	0.7	0.02	0.28	up	0.7	Transitional	Transitional Up	0.30000000000000004	weakly_stable
WT_248	100	65	4	31	0.65	0.04	0.31	up	0.65	Transitional	Transitional Up	0.35	weakly_stable
WT_249	100	63	4	33	0.63	0.04	0.33	up	0.63	Transitional	Transitional Up	0.37	weakly_stable
WT_25	100	66	2	32	0.66	0.02	0.32	up	0.66	Transitional	Transitional Up	0.33999999999999997	weakly_stable
WT_250	100	61	4	35	0.61	0.04	0.35	up	0.61	Transitional	Transitional Up	0.39	weakly_stable
WT_251	100	73	2	25	0.73	0.02	0.25	up	0.73	Transitional	Transitional Up	0.27	weakly_stable
WT_252	100	75	5	20	0.75	0.05	0.2	up	0.75	Stable	Stable Up	0.25	weakly_stable
WT_253	100	65	3	32	0.65	0.03	0.32	up	0.65	Transitional	Transitional Up	0.35	weakly_stable
WT_254	100	70	4	26	0.7	0.04	0.26	up	0.7	Transitional	Transitional Up	0.30000000000000004	weakly_stable
WT_255	100	64	4	32	0.64	0.04	0.32	up	0.64	Transitional	Transitional Up	0.36	weakly_stable
WT_256	100	64	6	30	0.64	0.06	0.3	up	0.64	Transitional	Transitional Up	0.36	weakly_stable
WT_257	100	68	6	26	0.68	0.06	0.26	up	0.68	Transitional	Transitional Up	0.31999999999999995	weakly_stable
WT_258	100	66	1	33	0.66	0.01	0.33	up	0.66	Transitional	Transitional Up	0.33999999999999997	weakly_stable
WT_259	100	66	2	32	0.66	0.02	0.32	up	0.66	Transitional	Transitional Up	0.33999999999999997	weakly_stable
WT_26	100	69	3	28	0.69	0.03	0.28	up	0.69	Transitional	Transitional Up	0.31000000000000005	weakly_stable
WT_260	100	60	2	38	0.6	0.02	0.38	up	0.6	Transitional	Transitional Up	0.4	weakly_stable
WT_261	100	68	2	30	0.68	0.02	0.3	up	0.68	Transitional	Transitional Up	0.31999999999999995	weakly_stable
WT_262	100	64	4	32	0.64	0.04	0.32	up	0.64	Transitional	Transitional Up	0.36	weakly_stable
WT_263	100	66	4	30	0.66	0.04	0.3	up	0.66	Transitional	Transitional Up	0.33999999999999997	weakly_stable
WT_264	100	71	2	27	0.71	0.02	0.27	up	0.71	Transitional	Transitional Up	0.29000000000000004	weakly_stable
WT_265	100	65	2	33	0.65	0.02	0.33	up	0.65	Transitional	Transitional Up	0.35	weakly_stable
WT_266	100	73	3	24	0.73	0.03	0.24	up	0.73	Transitional	Transitional Up	0.27	weakly_stable
WT_267	100	63	2	35	0.63	0.02	0.35	up	0.63	Transitional	Transitional Up	0.37	weakly_stable
WT_268	100	59	4	37	0.59	0.04	0.37	up	0.59	Transitional	Transitional Up	0.41000000000000003	weakly_stable
WT_269	100	70	5	25	0.7	0.05	0.25	up	0.7	Transitional	Transitional Up	0.30000000000000004	weakly_stable
WT_27	100	69	4	27	0.69	0.04	0.27	up	0.69	Transitional	Transitional Up	0.31000000000000005	weakly_stable
WT_270	100	58	4	38	0.58	0.04	0.38	up	0.58	Transitional	Transitional Up	0.42000000000000004	weakly_stable
WT_271	100	66	1	33	0.66	0.01	0.33	up	0.66	Transitional	Transitional Up	0.33999999999999997	weakly_stable
WT_272	100	62	7	31	0.62	0.07	0.31	up	0.62	Transitional	Transitional Up	0.38	weakly_stable
WT_273	100	67	7	26	0.67	0.07	0.26	up	0.67	Transitional	Transitional Up	0.32999999999999996	weakly_stable
WT_274	100	65	2	33	0.65	0.02	0.33	up	0.65	Transitional	Transitional Up	0.35	weakly_stable
WT_275	100	65	2	33	0.65	0.02	0.33	up	0.65	Transitional	Transitional Up	0.35	weakly_stable
WT_276	100	63	2	35	0.63	0.02	0.35	up	0.63	Transitional	Transitional Up	0.37	weakly_stable
WT_277	100	69	0	31	0.69	0	0.31	up	0.69	Transitional	Transitional Up	0.31000000000000005	weakly_stable
WT_278	100	67	3	30	0.67	0.03	0.3	up	0.67	Transitional	Transitional Up	0.32999999999999996	weakly_stable
WT_279	100	73	2	25	0.73	0.02	0.25	up	0.73	Transitional	Transitional Up	0.27	weakly_stable
WT_28	100	61	3	36	0.61	0.03	0.36	up	0.61	Transitional	Transitional Up	0.39	weakly_stable
WT_280	100	69	3	28	0.69	0.03	0.28	up	0.69	Transitional	Transitional Up	0.31000000000000005	weakly_stable
WT_281	100	62	2	36	0.62	0.02	0.36	up	0.62	Transitional	Transitional Up	0.38	weakly_stable
WT_282	100	67	3	30	0.67	0.03	0.3	up	0.67	Transitional	Transitional Up	0.32999999999999996	weakly_stable
WT_283	100	62	3	35	0.62	0.03	0.35	up	0.62	Transitional	Transitional Up	0.38	weakly_stable
WT_284	100	66	2	32	0.66	0.02	0.32	up	0.66	Transitional	Transitional Up	0.33999999999999997	weakly_stable
WT_285	100	73	2	25	0.73	0.02	0.25	up	0.73	Transitional	Transitional Up	0.27	weakly_stable
WT_286	100	69	1	30	0.69	0.01	0.3	up	0.69	Transitional	Transitional Up	0.31000000000000005	weakly_stable
WT_287	100	65	4	31	0.65	0.04	0.31	up	0.65	Transitional	Transitional Up	0.35	weakly_stable
WT_288	100	67	7	26	0.67	0.07	0.26	up	0.67	Transitional	Transitional Up	0.32999999999999996	weakly_stable
WT_289	100	70	4	26	0.7	0.04	0.26	up	0.7	Transitional	Transitional Up	0.30000000000000004	weakly_stable
WT_29	100	65	4	31	0.65	0.04	0.31	up	0.65	Transitional	Transitional Up	0.35	weakly_stable
WT_290	100	64	2	34	0.64	0.02	0.34	up	0.64	Transitional	Transitional Up	0.36	weakly_stable
WT_291	100	72	2	26	0.72	0.02	0.26	up	0.72	Transitional	Transitional Up	0.28	weakly_stable
WT_292	100	71	3	26	0.71	0.03	0.26	up	0.71	Transitional	Transitional Up	0.29000000000000004	weakly_stable
WT_293	100	58	6	36	0.58	0.06	0.36	up	0.58	Transitional	Transitional Up	0.42000000000000004	weakly_stable
WT_294	100	64	4	32	0.64	0.04	0.32	up	0.64	Transitional	Transitional Up	0.36	weakly_stable
WT_295	100	66	5	29	0.66	0.05	0.29	up	0.66	Transitional	Transitional Up	0.33999999999999997	weakly_stable
WT_296	100	72	1	27	0.72	0.01	0.27	up	0.72	Transitional	Transitional Up	0.28	weakly_stable
WT_297	100	68	1	31	0.68	0.01	0.31	up	0.68	Transitional	Transitional Up	0.31999999999999995	weakly_stable
WT_298	100	65	3	32	0.65	0.03	0.32	up	0.65	Transitional	Transitional Up	0.35	weakly_stable
WT_299	100	64	4	32	0.64	0.04	0.32	up	0.64	Transitional	Transitional Up	0.36	weakly_stable
WT_3	100	63	9	28	0.63	0.09	0.28	up	0.63	Transitional	Transitional Up	0.37	weakly_stable
WT_30	100	63	6	31	0.63	0.06	0.31	up	0.63	Transitional	Transitional Up	0.37	weakly_stable
WT_300	100	70	6	24	0.7	0.06	0.24	up	0.7	Transitional	Transitional Up	0.30000000000000004	weakly_stable
WT_301	100	64	3	33	0.64	0.03	0.33	up	0.64	Transitional	Transitional Up	0.36	weakly_stable
WT_302	100	61	4	35	0.61	0.04	0.35	up	0.61	Transitional	Transitional Up	0.39	weakly_stable
WT_303	100	63	1	36	0.63	0.01	0.36	up	0.63	Transitional	Transitional Up	0.37	weakly_stable
WT_304	100	70	5	25	0.7	0.05	0.25	up	0.7	Transitional	Transitional Up	0.30000000000000004	weakly_stable
WT_305	100	64	6	30	0.64	0.06	0.3	up	0.64	Transitional	Transitional Up	0.36	weakly_stable
WT_306	100	69	1	30	0.69	0.01	0.3	up	0.69	Transitional	Transitional Up	0.31000000000000005	weakly_stable
WT_307	100	74	6	20	0.74	0.06	0.2	up	0.74	Transitional	Transitional Up	0.26	weakly_stable
WT_308	100	69	3	28	0.69	0.03	0.28	up	0.69	Transitional	Transitional Up	0.31000000000000005	weakly_stable
WT_309	100	66	9	25	0.66	0.09	0.25	up	0.66	Transitional	Transitional Up	0.33999999999999997	weakly_stable
WT_31	100	73	3	24	0.73	0.03	0.24	up	0.73	Transitional	Transitional Up	0.27	weakly_stable
WT_310	100	61	1	38	0.61	0.01	0.38	up	0.61	Transitional	Transitional Up	0.39	weakly_stable
WT_311	100	69	6	25	0.69	0.06	0.25	up	0.69	Transitional	Transitional Up	0.31000000000000005	weakly_stable
WT_312	100	65	5	30	0.65	0.05	0.3	up	0.65	Transitional	Transitional Up	0.35	weakly_stable
WT_313	100	72	4	24	0.72	0.04	0.24	up	0.72	Transitional	Transitional Up	0.28	weakly_stable
WT_314	100	57	3	40	0.57	0.03	0.4	up	0.57	Transitional	Transitional Up	0.43000000000000005	weakly_stable
WT_315	100	61	1	38	0.61	0.01	0.38	up	0.61	Transitional	Transitional Up	0.39	weakly_stable
WT_316	100	70	5	25	0.7	0.05	0.25	up	0.7	Transitional	Transitional Up	0.30000000000000004	weakly_stable
WT_317	100	62	3	35	0.62	0.03	0.35	up	0.62	Transitional	Transitional Up	0.38	weakly_stable
WT_318	100	61	1	38	0.61	0.01	0.38	up	0.61	Transitional	Transitional Up	0.39	weakly_stable
WT_319	100	65	0	35	0.65	0	0.35	up	0.65	Transitional	Transitional Up	0.35	weakly_stable
WT_32	100	64	3	33	0.64	0.03	0.33	up	0.64	Transitional	Transitional Up	0.36	weakly_stable
WT_320	100	68	3	29	0.68	0.03	0.29	up	0.68	Transitional	Transitional Up	0.31999999999999995	weakly_stable
WT_321	100	72	2	26	0.72	0.02	0.26	up	0.72	Transitional	Transitional Up	0.28	weakly_stable
WT_322	100	65	5	30	0.65	0.05	0.3	up	0.65	Transitional	Transitional Up	0.35	weakly_stable
WT_323	100	64	7	29	0.64	0.07	0.29	up	0.64	Transitional	Transitional Up	0.36	weakly_stable
WT_324	100	71	3	26	0.71	0.03	0.26	up	0.71	Transitional	Transitional Up	0.29000000000000004	weakly_stable
WT_325	100	72	4	24	0.72	0.04	0.24	up	0.72	Transitional	Transitional Up	0.28	weakly_stable
WT_326	100	65	4	31	0.65	0.04	0.31	up	0.65	Transitional	Transitional Up	0.35	weakly_stable
WT_327	100	57	3	40	0.57	0.03	0.4	up	0.57	Transitional	Transitional Up	0.43000000000000005	weakly_stable
WT_328	100	76	2	22	0.76	0.02	0.22	up	0.76	Stable	Stable Up	0.24	weakly_stable
WT_329	100	71	3	26	0.71	0.03	0.26	up	0.71	Transitional	Transitional Up	0.29000000000000004	weakly_stable
WT_33	100	67	2	31	0.67	0.02	0.31	up	0.67	Transitional	Transitional Up	0.32999999999999996	weakly_stable
WT_330	100	71	1	28	0.71	0.01	0.28	up	0.71	Transitional	Transitional Up	0.29000000000000004	weakly_stable
WT_331	100	67	5	28	0.67	0.05	0.28	up	0.67	Transitional	Transitional Up	0.32999999999999996	weakly_stable
WT_332	100	72	5	23	0.72	0.05	0.23	up	0.72	Transitional	Transitional Up	0.28	weakly_stable
WT_333	100	56	4	40	0.56	0.04	0.4	up	0.56	Transitional	Transitional Up	0.43999999999999995	weakly_stable
WT_334	100	63	3	34	0.63	0.03	0.34	up	0.63	Transitional	Transitional Up	0.37	weakly_stable
WT_335	100	72	5	23	0.72	0.05	0.23	up	0.72	Transitional	Transitional Up	0.28	weakly_stable
WT_336	100	69	1	30	0.69	0.01	0.3	up	0.69	Transitional	Transitional Up	0.31000000000000005	weakly_stable
WT_337	100	66	3	31	0.66	0.03	0.31	up	0.66	Transitional	Transitional Up	0.33999999999999997	weakly_stable
WT_338	100	67	3	30	0.67	0.03	0.3	up	0.67	Transitional	Transitional Up	0.32999999999999996	weakly_stable
WT_339	100	73	3	24	0.73	0.03	0.24	up	0.73	Transitional	Transitional Up	0.27	weakly_stable
WT_34	100	58	3	39	0.58	0.03	0.39	up	0.58	Transitional	Transitional Up	0.42000000000000004	weakly_stable
WT_340	100	68	1	31	0.68	0.01	0.31	up	0.68	Transitional	Transitional Up	0.31999999999999995	weakly_stable
WT_341	100	71	4	25	0.71	0.04	0.25	up	0.71	Transitional	Transitional Up	0.29000000000000004	weakly_stable
WT_342	100	66	2	32	0.66	0.02	0.32	up	0.66	Transitional	Transitional Up	0.33999999999999997	weakly_stable
WT_343	100	65	2	33	0.65	0.02	0.33	up	0.65	Transitional	Transitional Up	0.35	weakly_stable
WT_344	100	63	3	34	0.63	0.03	0.34	up	0.63	Transitional	Transitional Up	0.37	weakly_stable
WT_345	100	67	4	29	0.67	0.04	0.29	up	0.67	Transitional	Transitional Up	0.32999999999999996	weakly_stable
WT_346	100	68	3	29	0.68	0.03	0.29	up	0.68	Transitional	Transitional Up	0.31999999999999995	weakly_stable
WT_347	100	74	0	26	0.74	0	0.26	up	0.74	Transitional	Transitional Up	0.26	weakly_stable
WT_348	100	64	4	32	0.64	0.04	0.32	up	0.64	Transitional	Transitional Up	0.36	weakly_stable
WT_349	100	66	4	30	0.66	0.04	0.3	up	0.66	Transitional	Transitional Up	0.33999999999999997	weakly_stable
WT_35	100	57	4	39	0.57	0.04	0.39	up	0.57	Transitional	Transitional Up	0.43000000000000005	weakly_stable
WT_350	100	67	6	27	0.67	0.06	0.27	up	0.67	Transitional	Transitional Up	0.32999999999999996	weakly_stable
WT_351	100	73	3	24	0.73	0.03	0.24	up	0.73	Transitional	Transitional Up	0.27	weakly_stable
WT_352	100	63	3	34	0.63	0.03	0.34	up	0.63	Transitional	Transitional Up	0.37	weakly_stable
WT_353	100	63	6	31	0.63	0.06	0.31	up	0.63	Transitional	Transitional Up	0.37	weakly_stable
WT_354	100	66	4	30	0.66	0.04	0.3	up	0.66	Transitional	Transitional Up	0.33999999999999997	weakly_stable
WT_355	100	66	1	33	0.66	0.01	0.33	up	0.66	Transitional	Transitional Up	0.33999999999999997	weakly_stable
WT_356	100	67	4	29	0.67	0.04	0.29	up	0.67	Transitional	Transitional Up	0.32999999999999996	weakly_stable
WT_357	100	63	4	33	0.63	0.04	0.33	up	0.63	Transitional	Transitional Up	0.37	weakly_stable
WT_358	100	67	5	28	0.67	0.05	0.28	up	0.67	Transitional	Transitional Up	0.32999999999999996	weakly_stable
WT_359	100	66	3	31	0.66	0.03	0.31	up	0.66	Transitional	Transitional Up	0.33999999999999997	weakly_stable
WT_36	100	64	3	33	0.64	0.03	0.33	up	0.64	Transitional	Transitional Up	0.36	weakly_stable
WT_360	100	61	2	37	0.61	0.02	0.37	up	0.61	Transitional	Transitional Up	0.39	weakly_stable
WT_361	100	61	1	38	0.61	0.01	0.38	up	0.61	Transitional	Transitional Up	0.39	weakly_stable
WT_362	100	66	5	29	0.66	0.05	0.29	up	0.66	Transitional	Transitional Up	0.33999999999999997	weakly_stable
WT_363	100	77	1	22	0.77	0.01	0.22	up	0.77	Stable	Stable Up	0.22999999999999998	weakly_stable
WT_364	100	73	4	23	0.73	0.04	0.23	up	0.73	Transitional	Transitional Up	0.27	weakly_stable
WT_365	100	66	3	31	0.66	0.03	0.31	up	0.66	Transitional	Transitional Up	0.33999999999999997	weakly_stable
WT_366	100	68	3	29	0.68	0.03	0.29	up	0.68	Transitional	Transitional Up	0.31999999999999995	weakly_stable
WT_367	100	67	1	32	0.67	0.01	0.32	up	0.67	Transitional	Transitional Up	0.32999999999999996	weakly_stable
WT_368	100	70	2	28	0.7	0.02	0.28	up	0.7	Transitional	Transitional Up	0.30000000000000004	weakly_stable
WT_369	100	63	4	33	0.63	0.04	0.33	up	0.63	Transitional	Transitional Up	0.37	weakly_stable
WT_37	100	67	2	31	0.67	0.02	0.31	up	0.67	Transitional	Transitional Up	0.32999999999999996	weakly_stable
WT_370	100	56	4	40	0.56	0.04	0.4	up	0.56	Transitional	Transitional Up	0.43999999999999995	weakly_stable
WT_371	100	70	3	27	0.7	0.03	0.27	up	0.7	Transitional	Transitional Up	0.30000000000000004	weakly_stable
WT_372	100	63	3	34	0.63	0.03	0.34	up	0.63	Transitional	Transitional Up	0.37	weakly_stable
WT_373	100	56	4	40	0.56	0.04	0.4	up	0.56	Transitional	Transitional Up	0.43999999999999995	weakly_stable
WT_374	100	62	7	31	0.62	0.07	0.31	up	0.62	Transitional	Transitional Up	0.38	weakly_stable
WT_375	100	66	8	26	0.66	0.08	0.26	up	0.66	Transitional	Transitional Up	0.33999999999999997	weakly_stable
WT_376	100	66	2	32	0.66	0.02	0.32	up	0.66	Transitional	Transitional Up	0.33999999999999997	weakly_stable
WT_377	100	67	5	28	0.67	0.05	0.28	up	0.67	Transitional	Transitional Up	0.32999999999999996	weakly_stable
WT_378	100	68	2	30	0.68	0.02	0.3	up	0.68	Transitional	Transitional Up	0.31999999999999995	weakly_stable
WT_379	100	58	5	37	0.58	0.05	0.37	up	0.58	Transitional	Transitional Up	0.42000000000000004	weakly_stable
WT_38	100	62	1	37	0.62	0.01	0.37	up	0.62	Transitional	Transitional Up	0.38	weakly_stable
WT_380	100	74	1	25	0.74	0.01	0.25	up	0.74	Transitional	Transitional Up	0.26	weakly_stable
WT_381	100	65	3	32	0.65	0.03	0.32	up	0.65	Transitional	Transitional Up	0.35	weakly_stable
WT_382	100	67	5	28	0.67	0.05	0.28	up	0.67	Transitional	Transitional Up	0.32999999999999996	weakly_stable
WT_383	100	62	3	35	0.62	0.03	0.35	up	0.62	Transitional	Transitional Up	0.38	weakly_stable
WT_384	100	62	2	36	0.62	0.02	0.36	up	0.62	Transitional	Transitional Up	0.38	weakly_stable
WT_385	100	66	8	26	0.66	0.08	0.26	up	0.66	Transitional	Transitional Up	0.33999999999999997	weakly_stable
WT_386	100	69	2	29	0.69	0.02	0.29	up	0.69	Transitional	Transitional Up	0.31000000000000005	weakly_stable
WT_387	100	65	3	32	0.65	0.03	0.32	up	0.65	Transitional	Transitional Up	0.35	weakly_stable
WT_388	100	68	5	27	0.68	0.05	0.27	up	0.68	Transitional	Transitional Up	0.31999999999999995	weakly_stable
WT_389	100	70	7	23	0.7	0.07	0.23	up	0.7	Transitional	Transitional Up	0.30000000000000004	weakly_stable
WT_39	100	76	2	22	0.76	0.02	0.22	up	0.76	Stable	Stable Up	0.24	weakly_stable
WT_390	100	67	1	32	0.67	0.01	0.32	up	0.67	Transitional	Transitional Up	0.32999999999999996	weakly_stable
WT_391	100	69	6	25	0.69	0.06	0.25	up	0.69	Transitional	Transitional Up	0.31000000000000005	weakly_stable
WT_392	100	69	1	30	0.69	0.01	0.3	up	0.69	Transitional	Transitional Up	0.31000000000000005	weakly_stable
WT_393	100	75	3	22	0.75	0.03	0.22	up	0.75	Stable	Stable Up	0.25	weakly_stable
WT_394	100	65	3	32	0.65	0.03	0.32	up	0.65	Transitional	Transitional Up	0.35	weakly_stable
WT_395	100	62	4	34	0.62	0.04	0.34	up	0.62	Transitional	Transitional Up	0.38	weakly_stable
WT_396	100	68	5	27	0.68	0.05	0.27	up	0.68	Transitional	Transitional Up	0.31999999999999995	weakly_stable
WT_397	100	67	3	30	0.67	0.03	0.3	up	0.67	Transitional	Transitional Up	0.32999999999999996	weakly_stable
WT_398	100	69	5	26	0.69	0.05	0.26	up	0.69	Transitional	Transitional Up	0.31000000000000005	weakly_stable
WT_399	100	59	2	39	0.59	0.02	0.39	up	0.59	Transitional	Transitional Up	0.41000000000000003	weakly_stable
WT_4	100	55	7	38	0.55	0.07	0.38	up	0.55	Transitional	Transitional Up	0.44999999999999996	weakly_stable
WT_40	100	71	3	26	0.71	0.03	0.26	up	0.71	Transitional	Transitional Up	0.29000000000000004	weakly_stable
WT_400	100	68	3	29	0.68	0.03	0.29	up	0.68	Transitional	Transitional Up	0.31999999999999995	weakly_stable
WT_401	100	68	7	25	0.68	0.07	0.25	up	0.68	Transitional	Transitional Up	0.31999999999999995	weakly_stable
WT_402	100	68	4	28	0.68	0.04	0.28	up	0.68	Transitional	Transitional Up	0.31999999999999995	weakly_stable
WT_403	100	67	4	29	0.67	0.04	0.29	up	0.67	Transitional	Transitional Up	0.32999999999999996	weakly_stable
WT_404	100	60	6	34	0.6	0.06	0.34	up	0.6	Transitional	Transitional Up	0.4	weakly_stable
WT_405	100	65	3	32	0.65	0.03	0.32	up	0.65	Transitional	Transitional Up	0.35	weakly_stable
WT_406	100	64	2	34	0.64	0.02	0.34	up	0.64	Transitional	Transitional Up	0.36	weakly_stable
WT_407	100	69	5	26	0.69	0.05	0.26	up	0.69	Transitional	Transitional Up	0.31000000000000005	weakly_stable
WT_408	100	65	4	31	0.65	0.04	0.31	up	0.65	Transitional	Transitional Up	0.35	weakly_stable
WT_409	100	76	1	23	0.76	0.01	0.23	up	0.76	Stable	Stable Up	0.24	weakly_stable
WT_41	100	65	4	31	0.65	0.04	0.31	up	0.65	Transitional	Transitional Up	0.35	weakly_stable
WT_410	100	68	3	29	0.68	0.03	0.29	up	0.68	Transitional	Transitional Up	0.31999999999999995	weakly_stable
WT_411	100	68	4	28	0.68	0.04	0.28	up	0.68	Transitional	Transitional Up	0.31999999999999995	weakly_stable
WT_412	100	64	5	31	0.64	0.05	0.31	up	0.64	Transitional	Transitional Up	0.36	weakly_stable
WT_413	100	71	3	26	0.71	0.03	0.26	up	0.71	Transitional	Transitional Up	0.29000000000000004	weakly_stable
WT_414	100	60	5	35	0.6	0.05	0.35	up	0.6	Transitional	Transitional Up	0.4	weakly_stable
WT_415	100	65	5	30	0.65	0.05	0.3	up	0.65	Transitional	Transitional Up	0.35	weakly_stable
WT_416	100	59	5	36	0.59	0.05	0.36	up	0.59	Transitional	Transitional Up	0.41000000000000003	weakly_stable
WT_417	100	63	6	31	0.63	0.06	0.31	up	0.63	Transitional	Transitional Up	0.37	weakly_stable
WT_418	100	66	5	29	0.66	0.05	0.29	up	0.66	Transitional	Transitional Up	0.33999999999999997	weakly_stable
WT_419	100	63	2	35	0.63	0.02	0.35	up	0.63	Transitional	Transitional Up	0.37	weakly_stable
WT_42	100	66	1	33	0.66	0.01	0.33	up	0.66	Transitional	Transitional Up	0.33999999999999997	weakly_stable
WT_420	100	65	5	30	0.65	0.05	0.3	up	0.65	Transitional	Transitional Up	0.35	weakly_stable
WT_421	100	74	2	24	0.74	0.02	0.24	up	0.74	Transitional	Transitional Up	0.26	weakly_stable
WT_422	100	69	6	25	0.69	0.06	0.25	up	0.69	Transitional	Transitional Up	0.31000000000000005	weakly_stable
WT_423	100	67	6	27	0.67	0.06	0.27	up	0.67	Transitional	Transitional Up	0.32999999999999996	weakly_stable
WT_424	100	64	4	32	0.64	0.04	0.32	up	0.64	Transitional	Transitional Up	0.36	weakly_stable
WT_425	100	73	2	25	0.73	0.02	0.25	up	0.73	Transitional	Transitional Up	0.27	weakly_stable
WT_426	100	62	3	35	0.62	0.03	0.35	up	0.62	Transitional	Transitional Up	0.38	weakly_stable
WT_427	100	67	3	30	0.67	0.03	0.3	up	0.67	Transitional	Transitional Up	0.32999999999999996	weakly_stable
WT_428	100	62	1	37	0.62	0.01	0.37	up	0.62	Transitional	Transitional Up	0.38	weakly_stable
WT_429	100	66	5	29	0.66	0.05	0.29	up	0.66	Transitional	Transitional Up	0.33999999999999997	weakly_stable
WT_43	100	67	6	27	0.67	0.06	0.27	up	0.67	Transitional	Transitional Up	0.32999999999999996	weakly_stable
WT_430	100	67	4	29	0.67	0.04	0.29	up	0.67	Transitional	Transitional Up	0.32999999999999996	weakly_stable
WT_431	100	71	2	27	0.71	0.02	0.27	up	0.71	Transitional	Transitional Up	0.29000000000000004	weakly_stable
WT_432	100	59	5	36	0.59	0.05	0.36	up	0.59	Transitional	Transitional Up	0.41000000000000003	weakly_stable
WT_433	100	75	2	23	0.75	0.02	0.23	up	0.75	Stable	Stable Up	0.25	weakly_stable
WT_434	100	69	3	28	0.69	0.03	0.28	up	0.69	Transitional	Transitional Up	0.31000000000000005	weakly_stable
WT_435	100	66	2	32	0.66	0.02	0.32	up	0.66	Transitional	Transitional Up	0.33999999999999997	weakly_stable
WT_436	100	66	4	30	0.66	0.04	0.3	up	0.66	Transitional	Transitional Up	0.33999999999999997	weakly_stable
WT_437	100	67	3	30	0.67	0.03	0.3	up	0.67	Transitional	Transitional Up	0.32999999999999996	weakly_stable
WT_438	100	65	4	31	0.65	0.04	0.31	up	0.65	Transitional	Transitional Up	0.35	weakly_stable
WT_439	100	69	1	30	0.69	0.01	0.3	up	0.69	Transitional	Transitional Up	0.31000000000000005	weakly_stable
WT_44	100	60	4	36	0.6	0.04	0.36	up	0.6	Transitional	Transitional Up	0.4	weakly_stable
WT_440	100	70	6	24	0.7	0.06	0.24	up	0.7	Transitional	Transitional Up	0.30000000000000004	weakly_stable
WT_441	100	60	2	38	0.6	0.02	0.38	up	0.6	Transitional	Transitional Up	0.4	weakly_stable
WT_442	100	71	5	24	0.71	0.05	0.24	up	0.71	Transitional	Transitional Up	0.29000000000000004	weakly_stable
WT_443	100	70	1	29	0.7	0.01	0.29	up	0.7	Transitional	Transitional Up	0.30000000000000004	weakly_stable
WT_444	100	67	3	30	0.67	0.03	0.3	up	0.67	Transitional	Transitional Up	0.32999999999999996	weakly_stable
WT_445	100	76	3	21	0.76	0.03	0.21	up	0.76	Stable	Stable Up	0.24	weakly_stable
WT_446	100	59	5	36	0.59	0.05	0.36	up	0.59	Transitional	Transitional Up	0.41000000000000003	weakly_stable
WT_447	100	71	3	26	0.71	0.03	0.26	up	0.71	Transitional	Transitional Up	0.29000000000000004	weakly_stable
WT_448	100	67	4	29	0.67	0.04	0.29	up	0.67	Transitional	Transitional Up	0.32999999999999996	weakly_stable
WT_449	100	70	6	24	0.7	0.06	0.24	up	0.7	Transitional	Transitional Up	0.30000000000000004	weakly_stable
WT_45	100	64	3	33	0.64	0.03	0.33	up	0.64	Transitional	Transitional Up	0.36	weakly_stable
WT_450	100	63	5	32	0.63	0.05	0.32	up	0.63	Transitional	Transitional Up	0.37	weakly_stable
WT_451	100	71	2	27	0.71	0.02	0.27	up	0.71	Transitional	Transitional Up	0.29000000000000004	weakly_stable
WT_452	100	73	2	25	0.73	0.02	0.25	up	0.73	Transitional	Transitional Up	0.27	weakly_stable
WT_453	100	69	0	31	0.69	0	0.31	up	0.69	Transitional	Transitional Up	0.31000000000000005	weakly_stable
WT_454	100	65	4	31	0.65	0.04	0.31	up	0.65	Transitional	Transitional Up	0.35	weakly_stable
WT_455	100	73	3	24	0.73	0.03	0.24	up	0.73	Transitional	Transitional Up	0.27	weakly_stable
WT_456	100	62	2	36	0.62	0.02	0.36	up	0.62	Transitional	Transitional Up	0.38	weakly_stable
WT_457	100	62	4	34	0.62	0.04	0.34	up	0.62	Transitional	Transitional Up	0.38	weakly_stable
WT_458	100	58	5	37	0.58	0.05	0.37	up	0.58	Transitional	Transitional Up	0.42000000000000004	weakly_stable
WT_459	100	71	2	27	0.71	0.02	0.27	up	0.71	Transitional	Transitional Up	0.29000000000000004	weakly_stable
WT_46	100	64	6	30	0.64	0.06	0.3	up	0.64	Transitional	Transitional Up	0.36	weakly_stable
WT_460	100	61	1	38	0.61	0.01	0.38	up	0.61	Transitional	Transitional Up	0.39	weakly_stable
WT_461	100	62	3	35	0.62	0.03	0.35	up	0.62	Transitional	Transitional Up	0.38	weakly_stable
WT_462	100	71	1	28	0.71	0.01	0.28	up	0.71	Transitional	Transitional Up	0.29000000000000004	weakly_stable
WT_463	100	70	3	27	0.7	0.03	0.27	up	0.7	Transitional	Transitional Up	0.30000000000000004	weakly_stable
WT_464	100	70	0	30	0.7	0	0.3	up	0.7	Transitional	Transitional Up	0.30000000000000004	weakly_stable
WT_465	100	67	8	25	0.67	0.08	0.25	up	0.67	Transitional	Transitional Up	0.32999999999999996	weakly_stable
WT_466	100	54	8	38	0.54	0.08	0.38	up	0.54	Transitional	Transitional Up	0.45999999999999996	weakly_stable
WT_467	100	66	5	29	0.66	0.05	0.29	up	0.66	Transitional	Transitional Up	0.33999999999999997	weakly_stable
WT_468	100	73	3	24	0.73	0.03	0.24	up	0.73	Transitional	Transitional Up	0.27	weakly_stable
WT_469	100	63	4	33	0.63	0.04	0.33	up	0.63	Transitional	Transitional Up	0.37	weakly_stable
WT_47	100	63	6	31	0.63	0.06	0.31	up	0.63	Transitional	Transitional Up	0.37	weakly_stable
WT_470	100	63	3	34	0.63	0.03	0.34	up	0.63	Transitional	Transitional Up	0.37	weakly_stable
WT_471	100	65	3	32	0.65	0.03	0.32	up	0.65	Transitional	Transitional Up	0.35	weakly_stable
WT_472	100	61	5	34	0.61	0.05	0.34	up	0.61	Transitional	Transitional Up	0.39	weakly_stable
WT_473	100	63	2	35	0.63	0.02	0.35	up	0.63	Transitional	Transitional Up	0.37	weakly_stable
WT_474	100	74	3	23	0.74	0.03	0.23	up	0.74	Transitional	Transitional Up	0.26	weakly_stable
WT_475	100	60	3	37	0.6	0.03	0.37	up	0.6	Transitional	Transitional Up	0.4	weakly_stable
WT_476	100	70	2	28	0.7	0.02	0.28	up	0.7	Transitional	Transitional Up	0.30000000000000004	weakly_stable
WT_477	100	64	2	34	0.64	0.02	0.34	up	0.64	Transitional	Transitional Up	0.36	weakly_stable
WT_478	100	61	5	34	0.61	0.05	0.34	up	0.61	Transitional	Transitional Up	0.39	weakly_stable
WT_479	100	64	8	28	0.64	0.08	0.28	up	0.64	Transitional	Transitional Up	0.36	weakly_stable
WT_48	100	61	3	36	0.61	0.03	0.36	up	0.61	Transitional	Transitional Up	0.39	weakly_stable
WT_480	100	62	1	37	0.62	0.01	0.37	up	0.62	Transitional	Transitional Up	0.38	weakly_stable
WT_481	100	77	2	21	0.77	0.02	0.21	up	0.77	Stable	Stable Up	0.22999999999999998	weakly_stable
WT_482	100	71	3	26	0.71	0.03	0.26	up	0.71	Transitional	Transitional Up	0.29000000000000004	weakly_stable
WT_483	100	62	4	34	0.62	0.04	0.34	up	0.62	Transitional	Transitional Up	0.38	weakly_stable
WT_484	100	64	7	29	0.64	0.07	0.29	up	0.64	Transitional	Transitional Up	0.36	weakly_stable
WT_485	100	74	5	21	0.74	0.05	0.21	up	0.74	Transitional	Transitional Up	0.26	weakly_stable
WT_486	100	68	1	31	0.68	0.01	0.31	up	0.68	Transitional	Transitional Up	0.31999999999999995	weakly_stable
WT_487	100	66	1	33	0.66	0.01	0.33	up	0.66	Transitional	Transitional Up	0.33999999999999997	weakly_stable
WT_488	100	63	6	31	0.63	0.06	0.31	up	0.63	Transitional	Transitional Up	0.37	weakly_stable
WT_489	100	68	0	32	0.68	0	0.32	up	0.68	Transitional	Transitional Up	0.31999999999999995	weakly_stable
WT_49	100	71	2	27	0.71	0.02	0.27	up	0.71	Transitional	Transitional Up	0.29000000000000004	weakly_stable
WT_490	100	71	2	27	0.71	0.02	0.27	up	0.71	Transitional	Transitional Up	0.29000000000000004	weakly_stable
WT_491	100	69	4	27	0.69	0.04	0.27	up	0.69	Transitional	Transitional Up	0.31000000000000005	weakly_stable
WT_492	100	59	7	34	0.59	0.07	0.34	up	0.59	Transitional	Transitional Up	0.41000000000000003	weakly_stable
WT_493	100	62	5	33	0.62	0.05	0.33	up	0.62	Transitional	Transitional Up	0.38	weakly_stable
WT_494	100	66	2	32	0.66	0.02	0.32	up	0.66	Transitional	Transitional Up	0.33999999999999997	weakly_stable
WT_495	100	66	5	29	0.66	0.05	0.29	up	0.66	Transitional	Transitional Up	0.33999999999999997	weakly_stable
WT_496	100	70	2	28	0.7	0.02	0.28	up	0.7	Transitional	Transitional Up	0.30000000000000004	weakly_stable
WT_497	100	63	6	31	0.63	0.06	0.31	up	0.63	Transitional	Transitional Up	0.37	weakly_stable
WT_498	100	74	3	23	0.74	0.03	0.23	up	0.74	Transitional	Transitional Up	0.26	weakly_stable
WT_499	100	60	5	35	0.6	0.05	0.35	up	0.6	Transitional	Transitional Up	0.4	weakly_stable
WT_5	100	70	6	24	0.7	0.06	0.24	up	0.7	Transitional	Transitional Up	0.30000000000000004	weakly_stable
WT_50	100	63	3	34	0.63	0.03	0.34	up	0.63	Transitional	Transitional Up	0.37	weakly_stable
WT_500	100	68	1	31	0.68	0.01	0.31	up	0.68	Transitional	Transitional Up	0.31999999999999995	weakly_stable
WT_501	100	68	4	28	0.68	0.04	0.28	up	0.68	Transitional	Transitional Up	0.31999999999999995	weakly_stable
WT_502	100	69	3	28	0.69	0.03	0.28	up	0.69	Transitional	Transitional Up	0.31000000000000005	weakly_stable
WT_503	100	65	1	34	0.65	0.01	0.34	up	0.65	Transitional	Transitional Up	0.35	weakly_stable
WT_504	100	59	3	38	0.59	0.03	0.38	up	0.59	Transitional	Transitional Up	0.41000000000000003	weakly_stable
WT_505	100	62	9	29	0.62	0.09	0.29	up	0.62	Transitional	Transitional Up	0.38	weakly_stable
WT_506	100	68	1	31	0.68	0.01	0.31	up	0.68	Transitional	Transitional Up	0.31999999999999995	weakly_stable
WT_507	100	62	4	34	0.62	0.04	0.34	up	0.62	Transitional	Transitional Up	0.38	weakly_stable
WT_508	100	61	2	37	0.61	0.02	0.37	up	0.61	Transitional	Transitional Up	0.39	weakly_stable
WT_509	100	61	4	35	0.61	0.04	0.35	up	0.61	Transitional	Transitional Up	0.39	weakly_stable
WT_51	100	61	3	36	0.61	0.03	0.36	up	0.61	Transitional	Transitional Up	0.39	weakly_stable
WT_510	100	65	1	34	0.65	0.01	0.34	up	0.65	Transitional	Transitional Up	0.35	weakly_stable
WT_511	100	65	2	33	0.65	0.02	0.33	up	0.65	Transitional	Transitional Up	0.35	weakly_stable
WT_512	100	59	4	37	0.59	0.04	0.37	up	0.59	Transitional	Transitional Up	0.41000000000000003	weakly_stable
WT_513	100	62	3	35	0.62	0.03	0.35	up	0.62	Transitional	Transitional Up	0.38	weakly_stable
WT_514	100	66	2	32	0.66	0.02	0.32	up	0.66	Transitional	Transitional Up	0.33999999999999997	weakly_stable
WT_515	100	66	6	28	0.66	0.06	0.28	up	0.66	Transitional	Transitional Up	0.33999999999999997	weakly_stable
WT_516	100	73	2	25	0.73	0.02	0.25	up	0.73	Transitional	Transitional Up	0.27	weakly_stable
WT_517	100	61	4	35	0.61	0.04	0.35	up	0.61	Transitional	Transitional Up	0.39	weakly_stable
WT_518	100	62	3	35	0.62	0.03	0.35	up	0.62	Transitional	Transitional Up	0.38	weakly_stable
WT_519	100	64	3	33	0.64	0.03	0.33	up	0.64	Transitional	Transitional Up	0.36	weakly_stable
WT_52	100	74	2	24	0.74	0.02	0.24	up	0.74	Transitional	Transitional Up	0.26	weakly_stable
WT_520	100	69	1	30	0.69	0.01	0.3	up	0.69	Transitional	Transitional Up	0.31000000000000005	weakly_stable
WT_521	100	69	3	28	0.69	0.03	0.28	up	0.69	Transitional	Transitional Up	0.31000000000000005	weakly_stable
WT_522	100	73	3	24	0.73	0.03	0.24	up	0.73	Transitional	Transitional Up	0.27	weakly_stable
WT_523	100	59	5	36	0.59	0.05	0.36	up	0.59	Transitional	Transitional Up	0.41000000000000003	weakly_stable
WT_524	100	56	6	38	0.56	0.06	0.38	up	0.56	Transitional	Transitional Up	0.43999999999999995	weakly_stable
WT_525	100	61	2	37	0.61	0.02	0.37	up	0.61	Transitional	Transitional Up	0.39	weakly_stable
WT_526	100	67	3	30	0.67	0.03	0.3	up	0.67	Transitional	Transitional Up	0.32999999999999996	weakly_stable
WT_527	100	69	2	29	0.69	0.02	0.29	up	0.69	Transitional	Transitional Up	0.31000000000000005	weakly_stable
WT_528	100	63	5	32	0.63	0.05	0.32	up	0.63	Transitional	Transitional Up	0.37	weakly_stable
WT_529	100	64	4	32	0.64	0.04	0.32	up	0.64	Transitional	Transitional Up	0.36	weakly_stable
WT_53	100	64	7	29	0.64	0.07	0.29	up	0.64	Transitional	Transitional Up	0.36	weakly_stable
WT_530	100	69	3	28	0.69	0.03	0.28	up	0.69	Transitional	Transitional Up	0.31000000000000005	weakly_stable
WT_531	100	61	1	38	0.61	0.01	0.38	up	0.61	Transitional	Transitional Up	0.39	weakly_stable
WT_532	100	62	7	31	0.62	0.07	0.31	up	0.62	Transitional	Transitional Up	0.38	weakly_stable
WT_533	100	68	2	30	0.68	0.02	0.3	up	0.68	Transitional	Transitional Up	0.31999999999999995	weakly_stable
WT_534	100	72	2	26	0.72	0.02	0.26	up	0.72	Transitional	Transitional Up	0.28	weakly_stable
WT_535	100	59	2	39	0.59	0.02	0.39	up	0.59	Transitional	Transitional Up	0.41000000000000003	weakly_stable
WT_536	100	68	2	30	0.68	0.02	0.3	up	0.68	Transitional	Transitional Up	0.31999999999999995	weakly_stable
WT_537	100	73	1	26	0.73	0.01	0.26	up	0.73	Transitional	Transitional Up	0.27	weakly_stable
WT_538	100	67	2	31	0.67	0.02	0.31	up	0.67	Transitional	Transitional Up	0.32999999999999996	weakly_stable
WT_539	100	68	5	27	0.68	0.05	0.27	up	0.68	Transitional	Transitional Up	0.31999999999999995	weakly_stable
WT_54	100	74	4	22	0.74	0.04	0.22	up	0.74	Transitional	Transitional Up	0.26	weakly_stable
WT_540	100	66	2	32	0.66	0.02	0.32	up	0.66	Transitional	Transitional Up	0.33999999999999997	weakly_stable
WT_541	100	68	2	30	0.68	0.02	0.3	up	0.68	Transitional	Transitional Up	0.31999999999999995	weakly_stable
WT_542	100	66	5	29	0.66	0.05	0.29	up	0.66	Transitional	Transitional Up	0.33999999999999997	weakly_stable
WT_543	100	70	0	30	0.7	0	0.3	up	0.7	Transitional	Transitional Up	0.30000000000000004	weakly_stable
WT_544	100	64	1	35	0.64	0.01	0.35	up	0.64	Transitional	Transitional Up	0.36	weakly_stable
WT_545	100	77	3	20	0.77	0.03	0.2	up	0.77	Stable	Stable Up	0.22999999999999998	weakly_stable
WT_546	100	66	4	30	0.66	0.04	0.3	up	0.66	Transitional	Transitional Up	0.33999999999999997	weakly_stable
WT_547	100	67	4	29	0.67	0.04	0.29	up	0.67	Transitional	Transitional Up	0.32999999999999996	weakly_stable
WT_548	100	68	1	31	0.68	0.01	0.31	up	0.68	Transitional	Transitional Up	0.31999999999999995	weakly_stable
WT_549	100	71	6	23	0.71	0.06	0.23	up	0.71	Transitional	Transitional Up	0.29000000000000004	weakly_stable
WT_55	100	64	3	33	0.64	0.03	0.33	up	0.64	Transitional	Transitional Up	0.36	weakly_stable
WT_550	100	66	4	30	0.66	0.04	0.3	up	0.66	Transitional	Transitional Up	0.33999999999999997	weakly_stable
WT_551	100	60	7	33	0.6	0.07	0.33	up	0.6	Transitional	Transitional Up	0.4	weakly_stable
WT_552	100	67	5	28	0.67	0.05	0.28	up	0.67	Transitional	Transitional Up	0.32999999999999996	weakly_stable
WT_553	100	63	4	33	0.63	0.04	0.33	up	0.63	Transitional	Transitional Up	0.37	weakly_stable
WT_554	100	65	2	33	0.65	0.02	0.33	up	0.65	Transitional	Transitional Up	0.35	weakly_stable
WT_555	100	58	2	40	0.58	0.02	0.4	up	0.58	Transitional	Transitional Up	0.42000000000000004	weakly_stable
WT_556	100	61	4	35	0.61	0.04	0.35	up	0.61	Transitional	Transitional Up	0.39	weakly_stable
WT_557	100	67	4	29	0.67	0.04	0.29	up	0.67	Transitional	Transitional Up	0.32999999999999996	weakly_stable
WT_558	100	61	2	37	0.61	0.02	0.37	up	0.61	Transitional	Transitional Up	0.39	weakly_stable
WT_559	100	72	4	24	0.72	0.04	0.24	up	0.72	Transitional	Transitional Up	0.28	weakly_stable
WT_56	100	74	1	25	0.74	0.01	0.25	up	0.74	Transitional	Transitional Up	0.26	weakly_stable
WT_560	100	58	2	40	0.58	0.02	0.4	up	0.58	Transitional	Transitional Up	0.42000000000000004	weakly_stable
WT_561	100	66	3	31	0.66	0.03	0.31	up	0.66	Transitional	Transitional Up	0.33999999999999997	weakly_stable
WT_562	100	62	5	33	0.62	0.05	0.33	up	0.62	Transitional	Transitional Up	0.38	weakly_stable
WT_563	100	72	4	24	0.72	0.04	0.24	up	0.72	Transitional	Transitional Up	0.28	weakly_stable
WT_564	100	70	3	27	0.7	0.03	0.27	up	0.7	Transitional	Transitional Up	0.30000000000000004	weakly_stable
WT_565	100	76	4	20	0.76	0.04	0.2	up	0.76	Stable	Stable Up	0.24	weakly_stable
WT_566	100	76	2	22	0.76	0.02	0.22	up	0.76	Stable	Stable Up	0.24	weakly_stable
WT_567	100	73	7	20	0.73	0.07	0.2	up	0.73	Transitional	Transitional Up	0.27	weakly_stable
WT_568	100	74	3	23	0.74	0.03	0.23	up	0.74	Transitional	Transitional Up	0.26	weakly_stable
WT_569	100	68	3	29	0.68	0.03	0.29	up	0.68	Transitional	Transitional Up	0.31999999999999995	weakly_stable
WT_57	100	67	1	32	0.67	0.01	0.32	up	0.67	Transitional	Transitional Up	0.32999999999999996	weakly_stable
WT_570	100	73	4	23	0.73	0.04	0.23	up	0.73	Transitional	Transitional Up	0.27	weakly_stable
WT_571	100	69	4	27	0.69	0.04	0.27	up	0.69	Transitional	Transitional Up	0.31000000000000005	weakly_stable
WT_572	100	63	6	31	0.63	0.06	0.31	up	0.63	Transitional	Transitional Up	0.37	weakly_stable
WT_573	100	63	3	34	0.63	0.03	0.34	up	0.63	Transitional	Transitional Up	0.37	weakly_stable
WT_574	100	66	4	30	0.66	0.04	0.3	up	0.66	Transitional	Transitional Up	0.33999999999999997	weakly_stable
WT_575	100	71	2	27	0.71	0.02	0.27	up	0.71	Transitional	Transitional Up	0.29000000000000004	weakly_stable
WT_576	100	64	1	35	0.64	0.01	0.35	up	0.64	Transitional	Transitional Up	0.36	weakly_stable
WT_577	100	65	4	31	0.65	0.04	0.31	up	0.65	Transitional	Transitional Up	0.35	weakly_stable
WT_578	100	70	3	27	0.7	0.03	0.27	up	0.7	Transitional	Transitional Up	0.30000000000000004	weakly_stable
WT_579	100	71	3	26	0.71	0.03	0.26	up	0.71	Transitional	Transitional Up	0.29000000000000004	weakly_stable
WT_58	100	75	1	24	0.75	0.01	0.24	up	0.75	Stable	Stable Up	0.25	weakly_stable
WT_580	100	61	4	35	0.61	0.04	0.35	up	0.61	Transitional	Transitional Up	0.39	weakly_stable
WT_581	100	72	4	24	0.72	0.04	0.24	up	0.72	Transitional	Transitional Up	0.28	weakly_stable
WT_582	100	61	2	37	0.61	0.02	0.37	up	0.61	Transitional	Transitional Up	0.39	weakly_stable
WT_583	100	64	5	31	0.64	0.05	0.31	up	0.64	Transitional	Transitional Up	0.36	weakly_stable
WT_584	100	66	3	31	0.66	0.03	0.31	up	0.66	Transitional	Transitional Up	0.33999999999999997	weakly_stable
WT_585	100	63	4	33	0.63	0.04	0.33	up	0.63	Transitional	Transitional Up	0.37	weakly_stable
WT_586	100	64	2	34	0.64	0.02	0.34	up	0.64	Transitional	Transitional Up	0.36	weakly_stable
WT_587	100	69	3	28	0.69	0.03	0.28	up	0.69	Transitional	Transitional Up	0.31000000000000005	weakly_stable
WT_588	100	61	6	33	0.61	0.06	0.33	up	0.61	Transitional	Transitional Up	0.39	weakly_stable
WT_589	100	66	3	31	0.66	0.03	0.31	up	0.66	Transitional	Transitional Up	0.33999999999999997	weakly_stable
WT_59	100	58	6	36	0.58	0.06	0.36	up	0.58	Transitional	Transitional Up	0.42000000000000004	weakly_stable
WT_590	100	69	4	27	0.69	0.04	0.27	up	0.69	Transitional	Transitional Up	0.31000000000000005	weakly_stable
WT_591	100	68	2	30	0.68	0.02	0.3	up	0.68	Transitional	Transitional Up	0.31999999999999995	weakly_stable
WT_592	100	54	5	41	0.54	0.05	0.41	up	0.54	Transitional	Transitional Up	0.45999999999999996	weakly_stable
WT_593	100	61	2	37	0.61	0.02	0.37	up	0.61	Transitional	Transitional Up	0.39	weakly_stable
WT_594	100	71	3	26	0.71	0.03	0.26	up	0.71	Transitional	Transitional Up	0.29000000000000004	weakly_stable
WT_595	100	72	2	26	0.72	0.02	0.26	up	0.72	Transitional	Transitional Up	0.28	weakly_stable
WT_596	100	70	5	25	0.7	0.05	0.25	up	0.7	Transitional	Transitional Up	0.30000000000000004	weakly_stable
WT_597	100	68	5	27	0.68	0.05	0.27	up	0.68	Transitional	Transitional Up	0.31999999999999995	weakly_stable
WT_598	100	70	4	26	0.7	0.04	0.26	up	0.7	Transitional	Transitional Up	0.30000000000000004	weakly_stable
WT_599	100	71	4	25	0.71	0.04	0.25	up	0.71	Transitional	Transitional Up	0.29000000000000004	weakly_stable
WT_6	100	61	2	37	0.61	0.02	0.37	up	0.61	Transitional	Transitional Up	0.39	weakly_stable
WT_60	100	63	5	32	0.63	0.05	0.32	up	0.63	Transitional	Transitional Up	0.37	weakly_stable
WT_600	100	60	4	36	0.6	0.04	0.36	up	0.6	Transitional	Transitional Up	0.4	weakly_stable
WT_601	100	64	2	34	0.64	0.02	0.34	up	0.64	Transitional	Transitional Up	0.36	weakly_stable
WT_602	100	74	0	26	0.74	0	0.26	up	0.74	Transitional	Transitional Up	0.26	weakly_stable
WT_603	100	67	3	30	0.67	0.03	0.3	up	0.67	Transitional	Transitional Up	0.32999999999999996	weakly_stable
WT_604	100	68	4	28	0.68	0.04	0.28	up	0.68	Transitional	Transitional Up	0.31999999999999995	weakly_stable
WT_605	100	58	3	39	0.58	0.03	0.39	up	0.58	Transitional	Transitional Up	0.42000000000000004	weakly_stable
WT_606	100	71	1	28	0.71	0.01	0.28	up	0.71	Transitional	Transitional Up	0.29000000000000004	weakly_stable
WT_607	100	71	1	28	0.71	0.01	0.28	up	0.71	Transitional	Transitional Up	0.29000000000000004	weakly_stable
WT_608	100	64	3	33	0.64	0.03	0.33	up	0.64	Transitional	Transitional Up	0.36	weakly_stable
WT_609	100	58	4	38	0.58	0.04	0.38	up	0.58	Transitional	Transitional Up	0.42000000000000004	weakly_stable
WT_61	100	66	1	33	0.66	0.01	0.33	up	0.66	Transitional	Transitional Up	0.33999999999999997	weakly_stable
WT_610	100	63	1	36	0.63	0.01	0.36	up	0.63	Transitional	Transitional Up	0.37	weakly_stable
WT_611	100	73	1	26	0.73	0.01	0.26	up	0.73	Transitional	Transitional Up	0.27	weakly_stable
WT_612	100	67	4	29	0.67	0.04	0.29	up	0.67	Transitional	Transitional Up	0.32999999999999996	weakly_stable
WT_613	100	65	9	26	0.65	0.09	0.26	up	0.65	Transitional	Transitional Up	0.35	weakly_stable
WT_614	100	71	4	25	0.71	0.04	0.25	up	0.71	Transitional	Transitional Up	0.29000000000000004	weakly_stable
WT_615	100	68	3	29	0.68	0.03	0.29	up	0.68	Transitional	Transitional Up	0.31999999999999995	weakly_stable
WT_616	100	68	2	30	0.68	0.02	0.3	up	0.68	Transitional	Transitional Up	0.31999999999999995	weakly_stable
WT_617	100	71	7	22	0.71	0.07	0.22	up	0.71	Transitional	Transitional Up	0.29000000000000004	weakly_stable
WT_618	100	55	2	43	0.55	0.02	0.43	up	0.55	Transitional	Transitional Up	0.44999999999999996	weakly_stable
WT_619	100	63	5	32	0.63	0.05	0.32	up	0.63	Transitional	Transitional Up	0.37	weakly_stable
WT_62	100	61	4	35	0.61	0.04	0.35	up	0.61	Transitional	Transitional Up	0.39	weakly_stable
WT_620	100	61	0	39	0.61	0	0.39	up	0.61	Transitional	Transitional Up	0.39	weakly_stable
WT_621	100	76	3	21	0.76	0.03	0.21	up	0.76	Stable	Stable Up	0.24	weakly_stable
WT_622	100	67	4	29	0.67	0.04	0.29	up	0.67	Transitional	Transitional Up	0.32999999999999996	weakly_stable
WT_623	100	71	1	28	0.71	0.01	0.28	up	0.71	Transitional	Transitional Up	0.29000000000000004	weakly_stable
WT_624	100	62	4	34	0.62	0.04	0.34	up	0.62	Transitional	Transitional Up	0.38	weakly_stable
WT_625	100	73	1	26	0.73	0.01	0.26	up	0.73	Transitional	Transitional Up	0.27	weakly_stable
WT_626	100	66	2	32	0.66	0.02	0.32	up	0.66	Transitional	Transitional Up	0.33999999999999997	weakly_stable
WT_627	100	72	4	24	0.72	0.04	0.24	up	0.72	Transitional	Transitional Up	0.28	weakly_stable
WT_628	100	64	4	32	0.64	0.04	0.32	up	0.64	Transitional	Transitional Up	0.36	weakly_stable
WT_629	100	61	4	35	0.61	0.04	0.35	up	0.61	Transitional	Transitional Up	0.39	weakly_stable
WT_63	100	68	2	30	0.68	0.02	0.3	up	0.68	Transitional	Transitional Up	0.31999999999999995	weakly_stable
WT_630	100	71	4	25	0.71	0.04	0.25	up	0.71	Transitional	Transitional Up	0.29000000000000004	weakly_stable
WT_631	100	68	4	28	0.68	0.04	0.28	up	0.68	Transitional	Transitional Up	0.31999999999999995	weakly_stable
WT_632	100	66	5	29	0.66	0.05	0.29	up	0.66	Transitional	Transitional Up	0.33999999999999997	weakly_stable
WT_633	100	67	3	30	0.67	0.03	0.3	up	0.67	Transitional	Transitional Up	0.32999999999999996	weakly_stable
WT_634	100	70	3	27	0.7	0.03	0.27	up	0.7	Transitional	Transitional Up	0.30000000000000004	weakly_stable
WT_635	100	66	5	29	0.66	0.05	0.29	up	0.66	Transitional	Transitional Up	0.33999999999999997	weakly_stable
WT_636	100	63	6	31	0.63	0.06	0.31	up	0.63	Transitional	Transitional Up	0.37	weakly_stable
WT_637	100	71	3	26	0.71	0.03	0.26	up	0.71	Transitional	Transitional Up	0.29000000000000004	weakly_stable
WT_638	100	66	3	31	0.66	0.03	0.31	up	0.66	Transitional	Transitional Up	0.33999999999999997	weakly_stable
WT_639	100	72	2	26	0.72	0.02	0.26	up	0.72	Transitional	Transitional Up	0.28	weakly_stable
WT_64	100	71	5	24	0.71	0.05	0.24	up	0.71	Transitional	Transitional Up	0.29000000000000004	weakly_stable
WT_640	100	73	1	26	0.73	0.01	0.26	up	0.73	Transitional	Transitional Up	0.27	weakly_stable
WT_641	100	67	3	30	0.67	0.03	0.3	up	0.67	Transitional	Transitional Up	0.32999999999999996	weakly_stable
WT_642	100	74	2	24	0.74	0.02	0.24	up	0.74	Transitional	Transitional Up	0.26	weakly_stable
WT_643	100	63	6	31	0.63	0.06	0.31	up	0.63	Transitional	Transitional Up	0.37	weakly_stable
WT_644	100	65	4	31	0.65	0.04	0.31	up	0.65	Transitional	Transitional Up	0.35	weakly_stable
WT_645	100	65	4	31	0.65	0.04	0.31	up	0.65	Transitional	Transitional Up	0.35	weakly_stable
WT_646	100	61	4	35	0.61	0.04	0.35	up	0.61	Transitional	Transitional Up	0.39	weakly_stable
WT_647	100	70	1	29	0.7	0.01	0.29	up	0.7	Transitional	Transitional Up	0.30000000000000004	weakly_stable
WT_648	100	69	2	29	0.69	0.02	0.29	up	0.69	Transitional	Transitional Up	0.31000000000000005	weakly_stable
WT_649	100	64	3	33	0.64	0.03	0.33	up	0.64	Transitional	Transitional Up	0.36	weakly_stable
WT_65	100	65	7	28	0.65	0.07	0.28	up	0.65	Transitional	Transitional Up	0.35	weakly_stable
WT_650	100	62	0	38	0.62	0	0.38	up	0.62	Transitional	Transitional Up	0.38	weakly_stable
WT_651	100	66	3	31	0.66	0.03	0.31	up	0.66	Transitional	Transitional Up	0.33999999999999997	weakly_stable
WT_652	100	65	3	32	0.65	0.03	0.32	up	0.65	Transitional	Transitional Up	0.35	weakly_stable
WT_653	100	72	1	27	0.72	0.01	0.27	up	0.72	Transitional	Transitional Up	0.28	weakly_stable
WT_654	100	68	4	28	0.68	0.04	0.28	up	0.68	Transitional	Transitional Up	0.31999999999999995	weakly_stable
WT_655	100	60	2	38	0.6	0.02	0.38	up	0.6	Transitional	Transitional Up	0.4	weakly_stable
WT_656	100	74	2	24	0.74	0.02	0.24	up	0.74	Transitional	Transitional Up	0.26	weakly_stable
WT_657	100	67	3	30	0.67	0.03	0.3	up	0.67	Transitional	Transitional Up	0.32999999999999996	weakly_stable
WT_658	100	66	3	31	0.66	0.03	0.31	up	0.66	Transitional	Transitional Up	0.33999999999999997	weakly_stable
WT_659	100	75	2	23	0.75	0.02	0.23	up	0.75	Stable	Stable Up	0.25	weakly_stable
WT_66	100	72	1	27	0.72	0.01	0.27	up	0.72	Transitional	Transitional Up	0.28	weakly_stable
WT_660	100	63	6	31	0.63	0.06	0.31	up	0.63	Transitional	Transitional Up	0.37	weakly_stable
WT_661	100	70	0	30	0.7	0	0.3	up	0.7	Transitional	Transitional Up	0.30000000000000004	weakly_stable
WT_662	100	70	2	28	0.7	0.02	0.28	up	0.7	Transitional	Transitional Up	0.30000000000000004	weakly_stable
WT_663	100	66	4	30	0.66	0.04	0.3	up	0.66	Transitional	Transitional Up	0.33999999999999997	weakly_stable
WT_664	100	65	1	34	0.65	0.01	0.34	up	0.65	Transitional	Transitional Up	0.35	weakly_stable
WT_665	100	64	5	31	0.64	0.05	0.31	up	0.64	Transitional	Transitional Up	0.36	weakly_stable
WT_666	100	68	2	30	0.68	0.02	0.3	up	0.68	Transitional	Transitional Up	0.31999999999999995	weakly_stable
WT_667	100	65	5	30	0.65	0.05	0.3	up	0.65	Transitional	Transitional Up	0.35	weakly_stable
WT_668	100	65	1	34	0.65	0.01	0.34	up	0.65	Transitional	Transitional Up	0.35	weakly_stable
WT_669	100	69	3	28	0.69	0.03	0.28	up	0.69	Transitional	Transitional Up	0.31000000000000005	weakly_stable
WT_67	100	71	3	26	0.71	0.03	0.26	up	0.71	Transitional	Transitional Up	0.29000000000000004	weakly_stable
WT_670	100	62	5	33	0.62	0.05	0.33	up	0.62	Transitional	Transitional Up	0.38	weakly_stable
WT_671	100	71	1	28	0.71	0.01	0.28	up	0.71	Transitional	Transitional Up	0.29000000000000004	weakly_stable
WT_672	100	67	3	30	0.67	0.03	0.3	up	0.67	Transitional	Transitional Up	0.32999999999999996	weakly_stable
WT_673	100	68	2	30	0.68	0.02	0.3	up	0.68	Transitional	Transitional Up	0.31999999999999995	weakly_stable
WT_674	100	70	2	28	0.7	0.02	0.28	up	0.7	Transitional	Transitional Up	0.30000000000000004	weakly_stable
WT_675	100	60	4	36	0.6	0.04	0.36	up	0.6	Transitional	Transitional Up	0.4	weakly_stable
WT_676	100	64	3	33	0.64	0.03	0.33	up	0.64	Transitional	Transitional Up	0.36	weakly_stable
WT_677	100	69	4	27	0.69	0.04	0.27	up	0.69	Transitional	Transitional Up	0.31000000000000005	weakly_stable
WT_678	100	63	3	34	0.63	0.03	0.34	up	0.63	Transitional	Transitional Up	0.37	weakly_stable
WT_679	100	66	3	31	0.66	0.03	0.31	up	0.66	Transitional	Transitional Up	0.33999999999999997	weakly_stable
WT_68	100	59	1	40	0.59	0.01	0.4	up	0.59	Transitional	Transitional Up	0.41000000000000003	weakly_stable
WT_680	100	62	1	37	0.62	0.01	0.37	up	0.62	Transitional	Transitional Up	0.38	weakly_stable
WT_681	100	68	1	31	0.68	0.01	0.31	up	0.68	Transitional	Transitional Up	0.31999999999999995	weakly_stable
WT_682	100	62	2	36	0.62	0.02	0.36	up	0.62	Transitional	Transitional Up	0.38	weakly_stable
WT_683	100	70	1	29	0.7	0.01	0.29	up	0.7	Transitional	Transitional Up	0.30000000000000004	weakly_stable
WT_684	100	62	2	36	0.62	0.02	0.36	up	0.62	Transitional	Transitional Up	0.38	weakly_stable
WT_685	100	67	3	30	0.67	0.03	0.3	up	0.67	Transitional	Transitional Up	0.32999999999999996	weakly_stable
WT_686	100	72	4	24	0.72	0.04	0.24	up	0.72	Transitional	Transitional Up	0.28	weakly_stable
WT_687	100	69	2	29	0.69	0.02	0.29	up	0.69	Transitional	Transitional Up	0.31000000000000005	weakly_stable
WT_688	100	62	2	36	0.62	0.02	0.36	up	0.62	Transitional	Transitional Up	0.38	weakly_stable
WT_689	100	63	4	33	0.63	0.04	0.33	up	0.63	Transitional	Transitional Up	0.37	weakly_stable
WT_69	100	71	3	26	0.71	0.03	0.26	up	0.71	Transitional	Transitional Up	0.29000000000000004	weakly_stable
WT_690	100	71	5	24	0.71	0.05	0.24	up	0.71	Transitional	Transitional Up	0.29000000000000004	weakly_stable
WT_691	100	65	3	32	0.65	0.03	0.32	up	0.65	Transitional	Transitional Up	0.35	weakly_stable
WT_692	100	69	3	28	0.69	0.03	0.28	up	0.69	Transitional	Transitional Up	0.31000000000000005	weakly_stable
WT_693	100	55	6	39	0.55	0.06	0.39	up	0.55	Transitional	Transitional Up	0.44999999999999996	weakly_stable
WT_694	100	66	4	30	0.66	0.04	0.3	up	0.66	Transitional	Transitional Up	0.33999999999999997	weakly_stable
WT_695	100	64	5	31	0.64	0.05	0.31	up	0.64	Transitional	Transitional Up	0.36	weakly_stable
WT_696	100	68	4	28	0.68	0.04	0.28	up	0.68	Transitional	Transitional Up	0.31999999999999995	weakly_stable
WT_697	100	67	3	30	0.67	0.03	0.3	up	0.67	Transitional	Transitional Up	0.32999999999999996	weakly_stable
WT_698	100	63	1	36	0.63	0.01	0.36	up	0.63	Transitional	Transitional Up	0.37	weakly_stable
WT_699	100	72	2	26	0.72	0.02	0.26	up	0.72	Transitional	Transitional Up	0.28	weakly_stable
WT_7	100	61	5	34	0.61	0.05	0.34	up	0.61	Transitional	Transitional Up	0.39	weakly_stable
WT_70	100	70	3	27	0.7	0.03	0.27	up	0.7	Transitional	Transitional Up	0.30000000000000004	weakly_stable
WT_700	100	72	6	22	0.72	0.06	0.22	up	0.72	Transitional	Transitional Up	0.28	weakly_stable
WT_701	100	61	6	33	0.61	0.06	0.33	up	0.61	Transitional	Transitional Up	0.39	weakly_stable
WT_702	100	63	2	35	0.63	0.02	0.35	up	0.63	Transitional	Transitional Up	0.37	weakly_stable
WT_703	100	55	3	42	0.55	0.03	0.42	up	0.55	Transitional	Transitional Up	0.44999999999999996	weakly_stable
WT_704	100	66	5	29	0.66	0.05	0.29	up	0.66	Transitional	Transitional Up	0.33999999999999997	weakly_stable
WT_705	100	69	3	28	0.69	0.03	0.28	up	0.69	Transitional	Transitional Up	0.31000000000000005	weakly_stable
WT_706	100	61	5	34	0.61	0.05	0.34	up	0.61	Transitional	Transitional Up	0.39	weakly_stable
WT_707	100	68	1	31	0.68	0.01	0.31	up	0.68	Transitional	Transitional Up	0.31999999999999995	weakly_stable
WT_708	100	66	2	32	0.66	0.02	0.32	up	0.66	Transitional	Transitional Up	0.33999999999999997	weakly_stable
WT_709	100	60	2	38	0.6	0.02	0.38	up	0.6	Transitional	Transitional Up	0.4	weakly_stable
WT_71	100	64	1	35	0.64	0.01	0.35	up	0.64	Transitional	Transitional Up	0.36	weakly_stable
WT_710	100	66	2	32	0.66	0.02	0.32	up	0.66	Transitional	Transitional Up	0.33999999999999997	weakly_stable
WT_711	100	62	0	38	0.62	0	0.38	up	0.62	Transitional	Transitional Up	0.38	weakly_stable
WT_712	100	70	4	26	0.7	0.04	0.26	up	0.7	Transitional	Transitional Up	0.30000000000000004	weakly_stable
WT_713	100	68	2	30	0.68	0.02	0.3	up	0.68	Transitional	Transitional Up	0.31999999999999995	weakly_stable
WT_714	100	61	6	33	0.61	0.06	0.33	up	0.61	Transitional	Transitional Up	0.39	weakly_stable
WT_715	100	67	4	29	0.67	0.04	0.29	up	0.67	Transitional	Transitional Up	0.32999999999999996	weakly_stable
WT_716	100	71	2	27	0.71	0.02	0.27	up	0.71	Transitional	Transitional Up	0.29000000000000004	weakly_stable
WT_717	100	61	3	36	0.61	0.03	0.36	up	0.61	Transitional	Transitional Up	0.39	weakly_stable
WT_718	100	68	3	29	0.68	0.03	0.29	up	0.68	Transitional	Transitional Up	0.31999999999999995	weakly_stable
WT_719	100	63	4	33	0.63	0.04	0.33	up	0.63	Transitional	Transitional Up	0.37	weakly_stable
WT_72	100	69	2	29	0.69	0.02	0.29	up	0.69	Transitional	Transitional Up	0.31000000000000005	weakly_stable
WT_720	100	66	2	32	0.66	0.02	0.32	up	0.66	Transitional	Transitional Up	0.33999999999999997	weakly_stable
WT_721	100	67	3	30	0.67	0.03	0.3	up	0.67	Transitional	Transitional Up	0.32999999999999996	weakly_stable
WT_722	100	60	5	35	0.6	0.05	0.35	up	0.6	Transitional	Transitional Up	0.4	weakly_stable
WT_723	100	74	1	25	0.74	0.01	0.25	up	0.74	Transitional	Transitional Up	0.26	weakly_stable
WT_724	100	65	4	31	0.65	0.04	0.31	up	0.65	Transitional	Transitional Up	0.35	weakly_stable
WT_725	100	72	0	28	0.72	0	0.28	up	0.72	Transitional	Transitional Up	0.28	weakly_stable
WT_726	100	68	3	29	0.68	0.03	0.29	up	0.68	Transitional	Transitional Up	0.31999999999999995	weakly_stable
WT_727	100	71	2	27	0.71	0.02	0.27	up	0.71	Transitional	Transitional Up	0.29000000000000004	weakly_stable
WT_728	100	68	3	29	0.68	0.03	0.29	up	0.68	Transitional	Transitional Up	0.31999999999999995	weakly_stable
WT_729	100	69	1	30	0.69	0.01	0.3	up	0.69	Transitional	Transitional Up	0.31000000000000005	weakly_stable
WT_73	100	68	2	30	0.68	0.02	0.3	up	0.68	Transitional	Transitional Up	0.31999999999999995	weakly_stable
WT_730	100	62	5	33	0.62	0.05	0.33	up	0.62	Transitional	Transitional Up	0.38	weakly_stable
WT_731	100	68	3	29	0.68	0.03	0.29	up	0.68	Transitional	Transitional Up	0.31999999999999995	weakly_stable
WT_732	100	65	4	31	0.65	0.04	0.31	up	0.65	Transitional	Transitional Up	0.35	weakly_stable
WT_733	100	66	5	29	0.66	0.05	0.29	up	0.66	Transitional	Transitional Up	0.33999999999999997	weakly_stable
WT_734	100	68	5	27	0.68	0.05	0.27	up	0.68	Transitional	Transitional Up	0.31999999999999995	weakly_stable
WT_735	100	76	2	22	0.76	0.02	0.22	up	0.76	Stable	Stable Up	0.24	weakly_stable
WT_736	100	70	3	27	0.7	0.03	0.27	up	0.7	Transitional	Transitional Up	0.30000000000000004	weakly_stable
WT_737	100	66	6	28	0.66	0.06	0.28	up	0.66	Transitional	Transitional Up	0.33999999999999997	weakly_stable
WT_738	100	65	3	32	0.65	0.03	0.32	up	0.65	Transitional	Transitional Up	0.35	weakly_stable
WT_739	100	67	4	29	0.67	0.04	0.29	up	0.67	Transitional	Transitional Up	0.32999999999999996	weakly_stable
WT_74	100	65	4	31	0.65	0.04	0.31	up	0.65	Transitional	Transitional Up	0.35	weakly_stable
WT_740	100	76	3	21	0.76	0.03	0.21	up	0.76	Stable	Stable Up	0.24	weakly_stable
WT_741	100	66	3	31	0.66	0.03	0.31	up	0.66	Transitional	Transitional Up	0.33999999999999997	weakly_stable
WT_742	100	64	3	33	0.64	0.03	0.33	up	0.64	Transitional	Transitional Up	0.36	weakly_stable
WT_743	100	64	3	33	0.64	0.03	0.33	up	0.64	Transitional	Transitional Up	0.36	weakly_stable
WT_744	100	74	3	23	0.74	0.03	0.23	up	0.74	Transitional	Transitional Up	0.26	weakly_stable
WT_745	100	69	2	29	0.69	0.02	0.29	up	0.69	Transitional	Transitional Up	0.31000000000000005	weakly_stable
WT_746	100	72	0	28	0.72	0	0.28	up	0.72	Transitional	Transitional Up	0.28	weakly_stable
WT_747	100	64	10	26	0.64	0.1	0.26	up	0.64	Transitional	Transitional Up	0.36	weakly_stable
WT_748	100	67	2	31	0.67	0.02	0.31	up	0.67	Transitional	Transitional Up	0.32999999999999996	weakly_stable
WT_749	100	72	3	25	0.72	0.03	0.25	up	0.72	Transitional	Transitional Up	0.28	weakly_stable
WT_75	100	63	4	33	0.63	0.04	0.33	up	0.63	Transitional	Transitional Up	0.37	weakly_stable
WT_750	100	73	1	26	0.73	0.01	0.26	up	0.73	Transitional	Transitional Up	0.27	weakly_stable
WT_751	100	66	2	32	0.66	0.02	0.32	up	0.66	Transitional	Transitional Up	0.33999999999999997	weakly_stable
WT_752	100	75	2	23	0.75	0.02	0.23	up	0.75	Stable	Stable Up	0.25	weakly_stable
WT_753	100	64	6	30	0.64	0.06	0.3	up	0.64	Transitional	Transitional Up	0.36	weakly_stable
WT_754	100	61	3	36	0.61	0.03	0.36	up	0.61	Transitional	Transitional Up	0.39	weakly_stable
WT_755	100	59	4	37	0.59	0.04	0.37	up	0.59	Transitional	Transitional Up	0.41000000000000003	weakly_stable
WT_756	100	67	4	29	0.67	0.04	0.29	up	0.67	Transitional	Transitional Up	0.32999999999999996	weakly_stable
WT_757	100	70	2	28	0.7	0.02	0.28	up	0.7	Transitional	Transitional Up	0.30000000000000004	weakly_stable
WT_758	100	64	1	35	0.64	0.01	0.35	up	0.64	Transitional	Transitional Up	0.36	weakly_stable
WT_759	100	69	3	28	0.69	0.03	0.28	up	0.69	Transitional	Transitional Up	0.31000000000000005	weakly_stable
WT_76	100	62	9	29	0.62	0.09	0.29	up	0.62	Transitional	Transitional Up	0.38	weakly_stable
WT_760	100	70	6	24	0.7	0.06	0.24	up	0.7	Transitional	Transitional Up	0.30000000000000004	weakly_stable
WT_761	100	63	1	36	0.63	0.01	0.36	up	0.63	Transitional	Transitional Up	0.37	weakly_stable
WT_762	100	70	4	26	0.7	0.04	0.26	up	0.7	Transitional	Transitional Up	0.30000000000000004	weakly_stable
WT_763	100	62	6	32	0.62	0.06	0.32	up	0.62	Transitional	Transitional Up	0.38	weakly_stable
WT_764	100	66	2	32	0.66	0.02	0.32	up	0.66	Transitional	Transitional Up	0.33999999999999997	weakly_stable
WT_765	100	59	2	39	0.59	0.02	0.39	up	0.59	Transitional	Transitional Up	0.41000000000000003	weakly_stable
WT_766	100	63	4	33	0.63	0.04	0.33	up	0.63	Transitional	Transitional Up	0.37	weakly_stable
WT_767	100	61	5	34	0.61	0.05	0.34	up	0.61	Transitional	Transitional Up	0.39	weakly_stable
WT_768	100	69	5	26	0.69	0.05	0.26	up	0.69	Transitional	Transitional Up	0.31000000000000005	weakly_stable
WT_769	100	61	3	36	0.61	0.03	0.36	up	0.61	Transitional	Transitional Up	0.39	weakly_stable
WT_77	100	72	5	23	0.72	0.05	0.23	up	0.72	Transitional	Transitional Up	0.28	weakly_stable
WT_770	100	71	3	26	0.71	0.03	0.26	up	0.71	Transitional	Transitional Up	0.29000000000000004	weakly_stable
WT_771	100	71	3	26	0.71	0.03	0.26	up	0.71	Transitional	Transitional Up	0.29000000000000004	weakly_stable
WT_772	100	67	3	30	0.67	0.03	0.3	up	0.67	Transitional	Transitional Up	0.32999999999999996	weakly_stable
WT_773	100	63	3	34	0.63	0.03	0.34	up	0.63	Transitional	Transitional Up	0.37	weakly_stable
WT_774	100	70	5	25	0.7	0.05	0.25	up	0.7	Transitional	Transitional Up	0.30000000000000004	weakly_stable
WT_775	100	64	3	33	0.64	0.03	0.33	up	0.64	Transitional	Transitional Up	0.36	weakly_stable
WT_776	100	65	4	31	0.65	0.04	0.31	up	0.65	Transitional	Transitional Up	0.35	weakly_stable
WT_777	100	66	2	32	0.66	0.02	0.32	up	0.66	Transitional	Transitional Up	0.33999999999999997	weakly_stable
WT_778	100	68	1	31	0.68	0.01	0.31	up	0.68	Transitional	Transitional Up	0.31999999999999995	weakly_stable
WT_779	100	68	4	28	0.68	0.04	0.28	up	0.68	Transitional	Transitional Up	0.31999999999999995	weakly_stable
WT_78	100	74	3	23	0.74	0.03	0.23	up	0.74	Transitional	Transitional Up	0.26	weakly_stable
WT_780	100	66	0	34	0.66	0	0.34	up	0.66	Transitional	Transitional Up	0.33999999999999997	weakly_stable
WT_781	100	68	4	28	0.68	0.04	0.28	up	0.68	Transitional	Transitional Up	0.31999999999999995	weakly_stable
WT_782	100	65	4	31	0.65	0.04	0.31	up	0.65	Transitional	Transitional Up	0.35	weakly_stable
WT_783	100	62	6	32	0.62	0.06	0.32	up	0.62	Transitional	Transitional Up	0.38	weakly_stable
WT_784	100	74	2	24	0.74	0.02	0.24	up	0.74	Transitional	Transitional Up	0.26	weakly_stable
WT_785	100	67	2	31	0.67	0.02	0.31	up	0.67	Transitional	Transitional Up	0.32999999999999996	weakly_stable
WT_786	100	53	3	44	0.53	0.03	0.44	up	0.53	Transitional	Transitional Up	0.47	weakly_stable
WT_787	100	70	5	25	0.7	0.05	0.25	up	0.7	Transitional	Transitional Up	0.30000000000000004	weakly_stable
WT_788	100	70	2	28	0.7	0.02	0.28	up	0.7	Transitional	Transitional Up	0.30000000000000004	weakly_stable
WT_789	100	72	1	27	0.72	0.01	0.27	up	0.72	Transitional	Transitional Up	0.28	weakly_stable
WT_79	100	71	4	25	0.71	0.04	0.25	up	0.71	Transitional	Transitional Up	0.29000000000000004	weakly_stable
WT_790	100	70	6	24	0.7	0.06	0.24	up	0.7	Transitional	Transitional Up	0.30000000000000004	weakly_stable
WT_791	100	62	4	34	0.62	0.04	0.34	up	0.62	Transitional	Transitional Up	0.38	weakly_stable
WT_792	100	70	5	25	0.7	0.05	0.25	up	0.7	Transitional	Transitional Up	0.30000000000000004	weakly_stable
WT_793	100	73	0	27	0.73	0	0.27	up	0.73	Transitional	Transitional Up	0.27	weakly_stable
WT_794	100	68	5	27	0.68	0.05	0.27	up	0.68	Transitional	Transitional Up	0.31999999999999995	weakly_stable
WT_795	100	67	1	32	0.67	0.01	0.32	up	0.67	Transitional	Transitional Up	0.32999999999999996	weakly_stable
WT_796	100	67	5	28	0.67	0.05	0.28	up	0.67	Transitional	Transitional Up	0.32999999999999996	weakly_stable
WT_797	100	59	5	36	0.59	0.05	0.36	up	0.59	Transitional	Transitional Up	0.41000000000000003	weakly_stable
WT_798	100	64	4	32	0.64	0.04	0.32	up	0.64	Transitional	Transitional Up	0.36	weakly_stable
WT_799	100	68	3	29	0.68	0.03	0.29	up	0.68	Transitional	Transitional Up	0.31999999999999995	weakly_stable
WT_8	100	66	1	33	0.66	0.01	0.33	up	0.66	Transitional	Transitional Up	0.33999999999999997	weakly_stable
WT_80	100	66	2	32	0.66	0.02	0.32	up	0.66	Transitional	Transitional Up	0.33999999999999997	weakly_stable
WT_800	100	67	1	32	0.67	0.01	0.32	up	0.67	Transitional	Transitional Up	0.32999999999999996	weakly_stable
WT_801	100	71	2	27	0.71	0.02	0.27	up	0.71	Transitional	Transitional Up	0.29000000000000004	weakly_stable
WT_802	100	68	4	28	0.68	0.04	0.28	up	0.68	Transitional	Transitional Up	0.31999999999999995	weakly_stable
WT_803	100	66	6	28	0.66	0.06	0.28	up	0.66	Transitional	Transitional Up	0.33999999999999997	weakly_stable
WT_804	100	70	6	24	0.7	0.06	0.24	up	0.7	Transitional	Transitional Up	0.30000000000000004	weakly_stable
WT_805	100	63	2	35	0.63	0.02	0.35	up	0.63	Transitional	Transitional Up	0.37	weakly_stable
WT_806	100	79	4	17	0.79	0.04	0.17	up	0.79	Stable	Stable Up	0.20999999999999996	weakly_stable
WT_807	100	68	0	32	0.68	0	0.32	up	0.68	Transitional	Transitional Up	0.31999999999999995	weakly_stable
WT_808	100	75	2	23	0.75	0.02	0.23	up	0.75	Stable	Stable Up	0.25	weakly_stable
WT_809	100	65	6	29	0.65	0.06	0.29	up	0.65	Transitional	Transitional Up	0.35	weakly_stable
WT_81	100	70	3	27	0.7	0.03	0.27	up	0.7	Transitional	Transitional Up	0.30000000000000004	weakly_stable
WT_810	100	74	5	21	0.74	0.05	0.21	up	0.74	Transitional	Transitional Up	0.26	weakly_stable
WT_811	100	63	4	33	0.63	0.04	0.33	up	0.63	Transitional	Transitional Up	0.37	weakly_stable
WT_812	100	62	5	33	0.62	0.05	0.33	up	0.62	Transitional	Transitional Up	0.38	weakly_stable
WT_813	100	67	4	29	0.67	0.04	0.29	up	0.67	Transitional	Transitional Up	0.32999999999999996	weakly_stable
WT_814	100	69	3	28	0.69	0.03	0.28	up	0.69	Transitional	Transitional Up	0.31000000000000005	weakly_stable
WT_815	100	62	4	34	0.62	0.04	0.34	up	0.62	Transitional	Transitional Up	0.38	weakly_stable
WT_816	100	72	2	26	0.72	0.02	0.26	up	0.72	Transitional	Transitional Up	0.28	weakly_stable
WT_817	100	68	6	26	0.68	0.06	0.26	up	0.68	Transitional	Transitional Up	0.31999999999999995	weakly_stable
WT_818	100	65	3	32	0.65	0.03	0.32	up	0.65	Transitional	Transitional Up	0.35	weakly_stable
WT_819	100	62	7	31	0.62	0.07	0.31	up	0.62	Transitional	Transitional Up	0.38	weakly_stable
WT_82	100	69	2	29	0.69	0.02	0.29	up	0.69	Transitional	Transitional Up	0.31000000000000005	weakly_stable
WT_820	100	58	5	37	0.58	0.05	0.37	up	0.58	Transitional	Transitional Up	0.42000000000000004	weakly_stable
WT_821	100	64	7	29	0.64	0.07	0.29	up	0.64	Transitional	Transitional Up	0.36	weakly_stable
WT_822	100	69	4	27	0.69	0.04	0.27	up	0.69	Transitional	Transitional Up	0.31000000000000005	weakly_stable
WT_823	100	57	8	35	0.57	0.08	0.35	up	0.57	Transitional	Transitional Up	0.43000000000000005	weakly_stable
WT_824	100	57	3	40	0.57	0.03	0.4	up	0.57	Transitional	Transitional Up	0.43000000000000005	weakly_stable
WT_825	100	53	4	43	0.53	0.04	0.43	up	0.53	Transitional	Transitional Up	0.47	weakly_stable
WT_826	100	73	3	24	0.73	0.03	0.24	up	0.73	Transitional	Transitional Up	0.27	weakly_stable
WT_827	100	69	4	27	0.69	0.04	0.27	up	0.69	Transitional	Transitional Up	0.31000000000000005	weakly_stable
WT_828	100	61	4	35	0.61	0.04	0.35	up	0.61	Transitional	Transitional Up	0.39	weakly_stable
WT_829	100	71	3	26	0.71	0.03	0.26	up	0.71	Transitional	Transitional Up	0.29000000000000004	weakly_stable
WT_83	100	65	2	33	0.65	0.02	0.33	up	0.65	Transitional	Transitional Up	0.35	weakly_stable
WT_830	100	77	1	22	0.77	0.01	0.22	up	0.77	Stable	Stable Up	0.22999999999999998	weakly_stable
WT_831	100	61	4	35	0.61	0.04	0.35	up	0.61	Transitional	Transitional Up	0.39	weakly_stable
WT_832	100	68	4	28	0.68	0.04	0.28	up	0.68	Transitional	Transitional Up	0.31999999999999995	weakly_stable
WT_833	100	66	5	29	0.66	0.05	0.29	up	0.66	Transitional	Transitional Up	0.33999999999999997	weakly_stable
WT_834	100	62	2	36	0.62	0.02	0.36	up	0.62	Transitional	Transitional Up	0.38	weakly_stable
WT_835	100	68	4	28	0.68	0.04	0.28	up	0.68	Transitional	Transitional Up	0.31999999999999995	weakly_stable
WT_836	100	74	1	25	0.74	0.01	0.25	up	0.74	Transitional	Transitional Up	0.26	weakly_stable
WT_837	100	70	2	28	0.7	0.02	0.28	up	0.7	Transitional	Transitional Up	0.30000000000000004	weakly_stable
WT_838	100	66	4	30	0.66	0.04	0.3	up	0.66	Transitional	Transitional Up	0.33999999999999997	weakly_stable
WT_839	100	67	3	30	0.67	0.03	0.3	up	0.67	Transitional	Transitional Up	0.32999999999999996	weakly_stable
WT_84	100	67	5	28	0.67	0.05	0.28	up	0.67	Transitional	Transitional Up	0.32999999999999996	weakly_stable
WT_840	100	57	3	40	0.57	0.03	0.4	up	0.57	Transitional	Transitional Up	0.43000000000000005	weakly_stable
WT_841	100	63	2	35	0.63	0.02	0.35	up	0.63	Transitional	Transitional Up	0.37	weakly_stable
WT_842	100	63	3	34	0.63	0.03	0.34	up	0.63	Transitional	Transitional Up	0.37	weakly_stable
WT_843	100	65	1	34	0.65	0.01	0.34	up	0.65	Transitional	Transitional Up	0.35	weakly_stable
WT_844	100	62	4	34	0.62	0.04	0.34	up	0.62	Transitional	Transitional Up	0.38	weakly_stable
WT_845	100	67	1	32	0.67	0.01	0.32	up	0.67	Transitional	Transitional Up	0.32999999999999996	weakly_stable
WT_846	100	64	5	31	0.64	0.05	0.31	up	0.64	Transitional	Transitional Up	0.36	weakly_stable
WT_847	100	69	1	30	0.69	0.01	0.3	up	0.69	Transitional	Transitional Up	0.31000000000000005	weakly_stable
WT_848	100	55	10	35	0.55	0.1	0.35	up	0.55	Transitional	Transitional Up	0.44999999999999996	weakly_stable
WT_849	100	64	2	34	0.64	0.02	0.34	up	0.64	Transitional	Transitional Up	0.36	weakly_stable
WT_85	100	67	3	30	0.67	0.03	0.3	up	0.67	Transitional	Transitional Up	0.32999999999999996	weakly_stable
WT_850	100	67	0	33	0.67	0	0.33	up	0.67	Transitional	Transitional Up	0.32999999999999996	weakly_stable
WT_851	100	74	3	23	0.74	0.03	0.23	up	0.74	Transitional	Transitional Up	0.26	weakly_stable
WT_852	100	63	3	34	0.63	0.03	0.34	up	0.63	Transitional	Transitional Up	0.37	weakly_stable
WT_853	100	62	4	34	0.62	0.04	0.34	up	0.62	Transitional	Transitional Up	0.38	weakly_stable
WT_854	100	71	3	26	0.71	0.03	0.26	up	0.71	Transitional	Transitional Up	0.29000000000000004	weakly_stable
WT_855	100	59	5	36	0.59	0.05	0.36	up	0.59	Transitional	Transitional Up	0.41000000000000003	weakly_stable
WT_856	100	61	2	37	0.61	0.02	0.37	up	0.61	Transitional	Transitional Up	0.39	weakly_stable
WT_857	100	67	2	31	0.67	0.02	0.31	up	0.67	Transitional	Transitional Up	0.32999999999999996	weakly_stable
WT_858	100	71	5	24	0.71	0.05	0.24	up	0.71	Transitional	Transitional Up	0.29000000000000004	weakly_stable
WT_859	100	60	1	39	0.6	0.01	0.39	up	0.6	Transitional	Transitional Up	0.4	weakly_stable
WT_86	100	69	1	30	0.69	0.01	0.3	up	0.69	Transitional	Transitional Up	0.31000000000000005	weakly_stable
WT_860	100	68	2	30	0.68	0.02	0.3	up	0.68	Transitional	Transitional Up	0.31999999999999995	weakly_stable
WT_861	100	65	6	29	0.65	0.06	0.29	up	0.65	Transitional	Transitional Up	0.35	weakly_stable
WT_862	100	63	5	32	0.63	0.05	0.32	up	0.63	Transitional	Transitional Up	0.37	weakly_stable
WT_863	100	61	3	36	0.61	0.03	0.36	up	0.61	Transitional	Transitional Up	0.39	weakly_stable
WT_864	100	69	2	29	0.69	0.02	0.29	up	0.69	Transitional	Transitional Up	0.31000000000000005	weakly_stable
WT_865	100	62	3	35	0.62	0.03	0.35	up	0.62	Transitional	Transitional Up	0.38	weakly_stable
WT_866	100	59	1	40	0.59	0.01	0.4	up	0.59	Transitional	Transitional Up	0.41000000000000003	weakly_stable
WT_867	100	67	4	29	0.67	0.04	0.29	up	0.67	Transitional	Transitional Up	0.32999999999999996	weakly_stable
WT_868	100	68	1	31	0.68	0.01	0.31	up	0.68	Transitional	Transitional Up	0.31999999999999995	weakly_stable
WT_869	100	70	2	28	0.7	0.02	0.28	up	0.7	Transitional	Transitional Up	0.30000000000000004	weakly_stable
WT_87	100	71	6	23	0.71	0.06	0.23	up	0.71	Transitional	Transitional Up	0.29000000000000004	weakly_stable
WT_870	100	59	4	37	0.59	0.04	0.37	up	0.59	Transitional	Transitional Up	0.41000000000000003	weakly_stable
WT_871	100	67	3	30	0.67	0.03	0.3	up	0.67	Transitional	Transitional Up	0.32999999999999996	weakly_stable
WT_872	100	69	2	29	0.69	0.02	0.29	up	0.69	Transitional	Transitional Up	0.31000000000000005	weakly_stable
WT_873	100	63	2	35	0.63	0.02	0.35	up	0.63	Transitional	Transitional Up	0.37	weakly_stable
WT_874	100	69	1	30	0.69	0.01	0.3	up	0.69	Transitional	Transitional Up	0.31000000000000005	weakly_stable
WT_875	100	70	7	23	0.7	0.07	0.23	up	0.7	Transitional	Transitional Up	0.30000000000000004	weakly_stable
WT_876	100	68	5	27	0.68	0.05	0.27	up	0.68	Transitional	Transitional Up	0.31999999999999995	weakly_stable
WT_877	100	57	6	37	0.57	0.06	0.37	up	0.57	Transitional	Transitional Up	0.43000000000000005	weakly_stable
WT_878	100	69	5	26	0.69	0.05	0.26	up	0.69	Transitional	Transitional Up	0.31000000000000005	weakly_stable
WT_879	100	71	4	25	0.71	0.04	0.25	up	0.71	Transitional	Transitional Up	0.29000000000000004	weakly_stable
WT_88	100	68	6	26	0.68	0.06	0.26	up	0.68	Transitional	Transitional Up	0.31999999999999995	weakly_stable
WT_880	100	70	3	27	0.7	0.03	0.27	up	0.7	Transitional	Transitional Up	0.30000000000000004	weakly_stable
WT_881	100	64	1	35	0.64	0.01	0.35	up	0.64	Transitional	Transitional Up	0.36	weakly_stable
WT_882	100	64	5	31	0.64	0.05	0.31	up	0.64	Transitional	Transitional Up	0.36	weakly_stable
WT_883	100	63	7	30	0.63	0.07	0.3	up	0.63	Transitional	Transitional Up	0.37	weakly_stable
WT_884	100	61	2	37	0.61	0.02	0.37	up	0.61	Transitional	Transitional Up	0.39	weakly_stable
WT_885	100	67	2	31	0.67	0.02	0.31	up	0.67	Transitional	Transitional Up	0.32999999999999996	weakly_stable
WT_886	100	63	2	35	0.63	0.02	0.35	up	0.63	Transitional	Transitional Up	0.37	weakly_stable
WT_887	100	66	6	28	0.66	0.06	0.28	up	0.66	Transitional	Transitional Up	0.33999999999999997	weakly_stable
WT_888	100	74	6	20	0.74	0.06	0.2	up	0.74	Transitional	Transitional Up	0.26	weakly_stable
WT_889	100	62	6	32	0.62	0.06	0.32	up	0.62	Transitional	Transitional Up	0.38	weakly_stable
WT_89	100	63	2	35	0.63	0.02	0.35	up	0.63	Transitional	Transitional Up	0.37	weakly_stable
WT_890	100	67	5	28	0.67	0.05	0.28	up	0.67	Transitional	Transitional Up	0.32999999999999996	weakly_stable
WT_891	100	76	4	20	0.76	0.04	0.2	up	0.76	Stable	Stable Up	0.24	weakly_stable
WT_892	100	67	3	30	0.67	0.03	0.3	up	0.67	Transitional	Transitional Up	0.32999999999999996	weakly_stable
WT_893	100	72	1	27	0.72	0.01	0.27	up	0.72	Transitional	Transitional Up	0.28	weakly_stable
WT_894	100	66	2	32	0.66	0.02	0.32	up	0.66	Transitional	Transitional Up	0.33999999999999997	weakly_stable
WT_895	100	67	1	32	0.67	0.01	0.32	up	0.67	Transitional	Transitional Up	0.32999999999999996	weakly_stable
WT_896	100	69	4	27	0.69	0.04	0.27	up	0.69	Transitional	Transitional Up	0.31000000000000005	weakly_stable
WT_897	100	71	2	27	0.71	0.02	0.27	up	0.71	Transitional	Transitional Up	0.29000000000000004	weakly_stable
WT_898	100	65	1	34	0.65	0.01	0.34	up	0.65	Transitional	Transitional Up	0.35	weakly_stable
WT_899	100	64	3	33	0.64	0.03	0.33	up	0.64	Transitional	Transitional Up	0.36	weakly_stable
WT_9	100	67	1	32	0.67	0.01	0.32	up	0.67	Transitional	Transitional Up	0.32999999999999996	weakly_stable
WT_90	100	66	3	31	0.66	0.03	0.31	up	0.66	Transitional	Transitional Up	0.33999999999999997	weakly_stable
WT_900	100	70	2	28	0.7	0.02	0.28	up	0.7	Transitional	Transitional Up	0.30000000000000004	weakly_stable
WT_901	100	66	1	33	0.66	0.01	0.33	up	0.66	Transitional	Transitional Up	0.33999999999999997	weakly_stable
WT_902	100	67	3	30	0.67	0.03	0.3	up	0.67	Transitional	Transitional Up	0.32999999999999996	weakly_stable
WT_903	100	67	4	29	0.67	0.04	0.29	up	0.67	Transitional	Transitional Up	0.32999999999999996	weakly_stable
WT_904	100	72	4	24	0.72	0.04	0.24	up	0.72	Transitional	Transitional Up	0.28	weakly_stable
WT_905	100	64	3	33	0.64	0.03	0.33	up	0.64	Transitional	Transitional Up	0.36	weakly_stable
WT_906	100	67	4	29	0.67	0.04	0.29	up	0.67	Transitional	Transitional Up	0.32999999999999996	weakly_stable
WT_907	100	65	4	31	0.65	0.04	0.31	up	0.65	Transitional	Transitional Up	0.35	weakly_stable
WT_908	100	64	3	33	0.64	0.03	0.33	up	0.64	Transitional	Transitional Up	0.36	weakly_stable
WT_909	100	60	5	35	0.6	0.05	0.35	up	0.6	Transitional	Transitional Up	0.4	weakly_stable
WT_91	100	66	2	32	0.66	0.02	0.32	up	0.66	Transitional	Transitional Up	0.33999999999999997	weakly_stable
WT_910	100	67	3	30	0.67	0.03	0.3	up	0.67	Transitional	Transitional Up	0.32999999999999996	weakly_stable
WT_911	100	63	3	34	0.63	0.03	0.34	up	0.63	Transitional	Transitional Up	0.37	weakly_stable
WT_912	100	72	1	27	0.72	0.01	0.27	up	0.72	Transitional	Transitional Up	0.28	weakly_stable
WT_913	100	69	1	30	0.69	0.01	0.3	up	0.69	Transitional	Transitional Up	0.31000000000000005	weakly_stable
WT_914	100	67	2	31	0.67	0.02	0.31	up	0.67	Transitional	Transitional Up	0.32999999999999996	weakly_stable
WT_915	100	62	4	34	0.62	0.04	0.34	up	0.62	Transitional	Transitional Up	0.38	weakly_stable
WT_916	100	59	1	40	0.59	0.01	0.4	up	0.59	Transitional	Transitional Up	0.41000000000000003	weakly_stable
WT_917	100	65	3	32	0.65	0.03	0.32	up	0.65	Transitional	Transitional Up	0.35	weakly_stable
WT_918	100	68	4	28	0.68	0.04	0.28	up	0.68	Transitional	Transitional Up	0.31999999999999995	weakly_stable
WT_919	100	62	3	35	0.62	0.03	0.35	up	0.62	Transitional	Transitional Up	0.38	weakly_stable
WT_92	100	66	3	31	0.66	0.03	0.31	up	0.66	Transitional	Transitional Up	0.33999999999999997	weakly_stable
WT_920	100	56	2	42	0.56	0.02	0.42	up	0.56	Transitional	Transitional Up	0.43999999999999995	weakly_stable
WT_921	100	66	2	32	0.66	0.02	0.32	up	0.66	Transitional	Transitional Up	0.33999999999999997	weakly_stable
WT_922	100	70	4	26	0.7	0.04	0.26	up	0.7	Transitional	Transitional Up	0.30000000000000004	weakly_stable
WT_923	100	66	4	30	0.66	0.04	0.3	up	0.66	Transitional	Transitional Up	0.33999999999999997	weakly_stable
WT_924	100	60	6	34	0.6	0.06	0.34	up	0.6	Transitional	Transitional Up	0.4	weakly_stable
WT_925	100	56	4	40	0.56	0.04	0.4	up	0.56	Transitional	Transitional Up	0.43999999999999995	weakly_stable
WT_926	100	67	4	29	0.67	0.04	0.29	up	0.67	Transitional	Transitional Up	0.32999999999999996	weakly_stable
WT_927	100	67	5	28	0.67	0.05	0.28	up	0.67	Transitional	Transitional Up	0.32999999999999996	weakly_stable
WT_928	100	68	3	29	0.68	0.03	0.29	up	0.68	Transitional	Transitional Up	0.31999999999999995	weakly_stable
WT_929	100	67	3	30	0.67	0.03	0.3	up	0.67	Transitional	Transitional Up	0.32999999999999996	weakly_stable
WT_93	100	65	4	31	0.65	0.04	0.31	up	0.65	Transitional	Transitional Up	0.35	weakly_stable
WT_930	100	65	3	32	0.65	0.03	0.32	up	0.65	Transitional	Transitional Up	0.35	weakly_stable
WT_931	100	63	6	31	0.63	0.06	0.31	up	0.63	Transitional	Transitional Up	0.37	weakly_stable
WT_932	100	62	2	36	0.62	0.02	0.36	up	0.62	Transitional	Transitional Up	0.38	weakly_stable
WT_933	100	67	4	29	0.67	0.04	0.29	up	0.67	Transitional	Transitional Up	0.32999999999999996	weakly_stable
WT_934	100	67	3	30	0.67	0.03	0.3	up	0.67	Transitional	Transitional Up	0.32999999999999996	weakly_stable
WT_935	100	73	2	25	0.73	0.02	0.25	up	0.73	Transitional	Transitional Up	0.27	weakly_stable
WT_936	100	71	2	27	0.71	0.02	0.27	up	0.71	Transitional	Transitional Up	0.29000000000000004	weakly_stable
WT_937	100	61	4	35	0.61	0.04	0.35	up	0.61	Transitional	Transitional Up	0.39	weakly_stable
WT_938	100	67	4	29	0.67	0.04	0.29	up	0.67	Transitional	Transitional Up	0.32999999999999996	weakly_stable
WT_939	100	63	3	34	0.63	0.03	0.34	up	0.63	Transitional	Transitional Up	0.37	weakly_stable
WT_94	100	61	6	33	0.61	0.06	0.33	up	0.61	Transitional	Transitional Up	0.39	weakly_stable
WT_940	100	70	1	29	0.7	0.01	0.29	up	0.7	Transitional	Transitional Up	0.30000000000000004	weakly_stable
WT_941	100	66	5	29	0.66	0.05	0.29	up	0.66	Transitional	Transitional Up	0.33999999999999997	weakly_stable
WT_942	100	64	2	34	0.64	0.02	0.34	up	0.64	Transitional	Transitional Up	0.36	weakly_stable
WT_943	100	72	4	24	0.72	0.04	0.24	up	0.72	Transitional	Transitional Up	0.28	weakly_stable
WT_944	100	69	7	24	0.69	0.07	0.24	up	0.69	Transitional	Transitional Up	0.31000000000000005	weakly_stable
WT_945	100	70	4	26	0.7	0.04	0.26	up	0.7	Transitional	Transitional Up	0.30000000000000004	weakly_stable
WT_946	100	63	2	35	0.63	0.02	0.35	up	0.63	Transitional	Transitional Up	0.37	weakly_stable
WT_947	100	69	4	27	0.69	0.04	0.27	up	0.69	Transitional	Transitional Up	0.31000000000000005	weakly_stable
WT_948	100	71	3	26	0.71	0.03	0.26	up	0.71	Transitional	Transitional Up	0.29000000000000004	weakly_stable
WT_949	100	65	4	31	0.65	0.04	0.31	up	0.65	Transitional	Transitional Up	0.35	weakly_stable
WT_95	100	69	6	25	0.69	0.06	0.25	up	0.69	Transitional	Transitional Up	0.31000000000000005	weakly_stable
WT_950	100	69	2	29	0.69	0.02	0.29	up	0.69	Transitional	Transitional Up	0.31000000000000005	weakly_stable
WT_951	100	60	7	33	0.6	0.07	0.33	up	0.6	Transitional	Transitional Up	0.4	weakly_stable
WT_952	100	63	6	31	0.63	0.06	0.31	up	0.63	Transitional	Transitional Up	0.37	weakly_stable
WT_953	100	76	0	24	0.76	0	0.24	up	0.76	Stable	Stable Up	0.24	weakly_stable
WT_954	100	75	3	22	0.75	0.03	0.22	up	0.75	Stable	Stable Up	0.25	weakly_stable
WT_955	100	73	0	27	0.73	0	0.27	up	0.73	Transitional	Transitional Up	0.27	weakly_stable
WT_956	100	60	5	35	0.6	0.05	0.35	up	0.6	Transitional	Transitional Up	0.4	weakly_stable
WT_957	100	58	10	32	0.58	0.1	0.32	up	0.58	Transitional	Transitional Up	0.42000000000000004	weakly_stable
WT_958	100	62	5	33	0.62	0.05	0.33	up	0.62	Transitional	Transitional Up	0.38	weakly_stable
WT_959	100	61	4	35	0.61	0.04	0.35	up	0.61	Transitional	Transitional Up	0.39	weakly_stable
WT_96	100	67	5	28	0.67	0.05	0.28	up	0.67	Transitional	Transitional Up	0.32999999999999996	weakly_stable
WT_960	100	75	2	23	0.75	0.02	0.23	up	0.75	Stable	Stable Up	0.25	weakly_stable
WT_961	100	73	2	25	0.73	0.02	0.25	up	0.73	Transitional	Transitional Up	0.27	weakly_stable
WT_962	100	70	1	29	0.7	0.01	0.29	up	0.7	Transitional	Transitional Up	0.30000000000000004	weakly_stable
WT_963	100	66	6	28	0.66	0.06	0.28	up	0.66	Transitional	Transitional Up	0.33999999999999997	weakly_stable
WT_964	100	57	3	40	0.57	0.03	0.4	up	0.57	Transitional	Transitional Up	0.43000000000000005	weakly_stable
WT_965	100	65	3	32	0.65	0.03	0.32	up	0.65	Transitional	Transitional Up	0.35	weakly_stable
WT_966	100	65	2	33	0.65	0.02	0.33	up	0.65	Transitional	Transitional Up	0.35	weakly_stable
WT_967	100	71	0	29	0.71	0	0.29	up	0.71	Transitional	Transitional Up	0.29000000000000004	weakly_stable
WT_968	100	65	3	32	0.65	0.03	0.32	up	0.65	Transitional	Transitional Up	0.35	weakly_stable
WT_969	100	71	3	26	0.71	0.03	0.26	up	0.71	Transitional	Transitional Up	0.29000000000000004	weakly_stable
WT_97	100	67	1	32	0.67	0.01	0.32	up	0.67	Transitional	Transitional Up	0.32999999999999996	weakly_stable
WT_970	100	71	2	27	0.71	0.02	0.27	up	0.71	Transitional	Transitional Up	0.29000000000000004	weakly_stable
WT_971	100	70	0	30	0.7	0	0.3	up	0.7	Transitional	Transitional Up	0.30000000000000004	weakly_stable
WT_972	100	65	3	32	0.65	0.03	0.32	up	0.65	Transitional	Transitional Up	0.35	weakly_stable
WT_973	100	72	4	24	0.72	0.04	0.24	up	0.72	Transitional	Transitional Up	0.28	weakly_stable
WT_974	100	76	2	22	0.76	0.02	0.22	up	0.76	Stable	Stable Up	0.24	weakly_stable
WT_975	100	64	0	36	0.64	0	0.36	up	0.64	Transitional	Transitional Up	0.36	weakly_stable
WT_976	100	66	1	33	0.66	0.01	0.33	up	0.66	Transitional	Transitional Up	0.33999999999999997	weakly_stable
WT_977	100	67	5	28	0.67	0.05	0.28	up	0.67	Transitional	Transitional Up	0.32999999999999996	weakly_stable
WT_978	100	63	3	34	0.63	0.03	0.34	up	0.63	Transitional	Transitional Up	0.37	weakly_stable
WT_979	100	70	2	28	0.7	0.02	0.28	up	0.7	Transitional	Transitional Up	0.30000000000000004	weakly_stable
WT_98	100	63	3	34	0.63	0.03	0.34	up	0.63	Transitional	Transitional Up	0.37	weakly_stable
WT_980	100	69	3	28	0.69	0.03	0.28	up	0.69	Transitional	Transitional Up	0.31000000000000005	weakly_stable
WT_981	100	65	3	32	0.65	0.03	0.32	up	0.65	Transitional	Transitional Up	0.35	weakly_stable
WT_982	100	72	2	26	0.72	0.02	0.26	up	0.72	Transitional	Transitional Up	0.28	weakly_stable
WT_983	100	67	3	30	0.67	0.03	0.3	up	0.67	Transitional	Transitional Up	0.32999999999999996	weakly_stable
WT_984	100	67	4	29	0.67	0.04	0.29	up	0.67	Transitional	Transitional Up	0.32999999999999996	weakly_stable
WT_985	100	64	3	33	0.64	0.03	0.33	up	0.64	Transitional	Transitional Up	0.36	weakly_stable
WT_986	100	66	2	32	0.66	0.02	0.32	up	0.66	Transitional	Transitional Up	0.33999999999999997	weakly_stable
WT_987	100	76	7	17	0.76	0.07	0.17	up	0.76	Stable	Stable Up	0.24	weakly_stable
WT_988	100	75	1	24	0.75	0.01	0.24	up	0.75	Stable	Stable Up	0.25	weakly_stable
WT_989	100	61	4	35	0.61	0.04	0.35	up	0.61	Transitional	Transitional Up	0.39	weakly_stable
WT_99	100	60	3	37	0.6	0.03	0.37	up	0.6	Transitional	Transitional Up	0.4	weakly_stable
WT_990	100	61	4	35	0.61	0.04	0.35	up	0.61	Transitional	Transitional Up	0.39	weakly_stable
WT_991	100	68	1	31	0.68	0.01	0.31	up	0.68	Transitional	Transitional Up	0.31999999999999995	weakly_stable
WT_992	100	70	3	27	0.7	0.03	0.27	up	0.7	Transitional	Transitional Up	0.30000000000000004	weakly_stable
WT_993	100	68	1	31	0.68	0.01	0.31	up	0.68	Transitional	Transitional Up	0.31999999999999995	weakly_stable
WT_994	100	74	3	23	0.74	0.03	0.23	up	0.74	Transitional	Transitional Up	0.26	weakly_stable
WT_995	100	73	4	23	0.73	0.04	0.23	up	0.73	Transitional	Transitional Up	0.27	weakly_stable
WT_996	100	61	3	36	0.61	0.03	0.36	up	0.61	Transitional	Transitional Up	0.39	weakly_stable
WT_997	100	59	10	31	0.59	0.1	0.31	up	0.59	Transitional	Transitional Up	0.41000000000000003	weakly_stable
WT_998	100	58	6	36	0.58	0.06	0.36	up	0.58	Transitional	Transitional Up	0.42000000000000004	weakly_stable
WT_999	100	67	5	28	0.67	0.05	0.28	up	0.67	Transitional	Transitional Up	0.32999999999999996	weakly_stable
