feature_id	instability_count	instability_conditions	mean_SSI	mean_stability_deviation	max_stability_deviation	is_des	is_uv	is_gam	is_lt	is_ht	is_osm	instability_category
RvY_00354-1	1	des	0.7946428571428572	0.20535714285714285	0.5	TRUE	FALSE	FALSE	FALSE	FALSE	FALSE	des_specific_instable
RvY_00640-1	1	des	0.7946428571428572	0.20535714285714285	0.5	TRUE	FALSE	FALSE	FALSE	FALSE	FALSE	des_specific_instable
RvY_00666-1	1	des	0.7946428571428572	0.20535714285714285	0.5	TRUE	FALSE	FALSE	FALSE	FALSE	FALSE	des_specific_instable
RvY_00708-1	1	des	0.7946428571428572	0.20535714285714285	0.5	TRUE	FALSE	FALSE	FALSE	FALSE	FALSE	des_specific_instable
RvY_00775-1	1	des	0.7946428571428572	0.20535714285714285	0.5	TRUE	FALSE	FALSE	FALSE	FALSE	FALSE	des_specific_instable
RvY_00943	1	des	0.7946428571428572	0.20535714285714285	0.5	TRUE	FALSE	FALSE	FALSE	FALSE	FALSE	des_specific_instable
RvY_01100	1	des	0.7946428571428572	0.20535714285714285	0.5	TRUE	FALSE	FALSE	FALSE	FALSE	FALSE	des_specific_instable
RvY_01117-1	1	des	0.7946428571428572	0.20535714285714285	0.5	TRUE	FALSE	FALSE	FALSE	FALSE	FALSE	des_specific_instable
RvY_01501-1	1	des	0.7946428571428572	0.20535714285714285	0.5	TRUE	FALSE	FALSE	FALSE	FALSE	FALSE	des_specific_instable
RvY_01582-1	1	des	0.7946428571428572	0.20535714285714285	0.5	TRUE	FALSE	FALSE	FALSE	FALSE	FALSE	des_specific_instable
RvY_01692	1	des	0.7946428571428572	0.20535714285714285	0.5	TRUE	FALSE	FALSE	FALSE	FALSE	FALSE	des_specific_instable
RvY_01743-1	1	des	0.7946428571428572	0.20535714285714285	0.5	TRUE	FALSE	FALSE	FALSE	FALSE	FALSE	des_specific_instable
RvY_01900-1	1	des	0.7946428571428572	0.20535714285714285	0.5	TRUE	FALSE	FALSE	FALSE	FALSE	FALSE	des_specific_instable
RvY_02133-1	1	des	0.7946428571428572	0.20535714285714285	0.5	TRUE	FALSE	FALSE	FALSE	FALSE	FALSE	des_specific_instable
RvY_02208-1	1	des	0.7946428571428572	0.20535714285714285	0.5	TRUE	FALSE	FALSE	FALSE	FALSE	FALSE	des_specific_instable
RvY_02432-2	1	des	0.7946428571428572	0.20535714285714285	0.5	TRUE	FALSE	FALSE	FALSE	FALSE	FALSE	des_specific_instable
RvY_02445-1	1	des	0.7946428571428572	0.20535714285714285	0.5	TRUE	FALSE	FALSE	FALSE	FALSE	FALSE	des_specific_instable
RvY_02535-1	1	des	0.7946428571428572	0.20535714285714285	0.5	TRUE	FALSE	FALSE	FALSE	FALSE	FALSE	des_specific_instable
RvY_03026-1	1	des	0.7946428571428572	0.20535714285714285	0.5	TRUE	FALSE	FALSE	FALSE	FALSE	FALSE	des_specific_instable
RvY_03140-1	1	des	0.7946428571428572	0.20535714285714285	0.5	TRUE	FALSE	FALSE	FALSE	FALSE	FALSE	des_specific_instable
RvY_03141-1	1	des	0.7946428571428572	0.20535714285714285	0.5	TRUE	FALSE	FALSE	FALSE	FALSE	FALSE	des_specific_instable
RvY_03200-1	1	des	0.7946428571428572	0.20535714285714285	0.5	TRUE	FALSE	FALSE	FALSE	FALSE	FALSE	des_specific_instable
RvY_03402-1	1	des	0.7946428571428572	0.20535714285714285	0.5	TRUE	FALSE	FALSE	FALSE	FALSE	FALSE	des_specific_instable
RvY_03650	1	des	0.7946428571428572	0.20535714285714285	0.5	TRUE	FALSE	FALSE	FALSE	FALSE	FALSE	des_specific_instable
RvY_03858-1	1	des	0.7946428571428572	0.20535714285714285	0.5	TRUE	FALSE	FALSE	FALSE	FALSE	FALSE	des_specific_instable
RvY_03906-1	1	des	0.7946428571428572	0.20535714285714285	0.5	TRUE	FALSE	FALSE	FALSE	FALSE	FALSE	des_specific_instable
RvY_04125-1	1	des	0.7946428571428572	0.20535714285714285	0.5	TRUE	FALSE	FALSE	FALSE	FALSE	FALSE	des_specific_instable
RvY_04303-1	1	des	0.7946428571428572	0.20535714285714285	0.5	TRUE	FALSE	FALSE	FALSE	FALSE	FALSE	des_specific_instable
RvY_04374	1	des	0.7946428571428572	0.20535714285714285	0.5	TRUE	FALSE	FALSE	FALSE	FALSE	FALSE	des_specific_instable
RvY_04918-1	1	des	0.7946428571428572	0.20535714285714285	0.5	TRUE	FALSE	FALSE	FALSE	FALSE	FALSE	des_specific_instable
RvY_05314-1	1	des	0.7946428571428572	0.20535714285714285	0.5	TRUE	FALSE	FALSE	FALSE	FALSE	FALSE	des_specific_instable
RvY_05545-1	1	des	0.7946428571428572	0.20535714285714285	0.5	TRUE	FALSE	FALSE	FALSE	FALSE	FALSE	des_specific_instable
RvY_05683-1	1	des	0.7946428571428572	0.20535714285714285	0.5	TRUE	FALSE	FALSE	FALSE	FALSE	FALSE	des_specific_instable
RvY_05691	1	des	0.7946428571428572	0.20535714285714285	0.5	TRUE	FALSE	FALSE	FALSE	FALSE	FALSE	des_specific_instable
RvY_05712-1	1	des	0.7946428571428572	0.20535714285714285	0.5	TRUE	FALSE	FALSE	FALSE	FALSE	FALSE	des_specific_instable
RvY_05930-1	1	des	0.7946428571428572	0.20535714285714285	0.5	TRUE	FALSE	FALSE	FALSE	FALSE	FALSE	des_specific_instable
RvY_06062-1	1	des	0.7946428571428572	0.20535714285714285	0.5	TRUE	FALSE	FALSE	FALSE	FALSE	FALSE	des_specific_instable
RvY_06104-1	1	des	0.7946428571428572	0.20535714285714285	0.5	TRUE	FALSE	FALSE	FALSE	FALSE	FALSE	des_specific_instable
RvY_06132-1	1	des	0.7946428571428572	0.20535714285714285	0.5	TRUE	FALSE	FALSE	FALSE	FALSE	FALSE	des_specific_instable
RvY_06171-1	1	des	0.7946428571428572	0.20535714285714285	0.5	TRUE	FALSE	FALSE	FALSE	FALSE	FALSE	des_specific_instable
RvY_06356-1	1	des	0.7946428571428572	0.20535714285714285	0.5	TRUE	FALSE	FALSE	FALSE	FALSE	FALSE	des_specific_instable
RvY_06425-1	1	des	0.7946428571428572	0.20535714285714285	0.5	TRUE	FALSE	FALSE	FALSE	FALSE	FALSE	des_specific_instable
RvY_06531	1	des	0.7946428571428572	0.20535714285714285	0.5	TRUE	FALSE	FALSE	FALSE	FALSE	FALSE	des_specific_instable
RvY_06679-1	1	des	0.7946428571428572	0.20535714285714285	0.5	TRUE	FALSE	FALSE	FALSE	FALSE	FALSE	des_specific_instable
RvY_06835	1	des	0.7946428571428572	0.20535714285714285	0.5	TRUE	FALSE	FALSE	FALSE	FALSE	FALSE	des_specific_instable
RvY_06889-1	1	des	0.7946428571428572	0.20535714285714285	0.5	TRUE	FALSE	FALSE	FALSE	FALSE	FALSE	des_specific_instable
RvY_07035	1	des	0.7946428571428572	0.20535714285714285	0.5	TRUE	FALSE	FALSE	FALSE	FALSE	FALSE	des_specific_instable
RvY_07437	1	des	0.7946428571428572	0.20535714285714285	0.5	TRUE	FALSE	FALSE	FALSE	FALSE	FALSE	des_specific_instable
RvY_07471-1	1	des	0.7946428571428572	0.20535714285714285	0.5	TRUE	FALSE	FALSE	FALSE	FALSE	FALSE	des_specific_instable
RvY_07548	1	des	0.7946428571428572	0.20535714285714285	0.5	TRUE	FALSE	FALSE	FALSE	FALSE	FALSE	des_specific_instable
RvY_07896-1	1	des	0.7946428571428572	0.20535714285714285	0.5	TRUE	FALSE	FALSE	FALSE	FALSE	FALSE	des_specific_instable
RvY_08036-1	1	des	0.7946428571428572	0.20535714285714285	0.5	TRUE	FALSE	FALSE	FALSE	FALSE	FALSE	des_specific_instable
RvY_08121-1	1	des	0.7946428571428572	0.20535714285714285	0.5	TRUE	FALSE	FALSE	FALSE	FALSE	FALSE	des_specific_instable
RvY_08395-1	1	des	0.7946428571428572	0.20535714285714285	0.5	TRUE	FALSE	FALSE	FALSE	FALSE	FALSE	des_specific_instable
RvY_08423-1	1	des	0.7946428571428572	0.20535714285714285	0.5	TRUE	FALSE	FALSE	FALSE	FALSE	FALSE	des_specific_instable
RvY_08515-1	1	des	0.7946428571428572	0.20535714285714285	0.5	TRUE	FALSE	FALSE	FALSE	FALSE	FALSE	des_specific_instable
RvY_09187-1	1	des	0.7946428571428572	0.20535714285714285	0.5	TRUE	FALSE	FALSE	FALSE	FALSE	FALSE	des_specific_instable
RvY_09273	1	des	0.7946428571428572	0.20535714285714285	0.5	TRUE	FALSE	FALSE	FALSE	FALSE	FALSE	des_specific_instable
RvY_09449-1	1	des	0.7946428571428572	0.20535714285714285	0.5	TRUE	FALSE	FALSE	FALSE	FALSE	FALSE	des_specific_instable
RvY_09457-1	1	des	0.7946428571428572	0.20535714285714285	0.5	TRUE	FALSE	FALSE	FALSE	FALSE	FALSE	des_specific_instable
RvY_10025	1	des	0.7946428571428572	0.20535714285714285	0.5	TRUE	FALSE	FALSE	FALSE	FALSE	FALSE	des_specific_instable
RvY_10269-1	1	des	0.7946428571428572	0.20535714285714285	0.5	TRUE	FALSE	FALSE	FALSE	FALSE	FALSE	des_specific_instable
RvY_10293-1	1	des	0.7946428571428572	0.20535714285714285	0.5	TRUE	FALSE	FALSE	FALSE	FALSE	FALSE	des_specific_instable
RvY_10338-1	1	des	0.7946428571428572	0.20535714285714285	0.5	TRUE	FALSE	FALSE	FALSE	FALSE	FALSE	des_specific_instable
RvY_10358-1	1	des	0.7946428571428572	0.20535714285714285	0.5	TRUE	FALSE	FALSE	FALSE	FALSE	FALSE	des_specific_instable
RvY_10442-1	1	des	0.7946428571428572	0.20535714285714285	0.5	TRUE	FALSE	FALSE	FALSE	FALSE	FALSE	des_specific_instable
RvY_10559-1	1	des	0.7946428571428572	0.20535714285714285	0.5	TRUE	FALSE	FALSE	FALSE	FALSE	FALSE	des_specific_instable
RvY_10565	1	des	0.7946428571428572	0.20535714285714285	0.5	TRUE	FALSE	FALSE	FALSE	FALSE	FALSE	des_specific_instable
RvY_10569-1	1	des	0.7946428571428572	0.20535714285714285	0.5	TRUE	FALSE	FALSE	FALSE	FALSE	FALSE	des_specific_instable
RvY_10869-1	1	des	0.7946428571428572	0.20535714285714285	0.5	TRUE	FALSE	FALSE	FALSE	FALSE	FALSE	des_specific_instable
RvY_11047-1	1	des	0.7946428571428572	0.20535714285714285	0.5	TRUE	FALSE	FALSE	FALSE	FALSE	FALSE	des_specific_instable
RvY_11109-1	1	des	0.7946428571428572	0.20535714285714285	0.5	TRUE	FALSE	FALSE	FALSE	FALSE	FALSE	des_specific_instable
RvY_11197-1	1	des	0.7946428571428572	0.20535714285714285	0.5	TRUE	FALSE	FALSE	FALSE	FALSE	FALSE	des_specific_instable
RvY_11620-1	1	des	0.7946428571428572	0.20535714285714285	0.5	TRUE	FALSE	FALSE	FALSE	FALSE	FALSE	des_specific_instable
RvY_11651-1	1	des	0.7946428571428572	0.20535714285714285	0.5	TRUE	FALSE	FALSE	FALSE	FALSE	FALSE	des_specific_instable
RvY_11738-1	1	des	0.7946428571428572	0.20535714285714285	0.5	TRUE	FALSE	FALSE	FALSE	FALSE	FALSE	des_specific_instable
RvY_12118-1	1	des	0.7946428571428572	0.20535714285714285	0.5	TRUE	FALSE	FALSE	FALSE	FALSE	FALSE	des_specific_instable
RvY_12255	1	des	0.7946428571428572	0.20535714285714285	0.5	TRUE	FALSE	FALSE	FALSE	FALSE	FALSE	des_specific_instable
RvY_12461	1	des	0.7946428571428572	0.20535714285714285	0.5	TRUE	FALSE	FALSE	FALSE	FALSE	FALSE	des_specific_instable
RvY_12467-1	1	des	0.7946428571428572	0.20535714285714285	0.5	TRUE	FALSE	FALSE	FALSE	FALSE	FALSE	des_specific_instable
RvY_12474-1	1	des	0.7946428571428572	0.20535714285714285	0.5	TRUE	FALSE	FALSE	FALSE	FALSE	FALSE	des_specific_instable
RvY_12507-1	1	des	0.7946428571428572	0.20535714285714285	0.5	TRUE	FALSE	FALSE	FALSE	FALSE	FALSE	des_specific_instable
RvY_12561	1	des	0.7946428571428572	0.20535714285714285	0.5	TRUE	FALSE	FALSE	FALSE	FALSE	FALSE	des_specific_instable
RvY_12639-1	1	des	0.7946428571428572	0.20535714285714285	0.5	TRUE	FALSE	FALSE	FALSE	FALSE	FALSE	des_specific_instable
RvY_12701-1	1	des	0.7946428571428572	0.20535714285714285	0.5	TRUE	FALSE	FALSE	FALSE	FALSE	FALSE	des_specific_instable
RvY_13072-1	1	des	0.7946428571428572	0.20535714285714285	0.5	TRUE	FALSE	FALSE	FALSE	FALSE	FALSE	des_specific_instable
RvY_13294-1	1	des	0.7946428571428572	0.20535714285714285	0.5	TRUE	FALSE	FALSE	FALSE	FALSE	FALSE	des_specific_instable
RvY_13348	1	des	0.7946428571428572	0.20535714285714285	0.5	TRUE	FALSE	FALSE	FALSE	FALSE	FALSE	des_specific_instable
RvY_13370-1	1	des	0.7946428571428572	0.20535714285714285	0.5	TRUE	FALSE	FALSE	FALSE	FALSE	FALSE	des_specific_instable
RvY_13530-1	1	des	0.7946428571428572	0.20535714285714285	0.5	TRUE	FALSE	FALSE	FALSE	FALSE	FALSE	des_specific_instable
RvY_13565-1	1	des	0.7946428571428572	0.20535714285714285	0.5	TRUE	FALSE	FALSE	FALSE	FALSE	FALSE	des_specific_instable
RvY_13601-1	1	des	0.7946428571428572	0.20535714285714285	0.5	TRUE	FALSE	FALSE	FALSE	FALSE	FALSE	des_specific_instable
RvY_13790	1	des	0.7946428571428572	0.20535714285714285	0.5	TRUE	FALSE	FALSE	FALSE	FALSE	FALSE	des_specific_instable
RvY_13826	1	des	0.7946428571428572	0.20535714285714285	0.5	TRUE	FALSE	FALSE	FALSE	FALSE	FALSE	des_specific_instable
RvY_14204	1	des	0.7946428571428572	0.20535714285714285	0.5	TRUE	FALSE	FALSE	FALSE	FALSE	FALSE	des_specific_instable
RvY_14218-1	1	des	0.7946428571428572	0.20535714285714285	0.5	TRUE	FALSE	FALSE	FALSE	FALSE	FALSE	des_specific_instable
RvY_14507-1	1	des	0.7946428571428572	0.20535714285714285	0.5	TRUE	FALSE	FALSE	FALSE	FALSE	FALSE	des_specific_instable
RvY_14537-1	1	des	0.7946428571428572	0.20535714285714285	0.5	TRUE	FALSE	FALSE	FALSE	FALSE	FALSE	des_specific_instable
RvY_14691-1	1	des	0.7946428571428572	0.20535714285714285	0.5	TRUE	FALSE	FALSE	FALSE	FALSE	FALSE	des_specific_instable
RvY_15034	1	des	0.7946428571428572	0.20535714285714285	0.5	TRUE	FALSE	FALSE	FALSE	FALSE	FALSE	des_specific_instable
RvY_15206-1	1	des	0.7946428571428572	0.20535714285714285	0.5	TRUE	FALSE	FALSE	FALSE	FALSE	FALSE	des_specific_instable
RvY_15256	1	des	0.7946428571428572	0.20535714285714285	0.5	TRUE	FALSE	FALSE	FALSE	FALSE	FALSE	des_specific_instable
RvY_15319	1	des	0.7946428571428572	0.20535714285714285	0.5	TRUE	FALSE	FALSE	FALSE	FALSE	FALSE	des_specific_instable
RvY_15359-1	1	des	0.7946428571428572	0.20535714285714285	0.5	TRUE	FALSE	FALSE	FALSE	FALSE	FALSE	des_specific_instable
RvY_15503-1	1	des	0.7946428571428572	0.20535714285714285	0.5	TRUE	FALSE	FALSE	FALSE	FALSE	FALSE	des_specific_instable
RvY_15575	1	des	0.7946428571428572	0.20535714285714285	0.5	TRUE	FALSE	FALSE	FALSE	FALSE	FALSE	des_specific_instable
RvY_15639-1	1	des	0.7946428571428572	0.20535714285714285	0.5	TRUE	FALSE	FALSE	FALSE	FALSE	FALSE	des_specific_instable
RvY_15697-1	1	des	0.7946428571428572	0.20535714285714285	0.5	TRUE	FALSE	FALSE	FALSE	FALSE	FALSE	des_specific_instable
RvY_15735-1	1	des	0.7946428571428572	0.20535714285714285	0.5	TRUE	FALSE	FALSE	FALSE	FALSE	FALSE	des_specific_instable
RvY_15845-1	1	des	0.7946428571428572	0.20535714285714285	0.5	TRUE	FALSE	FALSE	FALSE	FALSE	FALSE	des_specific_instable
RvY_15961-1	1	des	0.7946428571428572	0.20535714285714285	0.5	TRUE	FALSE	FALSE	FALSE	FALSE	FALSE	des_specific_instable
RvY_16350-1	1	des	0.7946428571428572	0.20535714285714285	0.5	TRUE	FALSE	FALSE	FALSE	FALSE	FALSE	des_specific_instable
RvY_16376-1	1	des	0.7946428571428572	0.20535714285714285	0.5	TRUE	FALSE	FALSE	FALSE	FALSE	FALSE	des_specific_instable
RvY_16561	1	des	0.7946428571428572	0.20535714285714285	0.5	TRUE	FALSE	FALSE	FALSE	FALSE	FALSE	des_specific_instable
RvY_16667	1	des	0.7946428571428572	0.20535714285714285	0.5	TRUE	FALSE	FALSE	FALSE	FALSE	FALSE	des_specific_instable
RvY_16697-1	1	des	0.7946428571428572	0.20535714285714285	0.5	TRUE	FALSE	FALSE	FALSE	FALSE	FALSE	des_specific_instable
RvY_16734-1	1	des	0.7946428571428572	0.20535714285714285	0.5	TRUE	FALSE	FALSE	FALSE	FALSE	FALSE	des_specific_instable
RvY_17260-1	1	des	0.7946428571428572	0.20535714285714285	0.5	TRUE	FALSE	FALSE	FALSE	FALSE	FALSE	des_specific_instable
RvY_17289-1	1	des	0.7946428571428572	0.20535714285714285	0.5	TRUE	FALSE	FALSE	FALSE	FALSE	FALSE	des_specific_instable
RvY_17303-1	1	des	0.7946428571428572	0.20535714285714285	0.5	TRUE	FALSE	FALSE	FALSE	FALSE	FALSE	des_specific_instable
RvY_17372-1	1	des	0.7946428571428572	0.20535714285714285	0.5	TRUE	FALSE	FALSE	FALSE	FALSE	FALSE	des_specific_instable
RvY_17526-1	1	des	0.7946428571428572	0.20535714285714285	0.5	TRUE	FALSE	FALSE	FALSE	FALSE	FALSE	des_specific_instable
RvY_17550-1	1	des	0.7946428571428572	0.20535714285714285	0.5	TRUE	FALSE	FALSE	FALSE	FALSE	FALSE	des_specific_instable
RvY_17572	1	des	0.7946428571428572	0.20535714285714285	0.5	TRUE	FALSE	FALSE	FALSE	FALSE	FALSE	des_specific_instable
RvY_18091	1	des	0.7946428571428572	0.20535714285714285	0.5	TRUE	FALSE	FALSE	FALSE	FALSE	FALSE	des_specific_instable
RvY_19054	1	des	0.7946428571428572	0.20535714285714285	0.5	TRUE	FALSE	FALSE	FALSE	FALSE	FALSE	des_specific_instable
RvY_00378-1	1	des	0.8065476190476191	0.19345238095238096	0.5	TRUE	FALSE	FALSE	FALSE	FALSE	FALSE	des_specific_instable
RvY_00647	1	des	0.8065476190476191	0.19345238095238096	0.5	TRUE	FALSE	FALSE	FALSE	FALSE	FALSE	des_specific_instable
RvY_00656	1	des	0.8065476190476191	0.19345238095238096	0.5	TRUE	FALSE	FALSE	FALSE	FALSE	FALSE	des_specific_instable
RvY_00963-1	1	des	0.8065476190476191	0.19345238095238096	0.5	TRUE	FALSE	FALSE	FALSE	FALSE	FALSE	des_specific_instable
RvY_01586	1	des	0.8065476190476191	0.19345238095238096	0.5	TRUE	FALSE	FALSE	FALSE	FALSE	FALSE	des_specific_instable
RvY_02084-1	1	des	0.8065476190476191	0.19345238095238096	0.5	TRUE	FALSE	FALSE	FALSE	FALSE	FALSE	des_specific_instable
RvY_02137	1	des	0.8065476190476191	0.19345238095238096	0.5	TRUE	FALSE	FALSE	FALSE	FALSE	FALSE	des_specific_instable
RvY_02311	1	des	0.8065476190476191	0.19345238095238096	0.5	TRUE	FALSE	FALSE	FALSE	FALSE	FALSE	des_specific_instable
RvY_02497-1	1	des	0.8065476190476191	0.19345238095238096	0.5	TRUE	FALSE	FALSE	FALSE	FALSE	FALSE	des_specific_instable
RvY_02537	1	des	0.8065476190476191	0.19345238095238096	0.5	TRUE	FALSE	FALSE	FALSE	FALSE	FALSE	des_specific_instable
RvY_02544-1	1	des	0.8065476190476191	0.19345238095238096	0.5	TRUE	FALSE	FALSE	FALSE	FALSE	FALSE	des_specific_instable
RvY_02603-1	1	des	0.8065476190476191	0.19345238095238096	0.5	TRUE	FALSE	FALSE	FALSE	FALSE	FALSE	des_specific_instable
RvY_02844-1	1	des	0.8065476190476191	0.19345238095238096	0.5	TRUE	FALSE	FALSE	FALSE	FALSE	FALSE	des_specific_instable
RvY_02873-1	1	des	0.8065476190476191	0.19345238095238096	0.5	TRUE	FALSE	FALSE	FALSE	FALSE	FALSE	des_specific_instable
RvY_02906-1	1	des	0.8065476190476191	0.19345238095238096	0.5	TRUE	FALSE	FALSE	FALSE	FALSE	FALSE	des_specific_instable
RvY_03040	1	des	0.8065476190476191	0.19345238095238096	0.5	TRUE	FALSE	FALSE	FALSE	FALSE	FALSE	des_specific_instable
RvY_03195-1	1	des	0.8065476190476191	0.19345238095238096	0.5	TRUE	FALSE	FALSE	FALSE	FALSE	FALSE	des_specific_instable
RvY_03606-1	1	des	0.8065476190476191	0.19345238095238096	0.5	TRUE	FALSE	FALSE	FALSE	FALSE	FALSE	des_specific_instable
RvY_03609-1	1	des	0.8065476190476191	0.19345238095238096	0.5	TRUE	FALSE	FALSE	FALSE	FALSE	FALSE	des_specific_instable
RvY_03723-1	1	des	0.8065476190476191	0.19345238095238096	0.5	TRUE	FALSE	FALSE	FALSE	FALSE	FALSE	des_specific_instable
RvY_03762-1	1	des	0.8065476190476191	0.19345238095238096	0.5	TRUE	FALSE	FALSE	FALSE	FALSE	FALSE	des_specific_instable
RvY_03857-1	1	des	0.8065476190476191	0.19345238095238096	0.5	TRUE	FALSE	FALSE	FALSE	FALSE	FALSE	des_specific_instable
RvY_03880-1	1	des	0.8065476190476191	0.19345238095238096	0.5	TRUE	FALSE	FALSE	FALSE	FALSE	FALSE	des_specific_instable
RvY_03914-1	1	des	0.8065476190476191	0.19345238095238096	0.5	TRUE	FALSE	FALSE	FALSE	FALSE	FALSE	des_specific_instable
RvY_03915-1	1	des	0.8065476190476191	0.19345238095238096	0.5	TRUE	FALSE	FALSE	FALSE	FALSE	FALSE	des_specific_instable
RvY_03932	1	des	0.8065476190476191	0.19345238095238096	0.5	TRUE	FALSE	FALSE	FALSE	FALSE	FALSE	des_specific_instable
RvY_03968	1	des	0.8065476190476191	0.19345238095238096	0.5	TRUE	FALSE	FALSE	FALSE	FALSE	FALSE	des_specific_instable
RvY_04124	1	des	0.8065476190476191	0.19345238095238096	0.5	TRUE	FALSE	FALSE	FALSE	FALSE	FALSE	des_specific_instable
RvY_04337-1	1	des	0.8065476190476191	0.19345238095238096	0.5	TRUE	FALSE	FALSE	FALSE	FALSE	FALSE	des_specific_instable
RvY_04460-1	1	des	0.8065476190476191	0.19345238095238096	0.5	TRUE	FALSE	FALSE	FALSE	FALSE	FALSE	des_specific_instable
RvY_05037	1	des	0.8065476190476191	0.19345238095238096	0.5	TRUE	FALSE	FALSE	FALSE	FALSE	FALSE	des_specific_instable
RvY_05169-1	1	des	0.8065476190476191	0.19345238095238096	0.5	TRUE	FALSE	FALSE	FALSE	FALSE	FALSE	des_specific_instable
RvY_05484	1	des	0.8065476190476191	0.19345238095238096	0.5	TRUE	FALSE	FALSE	FALSE	FALSE	FALSE	des_specific_instable
RvY_05995-1	1	des	0.8065476190476191	0.19345238095238096	0.5	TRUE	FALSE	FALSE	FALSE	FALSE	FALSE	des_specific_instable
RvY_06121-1	1	des	0.8065476190476191	0.19345238095238096	0.5	TRUE	FALSE	FALSE	FALSE	FALSE	FALSE	des_specific_instable
RvY_06200-1	1	des	0.8065476190476191	0.19345238095238096	0.5	TRUE	FALSE	FALSE	FALSE	FALSE	FALSE	des_specific_instable
RvY_06386-1	1	des	0.8065476190476191	0.19345238095238096	0.5	TRUE	FALSE	FALSE	FALSE	FALSE	FALSE	des_specific_instable
RvY_06573	1	des	0.8065476190476191	0.19345238095238096	0.5	TRUE	FALSE	FALSE	FALSE	FALSE	FALSE	des_specific_instable
RvY_07480-1	1	des	0.8065476190476191	0.19345238095238096	0.5	TRUE	FALSE	FALSE	FALSE	FALSE	FALSE	des_specific_instable
RvY_07497-1	1	des	0.8065476190476191	0.19345238095238096	0.5	TRUE	FALSE	FALSE	FALSE	FALSE	FALSE	des_specific_instable
RvY_07799-1	1	des	0.8065476190476191	0.19345238095238096	0.5	TRUE	FALSE	FALSE	FALSE	FALSE	FALSE	des_specific_instable
RvY_07819	1	des	0.8065476190476191	0.19345238095238096	0.5	TRUE	FALSE	FALSE	FALSE	FALSE	FALSE	des_specific_instable
RvY_07996-1	1	des	0.8065476190476191	0.19345238095238096	0.5	TRUE	FALSE	FALSE	FALSE	FALSE	FALSE	des_specific_instable
RvY_08005-1	1	des	0.8065476190476191	0.19345238095238096	0.5	TRUE	FALSE	FALSE	FALSE	FALSE	FALSE	des_specific_instable
RvY_08053-1	1	des	0.8065476190476191	0.19345238095238096	0.5	TRUE	FALSE	FALSE	FALSE	FALSE	FALSE	des_specific_instable
RvY_08072-1	1	des	0.8065476190476191	0.19345238095238096	0.5	TRUE	FALSE	FALSE	FALSE	FALSE	FALSE	des_specific_instable
RvY_08106-1	1	des	0.8065476190476191	0.19345238095238096	0.5	TRUE	FALSE	FALSE	FALSE	FALSE	FALSE	des_specific_instable
RvY_08220-1	1	des	0.8065476190476191	0.19345238095238096	0.5	TRUE	FALSE	FALSE	FALSE	FALSE	FALSE	des_specific_instable
RvY_08788-1	1	des	0.8065476190476191	0.19345238095238096	0.5	TRUE	FALSE	FALSE	FALSE	FALSE	FALSE	des_specific_instable
RvY_08815-1	1	des	0.8065476190476191	0.19345238095238096	0.5	TRUE	FALSE	FALSE	FALSE	FALSE	FALSE	des_specific_instable
RvY_08945-1	1	des	0.8065476190476191	0.19345238095238096	0.5	TRUE	FALSE	FALSE	FALSE	FALSE	FALSE	des_specific_instable
RvY_09498	1	des	0.8065476190476191	0.19345238095238096	0.5	TRUE	FALSE	FALSE	FALSE	FALSE	FALSE	des_specific_instable
RvY_09595-1	1	des	0.8065476190476191	0.19345238095238096	0.5	TRUE	FALSE	FALSE	FALSE	FALSE	FALSE	des_specific_instable
RvY_09697-1	1	des	0.8065476190476191	0.19345238095238096	0.5	TRUE	FALSE	FALSE	FALSE	FALSE	FALSE	des_specific_instable
RvY_09819-1	1	des	0.8065476190476191	0.19345238095238096	0.5	TRUE	FALSE	FALSE	FALSE	FALSE	FALSE	des_specific_instable
RvY_09910-1	1	des	0.8065476190476191	0.19345238095238096	0.5	TRUE	FALSE	FALSE	FALSE	FALSE	FALSE	des_specific_instable
RvY_10012-1	1	des	0.8065476190476191	0.19345238095238096	0.5	TRUE	FALSE	FALSE	FALSE	FALSE	FALSE	des_specific_instable
RvY_10196-1	1	des	0.8065476190476191	0.19345238095238096	0.5	TRUE	FALSE	FALSE	FALSE	FALSE	FALSE	des_specific_instable
RvY_10346	1	des	0.8065476190476191	0.19345238095238096	0.5	TRUE	FALSE	FALSE	FALSE	FALSE	FALSE	des_specific_instable
RvY_10540-1	1	des	0.8065476190476191	0.19345238095238096	0.5	TRUE	FALSE	FALSE	FALSE	FALSE	FALSE	des_specific_instable
RvY_10606-1	1	des	0.8065476190476191	0.19345238095238096	0.5	TRUE	FALSE	FALSE	FALSE	FALSE	FALSE	des_specific_instable
RvY_10608-1	1	des	0.8065476190476191	0.19345238095238096	0.5	TRUE	FALSE	FALSE	FALSE	FALSE	FALSE	des_specific_instable
RvY_10649-1	1	des	0.8065476190476191	0.19345238095238096	0.5	TRUE	FALSE	FALSE	FALSE	FALSE	FALSE	des_specific_instable
RvY_11166	1	des	0.8065476190476191	0.19345238095238096	0.5	TRUE	FALSE	FALSE	FALSE	FALSE	FALSE	des_specific_instable
RvY_11216-1	1	des	0.8065476190476191	0.19345238095238096	0.5	TRUE	FALSE	FALSE	FALSE	FALSE	FALSE	des_specific_instable
RvY_11330-1	1	des	0.8065476190476191	0.19345238095238096	0.5	TRUE	FALSE	FALSE	FALSE	FALSE	FALSE	des_specific_instable
RvY_11591-1	1	des	0.8065476190476191	0.19345238095238096	0.5	TRUE	FALSE	FALSE	FALSE	FALSE	FALSE	des_specific_instable
RvY_11681	1	des	0.8065476190476191	0.19345238095238096	0.5	TRUE	FALSE	FALSE	FALSE	FALSE	FALSE	des_specific_instable
RvY_11700-1	1	des	0.8065476190476191	0.19345238095238096	0.5	TRUE	FALSE	FALSE	FALSE	FALSE	FALSE	des_specific_instable
RvY_11823-1	1	des	0.8065476190476191	0.19345238095238096	0.5	TRUE	FALSE	FALSE	FALSE	FALSE	FALSE	des_specific_instable
RvY_12010-1	1	des	0.8065476190476191	0.19345238095238096	0.5	TRUE	FALSE	FALSE	FALSE	FALSE	FALSE	des_specific_instable
RvY_12148-1	1	des	0.8065476190476191	0.19345238095238096	0.5	TRUE	FALSE	FALSE	FALSE	FALSE	FALSE	des_specific_instable
RvY_12158	1	des	0.8065476190476191	0.19345238095238096	0.5	TRUE	FALSE	FALSE	FALSE	FALSE	FALSE	des_specific_instable
RvY_12299-1	1	des	0.8065476190476191	0.19345238095238096	0.5	TRUE	FALSE	FALSE	FALSE	FALSE	FALSE	des_specific_instable
RvY_12437-1	1	des	0.8065476190476191	0.19345238095238096	0.5	TRUE	FALSE	FALSE	FALSE	FALSE	FALSE	des_specific_instable
RvY_12822-1	1	des	0.8065476190476191	0.19345238095238096	0.5	TRUE	FALSE	FALSE	FALSE	FALSE	FALSE	des_specific_instable
RvY_12944-1	1	des	0.8065476190476191	0.19345238095238096	0.5	TRUE	FALSE	FALSE	FALSE	FALSE	FALSE	des_specific_instable
RvY_12984-1	1	des	0.8065476190476191	0.19345238095238096	0.5	TRUE	FALSE	FALSE	FALSE	FALSE	FALSE	des_specific_instable
RvY_13229-1	1	des	0.8065476190476191	0.19345238095238096	0.5	TRUE	FALSE	FALSE	FALSE	FALSE	FALSE	des_specific_instable
RvY_13666-1	1	des	0.8065476190476191	0.19345238095238096	0.5	TRUE	FALSE	FALSE	FALSE	FALSE	FALSE	des_specific_instable
RvY_13833-1	1	des	0.8065476190476191	0.19345238095238096	0.5	TRUE	FALSE	FALSE	FALSE	FALSE	FALSE	des_specific_instable
RvY_14108-1	1	des	0.8065476190476191	0.19345238095238096	0.5	TRUE	FALSE	FALSE	FALSE	FALSE	FALSE	des_specific_instable
RvY_14399-1	1	des	0.8065476190476191	0.19345238095238096	0.5	TRUE	FALSE	FALSE	FALSE	FALSE	FALSE	des_specific_instable
RvY_14421-1	1	des	0.8065476190476191	0.19345238095238096	0.5	TRUE	FALSE	FALSE	FALSE	FALSE	FALSE	des_specific_instable
RvY_14631-1	1	des	0.8065476190476191	0.19345238095238096	0.5	TRUE	FALSE	FALSE	FALSE	FALSE	FALSE	des_specific_instable
RvY_14800-1	1	des	0.8065476190476191	0.19345238095238096	0.5	TRUE	FALSE	FALSE	FALSE	FALSE	FALSE	des_specific_instable
RvY_14846-1	1	des	0.8065476190476191	0.19345238095238096	0.5	TRUE	FALSE	FALSE	FALSE	FALSE	FALSE	des_specific_instable
RvY_15043-1	1	des	0.8065476190476191	0.19345238095238096	0.5	TRUE	FALSE	FALSE	FALSE	FALSE	FALSE	des_specific_instable
RvY_15211-1	1	des	0.8065476190476191	0.19345238095238096	0.5	TRUE	FALSE	FALSE	FALSE	FALSE	FALSE	des_specific_instable
RvY_15238-1	1	des	0.8065476190476191	0.19345238095238096	0.5	TRUE	FALSE	FALSE	FALSE	FALSE	FALSE	des_specific_instable
RvY_15590-1	1	des	0.8065476190476191	0.19345238095238096	0.5	TRUE	FALSE	FALSE	FALSE	FALSE	FALSE	des_specific_instable
RvY_15596-1	1	des	0.8065476190476191	0.19345238095238096	0.5	TRUE	FALSE	FALSE	FALSE	FALSE	FALSE	des_specific_instable
RvY_16572	1	des	0.8065476190476191	0.19345238095238096	0.5	TRUE	FALSE	FALSE	FALSE	FALSE	FALSE	des_specific_instable
RvY_16827-1	1	des	0.8065476190476191	0.19345238095238096	0.5	TRUE	FALSE	FALSE	FALSE	FALSE	FALSE	des_specific_instable
RvY_17080	1	des	0.8065476190476191	0.19345238095238096	0.5	TRUE	FALSE	FALSE	FALSE	FALSE	FALSE	des_specific_instable
RvY_17627-1	1	des	0.8065476190476191	0.19345238095238096	0.5	TRUE	FALSE	FALSE	FALSE	FALSE	FALSE	des_specific_instable
RvY_17803-1	1	des	0.8065476190476191	0.19345238095238096	0.5	TRUE	FALSE	FALSE	FALSE	FALSE	FALSE	des_specific_instable
RvY_17891-1	1	des	0.8065476190476191	0.19345238095238096	0.5	TRUE	FALSE	FALSE	FALSE	FALSE	FALSE	des_specific_instable
RvY_18654-1	1	des	0.8065476190476191	0.19345238095238096	0.5	TRUE	FALSE	FALSE	FALSE	FALSE	FALSE	des_specific_instable
RvY_18665-1	1	des	0.8065476190476191	0.19345238095238096	0.5	TRUE	FALSE	FALSE	FALSE	FALSE	FALSE	des_specific_instable
RvY_18686	1	des	0.8065476190476191	0.19345238095238096	0.5	TRUE	FALSE	FALSE	FALSE	FALSE	FALSE	des_specific_instable
RvY_18780	1	des	0.8065476190476191	0.19345238095238096	0.5	TRUE	FALSE	FALSE	FALSE	FALSE	FALSE	des_specific_instable
RvY_18955-1	1	des	0.8065476190476191	0.19345238095238096	0.5	TRUE	FALSE	FALSE	FALSE	FALSE	FALSE	des_specific_instable
RvY_19097	1	des	0.8065476190476191	0.19345238095238096	0.5	TRUE	FALSE	FALSE	FALSE	FALSE	FALSE	des_specific_instable
RvY_19219-1	1	des	0.8065476190476191	0.19345238095238096	0.5	TRUE	FALSE	FALSE	FALSE	FALSE	FALSE	des_specific_instable
RvY_00082-1	1	des	0.8154761904761905	0.1845238095238095	0.5	TRUE	FALSE	FALSE	FALSE	FALSE	FALSE	des_specific_instable
RvY_00185-1	1	des	0.8154761904761905	0.1845238095238095	0.5	TRUE	FALSE	FALSE	FALSE	FALSE	FALSE	des_specific_instable
RvY_00200-1	1	des	0.8154761904761905	0.1845238095238095	0.5	TRUE	FALSE	FALSE	FALSE	FALSE	FALSE	des_specific_instable
RvY_00343-1	1	des	0.8154761904761905	0.1845238095238095	0.5	TRUE	FALSE	FALSE	FALSE	FALSE	FALSE	des_specific_instable
RvY_00402-1	1	des	0.8154761904761905	0.1845238095238095	0.5	TRUE	FALSE	FALSE	FALSE	FALSE	FALSE	des_specific_instable
RvY_00738-1	1	des	0.8154761904761905	0.1845238095238095	0.5	TRUE	FALSE	FALSE	FALSE	FALSE	FALSE	des_specific_instable
RvY_00770-1	1	des	0.8154761904761905	0.1845238095238095	0.5	TRUE	FALSE	FALSE	FALSE	FALSE	FALSE	des_specific_instable
RvY_00810-1	1	des	0.8154761904761905	0.1845238095238095	0.5	TRUE	FALSE	FALSE	FALSE	FALSE	FALSE	des_specific_instable
RvY_00862-1	1	des	0.8154761904761905	0.1845238095238095	0.5	TRUE	FALSE	FALSE	FALSE	FALSE	FALSE	des_specific_instable
RvY_00904-1	1	des	0.8154761904761905	0.1845238095238095	0.5	TRUE	FALSE	FALSE	FALSE	FALSE	FALSE	des_specific_instable
RvY_00907	1	des	0.8154761904761905	0.1845238095238095	0.5	TRUE	FALSE	FALSE	FALSE	FALSE	FALSE	des_specific_instable
RvY_00914-1	1	des	0.8154761904761905	0.1845238095238095	0.5	TRUE	FALSE	FALSE	FALSE	FALSE	FALSE	des_specific_instable
RvY_01004-1	1	des	0.8154761904761905	0.1845238095238095	0.5	TRUE	FALSE	FALSE	FALSE	FALSE	FALSE	des_specific_instable
RvY_01172-1	1	des	0.8154761904761905	0.1845238095238095	0.5	TRUE	FALSE	FALSE	FALSE	FALSE	FALSE	des_specific_instable
RvY_01187	1	des	0.8154761904761905	0.1845238095238095	0.5	TRUE	FALSE	FALSE	FALSE	FALSE	FALSE	des_specific_instable
RvY_01284	1	des	0.8154761904761905	0.1845238095238095	0.5	TRUE	FALSE	FALSE	FALSE	FALSE	FALSE	des_specific_instable
RvY_01435-1	1	des	0.8154761904761905	0.1845238095238095	0.5	TRUE	FALSE	FALSE	FALSE	FALSE	FALSE	des_specific_instable
RvY_01490	1	des	0.8154761904761905	0.1845238095238095	0.5	TRUE	FALSE	FALSE	FALSE	FALSE	FALSE	des_specific_instable
RvY_01553-1	1	des	0.8154761904761905	0.1845238095238095	0.5	TRUE	FALSE	FALSE	FALSE	FALSE	FALSE	des_specific_instable
RvY_01571-1	1	des	0.8154761904761905	0.1845238095238095	0.5	TRUE	FALSE	FALSE	FALSE	FALSE	FALSE	des_specific_instable
RvY_01767-1	1	des	0.8154761904761905	0.1845238095238095	0.5	TRUE	FALSE	FALSE	FALSE	FALSE	FALSE	des_specific_instable
RvY_02067-1	1	des	0.8154761904761905	0.1845238095238095	0.5	TRUE	FALSE	FALSE	FALSE	FALSE	FALSE	des_specific_instable
RvY_02070-1	1	des	0.8154761904761905	0.1845238095238095	0.5	TRUE	FALSE	FALSE	FALSE	FALSE	FALSE	des_specific_instable
RvY_02194	1	des	0.8154761904761905	0.1845238095238095	0.5	TRUE	FALSE	FALSE	FALSE	FALSE	FALSE	des_specific_instable
RvY_02431-1	1	des	0.8154761904761905	0.1845238095238095	0.5	TRUE	FALSE	FALSE	FALSE	FALSE	FALSE	des_specific_instable
RvY_02470-1	1	des	0.8154761904761905	0.1845238095238095	0.5	TRUE	FALSE	FALSE	FALSE	FALSE	FALSE	des_specific_instable
RvY_02588-1	1	des	0.8154761904761905	0.1845238095238095	0.5	TRUE	FALSE	FALSE	FALSE	FALSE	FALSE	des_specific_instable
RvY_02696-1	1	des	0.8154761904761905	0.1845238095238095	0.5	TRUE	FALSE	FALSE	FALSE	FALSE	FALSE	des_specific_instable
RvY_02933-1	1	des	0.8154761904761905	0.1845238095238095	0.5	TRUE	FALSE	FALSE	FALSE	FALSE	FALSE	des_specific_instable
RvY_02966-1	1	des	0.8154761904761905	0.1845238095238095	0.5	TRUE	FALSE	FALSE	FALSE	FALSE	FALSE	des_specific_instable
RvY_02990-1	1	des	0.8154761904761905	0.1845238095238095	0.5	TRUE	FALSE	FALSE	FALSE	FALSE	FALSE	des_specific_instable
RvY_03434-1	1	des	0.8154761904761905	0.1845238095238095	0.5	TRUE	FALSE	FALSE	FALSE	FALSE	FALSE	des_specific_instable
RvY_03605-1	1	des	0.8154761904761905	0.1845238095238095	0.5	TRUE	FALSE	FALSE	FALSE	FALSE	FALSE	des_specific_instable
RvY_03691-1	1	des	0.8154761904761905	0.1845238095238095	0.5	TRUE	FALSE	FALSE	FALSE	FALSE	FALSE	des_specific_instable
RvY_03928	1	des	0.8154761904761905	0.1845238095238095	0.5	TRUE	FALSE	FALSE	FALSE	FALSE	FALSE	des_specific_instable
RvY_03944	1	des	0.8154761904761905	0.1845238095238095	0.5	TRUE	FALSE	FALSE	FALSE	FALSE	FALSE	des_specific_instable
RvY_04102-1	1	des	0.8154761904761905	0.1845238095238095	0.5	TRUE	FALSE	FALSE	FALSE	FALSE	FALSE	des_specific_instable
RvY_04291-1	1	des	0.8154761904761905	0.1845238095238095	0.5	TRUE	FALSE	FALSE	FALSE	FALSE	FALSE	des_specific_instable
RvY_04347-1	1	des	0.8154761904761905	0.1845238095238095	0.5	TRUE	FALSE	FALSE	FALSE	FALSE	FALSE	des_specific_instable
RvY_04604-1	1	des	0.8154761904761905	0.1845238095238095	0.5	TRUE	FALSE	FALSE	FALSE	FALSE	FALSE	des_specific_instable
RvY_04778	1	des	0.8154761904761905	0.1845238095238095	0.5	TRUE	FALSE	FALSE	FALSE	FALSE	FALSE	des_specific_instable
RvY_04848-1	1	des	0.8154761904761905	0.1845238095238095	0.5	TRUE	FALSE	FALSE	FALSE	FALSE	FALSE	des_specific_instable
RvY_04994-1	1	des	0.8154761904761905	0.1845238095238095	0.5	TRUE	FALSE	FALSE	FALSE	FALSE	FALSE	des_specific_instable
RvY_04995-1	1	des	0.8154761904761905	0.1845238095238095	0.5	TRUE	FALSE	FALSE	FALSE	FALSE	FALSE	des_specific_instable
RvY_05253-1	1	des	0.8154761904761905	0.1845238095238095	0.5	TRUE	FALSE	FALSE	FALSE	FALSE	FALSE	des_specific_instable
RvY_05315-1	1	des	0.8154761904761905	0.1845238095238095	0.5	TRUE	FALSE	FALSE	FALSE	FALSE	FALSE	des_specific_instable
RvY_05421-1	1	des	0.8154761904761905	0.1845238095238095	0.5	TRUE	FALSE	FALSE	FALSE	FALSE	FALSE	des_specific_instable
RvY_05532	1	des	0.8154761904761905	0.1845238095238095	0.5	TRUE	FALSE	FALSE	FALSE	FALSE	FALSE	des_specific_instable
RvY_05549-1	1	des	0.8154761904761905	0.1845238095238095	0.5	TRUE	FALSE	FALSE	FALSE	FALSE	FALSE	des_specific_instable
RvY_05566-1	1	des	0.8154761904761905	0.1845238095238095	0.5	TRUE	FALSE	FALSE	FALSE	FALSE	FALSE	des_specific_instable
RvY_05623-1	1	des	0.8154761904761905	0.1845238095238095	0.5	TRUE	FALSE	FALSE	FALSE	FALSE	FALSE	des_specific_instable
RvY_05802-1	1	des	0.8154761904761905	0.1845238095238095	0.5	TRUE	FALSE	FALSE	FALSE	FALSE	FALSE	des_specific_instable
RvY_05846-1	1	des	0.8154761904761905	0.1845238095238095	0.5	TRUE	FALSE	FALSE	FALSE	FALSE	FALSE	des_specific_instable
RvY_05895	1	des	0.8154761904761905	0.1845238095238095	0.5	TRUE	FALSE	FALSE	FALSE	FALSE	FALSE	des_specific_instable
RvY_05913-1	1	des	0.8154761904761905	0.1845238095238095	0.5	TRUE	FALSE	FALSE	FALSE	FALSE	FALSE	des_specific_instable
RvY_06152-1	1	des	0.8154761904761905	0.1845238095238095	0.5	TRUE	FALSE	FALSE	FALSE	FALSE	FALSE	des_specific_instable
RvY_06555-1	1	des	0.8154761904761905	0.1845238095238095	0.5	TRUE	FALSE	FALSE	FALSE	FALSE	FALSE	des_specific_instable
RvY_06578	1	des	0.8154761904761905	0.1845238095238095	0.5	TRUE	FALSE	FALSE	FALSE	FALSE	FALSE	des_specific_instable
RvY_06804-1	1	des	0.8154761904761905	0.1845238095238095	0.5	TRUE	FALSE	FALSE	FALSE	FALSE	FALSE	des_specific_instable
RvY_06871	1	des	0.8154761904761905	0.1845238095238095	0.5	TRUE	FALSE	FALSE	FALSE	FALSE	FALSE	des_specific_instable
RvY_06931-1	1	des	0.8154761904761905	0.1845238095238095	0.5	TRUE	FALSE	FALSE	FALSE	FALSE	FALSE	des_specific_instable
RvY_06999-1	1	des	0.8154761904761905	0.1845238095238095	0.5	TRUE	FALSE	FALSE	FALSE	FALSE	FALSE	des_specific_instable
RvY_07004-1	1	des	0.8154761904761905	0.1845238095238095	0.5	TRUE	FALSE	FALSE	FALSE	FALSE	FALSE	des_specific_instable
RvY_07006	1	des	0.8154761904761905	0.1845238095238095	0.5	TRUE	FALSE	FALSE	FALSE	FALSE	FALSE	des_specific_instable
RvY_07015-1	1	des	0.8154761904761905	0.1845238095238095	0.5	TRUE	FALSE	FALSE	FALSE	FALSE	FALSE	des_specific_instable
RvY_07026-1	1	des	0.8154761904761905	0.1845238095238095	0.5	TRUE	FALSE	FALSE	FALSE	FALSE	FALSE	des_specific_instable
RvY_07033-1	1	des	0.8154761904761905	0.1845238095238095	0.5	TRUE	FALSE	FALSE	FALSE	FALSE	FALSE	des_specific_instable
RvY_07196-1	1	des	0.8154761904761905	0.1845238095238095	0.5	TRUE	FALSE	FALSE	FALSE	FALSE	FALSE	des_specific_instable
RvY_07376-1	1	des	0.8154761904761905	0.1845238095238095	0.5	TRUE	FALSE	FALSE	FALSE	FALSE	FALSE	des_specific_instable
RvY_07381-1	1	des	0.8154761904761905	0.1845238095238095	0.5	TRUE	FALSE	FALSE	FALSE	FALSE	FALSE	des_specific_instable
RvY_07594-1	1	des	0.8154761904761905	0.1845238095238095	0.5	TRUE	FALSE	FALSE	FALSE	FALSE	FALSE	des_specific_instable
RvY_07616-1	1	des	0.8154761904761905	0.1845238095238095	0.5	TRUE	FALSE	FALSE	FALSE	FALSE	FALSE	des_specific_instable
RvY_07624-1	1	des	0.8154761904761905	0.1845238095238095	0.5	TRUE	FALSE	FALSE	FALSE	FALSE	FALSE	des_specific_instable
RvY_07628-1	1	des	0.8154761904761905	0.1845238095238095	0.5	TRUE	FALSE	FALSE	FALSE	FALSE	FALSE	des_specific_instable
RvY_07753-1	1	des	0.8154761904761905	0.1845238095238095	0.5	TRUE	FALSE	FALSE	FALSE	FALSE	FALSE	des_specific_instable
RvY_07764	1	des	0.8154761904761905	0.1845238095238095	0.5	TRUE	FALSE	FALSE	FALSE	FALSE	FALSE	des_specific_instable
RvY_07878	1	des	0.8154761904761905	0.1845238095238095	0.5	TRUE	FALSE	FALSE	FALSE	FALSE	FALSE	des_specific_instable
RvY_08592-1	1	des	0.8154761904761905	0.1845238095238095	0.5	TRUE	FALSE	FALSE	FALSE	FALSE	FALSE	des_specific_instable
RvY_08682-1	1	des	0.8154761904761905	0.1845238095238095	0.5	TRUE	FALSE	FALSE	FALSE	FALSE	FALSE	des_specific_instable
RvY_08697-1	1	des	0.8154761904761905	0.1845238095238095	0.5	TRUE	FALSE	FALSE	FALSE	FALSE	FALSE	des_specific_instable
RvY_08783-1	1	des	0.8154761904761905	0.1845238095238095	0.5	TRUE	FALSE	FALSE	FALSE	FALSE	FALSE	des_specific_instable
RvY_08898	1	des	0.8154761904761905	0.1845238095238095	0.5	TRUE	FALSE	FALSE	FALSE	FALSE	FALSE	des_specific_instable
RvY_08932-1	1	des	0.8154761904761905	0.1845238095238095	0.5	TRUE	FALSE	FALSE	FALSE	FALSE	FALSE	des_specific_instable
RvY_08933-1	1	des	0.8154761904761905	0.1845238095238095	0.5	TRUE	FALSE	FALSE	FALSE	FALSE	FALSE	des_specific_instable
RvY_09319-1	1	des	0.8154761904761905	0.1845238095238095	0.5	TRUE	FALSE	FALSE	FALSE	FALSE	FALSE	des_specific_instable
RvY_09329-1	1	des	0.8154761904761905	0.1845238095238095	0.5	TRUE	FALSE	FALSE	FALSE	FALSE	FALSE	des_specific_instable
RvY_09909-1	1	des	0.8154761904761905	0.1845238095238095	0.5	TRUE	FALSE	FALSE	FALSE	FALSE	FALSE	des_specific_instable
RvY_09950-1	1	des	0.8154761904761905	0.1845238095238095	0.5	TRUE	FALSE	FALSE	FALSE	FALSE	FALSE	des_specific_instable
RvY_09960-1	1	des	0.8154761904761905	0.1845238095238095	0.5	TRUE	FALSE	FALSE	FALSE	FALSE	FALSE	des_specific_instable
RvY_09964-1	1	des	0.8154761904761905	0.1845238095238095	0.5	TRUE	FALSE	FALSE	FALSE	FALSE	FALSE	des_specific_instable
RvY_10057-1	1	des	0.8154761904761905	0.1845238095238095	0.5	TRUE	FALSE	FALSE	FALSE	FALSE	FALSE	des_specific_instable
RvY_10107-1	1	des	0.8154761904761905	0.1845238095238095	0.5	TRUE	FALSE	FALSE	FALSE	FALSE	FALSE	des_specific_instable
RvY_10226-1	1	des	0.8154761904761905	0.1845238095238095	0.5	TRUE	FALSE	FALSE	FALSE	FALSE	FALSE	des_specific_instable
RvY_10483	1	des	0.8154761904761905	0.1845238095238095	0.5	TRUE	FALSE	FALSE	FALSE	FALSE	FALSE	des_specific_instable
RvY_10607-1	1	des	0.8154761904761905	0.1845238095238095	0.5	TRUE	FALSE	FALSE	FALSE	FALSE	FALSE	des_specific_instable
RvY_10616-1	1	des	0.8154761904761905	0.1845238095238095	0.5	TRUE	FALSE	FALSE	FALSE	FALSE	FALSE	des_specific_instable
RvY_10743-1	1	des	0.8154761904761905	0.1845238095238095	0.5	TRUE	FALSE	FALSE	FALSE	FALSE	FALSE	des_specific_instable
RvY_10792-1	1	des	0.8154761904761905	0.1845238095238095	0.5	TRUE	FALSE	FALSE	FALSE	FALSE	FALSE	des_specific_instable
RvY_10828-1	1	des	0.8154761904761905	0.1845238095238095	0.5	TRUE	FALSE	FALSE	FALSE	FALSE	FALSE	des_specific_instable
RvY_11219-1	1	des	0.8154761904761905	0.1845238095238095	0.5	TRUE	FALSE	FALSE	FALSE	FALSE	FALSE	des_specific_instable
RvY_11301-1	1	des	0.8154761904761905	0.1845238095238095	0.5	TRUE	FALSE	FALSE	FALSE	FALSE	FALSE	des_specific_instable
RvY_11326-1	1	des	0.8154761904761905	0.1845238095238095	0.5	TRUE	FALSE	FALSE	FALSE	FALSE	FALSE	des_specific_instable
RvY_11502-1	1	des	0.8154761904761905	0.1845238095238095	0.5	TRUE	FALSE	FALSE	FALSE	FALSE	FALSE	des_specific_instable
RvY_11595	1	des	0.8154761904761905	0.1845238095238095	0.5	TRUE	FALSE	FALSE	FALSE	FALSE	FALSE	des_specific_instable
RvY_11614-1	1	des	0.8154761904761905	0.1845238095238095	0.5	TRUE	FALSE	FALSE	FALSE	FALSE	FALSE	des_specific_instable
RvY_11650-1	1	des	0.8154761904761905	0.1845238095238095	0.5	TRUE	FALSE	FALSE	FALSE	FALSE	FALSE	des_specific_instable
RvY_11731-1	1	des	0.8154761904761905	0.1845238095238095	0.5	TRUE	FALSE	FALSE	FALSE	FALSE	FALSE	des_specific_instable
RvY_12162-1	1	des	0.8154761904761905	0.1845238095238095	0.5	TRUE	FALSE	FALSE	FALSE	FALSE	FALSE	des_specific_instable
RvY_12308-1	1	des	0.8154761904761905	0.1845238095238095	0.5	TRUE	FALSE	FALSE	FALSE	FALSE	FALSE	des_specific_instable
RvY_12401-1	1	des	0.8154761904761905	0.1845238095238095	0.5	TRUE	FALSE	FALSE	FALSE	FALSE	FALSE	des_specific_instable
RvY_12748-1	1	des	0.8154761904761905	0.1845238095238095	0.5	TRUE	FALSE	FALSE	FALSE	FALSE	FALSE	des_specific_instable
RvY_12755-1	1	des	0.8154761904761905	0.1845238095238095	0.5	TRUE	FALSE	FALSE	FALSE	FALSE	FALSE	des_specific_instable
RvY_12756	1	des	0.8154761904761905	0.1845238095238095	0.5	TRUE	FALSE	FALSE	FALSE	FALSE	FALSE	des_specific_instable
RvY_12778-1	1	des	0.8154761904761905	0.1845238095238095	0.5	TRUE	FALSE	FALSE	FALSE	FALSE	FALSE	des_specific_instable
RvY_12846-1	1	des	0.8154761904761905	0.1845238095238095	0.5	TRUE	FALSE	FALSE	FALSE	FALSE	FALSE	des_specific_instable
RvY_13088-1	1	des	0.8154761904761905	0.1845238095238095	0.5	TRUE	FALSE	FALSE	FALSE	FALSE	FALSE	des_specific_instable
RvY_13248-1	1	des	0.8154761904761905	0.1845238095238095	0.5	TRUE	FALSE	FALSE	FALSE	FALSE	FALSE	des_specific_instable
RvY_13261-1	1	des	0.8154761904761905	0.1845238095238095	0.5	TRUE	FALSE	FALSE	FALSE	FALSE	FALSE	des_specific_instable
RvY_13331-1	1	des	0.8154761904761905	0.1845238095238095	0.5	TRUE	FALSE	FALSE	FALSE	FALSE	FALSE	des_specific_instable
RvY_13841-1	1	des	0.8154761904761905	0.1845238095238095	0.5	TRUE	FALSE	FALSE	FALSE	FALSE	FALSE	des_specific_instable
RvY_14012-1	1	des	0.8154761904761905	0.1845238095238095	0.5	TRUE	FALSE	FALSE	FALSE	FALSE	FALSE	des_specific_instable
RvY_14034-1	1	des	0.8154761904761905	0.1845238095238095	0.5	TRUE	FALSE	FALSE	FALSE	FALSE	FALSE	des_specific_instable
RvY_14046-1	1	des	0.8154761904761905	0.1845238095238095	0.5	TRUE	FALSE	FALSE	FALSE	FALSE	FALSE	des_specific_instable
RvY_14213-1	1	des	0.8154761904761905	0.1845238095238095	0.5	TRUE	FALSE	FALSE	FALSE	FALSE	FALSE	des_specific_instable
RvY_14368-1	1	des	0.8154761904761905	0.1845238095238095	0.5	TRUE	FALSE	FALSE	FALSE	FALSE	FALSE	des_specific_instable
RvY_14452-1	1	des	0.8154761904761905	0.1845238095238095	0.5	TRUE	FALSE	FALSE	FALSE	FALSE	FALSE	des_specific_instable
RvY_14479	1	des	0.8154761904761905	0.1845238095238095	0.5	TRUE	FALSE	FALSE	FALSE	FALSE	FALSE	des_specific_instable
RvY_14688-1	1	des	0.8154761904761905	0.1845238095238095	0.5	TRUE	FALSE	FALSE	FALSE	FALSE	FALSE	des_specific_instable
RvY_14819-1	1	des	0.8154761904761905	0.1845238095238095	0.5	TRUE	FALSE	FALSE	FALSE	FALSE	FALSE	des_specific_instable
RvY_14907	1	des	0.8154761904761905	0.1845238095238095	0.5	TRUE	FALSE	FALSE	FALSE	FALSE	FALSE	des_specific_instable
RvY_15201-1	1	des	0.8154761904761905	0.1845238095238095	0.5	TRUE	FALSE	FALSE	FALSE	FALSE	FALSE	des_specific_instable
RvY_15247-1	1	des	0.8154761904761905	0.1845238095238095	0.5	TRUE	FALSE	FALSE	FALSE	FALSE	FALSE	des_specific_instable
RvY_15261-1	1	des	0.8154761904761905	0.1845238095238095	0.5	TRUE	FALSE	FALSE	FALSE	FALSE	FALSE	des_specific_instable
RvY_15369-1	1	des	0.8154761904761905	0.1845238095238095	0.5	TRUE	FALSE	FALSE	FALSE	FALSE	FALSE	des_specific_instable
RvY_15443-1	1	des	0.8154761904761905	0.1845238095238095	0.5	TRUE	FALSE	FALSE	FALSE	FALSE	FALSE	des_specific_instable
RvY_15451-1	1	des	0.8154761904761905	0.1845238095238095	0.5	TRUE	FALSE	FALSE	FALSE	FALSE	FALSE	des_specific_instable
RvY_15844-1	1	des	0.8154761904761905	0.1845238095238095	0.5	TRUE	FALSE	FALSE	FALSE	FALSE	FALSE	des_specific_instable
RvY_15962-1	1	des	0.8154761904761905	0.1845238095238095	0.5	TRUE	FALSE	FALSE	FALSE	FALSE	FALSE	des_specific_instable
RvY_16008-1	1	des	0.8154761904761905	0.1845238095238095	0.5	TRUE	FALSE	FALSE	FALSE	FALSE	FALSE	des_specific_instable
RvY_16043-1	1	des	0.8154761904761905	0.1845238095238095	0.5	TRUE	FALSE	FALSE	FALSE	FALSE	FALSE	des_specific_instable
RvY_16347-1	1	des	0.8154761904761905	0.1845238095238095	0.5	TRUE	FALSE	FALSE	FALSE	FALSE	FALSE	des_specific_instable
RvY_16767	1	des	0.8154761904761905	0.1845238095238095	0.5	TRUE	FALSE	FALSE	FALSE	FALSE	FALSE	des_specific_instable
RvY_17146-1	1	des	0.8154761904761905	0.1845238095238095	0.5	TRUE	FALSE	FALSE	FALSE	FALSE	FALSE	des_specific_instable
RvY_17509-1	1	des	0.8154761904761905	0.1845238095238095	0.5	TRUE	FALSE	FALSE	FALSE	FALSE	FALSE	des_specific_instable
RvY_17549-1	1	des	0.8154761904761905	0.1845238095238095	0.5	TRUE	FALSE	FALSE	FALSE	FALSE	FALSE	des_specific_instable
RvY_17655-1	1	des	0.8154761904761905	0.1845238095238095	0.5	TRUE	FALSE	FALSE	FALSE	FALSE	FALSE	des_specific_instable
RvY_17661	1	des	0.8154761904761905	0.1845238095238095	0.5	TRUE	FALSE	FALSE	FALSE	FALSE	FALSE	des_specific_instable
RvY_17703	1	des	0.8154761904761905	0.1845238095238095	0.5	TRUE	FALSE	FALSE	FALSE	FALSE	FALSE	des_specific_instable
RvY_17709-1	1	des	0.8154761904761905	0.1845238095238095	0.5	TRUE	FALSE	FALSE	FALSE	FALSE	FALSE	des_specific_instable
RvY_17721-1	1	des	0.8154761904761905	0.1845238095238095	0.5	TRUE	FALSE	FALSE	FALSE	FALSE	FALSE	des_specific_instable
RvY_17798-1	1	des	0.8154761904761905	0.1845238095238095	0.5	TRUE	FALSE	FALSE	FALSE	FALSE	FALSE	des_specific_instable
RvY_17926-1	1	des	0.8154761904761905	0.1845238095238095	0.5	TRUE	FALSE	FALSE	FALSE	FALSE	FALSE	des_specific_instable
RvY_17946-1	1	des	0.8154761904761905	0.1845238095238095	0.5	TRUE	FALSE	FALSE	FALSE	FALSE	FALSE	des_specific_instable
RvY_17973-1	1	des	0.8154761904761905	0.1845238095238095	0.5	TRUE	FALSE	FALSE	FALSE	FALSE	FALSE	des_specific_instable
RvY_17999-1	1	des	0.8154761904761905	0.1845238095238095	0.5	TRUE	FALSE	FALSE	FALSE	FALSE	FALSE	des_specific_instable
RvY_18197	1	des	0.8154761904761905	0.1845238095238095	0.5	TRUE	FALSE	FALSE	FALSE	FALSE	FALSE	des_specific_instable
RvY_18914-1	1	des	0.8154761904761905	0.1845238095238095	0.5	TRUE	FALSE	FALSE	FALSE	FALSE	FALSE	des_specific_instable
RvY_19216-1	1	des	0.8154761904761905	0.1845238095238095	0.5	TRUE	FALSE	FALSE	FALSE	FALSE	FALSE	des_specific_instable
RvY_19292-1	1	des	0.8154761904761905	0.1845238095238095	0.5	TRUE	FALSE	FALSE	FALSE	FALSE	FALSE	des_specific_instable
RvY_19319-1	1	des	0.8154761904761905	0.1845238095238095	0.5	TRUE	FALSE	FALSE	FALSE	FALSE	FALSE	des_specific_instable
RvY_19373-1	1	des	0.8154761904761905	0.1845238095238095	0.5	TRUE	FALSE	FALSE	FALSE	FALSE	FALSE	des_specific_instable
RvY_00458-1	1	des	0.8184523809523809	0.18154761904761904	0.5	TRUE	FALSE	FALSE	FALSE	FALSE	FALSE	des_specific_instable
RvY_00459	1	des	0.8184523809523809	0.18154761904761904	0.5	TRUE	FALSE	FALSE	FALSE	FALSE	FALSE	des_specific_instable
RvY_00471-1	1	des	0.8184523809523809	0.18154761904761904	0.5	TRUE	FALSE	FALSE	FALSE	FALSE	FALSE	des_specific_instable
RvY_01177-1	1	des	0.8184523809523809	0.18154761904761904	0.5	TRUE	FALSE	FALSE	FALSE	FALSE	FALSE	des_specific_instable
RvY_01318-1	1	des	0.8184523809523809	0.18154761904761904	0.5	TRUE	FALSE	FALSE	FALSE	FALSE	FALSE	des_specific_instable
RvY_01354-1	1	des	0.8184523809523809	0.18154761904761904	0.5	TRUE	FALSE	FALSE	FALSE	FALSE	FALSE	des_specific_instable
RvY_01522-1	1	des	0.8184523809523809	0.18154761904761904	0.5	TRUE	FALSE	FALSE	FALSE	FALSE	FALSE	des_specific_instable
RvY_01625	1	des	0.8184523809523809	0.18154761904761904	0.5	TRUE	FALSE	FALSE	FALSE	FALSE	FALSE	des_specific_instable
RvY_01639-1	1	des	0.8184523809523809	0.18154761904761904	0.5	TRUE	FALSE	FALSE	FALSE	FALSE	FALSE	des_specific_instable
RvY_01903-1	1	des	0.8184523809523809	0.18154761904761904	0.5	TRUE	FALSE	FALSE	FALSE	FALSE	FALSE	des_specific_instable
RvY_02018-1	1	des	0.8184523809523809	0.18154761904761904	0.5	TRUE	FALSE	FALSE	FALSE	FALSE	FALSE	des_specific_instable
RvY_02020	1	des	0.8184523809523809	0.18154761904761904	0.5	TRUE	FALSE	FALSE	FALSE	FALSE	FALSE	des_specific_instable
RvY_02096-1	1	des	0.8184523809523809	0.18154761904761904	0.5	TRUE	FALSE	FALSE	FALSE	FALSE	FALSE	des_specific_instable
RvY_02572-1	1	des	0.8184523809523809	0.18154761904761904	0.5	TRUE	FALSE	FALSE	FALSE	FALSE	FALSE	des_specific_instable
RvY_02591-1	1	des	0.8184523809523809	0.18154761904761904	0.5	TRUE	FALSE	FALSE	FALSE	FALSE	FALSE	des_specific_instable
RvY_02722-1	1	des	0.8184523809523809	0.18154761904761904	0.5	TRUE	FALSE	FALSE	FALSE	FALSE	FALSE	des_specific_instable
RvY_02767-1	1	des	0.8184523809523809	0.18154761904761904	0.5	TRUE	FALSE	FALSE	FALSE	FALSE	FALSE	des_specific_instable
RvY_03279-1	1	des	0.8184523809523809	0.18154761904761904	0.5	TRUE	FALSE	FALSE	FALSE	FALSE	FALSE	des_specific_instable
RvY_03393	1	des	0.8184523809523809	0.18154761904761904	0.5	TRUE	FALSE	FALSE	FALSE	FALSE	FALSE	des_specific_instable
RvY_03483-1	1	des	0.8184523809523809	0.18154761904761904	0.5	TRUE	FALSE	FALSE	FALSE	FALSE	FALSE	des_specific_instable
RvY_03702-1	1	des	0.8184523809523809	0.18154761904761904	0.5	TRUE	FALSE	FALSE	FALSE	FALSE	FALSE	des_specific_instable
RvY_04185-1	1	des	0.8184523809523809	0.18154761904761904	0.5	TRUE	FALSE	FALSE	FALSE	FALSE	FALSE	des_specific_instable
RvY_04494-1	1	des	0.8184523809523809	0.18154761904761904	0.5	TRUE	FALSE	FALSE	FALSE	FALSE	FALSE	des_specific_instable
RvY_05052	1	des	0.8184523809523809	0.18154761904761904	0.5	TRUE	FALSE	FALSE	FALSE	FALSE	FALSE	des_specific_instable
RvY_05215-1	1	des	0.8184523809523809	0.18154761904761904	0.5	TRUE	FALSE	FALSE	FALSE	FALSE	FALSE	des_specific_instable
RvY_05262-1	1	des	0.8184523809523809	0.18154761904761904	0.5	TRUE	FALSE	FALSE	FALSE	FALSE	FALSE	des_specific_instable
RvY_05413-1	1	des	0.8184523809523809	0.18154761904761904	0.5	TRUE	FALSE	FALSE	FALSE	FALSE	FALSE	des_specific_instable
RvY_05463-1	1	des	0.8184523809523809	0.18154761904761904	0.5	TRUE	FALSE	FALSE	FALSE	FALSE	FALSE	des_specific_instable
RvY_05587-1	1	des	0.8184523809523809	0.18154761904761904	0.5	TRUE	FALSE	FALSE	FALSE	FALSE	FALSE	des_specific_instable
RvY_05597-1	1	des	0.8184523809523809	0.18154761904761904	0.5	TRUE	FALSE	FALSE	FALSE	FALSE	FALSE	des_specific_instable
RvY_05636-1	1	des	0.8184523809523809	0.18154761904761904	0.5	TRUE	FALSE	FALSE	FALSE	FALSE	FALSE	des_specific_instable
RvY_05773-1	1	des	0.8184523809523809	0.18154761904761904	0.5	TRUE	FALSE	FALSE	FALSE	FALSE	FALSE	des_specific_instable
RvY_05800	1	des	0.8184523809523809	0.18154761904761904	0.5	TRUE	FALSE	FALSE	FALSE	FALSE	FALSE	des_specific_instable
RvY_05842-1	1	des	0.8184523809523809	0.18154761904761904	0.5	TRUE	FALSE	FALSE	FALSE	FALSE	FALSE	des_specific_instable
RvY_06153	1	des	0.8184523809523809	0.18154761904761904	0.5	TRUE	FALSE	FALSE	FALSE	FALSE	FALSE	des_specific_instable
RvY_06288	1	des	0.8184523809523809	0.18154761904761904	0.5	TRUE	FALSE	FALSE	FALSE	FALSE	FALSE	des_specific_instable
RvY_06653-1	1	des	0.8184523809523809	0.18154761904761904	0.5	TRUE	FALSE	FALSE	FALSE	FALSE	FALSE	des_specific_instable
RvY_06777	1	des	0.8184523809523809	0.18154761904761904	0.5	TRUE	FALSE	FALSE	FALSE	FALSE	FALSE	des_specific_instable
RvY_06943-1	1	des	0.8184523809523809	0.18154761904761904	0.5	TRUE	FALSE	FALSE	FALSE	FALSE	FALSE	des_specific_instable
RvY_07088-1	1	des	0.8184523809523809	0.18154761904761904	0.5	TRUE	FALSE	FALSE	FALSE	FALSE	FALSE	des_specific_instable
RvY_07342-1	1	des	0.8184523809523809	0.18154761904761904	0.5	TRUE	FALSE	FALSE	FALSE	FALSE	FALSE	des_specific_instable
RvY_07834-1	1	des	0.8184523809523809	0.18154761904761904	0.5	TRUE	FALSE	FALSE	FALSE	FALSE	FALSE	des_specific_instable
RvY_07900-1	1	des	0.8184523809523809	0.18154761904761904	0.5	TRUE	FALSE	FALSE	FALSE	FALSE	FALSE	des_specific_instable
RvY_07957-1	1	des	0.8184523809523809	0.18154761904761904	0.5	TRUE	FALSE	FALSE	FALSE	FALSE	FALSE	des_specific_instable
RvY_08136-1	1	des	0.8184523809523809	0.18154761904761904	0.5	TRUE	FALSE	FALSE	FALSE	FALSE	FALSE	des_specific_instable
RvY_08330-1	1	des	0.8184523809523809	0.18154761904761904	0.5	TRUE	FALSE	FALSE	FALSE	FALSE	FALSE	des_specific_instable
RvY_08495-1	1	des	0.8184523809523809	0.18154761904761904	0.5	TRUE	FALSE	FALSE	FALSE	FALSE	FALSE	des_specific_instable
RvY_08831-1	1	des	0.8184523809523809	0.18154761904761904	0.5	TRUE	FALSE	FALSE	FALSE	FALSE	FALSE	des_specific_instable
RvY_08857-1	1	des	0.8184523809523809	0.18154761904761904	0.5	TRUE	FALSE	FALSE	FALSE	FALSE	FALSE	des_specific_instable
RvY_08859-1	1	des	0.8184523809523809	0.18154761904761904	0.5	TRUE	FALSE	FALSE	FALSE	FALSE	FALSE	des_specific_instable
RvY_09055	1	des	0.8184523809523809	0.18154761904761904	0.5	TRUE	FALSE	FALSE	FALSE	FALSE	FALSE	des_specific_instable
RvY_09170-1	1	des	0.8184523809523809	0.18154761904761904	0.5	TRUE	FALSE	FALSE	FALSE	FALSE	FALSE	des_specific_instable
RvY_09375	1	des	0.8184523809523809	0.18154761904761904	0.5	TRUE	FALSE	FALSE	FALSE	FALSE	FALSE	des_specific_instable
RvY_09483	1	des	0.8184523809523809	0.18154761904761904	0.5	TRUE	FALSE	FALSE	FALSE	FALSE	FALSE	des_specific_instable
RvY_09513-5	1	des	0.8184523809523809	0.18154761904761904	0.5	TRUE	FALSE	FALSE	FALSE	FALSE	FALSE	des_specific_instable
RvY_09582-1	1	des	0.8184523809523809	0.18154761904761904	0.5	TRUE	FALSE	FALSE	FALSE	FALSE	FALSE	des_specific_instable
RvY_09774-1	1	des	0.8184523809523809	0.18154761904761904	0.5	TRUE	FALSE	FALSE	FALSE	FALSE	FALSE	des_specific_instable
RvY_09830	1	des	0.8184523809523809	0.18154761904761904	0.5	TRUE	FALSE	FALSE	FALSE	FALSE	FALSE	des_specific_instable
RvY_10108-1	1	des	0.8184523809523809	0.18154761904761904	0.5	TRUE	FALSE	FALSE	FALSE	FALSE	FALSE	des_specific_instable
RvY_10432	1	des	0.8184523809523809	0.18154761904761904	0.5	TRUE	FALSE	FALSE	FALSE	FALSE	FALSE	des_specific_instable
RvY_10451-1	1	des	0.8184523809523809	0.18154761904761904	0.5	TRUE	FALSE	FALSE	FALSE	FALSE	FALSE	des_specific_instable
RvY_10612-1	1	des	0.8184523809523809	0.18154761904761904	0.5	TRUE	FALSE	FALSE	FALSE	FALSE	FALSE	des_specific_instable
RvY_11089-1	1	des	0.8184523809523809	0.18154761904761904	0.5	TRUE	FALSE	FALSE	FALSE	FALSE	FALSE	des_specific_instable
RvY_11516-1	1	des	0.8184523809523809	0.18154761904761904	0.5	TRUE	FALSE	FALSE	FALSE	FALSE	FALSE	des_specific_instable
RvY_11599-1	1	des	0.8184523809523809	0.18154761904761904	0.5	TRUE	FALSE	FALSE	FALSE	FALSE	FALSE	des_specific_instable
RvY_11611-1	1	des	0.8184523809523809	0.18154761904761904	0.5	TRUE	FALSE	FALSE	FALSE	FALSE	FALSE	des_specific_instable
RvY_11903-1	1	des	0.8184523809523809	0.18154761904761904	0.5	TRUE	FALSE	FALSE	FALSE	FALSE	FALSE	des_specific_instable
RvY_11927-1	1	des	0.8184523809523809	0.18154761904761904	0.5	TRUE	FALSE	FALSE	FALSE	FALSE	FALSE	des_specific_instable
RvY_12621-1	1	des	0.8184523809523809	0.18154761904761904	0.5	TRUE	FALSE	FALSE	FALSE	FALSE	FALSE	des_specific_instable
RvY_13114-1	1	des	0.8184523809523809	0.18154761904761904	0.5	TRUE	FALSE	FALSE	FALSE	FALSE	FALSE	des_specific_instable
RvY_13119	1	des	0.8184523809523809	0.18154761904761904	0.5	TRUE	FALSE	FALSE	FALSE	FALSE	FALSE	des_specific_instable
RvY_13452-1	1	des	0.8184523809523809	0.18154761904761904	0.5	TRUE	FALSE	FALSE	FALSE	FALSE	FALSE	des_specific_instable
RvY_13460	1	des	0.8184523809523809	0.18154761904761904	0.5	TRUE	FALSE	FALSE	FALSE	FALSE	FALSE	des_specific_instable
RvY_14045-1	1	des	0.8184523809523809	0.18154761904761904	0.5	TRUE	FALSE	FALSE	FALSE	FALSE	FALSE	des_specific_instable
RvY_14167-1	1	des	0.8184523809523809	0.18154761904761904	0.5	TRUE	FALSE	FALSE	FALSE	FALSE	FALSE	des_specific_instable
RvY_14280-1	1	des	0.8184523809523809	0.18154761904761904	0.5	TRUE	FALSE	FALSE	FALSE	FALSE	FALSE	des_specific_instable
RvY_14487-1	1	des	0.8184523809523809	0.18154761904761904	0.5	TRUE	FALSE	FALSE	FALSE	FALSE	FALSE	des_specific_instable
RvY_15059-1	1	des	0.8184523809523809	0.18154761904761904	0.5	TRUE	FALSE	FALSE	FALSE	FALSE	FALSE	des_specific_instable
RvY_15698-1	1	des	0.8184523809523809	0.18154761904761904	0.5	TRUE	FALSE	FALSE	FALSE	FALSE	FALSE	des_specific_instable
RvY_15784-1	1	des	0.8184523809523809	0.18154761904761904	0.5	TRUE	FALSE	FALSE	FALSE	FALSE	FALSE	des_specific_instable
RvY_16578	1	des	0.8184523809523809	0.18154761904761904	0.5	TRUE	FALSE	FALSE	FALSE	FALSE	FALSE	des_specific_instable
RvY_17201-1	1	des	0.8184523809523809	0.18154761904761904	0.5	TRUE	FALSE	FALSE	FALSE	FALSE	FALSE	des_specific_instable
RvY_17261-1	1	des	0.8184523809523809	0.18154761904761904	0.5	TRUE	FALSE	FALSE	FALSE	FALSE	FALSE	des_specific_instable
RvY_17503	1	des	0.8184523809523809	0.18154761904761904	0.5	TRUE	FALSE	FALSE	FALSE	FALSE	FALSE	des_specific_instable
RvY_17749	1	des	0.8184523809523809	0.18154761904761904	0.5	TRUE	FALSE	FALSE	FALSE	FALSE	FALSE	des_specific_instable
RvY_18800-1	1	des	0.8184523809523809	0.18154761904761904	0.5	TRUE	FALSE	FALSE	FALSE	FALSE	FALSE	des_specific_instable
RvY_18925-1	1	des	0.8184523809523809	0.18154761904761904	0.5	TRUE	FALSE	FALSE	FALSE	FALSE	FALSE	des_specific_instable
RvY_19330	1	des	0.8184523809523809	0.18154761904761904	0.5	TRUE	FALSE	FALSE	FALSE	FALSE	FALSE	des_specific_instable
RvY_19386-1	1	des	0.8184523809523809	0.18154761904761904	0.5	TRUE	FALSE	FALSE	FALSE	FALSE	FALSE	des_specific_instable
RvY_00086	1	des	0.8273809523809523	0.17261904761904762	0.5	TRUE	FALSE	FALSE	FALSE	FALSE	FALSE	des_specific_instable
RvY_00093-1	1	des	0.8273809523809523	0.17261904761904762	0.5	TRUE	FALSE	FALSE	FALSE	FALSE	FALSE	des_specific_instable
RvY_00142-1	1	des	0.8273809523809523	0.17261904761904762	0.5	TRUE	FALSE	FALSE	FALSE	FALSE	FALSE	des_specific_instable
RvY_00685-1	1	des	0.8273809523809523	0.17261904761904762	0.5	TRUE	FALSE	FALSE	FALSE	FALSE	FALSE	des_specific_instable
RvY_00727-1	1	des	0.8273809523809523	0.17261904761904762	0.5	TRUE	FALSE	FALSE	FALSE	FALSE	FALSE	des_specific_instable
RvY_00918-1	1	des	0.8273809523809523	0.17261904761904762	0.5	TRUE	FALSE	FALSE	FALSE	FALSE	FALSE	des_specific_instable
RvY_01021	1	des	0.8273809523809523	0.17261904761904762	0.5	TRUE	FALSE	FALSE	FALSE	FALSE	FALSE	des_specific_instable
RvY_01244-1	1	des	0.8273809523809523	0.17261904761904762	0.5	TRUE	FALSE	FALSE	FALSE	FALSE	FALSE	des_specific_instable
RvY_01339-1	1	des	0.8273809523809523	0.17261904761904762	0.5	TRUE	FALSE	FALSE	FALSE	FALSE	FALSE	des_specific_instable
RvY_01567-1	1	des	0.8273809523809523	0.17261904761904762	0.5	TRUE	FALSE	FALSE	FALSE	FALSE	FALSE	des_specific_instable
RvY_01593-1	1	des	0.8273809523809523	0.17261904761904762	0.5	TRUE	FALSE	FALSE	FALSE	FALSE	FALSE	des_specific_instable
RvY_01641-1	1	des	0.8273809523809523	0.17261904761904762	0.5	TRUE	FALSE	FALSE	FALSE	FALSE	FALSE	des_specific_instable
RvY_01671-1	1	des	0.8273809523809523	0.17261904761904762	0.5	TRUE	FALSE	FALSE	FALSE	FALSE	FALSE	des_specific_instable
RvY_01682-1	1	des	0.8273809523809523	0.17261904761904762	0.5	TRUE	FALSE	FALSE	FALSE	FALSE	FALSE	des_specific_instable
RvY_02066	1	des	0.8273809523809523	0.17261904761904762	0.5	TRUE	FALSE	FALSE	FALSE	FALSE	FALSE	des_specific_instable
RvY_02296-1	1	des	0.8273809523809523	0.17261904761904762	0.5	TRUE	FALSE	FALSE	FALSE	FALSE	FALSE	des_specific_instable
RvY_02334-1	1	des	0.8273809523809523	0.17261904761904762	0.5	TRUE	FALSE	FALSE	FALSE	FALSE	FALSE	des_specific_instable
RvY_02474-1	1	des	0.8273809523809523	0.17261904761904762	0.5	TRUE	FALSE	FALSE	FALSE	FALSE	FALSE	des_specific_instable
RvY_02481-1	1	des	0.8273809523809523	0.17261904761904762	0.5	TRUE	FALSE	FALSE	FALSE	FALSE	FALSE	des_specific_instable
RvY_02549-1	1	des	0.8273809523809523	0.17261904761904762	0.5	TRUE	FALSE	FALSE	FALSE	FALSE	FALSE	des_specific_instable
RvY_02594-1	1	des	0.8273809523809523	0.17261904761904762	0.5	TRUE	FALSE	FALSE	FALSE	FALSE	FALSE	des_specific_instable
RvY_02675-1	1	des	0.8273809523809523	0.17261904761904762	0.5	TRUE	FALSE	FALSE	FALSE	FALSE	FALSE	des_specific_instable
RvY_02735-1	1	des	0.8273809523809523	0.17261904761904762	0.5	TRUE	FALSE	FALSE	FALSE	FALSE	FALSE	des_specific_instable
RvY_02773-1	1	des	0.8273809523809523	0.17261904761904762	0.5	TRUE	FALSE	FALSE	FALSE	FALSE	FALSE	des_specific_instable
RvY_02846	1	des	0.8273809523809523	0.17261904761904762	0.5	TRUE	FALSE	FALSE	FALSE	FALSE	FALSE	des_specific_instable
RvY_02984-1	1	des	0.8273809523809523	0.17261904761904762	0.5	TRUE	FALSE	FALSE	FALSE	FALSE	FALSE	des_specific_instable
RvY_03355-1	1	des	0.8273809523809523	0.17261904761904762	0.5	TRUE	FALSE	FALSE	FALSE	FALSE	FALSE	des_specific_instable
RvY_03607-1	1	des	0.8273809523809523	0.17261904761904762	0.5	TRUE	FALSE	FALSE	FALSE	FALSE	FALSE	des_specific_instable
RvY_03933-1	1	des	0.8273809523809523	0.17261904761904762	0.5	TRUE	FALSE	FALSE	FALSE	FALSE	FALSE	des_specific_instable
RvY_04061-1	1	des	0.8273809523809523	0.17261904761904762	0.5	TRUE	FALSE	FALSE	FALSE	FALSE	FALSE	des_specific_instable
RvY_04234-1	1	des	0.8273809523809523	0.17261904761904762	0.5	TRUE	FALSE	FALSE	FALSE	FALSE	FALSE	des_specific_instable
RvY_05006-1	1	des	0.8273809523809523	0.17261904761904762	0.5	TRUE	FALSE	FALSE	FALSE	FALSE	FALSE	des_specific_instable
RvY_05066-1	1	des	0.8273809523809523	0.17261904761904762	0.5	TRUE	FALSE	FALSE	FALSE	FALSE	FALSE	des_specific_instable
RvY_05341-1	1	des	0.8273809523809523	0.17261904761904762	0.5	TRUE	FALSE	FALSE	FALSE	FALSE	FALSE	des_specific_instable
RvY_05356-1	1	des	0.8273809523809523	0.17261904761904762	0.5	TRUE	FALSE	FALSE	FALSE	FALSE	FALSE	des_specific_instable
RvY_05384-1	1	des	0.8273809523809523	0.17261904761904762	0.5	TRUE	FALSE	FALSE	FALSE	FALSE	FALSE	des_specific_instable
RvY_05392-1	1	des	0.8273809523809523	0.17261904761904762	0.5	TRUE	FALSE	FALSE	FALSE	FALSE	FALSE	des_specific_instable
RvY_05435-1	1	des	0.8273809523809523	0.17261904761904762	0.5	TRUE	FALSE	FALSE	FALSE	FALSE	FALSE	des_specific_instable
RvY_05481-1	1	des	0.8273809523809523	0.17261904761904762	0.5	TRUE	FALSE	FALSE	FALSE	FALSE	FALSE	des_specific_instable
RvY_05486-1	1	des	0.8273809523809523	0.17261904761904762	0.5	TRUE	FALSE	FALSE	FALSE	FALSE	FALSE	des_specific_instable
RvY_05572	1	des	0.8273809523809523	0.17261904761904762	0.5	TRUE	FALSE	FALSE	FALSE	FALSE	FALSE	des_specific_instable
RvY_05579-1	1	des	0.8273809523809523	0.17261904761904762	0.5	TRUE	FALSE	FALSE	FALSE	FALSE	FALSE	des_specific_instable
RvY_05634	1	des	0.8273809523809523	0.17261904761904762	0.5	TRUE	FALSE	FALSE	FALSE	FALSE	FALSE	des_specific_instable
RvY_05747-1	1	des	0.8273809523809523	0.17261904761904762	0.5	TRUE	FALSE	FALSE	FALSE	FALSE	FALSE	des_specific_instable
RvY_05992-1	1	des	0.8273809523809523	0.17261904761904762	0.5	TRUE	FALSE	FALSE	FALSE	FALSE	FALSE	des_specific_instable
RvY_06055-1	1	des	0.8273809523809523	0.17261904761904762	0.5	TRUE	FALSE	FALSE	FALSE	FALSE	FALSE	des_specific_instable
RvY_06059-1	1	des	0.8273809523809523	0.17261904761904762	0.5	TRUE	FALSE	FALSE	FALSE	FALSE	FALSE	des_specific_instable
RvY_06078-1	1	des	0.8273809523809523	0.17261904761904762	0.5	TRUE	FALSE	FALSE	FALSE	FALSE	FALSE	des_specific_instable
RvY_06180-1	1	des	0.8273809523809523	0.17261904761904762	0.5	TRUE	FALSE	FALSE	FALSE	FALSE	FALSE	des_specific_instable
RvY_06210-1	1	des	0.8273809523809523	0.17261904761904762	0.5	TRUE	FALSE	FALSE	FALSE	FALSE	FALSE	des_specific_instable
RvY_06252	1	des	0.8273809523809523	0.17261904761904762	0.5	TRUE	FALSE	FALSE	FALSE	FALSE	FALSE	des_specific_instable
RvY_06796-1	1	des	0.8273809523809523	0.17261904761904762	0.5	TRUE	FALSE	FALSE	FALSE	FALSE	FALSE	des_specific_instable
RvY_06984-1	1	des	0.8273809523809523	0.17261904761904762	0.5	TRUE	FALSE	FALSE	FALSE	FALSE	FALSE	des_specific_instable
RvY_07053	1	des	0.8273809523809523	0.17261904761904762	0.5	TRUE	FALSE	FALSE	FALSE	FALSE	FALSE	des_specific_instable
RvY_07057-1	1	des	0.8273809523809523	0.17261904761904762	0.5	TRUE	FALSE	FALSE	FALSE	FALSE	FALSE	des_specific_instable
RvY_07186	1	des	0.8273809523809523	0.17261904761904762	0.5	TRUE	FALSE	FALSE	FALSE	FALSE	FALSE	des_specific_instable
RvY_07412	1	des	0.8273809523809523	0.17261904761904762	0.5	TRUE	FALSE	FALSE	FALSE	FALSE	FALSE	des_specific_instable
RvY_07519-1	1	des	0.8273809523809523	0.17261904761904762	0.5	TRUE	FALSE	FALSE	FALSE	FALSE	FALSE	des_specific_instable
RvY_07608-1	1	des	0.8273809523809523	0.17261904761904762	0.5	TRUE	FALSE	FALSE	FALSE	FALSE	FALSE	des_specific_instable
RvY_07633-1	1	des	0.8273809523809523	0.17261904761904762	0.5	TRUE	FALSE	FALSE	FALSE	FALSE	FALSE	des_specific_instable
RvY_07703-1	1	des	0.8273809523809523	0.17261904761904762	0.5	TRUE	FALSE	FALSE	FALSE	FALSE	FALSE	des_specific_instable
RvY_08048-1	1	des	0.8273809523809523	0.17261904761904762	0.5	TRUE	FALSE	FALSE	FALSE	FALSE	FALSE	des_specific_instable
RvY_08166	1	des	0.8273809523809523	0.17261904761904762	0.5	TRUE	FALSE	FALSE	FALSE	FALSE	FALSE	des_specific_instable
RvY_08200	1	des	0.8273809523809523	0.17261904761904762	0.5	TRUE	FALSE	FALSE	FALSE	FALSE	FALSE	des_specific_instable
RvY_08272-1	1	des	0.8273809523809523	0.17261904761904762	0.5	TRUE	FALSE	FALSE	FALSE	FALSE	FALSE	des_specific_instable
RvY_08393-1	1	des	0.8273809523809523	0.17261904761904762	0.5	TRUE	FALSE	FALSE	FALSE	FALSE	FALSE	des_specific_instable
RvY_08535	1	des	0.8273809523809523	0.17261904761904762	0.5	TRUE	FALSE	FALSE	FALSE	FALSE	FALSE	des_specific_instable
RvY_08620-1	1	des	0.8273809523809523	0.17261904761904762	0.5	TRUE	FALSE	FALSE	FALSE	FALSE	FALSE	des_specific_instable
RvY_08653-1	1	des	0.8273809523809523	0.17261904761904762	0.5	TRUE	FALSE	FALSE	FALSE	FALSE	FALSE	des_specific_instable
RvY_08723-1	1	des	0.8273809523809523	0.17261904761904762	0.5	TRUE	FALSE	FALSE	FALSE	FALSE	FALSE	des_specific_instable
RvY_08745-1	1	des	0.8273809523809523	0.17261904761904762	0.5	TRUE	FALSE	FALSE	FALSE	FALSE	FALSE	des_specific_instable
RvY_09286-1	1	des	0.8273809523809523	0.17261904761904762	0.5	TRUE	FALSE	FALSE	FALSE	FALSE	FALSE	des_specific_instable
RvY_09300-1	1	des	0.8273809523809523	0.17261904761904762	0.5	TRUE	FALSE	FALSE	FALSE	FALSE	FALSE	des_specific_instable
RvY_09500-1	1	des	0.8273809523809523	0.17261904761904762	0.5	TRUE	FALSE	FALSE	FALSE	FALSE	FALSE	des_specific_instable
RvY_09525-1	1	des	0.8273809523809523	0.17261904761904762	0.5	TRUE	FALSE	FALSE	FALSE	FALSE	FALSE	des_specific_instable
RvY_09673-1	1	des	0.8273809523809523	0.17261904761904762	0.5	TRUE	FALSE	FALSE	FALSE	FALSE	FALSE	des_specific_instable
RvY_09743	1	des	0.8273809523809523	0.17261904761904762	0.5	TRUE	FALSE	FALSE	FALSE	FALSE	FALSE	des_specific_instable
RvY_09797-1	1	des	0.8273809523809523	0.17261904761904762	0.5	TRUE	FALSE	FALSE	FALSE	FALSE	FALSE	des_specific_instable
RvY_10286-1	1	des	0.8273809523809523	0.17261904761904762	0.5	TRUE	FALSE	FALSE	FALSE	FALSE	FALSE	des_specific_instable
RvY_10510-1	1	des	0.8273809523809523	0.17261904761904762	0.5	TRUE	FALSE	FALSE	FALSE	FALSE	FALSE	des_specific_instable
RvY_10529	1	des	0.8273809523809523	0.17261904761904762	0.5	TRUE	FALSE	FALSE	FALSE	FALSE	FALSE	des_specific_instable
RvY_10531	1	des	0.8273809523809523	0.17261904761904762	0.5	TRUE	FALSE	FALSE	FALSE	FALSE	FALSE	des_specific_instable
RvY_10545-1	1	des	0.8273809523809523	0.17261904761904762	0.5	TRUE	FALSE	FALSE	FALSE	FALSE	FALSE	des_specific_instable
RvY_10720-1	1	des	0.8273809523809523	0.17261904761904762	0.5	TRUE	FALSE	FALSE	FALSE	FALSE	FALSE	des_specific_instable
RvY_11512-1	1	des	0.8273809523809523	0.17261904761904762	0.5	TRUE	FALSE	FALSE	FALSE	FALSE	FALSE	des_specific_instable
RvY_11545-1	1	des	0.8273809523809523	0.17261904761904762	0.5	TRUE	FALSE	FALSE	FALSE	FALSE	FALSE	des_specific_instable
RvY_11584-1	1	des	0.8273809523809523	0.17261904761904762	0.5	TRUE	FALSE	FALSE	FALSE	FALSE	FALSE	des_specific_instable
RvY_11693-1	1	des	0.8273809523809523	0.17261904761904762	0.5	TRUE	FALSE	FALSE	FALSE	FALSE	FALSE	des_specific_instable
RvY_11889	1	des	0.8273809523809523	0.17261904761904762	0.5	TRUE	FALSE	FALSE	FALSE	FALSE	FALSE	des_specific_instable
RvY_11925-1	1	des	0.8273809523809523	0.17261904761904762	0.5	TRUE	FALSE	FALSE	FALSE	FALSE	FALSE	des_specific_instable
RvY_12025-1	1	des	0.8273809523809523	0.17261904761904762	0.5	TRUE	FALSE	FALSE	FALSE	FALSE	FALSE	des_specific_instable
RvY_12033-1	1	des	0.8273809523809523	0.17261904761904762	0.5	TRUE	FALSE	FALSE	FALSE	FALSE	FALSE	des_specific_instable
RvY_12098-1	1	des	0.8273809523809523	0.17261904761904762	0.5	TRUE	FALSE	FALSE	FALSE	FALSE	FALSE	des_specific_instable
RvY_12120-1	1	des	0.8273809523809523	0.17261904761904762	0.5	TRUE	FALSE	FALSE	FALSE	FALSE	FALSE	des_specific_instable
RvY_12139	1	des	0.8273809523809523	0.17261904761904762	0.5	TRUE	FALSE	FALSE	FALSE	FALSE	FALSE	des_specific_instable
RvY_12216	1	des	0.8273809523809523	0.17261904761904762	0.5	TRUE	FALSE	FALSE	FALSE	FALSE	FALSE	des_specific_instable
RvY_12307	1	des	0.8273809523809523	0.17261904761904762	0.5	TRUE	FALSE	FALSE	FALSE	FALSE	FALSE	des_specific_instable
RvY_12704-1	1	des	0.8273809523809523	0.17261904761904762	0.5	TRUE	FALSE	FALSE	FALSE	FALSE	FALSE	des_specific_instable
RvY_12715-1	1	des	0.8273809523809523	0.17261904761904762	0.5	TRUE	FALSE	FALSE	FALSE	FALSE	FALSE	des_specific_instable
RvY_12851-1	1	des	0.8273809523809523	0.17261904761904762	0.5	TRUE	FALSE	FALSE	FALSE	FALSE	FALSE	des_specific_instable
RvY_12925	1	des	0.8273809523809523	0.17261904761904762	0.5	TRUE	FALSE	FALSE	FALSE	FALSE	FALSE	des_specific_instable
RvY_12975-1	1	des	0.8273809523809523	0.17261904761904762	0.5	TRUE	FALSE	FALSE	FALSE	FALSE	FALSE	des_specific_instable
RvY_12997-1	1	des	0.8273809523809523	0.17261904761904762	0.5	TRUE	FALSE	FALSE	FALSE	FALSE	FALSE	des_specific_instable
RvY_13118-1	1	des	0.8273809523809523	0.17261904761904762	0.5	TRUE	FALSE	FALSE	FALSE	FALSE	FALSE	des_specific_instable
RvY_13191-1	1	des	0.8273809523809523	0.17261904761904762	0.5	TRUE	FALSE	FALSE	FALSE	FALSE	FALSE	des_specific_instable
RvY_13445-1	1	des	0.8273809523809523	0.17261904761904762	0.5	TRUE	FALSE	FALSE	FALSE	FALSE	FALSE	des_specific_instable
RvY_13454-1	1	des	0.8273809523809523	0.17261904761904762	0.5	TRUE	FALSE	FALSE	FALSE	FALSE	FALSE	des_specific_instable
RvY_13596-1	1	des	0.8273809523809523	0.17261904761904762	0.5	TRUE	FALSE	FALSE	FALSE	FALSE	FALSE	des_specific_instable
RvY_13609	1	des	0.8273809523809523	0.17261904761904762	0.5	TRUE	FALSE	FALSE	FALSE	FALSE	FALSE	des_specific_instable
RvY_13797-1	1	des	0.8273809523809523	0.17261904761904762	0.5	TRUE	FALSE	FALSE	FALSE	FALSE	FALSE	des_specific_instable
RvY_13932	1	des	0.8273809523809523	0.17261904761904762	0.5	TRUE	FALSE	FALSE	FALSE	FALSE	FALSE	des_specific_instable
RvY_14236-1	1	des	0.8273809523809523	0.17261904761904762	0.5	TRUE	FALSE	FALSE	FALSE	FALSE	FALSE	des_specific_instable
RvY_14293	1	des	0.8273809523809523	0.17261904761904762	0.5	TRUE	FALSE	FALSE	FALSE	FALSE	FALSE	des_specific_instable
RvY_14488-1	1	des	0.8273809523809523	0.17261904761904762	0.5	TRUE	FALSE	FALSE	FALSE	FALSE	FALSE	des_specific_instable
RvY_14489-1	1	des	0.8273809523809523	0.17261904761904762	0.5	TRUE	FALSE	FALSE	FALSE	FALSE	FALSE	des_specific_instable
RvY_14587-1	1	des	0.8273809523809523	0.17261904761904762	0.5	TRUE	FALSE	FALSE	FALSE	FALSE	FALSE	des_specific_instable
RvY_14601-1	1	des	0.8273809523809523	0.17261904761904762	0.5	TRUE	FALSE	FALSE	FALSE	FALSE	FALSE	des_specific_instable
RvY_14736-1	1	des	0.8273809523809523	0.17261904761904762	0.5	TRUE	FALSE	FALSE	FALSE	FALSE	FALSE	des_specific_instable
RvY_15108-1	1	des	0.8273809523809523	0.17261904761904762	0.5	TRUE	FALSE	FALSE	FALSE	FALSE	FALSE	des_specific_instable
RvY_15231-1	1	des	0.8273809523809523	0.17261904761904762	0.5	TRUE	FALSE	FALSE	FALSE	FALSE	FALSE	des_specific_instable
RvY_15318-1	1	des	0.8273809523809523	0.17261904761904762	0.5	TRUE	FALSE	FALSE	FALSE	FALSE	FALSE	des_specific_instable
RvY_15353-1	1	des	0.8273809523809523	0.17261904761904762	0.5	TRUE	FALSE	FALSE	FALSE	FALSE	FALSE	des_specific_instable
RvY_15507-1	1	des	0.8273809523809523	0.17261904761904762	0.5	TRUE	FALSE	FALSE	FALSE	FALSE	FALSE	des_specific_instable
RvY_15511-1	1	des	0.8273809523809523	0.17261904761904762	0.5	TRUE	FALSE	FALSE	FALSE	FALSE	FALSE	des_specific_instable
RvY_15512	1	des	0.8273809523809523	0.17261904761904762	0.5	TRUE	FALSE	FALSE	FALSE	FALSE	FALSE	des_specific_instable
RvY_15613-1	1	des	0.8273809523809523	0.17261904761904762	0.5	TRUE	FALSE	FALSE	FALSE	FALSE	FALSE	des_specific_instable
RvY_15655-1	1	des	0.8273809523809523	0.17261904761904762	0.5	TRUE	FALSE	FALSE	FALSE	FALSE	FALSE	des_specific_instable
RvY_15761-1	1	des	0.8273809523809523	0.17261904761904762	0.5	TRUE	FALSE	FALSE	FALSE	FALSE	FALSE	des_specific_instable
RvY_15778-1	1	des	0.8273809523809523	0.17261904761904762	0.5	TRUE	FALSE	FALSE	FALSE	FALSE	FALSE	des_specific_instable
RvY_15892-1	1	des	0.8273809523809523	0.17261904761904762	0.5	TRUE	FALSE	FALSE	FALSE	FALSE	FALSE	des_specific_instable
RvY_15898-1	1	des	0.8273809523809523	0.17261904761904762	0.5	TRUE	FALSE	FALSE	FALSE	FALSE	FALSE	des_specific_instable
RvY_16002-1	1	des	0.8273809523809523	0.17261904761904762	0.5	TRUE	FALSE	FALSE	FALSE	FALSE	FALSE	des_specific_instable
RvY_16481-1	1	des	0.8273809523809523	0.17261904761904762	0.5	TRUE	FALSE	FALSE	FALSE	FALSE	FALSE	des_specific_instable
RvY_16522-1	1	des	0.8273809523809523	0.17261904761904762	0.5	TRUE	FALSE	FALSE	FALSE	FALSE	FALSE	des_specific_instable
RvY_16868-1	1	des	0.8273809523809523	0.17261904761904762	0.5	TRUE	FALSE	FALSE	FALSE	FALSE	FALSE	des_specific_instable
RvY_16914	1	des	0.8273809523809523	0.17261904761904762	0.5	TRUE	FALSE	FALSE	FALSE	FALSE	FALSE	des_specific_instable
RvY_16924	1	des	0.8273809523809523	0.17261904761904762	0.5	TRUE	FALSE	FALSE	FALSE	FALSE	FALSE	des_specific_instable
RvY_16966	1	des	0.8273809523809523	0.17261904761904762	0.5	TRUE	FALSE	FALSE	FALSE	FALSE	FALSE	des_specific_instable
RvY_17063-1	1	des	0.8273809523809523	0.17261904761904762	0.5	TRUE	FALSE	FALSE	FALSE	FALSE	FALSE	des_specific_instable
RvY_17315-1	1	des	0.8273809523809523	0.17261904761904762	0.5	TRUE	FALSE	FALSE	FALSE	FALSE	FALSE	des_specific_instable
RvY_17702-1	1	des	0.8273809523809523	0.17261904761904762	0.5	TRUE	FALSE	FALSE	FALSE	FALSE	FALSE	des_specific_instable
RvY_17743-1	1	des	0.8273809523809523	0.17261904761904762	0.5	TRUE	FALSE	FALSE	FALSE	FALSE	FALSE	des_specific_instable
RvY_17744-1	1	des	0.8273809523809523	0.17261904761904762	0.5	TRUE	FALSE	FALSE	FALSE	FALSE	FALSE	des_specific_instable
RvY_17792-1	1	des	0.8273809523809523	0.17261904761904762	0.5	TRUE	FALSE	FALSE	FALSE	FALSE	FALSE	des_specific_instable
RvY_17800-1	1	des	0.8273809523809523	0.17261904761904762	0.5	TRUE	FALSE	FALSE	FALSE	FALSE	FALSE	des_specific_instable
RvY_18004-1	1	des	0.8273809523809523	0.17261904761904762	0.5	TRUE	FALSE	FALSE	FALSE	FALSE	FALSE	des_specific_instable
RvY_18132-1	1	des	0.8273809523809523	0.17261904761904762	0.5	TRUE	FALSE	FALSE	FALSE	FALSE	FALSE	des_specific_instable
RvY_18210-1	1	des	0.8273809523809523	0.17261904761904762	0.5	TRUE	FALSE	FALSE	FALSE	FALSE	FALSE	des_specific_instable
RvY_18380-1	1	des	0.8273809523809523	0.17261904761904762	0.5	TRUE	FALSE	FALSE	FALSE	FALSE	FALSE	des_specific_instable
RvY_19024	1	des	0.8273809523809523	0.17261904761904762	0.5	TRUE	FALSE	FALSE	FALSE	FALSE	FALSE	des_specific_instable
RvY_19215-1	1	des	0.8273809523809523	0.17261904761904762	0.5	TRUE	FALSE	FALSE	FALSE	FALSE	FALSE	des_specific_instable
RvY_19286-1	1	des	0.8273809523809523	0.17261904761904762	0.5	TRUE	FALSE	FALSE	FALSE	FALSE	FALSE	des_specific_instable
RvY_19375-1	1	des	0.8273809523809523	0.17261904761904762	0.5	TRUE	FALSE	FALSE	FALSE	FALSE	FALSE	des_specific_instable
RvY_00691	1	des	0.8303571428571428	0.16964285714285715	0.5	TRUE	FALSE	FALSE	FALSE	FALSE	FALSE	des_specific_instable
RvY_00948-1	1	des	0.8303571428571428	0.16964285714285715	0.5	TRUE	FALSE	FALSE	FALSE	FALSE	FALSE	des_specific_instable
RvY_01014-1	1	des	0.8303571428571428	0.16964285714285715	0.5	TRUE	FALSE	FALSE	FALSE	FALSE	FALSE	des_specific_instable
RvY_01050-1	1	des	0.8303571428571428	0.16964285714285715	0.5	TRUE	FALSE	FALSE	FALSE	FALSE	FALSE	des_specific_instable
RvY_01193-1	1	des	0.8303571428571428	0.16964285714285715	0.5	TRUE	FALSE	FALSE	FALSE	FALSE	FALSE	des_specific_instable
RvY_01548	1	des	0.8303571428571428	0.16964285714285715	0.5	TRUE	FALSE	FALSE	FALSE	FALSE	FALSE	des_specific_instable
RvY_01651-1	1	des	0.8303571428571428	0.16964285714285715	0.5	TRUE	FALSE	FALSE	FALSE	FALSE	FALSE	des_specific_instable
RvY_01761-1	1	des	0.8303571428571428	0.16964285714285715	0.5	TRUE	FALSE	FALSE	FALSE	FALSE	FALSE	des_specific_instable
RvY_02188-1	1	des	0.8303571428571428	0.16964285714285715	0.5	TRUE	FALSE	FALSE	FALSE	FALSE	FALSE	des_specific_instable
RvY_02237-1	1	des	0.8303571428571428	0.16964285714285715	0.5	TRUE	FALSE	FALSE	FALSE	FALSE	FALSE	des_specific_instable
RvY_03039	1	des	0.8303571428571428	0.16964285714285715	0.5	TRUE	FALSE	FALSE	FALSE	FALSE	FALSE	des_specific_instable
RvY_03044-1	1	des	0.8303571428571428	0.16964285714285715	0.5	TRUE	FALSE	FALSE	FALSE	FALSE	FALSE	des_specific_instable
RvY_03163	1	des	0.8303571428571428	0.16964285714285715	0.5	TRUE	FALSE	FALSE	FALSE	FALSE	FALSE	des_specific_instable
RvY_03248-1	1	des	0.8303571428571428	0.16964285714285715	0.5	TRUE	FALSE	FALSE	FALSE	FALSE	FALSE	des_specific_instable
RvY_03380-1	1	des	0.8303571428571428	0.16964285714285715	0.5	TRUE	FALSE	FALSE	FALSE	FALSE	FALSE	des_specific_instable
RvY_03616	1	des	0.8303571428571428	0.16964285714285715	0.5	TRUE	FALSE	FALSE	FALSE	FALSE	FALSE	des_specific_instable
RvY_03895-1	1	des	0.8303571428571428	0.16964285714285715	0.5	TRUE	FALSE	FALSE	FALSE	FALSE	FALSE	des_specific_instable
RvY_04436-1	1	des	0.8303571428571428	0.16964285714285715	0.5	TRUE	FALSE	FALSE	FALSE	FALSE	FALSE	des_specific_instable
RvY_04441-1	1	des	0.8303571428571428	0.16964285714285715	0.5	TRUE	FALSE	FALSE	FALSE	FALSE	FALSE	des_specific_instable
RvY_04693-1	1	des	0.8303571428571428	0.16964285714285715	0.5	TRUE	FALSE	FALSE	FALSE	FALSE	FALSE	des_specific_instable
RvY_05321-1	1	des	0.8303571428571428	0.16964285714285715	0.5	TRUE	FALSE	FALSE	FALSE	FALSE	FALSE	des_specific_instable
RvY_05422-1	1	des	0.8303571428571428	0.16964285714285715	0.5	TRUE	FALSE	FALSE	FALSE	FALSE	FALSE	des_specific_instable
RvY_05478-1	1	des	0.8303571428571428	0.16964285714285715	0.5	TRUE	FALSE	FALSE	FALSE	FALSE	FALSE	des_specific_instable
RvY_05616-1	1	des	0.8303571428571428	0.16964285714285715	0.5	TRUE	FALSE	FALSE	FALSE	FALSE	FALSE	des_specific_instable
RvY_05752-1	1	des	0.8303571428571428	0.16964285714285715	0.5	TRUE	FALSE	FALSE	FALSE	FALSE	FALSE	des_specific_instable
RvY_06038-1	1	des	0.8303571428571428	0.16964285714285715	0.5	TRUE	FALSE	FALSE	FALSE	FALSE	FALSE	des_specific_instable
RvY_06366-1	1	des	0.8303571428571428	0.16964285714285715	0.5	TRUE	FALSE	FALSE	FALSE	FALSE	FALSE	des_specific_instable
RvY_06423-1	1	des	0.8303571428571428	0.16964285714285715	0.5	TRUE	FALSE	FALSE	FALSE	FALSE	FALSE	des_specific_instable
RvY_06611-1	1	des	0.8303571428571428	0.16964285714285715	0.5	TRUE	FALSE	FALSE	FALSE	FALSE	FALSE	des_specific_instable
RvY_06957	1	des	0.8303571428571428	0.16964285714285715	0.5	TRUE	FALSE	FALSE	FALSE	FALSE	FALSE	des_specific_instable
RvY_07025-1	1	des	0.8303571428571428	0.16964285714285715	0.5	TRUE	FALSE	FALSE	FALSE	FALSE	FALSE	des_specific_instable
RvY_07158-1	1	des	0.8303571428571428	0.16964285714285715	0.5	TRUE	FALSE	FALSE	FALSE	FALSE	FALSE	des_specific_instable
RvY_07334-1	1	des	0.8303571428571428	0.16964285714285715	0.5	TRUE	FALSE	FALSE	FALSE	FALSE	FALSE	des_specific_instable
RvY_07725-1	1	des	0.8303571428571428	0.16964285714285715	0.5	TRUE	FALSE	FALSE	FALSE	FALSE	FALSE	des_specific_instable
RvY_07848-1	1	des	0.8303571428571428	0.16964285714285715	0.5	TRUE	FALSE	FALSE	FALSE	FALSE	FALSE	des_specific_instable
RvY_08046-1	1	des	0.8303571428571428	0.16964285714285715	0.5	TRUE	FALSE	FALSE	FALSE	FALSE	FALSE	des_specific_instable
RvY_08082-1	1	des	0.8303571428571428	0.16964285714285715	0.5	TRUE	FALSE	FALSE	FALSE	FALSE	FALSE	des_specific_instable
RvY_08279	1	des	0.8303571428571428	0.16964285714285715	0.5	TRUE	FALSE	FALSE	FALSE	FALSE	FALSE	des_specific_instable
RvY_08717	1	des	0.8303571428571428	0.16964285714285715	0.5	TRUE	FALSE	FALSE	FALSE	FALSE	FALSE	des_specific_instable
RvY_09035-1	1	des	0.8303571428571428	0.16964285714285715	0.5	TRUE	FALSE	FALSE	FALSE	FALSE	FALSE	des_specific_instable
RvY_09451-1	1	des	0.8303571428571428	0.16964285714285715	0.5	TRUE	FALSE	FALSE	FALSE	FALSE	FALSE	des_specific_instable
RvY_09509-1	1	des	0.8303571428571428	0.16964285714285715	0.5	TRUE	FALSE	FALSE	FALSE	FALSE	FALSE	des_specific_instable
RvY_10654-1	1	des	0.8303571428571428	0.16964285714285715	0.5	TRUE	FALSE	FALSE	FALSE	FALSE	FALSE	des_specific_instable
RvY_11371-1	1	des	0.8303571428571428	0.16964285714285715	0.5	TRUE	FALSE	FALSE	FALSE	FALSE	FALSE	des_specific_instable
RvY_11379-1	1	des	0.8303571428571428	0.16964285714285715	0.5	TRUE	FALSE	FALSE	FALSE	FALSE	FALSE	des_specific_instable
RvY_11386	1	des	0.8303571428571428	0.16964285714285715	0.5	TRUE	FALSE	FALSE	FALSE	FALSE	FALSE	des_specific_instable
RvY_12352-1	1	des	0.8303571428571428	0.16964285714285715	0.5	TRUE	FALSE	FALSE	FALSE	FALSE	FALSE	des_specific_instable
RvY_13053	1	des	0.8303571428571428	0.16964285714285715	0.5	TRUE	FALSE	FALSE	FALSE	FALSE	FALSE	des_specific_instable
RvY_13134-1	1	des	0.8303571428571428	0.16964285714285715	0.5	TRUE	FALSE	FALSE	FALSE	FALSE	FALSE	des_specific_instable
RvY_13177-1	1	des	0.8303571428571428	0.16964285714285715	0.5	TRUE	FALSE	FALSE	FALSE	FALSE	FALSE	des_specific_instable
RvY_13383-1	1	des	0.8303571428571428	0.16964285714285715	0.5	TRUE	FALSE	FALSE	FALSE	FALSE	FALSE	des_specific_instable
RvY_13488-1	1	des	0.8303571428571428	0.16964285714285715	0.5	TRUE	FALSE	FALSE	FALSE	FALSE	FALSE	des_specific_instable
RvY_13532-1	1	des	0.8303571428571428	0.16964285714285715	0.5	TRUE	FALSE	FALSE	FALSE	FALSE	FALSE	des_specific_instable
RvY_13773	1	des	0.8303571428571428	0.16964285714285715	0.5	TRUE	FALSE	FALSE	FALSE	FALSE	FALSE	des_specific_instable
RvY_13956-1	1	des	0.8303571428571428	0.16964285714285715	0.5	TRUE	FALSE	FALSE	FALSE	FALSE	FALSE	des_specific_instable
RvY_14028-1	1	des	0.8303571428571428	0.16964285714285715	0.5	TRUE	FALSE	FALSE	FALSE	FALSE	FALSE	des_specific_instable
RvY_14258-1	1	des	0.8303571428571428	0.16964285714285715	0.5	TRUE	FALSE	FALSE	FALSE	FALSE	FALSE	des_specific_instable
RvY_14269-1	1	des	0.8303571428571428	0.16964285714285715	0.5	TRUE	FALSE	FALSE	FALSE	FALSE	FALSE	des_specific_instable
RvY_14300	1	des	0.8303571428571428	0.16964285714285715	0.5	TRUE	FALSE	FALSE	FALSE	FALSE	FALSE	des_specific_instable
RvY_14323-1	1	des	0.8303571428571428	0.16964285714285715	0.5	TRUE	FALSE	FALSE	FALSE	FALSE	FALSE	des_specific_instable
RvY_14428-1	1	des	0.8303571428571428	0.16964285714285715	0.5	TRUE	FALSE	FALSE	FALSE	FALSE	FALSE	des_specific_instable
RvY_14902-1	1	des	0.8303571428571428	0.16964285714285715	0.5	TRUE	FALSE	FALSE	FALSE	FALSE	FALSE	des_specific_instable
RvY_15478-1	1	des	0.8303571428571428	0.16964285714285715	0.5	TRUE	FALSE	FALSE	FALSE	FALSE	FALSE	des_specific_instable
RvY_15561-1	1	des	0.8303571428571428	0.16964285714285715	0.5	TRUE	FALSE	FALSE	FALSE	FALSE	FALSE	des_specific_instable
RvY_16329-1	1	des	0.8303571428571428	0.16964285714285715	0.5	TRUE	FALSE	FALSE	FALSE	FALSE	FALSE	des_specific_instable
RvY_16390-1	1	des	0.8303571428571428	0.16964285714285715	0.5	TRUE	FALSE	FALSE	FALSE	FALSE	FALSE	des_specific_instable
RvY_16414-1	1	des	0.8303571428571428	0.16964285714285715	0.5	TRUE	FALSE	FALSE	FALSE	FALSE	FALSE	des_specific_instable
RvY_16533-1	1	des	0.8303571428571428	0.16964285714285715	0.5	TRUE	FALSE	FALSE	FALSE	FALSE	FALSE	des_specific_instable
RvY_16598-1	1	des	0.8303571428571428	0.16964285714285715	0.5	TRUE	FALSE	FALSE	FALSE	FALSE	FALSE	des_specific_instable
RvY_17256-1	1	des	0.8303571428571428	0.16964285714285715	0.5	TRUE	FALSE	FALSE	FALSE	FALSE	FALSE	des_specific_instable
RvY_17301-1	1	des	0.8303571428571428	0.16964285714285715	0.5	TRUE	FALSE	FALSE	FALSE	FALSE	FALSE	des_specific_instable
RvY_17929-1	1	des	0.8303571428571428	0.16964285714285715	0.5	TRUE	FALSE	FALSE	FALSE	FALSE	FALSE	des_specific_instable
RvY_18400-1	1	des	0.8303571428571428	0.16964285714285715	0.5	TRUE	FALSE	FALSE	FALSE	FALSE	FALSE	des_specific_instable
RvY_00112-1	1	des	0.8363095238095238	0.1636904761904762	0.5	TRUE	FALSE	FALSE	FALSE	FALSE	FALSE	des_specific_instable
RvY_00123	1	des	0.8363095238095238	0.1636904761904762	0.5	TRUE	FALSE	FALSE	FALSE	FALSE	FALSE	des_specific_instable
RvY_00181	1	des	0.8363095238095238	0.1636904761904762	0.5	TRUE	FALSE	FALSE	FALSE	FALSE	FALSE	des_specific_instable
RvY_00283-1	1	des	0.8363095238095238	0.1636904761904762	0.5	TRUE	FALSE	FALSE	FALSE	FALSE	FALSE	des_specific_instable
RvY_00291-1	1	des	0.8363095238095238	0.1636904761904762	0.5	TRUE	FALSE	FALSE	FALSE	FALSE	FALSE	des_specific_instable
RvY_00293-1	1	des	0.8363095238095238	0.1636904761904762	0.5	TRUE	FALSE	FALSE	FALSE	FALSE	FALSE	des_specific_instable
RvY_00349-1	1	des	0.8363095238095238	0.1636904761904762	0.5	TRUE	FALSE	FALSE	FALSE	FALSE	FALSE	des_specific_instable
RvY_00633-1	1	des	0.8363095238095238	0.1636904761904762	0.5	TRUE	FALSE	FALSE	FALSE	FALSE	FALSE	des_specific_instable
RvY_00680-1	1	des	0.8363095238095238	0.1636904761904762	0.5	TRUE	FALSE	FALSE	FALSE	FALSE	FALSE	des_specific_instable
RvY_01153	1	des	0.8363095238095238	0.1636904761904762	0.5	TRUE	FALSE	FALSE	FALSE	FALSE	FALSE	des_specific_instable
RvY_01215	1	des	0.8363095238095238	0.1636904761904762	0.5	TRUE	FALSE	FALSE	FALSE	FALSE	FALSE	des_specific_instable
RvY_01253	1	des	0.8363095238095238	0.1636904761904762	0.5	TRUE	FALSE	FALSE	FALSE	FALSE	FALSE	des_specific_instable
RvY_01301-1	1	des	0.8363095238095238	0.1636904761904762	0.5	TRUE	FALSE	FALSE	FALSE	FALSE	FALSE	des_specific_instable
RvY_01347	1	des	0.8363095238095238	0.1636904761904762	0.5	TRUE	FALSE	FALSE	FALSE	FALSE	FALSE	des_specific_instable
RvY_01428	1	des	0.8363095238095238	0.1636904761904762	0.5	TRUE	FALSE	FALSE	FALSE	FALSE	FALSE	des_specific_instable
RvY_01725	1	des	0.8363095238095238	0.1636904761904762	0.5	TRUE	FALSE	FALSE	FALSE	FALSE	FALSE	des_specific_instable
RvY_01939-1	1	des	0.8363095238095238	0.1636904761904762	0.5	TRUE	FALSE	FALSE	FALSE	FALSE	FALSE	des_specific_instable
RvY_02318-1	1	des	0.8363095238095238	0.1636904761904762	0.5	TRUE	FALSE	FALSE	FALSE	FALSE	FALSE	des_specific_instable
RvY_02439-1	1	des	0.8363095238095238	0.1636904761904762	0.5	TRUE	FALSE	FALSE	FALSE	FALSE	FALSE	des_specific_instable
RvY_02489-1	1	des	0.8363095238095238	0.1636904761904762	0.5	TRUE	FALSE	FALSE	FALSE	FALSE	FALSE	des_specific_instable
RvY_02710-1	1	des	0.8363095238095238	0.1636904761904762	0.5	TRUE	FALSE	FALSE	FALSE	FALSE	FALSE	des_specific_instable
RvY_02847-1	1	des	0.8363095238095238	0.1636904761904762	0.5	TRUE	FALSE	FALSE	FALSE	FALSE	FALSE	des_specific_instable
RvY_03065-1	1	des	0.8363095238095238	0.1636904761904762	0.5	TRUE	FALSE	FALSE	FALSE	FALSE	FALSE	des_specific_instable
RvY_03242-1	1	des	0.8363095238095238	0.1636904761904762	0.5	TRUE	FALSE	FALSE	FALSE	FALSE	FALSE	des_specific_instable
RvY_03281-1	1	des	0.8363095238095238	0.1636904761904762	0.5	TRUE	FALSE	FALSE	FALSE	FALSE	FALSE	des_specific_instable
RvY_03313	1	des	0.8363095238095238	0.1636904761904762	0.5	TRUE	FALSE	FALSE	FALSE	FALSE	FALSE	des_specific_instable
RvY_03359-1	1	des	0.8363095238095238	0.1636904761904762	0.5	TRUE	FALSE	FALSE	FALSE	FALSE	FALSE	des_specific_instable
RvY_03472-1	1	des	0.8363095238095238	0.1636904761904762	0.5	TRUE	FALSE	FALSE	FALSE	FALSE	FALSE	des_specific_instable
RvY_03519-1	1	des	0.8363095238095238	0.1636904761904762	0.5	TRUE	FALSE	FALSE	FALSE	FALSE	FALSE	des_specific_instable
RvY_03610-1	1	des	0.8363095238095238	0.1636904761904762	0.5	TRUE	FALSE	FALSE	FALSE	FALSE	FALSE	des_specific_instable
RvY_03655-1	1	des	0.8363095238095238	0.1636904761904762	0.5	TRUE	FALSE	FALSE	FALSE	FALSE	FALSE	des_specific_instable
RvY_03754-1	1	des	0.8363095238095238	0.1636904761904762	0.5	TRUE	FALSE	FALSE	FALSE	FALSE	FALSE	des_specific_instable
RvY_04006	1	des	0.8363095238095238	0.1636904761904762	0.5	TRUE	FALSE	FALSE	FALSE	FALSE	FALSE	des_specific_instable
RvY_04068-1	1	des	0.8363095238095238	0.1636904761904762	0.5	TRUE	FALSE	FALSE	FALSE	FALSE	FALSE	des_specific_instable
RvY_04114-1	1	des	0.8363095238095238	0.1636904761904762	0.5	TRUE	FALSE	FALSE	FALSE	FALSE	FALSE	des_specific_instable
RvY_04223-1	1	des	0.8363095238095238	0.1636904761904762	0.5	TRUE	FALSE	FALSE	FALSE	FALSE	FALSE	des_specific_instable
RvY_04556-1	1	des	0.8363095238095238	0.1636904761904762	0.5	TRUE	FALSE	FALSE	FALSE	FALSE	FALSE	des_specific_instable
RvY_04599	1	des	0.8363095238095238	0.1636904761904762	0.5	TRUE	FALSE	FALSE	FALSE	FALSE	FALSE	des_specific_instable
RvY_04638-1	1	des	0.8363095238095238	0.1636904761904762	0.5	TRUE	FALSE	FALSE	FALSE	FALSE	FALSE	des_specific_instable
RvY_04703	1	des	0.8363095238095238	0.1636904761904762	0.5	TRUE	FALSE	FALSE	FALSE	FALSE	FALSE	des_specific_instable
RvY_04748-1	1	des	0.8363095238095238	0.1636904761904762	0.5	TRUE	FALSE	FALSE	FALSE	FALSE	FALSE	des_specific_instable
RvY_04764-1	1	des	0.8363095238095238	0.1636904761904762	0.5	TRUE	FALSE	FALSE	FALSE	FALSE	FALSE	des_specific_instable
RvY_04797-1	1	des	0.8363095238095238	0.1636904761904762	0.5	TRUE	FALSE	FALSE	FALSE	FALSE	FALSE	des_specific_instable
RvY_04817-1	1	des	0.8363095238095238	0.1636904761904762	0.5	TRUE	FALSE	FALSE	FALSE	FALSE	FALSE	des_specific_instable
RvY_04829-1	1	des	0.8363095238095238	0.1636904761904762	0.5	TRUE	FALSE	FALSE	FALSE	FALSE	FALSE	des_specific_instable
RvY_04940-1	1	des	0.8363095238095238	0.1636904761904762	0.5	TRUE	FALSE	FALSE	FALSE	FALSE	FALSE	des_specific_instable
RvY_05094-1	1	des	0.8363095238095238	0.1636904761904762	0.5	TRUE	FALSE	FALSE	FALSE	FALSE	FALSE	des_specific_instable
RvY_05154-1	1	des	0.8363095238095238	0.1636904761904762	0.5	TRUE	FALSE	FALSE	FALSE	FALSE	FALSE	des_specific_instable
RvY_05156-1	1	des	0.8363095238095238	0.1636904761904762	0.5	TRUE	FALSE	FALSE	FALSE	FALSE	FALSE	des_specific_instable
RvY_05301-1	1	des	0.8363095238095238	0.1636904761904762	0.5	TRUE	FALSE	FALSE	FALSE	FALSE	FALSE	des_specific_instable
RvY_05709-1	1	des	0.8363095238095238	0.1636904761904762	0.5	TRUE	FALSE	FALSE	FALSE	FALSE	FALSE	des_specific_instable
RvY_05809-1	1	des	0.8363095238095238	0.1636904761904762	0.5	TRUE	FALSE	FALSE	FALSE	FALSE	FALSE	des_specific_instable
RvY_05853-1	1	des	0.8363095238095238	0.1636904761904762	0.5	TRUE	FALSE	FALSE	FALSE	FALSE	FALSE	des_specific_instable
RvY_05956-1	1	des	0.8363095238095238	0.1636904761904762	0.5	TRUE	FALSE	FALSE	FALSE	FALSE	FALSE	des_specific_instable
RvY_05990-1	1	des	0.8363095238095238	0.1636904761904762	0.5	TRUE	FALSE	FALSE	FALSE	FALSE	FALSE	des_specific_instable
RvY_06024-1	1	des	0.8363095238095238	0.1636904761904762	0.5	TRUE	FALSE	FALSE	FALSE	FALSE	FALSE	des_specific_instable
RvY_06067-1	1	des	0.8363095238095238	0.1636904761904762	0.5	TRUE	FALSE	FALSE	FALSE	FALSE	FALSE	des_specific_instable
RvY_06090	1	des	0.8363095238095238	0.1636904761904762	0.5	TRUE	FALSE	FALSE	FALSE	FALSE	FALSE	des_specific_instable
RvY_06100-1	1	des	0.8363095238095238	0.1636904761904762	0.5	TRUE	FALSE	FALSE	FALSE	FALSE	FALSE	des_specific_instable
RvY_06297-1	1	des	0.8363095238095238	0.1636904761904762	0.5	TRUE	FALSE	FALSE	FALSE	FALSE	FALSE	des_specific_instable
RvY_06349-1	1	des	0.8363095238095238	0.1636904761904762	0.5	TRUE	FALSE	FALSE	FALSE	FALSE	FALSE	des_specific_instable
RvY_06354-1	1	des	0.8363095238095238	0.1636904761904762	0.5	TRUE	FALSE	FALSE	FALSE	FALSE	FALSE	des_specific_instable
RvY_06398	1	des	0.8363095238095238	0.1636904761904762	0.5	TRUE	FALSE	FALSE	FALSE	FALSE	FALSE	des_specific_instable
RvY_06552-1	1	des	0.8363095238095238	0.1636904761904762	0.5	TRUE	FALSE	FALSE	FALSE	FALSE	FALSE	des_specific_instable
RvY_06565	1	des	0.8363095238095238	0.1636904761904762	0.5	TRUE	FALSE	FALSE	FALSE	FALSE	FALSE	des_specific_instable
RvY_06656-1	1	des	0.8363095238095238	0.1636904761904762	0.5	TRUE	FALSE	FALSE	FALSE	FALSE	FALSE	des_specific_instable
RvY_06861-1	1	des	0.8363095238095238	0.1636904761904762	0.5	TRUE	FALSE	FALSE	FALSE	FALSE	FALSE	des_specific_instable
RvY_06942	1	des	0.8363095238095238	0.1636904761904762	0.5	TRUE	FALSE	FALSE	FALSE	FALSE	FALSE	des_specific_instable
RvY_06951	1	des	0.8363095238095238	0.1636904761904762	0.5	TRUE	FALSE	FALSE	FALSE	FALSE	FALSE	des_specific_instable
RvY_07032	1	des	0.8363095238095238	0.1636904761904762	0.5	TRUE	FALSE	FALSE	FALSE	FALSE	FALSE	des_specific_instable
RvY_07123-1	1	des	0.8363095238095238	0.1636904761904762	0.5	TRUE	FALSE	FALSE	FALSE	FALSE	FALSE	des_specific_instable
RvY_07199-1	1	des	0.8363095238095238	0.1636904761904762	0.5	TRUE	FALSE	FALSE	FALSE	FALSE	FALSE	des_specific_instable
RvY_07260-1	1	des	0.8363095238095238	0.1636904761904762	0.5	TRUE	FALSE	FALSE	FALSE	FALSE	FALSE	des_specific_instable
RvY_07432-1	1	des	0.8363095238095238	0.1636904761904762	0.5	TRUE	FALSE	FALSE	FALSE	FALSE	FALSE	des_specific_instable
RvY_07505-1	1	des	0.8363095238095238	0.1636904761904762	0.5	TRUE	FALSE	FALSE	FALSE	FALSE	FALSE	des_specific_instable
RvY_08011-1	1	des	0.8363095238095238	0.1636904761904762	0.5	TRUE	FALSE	FALSE	FALSE	FALSE	FALSE	des_specific_instable
RvY_08497-1	1	des	0.8363095238095238	0.1636904761904762	0.5	TRUE	FALSE	FALSE	FALSE	FALSE	FALSE	des_specific_instable
RvY_08606-1	1	des	0.8363095238095238	0.1636904761904762	0.5	TRUE	FALSE	FALSE	FALSE	FALSE	FALSE	des_specific_instable
RvY_08773-1	1	des	0.8363095238095238	0.1636904761904762	0.5	TRUE	FALSE	FALSE	FALSE	FALSE	FALSE	des_specific_instable
RvY_08797-1	1	des	0.8363095238095238	0.1636904761904762	0.5	TRUE	FALSE	FALSE	FALSE	FALSE	FALSE	des_specific_instable
RvY_08847	1	des	0.8363095238095238	0.1636904761904762	0.5	TRUE	FALSE	FALSE	FALSE	FALSE	FALSE	des_specific_instable
RvY_08948-1	1	des	0.8363095238095238	0.1636904761904762	0.5	TRUE	FALSE	FALSE	FALSE	FALSE	FALSE	des_specific_instable
RvY_09068-1	1	des	0.8363095238095238	0.1636904761904762	0.5	TRUE	FALSE	FALSE	FALSE	FALSE	FALSE	des_specific_instable
RvY_09104-1	1	des	0.8363095238095238	0.1636904761904762	0.5	TRUE	FALSE	FALSE	FALSE	FALSE	FALSE	des_specific_instable
RvY_09163-1	1	des	0.8363095238095238	0.1636904761904762	0.5	TRUE	FALSE	FALSE	FALSE	FALSE	FALSE	des_specific_instable
RvY_09210-1	1	des	0.8363095238095238	0.1636904761904762	0.5	TRUE	FALSE	FALSE	FALSE	FALSE	FALSE	des_specific_instable
RvY_09357-1	1	des	0.8363095238095238	0.1636904761904762	0.5	TRUE	FALSE	FALSE	FALSE	FALSE	FALSE	des_specific_instable
RvY_09553-1	1	des	0.8363095238095238	0.1636904761904762	0.5	TRUE	FALSE	FALSE	FALSE	FALSE	FALSE	des_specific_instable
RvY_09642-1	1	des	0.8363095238095238	0.1636904761904762	0.5	TRUE	FALSE	FALSE	FALSE	FALSE	FALSE	des_specific_instable
RvY_09693-1	1	des	0.8363095238095238	0.1636904761904762	0.5	TRUE	FALSE	FALSE	FALSE	FALSE	FALSE	des_specific_instable
RvY_09726-1	1	des	0.8363095238095238	0.1636904761904762	0.5	TRUE	FALSE	FALSE	FALSE	FALSE	FALSE	des_specific_instable
RvY_09807-1	1	des	0.8363095238095238	0.1636904761904762	0.5	TRUE	FALSE	FALSE	FALSE	FALSE	FALSE	des_specific_instable
RvY_09855-1	1	des	0.8363095238095238	0.1636904761904762	0.5	TRUE	FALSE	FALSE	FALSE	FALSE	FALSE	des_specific_instable
RvY_09875-1	1	des	0.8363095238095238	0.1636904761904762	0.5	TRUE	FALSE	FALSE	FALSE	FALSE	FALSE	des_specific_instable
RvY_10009-1	1	des	0.8363095238095238	0.1636904761904762	0.5	TRUE	FALSE	FALSE	FALSE	FALSE	FALSE	des_specific_instable
RvY_10096-1	1	des	0.8363095238095238	0.1636904761904762	0.5	TRUE	FALSE	FALSE	FALSE	FALSE	FALSE	des_specific_instable
RvY_10157-1	1	des	0.8363095238095238	0.1636904761904762	0.5	TRUE	FALSE	FALSE	FALSE	FALSE	FALSE	des_specific_instable
RvY_10237-1	1	des	0.8363095238095238	0.1636904761904762	0.5	TRUE	FALSE	FALSE	FALSE	FALSE	FALSE	des_specific_instable
RvY_10379-1	1	des	0.8363095238095238	0.1636904761904762	0.5	TRUE	FALSE	FALSE	FALSE	FALSE	FALSE	des_specific_instable
RvY_10435-1	1	des	0.8363095238095238	0.1636904761904762	0.5	TRUE	FALSE	FALSE	FALSE	FALSE	FALSE	des_specific_instable
RvY_10447-1	1	des	0.8363095238095238	0.1636904761904762	0.5	TRUE	FALSE	FALSE	FALSE	FALSE	FALSE	des_specific_instable
RvY_10570-1	1	des	0.8363095238095238	0.1636904761904762	0.5	TRUE	FALSE	FALSE	FALSE	FALSE	FALSE	des_specific_instable
RvY_10587-1	1	des	0.8363095238095238	0.1636904761904762	0.5	TRUE	FALSE	FALSE	FALSE	FALSE	FALSE	des_specific_instable
RvY_10655-1	1	des	0.8363095238095238	0.1636904761904762	0.5	TRUE	FALSE	FALSE	FALSE	FALSE	FALSE	des_specific_instable
RvY_10787-1	1	des	0.8363095238095238	0.1636904761904762	0.5	TRUE	FALSE	FALSE	FALSE	FALSE	FALSE	des_specific_instable
RvY_10817-1	1	des	0.8363095238095238	0.1636904761904762	0.5	TRUE	FALSE	FALSE	FALSE	FALSE	FALSE	des_specific_instable
RvY_10880-1	1	des	0.8363095238095238	0.1636904761904762	0.5	TRUE	FALSE	FALSE	FALSE	FALSE	FALSE	des_specific_instable
RvY_10910-1	1	des	0.8363095238095238	0.1636904761904762	0.5	TRUE	FALSE	FALSE	FALSE	FALSE	FALSE	des_specific_instable
RvY_11086-1	1	des	0.8363095238095238	0.1636904761904762	0.5	TRUE	FALSE	FALSE	FALSE	FALSE	FALSE	des_specific_instable
RvY_11236-1	1	des	0.8363095238095238	0.1636904761904762	0.5	TRUE	FALSE	FALSE	FALSE	FALSE	FALSE	des_specific_instable
RvY_11299	1	des	0.8363095238095238	0.1636904761904762	0.5	TRUE	FALSE	FALSE	FALSE	FALSE	FALSE	des_specific_instable
RvY_11454-1	1	des	0.8363095238095238	0.1636904761904762	0.5	TRUE	FALSE	FALSE	FALSE	FALSE	FALSE	des_specific_instable
RvY_11815-1	1	des	0.8363095238095238	0.1636904761904762	0.5	TRUE	FALSE	FALSE	FALSE	FALSE	FALSE	des_specific_instable
RvY_12063	1	des	0.8363095238095238	0.1636904761904762	0.5	TRUE	FALSE	FALSE	FALSE	FALSE	FALSE	des_specific_instable
RvY_12181	1	des	0.8363095238095238	0.1636904761904762	0.5	TRUE	FALSE	FALSE	FALSE	FALSE	FALSE	des_specific_instable
RvY_12206-1	1	des	0.8363095238095238	0.1636904761904762	0.5	TRUE	FALSE	FALSE	FALSE	FALSE	FALSE	des_specific_instable
RvY_12257-1	1	des	0.8363095238095238	0.1636904761904762	0.5	TRUE	FALSE	FALSE	FALSE	FALSE	FALSE	des_specific_instable
RvY_12291-1	1	des	0.8363095238095238	0.1636904761904762	0.5	TRUE	FALSE	FALSE	FALSE	FALSE	FALSE	des_specific_instable
RvY_12310-1	1	des	0.8363095238095238	0.1636904761904762	0.5	TRUE	FALSE	FALSE	FALSE	FALSE	FALSE	des_specific_instable
RvY_12345	1	des	0.8363095238095238	0.1636904761904762	0.5	TRUE	FALSE	FALSE	FALSE	FALSE	FALSE	des_specific_instable
RvY_12362-1	1	des	0.8363095238095238	0.1636904761904762	0.5	TRUE	FALSE	FALSE	FALSE	FALSE	FALSE	des_specific_instable
RvY_12397-1	1	des	0.8363095238095238	0.1636904761904762	0.5	TRUE	FALSE	FALSE	FALSE	FALSE	FALSE	des_specific_instable
RvY_12504-1	1	des	0.8363095238095238	0.1636904761904762	0.5	TRUE	FALSE	FALSE	FALSE	FALSE	FALSE	des_specific_instable
RvY_12562-1	1	des	0.8363095238095238	0.1636904761904762	0.5	TRUE	FALSE	FALSE	FALSE	FALSE	FALSE	des_specific_instable
RvY_12629-1	1	des	0.8363095238095238	0.1636904761904762	0.5	TRUE	FALSE	FALSE	FALSE	FALSE	FALSE	des_specific_instable
RvY_12726-1	1	des	0.8363095238095238	0.1636904761904762	0.5	TRUE	FALSE	FALSE	FALSE	FALSE	FALSE	des_specific_instable
RvY_13049-1	1	des	0.8363095238095238	0.1636904761904762	0.5	TRUE	FALSE	FALSE	FALSE	FALSE	FALSE	des_specific_instable
RvY_13096-1	1	des	0.8363095238095238	0.1636904761904762	0.5	TRUE	FALSE	FALSE	FALSE	FALSE	FALSE	des_specific_instable
RvY_13160-1	1	des	0.8363095238095238	0.1636904761904762	0.5	TRUE	FALSE	FALSE	FALSE	FALSE	FALSE	des_specific_instable
RvY_13368-1	1	des	0.8363095238095238	0.1636904761904762	0.5	TRUE	FALSE	FALSE	FALSE	FALSE	FALSE	des_specific_instable
RvY_13423-1	1	des	0.8363095238095238	0.1636904761904762	0.5	TRUE	FALSE	FALSE	FALSE	FALSE	FALSE	des_specific_instable
RvY_13439-1	1	des	0.8363095238095238	0.1636904761904762	0.5	TRUE	FALSE	FALSE	FALSE	FALSE	FALSE	des_specific_instable
RvY_13553-1	1	des	0.8363095238095238	0.1636904761904762	0.5	TRUE	FALSE	FALSE	FALSE	FALSE	FALSE	des_specific_instable
RvY_13629-1	1	des	0.8363095238095238	0.1636904761904762	0.5	TRUE	FALSE	FALSE	FALSE	FALSE	FALSE	des_specific_instable
RvY_13640-1	1	des	0.8363095238095238	0.1636904761904762	0.5	TRUE	FALSE	FALSE	FALSE	FALSE	FALSE	des_specific_instable
RvY_13800	1	des	0.8363095238095238	0.1636904761904762	0.5	TRUE	FALSE	FALSE	FALSE	FALSE	FALSE	des_specific_instable
RvY_13808-1	1	des	0.8363095238095238	0.1636904761904762	0.5	TRUE	FALSE	FALSE	FALSE	FALSE	FALSE	des_specific_instable
RvY_13845-1	1	des	0.8363095238095238	0.1636904761904762	0.5	TRUE	FALSE	FALSE	FALSE	FALSE	FALSE	des_specific_instable
RvY_13849	1	des	0.8363095238095238	0.1636904761904762	0.5	TRUE	FALSE	FALSE	FALSE	FALSE	FALSE	des_specific_instable
RvY_13889-1	1	des	0.8363095238095238	0.1636904761904762	0.5	TRUE	FALSE	FALSE	FALSE	FALSE	FALSE	des_specific_instable
RvY_14136	1	des	0.8363095238095238	0.1636904761904762	0.5	TRUE	FALSE	FALSE	FALSE	FALSE	FALSE	des_specific_instable
RvY_14176-1	1	des	0.8363095238095238	0.1636904761904762	0.5	TRUE	FALSE	FALSE	FALSE	FALSE	FALSE	des_specific_instable
RvY_14179-1	1	des	0.8363095238095238	0.1636904761904762	0.5	TRUE	FALSE	FALSE	FALSE	FALSE	FALSE	des_specific_instable
RvY_14199-1	1	des	0.8363095238095238	0.1636904761904762	0.5	TRUE	FALSE	FALSE	FALSE	FALSE	FALSE	des_specific_instable
RvY_14327-1	1	des	0.8363095238095238	0.1636904761904762	0.5	TRUE	FALSE	FALSE	FALSE	FALSE	FALSE	des_specific_instable
RvY_14346-1	1	des	0.8363095238095238	0.1636904761904762	0.5	TRUE	FALSE	FALSE	FALSE	FALSE	FALSE	des_specific_instable
RvY_14402-1	1	des	0.8363095238095238	0.1636904761904762	0.5	TRUE	FALSE	FALSE	FALSE	FALSE	FALSE	des_specific_instable
RvY_14577	1	des	0.8363095238095238	0.1636904761904762	0.5	TRUE	FALSE	FALSE	FALSE	FALSE	FALSE	des_specific_instable
RvY_14590-1	1	des	0.8363095238095238	0.1636904761904762	0.5	TRUE	FALSE	FALSE	FALSE	FALSE	FALSE	des_specific_instable
RvY_14597-1	1	des	0.8363095238095238	0.1636904761904762	0.5	TRUE	FALSE	FALSE	FALSE	FALSE	FALSE	des_specific_instable
RvY_14636	1	des	0.8363095238095238	0.1636904761904762	0.5	TRUE	FALSE	FALSE	FALSE	FALSE	FALSE	des_specific_instable
RvY_14693-1	1	des	0.8363095238095238	0.1636904761904762	0.5	TRUE	FALSE	FALSE	FALSE	FALSE	FALSE	des_specific_instable
RvY_14724-1	1	des	0.8363095238095238	0.1636904761904762	0.5	TRUE	FALSE	FALSE	FALSE	FALSE	FALSE	des_specific_instable
RvY_14783-1	1	des	0.8363095238095238	0.1636904761904762	0.5	TRUE	FALSE	FALSE	FALSE	FALSE	FALSE	des_specific_instable
RvY_14971-1	1	des	0.8363095238095238	0.1636904761904762	0.5	TRUE	FALSE	FALSE	FALSE	FALSE	FALSE	des_specific_instable
RvY_15157	1	des	0.8363095238095238	0.1636904761904762	0.5	TRUE	FALSE	FALSE	FALSE	FALSE	FALSE	des_specific_instable
RvY_15182-1	1	des	0.8363095238095238	0.1636904761904762	0.5	TRUE	FALSE	FALSE	FALSE	FALSE	FALSE	des_specific_instable
RvY_15210	1	des	0.8363095238095238	0.1636904761904762	0.5	TRUE	FALSE	FALSE	FALSE	FALSE	FALSE	des_specific_instable
RvY_15213-1	1	des	0.8363095238095238	0.1636904761904762	0.5	TRUE	FALSE	FALSE	FALSE	FALSE	FALSE	des_specific_instable
RvY_15355-1	1	des	0.8363095238095238	0.1636904761904762	0.5	TRUE	FALSE	FALSE	FALSE	FALSE	FALSE	des_specific_instable
RvY_15545-1	1	des	0.8363095238095238	0.1636904761904762	0.5	TRUE	FALSE	FALSE	FALSE	FALSE	FALSE	des_specific_instable
RvY_15649-1	1	des	0.8363095238095238	0.1636904761904762	0.5	TRUE	FALSE	FALSE	FALSE	FALSE	FALSE	des_specific_instable
RvY_15654-1	1	des	0.8363095238095238	0.1636904761904762	0.5	TRUE	FALSE	FALSE	FALSE	FALSE	FALSE	des_specific_instable
RvY_15683-1	1	des	0.8363095238095238	0.1636904761904762	0.5	TRUE	FALSE	FALSE	FALSE	FALSE	FALSE	des_specific_instable
RvY_15794-1	1	des	0.8363095238095238	0.1636904761904762	0.5	TRUE	FALSE	FALSE	FALSE	FALSE	FALSE	des_specific_instable
RvY_15895-1	1	des	0.8363095238095238	0.1636904761904762	0.5	TRUE	FALSE	FALSE	FALSE	FALSE	FALSE	des_specific_instable
RvY_15941-1	1	des	0.8363095238095238	0.1636904761904762	0.5	TRUE	FALSE	FALSE	FALSE	FALSE	FALSE	des_specific_instable
RvY_15972-1	1	des	0.8363095238095238	0.1636904761904762	0.5	TRUE	FALSE	FALSE	FALSE	FALSE	FALSE	des_specific_instable
RvY_15991-1	1	des	0.8363095238095238	0.1636904761904762	0.5	TRUE	FALSE	FALSE	FALSE	FALSE	FALSE	des_specific_instable
RvY_16172-1	1	des	0.8363095238095238	0.1636904761904762	0.5	TRUE	FALSE	FALSE	FALSE	FALSE	FALSE	des_specific_instable
RvY_16219-1	1	des	0.8363095238095238	0.1636904761904762	0.5	TRUE	FALSE	FALSE	FALSE	FALSE	FALSE	des_specific_instable
RvY_16276-1	1	des	0.8363095238095238	0.1636904761904762	0.5	TRUE	FALSE	FALSE	FALSE	FALSE	FALSE	des_specific_instable
RvY_16380-1	1	des	0.8363095238095238	0.1636904761904762	0.5	TRUE	FALSE	FALSE	FALSE	FALSE	FALSE	des_specific_instable
RvY_16507	1	des	0.8363095238095238	0.1636904761904762	0.5	TRUE	FALSE	FALSE	FALSE	FALSE	FALSE	des_specific_instable
RvY_16530-1	1	des	0.8363095238095238	0.1636904761904762	0.5	TRUE	FALSE	FALSE	FALSE	FALSE	FALSE	des_specific_instable
RvY_16537-1	1	des	0.8363095238095238	0.1636904761904762	0.5	TRUE	FALSE	FALSE	FALSE	FALSE	FALSE	des_specific_instable
RvY_16623-1	1	des	0.8363095238095238	0.1636904761904762	0.5	TRUE	FALSE	FALSE	FALSE	FALSE	FALSE	des_specific_instable
RvY_16880-1	1	des	0.8363095238095238	0.1636904761904762	0.5	TRUE	FALSE	FALSE	FALSE	FALSE	FALSE	des_specific_instable
RvY_17045-1	1	des	0.8363095238095238	0.1636904761904762	0.5	TRUE	FALSE	FALSE	FALSE	FALSE	FALSE	des_specific_instable
RvY_17092-1	1	des	0.8363095238095238	0.1636904761904762	0.5	TRUE	FALSE	FALSE	FALSE	FALSE	FALSE	des_specific_instable
RvY_17117-1	1	des	0.8363095238095238	0.1636904761904762	0.5	TRUE	FALSE	FALSE	FALSE	FALSE	FALSE	des_specific_instable
RvY_17152	1	des	0.8363095238095238	0.1636904761904762	0.5	TRUE	FALSE	FALSE	FALSE	FALSE	FALSE	des_specific_instable
RvY_17407-1	1	des	0.8363095238095238	0.1636904761904762	0.5	TRUE	FALSE	FALSE	FALSE	FALSE	FALSE	des_specific_instable
RvY_17424	1	des	0.8363095238095238	0.1636904761904762	0.5	TRUE	FALSE	FALSE	FALSE	FALSE	FALSE	des_specific_instable
RvY_17465-1	1	des	0.8363095238095238	0.1636904761904762	0.5	TRUE	FALSE	FALSE	FALSE	FALSE	FALSE	des_specific_instable
RvY_17481-1	1	des	0.8363095238095238	0.1636904761904762	0.5	TRUE	FALSE	FALSE	FALSE	FALSE	FALSE	des_specific_instable
RvY_17597-1	1	des	0.8363095238095238	0.1636904761904762	0.5	TRUE	FALSE	FALSE	FALSE	FALSE	FALSE	des_specific_instable
RvY_17789-1	1	des	0.8363095238095238	0.1636904761904762	0.5	TRUE	FALSE	FALSE	FALSE	FALSE	FALSE	des_specific_instable
RvY_17820-1	1	des	0.8363095238095238	0.1636904761904762	0.5	TRUE	FALSE	FALSE	FALSE	FALSE	FALSE	des_specific_instable
RvY_17834	1	des	0.8363095238095238	0.1636904761904762	0.5	TRUE	FALSE	FALSE	FALSE	FALSE	FALSE	des_specific_instable
RvY_17866-1	1	des	0.8363095238095238	0.1636904761904762	0.5	TRUE	FALSE	FALSE	FALSE	FALSE	FALSE	des_specific_instable
RvY_17869	1	des	0.8363095238095238	0.1636904761904762	0.5	TRUE	FALSE	FALSE	FALSE	FALSE	FALSE	des_specific_instable
RvY_18005-1	1	des	0.8363095238095238	0.1636904761904762	0.5	TRUE	FALSE	FALSE	FALSE	FALSE	FALSE	des_specific_instable
RvY_18151-1	1	des	0.8363095238095238	0.1636904761904762	0.5	TRUE	FALSE	FALSE	FALSE	FALSE	FALSE	des_specific_instable
RvY_18183-1	1	des	0.8363095238095238	0.1636904761904762	0.5	TRUE	FALSE	FALSE	FALSE	FALSE	FALSE	des_specific_instable
RvY_18329-1	1	des	0.8363095238095238	0.1636904761904762	0.5	TRUE	FALSE	FALSE	FALSE	FALSE	FALSE	des_specific_instable
RvY_18342-1	1	des	0.8363095238095238	0.1636904761904762	0.5	TRUE	FALSE	FALSE	FALSE	FALSE	FALSE	des_specific_instable
RvY_18394	1	des	0.8363095238095238	0.1636904761904762	0.5	TRUE	FALSE	FALSE	FALSE	FALSE	FALSE	des_specific_instable
RvY_18485-1	1	des	0.8363095238095238	0.1636904761904762	0.5	TRUE	FALSE	FALSE	FALSE	FALSE	FALSE	des_specific_instable
RvY_18608-1	1	des	0.8363095238095238	0.1636904761904762	0.5	TRUE	FALSE	FALSE	FALSE	FALSE	FALSE	des_specific_instable
RvY_18791-1	1	des	0.8363095238095238	0.1636904761904762	0.5	TRUE	FALSE	FALSE	FALSE	FALSE	FALSE	des_specific_instable
RvY_18821-1	1	des	0.8363095238095238	0.1636904761904762	0.5	TRUE	FALSE	FALSE	FALSE	FALSE	FALSE	des_specific_instable
RvY_18932-1	1	des	0.8363095238095238	0.1636904761904762	0.5	TRUE	FALSE	FALSE	FALSE	FALSE	FALSE	des_specific_instable
RvY_19218-1	1	des	0.8363095238095238	0.1636904761904762	0.5	TRUE	FALSE	FALSE	FALSE	FALSE	FALSE	des_specific_instable
RvY_19284-1	1	des	0.8363095238095238	0.1636904761904762	0.5	TRUE	FALSE	FALSE	FALSE	FALSE	FALSE	des_specific_instable
RvY_19295	1	des	0.8363095238095238	0.1636904761904762	0.5	TRUE	FALSE	FALSE	FALSE	FALSE	FALSE	des_specific_instable
RvY_19502-1	1	des	0.8363095238095238	0.1636904761904762	0.5	TRUE	FALSE	FALSE	FALSE	FALSE	FALSE	des_specific_instable
RvY_19532-1	1	des	0.8363095238095238	0.1636904761904762	0.5	TRUE	FALSE	FALSE	FALSE	FALSE	FALSE	des_specific_instable
RvY_00439-1	1	des	0.8392857142857143	0.16071428571428573	0.5	TRUE	FALSE	FALSE	FALSE	FALSE	FALSE	des_specific_instable
RvY_00575-1	1	des	0.8392857142857143	0.16071428571428573	0.5	TRUE	FALSE	FALSE	FALSE	FALSE	FALSE	des_specific_instable
RvY_00606-1	1	des	0.8392857142857143	0.16071428571428573	0.5	TRUE	FALSE	FALSE	FALSE	FALSE	FALSE	des_specific_instable
RvY_00756-1	1	des	0.8392857142857143	0.16071428571428573	0.5	TRUE	FALSE	FALSE	FALSE	FALSE	FALSE	des_specific_instable
RvY_00928-1	1	des	0.8392857142857143	0.16071428571428573	0.5	TRUE	FALSE	FALSE	FALSE	FALSE	FALSE	des_specific_instable
RvY_01018-1	1	des	0.8392857142857143	0.16071428571428573	0.5	TRUE	FALSE	FALSE	FALSE	FALSE	FALSE	des_specific_instable
RvY_01069-1	1	des	0.8392857142857143	0.16071428571428573	0.5	TRUE	FALSE	FALSE	FALSE	FALSE	FALSE	des_specific_instable
RvY_01141-1	1	des	0.8392857142857143	0.16071428571428573	0.5	TRUE	FALSE	FALSE	FALSE	FALSE	FALSE	des_specific_instable
RvY_01206-1	1	des	0.8392857142857143	0.16071428571428573	0.5	TRUE	FALSE	FALSE	FALSE	FALSE	FALSE	des_specific_instable
RvY_01228-1	1	des	0.8392857142857143	0.16071428571428573	0.5	TRUE	FALSE	FALSE	FALSE	FALSE	FALSE	des_specific_instable
RvY_01351	1	des	0.8392857142857143	0.16071428571428573	0.5	TRUE	FALSE	FALSE	FALSE	FALSE	FALSE	des_specific_instable
RvY_01366	1	des	0.8392857142857143	0.16071428571428573	0.5	TRUE	FALSE	FALSE	FALSE	FALSE	FALSE	des_specific_instable
RvY_01384-1	1	des	0.8392857142857143	0.16071428571428573	0.5	TRUE	FALSE	FALSE	FALSE	FALSE	FALSE	des_specific_instable
RvY_01541-1	1	des	0.8392857142857143	0.16071428571428573	0.5	TRUE	FALSE	FALSE	FALSE	FALSE	FALSE	des_specific_instable
RvY_01690-1	1	des	0.8392857142857143	0.16071428571428573	0.5	TRUE	FALSE	FALSE	FALSE	FALSE	FALSE	des_specific_instable
RvY_02309-1	1	des	0.8392857142857143	0.16071428571428573	0.5	TRUE	FALSE	FALSE	FALSE	FALSE	FALSE	des_specific_instable
RvY_02453	1	des	0.8392857142857143	0.16071428571428573	0.5	TRUE	FALSE	FALSE	FALSE	FALSE	FALSE	des_specific_instable
RvY_02556	1	des	0.8392857142857143	0.16071428571428573	0.5	TRUE	FALSE	FALSE	FALSE	FALSE	FALSE	des_specific_instable
RvY_02579	1	des	0.8392857142857143	0.16071428571428573	0.5	TRUE	FALSE	FALSE	FALSE	FALSE	FALSE	des_specific_instable
RvY_02664-1	1	des	0.8392857142857143	0.16071428571428573	0.5	TRUE	FALSE	FALSE	FALSE	FALSE	FALSE	des_specific_instable
RvY_02723-1	1	des	0.8392857142857143	0.16071428571428573	0.5	TRUE	FALSE	FALSE	FALSE	FALSE	FALSE	des_specific_instable
RvY_02726-1	1	des	0.8392857142857143	0.16071428571428573	0.5	TRUE	FALSE	FALSE	FALSE	FALSE	FALSE	des_specific_instable
RvY_02808-1	1	des	0.8392857142857143	0.16071428571428573	0.5	TRUE	FALSE	FALSE	FALSE	FALSE	FALSE	des_specific_instable
RvY_03013-1	1	des	0.8392857142857143	0.16071428571428573	0.5	TRUE	FALSE	FALSE	FALSE	FALSE	FALSE	des_specific_instable
RvY_03215-1	1	des	0.8392857142857143	0.16071428571428573	0.5	TRUE	FALSE	FALSE	FALSE	FALSE	FALSE	des_specific_instable
RvY_03273-1	1	des	0.8392857142857143	0.16071428571428573	0.5	TRUE	FALSE	FALSE	FALSE	FALSE	FALSE	des_specific_instable
RvY_03311	1	des	0.8392857142857143	0.16071428571428573	0.5	TRUE	FALSE	FALSE	FALSE	FALSE	FALSE	des_specific_instable
RvY_03416-1	1	des	0.8392857142857143	0.16071428571428573	0.5	TRUE	FALSE	FALSE	FALSE	FALSE	FALSE	des_specific_instable
RvY_03566-1	1	des	0.8392857142857143	0.16071428571428573	0.5	TRUE	FALSE	FALSE	FALSE	FALSE	FALSE	des_specific_instable
RvY_03639-1	1	des	0.8392857142857143	0.16071428571428573	0.5	TRUE	FALSE	FALSE	FALSE	FALSE	FALSE	des_specific_instable
RvY_03717	1	des	0.8392857142857143	0.16071428571428573	0.5	TRUE	FALSE	FALSE	FALSE	FALSE	FALSE	des_specific_instable
RvY_03898	1	des	0.8392857142857143	0.16071428571428573	0.5	TRUE	FALSE	FALSE	FALSE	FALSE	FALSE	des_specific_instable
RvY_03916-1	1	des	0.8392857142857143	0.16071428571428573	0.5	TRUE	FALSE	FALSE	FALSE	FALSE	FALSE	des_specific_instable
RvY_04052-1	1	des	0.8392857142857143	0.16071428571428573	0.5	TRUE	FALSE	FALSE	FALSE	FALSE	FALSE	des_specific_instable
RvY_04317-1	1	des	0.8392857142857143	0.16071428571428573	0.5	TRUE	FALSE	FALSE	FALSE	FALSE	FALSE	des_specific_instable
RvY_04371-1	1	des	0.8392857142857143	0.16071428571428573	0.5	TRUE	FALSE	FALSE	FALSE	FALSE	FALSE	des_specific_instable
RvY_04393-1	1	des	0.8392857142857143	0.16071428571428573	0.5	TRUE	FALSE	FALSE	FALSE	FALSE	FALSE	des_specific_instable
RvY_04472-1	1	des	0.8392857142857143	0.16071428571428573	0.5	TRUE	FALSE	FALSE	FALSE	FALSE	FALSE	des_specific_instable
RvY_04905	1	des	0.8392857142857143	0.16071428571428573	0.5	TRUE	FALSE	FALSE	FALSE	FALSE	FALSE	des_specific_instable
RvY_04970-1	1	des	0.8392857142857143	0.16071428571428573	0.5	TRUE	FALSE	FALSE	FALSE	FALSE	FALSE	des_specific_instable
RvY_05417-1	1	des	0.8392857142857143	0.16071428571428573	0.5	TRUE	FALSE	FALSE	FALSE	FALSE	FALSE	des_specific_instable
RvY_05490-1	1	des	0.8392857142857143	0.16071428571428573	0.5	TRUE	FALSE	FALSE	FALSE	FALSE	FALSE	des_specific_instable
RvY_05575	1	des	0.8392857142857143	0.16071428571428573	0.5	TRUE	FALSE	FALSE	FALSE	FALSE	FALSE	des_specific_instable
RvY_05580	1	des	0.8392857142857143	0.16071428571428573	0.5	TRUE	FALSE	FALSE	FALSE	FALSE	FALSE	des_specific_instable
RvY_05668-1	1	des	0.8392857142857143	0.16071428571428573	0.5	TRUE	FALSE	FALSE	FALSE	FALSE	FALSE	des_specific_instable
RvY_05677-1	1	des	0.8392857142857143	0.16071428571428573	0.5	TRUE	FALSE	FALSE	FALSE	FALSE	FALSE	des_specific_instable
RvY_05921-1	1	des	0.8392857142857143	0.16071428571428573	0.5	TRUE	FALSE	FALSE	FALSE	FALSE	FALSE	des_specific_instable
RvY_06124-1	1	des	0.8392857142857143	0.16071428571428573	0.5	TRUE	FALSE	FALSE	FALSE	FALSE	FALSE	des_specific_instable
RvY_06150	1	des	0.8392857142857143	0.16071428571428573	0.5	TRUE	FALSE	FALSE	FALSE	FALSE	FALSE	des_specific_instable
RvY_06192-1	1	des	0.8392857142857143	0.16071428571428573	0.5	TRUE	FALSE	FALSE	FALSE	FALSE	FALSE	des_specific_instable
RvY_06476	1	des	0.8392857142857143	0.16071428571428573	0.5	TRUE	FALSE	FALSE	FALSE	FALSE	FALSE	des_specific_instable
RvY_06502-1	1	des	0.8392857142857143	0.16071428571428573	0.5	TRUE	FALSE	FALSE	FALSE	FALSE	FALSE	des_specific_instable
RvY_06627-1	1	des	0.8392857142857143	0.16071428571428573	0.5	TRUE	FALSE	FALSE	FALSE	FALSE	FALSE	des_specific_instable
RvY_06997	1	des	0.8392857142857143	0.16071428571428573	0.5	TRUE	FALSE	FALSE	FALSE	FALSE	FALSE	des_specific_instable
RvY_07022-1	1	des	0.8392857142857143	0.16071428571428573	0.5	TRUE	FALSE	FALSE	FALSE	FALSE	FALSE	des_specific_instable
RvY_07086-1	1	des	0.8392857142857143	0.16071428571428573	0.5	TRUE	FALSE	FALSE	FALSE	FALSE	FALSE	des_specific_instable
RvY_07209	1	des	0.8392857142857143	0.16071428571428573	0.5	TRUE	FALSE	FALSE	FALSE	FALSE	FALSE	des_specific_instable
RvY_07377	1	des	0.8392857142857143	0.16071428571428573	0.5	TRUE	FALSE	FALSE	FALSE	FALSE	FALSE	des_specific_instable
RvY_07449	1	des	0.8392857142857143	0.16071428571428573	0.5	TRUE	FALSE	FALSE	FALSE	FALSE	FALSE	des_specific_instable
RvY_07474-1	1	des	0.8392857142857143	0.16071428571428573	0.5	TRUE	FALSE	FALSE	FALSE	FALSE	FALSE	des_specific_instable
RvY_07523-1	1	des	0.8392857142857143	0.16071428571428573	0.5	TRUE	FALSE	FALSE	FALSE	FALSE	FALSE	des_specific_instable
RvY_07635	1	des	0.8392857142857143	0.16071428571428573	0.5	TRUE	FALSE	FALSE	FALSE	FALSE	FALSE	des_specific_instable
RvY_07841-1	1	des	0.8392857142857143	0.16071428571428573	0.5	TRUE	FALSE	FALSE	FALSE	FALSE	FALSE	des_specific_instable
RvY_07870-1	1	des	0.8392857142857143	0.16071428571428573	0.5	TRUE	FALSE	FALSE	FALSE	FALSE	FALSE	des_specific_instable
RvY_07890-1	1	des	0.8392857142857143	0.16071428571428573	0.5	TRUE	FALSE	FALSE	FALSE	FALSE	FALSE	des_specific_instable
RvY_07933-1	1	des	0.8392857142857143	0.16071428571428573	0.5	TRUE	FALSE	FALSE	FALSE	FALSE	FALSE	des_specific_instable
RvY_08020-1	1	des	0.8392857142857143	0.16071428571428573	0.5	TRUE	FALSE	FALSE	FALSE	FALSE	FALSE	des_specific_instable
RvY_08081	1	des	0.8392857142857143	0.16071428571428573	0.5	TRUE	FALSE	FALSE	FALSE	FALSE	FALSE	des_specific_instable
RvY_08317-1	1	des	0.8392857142857143	0.16071428571428573	0.5	TRUE	FALSE	FALSE	FALSE	FALSE	FALSE	des_specific_instable
RvY_08625-1	1	des	0.8392857142857143	0.16071428571428573	0.5	TRUE	FALSE	FALSE	FALSE	FALSE	FALSE	des_specific_instable
RvY_08912	1	des	0.8392857142857143	0.16071428571428573	0.5	TRUE	FALSE	FALSE	FALSE	FALSE	FALSE	des_specific_instable
RvY_08924-1	1	des	0.8392857142857143	0.16071428571428573	0.5	TRUE	FALSE	FALSE	FALSE	FALSE	FALSE	des_specific_instable
RvY_09020-1	1	des	0.8392857142857143	0.16071428571428573	0.5	TRUE	FALSE	FALSE	FALSE	FALSE	FALSE	des_specific_instable
RvY_09297-1	1	des	0.8392857142857143	0.16071428571428573	0.5	TRUE	FALSE	FALSE	FALSE	FALSE	FALSE	des_specific_instable
RvY_09395-1	1	des	0.8392857142857143	0.16071428571428573	0.5	TRUE	FALSE	FALSE	FALSE	FALSE	FALSE	des_specific_instable
RvY_09417-1	1	des	0.8392857142857143	0.16071428571428573	0.5	TRUE	FALSE	FALSE	FALSE	FALSE	FALSE	des_specific_instable
RvY_09440-1	1	des	0.8392857142857143	0.16071428571428573	0.5	TRUE	FALSE	FALSE	FALSE	FALSE	FALSE	des_specific_instable
RvY_09551	1	des	0.8392857142857143	0.16071428571428573	0.5	TRUE	FALSE	FALSE	FALSE	FALSE	FALSE	des_specific_instable
RvY_09579-1	1	des	0.8392857142857143	0.16071428571428573	0.5	TRUE	FALSE	FALSE	FALSE	FALSE	FALSE	des_specific_instable
RvY_09650-1	1	des	0.8392857142857143	0.16071428571428573	0.5	TRUE	FALSE	FALSE	FALSE	FALSE	FALSE	des_specific_instable
RvY_09908-1	1	des	0.8392857142857143	0.16071428571428573	0.5	TRUE	FALSE	FALSE	FALSE	FALSE	FALSE	des_specific_instable
RvY_09925-1	1	des	0.8392857142857143	0.16071428571428573	0.5	TRUE	FALSE	FALSE	FALSE	FALSE	FALSE	des_specific_instable
RvY_10045-1	1	des	0.8392857142857143	0.16071428571428573	0.5	TRUE	FALSE	FALSE	FALSE	FALSE	FALSE	des_specific_instable
RvY_10084-1	1	des	0.8392857142857143	0.16071428571428573	0.5	TRUE	FALSE	FALSE	FALSE	FALSE	FALSE	des_specific_instable
RvY_10362-1	1	des	0.8392857142857143	0.16071428571428573	0.5	TRUE	FALSE	FALSE	FALSE	FALSE	FALSE	des_specific_instable
RvY_10646-1	1	des	0.8392857142857143	0.16071428571428573	0.5	TRUE	FALSE	FALSE	FALSE	FALSE	FALSE	des_specific_instable
RvY_11019-1	1	des	0.8392857142857143	0.16071428571428573	0.5	TRUE	FALSE	FALSE	FALSE	FALSE	FALSE	des_specific_instable
RvY_11243	1	des	0.8392857142857143	0.16071428571428573	0.5	TRUE	FALSE	FALSE	FALSE	FALSE	FALSE	des_specific_instable
RvY_11308-1	1	des	0.8392857142857143	0.16071428571428573	0.5	TRUE	FALSE	FALSE	FALSE	FALSE	FALSE	des_specific_instable
RvY_11329-1	1	des	0.8392857142857143	0.16071428571428573	0.5	TRUE	FALSE	FALSE	FALSE	FALSE	FALSE	des_specific_instable
RvY_11387	1	des	0.8392857142857143	0.16071428571428573	0.5	TRUE	FALSE	FALSE	FALSE	FALSE	FALSE	des_specific_instable
RvY_11812-1	1	des	0.8392857142857143	0.16071428571428573	0.5	TRUE	FALSE	FALSE	FALSE	FALSE	FALSE	des_specific_instable
RvY_11908-1	1	des	0.8392857142857143	0.16071428571428573	0.5	TRUE	FALSE	FALSE	FALSE	FALSE	FALSE	des_specific_instable
RvY_11951-1	1	des	0.8392857142857143	0.16071428571428573	0.5	TRUE	FALSE	FALSE	FALSE	FALSE	FALSE	des_specific_instable
RvY_12036	1	des	0.8392857142857143	0.16071428571428573	0.5	TRUE	FALSE	FALSE	FALSE	FALSE	FALSE	des_specific_instable
RvY_12049-1	1	des	0.8392857142857143	0.16071428571428573	0.5	TRUE	FALSE	FALSE	FALSE	FALSE	FALSE	des_specific_instable
RvY_12122-1	1	des	0.8392857142857143	0.16071428571428573	0.5	TRUE	FALSE	FALSE	FALSE	FALSE	FALSE	des_specific_instable
RvY_12203-1	1	des	0.8392857142857143	0.16071428571428573	0.5	TRUE	FALSE	FALSE	FALSE	FALSE	FALSE	des_specific_instable
RvY_12273	1	des	0.8392857142857143	0.16071428571428573	0.5	TRUE	FALSE	FALSE	FALSE	FALSE	FALSE	des_specific_instable
RvY_12546-1	1	des	0.8392857142857143	0.16071428571428573	0.5	TRUE	FALSE	FALSE	FALSE	FALSE	FALSE	des_specific_instable
RvY_12648-1	1	des	0.8392857142857143	0.16071428571428573	0.5	TRUE	FALSE	FALSE	FALSE	FALSE	FALSE	des_specific_instable
RvY_13226-1	1	des	0.8392857142857143	0.16071428571428573	0.5	TRUE	FALSE	FALSE	FALSE	FALSE	FALSE	des_specific_instable
RvY_13492-1	1	des	0.8392857142857143	0.16071428571428573	0.5	TRUE	FALSE	FALSE	FALSE	FALSE	FALSE	des_specific_instable
RvY_13546-1	1	des	0.8392857142857143	0.16071428571428573	0.5	TRUE	FALSE	FALSE	FALSE	FALSE	FALSE	des_specific_instable
RvY_14478	1	des	0.8392857142857143	0.16071428571428573	0.5	TRUE	FALSE	FALSE	FALSE	FALSE	FALSE	des_specific_instable
RvY_14482-1	1	des	0.8392857142857143	0.16071428571428573	0.5	TRUE	FALSE	FALSE	FALSE	FALSE	FALSE	des_specific_instable
RvY_14593-1	1	des	0.8392857142857143	0.16071428571428573	0.5	TRUE	FALSE	FALSE	FALSE	FALSE	FALSE	des_specific_instable
RvY_14702	1	des	0.8392857142857143	0.16071428571428573	0.5	TRUE	FALSE	FALSE	FALSE	FALSE	FALSE	des_specific_instable
RvY_14720-1	1	des	0.8392857142857143	0.16071428571428573	0.5	TRUE	FALSE	FALSE	FALSE	FALSE	FALSE	des_specific_instable
RvY_14747-1	1	des	0.8392857142857143	0.16071428571428573	0.5	TRUE	FALSE	FALSE	FALSE	FALSE	FALSE	des_specific_instable
RvY_15035-1	1	des	0.8392857142857143	0.16071428571428573	0.5	TRUE	FALSE	FALSE	FALSE	FALSE	FALSE	des_specific_instable
RvY_15807	1	des	0.8392857142857143	0.16071428571428573	0.5	TRUE	FALSE	FALSE	FALSE	FALSE	FALSE	des_specific_instable
RvY_15986-1	1	des	0.8392857142857143	0.16071428571428573	0.5	TRUE	FALSE	FALSE	FALSE	FALSE	FALSE	des_specific_instable
RvY_15988	1	des	0.8392857142857143	0.16071428571428573	0.5	TRUE	FALSE	FALSE	FALSE	FALSE	FALSE	des_specific_instable
RvY_15996-1	1	des	0.8392857142857143	0.16071428571428573	0.5	TRUE	FALSE	FALSE	FALSE	FALSE	FALSE	des_specific_instable
RvY_16180	1	des	0.8392857142857143	0.16071428571428573	0.5	TRUE	FALSE	FALSE	FALSE	FALSE	FALSE	des_specific_instable
RvY_16194-1	1	des	0.8392857142857143	0.16071428571428573	0.5	TRUE	FALSE	FALSE	FALSE	FALSE	FALSE	des_specific_instable
RvY_16389-1	1	des	0.8392857142857143	0.16071428571428573	0.5	TRUE	FALSE	FALSE	FALSE	FALSE	FALSE	des_specific_instable
RvY_16532-1	1	des	0.8392857142857143	0.16071428571428573	0.5	TRUE	FALSE	FALSE	FALSE	FALSE	FALSE	des_specific_instable
RvY_16601-1	1	des	0.8392857142857143	0.16071428571428573	0.5	TRUE	FALSE	FALSE	FALSE	FALSE	FALSE	des_specific_instable
RvY_16794	1	des	0.8392857142857143	0.16071428571428573	0.5	TRUE	FALSE	FALSE	FALSE	FALSE	FALSE	des_specific_instable
RvY_17087-1	1	des	0.8392857142857143	0.16071428571428573	0.5	TRUE	FALSE	FALSE	FALSE	FALSE	FALSE	des_specific_instable
RvY_17112-1	1	des	0.8392857142857143	0.16071428571428573	0.5	TRUE	FALSE	FALSE	FALSE	FALSE	FALSE	des_specific_instable
RvY_17367-1	1	des	0.8392857142857143	0.16071428571428573	0.5	TRUE	FALSE	FALSE	FALSE	FALSE	FALSE	des_specific_instable
RvY_17487-1	1	des	0.8392857142857143	0.16071428571428573	0.5	TRUE	FALSE	FALSE	FALSE	FALSE	FALSE	des_specific_instable
RvY_17752-1	1	des	0.8392857142857143	0.16071428571428573	0.5	TRUE	FALSE	FALSE	FALSE	FALSE	FALSE	des_specific_instable
RvY_17762-1	1	des	0.8392857142857143	0.16071428571428573	0.5	TRUE	FALSE	FALSE	FALSE	FALSE	FALSE	des_specific_instable
RvY_17931-1	1	des	0.8392857142857143	0.16071428571428573	0.5	TRUE	FALSE	FALSE	FALSE	FALSE	FALSE	des_specific_instable
RvY_18071-1	1	des	0.8392857142857143	0.16071428571428573	0.5	TRUE	FALSE	FALSE	FALSE	FALSE	FALSE	des_specific_instable
RvY_18607-1	1	des	0.8392857142857143	0.16071428571428573	0.5	TRUE	FALSE	FALSE	FALSE	FALSE	FALSE	des_specific_instable
RvY_18666-1	1	des	0.8392857142857143	0.16071428571428573	0.5	TRUE	FALSE	FALSE	FALSE	FALSE	FALSE	des_specific_instable
RvY_18817-1	1	des	0.8392857142857143	0.16071428571428573	0.5	TRUE	FALSE	FALSE	FALSE	FALSE	FALSE	des_specific_instable
RvY_18880-1	1	des	0.8392857142857143	0.16071428571428573	0.5	TRUE	FALSE	FALSE	FALSE	FALSE	FALSE	des_specific_instable
RvY_19076-1	1	des	0.8392857142857143	0.16071428571428573	0.5	TRUE	FALSE	FALSE	FALSE	FALSE	FALSE	des_specific_instable
RvY_00222-1	1	des	0.8422619047619048	0.15773809523809523	0.5	TRUE	FALSE	FALSE	FALSE	FALSE	FALSE	des_specific_instable
RvY_00344-1	1	des	0.8422619047619048	0.15773809523809523	0.5	TRUE	FALSE	FALSE	FALSE	FALSE	FALSE	des_specific_instable
RvY_00731-1	1	des	0.8422619047619048	0.15773809523809523	0.5	TRUE	FALSE	FALSE	FALSE	FALSE	FALSE	des_specific_instable
RvY_00871-1	1	des	0.8422619047619048	0.15773809523809523	0.5	TRUE	FALSE	FALSE	FALSE	FALSE	FALSE	des_specific_instable
RvY_01432-1	1	des	0.8422619047619048	0.15773809523809523	0.5	TRUE	FALSE	FALSE	FALSE	FALSE	FALSE	des_specific_instable
RvY_03006-1	1	des	0.8422619047619048	0.15773809523809523	0.5	TRUE	FALSE	FALSE	FALSE	FALSE	FALSE	des_specific_instable
RvY_03082-1	1	des	0.8422619047619048	0.15773809523809523	0.5	TRUE	FALSE	FALSE	FALSE	FALSE	FALSE	des_specific_instable
RvY_03142-1	1	des	0.8422619047619048	0.15773809523809523	0.5	TRUE	FALSE	FALSE	FALSE	FALSE	FALSE	des_specific_instable
RvY_03282-1	1	des	0.8422619047619048	0.15773809523809523	0.5	TRUE	FALSE	FALSE	FALSE	FALSE	FALSE	des_specific_instable
RvY_03664-1	1	des	0.8422619047619048	0.15773809523809523	0.5	TRUE	FALSE	FALSE	FALSE	FALSE	FALSE	des_specific_instable
RvY_04113-1	1	des	0.8422619047619048	0.15773809523809523	0.5	TRUE	FALSE	FALSE	FALSE	FALSE	FALSE	des_specific_instable
RvY_04261-1	1	des	0.8422619047619048	0.15773809523809523	0.5	TRUE	FALSE	FALSE	FALSE	FALSE	FALSE	des_specific_instable
RvY_04676-1	1	des	0.8422619047619048	0.15773809523809523	0.5	TRUE	FALSE	FALSE	FALSE	FALSE	FALSE	des_specific_instable
RvY_05199-1	1	des	0.8422619047619048	0.15773809523809523	0.5	TRUE	FALSE	FALSE	FALSE	FALSE	FALSE	des_specific_instable
RvY_05238-1	1	des	0.8422619047619048	0.15773809523809523	0.5	TRUE	FALSE	FALSE	FALSE	FALSE	FALSE	des_specific_instable
RvY_05337-1	1	des	0.8422619047619048	0.15773809523809523	0.5	TRUE	FALSE	FALSE	FALSE	FALSE	FALSE	des_specific_instable
RvY_05795-1	1	des	0.8422619047619048	0.15773809523809523	0.5	TRUE	FALSE	FALSE	FALSE	FALSE	FALSE	des_specific_instable
RvY_05884-1	1	des	0.8422619047619048	0.15773809523809523	0.5	TRUE	FALSE	FALSE	FALSE	FALSE	FALSE	des_specific_instable
RvY_05941	1	des	0.8422619047619048	0.15773809523809523	0.5	TRUE	FALSE	FALSE	FALSE	FALSE	FALSE	des_specific_instable
RvY_06797-1	1	des	0.8422619047619048	0.15773809523809523	0.5	TRUE	FALSE	FALSE	FALSE	FALSE	FALSE	des_specific_instable
RvY_07137-1	1	des	0.8422619047619048	0.15773809523809523	0.5	TRUE	FALSE	FALSE	FALSE	FALSE	FALSE	des_specific_instable
RvY_07426-1	1	des	0.8422619047619048	0.15773809523809523	0.5	TRUE	FALSE	FALSE	FALSE	FALSE	FALSE	des_specific_instable
RvY_07887-1	1	des	0.8422619047619048	0.15773809523809523	0.5	TRUE	FALSE	FALSE	FALSE	FALSE	FALSE	des_specific_instable
RvY_07920	1	des	0.8422619047619048	0.15773809523809523	0.5	TRUE	FALSE	FALSE	FALSE	FALSE	FALSE	des_specific_instable
RvY_07928	1	des	0.8422619047619048	0.15773809523809523	0.5	TRUE	FALSE	FALSE	FALSE	FALSE	FALSE	des_specific_instable
RvY_08091	1	des	0.8422619047619048	0.15773809523809523	0.5	TRUE	FALSE	FALSE	FALSE	FALSE	FALSE	des_specific_instable
RvY_08990	1	des	0.8422619047619048	0.15773809523809523	0.5	TRUE	FALSE	FALSE	FALSE	FALSE	FALSE	des_specific_instable
RvY_09831-1	1	des	0.8422619047619048	0.15773809523809523	0.5	TRUE	FALSE	FALSE	FALSE	FALSE	FALSE	des_specific_instable
RvY_10030-1	1	des	0.8422619047619048	0.15773809523809523	0.5	TRUE	FALSE	FALSE	FALSE	FALSE	FALSE	des_specific_instable
RvY_10136-1	1	des	0.8422619047619048	0.15773809523809523	0.5	TRUE	FALSE	FALSE	FALSE	FALSE	FALSE	des_specific_instable
RvY_10185-1	1	des	0.8422619047619048	0.15773809523809523	0.5	TRUE	FALSE	FALSE	FALSE	FALSE	FALSE	des_specific_instable
RvY_10445-1	1	des	0.8422619047619048	0.15773809523809523	0.5	TRUE	FALSE	FALSE	FALSE	FALSE	FALSE	des_specific_instable
RvY_11062-1	1	des	0.8422619047619048	0.15773809523809523	0.5	TRUE	FALSE	FALSE	FALSE	FALSE	FALSE	des_specific_instable
RvY_11133	1	des	0.8422619047619048	0.15773809523809523	0.5	TRUE	FALSE	FALSE	FALSE	FALSE	FALSE	des_specific_instable
RvY_12350-1	1	des	0.8422619047619048	0.15773809523809523	0.5	TRUE	FALSE	FALSE	FALSE	FALSE	FALSE	des_specific_instable
RvY_12798-1	1	des	0.8422619047619048	0.15773809523809523	0.5	TRUE	FALSE	FALSE	FALSE	FALSE	FALSE	des_specific_instable
RvY_12829	1	des	0.8422619047619048	0.15773809523809523	0.5	TRUE	FALSE	FALSE	FALSE	FALSE	FALSE	des_specific_instable
RvY_12874-1	1	des	0.8422619047619048	0.15773809523809523	0.5	TRUE	FALSE	FALSE	FALSE	FALSE	FALSE	des_specific_instable
RvY_12888	1	des	0.8422619047619048	0.15773809523809523	0.5	TRUE	FALSE	FALSE	FALSE	FALSE	FALSE	des_specific_instable
RvY_13121-1	1	des	0.8422619047619048	0.15773809523809523	0.5	TRUE	FALSE	FALSE	FALSE	FALSE	FALSE	des_specific_instable
RvY_13156-1	1	des	0.8422619047619048	0.15773809523809523	0.5	TRUE	FALSE	FALSE	FALSE	FALSE	FALSE	des_specific_instable
RvY_13511-1	1	des	0.8422619047619048	0.15773809523809523	0.5	TRUE	FALSE	FALSE	FALSE	FALSE	FALSE	des_specific_instable
RvY_13633-1	1	des	0.8422619047619048	0.15773809523809523	0.5	TRUE	FALSE	FALSE	FALSE	FALSE	FALSE	des_specific_instable
RvY_15011	1	des	0.8422619047619048	0.15773809523809523	0.5	TRUE	FALSE	FALSE	FALSE	FALSE	FALSE	des_specific_instable
RvY_15464	1	des	0.8422619047619048	0.15773809523809523	0.5	TRUE	FALSE	FALSE	FALSE	FALSE	FALSE	des_specific_instable
RvY_15500-1	1	des	0.8422619047619048	0.15773809523809523	0.5	TRUE	FALSE	FALSE	FALSE	FALSE	FALSE	des_specific_instable
RvY_15531	1	des	0.8422619047619048	0.15773809523809523	0.5	TRUE	FALSE	FALSE	FALSE	FALSE	FALSE	des_specific_instable
RvY_15549-1	1	des	0.8422619047619048	0.15773809523809523	0.5	TRUE	FALSE	FALSE	FALSE	FALSE	FALSE	des_specific_instable
RvY_15686	1	des	0.8422619047619048	0.15773809523809523	0.5	TRUE	FALSE	FALSE	FALSE	FALSE	FALSE	des_specific_instable
RvY_15894	1	des	0.8422619047619048	0.15773809523809523	0.5	TRUE	FALSE	FALSE	FALSE	FALSE	FALSE	des_specific_instable
RvY_16696-1	1	des	0.8422619047619048	0.15773809523809523	0.5	TRUE	FALSE	FALSE	FALSE	FALSE	FALSE	des_specific_instable
RvY_17108-1	1	des	0.8422619047619048	0.15773809523809523	0.5	TRUE	FALSE	FALSE	FALSE	FALSE	FALSE	des_specific_instable
RvY_17120	1	des	0.8422619047619048	0.15773809523809523	0.5	TRUE	FALSE	FALSE	FALSE	FALSE	FALSE	des_specific_instable
RvY_17450-1	1	des	0.8422619047619048	0.15773809523809523	0.5	TRUE	FALSE	FALSE	FALSE	FALSE	FALSE	des_specific_instable
RvY_17617-1	1	des	0.8422619047619048	0.15773809523809523	0.5	TRUE	FALSE	FALSE	FALSE	FALSE	FALSE	des_specific_instable
RvY_18943-1	1	des	0.8422619047619048	0.15773809523809523	0.5	TRUE	FALSE	FALSE	FALSE	FALSE	FALSE	des_specific_instable
RvY_00083-1	1	des	0.8482142857142857	0.15178571428571427	0.5	TRUE	FALSE	FALSE	FALSE	FALSE	FALSE	des_specific_instable
RvY_00279	1	des	0.8482142857142857	0.15178571428571427	0.5	TRUE	FALSE	FALSE	FALSE	FALSE	FALSE	des_specific_instable
RvY_00428-1	1	des	0.8482142857142857	0.15178571428571427	0.5	TRUE	FALSE	FALSE	FALSE	FALSE	FALSE	des_specific_instable
RvY_00470	1	des	0.8482142857142857	0.15178571428571427	0.5	TRUE	FALSE	FALSE	FALSE	FALSE	FALSE	des_specific_instable
RvY_00523-1	1	des	0.8482142857142857	0.15178571428571427	0.5	TRUE	FALSE	FALSE	FALSE	FALSE	FALSE	des_specific_instable
RvY_00574-1	1	des	0.8482142857142857	0.15178571428571427	0.5	TRUE	FALSE	FALSE	FALSE	FALSE	FALSE	des_specific_instable
RvY_00698-1	1	des	0.8482142857142857	0.15178571428571427	0.5	TRUE	FALSE	FALSE	FALSE	FALSE	FALSE	des_specific_instable
RvY_00806-1	1	des	0.8482142857142857	0.15178571428571427	0.5	TRUE	FALSE	FALSE	FALSE	FALSE	FALSE	des_specific_instable
RvY_00877	1	des	0.8482142857142857	0.15178571428571427	0.5	TRUE	FALSE	FALSE	FALSE	FALSE	FALSE	des_specific_instable
RvY_00890-0	1	des	0.8482142857142857	0.15178571428571427	0.5	TRUE	FALSE	FALSE	FALSE	FALSE	FALSE	des_specific_instable
RvY_01074-1	1	des	0.8482142857142857	0.15178571428571427	0.5	TRUE	FALSE	FALSE	FALSE	FALSE	FALSE	des_specific_instable
RvY_01327-1	1	des	0.8482142857142857	0.15178571428571427	0.5	TRUE	FALSE	FALSE	FALSE	FALSE	FALSE	des_specific_instable
RvY_01506-1	1	des	0.8482142857142857	0.15178571428571427	0.5	TRUE	FALSE	FALSE	FALSE	FALSE	FALSE	des_specific_instable
RvY_01526-1	1	des	0.8482142857142857	0.15178571428571427	0.5	TRUE	FALSE	FALSE	FALSE	FALSE	FALSE	des_specific_instable
RvY_02283-1	1	des	0.8482142857142857	0.15178571428571427	0.5	TRUE	FALSE	FALSE	FALSE	FALSE	FALSE	des_specific_instable
RvY_02378-1	1	des	0.8482142857142857	0.15178571428571427	0.5	TRUE	FALSE	FALSE	FALSE	FALSE	FALSE	des_specific_instable
RvY_02619-1	1	des	0.8482142857142857	0.15178571428571427	0.5	TRUE	FALSE	FALSE	FALSE	FALSE	FALSE	des_specific_instable
RvY_02663-1	1	des	0.8482142857142857	0.15178571428571427	0.5	TRUE	FALSE	FALSE	FALSE	FALSE	FALSE	des_specific_instable
RvY_02691-1	1	des	0.8482142857142857	0.15178571428571427	0.5	TRUE	FALSE	FALSE	FALSE	FALSE	FALSE	des_specific_instable
RvY_02733-1	1	des	0.8482142857142857	0.15178571428571427	0.5	TRUE	FALSE	FALSE	FALSE	FALSE	FALSE	des_specific_instable
RvY_02854-1	1	des	0.8482142857142857	0.15178571428571427	0.5	TRUE	FALSE	FALSE	FALSE	FALSE	FALSE	des_specific_instable
RvY_03106-1	1	des	0.8482142857142857	0.15178571428571427	0.5	TRUE	FALSE	FALSE	FALSE	FALSE	FALSE	des_specific_instable
RvY_03210-1	1	des	0.8482142857142857	0.15178571428571427	0.5	TRUE	FALSE	FALSE	FALSE	FALSE	FALSE	des_specific_instable
RvY_03308	1	des	0.8482142857142857	0.15178571428571427	0.5	TRUE	FALSE	FALSE	FALSE	FALSE	FALSE	des_specific_instable
RvY_03405	1	des	0.8482142857142857	0.15178571428571427	0.5	TRUE	FALSE	FALSE	FALSE	FALSE	FALSE	des_specific_instable
RvY_03552-1	1	des	0.8482142857142857	0.15178571428571427	0.5	TRUE	FALSE	FALSE	FALSE	FALSE	FALSE	des_specific_instable
RvY_03564	1	des	0.8482142857142857	0.15178571428571427	0.5	TRUE	FALSE	FALSE	FALSE	FALSE	FALSE	des_specific_instable
RvY_03613	1	des	0.8482142857142857	0.15178571428571427	0.5	TRUE	FALSE	FALSE	FALSE	FALSE	FALSE	des_specific_instable
RvY_03770-1	1	des	0.8482142857142857	0.15178571428571427	0.5	TRUE	FALSE	FALSE	FALSE	FALSE	FALSE	des_specific_instable
RvY_03786-1	1	des	0.8482142857142857	0.15178571428571427	0.5	TRUE	FALSE	FALSE	FALSE	FALSE	FALSE	des_specific_instable
RvY_03849	1	des	0.8482142857142857	0.15178571428571427	0.5	TRUE	FALSE	FALSE	FALSE	FALSE	FALSE	des_specific_instable
RvY_03947-1	1	des	0.8482142857142857	0.15178571428571427	0.5	TRUE	FALSE	FALSE	FALSE	FALSE	FALSE	des_specific_instable
RvY_04016	1	des	0.8482142857142857	0.15178571428571427	0.5	TRUE	FALSE	FALSE	FALSE	FALSE	FALSE	des_specific_instable
RvY_04076-1	1	des	0.8482142857142857	0.15178571428571427	0.5	TRUE	FALSE	FALSE	FALSE	FALSE	FALSE	des_specific_instable
RvY_04085-1	1	des	0.8482142857142857	0.15178571428571427	0.5	TRUE	FALSE	FALSE	FALSE	FALSE	FALSE	des_specific_instable
RvY_04266-1	1	des	0.8482142857142857	0.15178571428571427	0.5	TRUE	FALSE	FALSE	FALSE	FALSE	FALSE	des_specific_instable
RvY_04273-1	1	des	0.8482142857142857	0.15178571428571427	0.5	TRUE	FALSE	FALSE	FALSE	FALSE	FALSE	des_specific_instable
RvY_04514-1	1	des	0.8482142857142857	0.15178571428571427	0.5	TRUE	FALSE	FALSE	FALSE	FALSE	FALSE	des_specific_instable
RvY_04716-1	1	des	0.8482142857142857	0.15178571428571427	0.5	TRUE	FALSE	FALSE	FALSE	FALSE	FALSE	des_specific_instable
RvY_04862-1	1	des	0.8482142857142857	0.15178571428571427	0.5	TRUE	FALSE	FALSE	FALSE	FALSE	FALSE	des_specific_instable
RvY_05048-1	1	des	0.8482142857142857	0.15178571428571427	0.5	TRUE	FALSE	FALSE	FALSE	FALSE	FALSE	des_specific_instable
RvY_05083-1	1	des	0.8482142857142857	0.15178571428571427	0.5	TRUE	FALSE	FALSE	FALSE	FALSE	FALSE	des_specific_instable
RvY_05181-1	1	des	0.8482142857142857	0.15178571428571427	0.5	TRUE	FALSE	FALSE	FALSE	FALSE	FALSE	des_specific_instable
RvY_05267-1	1	des	0.8482142857142857	0.15178571428571427	0.5	TRUE	FALSE	FALSE	FALSE	FALSE	FALSE	des_specific_instable
RvY_05279-1	1	des	0.8482142857142857	0.15178571428571427	0.5	TRUE	FALSE	FALSE	FALSE	FALSE	FALSE	des_specific_instable
RvY_05494-1	1	des	0.8482142857142857	0.15178571428571427	0.5	TRUE	FALSE	FALSE	FALSE	FALSE	FALSE	des_specific_instable
RvY_05569-1	1	des	0.8482142857142857	0.15178571428571427	0.5	TRUE	FALSE	FALSE	FALSE	FALSE	FALSE	des_specific_instable
RvY_05604-1	1	des	0.8482142857142857	0.15178571428571427	0.5	TRUE	FALSE	FALSE	FALSE	FALSE	FALSE	des_specific_instable
RvY_05650	1	des	0.8482142857142857	0.15178571428571427	0.5	TRUE	FALSE	FALSE	FALSE	FALSE	FALSE	des_specific_instable
RvY_06086-1	1	des	0.8482142857142857	0.15178571428571427	0.5	TRUE	FALSE	FALSE	FALSE	FALSE	FALSE	des_specific_instable
RvY_06117-1	1	des	0.8482142857142857	0.15178571428571427	0.5	TRUE	FALSE	FALSE	FALSE	FALSE	FALSE	des_specific_instable
RvY_06409-1	1	des	0.8482142857142857	0.15178571428571427	0.5	TRUE	FALSE	FALSE	FALSE	FALSE	FALSE	des_specific_instable
RvY_06441-1	1	des	0.8482142857142857	0.15178571428571427	0.5	TRUE	FALSE	FALSE	FALSE	FALSE	FALSE	des_specific_instable
RvY_06548-1	1	des	0.8482142857142857	0.15178571428571427	0.5	TRUE	FALSE	FALSE	FALSE	FALSE	FALSE	des_specific_instable
RvY_06606-1	1	des	0.8482142857142857	0.15178571428571427	0.5	TRUE	FALSE	FALSE	FALSE	FALSE	FALSE	des_specific_instable
RvY_06783-1	1	des	0.8482142857142857	0.15178571428571427	0.5	TRUE	FALSE	FALSE	FALSE	FALSE	FALSE	des_specific_instable
RvY_07200-1	1	des	0.8482142857142857	0.15178571428571427	0.5	TRUE	FALSE	FALSE	FALSE	FALSE	FALSE	des_specific_instable
RvY_07415	1	des	0.8482142857142857	0.15178571428571427	0.5	TRUE	FALSE	FALSE	FALSE	FALSE	FALSE	des_specific_instable
RvY_07454-1	1	des	0.8482142857142857	0.15178571428571427	0.5	TRUE	FALSE	FALSE	FALSE	FALSE	FALSE	des_specific_instable
RvY_07617-1	1	des	0.8482142857142857	0.15178571428571427	0.5	TRUE	FALSE	FALSE	FALSE	FALSE	FALSE	des_specific_instable
RvY_07829-1	1	des	0.8482142857142857	0.15178571428571427	0.5	TRUE	FALSE	FALSE	FALSE	FALSE	FALSE	des_specific_instable
RvY_08168-1	1	des	0.8482142857142857	0.15178571428571427	0.5	TRUE	FALSE	FALSE	FALSE	FALSE	FALSE	des_specific_instable
RvY_08370-1	1	des	0.8482142857142857	0.15178571428571427	0.5	TRUE	FALSE	FALSE	FALSE	FALSE	FALSE	des_specific_instable
RvY_08397-1	1	des	0.8482142857142857	0.15178571428571427	0.5	TRUE	FALSE	FALSE	FALSE	FALSE	FALSE	des_specific_instable
RvY_08537-1	1	des	0.8482142857142857	0.15178571428571427	0.5	TRUE	FALSE	FALSE	FALSE	FALSE	FALSE	des_specific_instable
RvY_08616	1	des	0.8482142857142857	0.15178571428571427	0.5	TRUE	FALSE	FALSE	FALSE	FALSE	FALSE	des_specific_instable
RvY_08641-1	1	des	0.8482142857142857	0.15178571428571427	0.5	TRUE	FALSE	FALSE	FALSE	FALSE	FALSE	des_specific_instable
RvY_08643-1	1	des	0.8482142857142857	0.15178571428571427	0.5	TRUE	FALSE	FALSE	FALSE	FALSE	FALSE	des_specific_instable
RvY_08729-1	1	des	0.8482142857142857	0.15178571428571427	0.5	TRUE	FALSE	FALSE	FALSE	FALSE	FALSE	des_specific_instable
RvY_08765-1	1	des	0.8482142857142857	0.15178571428571427	0.5	TRUE	FALSE	FALSE	FALSE	FALSE	FALSE	des_specific_instable
RvY_08772-1	1	des	0.8482142857142857	0.15178571428571427	0.5	TRUE	FALSE	FALSE	FALSE	FALSE	FALSE	des_specific_instable
RvY_08791-1	1	des	0.8482142857142857	0.15178571428571427	0.5	TRUE	FALSE	FALSE	FALSE	FALSE	FALSE	des_specific_instable
RvY_08846-1	1	des	0.8482142857142857	0.15178571428571427	0.5	TRUE	FALSE	FALSE	FALSE	FALSE	FALSE	des_specific_instable
RvY_08950	1	des	0.8482142857142857	0.15178571428571427	0.5	TRUE	FALSE	FALSE	FALSE	FALSE	FALSE	des_specific_instable
RvY_09265-1	1	des	0.8482142857142857	0.15178571428571427	0.5	TRUE	FALSE	FALSE	FALSE	FALSE	FALSE	des_specific_instable
RvY_09550-1	1	des	0.8482142857142857	0.15178571428571427	0.5	TRUE	FALSE	FALSE	FALSE	FALSE	FALSE	des_specific_instable
RvY_09696-1	1	des	0.8482142857142857	0.15178571428571427	0.5	TRUE	FALSE	FALSE	FALSE	FALSE	FALSE	des_specific_instable
RvY_09723-1	1	des	0.8482142857142857	0.15178571428571427	0.5	TRUE	FALSE	FALSE	FALSE	FALSE	FALSE	des_specific_instable
RvY_09747-1	1	des	0.8482142857142857	0.15178571428571427	0.5	TRUE	FALSE	FALSE	FALSE	FALSE	FALSE	des_specific_instable
RvY_09769-1	1	des	0.8482142857142857	0.15178571428571427	0.5	TRUE	FALSE	FALSE	FALSE	FALSE	FALSE	des_specific_instable
RvY_09959-1	1	des	0.8482142857142857	0.15178571428571427	0.5	TRUE	FALSE	FALSE	FALSE	FALSE	FALSE	des_specific_instable
RvY_10180-1	1	des	0.8482142857142857	0.15178571428571427	0.5	TRUE	FALSE	FALSE	FALSE	FALSE	FALSE	des_specific_instable
RvY_10289	1	des	0.8482142857142857	0.15178571428571427	0.5	TRUE	FALSE	FALSE	FALSE	FALSE	FALSE	des_specific_instable
RvY_10468-1	1	des	0.8482142857142857	0.15178571428571427	0.5	TRUE	FALSE	FALSE	FALSE	FALSE	FALSE	des_specific_instable
RvY_10703-1	1	des	0.8482142857142857	0.15178571428571427	0.5	TRUE	FALSE	FALSE	FALSE	FALSE	FALSE	des_specific_instable
RvY_11046	1	des	0.8482142857142857	0.15178571428571427	0.5	TRUE	FALSE	FALSE	FALSE	FALSE	FALSE	des_specific_instable
RvY_11225-1	1	des	0.8482142857142857	0.15178571428571427	0.5	TRUE	FALSE	FALSE	FALSE	FALSE	FALSE	des_specific_instable
RvY_11462	1	des	0.8482142857142857	0.15178571428571427	0.5	TRUE	FALSE	FALSE	FALSE	FALSE	FALSE	des_specific_instable
RvY_11852-1	1	des	0.8482142857142857	0.15178571428571427	0.5	TRUE	FALSE	FALSE	FALSE	FALSE	FALSE	des_specific_instable
RvY_12040	1	des	0.8482142857142857	0.15178571428571427	0.5	TRUE	FALSE	FALSE	FALSE	FALSE	FALSE	des_specific_instable
RvY_12070-1	1	des	0.8482142857142857	0.15178571428571427	0.5	TRUE	FALSE	FALSE	FALSE	FALSE	FALSE	des_specific_instable
RvY_12135-1	1	des	0.8482142857142857	0.15178571428571427	0.5	TRUE	FALSE	FALSE	FALSE	FALSE	FALSE	des_specific_instable
RvY_12306-1	1	des	0.8482142857142857	0.15178571428571427	0.5	TRUE	FALSE	FALSE	FALSE	FALSE	FALSE	des_specific_instable
RvY_12553-1	1	des	0.8482142857142857	0.15178571428571427	0.5	TRUE	FALSE	FALSE	FALSE	FALSE	FALSE	des_specific_instable
RvY_12596-1	1	des	0.8482142857142857	0.15178571428571427	0.5	TRUE	FALSE	FALSE	FALSE	FALSE	FALSE	des_specific_instable
RvY_12654-1	1	des	0.8482142857142857	0.15178571428571427	0.5	TRUE	FALSE	FALSE	FALSE	FALSE	FALSE	des_specific_instable
RvY_12735-1	1	des	0.8482142857142857	0.15178571428571427	0.5	TRUE	FALSE	FALSE	FALSE	FALSE	FALSE	des_specific_instable
RvY_12797-1	1	des	0.8482142857142857	0.15178571428571427	0.5	TRUE	FALSE	FALSE	FALSE	FALSE	FALSE	des_specific_instable
RvY_12847-1	1	des	0.8482142857142857	0.15178571428571427	0.5	TRUE	FALSE	FALSE	FALSE	FALSE	FALSE	des_specific_instable
RvY_12941-1	1	des	0.8482142857142857	0.15178571428571427	0.5	TRUE	FALSE	FALSE	FALSE	FALSE	FALSE	des_specific_instable
RvY_13038-1	1	des	0.8482142857142857	0.15178571428571427	0.5	TRUE	FALSE	FALSE	FALSE	FALSE	FALSE	des_specific_instable
RvY_13249-1	1	des	0.8482142857142857	0.15178571428571427	0.5	TRUE	FALSE	FALSE	FALSE	FALSE	FALSE	des_specific_instable
RvY_13554-1	1	des	0.8482142857142857	0.15178571428571427	0.5	TRUE	FALSE	FALSE	FALSE	FALSE	FALSE	des_specific_instable
RvY_13769-1	1	des	0.8482142857142857	0.15178571428571427	0.5	TRUE	FALSE	FALSE	FALSE	FALSE	FALSE	des_specific_instable
RvY_13915	1	des	0.8482142857142857	0.15178571428571427	0.5	TRUE	FALSE	FALSE	FALSE	FALSE	FALSE	des_specific_instable
RvY_13938	1	des	0.8482142857142857	0.15178571428571427	0.5	TRUE	FALSE	FALSE	FALSE	FALSE	FALSE	des_specific_instable
RvY_13969	1	des	0.8482142857142857	0.15178571428571427	0.5	TRUE	FALSE	FALSE	FALSE	FALSE	FALSE	des_specific_instable
RvY_13973-1	1	des	0.8482142857142857	0.15178571428571427	0.5	TRUE	FALSE	FALSE	FALSE	FALSE	FALSE	des_specific_instable
RvY_13975	1	des	0.8482142857142857	0.15178571428571427	0.5	TRUE	FALSE	FALSE	FALSE	FALSE	FALSE	des_specific_instable
RvY_14017-1	1	des	0.8482142857142857	0.15178571428571427	0.5	TRUE	FALSE	FALSE	FALSE	FALSE	FALSE	des_specific_instable
RvY_14090-1	1	des	0.8482142857142857	0.15178571428571427	0.5	TRUE	FALSE	FALSE	FALSE	FALSE	FALSE	des_specific_instable
RvY_14394-1	1	des	0.8482142857142857	0.15178571428571427	0.5	TRUE	FALSE	FALSE	FALSE	FALSE	FALSE	des_specific_instable
RvY_14710-1	1	des	0.8482142857142857	0.15178571428571427	0.5	TRUE	FALSE	FALSE	FALSE	FALSE	FALSE	des_specific_instable
RvY_15494-1	1	des	0.8482142857142857	0.15178571428571427	0.5	TRUE	FALSE	FALSE	FALSE	FALSE	FALSE	des_specific_instable
RvY_15554-1	1	des	0.8482142857142857	0.15178571428571427	0.5	TRUE	FALSE	FALSE	FALSE	FALSE	FALSE	des_specific_instable
RvY_15609	1	des	0.8482142857142857	0.15178571428571427	0.5	TRUE	FALSE	FALSE	FALSE	FALSE	FALSE	des_specific_instable
RvY_15681-1	1	des	0.8482142857142857	0.15178571428571427	0.5	TRUE	FALSE	FALSE	FALSE	FALSE	FALSE	des_specific_instable
RvY_15736-1	1	des	0.8482142857142857	0.15178571428571427	0.5	TRUE	FALSE	FALSE	FALSE	FALSE	FALSE	des_specific_instable
RvY_15737-1	1	des	0.8482142857142857	0.15178571428571427	0.5	TRUE	FALSE	FALSE	FALSE	FALSE	FALSE	des_specific_instable
RvY_15806	1	des	0.8482142857142857	0.15178571428571427	0.5	TRUE	FALSE	FALSE	FALSE	FALSE	FALSE	des_specific_instable
RvY_15808-1	1	des	0.8482142857142857	0.15178571428571427	0.5	TRUE	FALSE	FALSE	FALSE	FALSE	FALSE	des_specific_instable
RvY_15869-1	1	des	0.8482142857142857	0.15178571428571427	0.5	TRUE	FALSE	FALSE	FALSE	FALSE	FALSE	des_specific_instable
RvY_15936-1	1	des	0.8482142857142857	0.15178571428571427	0.5	TRUE	FALSE	FALSE	FALSE	FALSE	FALSE	des_specific_instable
RvY_15948	1	des	0.8482142857142857	0.15178571428571427	0.5	TRUE	FALSE	FALSE	FALSE	FALSE	FALSE	des_specific_instable
RvY_15994-1	1	des	0.8482142857142857	0.15178571428571427	0.5	TRUE	FALSE	FALSE	FALSE	FALSE	FALSE	des_specific_instable
RvY_16005-1	1	des	0.8482142857142857	0.15178571428571427	0.5	TRUE	FALSE	FALSE	FALSE	FALSE	FALSE	des_specific_instable
RvY_16037-1	1	des	0.8482142857142857	0.15178571428571427	0.5	TRUE	FALSE	FALSE	FALSE	FALSE	FALSE	des_specific_instable
RvY_16436	1	des	0.8482142857142857	0.15178571428571427	0.5	TRUE	FALSE	FALSE	FALSE	FALSE	FALSE	des_specific_instable
RvY_16967-1	1	des	0.8482142857142857	0.15178571428571427	0.5	TRUE	FALSE	FALSE	FALSE	FALSE	FALSE	des_specific_instable
RvY_16989-1	1	des	0.8482142857142857	0.15178571428571427	0.5	TRUE	FALSE	FALSE	FALSE	FALSE	FALSE	des_specific_instable
RvY_17019-1	1	des	0.8482142857142857	0.15178571428571427	0.5	TRUE	FALSE	FALSE	FALSE	FALSE	FALSE	des_specific_instable
RvY_17199-1	1	des	0.8482142857142857	0.15178571428571427	0.5	TRUE	FALSE	FALSE	FALSE	FALSE	FALSE	des_specific_instable
RvY_17263-1	1	des	0.8482142857142857	0.15178571428571427	0.5	TRUE	FALSE	FALSE	FALSE	FALSE	FALSE	des_specific_instable
RvY_17288-1	1	des	0.8482142857142857	0.15178571428571427	0.5	TRUE	FALSE	FALSE	FALSE	FALSE	FALSE	des_specific_instable
RvY_17409-1	1	des	0.8482142857142857	0.15178571428571427	0.5	TRUE	FALSE	FALSE	FALSE	FALSE	FALSE	des_specific_instable
RvY_18072	1	des	0.8482142857142857	0.15178571428571427	0.5	TRUE	FALSE	FALSE	FALSE	FALSE	FALSE	des_specific_instable
RvY_18075-1	1	des	0.8482142857142857	0.15178571428571427	0.5	TRUE	FALSE	FALSE	FALSE	FALSE	FALSE	des_specific_instable
RvY_18268-1	1	des	0.8482142857142857	0.15178571428571427	0.5	TRUE	FALSE	FALSE	FALSE	FALSE	FALSE	des_specific_instable
RvY_18269-1	1	des	0.8482142857142857	0.15178571428571427	0.5	TRUE	FALSE	FALSE	FALSE	FALSE	FALSE	des_specific_instable
RvY_18299-1	1	des	0.8482142857142857	0.15178571428571427	0.5	TRUE	FALSE	FALSE	FALSE	FALSE	FALSE	des_specific_instable
RvY_18744	1	des	0.8482142857142857	0.15178571428571427	0.5	TRUE	FALSE	FALSE	FALSE	FALSE	FALSE	des_specific_instable
RvY_18967-1	1	des	0.8482142857142857	0.15178571428571427	0.5	TRUE	FALSE	FALSE	FALSE	FALSE	FALSE	des_specific_instable
RvY_18986-1	1	des	0.8482142857142857	0.15178571428571427	0.5	TRUE	FALSE	FALSE	FALSE	FALSE	FALSE	des_specific_instable
RvY_19034-1	1	des	0.8482142857142857	0.15178571428571427	0.5	TRUE	FALSE	FALSE	FALSE	FALSE	FALSE	des_specific_instable
RvY_19199-1	1	des	0.8482142857142857	0.15178571428571427	0.5	TRUE	FALSE	FALSE	FALSE	FALSE	FALSE	des_specific_instable
RvY_19299-1	1	des	0.8482142857142857	0.15178571428571427	0.5	TRUE	FALSE	FALSE	FALSE	FALSE	FALSE	des_specific_instable
RvY_19353	1	des	0.8482142857142857	0.15178571428571427	0.5	TRUE	FALSE	FALSE	FALSE	FALSE	FALSE	des_specific_instable
RvY_19366-1	1	des	0.8482142857142857	0.15178571428571427	0.5	TRUE	FALSE	FALSE	FALSE	FALSE	FALSE	des_specific_instable
RvY_00006-1	1	des	0.8511904761904762	0.1488095238095238	0.5	TRUE	FALSE	FALSE	FALSE	FALSE	FALSE	des_specific_instable
RvY_00412	1	des	0.8511904761904762	0.1488095238095238	0.5	TRUE	FALSE	FALSE	FALSE	FALSE	FALSE	des_specific_instable
RvY_00750-1	1	des	0.8511904761904762	0.1488095238095238	0.5	TRUE	FALSE	FALSE	FALSE	FALSE	FALSE	des_specific_instable
RvY_01002-1	1	des	0.8511904761904762	0.1488095238095238	0.5	TRUE	FALSE	FALSE	FALSE	FALSE	FALSE	des_specific_instable
RvY_01016-1	1	des	0.8511904761904762	0.1488095238095238	0.5	TRUE	FALSE	FALSE	FALSE	FALSE	FALSE	des_specific_instable
RvY_01035	1	des	0.8511904761904762	0.1488095238095238	0.5	TRUE	FALSE	FALSE	FALSE	FALSE	FALSE	des_specific_instable
RvY_01053-1	1	des	0.8511904761904762	0.1488095238095238	0.5	TRUE	FALSE	FALSE	FALSE	FALSE	FALSE	des_specific_instable
RvY_02276-1	1	des	0.8511904761904762	0.1488095238095238	0.5	TRUE	FALSE	FALSE	FALSE	FALSE	FALSE	des_specific_instable
RvY_02307-1	1	des	0.8511904761904762	0.1488095238095238	0.5	TRUE	FALSE	FALSE	FALSE	FALSE	FALSE	des_specific_instable
RvY_02551-1	1	des	0.8511904761904762	0.1488095238095238	0.5	TRUE	FALSE	FALSE	FALSE	FALSE	FALSE	des_specific_instable
RvY_02621	1	des	0.8511904761904762	0.1488095238095238	0.5	TRUE	FALSE	FALSE	FALSE	FALSE	FALSE	des_specific_instable
RvY_02665-1	1	des	0.8511904761904762	0.1488095238095238	0.5	TRUE	FALSE	FALSE	FALSE	FALSE	FALSE	des_specific_instable
RvY_02781	1	des	0.8511904761904762	0.1488095238095238	0.5	TRUE	FALSE	FALSE	FALSE	FALSE	FALSE	des_specific_instable
RvY_02796-1	1	des	0.8511904761904762	0.1488095238095238	0.5	TRUE	FALSE	FALSE	FALSE	FALSE	FALSE	des_specific_instable
RvY_03253-1	1	des	0.8511904761904762	0.1488095238095238	0.5	TRUE	FALSE	FALSE	FALSE	FALSE	FALSE	des_specific_instable
RvY_03312-1	1	des	0.8511904761904762	0.1488095238095238	0.5	TRUE	FALSE	FALSE	FALSE	FALSE	FALSE	des_specific_instable
RvY_03541-1	1	des	0.8511904761904762	0.1488095238095238	0.5	TRUE	FALSE	FALSE	FALSE	FALSE	FALSE	des_specific_instable
RvY_04255-1	1	des	0.8511904761904762	0.1488095238095238	0.5	TRUE	FALSE	FALSE	FALSE	FALSE	FALSE	des_specific_instable
RvY_04558-1	1	des	0.8511904761904762	0.1488095238095238	0.5	TRUE	FALSE	FALSE	FALSE	FALSE	FALSE	des_specific_instable
RvY_04658-1	1	des	0.8511904761904762	0.1488095238095238	0.5	TRUE	FALSE	FALSE	FALSE	FALSE	FALSE	des_specific_instable
RvY_04664-1	1	des	0.8511904761904762	0.1488095238095238	0.5	TRUE	FALSE	FALSE	FALSE	FALSE	FALSE	des_specific_instable
RvY_04749-1	1	des	0.8511904761904762	0.1488095238095238	0.5	TRUE	FALSE	FALSE	FALSE	FALSE	FALSE	des_specific_instable
RvY_04923	1	des	0.8511904761904762	0.1488095238095238	0.5	TRUE	FALSE	FALSE	FALSE	FALSE	FALSE	des_specific_instable
RvY_05086	1	des	0.8511904761904762	0.1488095238095238	0.5	TRUE	FALSE	FALSE	FALSE	FALSE	FALSE	des_specific_instable
RvY_05383-1	1	des	0.8511904761904762	0.1488095238095238	0.5	TRUE	FALSE	FALSE	FALSE	FALSE	FALSE	des_specific_instable
RvY_05560	1	des	0.8511904761904762	0.1488095238095238	0.5	TRUE	FALSE	FALSE	FALSE	FALSE	FALSE	des_specific_instable
RvY_05822-1	1	des	0.8511904761904762	0.1488095238095238	0.5	TRUE	FALSE	FALSE	FALSE	FALSE	FALSE	des_specific_instable
RvY_05827-1	1	des	0.8511904761904762	0.1488095238095238	0.5	TRUE	FALSE	FALSE	FALSE	FALSE	FALSE	des_specific_instable
RvY_06092-1	1	des	0.8511904761904762	0.1488095238095238	0.5	TRUE	FALSE	FALSE	FALSE	FALSE	FALSE	des_specific_instable
RvY_06323-1	1	des	0.8511904761904762	0.1488095238095238	0.5	TRUE	FALSE	FALSE	FALSE	FALSE	FALSE	des_specific_instable
RvY_06729-1	1	des	0.8511904761904762	0.1488095238095238	0.5	TRUE	FALSE	FALSE	FALSE	FALSE	FALSE	des_specific_instable
RvY_06828-1	1	des	0.8511904761904762	0.1488095238095238	0.5	TRUE	FALSE	FALSE	FALSE	FALSE	FALSE	des_specific_instable
RvY_06992-1	1	des	0.8511904761904762	0.1488095238095238	0.5	TRUE	FALSE	FALSE	FALSE	FALSE	FALSE	des_specific_instable
RvY_07115-1	1	des	0.8511904761904762	0.1488095238095238	0.5	TRUE	FALSE	FALSE	FALSE	FALSE	FALSE	des_specific_instable
RvY_07167-1	1	des	0.8511904761904762	0.1488095238095238	0.5	TRUE	FALSE	FALSE	FALSE	FALSE	FALSE	des_specific_instable
RvY_07232-1	1	des	0.8511904761904762	0.1488095238095238	0.5	TRUE	FALSE	FALSE	FALSE	FALSE	FALSE	des_specific_instable
RvY_07483-1	1	des	0.8511904761904762	0.1488095238095238	0.5	TRUE	FALSE	FALSE	FALSE	FALSE	FALSE	des_specific_instable
RvY_07498-1	1	des	0.8511904761904762	0.1488095238095238	0.5	TRUE	FALSE	FALSE	FALSE	FALSE	FALSE	des_specific_instable
RvY_07882-1	1	des	0.8511904761904762	0.1488095238095238	0.5	TRUE	FALSE	FALSE	FALSE	FALSE	FALSE	des_specific_instable
RvY_07956-1	1	des	0.8511904761904762	0.1488095238095238	0.5	TRUE	FALSE	FALSE	FALSE	FALSE	FALSE	des_specific_instable
RvY_08037-1	1	des	0.8511904761904762	0.1488095238095238	0.5	TRUE	FALSE	FALSE	FALSE	FALSE	FALSE	des_specific_instable
RvY_08065-1	1	des	0.8511904761904762	0.1488095238095238	0.5	TRUE	FALSE	FALSE	FALSE	FALSE	FALSE	des_specific_instable
RvY_08155-1	1	des	0.8511904761904762	0.1488095238095238	0.5	TRUE	FALSE	FALSE	FALSE	FALSE	FALSE	des_specific_instable
RvY_08228-1	1	des	0.8511904761904762	0.1488095238095238	0.5	TRUE	FALSE	FALSE	FALSE	FALSE	FALSE	des_specific_instable
RvY_08825-1	1	des	0.8511904761904762	0.1488095238095238	0.5	TRUE	FALSE	FALSE	FALSE	FALSE	FALSE	des_specific_instable
RvY_09391-1	1	des	0.8511904761904762	0.1488095238095238	0.5	TRUE	FALSE	FALSE	FALSE	FALSE	FALSE	des_specific_instable
RvY_09564-1	1	des	0.8511904761904762	0.1488095238095238	0.5	TRUE	FALSE	FALSE	FALSE	FALSE	FALSE	des_specific_instable
RvY_09758-1	1	des	0.8511904761904762	0.1488095238095238	0.5	TRUE	FALSE	FALSE	FALSE	FALSE	FALSE	des_specific_instable
RvY_09785-1	1	des	0.8511904761904762	0.1488095238095238	0.5	TRUE	FALSE	FALSE	FALSE	FALSE	FALSE	des_specific_instable
RvY_09892	1	des	0.8511904761904762	0.1488095238095238	0.5	TRUE	FALSE	FALSE	FALSE	FALSE	FALSE	des_specific_instable
RvY_09906-1	1	des	0.8511904761904762	0.1488095238095238	0.5	TRUE	FALSE	FALSE	FALSE	FALSE	FALSE	des_specific_instable
RvY_10156-1	1	des	0.8511904761904762	0.1488095238095238	0.5	TRUE	FALSE	FALSE	FALSE	FALSE	FALSE	des_specific_instable
RvY_10370-1	1	des	0.8511904761904762	0.1488095238095238	0.5	TRUE	FALSE	FALSE	FALSE	FALSE	FALSE	des_specific_instable
RvY_10517-1	1	des	0.8511904761904762	0.1488095238095238	0.5	TRUE	FALSE	FALSE	FALSE	FALSE	FALSE	des_specific_instable
RvY_10596-1	1	des	0.8511904761904762	0.1488095238095238	0.5	TRUE	FALSE	FALSE	FALSE	FALSE	FALSE	des_specific_instable
RvY_11037-1	1	des	0.8511904761904762	0.1488095238095238	0.5	TRUE	FALSE	FALSE	FALSE	FALSE	FALSE	des_specific_instable
RvY_11425-1	1	des	0.8511904761904762	0.1488095238095238	0.5	TRUE	FALSE	FALSE	FALSE	FALSE	FALSE	des_specific_instable
RvY_12288-1	1	des	0.8511904761904762	0.1488095238095238	0.5	TRUE	FALSE	FALSE	FALSE	FALSE	FALSE	des_specific_instable
RvY_12480-1	1	des	0.8511904761904762	0.1488095238095238	0.5	TRUE	FALSE	FALSE	FALSE	FALSE	FALSE	des_specific_instable
RvY_12585-1	1	des	0.8511904761904762	0.1488095238095238	0.5	TRUE	FALSE	FALSE	FALSE	FALSE	FALSE	des_specific_instable
RvY_12662-1	1	des	0.8511904761904762	0.1488095238095238	0.5	TRUE	FALSE	FALSE	FALSE	FALSE	FALSE	des_specific_instable
RvY_12708-1	1	des	0.8511904761904762	0.1488095238095238	0.5	TRUE	FALSE	FALSE	FALSE	FALSE	FALSE	des_specific_instable
RvY_12768-1	1	des	0.8511904761904762	0.1488095238095238	0.5	TRUE	FALSE	FALSE	FALSE	FALSE	FALSE	des_specific_instable
RvY_12821-1	1	des	0.8511904761904762	0.1488095238095238	0.5	TRUE	FALSE	FALSE	FALSE	FALSE	FALSE	des_specific_instable
RvY_12873-1	1	des	0.8511904761904762	0.1488095238095238	0.5	TRUE	FALSE	FALSE	FALSE	FALSE	FALSE	des_specific_instable
RvY_13504-1	1	des	0.8511904761904762	0.1488095238095238	0.5	TRUE	FALSE	FALSE	FALSE	FALSE	FALSE	des_specific_instable
RvY_13918-1	1	des	0.8511904761904762	0.1488095238095238	0.5	TRUE	FALSE	FALSE	FALSE	FALSE	FALSE	des_specific_instable
RvY_14062-1	1	des	0.8511904761904762	0.1488095238095238	0.5	TRUE	FALSE	FALSE	FALSE	FALSE	FALSE	des_specific_instable
RvY_14276-1	1	des	0.8511904761904762	0.1488095238095238	0.5	TRUE	FALSE	FALSE	FALSE	FALSE	FALSE	des_specific_instable
RvY_14318	1	des	0.8511904761904762	0.1488095238095238	0.5	TRUE	FALSE	FALSE	FALSE	FALSE	FALSE	des_specific_instable
RvY_14539-1	1	des	0.8511904761904762	0.1488095238095238	0.5	TRUE	FALSE	FALSE	FALSE	FALSE	FALSE	des_specific_instable
RvY_14575-1	1	des	0.8511904761904762	0.1488095238095238	0.5	TRUE	FALSE	FALSE	FALSE	FALSE	FALSE	des_specific_instable
RvY_14634-1	1	des	0.8511904761904762	0.1488095238095238	0.5	TRUE	FALSE	FALSE	FALSE	FALSE	FALSE	des_specific_instable
RvY_14711-1	1	des	0.8511904761904762	0.1488095238095238	0.5	TRUE	FALSE	FALSE	FALSE	FALSE	FALSE	des_specific_instable
RvY_14727	1	des	0.8511904761904762	0.1488095238095238	0.5	TRUE	FALSE	FALSE	FALSE	FALSE	FALSE	des_specific_instable
RvY_14929-1	1	des	0.8511904761904762	0.1488095238095238	0.5	TRUE	FALSE	FALSE	FALSE	FALSE	FALSE	des_specific_instable
RvY_15202-1	1	des	0.8511904761904762	0.1488095238095238	0.5	TRUE	FALSE	FALSE	FALSE	FALSE	FALSE	des_specific_instable
RvY_15389	1	des	0.8511904761904762	0.1488095238095238	0.5	TRUE	FALSE	FALSE	FALSE	FALSE	FALSE	des_specific_instable
RvY_15444-1	1	des	0.8511904761904762	0.1488095238095238	0.5	TRUE	FALSE	FALSE	FALSE	FALSE	FALSE	des_specific_instable
RvY_15622-1	1	des	0.8511904761904762	0.1488095238095238	0.5	TRUE	FALSE	FALSE	FALSE	FALSE	FALSE	des_specific_instable
RvY_15889-1	1	des	0.8511904761904762	0.1488095238095238	0.5	TRUE	FALSE	FALSE	FALSE	FALSE	FALSE	des_specific_instable
RvY_15918	1	des	0.8511904761904762	0.1488095238095238	0.5	TRUE	FALSE	FALSE	FALSE	FALSE	FALSE	des_specific_instable
RvY_16149-1	1	des	0.8511904761904762	0.1488095238095238	0.5	TRUE	FALSE	FALSE	FALSE	FALSE	FALSE	des_specific_instable
RvY_16224	1	des	0.8511904761904762	0.1488095238095238	0.5	TRUE	FALSE	FALSE	FALSE	FALSE	FALSE	des_specific_instable
RvY_16727-1	1	des	0.8511904761904762	0.1488095238095238	0.5	TRUE	FALSE	FALSE	FALSE	FALSE	FALSE	des_specific_instable
RvY_17181-1	1	des	0.8511904761904762	0.1488095238095238	0.5	TRUE	FALSE	FALSE	FALSE	FALSE	FALSE	des_specific_instable
RvY_17184-1	1	des	0.8511904761904762	0.1488095238095238	0.5	TRUE	FALSE	FALSE	FALSE	FALSE	FALSE	des_specific_instable
RvY_17344-1	1	des	0.8511904761904762	0.1488095238095238	0.5	TRUE	FALSE	FALSE	FALSE	FALSE	FALSE	des_specific_instable
RvY_17460-1	1	des	0.8511904761904762	0.1488095238095238	0.5	TRUE	FALSE	FALSE	FALSE	FALSE	FALSE	des_specific_instable
RvY_17836-1	1	des	0.8511904761904762	0.1488095238095238	0.5	TRUE	FALSE	FALSE	FALSE	FALSE	FALSE	des_specific_instable
RvY_18446-1	1	des	0.8511904761904762	0.1488095238095238	0.5	TRUE	FALSE	FALSE	FALSE	FALSE	FALSE	des_specific_instable
RvY_18637-1	1	des	0.8511904761904762	0.1488095238095238	0.5	TRUE	FALSE	FALSE	FALSE	FALSE	FALSE	des_specific_instable
RvY_18756-1	1	des	0.8511904761904762	0.1488095238095238	0.5	TRUE	FALSE	FALSE	FALSE	FALSE	FALSE	des_specific_instable
RvY_18947-1	1	des	0.8511904761904762	0.1488095238095238	0.5	TRUE	FALSE	FALSE	FALSE	FALSE	FALSE	des_specific_instable
RvY_19001-1	1	des	0.8511904761904762	0.1488095238095238	0.5	TRUE	FALSE	FALSE	FALSE	FALSE	FALSE	des_specific_instable
RvY_19074	1	des	0.8511904761904762	0.1488095238095238	0.5	TRUE	FALSE	FALSE	FALSE	FALSE	FALSE	des_specific_instable
RvY_19106-1	1	des	0.8511904761904762	0.1488095238095238	0.5	TRUE	FALSE	FALSE	FALSE	FALSE	FALSE	des_specific_instable
RvY_19214	1	des	0.8511904761904762	0.1488095238095238	0.5	TRUE	FALSE	FALSE	FALSE	FALSE	FALSE	des_specific_instable
RvY_19257	1	des	0.8511904761904762	0.1488095238095238	0.5	TRUE	FALSE	FALSE	FALSE	FALSE	FALSE	des_specific_instable
RvY_19301	1	des	0.8511904761904762	0.1488095238095238	0.5	TRUE	FALSE	FALSE	FALSE	FALSE	FALSE	des_specific_instable
RvY_19367-1	1	des	0.8511904761904762	0.1488095238095238	0.5	TRUE	FALSE	FALSE	FALSE	FALSE	FALSE	des_specific_instable
RvY_02165	1	des	0.8541666666666666	0.14583333333333334	0.5	TRUE	FALSE	FALSE	FALSE	FALSE	FALSE	des_specific_instable
RvY_03377-1	1	des	0.8541666666666666	0.14583333333333334	0.5	TRUE	FALSE	FALSE	FALSE	FALSE	FALSE	des_specific_instable
RvY_04051-1	1	des	0.8541666666666666	0.14583333333333334	0.5	TRUE	FALSE	FALSE	FALSE	FALSE	FALSE	des_specific_instable
RvY_04105-1	1	des	0.8541666666666666	0.14583333333333334	0.5	TRUE	FALSE	FALSE	FALSE	FALSE	FALSE	des_specific_instable
RvY_05320-1	1	des	0.8541666666666666	0.14583333333333334	0.5	TRUE	FALSE	FALSE	FALSE	FALSE	FALSE	des_specific_instable
RvY_05779-1	1	des	0.8541666666666666	0.14583333333333334	0.5	TRUE	FALSE	FALSE	FALSE	FALSE	FALSE	des_specific_instable
RvY_07809-1	1	des	0.8541666666666666	0.14583333333333334	0.5	TRUE	FALSE	FALSE	FALSE	FALSE	FALSE	des_specific_instable
RvY_07993-1	1	des	0.8541666666666666	0.14583333333333334	0.5	TRUE	FALSE	FALSE	FALSE	FALSE	FALSE	des_specific_instable
RvY_08724	1	des	0.8541666666666666	0.14583333333333334	0.5	TRUE	FALSE	FALSE	FALSE	FALSE	FALSE	des_specific_instable
RvY_09639	1	des	0.8541666666666666	0.14583333333333334	0.5	TRUE	FALSE	FALSE	FALSE	FALSE	FALSE	des_specific_instable
RvY_10836	1	des	0.8541666666666666	0.14583333333333334	0.5	TRUE	FALSE	FALSE	FALSE	FALSE	FALSE	des_specific_instable
RvY_11031-1	1	des	0.8541666666666666	0.14583333333333334	0.5	TRUE	FALSE	FALSE	FALSE	FALSE	FALSE	des_specific_instable
RvY_11464-1	1	des	0.8541666666666666	0.14583333333333334	0.5	TRUE	FALSE	FALSE	FALSE	FALSE	FALSE	des_specific_instable
RvY_11867-1	1	des	0.8541666666666666	0.14583333333333334	0.5	TRUE	FALSE	FALSE	FALSE	FALSE	FALSE	des_specific_instable
RvY_11909-1	1	des	0.8541666666666666	0.14583333333333334	0.5	TRUE	FALSE	FALSE	FALSE	FALSE	FALSE	des_specific_instable
RvY_12959-1	1	des	0.8541666666666666	0.14583333333333334	0.5	TRUE	FALSE	FALSE	FALSE	FALSE	FALSE	des_specific_instable
RvY_12983-1	1	des	0.8541666666666666	0.14583333333333334	0.5	TRUE	FALSE	FALSE	FALSE	FALSE	FALSE	des_specific_instable
RvY_14594-1	1	des	0.8541666666666666	0.14583333333333334	0.5	TRUE	FALSE	FALSE	FALSE	FALSE	FALSE	des_specific_instable
RvY_14766-1	1	des	0.8541666666666666	0.14583333333333334	0.5	TRUE	FALSE	FALSE	FALSE	FALSE	FALSE	des_specific_instable
RvY_14990-1	1	des	0.8541666666666666	0.14583333333333334	0.5	TRUE	FALSE	FALSE	FALSE	FALSE	FALSE	des_specific_instable
RvY_17616-1	1	des	0.8541666666666666	0.14583333333333334	0.5	TRUE	FALSE	FALSE	FALSE	FALSE	FALSE	des_specific_instable
RvY_18881-1	1	des	0.8541666666666666	0.14583333333333334	0.5	TRUE	FALSE	FALSE	FALSE	FALSE	FALSE	des_specific_instable
RvY_00140-1	1	des	0.8571428571428572	0.14285714285714285	0.5	TRUE	FALSE	FALSE	FALSE	FALSE	FALSE	des_specific_instable
RvY_00193-1	1	des	0.8571428571428572	0.14285714285714285	0.5	TRUE	FALSE	FALSE	FALSE	FALSE	FALSE	des_specific_instable
RvY_00250	1	des	0.8571428571428572	0.14285714285714285	0.5	TRUE	FALSE	FALSE	FALSE	FALSE	FALSE	des_specific_instable
RvY_00333-1	1	des	0.8571428571428572	0.14285714285714285	0.5	TRUE	FALSE	FALSE	FALSE	FALSE	FALSE	des_specific_instable
RvY_00352	1	des	0.8571428571428572	0.14285714285714285	0.5	TRUE	FALSE	FALSE	FALSE	FALSE	FALSE	des_specific_instable
RvY_00430	1	des	0.8571428571428572	0.14285714285714285	0.5	TRUE	FALSE	FALSE	FALSE	FALSE	FALSE	des_specific_instable
RvY_00566-1	1	des	0.8571428571428572	0.14285714285714285	0.5	TRUE	FALSE	FALSE	FALSE	FALSE	FALSE	des_specific_instable
RvY_00687-1	1	des	0.8571428571428572	0.14285714285714285	0.5	TRUE	FALSE	FALSE	FALSE	FALSE	FALSE	des_specific_instable
RvY_00695-1	1	des	0.8571428571428572	0.14285714285714285	0.5	TRUE	FALSE	FALSE	FALSE	FALSE	FALSE	des_specific_instable
RvY_00723	1	des	0.8571428571428572	0.14285714285714285	0.5	TRUE	FALSE	FALSE	FALSE	FALSE	FALSE	des_specific_instable
RvY_00760-1	1	des	0.8571428571428572	0.14285714285714285	0.5	TRUE	FALSE	FALSE	FALSE	FALSE	FALSE	des_specific_instable
RvY_00801	1	des	0.8571428571428572	0.14285714285714285	0.5	TRUE	FALSE	FALSE	FALSE	FALSE	FALSE	des_specific_instable
RvY_00804-1	1	des	0.8571428571428572	0.14285714285714285	0.5	TRUE	FALSE	FALSE	FALSE	FALSE	FALSE	des_specific_instable
RvY_00909-1	1	des	0.8571428571428572	0.14285714285714285	0.5	TRUE	FALSE	FALSE	FALSE	FALSE	FALSE	des_specific_instable
RvY_00934-1	1	des	0.8571428571428572	0.14285714285714285	0.5	TRUE	FALSE	FALSE	FALSE	FALSE	FALSE	des_specific_instable
RvY_00993-1	1	des	0.8571428571428572	0.14285714285714285	0.5	TRUE	FALSE	FALSE	FALSE	FALSE	FALSE	des_specific_instable
RvY_01109-1	1	des	0.8571428571428572	0.14285714285714285	0.5	TRUE	FALSE	FALSE	FALSE	FALSE	FALSE	des_specific_instable
RvY_01178	1	des	0.8571428571428572	0.14285714285714285	0.5	TRUE	FALSE	FALSE	FALSE	FALSE	FALSE	des_specific_instable
RvY_01186-1	1	des	0.8571428571428572	0.14285714285714285	0.5	TRUE	FALSE	FALSE	FALSE	FALSE	FALSE	des_specific_instable
RvY_01210-1	1	des	0.8571428571428572	0.14285714285714285	0.5	TRUE	FALSE	FALSE	FALSE	FALSE	FALSE	des_specific_instable
RvY_01211	1	des	0.8571428571428572	0.14285714285714285	0.5	TRUE	FALSE	FALSE	FALSE	FALSE	FALSE	des_specific_instable
RvY_01246-1	1	des	0.8571428571428572	0.14285714285714285	0.5	TRUE	FALSE	FALSE	FALSE	FALSE	FALSE	des_specific_instable
RvY_01300-1	1	des	0.8571428571428572	0.14285714285714285	0.5	TRUE	FALSE	FALSE	FALSE	FALSE	FALSE	des_specific_instable
RvY_01402-1	1	des	0.8571428571428572	0.14285714285714285	0.5	TRUE	FALSE	FALSE	FALSE	FALSE	FALSE	des_specific_instable
RvY_01407-4	1	des	0.8571428571428572	0.14285714285714285	0.5	TRUE	FALSE	FALSE	FALSE	FALSE	FALSE	des_specific_instable
RvY_01505-1	1	des	0.8571428571428572	0.14285714285714285	0.5	TRUE	FALSE	FALSE	FALSE	FALSE	FALSE	des_specific_instable
RvY_01524-1	1	des	0.8571428571428572	0.14285714285714285	0.5	TRUE	FALSE	FALSE	FALSE	FALSE	FALSE	des_specific_instable
RvY_01539-1	1	des	0.8571428571428572	0.14285714285714285	0.5	TRUE	FALSE	FALSE	FALSE	FALSE	FALSE	des_specific_instable
RvY_02076	1	des	0.8571428571428572	0.14285714285714285	0.5	TRUE	FALSE	FALSE	FALSE	FALSE	FALSE	des_specific_instable
RvY_02171-1	1	des	0.8571428571428572	0.14285714285714285	0.5	TRUE	FALSE	FALSE	FALSE	FALSE	FALSE	des_specific_instable
RvY_02209-1	1	des	0.8571428571428572	0.14285714285714285	0.5	TRUE	FALSE	FALSE	FALSE	FALSE	FALSE	des_specific_instable
RvY_02466-1	1	des	0.8571428571428572	0.14285714285714285	0.5	TRUE	FALSE	FALSE	FALSE	FALSE	FALSE	des_specific_instable
RvY_02467-1	1	des	0.8571428571428572	0.14285714285714285	0.5	TRUE	FALSE	FALSE	FALSE	FALSE	FALSE	des_specific_instable
RvY_02502-1	1	des	0.8571428571428572	0.14285714285714285	0.5	TRUE	FALSE	FALSE	FALSE	FALSE	FALSE	des_specific_instable
RvY_02527-1	1	des	0.8571428571428572	0.14285714285714285	0.5	TRUE	FALSE	FALSE	FALSE	FALSE	FALSE	des_specific_instable
RvY_02678-1	1	des	0.8571428571428572	0.14285714285714285	0.5	TRUE	FALSE	FALSE	FALSE	FALSE	FALSE	des_specific_instable
RvY_02684-1	1	des	0.8571428571428572	0.14285714285714285	0.5	TRUE	FALSE	FALSE	FALSE	FALSE	FALSE	des_specific_instable
RvY_02734	1	des	0.8571428571428572	0.14285714285714285	0.5	TRUE	FALSE	FALSE	FALSE	FALSE	FALSE	des_specific_instable
RvY_02794-1	1	des	0.8571428571428572	0.14285714285714285	0.5	TRUE	FALSE	FALSE	FALSE	FALSE	FALSE	des_specific_instable
RvY_02798-1	1	des	0.8571428571428572	0.14285714285714285	0.5	TRUE	FALSE	FALSE	FALSE	FALSE	FALSE	des_specific_instable
RvY_02876	1	des	0.8571428571428572	0.14285714285714285	0.5	TRUE	FALSE	FALSE	FALSE	FALSE	FALSE	des_specific_instable
RvY_02879-1	1	des	0.8571428571428572	0.14285714285714285	0.5	TRUE	FALSE	FALSE	FALSE	FALSE	FALSE	des_specific_instable
RvY_02881	1	des	0.8571428571428572	0.14285714285714285	0.5	TRUE	FALSE	FALSE	FALSE	FALSE	FALSE	des_specific_instable
RvY_02889-1	1	des	0.8571428571428572	0.14285714285714285	0.5	TRUE	FALSE	FALSE	FALSE	FALSE	FALSE	des_specific_instable
RvY_02893-1	1	des	0.8571428571428572	0.14285714285714285	0.5	TRUE	FALSE	FALSE	FALSE	FALSE	FALSE	des_specific_instable
RvY_02983-1	1	des	0.8571428571428572	0.14285714285714285	0.5	TRUE	FALSE	FALSE	FALSE	FALSE	FALSE	des_specific_instable
RvY_03018	1	des	0.8571428571428572	0.14285714285714285	0.5	TRUE	FALSE	FALSE	FALSE	FALSE	FALSE	des_specific_instable
RvY_03150-1	1	des	0.8571428571428572	0.14285714285714285	0.5	TRUE	FALSE	FALSE	FALSE	FALSE	FALSE	des_specific_instable
RvY_03153	1	des	0.8571428571428572	0.14285714285714285	0.5	TRUE	FALSE	FALSE	FALSE	FALSE	FALSE	des_specific_instable
RvY_03199-1	1	des	0.8571428571428572	0.14285714285714285	0.5	TRUE	FALSE	FALSE	FALSE	FALSE	FALSE	des_specific_instable
RvY_03267-1	1	des	0.8571428571428572	0.14285714285714285	0.5	TRUE	FALSE	FALSE	FALSE	FALSE	FALSE	des_specific_instable
RvY_03275-1	1	des	0.8571428571428572	0.14285714285714285	0.5	TRUE	FALSE	FALSE	FALSE	FALSE	FALSE	des_specific_instable
RvY_03485-1	1	des	0.8571428571428572	0.14285714285714285	0.5	TRUE	FALSE	FALSE	FALSE	FALSE	FALSE	des_specific_instable
RvY_03595-1	1	des	0.8571428571428572	0.14285714285714285	0.5	TRUE	FALSE	FALSE	FALSE	FALSE	FALSE	des_specific_instable
RvY_03748-1	1	des	0.8571428571428572	0.14285714285714285	0.5	TRUE	FALSE	FALSE	FALSE	FALSE	FALSE	des_specific_instable
RvY_03946-1	1	des	0.8571428571428572	0.14285714285714285	0.5	TRUE	FALSE	FALSE	FALSE	FALSE	FALSE	des_specific_instable
RvY_04002-1	1	des	0.8571428571428572	0.14285714285714285	0.5	TRUE	FALSE	FALSE	FALSE	FALSE	FALSE	des_specific_instable
RvY_04119-1	1	des	0.8571428571428572	0.14285714285714285	0.5	TRUE	FALSE	FALSE	FALSE	FALSE	FALSE	des_specific_instable
RvY_04194-1	1	des	0.8571428571428572	0.14285714285714285	0.5	TRUE	FALSE	FALSE	FALSE	FALSE	FALSE	des_specific_instable
RvY_04402	1	des	0.8571428571428572	0.14285714285714285	0.5	TRUE	FALSE	FALSE	FALSE	FALSE	FALSE	des_specific_instable
RvY_04515-1	1	des	0.8571428571428572	0.14285714285714285	0.5	TRUE	FALSE	FALSE	FALSE	FALSE	FALSE	des_specific_instable
RvY_04624-1	1	des	0.8571428571428572	0.14285714285714285	0.5	TRUE	FALSE	FALSE	FALSE	FALSE	FALSE	des_specific_instable
RvY_04684-1	1	des	0.8571428571428572	0.14285714285714285	0.5	TRUE	FALSE	FALSE	FALSE	FALSE	FALSE	des_specific_instable
RvY_04733-1	1	des	0.8571428571428572	0.14285714285714285	0.5	TRUE	FALSE	FALSE	FALSE	FALSE	FALSE	des_specific_instable
RvY_04780-1	1	des	0.8571428571428572	0.14285714285714285	0.5	TRUE	FALSE	FALSE	FALSE	FALSE	FALSE	des_specific_instable
RvY_04802-1	1	des	0.8571428571428572	0.14285714285714285	0.5	TRUE	FALSE	FALSE	FALSE	FALSE	FALSE	des_specific_instable
RvY_04805	1	des	0.8571428571428572	0.14285714285714285	0.5	TRUE	FALSE	FALSE	FALSE	FALSE	FALSE	des_specific_instable
RvY_04827-1	1	des	0.8571428571428572	0.14285714285714285	0.5	TRUE	FALSE	FALSE	FALSE	FALSE	FALSE	des_specific_instable
RvY_04869-1	1	des	0.8571428571428572	0.14285714285714285	0.5	TRUE	FALSE	FALSE	FALSE	FALSE	FALSE	des_specific_instable
RvY_04963-1	1	des	0.8571428571428572	0.14285714285714285	0.5	TRUE	FALSE	FALSE	FALSE	FALSE	FALSE	des_specific_instable
RvY_05106-1	1	des	0.8571428571428572	0.14285714285714285	0.5	TRUE	FALSE	FALSE	FALSE	FALSE	FALSE	des_specific_instable
RvY_05125-1	1	des	0.8571428571428572	0.14285714285714285	0.5	TRUE	FALSE	FALSE	FALSE	FALSE	FALSE	des_specific_instable
RvY_05205-1	1	des	0.8571428571428572	0.14285714285714285	0.5	TRUE	FALSE	FALSE	FALSE	FALSE	FALSE	des_specific_instable
RvY_05285-1	1	des	0.8571428571428572	0.14285714285714285	0.5	TRUE	FALSE	FALSE	FALSE	FALSE	FALSE	des_specific_instable
RvY_05354-1	1	des	0.8571428571428572	0.14285714285714285	0.5	TRUE	FALSE	FALSE	FALSE	FALSE	FALSE	des_specific_instable
RvY_05364	1	des	0.8571428571428572	0.14285714285714285	0.5	TRUE	FALSE	FALSE	FALSE	FALSE	FALSE	des_specific_instable
RvY_05379	1	des	0.8571428571428572	0.14285714285714285	0.5	TRUE	FALSE	FALSE	FALSE	FALSE	FALSE	des_specific_instable
RvY_05462-1	1	des	0.8571428571428572	0.14285714285714285	0.5	TRUE	FALSE	FALSE	FALSE	FALSE	FALSE	des_specific_instable
RvY_05676	1	des	0.8571428571428572	0.14285714285714285	0.5	TRUE	FALSE	FALSE	FALSE	FALSE	FALSE	des_specific_instable
RvY_05694-1	1	des	0.8571428571428572	0.14285714285714285	0.5	TRUE	FALSE	FALSE	FALSE	FALSE	FALSE	des_specific_instable
RvY_05725-1	1	des	0.8571428571428572	0.14285714285714285	0.5	TRUE	FALSE	FALSE	FALSE	FALSE	FALSE	des_specific_instable
RvY_05738-1	1	des	0.8571428571428572	0.14285714285714285	0.5	TRUE	FALSE	FALSE	FALSE	FALSE	FALSE	des_specific_instable
RvY_05760-1	1	des	0.8571428571428572	0.14285714285714285	0.5	TRUE	FALSE	FALSE	FALSE	FALSE	FALSE	des_specific_instable
RvY_05815-1	1	des	0.8571428571428572	0.14285714285714285	0.5	TRUE	FALSE	FALSE	FALSE	FALSE	FALSE	des_specific_instable
RvY_05847-1	1	des	0.8571428571428572	0.14285714285714285	0.5	TRUE	FALSE	FALSE	FALSE	FALSE	FALSE	des_specific_instable
RvY_05916-1	1	des	0.8571428571428572	0.14285714285714285	0.5	TRUE	FALSE	FALSE	FALSE	FALSE	FALSE	des_specific_instable
RvY_05954-1	1	des	0.8571428571428572	0.14285714285714285	0.5	TRUE	FALSE	FALSE	FALSE	FALSE	FALSE	des_specific_instable
RvY_05976-1	1	des	0.8571428571428572	0.14285714285714285	0.5	TRUE	FALSE	FALSE	FALSE	FALSE	FALSE	des_specific_instable
RvY_06023	1	des	0.8571428571428572	0.14285714285714285	0.5	TRUE	FALSE	FALSE	FALSE	FALSE	FALSE	des_specific_instable
RvY_06041-1	1	des	0.8571428571428572	0.14285714285714285	0.5	TRUE	FALSE	FALSE	FALSE	FALSE	FALSE	des_specific_instable
RvY_06164-1	1	des	0.8571428571428572	0.14285714285714285	0.5	TRUE	FALSE	FALSE	FALSE	FALSE	FALSE	des_specific_instable
RvY_06165	1	des	0.8571428571428572	0.14285714285714285	0.5	TRUE	FALSE	FALSE	FALSE	FALSE	FALSE	des_specific_instable
RvY_06267-1	1	des	0.8571428571428572	0.14285714285714285	0.5	TRUE	FALSE	FALSE	FALSE	FALSE	FALSE	des_specific_instable
RvY_06312-1	1	des	0.8571428571428572	0.14285714285714285	0.5	TRUE	FALSE	FALSE	FALSE	FALSE	FALSE	des_specific_instable
RvY_06359-1	1	des	0.8571428571428572	0.14285714285714285	0.5	TRUE	FALSE	FALSE	FALSE	FALSE	FALSE	des_specific_instable
RvY_06378-1	1	des	0.8571428571428572	0.14285714285714285	0.5	TRUE	FALSE	FALSE	FALSE	FALSE	FALSE	des_specific_instable
RvY_06529-1	1	des	0.8571428571428572	0.14285714285714285	0.5	TRUE	FALSE	FALSE	FALSE	FALSE	FALSE	des_specific_instable
RvY_06539	1	des	0.8571428571428572	0.14285714285714285	0.5	TRUE	FALSE	FALSE	FALSE	FALSE	FALSE	des_specific_instable
RvY_06662-1	1	des	0.8571428571428572	0.14285714285714285	0.5	TRUE	FALSE	FALSE	FALSE	FALSE	FALSE	des_specific_instable
RvY_06726	1	des	0.8571428571428572	0.14285714285714285	0.5	TRUE	FALSE	FALSE	FALSE	FALSE	FALSE	des_specific_instable
RvY_06958-1	1	des	0.8571428571428572	0.14285714285714285	0.5	TRUE	FALSE	FALSE	FALSE	FALSE	FALSE	des_specific_instable
RvY_06969-1	1	des	0.8571428571428572	0.14285714285714285	0.5	TRUE	FALSE	FALSE	FALSE	FALSE	FALSE	des_specific_instable
RvY_07183	1	des	0.8571428571428572	0.14285714285714285	0.5	TRUE	FALSE	FALSE	FALSE	FALSE	FALSE	des_specific_instable
RvY_07223-1	1	des	0.8571428571428572	0.14285714285714285	0.5	TRUE	FALSE	FALSE	FALSE	FALSE	FALSE	des_specific_instable
RvY_07236-1	1	des	0.8571428571428572	0.14285714285714285	0.5	TRUE	FALSE	FALSE	FALSE	FALSE	FALSE	des_specific_instable
RvY_07338-1	1	des	0.8571428571428572	0.14285714285714285	0.5	TRUE	FALSE	FALSE	FALSE	FALSE	FALSE	des_specific_instable
RvY_07413	1	des	0.8571428571428572	0.14285714285714285	0.5	TRUE	FALSE	FALSE	FALSE	FALSE	FALSE	des_specific_instable
RvY_07507	1	des	0.8571428571428572	0.14285714285714285	0.5	TRUE	FALSE	FALSE	FALSE	FALSE	FALSE	des_specific_instable
RvY_07575-1	1	des	0.8571428571428572	0.14285714285714285	0.5	TRUE	FALSE	FALSE	FALSE	FALSE	FALSE	des_specific_instable
RvY_07828-1	1	des	0.8571428571428572	0.14285714285714285	0.5	TRUE	FALSE	FALSE	FALSE	FALSE	FALSE	des_specific_instable
RvY_07874-1	1	des	0.8571428571428572	0.14285714285714285	0.5	TRUE	FALSE	FALSE	FALSE	FALSE	FALSE	des_specific_instable
RvY_07903-1	1	des	0.8571428571428572	0.14285714285714285	0.5	TRUE	FALSE	FALSE	FALSE	FALSE	FALSE	des_specific_instable
RvY_07931-1	1	des	0.8571428571428572	0.14285714285714285	0.5	TRUE	FALSE	FALSE	FALSE	FALSE	FALSE	des_specific_instable
RvY_07975-1	1	des	0.8571428571428572	0.14285714285714285	0.5	TRUE	FALSE	FALSE	FALSE	FALSE	FALSE	des_specific_instable
RvY_07979-1	1	des	0.8571428571428572	0.14285714285714285	0.5	TRUE	FALSE	FALSE	FALSE	FALSE	FALSE	des_specific_instable
RvY_07998	1	des	0.8571428571428572	0.14285714285714285	0.5	TRUE	FALSE	FALSE	FALSE	FALSE	FALSE	des_specific_instable
RvY_08064-1	1	des	0.8571428571428572	0.14285714285714285	0.5	TRUE	FALSE	FALSE	FALSE	FALSE	FALSE	des_specific_instable
RvY_08108-1	1	des	0.8571428571428572	0.14285714285714285	0.5	TRUE	FALSE	FALSE	FALSE	FALSE	FALSE	des_specific_instable
RvY_08373-1	1	des	0.8571428571428572	0.14285714285714285	0.5	TRUE	FALSE	FALSE	FALSE	FALSE	FALSE	des_specific_instable
RvY_08422-1	1	des	0.8571428571428572	0.14285714285714285	0.5	TRUE	FALSE	FALSE	FALSE	FALSE	FALSE	des_specific_instable
RvY_08436-1	1	des	0.8571428571428572	0.14285714285714285	0.5	TRUE	FALSE	FALSE	FALSE	FALSE	FALSE	des_specific_instable
RvY_08715-1	1	des	0.8571428571428572	0.14285714285714285	0.5	TRUE	FALSE	FALSE	FALSE	FALSE	FALSE	des_specific_instable
RvY_08746-1	1	des	0.8571428571428572	0.14285714285714285	0.5	TRUE	FALSE	FALSE	FALSE	FALSE	FALSE	des_specific_instable
RvY_08826-1	1	des	0.8571428571428572	0.14285714285714285	0.5	TRUE	FALSE	FALSE	FALSE	FALSE	FALSE	des_specific_instable
RvY_08918-1	1	des	0.8571428571428572	0.14285714285714285	0.5	TRUE	FALSE	FALSE	FALSE	FALSE	FALSE	des_specific_instable
RvY_08960-1	1	des	0.8571428571428572	0.14285714285714285	0.5	TRUE	FALSE	FALSE	FALSE	FALSE	FALSE	des_specific_instable
RvY_08961-1	1	des	0.8571428571428572	0.14285714285714285	0.5	TRUE	FALSE	FALSE	FALSE	FALSE	FALSE	des_specific_instable
RvY_08991-1	1	des	0.8571428571428572	0.14285714285714285	0.5	TRUE	FALSE	FALSE	FALSE	FALSE	FALSE	des_specific_instable
RvY_09140-1	1	des	0.8571428571428572	0.14285714285714285	0.5	TRUE	FALSE	FALSE	FALSE	FALSE	FALSE	des_specific_instable
RvY_09167-1	1	des	0.8571428571428572	0.14285714285714285	0.5	TRUE	FALSE	FALSE	FALSE	FALSE	FALSE	des_specific_instable
RvY_09195	1	des	0.8571428571428572	0.14285714285714285	0.5	TRUE	FALSE	FALSE	FALSE	FALSE	FALSE	des_specific_instable
RvY_09217-1	1	des	0.8571428571428572	0.14285714285714285	0.5	TRUE	FALSE	FALSE	FALSE	FALSE	FALSE	des_specific_instable
RvY_09303-1	1	des	0.8571428571428572	0.14285714285714285	0.5	TRUE	FALSE	FALSE	FALSE	FALSE	FALSE	des_specific_instable
RvY_09378-1	1	des	0.8571428571428572	0.14285714285714285	0.5	TRUE	FALSE	FALSE	FALSE	FALSE	FALSE	des_specific_instable
RvY_09410-1	1	des	0.8571428571428572	0.14285714285714285	0.5	TRUE	FALSE	FALSE	FALSE	FALSE	FALSE	des_specific_instable
RvY_09444-1	1	des	0.8571428571428572	0.14285714285714285	0.5	TRUE	FALSE	FALSE	FALSE	FALSE	FALSE	des_specific_instable
RvY_09466-1	1	des	0.8571428571428572	0.14285714285714285	0.5	TRUE	FALSE	FALSE	FALSE	FALSE	FALSE	des_specific_instable
RvY_09510-1	1	des	0.8571428571428572	0.14285714285714285	0.5	TRUE	FALSE	FALSE	FALSE	FALSE	FALSE	des_specific_instable
RvY_09733-1	1	des	0.8571428571428572	0.14285714285714285	0.5	TRUE	FALSE	FALSE	FALSE	FALSE	FALSE	des_specific_instable
RvY_09759-1	1	des	0.8571428571428572	0.14285714285714285	0.5	TRUE	FALSE	FALSE	FALSE	FALSE	FALSE	des_specific_instable
RvY_09854-1	1	des	0.8571428571428572	0.14285714285714285	0.5	TRUE	FALSE	FALSE	FALSE	FALSE	FALSE	des_specific_instable
RvY_09867	1	des	0.8571428571428572	0.14285714285714285	0.5	TRUE	FALSE	FALSE	FALSE	FALSE	FALSE	des_specific_instable
RvY_09896-1	1	des	0.8571428571428572	0.14285714285714285	0.5	TRUE	FALSE	FALSE	FALSE	FALSE	FALSE	des_specific_instable
RvY_09957-1	1	des	0.8571428571428572	0.14285714285714285	0.5	TRUE	FALSE	FALSE	FALSE	FALSE	FALSE	des_specific_instable
RvY_10075-1	1	des	0.8571428571428572	0.14285714285714285	0.5	TRUE	FALSE	FALSE	FALSE	FALSE	FALSE	des_specific_instable
RvY_10233-1	1	des	0.8571428571428572	0.14285714285714285	0.5	TRUE	FALSE	FALSE	FALSE	FALSE	FALSE	des_specific_instable
RvY_10307-1	1	des	0.8571428571428572	0.14285714285714285	0.5	TRUE	FALSE	FALSE	FALSE	FALSE	FALSE	des_specific_instable
RvY_10357-1	1	des	0.8571428571428572	0.14285714285714285	0.5	TRUE	FALSE	FALSE	FALSE	FALSE	FALSE	des_specific_instable
RvY_10398-1	1	des	0.8571428571428572	0.14285714285714285	0.5	TRUE	FALSE	FALSE	FALSE	FALSE	FALSE	des_specific_instable
RvY_10556	1	des	0.8571428571428572	0.14285714285714285	0.5	TRUE	FALSE	FALSE	FALSE	FALSE	FALSE	des_specific_instable
RvY_10636-1	1	des	0.8571428571428572	0.14285714285714285	0.5	TRUE	FALSE	FALSE	FALSE	FALSE	FALSE	des_specific_instable
RvY_10815-1	1	des	0.8571428571428572	0.14285714285714285	0.5	TRUE	FALSE	FALSE	FALSE	FALSE	FALSE	des_specific_instable
RvY_11043-1	1	des	0.8571428571428572	0.14285714285714285	0.5	TRUE	FALSE	FALSE	FALSE	FALSE	FALSE	des_specific_instable
RvY_11156-1	1	des	0.8571428571428572	0.14285714285714285	0.5	TRUE	FALSE	FALSE	FALSE	FALSE	FALSE	des_specific_instable
RvY_11184-1	1	des	0.8571428571428572	0.14285714285714285	0.5	TRUE	FALSE	FALSE	FALSE	FALSE	FALSE	des_specific_instable
RvY_11199-1	1	des	0.8571428571428572	0.14285714285714285	0.5	TRUE	FALSE	FALSE	FALSE	FALSE	FALSE	des_specific_instable
RvY_11240-1	1	des	0.8571428571428572	0.14285714285714285	0.5	TRUE	FALSE	FALSE	FALSE	FALSE	FALSE	des_specific_instable
RvY_11304-1	1	des	0.8571428571428572	0.14285714285714285	0.5	TRUE	FALSE	FALSE	FALSE	FALSE	FALSE	des_specific_instable
RvY_11314-1	1	des	0.8571428571428572	0.14285714285714285	0.5	TRUE	FALSE	FALSE	FALSE	FALSE	FALSE	des_specific_instable
RvY_11419-1	1	des	0.8571428571428572	0.14285714285714285	0.5	TRUE	FALSE	FALSE	FALSE	FALSE	FALSE	des_specific_instable
RvY_11602-1	1	des	0.8571428571428572	0.14285714285714285	0.5	TRUE	FALSE	FALSE	FALSE	FALSE	FALSE	des_specific_instable
RvY_11616	1	des	0.8571428571428572	0.14285714285714285	0.5	TRUE	FALSE	FALSE	FALSE	FALSE	FALSE	des_specific_instable
RvY_11627-1	1	des	0.8571428571428572	0.14285714285714285	0.5	TRUE	FALSE	FALSE	FALSE	FALSE	FALSE	des_specific_instable
RvY_11632	1	des	0.8571428571428572	0.14285714285714285	0.5	TRUE	FALSE	FALSE	FALSE	FALSE	FALSE	des_specific_instable
RvY_11680-1	1	des	0.8571428571428572	0.14285714285714285	0.5	TRUE	FALSE	FALSE	FALSE	FALSE	FALSE	des_specific_instable
RvY_11698-1	1	des	0.8571428571428572	0.14285714285714285	0.5	TRUE	FALSE	FALSE	FALSE	FALSE	FALSE	des_specific_instable
RvY_11845-1	1	des	0.8571428571428572	0.14285714285714285	0.5	TRUE	FALSE	FALSE	FALSE	FALSE	FALSE	des_specific_instable
RvY_11912-1	1	des	0.8571428571428572	0.14285714285714285	0.5	TRUE	FALSE	FALSE	FALSE	FALSE	FALSE	des_specific_instable
RvY_12007-1	1	des	0.8571428571428572	0.14285714285714285	0.5	TRUE	FALSE	FALSE	FALSE	FALSE	FALSE	des_specific_instable
RvY_12008	1	des	0.8571428571428572	0.14285714285714285	0.5	TRUE	FALSE	FALSE	FALSE	FALSE	FALSE	des_specific_instable
RvY_12071	1	des	0.8571428571428572	0.14285714285714285	0.5	TRUE	FALSE	FALSE	FALSE	FALSE	FALSE	des_specific_instable
RvY_12172-1	1	des	0.8571428571428572	0.14285714285714285	0.5	TRUE	FALSE	FALSE	FALSE	FALSE	FALSE	des_specific_instable
RvY_12200-1	1	des	0.8571428571428572	0.14285714285714285	0.5	TRUE	FALSE	FALSE	FALSE	FALSE	FALSE	des_specific_instable
RvY_12280-1	1	des	0.8571428571428572	0.14285714285714285	0.5	TRUE	FALSE	FALSE	FALSE	FALSE	FALSE	des_specific_instable
RvY_12292-1	1	des	0.8571428571428572	0.14285714285714285	0.5	TRUE	FALSE	FALSE	FALSE	FALSE	FALSE	des_specific_instable
RvY_12336-1	1	des	0.8571428571428572	0.14285714285714285	0.5	TRUE	FALSE	FALSE	FALSE	FALSE	FALSE	des_specific_instable
RvY_12346	1	des	0.8571428571428572	0.14285714285714285	0.5	TRUE	FALSE	FALSE	FALSE	FALSE	FALSE	des_specific_instable
RvY_12375-1	1	des	0.8571428571428572	0.14285714285714285	0.5	TRUE	FALSE	FALSE	FALSE	FALSE	FALSE	des_specific_instable
RvY_12389-1	1	des	0.8571428571428572	0.14285714285714285	0.5	TRUE	FALSE	FALSE	FALSE	FALSE	FALSE	des_specific_instable
RvY_12434-1	1	des	0.8571428571428572	0.14285714285714285	0.5	TRUE	FALSE	FALSE	FALSE	FALSE	FALSE	des_specific_instable
RvY_12487-1	1	des	0.8571428571428572	0.14285714285714285	0.5	TRUE	FALSE	FALSE	FALSE	FALSE	FALSE	des_specific_instable
RvY_12503-1	1	des	0.8571428571428572	0.14285714285714285	0.5	TRUE	FALSE	FALSE	FALSE	FALSE	FALSE	des_specific_instable
RvY_12566-1	1	des	0.8571428571428572	0.14285714285714285	0.5	TRUE	FALSE	FALSE	FALSE	FALSE	FALSE	des_specific_instable
RvY_12690-1	1	des	0.8571428571428572	0.14285714285714285	0.5	TRUE	FALSE	FALSE	FALSE	FALSE	FALSE	des_specific_instable
RvY_12698	1	des	0.8571428571428572	0.14285714285714285	0.5	TRUE	FALSE	FALSE	FALSE	FALSE	FALSE	des_specific_instable
RvY_12732-1	1	des	0.8571428571428572	0.14285714285714285	0.5	TRUE	FALSE	FALSE	FALSE	FALSE	FALSE	des_specific_instable
RvY_12752-1	1	des	0.8571428571428572	0.14285714285714285	0.5	TRUE	FALSE	FALSE	FALSE	FALSE	FALSE	des_specific_instable
RvY_12792-1	1	des	0.8571428571428572	0.14285714285714285	0.5	TRUE	FALSE	FALSE	FALSE	FALSE	FALSE	des_specific_instable
RvY_12812-1	1	des	0.8571428571428572	0.14285714285714285	0.5	TRUE	FALSE	FALSE	FALSE	FALSE	FALSE	des_specific_instable
RvY_12818	1	des	0.8571428571428572	0.14285714285714285	0.5	TRUE	FALSE	FALSE	FALSE	FALSE	FALSE	des_specific_instable
RvY_12825-1	1	des	0.8571428571428572	0.14285714285714285	0.5	TRUE	FALSE	FALSE	FALSE	FALSE	FALSE	des_specific_instable
RvY_12904-1	1	des	0.8571428571428572	0.14285714285714285	0.5	TRUE	FALSE	FALSE	FALSE	FALSE	FALSE	des_specific_instable
RvY_12938-1	1	des	0.8571428571428572	0.14285714285714285	0.5	TRUE	FALSE	FALSE	FALSE	FALSE	FALSE	des_specific_instable
RvY_12967-1	1	des	0.8571428571428572	0.14285714285714285	0.5	TRUE	FALSE	FALSE	FALSE	FALSE	FALSE	des_specific_instable
RvY_13030	1	des	0.8571428571428572	0.14285714285714285	0.5	TRUE	FALSE	FALSE	FALSE	FALSE	FALSE	des_specific_instable
RvY_13079-1	1	des	0.8571428571428572	0.14285714285714285	0.5	TRUE	FALSE	FALSE	FALSE	FALSE	FALSE	des_specific_instable
RvY_13169-1	1	des	0.8571428571428572	0.14285714285714285	0.5	TRUE	FALSE	FALSE	FALSE	FALSE	FALSE	des_specific_instable
RvY_13184-1	1	des	0.8571428571428572	0.14285714285714285	0.5	TRUE	FALSE	FALSE	FALSE	FALSE	FALSE	des_specific_instable
RvY_13208-1	1	des	0.8571428571428572	0.14285714285714285	0.5	TRUE	FALSE	FALSE	FALSE	FALSE	FALSE	des_specific_instable
RvY_13221-1	1	des	0.8571428571428572	0.14285714285714285	0.5	TRUE	FALSE	FALSE	FALSE	FALSE	FALSE	des_specific_instable
RvY_13277-1	1	des	0.8571428571428572	0.14285714285714285	0.5	TRUE	FALSE	FALSE	FALSE	FALSE	FALSE	des_specific_instable
RvY_13455-1	1	des	0.8571428571428572	0.14285714285714285	0.5	TRUE	FALSE	FALSE	FALSE	FALSE	FALSE	des_specific_instable
RvY_13463	1	des	0.8571428571428572	0.14285714285714285	0.5	TRUE	FALSE	FALSE	FALSE	FALSE	FALSE	des_specific_instable
RvY_13474-1	1	des	0.8571428571428572	0.14285714285714285	0.5	TRUE	FALSE	FALSE	FALSE	FALSE	FALSE	des_specific_instable
RvY_13563-1	1	des	0.8571428571428572	0.14285714285714285	0.5	TRUE	FALSE	FALSE	FALSE	FALSE	FALSE	des_specific_instable
RvY_13636	1	des	0.8571428571428572	0.14285714285714285	0.5	TRUE	FALSE	FALSE	FALSE	FALSE	FALSE	des_specific_instable
RvY_13637-1	1	des	0.8571428571428572	0.14285714285714285	0.5	TRUE	FALSE	FALSE	FALSE	FALSE	FALSE	des_specific_instable
RvY_13892-1	1	des	0.8571428571428572	0.14285714285714285	0.5	TRUE	FALSE	FALSE	FALSE	FALSE	FALSE	des_specific_instable
RvY_13945-1	1	des	0.8571428571428572	0.14285714285714285	0.5	TRUE	FALSE	FALSE	FALSE	FALSE	FALSE	des_specific_instable
RvY_14030-1	1	des	0.8571428571428572	0.14285714285714285	0.5	TRUE	FALSE	FALSE	FALSE	FALSE	FALSE	des_specific_instable
RvY_14049-1	1	des	0.8571428571428572	0.14285714285714285	0.5	TRUE	FALSE	FALSE	FALSE	FALSE	FALSE	des_specific_instable
RvY_14112-1	1	des	0.8571428571428572	0.14285714285714285	0.5	TRUE	FALSE	FALSE	FALSE	FALSE	FALSE	des_specific_instable
RvY_14130-1	1	des	0.8571428571428572	0.14285714285714285	0.5	TRUE	FALSE	FALSE	FALSE	FALSE	FALSE	des_specific_instable
RvY_14239-1	1	des	0.8571428571428572	0.14285714285714285	0.5	TRUE	FALSE	FALSE	FALSE	FALSE	FALSE	des_specific_instable
RvY_14273-1	1	des	0.8571428571428572	0.14285714285714285	0.5	TRUE	FALSE	FALSE	FALSE	FALSE	FALSE	des_specific_instable
RvY_14274-1	1	des	0.8571428571428572	0.14285714285714285	0.5	TRUE	FALSE	FALSE	FALSE	FALSE	FALSE	des_specific_instable
RvY_14289-1	1	des	0.8571428571428572	0.14285714285714285	0.5	TRUE	FALSE	FALSE	FALSE	FALSE	FALSE	des_specific_instable
RvY_14495-1	1	des	0.8571428571428572	0.14285714285714285	0.5	TRUE	FALSE	FALSE	FALSE	FALSE	FALSE	des_specific_instable
RvY_14508-1	1	des	0.8571428571428572	0.14285714285714285	0.5	TRUE	FALSE	FALSE	FALSE	FALSE	FALSE	des_specific_instable
RvY_14511-1	1	des	0.8571428571428572	0.14285714285714285	0.5	TRUE	FALSE	FALSE	FALSE	FALSE	FALSE	des_specific_instable
RvY_14519-1	1	des	0.8571428571428572	0.14285714285714285	0.5	TRUE	FALSE	FALSE	FALSE	FALSE	FALSE	des_specific_instable
RvY_14623-1	1	des	0.8571428571428572	0.14285714285714285	0.5	TRUE	FALSE	FALSE	FALSE	FALSE	FALSE	des_specific_instable
RvY_14628-1	1	des	0.8571428571428572	0.14285714285714285	0.5	TRUE	FALSE	FALSE	FALSE	FALSE	FALSE	des_specific_instable
RvY_14638	1	des	0.8571428571428572	0.14285714285714285	0.5	TRUE	FALSE	FALSE	FALSE	FALSE	FALSE	des_specific_instable
RvY_14857	1	des	0.8571428571428572	0.14285714285714285	0.5	TRUE	FALSE	FALSE	FALSE	FALSE	FALSE	des_specific_instable
RvY_14944-1	1	des	0.8571428571428572	0.14285714285714285	0.5	TRUE	FALSE	FALSE	FALSE	FALSE	FALSE	des_specific_instable
RvY_14973	1	des	0.8571428571428572	0.14285714285714285	0.5	TRUE	FALSE	FALSE	FALSE	FALSE	FALSE	des_specific_instable
RvY_15002-1	1	des	0.8571428571428572	0.14285714285714285	0.5	TRUE	FALSE	FALSE	FALSE	FALSE	FALSE	des_specific_instable
RvY_15077	1	des	0.8571428571428572	0.14285714285714285	0.5	TRUE	FALSE	FALSE	FALSE	FALSE	FALSE	des_specific_instable
RvY_15155-1	1	des	0.8571428571428572	0.14285714285714285	0.5	TRUE	FALSE	FALSE	FALSE	FALSE	FALSE	des_specific_instable
RvY_15260	1	des	0.8571428571428572	0.14285714285714285	0.5	TRUE	FALSE	FALSE	FALSE	FALSE	FALSE	des_specific_instable
RvY_15411-1	1	des	0.8571428571428572	0.14285714285714285	0.5	TRUE	FALSE	FALSE	FALSE	FALSE	FALSE	des_specific_instable
RvY_15623	1	des	0.8571428571428572	0.14285714285714285	0.5	TRUE	FALSE	FALSE	FALSE	FALSE	FALSE	des_specific_instable
RvY_15626-1	1	des	0.8571428571428572	0.14285714285714285	0.5	TRUE	FALSE	FALSE	FALSE	FALSE	FALSE	des_specific_instable
RvY_15637	1	des	0.8571428571428572	0.14285714285714285	0.5	TRUE	FALSE	FALSE	FALSE	FALSE	FALSE	des_specific_instable
RvY_15701	1	des	0.8571428571428572	0.14285714285714285	0.5	TRUE	FALSE	FALSE	FALSE	FALSE	FALSE	des_specific_instable
RvY_15861-1	1	des	0.8571428571428572	0.14285714285714285	0.5	TRUE	FALSE	FALSE	FALSE	FALSE	FALSE	des_specific_instable
RvY_15888-1	1	des	0.8571428571428572	0.14285714285714285	0.5	TRUE	FALSE	FALSE	FALSE	FALSE	FALSE	des_specific_instable
RvY_16003-1	1	des	0.8571428571428572	0.14285714285714285	0.5	TRUE	FALSE	FALSE	FALSE	FALSE	FALSE	des_specific_instable
RvY_16056-1	1	des	0.8571428571428572	0.14285714285714285	0.5	TRUE	FALSE	FALSE	FALSE	FALSE	FALSE	des_specific_instable
RvY_16061-1	1	des	0.8571428571428572	0.14285714285714285	0.5	TRUE	FALSE	FALSE	FALSE	FALSE	FALSE	des_specific_instable
RvY_16067-1	1	des	0.8571428571428572	0.14285714285714285	0.5	TRUE	FALSE	FALSE	FALSE	FALSE	FALSE	des_specific_instable
RvY_16118-1	1	des	0.8571428571428572	0.14285714285714285	0.5	TRUE	FALSE	FALSE	FALSE	FALSE	FALSE	des_specific_instable
RvY_16274-1	1	des	0.8571428571428572	0.14285714285714285	0.5	TRUE	FALSE	FALSE	FALSE	FALSE	FALSE	des_specific_instable
RvY_16455-1	1	des	0.8571428571428572	0.14285714285714285	0.5	TRUE	FALSE	FALSE	FALSE	FALSE	FALSE	des_specific_instable
RvY_16550-1	1	des	0.8571428571428572	0.14285714285714285	0.5	TRUE	FALSE	FALSE	FALSE	FALSE	FALSE	des_specific_instable
RvY_16617	1	des	0.8571428571428572	0.14285714285714285	0.5	TRUE	FALSE	FALSE	FALSE	FALSE	FALSE	des_specific_instable
RvY_16622	1	des	0.8571428571428572	0.14285714285714285	0.5	TRUE	FALSE	FALSE	FALSE	FALSE	FALSE	des_specific_instable
RvY_16724	1	des	0.8571428571428572	0.14285714285714285	0.5	TRUE	FALSE	FALSE	FALSE	FALSE	FALSE	des_specific_instable
RvY_16729-1	1	des	0.8571428571428572	0.14285714285714285	0.5	TRUE	FALSE	FALSE	FALSE	FALSE	FALSE	des_specific_instable
RvY_16829-1	1	des	0.8571428571428572	0.14285714285714285	0.5	TRUE	FALSE	FALSE	FALSE	FALSE	FALSE	des_specific_instable
RvY_16981-1	1	des	0.8571428571428572	0.14285714285714285	0.5	TRUE	FALSE	FALSE	FALSE	FALSE	FALSE	des_specific_instable
RvY_16983-1	1	des	0.8571428571428572	0.14285714285714285	0.5	TRUE	FALSE	FALSE	FALSE	FALSE	FALSE	des_specific_instable
RvY_17066-1	1	des	0.8571428571428572	0.14285714285714285	0.5	TRUE	FALSE	FALSE	FALSE	FALSE	FALSE	des_specific_instable
RvY_17093-1	1	des	0.8571428571428572	0.14285714285714285	0.5	TRUE	FALSE	FALSE	FALSE	FALSE	FALSE	des_specific_instable
RvY_17130-1	1	des	0.8571428571428572	0.14285714285714285	0.5	TRUE	FALSE	FALSE	FALSE	FALSE	FALSE	des_specific_instable
RvY_17151	1	des	0.8571428571428572	0.14285714285714285	0.5	TRUE	FALSE	FALSE	FALSE	FALSE	FALSE	des_specific_instable
RvY_17163	1	des	0.8571428571428572	0.14285714285714285	0.5	TRUE	FALSE	FALSE	FALSE	FALSE	FALSE	des_specific_instable
RvY_17173-1	1	des	0.8571428571428572	0.14285714285714285	0.5	TRUE	FALSE	FALSE	FALSE	FALSE	FALSE	des_specific_instable
RvY_17255	1	des	0.8571428571428572	0.14285714285714285	0.5	TRUE	FALSE	FALSE	FALSE	FALSE	FALSE	des_specific_instable
RvY_17440-1	1	des	0.8571428571428572	0.14285714285714285	0.5	TRUE	FALSE	FALSE	FALSE	FALSE	FALSE	des_specific_instable
RvY_17476-1	1	des	0.8571428571428572	0.14285714285714285	0.5	TRUE	FALSE	FALSE	FALSE	FALSE	FALSE	des_specific_instable
RvY_17601	1	des	0.8571428571428572	0.14285714285714285	0.5	TRUE	FALSE	FALSE	FALSE	FALSE	FALSE	des_specific_instable
RvY_17801-1	1	des	0.8571428571428572	0.14285714285714285	0.5	TRUE	FALSE	FALSE	FALSE	FALSE	FALSE	des_specific_instable
RvY_17812-1	1	des	0.8571428571428572	0.14285714285714285	0.5	TRUE	FALSE	FALSE	FALSE	FALSE	FALSE	des_specific_instable
RvY_17850-1	1	des	0.8571428571428572	0.14285714285714285	0.5	TRUE	FALSE	FALSE	FALSE	FALSE	FALSE	des_specific_instable
RvY_18111-1	1	des	0.8571428571428572	0.14285714285714285	0.5	TRUE	FALSE	FALSE	FALSE	FALSE	FALSE	des_specific_instable
RvY_18204	1	des	0.8571428571428572	0.14285714285714285	0.5	TRUE	FALSE	FALSE	FALSE	FALSE	FALSE	des_specific_instable
RvY_18241-1	1	des	0.8571428571428572	0.14285714285714285	0.5	TRUE	FALSE	FALSE	FALSE	FALSE	FALSE	des_specific_instable
RvY_18270-1	1	des	0.8571428571428572	0.14285714285714285	0.5	TRUE	FALSE	FALSE	FALSE	FALSE	FALSE	des_specific_instable
RvY_18403-1	1	des	0.8571428571428572	0.14285714285714285	0.5	TRUE	FALSE	FALSE	FALSE	FALSE	FALSE	des_specific_instable
RvY_18506	1	des	0.8571428571428572	0.14285714285714285	0.5	TRUE	FALSE	FALSE	FALSE	FALSE	FALSE	des_specific_instable
RvY_18639-1	1	des	0.8571428571428572	0.14285714285714285	0.5	TRUE	FALSE	FALSE	FALSE	FALSE	FALSE	des_specific_instable
RvY_18758	1	des	0.8571428571428572	0.14285714285714285	0.5	TRUE	FALSE	FALSE	FALSE	FALSE	FALSE	des_specific_instable
RvY_18853-1	1	des	0.8571428571428572	0.14285714285714285	0.5	TRUE	FALSE	FALSE	FALSE	FALSE	FALSE	des_specific_instable
RvY_18892-1	1	des	0.8571428571428572	0.14285714285714285	0.5	TRUE	FALSE	FALSE	FALSE	FALSE	FALSE	des_specific_instable
RvY_18909-1	1	des	0.8571428571428572	0.14285714285714285	0.5	TRUE	FALSE	FALSE	FALSE	FALSE	FALSE	des_specific_instable
RvY_18923	1	des	0.8571428571428572	0.14285714285714285	0.5	TRUE	FALSE	FALSE	FALSE	FALSE	FALSE	des_specific_instable
RvY_18931	1	des	0.8571428571428572	0.14285714285714285	0.5	TRUE	FALSE	FALSE	FALSE	FALSE	FALSE	des_specific_instable
RvY_19090-1	1	des	0.8571428571428572	0.14285714285714285	0.5	TRUE	FALSE	FALSE	FALSE	FALSE	FALSE	des_specific_instable
RvY_19224-1	1	des	0.8571428571428572	0.14285714285714285	0.5	TRUE	FALSE	FALSE	FALSE	FALSE	FALSE	des_specific_instable
RvY_19234-1	1	des	0.8571428571428572	0.14285714285714285	0.5	TRUE	FALSE	FALSE	FALSE	FALSE	FALSE	des_specific_instable
RvY_19359-1	1	des	0.8571428571428572	0.14285714285714285	0.5	TRUE	FALSE	FALSE	FALSE	FALSE	FALSE	des_specific_instable
RvY_00061-1	1	des	0.8601190476190477	0.13988095238095238	0.5	TRUE	FALSE	FALSE	FALSE	FALSE	FALSE	des_specific_instable
RvY_00071-1	1	des	0.8601190476190477	0.13988095238095238	0.5	TRUE	FALSE	FALSE	FALSE	FALSE	FALSE	des_specific_instable
RvY_00233-1	1	des	0.8601190476190477	0.13988095238095238	0.5	TRUE	FALSE	FALSE	FALSE	FALSE	FALSE	des_specific_instable
RvY_00532-1	1	des	0.8601190476190477	0.13988095238095238	0.5	TRUE	FALSE	FALSE	FALSE	FALSE	FALSE	des_specific_instable
RvY_00569	1	des	0.8601190476190477	0.13988095238095238	0.5	TRUE	FALSE	FALSE	FALSE	FALSE	FALSE	des_specific_instable
RvY_00580-1	1	des	0.8601190476190477	0.13988095238095238	0.5	TRUE	FALSE	FALSE	FALSE	FALSE	FALSE	des_specific_instable
RvY_00625-1	1	des	0.8601190476190477	0.13988095238095238	0.5	TRUE	FALSE	FALSE	FALSE	FALSE	FALSE	des_specific_instable
RvY_00772-1	1	des	0.8601190476190477	0.13988095238095238	0.5	TRUE	FALSE	FALSE	FALSE	FALSE	FALSE	des_specific_instable
RvY_00824-1	1	des	0.8601190476190477	0.13988095238095238	0.5	TRUE	FALSE	FALSE	FALSE	FALSE	FALSE	des_specific_instable
RvY_00852-1	1	des	0.8601190476190477	0.13988095238095238	0.5	TRUE	FALSE	FALSE	FALSE	FALSE	FALSE	des_specific_instable
RvY_00915-1	1	des	0.8601190476190477	0.13988095238095238	0.5	TRUE	FALSE	FALSE	FALSE	FALSE	FALSE	des_specific_instable
RvY_01076-1	1	des	0.8601190476190477	0.13988095238095238	0.5	TRUE	FALSE	FALSE	FALSE	FALSE	FALSE	des_specific_instable
RvY_01085-1	1	des	0.8601190476190477	0.13988095238095238	0.5	TRUE	FALSE	FALSE	FALSE	FALSE	FALSE	des_specific_instable
RvY_01218-1	1	des	0.8601190476190477	0.13988095238095238	0.5	TRUE	FALSE	FALSE	FALSE	FALSE	FALSE	des_specific_instable
RvY_02027-1	1	des	0.8601190476190477	0.13988095238095238	0.5	TRUE	FALSE	FALSE	FALSE	FALSE	FALSE	des_specific_instable
RvY_02219-1	1	des	0.8601190476190477	0.13988095238095238	0.5	TRUE	FALSE	FALSE	FALSE	FALSE	FALSE	des_specific_instable
RvY_02340-1	1	des	0.8601190476190477	0.13988095238095238	0.5	TRUE	FALSE	FALSE	FALSE	FALSE	FALSE	des_specific_instable
RvY_02382-1	1	des	0.8601190476190477	0.13988095238095238	0.5	TRUE	FALSE	FALSE	FALSE	FALSE	FALSE	des_specific_instable
RvY_02437-2	1	des	0.8601190476190477	0.13988095238095238	0.5	TRUE	FALSE	FALSE	FALSE	FALSE	FALSE	des_specific_instable
RvY_02639-1	1	des	0.8601190476190477	0.13988095238095238	0.5	TRUE	FALSE	FALSE	FALSE	FALSE	FALSE	des_specific_instable
RvY_02918-1	1	des	0.8601190476190477	0.13988095238095238	0.5	TRUE	FALSE	FALSE	FALSE	FALSE	FALSE	des_specific_instable
RvY_03091	1	des	0.8601190476190477	0.13988095238095238	0.5	TRUE	FALSE	FALSE	FALSE	FALSE	FALSE	des_specific_instable
RvY_03107-1	1	des	0.8601190476190477	0.13988095238095238	0.5	TRUE	FALSE	FALSE	FALSE	FALSE	FALSE	des_specific_instable
RvY_03221-1	1	des	0.8601190476190477	0.13988095238095238	0.5	TRUE	FALSE	FALSE	FALSE	FALSE	FALSE	des_specific_instable
RvY_03234-1	1	des	0.8601190476190477	0.13988095238095238	0.5	TRUE	FALSE	FALSE	FALSE	FALSE	FALSE	des_specific_instable
RvY_03244	1	des	0.8601190476190477	0.13988095238095238	0.5	TRUE	FALSE	FALSE	FALSE	FALSE	FALSE	des_specific_instable
RvY_03375	1	des	0.8601190476190477	0.13988095238095238	0.5	TRUE	FALSE	FALSE	FALSE	FALSE	FALSE	des_specific_instable
RvY_03536	1	des	0.8601190476190477	0.13988095238095238	0.5	TRUE	FALSE	FALSE	FALSE	FALSE	FALSE	des_specific_instable
RvY_03640-1	1	des	0.8601190476190477	0.13988095238095238	0.5	TRUE	FALSE	FALSE	FALSE	FALSE	FALSE	des_specific_instable
RvY_03926-1	1	des	0.8601190476190477	0.13988095238095238	0.5	TRUE	FALSE	FALSE	FALSE	FALSE	FALSE	des_specific_instable
RvY_04192-1	1	des	0.8601190476190477	0.13988095238095238	0.5	TRUE	FALSE	FALSE	FALSE	FALSE	FALSE	des_specific_instable
RvY_04295-1	1	des	0.8601190476190477	0.13988095238095238	0.5	TRUE	FALSE	FALSE	FALSE	FALSE	FALSE	des_specific_instable
RvY_04311-1	1	des	0.8601190476190477	0.13988095238095238	0.5	TRUE	FALSE	FALSE	FALSE	FALSE	FALSE	des_specific_instable
RvY_04554-1	1	des	0.8601190476190477	0.13988095238095238	0.5	TRUE	FALSE	FALSE	FALSE	FALSE	FALSE	des_specific_instable
RvY_04752-1	1	des	0.8601190476190477	0.13988095238095238	0.5	TRUE	FALSE	FALSE	FALSE	FALSE	FALSE	des_specific_instable
RvY_05084-1	1	des	0.8601190476190477	0.13988095238095238	0.5	TRUE	FALSE	FALSE	FALSE	FALSE	FALSE	des_specific_instable
RvY_05195-1	1	des	0.8601190476190477	0.13988095238095238	0.5	TRUE	FALSE	FALSE	FALSE	FALSE	FALSE	des_specific_instable
RvY_05241	1	des	0.8601190476190477	0.13988095238095238	0.5	TRUE	FALSE	FALSE	FALSE	FALSE	FALSE	des_specific_instable
RvY_05335-1	1	des	0.8601190476190477	0.13988095238095238	0.5	TRUE	FALSE	FALSE	FALSE	FALSE	FALSE	des_specific_instable
RvY_05443-1	1	des	0.8601190476190477	0.13988095238095238	0.5	TRUE	FALSE	FALSE	FALSE	FALSE	FALSE	des_specific_instable
RvY_05516	1	des	0.8601190476190477	0.13988095238095238	0.5	TRUE	FALSE	FALSE	FALSE	FALSE	FALSE	des_specific_instable
RvY_05639-1	1	des	0.8601190476190477	0.13988095238095238	0.5	TRUE	FALSE	FALSE	FALSE	FALSE	FALSE	des_specific_instable
RvY_05788	1	des	0.8601190476190477	0.13988095238095238	0.5	TRUE	FALSE	FALSE	FALSE	FALSE	FALSE	des_specific_instable
RvY_05798-1	1	des	0.8601190476190477	0.13988095238095238	0.5	TRUE	FALSE	FALSE	FALSE	FALSE	FALSE	des_specific_instable
RvY_06498-1	1	des	0.8601190476190477	0.13988095238095238	0.5	TRUE	FALSE	FALSE	FALSE	FALSE	FALSE	des_specific_instable
RvY_06605-1	1	des	0.8601190476190477	0.13988095238095238	0.5	TRUE	FALSE	FALSE	FALSE	FALSE	FALSE	des_specific_instable
RvY_06855-1	1	des	0.8601190476190477	0.13988095238095238	0.5	TRUE	FALSE	FALSE	FALSE	FALSE	FALSE	des_specific_instable
RvY_06903-1	1	des	0.8601190476190477	0.13988095238095238	0.5	TRUE	FALSE	FALSE	FALSE	FALSE	FALSE	des_specific_instable
RvY_07547-1	1	des	0.8601190476190477	0.13988095238095238	0.5	TRUE	FALSE	FALSE	FALSE	FALSE	FALSE	des_specific_instable
RvY_07605-1	1	des	0.8601190476190477	0.13988095238095238	0.5	TRUE	FALSE	FALSE	FALSE	FALSE	FALSE	des_specific_instable
RvY_07655-1	1	des	0.8601190476190477	0.13988095238095238	0.5	TRUE	FALSE	FALSE	FALSE	FALSE	FALSE	des_specific_instable
RvY_07680-1	1	des	0.8601190476190477	0.13988095238095238	0.5	TRUE	FALSE	FALSE	FALSE	FALSE	FALSE	des_specific_instable
RvY_07991-1	1	des	0.8601190476190477	0.13988095238095238	0.5	TRUE	FALSE	FALSE	FALSE	FALSE	FALSE	des_specific_instable
RvY_08019-1	1	des	0.8601190476190477	0.13988095238095238	0.5	TRUE	FALSE	FALSE	FALSE	FALSE	FALSE	des_specific_instable
RvY_08453-1	1	des	0.8601190476190477	0.13988095238095238	0.5	TRUE	FALSE	FALSE	FALSE	FALSE	FALSE	des_specific_instable
RvY_08631-1	1	des	0.8601190476190477	0.13988095238095238	0.5	TRUE	FALSE	FALSE	FALSE	FALSE	FALSE	des_specific_instable
RvY_08644-1	1	des	0.8601190476190477	0.13988095238095238	0.5	TRUE	FALSE	FALSE	FALSE	FALSE	FALSE	des_specific_instable
RvY_08686-1	1	des	0.8601190476190477	0.13988095238095238	0.5	TRUE	FALSE	FALSE	FALSE	FALSE	FALSE	des_specific_instable
RvY_08887-1	1	des	0.8601190476190477	0.13988095238095238	0.5	TRUE	FALSE	FALSE	FALSE	FALSE	FALSE	des_specific_instable
RvY_08906-1	1	des	0.8601190476190477	0.13988095238095238	0.5	TRUE	FALSE	FALSE	FALSE	FALSE	FALSE	des_specific_instable
RvY_09235-1	1	des	0.8601190476190477	0.13988095238095238	0.5	TRUE	FALSE	FALSE	FALSE	FALSE	FALSE	des_specific_instable
RvY_09260-1	1	des	0.8601190476190477	0.13988095238095238	0.5	TRUE	FALSE	FALSE	FALSE	FALSE	FALSE	des_specific_instable
RvY_09470-1	1	des	0.8601190476190477	0.13988095238095238	0.5	TRUE	FALSE	FALSE	FALSE	FALSE	FALSE	des_specific_instable
RvY_09756-1	1	des	0.8601190476190477	0.13988095238095238	0.5	TRUE	FALSE	FALSE	FALSE	FALSE	FALSE	des_specific_instable
RvY_09927-1	1	des	0.8601190476190477	0.13988095238095238	0.5	TRUE	FALSE	FALSE	FALSE	FALSE	FALSE	des_specific_instable
RvY_10436-1	1	des	0.8601190476190477	0.13988095238095238	0.5	TRUE	FALSE	FALSE	FALSE	FALSE	FALSE	des_specific_instable
RvY_10986-1	1	des	0.8601190476190477	0.13988095238095238	0.5	TRUE	FALSE	FALSE	FALSE	FALSE	FALSE	des_specific_instable
RvY_11068	1	des	0.8601190476190477	0.13988095238095238	0.5	TRUE	FALSE	FALSE	FALSE	FALSE	FALSE	des_specific_instable
RvY_11378-1	1	des	0.8601190476190477	0.13988095238095238	0.5	TRUE	FALSE	FALSE	FALSE	FALSE	FALSE	des_specific_instable
RvY_11381-1	1	des	0.8601190476190477	0.13988095238095238	0.5	TRUE	FALSE	FALSE	FALSE	FALSE	FALSE	des_specific_instable
RvY_11452	1	des	0.8601190476190477	0.13988095238095238	0.5	TRUE	FALSE	FALSE	FALSE	FALSE	FALSE	des_specific_instable
RvY_11522-1	1	des	0.8601190476190477	0.13988095238095238	0.5	TRUE	FALSE	FALSE	FALSE	FALSE	FALSE	des_specific_instable
RvY_11655	1	des	0.8601190476190477	0.13988095238095238	0.5	TRUE	FALSE	FALSE	FALSE	FALSE	FALSE	des_specific_instable
RvY_11871-1	1	des	0.8601190476190477	0.13988095238095238	0.5	TRUE	FALSE	FALSE	FALSE	FALSE	FALSE	des_specific_instable
RvY_11932	1	des	0.8601190476190477	0.13988095238095238	0.5	TRUE	FALSE	FALSE	FALSE	FALSE	FALSE	des_specific_instable
RvY_11952-1	1	des	0.8601190476190477	0.13988095238095238	0.5	TRUE	FALSE	FALSE	FALSE	FALSE	FALSE	des_specific_instable
RvY_12079	1	des	0.8601190476190477	0.13988095238095238	0.5	TRUE	FALSE	FALSE	FALSE	FALSE	FALSE	des_specific_instable
RvY_12531	1	des	0.8601190476190477	0.13988095238095238	0.5	TRUE	FALSE	FALSE	FALSE	FALSE	FALSE	des_specific_instable
RvY_12819-1	1	des	0.8601190476190477	0.13988095238095238	0.5	TRUE	FALSE	FALSE	FALSE	FALSE	FALSE	des_specific_instable
RvY_12871-1	1	des	0.8601190476190477	0.13988095238095238	0.5	TRUE	FALSE	FALSE	FALSE	FALSE	FALSE	des_specific_instable
RvY_12889-1	1	des	0.8601190476190477	0.13988095238095238	0.5	TRUE	FALSE	FALSE	FALSE	FALSE	FALSE	des_specific_instable
RvY_12996-1	1	des	0.8601190476190477	0.13988095238095238	0.5	TRUE	FALSE	FALSE	FALSE	FALSE	FALSE	des_specific_instable
RvY_13062-1	1	des	0.8601190476190477	0.13988095238095238	0.5	TRUE	FALSE	FALSE	FALSE	FALSE	FALSE	des_specific_instable
RvY_13085-1	1	des	0.8601190476190477	0.13988095238095238	0.5	TRUE	FALSE	FALSE	FALSE	FALSE	FALSE	des_specific_instable
RvY_13105-1	1	des	0.8601190476190477	0.13988095238095238	0.5	TRUE	FALSE	FALSE	FALSE	FALSE	FALSE	des_specific_instable
RvY_13190-1	1	des	0.8601190476190477	0.13988095238095238	0.5	TRUE	FALSE	FALSE	FALSE	FALSE	FALSE	des_specific_instable
RvY_13468-1	1	des	0.8601190476190477	0.13988095238095238	0.5	TRUE	FALSE	FALSE	FALSE	FALSE	FALSE	des_specific_instable
RvY_13527-1	1	des	0.8601190476190477	0.13988095238095238	0.5	TRUE	FALSE	FALSE	FALSE	FALSE	FALSE	des_specific_instable
RvY_13871-1	1	des	0.8601190476190477	0.13988095238095238	0.5	TRUE	FALSE	FALSE	FALSE	FALSE	FALSE	des_specific_instable
RvY_13890-1	1	des	0.8601190476190477	0.13988095238095238	0.5	TRUE	FALSE	FALSE	FALSE	FALSE	FALSE	des_specific_instable
RvY_13972-1	1	des	0.8601190476190477	0.13988095238095238	0.5	TRUE	FALSE	FALSE	FALSE	FALSE	FALSE	des_specific_instable
RvY_14044-1	1	des	0.8601190476190477	0.13988095238095238	0.5	TRUE	FALSE	FALSE	FALSE	FALSE	FALSE	des_specific_instable
RvY_14324-1	1	des	0.8601190476190477	0.13988095238095238	0.5	TRUE	FALSE	FALSE	FALSE	FALSE	FALSE	des_specific_instable
RvY_14335-1	1	des	0.8601190476190477	0.13988095238095238	0.5	TRUE	FALSE	FALSE	FALSE	FALSE	FALSE	des_specific_instable
RvY_14349-1	1	des	0.8601190476190477	0.13988095238095238	0.5	TRUE	FALSE	FALSE	FALSE	FALSE	FALSE	des_specific_instable
RvY_14412-1	1	des	0.8601190476190477	0.13988095238095238	0.5	TRUE	FALSE	FALSE	FALSE	FALSE	FALSE	des_specific_instable
RvY_14450-1	1	des	0.8601190476190477	0.13988095238095238	0.5	TRUE	FALSE	FALSE	FALSE	FALSE	FALSE	des_specific_instable
RvY_14471-1	1	des	0.8601190476190477	0.13988095238095238	0.5	TRUE	FALSE	FALSE	FALSE	FALSE	FALSE	des_specific_instable
RvY_14515-1	1	des	0.8601190476190477	0.13988095238095238	0.5	TRUE	FALSE	FALSE	FALSE	FALSE	FALSE	des_specific_instable
RvY_14538-1	1	des	0.8601190476190477	0.13988095238095238	0.5	TRUE	FALSE	FALSE	FALSE	FALSE	FALSE	des_specific_instable
RvY_14679-1	1	des	0.8601190476190477	0.13988095238095238	0.5	TRUE	FALSE	FALSE	FALSE	FALSE	FALSE	des_specific_instable
RvY_14983	1	des	0.8601190476190477	0.13988095238095238	0.5	TRUE	FALSE	FALSE	FALSE	FALSE	FALSE	des_specific_instable
RvY_15233-1	1	des	0.8601190476190477	0.13988095238095238	0.5	TRUE	FALSE	FALSE	FALSE	FALSE	FALSE	des_specific_instable
RvY_15357-1	1	des	0.8601190476190477	0.13988095238095238	0.5	TRUE	FALSE	FALSE	FALSE	FALSE	FALSE	des_specific_instable
RvY_15502-1	1	des	0.8601190476190477	0.13988095238095238	0.5	TRUE	FALSE	FALSE	FALSE	FALSE	FALSE	des_specific_instable
RvY_15726-1	1	des	0.8601190476190477	0.13988095238095238	0.5	TRUE	FALSE	FALSE	FALSE	FALSE	FALSE	des_specific_instable
RvY_15767	1	des	0.8601190476190477	0.13988095238095238	0.5	TRUE	FALSE	FALSE	FALSE	FALSE	FALSE	des_specific_instable
RvY_15814-1	1	des	0.8601190476190477	0.13988095238095238	0.5	TRUE	FALSE	FALSE	FALSE	FALSE	FALSE	des_specific_instable
RvY_15815-1	1	des	0.8601190476190477	0.13988095238095238	0.5	TRUE	FALSE	FALSE	FALSE	FALSE	FALSE	des_specific_instable
RvY_15817-1	1	des	0.8601190476190477	0.13988095238095238	0.5	TRUE	FALSE	FALSE	FALSE	FALSE	FALSE	des_specific_instable
RvY_16316-1	1	des	0.8601190476190477	0.13988095238095238	0.5	TRUE	FALSE	FALSE	FALSE	FALSE	FALSE	des_specific_instable
RvY_16633-1	1	des	0.8601190476190477	0.13988095238095238	0.5	TRUE	FALSE	FALSE	FALSE	FALSE	FALSE	des_specific_instable
RvY_16658	1	des	0.8601190476190477	0.13988095238095238	0.5	TRUE	FALSE	FALSE	FALSE	FALSE	FALSE	des_specific_instable
RvY_16815-1	1	des	0.8601190476190477	0.13988095238095238	0.5	TRUE	FALSE	FALSE	FALSE	FALSE	FALSE	des_specific_instable
RvY_17284	1	des	0.8601190476190477	0.13988095238095238	0.5	TRUE	FALSE	FALSE	FALSE	FALSE	FALSE	des_specific_instable
RvY_17287-1	1	des	0.8601190476190477	0.13988095238095238	0.5	TRUE	FALSE	FALSE	FALSE	FALSE	FALSE	des_specific_instable
RvY_17322-1	1	des	0.8601190476190477	0.13988095238095238	0.5	TRUE	FALSE	FALSE	FALSE	FALSE	FALSE	des_specific_instable
RvY_17544-1	1	des	0.8601190476190477	0.13988095238095238	0.5	TRUE	FALSE	FALSE	FALSE	FALSE	FALSE	des_specific_instable
RvY_17578-1	1	des	0.8601190476190477	0.13988095238095238	0.5	TRUE	FALSE	FALSE	FALSE	FALSE	FALSE	des_specific_instable
RvY_17769-1	1	des	0.8601190476190477	0.13988095238095238	0.5	TRUE	FALSE	FALSE	FALSE	FALSE	FALSE	des_specific_instable
RvY_17770-1	1	des	0.8601190476190477	0.13988095238095238	0.5	TRUE	FALSE	FALSE	FALSE	FALSE	FALSE	des_specific_instable
RvY_17786-1	1	des	0.8601190476190477	0.13988095238095238	0.5	TRUE	FALSE	FALSE	FALSE	FALSE	FALSE	des_specific_instable
RvY_17881	1	des	0.8601190476190477	0.13988095238095238	0.5	TRUE	FALSE	FALSE	FALSE	FALSE	FALSE	des_specific_instable
RvY_17913-1	1	des	0.8601190476190477	0.13988095238095238	0.5	TRUE	FALSE	FALSE	FALSE	FALSE	FALSE	des_specific_instable
RvY_17943-1	1	des	0.8601190476190477	0.13988095238095238	0.5	TRUE	FALSE	FALSE	FALSE	FALSE	FALSE	des_specific_instable
RvY_17978-1	1	des	0.8601190476190477	0.13988095238095238	0.5	TRUE	FALSE	FALSE	FALSE	FALSE	FALSE	des_specific_instable
RvY_18074-1	1	des	0.8601190476190477	0.13988095238095238	0.5	TRUE	FALSE	FALSE	FALSE	FALSE	FALSE	des_specific_instable
RvY_18363-1	1	des	0.8601190476190477	0.13988095238095238	0.5	TRUE	FALSE	FALSE	FALSE	FALSE	FALSE	des_specific_instable
RvY_18384-1	1	des	0.8601190476190477	0.13988095238095238	0.5	TRUE	FALSE	FALSE	FALSE	FALSE	FALSE	des_specific_instable
RvY_18578-1	1	des	0.8601190476190477	0.13988095238095238	0.5	TRUE	FALSE	FALSE	FALSE	FALSE	FALSE	des_specific_instable
RvY_18804-1	1	des	0.8601190476190477	0.13988095238095238	0.5	TRUE	FALSE	FALSE	FALSE	FALSE	FALSE	des_specific_instable
RvY_19002-1	1	des	0.8601190476190477	0.13988095238095238	0.5	TRUE	FALSE	FALSE	FALSE	FALSE	FALSE	des_specific_instable
RvY_19048-1	1	des	0.8601190476190477	0.13988095238095238	0.5	TRUE	FALSE	FALSE	FALSE	FALSE	FALSE	des_specific_instable
RvY_19151-1	1	des	0.8601190476190477	0.13988095238095238	0.5	TRUE	FALSE	FALSE	FALSE	FALSE	FALSE	des_specific_instable
RvY_00066	1	des	0.8630952380952381	0.1369047619047619	0.5	TRUE	FALSE	FALSE	FALSE	FALSE	FALSE	des_specific_instable
RvY_00917-1	1	des	0.8630952380952381	0.1369047619047619	0.5	TRUE	FALSE	FALSE	FALSE	FALSE	FALSE	des_specific_instable
RvY_01261-1	1	des	0.8630952380952381	0.1369047619047619	0.5	TRUE	FALSE	FALSE	FALSE	FALSE	FALSE	des_specific_instable
RvY_01332-1	1	des	0.8630952380952381	0.1369047619047619	0.5	TRUE	FALSE	FALSE	FALSE	FALSE	FALSE	des_specific_instable
RvY_02081-1	1	des	0.8630952380952381	0.1369047619047619	0.5	TRUE	FALSE	FALSE	FALSE	FALSE	FALSE	des_specific_instable
RvY_02100-1	1	des	0.8630952380952381	0.1369047619047619	0.5	TRUE	FALSE	FALSE	FALSE	FALSE	FALSE	des_specific_instable
RvY_02267-1	1	des	0.8630952380952381	0.1369047619047619	0.5	TRUE	FALSE	FALSE	FALSE	FALSE	FALSE	des_specific_instable
RvY_02308	1	des	0.8630952380952381	0.1369047619047619	0.5	TRUE	FALSE	FALSE	FALSE	FALSE	FALSE	des_specific_instable
RvY_02941	1	des	0.8630952380952381	0.1369047619047619	0.5	TRUE	FALSE	FALSE	FALSE	FALSE	FALSE	des_specific_instable
RvY_03955-1	1	des	0.8630952380952381	0.1369047619047619	0.5	TRUE	FALSE	FALSE	FALSE	FALSE	FALSE	des_specific_instable
RvY_04062	1	des	0.8630952380952381	0.1369047619047619	0.5	TRUE	FALSE	FALSE	FALSE	FALSE	FALSE	des_specific_instable
RvY_04650-1	1	des	0.8630952380952381	0.1369047619047619	0.5	TRUE	FALSE	FALSE	FALSE	FALSE	FALSE	des_specific_instable
RvY_05451-1	1	des	0.8630952380952381	0.1369047619047619	0.5	TRUE	FALSE	FALSE	FALSE	FALSE	FALSE	des_specific_instable
RvY_05454-1	1	des	0.8630952380952381	0.1369047619047619	0.5	TRUE	FALSE	FALSE	FALSE	FALSE	FALSE	des_specific_instable
RvY_06181	1	des	0.8630952380952381	0.1369047619047619	0.5	TRUE	FALSE	FALSE	FALSE	FALSE	FALSE	des_specific_instable
RvY_06424-1	1	des	0.8630952380952381	0.1369047619047619	0.5	TRUE	FALSE	FALSE	FALSE	FALSE	FALSE	des_specific_instable
RvY_06483-1	1	des	0.8630952380952381	0.1369047619047619	0.5	TRUE	FALSE	FALSE	FALSE	FALSE	FALSE	des_specific_instable
RvY_06615-1	1	des	0.8630952380952381	0.1369047619047619	0.5	TRUE	FALSE	FALSE	FALSE	FALSE	FALSE	des_specific_instable
RvY_07251-1	1	des	0.8630952380952381	0.1369047619047619	0.5	TRUE	FALSE	FALSE	FALSE	FALSE	FALSE	des_specific_instable
RvY_07274-1	1	des	0.8630952380952381	0.1369047619047619	0.5	TRUE	FALSE	FALSE	FALSE	FALSE	FALSE	des_specific_instable
RvY_07580-1	1	des	0.8630952380952381	0.1369047619047619	0.5	TRUE	FALSE	FALSE	FALSE	FALSE	FALSE	des_specific_instable
RvY_07883-1	1	des	0.8630952380952381	0.1369047619047619	0.5	TRUE	FALSE	FALSE	FALSE	FALSE	FALSE	des_specific_instable
RvY_07913	1	des	0.8630952380952381	0.1369047619047619	0.5	TRUE	FALSE	FALSE	FALSE	FALSE	FALSE	des_specific_instable
RvY_08514-1	1	des	0.8630952380952381	0.1369047619047619	0.5	TRUE	FALSE	FALSE	FALSE	FALSE	FALSE	des_specific_instable
RvY_08687-1	1	des	0.8630952380952381	0.1369047619047619	0.5	TRUE	FALSE	FALSE	FALSE	FALSE	FALSE	des_specific_instable
RvY_08750	1	des	0.8630952380952381	0.1369047619047619	0.5	TRUE	FALSE	FALSE	FALSE	FALSE	FALSE	des_specific_instable
RvY_09232-1	1	des	0.8630952380952381	0.1369047619047619	0.5	TRUE	FALSE	FALSE	FALSE	FALSE	FALSE	des_specific_instable
RvY_09275-1	1	des	0.8630952380952381	0.1369047619047619	0.5	TRUE	FALSE	FALSE	FALSE	FALSE	FALSE	des_specific_instable
RvY_09294	1	des	0.8630952380952381	0.1369047619047619	0.5	TRUE	FALSE	FALSE	FALSE	FALSE	FALSE	des_specific_instable
RvY_09861-1	1	des	0.8630952380952381	0.1369047619047619	0.5	TRUE	FALSE	FALSE	FALSE	FALSE	FALSE	des_specific_instable
RvY_10001	1	des	0.8630952380952381	0.1369047619047619	0.5	TRUE	FALSE	FALSE	FALSE	FALSE	FALSE	des_specific_instable
RvY_10677-1	1	des	0.8630952380952381	0.1369047619047619	0.5	TRUE	FALSE	FALSE	FALSE	FALSE	FALSE	des_specific_instable
RvY_10800-1	1	des	0.8630952380952381	0.1369047619047619	0.5	TRUE	FALSE	FALSE	FALSE	FALSE	FALSE	des_specific_instable
RvY_11331-1	1	des	0.8630952380952381	0.1369047619047619	0.5	TRUE	FALSE	FALSE	FALSE	FALSE	FALSE	des_specific_instable
RvY_11361-1	1	des	0.8630952380952381	0.1369047619047619	0.5	TRUE	FALSE	FALSE	FALSE	FALSE	FALSE	des_specific_instable
RvY_11593-1	1	des	0.8630952380952381	0.1369047619047619	0.5	TRUE	FALSE	FALSE	FALSE	FALSE	FALSE	des_specific_instable
RvY_12419-1	1	des	0.8630952380952381	0.1369047619047619	0.5	TRUE	FALSE	FALSE	FALSE	FALSE	FALSE	des_specific_instable
RvY_13130-1	1	des	0.8630952380952381	0.1369047619047619	0.5	TRUE	FALSE	FALSE	FALSE	FALSE	FALSE	des_specific_instable
RvY_13426-1	1	des	0.8630952380952381	0.1369047619047619	0.5	TRUE	FALSE	FALSE	FALSE	FALSE	FALSE	des_specific_instable
RvY_13807-1	1	des	0.8630952380952381	0.1369047619047619	0.5	TRUE	FALSE	FALSE	FALSE	FALSE	FALSE	des_specific_instable
RvY_14281-1	1	des	0.8630952380952381	0.1369047619047619	0.5	TRUE	FALSE	FALSE	FALSE	FALSE	FALSE	des_specific_instable
RvY_14596-1	1	des	0.8630952380952381	0.1369047619047619	0.5	TRUE	FALSE	FALSE	FALSE	FALSE	FALSE	des_specific_instable
RvY_15216-1	1	des	0.8630952380952381	0.1369047619047619	0.5	TRUE	FALSE	FALSE	FALSE	FALSE	FALSE	des_specific_instable
RvY_15333-1	1	des	0.8630952380952381	0.1369047619047619	0.5	TRUE	FALSE	FALSE	FALSE	FALSE	FALSE	des_specific_instable
RvY_15766-1	1	des	0.8630952380952381	0.1369047619047619	0.5	TRUE	FALSE	FALSE	FALSE	FALSE	FALSE	des_specific_instable
RvY_15973-1	1	des	0.8630952380952381	0.1369047619047619	0.5	TRUE	FALSE	FALSE	FALSE	FALSE	FALSE	des_specific_instable
RvY_16036-1	1	des	0.8630952380952381	0.1369047619047619	0.5	TRUE	FALSE	FALSE	FALSE	FALSE	FALSE	des_specific_instable
RvY_16788-1	1	des	0.8630952380952381	0.1369047619047619	0.5	TRUE	FALSE	FALSE	FALSE	FALSE	FALSE	des_specific_instable
RvY_16996-1	1	des	0.8630952380952381	0.1369047619047619	0.5	TRUE	FALSE	FALSE	FALSE	FALSE	FALSE	des_specific_instable
RvY_17046	1	des	0.8630952380952381	0.1369047619047619	0.5	TRUE	FALSE	FALSE	FALSE	FALSE	FALSE	des_specific_instable
RvY_17224-1	1	des	0.8630952380952381	0.1369047619047619	0.5	TRUE	FALSE	FALSE	FALSE	FALSE	FALSE	des_specific_instable
RvY_17730-1	1	des	0.8630952380952381	0.1369047619047619	0.5	TRUE	FALSE	FALSE	FALSE	FALSE	FALSE	des_specific_instable
RvY_17732-1	1	des	0.8630952380952381	0.1369047619047619	0.5	TRUE	FALSE	FALSE	FALSE	FALSE	FALSE	des_specific_instable
RvY_18358-1	1	des	0.8630952380952381	0.1369047619047619	0.5	TRUE	FALSE	FALSE	FALSE	FALSE	FALSE	des_specific_instable
RvY_18981-1	1	des	0.8630952380952381	0.1369047619047619	0.5	TRUE	FALSE	FALSE	FALSE	FALSE	FALSE	des_specific_instable
RvY_19270-1	1	des	0.8630952380952381	0.1369047619047619	0.5	TRUE	FALSE	FALSE	FALSE	FALSE	FALSE	des_specific_instable
RvY_00008-1	1	des	0.8690476190476191	0.13095238095238096	0.5	TRUE	FALSE	FALSE	FALSE	FALSE	FALSE	des_specific_instable
RvY_00070-1	1	des	0.8690476190476191	0.13095238095238096	0.5	TRUE	FALSE	FALSE	FALSE	FALSE	FALSE	des_specific_instable
RvY_00146-1	1	des	0.8690476190476191	0.13095238095238096	0.5	TRUE	FALSE	FALSE	FALSE	FALSE	FALSE	des_specific_instable
RvY_00154-1	1	des	0.8690476190476191	0.13095238095238096	0.5	TRUE	FALSE	FALSE	FALSE	FALSE	FALSE	des_specific_instable
RvY_00183-1	1	des	0.8690476190476191	0.13095238095238096	0.5	TRUE	FALSE	FALSE	FALSE	FALSE	FALSE	des_specific_instable
RvY_00276-1	1	des	0.8690476190476191	0.13095238095238096	0.5	TRUE	FALSE	FALSE	FALSE	FALSE	FALSE	des_specific_instable
RvY_00280-1	1	des	0.8690476190476191	0.13095238095238096	0.5	TRUE	FALSE	FALSE	FALSE	FALSE	FALSE	des_specific_instable
RvY_00425-1	1	des	0.8690476190476191	0.13095238095238096	0.5	TRUE	FALSE	FALSE	FALSE	FALSE	FALSE	des_specific_instable
RvY_00745-1	1	des	0.8690476190476191	0.13095238095238096	0.5	TRUE	FALSE	FALSE	FALSE	FALSE	FALSE	des_specific_instable
RvY_00853	1	des	0.8690476190476191	0.13095238095238096	0.5	TRUE	FALSE	FALSE	FALSE	FALSE	FALSE	des_specific_instable
RvY_00867-1	1	des	0.8690476190476191	0.13095238095238096	0.5	TRUE	FALSE	FALSE	FALSE	FALSE	FALSE	des_specific_instable
RvY_01010	1	des	0.8690476190476191	0.13095238095238096	0.5	TRUE	FALSE	FALSE	FALSE	FALSE	FALSE	des_specific_instable
RvY_01236-1	1	des	0.8690476190476191	0.13095238095238096	0.5	TRUE	FALSE	FALSE	FALSE	FALSE	FALSE	des_specific_instable
RvY_01361-1	1	des	0.8690476190476191	0.13095238095238096	0.5	TRUE	FALSE	FALSE	FALSE	FALSE	FALSE	des_specific_instable
RvY_01383-1	1	des	0.8690476190476191	0.13095238095238096	0.5	TRUE	FALSE	FALSE	FALSE	FALSE	FALSE	des_specific_instable
RvY_01431-1	1	des	0.8690476190476191	0.13095238095238096	0.5	TRUE	FALSE	FALSE	FALSE	FALSE	FALSE	des_specific_instable
RvY_01433-1	1	des	0.8690476190476191	0.13095238095238096	0.5	TRUE	FALSE	FALSE	FALSE	FALSE	FALSE	des_specific_instable
RvY_01477	1	des	0.8690476190476191	0.13095238095238096	0.5	TRUE	FALSE	FALSE	FALSE	FALSE	FALSE	des_specific_instable
RvY_01510-1	1	des	0.8690476190476191	0.13095238095238096	0.5	TRUE	FALSE	FALSE	FALSE	FALSE	FALSE	des_specific_instable
RvY_01533-1	1	des	0.8690476190476191	0.13095238095238096	0.5	TRUE	FALSE	FALSE	FALSE	FALSE	FALSE	des_specific_instable
RvY_01657-1	1	des	0.8690476190476191	0.13095238095238096	0.5	TRUE	FALSE	FALSE	FALSE	FALSE	FALSE	des_specific_instable
RvY_01701-1	1	des	0.8690476190476191	0.13095238095238096	0.5	TRUE	FALSE	FALSE	FALSE	FALSE	FALSE	des_specific_instable
RvY_02037-1	1	des	0.8690476190476191	0.13095238095238096	0.5	TRUE	FALSE	FALSE	FALSE	FALSE	FALSE	des_specific_instable
RvY_02256-1	1	des	0.8690476190476191	0.13095238095238096	0.5	TRUE	FALSE	FALSE	FALSE	FALSE	FALSE	des_specific_instable
RvY_02344-1	1	des	0.8690476190476191	0.13095238095238096	0.5	TRUE	FALSE	FALSE	FALSE	FALSE	FALSE	des_specific_instable
RvY_02357-1	1	des	0.8690476190476191	0.13095238095238096	0.5	TRUE	FALSE	FALSE	FALSE	FALSE	FALSE	des_specific_instable
RvY_02478-1	1	des	0.8690476190476191	0.13095238095238096	0.5	TRUE	FALSE	FALSE	FALSE	FALSE	FALSE	des_specific_instable
RvY_02674	1	des	0.8690476190476191	0.13095238095238096	0.5	TRUE	FALSE	FALSE	FALSE	FALSE	FALSE	des_specific_instable
RvY_02712-1	1	des	0.8690476190476191	0.13095238095238096	0.5	TRUE	FALSE	FALSE	FALSE	FALSE	FALSE	des_specific_instable
RvY_02903-1	1	des	0.8690476190476191	0.13095238095238096	0.5	TRUE	FALSE	FALSE	FALSE	FALSE	FALSE	des_specific_instable
RvY_02949-1	1	des	0.8690476190476191	0.13095238095238096	0.5	TRUE	FALSE	FALSE	FALSE	FALSE	FALSE	des_specific_instable
RvY_02950-1	1	des	0.8690476190476191	0.13095238095238096	0.5	TRUE	FALSE	FALSE	FALSE	FALSE	FALSE	des_specific_instable
RvY_03161	1	des	0.8690476190476191	0.13095238095238096	0.5	TRUE	FALSE	FALSE	FALSE	FALSE	FALSE	des_specific_instable
RvY_03366-1	1	des	0.8690476190476191	0.13095238095238096	0.5	TRUE	FALSE	FALSE	FALSE	FALSE	FALSE	des_specific_instable
RvY_03549-1	1	des	0.8690476190476191	0.13095238095238096	0.5	TRUE	FALSE	FALSE	FALSE	FALSE	FALSE	des_specific_instable
RvY_03646-1	1	des	0.8690476190476191	0.13095238095238096	0.5	TRUE	FALSE	FALSE	FALSE	FALSE	FALSE	des_specific_instable
RvY_03661-1	1	des	0.8690476190476191	0.13095238095238096	0.5	TRUE	FALSE	FALSE	FALSE	FALSE	FALSE	des_specific_instable
RvY_03782-1	1	des	0.8690476190476191	0.13095238095238096	0.5	TRUE	FALSE	FALSE	FALSE	FALSE	FALSE	des_specific_instable
RvY_03923-1	1	des	0.8690476190476191	0.13095238095238096	0.5	TRUE	FALSE	FALSE	FALSE	FALSE	FALSE	des_specific_instable
RvY_03945-1	1	des	0.8690476190476191	0.13095238095238096	0.5	TRUE	FALSE	FALSE	FALSE	FALSE	FALSE	des_specific_instable
RvY_03995-1	1	des	0.8690476190476191	0.13095238095238096	0.5	TRUE	FALSE	FALSE	FALSE	FALSE	FALSE	des_specific_instable
RvY_04228	1	des	0.8690476190476191	0.13095238095238096	0.5	TRUE	FALSE	FALSE	FALSE	FALSE	FALSE	des_specific_instable
RvY_04361-1	1	des	0.8690476190476191	0.13095238095238096	0.5	TRUE	FALSE	FALSE	FALSE	FALSE	FALSE	des_specific_instable
RvY_04473-1	1	des	0.8690476190476191	0.13095238095238096	0.5	TRUE	FALSE	FALSE	FALSE	FALSE	FALSE	des_specific_instable
RvY_04504-1	1	des	0.8690476190476191	0.13095238095238096	0.5	TRUE	FALSE	FALSE	FALSE	FALSE	FALSE	des_specific_instable
RvY_04555-1	1	des	0.8690476190476191	0.13095238095238096	0.5	TRUE	FALSE	FALSE	FALSE	FALSE	FALSE	des_specific_instable
RvY_04626-1	1	des	0.8690476190476191	0.13095238095238096	0.5	TRUE	FALSE	FALSE	FALSE	FALSE	FALSE	des_specific_instable
RvY_04713-1	1	des	0.8690476190476191	0.13095238095238096	0.5	TRUE	FALSE	FALSE	FALSE	FALSE	FALSE	des_specific_instable
RvY_04750-1	1	des	0.8690476190476191	0.13095238095238096	0.5	TRUE	FALSE	FALSE	FALSE	FALSE	FALSE	des_specific_instable
RvY_04889-1	1	des	0.8690476190476191	0.13095238095238096	0.5	TRUE	FALSE	FALSE	FALSE	FALSE	FALSE	des_specific_instable
RvY_04890	1	des	0.8690476190476191	0.13095238095238096	0.5	TRUE	FALSE	FALSE	FALSE	FALSE	FALSE	des_specific_instable
RvY_05027-1	1	des	0.8690476190476191	0.13095238095238096	0.5	TRUE	FALSE	FALSE	FALSE	FALSE	FALSE	des_specific_instable
RvY_05074-1	1	des	0.8690476190476191	0.13095238095238096	0.5	TRUE	FALSE	FALSE	FALSE	FALSE	FALSE	des_specific_instable
RvY_05232-1	1	des	0.8690476190476191	0.13095238095238096	0.5	TRUE	FALSE	FALSE	FALSE	FALSE	FALSE	des_specific_instable
RvY_05271-1	1	des	0.8690476190476191	0.13095238095238096	0.5	TRUE	FALSE	FALSE	FALSE	FALSE	FALSE	des_specific_instable
RvY_05381-1	1	des	0.8690476190476191	0.13095238095238096	0.5	TRUE	FALSE	FALSE	FALSE	FALSE	FALSE	des_specific_instable
RvY_05390	1	des	0.8690476190476191	0.13095238095238096	0.5	TRUE	FALSE	FALSE	FALSE	FALSE	FALSE	des_specific_instable
RvY_05408-1	1	des	0.8690476190476191	0.13095238095238096	0.5	TRUE	FALSE	FALSE	FALSE	FALSE	FALSE	des_specific_instable
RvY_05425	1	des	0.8690476190476191	0.13095238095238096	0.5	TRUE	FALSE	FALSE	FALSE	FALSE	FALSE	des_specific_instable
RvY_05512	1	des	0.8690476190476191	0.13095238095238096	0.5	TRUE	FALSE	FALSE	FALSE	FALSE	FALSE	des_specific_instable
RvY_05607-1	1	des	0.8690476190476191	0.13095238095238096	0.5	TRUE	FALSE	FALSE	FALSE	FALSE	FALSE	des_specific_instable
RvY_05643-1	1	des	0.8690476190476191	0.13095238095238096	0.5	TRUE	FALSE	FALSE	FALSE	FALSE	FALSE	des_specific_instable
RvY_05740-1	1	des	0.8690476190476191	0.13095238095238096	0.5	TRUE	FALSE	FALSE	FALSE	FALSE	FALSE	des_specific_instable
RvY_05832-1	1	des	0.8690476190476191	0.13095238095238096	0.5	TRUE	FALSE	FALSE	FALSE	FALSE	FALSE	des_specific_instable
RvY_05950-1	1	des	0.8690476190476191	0.13095238095238096	0.5	TRUE	FALSE	FALSE	FALSE	FALSE	FALSE	des_specific_instable
RvY_05967-1	1	des	0.8690476190476191	0.13095238095238096	0.5	TRUE	FALSE	FALSE	FALSE	FALSE	FALSE	des_specific_instable
RvY_06060-1	1	des	0.8690476190476191	0.13095238095238096	0.5	TRUE	FALSE	FALSE	FALSE	FALSE	FALSE	des_specific_instable
RvY_06103-1	1	des	0.8690476190476191	0.13095238095238096	0.5	TRUE	FALSE	FALSE	FALSE	FALSE	FALSE	des_specific_instable
RvY_06116	1	des	0.8690476190476191	0.13095238095238096	0.5	TRUE	FALSE	FALSE	FALSE	FALSE	FALSE	des_specific_instable
RvY_06318	1	des	0.8690476190476191	0.13095238095238096	0.5	TRUE	FALSE	FALSE	FALSE	FALSE	FALSE	des_specific_instable
RvY_06393	1	des	0.8690476190476191	0.13095238095238096	0.5	TRUE	FALSE	FALSE	FALSE	FALSE	FALSE	des_specific_instable
RvY_06607-1	1	des	0.8690476190476191	0.13095238095238096	0.5	TRUE	FALSE	FALSE	FALSE	FALSE	FALSE	des_specific_instable
RvY_06646-1	1	des	0.8690476190476191	0.13095238095238096	0.5	TRUE	FALSE	FALSE	FALSE	FALSE	FALSE	des_specific_instable
RvY_06647-1	1	des	0.8690476190476191	0.13095238095238096	0.5	TRUE	FALSE	FALSE	FALSE	FALSE	FALSE	des_specific_instable
RvY_06650-1	1	des	0.8690476190476191	0.13095238095238096	0.5	TRUE	FALSE	FALSE	FALSE	FALSE	FALSE	des_specific_instable
RvY_06791-1	1	des	0.8690476190476191	0.13095238095238096	0.5	TRUE	FALSE	FALSE	FALSE	FALSE	FALSE	des_specific_instable
RvY_06817-1	1	des	0.8690476190476191	0.13095238095238096	0.5	TRUE	FALSE	FALSE	FALSE	FALSE	FALSE	des_specific_instable
RvY_06918-1	1	des	0.8690476190476191	0.13095238095238096	0.5	TRUE	FALSE	FALSE	FALSE	FALSE	FALSE	des_specific_instable
RvY_06982-1	1	des	0.8690476190476191	0.13095238095238096	0.5	TRUE	FALSE	FALSE	FALSE	FALSE	FALSE	des_specific_instable
RvY_07073	1	des	0.8690476190476191	0.13095238095238096	0.5	TRUE	FALSE	FALSE	FALSE	FALSE	FALSE	des_specific_instable
RvY_07094-1	1	des	0.8690476190476191	0.13095238095238096	0.5	TRUE	FALSE	FALSE	FALSE	FALSE	FALSE	des_specific_instable
RvY_07220-1	1	des	0.8690476190476191	0.13095238095238096	0.5	TRUE	FALSE	FALSE	FALSE	FALSE	FALSE	des_specific_instable
RvY_07401-1	1	des	0.8690476190476191	0.13095238095238096	0.5	TRUE	FALSE	FALSE	FALSE	FALSE	FALSE	des_specific_instable
RvY_07410-1	1	des	0.8690476190476191	0.13095238095238096	0.5	TRUE	FALSE	FALSE	FALSE	FALSE	FALSE	des_specific_instable
RvY_07455	1	des	0.8690476190476191	0.13095238095238096	0.5	TRUE	FALSE	FALSE	FALSE	FALSE	FALSE	des_specific_instable
RvY_07509-1	1	des	0.8690476190476191	0.13095238095238096	0.5	TRUE	FALSE	FALSE	FALSE	FALSE	FALSE	des_specific_instable
RvY_07601-1	1	des	0.8690476190476191	0.13095238095238096	0.5	TRUE	FALSE	FALSE	FALSE	FALSE	FALSE	des_specific_instable
RvY_07664-1	1	des	0.8690476190476191	0.13095238095238096	0.5	TRUE	FALSE	FALSE	FALSE	FALSE	FALSE	des_specific_instable
RvY_07730-1	1	des	0.8690476190476191	0.13095238095238096	0.5	TRUE	FALSE	FALSE	FALSE	FALSE	FALSE	des_specific_instable
RvY_07881-1	1	des	0.8690476190476191	0.13095238095238096	0.5	TRUE	FALSE	FALSE	FALSE	FALSE	FALSE	des_specific_instable
RvY_07938-1	1	des	0.8690476190476191	0.13095238095238096	0.5	TRUE	FALSE	FALSE	FALSE	FALSE	FALSE	des_specific_instable
RvY_08035-1	1	des	0.8690476190476191	0.13095238095238096	0.5	TRUE	FALSE	FALSE	FALSE	FALSE	FALSE	des_specific_instable
RvY_08080-1	1	des	0.8690476190476191	0.13095238095238096	0.5	TRUE	FALSE	FALSE	FALSE	FALSE	FALSE	des_specific_instable
RvY_08126-1	1	des	0.8690476190476191	0.13095238095238096	0.5	TRUE	FALSE	FALSE	FALSE	FALSE	FALSE	des_specific_instable
RvY_08232	1	des	0.8690476190476191	0.13095238095238096	0.5	TRUE	FALSE	FALSE	FALSE	FALSE	FALSE	des_specific_instable
RvY_08298-1	1	des	0.8690476190476191	0.13095238095238096	0.5	TRUE	FALSE	FALSE	FALSE	FALSE	FALSE	des_specific_instable
RvY_08516-1	1	des	0.8690476190476191	0.13095238095238096	0.5	TRUE	FALSE	FALSE	FALSE	FALSE	FALSE	des_specific_instable
RvY_08638-1	1	des	0.8690476190476191	0.13095238095238096	0.5	TRUE	FALSE	FALSE	FALSE	FALSE	FALSE	des_specific_instable
RvY_08767	1	des	0.8690476190476191	0.13095238095238096	0.5	TRUE	FALSE	FALSE	FALSE	FALSE	FALSE	des_specific_instable
RvY_08803-1	1	des	0.8690476190476191	0.13095238095238096	0.5	TRUE	FALSE	FALSE	FALSE	FALSE	FALSE	des_specific_instable
RvY_08866-1	1	des	0.8690476190476191	0.13095238095238096	0.5	TRUE	FALSE	FALSE	FALSE	FALSE	FALSE	des_specific_instable
RvY_08931-1	1	des	0.8690476190476191	0.13095238095238096	0.5	TRUE	FALSE	FALSE	FALSE	FALSE	FALSE	des_specific_instable
RvY_09269-1	1	des	0.8690476190476191	0.13095238095238096	0.5	TRUE	FALSE	FALSE	FALSE	FALSE	FALSE	des_specific_instable
RvY_09311-1	1	des	0.8690476190476191	0.13095238095238096	0.5	TRUE	FALSE	FALSE	FALSE	FALSE	FALSE	des_specific_instable
RvY_09349-1	1	des	0.8690476190476191	0.13095238095238096	0.5	TRUE	FALSE	FALSE	FALSE	FALSE	FALSE	des_specific_instable
RvY_09393-1	1	des	0.8690476190476191	0.13095238095238096	0.5	TRUE	FALSE	FALSE	FALSE	FALSE	FALSE	des_specific_instable
RvY_09396-1	1	des	0.8690476190476191	0.13095238095238096	0.5	TRUE	FALSE	FALSE	FALSE	FALSE	FALSE	des_specific_instable
RvY_09463-1	1	des	0.8690476190476191	0.13095238095238096	0.5	TRUE	FALSE	FALSE	FALSE	FALSE	FALSE	des_specific_instable
RvY_09482	1	des	0.8690476190476191	0.13095238095238096	0.5	TRUE	FALSE	FALSE	FALSE	FALSE	FALSE	des_specific_instable
RvY_09575-1	1	des	0.8690476190476191	0.13095238095238096	0.5	TRUE	FALSE	FALSE	FALSE	FALSE	FALSE	des_specific_instable
RvY_09677	1	des	0.8690476190476191	0.13095238095238096	0.5	TRUE	FALSE	FALSE	FALSE	FALSE	FALSE	des_specific_instable
RvY_09937-1	1	des	0.8690476190476191	0.13095238095238096	0.5	TRUE	FALSE	FALSE	FALSE	FALSE	FALSE	des_specific_instable
RvY_10056-1	1	des	0.8690476190476191	0.13095238095238096	0.5	TRUE	FALSE	FALSE	FALSE	FALSE	FALSE	des_specific_instable
RvY_10076-1	1	des	0.8690476190476191	0.13095238095238096	0.5	TRUE	FALSE	FALSE	FALSE	FALSE	FALSE	des_specific_instable
RvY_10100	1	des	0.8690476190476191	0.13095238095238096	0.5	TRUE	FALSE	FALSE	FALSE	FALSE	FALSE	des_specific_instable
RvY_10200-1	1	des	0.8690476190476191	0.13095238095238096	0.5	TRUE	FALSE	FALSE	FALSE	FALSE	FALSE	des_specific_instable
RvY_10207-1	1	des	0.8690476190476191	0.13095238095238096	0.5	TRUE	FALSE	FALSE	FALSE	FALSE	FALSE	des_specific_instable
RvY_10256-1	1	des	0.8690476190476191	0.13095238095238096	0.5	TRUE	FALSE	FALSE	FALSE	FALSE	FALSE	des_specific_instable
RvY_10278-1	1	des	0.8690476190476191	0.13095238095238096	0.5	TRUE	FALSE	FALSE	FALSE	FALSE	FALSE	des_specific_instable
RvY_10415-1	1	des	0.8690476190476191	0.13095238095238096	0.5	TRUE	FALSE	FALSE	FALSE	FALSE	FALSE	des_specific_instable
RvY_10521	1	des	0.8690476190476191	0.13095238095238096	0.5	TRUE	FALSE	FALSE	FALSE	FALSE	FALSE	des_specific_instable
RvY_10548	1	des	0.8690476190476191	0.13095238095238096	0.5	TRUE	FALSE	FALSE	FALSE	FALSE	FALSE	des_specific_instable
RvY_10573-1	1	des	0.8690476190476191	0.13095238095238096	0.5	TRUE	FALSE	FALSE	FALSE	FALSE	FALSE	des_specific_instable
RvY_10683-1	1	des	0.8690476190476191	0.13095238095238096	0.5	TRUE	FALSE	FALSE	FALSE	FALSE	FALSE	des_specific_instable
RvY_10700-1	1	des	0.8690476190476191	0.13095238095238096	0.5	TRUE	FALSE	FALSE	FALSE	FALSE	FALSE	des_specific_instable
RvY_10730-1	1	des	0.8690476190476191	0.13095238095238096	0.5	TRUE	FALSE	FALSE	FALSE	FALSE	FALSE	des_specific_instable
RvY_10750-1	1	des	0.8690476190476191	0.13095238095238096	0.5	TRUE	FALSE	FALSE	FALSE	FALSE	FALSE	des_specific_instable
RvY_10864-1	1	des	0.8690476190476191	0.13095238095238096	0.5	TRUE	FALSE	FALSE	FALSE	FALSE	FALSE	des_specific_instable
RvY_10956-1	1	des	0.8690476190476191	0.13095238095238096	0.5	TRUE	FALSE	FALSE	FALSE	FALSE	FALSE	des_specific_instable
RvY_10959-1	1	des	0.8690476190476191	0.13095238095238096	0.5	TRUE	FALSE	FALSE	FALSE	FALSE	FALSE	des_specific_instable
RvY_11024-1	1	des	0.8690476190476191	0.13095238095238096	0.5	TRUE	FALSE	FALSE	FALSE	FALSE	FALSE	des_specific_instable
RvY_11167-1	1	des	0.8690476190476191	0.13095238095238096	0.5	TRUE	FALSE	FALSE	FALSE	FALSE	FALSE	des_specific_instable
RvY_11277-1	1	des	0.8690476190476191	0.13095238095238096	0.5	TRUE	FALSE	FALSE	FALSE	FALSE	FALSE	des_specific_instable
RvY_11333-1	1	des	0.8690476190476191	0.13095238095238096	0.5	TRUE	FALSE	FALSE	FALSE	FALSE	FALSE	des_specific_instable
RvY_11374-1	1	des	0.8690476190476191	0.13095238095238096	0.5	TRUE	FALSE	FALSE	FALSE	FALSE	FALSE	des_specific_instable
RvY_11679-1	1	des	0.8690476190476191	0.13095238095238096	0.5	TRUE	FALSE	FALSE	FALSE	FALSE	FALSE	des_specific_instable
RvY_11699-1	1	des	0.8690476190476191	0.13095238095238096	0.5	TRUE	FALSE	FALSE	FALSE	FALSE	FALSE	des_specific_instable
RvY_11733-1	1	des	0.8690476190476191	0.13095238095238096	0.5	TRUE	FALSE	FALSE	FALSE	FALSE	FALSE	des_specific_instable
RvY_11737	1	des	0.8690476190476191	0.13095238095238096	0.5	TRUE	FALSE	FALSE	FALSE	FALSE	FALSE	des_specific_instable
RvY_12014-1	1	des	0.8690476190476191	0.13095238095238096	0.5	TRUE	FALSE	FALSE	FALSE	FALSE	FALSE	des_specific_instable
RvY_12205-1	1	des	0.8690476190476191	0.13095238095238096	0.5	TRUE	FALSE	FALSE	FALSE	FALSE	FALSE	des_specific_instable
RvY_12261-1	1	des	0.8690476190476191	0.13095238095238096	0.5	TRUE	FALSE	FALSE	FALSE	FALSE	FALSE	des_specific_instable
RvY_12370-1	1	des	0.8690476190476191	0.13095238095238096	0.5	TRUE	FALSE	FALSE	FALSE	FALSE	FALSE	des_specific_instable
RvY_12554-1	1	des	0.8690476190476191	0.13095238095238096	0.5	TRUE	FALSE	FALSE	FALSE	FALSE	FALSE	des_specific_instable
RvY_12653-1	1	des	0.8690476190476191	0.13095238095238096	0.5	TRUE	FALSE	FALSE	FALSE	FALSE	FALSE	des_specific_instable
RvY_12667-1	1	des	0.8690476190476191	0.13095238095238096	0.5	TRUE	FALSE	FALSE	FALSE	FALSE	FALSE	des_specific_instable
RvY_12835-1	1	des	0.8690476190476191	0.13095238095238096	0.5	TRUE	FALSE	FALSE	FALSE	FALSE	FALSE	des_specific_instable
RvY_12907-1	1	des	0.8690476190476191	0.13095238095238096	0.5	TRUE	FALSE	FALSE	FALSE	FALSE	FALSE	des_specific_instable
RvY_12914-1	1	des	0.8690476190476191	0.13095238095238096	0.5	TRUE	FALSE	FALSE	FALSE	FALSE	FALSE	des_specific_instable
RvY_12916-1	1	des	0.8690476190476191	0.13095238095238096	0.5	TRUE	FALSE	FALSE	FALSE	FALSE	FALSE	des_specific_instable
RvY_12980-1	1	des	0.8690476190476191	0.13095238095238096	0.5	TRUE	FALSE	FALSE	FALSE	FALSE	FALSE	des_specific_instable
RvY_13102-1	1	des	0.8690476190476191	0.13095238095238096	0.5	TRUE	FALSE	FALSE	FALSE	FALSE	FALSE	des_specific_instable
RvY_13115-1	1	des	0.8690476190476191	0.13095238095238096	0.5	TRUE	FALSE	FALSE	FALSE	FALSE	FALSE	des_specific_instable
RvY_13288-1	1	des	0.8690476190476191	0.13095238095238096	0.5	TRUE	FALSE	FALSE	FALSE	FALSE	FALSE	des_specific_instable
RvY_13400-1	1	des	0.8690476190476191	0.13095238095238096	0.5	TRUE	FALSE	FALSE	FALSE	FALSE	FALSE	des_specific_instable
RvY_13449-1	1	des	0.8690476190476191	0.13095238095238096	0.5	TRUE	FALSE	FALSE	FALSE	FALSE	FALSE	des_specific_instable
RvY_13515-1	1	des	0.8690476190476191	0.13095238095238096	0.5	TRUE	FALSE	FALSE	FALSE	FALSE	FALSE	des_specific_instable
RvY_13717-1	1	des	0.8690476190476191	0.13095238095238096	0.5	TRUE	FALSE	FALSE	FALSE	FALSE	FALSE	des_specific_instable
RvY_13738-1	1	des	0.8690476190476191	0.13095238095238096	0.5	TRUE	FALSE	FALSE	FALSE	FALSE	FALSE	des_specific_instable
RvY_13741-1	1	des	0.8690476190476191	0.13095238095238096	0.5	TRUE	FALSE	FALSE	FALSE	FALSE	FALSE	des_specific_instable
RvY_13787-1	1	des	0.8690476190476191	0.13095238095238096	0.5	TRUE	FALSE	FALSE	FALSE	FALSE	FALSE	des_specific_instable
RvY_13977-1	1	des	0.8690476190476191	0.13095238095238096	0.5	TRUE	FALSE	FALSE	FALSE	FALSE	FALSE	des_specific_instable
RvY_14059-1	1	des	0.8690476190476191	0.13095238095238096	0.5	TRUE	FALSE	FALSE	FALSE	FALSE	FALSE	des_specific_instable
RvY_14078-1	1	des	0.8690476190476191	0.13095238095238096	0.5	TRUE	FALSE	FALSE	FALSE	FALSE	FALSE	des_specific_instable
RvY_14109-1	1	des	0.8690476190476191	0.13095238095238096	0.5	TRUE	FALSE	FALSE	FALSE	FALSE	FALSE	des_specific_instable
RvY_14171-1	1	des	0.8690476190476191	0.13095238095238096	0.5	TRUE	FALSE	FALSE	FALSE	FALSE	FALSE	des_specific_instable
RvY_14225	1	des	0.8690476190476191	0.13095238095238096	0.5	TRUE	FALSE	FALSE	FALSE	FALSE	FALSE	des_specific_instable
RvY_14388-1	1	des	0.8690476190476191	0.13095238095238096	0.5	TRUE	FALSE	FALSE	FALSE	FALSE	FALSE	des_specific_instable
RvY_14393-1	1	des	0.8690476190476191	0.13095238095238096	0.5	TRUE	FALSE	FALSE	FALSE	FALSE	FALSE	des_specific_instable
RvY_14429	1	des	0.8690476190476191	0.13095238095238096	0.5	TRUE	FALSE	FALSE	FALSE	FALSE	FALSE	des_specific_instable
RvY_14499-1	1	des	0.8690476190476191	0.13095238095238096	0.5	TRUE	FALSE	FALSE	FALSE	FALSE	FALSE	des_specific_instable
RvY_14525-1	1	des	0.8690476190476191	0.13095238095238096	0.5	TRUE	FALSE	FALSE	FALSE	FALSE	FALSE	des_specific_instable
RvY_14653-1	1	des	0.8690476190476191	0.13095238095238096	0.5	TRUE	FALSE	FALSE	FALSE	FALSE	FALSE	des_specific_instable
RvY_14659-1	1	des	0.8690476190476191	0.13095238095238096	0.5	TRUE	FALSE	FALSE	FALSE	FALSE	FALSE	des_specific_instable
RvY_14722-1	1	des	0.8690476190476191	0.13095238095238096	0.5	TRUE	FALSE	FALSE	FALSE	FALSE	FALSE	des_specific_instable
RvY_14814-1	1	des	0.8690476190476191	0.13095238095238096	0.5	TRUE	FALSE	FALSE	FALSE	FALSE	FALSE	des_specific_instable
RvY_14891-1	1	des	0.8690476190476191	0.13095238095238096	0.5	TRUE	FALSE	FALSE	FALSE	FALSE	FALSE	des_specific_instable
RvY_14959-1	1	des	0.8690476190476191	0.13095238095238096	0.5	TRUE	FALSE	FALSE	FALSE	FALSE	FALSE	des_specific_instable
RvY_15023-1	1	des	0.8690476190476191	0.13095238095238096	0.5	TRUE	FALSE	FALSE	FALSE	FALSE	FALSE	des_specific_instable
RvY_15028-1	1	des	0.8690476190476191	0.13095238095238096	0.5	TRUE	FALSE	FALSE	FALSE	FALSE	FALSE	des_specific_instable
RvY_15076-1	1	des	0.8690476190476191	0.13095238095238096	0.5	TRUE	FALSE	FALSE	FALSE	FALSE	FALSE	des_specific_instable
RvY_15214-1	1	des	0.8690476190476191	0.13095238095238096	0.5	TRUE	FALSE	FALSE	FALSE	FALSE	FALSE	des_specific_instable
RvY_15248-1	1	des	0.8690476190476191	0.13095238095238096	0.5	TRUE	FALSE	FALSE	FALSE	FALSE	FALSE	des_specific_instable
RvY_15305-1	1	des	0.8690476190476191	0.13095238095238096	0.5	TRUE	FALSE	FALSE	FALSE	FALSE	FALSE	des_specific_instable
RvY_15328-1	1	des	0.8690476190476191	0.13095238095238096	0.5	TRUE	FALSE	FALSE	FALSE	FALSE	FALSE	des_specific_instable
RvY_15386-1	1	des	0.8690476190476191	0.13095238095238096	0.5	TRUE	FALSE	FALSE	FALSE	FALSE	FALSE	des_specific_instable
RvY_15425-1	1	des	0.8690476190476191	0.13095238095238096	0.5	TRUE	FALSE	FALSE	FALSE	FALSE	FALSE	des_specific_instable
RvY_15537-1	1	des	0.8690476190476191	0.13095238095238096	0.5	TRUE	FALSE	FALSE	FALSE	FALSE	FALSE	des_specific_instable
RvY_15540-1	1	des	0.8690476190476191	0.13095238095238096	0.5	TRUE	FALSE	FALSE	FALSE	FALSE	FALSE	des_specific_instable
RvY_15608	1	des	0.8690476190476191	0.13095238095238096	0.5	TRUE	FALSE	FALSE	FALSE	FALSE	FALSE	des_specific_instable
RvY_15810	1	des	0.8690476190476191	0.13095238095238096	0.5	TRUE	FALSE	FALSE	FALSE	FALSE	FALSE	des_specific_instable
RvY_15856-1	1	des	0.8690476190476191	0.13095238095238096	0.5	TRUE	FALSE	FALSE	FALSE	FALSE	FALSE	des_specific_instable
RvY_15968-1	1	des	0.8690476190476191	0.13095238095238096	0.5	TRUE	FALSE	FALSE	FALSE	FALSE	FALSE	des_specific_instable
RvY_15970-1	1	des	0.8690476190476191	0.13095238095238096	0.5	TRUE	FALSE	FALSE	FALSE	FALSE	FALSE	des_specific_instable
RvY_15992-1	1	des	0.8690476190476191	0.13095238095238096	0.5	TRUE	FALSE	FALSE	FALSE	FALSE	FALSE	des_specific_instable
RvY_16007	1	des	0.8690476190476191	0.13095238095238096	0.5	TRUE	FALSE	FALSE	FALSE	FALSE	FALSE	des_specific_instable
RvY_16033-1	1	des	0.8690476190476191	0.13095238095238096	0.5	TRUE	FALSE	FALSE	FALSE	FALSE	FALSE	des_specific_instable
RvY_16127-1	1	des	0.8690476190476191	0.13095238095238096	0.5	TRUE	FALSE	FALSE	FALSE	FALSE	FALSE	des_specific_instable
RvY_16183-1	1	des	0.8690476190476191	0.13095238095238096	0.5	TRUE	FALSE	FALSE	FALSE	FALSE	FALSE	des_specific_instable
RvY_16325-1	1	des	0.8690476190476191	0.13095238095238096	0.5	TRUE	FALSE	FALSE	FALSE	FALSE	FALSE	des_specific_instable
RvY_16484	1	des	0.8690476190476191	0.13095238095238096	0.5	TRUE	FALSE	FALSE	FALSE	FALSE	FALSE	des_specific_instable
RvY_16523-1	1	des	0.8690476190476191	0.13095238095238096	0.5	TRUE	FALSE	FALSE	FALSE	FALSE	FALSE	des_specific_instable
RvY_16634-1	1	des	0.8690476190476191	0.13095238095238096	0.5	TRUE	FALSE	FALSE	FALSE	FALSE	FALSE	des_specific_instable
RvY_16657-1	1	des	0.8690476190476191	0.13095238095238096	0.5	TRUE	FALSE	FALSE	FALSE	FALSE	FALSE	des_specific_instable
RvY_16663-1	1	des	0.8690476190476191	0.13095238095238096	0.5	TRUE	FALSE	FALSE	FALSE	FALSE	FALSE	des_specific_instable
RvY_16951-1	1	des	0.8690476190476191	0.13095238095238096	0.5	TRUE	FALSE	FALSE	FALSE	FALSE	FALSE	des_specific_instable
RvY_16960-1	1	des	0.8690476190476191	0.13095238095238096	0.5	TRUE	FALSE	FALSE	FALSE	FALSE	FALSE	des_specific_instable
RvY_17067-1	1	des	0.8690476190476191	0.13095238095238096	0.5	TRUE	FALSE	FALSE	FALSE	FALSE	FALSE	des_specific_instable
RvY_17114-1	1	des	0.8690476190476191	0.13095238095238096	0.5	TRUE	FALSE	FALSE	FALSE	FALSE	FALSE	des_specific_instable
RvY_17132	1	des	0.8690476190476191	0.13095238095238096	0.5	TRUE	FALSE	FALSE	FALSE	FALSE	FALSE	des_specific_instable
RvY_17398-1	1	des	0.8690476190476191	0.13095238095238096	0.5	TRUE	FALSE	FALSE	FALSE	FALSE	FALSE	des_specific_instable
RvY_17447-1	1	des	0.8690476190476191	0.13095238095238096	0.5	TRUE	FALSE	FALSE	FALSE	FALSE	FALSE	des_specific_instable
RvY_17513-1	1	des	0.8690476190476191	0.13095238095238096	0.5	TRUE	FALSE	FALSE	FALSE	FALSE	FALSE	des_specific_instable
RvY_17523-1	1	des	0.8690476190476191	0.13095238095238096	0.5	TRUE	FALSE	FALSE	FALSE	FALSE	FALSE	des_specific_instable
RvY_17584	1	des	0.8690476190476191	0.13095238095238096	0.5	TRUE	FALSE	FALSE	FALSE	FALSE	FALSE	des_specific_instable
RvY_17651-1	1	des	0.8690476190476191	0.13095238095238096	0.5	TRUE	FALSE	FALSE	FALSE	FALSE	FALSE	des_specific_instable
RvY_17823-1	1	des	0.8690476190476191	0.13095238095238096	0.5	TRUE	FALSE	FALSE	FALSE	FALSE	FALSE	des_specific_instable
RvY_18060-1	1	des	0.8690476190476191	0.13095238095238096	0.5	TRUE	FALSE	FALSE	FALSE	FALSE	FALSE	des_specific_instable
RvY_18098-1	1	des	0.8690476190476191	0.13095238095238096	0.5	TRUE	FALSE	FALSE	FALSE	FALSE	FALSE	des_specific_instable
RvY_18276-1	1	des	0.8690476190476191	0.13095238095238096	0.5	TRUE	FALSE	FALSE	FALSE	FALSE	FALSE	des_specific_instable
RvY_18311-1	1	des	0.8690476190476191	0.13095238095238096	0.5	TRUE	FALSE	FALSE	FALSE	FALSE	FALSE	des_specific_instable
RvY_18315-1	1	des	0.8690476190476191	0.13095238095238096	0.5	TRUE	FALSE	FALSE	FALSE	FALSE	FALSE	des_specific_instable
RvY_18389	1	des	0.8690476190476191	0.13095238095238096	0.5	TRUE	FALSE	FALSE	FALSE	FALSE	FALSE	des_specific_instable
RvY_18552-1	1	des	0.8690476190476191	0.13095238095238096	0.5	TRUE	FALSE	FALSE	FALSE	FALSE	FALSE	des_specific_instable
RvY_18602	1	des	0.8690476190476191	0.13095238095238096	0.5	TRUE	FALSE	FALSE	FALSE	FALSE	FALSE	des_specific_instable
RvY_18610-1	1	des	0.8690476190476191	0.13095238095238096	0.5	TRUE	FALSE	FALSE	FALSE	FALSE	FALSE	des_specific_instable
RvY_18669-1	1	des	0.8690476190476191	0.13095238095238096	0.5	TRUE	FALSE	FALSE	FALSE	FALSE	FALSE	des_specific_instable
RvY_18696-1	1	des	0.8690476190476191	0.13095238095238096	0.5	TRUE	FALSE	FALSE	FALSE	FALSE	FALSE	des_specific_instable
RvY_18861-1	1	des	0.8690476190476191	0.13095238095238096	0.5	TRUE	FALSE	FALSE	FALSE	FALSE	FALSE	des_specific_instable
RvY_18936-1	1	des	0.8690476190476191	0.13095238095238096	0.5	TRUE	FALSE	FALSE	FALSE	FALSE	FALSE	des_specific_instable
RvY_18998	1	des	0.8690476190476191	0.13095238095238096	0.5	TRUE	FALSE	FALSE	FALSE	FALSE	FALSE	des_specific_instable
RvY_19000-1	1	des	0.8690476190476191	0.13095238095238096	0.5	TRUE	FALSE	FALSE	FALSE	FALSE	FALSE	des_specific_instable
RvY_19015-1	1	des	0.8690476190476191	0.13095238095238096	0.5	TRUE	FALSE	FALSE	FALSE	FALSE	FALSE	des_specific_instable
RvY_19050-1	1	des	0.8690476190476191	0.13095238095238096	0.5	TRUE	FALSE	FALSE	FALSE	FALSE	FALSE	des_specific_instable
RvY_19085-1	1	des	0.8690476190476191	0.13095238095238096	0.5	TRUE	FALSE	FALSE	FALSE	FALSE	FALSE	des_specific_instable
RvY_19192	1	des	0.8690476190476191	0.13095238095238096	0.5	TRUE	FALSE	FALSE	FALSE	FALSE	FALSE	des_specific_instable
RvY_00022-1	1	des	0.8720238095238095	0.1279761904761905	0.5	TRUE	FALSE	FALSE	FALSE	FALSE	FALSE	des_specific_instable
RvY_00441-1	1	des	0.8720238095238095	0.1279761904761905	0.5	TRUE	FALSE	FALSE	FALSE	FALSE	FALSE	des_specific_instable
RvY_00683-1	1	des	0.8720238095238095	0.1279761904761905	0.5	TRUE	FALSE	FALSE	FALSE	FALSE	FALSE	des_specific_instable
RvY_00781-1	1	des	0.8720238095238095	0.1279761904761905	0.5	TRUE	FALSE	FALSE	FALSE	FALSE	FALSE	des_specific_instable
RvY_01064-1	1	des	0.8720238095238095	0.1279761904761905	0.5	TRUE	FALSE	FALSE	FALSE	FALSE	FALSE	des_specific_instable
RvY_01093-1	1	des	0.8720238095238095	0.1279761904761905	0.5	TRUE	FALSE	FALSE	FALSE	FALSE	FALSE	des_specific_instable
RvY_01158-1	1	des	0.8720238095238095	0.1279761904761905	0.5	TRUE	FALSE	FALSE	FALSE	FALSE	FALSE	des_specific_instable
RvY_01499-1	1	des	0.8720238095238095	0.1279761904761905	0.5	TRUE	FALSE	FALSE	FALSE	FALSE	FALSE	des_specific_instable
RvY_01585-1	1	des	0.8720238095238095	0.1279761904761905	0.5	TRUE	FALSE	FALSE	FALSE	FALSE	FALSE	des_specific_instable
RvY_01609-1	1	des	0.8720238095238095	0.1279761904761905	0.5	TRUE	FALSE	FALSE	FALSE	FALSE	FALSE	des_specific_instable
RvY_02121-1	1	des	0.8720238095238095	0.1279761904761905	0.5	TRUE	FALSE	FALSE	FALSE	FALSE	FALSE	des_specific_instable
RvY_02197-1	1	des	0.8720238095238095	0.1279761904761905	0.5	TRUE	FALSE	FALSE	FALSE	FALSE	FALSE	des_specific_instable
RvY_02672-1	1	des	0.8720238095238095	0.1279761904761905	0.5	TRUE	FALSE	FALSE	FALSE	FALSE	FALSE	des_specific_instable
RvY_03304	1	des	0.8720238095238095	0.1279761904761905	0.5	TRUE	FALSE	FALSE	FALSE	FALSE	FALSE	des_specific_instable
RvY_03420	1	des	0.8720238095238095	0.1279761904761905	0.5	TRUE	FALSE	FALSE	FALSE	FALSE	FALSE	des_specific_instable
RvY_03481-1	1	des	0.8720238095238095	0.1279761904761905	0.5	TRUE	FALSE	FALSE	FALSE	FALSE	FALSE	des_specific_instable
RvY_03506	1	des	0.8720238095238095	0.1279761904761905	0.5	TRUE	FALSE	FALSE	FALSE	FALSE	FALSE	des_specific_instable
RvY_03835-1	1	des	0.8720238095238095	0.1279761904761905	0.5	TRUE	FALSE	FALSE	FALSE	FALSE	FALSE	des_specific_instable
RvY_04600	1	des	0.8720238095238095	0.1279761904761905	0.5	TRUE	FALSE	FALSE	FALSE	FALSE	FALSE	des_specific_instable
RvY_04763-1	1	des	0.8720238095238095	0.1279761904761905	0.5	TRUE	FALSE	FALSE	FALSE	FALSE	FALSE	des_specific_instable
RvY_05092-1	1	des	0.8720238095238095	0.1279761904761905	0.5	TRUE	FALSE	FALSE	FALSE	FALSE	FALSE	des_specific_instable
RvY_05107-1	1	des	0.8720238095238095	0.1279761904761905	0.5	TRUE	FALSE	FALSE	FALSE	FALSE	FALSE	des_specific_instable
RvY_05219-1	1	des	0.8720238095238095	0.1279761904761905	0.5	TRUE	FALSE	FALSE	FALSE	FALSE	FALSE	des_specific_instable
RvY_05871-1	1	des	0.8720238095238095	0.1279761904761905	0.5	TRUE	FALSE	FALSE	FALSE	FALSE	FALSE	des_specific_instable
RvY_05910	1	des	0.8720238095238095	0.1279761904761905	0.5	TRUE	FALSE	FALSE	FALSE	FALSE	FALSE	des_specific_instable
RvY_06087-1	1	des	0.8720238095238095	0.1279761904761905	0.5	TRUE	FALSE	FALSE	FALSE	FALSE	FALSE	des_specific_instable
RvY_06415-1	1	des	0.8720238095238095	0.1279761904761905	0.5	TRUE	FALSE	FALSE	FALSE	FALSE	FALSE	des_specific_instable
RvY_07013-1	1	des	0.8720238095238095	0.1279761904761905	0.5	TRUE	FALSE	FALSE	FALSE	FALSE	FALSE	des_specific_instable
RvY_07113-1	1	des	0.8720238095238095	0.1279761904761905	0.5	TRUE	FALSE	FALSE	FALSE	FALSE	FALSE	des_specific_instable
RvY_07130-1	1	des	0.8720238095238095	0.1279761904761905	0.5	TRUE	FALSE	FALSE	FALSE	FALSE	FALSE	des_specific_instable
RvY_07244-1	1	des	0.8720238095238095	0.1279761904761905	0.5	TRUE	FALSE	FALSE	FALSE	FALSE	FALSE	des_specific_instable
RvY_07270	1	des	0.8720238095238095	0.1279761904761905	0.5	TRUE	FALSE	FALSE	FALSE	FALSE	FALSE	des_specific_instable
RvY_07352-1	1	des	0.8720238095238095	0.1279761904761905	0.5	TRUE	FALSE	FALSE	FALSE	FALSE	FALSE	des_specific_instable
RvY_07382-1	1	des	0.8720238095238095	0.1279761904761905	0.5	TRUE	FALSE	FALSE	FALSE	FALSE	FALSE	des_specific_instable
RvY_07566	1	des	0.8720238095238095	0.1279761904761905	0.5	TRUE	FALSE	FALSE	FALSE	FALSE	FALSE	des_specific_instable
RvY_07647-1	1	des	0.8720238095238095	0.1279761904761905	0.5	TRUE	FALSE	FALSE	FALSE	FALSE	FALSE	des_specific_instable
RvY_07776-1	1	des	0.8720238095238095	0.1279761904761905	0.5	TRUE	FALSE	FALSE	FALSE	FALSE	FALSE	des_specific_instable
RvY_08047-1	1	des	0.8720238095238095	0.1279761904761905	0.5	TRUE	FALSE	FALSE	FALSE	FALSE	FALSE	des_specific_instable
RvY_08178-1	1	des	0.8720238095238095	0.1279761904761905	0.5	TRUE	FALSE	FALSE	FALSE	FALSE	FALSE	des_specific_instable
RvY_09214-1	1	des	0.8720238095238095	0.1279761904761905	0.5	TRUE	FALSE	FALSE	FALSE	FALSE	FALSE	des_specific_instable
RvY_09249-1	1	des	0.8720238095238095	0.1279761904761905	0.5	TRUE	FALSE	FALSE	FALSE	FALSE	FALSE	des_specific_instable
RvY_09252	1	des	0.8720238095238095	0.1279761904761905	0.5	TRUE	FALSE	FALSE	FALSE	FALSE	FALSE	des_specific_instable
RvY_09267	1	des	0.8720238095238095	0.1279761904761905	0.5	TRUE	FALSE	FALSE	FALSE	FALSE	FALSE	des_specific_instable
RvY_09332-1	1	des	0.8720238095238095	0.1279761904761905	0.5	TRUE	FALSE	FALSE	FALSE	FALSE	FALSE	des_specific_instable
RvY_09707-1	1	des	0.8720238095238095	0.1279761904761905	0.5	TRUE	FALSE	FALSE	FALSE	FALSE	FALSE	des_specific_instable
RvY_09772-1	1	des	0.8720238095238095	0.1279761904761905	0.5	TRUE	FALSE	FALSE	FALSE	FALSE	FALSE	des_specific_instable
RvY_09824-1	1	des	0.8720238095238095	0.1279761904761905	0.5	TRUE	FALSE	FALSE	FALSE	FALSE	FALSE	des_specific_instable
RvY_09827-1	1	des	0.8720238095238095	0.1279761904761905	0.5	TRUE	FALSE	FALSE	FALSE	FALSE	FALSE	des_specific_instable
RvY_10013	1	des	0.8720238095238095	0.1279761904761905	0.5	TRUE	FALSE	FALSE	FALSE	FALSE	FALSE	des_specific_instable
RvY_10022-1	1	des	0.8720238095238095	0.1279761904761905	0.5	TRUE	FALSE	FALSE	FALSE	FALSE	FALSE	des_specific_instable
RvY_10044-1	1	des	0.8720238095238095	0.1279761904761905	0.5	TRUE	FALSE	FALSE	FALSE	FALSE	FALSE	des_specific_instable
RvY_10371-1	1	des	0.8720238095238095	0.1279761904761905	0.5	TRUE	FALSE	FALSE	FALSE	FALSE	FALSE	des_specific_instable
RvY_10463-1	1	des	0.8720238095238095	0.1279761904761905	0.5	TRUE	FALSE	FALSE	FALSE	FALSE	FALSE	des_specific_instable
RvY_11063-1	1	des	0.8720238095238095	0.1279761904761905	0.5	TRUE	FALSE	FALSE	FALSE	FALSE	FALSE	des_specific_instable
RvY_11127-1	1	des	0.8720238095238095	0.1279761904761905	0.5	TRUE	FALSE	FALSE	FALSE	FALSE	FALSE	des_specific_instable
RvY_11267-1	1	des	0.8720238095238095	0.1279761904761905	0.5	TRUE	FALSE	FALSE	FALSE	FALSE	FALSE	des_specific_instable
RvY_11325-1	1	des	0.8720238095238095	0.1279761904761905	0.5	TRUE	FALSE	FALSE	FALSE	FALSE	FALSE	des_specific_instable
RvY_11880-1	1	des	0.8720238095238095	0.1279761904761905	0.5	TRUE	FALSE	FALSE	FALSE	FALSE	FALSE	des_specific_instable
RvY_11935-1	1	des	0.8720238095238095	0.1279761904761905	0.5	TRUE	FALSE	FALSE	FALSE	FALSE	FALSE	des_specific_instable
RvY_12746-1	1	des	0.8720238095238095	0.1279761904761905	0.5	TRUE	FALSE	FALSE	FALSE	FALSE	FALSE	des_specific_instable
RvY_13060-1	1	des	0.8720238095238095	0.1279761904761905	0.5	TRUE	FALSE	FALSE	FALSE	FALSE	FALSE	des_specific_instable
RvY_13170-1	1	des	0.8720238095238095	0.1279761904761905	0.5	TRUE	FALSE	FALSE	FALSE	FALSE	FALSE	des_specific_instable
RvY_13486-1	1	des	0.8720238095238095	0.1279761904761905	0.5	TRUE	FALSE	FALSE	FALSE	FALSE	FALSE	des_specific_instable
RvY_13512-1	1	des	0.8720238095238095	0.1279761904761905	0.5	TRUE	FALSE	FALSE	FALSE	FALSE	FALSE	des_specific_instable
RvY_14042-1	1	des	0.8720238095238095	0.1279761904761905	0.5	TRUE	FALSE	FALSE	FALSE	FALSE	FALSE	des_specific_instable
RvY_14242-1	1	des	0.8720238095238095	0.1279761904761905	0.5	TRUE	FALSE	FALSE	FALSE	FALSE	FALSE	des_specific_instable
RvY_14260-1	1	des	0.8720238095238095	0.1279761904761905	0.5	TRUE	FALSE	FALSE	FALSE	FALSE	FALSE	des_specific_instable
RvY_14410-1	1	des	0.8720238095238095	0.1279761904761905	0.5	TRUE	FALSE	FALSE	FALSE	FALSE	FALSE	des_specific_instable
RvY_14668	1	des	0.8720238095238095	0.1279761904761905	0.5	TRUE	FALSE	FALSE	FALSE	FALSE	FALSE	des_specific_instable
RvY_14813-1	1	des	0.8720238095238095	0.1279761904761905	0.5	TRUE	FALSE	FALSE	FALSE	FALSE	FALSE	des_specific_instable
RvY_14938	1	des	0.8720238095238095	0.1279761904761905	0.5	TRUE	FALSE	FALSE	FALSE	FALSE	FALSE	des_specific_instable
RvY_15033-1	1	des	0.8720238095238095	0.1279761904761905	0.5	TRUE	FALSE	FALSE	FALSE	FALSE	FALSE	des_specific_instable
RvY_15060	1	des	0.8720238095238095	0.1279761904761905	0.5	TRUE	FALSE	FALSE	FALSE	FALSE	FALSE	des_specific_instable
RvY_15149-1	1	des	0.8720238095238095	0.1279761904761905	0.5	TRUE	FALSE	FALSE	FALSE	FALSE	FALSE	des_specific_instable
RvY_15344-1	1	des	0.8720238095238095	0.1279761904761905	0.5	TRUE	FALSE	FALSE	FALSE	FALSE	FALSE	des_specific_instable
RvY_15426	1	des	0.8720238095238095	0.1279761904761905	0.5	TRUE	FALSE	FALSE	FALSE	FALSE	FALSE	des_specific_instable
RvY_15567-1	1	des	0.8720238095238095	0.1279761904761905	0.5	TRUE	FALSE	FALSE	FALSE	FALSE	FALSE	des_specific_instable
RvY_15729-1	1	des	0.8720238095238095	0.1279761904761905	0.5	TRUE	FALSE	FALSE	FALSE	FALSE	FALSE	des_specific_instable
RvY_16248-1	1	des	0.8720238095238095	0.1279761904761905	0.5	TRUE	FALSE	FALSE	FALSE	FALSE	FALSE	des_specific_instable
RvY_16262-1	1	des	0.8720238095238095	0.1279761904761905	0.5	TRUE	FALSE	FALSE	FALSE	FALSE	FALSE	des_specific_instable
RvY_16527-1	1	des	0.8720238095238095	0.1279761904761905	0.5	TRUE	FALSE	FALSE	FALSE	FALSE	FALSE	des_specific_instable
RvY_16595-1	1	des	0.8720238095238095	0.1279761904761905	0.5	TRUE	FALSE	FALSE	FALSE	FALSE	FALSE	des_specific_instable
RvY_16816	1	des	0.8720238095238095	0.1279761904761905	0.5	TRUE	FALSE	FALSE	FALSE	FALSE	FALSE	des_specific_instable
RvY_17259-1	1	des	0.8720238095238095	0.1279761904761905	0.5	TRUE	FALSE	FALSE	FALSE	FALSE	FALSE	des_specific_instable
RvY_17377-1	1	des	0.8720238095238095	0.1279761904761905	0.5	TRUE	FALSE	FALSE	FALSE	FALSE	FALSE	des_specific_instable
RvY_17416-1	1	des	0.8720238095238095	0.1279761904761905	0.5	TRUE	FALSE	FALSE	FALSE	FALSE	FALSE	des_specific_instable
RvY_17551-1	1	des	0.8720238095238095	0.1279761904761905	0.5	TRUE	FALSE	FALSE	FALSE	FALSE	FALSE	des_specific_instable
RvY_17555-1	1	des	0.8720238095238095	0.1279761904761905	0.5	TRUE	FALSE	FALSE	FALSE	FALSE	FALSE	des_specific_instable
RvY_17886-1	1	des	0.8720238095238095	0.1279761904761905	0.5	TRUE	FALSE	FALSE	FALSE	FALSE	FALSE	des_specific_instable
RvY_18335-1	1	des	0.8720238095238095	0.1279761904761905	0.5	TRUE	FALSE	FALSE	FALSE	FALSE	FALSE	des_specific_instable
RvY_18664-1	1	des	0.8720238095238095	0.1279761904761905	0.5	TRUE	FALSE	FALSE	FALSE	FALSE	FALSE	des_specific_instable
RvY_18701-1	1	des	0.8720238095238095	0.1279761904761905	0.5	TRUE	FALSE	FALSE	FALSE	FALSE	FALSE	des_specific_instable
RvY_18749-1	1	des	0.8720238095238095	0.1279761904761905	0.5	TRUE	FALSE	FALSE	FALSE	FALSE	FALSE	des_specific_instable
RvY_18859-1	1	des	0.8720238095238095	0.1279761904761905	0.5	TRUE	FALSE	FALSE	FALSE	FALSE	FALSE	des_specific_instable
RvY_18985-1	1	des	0.8720238095238095	0.1279761904761905	0.5	TRUE	FALSE	FALSE	FALSE	FALSE	FALSE	des_specific_instable
RvY_00543-1	1	des	0.875	0.125	0.5	TRUE	FALSE	FALSE	FALSE	FALSE	FALSE	des_specific_instable
RvY_00720-1	1	des	0.875	0.125	0.5	TRUE	FALSE	FALSE	FALSE	FALSE	FALSE	des_specific_instable
RvY_01321-1	1	des	0.875	0.125	0.5	TRUE	FALSE	FALSE	FALSE	FALSE	FALSE	des_specific_instable
RvY_02272-1	1	des	0.875	0.125	0.5	TRUE	FALSE	FALSE	FALSE	FALSE	FALSE	des_specific_instable
RvY_03487-1	1	des	0.875	0.125	0.5	TRUE	FALSE	FALSE	FALSE	FALSE	FALSE	des_specific_instable
RvY_03744-1	1	des	0.875	0.125	0.5	TRUE	FALSE	FALSE	FALSE	FALSE	FALSE	des_specific_instable
RvY_05042-1	1	des	0.875	0.125	0.5	TRUE	FALSE	FALSE	FALSE	FALSE	FALSE	des_specific_instable
RvY_05272-1	1	des	0.875	0.125	0.5	TRUE	FALSE	FALSE	FALSE	FALSE	FALSE	des_specific_instable
RvY_06608-1	1	des	0.875	0.125	0.5	TRUE	FALSE	FALSE	FALSE	FALSE	FALSE	des_specific_instable
RvY_08293-1	1	des	0.875	0.125	0.5	TRUE	FALSE	FALSE	FALSE	FALSE	FALSE	des_specific_instable
RvY_08947-1	1	des	0.875	0.125	0.5	TRUE	FALSE	FALSE	FALSE	FALSE	FALSE	des_specific_instable
RvY_08972	1	des	0.875	0.125	0.5	TRUE	FALSE	FALSE	FALSE	FALSE	FALSE	des_specific_instable
RvY_09223-1	1	des	0.875	0.125	0.5	TRUE	FALSE	FALSE	FALSE	FALSE	FALSE	des_specific_instable
RvY_09782	1	des	0.875	0.125	0.5	TRUE	FALSE	FALSE	FALSE	FALSE	FALSE	des_specific_instable
RvY_10070-1	1	des	0.875	0.125	0.5	TRUE	FALSE	FALSE	FALSE	FALSE	FALSE	des_specific_instable
RvY_10982	1	des	0.875	0.125	0.5	TRUE	FALSE	FALSE	FALSE	FALSE	FALSE	des_specific_instable
RvY_12252	1	des	0.875	0.125	0.5	TRUE	FALSE	FALSE	FALSE	FALSE	FALSE	des_specific_instable
RvY_12301-1	1	des	0.875	0.125	0.5	TRUE	FALSE	FALSE	FALSE	FALSE	FALSE	des_specific_instable
RvY_12313-1	1	des	0.875	0.125	0.5	TRUE	FALSE	FALSE	FALSE	FALSE	FALSE	des_specific_instable
RvY_12499-1	1	des	0.875	0.125	0.5	TRUE	FALSE	FALSE	FALSE	FALSE	FALSE	des_specific_instable
RvY_12540	1	des	0.875	0.125	0.5	TRUE	FALSE	FALSE	FALSE	FALSE	FALSE	des_specific_instable
RvY_13336	1	des	0.875	0.125	0.5	TRUE	FALSE	FALSE	FALSE	FALSE	FALSE	des_specific_instable
RvY_13779-1	1	des	0.875	0.125	0.5	TRUE	FALSE	FALSE	FALSE	FALSE	FALSE	des_specific_instable
RvY_13835-1	1	des	0.875	0.125	0.5	TRUE	FALSE	FALSE	FALSE	FALSE	FALSE	des_specific_instable
RvY_14348-1	1	des	0.875	0.125	0.5	TRUE	FALSE	FALSE	FALSE	FALSE	FALSE	des_specific_instable
RvY_15029-1	1	des	0.875	0.125	0.5	TRUE	FALSE	FALSE	FALSE	FALSE	FALSE	des_specific_instable
RvY_15903-1	1	des	0.875	0.125	0.5	TRUE	FALSE	FALSE	FALSE	FALSE	FALSE	des_specific_instable
RvY_15942-1	1	des	0.875	0.125	0.5	TRUE	FALSE	FALSE	FALSE	FALSE	FALSE	des_specific_instable
RvY_16151-1	1	des	0.875	0.125	0.5	TRUE	FALSE	FALSE	FALSE	FALSE	FALSE	des_specific_instable
RvY_16686-1	1	des	0.875	0.125	0.5	TRUE	FALSE	FALSE	FALSE	FALSE	FALSE	des_specific_instable
RvY_17340-1	1	des	0.875	0.125	0.5	TRUE	FALSE	FALSE	FALSE	FALSE	FALSE	des_specific_instable
RvY_17562-1	1	des	0.875	0.125	0.5	TRUE	FALSE	FALSE	FALSE	FALSE	FALSE	des_specific_instable
RvY_18511-1	1	des	0.875	0.125	0.5	TRUE	FALSE	FALSE	FALSE	FALSE	FALSE	des_specific_instable
RvY_18709-1	1	des	0.875	0.125	0.5	TRUE	FALSE	FALSE	FALSE	FALSE	FALSE	des_specific_instable
RvY_18958-1	1	des	0.875	0.125	0.5	TRUE	FALSE	FALSE	FALSE	FALSE	FALSE	des_specific_instable
RvY_00124-1	1	des	0.8809523809523809	0.11904761904761904	0.5	TRUE	FALSE	FALSE	FALSE	FALSE	FALSE	des_specific_instable
RvY_00199-1	1	des	0.8809523809523809	0.11904761904761904	0.5	TRUE	FALSE	FALSE	FALSE	FALSE	FALSE	des_specific_instable
RvY_00235-1	1	des	0.8809523809523809	0.11904761904761904	0.5	TRUE	FALSE	FALSE	FALSE	FALSE	FALSE	des_specific_instable
RvY_00366-1	1	des	0.8809523809523809	0.11904761904761904	0.5	TRUE	FALSE	FALSE	FALSE	FALSE	FALSE	des_specific_instable
RvY_00407-1	1	des	0.8809523809523809	0.11904761904761904	0.5	TRUE	FALSE	FALSE	FALSE	FALSE	FALSE	des_specific_instable
RvY_00555-1	1	des	0.8809523809523809	0.11904761904761904	0.5	TRUE	FALSE	FALSE	FALSE	FALSE	FALSE	des_specific_instable
RvY_00769-1	1	des	0.8809523809523809	0.11904761904761904	0.5	TRUE	FALSE	FALSE	FALSE	FALSE	FALSE	des_specific_instable
RvY_00800-1	1	des	0.8809523809523809	0.11904761904761904	0.5	TRUE	FALSE	FALSE	FALSE	FALSE	FALSE	des_specific_instable
RvY_00998-1	1	des	0.8809523809523809	0.11904761904761904	0.5	TRUE	FALSE	FALSE	FALSE	FALSE	FALSE	des_specific_instable
RvY_01120	1	des	0.8809523809523809	0.11904761904761904	0.5	TRUE	FALSE	FALSE	FALSE	FALSE	FALSE	des_specific_instable
RvY_01169-1	1	des	0.8809523809523809	0.11904761904761904	0.5	TRUE	FALSE	FALSE	FALSE	FALSE	FALSE	des_specific_instable
RvY_01176-1	1	des	0.8809523809523809	0.11904761904761904	0.5	TRUE	FALSE	FALSE	FALSE	FALSE	FALSE	des_specific_instable
RvY_01248-1	1	des	0.8809523809523809	0.11904761904761904	0.5	TRUE	FALSE	FALSE	FALSE	FALSE	FALSE	des_specific_instable
RvY_01263-1	1	des	0.8809523809523809	0.11904761904761904	0.5	TRUE	FALSE	FALSE	FALSE	FALSE	FALSE	des_specific_instable
RvY_01267-1	1	des	0.8809523809523809	0.11904761904761904	0.5	TRUE	FALSE	FALSE	FALSE	FALSE	FALSE	des_specific_instable
RvY_01313-1	1	des	0.8809523809523809	0.11904761904761904	0.5	TRUE	FALSE	FALSE	FALSE	FALSE	FALSE	des_specific_instable
RvY_01342-1	1	des	0.8809523809523809	0.11904761904761904	0.5	TRUE	FALSE	FALSE	FALSE	FALSE	FALSE	des_specific_instable
RvY_01410-1	1	des	0.8809523809523809	0.11904761904761904	0.5	TRUE	FALSE	FALSE	FALSE	FALSE	FALSE	des_specific_instable
RvY_01460-1	1	des	0.8809523809523809	0.11904761904761904	0.5	TRUE	FALSE	FALSE	FALSE	FALSE	FALSE	des_specific_instable
RvY_01493-1	1	des	0.8809523809523809	0.11904761904761904	0.5	TRUE	FALSE	FALSE	FALSE	FALSE	FALSE	des_specific_instable
RvY_01776-1	1	des	0.8809523809523809	0.11904761904761904	0.5	TRUE	FALSE	FALSE	FALSE	FALSE	FALSE	des_specific_instable
RvY_01822-1	1	des	0.8809523809523809	0.11904761904761904	0.5	TRUE	FALSE	FALSE	FALSE	FALSE	FALSE	des_specific_instable
RvY_02128-1	1	des	0.8809523809523809	0.11904761904761904	0.5	TRUE	FALSE	FALSE	FALSE	FALSE	FALSE	des_specific_instable
RvY_02371-1	1	des	0.8809523809523809	0.11904761904761904	0.5	TRUE	FALSE	FALSE	FALSE	FALSE	FALSE	des_specific_instable
RvY_02454-1	1	des	0.8809523809523809	0.11904761904761904	0.5	TRUE	FALSE	FALSE	FALSE	FALSE	FALSE	des_specific_instable
RvY_02562-1	1	des	0.8809523809523809	0.11904761904761904	0.5	TRUE	FALSE	FALSE	FALSE	FALSE	FALSE	des_specific_instable
RvY_02655-1	1	des	0.8809523809523809	0.11904761904761904	0.5	TRUE	FALSE	FALSE	FALSE	FALSE	FALSE	des_specific_instable
RvY_02677-1	1	des	0.8809523809523809	0.11904761904761904	0.5	TRUE	FALSE	FALSE	FALSE	FALSE	FALSE	des_specific_instable
RvY_02730-1	1	des	0.8809523809523809	0.11904761904761904	0.5	TRUE	FALSE	FALSE	FALSE	FALSE	FALSE	des_specific_instable
RvY_02989-1	1	des	0.8809523809523809	0.11904761904761904	0.5	TRUE	FALSE	FALSE	FALSE	FALSE	FALSE	des_specific_instable
RvY_03015-1	1	des	0.8809523809523809	0.11904761904761904	0.5	TRUE	FALSE	FALSE	FALSE	FALSE	FALSE	des_specific_instable
RvY_03376-1	1	des	0.8809523809523809	0.11904761904761904	0.5	TRUE	FALSE	FALSE	FALSE	FALSE	FALSE	des_specific_instable
RvY_03407-1	1	des	0.8809523809523809	0.11904761904761904	0.5	TRUE	FALSE	FALSE	FALSE	FALSE	FALSE	des_specific_instable
RvY_03652	1	des	0.8809523809523809	0.11904761904761904	0.5	TRUE	FALSE	FALSE	FALSE	FALSE	FALSE	des_specific_instable
RvY_03674-1	1	des	0.8809523809523809	0.11904761904761904	0.5	TRUE	FALSE	FALSE	FALSE	FALSE	FALSE	des_specific_instable
RvY_03765-1	1	des	0.8809523809523809	0.11904761904761904	0.5	TRUE	FALSE	FALSE	FALSE	FALSE	FALSE	des_specific_instable
RvY_03948-1	1	des	0.8809523809523809	0.11904761904761904	0.5	TRUE	FALSE	FALSE	FALSE	FALSE	FALSE	des_specific_instable
RvY_04030-1	1	des	0.8809523809523809	0.11904761904761904	0.5	TRUE	FALSE	FALSE	FALSE	FALSE	FALSE	des_specific_instable
RvY_04035-1	1	des	0.8809523809523809	0.11904761904761904	0.5	TRUE	FALSE	FALSE	FALSE	FALSE	FALSE	des_specific_instable
RvY_04211-1	1	des	0.8809523809523809	0.11904761904761904	0.5	TRUE	FALSE	FALSE	FALSE	FALSE	FALSE	des_specific_instable
RvY_04212	1	des	0.8809523809523809	0.11904761904761904	0.5	TRUE	FALSE	FALSE	FALSE	FALSE	FALSE	des_specific_instable
RvY_04325-1	1	des	0.8809523809523809	0.11904761904761904	0.5	TRUE	FALSE	FALSE	FALSE	FALSE	FALSE	des_specific_instable
RvY_04387-1	1	des	0.8809523809523809	0.11904761904761904	0.5	TRUE	FALSE	FALSE	FALSE	FALSE	FALSE	des_specific_instable
RvY_04440-1	1	des	0.8809523809523809	0.11904761904761904	0.5	TRUE	FALSE	FALSE	FALSE	FALSE	FALSE	des_specific_instable
RvY_04784	1	des	0.8809523809523809	0.11904761904761904	0.5	TRUE	FALSE	FALSE	FALSE	FALSE	FALSE	des_specific_instable
RvY_05012-1	1	des	0.8809523809523809	0.11904761904761904	0.5	TRUE	FALSE	FALSE	FALSE	FALSE	FALSE	des_specific_instable
RvY_05071-1	1	des	0.8809523809523809	0.11904761904761904	0.5	TRUE	FALSE	FALSE	FALSE	FALSE	FALSE	des_specific_instable
RvY_05230-1	1	des	0.8809523809523809	0.11904761904761904	0.5	TRUE	FALSE	FALSE	FALSE	FALSE	FALSE	des_specific_instable
RvY_05251-1	1	des	0.8809523809523809	0.11904761904761904	0.5	TRUE	FALSE	FALSE	FALSE	FALSE	FALSE	des_specific_instable
RvY_05261-1	1	des	0.8809523809523809	0.11904761904761904	0.5	TRUE	FALSE	FALSE	FALSE	FALSE	FALSE	des_specific_instable
RvY_05324-1	1	des	0.8809523809523809	0.11904761904761904	0.5	TRUE	FALSE	FALSE	FALSE	FALSE	FALSE	des_specific_instable
RvY_05395-1	1	des	0.8809523809523809	0.11904761904761904	0.5	TRUE	FALSE	FALSE	FALSE	FALSE	FALSE	des_specific_instable
RvY_05434-1	1	des	0.8809523809523809	0.11904761904761904	0.5	TRUE	FALSE	FALSE	FALSE	FALSE	FALSE	des_specific_instable
RvY_05473-1	1	des	0.8809523809523809	0.11904761904761904	0.5	TRUE	FALSE	FALSE	FALSE	FALSE	FALSE	des_specific_instable
RvY_05510-1	1	des	0.8809523809523809	0.11904761904761904	0.5	TRUE	FALSE	FALSE	FALSE	FALSE	FALSE	des_specific_instable
RvY_05611-1	1	des	0.8809523809523809	0.11904761904761904	0.5	TRUE	FALSE	FALSE	FALSE	FALSE	FALSE	des_specific_instable
RvY_05666-1	1	des	0.8809523809523809	0.11904761904761904	0.5	TRUE	FALSE	FALSE	FALSE	FALSE	FALSE	des_specific_instable
RvY_05702	1	des	0.8809523809523809	0.11904761904761904	0.5	TRUE	FALSE	FALSE	FALSE	FALSE	FALSE	des_specific_instable
RvY_05729-1	1	des	0.8809523809523809	0.11904761904761904	0.5	TRUE	FALSE	FALSE	FALSE	FALSE	FALSE	des_specific_instable
RvY_05863-1	1	des	0.8809523809523809	0.11904761904761904	0.5	TRUE	FALSE	FALSE	FALSE	FALSE	FALSE	des_specific_instable
RvY_05940-1	1	des	0.8809523809523809	0.11904761904761904	0.5	TRUE	FALSE	FALSE	FALSE	FALSE	FALSE	des_specific_instable
RvY_05986-1	1	des	0.8809523809523809	0.11904761904761904	0.5	TRUE	FALSE	FALSE	FALSE	FALSE	FALSE	des_specific_instable
RvY_06016-1	1	des	0.8809523809523809	0.11904761904761904	0.5	TRUE	FALSE	FALSE	FALSE	FALSE	FALSE	des_specific_instable
RvY_06029-1	1	des	0.8809523809523809	0.11904761904761904	0.5	TRUE	FALSE	FALSE	FALSE	FALSE	FALSE	des_specific_instable
RvY_06097-1	1	des	0.8809523809523809	0.11904761904761904	0.5	TRUE	FALSE	FALSE	FALSE	FALSE	FALSE	des_specific_instable
RvY_06113	1	des	0.8809523809523809	0.11904761904761904	0.5	TRUE	FALSE	FALSE	FALSE	FALSE	FALSE	des_specific_instable
RvY_06244-1	1	des	0.8809523809523809	0.11904761904761904	0.5	TRUE	FALSE	FALSE	FALSE	FALSE	FALSE	des_specific_instable
RvY_06275-1	1	des	0.8809523809523809	0.11904761904761904	0.5	TRUE	FALSE	FALSE	FALSE	FALSE	FALSE	des_specific_instable
RvY_06475-1	1	des	0.8809523809523809	0.11904761904761904	0.5	TRUE	FALSE	FALSE	FALSE	FALSE	FALSE	des_specific_instable
RvY_06510-1	1	des	0.8809523809523809	0.11904761904761904	0.5	TRUE	FALSE	FALSE	FALSE	FALSE	FALSE	des_specific_instable
RvY_06795-1	1	des	0.8809523809523809	0.11904761904761904	0.5	TRUE	FALSE	FALSE	FALSE	FALSE	FALSE	des_specific_instable
RvY_06808-1	1	des	0.8809523809523809	0.11904761904761904	0.5	TRUE	FALSE	FALSE	FALSE	FALSE	FALSE	des_specific_instable
RvY_06865	1	des	0.8809523809523809	0.11904761904761904	0.5	TRUE	FALSE	FALSE	FALSE	FALSE	FALSE	des_specific_instable
RvY_06872-1	1	des	0.8809523809523809	0.11904761904761904	0.5	TRUE	FALSE	FALSE	FALSE	FALSE	FALSE	des_specific_instable
RvY_06930-1	1	des	0.8809523809523809	0.11904761904761904	0.5	TRUE	FALSE	FALSE	FALSE	FALSE	FALSE	des_specific_instable
RvY_07009-1	1	des	0.8809523809523809	0.11904761904761904	0.5	TRUE	FALSE	FALSE	FALSE	FALSE	FALSE	des_specific_instable
RvY_07161	1	des	0.8809523809523809	0.11904761904761904	0.5	TRUE	FALSE	FALSE	FALSE	FALSE	FALSE	des_specific_instable
RvY_07400-1	1	des	0.8809523809523809	0.11904761904761904	0.5	TRUE	FALSE	FALSE	FALSE	FALSE	FALSE	des_specific_instable
RvY_07409-1	1	des	0.8809523809523809	0.11904761904761904	0.5	TRUE	FALSE	FALSE	FALSE	FALSE	FALSE	des_specific_instable
RvY_07675-1	1	des	0.8809523809523809	0.11904761904761904	0.5	TRUE	FALSE	FALSE	FALSE	FALSE	FALSE	des_specific_instable
RvY_07681-1	1	des	0.8809523809523809	0.11904761904761904	0.5	TRUE	FALSE	FALSE	FALSE	FALSE	FALSE	des_specific_instable
RvY_07763-1	1	des	0.8809523809523809	0.11904761904761904	0.5	TRUE	FALSE	FALSE	FALSE	FALSE	FALSE	des_specific_instable
RvY_07801-1	1	des	0.8809523809523809	0.11904761904761904	0.5	TRUE	FALSE	FALSE	FALSE	FALSE	FALSE	des_specific_instable
RvY_07885-1	1	des	0.8809523809523809	0.11904761904761904	0.5	TRUE	FALSE	FALSE	FALSE	FALSE	FALSE	des_specific_instable
RvY_07935-1	1	des	0.8809523809523809	0.11904761904761904	0.5	TRUE	FALSE	FALSE	FALSE	FALSE	FALSE	des_specific_instable
RvY_07973-1	1	des	0.8809523809523809	0.11904761904761904	0.5	TRUE	FALSE	FALSE	FALSE	FALSE	FALSE	des_specific_instable
RvY_08018-1	1	des	0.8809523809523809	0.11904761904761904	0.5	TRUE	FALSE	FALSE	FALSE	FALSE	FALSE	des_specific_instable
RvY_08068-1	1	des	0.8809523809523809	0.11904761904761904	0.5	TRUE	FALSE	FALSE	FALSE	FALSE	FALSE	des_specific_instable
RvY_08160-1	1	des	0.8809523809523809	0.11904761904761904	0.5	TRUE	FALSE	FALSE	FALSE	FALSE	FALSE	des_specific_instable
RvY_08235-1	1	des	0.8809523809523809	0.11904761904761904	0.5	TRUE	FALSE	FALSE	FALSE	FALSE	FALSE	des_specific_instable
RvY_08267-1	1	des	0.8809523809523809	0.11904761904761904	0.5	TRUE	FALSE	FALSE	FALSE	FALSE	FALSE	des_specific_instable
RvY_08285-1	1	des	0.8809523809523809	0.11904761904761904	0.5	TRUE	FALSE	FALSE	FALSE	FALSE	FALSE	des_specific_instable
RvY_08291-1	1	des	0.8809523809523809	0.11904761904761904	0.5	TRUE	FALSE	FALSE	FALSE	FALSE	FALSE	des_specific_instable
RvY_08311-1	1	des	0.8809523809523809	0.11904761904761904	0.5	TRUE	FALSE	FALSE	FALSE	FALSE	FALSE	des_specific_instable
RvY_08351-1	1	des	0.8809523809523809	0.11904761904761904	0.5	TRUE	FALSE	FALSE	FALSE	FALSE	FALSE	des_specific_instable
RvY_08509-1	1	des	0.8809523809523809	0.11904761904761904	0.5	TRUE	FALSE	FALSE	FALSE	FALSE	FALSE	des_specific_instable
RvY_08536-1	1	des	0.8809523809523809	0.11904761904761904	0.5	TRUE	FALSE	FALSE	FALSE	FALSE	FALSE	des_specific_instable
RvY_08751	1	des	0.8809523809523809	0.11904761904761904	0.5	TRUE	FALSE	FALSE	FALSE	FALSE	FALSE	des_specific_instable
RvY_08766-1	1	des	0.8809523809523809	0.11904761904761904	0.5	TRUE	FALSE	FALSE	FALSE	FALSE	FALSE	des_specific_instable
RvY_09084-1	1	des	0.8809523809523809	0.11904761904761904	0.5	TRUE	FALSE	FALSE	FALSE	FALSE	FALSE	des_specific_instable
RvY_09180-1	1	des	0.8809523809523809	0.11904761904761904	0.5	TRUE	FALSE	FALSE	FALSE	FALSE	FALSE	des_specific_instable
RvY_09193-1	1	des	0.8809523809523809	0.11904761904761904	0.5	TRUE	FALSE	FALSE	FALSE	FALSE	FALSE	des_specific_instable
RvY_09236-1	1	des	0.8809523809523809	0.11904761904761904	0.5	TRUE	FALSE	FALSE	FALSE	FALSE	FALSE	des_specific_instable
RvY_09365-1	1	des	0.8809523809523809	0.11904761904761904	0.5	TRUE	FALSE	FALSE	FALSE	FALSE	FALSE	des_specific_instable
RvY_09460-1	1	des	0.8809523809523809	0.11904761904761904	0.5	TRUE	FALSE	FALSE	FALSE	FALSE	FALSE	des_specific_instable
RvY_09474-1	1	des	0.8809523809523809	0.11904761904761904	0.5	TRUE	FALSE	FALSE	FALSE	FALSE	FALSE	des_specific_instable
RvY_09488-1	1	des	0.8809523809523809	0.11904761904761904	0.5	TRUE	FALSE	FALSE	FALSE	FALSE	FALSE	des_specific_instable
RvY_09540-1	1	des	0.8809523809523809	0.11904761904761904	0.5	TRUE	FALSE	FALSE	FALSE	FALSE	FALSE	des_specific_instable
RvY_09622-1	1	des	0.8809523809523809	0.11904761904761904	0.5	TRUE	FALSE	FALSE	FALSE	FALSE	FALSE	des_specific_instable
RvY_09659-1	1	des	0.8809523809523809	0.11904761904761904	0.5	TRUE	FALSE	FALSE	FALSE	FALSE	FALSE	des_specific_instable
RvY_09664-1	1	des	0.8809523809523809	0.11904761904761904	0.5	TRUE	FALSE	FALSE	FALSE	FALSE	FALSE	des_specific_instable
RvY_09818	1	des	0.8809523809523809	0.11904761904761904	0.5	TRUE	FALSE	FALSE	FALSE	FALSE	FALSE	des_specific_instable
RvY_09883-1	1	des	0.8809523809523809	0.11904761904761904	0.5	TRUE	FALSE	FALSE	FALSE	FALSE	FALSE	des_specific_instable
RvY_09930-1	1	des	0.8809523809523809	0.11904761904761904	0.5	TRUE	FALSE	FALSE	FALSE	FALSE	FALSE	des_specific_instable
RvY_10050	1	des	0.8809523809523809	0.11904761904761904	0.5	TRUE	FALSE	FALSE	FALSE	FALSE	FALSE	des_specific_instable
RvY_10160-1	1	des	0.8809523809523809	0.11904761904761904	0.5	TRUE	FALSE	FALSE	FALSE	FALSE	FALSE	des_specific_instable
RvY_10225-1	1	des	0.8809523809523809	0.11904761904761904	0.5	TRUE	FALSE	FALSE	FALSE	FALSE	FALSE	des_specific_instable
RvY_10284-1	1	des	0.8809523809523809	0.11904761904761904	0.5	TRUE	FALSE	FALSE	FALSE	FALSE	FALSE	des_specific_instable
RvY_10549-1	1	des	0.8809523809523809	0.11904761904761904	0.5	TRUE	FALSE	FALSE	FALSE	FALSE	FALSE	des_specific_instable
RvY_10557	1	des	0.8809523809523809	0.11904761904761904	0.5	TRUE	FALSE	FALSE	FALSE	FALSE	FALSE	des_specific_instable
RvY_10630-1	1	des	0.8809523809523809	0.11904761904761904	0.5	TRUE	FALSE	FALSE	FALSE	FALSE	FALSE	des_specific_instable
RvY_10671	1	des	0.8809523809523809	0.11904761904761904	0.5	TRUE	FALSE	FALSE	FALSE	FALSE	FALSE	des_specific_instable
RvY_10802-1	1	des	0.8809523809523809	0.11904761904761904	0.5	TRUE	FALSE	FALSE	FALSE	FALSE	FALSE	des_specific_instable
RvY_10866-1	1	des	0.8809523809523809	0.11904761904761904	0.5	TRUE	FALSE	FALSE	FALSE	FALSE	FALSE	des_specific_instable
RvY_11022-1	1	des	0.8809523809523809	0.11904761904761904	0.5	TRUE	FALSE	FALSE	FALSE	FALSE	FALSE	des_specific_instable
RvY_11090-1	1	des	0.8809523809523809	0.11904761904761904	0.5	TRUE	FALSE	FALSE	FALSE	FALSE	FALSE	des_specific_instable
RvY_11119-1	1	des	0.8809523809523809	0.11904761904761904	0.5	TRUE	FALSE	FALSE	FALSE	FALSE	FALSE	des_specific_instable
RvY_11205	1	des	0.8809523809523809	0.11904761904761904	0.5	TRUE	FALSE	FALSE	FALSE	FALSE	FALSE	des_specific_instable
RvY_11310-1	1	des	0.8809523809523809	0.11904761904761904	0.5	TRUE	FALSE	FALSE	FALSE	FALSE	FALSE	des_specific_instable
RvY_11315-1	1	des	0.8809523809523809	0.11904761904761904	0.5	TRUE	FALSE	FALSE	FALSE	FALSE	FALSE	des_specific_instable
RvY_11446-1	1	des	0.8809523809523809	0.11904761904761904	0.5	TRUE	FALSE	FALSE	FALSE	FALSE	FALSE	des_specific_instable
RvY_11466-1	1	des	0.8809523809523809	0.11904761904761904	0.5	TRUE	FALSE	FALSE	FALSE	FALSE	FALSE	des_specific_instable
RvY_11723-1	1	des	0.8809523809523809	0.11904761904761904	0.5	TRUE	FALSE	FALSE	FALSE	FALSE	FALSE	des_specific_instable
RvY_11768-1	1	des	0.8809523809523809	0.11904761904761904	0.5	TRUE	FALSE	FALSE	FALSE	FALSE	FALSE	des_specific_instable
RvY_11822-1	1	des	0.8809523809523809	0.11904761904761904	0.5	TRUE	FALSE	FALSE	FALSE	FALSE	FALSE	des_specific_instable
RvY_11895-1	1	des	0.8809523809523809	0.11904761904761904	0.5	TRUE	FALSE	FALSE	FALSE	FALSE	FALSE	des_specific_instable
RvY_11914-1	1	des	0.8809523809523809	0.11904761904761904	0.5	TRUE	FALSE	FALSE	FALSE	FALSE	FALSE	des_specific_instable
RvY_11916-1	1	des	0.8809523809523809	0.11904761904761904	0.5	TRUE	FALSE	FALSE	FALSE	FALSE	FALSE	des_specific_instable
RvY_11984-1	1	des	0.8809523809523809	0.11904761904761904	0.5	TRUE	FALSE	FALSE	FALSE	FALSE	FALSE	des_specific_instable
RvY_12059-1	1	des	0.8809523809523809	0.11904761904761904	0.5	TRUE	FALSE	FALSE	FALSE	FALSE	FALSE	des_specific_instable
RvY_12090-1	1	des	0.8809523809523809	0.11904761904761904	0.5	TRUE	FALSE	FALSE	FALSE	FALSE	FALSE	des_specific_instable
RvY_12220-1	1	des	0.8809523809523809	0.11904761904761904	0.5	TRUE	FALSE	FALSE	FALSE	FALSE	FALSE	des_specific_instable
RvY_12295-1	1	des	0.8809523809523809	0.11904761904761904	0.5	TRUE	FALSE	FALSE	FALSE	FALSE	FALSE	des_specific_instable
RvY_12396-1	1	des	0.8809523809523809	0.11904761904761904	0.5	TRUE	FALSE	FALSE	FALSE	FALSE	FALSE	des_specific_instable
RvY_12477-1	1	des	0.8809523809523809	0.11904761904761904	0.5	TRUE	FALSE	FALSE	FALSE	FALSE	FALSE	des_specific_instable
RvY_12486-1	1	des	0.8809523809523809	0.11904761904761904	0.5	TRUE	FALSE	FALSE	FALSE	FALSE	FALSE	des_specific_instable
RvY_12489-1	1	des	0.8809523809523809	0.11904761904761904	0.5	TRUE	FALSE	FALSE	FALSE	FALSE	FALSE	des_specific_instable
RvY_12580	1	des	0.8809523809523809	0.11904761904761904	0.5	TRUE	FALSE	FALSE	FALSE	FALSE	FALSE	des_specific_instable
RvY_12597-1	1	des	0.8809523809523809	0.11904761904761904	0.5	TRUE	FALSE	FALSE	FALSE	FALSE	FALSE	des_specific_instable
RvY_12657-1	1	des	0.8809523809523809	0.11904761904761904	0.5	TRUE	FALSE	FALSE	FALSE	FALSE	FALSE	des_specific_instable
RvY_12680	1	des	0.8809523809523809	0.11904761904761904	0.5	TRUE	FALSE	FALSE	FALSE	FALSE	FALSE	des_specific_instable
RvY_12734-1	1	des	0.8809523809523809	0.11904761904761904	0.5	TRUE	FALSE	FALSE	FALSE	FALSE	FALSE	des_specific_instable
RvY_12850-1	1	des	0.8809523809523809	0.11904761904761904	0.5	TRUE	FALSE	FALSE	FALSE	FALSE	FALSE	des_specific_instable
RvY_12881-1	1	des	0.8809523809523809	0.11904761904761904	0.5	TRUE	FALSE	FALSE	FALSE	FALSE	FALSE	des_specific_instable
RvY_12993-1	1	des	0.8809523809523809	0.11904761904761904	0.5	TRUE	FALSE	FALSE	FALSE	FALSE	FALSE	des_specific_instable
RvY_13011-1	1	des	0.8809523809523809	0.11904761904761904	0.5	TRUE	FALSE	FALSE	FALSE	FALSE	FALSE	des_specific_instable
RvY_13031-1	1	des	0.8809523809523809	0.11904761904761904	0.5	TRUE	FALSE	FALSE	FALSE	FALSE	FALSE	des_specific_instable
RvY_13135-1	1	des	0.8809523809523809	0.11904761904761904	0.5	TRUE	FALSE	FALSE	FALSE	FALSE	FALSE	des_specific_instable
RvY_13188-1	1	des	0.8809523809523809	0.11904761904761904	0.5	TRUE	FALSE	FALSE	FALSE	FALSE	FALSE	des_specific_instable
RvY_13270-1	1	des	0.8809523809523809	0.11904761904761904	0.5	TRUE	FALSE	FALSE	FALSE	FALSE	FALSE	des_specific_instable
RvY_13293	1	des	0.8809523809523809	0.11904761904761904	0.5	TRUE	FALSE	FALSE	FALSE	FALSE	FALSE	des_specific_instable
RvY_13305-1	1	des	0.8809523809523809	0.11904761904761904	0.5	TRUE	FALSE	FALSE	FALSE	FALSE	FALSE	des_specific_instable
RvY_13309-1	1	des	0.8809523809523809	0.11904761904761904	0.5	TRUE	FALSE	FALSE	FALSE	FALSE	FALSE	des_specific_instable
RvY_13483-1	1	des	0.8809523809523809	0.11904761904761904	0.5	TRUE	FALSE	FALSE	FALSE	FALSE	FALSE	des_specific_instable
RvY_13588-1	1	des	0.8809523809523809	0.11904761904761904	0.5	TRUE	FALSE	FALSE	FALSE	FALSE	FALSE	des_specific_instable
RvY_13916-1	1	des	0.8809523809523809	0.11904761904761904	0.5	TRUE	FALSE	FALSE	FALSE	FALSE	FALSE	des_specific_instable
RvY_13963	1	des	0.8809523809523809	0.11904761904761904	0.5	TRUE	FALSE	FALSE	FALSE	FALSE	FALSE	des_specific_instable
RvY_13966-1	1	des	0.8809523809523809	0.11904761904761904	0.5	TRUE	FALSE	FALSE	FALSE	FALSE	FALSE	des_specific_instable
RvY_14099-1	1	des	0.8809523809523809	0.11904761904761904	0.5	TRUE	FALSE	FALSE	FALSE	FALSE	FALSE	des_specific_instable
RvY_14111-1	1	des	0.8809523809523809	0.11904761904761904	0.5	TRUE	FALSE	FALSE	FALSE	FALSE	FALSE	des_specific_instable
RvY_14357-1	1	des	0.8809523809523809	0.11904761904761904	0.5	TRUE	FALSE	FALSE	FALSE	FALSE	FALSE	des_specific_instable
RvY_14386-1	1	des	0.8809523809523809	0.11904761904761904	0.5	TRUE	FALSE	FALSE	FALSE	FALSE	FALSE	des_specific_instable
RvY_14433	1	des	0.8809523809523809	0.11904761904761904	0.5	TRUE	FALSE	FALSE	FALSE	FALSE	FALSE	des_specific_instable
RvY_14517-1	1	des	0.8809523809523809	0.11904761904761904	0.5	TRUE	FALSE	FALSE	FALSE	FALSE	FALSE	des_specific_instable
RvY_14704-1	1	des	0.8809523809523809	0.11904761904761904	0.5	TRUE	FALSE	FALSE	FALSE	FALSE	FALSE	des_specific_instable
RvY_14721-1	1	des	0.8809523809523809	0.11904761904761904	0.5	TRUE	FALSE	FALSE	FALSE	FALSE	FALSE	des_specific_instable
RvY_14743-1	1	des	0.8809523809523809	0.11904761904761904	0.5	TRUE	FALSE	FALSE	FALSE	FALSE	FALSE	des_specific_instable
RvY_14769-1	1	des	0.8809523809523809	0.11904761904761904	0.5	TRUE	FALSE	FALSE	FALSE	FALSE	FALSE	des_specific_instable
RvY_14776-1	1	des	0.8809523809523809	0.11904761904761904	0.5	TRUE	FALSE	FALSE	FALSE	FALSE	FALSE	des_specific_instable
RvY_15000-1	1	des	0.8809523809523809	0.11904761904761904	0.5	TRUE	FALSE	FALSE	FALSE	FALSE	FALSE	des_specific_instable
RvY_15021-1	1	des	0.8809523809523809	0.11904761904761904	0.5	TRUE	FALSE	FALSE	FALSE	FALSE	FALSE	des_specific_instable
RvY_15105	1	des	0.8809523809523809	0.11904761904761904	0.5	TRUE	FALSE	FALSE	FALSE	FALSE	FALSE	des_specific_instable
RvY_15150-1	1	des	0.8809523809523809	0.11904761904761904	0.5	TRUE	FALSE	FALSE	FALSE	FALSE	FALSE	des_specific_instable
RvY_15236-1	1	des	0.8809523809523809	0.11904761904761904	0.5	TRUE	FALSE	FALSE	FALSE	FALSE	FALSE	des_specific_instable
RvY_15273-1	1	des	0.8809523809523809	0.11904761904761904	0.5	TRUE	FALSE	FALSE	FALSE	FALSE	FALSE	des_specific_instable
RvY_15285	1	des	0.8809523809523809	0.11904761904761904	0.5	TRUE	FALSE	FALSE	FALSE	FALSE	FALSE	des_specific_instable
RvY_15445-1	1	des	0.8809523809523809	0.11904761904761904	0.5	TRUE	FALSE	FALSE	FALSE	FALSE	FALSE	des_specific_instable
RvY_15463-1	1	des	0.8809523809523809	0.11904761904761904	0.5	TRUE	FALSE	FALSE	FALSE	FALSE	FALSE	des_specific_instable
RvY_15535-1	1	des	0.8809523809523809	0.11904761904761904	0.5	TRUE	FALSE	FALSE	FALSE	FALSE	FALSE	des_specific_instable
RvY_15580-1	1	des	0.8809523809523809	0.11904761904761904	0.5	TRUE	FALSE	FALSE	FALSE	FALSE	FALSE	des_specific_instable
RvY_15621	1	des	0.8809523809523809	0.11904761904761904	0.5	TRUE	FALSE	FALSE	FALSE	FALSE	FALSE	des_specific_instable
RvY_15633-1	1	des	0.8809523809523809	0.11904761904761904	0.5	TRUE	FALSE	FALSE	FALSE	FALSE	FALSE	des_specific_instable
RvY_15747-1	1	des	0.8809523809523809	0.11904761904761904	0.5	TRUE	FALSE	FALSE	FALSE	FALSE	FALSE	des_specific_instable
RvY_15849-1	1	des	0.8809523809523809	0.11904761904761904	0.5	TRUE	FALSE	FALSE	FALSE	FALSE	FALSE	des_specific_instable
RvY_15924-1	1	des	0.8809523809523809	0.11904761904761904	0.5	TRUE	FALSE	FALSE	FALSE	FALSE	FALSE	des_specific_instable
RvY_16133-1	1	des	0.8809523809523809	0.11904761904761904	0.5	TRUE	FALSE	FALSE	FALSE	FALSE	FALSE	des_specific_instable
RvY_16280	1	des	0.8809523809523809	0.11904761904761904	0.5	TRUE	FALSE	FALSE	FALSE	FALSE	FALSE	des_specific_instable
RvY_16319-1	1	des	0.8809523809523809	0.11904761904761904	0.5	TRUE	FALSE	FALSE	FALSE	FALSE	FALSE	des_specific_instable
RvY_16345-1	1	des	0.8809523809523809	0.11904761904761904	0.5	TRUE	FALSE	FALSE	FALSE	FALSE	FALSE	des_specific_instable
RvY_16400	1	des	0.8809523809523809	0.11904761904761904	0.5	TRUE	FALSE	FALSE	FALSE	FALSE	FALSE	des_specific_instable
RvY_16551	1	des	0.8809523809523809	0.11904761904761904	0.5	TRUE	FALSE	FALSE	FALSE	FALSE	FALSE	des_specific_instable
RvY_16635	1	des	0.8809523809523809	0.11904761904761904	0.5	TRUE	FALSE	FALSE	FALSE	FALSE	FALSE	des_specific_instable
RvY_16707-1	1	des	0.8809523809523809	0.11904761904761904	0.5	TRUE	FALSE	FALSE	FALSE	FALSE	FALSE	des_specific_instable
RvY_16723-1	1	des	0.8809523809523809	0.11904761904761904	0.5	TRUE	FALSE	FALSE	FALSE	FALSE	FALSE	des_specific_instable
RvY_16796	1	des	0.8809523809523809	0.11904761904761904	0.5	TRUE	FALSE	FALSE	FALSE	FALSE	FALSE	des_specific_instable
RvY_16878-1	1	des	0.8809523809523809	0.11904761904761904	0.5	TRUE	FALSE	FALSE	FALSE	FALSE	FALSE	des_specific_instable
RvY_17455-1	1	des	0.8809523809523809	0.11904761904761904	0.5	TRUE	FALSE	FALSE	FALSE	FALSE	FALSE	des_specific_instable
RvY_17595-1	1	des	0.8809523809523809	0.11904761904761904	0.5	TRUE	FALSE	FALSE	FALSE	FALSE	FALSE	des_specific_instable
RvY_17611-1	1	des	0.8809523809523809	0.11904761904761904	0.5	TRUE	FALSE	FALSE	FALSE	FALSE	FALSE	des_specific_instable
RvY_17641-1	1	des	0.8809523809523809	0.11904761904761904	0.5	TRUE	FALSE	FALSE	FALSE	FALSE	FALSE	des_specific_instable
RvY_17821	1	des	0.8809523809523809	0.11904761904761904	0.5	TRUE	FALSE	FALSE	FALSE	FALSE	FALSE	des_specific_instable
RvY_17841-1	1	des	0.8809523809523809	0.11904761904761904	0.5	TRUE	FALSE	FALSE	FALSE	FALSE	FALSE	des_specific_instable
RvY_17878	1	des	0.8809523809523809	0.11904761904761904	0.5	TRUE	FALSE	FALSE	FALSE	FALSE	FALSE	des_specific_instable
RvY_18066-1	1	des	0.8809523809523809	0.11904761904761904	0.5	TRUE	FALSE	FALSE	FALSE	FALSE	FALSE	des_specific_instable
RvY_18092	1	des	0.8809523809523809	0.11904761904761904	0.5	TRUE	FALSE	FALSE	FALSE	FALSE	FALSE	des_specific_instable
RvY_18577-1	1	des	0.8809523809523809	0.11904761904761904	0.5	TRUE	FALSE	FALSE	FALSE	FALSE	FALSE	des_specific_instable
RvY_18721-1	1	des	0.8809523809523809	0.11904761904761904	0.5	TRUE	FALSE	FALSE	FALSE	FALSE	FALSE	des_specific_instable
RvY_18857-1	1	des	0.8809523809523809	0.11904761904761904	0.5	TRUE	FALSE	FALSE	FALSE	FALSE	FALSE	des_specific_instable
RvY_18976-1	1	des	0.8809523809523809	0.11904761904761904	0.5	TRUE	FALSE	FALSE	FALSE	FALSE	FALSE	des_specific_instable
RvY_19029	1	des	0.8809523809523809	0.11904761904761904	0.5	TRUE	FALSE	FALSE	FALSE	FALSE	FALSE	des_specific_instable
RvY_19045	1	des	0.8809523809523809	0.11904761904761904	0.5	TRUE	FALSE	FALSE	FALSE	FALSE	FALSE	des_specific_instable
RvY_19221-1	1	des	0.8809523809523809	0.11904761904761904	0.5	TRUE	FALSE	FALSE	FALSE	FALSE	FALSE	des_specific_instable
RvY_19227-1	1	des	0.8809523809523809	0.11904761904761904	0.5	TRUE	FALSE	FALSE	FALSE	FALSE	FALSE	des_specific_instable
RvY_19370-1	1	des	0.8809523809523809	0.11904761904761904	0.5	TRUE	FALSE	FALSE	FALSE	FALSE	FALSE	des_specific_instable
RvY_19444-1	1	des	0.8809523809523809	0.11904761904761904	0.5	TRUE	FALSE	FALSE	FALSE	FALSE	FALSE	des_specific_instable
RvY_00236	1	des	0.8839285714285714	0.11607142857142856	0.5	TRUE	FALSE	FALSE	FALSE	FALSE	FALSE	des_specific_instable
RvY_00519-1	1	des	0.8839285714285714	0.11607142857142856	0.5	TRUE	FALSE	FALSE	FALSE	FALSE	FALSE	des_specific_instable
RvY_00626-1	1	des	0.8839285714285714	0.11607142857142856	0.5	TRUE	FALSE	FALSE	FALSE	FALSE	FALSE	des_specific_instable
RvY_00759-1	1	des	0.8839285714285714	0.11607142857142856	0.5	TRUE	FALSE	FALSE	FALSE	FALSE	FALSE	des_specific_instable
RvY_00782-1	1	des	0.8839285714285714	0.11607142857142856	0.5	TRUE	FALSE	FALSE	FALSE	FALSE	FALSE	des_specific_instable
RvY_00913-1	1	des	0.8839285714285714	0.11607142857142856	0.5	TRUE	FALSE	FALSE	FALSE	FALSE	FALSE	des_specific_instable
RvY_01530	1	des	0.8839285714285714	0.11607142857142856	0.5	TRUE	FALSE	FALSE	FALSE	FALSE	FALSE	des_specific_instable
RvY_01706-1	1	des	0.8839285714285714	0.11607142857142856	0.5	TRUE	FALSE	FALSE	FALSE	FALSE	FALSE	des_specific_instable
RvY_01735-1	1	des	0.8839285714285714	0.11607142857142856	0.5	TRUE	FALSE	FALSE	FALSE	FALSE	FALSE	des_specific_instable
RvY_02172	1	des	0.8839285714285714	0.11607142857142856	0.5	TRUE	FALSE	FALSE	FALSE	FALSE	FALSE	des_specific_instable
RvY_02379-1	1	des	0.8839285714285714	0.11607142857142856	0.5	TRUE	FALSE	FALSE	FALSE	FALSE	FALSE	des_specific_instable
RvY_02681-1	1	des	0.8839285714285714	0.11607142857142856	0.5	TRUE	FALSE	FALSE	FALSE	FALSE	FALSE	des_specific_instable
RvY_02745	1	des	0.8839285714285714	0.11607142857142856	0.5	TRUE	FALSE	FALSE	FALSE	FALSE	FALSE	des_specific_instable
RvY_02940-1	1	des	0.8839285714285714	0.11607142857142856	0.5	TRUE	FALSE	FALSE	FALSE	FALSE	FALSE	des_specific_instable
RvY_03114-1	1	des	0.8839285714285714	0.11607142857142856	0.5	TRUE	FALSE	FALSE	FALSE	FALSE	FALSE	des_specific_instable
RvY_03328-1	1	des	0.8839285714285714	0.11607142857142856	0.5	TRUE	FALSE	FALSE	FALSE	FALSE	FALSE	des_specific_instable
RvY_03497	1	des	0.8839285714285714	0.11607142857142856	0.5	TRUE	FALSE	FALSE	FALSE	FALSE	FALSE	des_specific_instable
RvY_03591-1	1	des	0.8839285714285714	0.11607142857142856	0.5	TRUE	FALSE	FALSE	FALSE	FALSE	FALSE	des_specific_instable
RvY_03883-1	1	des	0.8839285714285714	0.11607142857142856	0.5	TRUE	FALSE	FALSE	FALSE	FALSE	FALSE	des_specific_instable
RvY_04222-1	1	des	0.8839285714285714	0.11607142857142856	0.5	TRUE	FALSE	FALSE	FALSE	FALSE	FALSE	des_specific_instable
RvY_04573-1	1	des	0.8839285714285714	0.11607142857142856	0.5	TRUE	FALSE	FALSE	FALSE	FALSE	FALSE	des_specific_instable
RvY_05191-1	1	des	0.8839285714285714	0.11607142857142856	0.5	TRUE	FALSE	FALSE	FALSE	FALSE	FALSE	des_specific_instable
RvY_05300-1	1	des	0.8839285714285714	0.11607142857142856	0.5	TRUE	FALSE	FALSE	FALSE	FALSE	FALSE	des_specific_instable
RvY_05467-1	1	des	0.8839285714285714	0.11607142857142856	0.5	TRUE	FALSE	FALSE	FALSE	FALSE	FALSE	des_specific_instable
RvY_05671-1	1	des	0.8839285714285714	0.11607142857142856	0.5	TRUE	FALSE	FALSE	FALSE	FALSE	FALSE	des_specific_instable
RvY_05882-1	1	des	0.8839285714285714	0.11607142857142856	0.5	TRUE	FALSE	FALSE	FALSE	FALSE	FALSE	des_specific_instable
RvY_05904-1	1	des	0.8839285714285714	0.11607142857142856	0.5	TRUE	FALSE	FALSE	FALSE	FALSE	FALSE	des_specific_instable
RvY_06231-1	1	des	0.8839285714285714	0.11607142857142856	0.5	TRUE	FALSE	FALSE	FALSE	FALSE	FALSE	des_specific_instable
RvY_06321-1	1	des	0.8839285714285714	0.11607142857142856	0.5	TRUE	FALSE	FALSE	FALSE	FALSE	FALSE	des_specific_instable
RvY_06426-1	1	des	0.8839285714285714	0.11607142857142856	0.5	TRUE	FALSE	FALSE	FALSE	FALSE	FALSE	des_specific_instable
RvY_06876-1	1	des	0.8839285714285714	0.11607142857142856	0.5	TRUE	FALSE	FALSE	FALSE	FALSE	FALSE	des_specific_instable
RvY_06910-1	1	des	0.8839285714285714	0.11607142857142856	0.5	TRUE	FALSE	FALSE	FALSE	FALSE	FALSE	des_specific_instable
RvY_06966-1	1	des	0.8839285714285714	0.11607142857142856	0.5	TRUE	FALSE	FALSE	FALSE	FALSE	FALSE	des_specific_instable
RvY_07191-1	1	des	0.8839285714285714	0.11607142857142856	0.5	TRUE	FALSE	FALSE	FALSE	FALSE	FALSE	des_specific_instable
RvY_07246-1	1	des	0.8839285714285714	0.11607142857142856	0.5	TRUE	FALSE	FALSE	FALSE	FALSE	FALSE	des_specific_instable
RvY_07492-1	1	des	0.8839285714285714	0.11607142857142856	0.5	TRUE	FALSE	FALSE	FALSE	FALSE	FALSE	des_specific_instable
RvY_08049-1	1	des	0.8839285714285714	0.11607142857142856	0.5	TRUE	FALSE	FALSE	FALSE	FALSE	FALSE	des_specific_instable
RvY_08539-1	1	des	0.8839285714285714	0.11607142857142856	0.5	TRUE	FALSE	FALSE	FALSE	FALSE	FALSE	des_specific_instable
RvY_08667-1	1	des	0.8839285714285714	0.11607142857142856	0.5	TRUE	FALSE	FALSE	FALSE	FALSE	FALSE	des_specific_instable
RvY_08781-1	1	des	0.8839285714285714	0.11607142857142856	0.5	TRUE	FALSE	FALSE	FALSE	FALSE	FALSE	des_specific_instable
RvY_09447-1	1	des	0.8839285714285714	0.11607142857142856	0.5	TRUE	FALSE	FALSE	FALSE	FALSE	FALSE	des_specific_instable
RvY_09562-1	1	des	0.8839285714285714	0.11607142857142856	0.5	TRUE	FALSE	FALSE	FALSE	FALSE	FALSE	des_specific_instable
RvY_09680-1	1	des	0.8839285714285714	0.11607142857142856	0.5	TRUE	FALSE	FALSE	FALSE	FALSE	FALSE	des_specific_instable
RvY_09749	1	des	0.8839285714285714	0.11607142857142856	0.5	TRUE	FALSE	FALSE	FALSE	FALSE	FALSE	des_specific_instable
RvY_09946	1	des	0.8839285714285714	0.11607142857142856	0.5	TRUE	FALSE	FALSE	FALSE	FALSE	FALSE	des_specific_instable
RvY_10051-1	1	des	0.8839285714285714	0.11607142857142856	0.5	TRUE	FALSE	FALSE	FALSE	FALSE	FALSE	des_specific_instable
RvY_10128-1	1	des	0.8839285714285714	0.11607142857142856	0.5	TRUE	FALSE	FALSE	FALSE	FALSE	FALSE	des_specific_instable
RvY_10139-1	1	des	0.8839285714285714	0.11607142857142856	0.5	TRUE	FALSE	FALSE	FALSE	FALSE	FALSE	des_specific_instable
RvY_10228-1	1	des	0.8839285714285714	0.11607142857142856	0.5	TRUE	FALSE	FALSE	FALSE	FALSE	FALSE	des_specific_instable
RvY_10675-1	1	des	0.8839285714285714	0.11607142857142856	0.5	TRUE	FALSE	FALSE	FALSE	FALSE	FALSE	des_specific_instable
RvY_10886-1	1	des	0.8839285714285714	0.11607142857142856	0.5	TRUE	FALSE	FALSE	FALSE	FALSE	FALSE	des_specific_instable
RvY_11015-1	1	des	0.8839285714285714	0.11607142857142856	0.5	TRUE	FALSE	FALSE	FALSE	FALSE	FALSE	des_specific_instable
RvY_11101-1	1	des	0.8839285714285714	0.11607142857142856	0.5	TRUE	FALSE	FALSE	FALSE	FALSE	FALSE	des_specific_instable
RvY_11125-1	1	des	0.8839285714285714	0.11607142857142856	0.5	TRUE	FALSE	FALSE	FALSE	FALSE	FALSE	des_specific_instable
RvY_11144-1	1	des	0.8839285714285714	0.11607142857142856	0.5	TRUE	FALSE	FALSE	FALSE	FALSE	FALSE	des_specific_instable
RvY_11353-1	1	des	0.8839285714285714	0.11607142857142856	0.5	TRUE	FALSE	FALSE	FALSE	FALSE	FALSE	des_specific_instable
RvY_11423-1	1	des	0.8839285714285714	0.11607142857142856	0.5	TRUE	FALSE	FALSE	FALSE	FALSE	FALSE	des_specific_instable
RvY_12225	1	des	0.8839285714285714	0.11607142857142856	0.5	TRUE	FALSE	FALSE	FALSE	FALSE	FALSE	des_specific_instable
RvY_12237-1	1	des	0.8839285714285714	0.11607142857142856	0.5	TRUE	FALSE	FALSE	FALSE	FALSE	FALSE	des_specific_instable
RvY_12253-1	1	des	0.8839285714285714	0.11607142857142856	0.5	TRUE	FALSE	FALSE	FALSE	FALSE	FALSE	des_specific_instable
RvY_13213-1	1	des	0.8839285714285714	0.11607142857142856	0.5	TRUE	FALSE	FALSE	FALSE	FALSE	FALSE	des_specific_instable
RvY_13399	1	des	0.8839285714285714	0.11607142857142856	0.5	TRUE	FALSE	FALSE	FALSE	FALSE	FALSE	des_specific_instable
RvY_13592-1	1	des	0.8839285714285714	0.11607142857142856	0.5	TRUE	FALSE	FALSE	FALSE	FALSE	FALSE	des_specific_instable
RvY_13809-1	1	des	0.8839285714285714	0.11607142857142856	0.5	TRUE	FALSE	FALSE	FALSE	FALSE	FALSE	des_specific_instable
RvY_13825-1	1	des	0.8839285714285714	0.11607142857142856	0.5	TRUE	FALSE	FALSE	FALSE	FALSE	FALSE	des_specific_instable
RvY_13878-1	1	des	0.8839285714285714	0.11607142857142856	0.5	TRUE	FALSE	FALSE	FALSE	FALSE	FALSE	des_specific_instable
RvY_13947-1	1	des	0.8839285714285714	0.11607142857142856	0.5	TRUE	FALSE	FALSE	FALSE	FALSE	FALSE	des_specific_instable
RvY_14189-1	1	des	0.8839285714285714	0.11607142857142856	0.5	TRUE	FALSE	FALSE	FALSE	FALSE	FALSE	des_specific_instable
RvY_14440-1	1	des	0.8839285714285714	0.11607142857142856	0.5	TRUE	FALSE	FALSE	FALSE	FALSE	FALSE	des_specific_instable
RvY_14527-1	1	des	0.8839285714285714	0.11607142857142856	0.5	TRUE	FALSE	FALSE	FALSE	FALSE	FALSE	des_specific_instable
RvY_15073-1	1	des	0.8839285714285714	0.11607142857142856	0.5	TRUE	FALSE	FALSE	FALSE	FALSE	FALSE	des_specific_instable
RvY_15107-1	1	des	0.8839285714285714	0.11607142857142856	0.5	TRUE	FALSE	FALSE	FALSE	FALSE	FALSE	des_specific_instable
RvY_15336-1	1	des	0.8839285714285714	0.11607142857142856	0.5	TRUE	FALSE	FALSE	FALSE	FALSE	FALSE	des_specific_instable
RvY_15532-1	1	des	0.8839285714285714	0.11607142857142856	0.5	TRUE	FALSE	FALSE	FALSE	FALSE	FALSE	des_specific_instable
RvY_15993-1	1	des	0.8839285714285714	0.11607142857142856	0.5	TRUE	FALSE	FALSE	FALSE	FALSE	FALSE	des_specific_instable
RvY_16332	1	des	0.8839285714285714	0.11607142857142856	0.5	TRUE	FALSE	FALSE	FALSE	FALSE	FALSE	des_specific_instable
RvY_16408-1	1	des	0.8839285714285714	0.11607142857142856	0.5	TRUE	FALSE	FALSE	FALSE	FALSE	FALSE	des_specific_instable
RvY_16474-1	1	des	0.8839285714285714	0.11607142857142856	0.5	TRUE	FALSE	FALSE	FALSE	FALSE	FALSE	des_specific_instable
RvY_16504-1	1	des	0.8839285714285714	0.11607142857142856	0.5	TRUE	FALSE	FALSE	FALSE	FALSE	FALSE	des_specific_instable
RvY_16564-1	1	des	0.8839285714285714	0.11607142857142856	0.5	TRUE	FALSE	FALSE	FALSE	FALSE	FALSE	des_specific_instable
RvY_16687-1	1	des	0.8839285714285714	0.11607142857142856	0.5	TRUE	FALSE	FALSE	FALSE	FALSE	FALSE	des_specific_instable
RvY_16698-1	1	des	0.8839285714285714	0.11607142857142856	0.5	TRUE	FALSE	FALSE	FALSE	FALSE	FALSE	des_specific_instable
RvY_16825-1	1	des	0.8839285714285714	0.11607142857142856	0.5	TRUE	FALSE	FALSE	FALSE	FALSE	FALSE	des_specific_instable
RvY_16900-1	1	des	0.8839285714285714	0.11607142857142856	0.5	TRUE	FALSE	FALSE	FALSE	FALSE	FALSE	des_specific_instable
RvY_17004-1	1	des	0.8839285714285714	0.11607142857142856	0.5	TRUE	FALSE	FALSE	FALSE	FALSE	FALSE	des_specific_instable
RvY_17227-1	1	des	0.8839285714285714	0.11607142857142856	0.5	TRUE	FALSE	FALSE	FALSE	FALSE	FALSE	des_specific_instable
RvY_17371-1	1	des	0.8839285714285714	0.11607142857142856	0.5	TRUE	FALSE	FALSE	FALSE	FALSE	FALSE	des_specific_instable
RvY_17796-1	1	des	0.8839285714285714	0.11607142857142856	0.5	TRUE	FALSE	FALSE	FALSE	FALSE	FALSE	des_specific_instable
RvY_18141-1	1	des	0.8839285714285714	0.11607142857142856	0.5	TRUE	FALSE	FALSE	FALSE	FALSE	FALSE	des_specific_instable
RvY_18472-1	1	des	0.8839285714285714	0.11607142857142856	0.5	TRUE	FALSE	FALSE	FALSE	FALSE	FALSE	des_specific_instable
RvY_18826-1	1	des	0.8839285714285714	0.11607142857142856	0.5	TRUE	FALSE	FALSE	FALSE	FALSE	FALSE	des_specific_instable
RvY_18948-1	1	des	0.8839285714285714	0.11607142857142856	0.5	TRUE	FALSE	FALSE	FALSE	FALSE	FALSE	des_specific_instable
RvY_18978-1	1	des	0.8839285714285714	0.11607142857142856	0.5	TRUE	FALSE	FALSE	FALSE	FALSE	FALSE	des_specific_instable
RvY_19114-1	1	des	0.8839285714285714	0.11607142857142856	0.5	TRUE	FALSE	FALSE	FALSE	FALSE	FALSE	des_specific_instable
RvY_19159-1	1	des	0.8839285714285714	0.11607142857142856	0.5	TRUE	FALSE	FALSE	FALSE	FALSE	FALSE	des_specific_instable
RvY_19164-1	1	des	0.8839285714285714	0.11607142857142856	0.5	TRUE	FALSE	FALSE	FALSE	FALSE	FALSE	des_specific_instable
RvY_00143-1	1	des	0.8928571428571428	0.10714285714285716	0.5	TRUE	FALSE	FALSE	FALSE	FALSE	FALSE	des_specific_instable
RvY_00275-1	1	des	0.8928571428571428	0.10714285714285716	0.5	TRUE	FALSE	FALSE	FALSE	FALSE	FALSE	des_specific_instable
RvY_00367-1	1	des	0.8928571428571428	0.10714285714285716	0.5	TRUE	FALSE	FALSE	FALSE	FALSE	FALSE	des_specific_instable
RvY_00427-1	1	des	0.8928571428571428	0.10714285714285716	0.5	TRUE	FALSE	FALSE	FALSE	FALSE	FALSE	des_specific_instable
RvY_00440-1	1	des	0.8928571428571428	0.10714285714285716	0.5	TRUE	FALSE	FALSE	FALSE	FALSE	FALSE	des_specific_instable
RvY_00465-1	1	des	0.8928571428571428	0.10714285714285716	0.5	TRUE	FALSE	FALSE	FALSE	FALSE	FALSE	des_specific_instable
RvY_00605-1	1	des	0.8928571428571428	0.10714285714285716	0.5	TRUE	FALSE	FALSE	FALSE	FALSE	FALSE	des_specific_instable
RvY_00802-1	1	des	0.8928571428571428	0.10714285714285716	0.5	TRUE	FALSE	FALSE	FALSE	FALSE	FALSE	des_specific_instable
RvY_00892-1	1	des	0.8928571428571428	0.10714285714285716	0.5	TRUE	FALSE	FALSE	FALSE	FALSE	FALSE	des_specific_instable
RvY_00964-1	1	des	0.8928571428571428	0.10714285714285716	0.5	TRUE	FALSE	FALSE	FALSE	FALSE	FALSE	des_specific_instable
RvY_01095-1	1	des	0.8928571428571428	0.10714285714285716	0.5	TRUE	FALSE	FALSE	FALSE	FALSE	FALSE	des_specific_instable
RvY_01145-1	1	des	0.8928571428571428	0.10714285714285716	0.5	TRUE	FALSE	FALSE	FALSE	FALSE	FALSE	des_specific_instable
RvY_01229	1	des	0.8928571428571428	0.10714285714285716	0.5	TRUE	FALSE	FALSE	FALSE	FALSE	FALSE	des_specific_instable
RvY_01293-1	1	des	0.8928571428571428	0.10714285714285716	0.5	TRUE	FALSE	FALSE	FALSE	FALSE	FALSE	des_specific_instable
RvY_01640-1	1	des	0.8928571428571428	0.10714285714285716	0.5	TRUE	FALSE	FALSE	FALSE	FALSE	FALSE	des_specific_instable
RvY_01713-1	1	des	0.8928571428571428	0.10714285714285716	0.5	TRUE	FALSE	FALSE	FALSE	FALSE	FALSE	des_specific_instable
RvY_01714-1	1	des	0.8928571428571428	0.10714285714285716	0.5	TRUE	FALSE	FALSE	FALSE	FALSE	FALSE	des_specific_instable
RvY_01829-1	1	des	0.8928571428571428	0.10714285714285716	0.5	TRUE	FALSE	FALSE	FALSE	FALSE	FALSE	des_specific_instable
RvY_01861-1	1	des	0.8928571428571428	0.10714285714285716	0.5	TRUE	FALSE	FALSE	FALSE	FALSE	FALSE	des_specific_instable
RvY_01882-1	1	des	0.8928571428571428	0.10714285714285716	0.5	TRUE	FALSE	FALSE	FALSE	FALSE	FALSE	des_specific_instable
RvY_01886-1	1	des	0.8928571428571428	0.10714285714285716	0.5	TRUE	FALSE	FALSE	FALSE	FALSE	FALSE	des_specific_instable
RvY_02196	1	des	0.8928571428571428	0.10714285714285716	0.5	TRUE	FALSE	FALSE	FALSE	FALSE	FALSE	des_specific_instable
RvY_02271-1	1	des	0.8928571428571428	0.10714285714285716	0.5	TRUE	FALSE	FALSE	FALSE	FALSE	FALSE	des_specific_instable
RvY_02553-1	1	des	0.8928571428571428	0.10714285714285716	0.5	TRUE	FALSE	FALSE	FALSE	FALSE	FALSE	des_specific_instable
RvY_02628-1	1	des	0.8928571428571428	0.10714285714285716	0.5	TRUE	FALSE	FALSE	FALSE	FALSE	FALSE	des_specific_instable
RvY_02654-1	1	des	0.8928571428571428	0.10714285714285716	0.5	TRUE	FALSE	FALSE	FALSE	FALSE	FALSE	des_specific_instable
RvY_02831-1	1	des	0.8928571428571428	0.10714285714285716	0.5	TRUE	FALSE	FALSE	FALSE	FALSE	FALSE	des_specific_instable
RvY_02905-1	1	des	0.8928571428571428	0.10714285714285716	0.5	TRUE	FALSE	FALSE	FALSE	FALSE	FALSE	des_specific_instable
RvY_03032-1	1	des	0.8928571428571428	0.10714285714285716	0.5	TRUE	FALSE	FALSE	FALSE	FALSE	FALSE	des_specific_instable
RvY_03048-1	1	des	0.8928571428571428	0.10714285714285716	0.5	TRUE	FALSE	FALSE	FALSE	FALSE	FALSE	des_specific_instable
RvY_03139-1	1	des	0.8928571428571428	0.10714285714285716	0.5	TRUE	FALSE	FALSE	FALSE	FALSE	FALSE	des_specific_instable
RvY_03172-1	1	des	0.8928571428571428	0.10714285714285716	0.5	TRUE	FALSE	FALSE	FALSE	FALSE	FALSE	des_specific_instable
RvY_03553-1	1	des	0.8928571428571428	0.10714285714285716	0.5	TRUE	FALSE	FALSE	FALSE	FALSE	FALSE	des_specific_instable
RvY_03568-1	1	des	0.8928571428571428	0.10714285714285716	0.5	TRUE	FALSE	FALSE	FALSE	FALSE	FALSE	des_specific_instable
RvY_03597-1	1	des	0.8928571428571428	0.10714285714285716	0.5	TRUE	FALSE	FALSE	FALSE	FALSE	FALSE	des_specific_instable
RvY_03927-1	1	des	0.8928571428571428	0.10714285714285716	0.5	TRUE	FALSE	FALSE	FALSE	FALSE	FALSE	des_specific_instable
RvY_04190-1	1	des	0.8928571428571428	0.10714285714285716	0.5	TRUE	FALSE	FALSE	FALSE	FALSE	FALSE	des_specific_instable
RvY_04242-1	1	des	0.8928571428571428	0.10714285714285716	0.5	TRUE	FALSE	FALSE	FALSE	FALSE	FALSE	des_specific_instable
RvY_04426	1	des	0.8928571428571428	0.10714285714285716	0.5	TRUE	FALSE	FALSE	FALSE	FALSE	FALSE	des_specific_instable
RvY_04465-1	1	des	0.8928571428571428	0.10714285714285716	0.5	TRUE	FALSE	FALSE	FALSE	FALSE	FALSE	des_specific_instable
RvY_04731-1	1	des	0.8928571428571428	0.10714285714285716	0.5	TRUE	FALSE	FALSE	FALSE	FALSE	FALSE	des_specific_instable
RvY_04777-1	1	des	0.8928571428571428	0.10714285714285716	0.5	TRUE	FALSE	FALSE	FALSE	FALSE	FALSE	des_specific_instable
RvY_04892-1	1	des	0.8928571428571428	0.10714285714285716	0.5	TRUE	FALSE	FALSE	FALSE	FALSE	FALSE	des_specific_instable
RvY_05121-1	1	des	0.8928571428571428	0.10714285714285716	0.5	TRUE	FALSE	FALSE	FALSE	FALSE	FALSE	des_specific_instable
RvY_05155-1	1	des	0.8928571428571428	0.10714285714285716	0.5	TRUE	FALSE	FALSE	FALSE	FALSE	FALSE	des_specific_instable
RvY_05224-1	1	des	0.8928571428571428	0.10714285714285716	0.5	TRUE	FALSE	FALSE	FALSE	FALSE	FALSE	des_specific_instable
RvY_05310-1	1	des	0.8928571428571428	0.10714285714285716	0.5	TRUE	FALSE	FALSE	FALSE	FALSE	FALSE	des_specific_instable
RvY_05553-1	1	des	0.8928571428571428	0.10714285714285716	0.5	TRUE	FALSE	FALSE	FALSE	FALSE	FALSE	des_specific_instable
RvY_05663	1	des	0.8928571428571428	0.10714285714285716	0.5	TRUE	FALSE	FALSE	FALSE	FALSE	FALSE	des_specific_instable
RvY_05678-1	1	des	0.8928571428571428	0.10714285714285716	0.5	TRUE	FALSE	FALSE	FALSE	FALSE	FALSE	des_specific_instable
RvY_05686	1	des	0.8928571428571428	0.10714285714285716	0.5	TRUE	FALSE	FALSE	FALSE	FALSE	FALSE	des_specific_instable
RvY_05704-1	1	des	0.8928571428571428	0.10714285714285716	0.5	TRUE	FALSE	FALSE	FALSE	FALSE	FALSE	des_specific_instable
RvY_05894-1	1	des	0.8928571428571428	0.10714285714285716	0.5	TRUE	FALSE	FALSE	FALSE	FALSE	FALSE	des_specific_instable
RvY_06053-1	1	des	0.8928571428571428	0.10714285714285716	0.5	TRUE	FALSE	FALSE	FALSE	FALSE	FALSE	des_specific_instable
RvY_06206-1	1	des	0.8928571428571428	0.10714285714285716	0.5	TRUE	FALSE	FALSE	FALSE	FALSE	FALSE	des_specific_instable
RvY_06234-1	1	des	0.8928571428571428	0.10714285714285716	0.5	TRUE	FALSE	FALSE	FALSE	FALSE	FALSE	des_specific_instable
RvY_06390-1	1	des	0.8928571428571428	0.10714285714285716	0.5	TRUE	FALSE	FALSE	FALSE	FALSE	FALSE	des_specific_instable
RvY_06550-1	1	des	0.8928571428571428	0.10714285714285716	0.5	TRUE	FALSE	FALSE	FALSE	FALSE	FALSE	des_specific_instable
RvY_06691-1	1	des	0.8928571428571428	0.10714285714285716	0.5	TRUE	FALSE	FALSE	FALSE	FALSE	FALSE	des_specific_instable
RvY_06878	1	des	0.8928571428571428	0.10714285714285716	0.5	TRUE	FALSE	FALSE	FALSE	FALSE	FALSE	des_specific_instable
RvY_06928-1	1	des	0.8928571428571428	0.10714285714285716	0.5	TRUE	FALSE	FALSE	FALSE	FALSE	FALSE	des_specific_instable
RvY_06934-1	1	des	0.8928571428571428	0.10714285714285716	0.5	TRUE	FALSE	FALSE	FALSE	FALSE	FALSE	des_specific_instable
RvY_06975-1	1	des	0.8928571428571428	0.10714285714285716	0.5	TRUE	FALSE	FALSE	FALSE	FALSE	FALSE	des_specific_instable
RvY_07225-1	1	des	0.8928571428571428	0.10714285714285716	0.5	TRUE	FALSE	FALSE	FALSE	FALSE	FALSE	des_specific_instable
RvY_07248-1	1	des	0.8928571428571428	0.10714285714285716	0.5	TRUE	FALSE	FALSE	FALSE	FALSE	FALSE	des_specific_instable
RvY_07291	1	des	0.8928571428571428	0.10714285714285716	0.5	TRUE	FALSE	FALSE	FALSE	FALSE	FALSE	des_specific_instable
RvY_07322-1	1	des	0.8928571428571428	0.10714285714285716	0.5	TRUE	FALSE	FALSE	FALSE	FALSE	FALSE	des_specific_instable
RvY_07324-1	1	des	0.8928571428571428	0.10714285714285716	0.5	TRUE	FALSE	FALSE	FALSE	FALSE	FALSE	des_specific_instable
RvY_07569-1	1	des	0.8928571428571428	0.10714285714285716	0.5	TRUE	FALSE	FALSE	FALSE	FALSE	FALSE	des_specific_instable
RvY_07593	1	des	0.8928571428571428	0.10714285714285716	0.5	TRUE	FALSE	FALSE	FALSE	FALSE	FALSE	des_specific_instable
RvY_07621-1	1	des	0.8928571428571428	0.10714285714285716	0.5	TRUE	FALSE	FALSE	FALSE	FALSE	FALSE	des_specific_instable
RvY_07672-1	1	des	0.8928571428571428	0.10714285714285716	0.5	TRUE	FALSE	FALSE	FALSE	FALSE	FALSE	des_specific_instable
RvY_07814-1	1	des	0.8928571428571428	0.10714285714285716	0.5	TRUE	FALSE	FALSE	FALSE	FALSE	FALSE	des_specific_instable
RvY_08112-1	1	des	0.8928571428571428	0.10714285714285716	0.5	TRUE	FALSE	FALSE	FALSE	FALSE	FALSE	des_specific_instable
RvY_08226-1	1	des	0.8928571428571428	0.10714285714285716	0.5	TRUE	FALSE	FALSE	FALSE	FALSE	FALSE	des_specific_instable
RvY_08245-1	1	des	0.8928571428571428	0.10714285714285716	0.5	TRUE	FALSE	FALSE	FALSE	FALSE	FALSE	des_specific_instable
RvY_08342-1	1	des	0.8928571428571428	0.10714285714285716	0.5	TRUE	FALSE	FALSE	FALSE	FALSE	FALSE	des_specific_instable
RvY_08346-1	1	des	0.8928571428571428	0.10714285714285716	0.5	TRUE	FALSE	FALSE	FALSE	FALSE	FALSE	des_specific_instable
RvY_08359-1	1	des	0.8928571428571428	0.10714285714285716	0.5	TRUE	FALSE	FALSE	FALSE	FALSE	FALSE	des_specific_instable
RvY_08362-1	1	des	0.8928571428571428	0.10714285714285716	0.5	TRUE	FALSE	FALSE	FALSE	FALSE	FALSE	des_specific_instable
RvY_08419-1	1	des	0.8928571428571428	0.10714285714285716	0.5	TRUE	FALSE	FALSE	FALSE	FALSE	FALSE	des_specific_instable
RvY_08443-1	1	des	0.8928571428571428	0.10714285714285716	0.5	TRUE	FALSE	FALSE	FALSE	FALSE	FALSE	des_specific_instable
RvY_08530-1	1	des	0.8928571428571428	0.10714285714285716	0.5	TRUE	FALSE	FALSE	FALSE	FALSE	FALSE	des_specific_instable
RvY_08637-1	1	des	0.8928571428571428	0.10714285714285716	0.5	TRUE	FALSE	FALSE	FALSE	FALSE	FALSE	des_specific_instable
RvY_08680-1	1	des	0.8928571428571428	0.10714285714285716	0.5	TRUE	FALSE	FALSE	FALSE	FALSE	FALSE	des_specific_instable
RvY_08793-1	1	des	0.8928571428571428	0.10714285714285716	0.5	TRUE	FALSE	FALSE	FALSE	FALSE	FALSE	des_specific_instable
RvY_08806-1	1	des	0.8928571428571428	0.10714285714285716	0.5	TRUE	FALSE	FALSE	FALSE	FALSE	FALSE	des_specific_instable
RvY_08922-1	1	des	0.8928571428571428	0.10714285714285716	0.5	TRUE	FALSE	FALSE	FALSE	FALSE	FALSE	des_specific_instable
RvY_08942	1	des	0.8928571428571428	0.10714285714285716	0.5	TRUE	FALSE	FALSE	FALSE	FALSE	FALSE	des_specific_instable
RvY_08970-1	1	des	0.8928571428571428	0.10714285714285716	0.5	TRUE	FALSE	FALSE	FALSE	FALSE	FALSE	des_specific_instable
RvY_08987	1	des	0.8928571428571428	0.10714285714285716	0.5	TRUE	FALSE	FALSE	FALSE	FALSE	FALSE	des_specific_instable
RvY_09015-1	1	des	0.8928571428571428	0.10714285714285716	0.5	TRUE	FALSE	FALSE	FALSE	FALSE	FALSE	des_specific_instable
RvY_09095-1	1	des	0.8928571428571428	0.10714285714285716	0.5	TRUE	FALSE	FALSE	FALSE	FALSE	FALSE	des_specific_instable
RvY_09107	1	des	0.8928571428571428	0.10714285714285716	0.5	TRUE	FALSE	FALSE	FALSE	FALSE	FALSE	des_specific_instable
RvY_09122-1	1	des	0.8928571428571428	0.10714285714285716	0.5	TRUE	FALSE	FALSE	FALSE	FALSE	FALSE	des_specific_instable
RvY_09290-1	1	des	0.8928571428571428	0.10714285714285716	0.5	TRUE	FALSE	FALSE	FALSE	FALSE	FALSE	des_specific_instable
RvY_09366-1	1	des	0.8928571428571428	0.10714285714285716	0.5	TRUE	FALSE	FALSE	FALSE	FALSE	FALSE	des_specific_instable
RvY_09494-1	1	des	0.8928571428571428	0.10714285714285716	0.5	TRUE	FALSE	FALSE	FALSE	FALSE	FALSE	des_specific_instable
RvY_09641-1	1	des	0.8928571428571428	0.10714285714285716	0.5	TRUE	FALSE	FALSE	FALSE	FALSE	FALSE	des_specific_instable
RvY_09719-1	1	des	0.8928571428571428	0.10714285714285716	0.5	TRUE	FALSE	FALSE	FALSE	FALSE	FALSE	des_specific_instable
RvY_09721	1	des	0.8928571428571428	0.10714285714285716	0.5	TRUE	FALSE	FALSE	FALSE	FALSE	FALSE	des_specific_instable
RvY_09736-1	1	des	0.8928571428571428	0.10714285714285716	0.5	TRUE	FALSE	FALSE	FALSE	FALSE	FALSE	des_specific_instable
RvY_09899-1	1	des	0.8928571428571428	0.10714285714285716	0.5	TRUE	FALSE	FALSE	FALSE	FALSE	FALSE	des_specific_instable
RvY_09942-1	1	des	0.8928571428571428	0.10714285714285716	0.5	TRUE	FALSE	FALSE	FALSE	FALSE	FALSE	des_specific_instable
RvY_10088-1	1	des	0.8928571428571428	0.10714285714285716	0.5	TRUE	FALSE	FALSE	FALSE	FALSE	FALSE	des_specific_instable
RvY_10410-1	1	des	0.8928571428571428	0.10714285714285716	0.5	TRUE	FALSE	FALSE	FALSE	FALSE	FALSE	des_specific_instable
RvY_10452-1	1	des	0.8928571428571428	0.10714285714285716	0.5	TRUE	FALSE	FALSE	FALSE	FALSE	FALSE	des_specific_instable
RvY_10480	1	des	0.8928571428571428	0.10714285714285716	0.5	TRUE	FALSE	FALSE	FALSE	FALSE	FALSE	des_specific_instable
RvY_10502-1	1	des	0.8928571428571428	0.10714285714285716	0.5	TRUE	FALSE	FALSE	FALSE	FALSE	FALSE	des_specific_instable
RvY_10526-1	1	des	0.8928571428571428	0.10714285714285716	0.5	TRUE	FALSE	FALSE	FALSE	FALSE	FALSE	des_specific_instable
RvY_10651-1	1	des	0.8928571428571428	0.10714285714285716	0.5	TRUE	FALSE	FALSE	FALSE	FALSE	FALSE	des_specific_instable
RvY_10692-1	1	des	0.8928571428571428	0.10714285714285716	0.5	TRUE	FALSE	FALSE	FALSE	FALSE	FALSE	des_specific_instable
RvY_10927-1	1	des	0.8928571428571428	0.10714285714285716	0.5	TRUE	FALSE	FALSE	FALSE	FALSE	FALSE	des_specific_instable
RvY_10977-1	1	des	0.8928571428571428	0.10714285714285716	0.5	TRUE	FALSE	FALSE	FALSE	FALSE	FALSE	des_specific_instable
RvY_11003-1	1	des	0.8928571428571428	0.10714285714285716	0.5	TRUE	FALSE	FALSE	FALSE	FALSE	FALSE	des_specific_instable
RvY_11122-1	1	des	0.8928571428571428	0.10714285714285716	0.5	TRUE	FALSE	FALSE	FALSE	FALSE	FALSE	des_specific_instable
RvY_11226-1	1	des	0.8928571428571428	0.10714285714285716	0.5	TRUE	FALSE	FALSE	FALSE	FALSE	FALSE	des_specific_instable
RvY_11254-1	1	des	0.8928571428571428	0.10714285714285716	0.5	TRUE	FALSE	FALSE	FALSE	FALSE	FALSE	des_specific_instable
RvY_11273-1	1	des	0.8928571428571428	0.10714285714285716	0.5	TRUE	FALSE	FALSE	FALSE	FALSE	FALSE	des_specific_instable
RvY_11317-1	1	des	0.8928571428571428	0.10714285714285716	0.5	TRUE	FALSE	FALSE	FALSE	FALSE	FALSE	des_specific_instable
RvY_11357-1	1	des	0.8928571428571428	0.10714285714285716	0.5	TRUE	FALSE	FALSE	FALSE	FALSE	FALSE	des_specific_instable
RvY_11396-1	1	des	0.8928571428571428	0.10714285714285716	0.5	TRUE	FALSE	FALSE	FALSE	FALSE	FALSE	des_specific_instable
RvY_11524	1	des	0.8928571428571428	0.10714285714285716	0.5	TRUE	FALSE	FALSE	FALSE	FALSE	FALSE	des_specific_instable
RvY_11539	1	des	0.8928571428571428	0.10714285714285716	0.5	TRUE	FALSE	FALSE	FALSE	FALSE	FALSE	des_specific_instable
RvY_11751-1	1	des	0.8928571428571428	0.10714285714285716	0.5	TRUE	FALSE	FALSE	FALSE	FALSE	FALSE	des_specific_instable
RvY_13239-1	1	des	0.8928571428571428	0.10714285714285716	0.5	TRUE	FALSE	FALSE	FALSE	FALSE	FALSE	des_specific_instable
RvY_13315-1	1	des	0.8928571428571428	0.10714285714285716	0.5	TRUE	FALSE	FALSE	FALSE	FALSE	FALSE	des_specific_instable
RvY_13411-1	1	des	0.8928571428571428	0.10714285714285716	0.5	TRUE	FALSE	FALSE	FALSE	FALSE	FALSE	des_specific_instable
RvY_13678-1	1	des	0.8928571428571428	0.10714285714285716	0.5	TRUE	FALSE	FALSE	FALSE	FALSE	FALSE	des_specific_instable
RvY_13712-1	1	des	0.8928571428571428	0.10714285714285716	0.5	TRUE	FALSE	FALSE	FALSE	FALSE	FALSE	des_specific_instable
RvY_13883-1	1	des	0.8928571428571428	0.10714285714285716	0.5	TRUE	FALSE	FALSE	FALSE	FALSE	FALSE	des_specific_instable
RvY_14006-1	1	des	0.8928571428571428	0.10714285714285716	0.5	TRUE	FALSE	FALSE	FALSE	FALSE	FALSE	des_specific_instable
RvY_14008-1	1	des	0.8928571428571428	0.10714285714285716	0.5	TRUE	FALSE	FALSE	FALSE	FALSE	FALSE	des_specific_instable
RvY_14014-1	1	des	0.8928571428571428	0.10714285714285716	0.5	TRUE	FALSE	FALSE	FALSE	FALSE	FALSE	des_specific_instable
RvY_14064-1	1	des	0.8928571428571428	0.10714285714285716	0.5	TRUE	FALSE	FALSE	FALSE	FALSE	FALSE	des_specific_instable
RvY_14248-1	1	des	0.8928571428571428	0.10714285714285716	0.5	TRUE	FALSE	FALSE	FALSE	FALSE	FALSE	des_specific_instable
RvY_14385-1	1	des	0.8928571428571428	0.10714285714285716	0.5	TRUE	FALSE	FALSE	FALSE	FALSE	FALSE	des_specific_instable
RvY_14464-1	1	des	0.8928571428571428	0.10714285714285716	0.5	TRUE	FALSE	FALSE	FALSE	FALSE	FALSE	des_specific_instable
RvY_14805-1	1	des	0.8928571428571428	0.10714285714285716	0.5	TRUE	FALSE	FALSE	FALSE	FALSE	FALSE	des_specific_instable
RvY_14840-1	1	des	0.8928571428571428	0.10714285714285716	0.5	TRUE	FALSE	FALSE	FALSE	FALSE	FALSE	des_specific_instable
RvY_14870-1	1	des	0.8928571428571428	0.10714285714285716	0.5	TRUE	FALSE	FALSE	FALSE	FALSE	FALSE	des_specific_instable
RvY_15128-1	1	des	0.8928571428571428	0.10714285714285716	0.5	TRUE	FALSE	FALSE	FALSE	FALSE	FALSE	des_specific_instable
RvY_15394-1	1	des	0.8928571428571428	0.10714285714285716	0.5	TRUE	FALSE	FALSE	FALSE	FALSE	FALSE	des_specific_instable
RvY_15556-1	1	des	0.8928571428571428	0.10714285714285716	0.5	TRUE	FALSE	FALSE	FALSE	FALSE	FALSE	des_specific_instable
RvY_15605-1	1	des	0.8928571428571428	0.10714285714285716	0.5	TRUE	FALSE	FALSE	FALSE	FALSE	FALSE	des_specific_instable
RvY_15642-1	1	des	0.8928571428571428	0.10714285714285716	0.5	TRUE	FALSE	FALSE	FALSE	FALSE	FALSE	des_specific_instable
RvY_15713-1	1	des	0.8928571428571428	0.10714285714285716	0.5	TRUE	FALSE	FALSE	FALSE	FALSE	FALSE	des_specific_instable
RvY_15773-1	1	des	0.8928571428571428	0.10714285714285716	0.5	TRUE	FALSE	FALSE	FALSE	FALSE	FALSE	des_specific_instable
RvY_15834-1	1	des	0.8928571428571428	0.10714285714285716	0.5	TRUE	FALSE	FALSE	FALSE	FALSE	FALSE	des_specific_instable
RvY_16145-1	1	des	0.8928571428571428	0.10714285714285716	0.5	TRUE	FALSE	FALSE	FALSE	FALSE	FALSE	des_specific_instable
RvY_16398	1	des	0.8928571428571428	0.10714285714285716	0.5	TRUE	FALSE	FALSE	FALSE	FALSE	FALSE	des_specific_instable
RvY_16831	1	des	0.8928571428571428	0.10714285714285716	0.5	TRUE	FALSE	FALSE	FALSE	FALSE	FALSE	des_specific_instable
RvY_17023-1	1	des	0.8928571428571428	0.10714285714285716	0.5	TRUE	FALSE	FALSE	FALSE	FALSE	FALSE	des_specific_instable
RvY_17054-1	1	des	0.8928571428571428	0.10714285714285716	0.5	TRUE	FALSE	FALSE	FALSE	FALSE	FALSE	des_specific_instable
RvY_17589-1	1	des	0.8928571428571428	0.10714285714285716	0.5	TRUE	FALSE	FALSE	FALSE	FALSE	FALSE	des_specific_instable
RvY_17698-1	1	des	0.8928571428571428	0.10714285714285716	0.5	TRUE	FALSE	FALSE	FALSE	FALSE	FALSE	des_specific_instable
RvY_17782-1	1	des	0.8928571428571428	0.10714285714285716	0.5	TRUE	FALSE	FALSE	FALSE	FALSE	FALSE	des_specific_instable
RvY_17806-1	1	des	0.8928571428571428	0.10714285714285716	0.5	TRUE	FALSE	FALSE	FALSE	FALSE	FALSE	des_specific_instable
RvY_17808-1	1	des	0.8928571428571428	0.10714285714285716	0.5	TRUE	FALSE	FALSE	FALSE	FALSE	FALSE	des_specific_instable
RvY_17894-1	1	des	0.8928571428571428	0.10714285714285716	0.5	TRUE	FALSE	FALSE	FALSE	FALSE	FALSE	des_specific_instable
RvY_18244-1	1	des	0.8928571428571428	0.10714285714285716	0.5	TRUE	FALSE	FALSE	FALSE	FALSE	FALSE	des_specific_instable
RvY_18451	1	des	0.8928571428571428	0.10714285714285716	0.5	TRUE	FALSE	FALSE	FALSE	FALSE	FALSE	des_specific_instable
RvY_18508-1	1	des	0.8928571428571428	0.10714285714285716	0.5	TRUE	FALSE	FALSE	FALSE	FALSE	FALSE	des_specific_instable
RvY_18564-1	1	des	0.8928571428571428	0.10714285714285716	0.5	TRUE	FALSE	FALSE	FALSE	FALSE	FALSE	des_specific_instable
RvY_18575-1	1	des	0.8928571428571428	0.10714285714285716	0.5	TRUE	FALSE	FALSE	FALSE	FALSE	FALSE	des_specific_instable
RvY_18811-1	1	des	0.8928571428571428	0.10714285714285716	0.5	TRUE	FALSE	FALSE	FALSE	FALSE	FALSE	des_specific_instable
RvY_18831-1	1	des	0.8928571428571428	0.10714285714285716	0.5	TRUE	FALSE	FALSE	FALSE	FALSE	FALSE	des_specific_instable
RvY_18855-1	1	des	0.8928571428571428	0.10714285714285716	0.5	TRUE	FALSE	FALSE	FALSE	FALSE	FALSE	des_specific_instable
RvY_18884	1	des	0.8928571428571428	0.10714285714285716	0.5	TRUE	FALSE	FALSE	FALSE	FALSE	FALSE	des_specific_instable
RvY_19027	1	des	0.8928571428571428	0.10714285714285716	0.5	TRUE	FALSE	FALSE	FALSE	FALSE	FALSE	des_specific_instable
RvY_19052-1	1	des	0.8928571428571428	0.10714285714285716	0.5	TRUE	FALSE	FALSE	FALSE	FALSE	FALSE	des_specific_instable
RvY_19123-1	1	des	0.8928571428571428	0.10714285714285716	0.5	TRUE	FALSE	FALSE	FALSE	FALSE	FALSE	des_specific_instable
RvY_19306-1	1	des	0.8928571428571428	0.10714285714285716	0.5	TRUE	FALSE	FALSE	FALSE	FALSE	FALSE	des_specific_instable
RvY_00989-1	1	des	0.8958333333333334	0.10416666666666669	0.5	TRUE	FALSE	FALSE	FALSE	FALSE	FALSE	des_specific_instable
RvY_01589-1	1	des	0.8958333333333334	0.10416666666666669	0.5	TRUE	FALSE	FALSE	FALSE	FALSE	FALSE	des_specific_instable
RvY_01618-1	1	des	0.8958333333333334	0.10416666666666669	0.5	TRUE	FALSE	FALSE	FALSE	FALSE	FALSE	des_specific_instable
RvY_03321-1	1	des	0.8958333333333334	0.10416666666666669	0.5	TRUE	FALSE	FALSE	FALSE	FALSE	FALSE	des_specific_instable
RvY_04075-1	1	des	0.8958333333333334	0.10416666666666669	0.5	TRUE	FALSE	FALSE	FALSE	FALSE	FALSE	des_specific_instable
RvY_04202	1	des	0.8958333333333334	0.10416666666666669	0.5	TRUE	FALSE	FALSE	FALSE	FALSE	FALSE	des_specific_instable
RvY_04506-1	1	des	0.8958333333333334	0.10416666666666669	0.5	TRUE	FALSE	FALSE	FALSE	FALSE	FALSE	des_specific_instable
RvY_04990-1	1	des	0.8958333333333334	0.10416666666666669	0.5	TRUE	FALSE	FALSE	FALSE	FALSE	FALSE	des_specific_instable
RvY_05051-1	1	des	0.8958333333333334	0.10416666666666669	0.5	TRUE	FALSE	FALSE	FALSE	FALSE	FALSE	des_specific_instable
RvY_05063-1	1	des	0.8958333333333334	0.10416666666666669	0.5	TRUE	FALSE	FALSE	FALSE	FALSE	FALSE	des_specific_instable
RvY_05157	1	des	0.8958333333333334	0.10416666666666669	0.5	TRUE	FALSE	FALSE	FALSE	FALSE	FALSE	des_specific_instable
RvY_05715	1	des	0.8958333333333334	0.10416666666666669	0.5	TRUE	FALSE	FALSE	FALSE	FALSE	FALSE	des_specific_instable
RvY_05893-1	1	des	0.8958333333333334	0.10416666666666669	0.5	TRUE	FALSE	FALSE	FALSE	FALSE	FALSE	des_specific_instable
RvY_06427-1	1	des	0.8958333333333334	0.10416666666666669	0.5	TRUE	FALSE	FALSE	FALSE	FALSE	FALSE	des_specific_instable
RvY_06666-1	1	des	0.8958333333333334	0.10416666666666669	0.5	TRUE	FALSE	FALSE	FALSE	FALSE	FALSE	des_specific_instable
RvY_06987-1	1	des	0.8958333333333334	0.10416666666666669	0.5	TRUE	FALSE	FALSE	FALSE	FALSE	FALSE	des_specific_instable
RvY_07159-1	1	des	0.8958333333333334	0.10416666666666669	0.5	TRUE	FALSE	FALSE	FALSE	FALSE	FALSE	des_specific_instable
RvY_07182-1	1	des	0.8958333333333334	0.10416666666666669	0.5	TRUE	FALSE	FALSE	FALSE	FALSE	FALSE	des_specific_instable
RvY_08095-1	1	des	0.8958333333333334	0.10416666666666669	0.5	TRUE	FALSE	FALSE	FALSE	FALSE	FALSE	des_specific_instable
RvY_08784-1	1	des	0.8958333333333334	0.10416666666666669	0.5	TRUE	FALSE	FALSE	FALSE	FALSE	FALSE	des_specific_instable
RvY_09147-1	1	des	0.8958333333333334	0.10416666666666669	0.5	TRUE	FALSE	FALSE	FALSE	FALSE	FALSE	des_specific_instable
RvY_09160-1	1	des	0.8958333333333334	0.10416666666666669	0.5	TRUE	FALSE	FALSE	FALSE	FALSE	FALSE	des_specific_instable
RvY_10060-1	1	des	0.8958333333333334	0.10416666666666669	0.5	TRUE	FALSE	FALSE	FALSE	FALSE	FALSE	des_specific_instable
RvY_10458	1	des	0.8958333333333334	0.10416666666666669	0.5	TRUE	FALSE	FALSE	FALSE	FALSE	FALSE	des_specific_instable
RvY_10528-1	1	des	0.8958333333333334	0.10416666666666669	0.5	TRUE	FALSE	FALSE	FALSE	FALSE	FALSE	des_specific_instable
RvY_11879	1	des	0.8958333333333334	0.10416666666666669	0.5	TRUE	FALSE	FALSE	FALSE	FALSE	FALSE	des_specific_instable
RvY_12366	1	des	0.8958333333333334	0.10416666666666669	0.5	TRUE	FALSE	FALSE	FALSE	FALSE	FALSE	des_specific_instable
RvY_12841-1	1	des	0.8958333333333334	0.10416666666666669	0.5	TRUE	FALSE	FALSE	FALSE	FALSE	FALSE	des_specific_instable
RvY_13271-1	1	des	0.8958333333333334	0.10416666666666669	0.5	TRUE	FALSE	FALSE	FALSE	FALSE	FALSE	des_specific_instable
RvY_13382-1	1	des	0.8958333333333334	0.10416666666666669	0.5	TRUE	FALSE	FALSE	FALSE	FALSE	FALSE	des_specific_instable
RvY_13541-1	1	des	0.8958333333333334	0.10416666666666669	0.5	TRUE	FALSE	FALSE	FALSE	FALSE	FALSE	des_specific_instable
RvY_13830-1	1	des	0.8958333333333334	0.10416666666666669	0.5	TRUE	FALSE	FALSE	FALSE	FALSE	FALSE	des_specific_instable
RvY_13992-1	1	des	0.8958333333333334	0.10416666666666669	0.5	TRUE	FALSE	FALSE	FALSE	FALSE	FALSE	des_specific_instable
RvY_14178-1	1	des	0.8958333333333334	0.10416666666666669	0.5	TRUE	FALSE	FALSE	FALSE	FALSE	FALSE	des_specific_instable
RvY_14200-1	1	des	0.8958333333333334	0.10416666666666669	0.5	TRUE	FALSE	FALSE	FALSE	FALSE	FALSE	des_specific_instable
RvY_14314-1	1	des	0.8958333333333334	0.10416666666666669	0.5	TRUE	FALSE	FALSE	FALSE	FALSE	FALSE	des_specific_instable
RvY_14728-1	1	des	0.8958333333333334	0.10416666666666669	0.5	TRUE	FALSE	FALSE	FALSE	FALSE	FALSE	des_specific_instable
RvY_14912-1	1	des	0.8958333333333334	0.10416666666666669	0.5	TRUE	FALSE	FALSE	FALSE	FALSE	FALSE	des_specific_instable
RvY_15088-1	1	des	0.8958333333333334	0.10416666666666669	0.5	TRUE	FALSE	FALSE	FALSE	FALSE	FALSE	des_specific_instable
RvY_16265-1	1	des	0.8958333333333334	0.10416666666666669	0.5	TRUE	FALSE	FALSE	FALSE	FALSE	FALSE	des_specific_instable
RvY_16737-1	1	des	0.8958333333333334	0.10416666666666669	0.5	TRUE	FALSE	FALSE	FALSE	FALSE	FALSE	des_specific_instable
RvY_16750-1	1	des	0.8958333333333334	0.10416666666666669	0.5	TRUE	FALSE	FALSE	FALSE	FALSE	FALSE	des_specific_instable
RvY_16784-1	1	des	0.8958333333333334	0.10416666666666669	0.5	TRUE	FALSE	FALSE	FALSE	FALSE	FALSE	des_specific_instable
RvY_18059-1	1	des	0.8958333333333334	0.10416666666666669	0.5	TRUE	FALSE	FALSE	FALSE	FALSE	FALSE	des_specific_instable
RvY_18959-1	1	des	0.8958333333333334	0.10416666666666669	0.5	TRUE	FALSE	FALSE	FALSE	FALSE	FALSE	des_specific_instable
RvY_18988-1	1	des	0.8958333333333334	0.10416666666666669	0.5	TRUE	FALSE	FALSE	FALSE	FALSE	FALSE	des_specific_instable
RvY_00012-1	1	des	0.9047619047619048	0.09523809523809525	0.5	TRUE	FALSE	FALSE	FALSE	FALSE	FALSE	des_specific_instable
RvY_00137	1	des	0.9047619047619048	0.09523809523809525	0.5	TRUE	FALSE	FALSE	FALSE	FALSE	FALSE	des_specific_instable
RvY_00158-1	1	des	0.9047619047619048	0.09523809523809525	0.5	TRUE	FALSE	FALSE	FALSE	FALSE	FALSE	des_specific_instable
RvY_00202	1	des	0.9047619047619048	0.09523809523809525	0.5	TRUE	FALSE	FALSE	FALSE	FALSE	FALSE	des_specific_instable
RvY_00228-1	1	des	0.9047619047619048	0.09523809523809525	0.5	TRUE	FALSE	FALSE	FALSE	FALSE	FALSE	des_specific_instable
RvY_00353-1	1	des	0.9047619047619048	0.09523809523809525	0.5	TRUE	FALSE	FALSE	FALSE	FALSE	FALSE	des_specific_instable
RvY_00516-1	1	des	0.9047619047619048	0.09523809523809525	0.5	TRUE	FALSE	FALSE	FALSE	FALSE	FALSE	des_specific_instable
RvY_00584-1	1	des	0.9047619047619048	0.09523809523809525	0.5	TRUE	FALSE	FALSE	FALSE	FALSE	FALSE	des_specific_instable
RvY_00991-1	1	des	0.9047619047619048	0.09523809523809525	0.5	TRUE	FALSE	FALSE	FALSE	FALSE	FALSE	des_specific_instable
RvY_01205-1	1	des	0.9047619047619048	0.09523809523809525	0.5	TRUE	FALSE	FALSE	FALSE	FALSE	FALSE	des_specific_instable
RvY_01213	1	des	0.9047619047619048	0.09523809523809525	0.5	TRUE	FALSE	FALSE	FALSE	FALSE	FALSE	des_specific_instable
RvY_01268-1	1	des	0.9047619047619048	0.09523809523809525	0.5	TRUE	FALSE	FALSE	FALSE	FALSE	FALSE	des_specific_instable
RvY_01484-1	1	des	0.9047619047619048	0.09523809523809525	0.5	TRUE	FALSE	FALSE	FALSE	FALSE	FALSE	des_specific_instable
RvY_01623-1	1	des	0.9047619047619048	0.09523809523809525	0.5	TRUE	FALSE	FALSE	FALSE	FALSE	FALSE	des_specific_instable
RvY_01710-1	1	des	0.9047619047619048	0.09523809523809525	0.5	TRUE	FALSE	FALSE	FALSE	FALSE	FALSE	des_specific_instable
RvY_01856-1	1	des	0.9047619047619048	0.09523809523809525	0.5	TRUE	FALSE	FALSE	FALSE	FALSE	FALSE	des_specific_instable
RvY_01877	1	des	0.9047619047619048	0.09523809523809525	0.5	TRUE	FALSE	FALSE	FALSE	FALSE	FALSE	des_specific_instable
RvY_01885	1	des	0.9047619047619048	0.09523809523809525	0.5	TRUE	FALSE	FALSE	FALSE	FALSE	FALSE	des_specific_instable
RvY_01899	1	des	0.9047619047619048	0.09523809523809525	0.5	TRUE	FALSE	FALSE	FALSE	FALSE	FALSE	des_specific_instable
RvY_01918-1	1	des	0.9047619047619048	0.09523809523809525	0.5	TRUE	FALSE	FALSE	FALSE	FALSE	FALSE	des_specific_instable
RvY_02099-1	1	des	0.9047619047619048	0.09523809523809525	0.5	TRUE	FALSE	FALSE	FALSE	FALSE	FALSE	des_specific_instable
RvY_02143-1	1	des	0.9047619047619048	0.09523809523809525	0.5	TRUE	FALSE	FALSE	FALSE	FALSE	FALSE	des_specific_instable
RvY_02148	1	des	0.9047619047619048	0.09523809523809525	0.5	TRUE	FALSE	FALSE	FALSE	FALSE	FALSE	des_specific_instable
RvY_02207-1	1	des	0.9047619047619048	0.09523809523809525	0.5	TRUE	FALSE	FALSE	FALSE	FALSE	FALSE	des_specific_instable
RvY_02597-1	1	des	0.9047619047619048	0.09523809523809525	0.5	TRUE	FALSE	FALSE	FALSE	FALSE	FALSE	des_specific_instable
RvY_02656-1	1	des	0.9047619047619048	0.09523809523809525	0.5	TRUE	FALSE	FALSE	FALSE	FALSE	FALSE	des_specific_instable
RvY_02749-1	1	des	0.9047619047619048	0.09523809523809525	0.5	TRUE	FALSE	FALSE	FALSE	FALSE	FALSE	des_specific_instable
RvY_02755-1	1	des	0.9047619047619048	0.09523809523809525	0.5	TRUE	FALSE	FALSE	FALSE	FALSE	FALSE	des_specific_instable
RvY_02761-1	1	des	0.9047619047619048	0.09523809523809525	0.5	TRUE	FALSE	FALSE	FALSE	FALSE	FALSE	des_specific_instable
RvY_02765-1	1	des	0.9047619047619048	0.09523809523809525	0.5	TRUE	FALSE	FALSE	FALSE	FALSE	FALSE	des_specific_instable
RvY_02772-1	1	des	0.9047619047619048	0.09523809523809525	0.5	TRUE	FALSE	FALSE	FALSE	FALSE	FALSE	des_specific_instable
RvY_02788-1	1	des	0.9047619047619048	0.09523809523809525	0.5	TRUE	FALSE	FALSE	FALSE	FALSE	FALSE	des_specific_instable
RvY_03451-1	1	des	0.9047619047619048	0.09523809523809525	0.5	TRUE	FALSE	FALSE	FALSE	FALSE	FALSE	des_specific_instable
RvY_03471-1	1	des	0.9047619047619048	0.09523809523809525	0.5	TRUE	FALSE	FALSE	FALSE	FALSE	FALSE	des_specific_instable
RvY_03614-1	1	des	0.9047619047619048	0.09523809523809525	0.5	TRUE	FALSE	FALSE	FALSE	FALSE	FALSE	des_specific_instable
RvY_03701-1	1	des	0.9047619047619048	0.09523809523809525	0.5	TRUE	FALSE	FALSE	FALSE	FALSE	FALSE	des_specific_instable
RvY_04082-1	1	des	0.9047619047619048	0.09523809523809525	0.5	TRUE	FALSE	FALSE	FALSE	FALSE	FALSE	des_specific_instable
RvY_04168	1	des	0.9047619047619048	0.09523809523809525	0.5	TRUE	FALSE	FALSE	FALSE	FALSE	FALSE	des_specific_instable
RvY_04363-1	1	des	0.9047619047619048	0.09523809523809525	0.5	TRUE	FALSE	FALSE	FALSE	FALSE	FALSE	des_specific_instable
RvY_04486-1	1	des	0.9047619047619048	0.09523809523809525	0.5	TRUE	FALSE	FALSE	FALSE	FALSE	FALSE	des_specific_instable
RvY_04651	1	des	0.9047619047619048	0.09523809523809525	0.5	TRUE	FALSE	FALSE	FALSE	FALSE	FALSE	des_specific_instable
RvY_04729-1	1	des	0.9047619047619048	0.09523809523809525	0.5	TRUE	FALSE	FALSE	FALSE	FALSE	FALSE	des_specific_instable
RvY_04775-1	1	des	0.9047619047619048	0.09523809523809525	0.5	TRUE	FALSE	FALSE	FALSE	FALSE	FALSE	des_specific_instable
RvY_04835-1	1	des	0.9047619047619048	0.09523809523809525	0.5	TRUE	FALSE	FALSE	FALSE	FALSE	FALSE	des_specific_instable
RvY_04913-1	1	des	0.9047619047619048	0.09523809523809525	0.5	TRUE	FALSE	FALSE	FALSE	FALSE	FALSE	des_specific_instable
RvY_04978	1	des	0.9047619047619048	0.09523809523809525	0.5	TRUE	FALSE	FALSE	FALSE	FALSE	FALSE	des_specific_instable
RvY_05082-1	1	des	0.9047619047619048	0.09523809523809525	0.5	TRUE	FALSE	FALSE	FALSE	FALSE	FALSE	des_specific_instable
RvY_05342	1	des	0.9047619047619048	0.09523809523809525	0.5	TRUE	FALSE	FALSE	FALSE	FALSE	FALSE	des_specific_instable
RvY_05350-1	1	des	0.9047619047619048	0.09523809523809525	0.5	TRUE	FALSE	FALSE	FALSE	FALSE	FALSE	des_specific_instable
RvY_05380-1	1	des	0.9047619047619048	0.09523809523809525	0.5	TRUE	FALSE	FALSE	FALSE	FALSE	FALSE	des_specific_instable
RvY_05496-1	1	des	0.9047619047619048	0.09523809523809525	0.5	TRUE	FALSE	FALSE	FALSE	FALSE	FALSE	des_specific_instable
RvY_05557-1	1	des	0.9047619047619048	0.09523809523809525	0.5	TRUE	FALSE	FALSE	FALSE	FALSE	FALSE	des_specific_instable
RvY_05590-1	1	des	0.9047619047619048	0.09523809523809525	0.5	TRUE	FALSE	FALSE	FALSE	FALSE	FALSE	des_specific_instable
RvY_05613-1	1	des	0.9047619047619048	0.09523809523809525	0.5	TRUE	FALSE	FALSE	FALSE	FALSE	FALSE	des_specific_instable
RvY_05621	1	des	0.9047619047619048	0.09523809523809525	0.5	TRUE	FALSE	FALSE	FALSE	FALSE	FALSE	des_specific_instable
RvY_05837-1	1	des	0.9047619047619048	0.09523809523809525	0.5	TRUE	FALSE	FALSE	FALSE	FALSE	FALSE	des_specific_instable
RvY_05897-1	1	des	0.9047619047619048	0.09523809523809525	0.5	TRUE	FALSE	FALSE	FALSE	FALSE	FALSE	des_specific_instable
RvY_05957-1	1	des	0.9047619047619048	0.09523809523809525	0.5	TRUE	FALSE	FALSE	FALSE	FALSE	FALSE	des_specific_instable
RvY_06205-1	1	des	0.9047619047619048	0.09523809523809525	0.5	TRUE	FALSE	FALSE	FALSE	FALSE	FALSE	des_specific_instable
RvY_06320-1	1	des	0.9047619047619048	0.09523809523809525	0.5	TRUE	FALSE	FALSE	FALSE	FALSE	FALSE	des_specific_instable
RvY_06464-1	1	des	0.9047619047619048	0.09523809523809525	0.5	TRUE	FALSE	FALSE	FALSE	FALSE	FALSE	des_specific_instable
RvY_06551-1	1	des	0.9047619047619048	0.09523809523809525	0.5	TRUE	FALSE	FALSE	FALSE	FALSE	FALSE	des_specific_instable
RvY_06614-1	1	des	0.9047619047619048	0.09523809523809525	0.5	TRUE	FALSE	FALSE	FALSE	FALSE	FALSE	des_specific_instable
RvY_06652-1	1	des	0.9047619047619048	0.09523809523809525	0.5	TRUE	FALSE	FALSE	FALSE	FALSE	FALSE	des_specific_instable
RvY_06686-1	1	des	0.9047619047619048	0.09523809523809525	0.5	TRUE	FALSE	FALSE	FALSE	FALSE	FALSE	des_specific_instable
RvY_06721-1	1	des	0.9047619047619048	0.09523809523809525	0.5	TRUE	FALSE	FALSE	FALSE	FALSE	FALSE	des_specific_instable
RvY_06763-1	1	des	0.9047619047619048	0.09523809523809525	0.5	TRUE	FALSE	FALSE	FALSE	FALSE	FALSE	des_specific_instable
RvY_06798-1	1	des	0.9047619047619048	0.09523809523809525	0.5	TRUE	FALSE	FALSE	FALSE	FALSE	FALSE	des_specific_instable
RvY_06818-1	1	des	0.9047619047619048	0.09523809523809525	0.5	TRUE	FALSE	FALSE	FALSE	FALSE	FALSE	des_specific_instable
RvY_06998-1	1	des	0.9047619047619048	0.09523809523809525	0.5	TRUE	FALSE	FALSE	FALSE	FALSE	FALSE	des_specific_instable
RvY_07185-1	1	des	0.9047619047619048	0.09523809523809525	0.5	TRUE	FALSE	FALSE	FALSE	FALSE	FALSE	des_specific_instable
RvY_07333-1	1	des	0.9047619047619048	0.09523809523809525	0.5	TRUE	FALSE	FALSE	FALSE	FALSE	FALSE	des_specific_instable
RvY_07388-1	1	des	0.9047619047619048	0.09523809523809525	0.5	TRUE	FALSE	FALSE	FALSE	FALSE	FALSE	des_specific_instable
RvY_07662-1	1	des	0.9047619047619048	0.09523809523809525	0.5	TRUE	FALSE	FALSE	FALSE	FALSE	FALSE	des_specific_instable
RvY_07676	1	des	0.9047619047619048	0.09523809523809525	0.5	TRUE	FALSE	FALSE	FALSE	FALSE	FALSE	des_specific_instable
RvY_07705	1	des	0.9047619047619048	0.09523809523809525	0.5	TRUE	FALSE	FALSE	FALSE	FALSE	FALSE	des_specific_instable
RvY_07839-1	1	des	0.9047619047619048	0.09523809523809525	0.5	TRUE	FALSE	FALSE	FALSE	FALSE	FALSE	des_specific_instable
RvY_08012-1	1	des	0.9047619047619048	0.09523809523809525	0.5	TRUE	FALSE	FALSE	FALSE	FALSE	FALSE	des_specific_instable
RvY_08149-1	1	des	0.9047619047619048	0.09523809523809525	0.5	TRUE	FALSE	FALSE	FALSE	FALSE	FALSE	des_specific_instable
RvY_08331-1	1	des	0.9047619047619048	0.09523809523809525	0.5	TRUE	FALSE	FALSE	FALSE	FALSE	FALSE	des_specific_instable
RvY_08332	1	des	0.9047619047619048	0.09523809523809525	0.5	TRUE	FALSE	FALSE	FALSE	FALSE	FALSE	des_specific_instable
RvY_08338-1	1	des	0.9047619047619048	0.09523809523809525	0.5	TRUE	FALSE	FALSE	FALSE	FALSE	FALSE	des_specific_instable
RvY_08349-1	1	des	0.9047619047619048	0.09523809523809525	0.5	TRUE	FALSE	FALSE	FALSE	FALSE	FALSE	des_specific_instable
RvY_08402-1	1	des	0.9047619047619048	0.09523809523809525	0.5	TRUE	FALSE	FALSE	FALSE	FALSE	FALSE	des_specific_instable
RvY_08441-1	1	des	0.9047619047619048	0.09523809523809525	0.5	TRUE	FALSE	FALSE	FALSE	FALSE	FALSE	des_specific_instable
RvY_08613-1	1	des	0.9047619047619048	0.09523809523809525	0.5	TRUE	FALSE	FALSE	FALSE	FALSE	FALSE	des_specific_instable
RvY_08829-1	1	des	0.9047619047619048	0.09523809523809525	0.5	TRUE	FALSE	FALSE	FALSE	FALSE	FALSE	des_specific_instable
RvY_08974	1	des	0.9047619047619048	0.09523809523809525	0.5	TRUE	FALSE	FALSE	FALSE	FALSE	FALSE	des_specific_instable
RvY_09030-1	1	des	0.9047619047619048	0.09523809523809525	0.5	TRUE	FALSE	FALSE	FALSE	FALSE	FALSE	des_specific_instable
RvY_09350-1	1	des	0.9047619047619048	0.09523809523809525	0.5	TRUE	FALSE	FALSE	FALSE	FALSE	FALSE	des_specific_instable
RvY_09364-1	1	des	0.9047619047619048	0.09523809523809525	0.5	TRUE	FALSE	FALSE	FALSE	FALSE	FALSE	des_specific_instable
RvY_09401-1	1	des	0.9047619047619048	0.09523809523809525	0.5	TRUE	FALSE	FALSE	FALSE	FALSE	FALSE	des_specific_instable
RvY_09576-1	1	des	0.9047619047619048	0.09523809523809525	0.5	TRUE	FALSE	FALSE	FALSE	FALSE	FALSE	des_specific_instable
RvY_09609-1	1	des	0.9047619047619048	0.09523809523809525	0.5	TRUE	FALSE	FALSE	FALSE	FALSE	FALSE	des_specific_instable
RvY_09620-1	1	des	0.9047619047619048	0.09523809523809525	0.5	TRUE	FALSE	FALSE	FALSE	FALSE	FALSE	des_specific_instable
RvY_09853-1	1	des	0.9047619047619048	0.09523809523809525	0.5	TRUE	FALSE	FALSE	FALSE	FALSE	FALSE	des_specific_instable
RvY_09874-1	1	des	0.9047619047619048	0.09523809523809525	0.5	TRUE	FALSE	FALSE	FALSE	FALSE	FALSE	des_specific_instable
RvY_09945-1	1	des	0.9047619047619048	0.09523809523809525	0.5	TRUE	FALSE	FALSE	FALSE	FALSE	FALSE	des_specific_instable
RvY_09966-1	1	des	0.9047619047619048	0.09523809523809525	0.5	TRUE	FALSE	FALSE	FALSE	FALSE	FALSE	des_specific_instable
RvY_09971-1	1	des	0.9047619047619048	0.09523809523809525	0.5	TRUE	FALSE	FALSE	FALSE	FALSE	FALSE	des_specific_instable
RvY_10243	1	des	0.9047619047619048	0.09523809523809525	0.5	TRUE	FALSE	FALSE	FALSE	FALSE	FALSE	des_specific_instable
RvY_10273-1	1	des	0.9047619047619048	0.09523809523809525	0.5	TRUE	FALSE	FALSE	FALSE	FALSE	FALSE	des_specific_instable
RvY_10459-1	1	des	0.9047619047619048	0.09523809523809525	0.5	TRUE	FALSE	FALSE	FALSE	FALSE	FALSE	des_specific_instable
RvY_10645-1	1	des	0.9047619047619048	0.09523809523809525	0.5	TRUE	FALSE	FALSE	FALSE	FALSE	FALSE	des_specific_instable
RvY_10689-1	1	des	0.9047619047619048	0.09523809523809525	0.5	TRUE	FALSE	FALSE	FALSE	FALSE	FALSE	des_specific_instable
RvY_10698-1	1	des	0.9047619047619048	0.09523809523809525	0.5	TRUE	FALSE	FALSE	FALSE	FALSE	FALSE	des_specific_instable
RvY_10943-1	1	des	0.9047619047619048	0.09523809523809525	0.5	TRUE	FALSE	FALSE	FALSE	FALSE	FALSE	des_specific_instable
RvY_11005-1	1	des	0.9047619047619048	0.09523809523809525	0.5	TRUE	FALSE	FALSE	FALSE	FALSE	FALSE	des_specific_instable
RvY_11016	1	des	0.9047619047619048	0.09523809523809525	0.5	TRUE	FALSE	FALSE	FALSE	FALSE	FALSE	des_specific_instable
RvY_11085-1	1	des	0.9047619047619048	0.09523809523809525	0.5	TRUE	FALSE	FALSE	FALSE	FALSE	FALSE	des_specific_instable
RvY_11138-1	1	des	0.9047619047619048	0.09523809523809525	0.5	TRUE	FALSE	FALSE	FALSE	FALSE	FALSE	des_specific_instable
RvY_11289-1	1	des	0.9047619047619048	0.09523809523809525	0.5	TRUE	FALSE	FALSE	FALSE	FALSE	FALSE	des_specific_instable
RvY_11324-1	1	des	0.9047619047619048	0.09523809523809525	0.5	TRUE	FALSE	FALSE	FALSE	FALSE	FALSE	des_specific_instable
RvY_11568-1	1	des	0.9047619047619048	0.09523809523809525	0.5	TRUE	FALSE	FALSE	FALSE	FALSE	FALSE	des_specific_instable
RvY_11586-1	1	des	0.9047619047619048	0.09523809523809525	0.5	TRUE	FALSE	FALSE	FALSE	FALSE	FALSE	des_specific_instable
RvY_11597-1	1	des	0.9047619047619048	0.09523809523809525	0.5	TRUE	FALSE	FALSE	FALSE	FALSE	FALSE	des_specific_instable
RvY_11598-1	1	des	0.9047619047619048	0.09523809523809525	0.5	TRUE	FALSE	FALSE	FALSE	FALSE	FALSE	des_specific_instable
RvY_11728-1	1	des	0.9047619047619048	0.09523809523809525	0.5	TRUE	FALSE	FALSE	FALSE	FALSE	FALSE	des_specific_instable
RvY_11775-1	1	des	0.9047619047619048	0.09523809523809525	0.5	TRUE	FALSE	FALSE	FALSE	FALSE	FALSE	des_specific_instable
RvY_11787-1	1	des	0.9047619047619048	0.09523809523809525	0.5	TRUE	FALSE	FALSE	FALSE	FALSE	FALSE	des_specific_instable
RvY_11847-1	1	des	0.9047619047619048	0.09523809523809525	0.5	TRUE	FALSE	FALSE	FALSE	FALSE	FALSE	des_specific_instable
RvY_11854-1	1	des	0.9047619047619048	0.09523809523809525	0.5	TRUE	FALSE	FALSE	FALSE	FALSE	FALSE	des_specific_instable
RvY_11924-1	1	des	0.9047619047619048	0.09523809523809525	0.5	TRUE	FALSE	FALSE	FALSE	FALSE	FALSE	des_specific_instable
RvY_11934-1	1	des	0.9047619047619048	0.09523809523809525	0.5	TRUE	FALSE	FALSE	FALSE	FALSE	FALSE	des_specific_instable
RvY_11942-1	1	des	0.9047619047619048	0.09523809523809525	0.5	TRUE	FALSE	FALSE	FALSE	FALSE	FALSE	des_specific_instable
RvY_11959-1	1	des	0.9047619047619048	0.09523809523809525	0.5	TRUE	FALSE	FALSE	FALSE	FALSE	FALSE	des_specific_instable
RvY_12082-1	1	des	0.9047619047619048	0.09523809523809525	0.5	TRUE	FALSE	FALSE	FALSE	FALSE	FALSE	des_specific_instable
RvY_12107-1	1	des	0.9047619047619048	0.09523809523809525	0.5	TRUE	FALSE	FALSE	FALSE	FALSE	FALSE	des_specific_instable
RvY_12108-1	1	des	0.9047619047619048	0.09523809523809525	0.5	TRUE	FALSE	FALSE	FALSE	FALSE	FALSE	des_specific_instable
RvY_12114-1	1	des	0.9047619047619048	0.09523809523809525	0.5	TRUE	FALSE	FALSE	FALSE	FALSE	FALSE	des_specific_instable
RvY_12140-1	1	des	0.9047619047619048	0.09523809523809525	0.5	TRUE	FALSE	FALSE	FALSE	FALSE	FALSE	des_specific_instable
RvY_12328-1	1	des	0.9047619047619048	0.09523809523809525	0.5	TRUE	FALSE	FALSE	FALSE	FALSE	FALSE	des_specific_instable
RvY_12664-1	1	des	0.9047619047619048	0.09523809523809525	0.5	TRUE	FALSE	FALSE	FALSE	FALSE	FALSE	des_specific_instable
RvY_12890-1	1	des	0.9047619047619048	0.09523809523809525	0.5	TRUE	FALSE	FALSE	FALSE	FALSE	FALSE	des_specific_instable
RvY_13149-1	1	des	0.9047619047619048	0.09523809523809525	0.5	TRUE	FALSE	FALSE	FALSE	FALSE	FALSE	des_specific_instable
RvY_13243-1	1	des	0.9047619047619048	0.09523809523809525	0.5	TRUE	FALSE	FALSE	FALSE	FALSE	FALSE	des_specific_instable
RvY_13252-1	1	des	0.9047619047619048	0.09523809523809525	0.5	TRUE	FALSE	FALSE	FALSE	FALSE	FALSE	des_specific_instable
RvY_13276	1	des	0.9047619047619048	0.09523809523809525	0.5	TRUE	FALSE	FALSE	FALSE	FALSE	FALSE	des_specific_instable
RvY_13415-1	1	des	0.9047619047619048	0.09523809523809525	0.5	TRUE	FALSE	FALSE	FALSE	FALSE	FALSE	des_specific_instable
RvY_13438-1	1	des	0.9047619047619048	0.09523809523809525	0.5	TRUE	FALSE	FALSE	FALSE	FALSE	FALSE	des_specific_instable
RvY_13498-1	1	des	0.9047619047619048	0.09523809523809525	0.5	TRUE	FALSE	FALSE	FALSE	FALSE	FALSE	des_specific_instable
RvY_13514-1	1	des	0.9047619047619048	0.09523809523809525	0.5	TRUE	FALSE	FALSE	FALSE	FALSE	FALSE	des_specific_instable
RvY_13571-1	1	des	0.9047619047619048	0.09523809523809525	0.5	TRUE	FALSE	FALSE	FALSE	FALSE	FALSE	des_specific_instable
RvY_13675-1	1	des	0.9047619047619048	0.09523809523809525	0.5	TRUE	FALSE	FALSE	FALSE	FALSE	FALSE	des_specific_instable
RvY_13751-1	1	des	0.9047619047619048	0.09523809523809525	0.5	TRUE	FALSE	FALSE	FALSE	FALSE	FALSE	des_specific_instable
RvY_13823-1	1	des	0.9047619047619048	0.09523809523809525	0.5	TRUE	FALSE	FALSE	FALSE	FALSE	FALSE	des_specific_instable
RvY_13875-1	1	des	0.9047619047619048	0.09523809523809525	0.5	TRUE	FALSE	FALSE	FALSE	FALSE	FALSE	des_specific_instable
RvY_13884-1	1	des	0.9047619047619048	0.09523809523809525	0.5	TRUE	FALSE	FALSE	FALSE	FALSE	FALSE	des_specific_instable
RvY_13982-1	1	des	0.9047619047619048	0.09523809523809525	0.5	TRUE	FALSE	FALSE	FALSE	FALSE	FALSE	des_specific_instable
RvY_13991-1	1	des	0.9047619047619048	0.09523809523809525	0.5	TRUE	FALSE	FALSE	FALSE	FALSE	FALSE	des_specific_instable
RvY_14021-1	1	des	0.9047619047619048	0.09523809523809525	0.5	TRUE	FALSE	FALSE	FALSE	FALSE	FALSE	des_specific_instable
RvY_14070-1	1	des	0.9047619047619048	0.09523809523809525	0.5	TRUE	FALSE	FALSE	FALSE	FALSE	FALSE	des_specific_instable
RvY_14147-1	1	des	0.9047619047619048	0.09523809523809525	0.5	TRUE	FALSE	FALSE	FALSE	FALSE	FALSE	des_specific_instable
RvY_14259-1	1	des	0.9047619047619048	0.09523809523809525	0.5	TRUE	FALSE	FALSE	FALSE	FALSE	FALSE	des_specific_instable
RvY_14277-1	1	des	0.9047619047619048	0.09523809523809525	0.5	TRUE	FALSE	FALSE	FALSE	FALSE	FALSE	des_specific_instable
RvY_14523-1	1	des	0.9047619047619048	0.09523809523809525	0.5	TRUE	FALSE	FALSE	FALSE	FALSE	FALSE	des_specific_instable
RvY_14603-1	1	des	0.9047619047619048	0.09523809523809525	0.5	TRUE	FALSE	FALSE	FALSE	FALSE	FALSE	des_specific_instable
RvY_14684	1	des	0.9047619047619048	0.09523809523809525	0.5	TRUE	FALSE	FALSE	FALSE	FALSE	FALSE	des_specific_instable
RvY_14771-1	1	des	0.9047619047619048	0.09523809523809525	0.5	TRUE	FALSE	FALSE	FALSE	FALSE	FALSE	des_specific_instable
RvY_14911-1	1	des	0.9047619047619048	0.09523809523809525	0.5	TRUE	FALSE	FALSE	FALSE	FALSE	FALSE	des_specific_instable
RvY_15087	1	des	0.9047619047619048	0.09523809523809525	0.5	TRUE	FALSE	FALSE	FALSE	FALSE	FALSE	des_specific_instable
RvY_15130-1	1	des	0.9047619047619048	0.09523809523809525	0.5	TRUE	FALSE	FALSE	FALSE	FALSE	FALSE	des_specific_instable
RvY_15252-1	1	des	0.9047619047619048	0.09523809523809525	0.5	TRUE	FALSE	FALSE	FALSE	FALSE	FALSE	des_specific_instable
RvY_15280-2	1	des	0.9047619047619048	0.09523809523809525	0.5	TRUE	FALSE	FALSE	FALSE	FALSE	FALSE	des_specific_instable
RvY_15291-1	1	des	0.9047619047619048	0.09523809523809525	0.5	TRUE	FALSE	FALSE	FALSE	FALSE	FALSE	des_specific_instable
RvY_15364-1	1	des	0.9047619047619048	0.09523809523809525	0.5	TRUE	FALSE	FALSE	FALSE	FALSE	FALSE	des_specific_instable
RvY_15375-1	1	des	0.9047619047619048	0.09523809523809525	0.5	TRUE	FALSE	FALSE	FALSE	FALSE	FALSE	des_specific_instable
RvY_15460-1	1	des	0.9047619047619048	0.09523809523809525	0.5	TRUE	FALSE	FALSE	FALSE	FALSE	FALSE	des_specific_instable
RvY_15473-1	1	des	0.9047619047619048	0.09523809523809525	0.5	TRUE	FALSE	FALSE	FALSE	FALSE	FALSE	des_specific_instable
RvY_15607-1	1	des	0.9047619047619048	0.09523809523809525	0.5	TRUE	FALSE	FALSE	FALSE	FALSE	FALSE	des_specific_instable
RvY_15662-1	1	des	0.9047619047619048	0.09523809523809525	0.5	TRUE	FALSE	FALSE	FALSE	FALSE	FALSE	des_specific_instable
RvY_15821-1	1	des	0.9047619047619048	0.09523809523809525	0.5	TRUE	FALSE	FALSE	FALSE	FALSE	FALSE	des_specific_instable
RvY_15867-1	1	des	0.9047619047619048	0.09523809523809525	0.5	TRUE	FALSE	FALSE	FALSE	FALSE	FALSE	des_specific_instable
RvY_15875-1	1	des	0.9047619047619048	0.09523809523809525	0.5	TRUE	FALSE	FALSE	FALSE	FALSE	FALSE	des_specific_instable
RvY_15882-1	1	des	0.9047619047619048	0.09523809523809525	0.5	TRUE	FALSE	FALSE	FALSE	FALSE	FALSE	des_specific_instable
RvY_15935-1	1	des	0.9047619047619048	0.09523809523809525	0.5	TRUE	FALSE	FALSE	FALSE	FALSE	FALSE	des_specific_instable
RvY_15947-1	1	des	0.9047619047619048	0.09523809523809525	0.5	TRUE	FALSE	FALSE	FALSE	FALSE	FALSE	des_specific_instable
RvY_16083-1	1	des	0.9047619047619048	0.09523809523809525	0.5	TRUE	FALSE	FALSE	FALSE	FALSE	FALSE	des_specific_instable
RvY_16085-1	1	des	0.9047619047619048	0.09523809523809525	0.5	TRUE	FALSE	FALSE	FALSE	FALSE	FALSE	des_specific_instable
RvY_16086-1	1	des	0.9047619047619048	0.09523809523809525	0.5	TRUE	FALSE	FALSE	FALSE	FALSE	FALSE	des_specific_instable
RvY_16234-1	1	des	0.9047619047619048	0.09523809523809525	0.5	TRUE	FALSE	FALSE	FALSE	FALSE	FALSE	des_specific_instable
RvY_16284-1	1	des	0.9047619047619048	0.09523809523809525	0.5	TRUE	FALSE	FALSE	FALSE	FALSE	FALSE	des_specific_instable
RvY_16437-1	1	des	0.9047619047619048	0.09523809523809525	0.5	TRUE	FALSE	FALSE	FALSE	FALSE	FALSE	des_specific_instable
RvY_16443-1	1	des	0.9047619047619048	0.09523809523809525	0.5	TRUE	FALSE	FALSE	FALSE	FALSE	FALSE	des_specific_instable
RvY_16452-1	1	des	0.9047619047619048	0.09523809523809525	0.5	TRUE	FALSE	FALSE	FALSE	FALSE	FALSE	des_specific_instable
RvY_16605-1	1	des	0.9047619047619048	0.09523809523809525	0.5	TRUE	FALSE	FALSE	FALSE	FALSE	FALSE	des_specific_instable
RvY_16629-1	1	des	0.9047619047619048	0.09523809523809525	0.5	TRUE	FALSE	FALSE	FALSE	FALSE	FALSE	des_specific_instable
RvY_16715-1	1	des	0.9047619047619048	0.09523809523809525	0.5	TRUE	FALSE	FALSE	FALSE	FALSE	FALSE	des_specific_instable
RvY_16732-1	1	des	0.9047619047619048	0.09523809523809525	0.5	TRUE	FALSE	FALSE	FALSE	FALSE	FALSE	des_specific_instable
RvY_16835-1	1	des	0.9047619047619048	0.09523809523809525	0.5	TRUE	FALSE	FALSE	FALSE	FALSE	FALSE	des_specific_instable
RvY_16879-1	1	des	0.9047619047619048	0.09523809523809525	0.5	TRUE	FALSE	FALSE	FALSE	FALSE	FALSE	des_specific_instable
RvY_17020-1	1	des	0.9047619047619048	0.09523809523809525	0.5	TRUE	FALSE	FALSE	FALSE	FALSE	FALSE	des_specific_instable
RvY_17136-1	1	des	0.9047619047619048	0.09523809523809525	0.5	TRUE	FALSE	FALSE	FALSE	FALSE	FALSE	des_specific_instable
RvY_17194-1	1	des	0.9047619047619048	0.09523809523809525	0.5	TRUE	FALSE	FALSE	FALSE	FALSE	FALSE	des_specific_instable
RvY_17404-1	1	des	0.9047619047619048	0.09523809523809525	0.5	TRUE	FALSE	FALSE	FALSE	FALSE	FALSE	des_specific_instable
RvY_17417-1	1	des	0.9047619047619048	0.09523809523809525	0.5	TRUE	FALSE	FALSE	FALSE	FALSE	FALSE	des_specific_instable
RvY_17638-1	1	des	0.9047619047619048	0.09523809523809525	0.5	TRUE	FALSE	FALSE	FALSE	FALSE	FALSE	des_specific_instable
RvY_17737-1	1	des	0.9047619047619048	0.09523809523809525	0.5	TRUE	FALSE	FALSE	FALSE	FALSE	FALSE	des_specific_instable
RvY_17884-1	1	des	0.9047619047619048	0.09523809523809525	0.5	TRUE	FALSE	FALSE	FALSE	FALSE	FALSE	des_specific_instable
RvY_17961-1	1	des	0.9047619047619048	0.09523809523809525	0.5	TRUE	FALSE	FALSE	FALSE	FALSE	FALSE	des_specific_instable
RvY_17972	1	des	0.9047619047619048	0.09523809523809525	0.5	TRUE	FALSE	FALSE	FALSE	FALSE	FALSE	des_specific_instable
RvY_18388-1	1	des	0.9047619047619048	0.09523809523809525	0.5	TRUE	FALSE	FALSE	FALSE	FALSE	FALSE	des_specific_instable
RvY_18444-1	1	des	0.9047619047619048	0.09523809523809525	0.5	TRUE	FALSE	FALSE	FALSE	FALSE	FALSE	des_specific_instable
RvY_18549-1	1	des	0.9047619047619048	0.09523809523809525	0.5	TRUE	FALSE	FALSE	FALSE	FALSE	FALSE	des_specific_instable
RvY_18719-1	1	des	0.9047619047619048	0.09523809523809525	0.5	TRUE	FALSE	FALSE	FALSE	FALSE	FALSE	des_specific_instable
RvY_18843-1	1	des	0.9047619047619048	0.09523809523809525	0.5	TRUE	FALSE	FALSE	FALSE	FALSE	FALSE	des_specific_instable
RvY_18873	1	des	0.9047619047619048	0.09523809523809525	0.5	TRUE	FALSE	FALSE	FALSE	FALSE	FALSE	des_specific_instable
RvY_18877-1	1	des	0.9047619047619048	0.09523809523809525	0.5	TRUE	FALSE	FALSE	FALSE	FALSE	FALSE	des_specific_instable
RvY_19274-1	1	des	0.9047619047619048	0.09523809523809525	0.5	TRUE	FALSE	FALSE	FALSE	FALSE	FALSE	des_specific_instable
RvY_19289-1	1	des	0.9047619047619048	0.09523809523809525	0.5	TRUE	FALSE	FALSE	FALSE	FALSE	FALSE	des_specific_instable
RvY_19495-1	1	des	0.9047619047619048	0.09523809523809525	0.5	TRUE	FALSE	FALSE	FALSE	FALSE	FALSE	des_specific_instable
RvY_00010-1	1	des	0.9166666666666666	0.08333333333333333	0.5	TRUE	FALSE	FALSE	FALSE	FALSE	FALSE	des_specific_instable
RvY_00011-1	1	des	0.9166666666666666	0.08333333333333333	0.5	TRUE	FALSE	FALSE	FALSE	FALSE	FALSE	des_specific_instable
RvY_00044-1	1	des	0.9166666666666666	0.08333333333333333	0.5	TRUE	FALSE	FALSE	FALSE	FALSE	FALSE	des_specific_instable
RvY_00049-1	1	des	0.9166666666666666	0.08333333333333333	0.5	TRUE	FALSE	FALSE	FALSE	FALSE	FALSE	des_specific_instable
RvY_00087-1	1	des	0.9166666666666666	0.08333333333333333	0.5	TRUE	FALSE	FALSE	FALSE	FALSE	FALSE	des_specific_instable
RvY_00144-1	1	des	0.9166666666666666	0.08333333333333333	0.5	TRUE	FALSE	FALSE	FALSE	FALSE	FALSE	des_specific_instable
RvY_00161-1	1	des	0.9166666666666666	0.08333333333333333	0.5	TRUE	FALSE	FALSE	FALSE	FALSE	FALSE	des_specific_instable
RvY_00377-1	1	des	0.9166666666666666	0.08333333333333333	0.5	TRUE	FALSE	FALSE	FALSE	FALSE	FALSE	des_specific_instable
RvY_00518-1	1	des	0.9166666666666666	0.08333333333333333	0.5	TRUE	FALSE	FALSE	FALSE	FALSE	FALSE	des_specific_instable
RvY_00688-1	1	des	0.9166666666666666	0.08333333333333333	0.5	TRUE	FALSE	FALSE	FALSE	FALSE	FALSE	des_specific_instable
RvY_00732-1	1	des	0.9166666666666666	0.08333333333333333	0.5	TRUE	FALSE	FALSE	FALSE	FALSE	FALSE	des_specific_instable
RvY_01029-1	1	des	0.9166666666666666	0.08333333333333333	0.5	TRUE	FALSE	FALSE	FALSE	FALSE	FALSE	des_specific_instable
RvY_01058	1	des	0.9166666666666666	0.08333333333333333	0.5	TRUE	FALSE	FALSE	FALSE	FALSE	FALSE	des_specific_instable
RvY_01071-1	1	des	0.9166666666666666	0.08333333333333333	0.5	TRUE	FALSE	FALSE	FALSE	FALSE	FALSE	des_specific_instable
RvY_01113-1	1	des	0.9166666666666666	0.08333333333333333	0.5	TRUE	FALSE	FALSE	FALSE	FALSE	FALSE	des_specific_instable
RvY_01370-1	1	des	0.9166666666666666	0.08333333333333333	0.5	TRUE	FALSE	FALSE	FALSE	FALSE	FALSE	des_specific_instable
RvY_01685-1	1	des	0.9166666666666666	0.08333333333333333	0.5	TRUE	FALSE	FALSE	FALSE	FALSE	FALSE	des_specific_instable
RvY_01828-1	1	des	0.9166666666666666	0.08333333333333333	0.5	TRUE	FALSE	FALSE	FALSE	FALSE	FALSE	des_specific_instable
RvY_01919-1	1	des	0.9166666666666666	0.08333333333333333	0.5	TRUE	FALSE	FALSE	FALSE	FALSE	FALSE	des_specific_instable
RvY_02073-1	1	des	0.9166666666666666	0.08333333333333333	0.5	TRUE	FALSE	FALSE	FALSE	FALSE	FALSE	des_specific_instable
RvY_02089-1	1	des	0.9166666666666666	0.08333333333333333	0.5	TRUE	FALSE	FALSE	FALSE	FALSE	FALSE	des_specific_instable
RvY_02303-1	1	des	0.9166666666666666	0.08333333333333333	0.5	TRUE	FALSE	FALSE	FALSE	FALSE	FALSE	des_specific_instable
RvY_02331-1	1	des	0.9166666666666666	0.08333333333333333	0.5	TRUE	FALSE	FALSE	FALSE	FALSE	FALSE	des_specific_instable
RvY_02335-1	1	des	0.9166666666666666	0.08333333333333333	0.5	TRUE	FALSE	FALSE	FALSE	FALSE	FALSE	des_specific_instable
RvY_02355-1	1	des	0.9166666666666666	0.08333333333333333	0.5	TRUE	FALSE	FALSE	FALSE	FALSE	FALSE	des_specific_instable
RvY_02648-1	1	des	0.9166666666666666	0.08333333333333333	0.5	TRUE	FALSE	FALSE	FALSE	FALSE	FALSE	des_specific_instable
RvY_02666-1	1	des	0.9166666666666666	0.08333333333333333	0.5	TRUE	FALSE	FALSE	FALSE	FALSE	FALSE	des_specific_instable
RvY_02682-1	1	des	0.9166666666666666	0.08333333333333333	0.5	TRUE	FALSE	FALSE	FALSE	FALSE	FALSE	des_specific_instable
RvY_02698-1	1	des	0.9166666666666666	0.08333333333333333	0.5	TRUE	FALSE	FALSE	FALSE	FALSE	FALSE	des_specific_instable
RvY_02756-1	1	des	0.9166666666666666	0.08333333333333333	0.5	TRUE	FALSE	FALSE	FALSE	FALSE	FALSE	des_specific_instable
RvY_02822-1	1	des	0.9166666666666666	0.08333333333333333	0.5	TRUE	FALSE	FALSE	FALSE	FALSE	FALSE	des_specific_instable
RvY_02825-1	1	des	0.9166666666666666	0.08333333333333333	0.5	TRUE	FALSE	FALSE	FALSE	FALSE	FALSE	des_specific_instable
RvY_02830-1	1	des	0.9166666666666666	0.08333333333333333	0.5	TRUE	FALSE	FALSE	FALSE	FALSE	FALSE	des_specific_instable
RvY_02841-1	1	des	0.9166666666666666	0.08333333333333333	0.5	TRUE	FALSE	FALSE	FALSE	FALSE	FALSE	des_specific_instable
RvY_02909-1	1	des	0.9166666666666666	0.08333333333333333	0.5	TRUE	FALSE	FALSE	FALSE	FALSE	FALSE	des_specific_instable
RvY_02993-1	1	des	0.9166666666666666	0.08333333333333333	0.5	TRUE	FALSE	FALSE	FALSE	FALSE	FALSE	des_specific_instable
RvY_03075-1	1	des	0.9166666666666666	0.08333333333333333	0.5	TRUE	FALSE	FALSE	FALSE	FALSE	FALSE	des_specific_instable
RvY_03295-1	1	des	0.9166666666666666	0.08333333333333333	0.5	TRUE	FALSE	FALSE	FALSE	FALSE	FALSE	des_specific_instable
RvY_03418-1	1	des	0.9166666666666666	0.08333333333333333	0.5	TRUE	FALSE	FALSE	FALSE	FALSE	FALSE	des_specific_instable
RvY_03550-1	1	des	0.9166666666666666	0.08333333333333333	0.5	TRUE	FALSE	FALSE	FALSE	FALSE	FALSE	des_specific_instable
RvY_03736-1	1	des	0.9166666666666666	0.08333333333333333	0.5	TRUE	FALSE	FALSE	FALSE	FALSE	FALSE	des_specific_instable
RvY_03738-1	1	des	0.9166666666666666	0.08333333333333333	0.5	TRUE	FALSE	FALSE	FALSE	FALSE	FALSE	des_specific_instable
RvY_03739-1	1	des	0.9166666666666666	0.08333333333333333	0.5	TRUE	FALSE	FALSE	FALSE	FALSE	FALSE	des_specific_instable
RvY_03741-1	1	des	0.9166666666666666	0.08333333333333333	0.5	TRUE	FALSE	FALSE	FALSE	FALSE	FALSE	des_specific_instable
RvY_03761-1	1	des	0.9166666666666666	0.08333333333333333	0.5	TRUE	FALSE	FALSE	FALSE	FALSE	FALSE	des_specific_instable
RvY_03840-1	1	des	0.9166666666666666	0.08333333333333333	0.5	TRUE	FALSE	FALSE	FALSE	FALSE	FALSE	des_specific_instable
RvY_03974-1	1	des	0.9166666666666666	0.08333333333333333	0.5	TRUE	FALSE	FALSE	FALSE	FALSE	FALSE	des_specific_instable
RvY_03977-1	1	des	0.9166666666666666	0.08333333333333333	0.5	TRUE	FALSE	FALSE	FALSE	FALSE	FALSE	des_specific_instable
RvY_04046-1	1	des	0.9166666666666666	0.08333333333333333	0.5	TRUE	FALSE	FALSE	FALSE	FALSE	FALSE	des_specific_instable
RvY_04164-1	1	des	0.9166666666666666	0.08333333333333333	0.5	TRUE	FALSE	FALSE	FALSE	FALSE	FALSE	des_specific_instable
RvY_04322-1	1	des	0.9166666666666666	0.08333333333333333	0.5	TRUE	FALSE	FALSE	FALSE	FALSE	FALSE	des_specific_instable
RvY_04660-1	1	des	0.9166666666666666	0.08333333333333333	0.5	TRUE	FALSE	FALSE	FALSE	FALSE	FALSE	des_specific_instable
RvY_04683-1	1	des	0.9166666666666666	0.08333333333333333	0.5	TRUE	FALSE	FALSE	FALSE	FALSE	FALSE	des_specific_instable
RvY_04724-1	1	des	0.9166666666666666	0.08333333333333333	0.5	TRUE	FALSE	FALSE	FALSE	FALSE	FALSE	des_specific_instable
RvY_04755-1	1	des	0.9166666666666666	0.08333333333333333	0.5	TRUE	FALSE	FALSE	FALSE	FALSE	FALSE	des_specific_instable
RvY_04826-1	1	des	0.9166666666666666	0.08333333333333333	0.5	TRUE	FALSE	FALSE	FALSE	FALSE	FALSE	des_specific_instable
RvY_04834-1	1	des	0.9166666666666666	0.08333333333333333	0.5	TRUE	FALSE	FALSE	FALSE	FALSE	FALSE	des_specific_instable
RvY_04896-1	1	des	0.9166666666666666	0.08333333333333333	0.5	TRUE	FALSE	FALSE	FALSE	FALSE	FALSE	des_specific_instable
RvY_04902-1	1	des	0.9166666666666666	0.08333333333333333	0.5	TRUE	FALSE	FALSE	FALSE	FALSE	FALSE	des_specific_instable
RvY_04910-1	1	des	0.9166666666666666	0.08333333333333333	0.5	TRUE	FALSE	FALSE	FALSE	FALSE	FALSE	des_specific_instable
RvY_04912-1	1	des	0.9166666666666666	0.08333333333333333	0.5	TRUE	FALSE	FALSE	FALSE	FALSE	FALSE	des_specific_instable
RvY_04972-1	1	des	0.9166666666666666	0.08333333333333333	0.5	TRUE	FALSE	FALSE	FALSE	FALSE	FALSE	des_specific_instable
RvY_04988	1	des	0.9166666666666666	0.08333333333333333	0.5	TRUE	FALSE	FALSE	FALSE	FALSE	FALSE	des_specific_instable
RvY_05085-1	1	des	0.9166666666666666	0.08333333333333333	0.5	TRUE	FALSE	FALSE	FALSE	FALSE	FALSE	des_specific_instable
RvY_05159-1	1	des	0.9166666666666666	0.08333333333333333	0.5	TRUE	FALSE	FALSE	FALSE	FALSE	FALSE	des_specific_instable
RvY_05290-1	1	des	0.9166666666666666	0.08333333333333333	0.5	TRUE	FALSE	FALSE	FALSE	FALSE	FALSE	des_specific_instable
RvY_05455-1	1	des	0.9166666666666666	0.08333333333333333	0.5	TRUE	FALSE	FALSE	FALSE	FALSE	FALSE	des_specific_instable
RvY_05464-1	1	des	0.9166666666666666	0.08333333333333333	0.5	TRUE	FALSE	FALSE	FALSE	FALSE	FALSE	des_specific_instable
RvY_05499-1	1	des	0.9166666666666666	0.08333333333333333	0.5	TRUE	FALSE	FALSE	FALSE	FALSE	FALSE	des_specific_instable
RvY_05533-1	1	des	0.9166666666666666	0.08333333333333333	0.5	TRUE	FALSE	FALSE	FALSE	FALSE	FALSE	des_specific_instable
RvY_05626-1	1	des	0.9166666666666666	0.08333333333333333	0.5	TRUE	FALSE	FALSE	FALSE	FALSE	FALSE	des_specific_instable
RvY_05642-1	1	des	0.9166666666666666	0.08333333333333333	0.5	TRUE	FALSE	FALSE	FALSE	FALSE	FALSE	des_specific_instable
RvY_05719-1	1	des	0.9166666666666666	0.08333333333333333	0.5	TRUE	FALSE	FALSE	FALSE	FALSE	FALSE	des_specific_instable
RvY_05722-1	1	des	0.9166666666666666	0.08333333333333333	0.5	TRUE	FALSE	FALSE	FALSE	FALSE	FALSE	des_specific_instable
RvY_05791	1	des	0.9166666666666666	0.08333333333333333	0.5	TRUE	FALSE	FALSE	FALSE	FALSE	FALSE	des_specific_instable
RvY_05811-1	1	des	0.9166666666666666	0.08333333333333333	0.5	TRUE	FALSE	FALSE	FALSE	FALSE	FALSE	des_specific_instable
RvY_05829-1	1	des	0.9166666666666666	0.08333333333333333	0.5	TRUE	FALSE	FALSE	FALSE	FALSE	FALSE	des_specific_instable
RvY_06138-1	1	des	0.9166666666666666	0.08333333333333333	0.5	TRUE	FALSE	FALSE	FALSE	FALSE	FALSE	des_specific_instable
RvY_06397-1	1	des	0.9166666666666666	0.08333333333333333	0.5	TRUE	FALSE	FALSE	FALSE	FALSE	FALSE	des_specific_instable
RvY_06411-1	1	des	0.9166666666666666	0.08333333333333333	0.5	TRUE	FALSE	FALSE	FALSE	FALSE	FALSE	des_specific_instable
RvY_06541-1	1	des	0.9166666666666666	0.08333333333333333	0.5	TRUE	FALSE	FALSE	FALSE	FALSE	FALSE	des_specific_instable
RvY_06648-1	1	des	0.9166666666666666	0.08333333333333333	0.5	TRUE	FALSE	FALSE	FALSE	FALSE	FALSE	des_specific_instable
RvY_06732-1	1	des	0.9166666666666666	0.08333333333333333	0.5	TRUE	FALSE	FALSE	FALSE	FALSE	FALSE	des_specific_instable
RvY_06946	1	des	0.9166666666666666	0.08333333333333333	0.5	TRUE	FALSE	FALSE	FALSE	FALSE	FALSE	des_specific_instable
RvY_07045-1	1	des	0.9166666666666666	0.08333333333333333	0.5	TRUE	FALSE	FALSE	FALSE	FALSE	FALSE	des_specific_instable
RvY_07049-1	1	des	0.9166666666666666	0.08333333333333333	0.5	TRUE	FALSE	FALSE	FALSE	FALSE	FALSE	des_specific_instable
RvY_07096-1	1	des	0.9166666666666666	0.08333333333333333	0.5	TRUE	FALSE	FALSE	FALSE	FALSE	FALSE	des_specific_instable
RvY_07107-1	1	des	0.9166666666666666	0.08333333333333333	0.5	TRUE	FALSE	FALSE	FALSE	FALSE	FALSE	des_specific_instable
RvY_07222-1	1	des	0.9166666666666666	0.08333333333333333	0.5	TRUE	FALSE	FALSE	FALSE	FALSE	FALSE	des_specific_instable
RvY_07648-1	1	des	0.9166666666666666	0.08333333333333333	0.5	TRUE	FALSE	FALSE	FALSE	FALSE	FALSE	des_specific_instable
RvY_07706-1	1	des	0.9166666666666666	0.08333333333333333	0.5	TRUE	FALSE	FALSE	FALSE	FALSE	FALSE	des_specific_instable
RvY_07845-1	1	des	0.9166666666666666	0.08333333333333333	0.5	TRUE	FALSE	FALSE	FALSE	FALSE	FALSE	des_specific_instable
RvY_08099-1	1	des	0.9166666666666666	0.08333333333333333	0.5	TRUE	FALSE	FALSE	FALSE	FALSE	FALSE	des_specific_instable
RvY_08309-1	1	des	0.9166666666666666	0.08333333333333333	0.5	TRUE	FALSE	FALSE	FALSE	FALSE	FALSE	des_specific_instable
RvY_08394-1	1	des	0.9166666666666666	0.08333333333333333	0.5	TRUE	FALSE	FALSE	FALSE	FALSE	FALSE	des_specific_instable
RvY_08398-1	1	des	0.9166666666666666	0.08333333333333333	0.5	TRUE	FALSE	FALSE	FALSE	FALSE	FALSE	des_specific_instable
RvY_08421-1	1	des	0.9166666666666666	0.08333333333333333	0.5	TRUE	FALSE	FALSE	FALSE	FALSE	FALSE	des_specific_instable
RvY_08429-1	1	des	0.9166666666666666	0.08333333333333333	0.5	TRUE	FALSE	FALSE	FALSE	FALSE	FALSE	des_specific_instable
RvY_08455-1	1	des	0.9166666666666666	0.08333333333333333	0.5	TRUE	FALSE	FALSE	FALSE	FALSE	FALSE	des_specific_instable
RvY_08457-1	1	des	0.9166666666666666	0.08333333333333333	0.5	TRUE	FALSE	FALSE	FALSE	FALSE	FALSE	des_specific_instable
RvY_08458-1	1	des	0.9166666666666666	0.08333333333333333	0.5	TRUE	FALSE	FALSE	FALSE	FALSE	FALSE	des_specific_instable
RvY_08479-1	1	des	0.9166666666666666	0.08333333333333333	0.5	TRUE	FALSE	FALSE	FALSE	FALSE	FALSE	des_specific_instable
RvY_08611-1	1	des	0.9166666666666666	0.08333333333333333	0.5	TRUE	FALSE	FALSE	FALSE	FALSE	FALSE	des_specific_instable
RvY_08706-1	1	des	0.9166666666666666	0.08333333333333333	0.5	TRUE	FALSE	FALSE	FALSE	FALSE	FALSE	des_specific_instable
RvY_08896-1	1	des	0.9166666666666666	0.08333333333333333	0.5	TRUE	FALSE	FALSE	FALSE	FALSE	FALSE	des_specific_instable
RvY_08953-1	1	des	0.9166666666666666	0.08333333333333333	0.5	TRUE	FALSE	FALSE	FALSE	FALSE	FALSE	des_specific_instable
RvY_09016-1	1	des	0.9166666666666666	0.08333333333333333	0.5	TRUE	FALSE	FALSE	FALSE	FALSE	FALSE	des_specific_instable
RvY_09111-1	1	des	0.9166666666666666	0.08333333333333333	0.5	TRUE	FALSE	FALSE	FALSE	FALSE	FALSE	des_specific_instable
RvY_09197-1	1	des	0.9166666666666666	0.08333333333333333	0.5	TRUE	FALSE	FALSE	FALSE	FALSE	FALSE	des_specific_instable
RvY_09226-1	1	des	0.9166666666666666	0.08333333333333333	0.5	TRUE	FALSE	FALSE	FALSE	FALSE	FALSE	des_specific_instable
RvY_09322-1	1	des	0.9166666666666666	0.08333333333333333	0.5	TRUE	FALSE	FALSE	FALSE	FALSE	FALSE	des_specific_instable
RvY_09522-1	1	des	0.9166666666666666	0.08333333333333333	0.5	TRUE	FALSE	FALSE	FALSE	FALSE	FALSE	des_specific_instable
RvY_09543-1	1	des	0.9166666666666666	0.08333333333333333	0.5	TRUE	FALSE	FALSE	FALSE	FALSE	FALSE	des_specific_instable
RvY_09667-1	1	des	0.9166666666666666	0.08333333333333333	0.5	TRUE	FALSE	FALSE	FALSE	FALSE	FALSE	des_specific_instable
RvY_09757-1	1	des	0.9166666666666666	0.08333333333333333	0.5	TRUE	FALSE	FALSE	FALSE	FALSE	FALSE	des_specific_instable
RvY_09949-1	1	des	0.9166666666666666	0.08333333333333333	0.5	TRUE	FALSE	FALSE	FALSE	FALSE	FALSE	des_specific_instable
RvY_10008-1	1	des	0.9166666666666666	0.08333333333333333	0.5	TRUE	FALSE	FALSE	FALSE	FALSE	FALSE	des_specific_instable
RvY_10129-1	1	des	0.9166666666666666	0.08333333333333333	0.5	TRUE	FALSE	FALSE	FALSE	FALSE	FALSE	des_specific_instable
RvY_10163-1	1	des	0.9166666666666666	0.08333333333333333	0.5	TRUE	FALSE	FALSE	FALSE	FALSE	FALSE	des_specific_instable
RvY_10299-1	1	des	0.9166666666666666	0.08333333333333333	0.5	TRUE	FALSE	FALSE	FALSE	FALSE	FALSE	des_specific_instable
RvY_10464-1	1	des	0.9166666666666666	0.08333333333333333	0.5	TRUE	FALSE	FALSE	FALSE	FALSE	FALSE	des_specific_instable
RvY_10662-1	1	des	0.9166666666666666	0.08333333333333333	0.5	TRUE	FALSE	FALSE	FALSE	FALSE	FALSE	des_specific_instable
RvY_10765-1	1	des	0.9166666666666666	0.08333333333333333	0.5	TRUE	FALSE	FALSE	FALSE	FALSE	FALSE	des_specific_instable
RvY_10766-1	1	des	0.9166666666666666	0.08333333333333333	0.5	TRUE	FALSE	FALSE	FALSE	FALSE	FALSE	des_specific_instable
RvY_10767-1	1	des	0.9166666666666666	0.08333333333333333	0.5	TRUE	FALSE	FALSE	FALSE	FALSE	FALSE	des_specific_instable
RvY_10863	1	des	0.9166666666666666	0.08333333333333333	0.5	TRUE	FALSE	FALSE	FALSE	FALSE	FALSE	des_specific_instable
RvY_10924-1	1	des	0.9166666666666666	0.08333333333333333	0.5	TRUE	FALSE	FALSE	FALSE	FALSE	FALSE	des_specific_instable
RvY_11100-1	1	des	0.9166666666666666	0.08333333333333333	0.5	TRUE	FALSE	FALSE	FALSE	FALSE	FALSE	des_specific_instable
RvY_11118-1	1	des	0.9166666666666666	0.08333333333333333	0.5	TRUE	FALSE	FALSE	FALSE	FALSE	FALSE	des_specific_instable
RvY_11383-1	1	des	0.9166666666666666	0.08333333333333333	0.5	TRUE	FALSE	FALSE	FALSE	FALSE	FALSE	des_specific_instable
RvY_11397-1	1	des	0.9166666666666666	0.08333333333333333	0.5	TRUE	FALSE	FALSE	FALSE	FALSE	FALSE	des_specific_instable
RvY_11445-1	1	des	0.9166666666666666	0.08333333333333333	0.5	TRUE	FALSE	FALSE	FALSE	FALSE	FALSE	des_specific_instable
RvY_11521-1	1	des	0.9166666666666666	0.08333333333333333	0.5	TRUE	FALSE	FALSE	FALSE	FALSE	FALSE	des_specific_instable
RvY_11692-1	1	des	0.9166666666666666	0.08333333333333333	0.5	TRUE	FALSE	FALSE	FALSE	FALSE	FALSE	des_specific_instable
RvY_11846-1	1	des	0.9166666666666666	0.08333333333333333	0.5	TRUE	FALSE	FALSE	FALSE	FALSE	FALSE	des_specific_instable
RvY_11968-1	1	des	0.9166666666666666	0.08333333333333333	0.5	TRUE	FALSE	FALSE	FALSE	FALSE	FALSE	des_specific_instable
RvY_11988-1	1	des	0.9166666666666666	0.08333333333333333	0.5	TRUE	FALSE	FALSE	FALSE	FALSE	FALSE	des_specific_instable
RvY_11989-1	1	des	0.9166666666666666	0.08333333333333333	0.5	TRUE	FALSE	FALSE	FALSE	FALSE	FALSE	des_specific_instable
RvY_11990-1	1	des	0.9166666666666666	0.08333333333333333	0.5	TRUE	FALSE	FALSE	FALSE	FALSE	FALSE	des_specific_instable
RvY_12100-1	1	des	0.9166666666666666	0.08333333333333333	0.5	TRUE	FALSE	FALSE	FALSE	FALSE	FALSE	des_specific_instable
RvY_12146-1	1	des	0.9166666666666666	0.08333333333333333	0.5	TRUE	FALSE	FALSE	FALSE	FALSE	FALSE	des_specific_instable
RvY_12150-1	1	des	0.9166666666666666	0.08333333333333333	0.5	TRUE	FALSE	FALSE	FALSE	FALSE	FALSE	des_specific_instable
RvY_12179-1	1	des	0.9166666666666666	0.08333333333333333	0.5	TRUE	FALSE	FALSE	FALSE	FALSE	FALSE	des_specific_instable
RvY_12311-1	1	des	0.9166666666666666	0.08333333333333333	0.5	TRUE	FALSE	FALSE	FALSE	FALSE	FALSE	des_specific_instable
RvY_12407-1	1	des	0.9166666666666666	0.08333333333333333	0.5	TRUE	FALSE	FALSE	FALSE	FALSE	FALSE	des_specific_instable
RvY_12541-1	1	des	0.9166666666666666	0.08333333333333333	0.5	TRUE	FALSE	FALSE	FALSE	FALSE	FALSE	des_specific_instable
RvY_12582-1	1	des	0.9166666666666666	0.08333333333333333	0.5	TRUE	FALSE	FALSE	FALSE	FALSE	FALSE	des_specific_instable
RvY_12635-1	1	des	0.9166666666666666	0.08333333333333333	0.5	TRUE	FALSE	FALSE	FALSE	FALSE	FALSE	des_specific_instable
RvY_12736-1	1	des	0.9166666666666666	0.08333333333333333	0.5	TRUE	FALSE	FALSE	FALSE	FALSE	FALSE	des_specific_instable
RvY_12863-1	1	des	0.9166666666666666	0.08333333333333333	0.5	TRUE	FALSE	FALSE	FALSE	FALSE	FALSE	des_specific_instable
RvY_13272-1	1	des	0.9166666666666666	0.08333333333333333	0.5	TRUE	FALSE	FALSE	FALSE	FALSE	FALSE	des_specific_instable
RvY_13341-1	1	des	0.9166666666666666	0.08333333333333333	0.5	TRUE	FALSE	FALSE	FALSE	FALSE	FALSE	des_specific_instable
RvY_13356-1	1	des	0.9166666666666666	0.08333333333333333	0.5	TRUE	FALSE	FALSE	FALSE	FALSE	FALSE	des_specific_instable
RvY_13458-1	1	des	0.9166666666666666	0.08333333333333333	0.5	TRUE	FALSE	FALSE	FALSE	FALSE	FALSE	des_specific_instable
RvY_13470-1	1	des	0.9166666666666666	0.08333333333333333	0.5	TRUE	FALSE	FALSE	FALSE	FALSE	FALSE	des_specific_instable
RvY_13538-1	1	des	0.9166666666666666	0.08333333333333333	0.5	TRUE	FALSE	FALSE	FALSE	FALSE	FALSE	des_specific_instable
RvY_13615	1	des	0.9166666666666666	0.08333333333333333	0.5	TRUE	FALSE	FALSE	FALSE	FALSE	FALSE	des_specific_instable
RvY_13680-1	1	des	0.9166666666666666	0.08333333333333333	0.5	TRUE	FALSE	FALSE	FALSE	FALSE	FALSE	des_specific_instable
RvY_13766-1	1	des	0.9166666666666666	0.08333333333333333	0.5	TRUE	FALSE	FALSE	FALSE	FALSE	FALSE	des_specific_instable
RvY_13782-1	1	des	0.9166666666666666	0.08333333333333333	0.5	TRUE	FALSE	FALSE	FALSE	FALSE	FALSE	des_specific_instable
RvY_13802-1	1	des	0.9166666666666666	0.08333333333333333	0.5	TRUE	FALSE	FALSE	FALSE	FALSE	FALSE	des_specific_instable
RvY_13822-1	1	des	0.9166666666666666	0.08333333333333333	0.5	TRUE	FALSE	FALSE	FALSE	FALSE	FALSE	des_specific_instable
RvY_13908-1	1	des	0.9166666666666666	0.08333333333333333	0.5	TRUE	FALSE	FALSE	FALSE	FALSE	FALSE	des_specific_instable
RvY_14235-1	1	des	0.9166666666666666	0.08333333333333333	0.5	TRUE	FALSE	FALSE	FALSE	FALSE	FALSE	des_specific_instable
RvY_14255-1	1	des	0.9166666666666666	0.08333333333333333	0.5	TRUE	FALSE	FALSE	FALSE	FALSE	FALSE	des_specific_instable
RvY_14345-1	1	des	0.9166666666666666	0.08333333333333333	0.5	TRUE	FALSE	FALSE	FALSE	FALSE	FALSE	des_specific_instable
RvY_14358-1	1	des	0.9166666666666666	0.08333333333333333	0.5	TRUE	FALSE	FALSE	FALSE	FALSE	FALSE	des_specific_instable
RvY_14371	1	des	0.9166666666666666	0.08333333333333333	0.5	TRUE	FALSE	FALSE	FALSE	FALSE	FALSE	des_specific_instable
RvY_14376-1	1	des	0.9166666666666666	0.08333333333333333	0.5	TRUE	FALSE	FALSE	FALSE	FALSE	FALSE	des_specific_instable
RvY_14674-1	1	des	0.9166666666666666	0.08333333333333333	0.5	TRUE	FALSE	FALSE	FALSE	FALSE	FALSE	des_specific_instable
RvY_14920-1	1	des	0.9166666666666666	0.08333333333333333	0.5	TRUE	FALSE	FALSE	FALSE	FALSE	FALSE	des_specific_instable
RvY_14942	1	des	0.9166666666666666	0.08333333333333333	0.5	TRUE	FALSE	FALSE	FALSE	FALSE	FALSE	des_specific_instable
RvY_14995-1	1	des	0.9166666666666666	0.08333333333333333	0.5	TRUE	FALSE	FALSE	FALSE	FALSE	FALSE	des_specific_instable
RvY_15390-1	1	des	0.9166666666666666	0.08333333333333333	0.5	TRUE	FALSE	FALSE	FALSE	FALSE	FALSE	des_specific_instable
RvY_15414-1	1	des	0.9166666666666666	0.08333333333333333	0.5	TRUE	FALSE	FALSE	FALSE	FALSE	FALSE	des_specific_instable
RvY_15436-1	1	des	0.9166666666666666	0.08333333333333333	0.5	TRUE	FALSE	FALSE	FALSE	FALSE	FALSE	des_specific_instable
RvY_15448-1	1	des	0.9166666666666666	0.08333333333333333	0.5	TRUE	FALSE	FALSE	FALSE	FALSE	FALSE	des_specific_instable
RvY_15459-1	1	des	0.9166666666666666	0.08333333333333333	0.5	TRUE	FALSE	FALSE	FALSE	FALSE	FALSE	des_specific_instable
RvY_15743-1	1	des	0.9166666666666666	0.08333333333333333	0.5	TRUE	FALSE	FALSE	FALSE	FALSE	FALSE	des_specific_instable
RvY_15833-1	1	des	0.9166666666666666	0.08333333333333333	0.5	TRUE	FALSE	FALSE	FALSE	FALSE	FALSE	des_specific_instable
RvY_15879-1	1	des	0.9166666666666666	0.08333333333333333	0.5	TRUE	FALSE	FALSE	FALSE	FALSE	FALSE	des_specific_instable
RvY_15893-1	1	des	0.9166666666666666	0.08333333333333333	0.5	TRUE	FALSE	FALSE	FALSE	FALSE	FALSE	des_specific_instable
RvY_15963-1	1	des	0.9166666666666666	0.08333333333333333	0.5	TRUE	FALSE	FALSE	FALSE	FALSE	FALSE	des_specific_instable
RvY_16087-1	1	des	0.9166666666666666	0.08333333333333333	0.5	TRUE	FALSE	FALSE	FALSE	FALSE	FALSE	des_specific_instable
RvY_16163-1	1	des	0.9166666666666666	0.08333333333333333	0.5	TRUE	FALSE	FALSE	FALSE	FALSE	FALSE	des_specific_instable
RvY_16197-1	1	des	0.9166666666666666	0.08333333333333333	0.5	TRUE	FALSE	FALSE	FALSE	FALSE	FALSE	des_specific_instable
RvY_16245-1	1	des	0.9166666666666666	0.08333333333333333	0.5	TRUE	FALSE	FALSE	FALSE	FALSE	FALSE	des_specific_instable
RvY_16478	1	des	0.9166666666666666	0.08333333333333333	0.5	TRUE	FALSE	FALSE	FALSE	FALSE	FALSE	des_specific_instable
RvY_16702-1	1	des	0.9166666666666666	0.08333333333333333	0.5	TRUE	FALSE	FALSE	FALSE	FALSE	FALSE	des_specific_instable
RvY_16834-1	1	des	0.9166666666666666	0.08333333333333333	0.5	TRUE	FALSE	FALSE	FALSE	FALSE	FALSE	des_specific_instable
RvY_17345-1	1	des	0.9166666666666666	0.08333333333333333	0.5	TRUE	FALSE	FALSE	FALSE	FALSE	FALSE	des_specific_instable
RvY_17368-1	1	des	0.9166666666666666	0.08333333333333333	0.5	TRUE	FALSE	FALSE	FALSE	FALSE	FALSE	des_specific_instable
RvY_17431-1	1	des	0.9166666666666666	0.08333333333333333	0.5	TRUE	FALSE	FALSE	FALSE	FALSE	FALSE	des_specific_instable
RvY_17482	1	des	0.9166666666666666	0.08333333333333333	0.5	TRUE	FALSE	FALSE	FALSE	FALSE	FALSE	des_specific_instable
RvY_17556-1	1	des	0.9166666666666666	0.08333333333333333	0.5	TRUE	FALSE	FALSE	FALSE	FALSE	FALSE	des_specific_instable
RvY_17642-1	1	des	0.9166666666666666	0.08333333333333333	0.5	TRUE	FALSE	FALSE	FALSE	FALSE	FALSE	des_specific_instable
RvY_17716-1	1	des	0.9166666666666666	0.08333333333333333	0.5	TRUE	FALSE	FALSE	FALSE	FALSE	FALSE	des_specific_instable
RvY_17829-1	1	des	0.9166666666666666	0.08333333333333333	0.5	TRUE	FALSE	FALSE	FALSE	FALSE	FALSE	des_specific_instable
RvY_18198-1	1	des	0.9166666666666666	0.08333333333333333	0.5	TRUE	FALSE	FALSE	FALSE	FALSE	FALSE	des_specific_instable
RvY_18238-1	1	des	0.9166666666666666	0.08333333333333333	0.5	TRUE	FALSE	FALSE	FALSE	FALSE	FALSE	des_specific_instable
RvY_18310-1	1	des	0.9166666666666666	0.08333333333333333	0.5	TRUE	FALSE	FALSE	FALSE	FALSE	FALSE	des_specific_instable
RvY_18321-1	1	des	0.9166666666666666	0.08333333333333333	0.5	TRUE	FALSE	FALSE	FALSE	FALSE	FALSE	des_specific_instable
RvY_18730-1	1	des	0.9166666666666666	0.08333333333333333	0.5	TRUE	FALSE	FALSE	FALSE	FALSE	FALSE	des_specific_instable
RvY_18928-1	1	des	0.9166666666666666	0.08333333333333333	0.5	TRUE	FALSE	FALSE	FALSE	FALSE	FALSE	des_specific_instable
RvY_19060-1	1	des	0.9166666666666666	0.08333333333333333	0.5	TRUE	FALSE	FALSE	FALSE	FALSE	FALSE	des_specific_instable
RvY_19065-1	1	des	0.9166666666666666	0.08333333333333333	0.5	TRUE	FALSE	FALSE	FALSE	FALSE	FALSE	des_specific_instable
RvY_19143-1	1	des	0.9166666666666666	0.08333333333333333	0.5	TRUE	FALSE	FALSE	FALSE	FALSE	FALSE	des_specific_instable
RvY_19170-1	1	des	0.9166666666666666	0.08333333333333333	0.5	TRUE	FALSE	FALSE	FALSE	FALSE	FALSE	des_specific_instable
RvY_19479-1	1	des	0.9166666666666666	0.08333333333333333	0.5	TRUE	FALSE	FALSE	FALSE	FALSE	FALSE	des_specific_instable
RvY_19480-1	1	des	0.9166666666666666	0.08333333333333333	0.5	TRUE	FALSE	FALSE	FALSE	FALSE	FALSE	des_specific_instable
