feature_id	instability_count	instability_conditions	mean_SSI	mean_stability_deviation	max_stability_deviation	is_des	is_uv	is_gam	is_lt	is_ht	is_osm	instability_category
RvY_01560-1	1	uv	0.8303571428571429	0.16964285714285712	0.6428571428571428	FALSE	TRUE	FALSE	FALSE	FALSE	FALSE	uv_specific_instable
RvY_03060-1	1	uv	0.8303571428571429	0.16964285714285712	0.6428571428571428	FALSE	TRUE	FALSE	FALSE	FALSE	FALSE	uv_specific_instable
RvY_06937	1	uv	0.8303571428571429	0.16964285714285712	0.6428571428571428	FALSE	TRUE	FALSE	FALSE	FALSE	FALSE	uv_specific_instable
RvY_10345-1	1	uv	0.8303571428571429	0.16964285714285712	0.6428571428571428	FALSE	TRUE	FALSE	FALSE	FALSE	FALSE	uv_specific_instable
RvY_10998	1	uv	0.8303571428571429	0.16964285714285712	0.6428571428571428	FALSE	TRUE	FALSE	FALSE	FALSE	FALSE	uv_specific_instable
RvY_11920-1	1	uv	0.8303571428571429	0.16964285714285712	0.6428571428571428	FALSE	TRUE	FALSE	FALSE	FALSE	FALSE	uv_specific_instable
RvY_12713-1	1	uv	0.8303571428571429	0.16964285714285712	0.6428571428571428	FALSE	TRUE	FALSE	FALSE	FALSE	FALSE	uv_specific_instable
RvY_12766-1	1	uv	0.8303571428571429	0.16964285714285712	0.6428571428571428	FALSE	TRUE	FALSE	FALSE	FALSE	FALSE	uv_specific_instable
RvY_15120	1	uv	0.8303571428571429	0.16964285714285712	0.6428571428571428	FALSE	TRUE	FALSE	FALSE	FALSE	FALSE	uv_specific_instable
RvY_18582-1	1	uv	0.8303571428571429	0.16964285714285712	0.6428571428571428	FALSE	TRUE	FALSE	FALSE	FALSE	FALSE	uv_specific_instable
nad1	1	uv	0.8303571428571429	0.16964285714285712	0.6428571428571428	FALSE	TRUE	FALSE	FALSE	FALSE	FALSE	uv_specific_instable
RvY_00121-1	1	uv	0.8422619047619048	0.15773809523809523	0.5714285714285714	FALSE	TRUE	FALSE	FALSE	FALSE	FALSE	uv_specific_instable
RvY_01286-1	1	uv	0.8422619047619048	0.15773809523809523	0.5714285714285714	FALSE	TRUE	FALSE	FALSE	FALSE	FALSE	uv_specific_instable
RvY_01337	1	uv	0.8422619047619048	0.15773809523809523	0.5714285714285714	FALSE	TRUE	FALSE	FALSE	FALSE	FALSE	uv_specific_instable
RvY_01459-1	1	uv	0.8422619047619048	0.15773809523809523	0.5714285714285714	FALSE	TRUE	FALSE	FALSE	FALSE	FALSE	uv_specific_instable
RvY_01561-1	1	uv	0.8422619047619048	0.15773809523809523	0.5714285714285714	FALSE	TRUE	FALSE	FALSE	FALSE	FALSE	uv_specific_instable
RvY_01835-1	1	uv	0.8422619047619048	0.15773809523809523	0.5714285714285714	FALSE	TRUE	FALSE	FALSE	FALSE	FALSE	uv_specific_instable
RvY_02125-1	1	uv	0.8422619047619048	0.15773809523809523	0.5714285714285714	FALSE	TRUE	FALSE	FALSE	FALSE	FALSE	uv_specific_instable
RvY_02183-1	1	uv	0.8422619047619048	0.15773809523809523	0.5714285714285714	FALSE	TRUE	FALSE	FALSE	FALSE	FALSE	uv_specific_instable
RvY_02202-1	1	uv	0.8422619047619048	0.15773809523809523	0.5714285714285714	FALSE	TRUE	FALSE	FALSE	FALSE	FALSE	uv_specific_instable
RvY_02456-1	1	uv	0.8422619047619048	0.15773809523809523	0.5714285714285714	FALSE	TRUE	FALSE	FALSE	FALSE	FALSE	uv_specific_instable
RvY_03027-1	1	uv	0.8422619047619048	0.15773809523809523	0.5714285714285714	FALSE	TRUE	FALSE	FALSE	FALSE	FALSE	uv_specific_instable
RvY_03081-1	1	uv	0.8422619047619048	0.15773809523809523	0.5714285714285714	FALSE	TRUE	FALSE	FALSE	FALSE	FALSE	uv_specific_instable
RvY_03362-1	1	uv	0.8422619047619048	0.15773809523809523	0.5714285714285714	FALSE	TRUE	FALSE	FALSE	FALSE	FALSE	uv_specific_instable
RvY_03381-1	1	uv	0.8422619047619048	0.15773809523809523	0.5714285714285714	FALSE	TRUE	FALSE	FALSE	FALSE	FALSE	uv_specific_instable
RvY_03403-1	1	uv	0.8422619047619048	0.15773809523809523	0.5714285714285714	FALSE	TRUE	FALSE	FALSE	FALSE	FALSE	uv_specific_instable
RvY_03463-1	1	uv	0.8422619047619048	0.15773809523809523	0.5714285714285714	FALSE	TRUE	FALSE	FALSE	FALSE	FALSE	uv_specific_instable
RvY_03534	1	uv	0.8422619047619048	0.15773809523809523	0.5714285714285714	FALSE	TRUE	FALSE	FALSE	FALSE	FALSE	uv_specific_instable
RvY_03805-1	1	uv	0.8422619047619048	0.15773809523809523	0.5714285714285714	FALSE	TRUE	FALSE	FALSE	FALSE	FALSE	uv_specific_instable
RvY_04156-1	1	uv	0.8422619047619048	0.15773809523809523	0.5714285714285714	FALSE	TRUE	FALSE	FALSE	FALSE	FALSE	uv_specific_instable
RvY_06133-1	1	uv	0.8422619047619048	0.15773809523809523	0.5714285714285714	FALSE	TRUE	FALSE	FALSE	FALSE	FALSE	uv_specific_instable
RvY_06595-1	1	uv	0.8422619047619048	0.15773809523809523	0.5714285714285714	FALSE	TRUE	FALSE	FALSE	FALSE	FALSE	uv_specific_instable
RvY_06688-1	1	uv	0.8422619047619048	0.15773809523809523	0.5714285714285714	FALSE	TRUE	FALSE	FALSE	FALSE	FALSE	uv_specific_instable
RvY_07050-1	1	uv	0.8422619047619048	0.15773809523809523	0.5714285714285714	FALSE	TRUE	FALSE	FALSE	FALSE	FALSE	uv_specific_instable
RvY_07084-1	1	uv	0.8422619047619048	0.15773809523809523	0.5714285714285714	FALSE	TRUE	FALSE	FALSE	FALSE	FALSE	uv_specific_instable
RvY_07351-1	1	uv	0.8422619047619048	0.15773809523809523	0.5714285714285714	FALSE	TRUE	FALSE	FALSE	FALSE	FALSE	uv_specific_instable
RvY_07500-1	1	uv	0.8422619047619048	0.15773809523809523	0.5714285714285714	FALSE	TRUE	FALSE	FALSE	FALSE	FALSE	uv_specific_instable
RvY_07529-1	1	uv	0.8422619047619048	0.15773809523809523	0.5714285714285714	FALSE	TRUE	FALSE	FALSE	FALSE	FALSE	uv_specific_instable
RvY_07877-1	1	uv	0.8422619047619048	0.15773809523809523	0.5714285714285714	FALSE	TRUE	FALSE	FALSE	FALSE	FALSE	uv_specific_instable
RvY_07943-1	1	uv	0.8422619047619048	0.15773809523809523	0.5714285714285714	FALSE	TRUE	FALSE	FALSE	FALSE	FALSE	uv_specific_instable
RvY_08451-1	1	uv	0.8422619047619048	0.15773809523809523	0.5714285714285714	FALSE	TRUE	FALSE	FALSE	FALSE	FALSE	uv_specific_instable
RvY_08618-1	1	uv	0.8422619047619048	0.15773809523809523	0.5714285714285714	FALSE	TRUE	FALSE	FALSE	FALSE	FALSE	uv_specific_instable
RvY_08882-1	1	uv	0.8422619047619048	0.15773809523809523	0.5714285714285714	FALSE	TRUE	FALSE	FALSE	FALSE	FALSE	uv_specific_instable
RvY_09291-1	1	uv	0.8422619047619048	0.15773809523809523	0.5714285714285714	FALSE	TRUE	FALSE	FALSE	FALSE	FALSE	uv_specific_instable
RvY_09922-1	1	uv	0.8422619047619048	0.15773809523809523	0.5714285714285714	FALSE	TRUE	FALSE	FALSE	FALSE	FALSE	uv_specific_instable
RvY_10670-1	1	uv	0.8422619047619048	0.15773809523809523	0.5714285714285714	FALSE	TRUE	FALSE	FALSE	FALSE	FALSE	uv_specific_instable
RvY_10723-1	1	uv	0.8422619047619048	0.15773809523809523	0.5714285714285714	FALSE	TRUE	FALSE	FALSE	FALSE	FALSE	uv_specific_instable
RvY_10784	1	uv	0.8422619047619048	0.15773809523809523	0.5714285714285714	FALSE	TRUE	FALSE	FALSE	FALSE	FALSE	uv_specific_instable
RvY_11095-1	1	uv	0.8422619047619048	0.15773809523809523	0.5714285714285714	FALSE	TRUE	FALSE	FALSE	FALSE	FALSE	uv_specific_instable
RvY_11217-1	1	uv	0.8422619047619048	0.15773809523809523	0.5714285714285714	FALSE	TRUE	FALSE	FALSE	FALSE	FALSE	uv_specific_instable
RvY_11648-1	1	uv	0.8422619047619048	0.15773809523809523	0.5714285714285714	FALSE	TRUE	FALSE	FALSE	FALSE	FALSE	uv_specific_instable
RvY_12426-1	1	uv	0.8422619047619048	0.15773809523809523	0.5714285714285714	FALSE	TRUE	FALSE	FALSE	FALSE	FALSE	uv_specific_instable
RvY_12765-1	1	uv	0.8422619047619048	0.15773809523809523	0.5714285714285714	FALSE	TRUE	FALSE	FALSE	FALSE	FALSE	uv_specific_instable
RvY_12867-1	1	uv	0.8422619047619048	0.15773809523809523	0.5714285714285714	FALSE	TRUE	FALSE	FALSE	FALSE	FALSE	uv_specific_instable
RvY_12953-1	1	uv	0.8422619047619048	0.15773809523809523	0.5714285714285714	FALSE	TRUE	FALSE	FALSE	FALSE	FALSE	uv_specific_instable
RvY_13016	1	uv	0.8422619047619048	0.15773809523809523	0.5714285714285714	FALSE	TRUE	FALSE	FALSE	FALSE	FALSE	uv_specific_instable
RvY_13380-1	1	uv	0.8422619047619048	0.15773809523809523	0.5714285714285714	FALSE	TRUE	FALSE	FALSE	FALSE	FALSE	uv_specific_instable
RvY_13521	1	uv	0.8422619047619048	0.15773809523809523	0.5714285714285714	FALSE	TRUE	FALSE	FALSE	FALSE	FALSE	uv_specific_instable
RvY_13606-1	1	uv	0.8422619047619048	0.15773809523809523	0.5714285714285714	FALSE	TRUE	FALSE	FALSE	FALSE	FALSE	uv_specific_instable
RvY_13642-1	1	uv	0.8422619047619048	0.15773809523809523	0.5714285714285714	FALSE	TRUE	FALSE	FALSE	FALSE	FALSE	uv_specific_instable
RvY_13979-1	1	uv	0.8422619047619048	0.15773809523809523	0.5714285714285714	FALSE	TRUE	FALSE	FALSE	FALSE	FALSE	uv_specific_instable
RvY_14073	1	uv	0.8422619047619048	0.15773809523809523	0.5714285714285714	FALSE	TRUE	FALSE	FALSE	FALSE	FALSE	uv_specific_instable
RvY_15082-1	1	uv	0.8422619047619048	0.15773809523809523	0.5714285714285714	FALSE	TRUE	FALSE	FALSE	FALSE	FALSE	uv_specific_instable
RvY_15151	1	uv	0.8422619047619048	0.15773809523809523	0.5714285714285714	FALSE	TRUE	FALSE	FALSE	FALSE	FALSE	uv_specific_instable
RvY_15240	1	uv	0.8422619047619048	0.15773809523809523	0.5714285714285714	FALSE	TRUE	FALSE	FALSE	FALSE	FALSE	uv_specific_instable
RvY_15284-1	1	uv	0.8422619047619048	0.15773809523809523	0.5714285714285714	FALSE	TRUE	FALSE	FALSE	FALSE	FALSE	uv_specific_instable
RvY_15576-1	1	uv	0.8422619047619048	0.15773809523809523	0.5714285714285714	FALSE	TRUE	FALSE	FALSE	FALSE	FALSE	uv_specific_instable
RvY_15841-1	1	uv	0.8422619047619048	0.15773809523809523	0.5714285714285714	FALSE	TRUE	FALSE	FALSE	FALSE	FALSE	uv_specific_instable
RvY_16051-1	1	uv	0.8422619047619048	0.15773809523809523	0.5714285714285714	FALSE	TRUE	FALSE	FALSE	FALSE	FALSE	uv_specific_instable
RvY_16057-1	1	uv	0.8422619047619048	0.15773809523809523	0.5714285714285714	FALSE	TRUE	FALSE	FALSE	FALSE	FALSE	uv_specific_instable
RvY_16147-1	1	uv	0.8422619047619048	0.15773809523809523	0.5714285714285714	FALSE	TRUE	FALSE	FALSE	FALSE	FALSE	uv_specific_instable
RvY_16351	1	uv	0.8422619047619048	0.15773809523809523	0.5714285714285714	FALSE	TRUE	FALSE	FALSE	FALSE	FALSE	uv_specific_instable
RvY_16423	1	uv	0.8422619047619048	0.15773809523809523	0.5714285714285714	FALSE	TRUE	FALSE	FALSE	FALSE	FALSE	uv_specific_instable
RvY_16445	1	uv	0.8422619047619048	0.15773809523809523	0.5714285714285714	FALSE	TRUE	FALSE	FALSE	FALSE	FALSE	uv_specific_instable
RvY_16648-1	1	uv	0.8422619047619048	0.15773809523809523	0.5714285714285714	FALSE	TRUE	FALSE	FALSE	FALSE	FALSE	uv_specific_instable
RvY_16773-1	1	uv	0.8422619047619048	0.15773809523809523	0.5714285714285714	FALSE	TRUE	FALSE	FALSE	FALSE	FALSE	uv_specific_instable
RvY_16813	1	uv	0.8422619047619048	0.15773809523809523	0.5714285714285714	FALSE	TRUE	FALSE	FALSE	FALSE	FALSE	uv_specific_instable
RvY_17285-1	1	uv	0.8422619047619048	0.15773809523809523	0.5714285714285714	FALSE	TRUE	FALSE	FALSE	FALSE	FALSE	uv_specific_instable
RvY_17338-1	1	uv	0.8422619047619048	0.15773809523809523	0.5714285714285714	FALSE	TRUE	FALSE	FALSE	FALSE	FALSE	uv_specific_instable
RvY_17397-1	1	uv	0.8422619047619048	0.15773809523809523	0.5714285714285714	FALSE	TRUE	FALSE	FALSE	FALSE	FALSE	uv_specific_instable
RvY_17877-1	1	uv	0.8422619047619048	0.15773809523809523	0.5714285714285714	FALSE	TRUE	FALSE	FALSE	FALSE	FALSE	uv_specific_instable
RvY_17920-1	1	uv	0.8422619047619048	0.15773809523809523	0.5714285714285714	FALSE	TRUE	FALSE	FALSE	FALSE	FALSE	uv_specific_instable
RvY_18222-1	1	uv	0.8422619047619048	0.15773809523809523	0.5714285714285714	FALSE	TRUE	FALSE	FALSE	FALSE	FALSE	uv_specific_instable
RvY_18754-1	1	uv	0.8422619047619048	0.15773809523809523	0.5714285714285714	FALSE	TRUE	FALSE	FALSE	FALSE	FALSE	uv_specific_instable
RvY_18969-1	1	uv	0.8422619047619048	0.15773809523809523	0.5714285714285714	FALSE	TRUE	FALSE	FALSE	FALSE	FALSE	uv_specific_instable
RvY_19208-1	1	uv	0.8422619047619048	0.15773809523809523	0.5714285714285714	FALSE	TRUE	FALSE	FALSE	FALSE	FALSE	uv_specific_instable
RvY_19355-1	1	uv	0.8422619047619048	0.15773809523809523	0.5714285714285714	FALSE	TRUE	FALSE	FALSE	FALSE	FALSE	uv_specific_instable
RvY_19388-1	1	uv	0.8422619047619048	0.15773809523809523	0.5714285714285714	FALSE	TRUE	FALSE	FALSE	FALSE	FALSE	uv_specific_instable
cox3	1	uv	0.8422619047619048	0.15773809523809523	0.5714285714285714	FALSE	TRUE	FALSE	FALSE	FALSE	FALSE	uv_specific_instable
nad5	1	uv	0.8422619047619048	0.15773809523809523	0.5714285714285714	FALSE	TRUE	FALSE	FALSE	FALSE	FALSE	uv_specific_instable
RvY_00229-1	1	uv	0.8511904761904762	0.1488095238095238	0.6428571428571428	FALSE	TRUE	FALSE	FALSE	FALSE	FALSE	uv_specific_instable
RvY_00721	1	uv	0.8511904761904762	0.1488095238095238	0.6428571428571428	FALSE	TRUE	FALSE	FALSE	FALSE	FALSE	uv_specific_instable
RvY_05103-1	1	uv	0.8511904761904762	0.1488095238095238	0.6428571428571428	FALSE	TRUE	FALSE	FALSE	FALSE	FALSE	uv_specific_instable
RvY_05810-1	1	uv	0.8511904761904762	0.1488095238095238	0.6428571428571428	FALSE	TRUE	FALSE	FALSE	FALSE	FALSE	uv_specific_instable
RvY_07964-1	1	uv	0.8511904761904762	0.1488095238095238	0.6428571428571428	FALSE	TRUE	FALSE	FALSE	FALSE	FALSE	uv_specific_instable
RvY_08876	1	uv	0.8511904761904762	0.1488095238095238	0.6428571428571428	FALSE	TRUE	FALSE	FALSE	FALSE	FALSE	uv_specific_instable
RvY_09339-1	1	uv	0.8511904761904762	0.1488095238095238	0.6428571428571428	FALSE	TRUE	FALSE	FALSE	FALSE	FALSE	uv_specific_instable
RvY_09628	1	uv	0.8511904761904762	0.1488095238095238	0.6428571428571428	FALSE	TRUE	FALSE	FALSE	FALSE	FALSE	uv_specific_instable
RvY_09880-1	1	uv	0.8511904761904762	0.1488095238095238	0.6428571428571428	FALSE	TRUE	FALSE	FALSE	FALSE	FALSE	uv_specific_instable
RvY_10146-1	1	uv	0.8511904761904762	0.1488095238095238	0.6428571428571428	FALSE	TRUE	FALSE	FALSE	FALSE	FALSE	uv_specific_instable
RvY_12937-1	1	uv	0.8511904761904762	0.1488095238095238	0.6428571428571428	FALSE	TRUE	FALSE	FALSE	FALSE	FALSE	uv_specific_instable
RvY_15312-1	1	uv	0.8511904761904762	0.1488095238095238	0.6428571428571428	FALSE	TRUE	FALSE	FALSE	FALSE	FALSE	uv_specific_instable
RvY_16579-2	1	uv	0.8511904761904762	0.1488095238095238	0.6428571428571428	FALSE	TRUE	FALSE	FALSE	FALSE	FALSE	uv_specific_instable
RvY_00340-1	1	uv	0.8541666666666666	0.14583333333333334	0.5	FALSE	TRUE	FALSE	FALSE	FALSE	FALSE	uv_specific_instable
RvY_00464-1	1	uv	0.8541666666666666	0.14583333333333334	0.5	FALSE	TRUE	FALSE	FALSE	FALSE	FALSE	uv_specific_instable
RvY_00722-1	1	uv	0.8541666666666666	0.14583333333333334	0.5	FALSE	TRUE	FALSE	FALSE	FALSE	FALSE	uv_specific_instable
RvY_00791-1	1	uv	0.8541666666666666	0.14583333333333334	0.5	FALSE	TRUE	FALSE	FALSE	FALSE	FALSE	uv_specific_instable
RvY_00858-1	1	uv	0.8541666666666666	0.14583333333333334	0.5	FALSE	TRUE	FALSE	FALSE	FALSE	FALSE	uv_specific_instable
RvY_00954-1	1	uv	0.8541666666666666	0.14583333333333334	0.5	FALSE	TRUE	FALSE	FALSE	FALSE	FALSE	uv_specific_instable
RvY_00969-1	1	uv	0.8541666666666666	0.14583333333333334	0.5	FALSE	TRUE	FALSE	FALSE	FALSE	FALSE	uv_specific_instable
RvY_01099-1	1	uv	0.8541666666666666	0.14583333333333334	0.5	FALSE	TRUE	FALSE	FALSE	FALSE	FALSE	uv_specific_instable
RvY_01249-1	1	uv	0.8541666666666666	0.14583333333333334	0.5	FALSE	TRUE	FALSE	FALSE	FALSE	FALSE	uv_specific_instable
RvY_01343-1	1	uv	0.8541666666666666	0.14583333333333334	0.5	FALSE	TRUE	FALSE	FALSE	FALSE	FALSE	uv_specific_instable
RvY_01388-1	1	uv	0.8541666666666666	0.14583333333333334	0.5	FALSE	TRUE	FALSE	FALSE	FALSE	FALSE	uv_specific_instable
RvY_01437-1	1	uv	0.8541666666666666	0.14583333333333334	0.5	FALSE	TRUE	FALSE	FALSE	FALSE	FALSE	uv_specific_instable
RvY_01658-1	1	uv	0.8541666666666666	0.14583333333333334	0.5	FALSE	TRUE	FALSE	FALSE	FALSE	FALSE	uv_specific_instable
RvY_02203-1	1	uv	0.8541666666666666	0.14583333333333334	0.5	FALSE	TRUE	FALSE	FALSE	FALSE	FALSE	uv_specific_instable
RvY_02423-1	1	uv	0.8541666666666666	0.14583333333333334	0.5	FALSE	TRUE	FALSE	FALSE	FALSE	FALSE	uv_specific_instable
RvY_02573-1	1	uv	0.8541666666666666	0.14583333333333334	0.5	FALSE	TRUE	FALSE	FALSE	FALSE	FALSE	uv_specific_instable
RvY_02754-1	1	uv	0.8541666666666666	0.14583333333333334	0.5	FALSE	TRUE	FALSE	FALSE	FALSE	FALSE	uv_specific_instable
RvY_02805-1	1	uv	0.8541666666666666	0.14583333333333334	0.5	FALSE	TRUE	FALSE	FALSE	FALSE	FALSE	uv_specific_instable
RvY_02927-1	1	uv	0.8541666666666666	0.14583333333333334	0.5	FALSE	TRUE	FALSE	FALSE	FALSE	FALSE	uv_specific_instable
RvY_03160	1	uv	0.8541666666666666	0.14583333333333334	0.5	FALSE	TRUE	FALSE	FALSE	FALSE	FALSE	uv_specific_instable
RvY_03197-1	1	uv	0.8541666666666666	0.14583333333333334	0.5	FALSE	TRUE	FALSE	FALSE	FALSE	FALSE	uv_specific_instable
RvY_03288-1	1	uv	0.8541666666666666	0.14583333333333334	0.5	FALSE	TRUE	FALSE	FALSE	FALSE	FALSE	uv_specific_instable
RvY_03303-1	1	uv	0.8541666666666666	0.14583333333333334	0.5	FALSE	TRUE	FALSE	FALSE	FALSE	FALSE	uv_specific_instable
RvY_03357-1	1	uv	0.8541666666666666	0.14583333333333334	0.5	FALSE	TRUE	FALSE	FALSE	FALSE	FALSE	uv_specific_instable
RvY_03398-1	1	uv	0.8541666666666666	0.14583333333333334	0.5	FALSE	TRUE	FALSE	FALSE	FALSE	FALSE	uv_specific_instable
RvY_03470-1	1	uv	0.8541666666666666	0.14583333333333334	0.5	FALSE	TRUE	FALSE	FALSE	FALSE	FALSE	uv_specific_instable
RvY_03476-1	1	uv	0.8541666666666666	0.14583333333333334	0.5	FALSE	TRUE	FALSE	FALSE	FALSE	FALSE	uv_specific_instable
RvY_03523-1	1	uv	0.8541666666666666	0.14583333333333334	0.5	FALSE	TRUE	FALSE	FALSE	FALSE	FALSE	uv_specific_instable
RvY_03647-1	1	uv	0.8541666666666666	0.14583333333333334	0.5	FALSE	TRUE	FALSE	FALSE	FALSE	FALSE	uv_specific_instable
RvY_03658-1	1	uv	0.8541666666666666	0.14583333333333334	0.5	FALSE	TRUE	FALSE	FALSE	FALSE	FALSE	uv_specific_instable
RvY_03690-1	1	uv	0.8541666666666666	0.14583333333333334	0.5	FALSE	TRUE	FALSE	FALSE	FALSE	FALSE	uv_specific_instable
RvY_03919-1	1	uv	0.8541666666666666	0.14583333333333334	0.5	FALSE	TRUE	FALSE	FALSE	FALSE	FALSE	uv_specific_instable
RvY_04070-1	1	uv	0.8541666666666666	0.14583333333333334	0.5	FALSE	TRUE	FALSE	FALSE	FALSE	FALSE	uv_specific_instable
RvY_04314	1	uv	0.8541666666666666	0.14583333333333334	0.5	FALSE	TRUE	FALSE	FALSE	FALSE	FALSE	uv_specific_instable
RvY_04528-1	1	uv	0.8541666666666666	0.14583333333333334	0.5	FALSE	TRUE	FALSE	FALSE	FALSE	FALSE	uv_specific_instable
RvY_05165-1	1	uv	0.8541666666666666	0.14583333333333334	0.5	FALSE	TRUE	FALSE	FALSE	FALSE	FALSE	uv_specific_instable
RvY_05175-1	1	uv	0.8541666666666666	0.14583333333333334	0.5	FALSE	TRUE	FALSE	FALSE	FALSE	FALSE	uv_specific_instable
RvY_05192-1	1	uv	0.8541666666666666	0.14583333333333334	0.5	FALSE	TRUE	FALSE	FALSE	FALSE	FALSE	uv_specific_instable
RvY_05212-1	1	uv	0.8541666666666666	0.14583333333333334	0.5	FALSE	TRUE	FALSE	FALSE	FALSE	FALSE	uv_specific_instable
RvY_05239-1	1	uv	0.8541666666666666	0.14583333333333334	0.5	FALSE	TRUE	FALSE	FALSE	FALSE	FALSE	uv_specific_instable
RvY_05306-1	1	uv	0.8541666666666666	0.14583333333333334	0.5	FALSE	TRUE	FALSE	FALSE	FALSE	FALSE	uv_specific_instable
RvY_05346-1	1	uv	0.8541666666666666	0.14583333333333334	0.5	FALSE	TRUE	FALSE	FALSE	FALSE	FALSE	uv_specific_instable
RvY_05347	1	uv	0.8541666666666666	0.14583333333333334	0.5	FALSE	TRUE	FALSE	FALSE	FALSE	FALSE	uv_specific_instable
RvY_05488-1	1	uv	0.8541666666666666	0.14583333333333334	0.5	FALSE	TRUE	FALSE	FALSE	FALSE	FALSE	uv_specific_instable
RvY_05548-1	1	uv	0.8541666666666666	0.14583333333333334	0.5	FALSE	TRUE	FALSE	FALSE	FALSE	FALSE	uv_specific_instable
RvY_05682-1	1	uv	0.8541666666666666	0.14583333333333334	0.5	FALSE	TRUE	FALSE	FALSE	FALSE	FALSE	uv_specific_instable
RvY_05711-1	1	uv	0.8541666666666666	0.14583333333333334	0.5	FALSE	TRUE	FALSE	FALSE	FALSE	FALSE	uv_specific_instable
RvY_05744	1	uv	0.8541666666666666	0.14583333333333334	0.5	FALSE	TRUE	FALSE	FALSE	FALSE	FALSE	uv_specific_instable
RvY_05768-1	1	uv	0.8541666666666666	0.14583333333333334	0.5	FALSE	TRUE	FALSE	FALSE	FALSE	FALSE	uv_specific_instable
RvY_06037-1	1	uv	0.8541666666666666	0.14583333333333334	0.5	FALSE	TRUE	FALSE	FALSE	FALSE	FALSE	uv_specific_instable
RvY_06296	1	uv	0.8541666666666666	0.14583333333333334	0.5	FALSE	TRUE	FALSE	FALSE	FALSE	FALSE	uv_specific_instable
RvY_06383	1	uv	0.8541666666666666	0.14583333333333334	0.5	FALSE	TRUE	FALSE	FALSE	FALSE	FALSE	uv_specific_instable
RvY_06474-1	1	uv	0.8541666666666666	0.14583333333333334	0.5	FALSE	TRUE	FALSE	FALSE	FALSE	FALSE	uv_specific_instable
RvY_06553-1	1	uv	0.8541666666666666	0.14583333333333334	0.5	FALSE	TRUE	FALSE	FALSE	FALSE	FALSE	uv_specific_instable
RvY_06594-2	1	uv	0.8541666666666666	0.14583333333333334	0.5	FALSE	TRUE	FALSE	FALSE	FALSE	FALSE	uv_specific_instable
RvY_06622	1	uv	0.8541666666666666	0.14583333333333334	0.5	FALSE	TRUE	FALSE	FALSE	FALSE	FALSE	uv_specific_instable
RvY_06683-1	1	uv	0.8541666666666666	0.14583333333333334	0.5	FALSE	TRUE	FALSE	FALSE	FALSE	FALSE	uv_specific_instable
RvY_06860	1	uv	0.8541666666666666	0.14583333333333334	0.5	FALSE	TRUE	FALSE	FALSE	FALSE	FALSE	uv_specific_instable
RvY_06884-1	1	uv	0.8541666666666666	0.14583333333333334	0.5	FALSE	TRUE	FALSE	FALSE	FALSE	FALSE	uv_specific_instable
RvY_06949	1	uv	0.8541666666666666	0.14583333333333334	0.5	FALSE	TRUE	FALSE	FALSE	FALSE	FALSE	uv_specific_instable
RvY_07212-1	1	uv	0.8541666666666666	0.14583333333333334	0.5	FALSE	TRUE	FALSE	FALSE	FALSE	FALSE	uv_specific_instable
RvY_07242-1	1	uv	0.8541666666666666	0.14583333333333334	0.5	FALSE	TRUE	FALSE	FALSE	FALSE	FALSE	uv_specific_instable
RvY_07302-1	1	uv	0.8541666666666666	0.14583333333333334	0.5	FALSE	TRUE	FALSE	FALSE	FALSE	FALSE	uv_specific_instable
RvY_07353-1	1	uv	0.8541666666666666	0.14583333333333334	0.5	FALSE	TRUE	FALSE	FALSE	FALSE	FALSE	uv_specific_instable
RvY_07379	1	uv	0.8541666666666666	0.14583333333333334	0.5	FALSE	TRUE	FALSE	FALSE	FALSE	FALSE	uv_specific_instable
RvY_07533-1	1	uv	0.8541666666666666	0.14583333333333334	0.5	FALSE	TRUE	FALSE	FALSE	FALSE	FALSE	uv_specific_instable
RvY_07536-1	1	uv	0.8541666666666666	0.14583333333333334	0.5	FALSE	TRUE	FALSE	FALSE	FALSE	FALSE	uv_specific_instable
RvY_07574-1	1	uv	0.8541666666666666	0.14583333333333334	0.5	FALSE	TRUE	FALSE	FALSE	FALSE	FALSE	uv_specific_instable
RvY_07689-1	1	uv	0.8541666666666666	0.14583333333333334	0.5	FALSE	TRUE	FALSE	FALSE	FALSE	FALSE	uv_specific_instable
RvY_07712-1	1	uv	0.8541666666666666	0.14583333333333334	0.5	FALSE	TRUE	FALSE	FALSE	FALSE	FALSE	uv_specific_instable
RvY_07740-1	1	uv	0.8541666666666666	0.14583333333333334	0.5	FALSE	TRUE	FALSE	FALSE	FALSE	FALSE	uv_specific_instable
RvY_07932-1	1	uv	0.8541666666666666	0.14583333333333334	0.5	FALSE	TRUE	FALSE	FALSE	FALSE	FALSE	uv_specific_instable
RvY_07948-1	1	uv	0.8541666666666666	0.14583333333333334	0.5	FALSE	TRUE	FALSE	FALSE	FALSE	FALSE	uv_specific_instable
RvY_07970-1	1	uv	0.8541666666666666	0.14583333333333334	0.5	FALSE	TRUE	FALSE	FALSE	FALSE	FALSE	uv_specific_instable
RvY_08163-1	1	uv	0.8541666666666666	0.14583333333333334	0.5	FALSE	TRUE	FALSE	FALSE	FALSE	FALSE	uv_specific_instable
RvY_08499-1	1	uv	0.8541666666666666	0.14583333333333334	0.5	FALSE	TRUE	FALSE	FALSE	FALSE	FALSE	uv_specific_instable
RvY_08685	1	uv	0.8541666666666666	0.14583333333333334	0.5	FALSE	TRUE	FALSE	FALSE	FALSE	FALSE	uv_specific_instable
RvY_08897	1	uv	0.8541666666666666	0.14583333333333334	0.5	FALSE	TRUE	FALSE	FALSE	FALSE	FALSE	uv_specific_instable
RvY_09151-1	1	uv	0.8541666666666666	0.14583333333333334	0.5	FALSE	TRUE	FALSE	FALSE	FALSE	FALSE	uv_specific_instable
RvY_09276	1	uv	0.8541666666666666	0.14583333333333334	0.5	FALSE	TRUE	FALSE	FALSE	FALSE	FALSE	uv_specific_instable
RvY_09414-1	1	uv	0.8541666666666666	0.14583333333333334	0.5	FALSE	TRUE	FALSE	FALSE	FALSE	FALSE	uv_specific_instable
RvY_09468-1	1	uv	0.8541666666666666	0.14583333333333334	0.5	FALSE	TRUE	FALSE	FALSE	FALSE	FALSE	uv_specific_instable
RvY_09486-1	1	uv	0.8541666666666666	0.14583333333333334	0.5	FALSE	TRUE	FALSE	FALSE	FALSE	FALSE	uv_specific_instable
RvY_09703-1	1	uv	0.8541666666666666	0.14583333333333334	0.5	FALSE	TRUE	FALSE	FALSE	FALSE	FALSE	uv_specific_instable
RvY_09791-1	1	uv	0.8541666666666666	0.14583333333333334	0.5	FALSE	TRUE	FALSE	FALSE	FALSE	FALSE	uv_specific_instable
RvY_09834-1	1	uv	0.8541666666666666	0.14583333333333334	0.5	FALSE	TRUE	FALSE	FALSE	FALSE	FALSE	uv_specific_instable
RvY_10145-1	1	uv	0.8541666666666666	0.14583333333333334	0.5	FALSE	TRUE	FALSE	FALSE	FALSE	FALSE	uv_specific_instable
RvY_10168-1	1	uv	0.8541666666666666	0.14583333333333334	0.5	FALSE	TRUE	FALSE	FALSE	FALSE	FALSE	uv_specific_instable
RvY_10229-1	1	uv	0.8541666666666666	0.14583333333333334	0.5	FALSE	TRUE	FALSE	FALSE	FALSE	FALSE	uv_specific_instable
RvY_10280-1	1	uv	0.8541666666666666	0.14583333333333334	0.5	FALSE	TRUE	FALSE	FALSE	FALSE	FALSE	uv_specific_instable
RvY_10352-1	1	uv	0.8541666666666666	0.14583333333333334	0.5	FALSE	TRUE	FALSE	FALSE	FALSE	FALSE	uv_specific_instable
RvY_10416-1	1	uv	0.8541666666666666	0.14583333333333334	0.5	FALSE	TRUE	FALSE	FALSE	FALSE	FALSE	uv_specific_instable
RvY_11224-1	1	uv	0.8541666666666666	0.14583333333333334	0.5	FALSE	TRUE	FALSE	FALSE	FALSE	FALSE	uv_specific_instable
RvY_11878-1	1	uv	0.8541666666666666	0.14583333333333334	0.5	FALSE	TRUE	FALSE	FALSE	FALSE	FALSE	uv_specific_instable
RvY_11958	1	uv	0.8541666666666666	0.14583333333333334	0.5	FALSE	TRUE	FALSE	FALSE	FALSE	FALSE	uv_specific_instable
RvY_12174-1	1	uv	0.8541666666666666	0.14583333333333334	0.5	FALSE	TRUE	FALSE	FALSE	FALSE	FALSE	uv_specific_instable
RvY_12432	1	uv	0.8541666666666666	0.14583333333333334	0.5	FALSE	TRUE	FALSE	FALSE	FALSE	FALSE	uv_specific_instable
RvY_12447	1	uv	0.8541666666666666	0.14583333333333334	0.5	FALSE	TRUE	FALSE	FALSE	FALSE	FALSE	uv_specific_instable
RvY_12460-1	1	uv	0.8541666666666666	0.14583333333333334	0.5	FALSE	TRUE	FALSE	FALSE	FALSE	FALSE	uv_specific_instable
RvY_12471	1	uv	0.8541666666666666	0.14583333333333334	0.5	FALSE	TRUE	FALSE	FALSE	FALSE	FALSE	uv_specific_instable
RvY_12728-1	1	uv	0.8541666666666666	0.14583333333333334	0.5	FALSE	TRUE	FALSE	FALSE	FALSE	FALSE	uv_specific_instable
RvY_12770-1	1	uv	0.8541666666666666	0.14583333333333334	0.5	FALSE	TRUE	FALSE	FALSE	FALSE	FALSE	uv_specific_instable
RvY_12783-1	1	uv	0.8541666666666666	0.14583333333333334	0.5	FALSE	TRUE	FALSE	FALSE	FALSE	FALSE	uv_specific_instable
RvY_12823	1	uv	0.8541666666666666	0.14583333333333334	0.5	FALSE	TRUE	FALSE	FALSE	FALSE	FALSE	uv_specific_instable
RvY_12827-1	1	uv	0.8541666666666666	0.14583333333333334	0.5	FALSE	TRUE	FALSE	FALSE	FALSE	FALSE	uv_specific_instable
RvY_12929-1	1	uv	0.8541666666666666	0.14583333333333334	0.5	FALSE	TRUE	FALSE	FALSE	FALSE	FALSE	uv_specific_instable
RvY_13002-1	1	uv	0.8541666666666666	0.14583333333333334	0.5	FALSE	TRUE	FALSE	FALSE	FALSE	FALSE	uv_specific_instable
RvY_13082	1	uv	0.8541666666666666	0.14583333333333334	0.5	FALSE	TRUE	FALSE	FALSE	FALSE	FALSE	uv_specific_instable
RvY_13194-1	1	uv	0.8541666666666666	0.14583333333333334	0.5	FALSE	TRUE	FALSE	FALSE	FALSE	FALSE	uv_specific_instable
RvY_13279-1	1	uv	0.8541666666666666	0.14583333333333334	0.5	FALSE	TRUE	FALSE	FALSE	FALSE	FALSE	uv_specific_instable
RvY_13350-1	1	uv	0.8541666666666666	0.14583333333333334	0.5	FALSE	TRUE	FALSE	FALSE	FALSE	FALSE	uv_specific_instable
RvY_13695-1	1	uv	0.8541666666666666	0.14583333333333334	0.5	FALSE	TRUE	FALSE	FALSE	FALSE	FALSE	uv_specific_instable
RvY_13747-1	1	uv	0.8541666666666666	0.14583333333333334	0.5	FALSE	TRUE	FALSE	FALSE	FALSE	FALSE	uv_specific_instable
RvY_13888-1	1	uv	0.8541666666666666	0.14583333333333334	0.5	FALSE	TRUE	FALSE	FALSE	FALSE	FALSE	uv_specific_instable
RvY_13913	1	uv	0.8541666666666666	0.14583333333333334	0.5	FALSE	TRUE	FALSE	FALSE	FALSE	FALSE	uv_specific_instable
RvY_13965-1	1	uv	0.8541666666666666	0.14583333333333334	0.5	FALSE	TRUE	FALSE	FALSE	FALSE	FALSE	uv_specific_instable
RvY_14187-1	1	uv	0.8541666666666666	0.14583333333333334	0.5	FALSE	TRUE	FALSE	FALSE	FALSE	FALSE	uv_specific_instable
RvY_14372-1	1	uv	0.8541666666666666	0.14583333333333334	0.5	FALSE	TRUE	FALSE	FALSE	FALSE	FALSE	uv_specific_instable
RvY_14451-1	1	uv	0.8541666666666666	0.14583333333333334	0.5	FALSE	TRUE	FALSE	FALSE	FALSE	FALSE	uv_specific_instable
RvY_14553-1	1	uv	0.8541666666666666	0.14583333333333334	0.5	FALSE	TRUE	FALSE	FALSE	FALSE	FALSE	uv_specific_instable
RvY_14777-1	1	uv	0.8541666666666666	0.14583333333333334	0.5	FALSE	TRUE	FALSE	FALSE	FALSE	FALSE	uv_specific_instable
RvY_14843-1	1	uv	0.8541666666666666	0.14583333333333334	0.5	FALSE	TRUE	FALSE	FALSE	FALSE	FALSE	uv_specific_instable
RvY_14882-1	1	uv	0.8541666666666666	0.14583333333333334	0.5	FALSE	TRUE	FALSE	FALSE	FALSE	FALSE	uv_specific_instable
RvY_14972-1	1	uv	0.8541666666666666	0.14583333333333334	0.5	FALSE	TRUE	FALSE	FALSE	FALSE	FALSE	uv_specific_instable
RvY_14975-1	1	uv	0.8541666666666666	0.14583333333333334	0.5	FALSE	TRUE	FALSE	FALSE	FALSE	FALSE	uv_specific_instable
RvY_14979-1	1	uv	0.8541666666666666	0.14583333333333334	0.5	FALSE	TRUE	FALSE	FALSE	FALSE	FALSE	uv_specific_instable
RvY_15235-1	1	uv	0.8541666666666666	0.14583333333333334	0.5	FALSE	TRUE	FALSE	FALSE	FALSE	FALSE	uv_specific_instable
RvY_15278-1	1	uv	0.8541666666666666	0.14583333333333334	0.5	FALSE	TRUE	FALSE	FALSE	FALSE	FALSE	uv_specific_instable
RvY_15430-1	1	uv	0.8541666666666666	0.14583333333333334	0.5	FALSE	TRUE	FALSE	FALSE	FALSE	FALSE	uv_specific_instable
RvY_15433-1	1	uv	0.8541666666666666	0.14583333333333334	0.5	FALSE	TRUE	FALSE	FALSE	FALSE	FALSE	uv_specific_instable
RvY_15574-1	1	uv	0.8541666666666666	0.14583333333333334	0.5	FALSE	TRUE	FALSE	FALSE	FALSE	FALSE	uv_specific_instable
RvY_15645-1	1	uv	0.8541666666666666	0.14583333333333334	0.5	FALSE	TRUE	FALSE	FALSE	FALSE	FALSE	uv_specific_instable
RvY_15650-1	1	uv	0.8541666666666666	0.14583333333333334	0.5	FALSE	TRUE	FALSE	FALSE	FALSE	FALSE	uv_specific_instable
RvY_15685-1	1	uv	0.8541666666666666	0.14583333333333334	0.5	FALSE	TRUE	FALSE	FALSE	FALSE	FALSE	uv_specific_instable
RvY_15756-1	1	uv	0.8541666666666666	0.14583333333333334	0.5	FALSE	TRUE	FALSE	FALSE	FALSE	FALSE	uv_specific_instable
RvY_15781-1	1	uv	0.8541666666666666	0.14583333333333334	0.5	FALSE	TRUE	FALSE	FALSE	FALSE	FALSE	uv_specific_instable
RvY_15937	1	uv	0.8541666666666666	0.14583333333333334	0.5	FALSE	TRUE	FALSE	FALSE	FALSE	FALSE	uv_specific_instable
RvY_16052-1	1	uv	0.8541666666666666	0.14583333333333334	0.5	FALSE	TRUE	FALSE	FALSE	FALSE	FALSE	uv_specific_instable
RvY_16096-1	1	uv	0.8541666666666666	0.14583333333333334	0.5	FALSE	TRUE	FALSE	FALSE	FALSE	FALSE	uv_specific_instable
RvY_16220-1	1	uv	0.8541666666666666	0.14583333333333334	0.5	FALSE	TRUE	FALSE	FALSE	FALSE	FALSE	uv_specific_instable
RvY_16223-1	1	uv	0.8541666666666666	0.14583333333333334	0.5	FALSE	TRUE	FALSE	FALSE	FALSE	FALSE	uv_specific_instable
RvY_16448	1	uv	0.8541666666666666	0.14583333333333334	0.5	FALSE	TRUE	FALSE	FALSE	FALSE	FALSE	uv_specific_instable
RvY_16463	1	uv	0.8541666666666666	0.14583333333333334	0.5	FALSE	TRUE	FALSE	FALSE	FALSE	FALSE	uv_specific_instable
RvY_16468-1	1	uv	0.8541666666666666	0.14583333333333334	0.5	FALSE	TRUE	FALSE	FALSE	FALSE	FALSE	uv_specific_instable
RvY_16559-1	1	uv	0.8541666666666666	0.14583333333333334	0.5	FALSE	TRUE	FALSE	FALSE	FALSE	FALSE	uv_specific_instable
RvY_16952-1	1	uv	0.8541666666666666	0.14583333333333334	0.5	FALSE	TRUE	FALSE	FALSE	FALSE	FALSE	uv_specific_instable
RvY_17237	1	uv	0.8541666666666666	0.14583333333333334	0.5	FALSE	TRUE	FALSE	FALSE	FALSE	FALSE	uv_specific_instable
RvY_17363	1	uv	0.8541666666666666	0.14583333333333334	0.5	FALSE	TRUE	FALSE	FALSE	FALSE	FALSE	uv_specific_instable
RvY_17553-1	1	uv	0.8541666666666666	0.14583333333333334	0.5	FALSE	TRUE	FALSE	FALSE	FALSE	FALSE	uv_specific_instable
RvY_18057-1	1	uv	0.8541666666666666	0.14583333333333334	0.5	FALSE	TRUE	FALSE	FALSE	FALSE	FALSE	uv_specific_instable
RvY_18172-1	1	uv	0.8541666666666666	0.14583333333333334	0.5	FALSE	TRUE	FALSE	FALSE	FALSE	FALSE	uv_specific_instable
RvY_18509-1	1	uv	0.8541666666666666	0.14583333333333334	0.5	FALSE	TRUE	FALSE	FALSE	FALSE	FALSE	uv_specific_instable
RvY_18715-1	1	uv	0.8541666666666666	0.14583333333333334	0.5	FALSE	TRUE	FALSE	FALSE	FALSE	FALSE	uv_specific_instable
RvY_18836-1	1	uv	0.8541666666666666	0.14583333333333334	0.5	FALSE	TRUE	FALSE	FALSE	FALSE	FALSE	uv_specific_instable
RvY_19043	1	uv	0.8541666666666666	0.14583333333333334	0.5	FALSE	TRUE	FALSE	FALSE	FALSE	FALSE	uv_specific_instable
RvY_19302-1	1	uv	0.8541666666666666	0.14583333333333334	0.5	FALSE	TRUE	FALSE	FALSE	FALSE	FALSE	uv_specific_instable
RvY_19347-1	1	uv	0.8541666666666666	0.14583333333333334	0.5	FALSE	TRUE	FALSE	FALSE	FALSE	FALSE	uv_specific_instable
RvY_19450-1	1	uv	0.8541666666666666	0.14583333333333334	0.5	FALSE	TRUE	FALSE	FALSE	FALSE	FALSE	uv_specific_instable
RvY_00848	1	uv	0.8630952380952381	0.1369047619047619	0.5714285714285714	FALSE	TRUE	FALSE	FALSE	FALSE	FALSE	uv_specific_instable
RvY_00942-1	1	uv	0.8630952380952381	0.1369047619047619	0.5714285714285714	FALSE	TRUE	FALSE	FALSE	FALSE	FALSE	uv_specific_instable
RvY_01082	1	uv	0.8630952380952381	0.1369047619047619	0.5714285714285714	FALSE	TRUE	FALSE	FALSE	FALSE	FALSE	uv_specific_instable
RvY_01151-1	1	uv	0.8630952380952381	0.1369047619047619	0.5714285714285714	FALSE	TRUE	FALSE	FALSE	FALSE	FALSE	uv_specific_instable
RvY_01314-1	1	uv	0.8630952380952381	0.1369047619047619	0.5714285714285714	FALSE	TRUE	FALSE	FALSE	FALSE	FALSE	uv_specific_instable
RvY_01326-1	1	uv	0.8630952380952381	0.1369047619047619	0.5714285714285714	FALSE	TRUE	FALSE	FALSE	FALSE	FALSE	uv_specific_instable
RvY_02282-1	1	uv	0.8630952380952381	0.1369047619047619	0.5714285714285714	FALSE	TRUE	FALSE	FALSE	FALSE	FALSE	uv_specific_instable
RvY_02368-1	1	uv	0.8630952380952381	0.1369047619047619	0.5714285714285714	FALSE	TRUE	FALSE	FALSE	FALSE	FALSE	uv_specific_instable
RvY_02421-1	1	uv	0.8630952380952381	0.1369047619047619	0.5714285714285714	FALSE	TRUE	FALSE	FALSE	FALSE	FALSE	uv_specific_instable
RvY_02475-1	1	uv	0.8630952380952381	0.1369047619047619	0.5714285714285714	FALSE	TRUE	FALSE	FALSE	FALSE	FALSE	uv_specific_instable
RvY_02526	1	uv	0.8630952380952381	0.1369047619047619	0.5714285714285714	FALSE	TRUE	FALSE	FALSE	FALSE	FALSE	uv_specific_instable
RvY_02921-1	1	uv	0.8630952380952381	0.1369047619047619	0.5714285714285714	FALSE	TRUE	FALSE	FALSE	FALSE	FALSE	uv_specific_instable
RvY_03043-1	1	uv	0.8630952380952381	0.1369047619047619	0.5714285714285714	FALSE	TRUE	FALSE	FALSE	FALSE	FALSE	uv_specific_instable
RvY_03387-1	1	uv	0.8630952380952381	0.1369047619047619	0.5714285714285714	FALSE	TRUE	FALSE	FALSE	FALSE	FALSE	uv_specific_instable
RvY_03705-1	1	uv	0.8630952380952381	0.1369047619047619	0.5714285714285714	FALSE	TRUE	FALSE	FALSE	FALSE	FALSE	uv_specific_instable
RvY_03755-1	1	uv	0.8630952380952381	0.1369047619047619	0.5714285714285714	FALSE	TRUE	FALSE	FALSE	FALSE	FALSE	uv_specific_instable
RvY_03806-1	1	uv	0.8630952380952381	0.1369047619047619	0.5714285714285714	FALSE	TRUE	FALSE	FALSE	FALSE	FALSE	uv_specific_instable
RvY_03940-1	1	uv	0.8630952380952381	0.1369047619047619	0.5714285714285714	FALSE	TRUE	FALSE	FALSE	FALSE	FALSE	uv_specific_instable
RvY_04137-1	1	uv	0.8630952380952381	0.1369047619047619	0.5714285714285714	FALSE	TRUE	FALSE	FALSE	FALSE	FALSE	uv_specific_instable
RvY_04319-1	1	uv	0.8630952380952381	0.1369047619047619	0.5714285714285714	FALSE	TRUE	FALSE	FALSE	FALSE	FALSE	uv_specific_instable
RvY_04438-1	1	uv	0.8630952380952381	0.1369047619047619	0.5714285714285714	FALSE	TRUE	FALSE	FALSE	FALSE	FALSE	uv_specific_instable
RvY_04542-1	1	uv	0.8630952380952381	0.1369047619047619	0.5714285714285714	FALSE	TRUE	FALSE	FALSE	FALSE	FALSE	uv_specific_instable
RvY_04958-1	1	uv	0.8630952380952381	0.1369047619047619	0.5714285714285714	FALSE	TRUE	FALSE	FALSE	FALSE	FALSE	uv_specific_instable
RvY_05055-1	1	uv	0.8630952380952381	0.1369047619047619	0.5714285714285714	FALSE	TRUE	FALSE	FALSE	FALSE	FALSE	uv_specific_instable
RvY_05441-1	1	uv	0.8630952380952381	0.1369047619047619	0.5714285714285714	FALSE	TRUE	FALSE	FALSE	FALSE	FALSE	uv_specific_instable
RvY_05609-1	1	uv	0.8630952380952381	0.1369047619047619	0.5714285714285714	FALSE	TRUE	FALSE	FALSE	FALSE	FALSE	uv_specific_instable
RvY_05931-1	1	uv	0.8630952380952381	0.1369047619047619	0.5714285714285714	FALSE	TRUE	FALSE	FALSE	FALSE	FALSE	uv_specific_instable
RvY_05987-1	1	uv	0.8630952380952381	0.1369047619047619	0.5714285714285714	FALSE	TRUE	FALSE	FALSE	FALSE	FALSE	uv_specific_instable
RvY_06083	1	uv	0.8630952380952381	0.1369047619047619	0.5714285714285714	FALSE	TRUE	FALSE	FALSE	FALSE	FALSE	uv_specific_instable
RvY_06199	1	uv	0.8630952380952381	0.1369047619047619	0.5714285714285714	FALSE	TRUE	FALSE	FALSE	FALSE	FALSE	uv_specific_instable
RvY_06344-1	1	uv	0.8630952380952381	0.1369047619047619	0.5714285714285714	FALSE	TRUE	FALSE	FALSE	FALSE	FALSE	uv_specific_instable
RvY_06740-1	1	uv	0.8630952380952381	0.1369047619047619	0.5714285714285714	FALSE	TRUE	FALSE	FALSE	FALSE	FALSE	uv_specific_instable
RvY_06874-1	1	uv	0.8630952380952381	0.1369047619047619	0.5714285714285714	FALSE	TRUE	FALSE	FALSE	FALSE	FALSE	uv_specific_instable
RvY_07666	1	uv	0.8630952380952381	0.1369047619047619	0.5714285714285714	FALSE	TRUE	FALSE	FALSE	FALSE	FALSE	uv_specific_instable
RvY_07697-1	1	uv	0.8630952380952381	0.1369047619047619	0.5714285714285714	FALSE	TRUE	FALSE	FALSE	FALSE	FALSE	uv_specific_instable
RvY_08039-1	1	uv	0.8630952380952381	0.1369047619047619	0.5714285714285714	FALSE	TRUE	FALSE	FALSE	FALSE	FALSE	uv_specific_instable
RvY_08040	1	uv	0.8630952380952381	0.1369047619047619	0.5714285714285714	FALSE	TRUE	FALSE	FALSE	FALSE	FALSE	uv_specific_instable
RvY_08835-1	1	uv	0.8630952380952381	0.1369047619047619	0.5714285714285714	FALSE	TRUE	FALSE	FALSE	FALSE	FALSE	uv_specific_instable
RvY_08869-1	1	uv	0.8630952380952381	0.1369047619047619	0.5714285714285714	FALSE	TRUE	FALSE	FALSE	FALSE	FALSE	uv_specific_instable
RvY_09072-1	1	uv	0.8630952380952381	0.1369047619047619	0.5714285714285714	FALSE	TRUE	FALSE	FALSE	FALSE	FALSE	uv_specific_instable
RvY_09129-1	1	uv	0.8630952380952381	0.1369047619047619	0.5714285714285714	FALSE	TRUE	FALSE	FALSE	FALSE	FALSE	uv_specific_instable
RvY_09134	1	uv	0.8630952380952381	0.1369047619047619	0.5714285714285714	FALSE	TRUE	FALSE	FALSE	FALSE	FALSE	uv_specific_instable
RvY_09216-1	1	uv	0.8630952380952381	0.1369047619047619	0.5714285714285714	FALSE	TRUE	FALSE	FALSE	FALSE	FALSE	uv_specific_instable
RvY_09277	1	uv	0.8630952380952381	0.1369047619047619	0.5714285714285714	FALSE	TRUE	FALSE	FALSE	FALSE	FALSE	uv_specific_instable
RvY_09301-1	1	uv	0.8630952380952381	0.1369047619047619	0.5714285714285714	FALSE	TRUE	FALSE	FALSE	FALSE	FALSE	uv_specific_instable
RvY_10162-1	1	uv	0.8630952380952381	0.1369047619047619	0.5714285714285714	FALSE	TRUE	FALSE	FALSE	FALSE	FALSE	uv_specific_instable
RvY_10418-1	1	uv	0.8630952380952381	0.1369047619047619	0.5714285714285714	FALSE	TRUE	FALSE	FALSE	FALSE	FALSE	uv_specific_instable
RvY_10479-1	1	uv	0.8630952380952381	0.1369047619047619	0.5714285714285714	FALSE	TRUE	FALSE	FALSE	FALSE	FALSE	uv_specific_instable
RvY_11440-1	1	uv	0.8630952380952381	0.1369047619047619	0.5714285714285714	FALSE	TRUE	FALSE	FALSE	FALSE	FALSE	uv_specific_instable
RvY_11957-1	1	uv	0.8630952380952381	0.1369047619047619	0.5714285714285714	FALSE	TRUE	FALSE	FALSE	FALSE	FALSE	uv_specific_instable
RvY_12221-1	1	uv	0.8630952380952381	0.1369047619047619	0.5714285714285714	FALSE	TRUE	FALSE	FALSE	FALSE	FALSE	uv_specific_instable
RvY_12246-1	1	uv	0.8630952380952381	0.1369047619047619	0.5714285714285714	FALSE	TRUE	FALSE	FALSE	FALSE	FALSE	uv_specific_instable
RvY_12404	1	uv	0.8630952380952381	0.1369047619047619	0.5714285714285714	FALSE	TRUE	FALSE	FALSE	FALSE	FALSE	uv_specific_instable
RvY_12441-1	1	uv	0.8630952380952381	0.1369047619047619	0.5714285714285714	FALSE	TRUE	FALSE	FALSE	FALSE	FALSE	uv_specific_instable
RvY_12842-1	1	uv	0.8630952380952381	0.1369047619047619	0.5714285714285714	FALSE	TRUE	FALSE	FALSE	FALSE	FALSE	uv_specific_instable
RvY_13057-1	1	uv	0.8630952380952381	0.1369047619047619	0.5714285714285714	FALSE	TRUE	FALSE	FALSE	FALSE	FALSE	uv_specific_instable
RvY_13330-1	1	uv	0.8630952380952381	0.1369047619047619	0.5714285714285714	FALSE	TRUE	FALSE	FALSE	FALSE	FALSE	uv_specific_instable
RvY_13337-1	1	uv	0.8630952380952381	0.1369047619047619	0.5714285714285714	FALSE	TRUE	FALSE	FALSE	FALSE	FALSE	uv_specific_instable
RvY_13513-1	1	uv	0.8630952380952381	0.1369047619047619	0.5714285714285714	FALSE	TRUE	FALSE	FALSE	FALSE	FALSE	uv_specific_instable
RvY_13698-1	1	uv	0.8630952380952381	0.1369047619047619	0.5714285714285714	FALSE	TRUE	FALSE	FALSE	FALSE	FALSE	uv_specific_instable
RvY_13711-1	1	uv	0.8630952380952381	0.1369047619047619	0.5714285714285714	FALSE	TRUE	FALSE	FALSE	FALSE	FALSE	uv_specific_instable
RvY_13743-1	1	uv	0.8630952380952381	0.1369047619047619	0.5714285714285714	FALSE	TRUE	FALSE	FALSE	FALSE	FALSE	uv_specific_instable
RvY_13839-1	1	uv	0.8630952380952381	0.1369047619047619	0.5714285714285714	FALSE	TRUE	FALSE	FALSE	FALSE	FALSE	uv_specific_instable
RvY_14635-1	1	uv	0.8630952380952381	0.1369047619047619	0.5714285714285714	FALSE	TRUE	FALSE	FALSE	FALSE	FALSE	uv_specific_instable
RvY_14725	1	uv	0.8630952380952381	0.1369047619047619	0.5714285714285714	FALSE	TRUE	FALSE	FALSE	FALSE	FALSE	uv_specific_instable
RvY_15027-1	1	uv	0.8630952380952381	0.1369047619047619	0.5714285714285714	FALSE	TRUE	FALSE	FALSE	FALSE	FALSE	uv_specific_instable
RvY_15091-1	1	uv	0.8630952380952381	0.1369047619047619	0.5714285714285714	FALSE	TRUE	FALSE	FALSE	FALSE	FALSE	uv_specific_instable
RvY_15169-1	1	uv	0.8630952380952381	0.1369047619047619	0.5714285714285714	FALSE	TRUE	FALSE	FALSE	FALSE	FALSE	uv_specific_instable
RvY_15497-1	1	uv	0.8630952380952381	0.1369047619047619	0.5714285714285714	FALSE	TRUE	FALSE	FALSE	FALSE	FALSE	uv_specific_instable
RvY_16143-1	1	uv	0.8630952380952381	0.1369047619047619	0.5714285714285714	FALSE	TRUE	FALSE	FALSE	FALSE	FALSE	uv_specific_instable
RvY_16164-1	1	uv	0.8630952380952381	0.1369047619047619	0.5714285714285714	FALSE	TRUE	FALSE	FALSE	FALSE	FALSE	uv_specific_instable
RvY_16244-1	1	uv	0.8630952380952381	0.1369047619047619	0.5714285714285714	FALSE	TRUE	FALSE	FALSE	FALSE	FALSE	uv_specific_instable
RvY_16516-1	1	uv	0.8630952380952381	0.1369047619047619	0.5714285714285714	FALSE	TRUE	FALSE	FALSE	FALSE	FALSE	uv_specific_instable
RvY_16592-1	1	uv	0.8630952380952381	0.1369047619047619	0.5714285714285714	FALSE	TRUE	FALSE	FALSE	FALSE	FALSE	uv_specific_instable
RvY_17292-1	1	uv	0.8630952380952381	0.1369047619047619	0.5714285714285714	FALSE	TRUE	FALSE	FALSE	FALSE	FALSE	uv_specific_instable
RvY_17408-1	1	uv	0.8630952380952381	0.1369047619047619	0.5714285714285714	FALSE	TRUE	FALSE	FALSE	FALSE	FALSE	uv_specific_instable
RvY_17449-1	1	uv	0.8630952380952381	0.1369047619047619	0.5714285714285714	FALSE	TRUE	FALSE	FALSE	FALSE	FALSE	uv_specific_instable
RvY_17613	1	uv	0.8630952380952381	0.1369047619047619	0.5714285714285714	FALSE	TRUE	FALSE	FALSE	FALSE	FALSE	uv_specific_instable
RvY_17673-1	1	uv	0.8630952380952381	0.1369047619047619	0.5714285714285714	FALSE	TRUE	FALSE	FALSE	FALSE	FALSE	uv_specific_instable
RvY_17873-1	1	uv	0.8630952380952381	0.1369047619047619	0.5714285714285714	FALSE	TRUE	FALSE	FALSE	FALSE	FALSE	uv_specific_instable
RvY_17903-1	1	uv	0.8630952380952381	0.1369047619047619	0.5714285714285714	FALSE	TRUE	FALSE	FALSE	FALSE	FALSE	uv_specific_instable
RvY_17911-1	1	uv	0.8630952380952381	0.1369047619047619	0.5714285714285714	FALSE	TRUE	FALSE	FALSE	FALSE	FALSE	uv_specific_instable
RvY_17919	1	uv	0.8630952380952381	0.1369047619047619	0.5714285714285714	FALSE	TRUE	FALSE	FALSE	FALSE	FALSE	uv_specific_instable
RvY_17987	1	uv	0.8630952380952381	0.1369047619047619	0.5714285714285714	FALSE	TRUE	FALSE	FALSE	FALSE	FALSE	uv_specific_instable
RvY_18200	1	uv	0.8630952380952381	0.1369047619047619	0.5714285714285714	FALSE	TRUE	FALSE	FALSE	FALSE	FALSE	uv_specific_instable
RvY_18493	1	uv	0.8630952380952381	0.1369047619047619	0.5714285714285714	FALSE	TRUE	FALSE	FALSE	FALSE	FALSE	uv_specific_instable
RvY_18535	1	uv	0.8630952380952381	0.1369047619047619	0.5714285714285714	FALSE	TRUE	FALSE	FALSE	FALSE	FALSE	uv_specific_instable
RvY_19266-1	1	uv	0.8630952380952381	0.1369047619047619	0.5714285714285714	FALSE	TRUE	FALSE	FALSE	FALSE	FALSE	uv_specific_instable
RvY_19540-1	1	uv	0.8630952380952381	0.1369047619047619	0.5714285714285714	FALSE	TRUE	FALSE	FALSE	FALSE	FALSE	uv_specific_instable
RvY_00244	1	uv	0.8660714285714286	0.13392857142857142	0.4285714285714286	FALSE	TRUE	FALSE	FALSE	FALSE	FALSE	uv_specific_instable
RvY_00287-1	1	uv	0.8660714285714286	0.13392857142857142	0.4285714285714286	FALSE	TRUE	FALSE	FALSE	FALSE	FALSE	uv_specific_instable
RvY_00292-1	1	uv	0.8660714285714286	0.13392857142857142	0.4285714285714286	FALSE	TRUE	FALSE	FALSE	FALSE	FALSE	uv_specific_instable
RvY_00414-1	1	uv	0.8660714285714286	0.13392857142857142	0.4285714285714286	FALSE	TRUE	FALSE	FALSE	FALSE	FALSE	uv_specific_instable
RvY_00429-1	1	uv	0.8660714285714286	0.13392857142857142	0.4285714285714286	FALSE	TRUE	FALSE	FALSE	FALSE	FALSE	uv_specific_instable
RvY_00477-1	1	uv	0.8660714285714286	0.13392857142857142	0.4285714285714286	FALSE	TRUE	FALSE	FALSE	FALSE	FALSE	uv_specific_instable
RvY_00499-1	1	uv	0.8660714285714286	0.13392857142857142	0.4285714285714286	FALSE	TRUE	FALSE	FALSE	FALSE	FALSE	uv_specific_instable
RvY_00525-1	1	uv	0.8660714285714286	0.13392857142857142	0.4285714285714286	FALSE	TRUE	FALSE	FALSE	FALSE	FALSE	uv_specific_instable
RvY_00609-1	1	uv	0.8660714285714286	0.13392857142857142	0.4285714285714286	FALSE	TRUE	FALSE	FALSE	FALSE	FALSE	uv_specific_instable
RvY_00619-1	1	uv	0.8660714285714286	0.13392857142857142	0.4285714285714286	FALSE	TRUE	FALSE	FALSE	FALSE	FALSE	uv_specific_instable
RvY_00645	1	uv	0.8660714285714286	0.13392857142857142	0.4285714285714286	FALSE	TRUE	FALSE	FALSE	FALSE	FALSE	uv_specific_instable
RvY_00655-1	1	uv	0.8660714285714286	0.13392857142857142	0.4285714285714286	FALSE	TRUE	FALSE	FALSE	FALSE	FALSE	uv_specific_instable
RvY_00671-1	1	uv	0.8660714285714286	0.13392857142857142	0.4285714285714286	FALSE	TRUE	FALSE	FALSE	FALSE	FALSE	uv_specific_instable
RvY_00711-1	1	uv	0.8660714285714286	0.13392857142857142	0.4285714285714286	FALSE	TRUE	FALSE	FALSE	FALSE	FALSE	uv_specific_instable
RvY_00734-1	1	uv	0.8660714285714286	0.13392857142857142	0.4285714285714286	FALSE	TRUE	FALSE	FALSE	FALSE	FALSE	uv_specific_instable
RvY_00797-1	1	uv	0.8660714285714286	0.13392857142857142	0.4285714285714286	FALSE	TRUE	FALSE	FALSE	FALSE	FALSE	uv_specific_instable
RvY_00815-1	1	uv	0.8660714285714286	0.13392857142857142	0.4285714285714286	FALSE	TRUE	FALSE	FALSE	FALSE	FALSE	uv_specific_instable
RvY_00842-1	1	uv	0.8660714285714286	0.13392857142857142	0.4285714285714286	FALSE	TRUE	FALSE	FALSE	FALSE	FALSE	uv_specific_instable
RvY_00895	1	uv	0.8660714285714286	0.13392857142857142	0.4285714285714286	FALSE	TRUE	FALSE	FALSE	FALSE	FALSE	uv_specific_instable
RvY_00912-1	1	uv	0.8660714285714286	0.13392857142857142	0.4285714285714286	FALSE	TRUE	FALSE	FALSE	FALSE	FALSE	uv_specific_instable
RvY_00925-1	1	uv	0.8660714285714286	0.13392857142857142	0.4285714285714286	FALSE	TRUE	FALSE	FALSE	FALSE	FALSE	uv_specific_instable
RvY_01012-1	1	uv	0.8660714285714286	0.13392857142857142	0.4285714285714286	FALSE	TRUE	FALSE	FALSE	FALSE	FALSE	uv_specific_instable
RvY_01073-1	1	uv	0.8660714285714286	0.13392857142857142	0.4285714285714286	FALSE	TRUE	FALSE	FALSE	FALSE	FALSE	uv_specific_instable
RvY_01097-1	1	uv	0.8660714285714286	0.13392857142857142	0.4285714285714286	FALSE	TRUE	FALSE	FALSE	FALSE	FALSE	uv_specific_instable
RvY_01147-1	1	uv	0.8660714285714286	0.13392857142857142	0.4285714285714286	FALSE	TRUE	FALSE	FALSE	FALSE	FALSE	uv_specific_instable
RvY_01166-1	1	uv	0.8660714285714286	0.13392857142857142	0.4285714285714286	FALSE	TRUE	FALSE	FALSE	FALSE	FALSE	uv_specific_instable
RvY_01312-1	1	uv	0.8660714285714286	0.13392857142857142	0.4285714285714286	FALSE	TRUE	FALSE	FALSE	FALSE	FALSE	uv_specific_instable
RvY_01320-1	1	uv	0.8660714285714286	0.13392857142857142	0.4285714285714286	FALSE	TRUE	FALSE	FALSE	FALSE	FALSE	uv_specific_instable
RvY_01390-1	1	uv	0.8660714285714286	0.13392857142857142	0.4285714285714286	FALSE	TRUE	FALSE	FALSE	FALSE	FALSE	uv_specific_instable
RvY_01563-1	1	uv	0.8660714285714286	0.13392857142857142	0.4285714285714286	FALSE	TRUE	FALSE	FALSE	FALSE	FALSE	uv_specific_instable
RvY_01971-1	1	uv	0.8660714285714286	0.13392857142857142	0.4285714285714286	FALSE	TRUE	FALSE	FALSE	FALSE	FALSE	uv_specific_instable
RvY_02144-1	1	uv	0.8660714285714286	0.13392857142857142	0.4285714285714286	FALSE	TRUE	FALSE	FALSE	FALSE	FALSE	uv_specific_instable
RvY_02155-1	1	uv	0.8660714285714286	0.13392857142857142	0.4285714285714286	FALSE	TRUE	FALSE	FALSE	FALSE	FALSE	uv_specific_instable
RvY_02205-1	1	uv	0.8660714285714286	0.13392857142857142	0.4285714285714286	FALSE	TRUE	FALSE	FALSE	FALSE	FALSE	uv_specific_instable
RvY_02250-1	1	uv	0.8660714285714286	0.13392857142857142	0.4285714285714286	FALSE	TRUE	FALSE	FALSE	FALSE	FALSE	uv_specific_instable
RvY_02386-1	1	uv	0.8660714285714286	0.13392857142857142	0.4285714285714286	FALSE	TRUE	FALSE	FALSE	FALSE	FALSE	uv_specific_instable
RvY_02414	1	uv	0.8660714285714286	0.13392857142857142	0.4285714285714286	FALSE	TRUE	FALSE	FALSE	FALSE	FALSE	uv_specific_instable
RvY_02599-1	1	uv	0.8660714285714286	0.13392857142857142	0.4285714285714286	FALSE	TRUE	FALSE	FALSE	FALSE	FALSE	uv_specific_instable
RvY_02904-1	1	uv	0.8660714285714286	0.13392857142857142	0.4285714285714286	FALSE	TRUE	FALSE	FALSE	FALSE	FALSE	uv_specific_instable
RvY_03149-1	1	uv	0.8660714285714286	0.13392857142857142	0.4285714285714286	FALSE	TRUE	FALSE	FALSE	FALSE	FALSE	uv_specific_instable
RvY_03169-1	1	uv	0.8660714285714286	0.13392857142857142	0.4285714285714286	FALSE	TRUE	FALSE	FALSE	FALSE	FALSE	uv_specific_instable
RvY_03361-1	1	uv	0.8660714285714286	0.13392857142857142	0.4285714285714286	FALSE	TRUE	FALSE	FALSE	FALSE	FALSE	uv_specific_instable
RvY_03522-1	1	uv	0.8660714285714286	0.13392857142857142	0.4285714285714286	FALSE	TRUE	FALSE	FALSE	FALSE	FALSE	uv_specific_instable
RvY_03572	1	uv	0.8660714285714286	0.13392857142857142	0.4285714285714286	FALSE	TRUE	FALSE	FALSE	FALSE	FALSE	uv_specific_instable
RvY_03682	1	uv	0.8660714285714286	0.13392857142857142	0.4285714285714286	FALSE	TRUE	FALSE	FALSE	FALSE	FALSE	uv_specific_instable
RvY_04079-1	1	uv	0.8660714285714286	0.13392857142857142	0.4285714285714286	FALSE	TRUE	FALSE	FALSE	FALSE	FALSE	uv_specific_instable
RvY_04145-1	1	uv	0.8660714285714286	0.13392857142857142	0.4285714285714286	FALSE	TRUE	FALSE	FALSE	FALSE	FALSE	uv_specific_instable
RvY_04257-1	1	uv	0.8660714285714286	0.13392857142857142	0.4285714285714286	FALSE	TRUE	FALSE	FALSE	FALSE	FALSE	uv_specific_instable
RvY_04294-1	1	uv	0.8660714285714286	0.13392857142857142	0.4285714285714286	FALSE	TRUE	FALSE	FALSE	FALSE	FALSE	uv_specific_instable
RvY_04316-1	1	uv	0.8660714285714286	0.13392857142857142	0.4285714285714286	FALSE	TRUE	FALSE	FALSE	FALSE	FALSE	uv_specific_instable
RvY_04346	1	uv	0.8660714285714286	0.13392857142857142	0.4285714285714286	FALSE	TRUE	FALSE	FALSE	FALSE	FALSE	uv_specific_instable
RvY_04360	1	uv	0.8660714285714286	0.13392857142857142	0.4285714285714286	FALSE	TRUE	FALSE	FALSE	FALSE	FALSE	uv_specific_instable
RvY_04589-1	1	uv	0.8660714285714286	0.13392857142857142	0.4285714285714286	FALSE	TRUE	FALSE	FALSE	FALSE	FALSE	uv_specific_instable
RvY_04715-1	1	uv	0.8660714285714286	0.13392857142857142	0.4285714285714286	FALSE	TRUE	FALSE	FALSE	FALSE	FALSE	uv_specific_instable
RvY_04744	1	uv	0.8660714285714286	0.13392857142857142	0.4285714285714286	FALSE	TRUE	FALSE	FALSE	FALSE	FALSE	uv_specific_instable
RvY_04845-1	1	uv	0.8660714285714286	0.13392857142857142	0.4285714285714286	FALSE	TRUE	FALSE	FALSE	FALSE	FALSE	uv_specific_instable
RvY_04955-1	1	uv	0.8660714285714286	0.13392857142857142	0.4285714285714286	FALSE	TRUE	FALSE	FALSE	FALSE	FALSE	uv_specific_instable
RvY_05033-1	1	uv	0.8660714285714286	0.13392857142857142	0.4285714285714286	FALSE	TRUE	FALSE	FALSE	FALSE	FALSE	uv_specific_instable
RvY_05245-1	1	uv	0.8660714285714286	0.13392857142857142	0.4285714285714286	FALSE	TRUE	FALSE	FALSE	FALSE	FALSE	uv_specific_instable
RvY_05372-1	1	uv	0.8660714285714286	0.13392857142857142	0.4285714285714286	FALSE	TRUE	FALSE	FALSE	FALSE	FALSE	uv_specific_instable
RvY_05515-1	1	uv	0.8660714285714286	0.13392857142857142	0.4285714285714286	FALSE	TRUE	FALSE	FALSE	FALSE	FALSE	uv_specific_instable
RvY_05670-1	1	uv	0.8660714285714286	0.13392857142857142	0.4285714285714286	FALSE	TRUE	FALSE	FALSE	FALSE	FALSE	uv_specific_instable
RvY_05818-1	1	uv	0.8660714285714286	0.13392857142857142	0.4285714285714286	FALSE	TRUE	FALSE	FALSE	FALSE	FALSE	uv_specific_instable
RvY_05991-1	1	uv	0.8660714285714286	0.13392857142857142	0.4285714285714286	FALSE	TRUE	FALSE	FALSE	FALSE	FALSE	uv_specific_instable
RvY_06173-1	1	uv	0.8660714285714286	0.13392857142857142	0.4285714285714286	FALSE	TRUE	FALSE	FALSE	FALSE	FALSE	uv_specific_instable
RvY_06268	1	uv	0.8660714285714286	0.13392857142857142	0.4285714285714286	FALSE	TRUE	FALSE	FALSE	FALSE	FALSE	uv_specific_instable
RvY_06709-1	1	uv	0.8660714285714286	0.13392857142857142	0.4285714285714286	FALSE	TRUE	FALSE	FALSE	FALSE	FALSE	uv_specific_instable
RvY_06844-1	1	uv	0.8660714285714286	0.13392857142857142	0.4285714285714286	FALSE	TRUE	FALSE	FALSE	FALSE	FALSE	uv_specific_instable
RvY_06905-1	1	uv	0.8660714285714286	0.13392857142857142	0.4285714285714286	FALSE	TRUE	FALSE	FALSE	FALSE	FALSE	uv_specific_instable
RvY_07122	1	uv	0.8660714285714286	0.13392857142857142	0.4285714285714286	FALSE	TRUE	FALSE	FALSE	FALSE	FALSE	uv_specific_instable
RvY_07157-1	1	uv	0.8660714285714286	0.13392857142857142	0.4285714285714286	FALSE	TRUE	FALSE	FALSE	FALSE	FALSE	uv_specific_instable
RvY_07194	1	uv	0.8660714285714286	0.13392857142857142	0.4285714285714286	FALSE	TRUE	FALSE	FALSE	FALSE	FALSE	uv_specific_instable
RvY_07287	1	uv	0.8660714285714286	0.13392857142857142	0.4285714285714286	FALSE	TRUE	FALSE	FALSE	FALSE	FALSE	uv_specific_instable
RvY_07387-1	1	uv	0.8660714285714286	0.13392857142857142	0.4285714285714286	FALSE	TRUE	FALSE	FALSE	FALSE	FALSE	uv_specific_instable
RvY_07431	1	uv	0.8660714285714286	0.13392857142857142	0.4285714285714286	FALSE	TRUE	FALSE	FALSE	FALSE	FALSE	uv_specific_instable
RvY_07486-1	1	uv	0.8660714285714286	0.13392857142857142	0.4285714285714286	FALSE	TRUE	FALSE	FALSE	FALSE	FALSE	uv_specific_instable
RvY_07543-1	1	uv	0.8660714285714286	0.13392857142857142	0.4285714285714286	FALSE	TRUE	FALSE	FALSE	FALSE	FALSE	uv_specific_instable
RvY_07916-1	1	uv	0.8660714285714286	0.13392857142857142	0.4285714285714286	FALSE	TRUE	FALSE	FALSE	FALSE	FALSE	uv_specific_instable
RvY_07966	1	uv	0.8660714285714286	0.13392857142857142	0.4285714285714286	FALSE	TRUE	FALSE	FALSE	FALSE	FALSE	uv_specific_instable
RvY_07977-1	1	uv	0.8660714285714286	0.13392857142857142	0.4285714285714286	FALSE	TRUE	FALSE	FALSE	FALSE	FALSE	uv_specific_instable
RvY_08132-1	1	uv	0.8660714285714286	0.13392857142857142	0.4285714285714286	FALSE	TRUE	FALSE	FALSE	FALSE	FALSE	uv_specific_instable
RvY_08174-1	1	uv	0.8660714285714286	0.13392857142857142	0.4285714285714286	FALSE	TRUE	FALSE	FALSE	FALSE	FALSE	uv_specific_instable
RvY_08229-1	1	uv	0.8660714285714286	0.13392857142857142	0.4285714285714286	FALSE	TRUE	FALSE	FALSE	FALSE	FALSE	uv_specific_instable
RvY_08242	1	uv	0.8660714285714286	0.13392857142857142	0.4285714285714286	FALSE	TRUE	FALSE	FALSE	FALSE	FALSE	uv_specific_instable
RvY_08294-1	1	uv	0.8660714285714286	0.13392857142857142	0.4285714285714286	FALSE	TRUE	FALSE	FALSE	FALSE	FALSE	uv_specific_instable
RvY_08595-1	1	uv	0.8660714285714286	0.13392857142857142	0.4285714285714286	FALSE	TRUE	FALSE	FALSE	FALSE	FALSE	uv_specific_instable
RvY_08824-1	1	uv	0.8660714285714286	0.13392857142857142	0.4285714285714286	FALSE	TRUE	FALSE	FALSE	FALSE	FALSE	uv_specific_instable
RvY_08873-1	1	uv	0.8660714285714286	0.13392857142857142	0.4285714285714286	FALSE	TRUE	FALSE	FALSE	FALSE	FALSE	uv_specific_instable
RvY_09164	1	uv	0.8660714285714286	0.13392857142857142	0.4285714285714286	FALSE	TRUE	FALSE	FALSE	FALSE	FALSE	uv_specific_instable
RvY_09433	1	uv	0.8660714285714286	0.13392857142857142	0.4285714285714286	FALSE	TRUE	FALSE	FALSE	FALSE	FALSE	uv_specific_instable
RvY_09528-1	1	uv	0.8660714285714286	0.13392857142857142	0.4285714285714286	FALSE	TRUE	FALSE	FALSE	FALSE	FALSE	uv_specific_instable
RvY_09708-1	1	uv	0.8660714285714286	0.13392857142857142	0.4285714285714286	FALSE	TRUE	FALSE	FALSE	FALSE	FALSE	uv_specific_instable
RvY_09722-1	1	uv	0.8660714285714286	0.13392857142857142	0.4285714285714286	FALSE	TRUE	FALSE	FALSE	FALSE	FALSE	uv_specific_instable
RvY_09781-1	1	uv	0.8660714285714286	0.13392857142857142	0.4285714285714286	FALSE	TRUE	FALSE	FALSE	FALSE	FALSE	uv_specific_instable
RvY_10181-1	1	uv	0.8660714285714286	0.13392857142857142	0.4285714285714286	FALSE	TRUE	FALSE	FALSE	FALSE	FALSE	uv_specific_instable
RvY_10235	1	uv	0.8660714285714286	0.13392857142857142	0.4285714285714286	FALSE	TRUE	FALSE	FALSE	FALSE	FALSE	uv_specific_instable
RvY_10277-1	1	uv	0.8660714285714286	0.13392857142857142	0.4285714285714286	FALSE	TRUE	FALSE	FALSE	FALSE	FALSE	uv_specific_instable
RvY_10456	1	uv	0.8660714285714286	0.13392857142857142	0.4285714285714286	FALSE	TRUE	FALSE	FALSE	FALSE	FALSE	uv_specific_instable
RvY_10519-1	1	uv	0.8660714285714286	0.13392857142857142	0.4285714285714286	FALSE	TRUE	FALSE	FALSE	FALSE	FALSE	uv_specific_instable
RvY_10634-1	1	uv	0.8660714285714286	0.13392857142857142	0.4285714285714286	FALSE	TRUE	FALSE	FALSE	FALSE	FALSE	uv_specific_instable
RvY_10737	1	uv	0.8660714285714286	0.13392857142857142	0.4285714285714286	FALSE	TRUE	FALSE	FALSE	FALSE	FALSE	uv_specific_instable
RvY_10772-1	1	uv	0.8660714285714286	0.13392857142857142	0.4285714285714286	FALSE	TRUE	FALSE	FALSE	FALSE	FALSE	uv_specific_instable
RvY_11126	1	uv	0.8660714285714286	0.13392857142857142	0.4285714285714286	FALSE	TRUE	FALSE	FALSE	FALSE	FALSE	uv_specific_instable
RvY_11260-1	1	uv	0.8660714285714286	0.13392857142857142	0.4285714285714286	FALSE	TRUE	FALSE	FALSE	FALSE	FALSE	uv_specific_instable
RvY_11263-1	1	uv	0.8660714285714286	0.13392857142857142	0.4285714285714286	FALSE	TRUE	FALSE	FALSE	FALSE	FALSE	uv_specific_instable
RvY_11298-1	1	uv	0.8660714285714286	0.13392857142857142	0.4285714285714286	FALSE	TRUE	FALSE	FALSE	FALSE	FALSE	uv_specific_instable
RvY_11674-2	1	uv	0.8660714285714286	0.13392857142857142	0.4285714285714286	FALSE	TRUE	FALSE	FALSE	FALSE	FALSE	uv_specific_instable
RvY_11707-1	1	uv	0.8660714285714286	0.13392857142857142	0.4285714285714286	FALSE	TRUE	FALSE	FALSE	FALSE	FALSE	uv_specific_instable
RvY_11742-1	1	uv	0.8660714285714286	0.13392857142857142	0.4285714285714286	FALSE	TRUE	FALSE	FALSE	FALSE	FALSE	uv_specific_instable
RvY_12384-1	1	uv	0.8660714285714286	0.13392857142857142	0.4285714285714286	FALSE	TRUE	FALSE	FALSE	FALSE	FALSE	uv_specific_instable
RvY_12464-1	1	uv	0.8660714285714286	0.13392857142857142	0.4285714285714286	FALSE	TRUE	FALSE	FALSE	FALSE	FALSE	uv_specific_instable
RvY_12590	1	uv	0.8660714285714286	0.13392857142857142	0.4285714285714286	FALSE	TRUE	FALSE	FALSE	FALSE	FALSE	uv_specific_instable
RvY_12647-1	1	uv	0.8660714285714286	0.13392857142857142	0.4285714285714286	FALSE	TRUE	FALSE	FALSE	FALSE	FALSE	uv_specific_instable
RvY_13032-1	1	uv	0.8660714285714286	0.13392857142857142	0.4285714285714286	FALSE	TRUE	FALSE	FALSE	FALSE	FALSE	uv_specific_instable
RvY_13058	1	uv	0.8660714285714286	0.13392857142857142	0.4285714285714286	FALSE	TRUE	FALSE	FALSE	FALSE	FALSE	uv_specific_instable
RvY_13117-1	1	uv	0.8660714285714286	0.13392857142857142	0.4285714285714286	FALSE	TRUE	FALSE	FALSE	FALSE	FALSE	uv_specific_instable
RvY_13176-1	1	uv	0.8660714285714286	0.13392857142857142	0.4285714285714286	FALSE	TRUE	FALSE	FALSE	FALSE	FALSE	uv_specific_instable
RvY_13204-1	1	uv	0.8660714285714286	0.13392857142857142	0.4285714285714286	FALSE	TRUE	FALSE	FALSE	FALSE	FALSE	uv_specific_instable
RvY_13273-1	1	uv	0.8660714285714286	0.13392857142857142	0.4285714285714286	FALSE	TRUE	FALSE	FALSE	FALSE	FALSE	uv_specific_instable
RvY_13477-1	1	uv	0.8660714285714286	0.13392857142857142	0.4285714285714286	FALSE	TRUE	FALSE	FALSE	FALSE	FALSE	uv_specific_instable
RvY_13533-1	1	uv	0.8660714285714286	0.13392857142857142	0.4285714285714286	FALSE	TRUE	FALSE	FALSE	FALSE	FALSE	uv_specific_instable
RvY_13566-1	1	uv	0.8660714285714286	0.13392857142857142	0.4285714285714286	FALSE	TRUE	FALSE	FALSE	FALSE	FALSE	uv_specific_instable
RvY_13597-1	1	uv	0.8660714285714286	0.13392857142857142	0.4285714285714286	FALSE	TRUE	FALSE	FALSE	FALSE	FALSE	uv_specific_instable
RvY_13639-1	1	uv	0.8660714285714286	0.13392857142857142	0.4285714285714286	FALSE	TRUE	FALSE	FALSE	FALSE	FALSE	uv_specific_instable
RvY_13690-1	1	uv	0.8660714285714286	0.13392857142857142	0.4285714285714286	FALSE	TRUE	FALSE	FALSE	FALSE	FALSE	uv_specific_instable
RvY_13697-1	1	uv	0.8660714285714286	0.13392857142857142	0.4285714285714286	FALSE	TRUE	FALSE	FALSE	FALSE	FALSE	uv_specific_instable
RvY_13723-1	1	uv	0.8660714285714286	0.13392857142857142	0.4285714285714286	FALSE	TRUE	FALSE	FALSE	FALSE	FALSE	uv_specific_instable
RvY_13756-1	1	uv	0.8660714285714286	0.13392857142857142	0.4285714285714286	FALSE	TRUE	FALSE	FALSE	FALSE	FALSE	uv_specific_instable
RvY_13795-1	1	uv	0.8660714285714286	0.13392857142857142	0.4285714285714286	FALSE	TRUE	FALSE	FALSE	FALSE	FALSE	uv_specific_instable
RvY_13815-1	1	uv	0.8660714285714286	0.13392857142857142	0.4285714285714286	FALSE	TRUE	FALSE	FALSE	FALSE	FALSE	uv_specific_instable
RvY_14000-1	1	uv	0.8660714285714286	0.13392857142857142	0.4285714285714286	FALSE	TRUE	FALSE	FALSE	FALSE	FALSE	uv_specific_instable
RvY_14007-1	1	uv	0.8660714285714286	0.13392857142857142	0.4285714285714286	FALSE	TRUE	FALSE	FALSE	FALSE	FALSE	uv_specific_instable
RvY_14110-1	1	uv	0.8660714285714286	0.13392857142857142	0.4285714285714286	FALSE	TRUE	FALSE	FALSE	FALSE	FALSE	uv_specific_instable
RvY_14118	1	uv	0.8660714285714286	0.13392857142857142	0.4285714285714286	FALSE	TRUE	FALSE	FALSE	FALSE	FALSE	uv_specific_instable
RvY_14309	1	uv	0.8660714285714286	0.13392857142857142	0.4285714285714286	FALSE	TRUE	FALSE	FALSE	FALSE	FALSE	uv_specific_instable
RvY_14534-1	1	uv	0.8660714285714286	0.13392857142857142	0.4285714285714286	FALSE	TRUE	FALSE	FALSE	FALSE	FALSE	uv_specific_instable
RvY_14544-1	1	uv	0.8660714285714286	0.13392857142857142	0.4285714285714286	FALSE	TRUE	FALSE	FALSE	FALSE	FALSE	uv_specific_instable
RvY_14696-1	1	uv	0.8660714285714286	0.13392857142857142	0.4285714285714286	FALSE	TRUE	FALSE	FALSE	FALSE	FALSE	uv_specific_instable
RvY_14782-1	1	uv	0.8660714285714286	0.13392857142857142	0.4285714285714286	FALSE	TRUE	FALSE	FALSE	FALSE	FALSE	uv_specific_instable
RvY_14849-1	1	uv	0.8660714285714286	0.13392857142857142	0.4285714285714286	FALSE	TRUE	FALSE	FALSE	FALSE	FALSE	uv_specific_instable
RvY_14949-1	1	uv	0.8660714285714286	0.13392857142857142	0.4285714285714286	FALSE	TRUE	FALSE	FALSE	FALSE	FALSE	uv_specific_instable
RvY_14962-1	1	uv	0.8660714285714286	0.13392857142857142	0.4285714285714286	FALSE	TRUE	FALSE	FALSE	FALSE	FALSE	uv_specific_instable
RvY_15032	1	uv	0.8660714285714286	0.13392857142857142	0.4285714285714286	FALSE	TRUE	FALSE	FALSE	FALSE	FALSE	uv_specific_instable
RvY_15037-1	1	uv	0.8660714285714286	0.13392857142857142	0.4285714285714286	FALSE	TRUE	FALSE	FALSE	FALSE	FALSE	uv_specific_instable
RvY_15287-1	1	uv	0.8660714285714286	0.13392857142857142	0.4285714285714286	FALSE	TRUE	FALSE	FALSE	FALSE	FALSE	uv_specific_instable
RvY_15392-1	1	uv	0.8660714285714286	0.13392857142857142	0.4285714285714286	FALSE	TRUE	FALSE	FALSE	FALSE	FALSE	uv_specific_instable
RvY_15409-1	1	uv	0.8660714285714286	0.13392857142857142	0.4285714285714286	FALSE	TRUE	FALSE	FALSE	FALSE	FALSE	uv_specific_instable
RvY_15434-1	1	uv	0.8660714285714286	0.13392857142857142	0.4285714285714286	FALSE	TRUE	FALSE	FALSE	FALSE	FALSE	uv_specific_instable
RvY_15559	1	uv	0.8660714285714286	0.13392857142857142	0.4285714285714286	FALSE	TRUE	FALSE	FALSE	FALSE	FALSE	uv_specific_instable
RvY_15768-1	1	uv	0.8660714285714286	0.13392857142857142	0.4285714285714286	FALSE	TRUE	FALSE	FALSE	FALSE	FALSE	uv_specific_instable
RvY_15896-1	1	uv	0.8660714285714286	0.13392857142857142	0.4285714285714286	FALSE	TRUE	FALSE	FALSE	FALSE	FALSE	uv_specific_instable
RvY_15964	1	uv	0.8660714285714286	0.13392857142857142	0.4285714285714286	FALSE	TRUE	FALSE	FALSE	FALSE	FALSE	uv_specific_instable
RvY_16025	1	uv	0.8660714285714286	0.13392857142857142	0.4285714285714286	FALSE	TRUE	FALSE	FALSE	FALSE	FALSE	uv_specific_instable
RvY_16053-1	1	uv	0.8660714285714286	0.13392857142857142	0.4285714285714286	FALSE	TRUE	FALSE	FALSE	FALSE	FALSE	uv_specific_instable
RvY_16129-2	1	uv	0.8660714285714286	0.13392857142857142	0.4285714285714286	FALSE	TRUE	FALSE	FALSE	FALSE	FALSE	uv_specific_instable
RvY_16130-1	1	uv	0.8660714285714286	0.13392857142857142	0.4285714285714286	FALSE	TRUE	FALSE	FALSE	FALSE	FALSE	uv_specific_instable
RvY_16374-1	1	uv	0.8660714285714286	0.13392857142857142	0.4285714285714286	FALSE	TRUE	FALSE	FALSE	FALSE	FALSE	uv_specific_instable
RvY_16492-1	1	uv	0.8660714285714286	0.13392857142857142	0.4285714285714286	FALSE	TRUE	FALSE	FALSE	FALSE	FALSE	uv_specific_instable
RvY_16558-1	1	uv	0.8660714285714286	0.13392857142857142	0.4285714285714286	FALSE	TRUE	FALSE	FALSE	FALSE	FALSE	uv_specific_instable
RvY_16728-1	1	uv	0.8660714285714286	0.13392857142857142	0.4285714285714286	FALSE	TRUE	FALSE	FALSE	FALSE	FALSE	uv_specific_instable
RvY_16731	1	uv	0.8660714285714286	0.13392857142857142	0.4285714285714286	FALSE	TRUE	FALSE	FALSE	FALSE	FALSE	uv_specific_instable
RvY_16830-1	1	uv	0.8660714285714286	0.13392857142857142	0.4285714285714286	FALSE	TRUE	FALSE	FALSE	FALSE	FALSE	uv_specific_instable
RvY_16832-1	1	uv	0.8660714285714286	0.13392857142857142	0.4285714285714286	FALSE	TRUE	FALSE	FALSE	FALSE	FALSE	uv_specific_instable
RvY_17016-1	1	uv	0.8660714285714286	0.13392857142857142	0.4285714285714286	FALSE	TRUE	FALSE	FALSE	FALSE	FALSE	uv_specific_instable
RvY_17107-1	1	uv	0.8660714285714286	0.13392857142857142	0.4285714285714286	FALSE	TRUE	FALSE	FALSE	FALSE	FALSE	uv_specific_instable
RvY_17149-1	1	uv	0.8660714285714286	0.13392857142857142	0.4285714285714286	FALSE	TRUE	FALSE	FALSE	FALSE	FALSE	uv_specific_instable
RvY_17246-1	1	uv	0.8660714285714286	0.13392857142857142	0.4285714285714286	FALSE	TRUE	FALSE	FALSE	FALSE	FALSE	uv_specific_instable
RvY_17249-1	1	uv	0.8660714285714286	0.13392857142857142	0.4285714285714286	FALSE	TRUE	FALSE	FALSE	FALSE	FALSE	uv_specific_instable
RvY_17591-1	1	uv	0.8660714285714286	0.13392857142857142	0.4285714285714286	FALSE	TRUE	FALSE	FALSE	FALSE	FALSE	uv_specific_instable
RvY_17603-1	1	uv	0.8660714285714286	0.13392857142857142	0.4285714285714286	FALSE	TRUE	FALSE	FALSE	FALSE	FALSE	uv_specific_instable
RvY_17726-1	1	uv	0.8660714285714286	0.13392857142857142	0.4285714285714286	FALSE	TRUE	FALSE	FALSE	FALSE	FALSE	uv_specific_instable
RvY_17981	1	uv	0.8660714285714286	0.13392857142857142	0.4285714285714286	FALSE	TRUE	FALSE	FALSE	FALSE	FALSE	uv_specific_instable
RvY_17982-1	1	uv	0.8660714285714286	0.13392857142857142	0.4285714285714286	FALSE	TRUE	FALSE	FALSE	FALSE	FALSE	uv_specific_instable
RvY_18056-1	1	uv	0.8660714285714286	0.13392857142857142	0.4285714285714286	FALSE	TRUE	FALSE	FALSE	FALSE	FALSE	uv_specific_instable
RvY_18240-1	1	uv	0.8660714285714286	0.13392857142857142	0.4285714285714286	FALSE	TRUE	FALSE	FALSE	FALSE	FALSE	uv_specific_instable
RvY_18303-1	1	uv	0.8660714285714286	0.13392857142857142	0.4285714285714286	FALSE	TRUE	FALSE	FALSE	FALSE	FALSE	uv_specific_instable
RvY_18396-1	1	uv	0.8660714285714286	0.13392857142857142	0.4285714285714286	FALSE	TRUE	FALSE	FALSE	FALSE	FALSE	uv_specific_instable
RvY_18827-1	1	uv	0.8660714285714286	0.13392857142857142	0.4285714285714286	FALSE	TRUE	FALSE	FALSE	FALSE	FALSE	uv_specific_instable
RvY_18864-1	1	uv	0.8660714285714286	0.13392857142857142	0.4285714285714286	FALSE	TRUE	FALSE	FALSE	FALSE	FALSE	uv_specific_instable
RvY_19061-1	1	uv	0.8660714285714286	0.13392857142857142	0.4285714285714286	FALSE	TRUE	FALSE	FALSE	FALSE	FALSE	uv_specific_instable
RvY_19209-1	1	uv	0.8660714285714286	0.13392857142857142	0.4285714285714286	FALSE	TRUE	FALSE	FALSE	FALSE	FALSE	uv_specific_instable
RvY_19457-1	1	uv	0.8660714285714286	0.13392857142857142	0.4285714285714286	FALSE	TRUE	FALSE	FALSE	FALSE	FALSE	uv_specific_instable
RvY_19601-1	1	uv	0.8660714285714286	0.13392857142857142	0.4285714285714286	FALSE	TRUE	FALSE	FALSE	FALSE	FALSE	uv_specific_instable
atp8	1	uv	0.8660714285714286	0.13392857142857142	0.4285714285714286	FALSE	TRUE	FALSE	FALSE	FALSE	FALSE	uv_specific_instable
RvY_00265-1	1	uv	0.8720238095238095	0.1279761904761905	0.6428571428571428	FALSE	TRUE	FALSE	FALSE	FALSE	FALSE	uv_specific_instable
RvY_00930-1	1	uv	0.8720238095238095	0.1279761904761905	0.6428571428571428	FALSE	TRUE	FALSE	FALSE	FALSE	FALSE	uv_specific_instable
RvY_01910-1	1	uv	0.8720238095238095	0.1279761904761905	0.6428571428571428	FALSE	TRUE	FALSE	FALSE	FALSE	FALSE	uv_specific_instable
RvY_03615-1	1	uv	0.8720238095238095	0.1279761904761905	0.6428571428571428	FALSE	TRUE	FALSE	FALSE	FALSE	FALSE	uv_specific_instable
RvY_04837	1	uv	0.8720238095238095	0.1279761904761905	0.6428571428571428	FALSE	TRUE	FALSE	FALSE	FALSE	FALSE	uv_specific_instable
RvY_04961-1	1	uv	0.8720238095238095	0.1279761904761905	0.6428571428571428	FALSE	TRUE	FALSE	FALSE	FALSE	FALSE	uv_specific_instable
RvY_06920-1	1	uv	0.8720238095238095	0.1279761904761905	0.6428571428571428	FALSE	TRUE	FALSE	FALSE	FALSE	FALSE	uv_specific_instable
RvY_07155-1	1	uv	0.8720238095238095	0.1279761904761905	0.6428571428571428	FALSE	TRUE	FALSE	FALSE	FALSE	FALSE	uv_specific_instable
RvY_08123	1	uv	0.8720238095238095	0.1279761904761905	0.6428571428571428	FALSE	TRUE	FALSE	FALSE	FALSE	FALSE	uv_specific_instable
RvY_08449	1	uv	0.8720238095238095	0.1279761904761905	0.6428571428571428	FALSE	TRUE	FALSE	FALSE	FALSE	FALSE	uv_specific_instable
RvY_08930-1	1	uv	0.8720238095238095	0.1279761904761905	0.6428571428571428	FALSE	TRUE	FALSE	FALSE	FALSE	FALSE	uv_specific_instable
RvY_10347-1	1	uv	0.8720238095238095	0.1279761904761905	0.6428571428571428	FALSE	TRUE	FALSE	FALSE	FALSE	FALSE	uv_specific_instable
RvY_11510	1	uv	0.8720238095238095	0.1279761904761905	0.6428571428571428	FALSE	TRUE	FALSE	FALSE	FALSE	FALSE	uv_specific_instable
RvY_11754-1	1	uv	0.8720238095238095	0.1279761904761905	0.6428571428571428	FALSE	TRUE	FALSE	FALSE	FALSE	FALSE	uv_specific_instable
RvY_12012-1	1	uv	0.8720238095238095	0.1279761904761905	0.6428571428571428	FALSE	TRUE	FALSE	FALSE	FALSE	FALSE	uv_specific_instable
RvY_13285-1	1	uv	0.8720238095238095	0.1279761904761905	0.6428571428571428	FALSE	TRUE	FALSE	FALSE	FALSE	FALSE	uv_specific_instable
RvY_13993-1	1	uv	0.8720238095238095	0.1279761904761905	0.6428571428571428	FALSE	TRUE	FALSE	FALSE	FALSE	FALSE	uv_specific_instable
RvY_14292	1	uv	0.8720238095238095	0.1279761904761905	0.6428571428571428	FALSE	TRUE	FALSE	FALSE	FALSE	FALSE	uv_specific_instable
RvY_14411-1	1	uv	0.8720238095238095	0.1279761904761905	0.6428571428571428	FALSE	TRUE	FALSE	FALSE	FALSE	FALSE	uv_specific_instable
RvY_14446-1	1	uv	0.8720238095238095	0.1279761904761905	0.6428571428571428	FALSE	TRUE	FALSE	FALSE	FALSE	FALSE	uv_specific_instable
RvY_14719-1	1	uv	0.8720238095238095	0.1279761904761905	0.6428571428571428	FALSE	TRUE	FALSE	FALSE	FALSE	FALSE	uv_specific_instable
RvY_14930-1	1	uv	0.8720238095238095	0.1279761904761905	0.6428571428571428	FALSE	TRUE	FALSE	FALSE	FALSE	FALSE	uv_specific_instable
RvY_15200-1	1	uv	0.8720238095238095	0.1279761904761905	0.6428571428571428	FALSE	TRUE	FALSE	FALSE	FALSE	FALSE	uv_specific_instable
RvY_17073-1	1	uv	0.8720238095238095	0.1279761904761905	0.6428571428571428	FALSE	TRUE	FALSE	FALSE	FALSE	FALSE	uv_specific_instable
RvY_17915-1	1	uv	0.8720238095238095	0.1279761904761905	0.6428571428571428	FALSE	TRUE	FALSE	FALSE	FALSE	FALSE	uv_specific_instable
RvY_18082	1	uv	0.8720238095238095	0.1279761904761905	0.6428571428571428	FALSE	TRUE	FALSE	FALSE	FALSE	FALSE	uv_specific_instable
RvY_18479	1	uv	0.8720238095238095	0.1279761904761905	0.6428571428571428	FALSE	TRUE	FALSE	FALSE	FALSE	FALSE	uv_specific_instable
RvY_18629	1	uv	0.8720238095238095	0.1279761904761905	0.6428571428571428	FALSE	TRUE	FALSE	FALSE	FALSE	FALSE	uv_specific_instable
RvY_00230-1	1	uv	0.875	0.125	0.5	FALSE	TRUE	FALSE	FALSE	FALSE	FALSE	uv_specific_instable
RvY_00249	1	uv	0.875	0.125	0.5	FALSE	TRUE	FALSE	FALSE	FALSE	FALSE	uv_specific_instable
RvY_00337-1	1	uv	0.875	0.125	0.5	FALSE	TRUE	FALSE	FALSE	FALSE	FALSE	uv_specific_instable
RvY_00361-1	1	uv	0.875	0.125	0.5	FALSE	TRUE	FALSE	FALSE	FALSE	FALSE	uv_specific_instable
RvY_00436-1	1	uv	0.875	0.125	0.5	FALSE	TRUE	FALSE	FALSE	FALSE	FALSE	uv_specific_instable
RvY_00492-1	1	uv	0.875	0.125	0.5	FALSE	TRUE	FALSE	FALSE	FALSE	FALSE	uv_specific_instable
RvY_00657-1	1	uv	0.875	0.125	0.5	FALSE	TRUE	FALSE	FALSE	FALSE	FALSE	uv_specific_instable
RvY_00659	1	uv	0.875	0.125	0.5	FALSE	TRUE	FALSE	FALSE	FALSE	FALSE	uv_specific_instable
RvY_00795-1	1	uv	0.875	0.125	0.5	FALSE	TRUE	FALSE	FALSE	FALSE	FALSE	uv_specific_instable
RvY_00798-1	1	uv	0.875	0.125	0.5	FALSE	TRUE	FALSE	FALSE	FALSE	FALSE	uv_specific_instable
RvY_00833-1	1	uv	0.875	0.125	0.5	FALSE	TRUE	FALSE	FALSE	FALSE	FALSE	uv_specific_instable
RvY_00837	1	uv	0.875	0.125	0.5	FALSE	TRUE	FALSE	FALSE	FALSE	FALSE	uv_specific_instable
RvY_00865-1	1	uv	0.875	0.125	0.5	FALSE	TRUE	FALSE	FALSE	FALSE	FALSE	uv_specific_instable
RvY_00878-1	1	uv	0.875	0.125	0.5	FALSE	TRUE	FALSE	FALSE	FALSE	FALSE	uv_specific_instable
RvY_00941-1	1	uv	0.875	0.125	0.5	FALSE	TRUE	FALSE	FALSE	FALSE	FALSE	uv_specific_instable
RvY_01025-1	1	uv	0.875	0.125	0.5	FALSE	TRUE	FALSE	FALSE	FALSE	FALSE	uv_specific_instable
RvY_01048-1	1	uv	0.875	0.125	0.5	FALSE	TRUE	FALSE	FALSE	FALSE	FALSE	uv_specific_instable
RvY_01179	1	uv	0.875	0.125	0.5	FALSE	TRUE	FALSE	FALSE	FALSE	FALSE	uv_specific_instable
RvY_01232-1	1	uv	0.875	0.125	0.5	FALSE	TRUE	FALSE	FALSE	FALSE	FALSE	uv_specific_instable
RvY_01308-1	1	uv	0.875	0.125	0.5	FALSE	TRUE	FALSE	FALSE	FALSE	FALSE	uv_specific_instable
RvY_01391	1	uv	0.875	0.125	0.5	FALSE	TRUE	FALSE	FALSE	FALSE	FALSE	uv_specific_instable
RvY_01395-1	1	uv	0.875	0.125	0.5	FALSE	TRUE	FALSE	FALSE	FALSE	FALSE	uv_specific_instable
RvY_01569-1	1	uv	0.875	0.125	0.5	FALSE	TRUE	FALSE	FALSE	FALSE	FALSE	uv_specific_instable
RvY_01759-1	1	uv	0.875	0.125	0.5	FALSE	TRUE	FALSE	FALSE	FALSE	FALSE	uv_specific_instable
RvY_01840	1	uv	0.875	0.125	0.5	FALSE	TRUE	FALSE	FALSE	FALSE	FALSE	uv_specific_instable
RvY_01927-1	1	uv	0.875	0.125	0.5	FALSE	TRUE	FALSE	FALSE	FALSE	FALSE	uv_specific_instable
RvY_01929-1	1	uv	0.875	0.125	0.5	FALSE	TRUE	FALSE	FALSE	FALSE	FALSE	uv_specific_instable
RvY_02083	1	uv	0.875	0.125	0.5	FALSE	TRUE	FALSE	FALSE	FALSE	FALSE	uv_specific_instable
RvY_02169-1	1	uv	0.875	0.125	0.5	FALSE	TRUE	FALSE	FALSE	FALSE	FALSE	uv_specific_instable
RvY_02173-1	1	uv	0.875	0.125	0.5	FALSE	TRUE	FALSE	FALSE	FALSE	FALSE	uv_specific_instable
RvY_02204-1	1	uv	0.875	0.125	0.5	FALSE	TRUE	FALSE	FALSE	FALSE	FALSE	uv_specific_instable
RvY_02365-1	1	uv	0.875	0.125	0.5	FALSE	TRUE	FALSE	FALSE	FALSE	FALSE	uv_specific_instable
RvY_02491-1	1	uv	0.875	0.125	0.5	FALSE	TRUE	FALSE	FALSE	FALSE	FALSE	uv_specific_instable
RvY_02494	1	uv	0.875	0.125	0.5	FALSE	TRUE	FALSE	FALSE	FALSE	FALSE	uv_specific_instable
RvY_02499-1	1	uv	0.875	0.125	0.5	FALSE	TRUE	FALSE	FALSE	FALSE	FALSE	uv_specific_instable
RvY_02509-1	1	uv	0.875	0.125	0.5	FALSE	TRUE	FALSE	FALSE	FALSE	FALSE	uv_specific_instable
RvY_02725-1	1	uv	0.875	0.125	0.5	FALSE	TRUE	FALSE	FALSE	FALSE	FALSE	uv_specific_instable
RvY_02930-1	1	uv	0.875	0.125	0.5	FALSE	TRUE	FALSE	FALSE	FALSE	FALSE	uv_specific_instable
RvY_03041-1	1	uv	0.875	0.125	0.5	FALSE	TRUE	FALSE	FALSE	FALSE	FALSE	uv_specific_instable
RvY_03058	1	uv	0.875	0.125	0.5	FALSE	TRUE	FALSE	FALSE	FALSE	FALSE	uv_specific_instable
RvY_03171-1	1	uv	0.875	0.125	0.5	FALSE	TRUE	FALSE	FALSE	FALSE	FALSE	uv_specific_instable
RvY_03214-1	1	uv	0.875	0.125	0.5	FALSE	TRUE	FALSE	FALSE	FALSE	FALSE	uv_specific_instable
RvY_03268-1	1	uv	0.875	0.125	0.5	FALSE	TRUE	FALSE	FALSE	FALSE	FALSE	uv_specific_instable
RvY_03287	1	uv	0.875	0.125	0.5	FALSE	TRUE	FALSE	FALSE	FALSE	FALSE	uv_specific_instable
RvY_03318-1	1	uv	0.875	0.125	0.5	FALSE	TRUE	FALSE	FALSE	FALSE	FALSE	uv_specific_instable
RvY_03469	1	uv	0.875	0.125	0.5	FALSE	TRUE	FALSE	FALSE	FALSE	FALSE	uv_specific_instable
RvY_03638-1	1	uv	0.875	0.125	0.5	FALSE	TRUE	FALSE	FALSE	FALSE	FALSE	uv_specific_instable
RvY_03854-1	1	uv	0.875	0.125	0.5	FALSE	TRUE	FALSE	FALSE	FALSE	FALSE	uv_specific_instable
RvY_03931-1	1	uv	0.875	0.125	0.5	FALSE	TRUE	FALSE	FALSE	FALSE	FALSE	uv_specific_instable
RvY_04011-1	1	uv	0.875	0.125	0.5	FALSE	TRUE	FALSE	FALSE	FALSE	FALSE	uv_specific_instable
RvY_04045-1	1	uv	0.875	0.125	0.5	FALSE	TRUE	FALSE	FALSE	FALSE	FALSE	uv_specific_instable
RvY_04089-1	1	uv	0.875	0.125	0.5	FALSE	TRUE	FALSE	FALSE	FALSE	FALSE	uv_specific_instable
RvY_04118	1	uv	0.875	0.125	0.5	FALSE	TRUE	FALSE	FALSE	FALSE	FALSE	uv_specific_instable
RvY_04155	1	uv	0.875	0.125	0.5	FALSE	TRUE	FALSE	FALSE	FALSE	FALSE	uv_specific_instable
RvY_04218-1	1	uv	0.875	0.125	0.5	FALSE	TRUE	FALSE	FALSE	FALSE	FALSE	uv_specific_instable
RvY_04258-1	1	uv	0.875	0.125	0.5	FALSE	TRUE	FALSE	FALSE	FALSE	FALSE	uv_specific_instable
RvY_04341-1	1	uv	0.875	0.125	0.5	FALSE	TRUE	FALSE	FALSE	FALSE	FALSE	uv_specific_instable
RvY_04632	1	uv	0.875	0.125	0.5	FALSE	TRUE	FALSE	FALSE	FALSE	FALSE	uv_specific_instable
RvY_04707-1	1	uv	0.875	0.125	0.5	FALSE	TRUE	FALSE	FALSE	FALSE	FALSE	uv_specific_instable
RvY_04793-1	1	uv	0.875	0.125	0.5	FALSE	TRUE	FALSE	FALSE	FALSE	FALSE	uv_specific_instable
RvY_04816-1	1	uv	0.875	0.125	0.5	FALSE	TRUE	FALSE	FALSE	FALSE	FALSE	uv_specific_instable
RvY_04846-1	1	uv	0.875	0.125	0.5	FALSE	TRUE	FALSE	FALSE	FALSE	FALSE	uv_specific_instable
RvY_04861-1	1	uv	0.875	0.125	0.5	FALSE	TRUE	FALSE	FALSE	FALSE	FALSE	uv_specific_instable
RvY_05075-1	1	uv	0.875	0.125	0.5	FALSE	TRUE	FALSE	FALSE	FALSE	FALSE	uv_specific_instable
RvY_05087-1	1	uv	0.875	0.125	0.5	FALSE	TRUE	FALSE	FALSE	FALSE	FALSE	uv_specific_instable
RvY_05135-1	1	uv	0.875	0.125	0.5	FALSE	TRUE	FALSE	FALSE	FALSE	FALSE	uv_specific_instable
RvY_05210-1	1	uv	0.875	0.125	0.5	FALSE	TRUE	FALSE	FALSE	FALSE	FALSE	uv_specific_instable
RvY_05393-1	1	uv	0.875	0.125	0.5	FALSE	TRUE	FALSE	FALSE	FALSE	FALSE	uv_specific_instable
RvY_05495-1	1	uv	0.875	0.125	0.5	FALSE	TRUE	FALSE	FALSE	FALSE	FALSE	uv_specific_instable
RvY_05746-1	1	uv	0.875	0.125	0.5	FALSE	TRUE	FALSE	FALSE	FALSE	FALSE	uv_specific_instable
RvY_05776-1	1	uv	0.875	0.125	0.5	FALSE	TRUE	FALSE	FALSE	FALSE	FALSE	uv_specific_instable
RvY_05807	1	uv	0.875	0.125	0.5	FALSE	TRUE	FALSE	FALSE	FALSE	FALSE	uv_specific_instable
RvY_05890-1	1	uv	0.875	0.125	0.5	FALSE	TRUE	FALSE	FALSE	FALSE	FALSE	uv_specific_instable
RvY_06018-1	1	uv	0.875	0.125	0.5	FALSE	TRUE	FALSE	FALSE	FALSE	FALSE	uv_specific_instable
RvY_06071-1	1	uv	0.875	0.125	0.5	FALSE	TRUE	FALSE	FALSE	FALSE	FALSE	uv_specific_instable
RvY_06266-1	1	uv	0.875	0.125	0.5	FALSE	TRUE	FALSE	FALSE	FALSE	FALSE	uv_specific_instable
RvY_06279-1	1	uv	0.875	0.125	0.5	FALSE	TRUE	FALSE	FALSE	FALSE	FALSE	uv_specific_instable
RvY_06589-1	1	uv	0.875	0.125	0.5	FALSE	TRUE	FALSE	FALSE	FALSE	FALSE	uv_specific_instable
RvY_06658-1	1	uv	0.875	0.125	0.5	FALSE	TRUE	FALSE	FALSE	FALSE	FALSE	uv_specific_instable
RvY_06690-1	1	uv	0.875	0.125	0.5	FALSE	TRUE	FALSE	FALSE	FALSE	FALSE	uv_specific_instable
RvY_06720	1	uv	0.875	0.125	0.5	FALSE	TRUE	FALSE	FALSE	FALSE	FALSE	uv_specific_instable
RvY_06801-1	1	uv	0.875	0.125	0.5	FALSE	TRUE	FALSE	FALSE	FALSE	FALSE	uv_specific_instable
RvY_06805-1	1	uv	0.875	0.125	0.5	FALSE	TRUE	FALSE	FALSE	FALSE	FALSE	uv_specific_instable
RvY_06863-1	1	uv	0.875	0.125	0.5	FALSE	TRUE	FALSE	FALSE	FALSE	FALSE	uv_specific_instable
RvY_06983-1	1	uv	0.875	0.125	0.5	FALSE	TRUE	FALSE	FALSE	FALSE	FALSE	uv_specific_instable
RvY_07195-1	1	uv	0.875	0.125	0.5	FALSE	TRUE	FALSE	FALSE	FALSE	FALSE	uv_specific_instable
RvY_07239-1	1	uv	0.875	0.125	0.5	FALSE	TRUE	FALSE	FALSE	FALSE	FALSE	uv_specific_instable
RvY_07267-1	1	uv	0.875	0.125	0.5	FALSE	TRUE	FALSE	FALSE	FALSE	FALSE	uv_specific_instable
RvY_07312-1	1	uv	0.875	0.125	0.5	FALSE	TRUE	FALSE	FALSE	FALSE	FALSE	uv_specific_instable
RvY_07325-1	1	uv	0.875	0.125	0.5	FALSE	TRUE	FALSE	FALSE	FALSE	FALSE	uv_specific_instable
RvY_07372	1	uv	0.875	0.125	0.5	FALSE	TRUE	FALSE	FALSE	FALSE	FALSE	uv_specific_instable
RvY_07683-1	1	uv	0.875	0.125	0.5	FALSE	TRUE	FALSE	FALSE	FALSE	FALSE	uv_specific_instable
RvY_07698-1	1	uv	0.875	0.125	0.5	FALSE	TRUE	FALSE	FALSE	FALSE	FALSE	uv_specific_instable
RvY_07842-1	1	uv	0.875	0.125	0.5	FALSE	TRUE	FALSE	FALSE	FALSE	FALSE	uv_specific_instable
RvY_07880-1	1	uv	0.875	0.125	0.5	FALSE	TRUE	FALSE	FALSE	FALSE	FALSE	uv_specific_instable
RvY_07901-1	1	uv	0.875	0.125	0.5	FALSE	TRUE	FALSE	FALSE	FALSE	FALSE	uv_specific_instable
RvY_07907-1	1	uv	0.875	0.125	0.5	FALSE	TRUE	FALSE	FALSE	FALSE	FALSE	uv_specific_instable
RvY_07954-1	1	uv	0.875	0.125	0.5	FALSE	TRUE	FALSE	FALSE	FALSE	FALSE	uv_specific_instable
RvY_07963-1	1	uv	0.875	0.125	0.5	FALSE	TRUE	FALSE	FALSE	FALSE	FALSE	uv_specific_instable
RvY_08055-1	1	uv	0.875	0.125	0.5	FALSE	TRUE	FALSE	FALSE	FALSE	FALSE	uv_specific_instable
RvY_08105-1	1	uv	0.875	0.125	0.5	FALSE	TRUE	FALSE	FALSE	FALSE	FALSE	uv_specific_instable
RvY_08118-1	1	uv	0.875	0.125	0.5	FALSE	TRUE	FALSE	FALSE	FALSE	FALSE	uv_specific_instable
RvY_08219-1	1	uv	0.875	0.125	0.5	FALSE	TRUE	FALSE	FALSE	FALSE	FALSE	uv_specific_instable
RvY_08385-1	1	uv	0.875	0.125	0.5	FALSE	TRUE	FALSE	FALSE	FALSE	FALSE	uv_specific_instable
RvY_08660	1	uv	0.875	0.125	0.5	FALSE	TRUE	FALSE	FALSE	FALSE	FALSE	uv_specific_instable
RvY_08810	1	uv	0.875	0.125	0.5	FALSE	TRUE	FALSE	FALSE	FALSE	FALSE	uv_specific_instable
RvY_09155-1	1	uv	0.875	0.125	0.5	FALSE	TRUE	FALSE	FALSE	FALSE	FALSE	uv_specific_instable
RvY_09188-1	1	uv	0.875	0.125	0.5	FALSE	TRUE	FALSE	FALSE	FALSE	FALSE	uv_specific_instable
RvY_09241-1	1	uv	0.875	0.125	0.5	FALSE	TRUE	FALSE	FALSE	FALSE	FALSE	uv_specific_instable
RvY_09282	1	uv	0.875	0.125	0.5	FALSE	TRUE	FALSE	FALSE	FALSE	FALSE	uv_specific_instable
RvY_09467-1	1	uv	0.875	0.125	0.5	FALSE	TRUE	FALSE	FALSE	FALSE	FALSE	uv_specific_instable
RvY_09614-1	1	uv	0.875	0.125	0.5	FALSE	TRUE	FALSE	FALSE	FALSE	FALSE	uv_specific_instable
RvY_09678-1	1	uv	0.875	0.125	0.5	FALSE	TRUE	FALSE	FALSE	FALSE	FALSE	uv_specific_instable
RvY_09740-1	1	uv	0.875	0.125	0.5	FALSE	TRUE	FALSE	FALSE	FALSE	FALSE	uv_specific_instable
RvY_09768-1	1	uv	0.875	0.125	0.5	FALSE	TRUE	FALSE	FALSE	FALSE	FALSE	uv_specific_instable
RvY_09889-1	1	uv	0.875	0.125	0.5	FALSE	TRUE	FALSE	FALSE	FALSE	FALSE	uv_specific_instable
RvY_10132-1	1	uv	0.875	0.125	0.5	FALSE	TRUE	FALSE	FALSE	FALSE	FALSE	uv_specific_instable
RvY_10495-1	1	uv	0.875	0.125	0.5	FALSE	TRUE	FALSE	FALSE	FALSE	FALSE	uv_specific_instable
RvY_10601-1	1	uv	0.875	0.125	0.5	FALSE	TRUE	FALSE	FALSE	FALSE	FALSE	uv_specific_instable
RvY_10964-1	1	uv	0.875	0.125	0.5	FALSE	TRUE	FALSE	FALSE	FALSE	FALSE	uv_specific_instable
RvY_11110-1	1	uv	0.875	0.125	0.5	FALSE	TRUE	FALSE	FALSE	FALSE	FALSE	uv_specific_instable
RvY_11174-1	1	uv	0.875	0.125	0.5	FALSE	TRUE	FALSE	FALSE	FALSE	FALSE	uv_specific_instable
RvY_11261	1	uv	0.875	0.125	0.5	FALSE	TRUE	FALSE	FALSE	FALSE	FALSE	uv_specific_instable
RvY_11350-1	1	uv	0.875	0.125	0.5	FALSE	TRUE	FALSE	FALSE	FALSE	FALSE	uv_specific_instable
RvY_11426-1	1	uv	0.875	0.125	0.5	FALSE	TRUE	FALSE	FALSE	FALSE	FALSE	uv_specific_instable
RvY_11433-1	1	uv	0.875	0.125	0.5	FALSE	TRUE	FALSE	FALSE	FALSE	FALSE	uv_specific_instable
RvY_11780-1	1	uv	0.875	0.125	0.5	FALSE	TRUE	FALSE	FALSE	FALSE	FALSE	uv_specific_instable
RvY_11806-1	1	uv	0.875	0.125	0.5	FALSE	TRUE	FALSE	FALSE	FALSE	FALSE	uv_specific_instable
RvY_11825-1	1	uv	0.875	0.125	0.5	FALSE	TRUE	FALSE	FALSE	FALSE	FALSE	uv_specific_instable
RvY_11838-1	1	uv	0.875	0.125	0.5	FALSE	TRUE	FALSE	FALSE	FALSE	FALSE	uv_specific_instable
RvY_11868-1	1	uv	0.875	0.125	0.5	FALSE	TRUE	FALSE	FALSE	FALSE	FALSE	uv_specific_instable
RvY_11893-1	1	uv	0.875	0.125	0.5	FALSE	TRUE	FALSE	FALSE	FALSE	FALSE	uv_specific_instable
RvY_11904	1	uv	0.875	0.125	0.5	FALSE	TRUE	FALSE	FALSE	FALSE	FALSE	uv_specific_instable
RvY_11994-1	1	uv	0.875	0.125	0.5	FALSE	TRUE	FALSE	FALSE	FALSE	FALSE	uv_specific_instable
RvY_12121-1	1	uv	0.875	0.125	0.5	FALSE	TRUE	FALSE	FALSE	FALSE	FALSE	uv_specific_instable
RvY_12431-1	1	uv	0.875	0.125	0.5	FALSE	TRUE	FALSE	FALSE	FALSE	FALSE	uv_specific_instable
RvY_12584-1	1	uv	0.875	0.125	0.5	FALSE	TRUE	FALSE	FALSE	FALSE	FALSE	uv_specific_instable
RvY_12627-1	1	uv	0.875	0.125	0.5	FALSE	TRUE	FALSE	FALSE	FALSE	FALSE	uv_specific_instable
RvY_12645-1	1	uv	0.875	0.125	0.5	FALSE	TRUE	FALSE	FALSE	FALSE	FALSE	uv_specific_instable
RvY_12730-1	1	uv	0.875	0.125	0.5	FALSE	TRUE	FALSE	FALSE	FALSE	FALSE	uv_specific_instable
RvY_13013-1	1	uv	0.875	0.125	0.5	FALSE	TRUE	FALSE	FALSE	FALSE	FALSE	uv_specific_instable
RvY_13218-1	1	uv	0.875	0.125	0.5	FALSE	TRUE	FALSE	FALSE	FALSE	FALSE	uv_specific_instable
RvY_13333-1	1	uv	0.875	0.125	0.5	FALSE	TRUE	FALSE	FALSE	FALSE	FALSE	uv_specific_instable
RvY_13335-1	1	uv	0.875	0.125	0.5	FALSE	TRUE	FALSE	FALSE	FALSE	FALSE	uv_specific_instable
RvY_13363-1	1	uv	0.875	0.125	0.5	FALSE	TRUE	FALSE	FALSE	FALSE	FALSE	uv_specific_instable
RvY_13518	1	uv	0.875	0.125	0.5	FALSE	TRUE	FALSE	FALSE	FALSE	FALSE	uv_specific_instable
RvY_13789	1	uv	0.875	0.125	0.5	FALSE	TRUE	FALSE	FALSE	FALSE	FALSE	uv_specific_instable
RvY_13843-1	1	uv	0.875	0.125	0.5	FALSE	TRUE	FALSE	FALSE	FALSE	FALSE	uv_specific_instable
RvY_13911	1	uv	0.875	0.125	0.5	FALSE	TRUE	FALSE	FALSE	FALSE	FALSE	uv_specific_instable
RvY_13914	1	uv	0.875	0.125	0.5	FALSE	TRUE	FALSE	FALSE	FALSE	FALSE	uv_specific_instable
RvY_13917-1	1	uv	0.875	0.125	0.5	FALSE	TRUE	FALSE	FALSE	FALSE	FALSE	uv_specific_instable
RvY_13949-1	1	uv	0.875	0.125	0.5	FALSE	TRUE	FALSE	FALSE	FALSE	FALSE	uv_specific_instable
RvY_13951-1	1	uv	0.875	0.125	0.5	FALSE	TRUE	FALSE	FALSE	FALSE	FALSE	uv_specific_instable
RvY_13970-1	1	uv	0.875	0.125	0.5	FALSE	TRUE	FALSE	FALSE	FALSE	FALSE	uv_specific_instable
RvY_13981-1	1	uv	0.875	0.125	0.5	FALSE	TRUE	FALSE	FALSE	FALSE	FALSE	uv_specific_instable
RvY_14051-1	1	uv	0.875	0.125	0.5	FALSE	TRUE	FALSE	FALSE	FALSE	FALSE	uv_specific_instable
RvY_14060-1	1	uv	0.875	0.125	0.5	FALSE	TRUE	FALSE	FALSE	FALSE	FALSE	uv_specific_instable
RvY_14284-1	1	uv	0.875	0.125	0.5	FALSE	TRUE	FALSE	FALSE	FALSE	FALSE	uv_specific_instable
RvY_14362	1	uv	0.875	0.125	0.5	FALSE	TRUE	FALSE	FALSE	FALSE	FALSE	uv_specific_instable
RvY_14369-1	1	uv	0.875	0.125	0.5	FALSE	TRUE	FALSE	FALSE	FALSE	FALSE	uv_specific_instable
RvY_14438-1	1	uv	0.875	0.125	0.5	FALSE	TRUE	FALSE	FALSE	FALSE	FALSE	uv_specific_instable
RvY_14502	1	uv	0.875	0.125	0.5	FALSE	TRUE	FALSE	FALSE	FALSE	FALSE	uv_specific_instable
RvY_14617	1	uv	0.875	0.125	0.5	FALSE	TRUE	FALSE	FALSE	FALSE	FALSE	uv_specific_instable
RvY_15145	1	uv	0.875	0.125	0.5	FALSE	TRUE	FALSE	FALSE	FALSE	FALSE	uv_specific_instable
RvY_15163-1	1	uv	0.875	0.125	0.5	FALSE	TRUE	FALSE	FALSE	FALSE	FALSE	uv_specific_instable
RvY_15217-1	1	uv	0.875	0.125	0.5	FALSE	TRUE	FALSE	FALSE	FALSE	FALSE	uv_specific_instable
RvY_15283-1	1	uv	0.875	0.125	0.5	FALSE	TRUE	FALSE	FALSE	FALSE	FALSE	uv_specific_instable
RvY_15323	1	uv	0.875	0.125	0.5	FALSE	TRUE	FALSE	FALSE	FALSE	FALSE	uv_specific_instable
RvY_15419-1	1	uv	0.875	0.125	0.5	FALSE	TRUE	FALSE	FALSE	FALSE	FALSE	uv_specific_instable
RvY_15424-1	1	uv	0.875	0.125	0.5	FALSE	TRUE	FALSE	FALSE	FALSE	FALSE	uv_specific_instable
RvY_15429-1	1	uv	0.875	0.125	0.5	FALSE	TRUE	FALSE	FALSE	FALSE	FALSE	uv_specific_instable
RvY_15471	1	uv	0.875	0.125	0.5	FALSE	TRUE	FALSE	FALSE	FALSE	FALSE	uv_specific_instable
RvY_15536-1	1	uv	0.875	0.125	0.5	FALSE	TRUE	FALSE	FALSE	FALSE	FALSE	uv_specific_instable
RvY_15565-1	1	uv	0.875	0.125	0.5	FALSE	TRUE	FALSE	FALSE	FALSE	FALSE	uv_specific_instable
RvY_15709	1	uv	0.875	0.125	0.5	FALSE	TRUE	FALSE	FALSE	FALSE	FALSE	uv_specific_instable
RvY_15770-1	1	uv	0.875	0.125	0.5	FALSE	TRUE	FALSE	FALSE	FALSE	FALSE	uv_specific_instable
RvY_15939-1	1	uv	0.875	0.125	0.5	FALSE	TRUE	FALSE	FALSE	FALSE	FALSE	uv_specific_instable
RvY_15950	1	uv	0.875	0.125	0.5	FALSE	TRUE	FALSE	FALSE	FALSE	FALSE	uv_specific_instable
RvY_15951-1	1	uv	0.875	0.125	0.5	FALSE	TRUE	FALSE	FALSE	FALSE	FALSE	uv_specific_instable
RvY_15960-1	1	uv	0.875	0.125	0.5	FALSE	TRUE	FALSE	FALSE	FALSE	FALSE	uv_specific_instable
RvY_16023-1	1	uv	0.875	0.125	0.5	FALSE	TRUE	FALSE	FALSE	FALSE	FALSE	uv_specific_instable
RvY_16214-1	1	uv	0.875	0.125	0.5	FALSE	TRUE	FALSE	FALSE	FALSE	FALSE	uv_specific_instable
RvY_16217-1	1	uv	0.875	0.125	0.5	FALSE	TRUE	FALSE	FALSE	FALSE	FALSE	uv_specific_instable
RvY_16239-1	1	uv	0.875	0.125	0.5	FALSE	TRUE	FALSE	FALSE	FALSE	FALSE	uv_specific_instable
RvY_16447-1	1	uv	0.875	0.125	0.5	FALSE	TRUE	FALSE	FALSE	FALSE	FALSE	uv_specific_instable
RvY_16470-1	1	uv	0.875	0.125	0.5	FALSE	TRUE	FALSE	FALSE	FALSE	FALSE	uv_specific_instable
RvY_16693-1	1	uv	0.875	0.125	0.5	FALSE	TRUE	FALSE	FALSE	FALSE	FALSE	uv_specific_instable
RvY_16785-1	1	uv	0.875	0.125	0.5	FALSE	TRUE	FALSE	FALSE	FALSE	FALSE	uv_specific_instable
RvY_16791-1	1	uv	0.875	0.125	0.5	FALSE	TRUE	FALSE	FALSE	FALSE	FALSE	uv_specific_instable
RvY_16916-1	1	uv	0.875	0.125	0.5	FALSE	TRUE	FALSE	FALSE	FALSE	FALSE	uv_specific_instable
RvY_16955-1	1	uv	0.875	0.125	0.5	FALSE	TRUE	FALSE	FALSE	FALSE	FALSE	uv_specific_instable
RvY_17097-1	1	uv	0.875	0.125	0.5	FALSE	TRUE	FALSE	FALSE	FALSE	FALSE	uv_specific_instable
RvY_17102	1	uv	0.875	0.125	0.5	FALSE	TRUE	FALSE	FALSE	FALSE	FALSE	uv_specific_instable
RvY_17248-1	1	uv	0.875	0.125	0.5	FALSE	TRUE	FALSE	FALSE	FALSE	FALSE	uv_specific_instable
RvY_17439-1	1	uv	0.875	0.125	0.5	FALSE	TRUE	FALSE	FALSE	FALSE	FALSE	uv_specific_instable
RvY_17446-1	1	uv	0.875	0.125	0.5	FALSE	TRUE	FALSE	FALSE	FALSE	FALSE	uv_specific_instable
RvY_17473-1	1	uv	0.875	0.125	0.5	FALSE	TRUE	FALSE	FALSE	FALSE	FALSE	uv_specific_instable
RvY_17524-1	1	uv	0.875	0.125	0.5	FALSE	TRUE	FALSE	FALSE	FALSE	FALSE	uv_specific_instable
RvY_17543-1	1	uv	0.875	0.125	0.5	FALSE	TRUE	FALSE	FALSE	FALSE	FALSE	uv_specific_instable
RvY_17822-1	1	uv	0.875	0.125	0.5	FALSE	TRUE	FALSE	FALSE	FALSE	FALSE	uv_specific_instable
RvY_17839-1	1	uv	0.875	0.125	0.5	FALSE	TRUE	FALSE	FALSE	FALSE	FALSE	uv_specific_instable
RvY_17876	1	uv	0.875	0.125	0.5	FALSE	TRUE	FALSE	FALSE	FALSE	FALSE	uv_specific_instable
RvY_17947-1	1	uv	0.875	0.125	0.5	FALSE	TRUE	FALSE	FALSE	FALSE	FALSE	uv_specific_instable
RvY_17964-1	1	uv	0.875	0.125	0.5	FALSE	TRUE	FALSE	FALSE	FALSE	FALSE	uv_specific_instable
RvY_18180-1	1	uv	0.875	0.125	0.5	FALSE	TRUE	FALSE	FALSE	FALSE	FALSE	uv_specific_instable
RvY_18211	1	uv	0.875	0.125	0.5	FALSE	TRUE	FALSE	FALSE	FALSE	FALSE	uv_specific_instable
RvY_18221-1	1	uv	0.875	0.125	0.5	FALSE	TRUE	FALSE	FALSE	FALSE	FALSE	uv_specific_instable
RvY_18355-1	1	uv	0.875	0.125	0.5	FALSE	TRUE	FALSE	FALSE	FALSE	FALSE	uv_specific_instable
RvY_18498-1	1	uv	0.875	0.125	0.5	FALSE	TRUE	FALSE	FALSE	FALSE	FALSE	uv_specific_instable
RvY_18566-1	1	uv	0.875	0.125	0.5	FALSE	TRUE	FALSE	FALSE	FALSE	FALSE	uv_specific_instable
RvY_18935-1	1	uv	0.875	0.125	0.5	FALSE	TRUE	FALSE	FALSE	FALSE	FALSE	uv_specific_instable
RvY_19240	1	uv	0.875	0.125	0.5	FALSE	TRUE	FALSE	FALSE	FALSE	FALSE	uv_specific_instable
RvY_19288-1	1	uv	0.875	0.125	0.5	FALSE	TRUE	FALSE	FALSE	FALSE	FALSE	uv_specific_instable
RvY_19294-1	1	uv	0.875	0.125	0.5	FALSE	TRUE	FALSE	FALSE	FALSE	FALSE	uv_specific_instable
RvY_19334-1	1	uv	0.875	0.125	0.5	FALSE	TRUE	FALSE	FALSE	FALSE	FALSE	uv_specific_instable
RvY_19374-1	1	uv	0.875	0.125	0.5	FALSE	TRUE	FALSE	FALSE	FALSE	FALSE	uv_specific_instable
RvY_19428-1	1	uv	0.875	0.125	0.5	FALSE	TRUE	FALSE	FALSE	FALSE	FALSE	uv_specific_instable
RvY_19639-1	1	uv	0.875	0.125	0.5	FALSE	TRUE	FALSE	FALSE	FALSE	FALSE	uv_specific_instable
RvY_19669-1	1	uv	0.875	0.125	0.5	FALSE	TRUE	FALSE	FALSE	FALSE	FALSE	uv_specific_instable
RvY_00130-1	1	uv	0.8839285714285714	0.11607142857142856	0.5714285714285714	FALSE	TRUE	FALSE	FALSE	FALSE	FALSE	uv_specific_instable
RvY_00345-1	1	uv	0.8839285714285714	0.11607142857142856	0.5714285714285714	FALSE	TRUE	FALSE	FALSE	FALSE	FALSE	uv_specific_instable
RvY_00611	1	uv	0.8839285714285714	0.11607142857142856	0.5714285714285714	FALSE	TRUE	FALSE	FALSE	FALSE	FALSE	uv_specific_instable
RvY_00667-1	1	uv	0.8839285714285714	0.11607142857142856	0.5714285714285714	FALSE	TRUE	FALSE	FALSE	FALSE	FALSE	uv_specific_instable
RvY_00746-1	1	uv	0.8839285714285714	0.11607142857142856	0.5714285714285714	FALSE	TRUE	FALSE	FALSE	FALSE	FALSE	uv_specific_instable
RvY_00814-1	1	uv	0.8839285714285714	0.11607142857142856	0.5714285714285714	FALSE	TRUE	FALSE	FALSE	FALSE	FALSE	uv_specific_instable
RvY_01168-1	1	uv	0.8839285714285714	0.11607142857142856	0.5714285714285714	FALSE	TRUE	FALSE	FALSE	FALSE	FALSE	uv_specific_instable
RvY_01289-1	1	uv	0.8839285714285714	0.11607142857142856	0.5714285714285714	FALSE	TRUE	FALSE	FALSE	FALSE	FALSE	uv_specific_instable
RvY_01643-1	1	uv	0.8839285714285714	0.11607142857142856	0.5714285714285714	FALSE	TRUE	FALSE	FALSE	FALSE	FALSE	uv_specific_instable
RvY_01707-1	1	uv	0.8839285714285714	0.11607142857142856	0.5714285714285714	FALSE	TRUE	FALSE	FALSE	FALSE	FALSE	uv_specific_instable
RvY_01970-1	1	uv	0.8839285714285714	0.11607142857142856	0.5714285714285714	FALSE	TRUE	FALSE	FALSE	FALSE	FALSE	uv_specific_instable
RvY_02185	1	uv	0.8839285714285714	0.11607142857142856	0.5714285714285714	FALSE	TRUE	FALSE	FALSE	FALSE	FALSE	uv_specific_instable
RvY_02258-1	1	uv	0.8839285714285714	0.11607142857142856	0.5714285714285714	FALSE	TRUE	FALSE	FALSE	FALSE	FALSE	uv_specific_instable
RvY_02598-1	1	uv	0.8839285714285714	0.11607142857142856	0.5714285714285714	FALSE	TRUE	FALSE	FALSE	FALSE	FALSE	uv_specific_instable
RvY_03003	1	uv	0.8839285714285714	0.11607142857142856	0.5714285714285714	FALSE	TRUE	FALSE	FALSE	FALSE	FALSE	uv_specific_instable
RvY_03056-1	1	uv	0.8839285714285714	0.11607142857142856	0.5714285714285714	FALSE	TRUE	FALSE	FALSE	FALSE	FALSE	uv_specific_instable
RvY_03061-1	1	uv	0.8839285714285714	0.11607142857142856	0.5714285714285714	FALSE	TRUE	FALSE	FALSE	FALSE	FALSE	uv_specific_instable
RvY_03382	1	uv	0.8839285714285714	0.11607142857142856	0.5714285714285714	FALSE	TRUE	FALSE	FALSE	FALSE	FALSE	uv_specific_instable
RvY_03507	1	uv	0.8839285714285714	0.11607142857142856	0.5714285714285714	FALSE	TRUE	FALSE	FALSE	FALSE	FALSE	uv_specific_instable
RvY_03767-1	1	uv	0.8839285714285714	0.11607142857142856	0.5714285714285714	FALSE	TRUE	FALSE	FALSE	FALSE	FALSE	uv_specific_instable
RvY_03866-1	1	uv	0.8839285714285714	0.11607142857142856	0.5714285714285714	FALSE	TRUE	FALSE	FALSE	FALSE	FALSE	uv_specific_instable
RvY_04069-1	1	uv	0.8839285714285714	0.11607142857142856	0.5714285714285714	FALSE	TRUE	FALSE	FALSE	FALSE	FALSE	uv_specific_instable
RvY_04161-1	1	uv	0.8839285714285714	0.11607142857142856	0.5714285714285714	FALSE	TRUE	FALSE	FALSE	FALSE	FALSE	uv_specific_instable
RvY_04191	1	uv	0.8839285714285714	0.11607142857142856	0.5714285714285714	FALSE	TRUE	FALSE	FALSE	FALSE	FALSE	uv_specific_instable
RvY_04197	1	uv	0.8839285714285714	0.11607142857142856	0.5714285714285714	FALSE	TRUE	FALSE	FALSE	FALSE	FALSE	uv_specific_instable
RvY_04935-1	1	uv	0.8839285714285714	0.11607142857142856	0.5714285714285714	FALSE	TRUE	FALSE	FALSE	FALSE	FALSE	uv_specific_instable
RvY_05142-1	1	uv	0.8839285714285714	0.11607142857142856	0.5714285714285714	FALSE	TRUE	FALSE	FALSE	FALSE	FALSE	uv_specific_instable
RvY_05282-1	1	uv	0.8839285714285714	0.11607142857142856	0.5714285714285714	FALSE	TRUE	FALSE	FALSE	FALSE	FALSE	uv_specific_instable
RvY_05480-1	1	uv	0.8839285714285714	0.11607142857142856	0.5714285714285714	FALSE	TRUE	FALSE	FALSE	FALSE	FALSE	uv_specific_instable
RvY_05960-0	1	uv	0.8839285714285714	0.11607142857142856	0.5714285714285714	FALSE	TRUE	FALSE	FALSE	FALSE	FALSE	uv_specific_instable
RvY_06048	1	uv	0.8839285714285714	0.11607142857142856	0.5714285714285714	FALSE	TRUE	FALSE	FALSE	FALSE	FALSE	uv_specific_instable
RvY_06050-1	1	uv	0.8839285714285714	0.11607142857142856	0.5714285714285714	FALSE	TRUE	FALSE	FALSE	FALSE	FALSE	uv_specific_instable
RvY_06054-1	1	uv	0.8839285714285714	0.11607142857142856	0.5714285714285714	FALSE	TRUE	FALSE	FALSE	FALSE	FALSE	uv_specific_instable
RvY_06082-1	1	uv	0.8839285714285714	0.11607142857142856	0.5714285714285714	FALSE	TRUE	FALSE	FALSE	FALSE	FALSE	uv_specific_instable
RvY_06481-1	1	uv	0.8839285714285714	0.11607142857142856	0.5714285714285714	FALSE	TRUE	FALSE	FALSE	FALSE	FALSE	uv_specific_instable
RvY_06574-1	1	uv	0.8839285714285714	0.11607142857142856	0.5714285714285714	FALSE	TRUE	FALSE	FALSE	FALSE	FALSE	uv_specific_instable
RvY_06826-1	1	uv	0.8839285714285714	0.11607142857142856	0.5714285714285714	FALSE	TRUE	FALSE	FALSE	FALSE	FALSE	uv_specific_instable
RvY_07128	1	uv	0.8839285714285714	0.11607142857142856	0.5714285714285714	FALSE	TRUE	FALSE	FALSE	FALSE	FALSE	uv_specific_instable
RvY_07464-1	1	uv	0.8839285714285714	0.11607142857142856	0.5714285714285714	FALSE	TRUE	FALSE	FALSE	FALSE	FALSE	uv_specific_instable
RvY_07563	1	uv	0.8839285714285714	0.11607142857142856	0.5714285714285714	FALSE	TRUE	FALSE	FALSE	FALSE	FALSE	uv_specific_instable
RvY_08204-1	1	uv	0.8839285714285714	0.11607142857142856	0.5714285714285714	FALSE	TRUE	FALSE	FALSE	FALSE	FALSE	uv_specific_instable
RvY_08563-1	1	uv	0.8839285714285714	0.11607142857142856	0.5714285714285714	FALSE	TRUE	FALSE	FALSE	FALSE	FALSE	uv_specific_instable
RvY_08608-1	1	uv	0.8839285714285714	0.11607142857142856	0.5714285714285714	FALSE	TRUE	FALSE	FALSE	FALSE	FALSE	uv_specific_instable
RvY_09061-1	1	uv	0.8839285714285714	0.11607142857142856	0.5714285714285714	FALSE	TRUE	FALSE	FALSE	FALSE	FALSE	uv_specific_instable
RvY_09066	1	uv	0.8839285714285714	0.11607142857142856	0.5714285714285714	FALSE	TRUE	FALSE	FALSE	FALSE	FALSE	uv_specific_instable
RvY_09078-1	1	uv	0.8839285714285714	0.11607142857142856	0.5714285714285714	FALSE	TRUE	FALSE	FALSE	FALSE	FALSE	uv_specific_instable
RvY_09120-1	1	uv	0.8839285714285714	0.11607142857142856	0.5714285714285714	FALSE	TRUE	FALSE	FALSE	FALSE	FALSE	uv_specific_instable
RvY_09944-1	1	uv	0.8839285714285714	0.11607142857142856	0.5714285714285714	FALSE	TRUE	FALSE	FALSE	FALSE	FALSE	uv_specific_instable
RvY_09962-1	1	uv	0.8839285714285714	0.11607142857142856	0.5714285714285714	FALSE	TRUE	FALSE	FALSE	FALSE	FALSE	uv_specific_instable
RvY_10123-1	1	uv	0.8839285714285714	0.11607142857142856	0.5714285714285714	FALSE	TRUE	FALSE	FALSE	FALSE	FALSE	uv_specific_instable
RvY_10151-1	1	uv	0.8839285714285714	0.11607142857142856	0.5714285714285714	FALSE	TRUE	FALSE	FALSE	FALSE	FALSE	uv_specific_instable
RvY_10327-1	1	uv	0.8839285714285714	0.11607142857142856	0.5714285714285714	FALSE	TRUE	FALSE	FALSE	FALSE	FALSE	uv_specific_instable
RvY_10406	1	uv	0.8839285714285714	0.11607142857142856	0.5714285714285714	FALSE	TRUE	FALSE	FALSE	FALSE	FALSE	uv_specific_instable
RvY_10882-1	1	uv	0.8839285714285714	0.11607142857142856	0.5714285714285714	FALSE	TRUE	FALSE	FALSE	FALSE	FALSE	uv_specific_instable
RvY_10893-1	1	uv	0.8839285714285714	0.11607142857142856	0.5714285714285714	FALSE	TRUE	FALSE	FALSE	FALSE	FALSE	uv_specific_instable
RvY_11676-1	1	uv	0.8839285714285714	0.11607142857142856	0.5714285714285714	FALSE	TRUE	FALSE	FALSE	FALSE	FALSE	uv_specific_instable
RvY_11827	1	uv	0.8839285714285714	0.11607142857142856	0.5714285714285714	FALSE	TRUE	FALSE	FALSE	FALSE	FALSE	uv_specific_instable
RvY_12169-1	1	uv	0.8839285714285714	0.11607142857142856	0.5714285714285714	FALSE	TRUE	FALSE	FALSE	FALSE	FALSE	uv_specific_instable
RvY_12254	1	uv	0.8839285714285714	0.11607142857142856	0.5714285714285714	FALSE	TRUE	FALSE	FALSE	FALSE	FALSE	uv_specific_instable
RvY_12470	1	uv	0.8839285714285714	0.11607142857142856	0.5714285714285714	FALSE	TRUE	FALSE	FALSE	FALSE	FALSE	uv_specific_instable
RvY_12828-1	1	uv	0.8839285714285714	0.11607142857142856	0.5714285714285714	FALSE	TRUE	FALSE	FALSE	FALSE	FALSE	uv_specific_instable
RvY_12840-1	1	uv	0.8839285714285714	0.11607142857142856	0.5714285714285714	FALSE	TRUE	FALSE	FALSE	FALSE	FALSE	uv_specific_instable
RvY_12887	1	uv	0.8839285714285714	0.11607142857142856	0.5714285714285714	FALSE	TRUE	FALSE	FALSE	FALSE	FALSE	uv_specific_instable
RvY_13064-1	1	uv	0.8839285714285714	0.11607142857142856	0.5714285714285714	FALSE	TRUE	FALSE	FALSE	FALSE	FALSE	uv_specific_instable
RvY_13080-1	1	uv	0.8839285714285714	0.11607142857142856	0.5714285714285714	FALSE	TRUE	FALSE	FALSE	FALSE	FALSE	uv_specific_instable
RvY_13098-1	1	uv	0.8839285714285714	0.11607142857142856	0.5714285714285714	FALSE	TRUE	FALSE	FALSE	FALSE	FALSE	uv_specific_instable
RvY_13161-1	1	uv	0.8839285714285714	0.11607142857142856	0.5714285714285714	FALSE	TRUE	FALSE	FALSE	FALSE	FALSE	uv_specific_instable
RvY_13206-1	1	uv	0.8839285714285714	0.11607142857142856	0.5714285714285714	FALSE	TRUE	FALSE	FALSE	FALSE	FALSE	uv_specific_instable
RvY_13232-1	1	uv	0.8839285714285714	0.11607142857142856	0.5714285714285714	FALSE	TRUE	FALSE	FALSE	FALSE	FALSE	uv_specific_instable
RvY_13241-1	1	uv	0.8839285714285714	0.11607142857142856	0.5714285714285714	FALSE	TRUE	FALSE	FALSE	FALSE	FALSE	uv_specific_instable
RvY_13594	1	uv	0.8839285714285714	0.11607142857142856	0.5714285714285714	FALSE	TRUE	FALSE	FALSE	FALSE	FALSE	uv_specific_instable
RvY_13964-1	1	uv	0.8839285714285714	0.11607142857142856	0.5714285714285714	FALSE	TRUE	FALSE	FALSE	FALSE	FALSE	uv_specific_instable
RvY_14340	1	uv	0.8839285714285714	0.11607142857142856	0.5714285714285714	FALSE	TRUE	FALSE	FALSE	FALSE	FALSE	uv_specific_instable
RvY_14922-1	1	uv	0.8839285714285714	0.11607142857142856	0.5714285714285714	FALSE	TRUE	FALSE	FALSE	FALSE	FALSE	uv_specific_instable
RvY_16079-1	1	uv	0.8839285714285714	0.11607142857142856	0.5714285714285714	FALSE	TRUE	FALSE	FALSE	FALSE	FALSE	uv_specific_instable
RvY_16290	1	uv	0.8839285714285714	0.11607142857142856	0.5714285714285714	FALSE	TRUE	FALSE	FALSE	FALSE	FALSE	uv_specific_instable
RvY_16457-1	1	uv	0.8839285714285714	0.11607142857142856	0.5714285714285714	FALSE	TRUE	FALSE	FALSE	FALSE	FALSE	uv_specific_instable
RvY_16473-1	1	uv	0.8839285714285714	0.11607142857142856	0.5714285714285714	FALSE	TRUE	FALSE	FALSE	FALSE	FALSE	uv_specific_instable
RvY_16521-1	1	uv	0.8839285714285714	0.11607142857142856	0.5714285714285714	FALSE	TRUE	FALSE	FALSE	FALSE	FALSE	uv_specific_instable
RvY_16628-1	1	uv	0.8839285714285714	0.11607142857142856	0.5714285714285714	FALSE	TRUE	FALSE	FALSE	FALSE	FALSE	uv_specific_instable
RvY_17169-1	1	uv	0.8839285714285714	0.11607142857142856	0.5714285714285714	FALSE	TRUE	FALSE	FALSE	FALSE	FALSE	uv_specific_instable
RvY_17771	1	uv	0.8839285714285714	0.11607142857142856	0.5714285714285714	FALSE	TRUE	FALSE	FALSE	FALSE	FALSE	uv_specific_instable
RvY_17804-1	1	uv	0.8839285714285714	0.11607142857142856	0.5714285714285714	FALSE	TRUE	FALSE	FALSE	FALSE	FALSE	uv_specific_instable
RvY_17934	1	uv	0.8839285714285714	0.11607142857142856	0.5714285714285714	FALSE	TRUE	FALSE	FALSE	FALSE	FALSE	uv_specific_instable
RvY_17952	1	uv	0.8839285714285714	0.11607142857142856	0.5714285714285714	FALSE	TRUE	FALSE	FALSE	FALSE	FALSE	uv_specific_instable
RvY_18300	1	uv	0.8839285714285714	0.11607142857142856	0.5714285714285714	FALSE	TRUE	FALSE	FALSE	FALSE	FALSE	uv_specific_instable
RvY_18583	1	uv	0.8839285714285714	0.11607142857142856	0.5714285714285714	FALSE	TRUE	FALSE	FALSE	FALSE	FALSE	uv_specific_instable
RvY_18675-1	1	uv	0.8839285714285714	0.11607142857142856	0.5714285714285714	FALSE	TRUE	FALSE	FALSE	FALSE	FALSE	uv_specific_instable
RvY_00117-1	1	uv	0.8869047619047619	0.1130952380952381	0.4285714285714286	FALSE	TRUE	FALSE	FALSE	FALSE	FALSE	uv_specific_instable
RvY_00384-1	1	uv	0.8869047619047619	0.1130952380952381	0.4285714285714286	FALSE	TRUE	FALSE	FALSE	FALSE	FALSE	uv_specific_instable
RvY_00398	1	uv	0.8869047619047619	0.1130952380952381	0.4285714285714286	FALSE	TRUE	FALSE	FALSE	FALSE	FALSE	uv_specific_instable
RvY_00453-1	1	uv	0.8869047619047619	0.1130952380952381	0.4285714285714286	FALSE	TRUE	FALSE	FALSE	FALSE	FALSE	uv_specific_instable
RvY_00677-1	1	uv	0.8869047619047619	0.1130952380952381	0.4285714285714286	FALSE	TRUE	FALSE	FALSE	FALSE	FALSE	uv_specific_instable
RvY_00736-1	1	uv	0.8869047619047619	0.1130952380952381	0.4285714285714286	FALSE	TRUE	FALSE	FALSE	FALSE	FALSE	uv_specific_instable
RvY_00761-1	1	uv	0.8869047619047619	0.1130952380952381	0.4285714285714286	FALSE	TRUE	FALSE	FALSE	FALSE	FALSE	uv_specific_instable
RvY_00816	1	uv	0.8869047619047619	0.1130952380952381	0.4285714285714286	FALSE	TRUE	FALSE	FALSE	FALSE	FALSE	uv_specific_instable
RvY_00936-1	1	uv	0.8869047619047619	0.1130952380952381	0.4285714285714286	FALSE	TRUE	FALSE	FALSE	FALSE	FALSE	uv_specific_instable
RvY_00944-1	1	uv	0.8869047619047619	0.1130952380952381	0.4285714285714286	FALSE	TRUE	FALSE	FALSE	FALSE	FALSE	uv_specific_instable
RvY_00953	1	uv	0.8869047619047619	0.1130952380952381	0.4285714285714286	FALSE	TRUE	FALSE	FALSE	FALSE	FALSE	uv_specific_instable
RvY_01040-1	1	uv	0.8869047619047619	0.1130952380952381	0.4285714285714286	FALSE	TRUE	FALSE	FALSE	FALSE	FALSE	uv_specific_instable
RvY_01163-1	1	uv	0.8869047619047619	0.1130952380952381	0.4285714285714286	FALSE	TRUE	FALSE	FALSE	FALSE	FALSE	uv_specific_instable
RvY_01303-1	1	uv	0.8869047619047619	0.1130952380952381	0.4285714285714286	FALSE	TRUE	FALSE	FALSE	FALSE	FALSE	uv_specific_instable
RvY_01349-1	1	uv	0.8869047619047619	0.1130952380952381	0.4285714285714286	FALSE	TRUE	FALSE	FALSE	FALSE	FALSE	uv_specific_instable
RvY_01404	1	uv	0.8869047619047619	0.1130952380952381	0.4285714285714286	FALSE	TRUE	FALSE	FALSE	FALSE	FALSE	uv_specific_instable
RvY_01443-1	1	uv	0.8869047619047619	0.1130952380952381	0.4285714285714286	FALSE	TRUE	FALSE	FALSE	FALSE	FALSE	uv_specific_instable
RvY_01577-1	1	uv	0.8869047619047619	0.1130952380952381	0.4285714285714286	FALSE	TRUE	FALSE	FALSE	FALSE	FALSE	uv_specific_instable
RvY_01595-1	1	uv	0.8869047619047619	0.1130952380952381	0.4285714285714286	FALSE	TRUE	FALSE	FALSE	FALSE	FALSE	uv_specific_instable
RvY_01642-1	1	uv	0.8869047619047619	0.1130952380952381	0.4285714285714286	FALSE	TRUE	FALSE	FALSE	FALSE	FALSE	uv_specific_instable
RvY_01662-1	1	uv	0.8869047619047619	0.1130952380952381	0.4285714285714286	FALSE	TRUE	FALSE	FALSE	FALSE	FALSE	uv_specific_instable
RvY_01814-1	1	uv	0.8869047619047619	0.1130952380952381	0.4285714285714286	FALSE	TRUE	FALSE	FALSE	FALSE	FALSE	uv_specific_instable
RvY_01895-1	1	uv	0.8869047619047619	0.1130952380952381	0.4285714285714286	FALSE	TRUE	FALSE	FALSE	FALSE	FALSE	uv_specific_instable
RvY_01955	1	uv	0.8869047619047619	0.1130952380952381	0.4285714285714286	FALSE	TRUE	FALSE	FALSE	FALSE	FALSE	uv_specific_instable
RvY_02017-1	1	uv	0.8869047619047619	0.1130952380952381	0.4285714285714286	FALSE	TRUE	FALSE	FALSE	FALSE	FALSE	uv_specific_instable
RvY_02036-1	1	uv	0.8869047619047619	0.1130952380952381	0.4285714285714286	FALSE	TRUE	FALSE	FALSE	FALSE	FALSE	uv_specific_instable
RvY_02145-1	1	uv	0.8869047619047619	0.1130952380952381	0.4285714285714286	FALSE	TRUE	FALSE	FALSE	FALSE	FALSE	uv_specific_instable
RvY_02240-1	1	uv	0.8869047619047619	0.1130952380952381	0.4285714285714286	FALSE	TRUE	FALSE	FALSE	FALSE	FALSE	uv_specific_instable
RvY_02314	1	uv	0.8869047619047619	0.1130952380952381	0.4285714285714286	FALSE	TRUE	FALSE	FALSE	FALSE	FALSE	uv_specific_instable
RvY_02353-1	1	uv	0.8869047619047619	0.1130952380952381	0.4285714285714286	FALSE	TRUE	FALSE	FALSE	FALSE	FALSE	uv_specific_instable
RvY_02388-1	1	uv	0.8869047619047619	0.1130952380952381	0.4285714285714286	FALSE	TRUE	FALSE	FALSE	FALSE	FALSE	uv_specific_instable
RvY_02429	1	uv	0.8869047619047619	0.1130952380952381	0.4285714285714286	FALSE	TRUE	FALSE	FALSE	FALSE	FALSE	uv_specific_instable
RvY_02516-1	1	uv	0.8869047619047619	0.1130952380952381	0.4285714285714286	FALSE	TRUE	FALSE	FALSE	FALSE	FALSE	uv_specific_instable
RvY_02774-1	1	uv	0.8869047619047619	0.1130952380952381	0.4285714285714286	FALSE	TRUE	FALSE	FALSE	FALSE	FALSE	uv_specific_instable
RvY_02785-1	1	uv	0.8869047619047619	0.1130952380952381	0.4285714285714286	FALSE	TRUE	FALSE	FALSE	FALSE	FALSE	uv_specific_instable
RvY_02985-1	1	uv	0.8869047619047619	0.1130952380952381	0.4285714285714286	FALSE	TRUE	FALSE	FALSE	FALSE	FALSE	uv_specific_instable
RvY_03165-1	1	uv	0.8869047619047619	0.1130952380952381	0.4285714285714286	FALSE	TRUE	FALSE	FALSE	FALSE	FALSE	uv_specific_instable
RvY_03185-1	1	uv	0.8869047619047619	0.1130952380952381	0.4285714285714286	FALSE	TRUE	FALSE	FALSE	FALSE	FALSE	uv_specific_instable
RvY_03285	1	uv	0.8869047619047619	0.1130952380952381	0.4285714285714286	FALSE	TRUE	FALSE	FALSE	FALSE	FALSE	uv_specific_instable
RvY_03409-1	1	uv	0.8869047619047619	0.1130952380952381	0.4285714285714286	FALSE	TRUE	FALSE	FALSE	FALSE	FALSE	uv_specific_instable
RvY_03439	1	uv	0.8869047619047619	0.1130952380952381	0.4285714285714286	FALSE	TRUE	FALSE	FALSE	FALSE	FALSE	uv_specific_instable
RvY_03455	1	uv	0.8869047619047619	0.1130952380952381	0.4285714285714286	FALSE	TRUE	FALSE	FALSE	FALSE	FALSE	uv_specific_instable
RvY_03460-1	1	uv	0.8869047619047619	0.1130952380952381	0.4285714285714286	FALSE	TRUE	FALSE	FALSE	FALSE	FALSE	uv_specific_instable
RvY_03526-1	1	uv	0.8869047619047619	0.1130952380952381	0.4285714285714286	FALSE	TRUE	FALSE	FALSE	FALSE	FALSE	uv_specific_instable
RvY_03560-1	1	uv	0.8869047619047619	0.1130952380952381	0.4285714285714286	FALSE	TRUE	FALSE	FALSE	FALSE	FALSE	uv_specific_instable
RvY_03584-1	1	uv	0.8869047619047619	0.1130952380952381	0.4285714285714286	FALSE	TRUE	FALSE	FALSE	FALSE	FALSE	uv_specific_instable
RvY_03649-1	1	uv	0.8869047619047619	0.1130952380952381	0.4285714285714286	FALSE	TRUE	FALSE	FALSE	FALSE	FALSE	uv_specific_instable
RvY_03804-1	1	uv	0.8869047619047619	0.1130952380952381	0.4285714285714286	FALSE	TRUE	FALSE	FALSE	FALSE	FALSE	uv_specific_instable
RvY_03833-1	1	uv	0.8869047619047619	0.1130952380952381	0.4285714285714286	FALSE	TRUE	FALSE	FALSE	FALSE	FALSE	uv_specific_instable
RvY_03938-1	1	uv	0.8869047619047619	0.1130952380952381	0.4285714285714286	FALSE	TRUE	FALSE	FALSE	FALSE	FALSE	uv_specific_instable
RvY_03961-1	1	uv	0.8869047619047619	0.1130952380952381	0.4285714285714286	FALSE	TRUE	FALSE	FALSE	FALSE	FALSE	uv_specific_instable
RvY_03989-1	1	uv	0.8869047619047619	0.1130952380952381	0.4285714285714286	FALSE	TRUE	FALSE	FALSE	FALSE	FALSE	uv_specific_instable
RvY_04208	1	uv	0.8869047619047619	0.1130952380952381	0.4285714285714286	FALSE	TRUE	FALSE	FALSE	FALSE	FALSE	uv_specific_instable
RvY_04227-1	1	uv	0.8869047619047619	0.1130952380952381	0.4285714285714286	FALSE	TRUE	FALSE	FALSE	FALSE	FALSE	uv_specific_instable
RvY_04289-1	1	uv	0.8869047619047619	0.1130952380952381	0.4285714285714286	FALSE	TRUE	FALSE	FALSE	FALSE	FALSE	uv_specific_instable
RvY_04310-1	1	uv	0.8869047619047619	0.1130952380952381	0.4285714285714286	FALSE	TRUE	FALSE	FALSE	FALSE	FALSE	uv_specific_instable
RvY_04457-1	1	uv	0.8869047619047619	0.1130952380952381	0.4285714285714286	FALSE	TRUE	FALSE	FALSE	FALSE	FALSE	uv_specific_instable
RvY_04482	1	uv	0.8869047619047619	0.1130952380952381	0.4285714285714286	FALSE	TRUE	FALSE	FALSE	FALSE	FALSE	uv_specific_instable
RvY_04519	1	uv	0.8869047619047619	0.1130952380952381	0.4285714285714286	FALSE	TRUE	FALSE	FALSE	FALSE	FALSE	uv_specific_instable
RvY_04667-1	1	uv	0.8869047619047619	0.1130952380952381	0.4285714285714286	FALSE	TRUE	FALSE	FALSE	FALSE	FALSE	uv_specific_instable
RvY_04761-1	1	uv	0.8869047619047619	0.1130952380952381	0.4285714285714286	FALSE	TRUE	FALSE	FALSE	FALSE	FALSE	uv_specific_instable
RvY_04774-1	1	uv	0.8869047619047619	0.1130952380952381	0.4285714285714286	FALSE	TRUE	FALSE	FALSE	FALSE	FALSE	uv_specific_instable
RvY_04796-1	1	uv	0.8869047619047619	0.1130952380952381	0.4285714285714286	FALSE	TRUE	FALSE	FALSE	FALSE	FALSE	uv_specific_instable
RvY_04810-1	1	uv	0.8869047619047619	0.1130952380952381	0.4285714285714286	FALSE	TRUE	FALSE	FALSE	FALSE	FALSE	uv_specific_instable
RvY_04813-1	1	uv	0.8869047619047619	0.1130952380952381	0.4285714285714286	FALSE	TRUE	FALSE	FALSE	FALSE	FALSE	uv_specific_instable
RvY_04915-1	1	uv	0.8869047619047619	0.1130952380952381	0.4285714285714286	FALSE	TRUE	FALSE	FALSE	FALSE	FALSE	uv_specific_instable
RvY_04916	1	uv	0.8869047619047619	0.1130952380952381	0.4285714285714286	FALSE	TRUE	FALSE	FALSE	FALSE	FALSE	uv_specific_instable
RvY_04980-1	1	uv	0.8869047619047619	0.1130952380952381	0.4285714285714286	FALSE	TRUE	FALSE	FALSE	FALSE	FALSE	uv_specific_instable
RvY_04985-1	1	uv	0.8869047619047619	0.1130952380952381	0.4285714285714286	FALSE	TRUE	FALSE	FALSE	FALSE	FALSE	uv_specific_instable
RvY_05004-1	1	uv	0.8869047619047619	0.1130952380952381	0.4285714285714286	FALSE	TRUE	FALSE	FALSE	FALSE	FALSE	uv_specific_instable
RvY_05053-1	1	uv	0.8869047619047619	0.1130952380952381	0.4285714285714286	FALSE	TRUE	FALSE	FALSE	FALSE	FALSE	uv_specific_instable
RvY_05056-1	1	uv	0.8869047619047619	0.1130952380952381	0.4285714285714286	FALSE	TRUE	FALSE	FALSE	FALSE	FALSE	uv_specific_instable
RvY_05109-1	1	uv	0.8869047619047619	0.1130952380952381	0.4285714285714286	FALSE	TRUE	FALSE	FALSE	FALSE	FALSE	uv_specific_instable
RvY_05162-1	1	uv	0.8869047619047619	0.1130952380952381	0.4285714285714286	FALSE	TRUE	FALSE	FALSE	FALSE	FALSE	uv_specific_instable
RvY_05216-1	1	uv	0.8869047619047619	0.1130952380952381	0.4285714285714286	FALSE	TRUE	FALSE	FALSE	FALSE	FALSE	uv_specific_instable
RvY_05236-1	1	uv	0.8869047619047619	0.1130952380952381	0.4285714285714286	FALSE	TRUE	FALSE	FALSE	FALSE	FALSE	uv_specific_instable
RvY_05329-1	1	uv	0.8869047619047619	0.1130952380952381	0.4285714285714286	FALSE	TRUE	FALSE	FALSE	FALSE	FALSE	uv_specific_instable
RvY_05370	1	uv	0.8869047619047619	0.1130952380952381	0.4285714285714286	FALSE	TRUE	FALSE	FALSE	FALSE	FALSE	uv_specific_instable
RvY_05401	1	uv	0.8869047619047619	0.1130952380952381	0.4285714285714286	FALSE	TRUE	FALSE	FALSE	FALSE	FALSE	uv_specific_instable
RvY_05485-1	1	uv	0.8869047619047619	0.1130952380952381	0.4285714285714286	FALSE	TRUE	FALSE	FALSE	FALSE	FALSE	uv_specific_instable
RvY_05674-1	1	uv	0.8869047619047619	0.1130952380952381	0.4285714285714286	FALSE	TRUE	FALSE	FALSE	FALSE	FALSE	uv_specific_instable
RvY_05745-1	1	uv	0.8869047619047619	0.1130952380952381	0.4285714285714286	FALSE	TRUE	FALSE	FALSE	FALSE	FALSE	uv_specific_instable
RvY_05969-1	1	uv	0.8869047619047619	0.1130952380952381	0.4285714285714286	FALSE	TRUE	FALSE	FALSE	FALSE	FALSE	uv_specific_instable
RvY_06046-1	1	uv	0.8869047619047619	0.1130952380952381	0.4285714285714286	FALSE	TRUE	FALSE	FALSE	FALSE	FALSE	uv_specific_instable
RvY_06128	1	uv	0.8869047619047619	0.1130952380952381	0.4285714285714286	FALSE	TRUE	FALSE	FALSE	FALSE	FALSE	uv_specific_instable
RvY_06361-1	1	uv	0.8869047619047619	0.1130952380952381	0.4285714285714286	FALSE	TRUE	FALSE	FALSE	FALSE	FALSE	uv_specific_instable
RvY_06399-1	1	uv	0.8869047619047619	0.1130952380952381	0.4285714285714286	FALSE	TRUE	FALSE	FALSE	FALSE	FALSE	uv_specific_instable
RvY_06454-1	1	uv	0.8869047619047619	0.1130952380952381	0.4285714285714286	FALSE	TRUE	FALSE	FALSE	FALSE	FALSE	uv_specific_instable
RvY_06823-1	1	uv	0.8869047619047619	0.1130952380952381	0.4285714285714286	FALSE	TRUE	FALSE	FALSE	FALSE	FALSE	uv_specific_instable
RvY_06873-1	1	uv	0.8869047619047619	0.1130952380952381	0.4285714285714286	FALSE	TRUE	FALSE	FALSE	FALSE	FALSE	uv_specific_instable
RvY_07051-1	1	uv	0.8869047619047619	0.1130952380952381	0.4285714285714286	FALSE	TRUE	FALSE	FALSE	FALSE	FALSE	uv_specific_instable
RvY_07117-1	1	uv	0.8869047619047619	0.1130952380952381	0.4285714285714286	FALSE	TRUE	FALSE	FALSE	FALSE	FALSE	uv_specific_instable
RvY_07234-1	1	uv	0.8869047619047619	0.1130952380952381	0.4285714285714286	FALSE	TRUE	FALSE	FALSE	FALSE	FALSE	uv_specific_instable
RvY_07240-1	1	uv	0.8869047619047619	0.1130952380952381	0.4285714285714286	FALSE	TRUE	FALSE	FALSE	FALSE	FALSE	uv_specific_instable
RvY_07294-1	1	uv	0.8869047619047619	0.1130952380952381	0.4285714285714286	FALSE	TRUE	FALSE	FALSE	FALSE	FALSE	uv_specific_instable
RvY_07362-1	1	uv	0.8869047619047619	0.1130952380952381	0.4285714285714286	FALSE	TRUE	FALSE	FALSE	FALSE	FALSE	uv_specific_instable
RvY_07443-1	1	uv	0.8869047619047619	0.1130952380952381	0.4285714285714286	FALSE	TRUE	FALSE	FALSE	FALSE	FALSE	uv_specific_instable
RvY_07572	1	uv	0.8869047619047619	0.1130952380952381	0.4285714285714286	FALSE	TRUE	FALSE	FALSE	FALSE	FALSE	uv_specific_instable
RvY_07788-1	1	uv	0.8869047619047619	0.1130952380952381	0.4285714285714286	FALSE	TRUE	FALSE	FALSE	FALSE	FALSE	uv_specific_instable
RvY_07832-1	1	uv	0.8869047619047619	0.1130952380952381	0.4285714285714286	FALSE	TRUE	FALSE	FALSE	FALSE	FALSE	uv_specific_instable
RvY_07894	1	uv	0.8869047619047619	0.1130952380952381	0.4285714285714286	FALSE	TRUE	FALSE	FALSE	FALSE	FALSE	uv_specific_instable
RvY_07978-1	1	uv	0.8869047619047619	0.1130952380952381	0.4285714285714286	FALSE	TRUE	FALSE	FALSE	FALSE	FALSE	uv_specific_instable
RvY_07985-1	1	uv	0.8869047619047619	0.1130952380952381	0.4285714285714286	FALSE	TRUE	FALSE	FALSE	FALSE	FALSE	uv_specific_instable
RvY_08026-1	1	uv	0.8869047619047619	0.1130952380952381	0.4285714285714286	FALSE	TRUE	FALSE	FALSE	FALSE	FALSE	uv_specific_instable
RvY_08074-1	1	uv	0.8869047619047619	0.1130952380952381	0.4285714285714286	FALSE	TRUE	FALSE	FALSE	FALSE	FALSE	uv_specific_instable
RvY_08085	1	uv	0.8869047619047619	0.1130952380952381	0.4285714285714286	FALSE	TRUE	FALSE	FALSE	FALSE	FALSE	uv_specific_instable
RvY_08116	1	uv	0.8869047619047619	0.1130952380952381	0.4285714285714286	FALSE	TRUE	FALSE	FALSE	FALSE	FALSE	uv_specific_instable
RvY_08125-1	1	uv	0.8869047619047619	0.1130952380952381	0.4285714285714286	FALSE	TRUE	FALSE	FALSE	FALSE	FALSE	uv_specific_instable
RvY_08144-1	1	uv	0.8869047619047619	0.1130952380952381	0.4285714285714286	FALSE	TRUE	FALSE	FALSE	FALSE	FALSE	uv_specific_instable
RvY_08165-1	1	uv	0.8869047619047619	0.1130952380952381	0.4285714285714286	FALSE	TRUE	FALSE	FALSE	FALSE	FALSE	uv_specific_instable
RvY_08213-1	1	uv	0.8869047619047619	0.1130952380952381	0.4285714285714286	FALSE	TRUE	FALSE	FALSE	FALSE	FALSE	uv_specific_instable
RvY_08377-1	1	uv	0.8869047619047619	0.1130952380952381	0.4285714285714286	FALSE	TRUE	FALSE	FALSE	FALSE	FALSE	uv_specific_instable
RvY_08391-1	1	uv	0.8869047619047619	0.1130952380952381	0.4285714285714286	FALSE	TRUE	FALSE	FALSE	FALSE	FALSE	uv_specific_instable
RvY_08417-1	1	uv	0.8869047619047619	0.1130952380952381	0.4285714285714286	FALSE	TRUE	FALSE	FALSE	FALSE	FALSE	uv_specific_instable
RvY_08485-1	1	uv	0.8869047619047619	0.1130952380952381	0.4285714285714286	FALSE	TRUE	FALSE	FALSE	FALSE	FALSE	uv_specific_instable
RvY_08524-1	1	uv	0.8869047619047619	0.1130952380952381	0.4285714285714286	FALSE	TRUE	FALSE	FALSE	FALSE	FALSE	uv_specific_instable
RvY_08596-1	1	uv	0.8869047619047619	0.1130952380952381	0.4285714285714286	FALSE	TRUE	FALSE	FALSE	FALSE	FALSE	uv_specific_instable
RvY_08890-1	1	uv	0.8869047619047619	0.1130952380952381	0.4285714285714286	FALSE	TRUE	FALSE	FALSE	FALSE	FALSE	uv_specific_instable
RvY_08919-1	1	uv	0.8869047619047619	0.1130952380952381	0.4285714285714286	FALSE	TRUE	FALSE	FALSE	FALSE	FALSE	uv_specific_instable
RvY_09080-1	1	uv	0.8869047619047619	0.1130952380952381	0.4285714285714286	FALSE	TRUE	FALSE	FALSE	FALSE	FALSE	uv_specific_instable
RvY_09109-1	1	uv	0.8869047619047619	0.1130952380952381	0.4285714285714286	FALSE	TRUE	FALSE	FALSE	FALSE	FALSE	uv_specific_instable
RvY_09112-1	1	uv	0.8869047619047619	0.1130952380952381	0.4285714285714286	FALSE	TRUE	FALSE	FALSE	FALSE	FALSE	uv_specific_instable
RvY_09192-1	1	uv	0.8869047619047619	0.1130952380952381	0.4285714285714286	FALSE	TRUE	FALSE	FALSE	FALSE	FALSE	uv_specific_instable
RvY_09209	1	uv	0.8869047619047619	0.1130952380952381	0.4285714285714286	FALSE	TRUE	FALSE	FALSE	FALSE	FALSE	uv_specific_instable
RvY_09253-1	1	uv	0.8869047619047619	0.1130952380952381	0.4285714285714286	FALSE	TRUE	FALSE	FALSE	FALSE	FALSE	uv_specific_instable
RvY_09268-1	1	uv	0.8869047619047619	0.1130952380952381	0.4285714285714286	FALSE	TRUE	FALSE	FALSE	FALSE	FALSE	uv_specific_instable
RvY_09283-1	1	uv	0.8869047619047619	0.1130952380952381	0.4285714285714286	FALSE	TRUE	FALSE	FALSE	FALSE	FALSE	uv_specific_instable
RvY_09314-1	1	uv	0.8869047619047619	0.1130952380952381	0.4285714285714286	FALSE	TRUE	FALSE	FALSE	FALSE	FALSE	uv_specific_instable
RvY_09405-1	1	uv	0.8869047619047619	0.1130952380952381	0.4285714285714286	FALSE	TRUE	FALSE	FALSE	FALSE	FALSE	uv_specific_instable
RvY_09406-1	1	uv	0.8869047619047619	0.1130952380952381	0.4285714285714286	FALSE	TRUE	FALSE	FALSE	FALSE	FALSE	uv_specific_instable
RvY_09434-1	1	uv	0.8869047619047619	0.1130952380952381	0.4285714285714286	FALSE	TRUE	FALSE	FALSE	FALSE	FALSE	uv_specific_instable
RvY_09651	1	uv	0.8869047619047619	0.1130952380952381	0.4285714285714286	FALSE	TRUE	FALSE	FALSE	FALSE	FALSE	uv_specific_instable
RvY_09684-1	1	uv	0.8869047619047619	0.1130952380952381	0.4285714285714286	FALSE	TRUE	FALSE	FALSE	FALSE	FALSE	uv_specific_instable
RvY_09852-1	1	uv	0.8869047619047619	0.1130952380952381	0.4285714285714286	FALSE	TRUE	FALSE	FALSE	FALSE	FALSE	uv_specific_instable
RvY_09869-1	1	uv	0.8869047619047619	0.1130952380952381	0.4285714285714286	FALSE	TRUE	FALSE	FALSE	FALSE	FALSE	uv_specific_instable
RvY_10063-1	1	uv	0.8869047619047619	0.1130952380952381	0.4285714285714286	FALSE	TRUE	FALSE	FALSE	FALSE	FALSE	uv_specific_instable
RvY_10082-1	1	uv	0.8869047619047619	0.1130952380952381	0.4285714285714286	FALSE	TRUE	FALSE	FALSE	FALSE	FALSE	uv_specific_instable
RvY_10231-1	1	uv	0.8869047619047619	0.1130952380952381	0.4285714285714286	FALSE	TRUE	FALSE	FALSE	FALSE	FALSE	uv_specific_instable
RvY_10367	1	uv	0.8869047619047619	0.1130952380952381	0.4285714285714286	FALSE	TRUE	FALSE	FALSE	FALSE	FALSE	uv_specific_instable
RvY_10399-1	1	uv	0.8869047619047619	0.1130952380952381	0.4285714285714286	FALSE	TRUE	FALSE	FALSE	FALSE	FALSE	uv_specific_instable
RvY_10477-1	1	uv	0.8869047619047619	0.1130952380952381	0.4285714285714286	FALSE	TRUE	FALSE	FALSE	FALSE	FALSE	uv_specific_instable
RvY_10520-1	1	uv	0.8869047619047619	0.1130952380952381	0.4285714285714286	FALSE	TRUE	FALSE	FALSE	FALSE	FALSE	uv_specific_instable
RvY_10566-1	1	uv	0.8869047619047619	0.1130952380952381	0.4285714285714286	FALSE	TRUE	FALSE	FALSE	FALSE	FALSE	uv_specific_instable
RvY_10628	1	uv	0.8869047619047619	0.1130952380952381	0.4285714285714286	FALSE	TRUE	FALSE	FALSE	FALSE	FALSE	uv_specific_instable
RvY_10664-1	1	uv	0.8869047619047619	0.1130952380952381	0.4285714285714286	FALSE	TRUE	FALSE	FALSE	FALSE	FALSE	uv_specific_instable
RvY_10685-1	1	uv	0.8869047619047619	0.1130952380952381	0.4285714285714286	FALSE	TRUE	FALSE	FALSE	FALSE	FALSE	uv_specific_instable
RvY_10731-1	1	uv	0.8869047619047619	0.1130952380952381	0.4285714285714286	FALSE	TRUE	FALSE	FALSE	FALSE	FALSE	uv_specific_instable
RvY_10747-1	1	uv	0.8869047619047619	0.1130952380952381	0.4285714285714286	FALSE	TRUE	FALSE	FALSE	FALSE	FALSE	uv_specific_instable
RvY_10822-1	1	uv	0.8869047619047619	0.1130952380952381	0.4285714285714286	FALSE	TRUE	FALSE	FALSE	FALSE	FALSE	uv_specific_instable
RvY_11004	1	uv	0.8869047619047619	0.1130952380952381	0.4285714285714286	FALSE	TRUE	FALSE	FALSE	FALSE	FALSE	uv_specific_instable
RvY_11288-1	1	uv	0.8869047619047619	0.1130952380952381	0.4285714285714286	FALSE	TRUE	FALSE	FALSE	FALSE	FALSE	uv_specific_instable
RvY_11351	1	uv	0.8869047619047619	0.1130952380952381	0.4285714285714286	FALSE	TRUE	FALSE	FALSE	FALSE	FALSE	uv_specific_instable
RvY_11414-1	1	uv	0.8869047619047619	0.1130952380952381	0.4285714285714286	FALSE	TRUE	FALSE	FALSE	FALSE	FALSE	uv_specific_instable
RvY_11429-1	1	uv	0.8869047619047619	0.1130952380952381	0.4285714285714286	FALSE	TRUE	FALSE	FALSE	FALSE	FALSE	uv_specific_instable
RvY_11585-1	1	uv	0.8869047619047619	0.1130952380952381	0.4285714285714286	FALSE	TRUE	FALSE	FALSE	FALSE	FALSE	uv_specific_instable
RvY_11665-1	1	uv	0.8869047619047619	0.1130952380952381	0.4285714285714286	FALSE	TRUE	FALSE	FALSE	FALSE	FALSE	uv_specific_instable
RvY_11683-1	1	uv	0.8869047619047619	0.1130952380952381	0.4285714285714286	FALSE	TRUE	FALSE	FALSE	FALSE	FALSE	uv_specific_instable
RvY_11711-1	1	uv	0.8869047619047619	0.1130952380952381	0.4285714285714286	FALSE	TRUE	FALSE	FALSE	FALSE	FALSE	uv_specific_instable
RvY_11851-1	1	uv	0.8869047619047619	0.1130952380952381	0.4285714285714286	FALSE	TRUE	FALSE	FALSE	FALSE	FALSE	uv_specific_instable
RvY_12021-1	1	uv	0.8869047619047619	0.1130952380952381	0.4285714285714286	FALSE	TRUE	FALSE	FALSE	FALSE	FALSE	uv_specific_instable
RvY_12168	1	uv	0.8869047619047619	0.1130952380952381	0.4285714285714286	FALSE	TRUE	FALSE	FALSE	FALSE	FALSE	uv_specific_instable
RvY_12215	1	uv	0.8869047619047619	0.1130952380952381	0.4285714285714286	FALSE	TRUE	FALSE	FALSE	FALSE	FALSE	uv_specific_instable
RvY_12238-1	1	uv	0.8869047619047619	0.1130952380952381	0.4285714285714286	FALSE	TRUE	FALSE	FALSE	FALSE	FALSE	uv_specific_instable
RvY_12622-1	1	uv	0.8869047619047619	0.1130952380952381	0.4285714285714286	FALSE	TRUE	FALSE	FALSE	FALSE	FALSE	uv_specific_instable
RvY_12739-1	1	uv	0.8869047619047619	0.1130952380952381	0.4285714285714286	FALSE	TRUE	FALSE	FALSE	FALSE	FALSE	uv_specific_instable
RvY_12761	1	uv	0.8869047619047619	0.1130952380952381	0.4285714285714286	FALSE	TRUE	FALSE	FALSE	FALSE	FALSE	uv_specific_instable
RvY_12764-1	1	uv	0.8869047619047619	0.1130952380952381	0.4285714285714286	FALSE	TRUE	FALSE	FALSE	FALSE	FALSE	uv_specific_instable
RvY_12777-1	1	uv	0.8869047619047619	0.1130952380952381	0.4285714285714286	FALSE	TRUE	FALSE	FALSE	FALSE	FALSE	uv_specific_instable
RvY_12817-1	1	uv	0.8869047619047619	0.1130952380952381	0.4285714285714286	FALSE	TRUE	FALSE	FALSE	FALSE	FALSE	uv_specific_instable
RvY_12852-1	1	uv	0.8869047619047619	0.1130952380952381	0.4285714285714286	FALSE	TRUE	FALSE	FALSE	FALSE	FALSE	uv_specific_instable
RvY_12950-1	1	uv	0.8869047619047619	0.1130952380952381	0.4285714285714286	FALSE	TRUE	FALSE	FALSE	FALSE	FALSE	uv_specific_instable
RvY_12981-1	1	uv	0.8869047619047619	0.1130952380952381	0.4285714285714286	FALSE	TRUE	FALSE	FALSE	FALSE	FALSE	uv_specific_instable
RvY_13024-1	1	uv	0.8869047619047619	0.1130952380952381	0.4285714285714286	FALSE	TRUE	FALSE	FALSE	FALSE	FALSE	uv_specific_instable
RvY_13047	1	uv	0.8869047619047619	0.1130952380952381	0.4285714285714286	FALSE	TRUE	FALSE	FALSE	FALSE	FALSE	uv_specific_instable
RvY_13071-1	1	uv	0.8869047619047619	0.1130952380952381	0.4285714285714286	FALSE	TRUE	FALSE	FALSE	FALSE	FALSE	uv_specific_instable
RvY_13255-1	1	uv	0.8869047619047619	0.1130952380952381	0.4285714285714286	FALSE	TRUE	FALSE	FALSE	FALSE	FALSE	uv_specific_instable
RvY_13302-1	1	uv	0.8869047619047619	0.1130952380952381	0.4285714285714286	FALSE	TRUE	FALSE	FALSE	FALSE	FALSE	uv_specific_instable
RvY_13376-1	1	uv	0.8869047619047619	0.1130952380952381	0.4285714285714286	FALSE	TRUE	FALSE	FALSE	FALSE	FALSE	uv_specific_instable
RvY_13476-1	1	uv	0.8869047619047619	0.1130952380952381	0.4285714285714286	FALSE	TRUE	FALSE	FALSE	FALSE	FALSE	uv_specific_instable
RvY_13484	1	uv	0.8869047619047619	0.1130952380952381	0.4285714285714286	FALSE	TRUE	FALSE	FALSE	FALSE	FALSE	uv_specific_instable
RvY_13509	1	uv	0.8869047619047619	0.1130952380952381	0.4285714285714286	FALSE	TRUE	FALSE	FALSE	FALSE	FALSE	uv_specific_instable
RvY_13643-1	1	uv	0.8869047619047619	0.1130952380952381	0.4285714285714286	FALSE	TRUE	FALSE	FALSE	FALSE	FALSE	uv_specific_instable
RvY_13748-1	1	uv	0.8869047619047619	0.1130952380952381	0.4285714285714286	FALSE	TRUE	FALSE	FALSE	FALSE	FALSE	uv_specific_instable
RvY_13788	1	uv	0.8869047619047619	0.1130952380952381	0.4285714285714286	FALSE	TRUE	FALSE	FALSE	FALSE	FALSE	uv_specific_instable
RvY_13893-1	1	uv	0.8869047619047619	0.1130952380952381	0.4285714285714286	FALSE	TRUE	FALSE	FALSE	FALSE	FALSE	uv_specific_instable
RvY_13920-1	1	uv	0.8869047619047619	0.1130952380952381	0.4285714285714286	FALSE	TRUE	FALSE	FALSE	FALSE	FALSE	uv_specific_instable
RvY_13994-1	1	uv	0.8869047619047619	0.1130952380952381	0.4285714285714286	FALSE	TRUE	FALSE	FALSE	FALSE	FALSE	uv_specific_instable
RvY_14266	1	uv	0.8869047619047619	0.1130952380952381	0.4285714285714286	FALSE	TRUE	FALSE	FALSE	FALSE	FALSE	uv_specific_instable
RvY_14320-1	1	uv	0.8869047619047619	0.1130952380952381	0.4285714285714286	FALSE	TRUE	FALSE	FALSE	FALSE	FALSE	uv_specific_instable
RvY_14382	1	uv	0.8869047619047619	0.1130952380952381	0.4285714285714286	FALSE	TRUE	FALSE	FALSE	FALSE	FALSE	uv_specific_instable
RvY_14423-1	1	uv	0.8869047619047619	0.1130952380952381	0.4285714285714286	FALSE	TRUE	FALSE	FALSE	FALSE	FALSE	uv_specific_instable
RvY_14430	1	uv	0.8869047619047619	0.1130952380952381	0.4285714285714286	FALSE	TRUE	FALSE	FALSE	FALSE	FALSE	uv_specific_instable
RvY_14516-1	1	uv	0.8869047619047619	0.1130952380952381	0.4285714285714286	FALSE	TRUE	FALSE	FALSE	FALSE	FALSE	uv_specific_instable
RvY_14562	1	uv	0.8869047619047619	0.1130952380952381	0.4285714285714286	FALSE	TRUE	FALSE	FALSE	FALSE	FALSE	uv_specific_instable
RvY_14574-1	1	uv	0.8869047619047619	0.1130952380952381	0.4285714285714286	FALSE	TRUE	FALSE	FALSE	FALSE	FALSE	uv_specific_instable
RvY_14576	1	uv	0.8869047619047619	0.1130952380952381	0.4285714285714286	FALSE	TRUE	FALSE	FALSE	FALSE	FALSE	uv_specific_instable
RvY_14633-1	1	uv	0.8869047619047619	0.1130952380952381	0.4285714285714286	FALSE	TRUE	FALSE	FALSE	FALSE	FALSE	uv_specific_instable
RvY_14662-1	1	uv	0.8869047619047619	0.1130952380952381	0.4285714285714286	FALSE	TRUE	FALSE	FALSE	FALSE	FALSE	uv_specific_instable
RvY_14829-1	1	uv	0.8869047619047619	0.1130952380952381	0.4285714285714286	FALSE	TRUE	FALSE	FALSE	FALSE	FALSE	uv_specific_instable
RvY_14847-1	1	uv	0.8869047619047619	0.1130952380952381	0.4285714285714286	FALSE	TRUE	FALSE	FALSE	FALSE	FALSE	uv_specific_instable
RvY_14934-1	1	uv	0.8869047619047619	0.1130952380952381	0.4285714285714286	FALSE	TRUE	FALSE	FALSE	FALSE	FALSE	uv_specific_instable
RvY_14954-1	1	uv	0.8869047619047619	0.1130952380952381	0.4285714285714286	FALSE	TRUE	FALSE	FALSE	FALSE	FALSE	uv_specific_instable
RvY_14957-1	1	uv	0.8869047619047619	0.1130952380952381	0.4285714285714286	FALSE	TRUE	FALSE	FALSE	FALSE	FALSE	uv_specific_instable
RvY_14963-1	1	uv	0.8869047619047619	0.1130952380952381	0.4285714285714286	FALSE	TRUE	FALSE	FALSE	FALSE	FALSE	uv_specific_instable
RvY_15007-1	1	uv	0.8869047619047619	0.1130952380952381	0.4285714285714286	FALSE	TRUE	FALSE	FALSE	FALSE	FALSE	uv_specific_instable
RvY_15009-1	1	uv	0.8869047619047619	0.1130952380952381	0.4285714285714286	FALSE	TRUE	FALSE	FALSE	FALSE	FALSE	uv_specific_instable
RvY_15146-1	1	uv	0.8869047619047619	0.1130952380952381	0.4285714285714286	FALSE	TRUE	FALSE	FALSE	FALSE	FALSE	uv_specific_instable
RvY_15264-1	1	uv	0.8869047619047619	0.1130952380952381	0.4285714285714286	FALSE	TRUE	FALSE	FALSE	FALSE	FALSE	uv_specific_instable
RvY_15266-1	1	uv	0.8869047619047619	0.1130952380952381	0.4285714285714286	FALSE	TRUE	FALSE	FALSE	FALSE	FALSE	uv_specific_instable
RvY_15267	1	uv	0.8869047619047619	0.1130952380952381	0.4285714285714286	FALSE	TRUE	FALSE	FALSE	FALSE	FALSE	uv_specific_instable
RvY_15294-1	1	uv	0.8869047619047619	0.1130952380952381	0.4285714285714286	FALSE	TRUE	FALSE	FALSE	FALSE	FALSE	uv_specific_instable
RvY_15366-1	1	uv	0.8869047619047619	0.1130952380952381	0.4285714285714286	FALSE	TRUE	FALSE	FALSE	FALSE	FALSE	uv_specific_instable
RvY_15530-1	1	uv	0.8869047619047619	0.1130952380952381	0.4285714285714286	FALSE	TRUE	FALSE	FALSE	FALSE	FALSE	uv_specific_instable
RvY_15612-1	1	uv	0.8869047619047619	0.1130952380952381	0.4285714285714286	FALSE	TRUE	FALSE	FALSE	FALSE	FALSE	uv_specific_instable
RvY_15629-1	1	uv	0.8869047619047619	0.1130952380952381	0.4285714285714286	FALSE	TRUE	FALSE	FALSE	FALSE	FALSE	uv_specific_instable
RvY_15676-1	1	uv	0.8869047619047619	0.1130952380952381	0.4285714285714286	FALSE	TRUE	FALSE	FALSE	FALSE	FALSE	uv_specific_instable
RvY_15696-1	1	uv	0.8869047619047619	0.1130952380952381	0.4285714285714286	FALSE	TRUE	FALSE	FALSE	FALSE	FALSE	uv_specific_instable
RvY_15731-1	1	uv	0.8869047619047619	0.1130952380952381	0.4285714285714286	FALSE	TRUE	FALSE	FALSE	FALSE	FALSE	uv_specific_instable
RvY_15785	1	uv	0.8869047619047619	0.1130952380952381	0.4285714285714286	FALSE	TRUE	FALSE	FALSE	FALSE	FALSE	uv_specific_instable
RvY_15847-1	1	uv	0.8869047619047619	0.1130952380952381	0.4285714285714286	FALSE	TRUE	FALSE	FALSE	FALSE	FALSE	uv_specific_instable
RvY_15865-1	1	uv	0.8869047619047619	0.1130952380952381	0.4285714285714286	FALSE	TRUE	FALSE	FALSE	FALSE	FALSE	uv_specific_instable
RvY_16229-1	1	uv	0.8869047619047619	0.1130952380952381	0.4285714285714286	FALSE	TRUE	FALSE	FALSE	FALSE	FALSE	uv_specific_instable
RvY_16242-1	1	uv	0.8869047619047619	0.1130952380952381	0.4285714285714286	FALSE	TRUE	FALSE	FALSE	FALSE	FALSE	uv_specific_instable
RvY_16536-1	1	uv	0.8869047619047619	0.1130952380952381	0.4285714285714286	FALSE	TRUE	FALSE	FALSE	FALSE	FALSE	uv_specific_instable
RvY_16557-1	1	uv	0.8869047619047619	0.1130952380952381	0.4285714285714286	FALSE	TRUE	FALSE	FALSE	FALSE	FALSE	uv_specific_instable
RvY_16652-1	1	uv	0.8869047619047619	0.1130952380952381	0.4285714285714286	FALSE	TRUE	FALSE	FALSE	FALSE	FALSE	uv_specific_instable
RvY_16688-1	1	uv	0.8869047619047619	0.1130952380952381	0.4285714285714286	FALSE	TRUE	FALSE	FALSE	FALSE	FALSE	uv_specific_instable
RvY_16882-1	1	uv	0.8869047619047619	0.1130952380952381	0.4285714285714286	FALSE	TRUE	FALSE	FALSE	FALSE	FALSE	uv_specific_instable
RvY_16963-1	1	uv	0.8869047619047619	0.1130952380952381	0.4285714285714286	FALSE	TRUE	FALSE	FALSE	FALSE	FALSE	uv_specific_instable
RvY_17022-1	1	uv	0.8869047619047619	0.1130952380952381	0.4285714285714286	FALSE	TRUE	FALSE	FALSE	FALSE	FALSE	uv_specific_instable
RvY_17089-1	1	uv	0.8869047619047619	0.1130952380952381	0.4285714285714286	FALSE	TRUE	FALSE	FALSE	FALSE	FALSE	uv_specific_instable
RvY_17174-1	1	uv	0.8869047619047619	0.1130952380952381	0.4285714285714286	FALSE	TRUE	FALSE	FALSE	FALSE	FALSE	uv_specific_instable
RvY_17387-1	1	uv	0.8869047619047619	0.1130952380952381	0.4285714285714286	FALSE	TRUE	FALSE	FALSE	FALSE	FALSE	uv_specific_instable
RvY_17469-1	1	uv	0.8869047619047619	0.1130952380952381	0.4285714285714286	FALSE	TRUE	FALSE	FALSE	FALSE	FALSE	uv_specific_instable
RvY_17521-1	1	uv	0.8869047619047619	0.1130952380952381	0.4285714285714286	FALSE	TRUE	FALSE	FALSE	FALSE	FALSE	uv_specific_instable
RvY_17573-1	1	uv	0.8869047619047619	0.1130952380952381	0.4285714285714286	FALSE	TRUE	FALSE	FALSE	FALSE	FALSE	uv_specific_instable
RvY_17583-1	1	uv	0.8869047619047619	0.1130952380952381	0.4285714285714286	FALSE	TRUE	FALSE	FALSE	FALSE	FALSE	uv_specific_instable
RvY_17585-1	1	uv	0.8869047619047619	0.1130952380952381	0.4285714285714286	FALSE	TRUE	FALSE	FALSE	FALSE	FALSE	uv_specific_instable
RvY_17665	1	uv	0.8869047619047619	0.1130952380952381	0.4285714285714286	FALSE	TRUE	FALSE	FALSE	FALSE	FALSE	uv_specific_instable
RvY_17704-1	1	uv	0.8869047619047619	0.1130952380952381	0.4285714285714286	FALSE	TRUE	FALSE	FALSE	FALSE	FALSE	uv_specific_instable
RvY_17707-1	1	uv	0.8869047619047619	0.1130952380952381	0.4285714285714286	FALSE	TRUE	FALSE	FALSE	FALSE	FALSE	uv_specific_instable
RvY_17722-1	1	uv	0.8869047619047619	0.1130952380952381	0.4285714285714286	FALSE	TRUE	FALSE	FALSE	FALSE	FALSE	uv_specific_instable
RvY_17724-1	1	uv	0.8869047619047619	0.1130952380952381	0.4285714285714286	FALSE	TRUE	FALSE	FALSE	FALSE	FALSE	uv_specific_instable
RvY_17734-1	1	uv	0.8869047619047619	0.1130952380952381	0.4285714285714286	FALSE	TRUE	FALSE	FALSE	FALSE	FALSE	uv_specific_instable
RvY_17767	1	uv	0.8869047619047619	0.1130952380952381	0.4285714285714286	FALSE	TRUE	FALSE	FALSE	FALSE	FALSE	uv_specific_instable
RvY_17858-1	1	uv	0.8869047619047619	0.1130952380952381	0.4285714285714286	FALSE	TRUE	FALSE	FALSE	FALSE	FALSE	uv_specific_instable
RvY_17860	1	uv	0.8869047619047619	0.1130952380952381	0.4285714285714286	FALSE	TRUE	FALSE	FALSE	FALSE	FALSE	uv_specific_instable
RvY_17940-1	1	uv	0.8869047619047619	0.1130952380952381	0.4285714285714286	FALSE	TRUE	FALSE	FALSE	FALSE	FALSE	uv_specific_instable
RvY_17960-1	1	uv	0.8869047619047619	0.1130952380952381	0.4285714285714286	FALSE	TRUE	FALSE	FALSE	FALSE	FALSE	uv_specific_instable
RvY_18006-1	1	uv	0.8869047619047619	0.1130952380952381	0.4285714285714286	FALSE	TRUE	FALSE	FALSE	FALSE	FALSE	uv_specific_instable
RvY_18039-1	1	uv	0.8869047619047619	0.1130952380952381	0.4285714285714286	FALSE	TRUE	FALSE	FALSE	FALSE	FALSE	uv_specific_instable
RvY_18104-1	1	uv	0.8869047619047619	0.1130952380952381	0.4285714285714286	FALSE	TRUE	FALSE	FALSE	FALSE	FALSE	uv_specific_instable
RvY_18167-1	1	uv	0.8869047619047619	0.1130952380952381	0.4285714285714286	FALSE	TRUE	FALSE	FALSE	FALSE	FALSE	uv_specific_instable
RvY_18233	1	uv	0.8869047619047619	0.1130952380952381	0.4285714285714286	FALSE	TRUE	FALSE	FALSE	FALSE	FALSE	uv_specific_instable
RvY_18304-1	1	uv	0.8869047619047619	0.1130952380952381	0.4285714285714286	FALSE	TRUE	FALSE	FALSE	FALSE	FALSE	uv_specific_instable
RvY_18337-1	1	uv	0.8869047619047619	0.1130952380952381	0.4285714285714286	FALSE	TRUE	FALSE	FALSE	FALSE	FALSE	uv_specific_instable
RvY_18515-1	1	uv	0.8869047619047619	0.1130952380952381	0.4285714285714286	FALSE	TRUE	FALSE	FALSE	FALSE	FALSE	uv_specific_instable
RvY_18614-1	1	uv	0.8869047619047619	0.1130952380952381	0.4285714285714286	FALSE	TRUE	FALSE	FALSE	FALSE	FALSE	uv_specific_instable
RvY_18720-1	1	uv	0.8869047619047619	0.1130952380952381	0.4285714285714286	FALSE	TRUE	FALSE	FALSE	FALSE	FALSE	uv_specific_instable
RvY_18784	1	uv	0.8869047619047619	0.1130952380952381	0.4285714285714286	FALSE	TRUE	FALSE	FALSE	FALSE	FALSE	uv_specific_instable
RvY_18917-1	1	uv	0.8869047619047619	0.1130952380952381	0.4285714285714286	FALSE	TRUE	FALSE	FALSE	FALSE	FALSE	uv_specific_instable
RvY_18987-1	1	uv	0.8869047619047619	0.1130952380952381	0.4285714285714286	FALSE	TRUE	FALSE	FALSE	FALSE	FALSE	uv_specific_instable
RvY_19107-1	1	uv	0.8869047619047619	0.1130952380952381	0.4285714285714286	FALSE	TRUE	FALSE	FALSE	FALSE	FALSE	uv_specific_instable
RvY_19145-1	1	uv	0.8869047619047619	0.1130952380952381	0.4285714285714286	FALSE	TRUE	FALSE	FALSE	FALSE	FALSE	uv_specific_instable
RvY_19188-1	1	uv	0.8869047619047619	0.1130952380952381	0.4285714285714286	FALSE	TRUE	FALSE	FALSE	FALSE	FALSE	uv_specific_instable
RvY_19203-1	1	uv	0.8869047619047619	0.1130952380952381	0.4285714285714286	FALSE	TRUE	FALSE	FALSE	FALSE	FALSE	uv_specific_instable
RvY_19462-1	1	uv	0.8869047619047619	0.1130952380952381	0.4285714285714286	FALSE	TRUE	FALSE	FALSE	FALSE	FALSE	uv_specific_instable
atp6	1	uv	0.8869047619047619	0.1130952380952381	0.4285714285714286	FALSE	TRUE	FALSE	FALSE	FALSE	FALSE	uv_specific_instable
cox2	1	uv	0.8869047619047619	0.1130952380952381	0.4285714285714286	FALSE	TRUE	FALSE	FALSE	FALSE	FALSE	uv_specific_instable
RvY_01450	1	uv	0.8928571428571429	0.10714285714285714	0.6428571428571428	FALSE	TRUE	FALSE	FALSE	FALSE	FALSE	uv_specific_instable
RvY_01552	1	uv	0.8928571428571429	0.10714285714285714	0.6428571428571428	FALSE	TRUE	FALSE	FALSE	FALSE	FALSE	uv_specific_instable
RvY_01576	1	uv	0.8928571428571429	0.10714285714285714	0.6428571428571428	FALSE	TRUE	FALSE	FALSE	FALSE	FALSE	uv_specific_instable
RvY_02464-1	1	uv	0.8928571428571429	0.10714285714285714	0.6428571428571428	FALSE	TRUE	FALSE	FALSE	FALSE	FALSE	uv_specific_instable
RvY_02540-1	1	uv	0.8928571428571429	0.10714285714285714	0.6428571428571428	FALSE	TRUE	FALSE	FALSE	FALSE	FALSE	uv_specific_instable
RvY_02632-1	1	uv	0.8928571428571429	0.10714285714285714	0.6428571428571428	FALSE	TRUE	FALSE	FALSE	FALSE	FALSE	uv_specific_instable
RvY_03428-1	1	uv	0.8928571428571429	0.10714285714285714	0.6428571428571428	FALSE	TRUE	FALSE	FALSE	FALSE	FALSE	uv_specific_instable
RvY_05679	1	uv	0.8928571428571429	0.10714285714285714	0.6428571428571428	FALSE	TRUE	FALSE	FALSE	FALSE	FALSE	uv_specific_instable
RvY_06377	1	uv	0.8928571428571429	0.10714285714285714	0.6428571428571428	FALSE	TRUE	FALSE	FALSE	FALSE	FALSE	uv_specific_instable
RvY_09589	1	uv	0.8928571428571429	0.10714285714285714	0.6428571428571428	FALSE	TRUE	FALSE	FALSE	FALSE	FALSE	uv_specific_instable
RvY_09915	1	uv	0.8928571428571429	0.10714285714285714	0.6428571428571428	FALSE	TRUE	FALSE	FALSE	FALSE	FALSE	uv_specific_instable
RvY_11078-1	1	uv	0.8928571428571429	0.10714285714285714	0.6428571428571428	FALSE	TRUE	FALSE	FALSE	FALSE	FALSE	uv_specific_instable
RvY_12465-1	1	uv	0.8928571428571429	0.10714285714285714	0.6428571428571428	FALSE	TRUE	FALSE	FALSE	FALSE	FALSE	uv_specific_instable
RvY_13813-1	1	uv	0.8928571428571429	0.10714285714285714	0.6428571428571428	FALSE	TRUE	FALSE	FALSE	FALSE	FALSE	uv_specific_instable
RvY_14138-1	1	uv	0.8928571428571429	0.10714285714285714	0.6428571428571428	FALSE	TRUE	FALSE	FALSE	FALSE	FALSE	uv_specific_instable
RvY_14374	1	uv	0.8928571428571429	0.10714285714285714	0.6428571428571428	FALSE	TRUE	FALSE	FALSE	FALSE	FALSE	uv_specific_instable
RvY_14908-1	1	uv	0.8928571428571429	0.10714285714285714	0.6428571428571428	FALSE	TRUE	FALSE	FALSE	FALSE	FALSE	uv_specific_instable
RvY_15483-1	1	uv	0.8928571428571429	0.10714285714285714	0.6428571428571428	FALSE	TRUE	FALSE	FALSE	FALSE	FALSE	uv_specific_instable
RvY_15790-1	1	uv	0.8928571428571429	0.10714285714285714	0.6428571428571428	FALSE	TRUE	FALSE	FALSE	FALSE	FALSE	uv_specific_instable
RvY_15862-1	1	uv	0.8928571428571429	0.10714285714285714	0.6428571428571428	FALSE	TRUE	FALSE	FALSE	FALSE	FALSE	uv_specific_instable
RvY_16048-1	1	uv	0.8928571428571429	0.10714285714285714	0.6428571428571428	FALSE	TRUE	FALSE	FALSE	FALSE	FALSE	uv_specific_instable
RvY_16776-1	1	uv	0.8928571428571429	0.10714285714285714	0.6428571428571428	FALSE	TRUE	FALSE	FALSE	FALSE	FALSE	uv_specific_instable
RvY_16826-1	1	uv	0.8928571428571429	0.10714285714285714	0.6428571428571428	FALSE	TRUE	FALSE	FALSE	FALSE	FALSE	uv_specific_instable
RvY_17165	1	uv	0.8928571428571429	0.10714285714285714	0.6428571428571428	FALSE	TRUE	FALSE	FALSE	FALSE	FALSE	uv_specific_instable
RvY_19249-1	1	uv	0.8928571428571429	0.10714285714285714	0.6428571428571428	FALSE	TRUE	FALSE	FALSE	FALSE	FALSE	uv_specific_instable
RvY_19642-1	1	uv	0.8928571428571429	0.10714285714285714	0.6428571428571428	FALSE	TRUE	FALSE	FALSE	FALSE	FALSE	uv_specific_instable
RvY_19658-1	1	uv	0.8928571428571429	0.10714285714285714	0.6428571428571428	FALSE	TRUE	FALSE	FALSE	FALSE	FALSE	uv_specific_instable
RvY_00166-1	1	uv	0.8958333333333334	0.10416666666666669	0.5	FALSE	TRUE	FALSE	FALSE	FALSE	FALSE	uv_specific_instable
RvY_00261-1	1	uv	0.8958333333333334	0.10416666666666669	0.5	FALSE	TRUE	FALSE	FALSE	FALSE	FALSE	uv_specific_instable
RvY_00300-1	1	uv	0.8958333333333334	0.10416666666666669	0.5	FALSE	TRUE	FALSE	FALSE	FALSE	FALSE	uv_specific_instable
RvY_00328-1	1	uv	0.8958333333333334	0.10416666666666669	0.5	FALSE	TRUE	FALSE	FALSE	FALSE	FALSE	uv_specific_instable
RvY_00442-1	1	uv	0.8958333333333334	0.10416666666666669	0.5	FALSE	TRUE	FALSE	FALSE	FALSE	FALSE	uv_specific_instable
RvY_00443-1	1	uv	0.8958333333333334	0.10416666666666669	0.5	FALSE	TRUE	FALSE	FALSE	FALSE	FALSE	uv_specific_instable
RvY_00454	1	uv	0.8958333333333334	0.10416666666666669	0.5	FALSE	TRUE	FALSE	FALSE	FALSE	FALSE	uv_specific_instable
RvY_00491-1	1	uv	0.8958333333333334	0.10416666666666669	0.5	FALSE	TRUE	FALSE	FALSE	FALSE	FALSE	uv_specific_instable
RvY_00526-1	1	uv	0.8958333333333334	0.10416666666666669	0.5	FALSE	TRUE	FALSE	FALSE	FALSE	FALSE	uv_specific_instable
RvY_00616-1	1	uv	0.8958333333333334	0.10416666666666669	0.5	FALSE	TRUE	FALSE	FALSE	FALSE	FALSE	uv_specific_instable
RvY_00648-1	1	uv	0.8958333333333334	0.10416666666666669	0.5	FALSE	TRUE	FALSE	FALSE	FALSE	FALSE	uv_specific_instable
RvY_00749-1	1	uv	0.8958333333333334	0.10416666666666669	0.5	FALSE	TRUE	FALSE	FALSE	FALSE	FALSE	uv_specific_instable
RvY_00752-1	1	uv	0.8958333333333334	0.10416666666666669	0.5	FALSE	TRUE	FALSE	FALSE	FALSE	FALSE	uv_specific_instable
RvY_00758-1	1	uv	0.8958333333333334	0.10416666666666669	0.5	FALSE	TRUE	FALSE	FALSE	FALSE	FALSE	uv_specific_instable
RvY_00766-1	1	uv	0.8958333333333334	0.10416666666666669	0.5	FALSE	TRUE	FALSE	FALSE	FALSE	FALSE	uv_specific_instable
RvY_00790-1	1	uv	0.8958333333333334	0.10416666666666669	0.5	FALSE	TRUE	FALSE	FALSE	FALSE	FALSE	uv_specific_instable
RvY_00840-1	1	uv	0.8958333333333334	0.10416666666666669	0.5	FALSE	TRUE	FALSE	FALSE	FALSE	FALSE	uv_specific_instable
RvY_00859-1	1	uv	0.8958333333333334	0.10416666666666669	0.5	FALSE	TRUE	FALSE	FALSE	FALSE	FALSE	uv_specific_instable
RvY_00883-1	1	uv	0.8958333333333334	0.10416666666666669	0.5	FALSE	TRUE	FALSE	FALSE	FALSE	FALSE	uv_specific_instable
RvY_00898-1	1	uv	0.8958333333333334	0.10416666666666669	0.5	FALSE	TRUE	FALSE	FALSE	FALSE	FALSE	uv_specific_instable
RvY_00965-1	1	uv	0.8958333333333334	0.10416666666666669	0.5	FALSE	TRUE	FALSE	FALSE	FALSE	FALSE	uv_specific_instable
RvY_00997-1	1	uv	0.8958333333333334	0.10416666666666669	0.5	FALSE	TRUE	FALSE	FALSE	FALSE	FALSE	uv_specific_instable
RvY_01000-1	1	uv	0.8958333333333334	0.10416666666666669	0.5	FALSE	TRUE	FALSE	FALSE	FALSE	FALSE	uv_specific_instable
RvY_01083-1	1	uv	0.8958333333333334	0.10416666666666669	0.5	FALSE	TRUE	FALSE	FALSE	FALSE	FALSE	uv_specific_instable
RvY_01098-1	1	uv	0.8958333333333334	0.10416666666666669	0.5	FALSE	TRUE	FALSE	FALSE	FALSE	FALSE	uv_specific_instable
RvY_01201-1	1	uv	0.8958333333333334	0.10416666666666669	0.5	FALSE	TRUE	FALSE	FALSE	FALSE	FALSE	uv_specific_instable
RvY_01545	1	uv	0.8958333333333334	0.10416666666666669	0.5	FALSE	TRUE	FALSE	FALSE	FALSE	FALSE	uv_specific_instable
RvY_01551-1	1	uv	0.8958333333333334	0.10416666666666669	0.5	FALSE	TRUE	FALSE	FALSE	FALSE	FALSE	uv_specific_instable
RvY_01833-1	1	uv	0.8958333333333334	0.10416666666666669	0.5	FALSE	TRUE	FALSE	FALSE	FALSE	FALSE	uv_specific_instable
RvY_01890-1	1	uv	0.8958333333333334	0.10416666666666669	0.5	FALSE	TRUE	FALSE	FALSE	FALSE	FALSE	uv_specific_instable
RvY_01965-1	1	uv	0.8958333333333334	0.10416666666666669	0.5	FALSE	TRUE	FALSE	FALSE	FALSE	FALSE	uv_specific_instable
RvY_01983-1	1	uv	0.8958333333333334	0.10416666666666669	0.5	FALSE	TRUE	FALSE	FALSE	FALSE	FALSE	uv_specific_instable
RvY_02147-1	1	uv	0.8958333333333334	0.10416666666666669	0.5	FALSE	TRUE	FALSE	FALSE	FALSE	FALSE	uv_specific_instable
RvY_02160-1	1	uv	0.8958333333333334	0.10416666666666669	0.5	FALSE	TRUE	FALSE	FALSE	FALSE	FALSE	uv_specific_instable
RvY_02230	1	uv	0.8958333333333334	0.10416666666666669	0.5	FALSE	TRUE	FALSE	FALSE	FALSE	FALSE	uv_specific_instable
RvY_02245	1	uv	0.8958333333333334	0.10416666666666669	0.5	FALSE	TRUE	FALSE	FALSE	FALSE	FALSE	uv_specific_instable
RvY_02511	1	uv	0.8958333333333334	0.10416666666666669	0.5	FALSE	TRUE	FALSE	FALSE	FALSE	FALSE	uv_specific_instable
RvY_02539-1	1	uv	0.8958333333333334	0.10416666666666669	0.5	FALSE	TRUE	FALSE	FALSE	FALSE	FALSE	uv_specific_instable
RvY_02608-1	1	uv	0.8958333333333334	0.10416666666666669	0.5	FALSE	TRUE	FALSE	FALSE	FALSE	FALSE	uv_specific_instable
RvY_02659	1	uv	0.8958333333333334	0.10416666666666669	0.5	FALSE	TRUE	FALSE	FALSE	FALSE	FALSE	uv_specific_instable
RvY_02706	1	uv	0.8958333333333334	0.10416666666666669	0.5	FALSE	TRUE	FALSE	FALSE	FALSE	FALSE	uv_specific_instable
RvY_02931-1	1	uv	0.8958333333333334	0.10416666666666669	0.5	FALSE	TRUE	FALSE	FALSE	FALSE	FALSE	uv_specific_instable
RvY_02955-1	1	uv	0.8958333333333334	0.10416666666666669	0.5	FALSE	TRUE	FALSE	FALSE	FALSE	FALSE	uv_specific_instable
RvY_03019-1	1	uv	0.8958333333333334	0.10416666666666669	0.5	FALSE	TRUE	FALSE	FALSE	FALSE	FALSE	uv_specific_instable
RvY_03151-1	1	uv	0.8958333333333334	0.10416666666666669	0.5	FALSE	TRUE	FALSE	FALSE	FALSE	FALSE	uv_specific_instable
RvY_03168-1	1	uv	0.8958333333333334	0.10416666666666669	0.5	FALSE	TRUE	FALSE	FALSE	FALSE	FALSE	uv_specific_instable
RvY_03269-1	1	uv	0.8958333333333334	0.10416666666666669	0.5	FALSE	TRUE	FALSE	FALSE	FALSE	FALSE	uv_specific_instable
RvY_03284	1	uv	0.8958333333333334	0.10416666666666669	0.5	FALSE	TRUE	FALSE	FALSE	FALSE	FALSE	uv_specific_instable
RvY_03290-1	1	uv	0.8958333333333334	0.10416666666666669	0.5	FALSE	TRUE	FALSE	FALSE	FALSE	FALSE	uv_specific_instable
RvY_03297-1	1	uv	0.8958333333333334	0.10416666666666669	0.5	FALSE	TRUE	FALSE	FALSE	FALSE	FALSE	uv_specific_instable
RvY_03391-1	1	uv	0.8958333333333334	0.10416666666666669	0.5	FALSE	TRUE	FALSE	FALSE	FALSE	FALSE	uv_specific_instable
RvY_03423-1	1	uv	0.8958333333333334	0.10416666666666669	0.5	FALSE	TRUE	FALSE	FALSE	FALSE	FALSE	uv_specific_instable
RvY_03438-1	1	uv	0.8958333333333334	0.10416666666666669	0.5	FALSE	TRUE	FALSE	FALSE	FALSE	FALSE	uv_specific_instable
RvY_03441-1	1	uv	0.8958333333333334	0.10416666666666669	0.5	FALSE	TRUE	FALSE	FALSE	FALSE	FALSE	uv_specific_instable
RvY_03520	1	uv	0.8958333333333334	0.10416666666666669	0.5	FALSE	TRUE	FALSE	FALSE	FALSE	FALSE	uv_specific_instable
RvY_03529-1	1	uv	0.8958333333333334	0.10416666666666669	0.5	FALSE	TRUE	FALSE	FALSE	FALSE	FALSE	uv_specific_instable
RvY_03709	1	uv	0.8958333333333334	0.10416666666666669	0.5	FALSE	TRUE	FALSE	FALSE	FALSE	FALSE	uv_specific_instable
RvY_03728-1	1	uv	0.8958333333333334	0.10416666666666669	0.5	FALSE	TRUE	FALSE	FALSE	FALSE	FALSE	uv_specific_instable
RvY_03774	1	uv	0.8958333333333334	0.10416666666666669	0.5	FALSE	TRUE	FALSE	FALSE	FALSE	FALSE	uv_specific_instable
RvY_03802-1	1	uv	0.8958333333333334	0.10416666666666669	0.5	FALSE	TRUE	FALSE	FALSE	FALSE	FALSE	uv_specific_instable
RvY_03881	1	uv	0.8958333333333334	0.10416666666666669	0.5	FALSE	TRUE	FALSE	FALSE	FALSE	FALSE	uv_specific_instable
RvY_03990-1	1	uv	0.8958333333333334	0.10416666666666669	0.5	FALSE	TRUE	FALSE	FALSE	FALSE	FALSE	uv_specific_instable
RvY_04058-1	1	uv	0.8958333333333334	0.10416666666666669	0.5	FALSE	TRUE	FALSE	FALSE	FALSE	FALSE	uv_specific_instable
RvY_04240	1	uv	0.8958333333333334	0.10416666666666669	0.5	FALSE	TRUE	FALSE	FALSE	FALSE	FALSE	uv_specific_instable
RvY_04286-1	1	uv	0.8958333333333334	0.10416666666666669	0.5	FALSE	TRUE	FALSE	FALSE	FALSE	FALSE	uv_specific_instable
RvY_04437-1	1	uv	0.8958333333333334	0.10416666666666669	0.5	FALSE	TRUE	FALSE	FALSE	FALSE	FALSE	uv_specific_instable
RvY_04463-1	1	uv	0.8958333333333334	0.10416666666666669	0.5	FALSE	TRUE	FALSE	FALSE	FALSE	FALSE	uv_specific_instable
RvY_04704-1	1	uv	0.8958333333333334	0.10416666666666669	0.5	FALSE	TRUE	FALSE	FALSE	FALSE	FALSE	uv_specific_instable
RvY_04873-1	1	uv	0.8958333333333334	0.10416666666666669	0.5	FALSE	TRUE	FALSE	FALSE	FALSE	FALSE	uv_specific_instable
RvY_05193-1	1	uv	0.8958333333333334	0.10416666666666669	0.5	FALSE	TRUE	FALSE	FALSE	FALSE	FALSE	uv_specific_instable
RvY_05200-1	1	uv	0.8958333333333334	0.10416666666666669	0.5	FALSE	TRUE	FALSE	FALSE	FALSE	FALSE	uv_specific_instable
RvY_05233-1	1	uv	0.8958333333333334	0.10416666666666669	0.5	FALSE	TRUE	FALSE	FALSE	FALSE	FALSE	uv_specific_instable
RvY_05240-1	1	uv	0.8958333333333334	0.10416666666666669	0.5	FALSE	TRUE	FALSE	FALSE	FALSE	FALSE	uv_specific_instable
RvY_05330-1	1	uv	0.8958333333333334	0.10416666666666669	0.5	FALSE	TRUE	FALSE	FALSE	FALSE	FALSE	uv_specific_instable
RvY_05338-1	1	uv	0.8958333333333334	0.10416666666666669	0.5	FALSE	TRUE	FALSE	FALSE	FALSE	FALSE	uv_specific_instable
RvY_05416-1	1	uv	0.8958333333333334	0.10416666666666669	0.5	FALSE	TRUE	FALSE	FALSE	FALSE	FALSE	uv_specific_instable
RvY_05523-1	1	uv	0.8958333333333334	0.10416666666666669	0.5	FALSE	TRUE	FALSE	FALSE	FALSE	FALSE	uv_specific_instable
RvY_05660-1	1	uv	0.8958333333333334	0.10416666666666669	0.5	FALSE	TRUE	FALSE	FALSE	FALSE	FALSE	uv_specific_instable
RvY_05684-1	1	uv	0.8958333333333334	0.10416666666666669	0.5	FALSE	TRUE	FALSE	FALSE	FALSE	FALSE	uv_specific_instable
RvY_05732-1	1	uv	0.8958333333333334	0.10416666666666669	0.5	FALSE	TRUE	FALSE	FALSE	FALSE	FALSE	uv_specific_instable
RvY_05774-1	1	uv	0.8958333333333334	0.10416666666666669	0.5	FALSE	TRUE	FALSE	FALSE	FALSE	FALSE	uv_specific_instable
RvY_05821-1	1	uv	0.8958333333333334	0.10416666666666669	0.5	FALSE	TRUE	FALSE	FALSE	FALSE	FALSE	uv_specific_instable
RvY_06030	1	uv	0.8958333333333334	0.10416666666666669	0.5	FALSE	TRUE	FALSE	FALSE	FALSE	FALSE	uv_specific_instable
RvY_06417-1	1	uv	0.8958333333333334	0.10416666666666669	0.5	FALSE	TRUE	FALSE	FALSE	FALSE	FALSE	uv_specific_instable
RvY_06506-1	1	uv	0.8958333333333334	0.10416666666666669	0.5	FALSE	TRUE	FALSE	FALSE	FALSE	FALSE	uv_specific_instable
RvY_06538-1	1	uv	0.8958333333333334	0.10416666666666669	0.5	FALSE	TRUE	FALSE	FALSE	FALSE	FALSE	uv_specific_instable
RvY_06583	1	uv	0.8958333333333334	0.10416666666666669	0.5	FALSE	TRUE	FALSE	FALSE	FALSE	FALSE	uv_specific_instable
RvY_06971-1	1	uv	0.8958333333333334	0.10416666666666669	0.5	FALSE	TRUE	FALSE	FALSE	FALSE	FALSE	uv_specific_instable
RvY_07007-1	1	uv	0.8958333333333334	0.10416666666666669	0.5	FALSE	TRUE	FALSE	FALSE	FALSE	FALSE	uv_specific_instable
RvY_07066-1	1	uv	0.8958333333333334	0.10416666666666669	0.5	FALSE	TRUE	FALSE	FALSE	FALSE	FALSE	uv_specific_instable
RvY_07166-1	1	uv	0.8958333333333334	0.10416666666666669	0.5	FALSE	TRUE	FALSE	FALSE	FALSE	FALSE	uv_specific_instable
RvY_07273-1	1	uv	0.8958333333333334	0.10416666666666669	0.5	FALSE	TRUE	FALSE	FALSE	FALSE	FALSE	uv_specific_instable
RvY_07405-1	1	uv	0.8958333333333334	0.10416666666666669	0.5	FALSE	TRUE	FALSE	FALSE	FALSE	FALSE	uv_specific_instable
RvY_07408-1	1	uv	0.8958333333333334	0.10416666666666669	0.5	FALSE	TRUE	FALSE	FALSE	FALSE	FALSE	uv_specific_instable
RvY_07634-1	1	uv	0.8958333333333334	0.10416666666666669	0.5	FALSE	TRUE	FALSE	FALSE	FALSE	FALSE	uv_specific_instable
RvY_07704	1	uv	0.8958333333333334	0.10416666666666669	0.5	FALSE	TRUE	FALSE	FALSE	FALSE	FALSE	uv_specific_instable
RvY_07754	1	uv	0.8958333333333334	0.10416666666666669	0.5	FALSE	TRUE	FALSE	FALSE	FALSE	FALSE	uv_specific_instable
RvY_07794-1	1	uv	0.8958333333333334	0.10416666666666669	0.5	FALSE	TRUE	FALSE	FALSE	FALSE	FALSE	uv_specific_instable
RvY_07906-1	1	uv	0.8958333333333334	0.10416666666666669	0.5	FALSE	TRUE	FALSE	FALSE	FALSE	FALSE	uv_specific_instable
RvY_07968-1	1	uv	0.8958333333333334	0.10416666666666669	0.5	FALSE	TRUE	FALSE	FALSE	FALSE	FALSE	uv_specific_instable
RvY_07976-1	1	uv	0.8958333333333334	0.10416666666666669	0.5	FALSE	TRUE	FALSE	FALSE	FALSE	FALSE	uv_specific_instable
RvY_08114-1	1	uv	0.8958333333333334	0.10416666666666669	0.5	FALSE	TRUE	FALSE	FALSE	FALSE	FALSE	uv_specific_instable
RvY_08212-1	1	uv	0.8958333333333334	0.10416666666666669	0.5	FALSE	TRUE	FALSE	FALSE	FALSE	FALSE	uv_specific_instable
RvY_08286	1	uv	0.8958333333333334	0.10416666666666669	0.5	FALSE	TRUE	FALSE	FALSE	FALSE	FALSE	uv_specific_instable
RvY_08304-1	1	uv	0.8958333333333334	0.10416666666666669	0.5	FALSE	TRUE	FALSE	FALSE	FALSE	FALSE	uv_specific_instable
RvY_08570-1	1	uv	0.8958333333333334	0.10416666666666669	0.5	FALSE	TRUE	FALSE	FALSE	FALSE	FALSE	uv_specific_instable
RvY_08573-1	1	uv	0.8958333333333334	0.10416666666666669	0.5	FALSE	TRUE	FALSE	FALSE	FALSE	FALSE	uv_specific_instable
RvY_08621-1	1	uv	0.8958333333333334	0.10416666666666669	0.5	FALSE	TRUE	FALSE	FALSE	FALSE	FALSE	uv_specific_instable
RvY_08689-1	1	uv	0.8958333333333334	0.10416666666666669	0.5	FALSE	TRUE	FALSE	FALSE	FALSE	FALSE	uv_specific_instable
RvY_08701-1	1	uv	0.8958333333333334	0.10416666666666669	0.5	FALSE	TRUE	FALSE	FALSE	FALSE	FALSE	uv_specific_instable
RvY_08733-1	1	uv	0.8958333333333334	0.10416666666666669	0.5	FALSE	TRUE	FALSE	FALSE	FALSE	FALSE	uv_specific_instable
RvY_08743-1	1	uv	0.8958333333333334	0.10416666666666669	0.5	FALSE	TRUE	FALSE	FALSE	FALSE	FALSE	uv_specific_instable
RvY_08904-1	1	uv	0.8958333333333334	0.10416666666666669	0.5	FALSE	TRUE	FALSE	FALSE	FALSE	FALSE	uv_specific_instable
RvY_08973-1	1	uv	0.8958333333333334	0.10416666666666669	0.5	FALSE	TRUE	FALSE	FALSE	FALSE	FALSE	uv_specific_instable
RvY_09012-1	1	uv	0.8958333333333334	0.10416666666666669	0.5	FALSE	TRUE	FALSE	FALSE	FALSE	FALSE	uv_specific_instable
RvY_09050-1	1	uv	0.8958333333333334	0.10416666666666669	0.5	FALSE	TRUE	FALSE	FALSE	FALSE	FALSE	uv_specific_instable
RvY_09053-1	1	uv	0.8958333333333334	0.10416666666666669	0.5	FALSE	TRUE	FALSE	FALSE	FALSE	FALSE	uv_specific_instable
RvY_09124-1	1	uv	0.8958333333333334	0.10416666666666669	0.5	FALSE	TRUE	FALSE	FALSE	FALSE	FALSE	uv_specific_instable
RvY_09148-1	1	uv	0.8958333333333334	0.10416666666666669	0.5	FALSE	TRUE	FALSE	FALSE	FALSE	FALSE	uv_specific_instable
RvY_09218-1	1	uv	0.8958333333333334	0.10416666666666669	0.5	FALSE	TRUE	FALSE	FALSE	FALSE	FALSE	uv_specific_instable
RvY_09370-1	1	uv	0.8958333333333334	0.10416666666666669	0.5	FALSE	TRUE	FALSE	FALSE	FALSE	FALSE	uv_specific_instable
RvY_09442-1	1	uv	0.8958333333333334	0.10416666666666669	0.5	FALSE	TRUE	FALSE	FALSE	FALSE	FALSE	uv_specific_instable
RvY_09445	1	uv	0.8958333333333334	0.10416666666666669	0.5	FALSE	TRUE	FALSE	FALSE	FALSE	FALSE	uv_specific_instable
RvY_09455-1	1	uv	0.8958333333333334	0.10416666666666669	0.5	FALSE	TRUE	FALSE	FALSE	FALSE	FALSE	uv_specific_instable
RvY_09477-1	1	uv	0.8958333333333334	0.10416666666666669	0.5	FALSE	TRUE	FALSE	FALSE	FALSE	FALSE	uv_specific_instable
RvY_09491-1	1	uv	0.8958333333333334	0.10416666666666669	0.5	FALSE	TRUE	FALSE	FALSE	FALSE	FALSE	uv_specific_instable
RvY_09515-1	1	uv	0.8958333333333334	0.10416666666666669	0.5	FALSE	TRUE	FALSE	FALSE	FALSE	FALSE	uv_specific_instable
RvY_09521-1	1	uv	0.8958333333333334	0.10416666666666669	0.5	FALSE	TRUE	FALSE	FALSE	FALSE	FALSE	uv_specific_instable
RvY_09529-1	1	uv	0.8958333333333334	0.10416666666666669	0.5	FALSE	TRUE	FALSE	FALSE	FALSE	FALSE	uv_specific_instable
RvY_09607-1	1	uv	0.8958333333333334	0.10416666666666669	0.5	FALSE	TRUE	FALSE	FALSE	FALSE	FALSE	uv_specific_instable
RvY_09635-1	1	uv	0.8958333333333334	0.10416666666666669	0.5	FALSE	TRUE	FALSE	FALSE	FALSE	FALSE	uv_specific_instable
RvY_09661-1	1	uv	0.8958333333333334	0.10416666666666669	0.5	FALSE	TRUE	FALSE	FALSE	FALSE	FALSE	uv_specific_instable
RvY_09917	1	uv	0.8958333333333334	0.10416666666666669	0.5	FALSE	TRUE	FALSE	FALSE	FALSE	FALSE	uv_specific_instable
RvY_10087-1	1	uv	0.8958333333333334	0.10416666666666669	0.5	FALSE	TRUE	FALSE	FALSE	FALSE	FALSE	uv_specific_instable
RvY_10177-1	1	uv	0.8958333333333334	0.10416666666666669	0.5	FALSE	TRUE	FALSE	FALSE	FALSE	FALSE	uv_specific_instable
RvY_10201-1	1	uv	0.8958333333333334	0.10416666666666669	0.5	FALSE	TRUE	FALSE	FALSE	FALSE	FALSE	uv_specific_instable
RvY_10426	1	uv	0.8958333333333334	0.10416666666666669	0.5	FALSE	TRUE	FALSE	FALSE	FALSE	FALSE	uv_specific_instable
RvY_10552	1	uv	0.8958333333333334	0.10416666666666669	0.5	FALSE	TRUE	FALSE	FALSE	FALSE	FALSE	uv_specific_instable
RvY_10771-1	1	uv	0.8958333333333334	0.10416666666666669	0.5	FALSE	TRUE	FALSE	FALSE	FALSE	FALSE	uv_specific_instable
RvY_10833-1	1	uv	0.8958333333333334	0.10416666666666669	0.5	FALSE	TRUE	FALSE	FALSE	FALSE	FALSE	uv_specific_instable
RvY_10839-1	1	uv	0.8958333333333334	0.10416666666666669	0.5	FALSE	TRUE	FALSE	FALSE	FALSE	FALSE	uv_specific_instable
RvY_11093	1	uv	0.8958333333333334	0.10416666666666669	0.5	FALSE	TRUE	FALSE	FALSE	FALSE	FALSE	uv_specific_instable
RvY_11147	1	uv	0.8958333333333334	0.10416666666666669	0.5	FALSE	TRUE	FALSE	FALSE	FALSE	FALSE	uv_specific_instable
RvY_11322	1	uv	0.8958333333333334	0.10416666666666669	0.5	FALSE	TRUE	FALSE	FALSE	FALSE	FALSE	uv_specific_instable
RvY_11697	1	uv	0.8958333333333334	0.10416666666666669	0.5	FALSE	TRUE	FALSE	FALSE	FALSE	FALSE	uv_specific_instable
RvY_11710-1	1	uv	0.8958333333333334	0.10416666666666669	0.5	FALSE	TRUE	FALSE	FALSE	FALSE	FALSE	uv_specific_instable
RvY_11755-1	1	uv	0.8958333333333334	0.10416666666666669	0.5	FALSE	TRUE	FALSE	FALSE	FALSE	FALSE	uv_specific_instable
RvY_11856-1	1	uv	0.8958333333333334	0.10416666666666669	0.5	FALSE	TRUE	FALSE	FALSE	FALSE	FALSE	uv_specific_instable
RvY_11917-1	1	uv	0.8958333333333334	0.10416666666666669	0.5	FALSE	TRUE	FALSE	FALSE	FALSE	FALSE	uv_specific_instable
RvY_11929-1	1	uv	0.8958333333333334	0.10416666666666669	0.5	FALSE	TRUE	FALSE	FALSE	FALSE	FALSE	uv_specific_instable
RvY_12195	1	uv	0.8958333333333334	0.10416666666666669	0.5	FALSE	TRUE	FALSE	FALSE	FALSE	FALSE	uv_specific_instable
RvY_12197-1	1	uv	0.8958333333333334	0.10416666666666669	0.5	FALSE	TRUE	FALSE	FALSE	FALSE	FALSE	uv_specific_instable
RvY_12315	1	uv	0.8958333333333334	0.10416666666666669	0.5	FALSE	TRUE	FALSE	FALSE	FALSE	FALSE	uv_specific_instable
RvY_12387	1	uv	0.8958333333333334	0.10416666666666669	0.5	FALSE	TRUE	FALSE	FALSE	FALSE	FALSE	uv_specific_instable
RvY_12575-1	1	uv	0.8958333333333334	0.10416666666666669	0.5	FALSE	TRUE	FALSE	FALSE	FALSE	FALSE	uv_specific_instable
RvY_12595-1	1	uv	0.8958333333333334	0.10416666666666669	0.5	FALSE	TRUE	FALSE	FALSE	FALSE	FALSE	uv_specific_instable
RvY_12767-1	1	uv	0.8958333333333334	0.10416666666666669	0.5	FALSE	TRUE	FALSE	FALSE	FALSE	FALSE	uv_specific_instable
RvY_12808-1	1	uv	0.8958333333333334	0.10416666666666669	0.5	FALSE	TRUE	FALSE	FALSE	FALSE	FALSE	uv_specific_instable
RvY_12913-1	1	uv	0.8958333333333334	0.10416666666666669	0.5	FALSE	TRUE	FALSE	FALSE	FALSE	FALSE	uv_specific_instable
RvY_12932	1	uv	0.8958333333333334	0.10416666666666669	0.5	FALSE	TRUE	FALSE	FALSE	FALSE	FALSE	uv_specific_instable
RvY_12989	1	uv	0.8958333333333334	0.10416666666666669	0.5	FALSE	TRUE	FALSE	FALSE	FALSE	FALSE	uv_specific_instable
RvY_13073-1	1	uv	0.8958333333333334	0.10416666666666669	0.5	FALSE	TRUE	FALSE	FALSE	FALSE	FALSE	uv_specific_instable
RvY_13081	1	uv	0.8958333333333334	0.10416666666666669	0.5	FALSE	TRUE	FALSE	FALSE	FALSE	FALSE	uv_specific_instable
RvY_13159-1	1	uv	0.8958333333333334	0.10416666666666669	0.5	FALSE	TRUE	FALSE	FALSE	FALSE	FALSE	uv_specific_instable
RvY_13247-1	1	uv	0.8958333333333334	0.10416666666666669	0.5	FALSE	TRUE	FALSE	FALSE	FALSE	FALSE	uv_specific_instable
RvY_13262-1	1	uv	0.8958333333333334	0.10416666666666669	0.5	FALSE	TRUE	FALSE	FALSE	FALSE	FALSE	uv_specific_instable
RvY_13274-1	1	uv	0.8958333333333334	0.10416666666666669	0.5	FALSE	TRUE	FALSE	FALSE	FALSE	FALSE	uv_specific_instable
RvY_13378-1	1	uv	0.8958333333333334	0.10416666666666669	0.5	FALSE	TRUE	FALSE	FALSE	FALSE	FALSE	uv_specific_instable
RvY_13425-1	1	uv	0.8958333333333334	0.10416666666666669	0.5	FALSE	TRUE	FALSE	FALSE	FALSE	FALSE	uv_specific_instable
RvY_13442-1	1	uv	0.8958333333333334	0.10416666666666669	0.5	FALSE	TRUE	FALSE	FALSE	FALSE	FALSE	uv_specific_instable
RvY_13479-1	1	uv	0.8958333333333334	0.10416666666666669	0.5	FALSE	TRUE	FALSE	FALSE	FALSE	FALSE	uv_specific_instable
RvY_13578-1	1	uv	0.8958333333333334	0.10416666666666669	0.5	FALSE	TRUE	FALSE	FALSE	FALSE	FALSE	uv_specific_instable
RvY_13612-1	1	uv	0.8958333333333334	0.10416666666666669	0.5	FALSE	TRUE	FALSE	FALSE	FALSE	FALSE	uv_specific_instable
RvY_13619	1	uv	0.8958333333333334	0.10416666666666669	0.5	FALSE	TRUE	FALSE	FALSE	FALSE	FALSE	uv_specific_instable
RvY_13647-1	1	uv	0.8958333333333334	0.10416666666666669	0.5	FALSE	TRUE	FALSE	FALSE	FALSE	FALSE	uv_specific_instable
RvY_13669-1	1	uv	0.8958333333333334	0.10416666666666669	0.5	FALSE	TRUE	FALSE	FALSE	FALSE	FALSE	uv_specific_instable
RvY_13722	1	uv	0.8958333333333334	0.10416666666666669	0.5	FALSE	TRUE	FALSE	FALSE	FALSE	FALSE	uv_specific_instable
RvY_13744-1	1	uv	0.8958333333333334	0.10416666666666669	0.5	FALSE	TRUE	FALSE	FALSE	FALSE	FALSE	uv_specific_instable
RvY_13778-1	1	uv	0.8958333333333334	0.10416666666666669	0.5	FALSE	TRUE	FALSE	FALSE	FALSE	FALSE	uv_specific_instable
RvY_13933-1	1	uv	0.8958333333333334	0.10416666666666669	0.5	FALSE	TRUE	FALSE	FALSE	FALSE	FALSE	uv_specific_instable
RvY_13953-1	1	uv	0.8958333333333334	0.10416666666666669	0.5	FALSE	TRUE	FALSE	FALSE	FALSE	FALSE	uv_specific_instable
RvY_14041-1	1	uv	0.8958333333333334	0.10416666666666669	0.5	FALSE	TRUE	FALSE	FALSE	FALSE	FALSE	uv_specific_instable
RvY_14083-1	1	uv	0.8958333333333334	0.10416666666666669	0.5	FALSE	TRUE	FALSE	FALSE	FALSE	FALSE	uv_specific_instable
RvY_14264-1	1	uv	0.8958333333333334	0.10416666666666669	0.5	FALSE	TRUE	FALSE	FALSE	FALSE	FALSE	uv_specific_instable
RvY_14567-1	1	uv	0.8958333333333334	0.10416666666666669	0.5	FALSE	TRUE	FALSE	FALSE	FALSE	FALSE	uv_specific_instable
RvY_14591-1	1	uv	0.8958333333333334	0.10416666666666669	0.5	FALSE	TRUE	FALSE	FALSE	FALSE	FALSE	uv_specific_instable
RvY_14614-1	1	uv	0.8958333333333334	0.10416666666666669	0.5	FALSE	TRUE	FALSE	FALSE	FALSE	FALSE	uv_specific_instable
RvY_14642-1	1	uv	0.8958333333333334	0.10416666666666669	0.5	FALSE	TRUE	FALSE	FALSE	FALSE	FALSE	uv_specific_instable
RvY_14741	1	uv	0.8958333333333334	0.10416666666666669	0.5	FALSE	TRUE	FALSE	FALSE	FALSE	FALSE	uv_specific_instable
RvY_14761-1	1	uv	0.8958333333333334	0.10416666666666669	0.5	FALSE	TRUE	FALSE	FALSE	FALSE	FALSE	uv_specific_instable
RvY_14779-1	1	uv	0.8958333333333334	0.10416666666666669	0.5	FALSE	TRUE	FALSE	FALSE	FALSE	FALSE	uv_specific_instable
RvY_14956-1	1	uv	0.8958333333333334	0.10416666666666669	0.5	FALSE	TRUE	FALSE	FALSE	FALSE	FALSE	uv_specific_instable
RvY_14960-1	1	uv	0.8958333333333334	0.10416666666666669	0.5	FALSE	TRUE	FALSE	FALSE	FALSE	FALSE	uv_specific_instable
RvY_15003-1	1	uv	0.8958333333333334	0.10416666666666669	0.5	FALSE	TRUE	FALSE	FALSE	FALSE	FALSE	uv_specific_instable
RvY_15006-1	1	uv	0.8958333333333334	0.10416666666666669	0.5	FALSE	TRUE	FALSE	FALSE	FALSE	FALSE	uv_specific_instable
RvY_15168-1	1	uv	0.8958333333333334	0.10416666666666669	0.5	FALSE	TRUE	FALSE	FALSE	FALSE	FALSE	uv_specific_instable
RvY_15194-1	1	uv	0.8958333333333334	0.10416666666666669	0.5	FALSE	TRUE	FALSE	FALSE	FALSE	FALSE	uv_specific_instable
RvY_15378-1	1	uv	0.8958333333333334	0.10416666666666669	0.5	FALSE	TRUE	FALSE	FALSE	FALSE	FALSE	uv_specific_instable
RvY_15490-1	1	uv	0.8958333333333334	0.10416666666666669	0.5	FALSE	TRUE	FALSE	FALSE	FALSE	FALSE	uv_specific_instable
RvY_15544-1	1	uv	0.8958333333333334	0.10416666666666669	0.5	FALSE	TRUE	FALSE	FALSE	FALSE	FALSE	uv_specific_instable
RvY_15577	1	uv	0.8958333333333334	0.10416666666666669	0.5	FALSE	TRUE	FALSE	FALSE	FALSE	FALSE	uv_specific_instable
RvY_15592	1	uv	0.8958333333333334	0.10416666666666669	0.5	FALSE	TRUE	FALSE	FALSE	FALSE	FALSE	uv_specific_instable
RvY_15700-1	1	uv	0.8958333333333334	0.10416666666666669	0.5	FALSE	TRUE	FALSE	FALSE	FALSE	FALSE	uv_specific_instable
RvY_15724-1	1	uv	0.8958333333333334	0.10416666666666669	0.5	FALSE	TRUE	FALSE	FALSE	FALSE	FALSE	uv_specific_instable
RvY_15741-1	1	uv	0.8958333333333334	0.10416666666666669	0.5	FALSE	TRUE	FALSE	FALSE	FALSE	FALSE	uv_specific_instable
RvY_15744-1	1	uv	0.8958333333333334	0.10416666666666669	0.5	FALSE	TRUE	FALSE	FALSE	FALSE	FALSE	uv_specific_instable
RvY_15914	1	uv	0.8958333333333334	0.10416666666666669	0.5	FALSE	TRUE	FALSE	FALSE	FALSE	FALSE	uv_specific_instable
RvY_15916-1	1	uv	0.8958333333333334	0.10416666666666669	0.5	FALSE	TRUE	FALSE	FALSE	FALSE	FALSE	uv_specific_instable
RvY_15971-1	1	uv	0.8958333333333334	0.10416666666666669	0.5	FALSE	TRUE	FALSE	FALSE	FALSE	FALSE	uv_specific_instable
RvY_16160-1	1	uv	0.8958333333333334	0.10416666666666669	0.5	FALSE	TRUE	FALSE	FALSE	FALSE	FALSE	uv_specific_instable
RvY_16283-1	1	uv	0.8958333333333334	0.10416666666666669	0.5	FALSE	TRUE	FALSE	FALSE	FALSE	FALSE	uv_specific_instable
RvY_16339	1	uv	0.8958333333333334	0.10416666666666669	0.5	FALSE	TRUE	FALSE	FALSE	FALSE	FALSE	uv_specific_instable
RvY_16357-1	1	uv	0.8958333333333334	0.10416666666666669	0.5	FALSE	TRUE	FALSE	FALSE	FALSE	FALSE	uv_specific_instable
RvY_16485	1	uv	0.8958333333333334	0.10416666666666669	0.5	FALSE	TRUE	FALSE	FALSE	FALSE	FALSE	uv_specific_instable
RvY_16519-1	1	uv	0.8958333333333334	0.10416666666666669	0.5	FALSE	TRUE	FALSE	FALSE	FALSE	FALSE	uv_specific_instable
RvY_16614-1	1	uv	0.8958333333333334	0.10416666666666669	0.5	FALSE	TRUE	FALSE	FALSE	FALSE	FALSE	uv_specific_instable
RvY_16645-1	1	uv	0.8958333333333334	0.10416666666666669	0.5	FALSE	TRUE	FALSE	FALSE	FALSE	FALSE	uv_specific_instable
RvY_16738-1	1	uv	0.8958333333333334	0.10416666666666669	0.5	FALSE	TRUE	FALSE	FALSE	FALSE	FALSE	uv_specific_instable
RvY_16778-1	1	uv	0.8958333333333334	0.10416666666666669	0.5	FALSE	TRUE	FALSE	FALSE	FALSE	FALSE	uv_specific_instable
RvY_16852-1	1	uv	0.8958333333333334	0.10416666666666669	0.5	FALSE	TRUE	FALSE	FALSE	FALSE	FALSE	uv_specific_instable
RvY_16901-1	1	uv	0.8958333333333334	0.10416666666666669	0.5	FALSE	TRUE	FALSE	FALSE	FALSE	FALSE	uv_specific_instable
RvY_16944-1	1	uv	0.8958333333333334	0.10416666666666669	0.5	FALSE	TRUE	FALSE	FALSE	FALSE	FALSE	uv_specific_instable
RvY_16954-1	1	uv	0.8958333333333334	0.10416666666666669	0.5	FALSE	TRUE	FALSE	FALSE	FALSE	FALSE	uv_specific_instable
RvY_17010-1	1	uv	0.8958333333333334	0.10416666666666669	0.5	FALSE	TRUE	FALSE	FALSE	FALSE	FALSE	uv_specific_instable
RvY_17088-1	1	uv	0.8958333333333334	0.10416666666666669	0.5	FALSE	TRUE	FALSE	FALSE	FALSE	FALSE	uv_specific_instable
RvY_17178	1	uv	0.8958333333333334	0.10416666666666669	0.5	FALSE	TRUE	FALSE	FALSE	FALSE	FALSE	uv_specific_instable
RvY_17239-1	1	uv	0.8958333333333334	0.10416666666666669	0.5	FALSE	TRUE	FALSE	FALSE	FALSE	FALSE	uv_specific_instable
RvY_17278-1	1	uv	0.8958333333333334	0.10416666666666669	0.5	FALSE	TRUE	FALSE	FALSE	FALSE	FALSE	uv_specific_instable
RvY_17360-1	1	uv	0.8958333333333334	0.10416666666666669	0.5	FALSE	TRUE	FALSE	FALSE	FALSE	FALSE	uv_specific_instable
RvY_17361-1	1	uv	0.8958333333333334	0.10416666666666669	0.5	FALSE	TRUE	FALSE	FALSE	FALSE	FALSE	uv_specific_instable
RvY_17366-1	1	uv	0.8958333333333334	0.10416666666666669	0.5	FALSE	TRUE	FALSE	FALSE	FALSE	FALSE	uv_specific_instable
RvY_17379-1	1	uv	0.8958333333333334	0.10416666666666669	0.5	FALSE	TRUE	FALSE	FALSE	FALSE	FALSE	uv_specific_instable
RvY_17467-1	1	uv	0.8958333333333334	0.10416666666666669	0.5	FALSE	TRUE	FALSE	FALSE	FALSE	FALSE	uv_specific_instable
RvY_17529-1	1	uv	0.8958333333333334	0.10416666666666669	0.5	FALSE	TRUE	FALSE	FALSE	FALSE	FALSE	uv_specific_instable
RvY_17693-1	1	uv	0.8958333333333334	0.10416666666666669	0.5	FALSE	TRUE	FALSE	FALSE	FALSE	FALSE	uv_specific_instable
RvY_18070-1	1	uv	0.8958333333333334	0.10416666666666669	0.5	FALSE	TRUE	FALSE	FALSE	FALSE	FALSE	uv_specific_instable
RvY_18113-1	1	uv	0.8958333333333334	0.10416666666666669	0.5	FALSE	TRUE	FALSE	FALSE	FALSE	FALSE	uv_specific_instable
RvY_18131-1	1	uv	0.8958333333333334	0.10416666666666669	0.5	FALSE	TRUE	FALSE	FALSE	FALSE	FALSE	uv_specific_instable
RvY_18250-1	1	uv	0.8958333333333334	0.10416666666666669	0.5	FALSE	TRUE	FALSE	FALSE	FALSE	FALSE	uv_specific_instable
RvY_18285-1	1	uv	0.8958333333333334	0.10416666666666669	0.5	FALSE	TRUE	FALSE	FALSE	FALSE	FALSE	uv_specific_instable
RvY_18312-1	1	uv	0.8958333333333334	0.10416666666666669	0.5	FALSE	TRUE	FALSE	FALSE	FALSE	FALSE	uv_specific_instable
RvY_18429-1	1	uv	0.8958333333333334	0.10416666666666669	0.5	FALSE	TRUE	FALSE	FALSE	FALSE	FALSE	uv_specific_instable
RvY_18431-1	1	uv	0.8958333333333334	0.10416666666666669	0.5	FALSE	TRUE	FALSE	FALSE	FALSE	FALSE	uv_specific_instable
RvY_18476-1	1	uv	0.8958333333333334	0.10416666666666669	0.5	FALSE	TRUE	FALSE	FALSE	FALSE	FALSE	uv_specific_instable
RvY_18542-1	1	uv	0.8958333333333334	0.10416666666666669	0.5	FALSE	TRUE	FALSE	FALSE	FALSE	FALSE	uv_specific_instable
RvY_18617	1	uv	0.8958333333333334	0.10416666666666669	0.5	FALSE	TRUE	FALSE	FALSE	FALSE	FALSE	uv_specific_instable
RvY_18618	1	uv	0.8958333333333334	0.10416666666666669	0.5	FALSE	TRUE	FALSE	FALSE	FALSE	FALSE	uv_specific_instable
RvY_18657-1	1	uv	0.8958333333333334	0.10416666666666669	0.5	FALSE	TRUE	FALSE	FALSE	FALSE	FALSE	uv_specific_instable
RvY_18766	1	uv	0.8958333333333334	0.10416666666666669	0.5	FALSE	TRUE	FALSE	FALSE	FALSE	FALSE	uv_specific_instable
RvY_18813-1	1	uv	0.8958333333333334	0.10416666666666669	0.5	FALSE	TRUE	FALSE	FALSE	FALSE	FALSE	uv_specific_instable
RvY_18901-1	1	uv	0.8958333333333334	0.10416666666666669	0.5	FALSE	TRUE	FALSE	FALSE	FALSE	FALSE	uv_specific_instable
RvY_18916-1	1	uv	0.8958333333333334	0.10416666666666669	0.5	FALSE	TRUE	FALSE	FALSE	FALSE	FALSE	uv_specific_instable
RvY_18966-1	1	uv	0.8958333333333334	0.10416666666666669	0.5	FALSE	TRUE	FALSE	FALSE	FALSE	FALSE	uv_specific_instable
RvY_19217-1	1	uv	0.8958333333333334	0.10416666666666669	0.5	FALSE	TRUE	FALSE	FALSE	FALSE	FALSE	uv_specific_instable
RvY_19253-1	1	uv	0.8958333333333334	0.10416666666666669	0.5	FALSE	TRUE	FALSE	FALSE	FALSE	FALSE	uv_specific_instable
RvY_19291-1	1	uv	0.8958333333333334	0.10416666666666669	0.5	FALSE	TRUE	FALSE	FALSE	FALSE	FALSE	uv_specific_instable
RvY_19363-1	1	uv	0.8958333333333334	0.10416666666666669	0.5	FALSE	TRUE	FALSE	FALSE	FALSE	FALSE	uv_specific_instable
RvY_19460-1	1	uv	0.8958333333333334	0.10416666666666669	0.5	FALSE	TRUE	FALSE	FALSE	FALSE	FALSE	uv_specific_instable
RvY_19520-1	1	uv	0.8958333333333334	0.10416666666666669	0.5	FALSE	TRUE	FALSE	FALSE	FALSE	FALSE	uv_specific_instable
RvY_00034-1	1	uv	0.9047619047619048	0.09523809523809525	0.5714285714285714	FALSE	TRUE	FALSE	FALSE	FALSE	FALSE	uv_specific_instable
RvY_00262	1	uv	0.9047619047619048	0.09523809523809525	0.5714285714285714	FALSE	TRUE	FALSE	FALSE	FALSE	FALSE	uv_specific_instable
RvY_00286-1	1	uv	0.9047619047619048	0.09523809523809525	0.5714285714285714	FALSE	TRUE	FALSE	FALSE	FALSE	FALSE	uv_specific_instable
RvY_00301-1	1	uv	0.9047619047619048	0.09523809523809525	0.5714285714285714	FALSE	TRUE	FALSE	FALSE	FALSE	FALSE	uv_specific_instable
RvY_00461-1	1	uv	0.9047619047619048	0.09523809523809525	0.5714285714285714	FALSE	TRUE	FALSE	FALSE	FALSE	FALSE	uv_specific_instable
RvY_00522-1	1	uv	0.9047619047619048	0.09523809523809525	0.5714285714285714	FALSE	TRUE	FALSE	FALSE	FALSE	FALSE	uv_specific_instable
RvY_00592-1	1	uv	0.9047619047619048	0.09523809523809525	0.5714285714285714	FALSE	TRUE	FALSE	FALSE	FALSE	FALSE	uv_specific_instable
RvY_00669-1	1	uv	0.9047619047619048	0.09523809523809525	0.5714285714285714	FALSE	TRUE	FALSE	FALSE	FALSE	FALSE	uv_specific_instable
RvY_00932-1	1	uv	0.9047619047619048	0.09523809523809525	0.5714285714285714	FALSE	TRUE	FALSE	FALSE	FALSE	FALSE	uv_specific_instable
RvY_01001-1	1	uv	0.9047619047619048	0.09523809523809525	0.5714285714285714	FALSE	TRUE	FALSE	FALSE	FALSE	FALSE	uv_specific_instable
RvY_01203-1	1	uv	0.9047619047619048	0.09523809523809525	0.5714285714285714	FALSE	TRUE	FALSE	FALSE	FALSE	FALSE	uv_specific_instable
RvY_01423-1	1	uv	0.9047619047619048	0.09523809523809525	0.5714285714285714	FALSE	TRUE	FALSE	FALSE	FALSE	FALSE	uv_specific_instable
RvY_01557-1	1	uv	0.9047619047619048	0.09523809523809525	0.5714285714285714	FALSE	TRUE	FALSE	FALSE	FALSE	FALSE	uv_specific_instable
RvY_01616-1	1	uv	0.9047619047619048	0.09523809523809525	0.5714285714285714	FALSE	TRUE	FALSE	FALSE	FALSE	FALSE	uv_specific_instable
RvY_01667-1	1	uv	0.9047619047619048	0.09523809523809525	0.5714285714285714	FALSE	TRUE	FALSE	FALSE	FALSE	FALSE	uv_specific_instable
RvY_01745	1	uv	0.9047619047619048	0.09523809523809525	0.5714285714285714	FALSE	TRUE	FALSE	FALSE	FALSE	FALSE	uv_specific_instable
RvY_01887-1	1	uv	0.9047619047619048	0.09523809523809525	0.5714285714285714	FALSE	TRUE	FALSE	FALSE	FALSE	FALSE	uv_specific_instable
RvY_02078-1	1	uv	0.9047619047619048	0.09523809523809525	0.5714285714285714	FALSE	TRUE	FALSE	FALSE	FALSE	FALSE	uv_specific_instable
RvY_02617	1	uv	0.9047619047619048	0.09523809523809525	0.5714285714285714	FALSE	TRUE	FALSE	FALSE	FALSE	FALSE	uv_specific_instable
RvY_02687-1	1	uv	0.9047619047619048	0.09523809523809525	0.5714285714285714	FALSE	TRUE	FALSE	FALSE	FALSE	FALSE	uv_specific_instable
RvY_02974-1	1	uv	0.9047619047619048	0.09523809523809525	0.5714285714285714	FALSE	TRUE	FALSE	FALSE	FALSE	FALSE	uv_specific_instable
RvY_03143-1	1	uv	0.9047619047619048	0.09523809523809525	0.5714285714285714	FALSE	TRUE	FALSE	FALSE	FALSE	FALSE	uv_specific_instable
RvY_03310-1	1	uv	0.9047619047619048	0.09523809523809525	0.5714285714285714	FALSE	TRUE	FALSE	FALSE	FALSE	FALSE	uv_specific_instable
RvY_03474	1	uv	0.9047619047619048	0.09523809523809525	0.5714285714285714	FALSE	TRUE	FALSE	FALSE	FALSE	FALSE	uv_specific_instable
RvY_04112-1	1	uv	0.9047619047619048	0.09523809523809525	0.5714285714285714	FALSE	TRUE	FALSE	FALSE	FALSE	FALSE	uv_specific_instable
RvY_04359-1	1	uv	0.9047619047619048	0.09523809523809525	0.5714285714285714	FALSE	TRUE	FALSE	FALSE	FALSE	FALSE	uv_specific_instable
RvY_04367-1	1	uv	0.9047619047619048	0.09523809523809525	0.5714285714285714	FALSE	TRUE	FALSE	FALSE	FALSE	FALSE	uv_specific_instable
RvY_04388-1	1	uv	0.9047619047619048	0.09523809523809525	0.5714285714285714	FALSE	TRUE	FALSE	FALSE	FALSE	FALSE	uv_specific_instable
RvY_04505	1	uv	0.9047619047619048	0.09523809523809525	0.5714285714285714	FALSE	TRUE	FALSE	FALSE	FALSE	FALSE	uv_specific_instable
RvY_04559-1	1	uv	0.9047619047619048	0.09523809523809525	0.5714285714285714	FALSE	TRUE	FALSE	FALSE	FALSE	FALSE	uv_specific_instable
RvY_04603-1	1	uv	0.9047619047619048	0.09523809523809525	0.5714285714285714	FALSE	TRUE	FALSE	FALSE	FALSE	FALSE	uv_specific_instable
RvY_05091-1	1	uv	0.9047619047619048	0.09523809523809525	0.5714285714285714	FALSE	TRUE	FALSE	FALSE	FALSE	FALSE	uv_specific_instable
RvY_05184-1	1	uv	0.9047619047619048	0.09523809523809525	0.5714285714285714	FALSE	TRUE	FALSE	FALSE	FALSE	FALSE	uv_specific_instable
RvY_05186-1	1	uv	0.9047619047619048	0.09523809523809525	0.5714285714285714	FALSE	TRUE	FALSE	FALSE	FALSE	FALSE	uv_specific_instable
RvY_05344-1	1	uv	0.9047619047619048	0.09523809523809525	0.5714285714285714	FALSE	TRUE	FALSE	FALSE	FALSE	FALSE	uv_specific_instable
RvY_05539	1	uv	0.9047619047619048	0.09523809523809525	0.5714285714285714	FALSE	TRUE	FALSE	FALSE	FALSE	FALSE	uv_specific_instable
RvY_05546-1	1	uv	0.9047619047619048	0.09523809523809525	0.5714285714285714	FALSE	TRUE	FALSE	FALSE	FALSE	FALSE	uv_specific_instable
RvY_05556-1	1	uv	0.9047619047619048	0.09523809523809525	0.5714285714285714	FALSE	TRUE	FALSE	FALSE	FALSE	FALSE	uv_specific_instable
RvY_05567-1	1	uv	0.9047619047619048	0.09523809523809525	0.5714285714285714	FALSE	TRUE	FALSE	FALSE	FALSE	FALSE	uv_specific_instable
RvY_05652-1	1	uv	0.9047619047619048	0.09523809523809525	0.5714285714285714	FALSE	TRUE	FALSE	FALSE	FALSE	FALSE	uv_specific_instable
RvY_05817-1	1	uv	0.9047619047619048	0.09523809523809525	0.5714285714285714	FALSE	TRUE	FALSE	FALSE	FALSE	FALSE	uv_specific_instable
RvY_05898	1	uv	0.9047619047619048	0.09523809523809525	0.5714285714285714	FALSE	TRUE	FALSE	FALSE	FALSE	FALSE	uv_specific_instable
RvY_06015-1	1	uv	0.9047619047619048	0.09523809523809525	0.5714285714285714	FALSE	TRUE	FALSE	FALSE	FALSE	FALSE	uv_specific_instable
RvY_06047-1	1	uv	0.9047619047619048	0.09523809523809525	0.5714285714285714	FALSE	TRUE	FALSE	FALSE	FALSE	FALSE	uv_specific_instable
RvY_06324	1	uv	0.9047619047619048	0.09523809523809525	0.5714285714285714	FALSE	TRUE	FALSE	FALSE	FALSE	FALSE	uv_specific_instable
RvY_06717-1	1	uv	0.9047619047619048	0.09523809523809525	0.5714285714285714	FALSE	TRUE	FALSE	FALSE	FALSE	FALSE	uv_specific_instable
RvY_06736-1	1	uv	0.9047619047619048	0.09523809523809525	0.5714285714285714	FALSE	TRUE	FALSE	FALSE	FALSE	FALSE	uv_specific_instable
RvY_07188-1	1	uv	0.9047619047619048	0.09523809523809525	0.5714285714285714	FALSE	TRUE	FALSE	FALSE	FALSE	FALSE	uv_specific_instable
RvY_07230	1	uv	0.9047619047619048	0.09523809523809525	0.5714285714285714	FALSE	TRUE	FALSE	FALSE	FALSE	FALSE	uv_specific_instable
RvY_07436	1	uv	0.9047619047619048	0.09523809523809525	0.5714285714285714	FALSE	TRUE	FALSE	FALSE	FALSE	FALSE	uv_specific_instable
RvY_07818	1	uv	0.9047619047619048	0.09523809523809525	0.5714285714285714	FALSE	TRUE	FALSE	FALSE	FALSE	FALSE	uv_specific_instable
RvY_07855-1	1	uv	0.9047619047619048	0.09523809523809525	0.5714285714285714	FALSE	TRUE	FALSE	FALSE	FALSE	FALSE	uv_specific_instable
RvY_07988-1	1	uv	0.9047619047619048	0.09523809523809525	0.5714285714285714	FALSE	TRUE	FALSE	FALSE	FALSE	FALSE	uv_specific_instable
RvY_08023-1	1	uv	0.9047619047619048	0.09523809523809525	0.5714285714285714	FALSE	TRUE	FALSE	FALSE	FALSE	FALSE	uv_specific_instable
RvY_08184	1	uv	0.9047619047619048	0.09523809523809525	0.5714285714285714	FALSE	TRUE	FALSE	FALSE	FALSE	FALSE	uv_specific_instable
RvY_08345-1	1	uv	0.9047619047619048	0.09523809523809525	0.5714285714285714	FALSE	TRUE	FALSE	FALSE	FALSE	FALSE	uv_specific_instable
RvY_08544-1	1	uv	0.9047619047619048	0.09523809523809525	0.5714285714285714	FALSE	TRUE	FALSE	FALSE	FALSE	FALSE	uv_specific_instable
RvY_08579-1	1	uv	0.9047619047619048	0.09523809523809525	0.5714285714285714	FALSE	TRUE	FALSE	FALSE	FALSE	FALSE	uv_specific_instable
RvY_08632-1	1	uv	0.9047619047619048	0.09523809523809525	0.5714285714285714	FALSE	TRUE	FALSE	FALSE	FALSE	FALSE	uv_specific_instable
RvY_08699-1	1	uv	0.9047619047619048	0.09523809523809525	0.5714285714285714	FALSE	TRUE	FALSE	FALSE	FALSE	FALSE	uv_specific_instable
RvY_08756-1	1	uv	0.9047619047619048	0.09523809523809525	0.5714285714285714	FALSE	TRUE	FALSE	FALSE	FALSE	FALSE	uv_specific_instable
RvY_08762-1	1	uv	0.9047619047619048	0.09523809523809525	0.5714285714285714	FALSE	TRUE	FALSE	FALSE	FALSE	FALSE	uv_specific_instable
RvY_08900-1	1	uv	0.9047619047619048	0.09523809523809525	0.5714285714285714	FALSE	TRUE	FALSE	FALSE	FALSE	FALSE	uv_specific_instable
RvY_09009-1	1	uv	0.9047619047619048	0.09523809523809525	0.5714285714285714	FALSE	TRUE	FALSE	FALSE	FALSE	FALSE	uv_specific_instable
RvY_09034	1	uv	0.9047619047619048	0.09523809523809525	0.5714285714285714	FALSE	TRUE	FALSE	FALSE	FALSE	FALSE	uv_specific_instable
RvY_09126-1	1	uv	0.9047619047619048	0.09523809523809525	0.5714285714285714	FALSE	TRUE	FALSE	FALSE	FALSE	FALSE	uv_specific_instable
RvY_09172-1	1	uv	0.9047619047619048	0.09523809523809525	0.5714285714285714	FALSE	TRUE	FALSE	FALSE	FALSE	FALSE	uv_specific_instable
RvY_09534-1	1	uv	0.9047619047619048	0.09523809523809525	0.5714285714285714	FALSE	TRUE	FALSE	FALSE	FALSE	FALSE	uv_specific_instable
RvY_09555-1	1	uv	0.9047619047619048	0.09523809523809525	0.5714285714285714	FALSE	TRUE	FALSE	FALSE	FALSE	FALSE	uv_specific_instable
RvY_09783-1	1	uv	0.9047619047619048	0.09523809523809525	0.5714285714285714	FALSE	TRUE	FALSE	FALSE	FALSE	FALSE	uv_specific_instable
RvY_09789	1	uv	0.9047619047619048	0.09523809523809525	0.5714285714285714	FALSE	TRUE	FALSE	FALSE	FALSE	FALSE	uv_specific_instable
RvY_09886-1	1	uv	0.9047619047619048	0.09523809523809525	0.5714285714285714	FALSE	TRUE	FALSE	FALSE	FALSE	FALSE	uv_specific_instable
RvY_09963-1	1	uv	0.9047619047619048	0.09523809523809525	0.5714285714285714	FALSE	TRUE	FALSE	FALSE	FALSE	FALSE	uv_specific_instable
RvY_10034-1	1	uv	0.9047619047619048	0.09523809523809525	0.5714285714285714	FALSE	TRUE	FALSE	FALSE	FALSE	FALSE	uv_specific_instable
RvY_10187-1	1	uv	0.9047619047619048	0.09523809523809525	0.5714285714285714	FALSE	TRUE	FALSE	FALSE	FALSE	FALSE	uv_specific_instable
RvY_10266-1	1	uv	0.9047619047619048	0.09523809523809525	0.5714285714285714	FALSE	TRUE	FALSE	FALSE	FALSE	FALSE	uv_specific_instable
RvY_10550-1	1	uv	0.9047619047619048	0.09523809523809525	0.5714285714285714	FALSE	TRUE	FALSE	FALSE	FALSE	FALSE	uv_specific_instable
RvY_10593-1	1	uv	0.9047619047619048	0.09523809523809525	0.5714285714285714	FALSE	TRUE	FALSE	FALSE	FALSE	FALSE	uv_specific_instable
RvY_10609-1	1	uv	0.9047619047619048	0.09523809523809525	0.5714285714285714	FALSE	TRUE	FALSE	FALSE	FALSE	FALSE	uv_specific_instable
RvY_10648-1	1	uv	0.9047619047619048	0.09523809523809525	0.5714285714285714	FALSE	TRUE	FALSE	FALSE	FALSE	FALSE	uv_specific_instable
RvY_10695-1	1	uv	0.9047619047619048	0.09523809523809525	0.5714285714285714	FALSE	TRUE	FALSE	FALSE	FALSE	FALSE	uv_specific_instable
RvY_11098-1	1	uv	0.9047619047619048	0.09523809523809525	0.5714285714285714	FALSE	TRUE	FALSE	FALSE	FALSE	FALSE	uv_specific_instable
RvY_11637-1	1	uv	0.9047619047619048	0.09523809523809525	0.5714285714285714	FALSE	TRUE	FALSE	FALSE	FALSE	FALSE	uv_specific_instable
RvY_11656-1	1	uv	0.9047619047619048	0.09523809523809525	0.5714285714285714	FALSE	TRUE	FALSE	FALSE	FALSE	FALSE	uv_specific_instable
RvY_12096-1	1	uv	0.9047619047619048	0.09523809523809525	0.5714285714285714	FALSE	TRUE	FALSE	FALSE	FALSE	FALSE	uv_specific_instable
RvY_12418-1	1	uv	0.9047619047619048	0.09523809523809525	0.5714285714285714	FALSE	TRUE	FALSE	FALSE	FALSE	FALSE	uv_specific_instable
RvY_12558-1	1	uv	0.9047619047619048	0.09523809523809525	0.5714285714285714	FALSE	TRUE	FALSE	FALSE	FALSE	FALSE	uv_specific_instable
RvY_12716	1	uv	0.9047619047619048	0.09523809523809525	0.5714285714285714	FALSE	TRUE	FALSE	FALSE	FALSE	FALSE	uv_specific_instable
RvY_12943-1	1	uv	0.9047619047619048	0.09523809523809525	0.5714285714285714	FALSE	TRUE	FALSE	FALSE	FALSE	FALSE	uv_specific_instable
RvY_12978-1	1	uv	0.9047619047619048	0.09523809523809525	0.5714285714285714	FALSE	TRUE	FALSE	FALSE	FALSE	FALSE	uv_specific_instable
RvY_13006-1	1	uv	0.9047619047619048	0.09523809523809525	0.5714285714285714	FALSE	TRUE	FALSE	FALSE	FALSE	FALSE	uv_specific_instable
RvY_13108-1	1	uv	0.9047619047619048	0.09523809523809525	0.5714285714285714	FALSE	TRUE	FALSE	FALSE	FALSE	FALSE	uv_specific_instable
RvY_13142-1	1	uv	0.9047619047619048	0.09523809523809525	0.5714285714285714	FALSE	TRUE	FALSE	FALSE	FALSE	FALSE	uv_specific_instable
RvY_13234-1	1	uv	0.9047619047619048	0.09523809523809525	0.5714285714285714	FALSE	TRUE	FALSE	FALSE	FALSE	FALSE	uv_specific_instable
RvY_13282-1	1	uv	0.9047619047619048	0.09523809523809525	0.5714285714285714	FALSE	TRUE	FALSE	FALSE	FALSE	FALSE	uv_specific_instable
RvY_13361-1	1	uv	0.9047619047619048	0.09523809523809525	0.5714285714285714	FALSE	TRUE	FALSE	FALSE	FALSE	FALSE	uv_specific_instable
RvY_13377-1	1	uv	0.9047619047619048	0.09523809523809525	0.5714285714285714	FALSE	TRUE	FALSE	FALSE	FALSE	FALSE	uv_specific_instable
RvY_13451-1	1	uv	0.9047619047619048	0.09523809523809525	0.5714285714285714	FALSE	TRUE	FALSE	FALSE	FALSE	FALSE	uv_specific_instable
RvY_13508-1	1	uv	0.9047619047619048	0.09523809523809525	0.5714285714285714	FALSE	TRUE	FALSE	FALSE	FALSE	FALSE	uv_specific_instable
RvY_13549-1	1	uv	0.9047619047619048	0.09523809523809525	0.5714285714285714	FALSE	TRUE	FALSE	FALSE	FALSE	FALSE	uv_specific_instable
RvY_13688	1	uv	0.9047619047619048	0.09523809523809525	0.5714285714285714	FALSE	TRUE	FALSE	FALSE	FALSE	FALSE	uv_specific_instable
RvY_13814-1	1	uv	0.9047619047619048	0.09523809523809525	0.5714285714285714	FALSE	TRUE	FALSE	FALSE	FALSE	FALSE	uv_specific_instable
RvY_14113	1	uv	0.9047619047619048	0.09523809523809525	0.5714285714285714	FALSE	TRUE	FALSE	FALSE	FALSE	FALSE	uv_specific_instable
RvY_14214-1	1	uv	0.9047619047619048	0.09523809523809525	0.5714285714285714	FALSE	TRUE	FALSE	FALSE	FALSE	FALSE	uv_specific_instable
RvY_14232-1	1	uv	0.9047619047619048	0.09523809523809525	0.5714285714285714	FALSE	TRUE	FALSE	FALSE	FALSE	FALSE	uv_specific_instable
RvY_14268-1	1	uv	0.9047619047619048	0.09523809523809525	0.5714285714285714	FALSE	TRUE	FALSE	FALSE	FALSE	FALSE	uv_specific_instable
RvY_14460-1	1	uv	0.9047619047619048	0.09523809523809525	0.5714285714285714	FALSE	TRUE	FALSE	FALSE	FALSE	FALSE	uv_specific_instable
RvY_14707-1	1	uv	0.9047619047619048	0.09523809523809525	0.5714285714285714	FALSE	TRUE	FALSE	FALSE	FALSE	FALSE	uv_specific_instable
RvY_14815-1	1	uv	0.9047619047619048	0.09523809523809525	0.5714285714285714	FALSE	TRUE	FALSE	FALSE	FALSE	FALSE	uv_specific_instable
RvY_15004-1	1	uv	0.9047619047619048	0.09523809523809525	0.5714285714285714	FALSE	TRUE	FALSE	FALSE	FALSE	FALSE	uv_specific_instable
RvY_15061	1	uv	0.9047619047619048	0.09523809523809525	0.5714285714285714	FALSE	TRUE	FALSE	FALSE	FALSE	FALSE	uv_specific_instable
RvY_15102-1	1	uv	0.9047619047619048	0.09523809523809525	0.5714285714285714	FALSE	TRUE	FALSE	FALSE	FALSE	FALSE	uv_specific_instable
RvY_15167-1	1	uv	0.9047619047619048	0.09523809523809525	0.5714285714285714	FALSE	TRUE	FALSE	FALSE	FALSE	FALSE	uv_specific_instable
RvY_15244-1	1	uv	0.9047619047619048	0.09523809523809525	0.5714285714285714	FALSE	TRUE	FALSE	FALSE	FALSE	FALSE	uv_specific_instable
RvY_15245-1	1	uv	0.9047619047619048	0.09523809523809525	0.5714285714285714	FALSE	TRUE	FALSE	FALSE	FALSE	FALSE	uv_specific_instable
RvY_15259	1	uv	0.9047619047619048	0.09523809523809525	0.5714285714285714	FALSE	TRUE	FALSE	FALSE	FALSE	FALSE	uv_specific_instable
RvY_16169-1	1	uv	0.9047619047619048	0.09523809523809525	0.5714285714285714	FALSE	TRUE	FALSE	FALSE	FALSE	FALSE	uv_specific_instable
RvY_16552-1	1	uv	0.9047619047619048	0.09523809523809525	0.5714285714285714	FALSE	TRUE	FALSE	FALSE	FALSE	FALSE	uv_specific_instable
RvY_16656	1	uv	0.9047619047619048	0.09523809523809525	0.5714285714285714	FALSE	TRUE	FALSE	FALSE	FALSE	FALSE	uv_specific_instable
RvY_16793-1	1	uv	0.9047619047619048	0.09523809523809525	0.5714285714285714	FALSE	TRUE	FALSE	FALSE	FALSE	FALSE	uv_specific_instable
RvY_16812-1	1	uv	0.9047619047619048	0.09523809523809525	0.5714285714285714	FALSE	TRUE	FALSE	FALSE	FALSE	FALSE	uv_specific_instable
RvY_16817-1	1	uv	0.9047619047619048	0.09523809523809525	0.5714285714285714	FALSE	TRUE	FALSE	FALSE	FALSE	FALSE	uv_specific_instable
RvY_16984-1	1	uv	0.9047619047619048	0.09523809523809525	0.5714285714285714	FALSE	TRUE	FALSE	FALSE	FALSE	FALSE	uv_specific_instable
RvY_16995-1	1	uv	0.9047619047619048	0.09523809523809525	0.5714285714285714	FALSE	TRUE	FALSE	FALSE	FALSE	FALSE	uv_specific_instable
RvY_17053-1	1	uv	0.9047619047619048	0.09523809523809525	0.5714285714285714	FALSE	TRUE	FALSE	FALSE	FALSE	FALSE	uv_specific_instable
RvY_17374	1	uv	0.9047619047619048	0.09523809523809525	0.5714285714285714	FALSE	TRUE	FALSE	FALSE	FALSE	FALSE	uv_specific_instable
RvY_17490	1	uv	0.9047619047619048	0.09523809523809525	0.5714285714285714	FALSE	TRUE	FALSE	FALSE	FALSE	FALSE	uv_specific_instable
RvY_17536-1	1	uv	0.9047619047619048	0.09523809523809525	0.5714285714285714	FALSE	TRUE	FALSE	FALSE	FALSE	FALSE	uv_specific_instable
RvY_17569-1	1	uv	0.9047619047619048	0.09523809523809525	0.5714285714285714	FALSE	TRUE	FALSE	FALSE	FALSE	FALSE	uv_specific_instable
RvY_17677-1	1	uv	0.9047619047619048	0.09523809523809525	0.5714285714285714	FALSE	TRUE	FALSE	FALSE	FALSE	FALSE	uv_specific_instable
RvY_17720-1	1	uv	0.9047619047619048	0.09523809523809525	0.5714285714285714	FALSE	TRUE	FALSE	FALSE	FALSE	FALSE	uv_specific_instable
RvY_17826-1	1	uv	0.9047619047619048	0.09523809523809525	0.5714285714285714	FALSE	TRUE	FALSE	FALSE	FALSE	FALSE	uv_specific_instable
RvY_17845-1	1	uv	0.9047619047619048	0.09523809523809525	0.5714285714285714	FALSE	TRUE	FALSE	FALSE	FALSE	FALSE	uv_specific_instable
RvY_18381-1	1	uv	0.9047619047619048	0.09523809523809525	0.5714285714285714	FALSE	TRUE	FALSE	FALSE	FALSE	FALSE	uv_specific_instable
RvY_18596-1	1	uv	0.9047619047619048	0.09523809523809525	0.5714285714285714	FALSE	TRUE	FALSE	FALSE	FALSE	FALSE	uv_specific_instable
RvY_18674-1	1	uv	0.9047619047619048	0.09523809523809525	0.5714285714285714	FALSE	TRUE	FALSE	FALSE	FALSE	FALSE	uv_specific_instable
RvY_18676-1	1	uv	0.9047619047619048	0.09523809523809525	0.5714285714285714	FALSE	TRUE	FALSE	FALSE	FALSE	FALSE	uv_specific_instable
RvY_18779-1	1	uv	0.9047619047619048	0.09523809523809525	0.5714285714285714	FALSE	TRUE	FALSE	FALSE	FALSE	FALSE	uv_specific_instable
RvY_19264-1	1	uv	0.9047619047619048	0.09523809523809525	0.5714285714285714	FALSE	TRUE	FALSE	FALSE	FALSE	FALSE	uv_specific_instable
RvY_19307	1	uv	0.9047619047619048	0.09523809523809525	0.5714285714285714	FALSE	TRUE	FALSE	FALSE	FALSE	FALSE	uv_specific_instable
RvY_19500-1	1	uv	0.9047619047619048	0.09523809523809525	0.5714285714285714	FALSE	TRUE	FALSE	FALSE	FALSE	FALSE	uv_specific_instable
RvY_19590-1	1	uv	0.9047619047619048	0.09523809523809525	0.5714285714285714	FALSE	TRUE	FALSE	FALSE	FALSE	FALSE	uv_specific_instable
RvY_00037-1	1	uv	0.9077380952380952	0.09226190476190475	0.4285714285714286	FALSE	TRUE	FALSE	FALSE	FALSE	FALSE	uv_specific_instable
RvY_00062	1	uv	0.9077380952380952	0.09226190476190475	0.4285714285714286	FALSE	TRUE	FALSE	FALSE	FALSE	FALSE	uv_specific_instable
RvY_00073-1	1	uv	0.9077380952380952	0.09226190476190475	0.4285714285714286	FALSE	TRUE	FALSE	FALSE	FALSE	FALSE	uv_specific_instable
RvY_00120-2	1	uv	0.9077380952380952	0.09226190476190475	0.4285714285714286	FALSE	TRUE	FALSE	FALSE	FALSE	FALSE	uv_specific_instable
RvY_00338-1	1	uv	0.9077380952380952	0.09226190476190475	0.4285714285714286	FALSE	TRUE	FALSE	FALSE	FALSE	FALSE	uv_specific_instable
RvY_00538-1	1	uv	0.9077380952380952	0.09226190476190475	0.4285714285714286	FALSE	TRUE	FALSE	FALSE	FALSE	FALSE	uv_specific_instable
RvY_00579-1	1	uv	0.9077380952380952	0.09226190476190475	0.4285714285714286	FALSE	TRUE	FALSE	FALSE	FALSE	FALSE	uv_specific_instable
RvY_00642-1	1	uv	0.9077380952380952	0.09226190476190475	0.4285714285714286	FALSE	TRUE	FALSE	FALSE	FALSE	FALSE	uv_specific_instable
RvY_00658-1	1	uv	0.9077380952380952	0.09226190476190475	0.4285714285714286	FALSE	TRUE	FALSE	FALSE	FALSE	FALSE	uv_specific_instable
RvY_00856-1	1	uv	0.9077380952380952	0.09226190476190475	0.4285714285714286	FALSE	TRUE	FALSE	FALSE	FALSE	FALSE	uv_specific_instable
RvY_00952-1	1	uv	0.9077380952380952	0.09226190476190475	0.4285714285714286	FALSE	TRUE	FALSE	FALSE	FALSE	FALSE	uv_specific_instable
RvY_00986-1	1	uv	0.9077380952380952	0.09226190476190475	0.4285714285714286	FALSE	TRUE	FALSE	FALSE	FALSE	FALSE	uv_specific_instable
RvY_01003-1	1	uv	0.9077380952380952	0.09226190476190475	0.4285714285714286	FALSE	TRUE	FALSE	FALSE	FALSE	FALSE	uv_specific_instable
RvY_01049-1	1	uv	0.9077380952380952	0.09226190476190475	0.4285714285714286	FALSE	TRUE	FALSE	FALSE	FALSE	FALSE	uv_specific_instable
RvY_01118-1	1	uv	0.9077380952380952	0.09226190476190475	0.4285714285714286	FALSE	TRUE	FALSE	FALSE	FALSE	FALSE	uv_specific_instable
RvY_01123-1	1	uv	0.9077380952380952	0.09226190476190475	0.4285714285714286	FALSE	TRUE	FALSE	FALSE	FALSE	FALSE	uv_specific_instable
RvY_01140	1	uv	0.9077380952380952	0.09226190476190475	0.4285714285714286	FALSE	TRUE	FALSE	FALSE	FALSE	FALSE	uv_specific_instable
RvY_01155-1	1	uv	0.9077380952380952	0.09226190476190475	0.4285714285714286	FALSE	TRUE	FALSE	FALSE	FALSE	FALSE	uv_specific_instable
RvY_01189-1	1	uv	0.9077380952380952	0.09226190476190475	0.4285714285714286	FALSE	TRUE	FALSE	FALSE	FALSE	FALSE	uv_specific_instable
RvY_01297-1	1	uv	0.9077380952380952	0.09226190476190475	0.4285714285714286	FALSE	TRUE	FALSE	FALSE	FALSE	FALSE	uv_specific_instable
RvY_01468-1	1	uv	0.9077380952380952	0.09226190476190475	0.4285714285714286	FALSE	TRUE	FALSE	FALSE	FALSE	FALSE	uv_specific_instable
RvY_01480-1	1	uv	0.9077380952380952	0.09226190476190475	0.4285714285714286	FALSE	TRUE	FALSE	FALSE	FALSE	FALSE	uv_specific_instable
RvY_01578-1	1	uv	0.9077380952380952	0.09226190476190475	0.4285714285714286	FALSE	TRUE	FALSE	FALSE	FALSE	FALSE	uv_specific_instable
RvY_01600-1	1	uv	0.9077380952380952	0.09226190476190475	0.4285714285714286	FALSE	TRUE	FALSE	FALSE	FALSE	FALSE	uv_specific_instable
RvY_01659-1	1	uv	0.9077380952380952	0.09226190476190475	0.4285714285714286	FALSE	TRUE	FALSE	FALSE	FALSE	FALSE	uv_specific_instable
RvY_01825	1	uv	0.9077380952380952	0.09226190476190475	0.4285714285714286	FALSE	TRUE	FALSE	FALSE	FALSE	FALSE	uv_specific_instable
RvY_01961-1	1	uv	0.9077380952380952	0.09226190476190475	0.4285714285714286	FALSE	TRUE	FALSE	FALSE	FALSE	FALSE	uv_specific_instable
RvY_01980	1	uv	0.9077380952380952	0.09226190476190475	0.4285714285714286	FALSE	TRUE	FALSE	FALSE	FALSE	FALSE	uv_specific_instable
RvY_02049-1	1	uv	0.9077380952380952	0.09226190476190475	0.4285714285714286	FALSE	TRUE	FALSE	FALSE	FALSE	FALSE	uv_specific_instable
RvY_02107	1	uv	0.9077380952380952	0.09226190476190475	0.4285714285714286	FALSE	TRUE	FALSE	FALSE	FALSE	FALSE	uv_specific_instable
RvY_02277-1	1	uv	0.9077380952380952	0.09226190476190475	0.4285714285714286	FALSE	TRUE	FALSE	FALSE	FALSE	FALSE	uv_specific_instable
RvY_02417-1	1	uv	0.9077380952380952	0.09226190476190475	0.4285714285714286	FALSE	TRUE	FALSE	FALSE	FALSE	FALSE	uv_specific_instable
RvY_02430-1	1	uv	0.9077380952380952	0.09226190476190475	0.4285714285714286	FALSE	TRUE	FALSE	FALSE	FALSE	FALSE	uv_specific_instable
RvY_02492-1	1	uv	0.9077380952380952	0.09226190476190475	0.4285714285714286	FALSE	TRUE	FALSE	FALSE	FALSE	FALSE	uv_specific_instable
RvY_02493-1	1	uv	0.9077380952380952	0.09226190476190475	0.4285714285714286	FALSE	TRUE	FALSE	FALSE	FALSE	FALSE	uv_specific_instable
RvY_02577-1	1	uv	0.9077380952380952	0.09226190476190475	0.4285714285714286	FALSE	TRUE	FALSE	FALSE	FALSE	FALSE	uv_specific_instable
RvY_02627-1	1	uv	0.9077380952380952	0.09226190476190475	0.4285714285714286	FALSE	TRUE	FALSE	FALSE	FALSE	FALSE	uv_specific_instable
RvY_02630-1	1	uv	0.9077380952380952	0.09226190476190475	0.4285714285714286	FALSE	TRUE	FALSE	FALSE	FALSE	FALSE	uv_specific_instable
RvY_02634-1	1	uv	0.9077380952380952	0.09226190476190475	0.4285714285714286	FALSE	TRUE	FALSE	FALSE	FALSE	FALSE	uv_specific_instable
RvY_02653-1	1	uv	0.9077380952380952	0.09226190476190475	0.4285714285714286	FALSE	TRUE	FALSE	FALSE	FALSE	FALSE	uv_specific_instable
RvY_02797-1	1	uv	0.9077380952380952	0.09226190476190475	0.4285714285714286	FALSE	TRUE	FALSE	FALSE	FALSE	FALSE	uv_specific_instable
RvY_03021-1	1	uv	0.9077380952380952	0.09226190476190475	0.4285714285714286	FALSE	TRUE	FALSE	FALSE	FALSE	FALSE	uv_specific_instable
RvY_03057	1	uv	0.9077380952380952	0.09226190476190475	0.4285714285714286	FALSE	TRUE	FALSE	FALSE	FALSE	FALSE	uv_specific_instable
RvY_03157-1	1	uv	0.9077380952380952	0.09226190476190475	0.4285714285714286	FALSE	TRUE	FALSE	FALSE	FALSE	FALSE	uv_specific_instable
RvY_03194-1	1	uv	0.9077380952380952	0.09226190476190475	0.4285714285714286	FALSE	TRUE	FALSE	FALSE	FALSE	FALSE	uv_specific_instable
RvY_03203	1	uv	0.9077380952380952	0.09226190476190475	0.4285714285714286	FALSE	TRUE	FALSE	FALSE	FALSE	FALSE	uv_specific_instable
RvY_03232-1	1	uv	0.9077380952380952	0.09226190476190475	0.4285714285714286	FALSE	TRUE	FALSE	FALSE	FALSE	FALSE	uv_specific_instable
RvY_03278-1	1	uv	0.9077380952380952	0.09226190476190475	0.4285714285714286	FALSE	TRUE	FALSE	FALSE	FALSE	FALSE	uv_specific_instable
RvY_03326	1	uv	0.9077380952380952	0.09226190476190475	0.4285714285714286	FALSE	TRUE	FALSE	FALSE	FALSE	FALSE	uv_specific_instable
RvY_03432-1	1	uv	0.9077380952380952	0.09226190476190475	0.4285714285714286	FALSE	TRUE	FALSE	FALSE	FALSE	FALSE	uv_specific_instable
RvY_03444-1	1	uv	0.9077380952380952	0.09226190476190475	0.4285714285714286	FALSE	TRUE	FALSE	FALSE	FALSE	FALSE	uv_specific_instable
RvY_03548	1	uv	0.9077380952380952	0.09226190476190475	0.4285714285714286	FALSE	TRUE	FALSE	FALSE	FALSE	FALSE	uv_specific_instable
RvY_03631-1	1	uv	0.9077380952380952	0.09226190476190475	0.4285714285714286	FALSE	TRUE	FALSE	FALSE	FALSE	FALSE	uv_specific_instable
RvY_03665-1	1	uv	0.9077380952380952	0.09226190476190475	0.4285714285714286	FALSE	TRUE	FALSE	FALSE	FALSE	FALSE	uv_specific_instable
RvY_03703-1	1	uv	0.9077380952380952	0.09226190476190475	0.4285714285714286	FALSE	TRUE	FALSE	FALSE	FALSE	FALSE	uv_specific_instable
RvY_04203-1	1	uv	0.9077380952380952	0.09226190476190475	0.4285714285714286	FALSE	TRUE	FALSE	FALSE	FALSE	FALSE	uv_specific_instable
RvY_04252-1	1	uv	0.9077380952380952	0.09226190476190475	0.4285714285714286	FALSE	TRUE	FALSE	FALSE	FALSE	FALSE	uv_specific_instable
RvY_04338	1	uv	0.9077380952380952	0.09226190476190475	0.4285714285714286	FALSE	TRUE	FALSE	FALSE	FALSE	FALSE	uv_specific_instable
RvY_04373-1	1	uv	0.9077380952380952	0.09226190476190475	0.4285714285714286	FALSE	TRUE	FALSE	FALSE	FALSE	FALSE	uv_specific_instable
RvY_04394	1	uv	0.9077380952380952	0.09226190476190475	0.4285714285714286	FALSE	TRUE	FALSE	FALSE	FALSE	FALSE	uv_specific_instable
RvY_04431-1	1	uv	0.9077380952380952	0.09226190476190475	0.4285714285714286	FALSE	TRUE	FALSE	FALSE	FALSE	FALSE	uv_specific_instable
RvY_04454	1	uv	0.9077380952380952	0.09226190476190475	0.4285714285714286	FALSE	TRUE	FALSE	FALSE	FALSE	FALSE	uv_specific_instable
RvY_04467-1	1	uv	0.9077380952380952	0.09226190476190475	0.4285714285714286	FALSE	TRUE	FALSE	FALSE	FALSE	FALSE	uv_specific_instable
RvY_04523-1	1	uv	0.9077380952380952	0.09226190476190475	0.4285714285714286	FALSE	TRUE	FALSE	FALSE	FALSE	FALSE	uv_specific_instable
RvY_04612-1	1	uv	0.9077380952380952	0.09226190476190475	0.4285714285714286	FALSE	TRUE	FALSE	FALSE	FALSE	FALSE	uv_specific_instable
RvY_04620	1	uv	0.9077380952380952	0.09226190476190475	0.4285714285714286	FALSE	TRUE	FALSE	FALSE	FALSE	FALSE	uv_specific_instable
RvY_04639-1	1	uv	0.9077380952380952	0.09226190476190475	0.4285714285714286	FALSE	TRUE	FALSE	FALSE	FALSE	FALSE	uv_specific_instable
RvY_04685-1	1	uv	0.9077380952380952	0.09226190476190475	0.4285714285714286	FALSE	TRUE	FALSE	FALSE	FALSE	FALSE	uv_specific_instable
RvY_04690-1	1	uv	0.9077380952380952	0.09226190476190475	0.4285714285714286	FALSE	TRUE	FALSE	FALSE	FALSE	FALSE	uv_specific_instable
RvY_04699	1	uv	0.9077380952380952	0.09226190476190475	0.4285714285714286	FALSE	TRUE	FALSE	FALSE	FALSE	FALSE	uv_specific_instable
RvY_04856-1	1	uv	0.9077380952380952	0.09226190476190475	0.4285714285714286	FALSE	TRUE	FALSE	FALSE	FALSE	FALSE	uv_specific_instable
RvY_04884-1	1	uv	0.9077380952380952	0.09226190476190475	0.4285714285714286	FALSE	TRUE	FALSE	FALSE	FALSE	FALSE	uv_specific_instable
RvY_04886-1	1	uv	0.9077380952380952	0.09226190476190475	0.4285714285714286	FALSE	TRUE	FALSE	FALSE	FALSE	FALSE	uv_specific_instable
RvY_04895-1	1	uv	0.9077380952380952	0.09226190476190475	0.4285714285714286	FALSE	TRUE	FALSE	FALSE	FALSE	FALSE	uv_specific_instable
RvY_05129-1	1	uv	0.9077380952380952	0.09226190476190475	0.4285714285714286	FALSE	TRUE	FALSE	FALSE	FALSE	FALSE	uv_specific_instable
RvY_05259-1	1	uv	0.9077380952380952	0.09226190476190475	0.4285714285714286	FALSE	TRUE	FALSE	FALSE	FALSE	FALSE	uv_specific_instable
RvY_05291	1	uv	0.9077380952380952	0.09226190476190475	0.4285714285714286	FALSE	TRUE	FALSE	FALSE	FALSE	FALSE	uv_specific_instable
RvY_05375	1	uv	0.9077380952380952	0.09226190476190475	0.4285714285714286	FALSE	TRUE	FALSE	FALSE	FALSE	FALSE	uv_specific_instable
RvY_05418-1	1	uv	0.9077380952380952	0.09226190476190475	0.4285714285714286	FALSE	TRUE	FALSE	FALSE	FALSE	FALSE	uv_specific_instable
RvY_05427-1	1	uv	0.9077380952380952	0.09226190476190475	0.4285714285714286	FALSE	TRUE	FALSE	FALSE	FALSE	FALSE	uv_specific_instable
RvY_05437-1	1	uv	0.9077380952380952	0.09226190476190475	0.4285714285714286	FALSE	TRUE	FALSE	FALSE	FALSE	FALSE	uv_specific_instable
RvY_05474-1	1	uv	0.9077380952380952	0.09226190476190475	0.4285714285714286	FALSE	TRUE	FALSE	FALSE	FALSE	FALSE	uv_specific_instable
RvY_05517-1	1	uv	0.9077380952380952	0.09226190476190475	0.4285714285714286	FALSE	TRUE	FALSE	FALSE	FALSE	FALSE	uv_specific_instable
RvY_05538	1	uv	0.9077380952380952	0.09226190476190475	0.4285714285714286	FALSE	TRUE	FALSE	FALSE	FALSE	FALSE	uv_specific_instable
RvY_05555-1	1	uv	0.9077380952380952	0.09226190476190475	0.4285714285714286	FALSE	TRUE	FALSE	FALSE	FALSE	FALSE	uv_specific_instable
RvY_05629-1	1	uv	0.9077380952380952	0.09226190476190475	0.4285714285714286	FALSE	TRUE	FALSE	FALSE	FALSE	FALSE	uv_specific_instable
RvY_05914-1	1	uv	0.9077380952380952	0.09226190476190475	0.4285714285714286	FALSE	TRUE	FALSE	FALSE	FALSE	FALSE	uv_specific_instable
RvY_05984-1	1	uv	0.9077380952380952	0.09226190476190475	0.4285714285714286	FALSE	TRUE	FALSE	FALSE	FALSE	FALSE	uv_specific_instable
RvY_06072	1	uv	0.9077380952380952	0.09226190476190475	0.4285714285714286	FALSE	TRUE	FALSE	FALSE	FALSE	FALSE	uv_specific_instable
RvY_06193-1	1	uv	0.9077380952380952	0.09226190476190475	0.4285714285714286	FALSE	TRUE	FALSE	FALSE	FALSE	FALSE	uv_specific_instable
RvY_06347-2	1	uv	0.9077380952380952	0.09226190476190475	0.4285714285714286	FALSE	TRUE	FALSE	FALSE	FALSE	FALSE	uv_specific_instable
RvY_06370-1	1	uv	0.9077380952380952	0.09226190476190475	0.4285714285714286	FALSE	TRUE	FALSE	FALSE	FALSE	FALSE	uv_specific_instable
RvY_06462-1	1	uv	0.9077380952380952	0.09226190476190475	0.4285714285714286	FALSE	TRUE	FALSE	FALSE	FALSE	FALSE	uv_specific_instable
RvY_06492-1	1	uv	0.9077380952380952	0.09226190476190475	0.4285714285714286	FALSE	TRUE	FALSE	FALSE	FALSE	FALSE	uv_specific_instable
RvY_06856	1	uv	0.9077380952380952	0.09226190476190475	0.4285714285714286	FALSE	TRUE	FALSE	FALSE	FALSE	FALSE	uv_specific_instable
RvY_06868-1	1	uv	0.9077380952380952	0.09226190476190475	0.4285714285714286	FALSE	TRUE	FALSE	FALSE	FALSE	FALSE	uv_specific_instable
RvY_06892-1	1	uv	0.9077380952380952	0.09226190476190475	0.4285714285714286	FALSE	TRUE	FALSE	FALSE	FALSE	FALSE	uv_specific_instable
RvY_06904	1	uv	0.9077380952380952	0.09226190476190475	0.4285714285714286	FALSE	TRUE	FALSE	FALSE	FALSE	FALSE	uv_specific_instable
RvY_06938-1	1	uv	0.9077380952380952	0.09226190476190475	0.4285714285714286	FALSE	TRUE	FALSE	FALSE	FALSE	FALSE	uv_specific_instable
RvY_07040	1	uv	0.9077380952380952	0.09226190476190475	0.4285714285714286	FALSE	TRUE	FALSE	FALSE	FALSE	FALSE	uv_specific_instable
RvY_07138-1	1	uv	0.9077380952380952	0.09226190476190475	0.4285714285714286	FALSE	TRUE	FALSE	FALSE	FALSE	FALSE	uv_specific_instable
RvY_07147-1	1	uv	0.9077380952380952	0.09226190476190475	0.4285714285714286	FALSE	TRUE	FALSE	FALSE	FALSE	FALSE	uv_specific_instable
RvY_07164-1	1	uv	0.9077380952380952	0.09226190476190475	0.4285714285714286	FALSE	TRUE	FALSE	FALSE	FALSE	FALSE	uv_specific_instable
RvY_07171-1	1	uv	0.9077380952380952	0.09226190476190475	0.4285714285714286	FALSE	TRUE	FALSE	FALSE	FALSE	FALSE	uv_specific_instable
RvY_07189-1	1	uv	0.9077380952380952	0.09226190476190475	0.4285714285714286	FALSE	TRUE	FALSE	FALSE	FALSE	FALSE	uv_specific_instable
RvY_07245-1	1	uv	0.9077380952380952	0.09226190476190475	0.4285714285714286	FALSE	TRUE	FALSE	FALSE	FALSE	FALSE	uv_specific_instable
RvY_07285-1	1	uv	0.9077380952380952	0.09226190476190475	0.4285714285714286	FALSE	TRUE	FALSE	FALSE	FALSE	FALSE	uv_specific_instable
RvY_07329-1	1	uv	0.9077380952380952	0.09226190476190475	0.4285714285714286	FALSE	TRUE	FALSE	FALSE	FALSE	FALSE	uv_specific_instable
RvY_07349	1	uv	0.9077380952380952	0.09226190476190475	0.4285714285714286	FALSE	TRUE	FALSE	FALSE	FALSE	FALSE	uv_specific_instable
RvY_07527-1	1	uv	0.9077380952380952	0.09226190476190475	0.4285714285714286	FALSE	TRUE	FALSE	FALSE	FALSE	FALSE	uv_specific_instable
RvY_07557	1	uv	0.9077380952380952	0.09226190476190475	0.4285714285714286	FALSE	TRUE	FALSE	FALSE	FALSE	FALSE	uv_specific_instable
RvY_07583-1	1	uv	0.9077380952380952	0.09226190476190475	0.4285714285714286	FALSE	TRUE	FALSE	FALSE	FALSE	FALSE	uv_specific_instable
RvY_07588-1	1	uv	0.9077380952380952	0.09226190476190475	0.4285714285714286	FALSE	TRUE	FALSE	FALSE	FALSE	FALSE	uv_specific_instable
RvY_07595-1	1	uv	0.9077380952380952	0.09226190476190475	0.4285714285714286	FALSE	TRUE	FALSE	FALSE	FALSE	FALSE	uv_specific_instable
RvY_07603-1	1	uv	0.9077380952380952	0.09226190476190475	0.4285714285714286	FALSE	TRUE	FALSE	FALSE	FALSE	FALSE	uv_specific_instable
RvY_07639-1	1	uv	0.9077380952380952	0.09226190476190475	0.4285714285714286	FALSE	TRUE	FALSE	FALSE	FALSE	FALSE	uv_specific_instable
RvY_07646-1	1	uv	0.9077380952380952	0.09226190476190475	0.4285714285714286	FALSE	TRUE	FALSE	FALSE	FALSE	FALSE	uv_specific_instable
RvY_07658-1	1	uv	0.9077380952380952	0.09226190476190475	0.4285714285714286	FALSE	TRUE	FALSE	FALSE	FALSE	FALSE	uv_specific_instable
RvY_07742-1	1	uv	0.9077380952380952	0.09226190476190475	0.4285714285714286	FALSE	TRUE	FALSE	FALSE	FALSE	FALSE	uv_specific_instable
RvY_07795-1	1	uv	0.9077380952380952	0.09226190476190475	0.4285714285714286	FALSE	TRUE	FALSE	FALSE	FALSE	FALSE	uv_specific_instable
RvY_07893-1	1	uv	0.9077380952380952	0.09226190476190475	0.4285714285714286	FALSE	TRUE	FALSE	FALSE	FALSE	FALSE	uv_specific_instable
RvY_08009-1	1	uv	0.9077380952380952	0.09226190476190475	0.4285714285714286	FALSE	TRUE	FALSE	FALSE	FALSE	FALSE	uv_specific_instable
RvY_08058-1	1	uv	0.9077380952380952	0.09226190476190475	0.4285714285714286	FALSE	TRUE	FALSE	FALSE	FALSE	FALSE	uv_specific_instable
RvY_08198-1	1	uv	0.9077380952380952	0.09226190476190475	0.4285714285714286	FALSE	TRUE	FALSE	FALSE	FALSE	FALSE	uv_specific_instable
RvY_08257-1	1	uv	0.9077380952380952	0.09226190476190475	0.4285714285714286	FALSE	TRUE	FALSE	FALSE	FALSE	FALSE	uv_specific_instable
RvY_08325-1	1	uv	0.9077380952380952	0.09226190476190475	0.4285714285714286	FALSE	TRUE	FALSE	FALSE	FALSE	FALSE	uv_specific_instable
RvY_08327-1	1	uv	0.9077380952380952	0.09226190476190475	0.4285714285714286	FALSE	TRUE	FALSE	FALSE	FALSE	FALSE	uv_specific_instable
RvY_08350-1	1	uv	0.9077380952380952	0.09226190476190475	0.4285714285714286	FALSE	TRUE	FALSE	FALSE	FALSE	FALSE	uv_specific_instable
RvY_08552	1	uv	0.9077380952380952	0.09226190476190475	0.4285714285714286	FALSE	TRUE	FALSE	FALSE	FALSE	FALSE	uv_specific_instable
RvY_08569-1	1	uv	0.9077380952380952	0.09226190476190475	0.4285714285714286	FALSE	TRUE	FALSE	FALSE	FALSE	FALSE	uv_specific_instable
RvY_08720-1	1	uv	0.9077380952380952	0.09226190476190475	0.4285714285714286	FALSE	TRUE	FALSE	FALSE	FALSE	FALSE	uv_specific_instable
RvY_08742-1	1	uv	0.9077380952380952	0.09226190476190475	0.4285714285714286	FALSE	TRUE	FALSE	FALSE	FALSE	FALSE	uv_specific_instable
RvY_08754	1	uv	0.9077380952380952	0.09226190476190475	0.4285714285714286	FALSE	TRUE	FALSE	FALSE	FALSE	FALSE	uv_specific_instable
RvY_08760-1	1	uv	0.9077380952380952	0.09226190476190475	0.4285714285714286	FALSE	TRUE	FALSE	FALSE	FALSE	FALSE	uv_specific_instable
RvY_08802	1	uv	0.9077380952380952	0.09226190476190475	0.4285714285714286	FALSE	TRUE	FALSE	FALSE	FALSE	FALSE	uv_specific_instable
RvY_08841-1	1	uv	0.9077380952380952	0.09226190476190475	0.4285714285714286	FALSE	TRUE	FALSE	FALSE	FALSE	FALSE	uv_specific_instable
RvY_08858	1	uv	0.9077380952380952	0.09226190476190475	0.4285714285714286	FALSE	TRUE	FALSE	FALSE	FALSE	FALSE	uv_specific_instable
RvY_08903	1	uv	0.9077380952380952	0.09226190476190475	0.4285714285714286	FALSE	TRUE	FALSE	FALSE	FALSE	FALSE	uv_specific_instable
RvY_08983	1	uv	0.9077380952380952	0.09226190476190475	0.4285714285714286	FALSE	TRUE	FALSE	FALSE	FALSE	FALSE	uv_specific_instable
RvY_09049-1	1	uv	0.9077380952380952	0.09226190476190475	0.4285714285714286	FALSE	TRUE	FALSE	FALSE	FALSE	FALSE	uv_specific_instable
RvY_09130-1	1	uv	0.9077380952380952	0.09226190476190475	0.4285714285714286	FALSE	TRUE	FALSE	FALSE	FALSE	FALSE	uv_specific_instable
RvY_09162-1	1	uv	0.9077380952380952	0.09226190476190475	0.4285714285714286	FALSE	TRUE	FALSE	FALSE	FALSE	FALSE	uv_specific_instable
RvY_09185	1	uv	0.9077380952380952	0.09226190476190475	0.4285714285714286	FALSE	TRUE	FALSE	FALSE	FALSE	FALSE	uv_specific_instable
RvY_09203-1	1	uv	0.9077380952380952	0.09226190476190475	0.4285714285714286	FALSE	TRUE	FALSE	FALSE	FALSE	FALSE	uv_specific_instable
RvY_09205-1	1	uv	0.9077380952380952	0.09226190476190475	0.4285714285714286	FALSE	TRUE	FALSE	FALSE	FALSE	FALSE	uv_specific_instable
RvY_09274-1	1	uv	0.9077380952380952	0.09226190476190475	0.4285714285714286	FALSE	TRUE	FALSE	FALSE	FALSE	FALSE	uv_specific_instable
RvY_09338-1	1	uv	0.9077380952380952	0.09226190476190475	0.4285714285714286	FALSE	TRUE	FALSE	FALSE	FALSE	FALSE	uv_specific_instable
RvY_09347-1	1	uv	0.9077380952380952	0.09226190476190475	0.4285714285714286	FALSE	TRUE	FALSE	FALSE	FALSE	FALSE	uv_specific_instable
RvY_09361-1	1	uv	0.9077380952380952	0.09226190476190475	0.4285714285714286	FALSE	TRUE	FALSE	FALSE	FALSE	FALSE	uv_specific_instable
RvY_09420-1	1	uv	0.9077380952380952	0.09226190476190475	0.4285714285714286	FALSE	TRUE	FALSE	FALSE	FALSE	FALSE	uv_specific_instable
RvY_09435-1	1	uv	0.9077380952380952	0.09226190476190475	0.4285714285714286	FALSE	TRUE	FALSE	FALSE	FALSE	FALSE	uv_specific_instable
RvY_09437	1	uv	0.9077380952380952	0.09226190476190475	0.4285714285714286	FALSE	TRUE	FALSE	FALSE	FALSE	FALSE	uv_specific_instable
RvY_09499-1	1	uv	0.9077380952380952	0.09226190476190475	0.4285714285714286	FALSE	TRUE	FALSE	FALSE	FALSE	FALSE	uv_specific_instable
RvY_09533-1	1	uv	0.9077380952380952	0.09226190476190475	0.4285714285714286	FALSE	TRUE	FALSE	FALSE	FALSE	FALSE	uv_specific_instable
RvY_09535-1	1	uv	0.9077380952380952	0.09226190476190475	0.4285714285714286	FALSE	TRUE	FALSE	FALSE	FALSE	FALSE	uv_specific_instable
RvY_09616-1	1	uv	0.9077380952380952	0.09226190476190475	0.4285714285714286	FALSE	TRUE	FALSE	FALSE	FALSE	FALSE	uv_specific_instable
RvY_09709-1	1	uv	0.9077380952380952	0.09226190476190475	0.4285714285714286	FALSE	TRUE	FALSE	FALSE	FALSE	FALSE	uv_specific_instable
RvY_09810-1	1	uv	0.9077380952380952	0.09226190476190475	0.4285714285714286	FALSE	TRUE	FALSE	FALSE	FALSE	FALSE	uv_specific_instable
RvY_09813-1	1	uv	0.9077380952380952	0.09226190476190475	0.4285714285714286	FALSE	TRUE	FALSE	FALSE	FALSE	FALSE	uv_specific_instable
RvY_09842-1	1	uv	0.9077380952380952	0.09226190476190475	0.4285714285714286	FALSE	TRUE	FALSE	FALSE	FALSE	FALSE	uv_specific_instable
RvY_09965-1	1	uv	0.9077380952380952	0.09226190476190475	0.4285714285714286	FALSE	TRUE	FALSE	FALSE	FALSE	FALSE	uv_specific_instable
RvY_09987-1	1	uv	0.9077380952380952	0.09226190476190475	0.4285714285714286	FALSE	TRUE	FALSE	FALSE	FALSE	FALSE	uv_specific_instable
RvY_10019-1	1	uv	0.9077380952380952	0.09226190476190475	0.4285714285714286	FALSE	TRUE	FALSE	FALSE	FALSE	FALSE	uv_specific_instable
RvY_10069-1	1	uv	0.9077380952380952	0.09226190476190475	0.4285714285714286	FALSE	TRUE	FALSE	FALSE	FALSE	FALSE	uv_specific_instable
RvY_10198	1	uv	0.9077380952380952	0.09226190476190475	0.4285714285714286	FALSE	TRUE	FALSE	FALSE	FALSE	FALSE	uv_specific_instable
RvY_10218-1	1	uv	0.9077380952380952	0.09226190476190475	0.4285714285714286	FALSE	TRUE	FALSE	FALSE	FALSE	FALSE	uv_specific_instable
RvY_10249-1	1	uv	0.9077380952380952	0.09226190476190475	0.4285714285714286	FALSE	TRUE	FALSE	FALSE	FALSE	FALSE	uv_specific_instable
RvY_10267-1	1	uv	0.9077380952380952	0.09226190476190475	0.4285714285714286	FALSE	TRUE	FALSE	FALSE	FALSE	FALSE	uv_specific_instable
RvY_10395-1	1	uv	0.9077380952380952	0.09226190476190475	0.4285714285714286	FALSE	TRUE	FALSE	FALSE	FALSE	FALSE	uv_specific_instable
RvY_10428-1	1	uv	0.9077380952380952	0.09226190476190475	0.4285714285714286	FALSE	TRUE	FALSE	FALSE	FALSE	FALSE	uv_specific_instable
RvY_10474-1	1	uv	0.9077380952380952	0.09226190476190475	0.4285714285714286	FALSE	TRUE	FALSE	FALSE	FALSE	FALSE	uv_specific_instable
RvY_10509-1	1	uv	0.9077380952380952	0.09226190476190475	0.4285714285714286	FALSE	TRUE	FALSE	FALSE	FALSE	FALSE	uv_specific_instable
RvY_10554-1	1	uv	0.9077380952380952	0.09226190476190475	0.4285714285714286	FALSE	TRUE	FALSE	FALSE	FALSE	FALSE	uv_specific_instable
RvY_10704-1	1	uv	0.9077380952380952	0.09226190476190475	0.4285714285714286	FALSE	TRUE	FALSE	FALSE	FALSE	FALSE	uv_specific_instable
RvY_10811-1	1	uv	0.9077380952380952	0.09226190476190475	0.4285714285714286	FALSE	TRUE	FALSE	FALSE	FALSE	FALSE	uv_specific_instable
RvY_10829	1	uv	0.9077380952380952	0.09226190476190475	0.4285714285714286	FALSE	TRUE	FALSE	FALSE	FALSE	FALSE	uv_specific_instable
RvY_10856-1	1	uv	0.9077380952380952	0.09226190476190475	0.4285714285714286	FALSE	TRUE	FALSE	FALSE	FALSE	FALSE	uv_specific_instable
RvY_10922	1	uv	0.9077380952380952	0.09226190476190475	0.4285714285714286	FALSE	TRUE	FALSE	FALSE	FALSE	FALSE	uv_specific_instable
RvY_10970	1	uv	0.9077380952380952	0.09226190476190475	0.4285714285714286	FALSE	TRUE	FALSE	FALSE	FALSE	FALSE	uv_specific_instable
RvY_11013-1	1	uv	0.9077380952380952	0.09226190476190475	0.4285714285714286	FALSE	TRUE	FALSE	FALSE	FALSE	FALSE	uv_specific_instable
RvY_11027-1	1	uv	0.9077380952380952	0.09226190476190475	0.4285714285714286	FALSE	TRUE	FALSE	FALSE	FALSE	FALSE	uv_specific_instable
RvY_11054-1	1	uv	0.9077380952380952	0.09226190476190475	0.4285714285714286	FALSE	TRUE	FALSE	FALSE	FALSE	FALSE	uv_specific_instable
RvY_11081-1	1	uv	0.9077380952380952	0.09226190476190475	0.4285714285714286	FALSE	TRUE	FALSE	FALSE	FALSE	FALSE	uv_specific_instable
RvY_11157-1	1	uv	0.9077380952380952	0.09226190476190475	0.4285714285714286	FALSE	TRUE	FALSE	FALSE	FALSE	FALSE	uv_specific_instable
RvY_11348-1	1	uv	0.9077380952380952	0.09226190476190475	0.4285714285714286	FALSE	TRUE	FALSE	FALSE	FALSE	FALSE	uv_specific_instable
RvY_11373-1	1	uv	0.9077380952380952	0.09226190476190475	0.4285714285714286	FALSE	TRUE	FALSE	FALSE	FALSE	FALSE	uv_specific_instable
RvY_11427-1	1	uv	0.9077380952380952	0.09226190476190475	0.4285714285714286	FALSE	TRUE	FALSE	FALSE	FALSE	FALSE	uv_specific_instable
RvY_11483-1	1	uv	0.9077380952380952	0.09226190476190475	0.4285714285714286	FALSE	TRUE	FALSE	FALSE	FALSE	FALSE	uv_specific_instable
RvY_11495-1	1	uv	0.9077380952380952	0.09226190476190475	0.4285714285714286	FALSE	TRUE	FALSE	FALSE	FALSE	FALSE	uv_specific_instable
RvY_11603-1	1	uv	0.9077380952380952	0.09226190476190475	0.4285714285714286	FALSE	TRUE	FALSE	FALSE	FALSE	FALSE	uv_specific_instable
RvY_11769	1	uv	0.9077380952380952	0.09226190476190475	0.4285714285714286	FALSE	TRUE	FALSE	FALSE	FALSE	FALSE	uv_specific_instable
RvY_12018-1	1	uv	0.9077380952380952	0.09226190476190475	0.4285714285714286	FALSE	TRUE	FALSE	FALSE	FALSE	FALSE	uv_specific_instable
RvY_12020-1	1	uv	0.9077380952380952	0.09226190476190475	0.4285714285714286	FALSE	TRUE	FALSE	FALSE	FALSE	FALSE	uv_specific_instable
RvY_12061-1	1	uv	0.9077380952380952	0.09226190476190475	0.4285714285714286	FALSE	TRUE	FALSE	FALSE	FALSE	FALSE	uv_specific_instable
RvY_12097-1	1	uv	0.9077380952380952	0.09226190476190475	0.4285714285714286	FALSE	TRUE	FALSE	FALSE	FALSE	FALSE	uv_specific_instable
RvY_12125-1	1	uv	0.9077380952380952	0.09226190476190475	0.4285714285714286	FALSE	TRUE	FALSE	FALSE	FALSE	FALSE	uv_specific_instable
RvY_12126	1	uv	0.9077380952380952	0.09226190476190475	0.4285714285714286	FALSE	TRUE	FALSE	FALSE	FALSE	FALSE	uv_specific_instable
RvY_12157-1	1	uv	0.9077380952380952	0.09226190476190475	0.4285714285714286	FALSE	TRUE	FALSE	FALSE	FALSE	FALSE	uv_specific_instable
RvY_12165-1	1	uv	0.9077380952380952	0.09226190476190475	0.4285714285714286	FALSE	TRUE	FALSE	FALSE	FALSE	FALSE	uv_specific_instable
RvY_12266-1	1	uv	0.9077380952380952	0.09226190476190475	0.4285714285714286	FALSE	TRUE	FALSE	FALSE	FALSE	FALSE	uv_specific_instable
RvY_12414-1	1	uv	0.9077380952380952	0.09226190476190475	0.4285714285714286	FALSE	TRUE	FALSE	FALSE	FALSE	FALSE	uv_specific_instable
RvY_12436-1	1	uv	0.9077380952380952	0.09226190476190475	0.4285714285714286	FALSE	TRUE	FALSE	FALSE	FALSE	FALSE	uv_specific_instable
RvY_12483-1	1	uv	0.9077380952380952	0.09226190476190475	0.4285714285714286	FALSE	TRUE	FALSE	FALSE	FALSE	FALSE	uv_specific_instable
RvY_12530-1	1	uv	0.9077380952380952	0.09226190476190475	0.4285714285714286	FALSE	TRUE	FALSE	FALSE	FALSE	FALSE	uv_specific_instable
RvY_12612-1	1	uv	0.9077380952380952	0.09226190476190475	0.4285714285714286	FALSE	TRUE	FALSE	FALSE	FALSE	FALSE	uv_specific_instable
RvY_12681-1	1	uv	0.9077380952380952	0.09226190476190475	0.4285714285714286	FALSE	TRUE	FALSE	FALSE	FALSE	FALSE	uv_specific_instable
RvY_12802	1	uv	0.9077380952380952	0.09226190476190475	0.4285714285714286	FALSE	TRUE	FALSE	FALSE	FALSE	FALSE	uv_specific_instable
RvY_12853	1	uv	0.9077380952380952	0.09226190476190475	0.4285714285714286	FALSE	TRUE	FALSE	FALSE	FALSE	FALSE	uv_specific_instable
RvY_12859-1	1	uv	0.9077380952380952	0.09226190476190475	0.4285714285714286	FALSE	TRUE	FALSE	FALSE	FALSE	FALSE	uv_specific_instable
RvY_12928-1	1	uv	0.9077380952380952	0.09226190476190475	0.4285714285714286	FALSE	TRUE	FALSE	FALSE	FALSE	FALSE	uv_specific_instable
RvY_12930	1	uv	0.9077380952380952	0.09226190476190475	0.4285714285714286	FALSE	TRUE	FALSE	FALSE	FALSE	FALSE	uv_specific_instable
RvY_12949-1	1	uv	0.9077380952380952	0.09226190476190475	0.4285714285714286	FALSE	TRUE	FALSE	FALSE	FALSE	FALSE	uv_specific_instable
RvY_12966-1	1	uv	0.9077380952380952	0.09226190476190475	0.4285714285714286	FALSE	TRUE	FALSE	FALSE	FALSE	FALSE	uv_specific_instable
RvY_12986-1	1	uv	0.9077380952380952	0.09226190476190475	0.4285714285714286	FALSE	TRUE	FALSE	FALSE	FALSE	FALSE	uv_specific_instable
RvY_13004	1	uv	0.9077380952380952	0.09226190476190475	0.4285714285714286	FALSE	TRUE	FALSE	FALSE	FALSE	FALSE	uv_specific_instable
RvY_13107-1	1	uv	0.9077380952380952	0.09226190476190475	0.4285714285714286	FALSE	TRUE	FALSE	FALSE	FALSE	FALSE	uv_specific_instable
RvY_13254-1	1	uv	0.9077380952380952	0.09226190476190475	0.4285714285714286	FALSE	TRUE	FALSE	FALSE	FALSE	FALSE	uv_specific_instable
RvY_13303-1	1	uv	0.9077380952380952	0.09226190476190475	0.4285714285714286	FALSE	TRUE	FALSE	FALSE	FALSE	FALSE	uv_specific_instable
RvY_13570-1	1	uv	0.9077380952380952	0.09226190476190475	0.4285714285714286	FALSE	TRUE	FALSE	FALSE	FALSE	FALSE	uv_specific_instable
RvY_13655-1	1	uv	0.9077380952380952	0.09226190476190475	0.4285714285714286	FALSE	TRUE	FALSE	FALSE	FALSE	FALSE	uv_specific_instable
RvY_13720-1	1	uv	0.9077380952380952	0.09226190476190475	0.4285714285714286	FALSE	TRUE	FALSE	FALSE	FALSE	FALSE	uv_specific_instable
RvY_13735-1	1	uv	0.9077380952380952	0.09226190476190475	0.4285714285714286	FALSE	TRUE	FALSE	FALSE	FALSE	FALSE	uv_specific_instable
RvY_13792	1	uv	0.9077380952380952	0.09226190476190475	0.4285714285714286	FALSE	TRUE	FALSE	FALSE	FALSE	FALSE	uv_specific_instable
RvY_13848-1	1	uv	0.9077380952380952	0.09226190476190475	0.4285714285714286	FALSE	TRUE	FALSE	FALSE	FALSE	FALSE	uv_specific_instable
RvY_13872	1	uv	0.9077380952380952	0.09226190476190475	0.4285714285714286	FALSE	TRUE	FALSE	FALSE	FALSE	FALSE	uv_specific_instable
RvY_13988-1	1	uv	0.9077380952380952	0.09226190476190475	0.4285714285714286	FALSE	TRUE	FALSE	FALSE	FALSE	FALSE	uv_specific_instable
RvY_13998-1	1	uv	0.9077380952380952	0.09226190476190475	0.4285714285714286	FALSE	TRUE	FALSE	FALSE	FALSE	FALSE	uv_specific_instable
RvY_14043-1	1	uv	0.9077380952380952	0.09226190476190475	0.4285714285714286	FALSE	TRUE	FALSE	FALSE	FALSE	FALSE	uv_specific_instable
RvY_14105-1	1	uv	0.9077380952380952	0.09226190476190475	0.4285714285714286	FALSE	TRUE	FALSE	FALSE	FALSE	FALSE	uv_specific_instable
RvY_14165-1	1	uv	0.9077380952380952	0.09226190476190475	0.4285714285714286	FALSE	TRUE	FALSE	FALSE	FALSE	FALSE	uv_specific_instable
RvY_14207-1	1	uv	0.9077380952380952	0.09226190476190475	0.4285714285714286	FALSE	TRUE	FALSE	FALSE	FALSE	FALSE	uv_specific_instable
RvY_14228	1	uv	0.9077380952380952	0.09226190476190475	0.4285714285714286	FALSE	TRUE	FALSE	FALSE	FALSE	FALSE	uv_specific_instable
RvY_14308	1	uv	0.9077380952380952	0.09226190476190475	0.4285714285714286	FALSE	TRUE	FALSE	FALSE	FALSE	FALSE	uv_specific_instable
RvY_14442-1	1	uv	0.9077380952380952	0.09226190476190475	0.4285714285714286	FALSE	TRUE	FALSE	FALSE	FALSE	FALSE	uv_specific_instable
RvY_14445-1	1	uv	0.9077380952380952	0.09226190476190475	0.4285714285714286	FALSE	TRUE	FALSE	FALSE	FALSE	FALSE	uv_specific_instable
RvY_14467-1	1	uv	0.9077380952380952	0.09226190476190475	0.4285714285714286	FALSE	TRUE	FALSE	FALSE	FALSE	FALSE	uv_specific_instable
RvY_14476-1	1	uv	0.9077380952380952	0.09226190476190475	0.4285714285714286	FALSE	TRUE	FALSE	FALSE	FALSE	FALSE	uv_specific_instable
RvY_14497	1	uv	0.9077380952380952	0.09226190476190475	0.4285714285714286	FALSE	TRUE	FALSE	FALSE	FALSE	FALSE	uv_specific_instable
RvY_14543-1	1	uv	0.9077380952380952	0.09226190476190475	0.4285714285714286	FALSE	TRUE	FALSE	FALSE	FALSE	FALSE	uv_specific_instable
RvY_14621-1	1	uv	0.9077380952380952	0.09226190476190475	0.4285714285714286	FALSE	TRUE	FALSE	FALSE	FALSE	FALSE	uv_specific_instable
RvY_14624	1	uv	0.9077380952380952	0.09226190476190475	0.4285714285714286	FALSE	TRUE	FALSE	FALSE	FALSE	FALSE	uv_specific_instable
RvY_14658-1	1	uv	0.9077380952380952	0.09226190476190475	0.4285714285714286	FALSE	TRUE	FALSE	FALSE	FALSE	FALSE	uv_specific_instable
RvY_14718-1	1	uv	0.9077380952380952	0.09226190476190475	0.4285714285714286	FALSE	TRUE	FALSE	FALSE	FALSE	FALSE	uv_specific_instable
RvY_14808-1	1	uv	0.9077380952380952	0.09226190476190475	0.4285714285714286	FALSE	TRUE	FALSE	FALSE	FALSE	FALSE	uv_specific_instable
RvY_14871-1	1	uv	0.9077380952380952	0.09226190476190475	0.4285714285714286	FALSE	TRUE	FALSE	FALSE	FALSE	FALSE	uv_specific_instable
RvY_14931-1	1	uv	0.9077380952380952	0.09226190476190475	0.4285714285714286	FALSE	TRUE	FALSE	FALSE	FALSE	FALSE	uv_specific_instable
RvY_15026	1	uv	0.9077380952380952	0.09226190476190475	0.4285714285714286	FALSE	TRUE	FALSE	FALSE	FALSE	FALSE	uv_specific_instable
RvY_15147-1	1	uv	0.9077380952380952	0.09226190476190475	0.4285714285714286	FALSE	TRUE	FALSE	FALSE	FALSE	FALSE	uv_specific_instable
RvY_15162-1	1	uv	0.9077380952380952	0.09226190476190475	0.4285714285714286	FALSE	TRUE	FALSE	FALSE	FALSE	FALSE	uv_specific_instable
RvY_15173-1	1	uv	0.9077380952380952	0.09226190476190475	0.4285714285714286	FALSE	TRUE	FALSE	FALSE	FALSE	FALSE	uv_specific_instable
RvY_15174-1	1	uv	0.9077380952380952	0.09226190476190475	0.4285714285714286	FALSE	TRUE	FALSE	FALSE	FALSE	FALSE	uv_specific_instable
RvY_15180-1	1	uv	0.9077380952380952	0.09226190476190475	0.4285714285714286	FALSE	TRUE	FALSE	FALSE	FALSE	FALSE	uv_specific_instable
RvY_15191-1	1	uv	0.9077380952380952	0.09226190476190475	0.4285714285714286	FALSE	TRUE	FALSE	FALSE	FALSE	FALSE	uv_specific_instable
RvY_15380	1	uv	0.9077380952380952	0.09226190476190475	0.4285714285714286	FALSE	TRUE	FALSE	FALSE	FALSE	FALSE	uv_specific_instable
RvY_15405-1	1	uv	0.9077380952380952	0.09226190476190475	0.4285714285714286	FALSE	TRUE	FALSE	FALSE	FALSE	FALSE	uv_specific_instable
RvY_15416	1	uv	0.9077380952380952	0.09226190476190475	0.4285714285714286	FALSE	TRUE	FALSE	FALSE	FALSE	FALSE	uv_specific_instable
RvY_15520-1	1	uv	0.9077380952380952	0.09226190476190475	0.4285714285714286	FALSE	TRUE	FALSE	FALSE	FALSE	FALSE	uv_specific_instable
RvY_15606-1	1	uv	0.9077380952380952	0.09226190476190475	0.4285714285714286	FALSE	TRUE	FALSE	FALSE	FALSE	FALSE	uv_specific_instable
RvY_15682-1	1	uv	0.9077380952380952	0.09226190476190475	0.4285714285714286	FALSE	TRUE	FALSE	FALSE	FALSE	FALSE	uv_specific_instable
RvY_15703-1	1	uv	0.9077380952380952	0.09226190476190475	0.4285714285714286	FALSE	TRUE	FALSE	FALSE	FALSE	FALSE	uv_specific_instable
RvY_15730-1	1	uv	0.9077380952380952	0.09226190476190475	0.4285714285714286	FALSE	TRUE	FALSE	FALSE	FALSE	FALSE	uv_specific_instable
RvY_15772	1	uv	0.9077380952380952	0.09226190476190475	0.4285714285714286	FALSE	TRUE	FALSE	FALSE	FALSE	FALSE	uv_specific_instable
RvY_15793-1	1	uv	0.9077380952380952	0.09226190476190475	0.4285714285714286	FALSE	TRUE	FALSE	FALSE	FALSE	FALSE	uv_specific_instable
RvY_15796-1	1	uv	0.9077380952380952	0.09226190476190475	0.4285714285714286	FALSE	TRUE	FALSE	FALSE	FALSE	FALSE	uv_specific_instable
RvY_15803-1	1	uv	0.9077380952380952	0.09226190476190475	0.4285714285714286	FALSE	TRUE	FALSE	FALSE	FALSE	FALSE	uv_specific_instable
RvY_15874-1	1	uv	0.9077380952380952	0.09226190476190475	0.4285714285714286	FALSE	TRUE	FALSE	FALSE	FALSE	FALSE	uv_specific_instable
RvY_15890-1	1	uv	0.9077380952380952	0.09226190476190475	0.4285714285714286	FALSE	TRUE	FALSE	FALSE	FALSE	FALSE	uv_specific_instable
RvY_15987-1	1	uv	0.9077380952380952	0.09226190476190475	0.4285714285714286	FALSE	TRUE	FALSE	FALSE	FALSE	FALSE	uv_specific_instable
RvY_16058-1	1	uv	0.9077380952380952	0.09226190476190475	0.4285714285714286	FALSE	TRUE	FALSE	FALSE	FALSE	FALSE	uv_specific_instable
RvY_16150-1	1	uv	0.9077380952380952	0.09226190476190475	0.4285714285714286	FALSE	TRUE	FALSE	FALSE	FALSE	FALSE	uv_specific_instable
RvY_16222-1	1	uv	0.9077380952380952	0.09226190476190475	0.4285714285714286	FALSE	TRUE	FALSE	FALSE	FALSE	FALSE	uv_specific_instable
RvY_16304-1	1	uv	0.9077380952380952	0.09226190476190475	0.4285714285714286	FALSE	TRUE	FALSE	FALSE	FALSE	FALSE	uv_specific_instable
RvY_16305-1	1	uv	0.9077380952380952	0.09226190476190475	0.4285714285714286	FALSE	TRUE	FALSE	FALSE	FALSE	FALSE	uv_specific_instable
RvY_16314-1	1	uv	0.9077380952380952	0.09226190476190475	0.4285714285714286	FALSE	TRUE	FALSE	FALSE	FALSE	FALSE	uv_specific_instable
RvY_16388-1	1	uv	0.9077380952380952	0.09226190476190475	0.4285714285714286	FALSE	TRUE	FALSE	FALSE	FALSE	FALSE	uv_specific_instable
RvY_16413-1	1	uv	0.9077380952380952	0.09226190476190475	0.4285714285714286	FALSE	TRUE	FALSE	FALSE	FALSE	FALSE	uv_specific_instable
RvY_16428	1	uv	0.9077380952380952	0.09226190476190475	0.4285714285714286	FALSE	TRUE	FALSE	FALSE	FALSE	FALSE	uv_specific_instable
RvY_16472-1	1	uv	0.9077380952380952	0.09226190476190475	0.4285714285714286	FALSE	TRUE	FALSE	FALSE	FALSE	FALSE	uv_specific_instable
RvY_16534-1	1	uv	0.9077380952380952	0.09226190476190475	0.4285714285714286	FALSE	TRUE	FALSE	FALSE	FALSE	FALSE	uv_specific_instable
RvY_16660-1	1	uv	0.9077380952380952	0.09226190476190475	0.4285714285714286	FALSE	TRUE	FALSE	FALSE	FALSE	FALSE	uv_specific_instable
RvY_16699-1	1	uv	0.9077380952380952	0.09226190476190475	0.4285714285714286	FALSE	TRUE	FALSE	FALSE	FALSE	FALSE	uv_specific_instable
RvY_16735	1	uv	0.9077380952380952	0.09226190476190475	0.4285714285714286	FALSE	TRUE	FALSE	FALSE	FALSE	FALSE	uv_specific_instable
RvY_16736	1	uv	0.9077380952380952	0.09226190476190475	0.4285714285714286	FALSE	TRUE	FALSE	FALSE	FALSE	FALSE	uv_specific_instable
RvY_16768-1	1	uv	0.9077380952380952	0.09226190476190475	0.4285714285714286	FALSE	TRUE	FALSE	FALSE	FALSE	FALSE	uv_specific_instable
RvY_16891-1	1	uv	0.9077380952380952	0.09226190476190475	0.4285714285714286	FALSE	TRUE	FALSE	FALSE	FALSE	FALSE	uv_specific_instable
RvY_16938-1	1	uv	0.9077380952380952	0.09226190476190475	0.4285714285714286	FALSE	TRUE	FALSE	FALSE	FALSE	FALSE	uv_specific_instable
RvY_16945	1	uv	0.9077380952380952	0.09226190476190475	0.4285714285714286	FALSE	TRUE	FALSE	FALSE	FALSE	FALSE	uv_specific_instable
RvY_16973	1	uv	0.9077380952380952	0.09226190476190475	0.4285714285714286	FALSE	TRUE	FALSE	FALSE	FALSE	FALSE	uv_specific_instable
RvY_16990-1	1	uv	0.9077380952380952	0.09226190476190475	0.4285714285714286	FALSE	TRUE	FALSE	FALSE	FALSE	FALSE	uv_specific_instable
RvY_17105-1	1	uv	0.9077380952380952	0.09226190476190475	0.4285714285714286	FALSE	TRUE	FALSE	FALSE	FALSE	FALSE	uv_specific_instable
RvY_17238-1	1	uv	0.9077380952380952	0.09226190476190475	0.4285714285714286	FALSE	TRUE	FALSE	FALSE	FALSE	FALSE	uv_specific_instable
RvY_17304-1	1	uv	0.9077380952380952	0.09226190476190475	0.4285714285714286	FALSE	TRUE	FALSE	FALSE	FALSE	FALSE	uv_specific_instable
RvY_17341-1	1	uv	0.9077380952380952	0.09226190476190475	0.4285714285714286	FALSE	TRUE	FALSE	FALSE	FALSE	FALSE	uv_specific_instable
RvY_17456-1	1	uv	0.9077380952380952	0.09226190476190475	0.4285714285714286	FALSE	TRUE	FALSE	FALSE	FALSE	FALSE	uv_specific_instable
RvY_17497-1	1	uv	0.9077380952380952	0.09226190476190475	0.4285714285714286	FALSE	TRUE	FALSE	FALSE	FALSE	FALSE	uv_specific_instable
RvY_17620-1	1	uv	0.9077380952380952	0.09226190476190475	0.4285714285714286	FALSE	TRUE	FALSE	FALSE	FALSE	FALSE	uv_specific_instable
RvY_17623-1	1	uv	0.9077380952380952	0.09226190476190475	0.4285714285714286	FALSE	TRUE	FALSE	FALSE	FALSE	FALSE	uv_specific_instable
RvY_17626-1	1	uv	0.9077380952380952	0.09226190476190475	0.4285714285714286	FALSE	TRUE	FALSE	FALSE	FALSE	FALSE	uv_specific_instable
RvY_17758-1	1	uv	0.9077380952380952	0.09226190476190475	0.4285714285714286	FALSE	TRUE	FALSE	FALSE	FALSE	FALSE	uv_specific_instable
RvY_17766	1	uv	0.9077380952380952	0.09226190476190475	0.4285714285714286	FALSE	TRUE	FALSE	FALSE	FALSE	FALSE	uv_specific_instable
RvY_17790-1	1	uv	0.9077380952380952	0.09226190476190475	0.4285714285714286	FALSE	TRUE	FALSE	FALSE	FALSE	FALSE	uv_specific_instable
RvY_17852-1	1	uv	0.9077380952380952	0.09226190476190475	0.4285714285714286	FALSE	TRUE	FALSE	FALSE	FALSE	FALSE	uv_specific_instable
RvY_17912-1	1	uv	0.9077380952380952	0.09226190476190475	0.4285714285714286	FALSE	TRUE	FALSE	FALSE	FALSE	FALSE	uv_specific_instable
RvY_17928-1	1	uv	0.9077380952380952	0.09226190476190475	0.4285714285714286	FALSE	TRUE	FALSE	FALSE	FALSE	FALSE	uv_specific_instable
RvY_17942-1	1	uv	0.9077380952380952	0.09226190476190475	0.4285714285714286	FALSE	TRUE	FALSE	FALSE	FALSE	FALSE	uv_specific_instable
RvY_18027-1	1	uv	0.9077380952380952	0.09226190476190475	0.4285714285714286	FALSE	TRUE	FALSE	FALSE	FALSE	FALSE	uv_specific_instable
RvY_18028-1	1	uv	0.9077380952380952	0.09226190476190475	0.4285714285714286	FALSE	TRUE	FALSE	FALSE	FALSE	FALSE	uv_specific_instable
RvY_18100	1	uv	0.9077380952380952	0.09226190476190475	0.4285714285714286	FALSE	TRUE	FALSE	FALSE	FALSE	FALSE	uv_specific_instable
RvY_18166-1	1	uv	0.9077380952380952	0.09226190476190475	0.4285714285714286	FALSE	TRUE	FALSE	FALSE	FALSE	FALSE	uv_specific_instable
RvY_18184-1	1	uv	0.9077380952380952	0.09226190476190475	0.4285714285714286	FALSE	TRUE	FALSE	FALSE	FALSE	FALSE	uv_specific_instable
RvY_18251-1	1	uv	0.9077380952380952	0.09226190476190475	0.4285714285714286	FALSE	TRUE	FALSE	FALSE	FALSE	FALSE	uv_specific_instable
RvY_18256	1	uv	0.9077380952380952	0.09226190476190475	0.4285714285714286	FALSE	TRUE	FALSE	FALSE	FALSE	FALSE	uv_specific_instable
RvY_18336-1	1	uv	0.9077380952380952	0.09226190476190475	0.4285714285714286	FALSE	TRUE	FALSE	FALSE	FALSE	FALSE	uv_specific_instable
RvY_18411-1	1	uv	0.9077380952380952	0.09226190476190475	0.4285714285714286	FALSE	TRUE	FALSE	FALSE	FALSE	FALSE	uv_specific_instable
RvY_18454-1	1	uv	0.9077380952380952	0.09226190476190475	0.4285714285714286	FALSE	TRUE	FALSE	FALSE	FALSE	FALSE	uv_specific_instable
RvY_18605-1	1	uv	0.9077380952380952	0.09226190476190475	0.4285714285714286	FALSE	TRUE	FALSE	FALSE	FALSE	FALSE	uv_specific_instable
RvY_18613-1	1	uv	0.9077380952380952	0.09226190476190475	0.4285714285714286	FALSE	TRUE	FALSE	FALSE	FALSE	FALSE	uv_specific_instable
RvY_18648-1	1	uv	0.9077380952380952	0.09226190476190475	0.4285714285714286	FALSE	TRUE	FALSE	FALSE	FALSE	FALSE	uv_specific_instable
RvY_18823-1	1	uv	0.9077380952380952	0.09226190476190475	0.4285714285714286	FALSE	TRUE	FALSE	FALSE	FALSE	FALSE	uv_specific_instable
RvY_18840-1	1	uv	0.9077380952380952	0.09226190476190475	0.4285714285714286	FALSE	TRUE	FALSE	FALSE	FALSE	FALSE	uv_specific_instable
RvY_18879-1	1	uv	0.9077380952380952	0.09226190476190475	0.4285714285714286	FALSE	TRUE	FALSE	FALSE	FALSE	FALSE	uv_specific_instable
RvY_18890	1	uv	0.9077380952380952	0.09226190476190475	0.4285714285714286	FALSE	TRUE	FALSE	FALSE	FALSE	FALSE	uv_specific_instable
RvY_18905	1	uv	0.9077380952380952	0.09226190476190475	0.4285714285714286	FALSE	TRUE	FALSE	FALSE	FALSE	FALSE	uv_specific_instable
RvY_18942	1	uv	0.9077380952380952	0.09226190476190475	0.4285714285714286	FALSE	TRUE	FALSE	FALSE	FALSE	FALSE	uv_specific_instable
RvY_19102-1	1	uv	0.9077380952380952	0.09226190476190475	0.4285714285714286	FALSE	TRUE	FALSE	FALSE	FALSE	FALSE	uv_specific_instable
RvY_19104-1	1	uv	0.9077380952380952	0.09226190476190475	0.4285714285714286	FALSE	TRUE	FALSE	FALSE	FALSE	FALSE	uv_specific_instable
RvY_19149-1	1	uv	0.9077380952380952	0.09226190476190475	0.4285714285714286	FALSE	TRUE	FALSE	FALSE	FALSE	FALSE	uv_specific_instable
RvY_19183	1	uv	0.9077380952380952	0.09226190476190475	0.4285714285714286	FALSE	TRUE	FALSE	FALSE	FALSE	FALSE	uv_specific_instable
RvY_19263-1	1	uv	0.9077380952380952	0.09226190476190475	0.4285714285714286	FALSE	TRUE	FALSE	FALSE	FALSE	FALSE	uv_specific_instable
RvY_19348-1	1	uv	0.9077380952380952	0.09226190476190475	0.4285714285714286	FALSE	TRUE	FALSE	FALSE	FALSE	FALSE	uv_specific_instable
RvY_19615-1	1	uv	0.9077380952380952	0.09226190476190475	0.4285714285714286	FALSE	TRUE	FALSE	FALSE	FALSE	FALSE	uv_specific_instable
nad3	1	uv	0.9077380952380952	0.09226190476190475	0.4285714285714286	FALSE	TRUE	FALSE	FALSE	FALSE	FALSE	uv_specific_instable
nad6	1	uv	0.9077380952380952	0.09226190476190475	0.4285714285714286	FALSE	TRUE	FALSE	FALSE	FALSE	FALSE	uv_specific_instable
RvY_00021-1	1	uv	0.9166666666666666	0.08333333333333333	0.5	FALSE	TRUE	FALSE	FALSE	FALSE	FALSE	uv_specific_instable
RvY_00090-1	1	uv	0.9166666666666666	0.08333333333333333	0.5	FALSE	TRUE	FALSE	FALSE	FALSE	FALSE	uv_specific_instable
RvY_00248	1	uv	0.9166666666666666	0.08333333333333333	0.5	FALSE	TRUE	FALSE	FALSE	FALSE	FALSE	uv_specific_instable
RvY_00404-1	1	uv	0.9166666666666666	0.08333333333333333	0.5	FALSE	TRUE	FALSE	FALSE	FALSE	FALSE	uv_specific_instable
RvY_00484-1	1	uv	0.9166666666666666	0.08333333333333333	0.5	FALSE	TRUE	FALSE	FALSE	FALSE	FALSE	uv_specific_instable
RvY_00636-1	1	uv	0.9166666666666666	0.08333333333333333	0.5	FALSE	TRUE	FALSE	FALSE	FALSE	FALSE	uv_specific_instable
RvY_00643-1	1	uv	0.9166666666666666	0.08333333333333333	0.5	FALSE	TRUE	FALSE	FALSE	FALSE	FALSE	uv_specific_instable
RvY_00776-1	1	uv	0.9166666666666666	0.08333333333333333	0.5	FALSE	TRUE	FALSE	FALSE	FALSE	FALSE	uv_specific_instable
RvY_00861-1	1	uv	0.9166666666666666	0.08333333333333333	0.5	FALSE	TRUE	FALSE	FALSE	FALSE	FALSE	uv_specific_instable
RvY_00893-1	1	uv	0.9166666666666666	0.08333333333333333	0.5	FALSE	TRUE	FALSE	FALSE	FALSE	FALSE	uv_specific_instable
RvY_00926-1	1	uv	0.9166666666666666	0.08333333333333333	0.5	FALSE	TRUE	FALSE	FALSE	FALSE	FALSE	uv_specific_instable
RvY_01072-1	1	uv	0.9166666666666666	0.08333333333333333	0.5	FALSE	TRUE	FALSE	FALSE	FALSE	FALSE	uv_specific_instable
RvY_01094-1	1	uv	0.9166666666666666	0.08333333333333333	0.5	FALSE	TRUE	FALSE	FALSE	FALSE	FALSE	uv_specific_instable
RvY_01144-1	1	uv	0.9166666666666666	0.08333333333333333	0.5	FALSE	TRUE	FALSE	FALSE	FALSE	FALSE	uv_specific_instable
RvY_01196-1	1	uv	0.9166666666666666	0.08333333333333333	0.5	FALSE	TRUE	FALSE	FALSE	FALSE	FALSE	uv_specific_instable
RvY_01288	1	uv	0.9166666666666666	0.08333333333333333	0.5	FALSE	TRUE	FALSE	FALSE	FALSE	FALSE	uv_specific_instable
RvY_01362-1	1	uv	0.9166666666666666	0.08333333333333333	0.5	FALSE	TRUE	FALSE	FALSE	FALSE	FALSE	uv_specific_instable
RvY_01444	1	uv	0.9166666666666666	0.08333333333333333	0.5	FALSE	TRUE	FALSE	FALSE	FALSE	FALSE	uv_specific_instable
RvY_01495-1	1	uv	0.9166666666666666	0.08333333333333333	0.5	FALSE	TRUE	FALSE	FALSE	FALSE	FALSE	uv_specific_instable
RvY_01679	1	uv	0.9166666666666666	0.08333333333333333	0.5	FALSE	TRUE	FALSE	FALSE	FALSE	FALSE	uv_specific_instable
RvY_01826-1	1	uv	0.9166666666666666	0.08333333333333333	0.5	FALSE	TRUE	FALSE	FALSE	FALSE	FALSE	uv_specific_instable
RvY_01968-1	1	uv	0.9166666666666666	0.08333333333333333	0.5	FALSE	TRUE	FALSE	FALSE	FALSE	FALSE	uv_specific_instable
RvY_01987-1	1	uv	0.9166666666666666	0.08333333333333333	0.5	FALSE	TRUE	FALSE	FALSE	FALSE	FALSE	uv_specific_instable
RvY_02064-1	1	uv	0.9166666666666666	0.08333333333333333	0.5	FALSE	TRUE	FALSE	FALSE	FALSE	FALSE	uv_specific_instable
RvY_02123-1	1	uv	0.9166666666666666	0.08333333333333333	0.5	FALSE	TRUE	FALSE	FALSE	FALSE	FALSE	uv_specific_instable
RvY_02126-1	1	uv	0.9166666666666666	0.08333333333333333	0.5	FALSE	TRUE	FALSE	FALSE	FALSE	FALSE	uv_specific_instable
RvY_02211	1	uv	0.9166666666666666	0.08333333333333333	0.5	FALSE	TRUE	FALSE	FALSE	FALSE	FALSE	uv_specific_instable
RvY_02217	1	uv	0.9166666666666666	0.08333333333333333	0.5	FALSE	TRUE	FALSE	FALSE	FALSE	FALSE	uv_specific_instable
RvY_02225	1	uv	0.9166666666666666	0.08333333333333333	0.5	FALSE	TRUE	FALSE	FALSE	FALSE	FALSE	uv_specific_instable
RvY_02246-1	1	uv	0.9166666666666666	0.08333333333333333	0.5	FALSE	TRUE	FALSE	FALSE	FALSE	FALSE	uv_specific_instable
RvY_02341-1	1	uv	0.9166666666666666	0.08333333333333333	0.5	FALSE	TRUE	FALSE	FALSE	FALSE	FALSE	uv_specific_instable
RvY_02391	1	uv	0.9166666666666666	0.08333333333333333	0.5	FALSE	TRUE	FALSE	FALSE	FALSE	FALSE	uv_specific_instable
RvY_02406-1	1	uv	0.9166666666666666	0.08333333333333333	0.5	FALSE	TRUE	FALSE	FALSE	FALSE	FALSE	uv_specific_instable
RvY_02503-1	1	uv	0.9166666666666666	0.08333333333333333	0.5	FALSE	TRUE	FALSE	FALSE	FALSE	FALSE	uv_specific_instable
RvY_02515-1	1	uv	0.9166666666666666	0.08333333333333333	0.5	FALSE	TRUE	FALSE	FALSE	FALSE	FALSE	uv_specific_instable
RvY_02557-1	1	uv	0.9166666666666666	0.08333333333333333	0.5	FALSE	TRUE	FALSE	FALSE	FALSE	FALSE	uv_specific_instable
RvY_02587-1	1	uv	0.9166666666666666	0.08333333333333333	0.5	FALSE	TRUE	FALSE	FALSE	FALSE	FALSE	uv_specific_instable
RvY_02622-1	1	uv	0.9166666666666666	0.08333333333333333	0.5	FALSE	TRUE	FALSE	FALSE	FALSE	FALSE	uv_specific_instable
RvY_02869	1	uv	0.9166666666666666	0.08333333333333333	0.5	FALSE	TRUE	FALSE	FALSE	FALSE	FALSE	uv_specific_instable
RvY_02986	1	uv	0.9166666666666666	0.08333333333333333	0.5	FALSE	TRUE	FALSE	FALSE	FALSE	FALSE	uv_specific_instable
RvY_03155-1	1	uv	0.9166666666666666	0.08333333333333333	0.5	FALSE	TRUE	FALSE	FALSE	FALSE	FALSE	uv_specific_instable
RvY_03246-1	1	uv	0.9166666666666666	0.08333333333333333	0.5	FALSE	TRUE	FALSE	FALSE	FALSE	FALSE	uv_specific_instable
RvY_03265	1	uv	0.9166666666666666	0.08333333333333333	0.5	FALSE	TRUE	FALSE	FALSE	FALSE	FALSE	uv_specific_instable
RvY_03276-1	1	uv	0.9166666666666666	0.08333333333333333	0.5	FALSE	TRUE	FALSE	FALSE	FALSE	FALSE	uv_specific_instable
RvY_03277-1	1	uv	0.9166666666666666	0.08333333333333333	0.5	FALSE	TRUE	FALSE	FALSE	FALSE	FALSE	uv_specific_instable
RvY_03358	1	uv	0.9166666666666666	0.08333333333333333	0.5	FALSE	TRUE	FALSE	FALSE	FALSE	FALSE	uv_specific_instable
RvY_03440-1	1	uv	0.9166666666666666	0.08333333333333333	0.5	FALSE	TRUE	FALSE	FALSE	FALSE	FALSE	uv_specific_instable
RvY_03445-1	1	uv	0.9166666666666666	0.08333333333333333	0.5	FALSE	TRUE	FALSE	FALSE	FALSE	FALSE	uv_specific_instable
RvY_03493-1	1	uv	0.9166666666666666	0.08333333333333333	0.5	FALSE	TRUE	FALSE	FALSE	FALSE	FALSE	uv_specific_instable
RvY_03535-1	1	uv	0.9166666666666666	0.08333333333333333	0.5	FALSE	TRUE	FALSE	FALSE	FALSE	FALSE	uv_specific_instable
RvY_03546	1	uv	0.9166666666666666	0.08333333333333333	0.5	FALSE	TRUE	FALSE	FALSE	FALSE	FALSE	uv_specific_instable
RvY_03662-1	1	uv	0.9166666666666666	0.08333333333333333	0.5	FALSE	TRUE	FALSE	FALSE	FALSE	FALSE	uv_specific_instable
RvY_03683-1	1	uv	0.9166666666666666	0.08333333333333333	0.5	FALSE	TRUE	FALSE	FALSE	FALSE	FALSE	uv_specific_instable
RvY_03699	1	uv	0.9166666666666666	0.08333333333333333	0.5	FALSE	TRUE	FALSE	FALSE	FALSE	FALSE	uv_specific_instable
RvY_03822-1	1	uv	0.9166666666666666	0.08333333333333333	0.5	FALSE	TRUE	FALSE	FALSE	FALSE	FALSE	uv_specific_instable
RvY_03862	1	uv	0.9166666666666666	0.08333333333333333	0.5	FALSE	TRUE	FALSE	FALSE	FALSE	FALSE	uv_specific_instable
RvY_03872-1	1	uv	0.9166666666666666	0.08333333333333333	0.5	FALSE	TRUE	FALSE	FALSE	FALSE	FALSE	uv_specific_instable
RvY_03874-1	1	uv	0.9166666666666666	0.08333333333333333	0.5	FALSE	TRUE	FALSE	FALSE	FALSE	FALSE	uv_specific_instable
RvY_03877-1	1	uv	0.9166666666666666	0.08333333333333333	0.5	FALSE	TRUE	FALSE	FALSE	FALSE	FALSE	uv_specific_instable
RvY_03982-1	1	uv	0.9166666666666666	0.08333333333333333	0.5	FALSE	TRUE	FALSE	FALSE	FALSE	FALSE	uv_specific_instable
RvY_03984-1	1	uv	0.9166666666666666	0.08333333333333333	0.5	FALSE	TRUE	FALSE	FALSE	FALSE	FALSE	uv_specific_instable
RvY_04010-1	1	uv	0.9166666666666666	0.08333333333333333	0.5	FALSE	TRUE	FALSE	FALSE	FALSE	FALSE	uv_specific_instable
RvY_04090-1	1	uv	0.9166666666666666	0.08333333333333333	0.5	FALSE	TRUE	FALSE	FALSE	FALSE	FALSE	uv_specific_instable
RvY_04307-1	1	uv	0.9166666666666666	0.08333333333333333	0.5	FALSE	TRUE	FALSE	FALSE	FALSE	FALSE	uv_specific_instable
RvY_04340-1	1	uv	0.9166666666666666	0.08333333333333333	0.5	FALSE	TRUE	FALSE	FALSE	FALSE	FALSE	uv_specific_instable
RvY_04502-1	1	uv	0.9166666666666666	0.08333333333333333	0.5	FALSE	TRUE	FALSE	FALSE	FALSE	FALSE	uv_specific_instable
RvY_04553-1	1	uv	0.9166666666666666	0.08333333333333333	0.5	FALSE	TRUE	FALSE	FALSE	FALSE	FALSE	uv_specific_instable
RvY_04585-1	1	uv	0.9166666666666666	0.08333333333333333	0.5	FALSE	TRUE	FALSE	FALSE	FALSE	FALSE	uv_specific_instable
RvY_04616-1	1	uv	0.9166666666666666	0.08333333333333333	0.5	FALSE	TRUE	FALSE	FALSE	FALSE	FALSE	uv_specific_instable
RvY_04741-1	1	uv	0.9166666666666666	0.08333333333333333	0.5	FALSE	TRUE	FALSE	FALSE	FALSE	FALSE	uv_specific_instable
RvY_04787-1	1	uv	0.9166666666666666	0.08333333333333333	0.5	FALSE	TRUE	FALSE	FALSE	FALSE	FALSE	uv_specific_instable
RvY_04866-1	1	uv	0.9166666666666666	0.08333333333333333	0.5	FALSE	TRUE	FALSE	FALSE	FALSE	FALSE	uv_specific_instable
RvY_04882-1	1	uv	0.9166666666666666	0.08333333333333333	0.5	FALSE	TRUE	FALSE	FALSE	FALSE	FALSE	uv_specific_instable
RvY_05018-1	1	uv	0.9166666666666666	0.08333333333333333	0.5	FALSE	TRUE	FALSE	FALSE	FALSE	FALSE	uv_specific_instable
RvY_05068	1	uv	0.9166666666666666	0.08333333333333333	0.5	FALSE	TRUE	FALSE	FALSE	FALSE	FALSE	uv_specific_instable
RvY_05081-1	1	uv	0.9166666666666666	0.08333333333333333	0.5	FALSE	TRUE	FALSE	FALSE	FALSE	FALSE	uv_specific_instable
RvY_05100-1	1	uv	0.9166666666666666	0.08333333333333333	0.5	FALSE	TRUE	FALSE	FALSE	FALSE	FALSE	uv_specific_instable
RvY_05118-1	1	uv	0.9166666666666666	0.08333333333333333	0.5	FALSE	TRUE	FALSE	FALSE	FALSE	FALSE	uv_specific_instable
RvY_05213-1	1	uv	0.9166666666666666	0.08333333333333333	0.5	FALSE	TRUE	FALSE	FALSE	FALSE	FALSE	uv_specific_instable
RvY_05234-1	1	uv	0.9166666666666666	0.08333333333333333	0.5	FALSE	TRUE	FALSE	FALSE	FALSE	FALSE	uv_specific_instable
RvY_05287-1	1	uv	0.9166666666666666	0.08333333333333333	0.5	FALSE	TRUE	FALSE	FALSE	FALSE	FALSE	uv_specific_instable
RvY_05299-1	1	uv	0.9166666666666666	0.08333333333333333	0.5	FALSE	TRUE	FALSE	FALSE	FALSE	FALSE	uv_specific_instable
RvY_05483-1	1	uv	0.9166666666666666	0.08333333333333333	0.5	FALSE	TRUE	FALSE	FALSE	FALSE	FALSE	uv_specific_instable
RvY_05596-1	1	uv	0.9166666666666666	0.08333333333333333	0.5	FALSE	TRUE	FALSE	FALSE	FALSE	FALSE	uv_specific_instable
RvY_05606-1	1	uv	0.9166666666666666	0.08333333333333333	0.5	FALSE	TRUE	FALSE	FALSE	FALSE	FALSE	uv_specific_instable
RvY_05703	1	uv	0.9166666666666666	0.08333333333333333	0.5	FALSE	TRUE	FALSE	FALSE	FALSE	FALSE	uv_specific_instable
RvY_05717	1	uv	0.9166666666666666	0.08333333333333333	0.5	FALSE	TRUE	FALSE	FALSE	FALSE	FALSE	uv_specific_instable
RvY_05757-1	1	uv	0.9166666666666666	0.08333333333333333	0.5	FALSE	TRUE	FALSE	FALSE	FALSE	FALSE	uv_specific_instable
RvY_05814-1	1	uv	0.9166666666666666	0.08333333333333333	0.5	FALSE	TRUE	FALSE	FALSE	FALSE	FALSE	uv_specific_instable
RvY_05939	1	uv	0.9166666666666666	0.08333333333333333	0.5	FALSE	TRUE	FALSE	FALSE	FALSE	FALSE	uv_specific_instable
RvY_05966	1	uv	0.9166666666666666	0.08333333333333333	0.5	FALSE	TRUE	FALSE	FALSE	FALSE	FALSE	uv_specific_instable
RvY_05997-1	1	uv	0.9166666666666666	0.08333333333333333	0.5	FALSE	TRUE	FALSE	FALSE	FALSE	FALSE	uv_specific_instable
RvY_06197-1	1	uv	0.9166666666666666	0.08333333333333333	0.5	FALSE	TRUE	FALSE	FALSE	FALSE	FALSE	uv_specific_instable
RvY_06246-1	1	uv	0.9166666666666666	0.08333333333333333	0.5	FALSE	TRUE	FALSE	FALSE	FALSE	FALSE	uv_specific_instable
RvY_06322-1	1	uv	0.9166666666666666	0.08333333333333333	0.5	FALSE	TRUE	FALSE	FALSE	FALSE	FALSE	uv_specific_instable
RvY_06448-1	1	uv	0.9166666666666666	0.08333333333333333	0.5	FALSE	TRUE	FALSE	FALSE	FALSE	FALSE	uv_specific_instable
RvY_06451-1	1	uv	0.9166666666666666	0.08333333333333333	0.5	FALSE	TRUE	FALSE	FALSE	FALSE	FALSE	uv_specific_instable
RvY_06459-1	1	uv	0.9166666666666666	0.08333333333333333	0.5	FALSE	TRUE	FALSE	FALSE	FALSE	FALSE	uv_specific_instable
RvY_06586-1	1	uv	0.9166666666666666	0.08333333333333333	0.5	FALSE	TRUE	FALSE	FALSE	FALSE	FALSE	uv_specific_instable
RvY_06588-1	1	uv	0.9166666666666666	0.08333333333333333	0.5	FALSE	TRUE	FALSE	FALSE	FALSE	FALSE	uv_specific_instable
RvY_06644-1	1	uv	0.9166666666666666	0.08333333333333333	0.5	FALSE	TRUE	FALSE	FALSE	FALSE	FALSE	uv_specific_instable
RvY_06758	1	uv	0.9166666666666666	0.08333333333333333	0.5	FALSE	TRUE	FALSE	FALSE	FALSE	FALSE	uv_specific_instable
RvY_06809-1	1	uv	0.9166666666666666	0.08333333333333333	0.5	FALSE	TRUE	FALSE	FALSE	FALSE	FALSE	uv_specific_instable
RvY_06810-1	1	uv	0.9166666666666666	0.08333333333333333	0.5	FALSE	TRUE	FALSE	FALSE	FALSE	FALSE	uv_specific_instable
RvY_06842-1	1	uv	0.9166666666666666	0.08333333333333333	0.5	FALSE	TRUE	FALSE	FALSE	FALSE	FALSE	uv_specific_instable
RvY_06847	1	uv	0.9166666666666666	0.08333333333333333	0.5	FALSE	TRUE	FALSE	FALSE	FALSE	FALSE	uv_specific_instable
RvY_06932	1	uv	0.9166666666666666	0.08333333333333333	0.5	FALSE	TRUE	FALSE	FALSE	FALSE	FALSE	uv_specific_instable
RvY_07041	1	uv	0.9166666666666666	0.08333333333333333	0.5	FALSE	TRUE	FALSE	FALSE	FALSE	FALSE	uv_specific_instable
RvY_07042-1	1	uv	0.9166666666666666	0.08333333333333333	0.5	FALSE	TRUE	FALSE	FALSE	FALSE	FALSE	uv_specific_instable
RvY_07059-1	1	uv	0.9166666666666666	0.08333333333333333	0.5	FALSE	TRUE	FALSE	FALSE	FALSE	FALSE	uv_specific_instable
RvY_07071-1	1	uv	0.9166666666666666	0.08333333333333333	0.5	FALSE	TRUE	FALSE	FALSE	FALSE	FALSE	uv_specific_instable
RvY_07078-1	1	uv	0.9166666666666666	0.08333333333333333	0.5	FALSE	TRUE	FALSE	FALSE	FALSE	FALSE	uv_specific_instable
RvY_07090-1	1	uv	0.9166666666666666	0.08333333333333333	0.5	FALSE	TRUE	FALSE	FALSE	FALSE	FALSE	uv_specific_instable
RvY_07149-1	1	uv	0.9166666666666666	0.08333333333333333	0.5	FALSE	TRUE	FALSE	FALSE	FALSE	FALSE	uv_specific_instable
RvY_07215-1	1	uv	0.9166666666666666	0.08333333333333333	0.5	FALSE	TRUE	FALSE	FALSE	FALSE	FALSE	uv_specific_instable
RvY_07269-1	1	uv	0.9166666666666666	0.08333333333333333	0.5	FALSE	TRUE	FALSE	FALSE	FALSE	FALSE	uv_specific_instable
RvY_07341-1	1	uv	0.9166666666666666	0.08333333333333333	0.5	FALSE	TRUE	FALSE	FALSE	FALSE	FALSE	uv_specific_instable
RvY_07357-1	1	uv	0.9166666666666666	0.08333333333333333	0.5	FALSE	TRUE	FALSE	FALSE	FALSE	FALSE	uv_specific_instable
RvY_07375-1	1	uv	0.9166666666666666	0.08333333333333333	0.5	FALSE	TRUE	FALSE	FALSE	FALSE	FALSE	uv_specific_instable
RvY_07420-1	1	uv	0.9166666666666666	0.08333333333333333	0.5	FALSE	TRUE	FALSE	FALSE	FALSE	FALSE	uv_specific_instable
RvY_07544-1	1	uv	0.9166666666666666	0.08333333333333333	0.5	FALSE	TRUE	FALSE	FALSE	FALSE	FALSE	uv_specific_instable
RvY_07549-1	1	uv	0.9166666666666666	0.08333333333333333	0.5	FALSE	TRUE	FALSE	FALSE	FALSE	FALSE	uv_specific_instable
RvY_07553	1	uv	0.9166666666666666	0.08333333333333333	0.5	FALSE	TRUE	FALSE	FALSE	FALSE	FALSE	uv_specific_instable
RvY_07554	1	uv	0.9166666666666666	0.08333333333333333	0.5	FALSE	TRUE	FALSE	FALSE	FALSE	FALSE	uv_specific_instable
RvY_07578-1	1	uv	0.9166666666666666	0.08333333333333333	0.5	FALSE	TRUE	FALSE	FALSE	FALSE	FALSE	uv_specific_instable
RvY_07641-1	1	uv	0.9166666666666666	0.08333333333333333	0.5	FALSE	TRUE	FALSE	FALSE	FALSE	FALSE	uv_specific_instable
RvY_07652	1	uv	0.9166666666666666	0.08333333333333333	0.5	FALSE	TRUE	FALSE	FALSE	FALSE	FALSE	uv_specific_instable
RvY_07665-1	1	uv	0.9166666666666666	0.08333333333333333	0.5	FALSE	TRUE	FALSE	FALSE	FALSE	FALSE	uv_specific_instable
RvY_07679-1	1	uv	0.9166666666666666	0.08333333333333333	0.5	FALSE	TRUE	FALSE	FALSE	FALSE	FALSE	uv_specific_instable
RvY_07722-1	1	uv	0.9166666666666666	0.08333333333333333	0.5	FALSE	TRUE	FALSE	FALSE	FALSE	FALSE	uv_specific_instable
RvY_07733-1	1	uv	0.9166666666666666	0.08333333333333333	0.5	FALSE	TRUE	FALSE	FALSE	FALSE	FALSE	uv_specific_instable
RvY_07758-1	1	uv	0.9166666666666666	0.08333333333333333	0.5	FALSE	TRUE	FALSE	FALSE	FALSE	FALSE	uv_specific_instable
RvY_07787-1	1	uv	0.9166666666666666	0.08333333333333333	0.5	FALSE	TRUE	FALSE	FALSE	FALSE	FALSE	uv_specific_instable
RvY_07826-1	1	uv	0.9166666666666666	0.08333333333333333	0.5	FALSE	TRUE	FALSE	FALSE	FALSE	FALSE	uv_specific_instable
RvY_07953-1	1	uv	0.9166666666666666	0.08333333333333333	0.5	FALSE	TRUE	FALSE	FALSE	FALSE	FALSE	uv_specific_instable
RvY_08033-1	1	uv	0.9166666666666666	0.08333333333333333	0.5	FALSE	TRUE	FALSE	FALSE	FALSE	FALSE	uv_specific_instable
RvY_08138	1	uv	0.9166666666666666	0.08333333333333333	0.5	FALSE	TRUE	FALSE	FALSE	FALSE	FALSE	uv_specific_instable
RvY_08186-1	1	uv	0.9166666666666666	0.08333333333333333	0.5	FALSE	TRUE	FALSE	FALSE	FALSE	FALSE	uv_specific_instable
RvY_08210-1	1	uv	0.9166666666666666	0.08333333333333333	0.5	FALSE	TRUE	FALSE	FALSE	FALSE	FALSE	uv_specific_instable
RvY_08263	1	uv	0.9166666666666666	0.08333333333333333	0.5	FALSE	TRUE	FALSE	FALSE	FALSE	FALSE	uv_specific_instable
RvY_08319-1	1	uv	0.9166666666666666	0.08333333333333333	0.5	FALSE	TRUE	FALSE	FALSE	FALSE	FALSE	uv_specific_instable
RvY_08386-1	1	uv	0.9166666666666666	0.08333333333333333	0.5	FALSE	TRUE	FALSE	FALSE	FALSE	FALSE	uv_specific_instable
RvY_08502-1	1	uv	0.9166666666666666	0.08333333333333333	0.5	FALSE	TRUE	FALSE	FALSE	FALSE	FALSE	uv_specific_instable
RvY_08517-1	1	uv	0.9166666666666666	0.08333333333333333	0.5	FALSE	TRUE	FALSE	FALSE	FALSE	FALSE	uv_specific_instable
RvY_08523-1	1	uv	0.9166666666666666	0.08333333333333333	0.5	FALSE	TRUE	FALSE	FALSE	FALSE	FALSE	uv_specific_instable
RvY_08589-1	1	uv	0.9166666666666666	0.08333333333333333	0.5	FALSE	TRUE	FALSE	FALSE	FALSE	FALSE	uv_specific_instable
RvY_08599-1	1	uv	0.9166666666666666	0.08333333333333333	0.5	FALSE	TRUE	FALSE	FALSE	FALSE	FALSE	uv_specific_instable
RvY_08642-1	1	uv	0.9166666666666666	0.08333333333333333	0.5	FALSE	TRUE	FALSE	FALSE	FALSE	FALSE	uv_specific_instable
RvY_08676-1	1	uv	0.9166666666666666	0.08333333333333333	0.5	FALSE	TRUE	FALSE	FALSE	FALSE	FALSE	uv_specific_instable
RvY_08712-1	1	uv	0.9166666666666666	0.08333333333333333	0.5	FALSE	TRUE	FALSE	FALSE	FALSE	FALSE	uv_specific_instable
RvY_08789-1	1	uv	0.9166666666666666	0.08333333333333333	0.5	FALSE	TRUE	FALSE	FALSE	FALSE	FALSE	uv_specific_instable
RvY_08809-1	1	uv	0.9166666666666666	0.08333333333333333	0.5	FALSE	TRUE	FALSE	FALSE	FALSE	FALSE	uv_specific_instable
RvY_08863-1	1	uv	0.9166666666666666	0.08333333333333333	0.5	FALSE	TRUE	FALSE	FALSE	FALSE	FALSE	uv_specific_instable
RvY_09082-1	1	uv	0.9166666666666666	0.08333333333333333	0.5	FALSE	TRUE	FALSE	FALSE	FALSE	FALSE	uv_specific_instable
RvY_09200	1	uv	0.9166666666666666	0.08333333333333333	0.5	FALSE	TRUE	FALSE	FALSE	FALSE	FALSE	uv_specific_instable
RvY_09259-1	1	uv	0.9166666666666666	0.08333333333333333	0.5	FALSE	TRUE	FALSE	FALSE	FALSE	FALSE	uv_specific_instable
RvY_09271-1	1	uv	0.9166666666666666	0.08333333333333333	0.5	FALSE	TRUE	FALSE	FALSE	FALSE	FALSE	uv_specific_instable
RvY_09358-1	1	uv	0.9166666666666666	0.08333333333333333	0.5	FALSE	TRUE	FALSE	FALSE	FALSE	FALSE	uv_specific_instable
RvY_09387-1	1	uv	0.9166666666666666	0.08333333333333333	0.5	FALSE	TRUE	FALSE	FALSE	FALSE	FALSE	uv_specific_instable
RvY_09423-1	1	uv	0.9166666666666666	0.08333333333333333	0.5	FALSE	TRUE	FALSE	FALSE	FALSE	FALSE	uv_specific_instable
RvY_09640-1	1	uv	0.9166666666666666	0.08333333333333333	0.5	FALSE	TRUE	FALSE	FALSE	FALSE	FALSE	uv_specific_instable
RvY_09833-1	1	uv	0.9166666666666666	0.08333333333333333	0.5	FALSE	TRUE	FALSE	FALSE	FALSE	FALSE	uv_specific_instable
RvY_09878-1	1	uv	0.9166666666666666	0.08333333333333333	0.5	FALSE	TRUE	FALSE	FALSE	FALSE	FALSE	uv_specific_instable
RvY_09954	1	uv	0.9166666666666666	0.08333333333333333	0.5	FALSE	TRUE	FALSE	FALSE	FALSE	FALSE	uv_specific_instable
RvY_09958-1	1	uv	0.9166666666666666	0.08333333333333333	0.5	FALSE	TRUE	FALSE	FALSE	FALSE	FALSE	uv_specific_instable
RvY_10015-1	1	uv	0.9166666666666666	0.08333333333333333	0.5	FALSE	TRUE	FALSE	FALSE	FALSE	FALSE	uv_specific_instable
RvY_10058-1	1	uv	0.9166666666666666	0.08333333333333333	0.5	FALSE	TRUE	FALSE	FALSE	FALSE	FALSE	uv_specific_instable
RvY_10078-1	1	uv	0.9166666666666666	0.08333333333333333	0.5	FALSE	TRUE	FALSE	FALSE	FALSE	FALSE	uv_specific_instable
RvY_10101	1	uv	0.9166666666666666	0.08333333333333333	0.5	FALSE	TRUE	FALSE	FALSE	FALSE	FALSE	uv_specific_instable
RvY_10147-1	1	uv	0.9166666666666666	0.08333333333333333	0.5	FALSE	TRUE	FALSE	FALSE	FALSE	FALSE	uv_specific_instable
RvY_10184-1	1	uv	0.9166666666666666	0.08333333333333333	0.5	FALSE	TRUE	FALSE	FALSE	FALSE	FALSE	uv_specific_instable
RvY_10234	1	uv	0.9166666666666666	0.08333333333333333	0.5	FALSE	TRUE	FALSE	FALSE	FALSE	FALSE	uv_specific_instable
RvY_10297-1	1	uv	0.9166666666666666	0.08333333333333333	0.5	FALSE	TRUE	FALSE	FALSE	FALSE	FALSE	uv_specific_instable
RvY_10340-1	1	uv	0.9166666666666666	0.08333333333333333	0.5	FALSE	TRUE	FALSE	FALSE	FALSE	FALSE	uv_specific_instable
RvY_10423-1	1	uv	0.9166666666666666	0.08333333333333333	0.5	FALSE	TRUE	FALSE	FALSE	FALSE	FALSE	uv_specific_instable
RvY_10424-1	1	uv	0.9166666666666666	0.08333333333333333	0.5	FALSE	TRUE	FALSE	FALSE	FALSE	FALSE	uv_specific_instable
RvY_10527	1	uv	0.9166666666666666	0.08333333333333333	0.5	FALSE	TRUE	FALSE	FALSE	FALSE	FALSE	uv_specific_instable
RvY_10562-1	1	uv	0.9166666666666666	0.08333333333333333	0.5	FALSE	TRUE	FALSE	FALSE	FALSE	FALSE	uv_specific_instable
RvY_10714-1	1	uv	0.9166666666666666	0.08333333333333333	0.5	FALSE	TRUE	FALSE	FALSE	FALSE	FALSE	uv_specific_instable
RvY_10742-1	1	uv	0.9166666666666666	0.08333333333333333	0.5	FALSE	TRUE	FALSE	FALSE	FALSE	FALSE	uv_specific_instable
RvY_10791-1	1	uv	0.9166666666666666	0.08333333333333333	0.5	FALSE	TRUE	FALSE	FALSE	FALSE	FALSE	uv_specific_instable
RvY_10804-1	1	uv	0.9166666666666666	0.08333333333333333	0.5	FALSE	TRUE	FALSE	FALSE	FALSE	FALSE	uv_specific_instable
RvY_10812-1	1	uv	0.9166666666666666	0.08333333333333333	0.5	FALSE	TRUE	FALSE	FALSE	FALSE	FALSE	uv_specific_instable
RvY_11074-1	1	uv	0.9166666666666666	0.08333333333333333	0.5	FALSE	TRUE	FALSE	FALSE	FALSE	FALSE	uv_specific_instable
RvY_11106-1	1	uv	0.9166666666666666	0.08333333333333333	0.5	FALSE	TRUE	FALSE	FALSE	FALSE	FALSE	uv_specific_instable
RvY_11192-1	1	uv	0.9166666666666666	0.08333333333333333	0.5	FALSE	TRUE	FALSE	FALSE	FALSE	FALSE	uv_specific_instable
RvY_11234	1	uv	0.9166666666666666	0.08333333333333333	0.5	FALSE	TRUE	FALSE	FALSE	FALSE	FALSE	uv_specific_instable
RvY_11248-1	1	uv	0.9166666666666666	0.08333333333333333	0.5	FALSE	TRUE	FALSE	FALSE	FALSE	FALSE	uv_specific_instable
RvY_11514-1	1	uv	0.9166666666666666	0.08333333333333333	0.5	FALSE	TRUE	FALSE	FALSE	FALSE	FALSE	uv_specific_instable
RvY_11617-1	1	uv	0.9166666666666666	0.08333333333333333	0.5	FALSE	TRUE	FALSE	FALSE	FALSE	FALSE	uv_specific_instable
RvY_11686-1	1	uv	0.9166666666666666	0.08333333333333333	0.5	FALSE	TRUE	FALSE	FALSE	FALSE	FALSE	uv_specific_instable
RvY_11798-1	1	uv	0.9166666666666666	0.08333333333333333	0.5	FALSE	TRUE	FALSE	FALSE	FALSE	FALSE	uv_specific_instable
RvY_11864-1	1	uv	0.9166666666666666	0.08333333333333333	0.5	FALSE	TRUE	FALSE	FALSE	FALSE	FALSE	uv_specific_instable
RvY_11950	1	uv	0.9166666666666666	0.08333333333333333	0.5	FALSE	TRUE	FALSE	FALSE	FALSE	FALSE	uv_specific_instable
RvY_11953-1	1	uv	0.9166666666666666	0.08333333333333333	0.5	FALSE	TRUE	FALSE	FALSE	FALSE	FALSE	uv_specific_instable
RvY_11965-1	1	uv	0.9166666666666666	0.08333333333333333	0.5	FALSE	TRUE	FALSE	FALSE	FALSE	FALSE	uv_specific_instable
RvY_12094-1	1	uv	0.9166666666666666	0.08333333333333333	0.5	FALSE	TRUE	FALSE	FALSE	FALSE	FALSE	uv_specific_instable
RvY_12134-1	1	uv	0.9166666666666666	0.08333333333333333	0.5	FALSE	TRUE	FALSE	FALSE	FALSE	FALSE	uv_specific_instable
RvY_12164-1	1	uv	0.9166666666666666	0.08333333333333333	0.5	FALSE	TRUE	FALSE	FALSE	FALSE	FALSE	uv_specific_instable
RvY_12185-1	1	uv	0.9166666666666666	0.08333333333333333	0.5	FALSE	TRUE	FALSE	FALSE	FALSE	FALSE	uv_specific_instable
RvY_12271-1	1	uv	0.9166666666666666	0.08333333333333333	0.5	FALSE	TRUE	FALSE	FALSE	FALSE	FALSE	uv_specific_instable
RvY_12285-1	1	uv	0.9166666666666666	0.08333333333333333	0.5	FALSE	TRUE	FALSE	FALSE	FALSE	FALSE	uv_specific_instable
RvY_12293-1	1	uv	0.9166666666666666	0.08333333333333333	0.5	FALSE	TRUE	FALSE	FALSE	FALSE	FALSE	uv_specific_instable
RvY_12369-1	1	uv	0.9166666666666666	0.08333333333333333	0.5	FALSE	TRUE	FALSE	FALSE	FALSE	FALSE	uv_specific_instable
RvY_12398-1	1	uv	0.9166666666666666	0.08333333333333333	0.5	FALSE	TRUE	FALSE	FALSE	FALSE	FALSE	uv_specific_instable
RvY_12452	1	uv	0.9166666666666666	0.08333333333333333	0.5	FALSE	TRUE	FALSE	FALSE	FALSE	FALSE	uv_specific_instable
RvY_12508-1	1	uv	0.9166666666666666	0.08333333333333333	0.5	FALSE	TRUE	FALSE	FALSE	FALSE	FALSE	uv_specific_instable
RvY_12520-1	1	uv	0.9166666666666666	0.08333333333333333	0.5	FALSE	TRUE	FALSE	FALSE	FALSE	FALSE	uv_specific_instable
RvY_12563	1	uv	0.9166666666666666	0.08333333333333333	0.5	FALSE	TRUE	FALSE	FALSE	FALSE	FALSE	uv_specific_instable
RvY_12569-1	1	uv	0.9166666666666666	0.08333333333333333	0.5	FALSE	TRUE	FALSE	FALSE	FALSE	FALSE	uv_specific_instable
RvY_12687	1	uv	0.9166666666666666	0.08333333333333333	0.5	FALSE	TRUE	FALSE	FALSE	FALSE	FALSE	uv_specific_instable
RvY_12751	1	uv	0.9166666666666666	0.08333333333333333	0.5	FALSE	TRUE	FALSE	FALSE	FALSE	FALSE	uv_specific_instable
RvY_12801-1	1	uv	0.9166666666666666	0.08333333333333333	0.5	FALSE	TRUE	FALSE	FALSE	FALSE	FALSE	uv_specific_instable
RvY_12885	1	uv	0.9166666666666666	0.08333333333333333	0.5	FALSE	TRUE	FALSE	FALSE	FALSE	FALSE	uv_specific_instable
RvY_12893-1	1	uv	0.9166666666666666	0.08333333333333333	0.5	FALSE	TRUE	FALSE	FALSE	FALSE	FALSE	uv_specific_instable
RvY_12920-1	1	uv	0.9166666666666666	0.08333333333333333	0.5	FALSE	TRUE	FALSE	FALSE	FALSE	FALSE	uv_specific_instable
RvY_13034-1	1	uv	0.9166666666666666	0.08333333333333333	0.5	FALSE	TRUE	FALSE	FALSE	FALSE	FALSE	uv_specific_instable
RvY_13092-1	1	uv	0.9166666666666666	0.08333333333333333	0.5	FALSE	TRUE	FALSE	FALSE	FALSE	FALSE	uv_specific_instable
RvY_13139-1	1	uv	0.9166666666666666	0.08333333333333333	0.5	FALSE	TRUE	FALSE	FALSE	FALSE	FALSE	uv_specific_instable
RvY_13154-1	1	uv	0.9166666666666666	0.08333333333333333	0.5	FALSE	TRUE	FALSE	FALSE	FALSE	FALSE	uv_specific_instable
RvY_13388	1	uv	0.9166666666666666	0.08333333333333333	0.5	FALSE	TRUE	FALSE	FALSE	FALSE	FALSE	uv_specific_instable
RvY_13434-1	1	uv	0.9166666666666666	0.08333333333333333	0.5	FALSE	TRUE	FALSE	FALSE	FALSE	FALSE	uv_specific_instable
RvY_13469-1	1	uv	0.9166666666666666	0.08333333333333333	0.5	FALSE	TRUE	FALSE	FALSE	FALSE	FALSE	uv_specific_instable
RvY_13599	1	uv	0.9166666666666666	0.08333333333333333	0.5	FALSE	TRUE	FALSE	FALSE	FALSE	FALSE	uv_specific_instable
RvY_13644-1	1	uv	0.9166666666666666	0.08333333333333333	0.5	FALSE	TRUE	FALSE	FALSE	FALSE	FALSE	uv_specific_instable
RvY_13742-1	1	uv	0.9166666666666666	0.08333333333333333	0.5	FALSE	TRUE	FALSE	FALSE	FALSE	FALSE	uv_specific_instable
RvY_13760-1	1	uv	0.9166666666666666	0.08333333333333333	0.5	FALSE	TRUE	FALSE	FALSE	FALSE	FALSE	uv_specific_instable
RvY_13784-1	1	uv	0.9166666666666666	0.08333333333333333	0.5	FALSE	TRUE	FALSE	FALSE	FALSE	FALSE	uv_specific_instable
RvY_13968	1	uv	0.9166666666666666	0.08333333333333333	0.5	FALSE	TRUE	FALSE	FALSE	FALSE	FALSE	uv_specific_instable
RvY_14053-1	1	uv	0.9166666666666666	0.08333333333333333	0.5	FALSE	TRUE	FALSE	FALSE	FALSE	FALSE	uv_specific_instable
RvY_14172-1	1	uv	0.9166666666666666	0.08333333333333333	0.5	FALSE	TRUE	FALSE	FALSE	FALSE	FALSE	uv_specific_instable
RvY_14177-1	1	uv	0.9166666666666666	0.08333333333333333	0.5	FALSE	TRUE	FALSE	FALSE	FALSE	FALSE	uv_specific_instable
RvY_14202-1	1	uv	0.9166666666666666	0.08333333333333333	0.5	FALSE	TRUE	FALSE	FALSE	FALSE	FALSE	uv_specific_instable
RvY_14205-1	1	uv	0.9166666666666666	0.08333333333333333	0.5	FALSE	TRUE	FALSE	FALSE	FALSE	FALSE	uv_specific_instable
RvY_14332	1	uv	0.9166666666666666	0.08333333333333333	0.5	FALSE	TRUE	FALSE	FALSE	FALSE	FALSE	uv_specific_instable
RvY_14341-1	1	uv	0.9166666666666666	0.08333333333333333	0.5	FALSE	TRUE	FALSE	FALSE	FALSE	FALSE	uv_specific_instable
RvY_14540	1	uv	0.9166666666666666	0.08333333333333333	0.5	FALSE	TRUE	FALSE	FALSE	FALSE	FALSE	uv_specific_instable
RvY_14606-1	1	uv	0.9166666666666666	0.08333333333333333	0.5	FALSE	TRUE	FALSE	FALSE	FALSE	FALSE	uv_specific_instable
RvY_14644-1	1	uv	0.9166666666666666	0.08333333333333333	0.5	FALSE	TRUE	FALSE	FALSE	FALSE	FALSE	uv_specific_instable
RvY_14677-1	1	uv	0.9166666666666666	0.08333333333333333	0.5	FALSE	TRUE	FALSE	FALSE	FALSE	FALSE	uv_specific_instable
RvY_14694	1	uv	0.9166666666666666	0.08333333333333333	0.5	FALSE	TRUE	FALSE	FALSE	FALSE	FALSE	uv_specific_instable
RvY_14733-1	1	uv	0.9166666666666666	0.08333333333333333	0.5	FALSE	TRUE	FALSE	FALSE	FALSE	FALSE	uv_specific_instable
RvY_14752-1	1	uv	0.9166666666666666	0.08333333333333333	0.5	FALSE	TRUE	FALSE	FALSE	FALSE	FALSE	uv_specific_instable
RvY_14760-1	1	uv	0.9166666666666666	0.08333333333333333	0.5	FALSE	TRUE	FALSE	FALSE	FALSE	FALSE	uv_specific_instable
RvY_14809-1	1	uv	0.9166666666666666	0.08333333333333333	0.5	FALSE	TRUE	FALSE	FALSE	FALSE	FALSE	uv_specific_instable
RvY_14832-1	1	uv	0.9166666666666666	0.08333333333333333	0.5	FALSE	TRUE	FALSE	FALSE	FALSE	FALSE	uv_specific_instable
RvY_14917-1	1	uv	0.9166666666666666	0.08333333333333333	0.5	FALSE	TRUE	FALSE	FALSE	FALSE	FALSE	uv_specific_instable
RvY_14937-1	1	uv	0.9166666666666666	0.08333333333333333	0.5	FALSE	TRUE	FALSE	FALSE	FALSE	FALSE	uv_specific_instable
RvY_14986-1	1	uv	0.9166666666666666	0.08333333333333333	0.5	FALSE	TRUE	FALSE	FALSE	FALSE	FALSE	uv_specific_instable
RvY_14989-1	1	uv	0.9166666666666666	0.08333333333333333	0.5	FALSE	TRUE	FALSE	FALSE	FALSE	FALSE	uv_specific_instable
RvY_15015-1	1	uv	0.9166666666666666	0.08333333333333333	0.5	FALSE	TRUE	FALSE	FALSE	FALSE	FALSE	uv_specific_instable
RvY_15096-1	1	uv	0.9166666666666666	0.08333333333333333	0.5	FALSE	TRUE	FALSE	FALSE	FALSE	FALSE	uv_specific_instable
RvY_15133-1	1	uv	0.9166666666666666	0.08333333333333333	0.5	FALSE	TRUE	FALSE	FALSE	FALSE	FALSE	uv_specific_instable
RvY_15376-1	1	uv	0.9166666666666666	0.08333333333333333	0.5	FALSE	TRUE	FALSE	FALSE	FALSE	FALSE	uv_specific_instable
RvY_15413-1	1	uv	0.9166666666666666	0.08333333333333333	0.5	FALSE	TRUE	FALSE	FALSE	FALSE	FALSE	uv_specific_instable
RvY_15428-1	1	uv	0.9166666666666666	0.08333333333333333	0.5	FALSE	TRUE	FALSE	FALSE	FALSE	FALSE	uv_specific_instable
RvY_15586-1	1	uv	0.9166666666666666	0.08333333333333333	0.5	FALSE	TRUE	FALSE	FALSE	FALSE	FALSE	uv_specific_instable
RvY_15651-1	1	uv	0.9166666666666666	0.08333333333333333	0.5	FALSE	TRUE	FALSE	FALSE	FALSE	FALSE	uv_specific_instable
RvY_15754	1	uv	0.9166666666666666	0.08333333333333333	0.5	FALSE	TRUE	FALSE	FALSE	FALSE	FALSE	uv_specific_instable
RvY_15799	1	uv	0.9166666666666666	0.08333333333333333	0.5	FALSE	TRUE	FALSE	FALSE	FALSE	FALSE	uv_specific_instable
RvY_15801-1	1	uv	0.9166666666666666	0.08333333333333333	0.5	FALSE	TRUE	FALSE	FALSE	FALSE	FALSE	uv_specific_instable
RvY_15813-1	1	uv	0.9166666666666666	0.08333333333333333	0.5	FALSE	TRUE	FALSE	FALSE	FALSE	FALSE	uv_specific_instable
RvY_15921-1	1	uv	0.9166666666666666	0.08333333333333333	0.5	FALSE	TRUE	FALSE	FALSE	FALSE	FALSE	uv_specific_instable
RvY_16078-1	1	uv	0.9166666666666666	0.08333333333333333	0.5	FALSE	TRUE	FALSE	FALSE	FALSE	FALSE	uv_specific_instable
RvY_16115-1	1	uv	0.9166666666666666	0.08333333333333333	0.5	FALSE	TRUE	FALSE	FALSE	FALSE	FALSE	uv_specific_instable
RvY_16125-1	1	uv	0.9166666666666666	0.08333333333333333	0.5	FALSE	TRUE	FALSE	FALSE	FALSE	FALSE	uv_specific_instable
RvY_16241	1	uv	0.9166666666666666	0.08333333333333333	0.5	FALSE	TRUE	FALSE	FALSE	FALSE	FALSE	uv_specific_instable
RvY_16266-1	1	uv	0.9166666666666666	0.08333333333333333	0.5	FALSE	TRUE	FALSE	FALSE	FALSE	FALSE	uv_specific_instable
RvY_16340-1	1	uv	0.9166666666666666	0.08333333333333333	0.5	FALSE	TRUE	FALSE	FALSE	FALSE	FALSE	uv_specific_instable
RvY_16382-1	1	uv	0.9166666666666666	0.08333333333333333	0.5	FALSE	TRUE	FALSE	FALSE	FALSE	FALSE	uv_specific_instable
RvY_16434-1	1	uv	0.9166666666666666	0.08333333333333333	0.5	FALSE	TRUE	FALSE	FALSE	FALSE	FALSE	uv_specific_instable
RvY_16461-1	1	uv	0.9166666666666666	0.08333333333333333	0.5	FALSE	TRUE	FALSE	FALSE	FALSE	FALSE	uv_specific_instable
RvY_16464	1	uv	0.9166666666666666	0.08333333333333333	0.5	FALSE	TRUE	FALSE	FALSE	FALSE	FALSE	uv_specific_instable
RvY_16495-1	1	uv	0.9166666666666666	0.08333333333333333	0.5	FALSE	TRUE	FALSE	FALSE	FALSE	FALSE	uv_specific_instable
RvY_16508-1	1	uv	0.9166666666666666	0.08333333333333333	0.5	FALSE	TRUE	FALSE	FALSE	FALSE	FALSE	uv_specific_instable
RvY_16531-1	1	uv	0.9166666666666666	0.08333333333333333	0.5	FALSE	TRUE	FALSE	FALSE	FALSE	FALSE	uv_specific_instable
RvY_16548-1	1	uv	0.9166666666666666	0.08333333333333333	0.5	FALSE	TRUE	FALSE	FALSE	FALSE	FALSE	uv_specific_instable
RvY_16573-1	1	uv	0.9166666666666666	0.08333333333333333	0.5	FALSE	TRUE	FALSE	FALSE	FALSE	FALSE	uv_specific_instable
RvY_16795	1	uv	0.9166666666666666	0.08333333333333333	0.5	FALSE	TRUE	FALSE	FALSE	FALSE	FALSE	uv_specific_instable
RvY_16814-1	1	uv	0.9166666666666666	0.08333333333333333	0.5	FALSE	TRUE	FALSE	FALSE	FALSE	FALSE	uv_specific_instable
RvY_16968	1	uv	0.9166666666666666	0.08333333333333333	0.5	FALSE	TRUE	FALSE	FALSE	FALSE	FALSE	uv_specific_instable
RvY_16977-1	1	uv	0.9166666666666666	0.08333333333333333	0.5	FALSE	TRUE	FALSE	FALSE	FALSE	FALSE	uv_specific_instable
RvY_17017-1	1	uv	0.9166666666666666	0.08333333333333333	0.5	FALSE	TRUE	FALSE	FALSE	FALSE	FALSE	uv_specific_instable
RvY_17122	1	uv	0.9166666666666666	0.08333333333333333	0.5	FALSE	TRUE	FALSE	FALSE	FALSE	FALSE	uv_specific_instable
RvY_17185-1	1	uv	0.9166666666666666	0.08333333333333333	0.5	FALSE	TRUE	FALSE	FALSE	FALSE	FALSE	uv_specific_instable
RvY_17240-1	1	uv	0.9166666666666666	0.08333333333333333	0.5	FALSE	TRUE	FALSE	FALSE	FALSE	FALSE	uv_specific_instable
RvY_17279-1	1	uv	0.9166666666666666	0.08333333333333333	0.5	FALSE	TRUE	FALSE	FALSE	FALSE	FALSE	uv_specific_instable
RvY_17312-1	1	uv	0.9166666666666666	0.08333333333333333	0.5	FALSE	TRUE	FALSE	FALSE	FALSE	FALSE	uv_specific_instable
RvY_17349-1	1	uv	0.9166666666666666	0.08333333333333333	0.5	FALSE	TRUE	FALSE	FALSE	FALSE	FALSE	uv_specific_instable
RvY_17412	1	uv	0.9166666666666666	0.08333333333333333	0.5	FALSE	TRUE	FALSE	FALSE	FALSE	FALSE	uv_specific_instable
RvY_17445-1	1	uv	0.9166666666666666	0.08333333333333333	0.5	FALSE	TRUE	FALSE	FALSE	FALSE	FALSE	uv_specific_instable
RvY_17501-1	1	uv	0.9166666666666666	0.08333333333333333	0.5	FALSE	TRUE	FALSE	FALSE	FALSE	FALSE	uv_specific_instable
RvY_17506-1	1	uv	0.9166666666666666	0.08333333333333333	0.5	FALSE	TRUE	FALSE	FALSE	FALSE	FALSE	uv_specific_instable
RvY_17510-1	1	uv	0.9166666666666666	0.08333333333333333	0.5	FALSE	TRUE	FALSE	FALSE	FALSE	FALSE	uv_specific_instable
RvY_17530-1	1	uv	0.9166666666666666	0.08333333333333333	0.5	FALSE	TRUE	FALSE	FALSE	FALSE	FALSE	uv_specific_instable
RvY_17631-1	1	uv	0.9166666666666666	0.08333333333333333	0.5	FALSE	TRUE	FALSE	FALSE	FALSE	FALSE	uv_specific_instable
RvY_17715-1	1	uv	0.9166666666666666	0.08333333333333333	0.5	FALSE	TRUE	FALSE	FALSE	FALSE	FALSE	uv_specific_instable
RvY_17719	1	uv	0.9166666666666666	0.08333333333333333	0.5	FALSE	TRUE	FALSE	FALSE	FALSE	FALSE	uv_specific_instable
RvY_17843-1	1	uv	0.9166666666666666	0.08333333333333333	0.5	FALSE	TRUE	FALSE	FALSE	FALSE	FALSE	uv_specific_instable
RvY_17907-1	1	uv	0.9166666666666666	0.08333333333333333	0.5	FALSE	TRUE	FALSE	FALSE	FALSE	FALSE	uv_specific_instable
RvY_18013-1	1	uv	0.9166666666666666	0.08333333333333333	0.5	FALSE	TRUE	FALSE	FALSE	FALSE	FALSE	uv_specific_instable
RvY_18029-1	1	uv	0.9166666666666666	0.08333333333333333	0.5	FALSE	TRUE	FALSE	FALSE	FALSE	FALSE	uv_specific_instable
RvY_18067-1	1	uv	0.9166666666666666	0.08333333333333333	0.5	FALSE	TRUE	FALSE	FALSE	FALSE	FALSE	uv_specific_instable
RvY_18398-1	1	uv	0.9166666666666666	0.08333333333333333	0.5	FALSE	TRUE	FALSE	FALSE	FALSE	FALSE	uv_specific_instable
RvY_18420	1	uv	0.9166666666666666	0.08333333333333333	0.5	FALSE	TRUE	FALSE	FALSE	FALSE	FALSE	uv_specific_instable
RvY_18503-1	1	uv	0.9166666666666666	0.08333333333333333	0.5	FALSE	TRUE	FALSE	FALSE	FALSE	FALSE	uv_specific_instable
RvY_18536-1	1	uv	0.9166666666666666	0.08333333333333333	0.5	FALSE	TRUE	FALSE	FALSE	FALSE	FALSE	uv_specific_instable
RvY_18684-1	1	uv	0.9166666666666666	0.08333333333333333	0.5	FALSE	TRUE	FALSE	FALSE	FALSE	FALSE	uv_specific_instable
RvY_18689-1	1	uv	0.9166666666666666	0.08333333333333333	0.5	FALSE	TRUE	FALSE	FALSE	FALSE	FALSE	uv_specific_instable
RvY_18796-1	1	uv	0.9166666666666666	0.08333333333333333	0.5	FALSE	TRUE	FALSE	FALSE	FALSE	FALSE	uv_specific_instable
RvY_18801-1	1	uv	0.9166666666666666	0.08333333333333333	0.5	FALSE	TRUE	FALSE	FALSE	FALSE	FALSE	uv_specific_instable
RvY_18938-1	1	uv	0.9166666666666666	0.08333333333333333	0.5	FALSE	TRUE	FALSE	FALSE	FALSE	FALSE	uv_specific_instable
RvY_19008-1	1	uv	0.9166666666666666	0.08333333333333333	0.5	FALSE	TRUE	FALSE	FALSE	FALSE	FALSE	uv_specific_instable
RvY_19118-1	1	uv	0.9166666666666666	0.08333333333333333	0.5	FALSE	TRUE	FALSE	FALSE	FALSE	FALSE	uv_specific_instable
RvY_19125-1	1	uv	0.9166666666666666	0.08333333333333333	0.5	FALSE	TRUE	FALSE	FALSE	FALSE	FALSE	uv_specific_instable
RvY_19150-1	1	uv	0.9166666666666666	0.08333333333333333	0.5	FALSE	TRUE	FALSE	FALSE	FALSE	FALSE	uv_specific_instable
RvY_19213	1	uv	0.9166666666666666	0.08333333333333333	0.5	FALSE	TRUE	FALSE	FALSE	FALSE	FALSE	uv_specific_instable
RvY_19241-1	1	uv	0.9166666666666666	0.08333333333333333	0.5	FALSE	TRUE	FALSE	FALSE	FALSE	FALSE	uv_specific_instable
RvY_19412-1	1	uv	0.9166666666666666	0.08333333333333333	0.5	FALSE	TRUE	FALSE	FALSE	FALSE	FALSE	uv_specific_instable
RvY_00009-1	1	uv	0.9285714285714286	0.07142857142857144	0.4285714285714286	FALSE	TRUE	FALSE	FALSE	FALSE	FALSE	uv_specific_instable
RvY_00063-1	1	uv	0.9285714285714286	0.07142857142857144	0.4285714285714286	FALSE	TRUE	FALSE	FALSE	FALSE	FALSE	uv_specific_instable
RvY_00174-1	1	uv	0.9285714285714286	0.07142857142857144	0.4285714285714286	FALSE	TRUE	FALSE	FALSE	FALSE	FALSE	uv_specific_instable
RvY_00231-1	1	uv	0.9285714285714286	0.07142857142857144	0.4285714285714286	FALSE	TRUE	FALSE	FALSE	FALSE	FALSE	uv_specific_instable
RvY_00368-1	1	uv	0.9285714285714286	0.07142857142857144	0.4285714285714286	FALSE	TRUE	FALSE	FALSE	FALSE	FALSE	uv_specific_instable
RvY_00418-3	1	uv	0.9285714285714286	0.07142857142857144	0.4285714285714286	FALSE	TRUE	FALSE	FALSE	FALSE	FALSE	uv_specific_instable
RvY_00504	1	uv	0.9285714285714286	0.07142857142857144	0.4285714285714286	FALSE	TRUE	FALSE	FALSE	FALSE	FALSE	uv_specific_instable
RvY_00540	1	uv	0.9285714285714286	0.07142857142857144	0.4285714285714286	FALSE	TRUE	FALSE	FALSE	FALSE	FALSE	uv_specific_instable
RvY_00541-1	1	uv	0.9285714285714286	0.07142857142857144	0.4285714285714286	FALSE	TRUE	FALSE	FALSE	FALSE	FALSE	uv_specific_instable
RvY_00542-1	1	uv	0.9285714285714286	0.07142857142857144	0.4285714285714286	FALSE	TRUE	FALSE	FALSE	FALSE	FALSE	uv_specific_instable
RvY_00614-1	1	uv	0.9285714285714286	0.07142857142857144	0.4285714285714286	FALSE	TRUE	FALSE	FALSE	FALSE	FALSE	uv_specific_instable
RvY_00628-1	1	uv	0.9285714285714286	0.07142857142857144	0.4285714285714286	FALSE	TRUE	FALSE	FALSE	FALSE	FALSE	uv_specific_instable
RvY_00630-1	1	uv	0.9285714285714286	0.07142857142857144	0.4285714285714286	FALSE	TRUE	FALSE	FALSE	FALSE	FALSE	uv_specific_instable
RvY_00661	1	uv	0.9285714285714286	0.07142857142857144	0.4285714285714286	FALSE	TRUE	FALSE	FALSE	FALSE	FALSE	uv_specific_instable
RvY_00690	1	uv	0.9285714285714286	0.07142857142857144	0.4285714285714286	FALSE	TRUE	FALSE	FALSE	FALSE	FALSE	uv_specific_instable
RvY_00712-1	1	uv	0.9285714285714286	0.07142857142857144	0.4285714285714286	FALSE	TRUE	FALSE	FALSE	FALSE	FALSE	uv_specific_instable
RvY_00765	1	uv	0.9285714285714286	0.07142857142857144	0.4285714285714286	FALSE	TRUE	FALSE	FALSE	FALSE	FALSE	uv_specific_instable
RvY_00811	1	uv	0.9285714285714286	0.07142857142857144	0.4285714285714286	FALSE	TRUE	FALSE	FALSE	FALSE	FALSE	uv_specific_instable
RvY_00828	1	uv	0.9285714285714286	0.07142857142857144	0.4285714285714286	FALSE	TRUE	FALSE	FALSE	FALSE	FALSE	uv_specific_instable
RvY_00901-1	1	uv	0.9285714285714286	0.07142857142857144	0.4285714285714286	FALSE	TRUE	FALSE	FALSE	FALSE	FALSE	uv_specific_instable
RvY_00924	1	uv	0.9285714285714286	0.07142857142857144	0.4285714285714286	FALSE	TRUE	FALSE	FALSE	FALSE	FALSE	uv_specific_instable
RvY_00971-1	1	uv	0.9285714285714286	0.07142857142857144	0.4285714285714286	FALSE	TRUE	FALSE	FALSE	FALSE	FALSE	uv_specific_instable
RvY_01061-1	1	uv	0.9285714285714286	0.07142857142857144	0.4285714285714286	FALSE	TRUE	FALSE	FALSE	FALSE	FALSE	uv_specific_instable
RvY_01062-1	1	uv	0.9285714285714286	0.07142857142857144	0.4285714285714286	FALSE	TRUE	FALSE	FALSE	FALSE	FALSE	uv_specific_instable
RvY_01116-1	1	uv	0.9285714285714286	0.07142857142857144	0.4285714285714286	FALSE	TRUE	FALSE	FALSE	FALSE	FALSE	uv_specific_instable
RvY_01128-1	1	uv	0.9285714285714286	0.07142857142857144	0.4285714285714286	FALSE	TRUE	FALSE	FALSE	FALSE	FALSE	uv_specific_instable
RvY_01161-1	1	uv	0.9285714285714286	0.07142857142857144	0.4285714285714286	FALSE	TRUE	FALSE	FALSE	FALSE	FALSE	uv_specific_instable
RvY_01220-1	1	uv	0.9285714285714286	0.07142857142857144	0.4285714285714286	FALSE	TRUE	FALSE	FALSE	FALSE	FALSE	uv_specific_instable
RvY_01227-1	1	uv	0.9285714285714286	0.07142857142857144	0.4285714285714286	FALSE	TRUE	FALSE	FALSE	FALSE	FALSE	uv_specific_instable
RvY_01259-1	1	uv	0.9285714285714286	0.07142857142857144	0.4285714285714286	FALSE	TRUE	FALSE	FALSE	FALSE	FALSE	uv_specific_instable
RvY_01260	1	uv	0.9285714285714286	0.07142857142857144	0.4285714285714286	FALSE	TRUE	FALSE	FALSE	FALSE	FALSE	uv_specific_instable
RvY_01368-1	1	uv	0.9285714285714286	0.07142857142857144	0.4285714285714286	FALSE	TRUE	FALSE	FALSE	FALSE	FALSE	uv_specific_instable
RvY_01377-1	1	uv	0.9285714285714286	0.07142857142857144	0.4285714285714286	FALSE	TRUE	FALSE	FALSE	FALSE	FALSE	uv_specific_instable
RvY_01389-1	1	uv	0.9285714285714286	0.07142857142857144	0.4285714285714286	FALSE	TRUE	FALSE	FALSE	FALSE	FALSE	uv_specific_instable
RvY_01429-1	1	uv	0.9285714285714286	0.07142857142857144	0.4285714285714286	FALSE	TRUE	FALSE	FALSE	FALSE	FALSE	uv_specific_instable
RvY_01467-1	1	uv	0.9285714285714286	0.07142857142857144	0.4285714285714286	FALSE	TRUE	FALSE	FALSE	FALSE	FALSE	uv_specific_instable
RvY_01483-1	1	uv	0.9285714285714286	0.07142857142857144	0.4285714285714286	FALSE	TRUE	FALSE	FALSE	FALSE	FALSE	uv_specific_instable
RvY_01647-1	1	uv	0.9285714285714286	0.07142857142857144	0.4285714285714286	FALSE	TRUE	FALSE	FALSE	FALSE	FALSE	uv_specific_instable
RvY_01723-1	1	uv	0.9285714285714286	0.07142857142857144	0.4285714285714286	FALSE	TRUE	FALSE	FALSE	FALSE	FALSE	uv_specific_instable
RvY_01766-1	1	uv	0.9285714285714286	0.07142857142857144	0.4285714285714286	FALSE	TRUE	FALSE	FALSE	FALSE	FALSE	uv_specific_instable
RvY_02068-1	1	uv	0.9285714285714286	0.07142857142857144	0.4285714285714286	FALSE	TRUE	FALSE	FALSE	FALSE	FALSE	uv_specific_instable
RvY_02141-1	1	uv	0.9285714285714286	0.07142857142857144	0.4285714285714286	FALSE	TRUE	FALSE	FALSE	FALSE	FALSE	uv_specific_instable
RvY_02366-1	1	uv	0.9285714285714286	0.07142857142857144	0.4285714285714286	FALSE	TRUE	FALSE	FALSE	FALSE	FALSE	uv_specific_instable
RvY_02403	1	uv	0.9285714285714286	0.07142857142857144	0.4285714285714286	FALSE	TRUE	FALSE	FALSE	FALSE	FALSE	uv_specific_instable
RvY_02404-1	1	uv	0.9285714285714286	0.07142857142857144	0.4285714285714286	FALSE	TRUE	FALSE	FALSE	FALSE	FALSE	uv_specific_instable
RvY_02405-1	1	uv	0.9285714285714286	0.07142857142857144	0.4285714285714286	FALSE	TRUE	FALSE	FALSE	FALSE	FALSE	uv_specific_instable
RvY_02463-1	1	uv	0.9285714285714286	0.07142857142857144	0.4285714285714286	FALSE	TRUE	FALSE	FALSE	FALSE	FALSE	uv_specific_instable
RvY_02480-1	1	uv	0.9285714285714286	0.07142857142857144	0.4285714285714286	FALSE	TRUE	FALSE	FALSE	FALSE	FALSE	uv_specific_instable
RvY_02530-1	1	uv	0.9285714285714286	0.07142857142857144	0.4285714285714286	FALSE	TRUE	FALSE	FALSE	FALSE	FALSE	uv_specific_instable
RvY_02554	1	uv	0.9285714285714286	0.07142857142857144	0.4285714285714286	FALSE	TRUE	FALSE	FALSE	FALSE	FALSE	uv_specific_instable
RvY_02589-1	1	uv	0.9285714285714286	0.07142857142857144	0.4285714285714286	FALSE	TRUE	FALSE	FALSE	FALSE	FALSE	uv_specific_instable
RvY_02614-1	1	uv	0.9285714285714286	0.07142857142857144	0.4285714285714286	FALSE	TRUE	FALSE	FALSE	FALSE	FALSE	uv_specific_instable
RvY_02644-1	1	uv	0.9285714285714286	0.07142857142857144	0.4285714285714286	FALSE	TRUE	FALSE	FALSE	FALSE	FALSE	uv_specific_instable
RvY_02651-1	1	uv	0.9285714285714286	0.07142857142857144	0.4285714285714286	FALSE	TRUE	FALSE	FALSE	FALSE	FALSE	uv_specific_instable
RvY_02760-1	1	uv	0.9285714285714286	0.07142857142857144	0.4285714285714286	FALSE	TRUE	FALSE	FALSE	FALSE	FALSE	uv_specific_instable
RvY_02771-1	1	uv	0.9285714285714286	0.07142857142857144	0.4285714285714286	FALSE	TRUE	FALSE	FALSE	FALSE	FALSE	uv_specific_instable
RvY_02804-1	1	uv	0.9285714285714286	0.07142857142857144	0.4285714285714286	FALSE	TRUE	FALSE	FALSE	FALSE	FALSE	uv_specific_instable
RvY_02870-1	1	uv	0.9285714285714286	0.07142857142857144	0.4285714285714286	FALSE	TRUE	FALSE	FALSE	FALSE	FALSE	uv_specific_instable
RvY_02963-1	1	uv	0.9285714285714286	0.07142857142857144	0.4285714285714286	FALSE	TRUE	FALSE	FALSE	FALSE	FALSE	uv_specific_instable
RvY_03178-1	1	uv	0.9285714285714286	0.07142857142857144	0.4285714285714286	FALSE	TRUE	FALSE	FALSE	FALSE	FALSE	uv_specific_instable
RvY_03212-1	1	uv	0.9285714285714286	0.07142857142857144	0.4285714285714286	FALSE	TRUE	FALSE	FALSE	FALSE	FALSE	uv_specific_instable
RvY_03217-1	1	uv	0.9285714285714286	0.07142857142857144	0.4285714285714286	FALSE	TRUE	FALSE	FALSE	FALSE	FALSE	uv_specific_instable
RvY_03299-1	1	uv	0.9285714285714286	0.07142857142857144	0.4285714285714286	FALSE	TRUE	FALSE	FALSE	FALSE	FALSE	uv_specific_instable
RvY_03347-1	1	uv	0.9285714285714286	0.07142857142857144	0.4285714285714286	FALSE	TRUE	FALSE	FALSE	FALSE	FALSE	uv_specific_instable
RvY_03363-1	1	uv	0.9285714285714286	0.07142857142857144	0.4285714285714286	FALSE	TRUE	FALSE	FALSE	FALSE	FALSE	uv_specific_instable
RvY_03385	1	uv	0.9285714285714286	0.07142857142857144	0.4285714285714286	FALSE	TRUE	FALSE	FALSE	FALSE	FALSE	uv_specific_instable
RvY_03396	1	uv	0.9285714285714286	0.07142857142857144	0.4285714285714286	FALSE	TRUE	FALSE	FALSE	FALSE	FALSE	uv_specific_instable
RvY_03417	1	uv	0.9285714285714286	0.07142857142857144	0.4285714285714286	FALSE	TRUE	FALSE	FALSE	FALSE	FALSE	uv_specific_instable
RvY_03437-1	1	uv	0.9285714285714286	0.07142857142857144	0.4285714285714286	FALSE	TRUE	FALSE	FALSE	FALSE	FALSE	uv_specific_instable
RvY_03547	1	uv	0.9285714285714286	0.07142857142857144	0.4285714285714286	FALSE	TRUE	FALSE	FALSE	FALSE	FALSE	uv_specific_instable
RvY_03623	1	uv	0.9285714285714286	0.07142857142857144	0.4285714285714286	FALSE	TRUE	FALSE	FALSE	FALSE	FALSE	uv_specific_instable
RvY_03630-1	1	uv	0.9285714285714286	0.07142857142857144	0.4285714285714286	FALSE	TRUE	FALSE	FALSE	FALSE	FALSE	uv_specific_instable
RvY_03720-1	1	uv	0.9285714285714286	0.07142857142857144	0.4285714285714286	FALSE	TRUE	FALSE	FALSE	FALSE	FALSE	uv_specific_instable
RvY_03722-1	1	uv	0.9285714285714286	0.07142857142857144	0.4285714285714286	FALSE	TRUE	FALSE	FALSE	FALSE	FALSE	uv_specific_instable
RvY_03768-1	1	uv	0.9285714285714286	0.07142857142857144	0.4285714285714286	FALSE	TRUE	FALSE	FALSE	FALSE	FALSE	uv_specific_instable
RvY_03772-1	1	uv	0.9285714285714286	0.07142857142857144	0.4285714285714286	FALSE	TRUE	FALSE	FALSE	FALSE	FALSE	uv_specific_instable
RvY_03838	1	uv	0.9285714285714286	0.07142857142857144	0.4285714285714286	FALSE	TRUE	FALSE	FALSE	FALSE	FALSE	uv_specific_instable
RvY_03904	1	uv	0.9285714285714286	0.07142857142857144	0.4285714285714286	FALSE	TRUE	FALSE	FALSE	FALSE	FALSE	uv_specific_instable
RvY_03953-1	1	uv	0.9285714285714286	0.07142857142857144	0.4285714285714286	FALSE	TRUE	FALSE	FALSE	FALSE	FALSE	uv_specific_instable
RvY_04050-1	1	uv	0.9285714285714286	0.07142857142857144	0.4285714285714286	FALSE	TRUE	FALSE	FALSE	FALSE	FALSE	uv_specific_instable
RvY_04055-1	1	uv	0.9285714285714286	0.07142857142857144	0.4285714285714286	FALSE	TRUE	FALSE	FALSE	FALSE	FALSE	uv_specific_instable
RvY_04063	1	uv	0.9285714285714286	0.07142857142857144	0.4285714285714286	FALSE	TRUE	FALSE	FALSE	FALSE	FALSE	uv_specific_instable
RvY_04074-1	1	uv	0.9285714285714286	0.07142857142857144	0.4285714285714286	FALSE	TRUE	FALSE	FALSE	FALSE	FALSE	uv_specific_instable
RvY_04080	1	uv	0.9285714285714286	0.07142857142857144	0.4285714285714286	FALSE	TRUE	FALSE	FALSE	FALSE	FALSE	uv_specific_instable
RvY_04159	1	uv	0.9285714285714286	0.07142857142857144	0.4285714285714286	FALSE	TRUE	FALSE	FALSE	FALSE	FALSE	uv_specific_instable
RvY_04209-1	1	uv	0.9285714285714286	0.07142857142857144	0.4285714285714286	FALSE	TRUE	FALSE	FALSE	FALSE	FALSE	uv_specific_instable
RvY_04241-1	1	uv	0.9285714285714286	0.07142857142857144	0.4285714285714286	FALSE	TRUE	FALSE	FALSE	FALSE	FALSE	uv_specific_instable
RvY_04264	1	uv	0.9285714285714286	0.07142857142857144	0.4285714285714286	FALSE	TRUE	FALSE	FALSE	FALSE	FALSE	uv_specific_instable
RvY_04312-1	1	uv	0.9285714285714286	0.07142857142857144	0.4285714285714286	FALSE	TRUE	FALSE	FALSE	FALSE	FALSE	uv_specific_instable
RvY_04364-1	1	uv	0.9285714285714286	0.07142857142857144	0.4285714285714286	FALSE	TRUE	FALSE	FALSE	FALSE	FALSE	uv_specific_instable
RvY_04490-1	1	uv	0.9285714285714286	0.07142857142857144	0.4285714285714286	FALSE	TRUE	FALSE	FALSE	FALSE	FALSE	uv_specific_instable
RvY_04491-1	1	uv	0.9285714285714286	0.07142857142857144	0.4285714285714286	FALSE	TRUE	FALSE	FALSE	FALSE	FALSE	uv_specific_instable
RvY_04509-1	1	uv	0.9285714285714286	0.07142857142857144	0.4285714285714286	FALSE	TRUE	FALSE	FALSE	FALSE	FALSE	uv_specific_instable
RvY_04512	1	uv	0.9285714285714286	0.07142857142857144	0.4285714285714286	FALSE	TRUE	FALSE	FALSE	FALSE	FALSE	uv_specific_instable
RvY_04549-1	1	uv	0.9285714285714286	0.07142857142857144	0.4285714285714286	FALSE	TRUE	FALSE	FALSE	FALSE	FALSE	uv_specific_instable
RvY_04605-1	1	uv	0.9285714285714286	0.07142857142857144	0.4285714285714286	FALSE	TRUE	FALSE	FALSE	FALSE	FALSE	uv_specific_instable
RvY_04613	1	uv	0.9285714285714286	0.07142857142857144	0.4285714285714286	FALSE	TRUE	FALSE	FALSE	FALSE	FALSE	uv_specific_instable
RvY_04615-1	1	uv	0.9285714285714286	0.07142857142857144	0.4285714285714286	FALSE	TRUE	FALSE	FALSE	FALSE	FALSE	uv_specific_instable
RvY_04633-1	1	uv	0.9285714285714286	0.07142857142857144	0.4285714285714286	FALSE	TRUE	FALSE	FALSE	FALSE	FALSE	uv_specific_instable
RvY_04646-1	1	uv	0.9285714285714286	0.07142857142857144	0.4285714285714286	FALSE	TRUE	FALSE	FALSE	FALSE	FALSE	uv_specific_instable
RvY_04654-1	1	uv	0.9285714285714286	0.07142857142857144	0.4285714285714286	FALSE	TRUE	FALSE	FALSE	FALSE	FALSE	uv_specific_instable
RvY_04843-1	1	uv	0.9285714285714286	0.07142857142857144	0.4285714285714286	FALSE	TRUE	FALSE	FALSE	FALSE	FALSE	uv_specific_instable
RvY_04875	1	uv	0.9285714285714286	0.07142857142857144	0.4285714285714286	FALSE	TRUE	FALSE	FALSE	FALSE	FALSE	uv_specific_instable
RvY_04893	1	uv	0.9285714285714286	0.07142857142857144	0.4285714285714286	FALSE	TRUE	FALSE	FALSE	FALSE	FALSE	uv_specific_instable
RvY_04917-1	1	uv	0.9285714285714286	0.07142857142857144	0.4285714285714286	FALSE	TRUE	FALSE	FALSE	FALSE	FALSE	uv_specific_instable
RvY_04927-1	1	uv	0.9285714285714286	0.07142857142857144	0.4285714285714286	FALSE	TRUE	FALSE	FALSE	FALSE	FALSE	uv_specific_instable
RvY_04932	1	uv	0.9285714285714286	0.07142857142857144	0.4285714285714286	FALSE	TRUE	FALSE	FALSE	FALSE	FALSE	uv_specific_instable
RvY_04933	1	uv	0.9285714285714286	0.07142857142857144	0.4285714285714286	FALSE	TRUE	FALSE	FALSE	FALSE	FALSE	uv_specific_instable
RvY_05039-1	1	uv	0.9285714285714286	0.07142857142857144	0.4285714285714286	FALSE	TRUE	FALSE	FALSE	FALSE	FALSE	uv_specific_instable
RvY_05110-1	1	uv	0.9285714285714286	0.07142857142857144	0.4285714285714286	FALSE	TRUE	FALSE	FALSE	FALSE	FALSE	uv_specific_instable
RvY_05131-1	1	uv	0.9285714285714286	0.07142857142857144	0.4285714285714286	FALSE	TRUE	FALSE	FALSE	FALSE	FALSE	uv_specific_instable
RvY_05140-1	1	uv	0.9285714285714286	0.07142857142857144	0.4285714285714286	FALSE	TRUE	FALSE	FALSE	FALSE	FALSE	uv_specific_instable
RvY_05144	1	uv	0.9285714285714286	0.07142857142857144	0.4285714285714286	FALSE	TRUE	FALSE	FALSE	FALSE	FALSE	uv_specific_instable
RvY_05168	1	uv	0.9285714285714286	0.07142857142857144	0.4285714285714286	FALSE	TRUE	FALSE	FALSE	FALSE	FALSE	uv_specific_instable
RvY_05177-1	1	uv	0.9285714285714286	0.07142857142857144	0.4285714285714286	FALSE	TRUE	FALSE	FALSE	FALSE	FALSE	uv_specific_instable
RvY_05185-1	1	uv	0.9285714285714286	0.07142857142857144	0.4285714285714286	FALSE	TRUE	FALSE	FALSE	FALSE	FALSE	uv_specific_instable
RvY_05326-1	1	uv	0.9285714285714286	0.07142857142857144	0.4285714285714286	FALSE	TRUE	FALSE	FALSE	FALSE	FALSE	uv_specific_instable
RvY_05327-1	1	uv	0.9285714285714286	0.07142857142857144	0.4285714285714286	FALSE	TRUE	FALSE	FALSE	FALSE	FALSE	uv_specific_instable
RvY_05362-1	1	uv	0.9285714285714286	0.07142857142857144	0.4285714285714286	FALSE	TRUE	FALSE	FALSE	FALSE	FALSE	uv_specific_instable
RvY_05431-1	1	uv	0.9285714285714286	0.07142857142857144	0.4285714285714286	FALSE	TRUE	FALSE	FALSE	FALSE	FALSE	uv_specific_instable
RvY_05439-1	1	uv	0.9285714285714286	0.07142857142857144	0.4285714285714286	FALSE	TRUE	FALSE	FALSE	FALSE	FALSE	uv_specific_instable
RvY_05450-1	1	uv	0.9285714285714286	0.07142857142857144	0.4285714285714286	FALSE	TRUE	FALSE	FALSE	FALSE	FALSE	uv_specific_instable
RvY_05453-1	1	uv	0.9285714285714286	0.07142857142857144	0.4285714285714286	FALSE	TRUE	FALSE	FALSE	FALSE	FALSE	uv_specific_instable
RvY_05487-1	1	uv	0.9285714285714286	0.07142857142857144	0.4285714285714286	FALSE	TRUE	FALSE	FALSE	FALSE	FALSE	uv_specific_instable
RvY_05503-1	1	uv	0.9285714285714286	0.07142857142857144	0.4285714285714286	FALSE	TRUE	FALSE	FALSE	FALSE	FALSE	uv_specific_instable
RvY_05520-1	1	uv	0.9285714285714286	0.07142857142857144	0.4285714285714286	FALSE	TRUE	FALSE	FALSE	FALSE	FALSE	uv_specific_instable
RvY_05552-1	1	uv	0.9285714285714286	0.07142857142857144	0.4285714285714286	FALSE	TRUE	FALSE	FALSE	FALSE	FALSE	uv_specific_instable
RvY_05585-1	1	uv	0.9285714285714286	0.07142857142857144	0.4285714285714286	FALSE	TRUE	FALSE	FALSE	FALSE	FALSE	uv_specific_instable
RvY_05602-1	1	uv	0.9285714285714286	0.07142857142857144	0.4285714285714286	FALSE	TRUE	FALSE	FALSE	FALSE	FALSE	uv_specific_instable
RvY_05645-1	1	uv	0.9285714285714286	0.07142857142857144	0.4285714285714286	FALSE	TRUE	FALSE	FALSE	FALSE	FALSE	uv_specific_instable
RvY_05661-1	1	uv	0.9285714285714286	0.07142857142857144	0.4285714285714286	FALSE	TRUE	FALSE	FALSE	FALSE	FALSE	uv_specific_instable
RvY_05771-1	1	uv	0.9285714285714286	0.07142857142857144	0.4285714285714286	FALSE	TRUE	FALSE	FALSE	FALSE	FALSE	uv_specific_instable
RvY_05783	1	uv	0.9285714285714286	0.07142857142857144	0.4285714285714286	FALSE	TRUE	FALSE	FALSE	FALSE	FALSE	uv_specific_instable
RvY_05808-1	1	uv	0.9285714285714286	0.07142857142857144	0.4285714285714286	FALSE	TRUE	FALSE	FALSE	FALSE	FALSE	uv_specific_instable
RvY_05813	1	uv	0.9285714285714286	0.07142857142857144	0.4285714285714286	FALSE	TRUE	FALSE	FALSE	FALSE	FALSE	uv_specific_instable
RvY_05833	1	uv	0.9285714285714286	0.07142857142857144	0.4285714285714286	FALSE	TRUE	FALSE	FALSE	FALSE	FALSE	uv_specific_instable
RvY_05874-1	1	uv	0.9285714285714286	0.07142857142857144	0.4285714285714286	FALSE	TRUE	FALSE	FALSE	FALSE	FALSE	uv_specific_instable
RvY_05877-1	1	uv	0.9285714285714286	0.07142857142857144	0.4285714285714286	FALSE	TRUE	FALSE	FALSE	FALSE	FALSE	uv_specific_instable
RvY_05911-1	1	uv	0.9285714285714286	0.07142857142857144	0.4285714285714286	FALSE	TRUE	FALSE	FALSE	FALSE	FALSE	uv_specific_instable
RvY_05917-1	1	uv	0.9285714285714286	0.07142857142857144	0.4285714285714286	FALSE	TRUE	FALSE	FALSE	FALSE	FALSE	uv_specific_instable
RvY_05959-1	1	uv	0.9285714285714286	0.07142857142857144	0.4285714285714286	FALSE	TRUE	FALSE	FALSE	FALSE	FALSE	uv_specific_instable
RvY_05964	1	uv	0.9285714285714286	0.07142857142857144	0.4285714285714286	FALSE	TRUE	FALSE	FALSE	FALSE	FALSE	uv_specific_instable
RvY_06028-1	1	uv	0.9285714285714286	0.07142857142857144	0.4285714285714286	FALSE	TRUE	FALSE	FALSE	FALSE	FALSE	uv_specific_instable
RvY_06063-1	1	uv	0.9285714285714286	0.07142857142857144	0.4285714285714286	FALSE	TRUE	FALSE	FALSE	FALSE	FALSE	uv_specific_instable
RvY_06064-1	1	uv	0.9285714285714286	0.07142857142857144	0.4285714285714286	FALSE	TRUE	FALSE	FALSE	FALSE	FALSE	uv_specific_instable
RvY_06074-1	1	uv	0.9285714285714286	0.07142857142857144	0.4285714285714286	FALSE	TRUE	FALSE	FALSE	FALSE	FALSE	uv_specific_instable
RvY_06335-1	1	uv	0.9285714285714286	0.07142857142857144	0.4285714285714286	FALSE	TRUE	FALSE	FALSE	FALSE	FALSE	uv_specific_instable
RvY_06374-1	1	uv	0.9285714285714286	0.07142857142857144	0.4285714285714286	FALSE	TRUE	FALSE	FALSE	FALSE	FALSE	uv_specific_instable
RvY_06381-1	1	uv	0.9285714285714286	0.07142857142857144	0.4285714285714286	FALSE	TRUE	FALSE	FALSE	FALSE	FALSE	uv_specific_instable
RvY_06404-1	1	uv	0.9285714285714286	0.07142857142857144	0.4285714285714286	FALSE	TRUE	FALSE	FALSE	FALSE	FALSE	uv_specific_instable
RvY_06452-1	1	uv	0.9285714285714286	0.07142857142857144	0.4285714285714286	FALSE	TRUE	FALSE	FALSE	FALSE	FALSE	uv_specific_instable
RvY_06480-1	1	uv	0.9285714285714286	0.07142857142857144	0.4285714285714286	FALSE	TRUE	FALSE	FALSE	FALSE	FALSE	uv_specific_instable
RvY_06577	1	uv	0.9285714285714286	0.07142857142857144	0.4285714285714286	FALSE	TRUE	FALSE	FALSE	FALSE	FALSE	uv_specific_instable
RvY_06582-1	1	uv	0.9285714285714286	0.07142857142857144	0.4285714285714286	FALSE	TRUE	FALSE	FALSE	FALSE	FALSE	uv_specific_instable
RvY_06609-1	1	uv	0.9285714285714286	0.07142857142857144	0.4285714285714286	FALSE	TRUE	FALSE	FALSE	FALSE	FALSE	uv_specific_instable
RvY_06610-1	1	uv	0.9285714285714286	0.07142857142857144	0.4285714285714286	FALSE	TRUE	FALSE	FALSE	FALSE	FALSE	uv_specific_instable
RvY_06639-1	1	uv	0.9285714285714286	0.07142857142857144	0.4285714285714286	FALSE	TRUE	FALSE	FALSE	FALSE	FALSE	uv_specific_instable
RvY_06664-1	1	uv	0.9285714285714286	0.07142857142857144	0.4285714285714286	FALSE	TRUE	FALSE	FALSE	FALSE	FALSE	uv_specific_instable
RvY_06672-1	1	uv	0.9285714285714286	0.07142857142857144	0.4285714285714286	FALSE	TRUE	FALSE	FALSE	FALSE	FALSE	uv_specific_instable
RvY_06840-1	1	uv	0.9285714285714286	0.07142857142857144	0.4285714285714286	FALSE	TRUE	FALSE	FALSE	FALSE	FALSE	uv_specific_instable
RvY_06883-1	1	uv	0.9285714285714286	0.07142857142857144	0.4285714285714286	FALSE	TRUE	FALSE	FALSE	FALSE	FALSE	uv_specific_instable
RvY_06977-1	1	uv	0.9285714285714286	0.07142857142857144	0.4285714285714286	FALSE	TRUE	FALSE	FALSE	FALSE	FALSE	uv_specific_instable
RvY_07014-1	1	uv	0.9285714285714286	0.07142857142857144	0.4285714285714286	FALSE	TRUE	FALSE	FALSE	FALSE	FALSE	uv_specific_instable
RvY_07017-1	1	uv	0.9285714285714286	0.07142857142857144	0.4285714285714286	FALSE	TRUE	FALSE	FALSE	FALSE	FALSE	uv_specific_instable
RvY_07064-1	1	uv	0.9285714285714286	0.07142857142857144	0.4285714285714286	FALSE	TRUE	FALSE	FALSE	FALSE	FALSE	uv_specific_instable
RvY_07172-1	1	uv	0.9285714285714286	0.07142857142857144	0.4285714285714286	FALSE	TRUE	FALSE	FALSE	FALSE	FALSE	uv_specific_instable
RvY_07174-1	1	uv	0.9285714285714286	0.07142857142857144	0.4285714285714286	FALSE	TRUE	FALSE	FALSE	FALSE	FALSE	uv_specific_instable
RvY_07231-1	1	uv	0.9285714285714286	0.07142857142857144	0.4285714285714286	FALSE	TRUE	FALSE	FALSE	FALSE	FALSE	uv_specific_instable
RvY_07252-1	1	uv	0.9285714285714286	0.07142857142857144	0.4285714285714286	FALSE	TRUE	FALSE	FALSE	FALSE	FALSE	uv_specific_instable
RvY_07279	1	uv	0.9285714285714286	0.07142857142857144	0.4285714285714286	FALSE	TRUE	FALSE	FALSE	FALSE	FALSE	uv_specific_instable
RvY_07301-1	1	uv	0.9285714285714286	0.07142857142857144	0.4285714285714286	FALSE	TRUE	FALSE	FALSE	FALSE	FALSE	uv_specific_instable
RvY_07326	1	uv	0.9285714285714286	0.07142857142857144	0.4285714285714286	FALSE	TRUE	FALSE	FALSE	FALSE	FALSE	uv_specific_instable
RvY_07340-1	1	uv	0.9285714285714286	0.07142857142857144	0.4285714285714286	FALSE	TRUE	FALSE	FALSE	FALSE	FALSE	uv_specific_instable
RvY_07367-1	1	uv	0.9285714285714286	0.07142857142857144	0.4285714285714286	FALSE	TRUE	FALSE	FALSE	FALSE	FALSE	uv_specific_instable
RvY_07370-1	1	uv	0.9285714285714286	0.07142857142857144	0.4285714285714286	FALSE	TRUE	FALSE	FALSE	FALSE	FALSE	uv_specific_instable
RvY_07447	1	uv	0.9285714285714286	0.07142857142857144	0.4285714285714286	FALSE	TRUE	FALSE	FALSE	FALSE	FALSE	uv_specific_instable
RvY_07456-1	1	uv	0.9285714285714286	0.07142857142857144	0.4285714285714286	FALSE	TRUE	FALSE	FALSE	FALSE	FALSE	uv_specific_instable
RvY_07513	1	uv	0.9285714285714286	0.07142857142857144	0.4285714285714286	FALSE	TRUE	FALSE	FALSE	FALSE	FALSE	uv_specific_instable
RvY_07602-1	1	uv	0.9285714285714286	0.07142857142857144	0.4285714285714286	FALSE	TRUE	FALSE	FALSE	FALSE	FALSE	uv_specific_instable
RvY_07627-1	1	uv	0.9285714285714286	0.07142857142857144	0.4285714285714286	FALSE	TRUE	FALSE	FALSE	FALSE	FALSE	uv_specific_instable
RvY_07631-1	1	uv	0.9285714285714286	0.07142857142857144	0.4285714285714286	FALSE	TRUE	FALSE	FALSE	FALSE	FALSE	uv_specific_instable
RvY_07701-1	1	uv	0.9285714285714286	0.07142857142857144	0.4285714285714286	FALSE	TRUE	FALSE	FALSE	FALSE	FALSE	uv_specific_instable
RvY_07726-1	1	uv	0.9285714285714286	0.07142857142857144	0.4285714285714286	FALSE	TRUE	FALSE	FALSE	FALSE	FALSE	uv_specific_instable
RvY_07752-1	1	uv	0.9285714285714286	0.07142857142857144	0.4285714285714286	FALSE	TRUE	FALSE	FALSE	FALSE	FALSE	uv_specific_instable
RvY_07810-1	1	uv	0.9285714285714286	0.07142857142857144	0.4285714285714286	FALSE	TRUE	FALSE	FALSE	FALSE	FALSE	uv_specific_instable
RvY_07833-1	1	uv	0.9285714285714286	0.07142857142857144	0.4285714285714286	FALSE	TRUE	FALSE	FALSE	FALSE	FALSE	uv_specific_instable
RvY_07860-1	1	uv	0.9285714285714286	0.07142857142857144	0.4285714285714286	FALSE	TRUE	FALSE	FALSE	FALSE	FALSE	uv_specific_instable
RvY_07864-1	1	uv	0.9285714285714286	0.07142857142857144	0.4285714285714286	FALSE	TRUE	FALSE	FALSE	FALSE	FALSE	uv_specific_instable
RvY_07955-1	1	uv	0.9285714285714286	0.07142857142857144	0.4285714285714286	FALSE	TRUE	FALSE	FALSE	FALSE	FALSE	uv_specific_instable
RvY_08061-1	1	uv	0.9285714285714286	0.07142857142857144	0.4285714285714286	FALSE	TRUE	FALSE	FALSE	FALSE	FALSE	uv_specific_instable
RvY_08093-1	1	uv	0.9285714285714286	0.07142857142857144	0.4285714285714286	FALSE	TRUE	FALSE	FALSE	FALSE	FALSE	uv_specific_instable
RvY_08107-1	1	uv	0.9285714285714286	0.07142857142857144	0.4285714285714286	FALSE	TRUE	FALSE	FALSE	FALSE	FALSE	uv_specific_instable
RvY_08139-1	1	uv	0.9285714285714286	0.07142857142857144	0.4285714285714286	FALSE	TRUE	FALSE	FALSE	FALSE	FALSE	uv_specific_instable
RvY_08148-1	1	uv	0.9285714285714286	0.07142857142857144	0.4285714285714286	FALSE	TRUE	FALSE	FALSE	FALSE	FALSE	uv_specific_instable
RvY_08157-1	1	uv	0.9285714285714286	0.07142857142857144	0.4285714285714286	FALSE	TRUE	FALSE	FALSE	FALSE	FALSE	uv_specific_instable
RvY_08181-1	1	uv	0.9285714285714286	0.07142857142857144	0.4285714285714286	FALSE	TRUE	FALSE	FALSE	FALSE	FALSE	uv_specific_instable
RvY_08230-1	1	uv	0.9285714285714286	0.07142857142857144	0.4285714285714286	FALSE	TRUE	FALSE	FALSE	FALSE	FALSE	uv_specific_instable
RvY_08269-1	1	uv	0.9285714285714286	0.07142857142857144	0.4285714285714286	FALSE	TRUE	FALSE	FALSE	FALSE	FALSE	uv_specific_instable
RvY_08295-1	1	uv	0.9285714285714286	0.07142857142857144	0.4285714285714286	FALSE	TRUE	FALSE	FALSE	FALSE	FALSE	uv_specific_instable
RvY_08320-1	1	uv	0.9285714285714286	0.07142857142857144	0.4285714285714286	FALSE	TRUE	FALSE	FALSE	FALSE	FALSE	uv_specific_instable
RvY_08321-1	1	uv	0.9285714285714286	0.07142857142857144	0.4285714285714286	FALSE	TRUE	FALSE	FALSE	FALSE	FALSE	uv_specific_instable
RvY_08459-1	1	uv	0.9285714285714286	0.07142857142857144	0.4285714285714286	FALSE	TRUE	FALSE	FALSE	FALSE	FALSE	uv_specific_instable
RvY_08463-1	1	uv	0.9285714285714286	0.07142857142857144	0.4285714285714286	FALSE	TRUE	FALSE	FALSE	FALSE	FALSE	uv_specific_instable
RvY_08600-1	1	uv	0.9285714285714286	0.07142857142857144	0.4285714285714286	FALSE	TRUE	FALSE	FALSE	FALSE	FALSE	uv_specific_instable
RvY_08731	1	uv	0.9285714285714286	0.07142857142857144	0.4285714285714286	FALSE	TRUE	FALSE	FALSE	FALSE	FALSE	uv_specific_instable
RvY_08769-1	1	uv	0.9285714285714286	0.07142857142857144	0.4285714285714286	FALSE	TRUE	FALSE	FALSE	FALSE	FALSE	uv_specific_instable
RvY_08798-1	1	uv	0.9285714285714286	0.07142857142857144	0.4285714285714286	FALSE	TRUE	FALSE	FALSE	FALSE	FALSE	uv_specific_instable
RvY_08853-1	1	uv	0.9285714285714286	0.07142857142857144	0.4285714285714286	FALSE	TRUE	FALSE	FALSE	FALSE	FALSE	uv_specific_instable
RvY_08883	1	uv	0.9285714285714286	0.07142857142857144	0.4285714285714286	FALSE	TRUE	FALSE	FALSE	FALSE	FALSE	uv_specific_instable
RvY_08937-1	1	uv	0.9285714285714286	0.07142857142857144	0.4285714285714286	FALSE	TRUE	FALSE	FALSE	FALSE	FALSE	uv_specific_instable
RvY_08968-1	1	uv	0.9285714285714286	0.07142857142857144	0.4285714285714286	FALSE	TRUE	FALSE	FALSE	FALSE	FALSE	uv_specific_instable
RvY_08969-1	1	uv	0.9285714285714286	0.07142857142857144	0.4285714285714286	FALSE	TRUE	FALSE	FALSE	FALSE	FALSE	uv_specific_instable
RvY_09017-1	1	uv	0.9285714285714286	0.07142857142857144	0.4285714285714286	FALSE	TRUE	FALSE	FALSE	FALSE	FALSE	uv_specific_instable
RvY_09033-1	1	uv	0.9285714285714286	0.07142857142857144	0.4285714285714286	FALSE	TRUE	FALSE	FALSE	FALSE	FALSE	uv_specific_instable
RvY_09046-1	1	uv	0.9285714285714286	0.07142857142857144	0.4285714285714286	FALSE	TRUE	FALSE	FALSE	FALSE	FALSE	uv_specific_instable
RvY_09093-1	1	uv	0.9285714285714286	0.07142857142857144	0.4285714285714286	FALSE	TRUE	FALSE	FALSE	FALSE	FALSE	uv_specific_instable
RvY_09105-1	1	uv	0.9285714285714286	0.07142857142857144	0.4285714285714286	FALSE	TRUE	FALSE	FALSE	FALSE	FALSE	uv_specific_instable
RvY_09264-1	1	uv	0.9285714285714286	0.07142857142857144	0.4285714285714286	FALSE	TRUE	FALSE	FALSE	FALSE	FALSE	uv_specific_instable
RvY_09355-1	1	uv	0.9285714285714286	0.07142857142857144	0.4285714285714286	FALSE	TRUE	FALSE	FALSE	FALSE	FALSE	uv_specific_instable
RvY_09356-1	1	uv	0.9285714285714286	0.07142857142857144	0.4285714285714286	FALSE	TRUE	FALSE	FALSE	FALSE	FALSE	uv_specific_instable
RvY_09424	1	uv	0.9285714285714286	0.07142857142857144	0.4285714285714286	FALSE	TRUE	FALSE	FALSE	FALSE	FALSE	uv_specific_instable
RvY_09429-1	1	uv	0.9285714285714286	0.07142857142857144	0.4285714285714286	FALSE	TRUE	FALSE	FALSE	FALSE	FALSE	uv_specific_instable
RvY_09454-1	1	uv	0.9285714285714286	0.07142857142857144	0.4285714285714286	FALSE	TRUE	FALSE	FALSE	FALSE	FALSE	uv_specific_instable
RvY_09472-1	1	uv	0.9285714285714286	0.07142857142857144	0.4285714285714286	FALSE	TRUE	FALSE	FALSE	FALSE	FALSE	uv_specific_instable
RvY_09518-1	1	uv	0.9285714285714286	0.07142857142857144	0.4285714285714286	FALSE	TRUE	FALSE	FALSE	FALSE	FALSE	uv_specific_instable
RvY_09559-1	1	uv	0.9285714285714286	0.07142857142857144	0.4285714285714286	FALSE	TRUE	FALSE	FALSE	FALSE	FALSE	uv_specific_instable
RvY_09585-1	1	uv	0.9285714285714286	0.07142857142857144	0.4285714285714286	FALSE	TRUE	FALSE	FALSE	FALSE	FALSE	uv_specific_instable
RvY_09603-1	1	uv	0.9285714285714286	0.07142857142857144	0.4285714285714286	FALSE	TRUE	FALSE	FALSE	FALSE	FALSE	uv_specific_instable
RvY_09606-1	1	uv	0.9285714285714286	0.07142857142857144	0.4285714285714286	FALSE	TRUE	FALSE	FALSE	FALSE	FALSE	uv_specific_instable
RvY_09611-1	1	uv	0.9285714285714286	0.07142857142857144	0.4285714285714286	FALSE	TRUE	FALSE	FALSE	FALSE	FALSE	uv_specific_instable
RvY_09625-1	1	uv	0.9285714285714286	0.07142857142857144	0.4285714285714286	FALSE	TRUE	FALSE	FALSE	FALSE	FALSE	uv_specific_instable
RvY_09760-1	1	uv	0.9285714285714286	0.07142857142857144	0.4285714285714286	FALSE	TRUE	FALSE	FALSE	FALSE	FALSE	uv_specific_instable
RvY_09801-1	1	uv	0.9285714285714286	0.07142857142857144	0.4285714285714286	FALSE	TRUE	FALSE	FALSE	FALSE	FALSE	uv_specific_instable
RvY_09849-1	1	uv	0.9285714285714286	0.07142857142857144	0.4285714285714286	FALSE	TRUE	FALSE	FALSE	FALSE	FALSE	uv_specific_instable
RvY_09862-1	1	uv	0.9285714285714286	0.07142857142857144	0.4285714285714286	FALSE	TRUE	FALSE	FALSE	FALSE	FALSE	uv_specific_instable
RvY_09881	1	uv	0.9285714285714286	0.07142857142857144	0.4285714285714286	FALSE	TRUE	FALSE	FALSE	FALSE	FALSE	uv_specific_instable
RvY_09916-1	1	uv	0.9285714285714286	0.07142857142857144	0.4285714285714286	FALSE	TRUE	FALSE	FALSE	FALSE	FALSE	uv_specific_instable
RvY_09924-1	1	uv	0.9285714285714286	0.07142857142857144	0.4285714285714286	FALSE	TRUE	FALSE	FALSE	FALSE	FALSE	uv_specific_instable
RvY_09974-1	1	uv	0.9285714285714286	0.07142857142857144	0.4285714285714286	FALSE	TRUE	FALSE	FALSE	FALSE	FALSE	uv_specific_instable
RvY_09981-1	1	uv	0.9285714285714286	0.07142857142857144	0.4285714285714286	FALSE	TRUE	FALSE	FALSE	FALSE	FALSE	uv_specific_instable
RvY_10046-1	1	uv	0.9285714285714286	0.07142857142857144	0.4285714285714286	FALSE	TRUE	FALSE	FALSE	FALSE	FALSE	uv_specific_instable
RvY_10079-1	1	uv	0.9285714285714286	0.07142857142857144	0.4285714285714286	FALSE	TRUE	FALSE	FALSE	FALSE	FALSE	uv_specific_instable
RvY_10080-1	1	uv	0.9285714285714286	0.07142857142857144	0.4285714285714286	FALSE	TRUE	FALSE	FALSE	FALSE	FALSE	uv_specific_instable
RvY_10135-1	1	uv	0.9285714285714286	0.07142857142857144	0.4285714285714286	FALSE	TRUE	FALSE	FALSE	FALSE	FALSE	uv_specific_instable
RvY_10192	1	uv	0.9285714285714286	0.07142857142857144	0.4285714285714286	FALSE	TRUE	FALSE	FALSE	FALSE	FALSE	uv_specific_instable
RvY_10202-1	1	uv	0.9285714285714286	0.07142857142857144	0.4285714285714286	FALSE	TRUE	FALSE	FALSE	FALSE	FALSE	uv_specific_instable
RvY_10261-1	1	uv	0.9285714285714286	0.07142857142857144	0.4285714285714286	FALSE	TRUE	FALSE	FALSE	FALSE	FALSE	uv_specific_instable
RvY_10290	1	uv	0.9285714285714286	0.07142857142857144	0.4285714285714286	FALSE	TRUE	FALSE	FALSE	FALSE	FALSE	uv_specific_instable
RvY_10354-1	1	uv	0.9285714285714286	0.07142857142857144	0.4285714285714286	FALSE	TRUE	FALSE	FALSE	FALSE	FALSE	uv_specific_instable
RvY_10377-1	1	uv	0.9285714285714286	0.07142857142857144	0.4285714285714286	FALSE	TRUE	FALSE	FALSE	FALSE	FALSE	uv_specific_instable
RvY_10412-1	1	uv	0.9285714285714286	0.07142857142857144	0.4285714285714286	FALSE	TRUE	FALSE	FALSE	FALSE	FALSE	uv_specific_instable
RvY_10431-1	1	uv	0.9285714285714286	0.07142857142857144	0.4285714285714286	FALSE	TRUE	FALSE	FALSE	FALSE	FALSE	uv_specific_instable
RvY_10438-1	1	uv	0.9285714285714286	0.07142857142857144	0.4285714285714286	FALSE	TRUE	FALSE	FALSE	FALSE	FALSE	uv_specific_instable
RvY_10444-1	1	uv	0.9285714285714286	0.07142857142857144	0.4285714285714286	FALSE	TRUE	FALSE	FALSE	FALSE	FALSE	uv_specific_instable
RvY_10484-1	1	uv	0.9285714285714286	0.07142857142857144	0.4285714285714286	FALSE	TRUE	FALSE	FALSE	FALSE	FALSE	uv_specific_instable
RvY_10611-1	1	uv	0.9285714285714286	0.07142857142857144	0.4285714285714286	FALSE	TRUE	FALSE	FALSE	FALSE	FALSE	uv_specific_instable
RvY_10673-1	1	uv	0.9285714285714286	0.07142857142857144	0.4285714285714286	FALSE	TRUE	FALSE	FALSE	FALSE	FALSE	uv_specific_instable
RvY_10676-1	1	uv	0.9285714285714286	0.07142857142857144	0.4285714285714286	FALSE	TRUE	FALSE	FALSE	FALSE	FALSE	uv_specific_instable
RvY_10702-1	1	uv	0.9285714285714286	0.07142857142857144	0.4285714285714286	FALSE	TRUE	FALSE	FALSE	FALSE	FALSE	uv_specific_instable
RvY_10708-1	1	uv	0.9285714285714286	0.07142857142857144	0.4285714285714286	FALSE	TRUE	FALSE	FALSE	FALSE	FALSE	uv_specific_instable
RvY_10810-1	1	uv	0.9285714285714286	0.07142857142857144	0.4285714285714286	FALSE	TRUE	FALSE	FALSE	FALSE	FALSE	uv_specific_instable
RvY_10816-1	1	uv	0.9285714285714286	0.07142857142857144	0.4285714285714286	FALSE	TRUE	FALSE	FALSE	FALSE	FALSE	uv_specific_instable
RvY_10820	1	uv	0.9285714285714286	0.07142857142857144	0.4285714285714286	FALSE	TRUE	FALSE	FALSE	FALSE	FALSE	uv_specific_instable
RvY_10825-1	1	uv	0.9285714285714286	0.07142857142857144	0.4285714285714286	FALSE	TRUE	FALSE	FALSE	FALSE	FALSE	uv_specific_instable
RvY_10838-1	1	uv	0.9285714285714286	0.07142857142857144	0.4285714285714286	FALSE	TRUE	FALSE	FALSE	FALSE	FALSE	uv_specific_instable
RvY_10887-1	1	uv	0.9285714285714286	0.07142857142857144	0.4285714285714286	FALSE	TRUE	FALSE	FALSE	FALSE	FALSE	uv_specific_instable
RvY_10944-1	1	uv	0.9285714285714286	0.07142857142857144	0.4285714285714286	FALSE	TRUE	FALSE	FALSE	FALSE	FALSE	uv_specific_instable
RvY_10995-1	1	uv	0.9285714285714286	0.07142857142857144	0.4285714285714286	FALSE	TRUE	FALSE	FALSE	FALSE	FALSE	uv_specific_instable
RvY_11028-1	1	uv	0.9285714285714286	0.07142857142857144	0.4285714285714286	FALSE	TRUE	FALSE	FALSE	FALSE	FALSE	uv_specific_instable
RvY_11069-1	1	uv	0.9285714285714286	0.07142857142857144	0.4285714285714286	FALSE	TRUE	FALSE	FALSE	FALSE	FALSE	uv_specific_instable
RvY_11080-1	1	uv	0.9285714285714286	0.07142857142857144	0.4285714285714286	FALSE	TRUE	FALSE	FALSE	FALSE	FALSE	uv_specific_instable
RvY_11116-1	1	uv	0.9285714285714286	0.07142857142857144	0.4285714285714286	FALSE	TRUE	FALSE	FALSE	FALSE	FALSE	uv_specific_instable
RvY_11117-1	1	uv	0.9285714285714286	0.07142857142857144	0.4285714285714286	FALSE	TRUE	FALSE	FALSE	FALSE	FALSE	uv_specific_instable
RvY_11155-1	1	uv	0.9285714285714286	0.07142857142857144	0.4285714285714286	FALSE	TRUE	FALSE	FALSE	FALSE	FALSE	uv_specific_instable
RvY_11161	1	uv	0.9285714285714286	0.07142857142857144	0.4285714285714286	FALSE	TRUE	FALSE	FALSE	FALSE	FALSE	uv_specific_instable
RvY_11169-1	1	uv	0.9285714285714286	0.07142857142857144	0.4285714285714286	FALSE	TRUE	FALSE	FALSE	FALSE	FALSE	uv_specific_instable
RvY_11264-1	1	uv	0.9285714285714286	0.07142857142857144	0.4285714285714286	FALSE	TRUE	FALSE	FALSE	FALSE	FALSE	uv_specific_instable
RvY_11292-1	1	uv	0.9285714285714286	0.07142857142857144	0.4285714285714286	FALSE	TRUE	FALSE	FALSE	FALSE	FALSE	uv_specific_instable
RvY_11320	1	uv	0.9285714285714286	0.07142857142857144	0.4285714285714286	FALSE	TRUE	FALSE	FALSE	FALSE	FALSE	uv_specific_instable
RvY_11327-1	1	uv	0.9285714285714286	0.07142857142857144	0.4285714285714286	FALSE	TRUE	FALSE	FALSE	FALSE	FALSE	uv_specific_instable
RvY_11334-1	1	uv	0.9285714285714286	0.07142857142857144	0.4285714285714286	FALSE	TRUE	FALSE	FALSE	FALSE	FALSE	uv_specific_instable
RvY_11369	1	uv	0.9285714285714286	0.07142857142857144	0.4285714285714286	FALSE	TRUE	FALSE	FALSE	FALSE	FALSE	uv_specific_instable
RvY_11382-1	1	uv	0.9285714285714286	0.07142857142857144	0.4285714285714286	FALSE	TRUE	FALSE	FALSE	FALSE	FALSE	uv_specific_instable
RvY_11441-1	1	uv	0.9285714285714286	0.07142857142857144	0.4285714285714286	FALSE	TRUE	FALSE	FALSE	FALSE	FALSE	uv_specific_instable
RvY_11515-1	1	uv	0.9285714285714286	0.07142857142857144	0.4285714285714286	FALSE	TRUE	FALSE	FALSE	FALSE	FALSE	uv_specific_instable
RvY_11518	1	uv	0.9285714285714286	0.07142857142857144	0.4285714285714286	FALSE	TRUE	FALSE	FALSE	FALSE	FALSE	uv_specific_instable
RvY_11555-1	1	uv	0.9285714285714286	0.07142857142857144	0.4285714285714286	FALSE	TRUE	FALSE	FALSE	FALSE	FALSE	uv_specific_instable
RvY_11582	1	uv	0.9285714285714286	0.07142857142857144	0.4285714285714286	FALSE	TRUE	FALSE	FALSE	FALSE	FALSE	uv_specific_instable
RvY_11594	1	uv	0.9285714285714286	0.07142857142857144	0.4285714285714286	FALSE	TRUE	FALSE	FALSE	FALSE	FALSE	uv_specific_instable
RvY_11640-1	1	uv	0.9285714285714286	0.07142857142857144	0.4285714285714286	FALSE	TRUE	FALSE	FALSE	FALSE	FALSE	uv_specific_instable
RvY_11789-1	1	uv	0.9285714285714286	0.07142857142857144	0.4285714285714286	FALSE	TRUE	FALSE	FALSE	FALSE	FALSE	uv_specific_instable
RvY_11808-1	1	uv	0.9285714285714286	0.07142857142857144	0.4285714285714286	FALSE	TRUE	FALSE	FALSE	FALSE	FALSE	uv_specific_instable
RvY_11821-1	1	uv	0.9285714285714286	0.07142857142857144	0.4285714285714286	FALSE	TRUE	FALSE	FALSE	FALSE	FALSE	uv_specific_instable
RvY_11855-1	1	uv	0.9285714285714286	0.07142857142857144	0.4285714285714286	FALSE	TRUE	FALSE	FALSE	FALSE	FALSE	uv_specific_instable
RvY_11918-1	1	uv	0.9285714285714286	0.07142857142857144	0.4285714285714286	FALSE	TRUE	FALSE	FALSE	FALSE	FALSE	uv_specific_instable
RvY_11982-1	1	uv	0.9285714285714286	0.07142857142857144	0.4285714285714286	FALSE	TRUE	FALSE	FALSE	FALSE	FALSE	uv_specific_instable
RvY_12076-1	1	uv	0.9285714285714286	0.07142857142857144	0.4285714285714286	FALSE	TRUE	FALSE	FALSE	FALSE	FALSE	uv_specific_instable
RvY_12101-1	1	uv	0.9285714285714286	0.07142857142857144	0.4285714285714286	FALSE	TRUE	FALSE	FALSE	FALSE	FALSE	uv_specific_instable
RvY_12210-1	1	uv	0.9285714285714286	0.07142857142857144	0.4285714285714286	FALSE	TRUE	FALSE	FALSE	FALSE	FALSE	uv_specific_instable
RvY_12259-1	1	uv	0.9285714285714286	0.07142857142857144	0.4285714285714286	FALSE	TRUE	FALSE	FALSE	FALSE	FALSE	uv_specific_instable
RvY_12320-1	1	uv	0.9285714285714286	0.07142857142857144	0.4285714285714286	FALSE	TRUE	FALSE	FALSE	FALSE	FALSE	uv_specific_instable
RvY_12356-1	1	uv	0.9285714285714286	0.07142857142857144	0.4285714285714286	FALSE	TRUE	FALSE	FALSE	FALSE	FALSE	uv_specific_instable
RvY_12422-1	1	uv	0.9285714285714286	0.07142857142857144	0.4285714285714286	FALSE	TRUE	FALSE	FALSE	FALSE	FALSE	uv_specific_instable
RvY_12423-1	1	uv	0.9285714285714286	0.07142857142857144	0.4285714285714286	FALSE	TRUE	FALSE	FALSE	FALSE	FALSE	uv_specific_instable
RvY_12451-1	1	uv	0.9285714285714286	0.07142857142857144	0.4285714285714286	FALSE	TRUE	FALSE	FALSE	FALSE	FALSE	uv_specific_instable
RvY_12501-1	1	uv	0.9285714285714286	0.07142857142857144	0.4285714285714286	FALSE	TRUE	FALSE	FALSE	FALSE	FALSE	uv_specific_instable
RvY_12528-1	1	uv	0.9285714285714286	0.07142857142857144	0.4285714285714286	FALSE	TRUE	FALSE	FALSE	FALSE	FALSE	uv_specific_instable
RvY_12549-1	1	uv	0.9285714285714286	0.07142857142857144	0.4285714285714286	FALSE	TRUE	FALSE	FALSE	FALSE	FALSE	uv_specific_instable
RvY_12587-1	1	uv	0.9285714285714286	0.07142857142857144	0.4285714285714286	FALSE	TRUE	FALSE	FALSE	FALSE	FALSE	uv_specific_instable
RvY_12626	1	uv	0.9285714285714286	0.07142857142857144	0.4285714285714286	FALSE	TRUE	FALSE	FALSE	FALSE	FALSE	uv_specific_instable
RvY_12628-1	1	uv	0.9285714285714286	0.07142857142857144	0.4285714285714286	FALSE	TRUE	FALSE	FALSE	FALSE	FALSE	uv_specific_instable
RvY_12658-1	1	uv	0.9285714285714286	0.07142857142857144	0.4285714285714286	FALSE	TRUE	FALSE	FALSE	FALSE	FALSE	uv_specific_instable
RvY_12672-1	1	uv	0.9285714285714286	0.07142857142857144	0.4285714285714286	FALSE	TRUE	FALSE	FALSE	FALSE	FALSE	uv_specific_instable
RvY_12678-1	1	uv	0.9285714285714286	0.07142857142857144	0.4285714285714286	FALSE	TRUE	FALSE	FALSE	FALSE	FALSE	uv_specific_instable
RvY_12692-1	1	uv	0.9285714285714286	0.07142857142857144	0.4285714285714286	FALSE	TRUE	FALSE	FALSE	FALSE	FALSE	uv_specific_instable
RvY_12707-1	1	uv	0.9285714285714286	0.07142857142857144	0.4285714285714286	FALSE	TRUE	FALSE	FALSE	FALSE	FALSE	uv_specific_instable
RvY_12719-1	1	uv	0.9285714285714286	0.07142857142857144	0.4285714285714286	FALSE	TRUE	FALSE	FALSE	FALSE	FALSE	uv_specific_instable
RvY_12776-1	1	uv	0.9285714285714286	0.07142857142857144	0.4285714285714286	FALSE	TRUE	FALSE	FALSE	FALSE	FALSE	uv_specific_instable
RvY_12845-1	1	uv	0.9285714285714286	0.07142857142857144	0.4285714285714286	FALSE	TRUE	FALSE	FALSE	FALSE	FALSE	uv_specific_instable
RvY_12882-1	1	uv	0.9285714285714286	0.07142857142857144	0.4285714285714286	FALSE	TRUE	FALSE	FALSE	FALSE	FALSE	uv_specific_instable
RvY_12947-1	1	uv	0.9285714285714286	0.07142857142857144	0.4285714285714286	FALSE	TRUE	FALSE	FALSE	FALSE	FALSE	uv_specific_instable
RvY_12965-1	1	uv	0.9285714285714286	0.07142857142857144	0.4285714285714286	FALSE	TRUE	FALSE	FALSE	FALSE	FALSE	uv_specific_instable
RvY_13007-1	1	uv	0.9285714285714286	0.07142857142857144	0.4285714285714286	FALSE	TRUE	FALSE	FALSE	FALSE	FALSE	uv_specific_instable
RvY_13039-1	1	uv	0.9285714285714286	0.07142857142857144	0.4285714285714286	FALSE	TRUE	FALSE	FALSE	FALSE	FALSE	uv_specific_instable
RvY_13052-1	1	uv	0.9285714285714286	0.07142857142857144	0.4285714285714286	FALSE	TRUE	FALSE	FALSE	FALSE	FALSE	uv_specific_instable
RvY_13103-1	1	uv	0.9285714285714286	0.07142857142857144	0.4285714285714286	FALSE	TRUE	FALSE	FALSE	FALSE	FALSE	uv_specific_instable
RvY_13109-1	1	uv	0.9285714285714286	0.07142857142857144	0.4285714285714286	FALSE	TRUE	FALSE	FALSE	FALSE	FALSE	uv_specific_instable
RvY_13140-1	1	uv	0.9285714285714286	0.07142857142857144	0.4285714285714286	FALSE	TRUE	FALSE	FALSE	FALSE	FALSE	uv_specific_instable
RvY_13196-1	1	uv	0.9285714285714286	0.07142857142857144	0.4285714285714286	FALSE	TRUE	FALSE	FALSE	FALSE	FALSE	uv_specific_instable
RvY_13352-1	1	uv	0.9285714285714286	0.07142857142857144	0.4285714285714286	FALSE	TRUE	FALSE	FALSE	FALSE	FALSE	uv_specific_instable
RvY_13359-1	1	uv	0.9285714285714286	0.07142857142857144	0.4285714285714286	FALSE	TRUE	FALSE	FALSE	FALSE	FALSE	uv_specific_instable
RvY_13464	1	uv	0.9285714285714286	0.07142857142857144	0.4285714285714286	FALSE	TRUE	FALSE	FALSE	FALSE	FALSE	uv_specific_instable
RvY_13535-1	1	uv	0.9285714285714286	0.07142857142857144	0.4285714285714286	FALSE	TRUE	FALSE	FALSE	FALSE	FALSE	uv_specific_instable
RvY_13670-1	1	uv	0.9285714285714286	0.07142857142857144	0.4285714285714286	FALSE	TRUE	FALSE	FALSE	FALSE	FALSE	uv_specific_instable
RvY_13693-1	1	uv	0.9285714285714286	0.07142857142857144	0.4285714285714286	FALSE	TRUE	FALSE	FALSE	FALSE	FALSE	uv_specific_instable
RvY_13707-1	1	uv	0.9285714285714286	0.07142857142857144	0.4285714285714286	FALSE	TRUE	FALSE	FALSE	FALSE	FALSE	uv_specific_instable
RvY_13713-1	1	uv	0.9285714285714286	0.07142857142857144	0.4285714285714286	FALSE	TRUE	FALSE	FALSE	FALSE	FALSE	uv_specific_instable
RvY_13721-1	1	uv	0.9285714285714286	0.07142857142857144	0.4285714285714286	FALSE	TRUE	FALSE	FALSE	FALSE	FALSE	uv_specific_instable
RvY_13768-1	1	uv	0.9285714285714286	0.07142857142857144	0.4285714285714286	FALSE	TRUE	FALSE	FALSE	FALSE	FALSE	uv_specific_instable
RvY_13794-1	1	uv	0.9285714285714286	0.07142857142857144	0.4285714285714286	FALSE	TRUE	FALSE	FALSE	FALSE	FALSE	uv_specific_instable
RvY_13896	1	uv	0.9285714285714286	0.07142857142857144	0.4285714285714286	FALSE	TRUE	FALSE	FALSE	FALSE	FALSE	uv_specific_instable
RvY_13984-1	1	uv	0.9285714285714286	0.07142857142857144	0.4285714285714286	FALSE	TRUE	FALSE	FALSE	FALSE	FALSE	uv_specific_instable
RvY_13996-1	1	uv	0.9285714285714286	0.07142857142857144	0.4285714285714286	FALSE	TRUE	FALSE	FALSE	FALSE	FALSE	uv_specific_instable
RvY_13997-1	1	uv	0.9285714285714286	0.07142857142857144	0.4285714285714286	FALSE	TRUE	FALSE	FALSE	FALSE	FALSE	uv_specific_instable
RvY_14055-1	1	uv	0.9285714285714286	0.07142857142857144	0.4285714285714286	FALSE	TRUE	FALSE	FALSE	FALSE	FALSE	uv_specific_instable
RvY_14071-1	1	uv	0.9285714285714286	0.07142857142857144	0.4285714285714286	FALSE	TRUE	FALSE	FALSE	FALSE	FALSE	uv_specific_instable
RvY_14076-1	1	uv	0.9285714285714286	0.07142857142857144	0.4285714285714286	FALSE	TRUE	FALSE	FALSE	FALSE	FALSE	uv_specific_instable
RvY_14117	1	uv	0.9285714285714286	0.07142857142857144	0.4285714285714286	FALSE	TRUE	FALSE	FALSE	FALSE	FALSE	uv_specific_instable
RvY_14174-1	1	uv	0.9285714285714286	0.07142857142857144	0.4285714285714286	FALSE	TRUE	FALSE	FALSE	FALSE	FALSE	uv_specific_instable
RvY_14212-1	1	uv	0.9285714285714286	0.07142857142857144	0.4285714285714286	FALSE	TRUE	FALSE	FALSE	FALSE	FALSE	uv_specific_instable
RvY_14290-1	1	uv	0.9285714285714286	0.07142857142857144	0.4285714285714286	FALSE	TRUE	FALSE	FALSE	FALSE	FALSE	uv_specific_instable
RvY_14310-1	1	uv	0.9285714285714286	0.07142857142857144	0.4285714285714286	FALSE	TRUE	FALSE	FALSE	FALSE	FALSE	uv_specific_instable
RvY_14322-1	1	uv	0.9285714285714286	0.07142857142857144	0.4285714285714286	FALSE	TRUE	FALSE	FALSE	FALSE	FALSE	uv_specific_instable
RvY_14347-1	1	uv	0.9285714285714286	0.07142857142857144	0.4285714285714286	FALSE	TRUE	FALSE	FALSE	FALSE	FALSE	uv_specific_instable
RvY_14356-1	1	uv	0.9285714285714286	0.07142857142857144	0.4285714285714286	FALSE	TRUE	FALSE	FALSE	FALSE	FALSE	uv_specific_instable
RvY_14413	1	uv	0.9285714285714286	0.07142857142857144	0.4285714285714286	FALSE	TRUE	FALSE	FALSE	FALSE	FALSE	uv_specific_instable
RvY_14465-1	1	uv	0.9285714285714286	0.07142857142857144	0.4285714285714286	FALSE	TRUE	FALSE	FALSE	FALSE	FALSE	uv_specific_instable
RvY_14512-1	1	uv	0.9285714285714286	0.07142857142857144	0.4285714285714286	FALSE	TRUE	FALSE	FALSE	FALSE	FALSE	uv_specific_instable
RvY_14560	1	uv	0.9285714285714286	0.07142857142857144	0.4285714285714286	FALSE	TRUE	FALSE	FALSE	FALSE	FALSE	uv_specific_instable
RvY_14564-1	1	uv	0.9285714285714286	0.07142857142857144	0.4285714285714286	FALSE	TRUE	FALSE	FALSE	FALSE	FALSE	uv_specific_instable
RvY_14600-1	1	uv	0.9285714285714286	0.07142857142857144	0.4285714285714286	FALSE	TRUE	FALSE	FALSE	FALSE	FALSE	uv_specific_instable
RvY_14626-1	1	uv	0.9285714285714286	0.07142857142857144	0.4285714285714286	FALSE	TRUE	FALSE	FALSE	FALSE	FALSE	uv_specific_instable
RvY_14637-1	1	uv	0.9285714285714286	0.07142857142857144	0.4285714285714286	FALSE	TRUE	FALSE	FALSE	FALSE	FALSE	uv_specific_instable
RvY_14672-1	1	uv	0.9285714285714286	0.07142857142857144	0.4285714285714286	FALSE	TRUE	FALSE	FALSE	FALSE	FALSE	uv_specific_instable
RvY_14838	1	uv	0.9285714285714286	0.07142857142857144	0.4285714285714286	FALSE	TRUE	FALSE	FALSE	FALSE	FALSE	uv_specific_instable
RvY_14860-1	1	uv	0.9285714285714286	0.07142857142857144	0.4285714285714286	FALSE	TRUE	FALSE	FALSE	FALSE	FALSE	uv_specific_instable
RvY_14994	1	uv	0.9285714285714286	0.07142857142857144	0.4285714285714286	FALSE	TRUE	FALSE	FALSE	FALSE	FALSE	uv_specific_instable
RvY_15020	1	uv	0.9285714285714286	0.07142857142857144	0.4285714285714286	FALSE	TRUE	FALSE	FALSE	FALSE	FALSE	uv_specific_instable
RvY_15113-1	1	uv	0.9285714285714286	0.07142857142857144	0.4285714285714286	FALSE	TRUE	FALSE	FALSE	FALSE	FALSE	uv_specific_instable
RvY_15263-1	1	uv	0.9285714285714286	0.07142857142857144	0.4285714285714286	FALSE	TRUE	FALSE	FALSE	FALSE	FALSE	uv_specific_instable
RvY_15324-1	1	uv	0.9285714285714286	0.07142857142857144	0.4285714285714286	FALSE	TRUE	FALSE	FALSE	FALSE	FALSE	uv_specific_instable
RvY_15399-1	1	uv	0.9285714285714286	0.07142857142857144	0.4285714285714286	FALSE	TRUE	FALSE	FALSE	FALSE	FALSE	uv_specific_instable
RvY_15423	1	uv	0.9285714285714286	0.07142857142857144	0.4285714285714286	FALSE	TRUE	FALSE	FALSE	FALSE	FALSE	uv_specific_instable
RvY_15462-1	1	uv	0.9285714285714286	0.07142857142857144	0.4285714285714286	FALSE	TRUE	FALSE	FALSE	FALSE	FALSE	uv_specific_instable
RvY_15466-1	1	uv	0.9285714285714286	0.07142857142857144	0.4285714285714286	FALSE	TRUE	FALSE	FALSE	FALSE	FALSE	uv_specific_instable
RvY_15472-1	1	uv	0.9285714285714286	0.07142857142857144	0.4285714285714286	FALSE	TRUE	FALSE	FALSE	FALSE	FALSE	uv_specific_instable
RvY_15523	1	uv	0.9285714285714286	0.07142857142857144	0.4285714285714286	FALSE	TRUE	FALSE	FALSE	FALSE	FALSE	uv_specific_instable
RvY_15589-1	1	uv	0.9285714285714286	0.07142857142857144	0.4285714285714286	FALSE	TRUE	FALSE	FALSE	FALSE	FALSE	uv_specific_instable
RvY_15625	1	uv	0.9285714285714286	0.07142857142857144	0.4285714285714286	FALSE	TRUE	FALSE	FALSE	FALSE	FALSE	uv_specific_instable
RvY_15653-1	1	uv	0.9285714285714286	0.07142857142857144	0.4285714285714286	FALSE	TRUE	FALSE	FALSE	FALSE	FALSE	uv_specific_instable
RvY_15663-1	1	uv	0.9285714285714286	0.07142857142857144	0.4285714285714286	FALSE	TRUE	FALSE	FALSE	FALSE	FALSE	uv_specific_instable
RvY_15671-1	1	uv	0.9285714285714286	0.07142857142857144	0.4285714285714286	FALSE	TRUE	FALSE	FALSE	FALSE	FALSE	uv_specific_instable
RvY_15718-1	1	uv	0.9285714285714286	0.07142857142857144	0.4285714285714286	FALSE	TRUE	FALSE	FALSE	FALSE	FALSE	uv_specific_instable
RvY_15762-1	1	uv	0.9285714285714286	0.07142857142857144	0.4285714285714286	FALSE	TRUE	FALSE	FALSE	FALSE	FALSE	uv_specific_instable
RvY_15779-1	1	uv	0.9285714285714286	0.07142857142857144	0.4285714285714286	FALSE	TRUE	FALSE	FALSE	FALSE	FALSE	uv_specific_instable
RvY_15802-1	1	uv	0.9285714285714286	0.07142857142857144	0.4285714285714286	FALSE	TRUE	FALSE	FALSE	FALSE	FALSE	uv_specific_instable
RvY_15842-1	1	uv	0.9285714285714286	0.07142857142857144	0.4285714285714286	FALSE	TRUE	FALSE	FALSE	FALSE	FALSE	uv_specific_instable
RvY_15851-1	1	uv	0.9285714285714286	0.07142857142857144	0.4285714285714286	FALSE	TRUE	FALSE	FALSE	FALSE	FALSE	uv_specific_instable
RvY_15878-1	1	uv	0.9285714285714286	0.07142857142857144	0.4285714285714286	FALSE	TRUE	FALSE	FALSE	FALSE	FALSE	uv_specific_instable
RvY_15929-1	1	uv	0.9285714285714286	0.07142857142857144	0.4285714285714286	FALSE	TRUE	FALSE	FALSE	FALSE	FALSE	uv_specific_instable
RvY_15932-1	1	uv	0.9285714285714286	0.07142857142857144	0.4285714285714286	FALSE	TRUE	FALSE	FALSE	FALSE	FALSE	uv_specific_instable
RvY_15957-1	1	uv	0.9285714285714286	0.07142857142857144	0.4285714285714286	FALSE	TRUE	FALSE	FALSE	FALSE	FALSE	uv_specific_instable
RvY_16024	1	uv	0.9285714285714286	0.07142857142857144	0.4285714285714286	FALSE	TRUE	FALSE	FALSE	FALSE	FALSE	uv_specific_instable
RvY_16050-1	1	uv	0.9285714285714286	0.07142857142857144	0.4285714285714286	FALSE	TRUE	FALSE	FALSE	FALSE	FALSE	uv_specific_instable
RvY_16062	1	uv	0.9285714285714286	0.07142857142857144	0.4285714285714286	FALSE	TRUE	FALSE	FALSE	FALSE	FALSE	uv_specific_instable
RvY_16090-1	1	uv	0.9285714285714286	0.07142857142857144	0.4285714285714286	FALSE	TRUE	FALSE	FALSE	FALSE	FALSE	uv_specific_instable
RvY_16184-1	1	uv	0.9285714285714286	0.07142857142857144	0.4285714285714286	FALSE	TRUE	FALSE	FALSE	FALSE	FALSE	uv_specific_instable
RvY_16251-1	1	uv	0.9285714285714286	0.07142857142857144	0.4285714285714286	FALSE	TRUE	FALSE	FALSE	FALSE	FALSE	uv_specific_instable
RvY_16261-1	1	uv	0.9285714285714286	0.07142857142857144	0.4285714285714286	FALSE	TRUE	FALSE	FALSE	FALSE	FALSE	uv_specific_instable
RvY_16270-1	1	uv	0.9285714285714286	0.07142857142857144	0.4285714285714286	FALSE	TRUE	FALSE	FALSE	FALSE	FALSE	uv_specific_instable
RvY_16306-1	1	uv	0.9285714285714286	0.07142857142857144	0.4285714285714286	FALSE	TRUE	FALSE	FALSE	FALSE	FALSE	uv_specific_instable
RvY_16320-1	1	uv	0.9285714285714286	0.07142857142857144	0.4285714285714286	FALSE	TRUE	FALSE	FALSE	FALSE	FALSE	uv_specific_instable
RvY_16386-1	1	uv	0.9285714285714286	0.07142857142857144	0.4285714285714286	FALSE	TRUE	FALSE	FALSE	FALSE	FALSE	uv_specific_instable
RvY_16405	1	uv	0.9285714285714286	0.07142857142857144	0.4285714285714286	FALSE	TRUE	FALSE	FALSE	FALSE	FALSE	uv_specific_instable
RvY_16406	1	uv	0.9285714285714286	0.07142857142857144	0.4285714285714286	FALSE	TRUE	FALSE	FALSE	FALSE	FALSE	uv_specific_instable
RvY_16538-1	1	uv	0.9285714285714286	0.07142857142857144	0.4285714285714286	FALSE	TRUE	FALSE	FALSE	FALSE	FALSE	uv_specific_instable
RvY_16703-1	1	uv	0.9285714285714286	0.07142857142857144	0.4285714285714286	FALSE	TRUE	FALSE	FALSE	FALSE	FALSE	uv_specific_instable
RvY_16706-1	1	uv	0.9285714285714286	0.07142857142857144	0.4285714285714286	FALSE	TRUE	FALSE	FALSE	FALSE	FALSE	uv_specific_instable
RvY_16725-1	1	uv	0.9285714285714286	0.07142857142857144	0.4285714285714286	FALSE	TRUE	FALSE	FALSE	FALSE	FALSE	uv_specific_instable
RvY_16733-1	1	uv	0.9285714285714286	0.07142857142857144	0.4285714285714286	FALSE	TRUE	FALSE	FALSE	FALSE	FALSE	uv_specific_instable
RvY_16859-1	1	uv	0.9285714285714286	0.07142857142857144	0.4285714285714286	FALSE	TRUE	FALSE	FALSE	FALSE	FALSE	uv_specific_instable
RvY_16881	1	uv	0.9285714285714286	0.07142857142857144	0.4285714285714286	FALSE	TRUE	FALSE	FALSE	FALSE	FALSE	uv_specific_instable
RvY_16902-1	1	uv	0.9285714285714286	0.07142857142857144	0.4285714285714286	FALSE	TRUE	FALSE	FALSE	FALSE	FALSE	uv_specific_instable
RvY_16911	1	uv	0.9285714285714286	0.07142857142857144	0.4285714285714286	FALSE	TRUE	FALSE	FALSE	FALSE	FALSE	uv_specific_instable
RvY_16939-1	1	uv	0.9285714285714286	0.07142857142857144	0.4285714285714286	FALSE	TRUE	FALSE	FALSE	FALSE	FALSE	uv_specific_instable
RvY_16972-1	1	uv	0.9285714285714286	0.07142857142857144	0.4285714285714286	FALSE	TRUE	FALSE	FALSE	FALSE	FALSE	uv_specific_instable
RvY_16993-1	1	uv	0.9285714285714286	0.07142857142857144	0.4285714285714286	FALSE	TRUE	FALSE	FALSE	FALSE	FALSE	uv_specific_instable
RvY_17005-1	1	uv	0.9285714285714286	0.07142857142857144	0.4285714285714286	FALSE	TRUE	FALSE	FALSE	FALSE	FALSE	uv_specific_instable
RvY_17024-1	1	uv	0.9285714285714286	0.07142857142857144	0.4285714285714286	FALSE	TRUE	FALSE	FALSE	FALSE	FALSE	uv_specific_instable
RvY_17034-1	1	uv	0.9285714285714286	0.07142857142857144	0.4285714285714286	FALSE	TRUE	FALSE	FALSE	FALSE	FALSE	uv_specific_instable
RvY_17076-1	1	uv	0.9285714285714286	0.07142857142857144	0.4285714285714286	FALSE	TRUE	FALSE	FALSE	FALSE	FALSE	uv_specific_instable
RvY_17110-1	1	uv	0.9285714285714286	0.07142857142857144	0.4285714285714286	FALSE	TRUE	FALSE	FALSE	FALSE	FALSE	uv_specific_instable
RvY_17179-1	1	uv	0.9285714285714286	0.07142857142857144	0.4285714285714286	FALSE	TRUE	FALSE	FALSE	FALSE	FALSE	uv_specific_instable
RvY_17195-1	1	uv	0.9285714285714286	0.07142857142857144	0.4285714285714286	FALSE	TRUE	FALSE	FALSE	FALSE	FALSE	uv_specific_instable
RvY_17223-1	1	uv	0.9285714285714286	0.07142857142857144	0.4285714285714286	FALSE	TRUE	FALSE	FALSE	FALSE	FALSE	uv_specific_instable
RvY_17247-1	1	uv	0.9285714285714286	0.07142857142857144	0.4285714285714286	FALSE	TRUE	FALSE	FALSE	FALSE	FALSE	uv_specific_instable
RvY_17326	1	uv	0.9285714285714286	0.07142857142857144	0.4285714285714286	FALSE	TRUE	FALSE	FALSE	FALSE	FALSE	uv_specific_instable
RvY_17335-1	1	uv	0.9285714285714286	0.07142857142857144	0.4285714285714286	FALSE	TRUE	FALSE	FALSE	FALSE	FALSE	uv_specific_instable
RvY_17337-1	1	uv	0.9285714285714286	0.07142857142857144	0.4285714285714286	FALSE	TRUE	FALSE	FALSE	FALSE	FALSE	uv_specific_instable
RvY_17405-1	1	uv	0.9285714285714286	0.07142857142857144	0.4285714285714286	FALSE	TRUE	FALSE	FALSE	FALSE	FALSE	uv_specific_instable
RvY_17468-1	1	uv	0.9285714285714286	0.07142857142857144	0.4285714285714286	FALSE	TRUE	FALSE	FALSE	FALSE	FALSE	uv_specific_instable
RvY_17470-1	1	uv	0.9285714285714286	0.07142857142857144	0.4285714285714286	FALSE	TRUE	FALSE	FALSE	FALSE	FALSE	uv_specific_instable
RvY_17498-1	1	uv	0.9285714285714286	0.07142857142857144	0.4285714285714286	FALSE	TRUE	FALSE	FALSE	FALSE	FALSE	uv_specific_instable
RvY_17502-1	1	uv	0.9285714285714286	0.07142857142857144	0.4285714285714286	FALSE	TRUE	FALSE	FALSE	FALSE	FALSE	uv_specific_instable
RvY_17511-1	1	uv	0.9285714285714286	0.07142857142857144	0.4285714285714286	FALSE	TRUE	FALSE	FALSE	FALSE	FALSE	uv_specific_instable
RvY_17646	1	uv	0.9285714285714286	0.07142857142857144	0.4285714285714286	FALSE	TRUE	FALSE	FALSE	FALSE	FALSE	uv_specific_instable
RvY_17705-1	1	uv	0.9285714285714286	0.07142857142857144	0.4285714285714286	FALSE	TRUE	FALSE	FALSE	FALSE	FALSE	uv_specific_instable
RvY_17816	1	uv	0.9285714285714286	0.07142857142857144	0.4285714285714286	FALSE	TRUE	FALSE	FALSE	FALSE	FALSE	uv_specific_instable
RvY_17859	1	uv	0.9285714285714286	0.07142857142857144	0.4285714285714286	FALSE	TRUE	FALSE	FALSE	FALSE	FALSE	uv_specific_instable
RvY_17889-1	1	uv	0.9285714285714286	0.07142857142857144	0.4285714285714286	FALSE	TRUE	FALSE	FALSE	FALSE	FALSE	uv_specific_instable
RvY_17953-1	1	uv	0.9285714285714286	0.07142857142857144	0.4285714285714286	FALSE	TRUE	FALSE	FALSE	FALSE	FALSE	uv_specific_instable
RvY_17969-1	1	uv	0.9285714285714286	0.07142857142857144	0.4285714285714286	FALSE	TRUE	FALSE	FALSE	FALSE	FALSE	uv_specific_instable
RvY_17996-1	1	uv	0.9285714285714286	0.07142857142857144	0.4285714285714286	FALSE	TRUE	FALSE	FALSE	FALSE	FALSE	uv_specific_instable
RvY_18062-1	1	uv	0.9285714285714286	0.07142857142857144	0.4285714285714286	FALSE	TRUE	FALSE	FALSE	FALSE	FALSE	uv_specific_instable
RvY_18094-1	1	uv	0.9285714285714286	0.07142857142857144	0.4285714285714286	FALSE	TRUE	FALSE	FALSE	FALSE	FALSE	uv_specific_instable
RvY_18107	1	uv	0.9285714285714286	0.07142857142857144	0.4285714285714286	FALSE	TRUE	FALSE	FALSE	FALSE	FALSE	uv_specific_instable
RvY_18181-1	1	uv	0.9285714285714286	0.07142857142857144	0.4285714285714286	FALSE	TRUE	FALSE	FALSE	FALSE	FALSE	uv_specific_instable
RvY_18203-1	1	uv	0.9285714285714286	0.07142857142857144	0.4285714285714286	FALSE	TRUE	FALSE	FALSE	FALSE	FALSE	uv_specific_instable
RvY_18220-1	1	uv	0.9285714285714286	0.07142857142857144	0.4285714285714286	FALSE	TRUE	FALSE	FALSE	FALSE	FALSE	uv_specific_instable
RvY_18225-1	1	uv	0.9285714285714286	0.07142857142857144	0.4285714285714286	FALSE	TRUE	FALSE	FALSE	FALSE	FALSE	uv_specific_instable
RvY_18252-1	1	uv	0.9285714285714286	0.07142857142857144	0.4285714285714286	FALSE	TRUE	FALSE	FALSE	FALSE	FALSE	uv_specific_instable
RvY_18277-1	1	uv	0.9285714285714286	0.07142857142857144	0.4285714285714286	FALSE	TRUE	FALSE	FALSE	FALSE	FALSE	uv_specific_instable
RvY_18324	1	uv	0.9285714285714286	0.07142857142857144	0.4285714285714286	FALSE	TRUE	FALSE	FALSE	FALSE	FALSE	uv_specific_instable
RvY_18341-1	1	uv	0.9285714285714286	0.07142857142857144	0.4285714285714286	FALSE	TRUE	FALSE	FALSE	FALSE	FALSE	uv_specific_instable
RvY_18374-1	1	uv	0.9285714285714286	0.07142857142857144	0.4285714285714286	FALSE	TRUE	FALSE	FALSE	FALSE	FALSE	uv_specific_instable
RvY_18390	1	uv	0.9285714285714286	0.07142857142857144	0.4285714285714286	FALSE	TRUE	FALSE	FALSE	FALSE	FALSE	uv_specific_instable
RvY_18436-1	1	uv	0.9285714285714286	0.07142857142857144	0.4285714285714286	FALSE	TRUE	FALSE	FALSE	FALSE	FALSE	uv_specific_instable
RvY_18445-1	1	uv	0.9285714285714286	0.07142857142857144	0.4285714285714286	FALSE	TRUE	FALSE	FALSE	FALSE	FALSE	uv_specific_instable
RvY_18448-1	1	uv	0.9285714285714286	0.07142857142857144	0.4285714285714286	FALSE	TRUE	FALSE	FALSE	FALSE	FALSE	uv_specific_instable
RvY_18456	1	uv	0.9285714285714286	0.07142857142857144	0.4285714285714286	FALSE	TRUE	FALSE	FALSE	FALSE	FALSE	uv_specific_instable
RvY_18507-1	1	uv	0.9285714285714286	0.07142857142857144	0.4285714285714286	FALSE	TRUE	FALSE	FALSE	FALSE	FALSE	uv_specific_instable
RvY_18530-1	1	uv	0.9285714285714286	0.07142857142857144	0.4285714285714286	FALSE	TRUE	FALSE	FALSE	FALSE	FALSE	uv_specific_instable
RvY_18534-1	1	uv	0.9285714285714286	0.07142857142857144	0.4285714285714286	FALSE	TRUE	FALSE	FALSE	FALSE	FALSE	uv_specific_instable
RvY_18554-1	1	uv	0.9285714285714286	0.07142857142857144	0.4285714285714286	FALSE	TRUE	FALSE	FALSE	FALSE	FALSE	uv_specific_instable
RvY_18560-1	1	uv	0.9285714285714286	0.07142857142857144	0.4285714285714286	FALSE	TRUE	FALSE	FALSE	FALSE	FALSE	uv_specific_instable
RvY_18635-1	1	uv	0.9285714285714286	0.07142857142857144	0.4285714285714286	FALSE	TRUE	FALSE	FALSE	FALSE	FALSE	uv_specific_instable
RvY_18640-1	1	uv	0.9285714285714286	0.07142857142857144	0.4285714285714286	FALSE	TRUE	FALSE	FALSE	FALSE	FALSE	uv_specific_instable
RvY_18644	1	uv	0.9285714285714286	0.07142857142857144	0.4285714285714286	FALSE	TRUE	FALSE	FALSE	FALSE	FALSE	uv_specific_instable
RvY_18770-1	1	uv	0.9285714285714286	0.07142857142857144	0.4285714285714286	FALSE	TRUE	FALSE	FALSE	FALSE	FALSE	uv_specific_instable
RvY_18814	1	uv	0.9285714285714286	0.07142857142857144	0.4285714285714286	FALSE	TRUE	FALSE	FALSE	FALSE	FALSE	uv_specific_instable
RvY_18851-1	1	uv	0.9285714285714286	0.07142857142857144	0.4285714285714286	FALSE	TRUE	FALSE	FALSE	FALSE	FALSE	uv_specific_instable
RvY_18887-1	1	uv	0.9285714285714286	0.07142857142857144	0.4285714285714286	FALSE	TRUE	FALSE	FALSE	FALSE	FALSE	uv_specific_instable
RvY_19058-1	1	uv	0.9285714285714286	0.07142857142857144	0.4285714285714286	FALSE	TRUE	FALSE	FALSE	FALSE	FALSE	uv_specific_instable
RvY_19072-1	1	uv	0.9285714285714286	0.07142857142857144	0.4285714285714286	FALSE	TRUE	FALSE	FALSE	FALSE	FALSE	uv_specific_instable
RvY_19094-1	1	uv	0.9285714285714286	0.07142857142857144	0.4285714285714286	FALSE	TRUE	FALSE	FALSE	FALSE	FALSE	uv_specific_instable
RvY_19105-1	1	uv	0.9285714285714286	0.07142857142857144	0.4285714285714286	FALSE	TRUE	FALSE	FALSE	FALSE	FALSE	uv_specific_instable
RvY_19153-1	1	uv	0.9285714285714286	0.07142857142857144	0.4285714285714286	FALSE	TRUE	FALSE	FALSE	FALSE	FALSE	uv_specific_instable
RvY_19182-1	1	uv	0.9285714285714286	0.07142857142857144	0.4285714285714286	FALSE	TRUE	FALSE	FALSE	FALSE	FALSE	uv_specific_instable
RvY_19260-1	1	uv	0.9285714285714286	0.07142857142857144	0.4285714285714286	FALSE	TRUE	FALSE	FALSE	FALSE	FALSE	uv_specific_instable
RvY_19279-1	1	uv	0.9285714285714286	0.07142857142857144	0.4285714285714286	FALSE	TRUE	FALSE	FALSE	FALSE	FALSE	uv_specific_instable
RvY_19349-1	1	uv	0.9285714285714286	0.07142857142857144	0.4285714285714286	FALSE	TRUE	FALSE	FALSE	FALSE	FALSE	uv_specific_instable
RvY_19463-1	1	uv	0.9285714285714286	0.07142857142857144	0.4285714285714286	FALSE	TRUE	FALSE	FALSE	FALSE	FALSE	uv_specific_instable
RvY_19530-1	1	uv	0.9285714285714286	0.07142857142857144	0.4285714285714286	FALSE	TRUE	FALSE	FALSE	FALSE	FALSE	uv_specific_instable
