redundancy_group_id	representative_term_id	representative_term_name	member_term_ids	member_count	condition	FSF_region	selection_basis
GR_DES_Highly_Stable_0001	GO:0000028	ribosomal small subunit assembly	GO:0000027;GO:0000028	2	DES	Highly Stable	DIRECT_IS_A_OR_SHARED_PARENT; representative has minimum adjusted p
GR_DES_Highly_Stable_0002	GO:0070180	large ribosomal subunit rRNA binding	GO:0000049;GO:0003729;GO:0019843;GO:0070180	4	DES	Highly Stable	DIRECT_IS_A_OR_SHARED_PARENT; representative has minimum adjusted p
GR_DES_Highly_Stable_0003	GO:0000275	obsolete mitochondrial proton-transporting ATP synthase complex, catalytic sector F(1)	GO:0000275	1	DES	Highly Stable	DIRECT_IS_A_OR_SHARED_PARENT; representative has minimum adjusted p
GR_DES_Highly_Stable_0004	GO:0000276	obsolete mitochondrial proton-transporting ATP synthase complex, coupling factor F(o)	GO:0000276	1	DES	Highly Stable	DIRECT_IS_A_OR_SHARED_PARENT; representative has minimum adjusted p
GR_DES_Highly_Stable_0005	GO:0022626	cytosolic ribosome	GO:0000228;GO:0000777;GO:0000793;GO:0000794;GO:0005694;GO:0005730;GO:0005840;GO:0016604;GO:0022626;GO:0030016;GO:0033391;GO:0035770;GO:0036464;GO:0043186;GO:0043292	15	DES	Highly Stable	DIRECT_IS_A_OR_SHARED_PARENT; representative has minimum adjusted p
GR_DES_Highly_Stable_0006	GO:0043231	intracellular membrane-bounded organelle	GO:0000781;GO:0000784;GO:0000785;GO:0000792;GO:0001650;GO:0005576;GO:0005622;GO:0005634;GO:0005654;GO:0005657;GO:0005737;GO:0005777;GO:0005829;GO:0012505;GO:0030017;GO:0030018;GO:0031410;GO:0031672;GO:0031674;GO:0031974;GO:0031981;GO:0031984;GO:0042579;GO:0043195;GO:0043209;GO:0043226;GO:0043227;GO:0043229;GO:0043231;GO:0043233;GO:0051233;GO:0060293;GO:0070013;GO:0097708;GO:0098687;GO:0098793;GO:1990023	37	DES	Highly Stable	DIRECT_IS_A_OR_SHARED_PARENT; representative has minimum adjusted p
GR_DES_Highly_Stable_0007	GO:0001709	cell fate determination	GO:0001709	1	DES	Highly Stable	DIRECT_IS_A_OR_SHARED_PARENT; representative has minimum adjusted p
GR_DES_Highly_Stable_0008	GO:0001751	compound eye photoreceptor cell differentiation	GO:0001751;GO:0001754;GO:0046530	3	DES	Highly Stable	DIRECT_IS_A_OR_SHARED_PARENT; representative has minimum adjusted p
GR_DES_Highly_Stable_0009	GO:0003678	DNA helicase activity	GO:0003678	1	DES	Highly Stable	DIRECT_IS_A_OR_SHARED_PARENT; representative has minimum adjusted p
GR_DES_Highly_Stable_0010	GO:0009039	urease activity	GO:0004099;GO:0009039	2	DES	Highly Stable	DIRECT_IS_A_OR_SHARED_PARENT; representative has minimum adjusted p
GR_DES_Highly_Stable_0011	GO:0008237	metallopeptidase activity	GO:0004222;GO:0004252;GO:0008237	3	DES	Highly Stable	DIRECT_IS_A_OR_SHARED_PARENT; representative has minimum adjusted p
GR_DES_Highly_Stable_0012	GO:0004364	glutathione transferase activity	GO:0004027;GO:0004062;GO:0004364;GO:0008146;GO:0016765;GO:0016782	6	DES	Highly Stable	DIRECT_IS_A_OR_SHARED_PARENT; representative has minimum adjusted p
GR_DES_Highly_Stable_0013	GO:0004563	beta-N-acetylhexosaminidase activity	GO:0004563	1	DES	Highly Stable	DIRECT_IS_A_OR_SHARED_PARENT; representative has minimum adjusted p
GR_DES_Highly_Stable_0014	GO:0004568	chitinase activity	GO:0004568	1	DES	Highly Stable	DIRECT_IS_A_OR_SHARED_PARENT; representative has minimum adjusted p
GR_DES_Highly_Stable_0015	GO:0004602	glutathione peroxidase activity	GO:0004602	1	DES	Highly Stable	DIRECT_IS_A_OR_SHARED_PARENT; representative has minimum adjusted p
GR_DES_Highly_Stable_0016	GO:0004734	pyrimidodiazepine synthase activity	GO:0004734;GO:0016648	2	DES	Highly Stable	DIRECT_IS_A_OR_SHARED_PARENT; representative has minimum adjusted p
GR_DES_Highly_Stable_0017	GO:0004843	cysteine-type deubiquitinase activity	GO:0004843	1	DES	Highly Stable	DIRECT_IS_A_OR_SHARED_PARENT; representative has minimum adjusted p
GR_DES_Highly_Stable_0018	GO:0030414	peptidase inhibitor activity	GO:0004866;GO:0004867;GO:0004869;GO:0030414;GO:0061134;GO:0061135	6	DES	Highly Stable	DIRECT_IS_A_OR_SHARED_PARENT; representative has minimum adjusted p
GR_DES_Highly_Stable_0019	GO:0005319	lipid carrier activity	GO:0005319	1	DES	Highly Stable	DIRECT_IS_A_OR_SHARED_PARENT; representative has minimum adjusted p
GR_DES_Highly_Stable_0020	GO:0005324	long-chain fatty acid transmembrane transporter activity	GO:0005324	1	DES	Highly Stable	DIRECT_IS_A_OR_SHARED_PARENT; representative has minimum adjusted p
GR_DES_Highly_Stable_0021	GO:0005506	iron ion binding	GO:0005506;GO:0005507	2	DES	Highly Stable	DIRECT_IS_A_OR_SHARED_PARENT; representative has minimum adjusted p
GR_DES_Highly_Stable_0022	GO:0005509	calcium ion binding	GO:0005509	1	DES	Highly Stable	DIRECT_IS_A_OR_SHARED_PARENT; representative has minimum adjusted p
GR_DES_Highly_Stable_0023	GO:0005615	obsolete extracellular space	GO:0005615	1	DES	Highly Stable	DIRECT_IS_A_OR_SHARED_PARENT; representative has minimum adjusted p
GR_DES_Highly_Stable_0024	GO:0005623	obsolete cell	GO:0005623	1	DES	Highly Stable	DIRECT_IS_A_OR_SHARED_PARENT; representative has minimum adjusted p
GR_DES_Highly_Stable_0025	GO:0005740	mitochondrial envelope	GO:0005740	1	DES	Highly Stable	DIRECT_IS_A_OR_SHARED_PARENT; representative has minimum adjusted p
GR_DES_Highly_Stable_0026	GO:0005743	mitochondrial inner membrane	GO:0005743;GO:0019866;GO:0031966	3	DES	Highly Stable	DIRECT_IS_A_OR_SHARED_PARENT; representative has minimum adjusted p
GR_DES_Highly_Stable_0027	GO:0005746	obsolete mitochondrial respirasome	GO:0005746	1	DES	Highly Stable	DIRECT_IS_A_OR_SHARED_PARENT; representative has minimum adjusted p
GR_DES_Highly_Stable_0028	GO:0005747	obsolete mitochondrial respiratory chain complex I	GO:0005747	1	DES	Highly Stable	DIRECT_IS_A_OR_SHARED_PARENT; representative has minimum adjusted p
GR_DES_Highly_Stable_0029	GO:0005750	obsolete mitochondrial respiratory chain complex III	GO:0005750	1	DES	Highly Stable	DIRECT_IS_A_OR_SHARED_PARENT; representative has minimum adjusted p
GR_DES_Highly_Stable_0030	GO:0005751	obsolete mitochondrial respiratory chain complex IV	GO:0005751	1	DES	Highly Stable	DIRECT_IS_A_OR_SHARED_PARENT; representative has minimum adjusted p
GR_DES_Highly_Stable_0031	GO:0005753	obsolete mitochondrial proton-transporting ATP synthase complex	GO:0005753	1	DES	Highly Stable	DIRECT_IS_A_OR_SHARED_PARENT; representative has minimum adjusted p
GR_DES_Highly_Stable_0032	GO:0005791	rough endoplasmic reticulum	GO:0005791	1	DES	Highly Stable	DIRECT_IS_A_OR_SHARED_PARENT; representative has minimum adjusted p
GR_DES_Highly_Stable_0033	GO:0005844	obsolete polysome	GO:0005844	1	DES	Highly Stable	DIRECT_IS_A_OR_SHARED_PARENT; representative has minimum adjusted p
GR_DES_Highly_Stable_0034	GO:0006082	obsolete organic acid metabolic process	GO:0006082	1	DES	Highly Stable	DIRECT_IS_A_OR_SHARED_PARENT; representative has minimum adjusted p
GR_DES_Highly_Stable_0035	GO:0006268	obsolete DNA unwinding involved in DNA replication	GO:0006268	1	DES	Highly Stable	DIRECT_IS_A_OR_SHARED_PARENT; representative has minimum adjusted p
GR_DES_Highly_Stable_0036	GO:0006294	nucleotide-excision repair, preincision complex assembly	GO:0006294	1	DES	Highly Stable	DIRECT_IS_A_OR_SHARED_PARENT; representative has minimum adjusted p
GR_DES_Highly_Stable_0037	GO:0006296	obsolete nucleotide-excision repair, DNA incision, 5'-to lesion	GO:0006296	1	DES	Highly Stable	DIRECT_IS_A_OR_SHARED_PARENT; representative has minimum adjusted p
GR_DES_Highly_Stable_0038	GO:0006305	obsolete DNA alkylation	GO:0006305	1	DES	Highly Stable	DIRECT_IS_A_OR_SHARED_PARENT; representative has minimum adjusted p
GR_DES_Highly_Stable_0039	GO:0006306	obsolete DNA methylation	GO:0006306	1	DES	Highly Stable	DIRECT_IS_A_OR_SHARED_PARENT; representative has minimum adjusted p
GR_DES_Highly_Stable_0040	GO:0001573	ganglioside metabolic process	GO:0001573;GO:0006689	2	DES	Highly Stable	DIRECT_IS_A_OR_SHARED_PARENT; representative has minimum adjusted p
GR_DES_Highly_Stable_0041	GO:0006725	obsolete cellular aromatic compound metabolic process	GO:0006725	1	DES	Highly Stable	DIRECT_IS_A_OR_SHARED_PARENT; representative has minimum adjusted p
GR_DES_Highly_Stable_0042	GO:0006732	obsolete coenzyme metabolic process	GO:0006732	1	DES	Highly Stable	DIRECT_IS_A_OR_SHARED_PARENT; representative has minimum adjusted p
GR_DES_Highly_Stable_0043	GO:0006807	obsolete nitrogen compound metabolic process	GO:0006807	1	DES	Highly Stable	DIRECT_IS_A_OR_SHARED_PARENT; representative has minimum adjusted p
GR_DES_Highly_Stable_0044	GO:0006937	regulation of muscle contraction	GO:0006937;GO:0006942;GO:0090257	3	DES	Highly Stable	DIRECT_IS_A_OR_SHARED_PARENT; representative has minimum adjusted p
GR_DES_Highly_Stable_0045	GO:0007601	visual perception	GO:0007601	1	DES	Highly Stable	DIRECT_IS_A_OR_SHARED_PARENT; representative has minimum adjusted p
GR_DES_Highly_Stable_0046	GO:0008021	synaptic vesicle	GO:0008021	1	DES	Highly Stable	DIRECT_IS_A_OR_SHARED_PARENT; representative has minimum adjusted p
GR_DES_Highly_Stable_0047	GO:0008061	chitin binding	GO:0008061	1	DES	Highly Stable	DIRECT_IS_A_OR_SHARED_PARENT; representative has minimum adjusted p
GR_DES_Highly_Stable_0048	GO:0008241	peptidyl-dipeptidase activity	GO:0008241	1	DES	Highly Stable	DIRECT_IS_A_OR_SHARED_PARENT; representative has minimum adjusted p
GR_DES_Highly_Stable_0049	GO:0009108	obsolete coenzyme biosynthetic process	GO:0009108	1	DES	Highly Stable	DIRECT_IS_A_OR_SHARED_PARENT; representative has minimum adjusted p
GR_DES_Highly_Stable_0050	GO:0009161	obsolete ribonucleoside monophosphate metabolic process	GO:0009161	1	DES	Highly Stable	DIRECT_IS_A_OR_SHARED_PARENT; representative has minimum adjusted p
GR_DES_Highly_Stable_0051	GO:0009199	obsolete ribonucleoside triphosphate metabolic process	GO:0009199	1	DES	Highly Stable	DIRECT_IS_A_OR_SHARED_PARENT; representative has minimum adjusted p
GR_DES_Highly_Stable_0052	GO:0009249	protein lipoylation	GO:0009249	1	DES	Highly Stable	DIRECT_IS_A_OR_SHARED_PARENT; representative has minimum adjusted p
GR_DES_Highly_Stable_0053	GO:0014722	regulation of skeletal muscle contraction by calcium ion signaling	GO:0010881;GO:0010882;GO:0014722;GO:0014809;GO:0014810	5	DES	Highly Stable	DIRECT_IS_A_OR_SHARED_PARENT; representative has minimum adjusted p
GR_DES_Highly_Stable_0054	GO:0010466	negative regulation of peptidase activity	GO:0010466;GO:0010951	2	DES	Highly Stable	DIRECT_IS_A_OR_SHARED_PARENT; representative has minimum adjusted p
GR_DES_Highly_Stable_0055	GO:0015002	obsolete heme-copper terminal oxidase activity	GO:0015002	1	DES	Highly Stable	DIRECT_IS_A_OR_SHARED_PARENT; representative has minimum adjusted p
GR_DES_Highly_Stable_0056	GO:0015909	long-chain fatty acid transport	GO:0015909	1	DES	Highly Stable	DIRECT_IS_A_OR_SHARED_PARENT; representative has minimum adjusted p
GR_DES_Highly_Stable_0057	GO:0015990	electron transport coupled proton transport	GO:0015990	1	DES	Highly Stable	DIRECT_IS_A_OR_SHARED_PARENT; representative has minimum adjusted p
GR_DES_Highly_Stable_0058	GO:0016053	obsolete organic acid biosynthetic process	GO:0016053	1	DES	Highly Stable	DIRECT_IS_A_OR_SHARED_PARENT; representative has minimum adjusted p
GR_DES_Highly_Stable_0059	GO:0016458	obsolete gene silencing	GO:0016458	1	DES	Highly Stable	DIRECT_IS_A_OR_SHARED_PARENT; representative has minimum adjusted p
GR_DES_Highly_Stable_0060	GO:0016607	nuclear speck	GO:0016607	1	DES	Highly Stable	DIRECT_IS_A_OR_SHARED_PARENT; representative has minimum adjusted p
GR_DES_Highly_Stable_0061	GO:0016676	obsolete oxidoreductase activity, acting on a heme group of donors, oxygen as acceptor	GO:0016676	1	DES	Highly Stable	DIRECT_IS_A_OR_SHARED_PARENT; representative has minimum adjusted p
GR_DES_Highly_Stable_0062	GO:0016681	obsolete oxidoreductase activity, acting on diphenols and related substances as donors, cytochrome as acceptor	GO:0016681	1	DES	Highly Stable	DIRECT_IS_A_OR_SHARED_PARENT; representative has minimum adjusted p
GR_DES_Highly_Stable_0063	GO:0016798	hydrolase activity, acting on glycosyl bonds	GO:0016798	1	DES	Highly Stable	DIRECT_IS_A_OR_SHARED_PARENT; representative has minimum adjusted p
GR_DES_Highly_Stable_0064	GO:0019323	pentose catabolic process	GO:0019323	1	DES	Highly Stable	DIRECT_IS_A_OR_SHARED_PARENT; representative has minimum adjusted p
GR_DES_Highly_Stable_0065	GO:0019371	cyclooxygenase pathway	GO:0019371	1	DES	Highly Stable	DIRECT_IS_A_OR_SHARED_PARENT; representative has minimum adjusted p
GR_DES_Highly_Stable_0066	GO:0019433	triglyceride catabolic process	GO:0019433;GO:0046461;GO:0046464	3	DES	Highly Stable	DIRECT_IS_A_OR_SHARED_PARENT; representative has minimum adjusted p
GR_DES_Highly_Stable_0067	GO:0019439	obsolete aromatic compound catabolic process	GO:0019439	1	DES	Highly Stable	DIRECT_IS_A_OR_SHARED_PARENT; representative has minimum adjusted p
GR_DES_Highly_Stable_0068	GO:0030001	metal ion transport	GO:0030001	1	DES	Highly Stable	DIRECT_IS_A_OR_SHARED_PARENT; representative has minimum adjusted p
GR_DES_Highly_Stable_0069	GO:0030290	sphingolipid activator protein activity	GO:0030290	1	DES	Highly Stable	DIRECT_IS_A_OR_SHARED_PARENT; representative has minimum adjusted p
GR_DES_Highly_Stable_0070	GO:0030466	silent mating-type cassette heterochromatin formation	GO:0030466	1	DES	Highly Stable	DIRECT_IS_A_OR_SHARED_PARENT; representative has minimum adjusted p
GR_DES_Highly_Stable_0071	GO:0030867	rough endoplasmic reticulum membrane	GO:0030867	1	DES	Highly Stable	DIRECT_IS_A_OR_SHARED_PARENT; representative has minimum adjusted p
GR_DES_Highly_Stable_0072	GO:0031012	extracellular matrix	GO:0031012	1	DES	Highly Stable	DIRECT_IS_A_OR_SHARED_PARENT; representative has minimum adjusted p
GR_DES_Highly_Stable_0073	GO:0031013	troponin I binding	GO:0031013	1	DES	Highly Stable	DIRECT_IS_A_OR_SHARED_PARENT; representative has minimum adjusted p
GR_DES_Highly_Stable_0074	GO:0031100	animal organ regeneration	GO:0031100	1	DES	Highly Stable	DIRECT_IS_A_OR_SHARED_PARENT; representative has minimum adjusted p
GR_DES_Highly_Stable_0075	GO:0031177	phosphopantetheine binding	GO:0031177;GO:0043295	2	DES	Highly Stable	DIRECT_IS_A_OR_SHARED_PARENT; representative has minimum adjusted p
GR_DES_Highly_Stable_0076	GO:0031323	obsolete regulation of cellular metabolic process	GO:0031323	1	DES	Highly Stable	DIRECT_IS_A_OR_SHARED_PARENT; representative has minimum adjusted p
GR_DES_Highly_Stable_0077	GO:0031324	obsolete negative regulation of cellular metabolic process	GO:0031324	1	DES	Highly Stable	DIRECT_IS_A_OR_SHARED_PARENT; representative has minimum adjusted p
GR_DES_Highly_Stable_0078	GO:0031326	obsolete regulation of cellular biosynthetic process	GO:0031326	1	DES	Highly Stable	DIRECT_IS_A_OR_SHARED_PARENT; representative has minimum adjusted p
GR_DES_Highly_Stable_0079	GO:0031327	obsolete negative regulation of cellular biosynthetic process	GO:0031327	1	DES	Highly Stable	DIRECT_IS_A_OR_SHARED_PARENT; representative has minimum adjusted p
GR_DES_Highly_Stable_0080	GO:0031329	obsolete regulation of cellular catabolic process	GO:0031329	1	DES	Highly Stable	DIRECT_IS_A_OR_SHARED_PARENT; representative has minimum adjusted p
GR_DES_Highly_Stable_0081	GO:0031492	nucleosomal DNA binding	GO:0031492	1	DES	Highly Stable	DIRECT_IS_A_OR_SHARED_PARENT; representative has minimum adjusted p
GR_DES_Highly_Stable_0082	GO:0032156	septin cytoskeleton	GO:0032156	1	DES	Highly Stable	DIRECT_IS_A_OR_SHARED_PARENT; representative has minimum adjusted p
GR_DES_Highly_Stable_0083	GO:0032504	obsolete multicellular organism reproduction	GO:0032504	1	DES	Highly Stable	DIRECT_IS_A_OR_SHARED_PARENT; representative has minimum adjusted p
GR_DES_Highly_Stable_0084	GO:0032508	obsolete DNA duplex unwinding	GO:0032508	1	DES	Highly Stable	DIRECT_IS_A_OR_SHARED_PARENT; representative has minimum adjusted p
GR_DES_Highly_Stable_0085	GO:0034470	obsolete ncRNA processing	GO:0034470	1	DES	Highly Stable	DIRECT_IS_A_OR_SHARED_PARENT; representative has minimum adjusted p
GR_DES_Highly_Stable_0086	GO:0034641	obsolete cellular nitrogen compound metabolic process	GO:0034641	1	DES	Highly Stable	DIRECT_IS_A_OR_SHARED_PARENT; representative has minimum adjusted p
GR_DES_Highly_Stable_0087	GO:0034645	obsolete cellular macromolecule biosynthetic process	GO:0034645	1	DES	Highly Stable	DIRECT_IS_A_OR_SHARED_PARENT; representative has minimum adjusted p
GR_DES_Highly_Stable_0088	GO:0034660	obsolete ncRNA metabolic process	GO:0034660	1	DES	Highly Stable	DIRECT_IS_A_OR_SHARED_PARENT; representative has minimum adjusted p
GR_DES_Highly_Stable_0089	GO:0035722	interleukin-12-mediated signaling pathway	GO:0035722	1	DES	Highly Stable	DIRECT_IS_A_OR_SHARED_PARENT; representative has minimum adjusted p
GR_DES_Highly_Stable_0090	GO:0005504	fatty acid binding	GO:0005504;GO:0033293;GO:0036041	3	DES	Highly Stable	DIRECT_IS_A_OR_SHARED_PARENT; representative has minimum adjusted p
GR_DES_Highly_Stable_0091	GO:0040034	regulation of development, heterochronic	GO:0040034	1	DES	Highly Stable	DIRECT_IS_A_OR_SHARED_PARENT; representative has minimum adjusted p
GR_DES_Highly_Stable_0092	GO:0042274	ribosomal small subunit biogenesis	GO:0042254;GO:0042273;GO:0042274	3	DES	Highly Stable	DIRECT_IS_A_OR_SHARED_PARENT; representative has minimum adjusted p
GR_DES_Highly_Stable_0093	GO:0042255	ribosome assembly	GO:0042255	1	DES	Highly Stable	DIRECT_IS_A_OR_SHARED_PARENT; representative has minimum adjusted p
GR_DES_Highly_Stable_0094	GO:0042270	protection from natural killer cell mediated cytotoxicity	GO:0042270	1	DES	Highly Stable	DIRECT_IS_A_OR_SHARED_PARENT; representative has minimum adjusted p
GR_DES_Highly_Stable_0095	GO:0042407	cristae formation	GO:0042407	1	DES	Highly Stable	DIRECT_IS_A_OR_SHARED_PARENT; representative has minimum adjusted p
GR_DES_Highly_Stable_0096	GO:0042788	obsolete polysomal ribosome	GO:0042788	1	DES	Highly Stable	DIRECT_IS_A_OR_SHARED_PARENT; representative has minimum adjusted p
GR_DES_Highly_Stable_0097	GO:0042755	eating behavior	GO:0042755;GO:0043050	2	DES	Highly Stable	DIRECT_IS_A_OR_SHARED_PARENT; representative has minimum adjusted p
GR_DES_Highly_Stable_0098	GO:0043217	myelin maintenance	GO:0043217	1	DES	Highly Stable	DIRECT_IS_A_OR_SHARED_PARENT; representative has minimum adjusted p
GR_DES_Highly_Stable_0099	GO:0043603	obsolete amide metabolic process	GO:0043603	1	DES	Highly Stable	DIRECT_IS_A_OR_SHARED_PARENT; representative has minimum adjusted p
GR_DES_Highly_Stable_0100	GO:0043604	obsolete amide biosynthetic process	GO:0043604	1	DES	Highly Stable	DIRECT_IS_A_OR_SHARED_PARENT; representative has minimum adjusted p
GR_DES_Highly_Stable_0101	GO:0044237	obsolete cellular metabolic process	GO:0044237	1	DES	Highly Stable	DIRECT_IS_A_OR_SHARED_PARENT; representative has minimum adjusted p
GR_DES_Highly_Stable_0102	GO:0044248	obsolete cellular catabolic process	GO:0044248	1	DES	Highly Stable	DIRECT_IS_A_OR_SHARED_PARENT; representative has minimum adjusted p
GR_DES_Highly_Stable_0103	GO:0044255	obsolete cellular lipid metabolic process	GO:0044255	1	DES	Highly Stable	DIRECT_IS_A_OR_SHARED_PARENT; representative has minimum adjusted p
GR_DES_Highly_Stable_0104	GO:0044260	obsolete cellular macromolecule metabolic process	GO:0044260	1	DES	Highly Stable	DIRECT_IS_A_OR_SHARED_PARENT; representative has minimum adjusted p
GR_DES_Highly_Stable_0105	GO:0044270	obsolete cellular nitrogen compound catabolic process	GO:0044270	1	DES	Highly Stable	DIRECT_IS_A_OR_SHARED_PARENT; representative has minimum adjusted p
GR_DES_Highly_Stable_0106	GO:0044271	obsolete cellular nitrogen compound biosynthetic process	GO:0044271	1	DES	Highly Stable	DIRECT_IS_A_OR_SHARED_PARENT; representative has minimum adjusted p
GR_DES_Highly_Stable_0107	GO:0044421	obsolete extracellular region part	GO:0044421	1	DES	Highly Stable	DIRECT_IS_A_OR_SHARED_PARENT; representative has minimum adjusted p
GR_DES_Highly_Stable_0108	GO:0044422	obsolete organelle part	GO:0044422	1	DES	Highly Stable	DIRECT_IS_A_OR_SHARED_PARENT; representative has minimum adjusted p
GR_DES_Highly_Stable_0109	GO:0044424	obsolete intracellular part	GO:0044424	1	DES	Highly Stable	DIRECT_IS_A_OR_SHARED_PARENT; representative has minimum adjusted p
GR_DES_Highly_Stable_0110	GO:0044427	obsolete chromosomal part	GO:0044427	1	DES	Highly Stable	DIRECT_IS_A_OR_SHARED_PARENT; representative has minimum adjusted p
GR_DES_Highly_Stable_0111	GO:0044428	obsolete nuclear part	GO:0044428	1	DES	Highly Stable	DIRECT_IS_A_OR_SHARED_PARENT; representative has minimum adjusted p
GR_DES_Highly_Stable_0112	GO:0044440	obsolete endosomal part	GO:0044440	1	DES	Highly Stable	DIRECT_IS_A_OR_SHARED_PARENT; representative has minimum adjusted p
GR_DES_Highly_Stable_0113	GO:0044444	obsolete cytoplasmic part	GO:0044444	1	DES	Highly Stable	DIRECT_IS_A_OR_SHARED_PARENT; representative has minimum adjusted p
GR_DES_Highly_Stable_0114	GO:0044445	obsolete cytosolic part	GO:0044445	1	DES	Highly Stable	DIRECT_IS_A_OR_SHARED_PARENT; representative has minimum adjusted p
GR_DES_Highly_Stable_0115	GO:0044446	obsolete intracellular organelle part	GO:0044446	1	DES	Highly Stable	DIRECT_IS_A_OR_SHARED_PARENT; representative has minimum adjusted p
GR_DES_Highly_Stable_0116	GO:0044449	obsolete contractile fiber part	GO:0044449	1	DES	Highly Stable	DIRECT_IS_A_OR_SHARED_PARENT; representative has minimum adjusted p
GR_DES_Highly_Stable_0117	GO:0044451	obsolete nucleoplasm part	GO:0044451	1	DES	Highly Stable	DIRECT_IS_A_OR_SHARED_PARENT; representative has minimum adjusted p
GR_DES_Highly_Stable_0118	GO:0044452	obsolete nucleolar part	GO:0044452	1	DES	Highly Stable	DIRECT_IS_A_OR_SHARED_PARENT; representative has minimum adjusted p
GR_DES_Highly_Stable_0119	GO:0044454	obsolete nuclear chromosome part	GO:0044454	1	DES	Highly Stable	DIRECT_IS_A_OR_SHARED_PARENT; representative has minimum adjusted p
GR_DES_Highly_Stable_0120	GO:0044455	obsolete mitochondrial membrane part	GO:0044455	1	DES	Highly Stable	DIRECT_IS_A_OR_SHARED_PARENT; representative has minimum adjusted p
GR_DES_Highly_Stable_0121	GO:0044456	obsolete synapse part	GO:0044456	1	DES	Highly Stable	DIRECT_IS_A_OR_SHARED_PARENT; representative has minimum adjusted p
GR_DES_Highly_Stable_0122	GO:0044464	obsolete cell part	GO:0044464	1	DES	Highly Stable	DIRECT_IS_A_OR_SHARED_PARENT; representative has minimum adjusted p
GR_DES_Highly_Stable_0123	GO:0044531	regulation of killing of cells of another organism	GO:0044531;GO:0052248;GO:0052433	3	DES	Highly Stable	DIRECT_IS_A_OR_SHARED_PARENT; representative has minimum adjusted p
GR_DES_Highly_Stable_0124	GO:0044532	obsolete modulation of apoptotic process in another organism	GO:0044532	1	DES	Highly Stable	DIRECT_IS_A_OR_SHARED_PARENT; representative has minimum adjusted p
GR_DES_Highly_Stable_0125	GO:0044728	obsolete DNA methylation or demethylation	GO:0044728	1	DES	Highly Stable	DIRECT_IS_A_OR_SHARED_PARENT; representative has minimum adjusted p
GR_DES_Highly_Stable_0126	GO:0044815	obsolete DNA packaging complex	GO:0044815	1	DES	Highly Stable	DIRECT_IS_A_OR_SHARED_PARENT; representative has minimum adjusted p
GR_DES_Highly_Stable_0127	GO:0045261	obsolete proton-transporting ATP synthase complex, catalytic core F(1)	GO:0045261	1	DES	Highly Stable	DIRECT_IS_A_OR_SHARED_PARENT; representative has minimum adjusted p
GR_DES_Highly_Stable_0128	GO:0045263	obsolete proton-transporting ATP synthase complex, coupling factor F(o)	GO:0045263	1	DES	Highly Stable	DIRECT_IS_A_OR_SHARED_PARENT; representative has minimum adjusted p
GR_DES_Highly_Stable_0129	GO:0045495	obsolete pole plasm	GO:0045495	1	DES	Highly Stable	DIRECT_IS_A_OR_SHARED_PARENT; representative has minimum adjusted p
GR_DES_Highly_Stable_0130	GO:0046483	obsolete heterocycle metabolic process	GO:0046483	1	DES	Highly Stable	DIRECT_IS_A_OR_SHARED_PARENT; representative has minimum adjusted p
GR_DES_Highly_Stable_0131	GO:0046700	obsolete heterocycle catabolic process	GO:0046700	1	DES	Highly Stable	DIRECT_IS_A_OR_SHARED_PARENT; representative has minimum adjusted p
GR_DES_Highly_Stable_0132	GO:0048016	obsolete inositol phosphate-mediated signaling	GO:0048016	1	DES	Highly Stable	DIRECT_IS_A_OR_SHARED_PARENT; representative has minimum adjusted p
GR_DES_Highly_Stable_0133	GO:0048039	ubiquinone binding	GO:0048039	1	DES	Highly Stable	DIRECT_IS_A_OR_SHARED_PARENT; representative has minimum adjusted p
GR_DES_Highly_Stable_0134	GO:0050803	regulation of synapse structure or activity	GO:0050803	1	DES	Highly Stable	DIRECT_IS_A_OR_SHARED_PARENT; representative has minimum adjusted p
GR_DES_Highly_Stable_0135	GO:0051171	obsolete regulation of nitrogen compound metabolic process	GO:0051171	1	DES	Highly Stable	DIRECT_IS_A_OR_SHARED_PARENT; representative has minimum adjusted p
GR_DES_Highly_Stable_0136	GO:0051172	obsolete negative regulation of nitrogen compound metabolic process	GO:0051172	1	DES	Highly Stable	DIRECT_IS_A_OR_SHARED_PARENT; representative has minimum adjusted p
GR_DES_Highly_Stable_0137	GO:0051186	obsolete cofactor metabolic process	GO:0051186	1	DES	Highly Stable	DIRECT_IS_A_OR_SHARED_PARENT; representative has minimum adjusted p
GR_DES_Highly_Stable_0138	GO:0051188	obsolete cofactor biosynthetic process	GO:0051188	1	DES	Highly Stable	DIRECT_IS_A_OR_SHARED_PARENT; representative has minimum adjusted p
GR_DES_Highly_Stable_0139	GO:0051284	obsolete positive regulation of sequestering of calcium ion	GO:0051284	1	DES	Highly Stable	DIRECT_IS_A_OR_SHARED_PARENT; representative has minimum adjusted p
GR_DES_Highly_Stable_0140	GO:0031960	response to corticosteroid	GO:0031960;GO:0051384	2	DES	Highly Stable	DIRECT_IS_A_OR_SHARED_PARENT; representative has minimum adjusted p
GR_DES_Highly_Stable_0141	GO:0051418	microtubule nucleation by microtubule organizing center	GO:0051418	1	DES	Highly Stable	DIRECT_IS_A_OR_SHARED_PARENT; representative has minimum adjusted p
GR_DES_Highly_Stable_0142	GO:0051603	obsolete proteolysis involved in protein catabolic process	GO:0051603	1	DES	Highly Stable	DIRECT_IS_A_OR_SHARED_PARENT; representative has minimum adjusted p
GR_DES_Highly_Stable_0143	GO:0051963	regulation of synapse assembly	GO:0051963	1	DES	Highly Stable	DIRECT_IS_A_OR_SHARED_PARENT; representative has minimum adjusted p
GR_DES_Highly_Stable_0144	GO:0052040	symbiont-mediated perturbation of host programmed cell death	GO:0052040	1	DES	Highly Stable	DIRECT_IS_A_OR_SHARED_PARENT; representative has minimum adjusted p
GR_DES_Highly_Stable_0145	GO:0055114	obsolete oxidation-reduction process	GO:0055114	1	DES	Highly Stable	DIRECT_IS_A_OR_SHARED_PARENT; representative has minimum adjusted p
GR_DES_Highly_Stable_0146	GO:0003015	heart process	GO:0003015;GO:0060047	2	DES	Highly Stable	DIRECT_IS_A_OR_SHARED_PARENT; representative has minimum adjusted p
GR_DES_Highly_Stable_0147	GO:0060048	cardiac muscle contraction	GO:0060048	1	DES	Highly Stable	DIRECT_IS_A_OR_SHARED_PARENT; representative has minimum adjusted p
GR_DES_Highly_Stable_0148	GO:0060316	obsolete positive regulation of ryanodine-sensitive calcium-release channel activity	GO:0060316	1	DES	Highly Stable	DIRECT_IS_A_OR_SHARED_PARENT; representative has minimum adjusted p
GR_DES_Highly_Stable_0149	GO:0060644	mammary gland epithelial cell differentiation	GO:0060644	1	DES	Highly Stable	DIRECT_IS_A_OR_SHARED_PARENT; representative has minimum adjusted p
GR_DES_Highly_Stable_0150	GO:0044391	ribosomal subunit	GO:0000786;GO:0005575;GO:0005681;GO:0005684;GO:0015934;GO:0015935;GO:0016469;GO:0022625;GO:0022627;GO:0030532;GO:0030964;GO:0031261;GO:0032991;GO:0032993;GO:0033177;GO:0033178;GO:0044391;GO:0045259;GO:0045271;GO:0045275;GO:0045277;GO:0061695;GO:0070069;GO:0071013;GO:0098798;GO:0098800;GO:0098803;GO:0120114;GO:1902494;GO:1990204;GO:1990234;GO:1990904	32	DES	Highly Stable	DIRECT_IS_A_OR_SHARED_PARENT; representative has minimum adjusted p
GR_DES_Highly_Stable_0151	GO:0070182	DNA polymerase binding	GO:0070182	1	DES	Highly Stable	DIRECT_IS_A_OR_SHARED_PARENT; representative has minimum adjusted p
GR_DES_Highly_Stable_0152	GO:0070469	obsolete respirasome	GO:0070469	1	DES	Highly Stable	DIRECT_IS_A_OR_SHARED_PARENT; representative has minimum adjusted p
GR_DES_Highly_Stable_0153	GO:0015985	energy coupled proton transport, down electrochemical gradient	GO:0015985;GO:0070588;GO:1902600	3	DES	Highly Stable	DIRECT_IS_A_OR_SHARED_PARENT; representative has minimum adjusted p
GR_DES_Highly_Stable_0154	GO:0072599	establishment of protein localization to endoplasmic reticulum	GO:0006605;GO:0006612;GO:0006613;GO:0006614;GO:0033365;GO:0045047;GO:0070972;GO:0072594;GO:0072599;GO:0072657;GO:0090150	11	DES	Highly Stable	DIRECT_IS_A_OR_SHARED_PARENT; representative has minimum adjusted p
GR_DES_Highly_Stable_0155	GO:0071286	cellular response to magnesium ion	GO:0071286	1	DES	Highly Stable	DIRECT_IS_A_OR_SHARED_PARENT; representative has minimum adjusted p
GR_DES_Highly_Stable_0156	GO:0070671	response to interleukin-12	GO:0070671;GO:0071349	2	DES	Highly Stable	DIRECT_IS_A_OR_SHARED_PARENT; representative has minimum adjusted p
GR_DES_Highly_Stable_0157	GO:0002181	cytoplasmic translation	GO:0000070;GO:0000082;GO:0000184;GO:0000226;GO:0000278;GO:0000280;GO:0000281;GO:0000375;GO:0000377;GO:0000398;GO:0000715;GO:0000723;GO:0000724;GO:0000725;GO:0000819;GO:0000910;GO:0000956;GO:0001516;GO:0002181;GO:0003006;GO:0006026;GO:0006030;GO:0006032;GO:0006040;GO:0006091;GO:0006119;GO:0006122;GO:0006123;GO:0006139;GO:0006163;GO:0006259;GO:0006260;GO:0006261;GO:0006270;GO:0006271;GO:0006277;GO:0006281;GO:0006283;GO:0006289;GO:0006302;GO:0006304;GO:0006323;GO:0006325;GO:0006342;GO:0006351;GO:0006355;GO:0006366;GO:0006396;GO:0006397;GO:0006399;GO:0006401;GO:0006402;GO:0006412;GO:0006413;GO:0006418;GO:0006457;GO:0006464;GO:0006497;GO:0006511;GO:0006518;GO:0006575;GO:0006629;GO:0006631;GO:0006633;GO:0006636;GO:0006690;GO:0006692;GO:0006693;GO:0006694;GO:0006714;GO:0006720;GO:0006721;GO:0006749;GO:0006753;GO:0006754;GO:0006790;GO:0006805;GO:0006888;GO:0006906;GO:0006914;GO:0006974;GO:0006996;GO:0007010;GO:0007034;GO:0007041;GO:0007049;GO:0007051;GO:0007052;GO:0007059;GO:0007127;GO:0007129;GO:0007143;GO:0007154;GO:0007267;GO:0007268;GO:0007269;GO:0007276;GO:0007277;GO:0007281;GO:0007292;GO:0007307;GO:0008033;GO:0008150;GO:0008152;GO:0008202;GO:0008299;GO:0008380;GO:0009056;GO:0009060;GO:0009072;GO:0009117;GO:0009123;GO:0009124;GO:0009126;GO:0009127;GO:0009141;GO:0009142;GO:0009144;GO:0009145;GO:0009150;GO:0009156;GO:0009167;GO:0009168;GO:0009201;GO:0009205;GO:0009206;GO:0009259;GO:0009308;GO:0009407;GO:0009410;GO:0009451;GO:0009636;GO:0009890;GO:0009893;GO:0009894;GO:0009987;GO:0009994;GO:0010467;GO:0010468;GO:0010498;GO:0010506;GO:0010507;GO:0010556;GO:0010558;GO:0010604;GO:0010605;GO:0010629;GO:0010644;GO:0015980;GO:0015986;GO:0016050;GO:0016052;GO:0016070;GO:0016071;GO:0016192;GO:0016197;GO:0016579;GO:0017144;GO:0017148;GO:0018410;GO:0019219;GO:0019222;GO:0019538;GO:0019637;GO:0019646;GO:0019693;GO:0019752;GO:0019853;GO:0019941;GO:0019953;GO:0022402;GO:0022411;GO:0022412;GO:0022616;GO:0022900;GO:0022904;GO:0023052;GO:0023061;GO:0030163;GO:0030261;GO:0031123;GO:0032200;GO:0032386;GO:0032388;GO:0032392;GO:0032446;GO:0032774;GO:0032787;GO:0033059;GO:0033206;GO:0033260;GO:0033554;GO:0033559;GO:0034654;GO:0034655;GO:0034976;GO:0035634;GO:0036211;GO:0036465;GO:0036503;GO:0040038;GO:0042157;GO:0042158;GO:0042440;GO:0042737;GO:0042773;GO:0042775;GO:0042776;GO:0043038;GO:0043039;GO:0043043;GO:0043161;GO:0043170;GO:0043412;GO:0043414;GO:0043436;GO:0043624;GO:0043632;GO:0043687;GO:0043933;GO:0044087;GO:0044238;GO:0044257;GO:0044267;GO:0044281;GO:0044283;GO:0044770;GO:0044772;GO:0044786;GO:0044839;GO:0044843;GO:0045132;GO:0045143;GO:0045333;GO:0045540;GO:0045814;GO:0045893;GO:0045934;GO:0045943;GO:0046034;GO:0046148;GO:0046348;GO:0046394;GO:0046456;GO:0046457;GO:0046907;GO:0048193;GO:0048284;GO:0048285;GO:0048477;GO:0048489;GO:0048518;GO:0048522;GO:0048609;GO:0050427;GO:0050789;GO:0050794;GO:0051049;GO:0051052;GO:0051231;GO:0051252;GO:0051253;GO:0051254;GO:0051256;GO:0051276;GO:0051301;GO:0051321;GO:0051597;GO:0051648;GO:0051649;GO:0051650;GO:0051716;GO:0051923;GO:0055086;GO:0060255;GO:0060341;GO:0060627;GO:0061640;GO:0061919;GO:0061982;GO:0065007;GO:0070192;GO:0070646;GO:0070647;GO:0070911;GO:0070914;GO:0071103;GO:0071466;GO:0071897;GO:0072330;GO:0072521;GO:0080090;GO:0090181;GO:0090304;GO:0097237;GO:0097479;GO:0097480;GO:0098754;GO:0098813;GO:0098869;GO:0098916;GO:0099003;GO:0099504;GO:0099536;GO:0099537;GO:0099643;GO:0106118;GO:0140013;GO:0140014;GO:1901072;GO:1901568;GO:1901570;GO:1902680;GO:1902850;GO:1902930;GO:1902969;GO:1903046;GO:1903047;GO:1990748;GO:2001141	320	DES	Highly Stable	DIRECT_IS_A_OR_SHARED_PARENT; representative has minimum adjusted p
GR_DES_Highly_Stable_0158	GO:0071482	cellular response to light stimulus	GO:0071482	1	DES	Highly Stable	DIRECT_IS_A_OR_SHARED_PARENT; representative has minimum adjusted p
GR_DES_Highly_Stable_0159	GO:0071704	obsolete organic substance metabolic process	GO:0071704	1	DES	Highly Stable	DIRECT_IS_A_OR_SHARED_PARENT; representative has minimum adjusted p
GR_DES_Highly_Stable_0160	GO:0072425	mitotic G2 DNA damage checkpoint signaling	GO:0072425	1	DES	Highly Stable	DIRECT_IS_A_OR_SHARED_PARENT; representative has minimum adjusted p
GR_DES_Highly_Stable_0161	GO:0072555	obsolete 17-beta-ketosteroid reductase (NADPH) activity	GO:0072555	1	DES	Highly Stable	DIRECT_IS_A_OR_SHARED_PARENT; representative has minimum adjusted p
GR_DES_Highly_Stable_0162	GO:0097659	obsolete nucleic acid-templated transcription	GO:0097659	1	DES	Highly Stable	DIRECT_IS_A_OR_SHARED_PARENT; representative has minimum adjusted p
GR_DES_Highly_Stable_0163	GO:0098556	cytoplasmic side of rough endoplasmic reticulum membrane	GO:0098554;GO:0098556	2	DES	Highly Stable	DIRECT_IS_A_OR_SHARED_PARENT; representative has minimum adjusted p
GR_DES_Highly_Stable_0164	GO:0099178	regulation of retrograde trans-synaptic signaling by endocanabinoid	GO:0099178	1	DES	Highly Stable	DIRECT_IS_A_OR_SHARED_PARENT; representative has minimum adjusted p
GR_DES_Highly_Stable_0165	GO:0003735	structural constituent of ribosome	GO:0003674;GO:0003735;GO:0003954;GO:0004129;GO:0004667;GO:0004784;GO:0004812;GO:0005198;GO:0005488;GO:0008121;GO:0009055;GO:0015037;GO:0015078;GO:0016209;GO:0016491;GO:0016614;GO:0016616;GO:0016651;GO:0016655;GO:0016672;GO:0016675;GO:0016679;GO:0016684;GO:0016721;GO:0016853;GO:0016860;GO:0016874;GO:0016875;GO:0030527;GO:0030613;GO:0030614;GO:0033764;GO:0045174;GO:0046873;GO:0046933;GO:0050610;GO:0072582;GO:0140096;GO:0140097;GO:0140098;GO:0140101;GO:0140110	42	DES	Highly Stable	DIRECT_IS_A_OR_SHARED_PARENT; representative has minimum adjusted p
GR_DES_Highly_Stable_0166	GO:1901071	obsolete glucosamine-containing compound metabolic process	GO:1901071	1	DES	Highly Stable	DIRECT_IS_A_OR_SHARED_PARENT; representative has minimum adjusted p
GR_DES_Highly_Stable_0167	GO:1901360	obsolete organic cyclic compound metabolic process	GO:1901360	1	DES	Highly Stable	DIRECT_IS_A_OR_SHARED_PARENT; representative has minimum adjusted p
GR_DES_Highly_Stable_0168	GO:1901361	obsolete organic cyclic compound catabolic process	GO:1901361	1	DES	Highly Stable	DIRECT_IS_A_OR_SHARED_PARENT; representative has minimum adjusted p
GR_DES_Highly_Stable_0169	GO:1901564	obsolete organonitrogen compound metabolic process	GO:1901564	1	DES	Highly Stable	DIRECT_IS_A_OR_SHARED_PARENT; representative has minimum adjusted p
GR_DES_Highly_Stable_0170	GO:1901566	obsolete organonitrogen compound biosynthetic process	GO:1901566	1	DES	Highly Stable	DIRECT_IS_A_OR_SHARED_PARENT; representative has minimum adjusted p
GR_DES_Highly_Stable_0171	GO:1901575	obsolete organic substance catabolic process	GO:1901575	1	DES	Highly Stable	DIRECT_IS_A_OR_SHARED_PARENT; representative has minimum adjusted p
GR_DES_Highly_Stable_0172	GO:1901685	obsolete glutathione derivative metabolic process	GO:1901685	1	DES	Highly Stable	DIRECT_IS_A_OR_SHARED_PARENT; representative has minimum adjusted p
GR_DES_Highly_Stable_0173	GO:1901687	glutathione derivative biosynthetic process	GO:1901687	1	DES	Highly Stable	DIRECT_IS_A_OR_SHARED_PARENT; representative has minimum adjusted p
GR_DES_Highly_Stable_0174	GO:1903506	obsolete regulation of nucleic acid-templated transcription	GO:1903506	1	DES	Highly Stable	DIRECT_IS_A_OR_SHARED_PARENT; representative has minimum adjusted p
GR_DES_Highly_Stable_0175	GO:1903508	obsolete positive regulation of nucleic acid-templated transcription	GO:1903508	1	DES	Highly Stable	DIRECT_IS_A_OR_SHARED_PARENT; representative has minimum adjusted p
GR_DES_Highly_Stable_0176	GO:1903818	positive regulation of voltage-gated potassium channel activity	GO:1903818	1	DES	Highly Stable	DIRECT_IS_A_OR_SHARED_PARENT; representative has minimum adjusted p
GR_DES_Highly_Stable_0177	GO:1904400	response to Thyroid stimulating hormone	GO:1904400;GO:1904401;GO:1904588	3	DES	Highly Stable	DIRECT_IS_A_OR_SHARED_PARENT; representative has minimum adjusted p
GR_DES_Highly_Stable_0178	GO:2000112	obsolete regulation of cellular macromolecule biosynthetic process	GO:2000112	1	DES	Highly Stable	DIRECT_IS_A_OR_SHARED_PARENT; representative has minimum adjusted p
GR_DES_Highly_Stable_0179	GO:2000113	obsolete negative regulation of cellular macromolecule biosynthetic process	GO:2000113	1	DES	Highly Stable	DIRECT_IS_A_OR_SHARED_PARENT; representative has minimum adjusted p
GR_DES_Highly_Stable_0180	GO:1905937	negative regulation of germ cell proliferation	GO:1905937;GO:2000254;GO:2000255	3	DES	Highly Stable	DIRECT_IS_A_OR_SHARED_PARENT; representative has minimum adjusted p
GR_DES_Highly_Stable_0181	GO:0000075	cell cycle checkpoint signaling	GO:0000075;GO:0000076;GO:0007088;GO:0010564;GO:0010948;GO:0010965;GO:0030071;GO:0031570;GO:0044088;GO:0045786;GO:0045930;GO:0051783;GO:0051985;GO:1901987;GO:1901988;GO:1901990;GO:1901991;GO:1902099;GO:1902750;GO:1905818;GO:2000785	21	DES	Highly Stable	DIRECT_IS_A_OR_SHARED_PARENT; representative has minimum adjusted p
GR_DES_Low_Stability_0001	GO:0000904	obsolete cell morphogenesis involved in differentiation	GO:0000904	1	DES	Low Stability	DIRECT_IS_A_OR_SHARED_PARENT; representative has minimum adjusted p
GR_DES_Low_Stability_0002	GO:0001501	skeletal system development	GO:0001501;GO:0007424;GO:0035272;GO:0048736;GO:0055123;GO:0060541;GO:0072359	7	DES	Low Stability	DIRECT_IS_A_OR_SHARED_PARENT; representative has minimum adjusted p
GR_DES_Low_Stability_0003	GO:0005912	adherens junction	GO:0005912;GO:0005913	2	DES	Low Stability	DIRECT_IS_A_OR_SHARED_PARENT; representative has minimum adjusted p
GR_DES_Low_Stability_0004	GO:0006928	obsolete movement of cell or subcellular component	GO:0006928	1	DES	Low Stability	DIRECT_IS_A_OR_SHARED_PARENT; representative has minimum adjusted p
GR_DES_Low_Stability_0005	GO:0040011	locomotion	GO:0006935;GO:0040011;GO:0042330	3	DES	Low Stability	DIRECT_IS_A_OR_SHARED_PARENT; representative has minimum adjusted p
GR_DES_Low_Stability_0006	GO:0008038	neuron recognition	GO:0007155;GO:0007156;GO:0008037;GO:0008038;GO:0048870;GO:0051674;GO:0098609	7	DES	Low Stability	DIRECT_IS_A_OR_SHARED_PARENT; representative has minimum adjusted p
GR_DES_Low_Stability_0007	GO:0007409	axonogenesis	GO:0007409	1	DES	Low Stability	DIRECT_IS_A_OR_SHARED_PARENT; representative has minimum adjusted p
GR_DES_Low_Stability_0008	GO:0035239	tube morphogenesis	GO:0002009;GO:0009887;GO:0035107;GO:0035239;GO:0048546;GO:0048598;GO:0048729;GO:0048858;GO:0060562	9	DES	Low Stability	DIRECT_IS_A_OR_SHARED_PARENT; representative has minimum adjusted p
GR_DES_Low_Stability_0009	GO:0022610	obsolete biological adhesion	GO:0022610	1	DES	Low Stability	DIRECT_IS_A_OR_SHARED_PARENT; representative has minimum adjusted p
GR_DES_Low_Stability_0010	GO:0030219	megakaryocyte differentiation	GO:0030219	1	DES	Low Stability	DIRECT_IS_A_OR_SHARED_PARENT; representative has minimum adjusted p
GR_DES_Low_Stability_0011	GO:0031012	extracellular matrix	GO:0031012	1	DES	Low Stability	DIRECT_IS_A_OR_SHARED_PARENT; representative has minimum adjusted p
GR_DES_Low_Stability_0012	GO:0035855	megakaryocyte development	GO:0035855	1	DES	Low Stability	DIRECT_IS_A_OR_SHARED_PARENT; representative has minimum adjusted p
GR_DES_Low_Stability_0013	GO:0044421	obsolete extracellular region part	GO:0044421	1	DES	Low Stability	DIRECT_IS_A_OR_SHARED_PARENT; representative has minimum adjusted p
GR_DES_Low_Stability_0014	GO:0048667	cell morphogenesis involved in neuron differentiation	GO:0048667	1	DES	Low Stability	DIRECT_IS_A_OR_SHARED_PARENT; representative has minimum adjusted p
GR_DES_Low_Stability_0015	GO:0007411	axon guidance	GO:0007411;GO:0008045;GO:0061564;GO:0097485	4	DES	Low Stability	DIRECT_IS_A_OR_SHARED_PARENT; representative has minimum adjusted p
GR_DES_Low_Stability_0016	GO:0070161	anchoring junction	GO:0070161	1	DES	Low Stability	DIRECT_IS_A_OR_SHARED_PARENT; representative has minimum adjusted p
GR_DES_Low_Stability_0017	GO:1902667	regulation of axon guidance	GO:0050920;GO:1902667	2	DES	Low Stability	DIRECT_IS_A_OR_SHARED_PARENT; representative has minimum adjusted p
GR_DES_Low_Stability_0018	GO:2000243	positive regulation of reproductive process	GO:2000243	1	DES	Low Stability	DIRECT_IS_A_OR_SHARED_PARENT; representative has minimum adjusted p
GR_GAM_Highly_Stable_0001	GO:0000726	obsolete non-recombinational repair	GO:0000726	1	GAM	Highly Stable	DIRECT_IS_A_OR_SHARED_PARENT; representative has minimum adjusted p
GR_GAM_Highly_Stable_0002	GO:0003910	DNA ligase (ATP) activity	GO:0003909;GO:0003910;GO:0016886;GO:0140097	4	GAM	Highly Stable	DIRECT_IS_A_OR_SHARED_PARENT; representative has minimum adjusted p
GR_GAM_Highly_Stable_0003	GO:1990404	NAD+-protein mono-ADP-ribosyltransferase activity	GO:0003950;GO:1990404	2	GAM	Highly Stable	DIRECT_IS_A_OR_SHARED_PARENT; representative has minimum adjusted p
GR_GAM_Highly_Stable_0004	GO:0005524	ATP binding	GO:0005524	1	GAM	Highly Stable	DIRECT_IS_A_OR_SHARED_PARENT; representative has minimum adjusted p
GR_GAM_Highly_Stable_0005	GO:0005576	extracellular region	GO:0005576	1	GAM	Highly Stable	DIRECT_IS_A_OR_SHARED_PARENT; representative has minimum adjusted p
GR_GAM_Highly_Stable_0006	GO:0005615	obsolete extracellular space	GO:0005615	1	GAM	Highly Stable	DIRECT_IS_A_OR_SHARED_PARENT; representative has minimum adjusted p
GR_GAM_Highly_Stable_0007	GO:0006266	obsolete DNA ligation	GO:0006266	1	GAM	Highly Stable	DIRECT_IS_A_OR_SHARED_PARENT; representative has minimum adjusted p
GR_GAM_Highly_Stable_0008	GO:0006281	DNA repair	GO:0000724;GO:0006271;GO:0006273;GO:0006281;GO:0006302;GO:0006303;GO:0006974;GO:0022616	8	GAM	Highly Stable	DIRECT_IS_A_OR_SHARED_PARENT; representative has minimum adjusted p
GR_GAM_Highly_Stable_0009	GO:0006471	obsolete protein ADP-ribosylation	GO:0006471	1	GAM	Highly Stable	DIRECT_IS_A_OR_SHARED_PARENT; representative has minimum adjusted p
GR_GAM_Highly_Stable_0010	GO:0006733	obsolete oxidoreduction coenzyme metabolic process	GO:0006733	1	GAM	Highly Stable	DIRECT_IS_A_OR_SHARED_PARENT; representative has minimum adjusted p
GR_GAM_Highly_Stable_0011	GO:0009063	amino acid catabolic process	GO:0009063	1	GAM	Highly Stable	DIRECT_IS_A_OR_SHARED_PARENT; representative has minimum adjusted p
GR_GAM_Highly_Stable_0012	GO:0019730	antimicrobial humoral response	GO:0019730	1	GAM	Highly Stable	DIRECT_IS_A_OR_SHARED_PARENT; representative has minimum adjusted p
GR_GAM_Highly_Stable_0013	GO:0034502	protein localization to chromosome	GO:0034502	1	GAM	Highly Stable	DIRECT_IS_A_OR_SHARED_PARENT; representative has minimum adjusted p
GR_GAM_Highly_Stable_0014	GO:0016887	ATP hydrolysis activity	GO:0016887;GO:0017111;GO:0042623	3	GAM	Highly Stable	DIRECT_IS_A_OR_SHARED_PARENT; representative has minimum adjusted p
GR_GAM_Highly_Stable_0015	GO:0005775	vacuolar lumen	GO:0005775;GO:0043202	2	GAM	Highly Stable	DIRECT_IS_A_OR_SHARED_PARENT; representative has minimum adjusted p
GR_GAM_Highly_Stable_0016	GO:0051103	obsolete DNA ligation involved in DNA repair	GO:0051103	1	GAM	Highly Stable	DIRECT_IS_A_OR_SHARED_PARENT; representative has minimum adjusted p
GR_GAM_Highly_Stable_0017	GO:0051661	maintenance of centrosome location	GO:0051657;GO:0051661	2	GAM	Highly Stable	DIRECT_IS_A_OR_SHARED_PARENT; representative has minimum adjusted p
GR_GAM_Highly_Stable_0018	GO:0070212	protein poly-ADP-ribosylation	GO:0070212	1	GAM	Highly Stable	DIRECT_IS_A_OR_SHARED_PARENT; representative has minimum adjusted p
GR_GAM_Highly_Stable_0019	GO:0070419	nonhomologous end joining complex	GO:0070419	1	GAM	Highly Stable	DIRECT_IS_A_OR_SHARED_PARENT; representative has minimum adjusted p
GR_GAM_Highly_Stable_0020	GO:0071475	cellular hyperosmotic salinity response	GO:0071472;GO:0071475	2	GAM	Highly Stable	DIRECT_IS_A_OR_SHARED_PARENT; representative has minimum adjusted p
GR_GAM_Low_Stability_0001	GO:0008237	metallopeptidase activity	GO:0004222;GO:0008237	2	GAM	Low Stability	DIRECT_IS_A_OR_SHARED_PARENT; representative has minimum adjusted p
GR_GAM_Low_Stability_0002	GO:0005576	extracellular region	GO:0005576	1	GAM	Low Stability	DIRECT_IS_A_OR_SHARED_PARENT; representative has minimum adjusted p
GR_GAM_Low_Stability_0003	GO:0008061	chitin binding	GO:0008061	1	GAM	Low Stability	DIRECT_IS_A_OR_SHARED_PARENT; representative has minimum adjusted p
GR_GAM_Stable_0001	GO:0000002	obsolete mitochondrial genome maintenance	GO:0000002	1	GAM	Stable	DIRECT_IS_A_OR_SHARED_PARENT; representative has minimum adjusted p
GR_GAM_Stable_0002	GO:0000003	obsolete reproduction	GO:0000003	1	GAM	Stable	DIRECT_IS_A_OR_SHARED_PARENT; representative has minimum adjusted p
GR_GAM_Stable_0003	GO:0000055	ribosomal large subunit export from nucleus	GO:0000055	1	GAM	Stable	DIRECT_IS_A_OR_SHARED_PARENT; representative has minimum adjusted p
GR_GAM_Stable_0004	GO:0000276	obsolete mitochondrial proton-transporting ATP synthase complex, coupling factor F(o)	GO:0000276	1	GAM	Stable	DIRECT_IS_A_OR_SHARED_PARENT; representative has minimum adjusted p
GR_GAM_Stable_0005	GO:0000291	obsolete nuclear-transcribed mRNA catabolic process, exonucleolytic	GO:0000291	1	GAM	Stable	DIRECT_IS_A_OR_SHARED_PARENT; representative has minimum adjusted p
GR_GAM_Stable_0006	GO:0000335	obsolete negative regulation of transposition, DNA-mediated	GO:0000335	1	GAM	Stable	DIRECT_IS_A_OR_SHARED_PARENT; representative has minimum adjusted p
GR_GAM_Stable_0007	GO:0000337	obsolete regulation of transposition, DNA-mediated	GO:0000337	1	GAM	Stable	DIRECT_IS_A_OR_SHARED_PARENT; representative has minimum adjusted p
GR_GAM_Stable_0008	GO:0000726	obsolete non-recombinational repair	GO:0000726	1	GAM	Stable	DIRECT_IS_A_OR_SHARED_PARENT; representative has minimum adjusted p
GR_GAM_Stable_0009	GO:0000733	obsolete DNA strand renaturation	GO:0000733	1	GAM	Stable	DIRECT_IS_A_OR_SHARED_PARENT; representative has minimum adjusted p
GR_GAM_Stable_0010	GO:0000904	obsolete cell morphogenesis involved in differentiation	GO:0000904	1	GAM	Stable	DIRECT_IS_A_OR_SHARED_PARENT; representative has minimum adjusted p
GR_GAM_Stable_0011	GO:0000988	obsolete transcription factor activity, protein binding	GO:0000988	1	GAM	Stable	DIRECT_IS_A_OR_SHARED_PARENT; representative has minimum adjusted p
GR_GAM_Stable_0012	GO:0000989	obsolete transcription factor activity, transcription factor binding	GO:0000989	1	GAM	Stable	DIRECT_IS_A_OR_SHARED_PARENT; representative has minimum adjusted p
GR_GAM_Stable_0013	GO:0001055	obsolete RNA polymerase II activity	GO:0001055	1	GAM	Stable	DIRECT_IS_A_OR_SHARED_PARENT; representative has minimum adjusted p
GR_GAM_Stable_0014	GO:0001076	obsolete transcription factor activity, RNA polymerase II transcription factor binding	GO:0001076	1	GAM	Stable	DIRECT_IS_A_OR_SHARED_PARENT; representative has minimum adjusted p
GR_GAM_Stable_0015	GO:0001135	obsolete RNA polymerase II transcription regulator recruiting activity	GO:0001135	1	GAM	Stable	DIRECT_IS_A_OR_SHARED_PARENT; representative has minimum adjusted p
GR_GAM_Stable_0016	GO:0001306	obsolete age-dependent response to oxidative stress	GO:0001306	1	GAM	Stable	DIRECT_IS_A_OR_SHARED_PARENT; representative has minimum adjusted p
GR_GAM_Stable_0017	GO:0001771	immunological synapse formation	GO:0001771	1	GAM	Stable	DIRECT_IS_A_OR_SHARED_PARENT; representative has minimum adjusted p
GR_GAM_Stable_0018	GO:0001871	obsolete pattern binding	GO:0001871	1	GAM	Stable	DIRECT_IS_A_OR_SHARED_PARENT; representative has minimum adjusted p
GR_GAM_Stable_0019	GO:0002691	regulation of cellular extravasation	GO:0002691	1	GAM	Stable	DIRECT_IS_A_OR_SHARED_PARENT; representative has minimum adjusted p
GR_GAM_Stable_0020	GO:0003192	mitral valve formation	GO:0003192	1	GAM	Stable	DIRECT_IS_A_OR_SHARED_PARENT; representative has minimum adjusted p
GR_GAM_Stable_0021	GO:0003252	obsolete negative regulation of cell proliferation involved in heart valve morphogenesis	GO:0003252	1	GAM	Stable	DIRECT_IS_A_OR_SHARED_PARENT; representative has minimum adjusted p
GR_GAM_Stable_0022	GO:0003273	cell migration involved in endocardial cushion formation	GO:0003273	1	GAM	Stable	DIRECT_IS_A_OR_SHARED_PARENT; representative has minimum adjusted p
GR_GAM_Stable_0023	GO:0003340	negative regulation of mesenchymal to epithelial transition involved in metanephros morphogenesis	GO:0003340;GO:2000697	2	GAM	Stable	DIRECT_IS_A_OR_SHARED_PARENT; representative has minimum adjusted p
GR_GAM_Stable_0024	GO:0004525	ribonuclease III activity	GO:0004525;GO:0070551;GO:0090624	3	GAM	Stable	DIRECT_IS_A_OR_SHARED_PARENT; representative has minimum adjusted p
GR_GAM_Stable_0025	GO:0004530	deoxyribonuclease I activity	GO:0004530	1	GAM	Stable	DIRECT_IS_A_OR_SHARED_PARENT; representative has minimum adjusted p
GR_GAM_Stable_0026	GO:0004534	5'-3' RNA exonuclease activity	GO:0004534	1	GAM	Stable	DIRECT_IS_A_OR_SHARED_PARENT; representative has minimum adjusted p
GR_GAM_Stable_0027	GO:0004839	ubiquitin activating enzyme activity	GO:0004839	1	GAM	Stable	DIRECT_IS_A_OR_SHARED_PARENT; representative has minimum adjusted p
GR_GAM_Stable_0028	GO:0004930	G protein-coupled receptor activity	GO:0004930	1	GAM	Stable	DIRECT_IS_A_OR_SHARED_PARENT; representative has minimum adjusted p
GR_GAM_Stable_0029	GO:0035591	signaling adaptor activity	GO:0005078;GO:0035591;GO:0061649;GO:0140035;GO:0140036	5	GAM	Stable	DIRECT_IS_A_OR_SHARED_PARENT; representative has minimum adjusted p
GR_GAM_Stable_0030	GO:0008270	zinc ion binding	GO:0005507;GO:0008270	2	GAM	Stable	DIRECT_IS_A_OR_SHARED_PARENT; representative has minimum adjusted p
GR_GAM_Stable_0031	GO:0005548	obsolete phospholipid transporter activity	GO:0005548	1	GAM	Stable	DIRECT_IS_A_OR_SHARED_PARENT; representative has minimum adjusted p
GR_GAM_Stable_0032	GO:0005604	basement membrane	GO:0005604	1	GAM	Stable	DIRECT_IS_A_OR_SHARED_PARENT; representative has minimum adjusted p
GR_GAM_Stable_0033	GO:0005615	obsolete extracellular space	GO:0005615	1	GAM	Stable	DIRECT_IS_A_OR_SHARED_PARENT; representative has minimum adjusted p
GR_GAM_Stable_0034	GO:0005623	obsolete cell	GO:0005623	1	GAM	Stable	DIRECT_IS_A_OR_SHARED_PARENT; representative has minimum adjusted p
GR_GAM_Stable_0035	GO:0005635	nuclear envelope	GO:0005635;GO:0005740	2	GAM	Stable	DIRECT_IS_A_OR_SHARED_PARENT; representative has minimum adjusted p
GR_GAM_Stable_0036	GO:0005746	obsolete mitochondrial respirasome	GO:0005746	1	GAM	Stable	DIRECT_IS_A_OR_SHARED_PARENT; representative has minimum adjusted p
GR_GAM_Stable_0037	GO:0005747	obsolete mitochondrial respiratory chain complex I	GO:0005747	1	GAM	Stable	DIRECT_IS_A_OR_SHARED_PARENT; representative has minimum adjusted p
GR_GAM_Stable_0038	GO:0005751	obsolete mitochondrial respiratory chain complex IV	GO:0005751	1	GAM	Stable	DIRECT_IS_A_OR_SHARED_PARENT; representative has minimum adjusted p
GR_GAM_Stable_0039	GO:0005753	obsolete mitochondrial proton-transporting ATP synthase complex	GO:0005753	1	GAM	Stable	DIRECT_IS_A_OR_SHARED_PARENT; representative has minimum adjusted p
GR_GAM_Stable_0040	GO:0005791	rough endoplasmic reticulum	GO:0005791	1	GAM	Stable	DIRECT_IS_A_OR_SHARED_PARENT; representative has minimum adjusted p
GR_GAM_Stable_0041	GO:0005844	obsolete polysome	GO:0005844	1	GAM	Stable	DIRECT_IS_A_OR_SHARED_PARENT; representative has minimum adjusted p
GR_GAM_Stable_0042	GO:0016342	catenin complex	GO:0005890;GO:0016342;GO:0070436	3	GAM	Stable	DIRECT_IS_A_OR_SHARED_PARENT; representative has minimum adjusted p
GR_GAM_Stable_0043	GO:0005899	insulin receptor complex	GO:0005899	1	GAM	Stable	DIRECT_IS_A_OR_SHARED_PARENT; representative has minimum adjusted p
GR_GAM_Stable_0044	GO:0005924	obsolete cell-substrate adherens junction	GO:0005924	1	GAM	Stable	DIRECT_IS_A_OR_SHARED_PARENT; representative has minimum adjusted p
GR_GAM_Stable_0045	GO:0006119	oxidative phosphorylation	GO:0006119;GO:0006120;GO:0006123;GO:0019646;GO:0022900;GO:0022904;GO:0042773;GO:0042775	8	GAM	Stable	DIRECT_IS_A_OR_SHARED_PARENT; representative has minimum adjusted p
GR_GAM_Stable_0046	GO:0006189	'de novo' IMP biosynthetic process	GO:0006189	1	GAM	Stable	DIRECT_IS_A_OR_SHARED_PARENT; representative has minimum adjusted p
GR_GAM_Stable_0047	GO:0006268	obsolete DNA unwinding involved in DNA replication	GO:0006268	1	GAM	Stable	DIRECT_IS_A_OR_SHARED_PARENT; representative has minimum adjusted p
GR_GAM_Stable_0048	GO:0006305	obsolete DNA alkylation	GO:0006305	1	GAM	Stable	DIRECT_IS_A_OR_SHARED_PARENT; representative has minimum adjusted p
GR_GAM_Stable_0049	GO:0006306	obsolete DNA methylation	GO:0006306	1	GAM	Stable	DIRECT_IS_A_OR_SHARED_PARENT; representative has minimum adjusted p
GR_GAM_Stable_0050	GO:0006309	apoptotic DNA fragmentation	GO:0006309	1	GAM	Stable	DIRECT_IS_A_OR_SHARED_PARENT; representative has minimum adjusted p
GR_GAM_Stable_0051	GO:0006378	obsolete mRNA polyadenylation	GO:0006378	1	GAM	Stable	DIRECT_IS_A_OR_SHARED_PARENT; representative has minimum adjusted p
GR_GAM_Stable_0052	GO:0006379	obsolete mRNA cleavage	GO:0006379	1	GAM	Stable	DIRECT_IS_A_OR_SHARED_PARENT; representative has minimum adjusted p
GR_GAM_Stable_0053	GO:0006511	ubiquitin-dependent protein catabolic process	GO:0006511	1	GAM	Stable	DIRECT_IS_A_OR_SHARED_PARENT; representative has minimum adjusted p
GR_GAM_Stable_0054	GO:0006691	leukotriene metabolic process	GO:0006691	1	GAM	Stable	DIRECT_IS_A_OR_SHARED_PARENT; representative has minimum adjusted p
GR_GAM_Stable_0055	GO:0006725	obsolete cellular aromatic compound metabolic process	GO:0006725	1	GAM	Stable	DIRECT_IS_A_OR_SHARED_PARENT; representative has minimum adjusted p
GR_GAM_Stable_0056	GO:0006807	obsolete nitrogen compound metabolic process	GO:0006807	1	GAM	Stable	DIRECT_IS_A_OR_SHARED_PARENT; representative has minimum adjusted p
GR_GAM_Stable_0057	GO:0006879	intracellular iron ion homeostasis	GO:0006879	1	GAM	Stable	DIRECT_IS_A_OR_SHARED_PARENT; representative has minimum adjusted p
GR_GAM_Stable_0058	GO:0006928	obsolete movement of cell or subcellular component	GO:0006928	1	GAM	Stable	DIRECT_IS_A_OR_SHARED_PARENT; representative has minimum adjusted p
GR_GAM_Stable_0059	GO:0006949	obsolete syncytium formation	GO:0006949	1	GAM	Stable	DIRECT_IS_A_OR_SHARED_PARENT; representative has minimum adjusted p
GR_GAM_Stable_0060	GO:0006977	obsolete DNA damage response, signal transduction by p53 class mediator resulting in cell cycle arrest	GO:0006977	1	GAM	Stable	DIRECT_IS_A_OR_SHARED_PARENT; representative has minimum adjusted p
GR_GAM_Stable_0061	GO:0007016	obsolete cytoskeletal anchoring at plasma membrane	GO:0007016	1	GAM	Stable	DIRECT_IS_A_OR_SHARED_PARENT; representative has minimum adjusted p
GR_GAM_Stable_0062	GO:0007257	obsolete activation of JUN kinase activity	GO:0007257	1	GAM	Stable	DIRECT_IS_A_OR_SHARED_PARENT; representative has minimum adjusted p
GR_GAM_Stable_0063	GO:0007303	obsolete cytoplasmic transport, nurse cell to oocyte	GO:0007303	1	GAM	Stable	DIRECT_IS_A_OR_SHARED_PARENT; representative has minimum adjusted p
GR_GAM_Stable_0064	GO:0007464	R3/R4 cell fate commitment	GO:0001752;GO:0007464;GO:0042706;GO:0046552	4	GAM	Stable	DIRECT_IS_A_OR_SHARED_PARENT; representative has minimum adjusted p
GR_GAM_Stable_0065	GO:0007568	obsolete aging	GO:0007568	1	GAM	Stable	DIRECT_IS_A_OR_SHARED_PARENT; representative has minimum adjusted p
GR_GAM_Stable_0066	GO:0007569	obsolete cell aging	GO:0007569	1	GAM	Stable	DIRECT_IS_A_OR_SHARED_PARENT; representative has minimum adjusted p
GR_GAM_Stable_0067	GO:0007571	obsolete age-dependent general metabolic decline	GO:0007571	1	GAM	Stable	DIRECT_IS_A_OR_SHARED_PARENT; representative has minimum adjusted p
GR_GAM_Stable_0068	GO:0008022	obsolete protein C-terminus binding	GO:0008022	1	GAM	Stable	DIRECT_IS_A_OR_SHARED_PARENT; representative has minimum adjusted p
GR_GAM_Stable_0069	GO:0008050	female courtship behavior	GO:0008050	1	GAM	Stable	DIRECT_IS_A_OR_SHARED_PARENT; representative has minimum adjusted p
GR_GAM_Stable_0070	GO:0008080	N-acetyltransferase activity	GO:0008080	1	GAM	Stable	DIRECT_IS_A_OR_SHARED_PARENT; representative has minimum adjusted p
GR_GAM_Stable_0071	GO:0008139	obsolete nuclear localization sequence binding	GO:0008139	1	GAM	Stable	DIRECT_IS_A_OR_SHARED_PARENT; representative has minimum adjusted p
GR_GAM_Stable_0072	GO:0008144	obsolete drug binding	GO:0008144	1	GAM	Stable	DIRECT_IS_A_OR_SHARED_PARENT; representative has minimum adjusted p
GR_GAM_Stable_0073	GO:0008510	sodium:bicarbonate symporter activity	GO:0008510	1	GAM	Stable	DIRECT_IS_A_OR_SHARED_PARENT; representative has minimum adjusted p
GR_GAM_Stable_0074	GO:0008565	obsolete protein transporter activity	GO:0008565	1	GAM	Stable	DIRECT_IS_A_OR_SHARED_PARENT; representative has minimum adjusted p
GR_GAM_Stable_0075	GO:0009161	obsolete ribonucleoside monophosphate metabolic process	GO:0009161	1	GAM	Stable	DIRECT_IS_A_OR_SHARED_PARENT; representative has minimum adjusted p
GR_GAM_Stable_0076	GO:0046034	ATP metabolic process	GO:0009123;GO:0009126;GO:0009144;GO:0009167;GO:0009205;GO:0046034	6	GAM	Stable	DIRECT_IS_A_OR_SHARED_PARENT; representative has minimum adjusted p
GR_GAM_Stable_0077	GO:0009199	obsolete ribonucleoside triphosphate metabolic process	GO:0009199	1	GAM	Stable	DIRECT_IS_A_OR_SHARED_PARENT; representative has minimum adjusted p
GR_GAM_Stable_0078	GO:0009235	cobalamin metabolic process	GO:0009235	1	GAM	Stable	DIRECT_IS_A_OR_SHARED_PARENT; representative has minimum adjusted p
GR_GAM_Stable_0079	GO:0009991	obsolete response to extracellular stimulus	GO:0009991	1	GAM	Stable	DIRECT_IS_A_OR_SHARED_PARENT; representative has minimum adjusted p
GR_GAM_Stable_0080	GO:0010033	obsolete response to organic substance	GO:0010033	1	GAM	Stable	DIRECT_IS_A_OR_SHARED_PARENT; representative has minimum adjusted p
GR_GAM_Stable_0081	GO:0010035	obsolete response to inorganic substance	GO:0010035	1	GAM	Stable	DIRECT_IS_A_OR_SHARED_PARENT; representative has minimum adjusted p
GR_GAM_Stable_0082	GO:0010243	obsolete response to organonitrogen compound	GO:0010243	1	GAM	Stable	DIRECT_IS_A_OR_SHARED_PARENT; representative has minimum adjusted p
GR_GAM_Stable_0083	GO:0010259	obsolete multicellular organism aging	GO:0010259	1	GAM	Stable	DIRECT_IS_A_OR_SHARED_PARENT; representative has minimum adjusted p
GR_GAM_Stable_0084	GO:0010390	obsolete histone monoubiquitination	GO:0010390	1	GAM	Stable	DIRECT_IS_A_OR_SHARED_PARENT; representative has minimum adjusted p
GR_GAM_Stable_0085	GO:0010499	proteasomal ubiquitin-independent protein catabolic process	GO:0010499	1	GAM	Stable	DIRECT_IS_A_OR_SHARED_PARENT; representative has minimum adjusted p
GR_GAM_Stable_0086	GO:0010528	obsolete regulation of transposition	GO:0010528	1	GAM	Stable	DIRECT_IS_A_OR_SHARED_PARENT; representative has minimum adjusted p
GR_GAM_Stable_0087	GO:0010529	obsolete negative regulation of transposition	GO:0010529	1	GAM	Stable	DIRECT_IS_A_OR_SHARED_PARENT; representative has minimum adjusted p
GR_GAM_Stable_0088	GO:0010769	obsolete regulation of cell morphogenesis involved in differentiation	GO:0010769	1	GAM	Stable	DIRECT_IS_A_OR_SHARED_PARENT; representative has minimum adjusted p
GR_GAM_Stable_0089	GO:0010941	obsolete regulation of cell death	GO:0010941	1	GAM	Stable	DIRECT_IS_A_OR_SHARED_PARENT; representative has minimum adjusted p
GR_GAM_Stable_0090	GO:0010942	obsolete positive regulation of cell death	GO:0010942	1	GAM	Stable	DIRECT_IS_A_OR_SHARED_PARENT; representative has minimum adjusted p
GR_GAM_Stable_0091	GO:0010990	obsolete regulation of SMAD protein complex assembly	GO:0010990	1	GAM	Stable	DIRECT_IS_A_OR_SHARED_PARENT; representative has minimum adjusted p
GR_GAM_Stable_0092	GO:0010991	obsolete negative regulation of SMAD protein complex assembly	GO:0010991	1	GAM	Stable	DIRECT_IS_A_OR_SHARED_PARENT; representative has minimum adjusted p
GR_GAM_Stable_0093	GO:0014002	astrocyte development	GO:0014002	1	GAM	Stable	DIRECT_IS_A_OR_SHARED_PARENT; representative has minimum adjusted p
GR_GAM_Stable_0094	GO:0014065	obsolete phosphatidylinositol 3-kinase signaling	GO:0014065	1	GAM	Stable	DIRECT_IS_A_OR_SHARED_PARENT; representative has minimum adjusted p
GR_GAM_Stable_0095	GO:0014070	obsolete response to organic cyclic compound	GO:0014070	1	GAM	Stable	DIRECT_IS_A_OR_SHARED_PARENT; representative has minimum adjusted p
GR_GAM_Stable_0096	GO:0050789	regulation of biological process	GO:0000001;GO:0000018;GO:0000019;GO:0000022;GO:0000027;GO:0000028;GO:0000070;GO:0000075;GO:0000076;GO:0000077;GO:0000082;GO:0000086;GO:0000122;GO:0000132;GO:0000165;GO:0000184;GO:0000212;GO:0000226;GO:0000278;GO:0000280;GO:0000281;GO:0000288;GO:0000289;GO:0000375;GO:0000377;GO:0000398;GO:0000578;GO:0000712;GO:0000723;GO:0000724;GO:0000725;GO:0000727;GO:0000731;GO:0000732;GO:0000819;GO:0000902;GO:0000910;GO:0000956;GO:0001101;GO:0001556;GO:0001558;GO:0001568;GO:0001570;GO:0001654;GO:0001655;GO:0001656;GO:0001658;GO:0001667;GO:0001678;GO:0001700;GO:0001701;GO:0001704;GO:0001706;GO:0001707;GO:0001708;GO:0001709;GO:0001736;GO:0001738;GO:0001745;GO:0001751;GO:0001754;GO:0001756;GO:0001763;GO:0001764;GO:0001767;GO:0001768;GO:0001775;GO:0001819;GO:0001822;GO:0001824;GO:0001825;GO:0001829;GO:0001838;GO:0001840;GO:0001841;GO:0001843;GO:0001885;GO:0001889;GO:0001890;GO:0001892;GO:0001932;GO:0001933;GO:0001934;GO:0001942;GO:0001944;GO:0001952;GO:0001956;GO:0001959;GO:0002009;GO:0002052;GO:0002064;GO:0002065;GO:0002066;GO:0002088;GO:0002093;GO:0002119;GO:0002154;GO:0002164;GO:0002165;GO:0002168;GO:0002181;GO:0002218;GO:0002221;GO:0002244;GO:0002252;GO:0002253;GO:0002376;GO:0002440;GO:0002478;GO:0002495;GO:0002504;GO:0002520;GO:0002521;GO:0002576;GO:0002637;GO:0002639;GO:0002682;GO:0002683;GO:0002684;GO:0002694;GO:0002696;GO:0002697;GO:0002700;GO:0002706;GO:0002708;GO:0002712;GO:0002714;GO:0002757;GO:0002758;GO:0002764;GO:0002791;GO:0002793;GO:0002819;GO:0002821;GO:0002822;GO:0002824;GO:0002831;GO:0002889;GO:0002891;GO:0003002;GO:0003006;GO:0003007;GO:0003008;GO:0003158;GO:0003170;GO:0003171;GO:0003174;GO:0003179;GO:0003181;GO:0003183;GO:0003205;GO:0003279;GO:0003382;GO:0003383;GO:0006109;GO:0006139;GO:0006259;GO:0006260;GO:0006261;GO:0006270;GO:0006275;GO:0006277;GO:0006281;GO:0006282;GO:0006283;GO:0006284;GO:0006289;GO:0006302;GO:0006303;GO:0006304;GO:0006310;GO:0006323;GO:0006325;GO:0006333;GO:0006334;GO:0006336;GO:0006337;GO:0006338;GO:0006342;GO:0006351;GO:0006352;GO:0006354;GO:0006355;GO:0006356;GO:0006357;GO:0006366;GO:0006367;GO:0006368;GO:0006396;GO:0006397;GO:0006401;GO:0006402;GO:0006403;GO:0006405;GO:0006406;GO:0006412;GO:0006413;GO:0006417;GO:0006446;GO:0006464;GO:0006468;GO:0006469;GO:0006470;GO:0006473;GO:0006475;GO:0006479;GO:0006518;GO:0006605;GO:0006606;GO:0006607;GO:0006610;GO:0006611;GO:0006612;GO:0006613;GO:0006614;GO:0006623;GO:0006793;GO:0006796;GO:0006801;GO:0006810;GO:0006813;GO:0006857;GO:0006886;GO:0006887;GO:0006892;GO:0006897;GO:0006909;GO:0006911;GO:0006913;GO:0006915;GO:0006935;GO:0006950;GO:0006952;GO:0006955;GO:0006974;GO:0006979;GO:0006996;GO:0006997;GO:0007010;GO:0007015;GO:0007017;GO:0007018;GO:0007026;GO:0007028;GO:0007029;GO:0007030;GO:0007043;GO:0007044;GO:0007049;GO:0007050;GO:0007051;GO:0007052;GO:0007059;GO:0007060;GO:0007062;GO:0007063;GO:0007064;GO:0007065;GO:0007066;GO:0007076;GO:0007079;GO:0007088;GO:0007091;GO:0007093;GO:0007097;GO:0007098;GO:0007127;GO:0007129;GO:0007130;GO:0007131;GO:0007135;GO:0007140;GO:0007141;GO:0007143;GO:0007154;GO:0007155;GO:0007156;GO:0007157;GO:0007160;GO:0007161;GO:0007162;GO:0007163;GO:0007164;GO:0007165;GO:0007166;GO:0007167;GO:0007169;GO:0007173;GO:0007219;GO:0007223;GO:0007229;GO:0007254;GO:0007259;GO:0007264;GO:0007265;GO:0007266;GO:0007267;GO:0007272;GO:0007275;GO:0007276;GO:0007277;GO:0007278;GO:0007279;GO:0007281;GO:0007282;GO:0007283;GO:0007286;GO:0007289;GO:0007292;GO:0007293;GO:0007294;GO:0007297;GO:0007298;GO:0007304;GO:0007306;GO:0007307;GO:0007308;GO:0007309;GO:0007310;GO:0007313;GO:0007314;GO:0007315;GO:0007316;GO:0007317;GO:0007318;GO:0007338;GO:0007346;GO:0007349;GO:0007350;GO:0007351;GO:0007354;GO:0007362;GO:0007365;GO:0007367;GO:0007368;GO:0007369;GO:0007389;GO:0007391;GO:0007398;GO:0007399;GO:0007400;GO:0007403;GO:0007405;GO:0007406;GO:0007409;GO:0007411;GO:0007413;GO:0007414;GO:0007415;GO:0007416;GO:0007417;GO:0007420;GO:0007422;GO:0007423;GO:0007424;GO:0007431;GO:0007435;GO:0007442;GO:0007443;GO:0007444;GO:0007447;GO:0007450;GO:0007455;GO:0007472;GO:0007474;GO:0007475;GO:0007476;GO:0007477;GO:0007478;GO:0007480;GO:0007492;GO:0007498;GO:0007507;GO:0007517;GO:0007519;GO:0007522;GO:0007525;GO:0007528;GO:0007530;GO:0007548;GO:0007552;GO:0007560;GO:0007566;GO:0007591;GO:0007610;GO:0007611;GO:0007612;GO:0007613;GO:0007614;GO:0007616;GO:0007622;GO:0007623;GO:0007626;GO:0007632;GO:0008037;GO:0008038;GO:0008045;GO:0008069;GO:0008078;GO:0008088;GO:0008089;GO:0008090;GO:0008104;GO:0008150;GO:0008152;GO:0008156;GO:0008213;GO:0008219;GO:0008283;GO:0008284;GO:0008285;GO:0008286;GO:0008293;GO:0008298;GO:0008306;GO:0008340;GO:0008344;GO:0008347;GO:0008356;GO:0008358;GO:0008360;GO:0008361;GO:0008380;GO:0008406;GO:0008542;GO:0008544;GO:0008582;GO:0008584;GO:0008586;GO:0008587;GO:0008589;GO:0008593;GO:0008595;GO:0008608;GO:0008630;GO:0009057;GO:0009058;GO:0009059;GO:0009266;GO:0009267;GO:0009299;GO:0009301;GO:0009303;GO:0009314;GO:0009408;GO:0009411;GO:0009416;GO:0009555;GO:0009566;GO:0009605;GO:0009607;GO:0009611;GO:0009612;GO:0009615;GO:0009617;GO:0009628;GO:0009653;GO:0009719;GO:0009725;GO:0009743;GO:0009746;GO:0009749;GO:0009755;GO:0009790;GO:0009791;GO:0009792;GO:0009794;GO:0009798;GO:0009799;GO:0009826;GO:0009855;GO:0009880;GO:0009886;GO:0009887;GO:0009888;GO:0009889;GO:0009890;GO:0009891;GO:0009892;GO:0009893;GO:0009894;GO:0009895;GO:0009896;GO:0009913;GO:0009948;GO:0009949;GO:0009950;GO:0009951;GO:0009952;GO:0009953;GO:0009966;GO:0009967;GO:0009968;GO:0009987;GO:0009994;GO:0009996;GO:0010001;GO:0010026;GO:0010032;GO:0010171;GO:0010172;GO:0010212;GO:0010248;GO:0010256;GO:0010324;GO:0010389;GO:0010453;GO:0010454;GO:0010464;GO:0010467;GO:0010468;GO:0010470;GO:0010506;GO:0010507;GO:0010508;GO:0010556;GO:0010557;GO:0010558;GO:0010560;GO:0010562;GO:0010563;GO:0010564;GO:0010569;GO:0010586;GO:0010603;GO:0010604;GO:0010605;GO:0010606;GO:0010608;GO:0010610;GO:0010623;GO:0010628;GO:0010629;GO:0010631;GO:0010632;GO:0010634;GO:0010636;GO:0010638;GO:0010639;GO:0010642;GO:0010646;GO:0010647;GO:0010648;GO:0010717;GO:0010718;GO:0010720;GO:0010721;GO:0010770;GO:0010793;GO:0010799;GO:0010800;GO:0010810;GO:0010811;GO:0010817;GO:0010828;GO:0010894;GO:0010921;GO:0010923;GO:0010927;GO:0010948;GO:0010965;GO:0010968;GO:0010972;GO:0010975;GO:0010976;GO:0010977;GO:0010995;GO:0012501;GO:0014013;GO:0014015;GO:0014016;GO:0014017;GO:0014020;GO:0014031;GO:0014032;GO:0014042;GO:0014706;GO:0014735;GO:0014744;GO:0014855;GO:0014912;GO:0015031;GO:0015698;GO:0015833;GO:0015889;GO:0015914;GO:0015931;GO:0015985;GO:0016032;GO:0016043;GO:0016049;GO:0016055;GO:0016070;GO:0016071;GO:0016082;GO:0016192;GO:0016197;GO:0016198;GO:0016199;GO:0016203;GO:0016239;GO:0016241;GO:0016246;GO:0016310;GO:0016311;GO:0016318;GO:0016319;GO:0016322;GO:0016325;GO:0016330;GO:0016331;GO:0016333;GO:0016334;GO:0016358;GO:0016441;GO:0016477;GO:0016482;GO:0017000;GO:0017145;GO:0017148;GO:0018022;GO:0018023;GO:0018026;GO:0018027;GO:0018105;GO:0018107;GO:0018108;GO:0018205;GO:0018393;GO:0018394;GO:0018992;GO:0019094;GO:0019216;GO:0019219;GO:0019221;GO:0019222;GO:0019430;GO:0019538;GO:0019827;GO:0019882;GO:0019884;GO:0019886;GO:0019896;GO:0019953;GO:0021510;GO:0021514;GO:0021517;GO:0021533;GO:0021536;GO:0021537;GO:0021538;GO:0021543;GO:0021549;GO:0021575;GO:0021587;GO:0021675;GO:0021680;GO:0021681;GO:0021683;GO:0021684;GO:0021692;GO:0021694;GO:0021695;GO:0021696;GO:0021697;GO:0021700;GO:0021702;GO:0021707;GO:0021781;GO:0021846;GO:0021872;GO:0021879;GO:0021915;GO:0021952;GO:0021953;GO:0021954;GO:0021955;GO:0021965;GO:0021982;GO:0021986;GO:0021987;GO:0022008;GO:0022009;GO:0022037;GO:0022402;GO:0022404;GO:0022405;GO:0022407;GO:0022409;GO:0022411;GO:0022412;GO:0022414;GO:0022603;GO:0022604;GO:0022607;GO:0022612;GO:0022613;GO:0022618;GO:0023014;GO:0023051;GO:0023052;GO:0023056;GO:0023057;GO:0030010;GO:0030029;GO:0030030;GO:0030036;GO:0030048;GO:0030097;GO:0030098;GO:0030099;GO:0030100;GO:0030111;GO:0030154;GO:0030155;GO:0030162;GO:0030163;GO:0030177;GO:0030178;GO:0030182;GO:0030217;GO:0030238;GO:0030239;GO:0030261;GO:0030278;GO:0030307;GO:0030323;GO:0030324;GO:0030326;GO:0030330;GO:0030334;GO:0030335;GO:0030336;GO:0030423;GO:0030510;GO:0030514;GO:0030516;GO:0030518;GO:0030521;GO:0030522;GO:0030539;GO:0030575;GO:0030703;GO:0030705;GO:0030706;GO:0030707;GO:0030716;GO:0030717;GO:0030718;GO:0030720;GO:0030727;GO:0030855;GO:0030856;GO:0030858;GO:0030865;GO:0030866;GO:0030900;GO:0030901;GO:0030902;GO:0030903;GO:0030951;GO:0030952;GO:0030953;GO:0030997;GO:0031023;GO:0031032;GO:0031047;GO:0031048;GO:0031098;GO:0031109;GO:0031110;GO:0031111;GO:0031112;GO:0031113;GO:0031114;GO:0031116;GO:0031122;GO:0031123;GO:0031124;GO:0031128;GO:0031175;GO:0031290;GO:0031291;GO:0031297;GO:0031333;GO:0031334;GO:0031344;GO:0031346;GO:0031347;GO:0031349;GO:0031399;GO:0031400;GO:0031401;GO:0031440;GO:0031441;GO:0031445;GO:0031497;GO:0031503;GO:0031507;GO:0031570;GO:0031571;GO:0031572;GO:0031581;GO:0031589;GO:0031647;GO:0031667;GO:0031669;GO:0031670;GO:0031990;GO:0032006;GO:0032008;GO:0032012;GO:0032042;GO:0032101;GO:0032103;GO:0032147;GO:0032200;GO:0032204;GO:0032205;GO:0032206;GO:0032210;GO:0032228;GO:0032231;GO:0032233;GO:0032239;GO:0032253;GO:0032259;GO:0032268;GO:0032269;GO:0032270;GO:0032271;GO:0032273;GO:0032368;GO:0032370;GO:0032386;GO:0032388;GO:0032392;GO:0032434;GO:0032436;GO:0032465;GO:0032467;GO:0032479;GO:0032481;GO:0032483;GO:0032501;GO:0032502;GO:0032507;GO:0032535;GO:0032663;GO:0032743;GO:0032774;GO:0032784;GO:0032786;GO:0032868;GO:0032869;GO:0032870;GO:0032872;GO:0032875;GO:0032876;GO:0032879;GO:0032880;GO:0032885;GO:0032886;GO:0032922;GO:0032940;GO:0032956;GO:0032968;GO:0032970;GO:0032984;GO:0032986;GO:0032989;GO:0033002;GO:0033036;GO:0033043;GO:0033044;GO:0033045;GO:0033046;GO:0033047;GO:0033048;GO:0033081;GO:0033135;GO:0033137;GO:0033138;GO:0033143;GO:0033144;GO:0033146;GO:0033147;GO:0033157;GO:0033206;GO:0033275;GO:0033314;GO:0033365;GO:0033500;GO:0033554;GO:0033563;GO:0033601;GO:0033674;GO:0033700;GO:0033962;GO:0033993;GO:0034059;GO:0034063;GO:0034097;GO:0034198;GO:0034204;GO:0034243;GO:0034284;GO:0034329;GO:0034330;GO:0034332;GO:0034333;GO:0034446;GO:0034501;GO:0034502;GO:0034504;GO:0034605;GO:0034613;GO:0034622;GO:0034635;GO:0034643;GO:0034644;GO:0034654;GO:0034655;GO:0034724;GO:0034728;GO:0034762;GO:0034764;GO:0034775;GO:0035017;GO:0035019;GO:0035020;GO:0035021;GO:0035022;GO:0035023;GO:0035024;GO:0035039;GO:0035041;GO:0035051;GO:0035063;GO:0035069;GO:0035075;GO:0035076;GO:0035087;GO:0035088;GO:0035092;GO:0035093;GO:0035096;GO:0035107;GO:0035108;GO:0035112;GO:0035113;GO:0035114;GO:0035116;GO:0035120;GO:0035137;GO:0035148;GO:0035149;GO:0035151;GO:0035152;GO:0035155;GO:0035157;GO:0035158;GO:0035159;GO:0035160;GO:0035194;GO:0035195;GO:0035214;GO:0035218;GO:0035220;GO:0035222;GO:0035239;GO:0035262;GO:0035264;GO:0035265;GO:0035272;GO:0035278;GO:0035279;GO:0035280;GO:0035282;GO:0035293;GO:0035295;GO:0035303;GO:0035305;GO:0035309;GO:0035315;GO:0035330;GO:0035331;GO:0035332;GO:0035335;GO:0035443;GO:0035545;GO:0035556;GO:0035567;GO:0035640;GO:0035672;GO:0035690;GO:0035722;GO:0035821;GO:0035825;GO:0035886;GO:0035904;GO:0035987;GO:0036098;GO:0036099;GO:0036211;GO:0036314;GO:0036315;GO:0036445;GO:0038083;GO:0038111;GO:0038127;GO:0038179;GO:0040001;GO:0040003;GO:0040007;GO:0040008;GO:0040009;GO:0040011;GO:0040012;GO:0040013;GO:0040014;GO:0040017;GO:0040018;GO:0040019;GO:0040025;GO:0040026;GO:0040027;GO:0040028;GO:0040029;GO:0040033;GO:0040034;GO:0040038;GO:0042060;GO:0042062;GO:0042063;GO:0042067;GO:0042074;GO:0042078;GO:0042110;GO:0042127;GO:0042176;GO:0042177;GO:0042221;GO:0042254;GO:0042255;GO:0042273;GO:0042274;GO:0042303;GO:0042307;GO:0042325;GO:0042327;GO:0042330;GO:0042332;GO:0042335;GO:0042461;GO:0042478;GO:0042480;GO:0042493;GO:0042551;GO:0042554;GO:0042592;GO:0042593;GO:0042594;GO:0042633;GO:0042659;GO:0042675;GO:0042676;GO:0042692;GO:0042743;GO:0042752;GO:0042770;GO:0042789;GO:0042795;GO:0042908;GO:0042939;GO:0042981;GO:0043009;GO:0043010;GO:0043043;GO:0043044;GO:0043065;GO:0043066;GO:0043067;GO:0043068;GO:0043069;GO:0043085;GO:0043086;GO:0043087;GO:0043123;GO:0043170;GO:0043200;GO:0043201;GO:0043207;GO:0043242;GO:0043244;GO:0043254;GO:0043255;GO:0043277;GO:0043297;GO:0043368;GO:0043388;GO:0043401;GO:0043405;GO:0043406;GO:0043408;GO:0043409;GO:0043410;GO:0043412;GO:0043414;GO:0043434;GO:0043487;GO:0043488;GO:0043506;GO:0043507;GO:0043523;GO:0043543;GO:0043547;GO:0043549;GO:0043583;GO:0043586;GO:0043588;GO:0043652;GO:0043903;GO:0043933;GO:0043954;GO:0044003;GO:0044057;GO:0044085;GO:0044087;GO:0044088;GO:0044089;GO:0044090;GO:0044092;GO:0044093;GO:0044238;GO:0044257;GO:0044267;GO:0044380;GO:0044403;GO:0044417;GO:0044419;GO:0044703;GO:0044770;GO:0044772;GO:0044773;GO:0044774;GO:0044783;GO:0044784;GO:0044788;GO:0044818;GO:0044819;GO:0044839;GO:0044843;GO:0045005;GO:0045047;GO:0045058;GO:0045069;GO:0045070;GO:0045087;GO:0045088;GO:0045089;GO:0045091;GO:0045103;GO:0045104;GO:0045132;GO:0045137;GO:0045138;GO:0045143;GO:0045144;GO:0045165;GO:0045167;GO:0045168;GO:0045175;GO:0045176;GO:0045184;GO:0045185;GO:0045186;GO:0045191;GO:0045197;GO:0045214;GO:0045216;GO:0045321;GO:0045332;GO:0045444;GO:0045446;GO:0045451;GO:0045465;GO:0045466;GO:0045468;GO:0045475;GO:0045540;GO:0045541;GO:0045570;GO:0045580;GO:0045595;GO:0045596;GO:0045597;GO:0045606;GO:0045618;GO:0045619;GO:0045637;GO:0045652;GO:0045664;GO:0045665;GO:0045666;GO:0045667;GO:0045668;GO:0045684;GO:0045685;GO:0045727;GO:0045732;GO:0045738;GO:0045739;GO:0045746;GO:0045747;GO:0045773;GO:0045778;GO:0045785;GO:0045786;GO:0045787;GO:0045792;GO:0045793;GO:0045807;GO:0045814;GO:0045830;GO:0045836;GO:0045859;GO:0045860;GO:0045861;GO:0045862;GO:0045870;GO:0045875;GO:0045880;GO:0045892;GO:0045893;GO:0045910;GO:0045911;GO:0045926;GO:0045927;GO:0045930;GO:0045931;GO:0045934;GO:0045936;GO:0045937;GO:0045939;GO:0045943;GO:0045944;GO:0045947;GO:0045950;GO:0045962;GO:0045974;GO:0045995;GO:0046011;GO:0046012;GO:0046326;GO:0046328;GO:0046330;GO:0046331;GO:0046425;GO:0046426;GO:0046530;GO:0046532;GO:0046546;GO:0046578;GO:0046579;GO:0046580;GO:0046602;GO:0046605;GO:0046618;GO:0046620;GO:0046621;GO:0046622;GO:0046631;GO:0046632;GO:0046649;GO:0046661;GO:0046666;GO:0046667;GO:0046777;GO:0046784;GO:0046794;GO:0046822;GO:0046824;GO:0046825;GO:0046831;GO:0046834;GO:0046843;GO:0046883;GO:0046887;GO:0046903;GO:0046907;GO:0046958;GO:0046959;GO:0047497;GO:0048009;GO:0048011;GO:0048015;GO:0048056;GO:0048103;GO:0048132;GO:0048133;GO:0048134;GO:0048135;GO:0048145;GO:0048167;GO:0048190;GO:0048193;GO:0048229;GO:0048232;GO:0048259;GO:0048285;GO:0048311;GO:0048312;GO:0048332;GO:0048367;GO:0048468;GO:0048469;GO:0048477;GO:0048489;GO:0048511;GO:0048512;GO:0048513;GO:0048514;GO:0048515;GO:0048518;GO:0048519;GO:0048522;GO:0048523;GO:0048524;GO:0048534;GO:0048545;GO:0048546;GO:0048562;GO:0048565;GO:0048566;GO:0048568;GO:0048580;GO:0048581;GO:0048582;GO:0048583;GO:0048584;GO:0048585;GO:0048588;GO:0048589;GO:0048592;GO:0048593;GO:0048598;GO:0048599;GO:0048608;GO:0048609;GO:0048638;GO:0048639;GO:0048640;GO:0048644;GO:0048646;GO:0048666;GO:0048667;GO:0048699;GO:0048704;GO:0048707;GO:0048708;GO:0048713;GO:0048729;GO:0048730;GO:0048731;GO:0048732;GO:0048736;GO:0048737;GO:0048738;GO:0048739;GO:0048749;GO:0048754;GO:0048769;GO:0048790;GO:0048806;GO:0048808;GO:0048812;GO:0048813;GO:0048814;GO:0048839;GO:0048841;GO:0048842;GO:0048844;GO:0048854;GO:0048856;GO:0048858;GO:0048859;GO:0048863;GO:0048864;GO:0048865;GO:0048867;GO:0048869;GO:0048870;GO:0048878;GO:0050000;GO:0050434;GO:0050657;GO:0050658;GO:0050665;GO:0050673;GO:0050678;GO:0050679;GO:0050680;GO:0050686;GO:0050708;GO:0050714;GO:0050731;GO:0050747;GO:0050767;GO:0050768;GO:0050769;GO:0050770;GO:0050772;GO:0050773;GO:0050775;GO:0050776;GO:0050778;GO:0050789;GO:0050790;GO:0050792;GO:0050793;GO:0050794;GO:0050796;GO:0050803;GO:0050804;GO:0050806;GO:0050807;GO:0050808;GO:0050863;GO:0050864;GO:0050865;GO:0050867;GO:0050877;GO:0050890;GO:0050896;GO:0050900;GO:0050905;GO:0050910;GO:0050920;GO:0050921;GO:0050982;GO:0051028;GO:0051046;GO:0051047;GO:0051048;GO:0051049;GO:0051050;GO:0051051;GO:0051052;GO:0051053;GO:0051054;GO:0051055;GO:0051056;GO:0051057;GO:0051058;GO:0051093;GO:0051094;GO:0051098;GO:0051099;GO:0051101;GO:0051124;GO:0051128;GO:0051129;GO:0051130;GO:0051145;GO:0051146;GO:0051147;GO:0051168;GO:0051169;GO:0051170;GO:0051174;GO:0051177;GO:0051179;GO:0051222;GO:0051223;GO:0051224;GO:0051225;GO:0051231;GO:0051234;GO:0051235;GO:0051236;GO:0051239;GO:0051240;GO:0051241;GO:0051246;GO:0051247;GO:0051248;GO:0051249;GO:0051251;GO:0051252;GO:0051253;GO:0051254;GO:0051255;GO:0051256;GO:0051257;GO:0051259;GO:0051261;GO:0051276;GO:0051293;GO:0051294;GO:0051295;GO:0051301;GO:0051302;GO:0051304;GO:0051305;GO:0051307;GO:0051309;GO:0051310;GO:0051315;GO:0051321;GO:0051336;GO:0051338;GO:0051345;GO:0051346;GO:0051383;GO:0051403;GO:0051457;GO:0051493;GO:0051494;GO:0051495;GO:0051496;GO:0051597;GO:0051607;GO:0051640;GO:0051641;GO:0051642;GO:0051646;GO:0051647;GO:0051648;GO:0051649;GO:0051650;GO:0051651;GO:0051653;GO:0051654;GO:0051656;GO:0051668;GO:0051674;GO:0051701;GO:0051702;GO:0051707;GO:0051716;GO:0051726;GO:0051754;GO:0051781;GO:0051783;GO:0051785;GO:0051836;GO:0051851;GO:0051893;GO:0051960;GO:0051961;GO:0051962;GO:0051963;GO:0051983;GO:0051984;GO:0051985;GO:0055001;GO:0055002;GO:0055003;GO:0055006;GO:0055013;GO:0055057;GO:0055059;GO:0055123;GO:0060008;GO:0060009;GO:0060019;GO:0060033;GO:0060038;GO:0060041;GO:0060052;GO:0060065;GO:0060147;GO:0060148;GO:0060149;GO:0060173;GO:0060211;GO:0060213;GO:0060216;GO:0060236;GO:0060255;GO:0060281;GO:0060284;GO:0060322;GO:0060323;GO:0060324;GO:0060325;GO:0060326;GO:0060332;GO:0060335;GO:0060341;GO:0060378;GO:0060415;GO:0060419;GO:0060429;GO:0060438;GO:0060439;GO:0060491;GO:0060537;GO:0060538;GO:0060541;GO:0060560;GO:0060562;GO:0060571;GO:0060573;GO:0060581;GO:0060606;GO:0060627;GO:0060631;GO:0060675;GO:0060759;GO:0060765;GO:0060768;GO:0060810;GO:0060811;GO:0060828;GO:0060840;GO:0060903;GO:0060947;GO:0060948;GO:0060966;GO:0060967;GO:0060976;GO:0060977;GO:0060993;GO:0060996;GO:0060998;GO:0060999;GO:0061001;GO:0061003;GO:0061008;GO:0061013;GO:0061014;GO:0061024;GO:0061028;GO:0061038;GO:0061053;GO:0061061;GO:0061062;GO:0061063;GO:0061064;GO:0061136;GO:0061138;GO:0061245;GO:0061326;GO:0061333;GO:0061351;GO:0061383;GO:0061384;GO:0061387;GO:0061448;GO:0061458;GO:0061525;GO:0061548;GO:0061564;GO:0061572;GO:0061640;GO:0061842;GO:0061867;GO:0061982;GO:0061983;GO:0061988;GO:0062012;GO:0065001;GO:0065003;GO:0065004;GO:0065007;GO:0065008;GO:0065009;GO:0070058;GO:0070192;GO:0070193;GO:0070201;GO:0070252;GO:0070255;GO:0070257;GO:0070302;GO:0070372;GO:0070507;GO:0070542;GO:0070550;GO:0070587;GO:0070588;GO:0070650;GO:0070671;GO:0070828;GO:0070831;GO:0070848;GO:0070849;GO:0070887;GO:0070914;GO:0070925;GO:0070972;GO:0071103;GO:0071139;GO:0071156;GO:0071158;GO:0071166;GO:0071214;GO:0071216;GO:0071219;GO:0071222;GO:0071229;GO:0071230;GO:0071233;GO:0071322;GO:0071326;GO:0071331;GO:0071333;GO:0071345;GO:0071349;GO:0071354;GO:0071363;GO:0071364;GO:0071375;GO:0071383;GO:0071390;GO:0071396;GO:0071459;GO:0071470;GO:0071472;GO:0071475;GO:0071478;GO:0071495;GO:0071496;GO:0071680;GO:0071681;GO:0071695;GO:0071705;GO:0071804;GO:0071805;GO:0071824;GO:0071826;GO:0071840;GO:0071850;GO:0071897;GO:0071900;GO:0071901;GO:0071902;GO:0071963;GO:0072001;GO:0072002;GO:0072028;GO:0072078;GO:0072080;GO:0072088;GO:0072089;GO:0072091;GO:0072171;GO:0072175;GO:0072325;GO:0072327;GO:0072331;GO:0072358;GO:0072359;GO:0072384;GO:0072401;GO:0072422;GO:0072431;GO:0072499;GO:0072520;GO:0072576;GO:0072577;GO:0072593;GO:0072594;GO:0072595;GO:0072599;GO:0072657;GO:0072659;GO:0072665;GO:0072666;GO:0072697;GO:0072710;GO:0072711;GO:0072718;GO:0075733;GO:0080090;GO:0080134;GO:0080135;GO:0080154;GO:0085029;GO:0090043;GO:0090063;GO:0090066;GO:0090068;GO:0090087;GO:0090090;GO:0090092;GO:0090102;GO:0090109;GO:0090130;GO:0090132;GO:0090136;GO:0090138;GO:0090150;GO:0090169;GO:0090181;GO:0090188;GO:0090206;GO:0090224;GO:0090263;GO:0090276;GO:0090287;GO:0090288;GO:0090304;GO:0090307;GO:0090311;GO:0090312;GO:0090316;GO:0090328;GO:0090329;GO:0090435;GO:0090558;GO:0090596;GO:0090598;GO:0090625;GO:0090630;GO:0090662;GO:0090727;GO:0097035;GO:0097051;GO:0097067;GO:0097084;GO:0097190;GO:0097191;GO:0097193;GO:0097305;GO:0097306;GO:0097327;GO:0097329;GO:0097332;GO:0097402;GO:0097435;GO:0097479;GO:0097480;GO:0097485;GO:0097681;GO:0097696;GO:0098534;GO:0098542;GO:0098586;GO:0098609;GO:0098657;GO:0098722;GO:0098727;GO:0098728;GO:0098760;GO:0098761;GO:0098773;GO:0098795;GO:0098813;GO:0098840;GO:0098930;GO:0098935;GO:0098937;GO:0098961;GO:0098963;GO:0098964;GO:0099003;GO:0099024;GO:0099039;GO:0099118;GO:0099131;GO:0099132;GO:0099133;GO:0099177;GO:0099519;GO:0099558;GO:0099640;GO:0104004;GO:0106027;GO:0106030;GO:0106118;GO:0106119;GO:0110011;GO:0110020;GO:0110053;GO:0120032;GO:0120034;GO:0120035;GO:0120036;GO:0120039;GO:0140013;GO:0140014;GO:0140673;GO:1900006;GO:1900026;GO:1900040;GO:1900042;GO:1900076;GO:1900078;GO:1900087;GO:1900151;GO:1900153;GO:1900180;GO:1900181;GO:1900182;GO:1900747;GO:1901165;GO:1901532;GO:1901652;GO:1901653;GO:1901654;GO:1901655;GO:1901698;GO:1901699;GO:1901700;GO:1901701;GO:1901796;GO:1901799;GO:1901800;GO:1901879;GO:1901880;GO:1901888;GO:1901950;GO:1901987;GO:1901988;GO:1901989;GO:1901990;GO:1901991;GO:1901992;GO:1902074;GO:1902075;GO:1902099;GO:1902105;GO:1902115;GO:1902117;GO:1902275;GO:1902369;GO:1902400;GO:1902531;GO:1902532;GO:1902533;GO:1902548;GO:1902600;GO:1902617;GO:1902667;GO:1902669;GO:1902679;GO:1902680;GO:1902692;GO:1902749;GO:1902750;GO:1902806;GO:1902807;GO:1902808;GO:1902850;GO:1902875;GO:1902903;GO:1902904;GO:1902905;GO:1902931;GO:1903046;GO:1903047;GO:1903053;GO:1903059;GO:1903061;GO:1903076;GO:1903077;GO:1903078;GO:1903311;GO:1903312;GO:1903313;GO:1903362;GO:1903363;GO:1903364;GO:1903373;GO:1903385;GO:1903387;GO:1903391;GO:1903393;GO:1903394;GO:1903409;GO:1903416;GO:1903429;GO:1903431;GO:1903432;GO:1903523;GO:1903530;GO:1903532;GO:1903689;GO:1903691;GO:1903706;GO:1903707;GO:1903827;GO:1903828;GO:1903829;GO:1903900;GO:1903902;GO:1904263;GO:1904289;GO:1904290;GO:1904353;GO:1904355;GO:1904356;GO:1904358;GO:1904375;GO:1904376;GO:1904377;GO:1904396;GO:1904580;GO:1904591;GO:1904645;GO:1904646;GO:1904837;GO:1904885;GO:1904892;GO:1904893;GO:1904950;GO:1904951;GO:1905168;GO:1905232;GO:1905268;GO:1905269;GO:1905330;GO:1905456;GO:1905475;GO:1905476;GO:1905477;GO:1905516;GO:1905634;GO:1905699;GO:1905701;GO:1905818;GO:1905833;GO:1905879;GO:1905938;GO:1905939;GO:1905941;GO:1905952;GO:1905954;GO:1990049;GO:1990138;GO:1990253;GO:1990414;GO:1990535;GO:1990709;GO:1990778;GO:1990823;GO:1990830;GO:1990928;GO:2000001;GO:2000026;GO:2000027;GO:2000042;GO:2000045;GO:2000058;GO:2000059;GO:2000104;GO:2000134;GO:2000137;GO:2000145;GO:2000146;GO:2000147;GO:2000177;GO:2000178;GO:2000194;GO:2000197;GO:2000241;GO:2000243;GO:2000278;GO:2000351;GO:2000587;GO:2000647;GO:2000648;GO:2000736;GO:2000779;GO:2000780;GO:2000781;GO:2000785;GO:2000786;GO:2000791;GO:2000815;GO:2001023;GO:2001025;GO:2001141;GO:2001222;GO:2001251;GO:2001252	2079	GAM	Stable	DIRECT_IS_A_OR_SHARED_PARENT; representative has minimum adjusted p
GR_GAM_Stable_0097	GO:0015002	obsolete heme-copper terminal oxidase activity	GO:0015002	1	GAM	Stable	DIRECT_IS_A_OR_SHARED_PARENT; representative has minimum adjusted p
GR_GAM_Stable_0098	GO:0015103	obsolete inorganic anion transmembrane transporter activity	GO:0015103	1	GAM	Stable	DIRECT_IS_A_OR_SHARED_PARENT; representative has minimum adjusted p
GR_GAM_Stable_0099	GO:0015672	obsolete inorganic cation transmembrane transport	GO:0015672	1	GAM	Stable	DIRECT_IS_A_OR_SHARED_PARENT; representative has minimum adjusted p
GR_GAM_Stable_0100	GO:0015911	long-chain fatty acid import across plasma membrane	GO:0015911;GO:1902001	2	GAM	Stable	DIRECT_IS_A_OR_SHARED_PARENT; representative has minimum adjusted p
GR_GAM_Stable_0101	GO:0016200	synaptic target attraction	GO:0016200	1	GAM	Stable	DIRECT_IS_A_OR_SHARED_PARENT; representative has minimum adjusted p
GR_GAM_Stable_0102	GO:0016307	obsolete phosphatidylinositol phosphate kinase activity	GO:0016307	1	GAM	Stable	DIRECT_IS_A_OR_SHARED_PARENT; representative has minimum adjusted p
GR_GAM_Stable_0103	GO:0016458	obsolete gene silencing	GO:0016458	1	GAM	Stable	DIRECT_IS_A_OR_SHARED_PARENT; representative has minimum adjusted p
GR_GAM_Stable_0104	GO:0016569	obsolete covalent chromatin modification	GO:0016569	1	GAM	Stable	DIRECT_IS_A_OR_SHARED_PARENT; representative has minimum adjusted p
GR_GAM_Stable_0105	GO:0016570	obsolete histone modification	GO:0016570	1	GAM	Stable	DIRECT_IS_A_OR_SHARED_PARENT; representative has minimum adjusted p
GR_GAM_Stable_0106	GO:0016571	obsolete histone methylation	GO:0016571	1	GAM	Stable	DIRECT_IS_A_OR_SHARED_PARENT; representative has minimum adjusted p
GR_GAM_Stable_0107	GO:0016573	obsolete histone acetylation	GO:0016573	1	GAM	Stable	DIRECT_IS_A_OR_SHARED_PARENT; representative has minimum adjusted p
GR_GAM_Stable_0108	GO:0016574	obsolete histone ubiquitination	GO:0016574	1	GAM	Stable	DIRECT_IS_A_OR_SHARED_PARENT; representative has minimum adjusted p
GR_GAM_Stable_0109	GO:0016578	obsolete histone deubiquitination	GO:0016578	1	GAM	Stable	DIRECT_IS_A_OR_SHARED_PARENT; representative has minimum adjusted p
GR_GAM_Stable_0110	GO:0016607	nuclear speck	GO:0016607;GO:0035363	2	GAM	Stable	DIRECT_IS_A_OR_SHARED_PARENT; representative has minimum adjusted p
GR_GAM_Stable_0111	GO:0016676	obsolete oxidoreductase activity, acting on a heme group of donors, oxygen as acceptor	GO:0016676	1	GAM	Stable	DIRECT_IS_A_OR_SHARED_PARENT; representative has minimum adjusted p
GR_GAM_Stable_0112	GO:0016681	obsolete oxidoreductase activity, acting on diphenols and related substances as donors, cytochrome as acceptor	GO:0016681	1	GAM	Stable	DIRECT_IS_A_OR_SHARED_PARENT; representative has minimum adjusted p
GR_GAM_Stable_0113	GO:0016964	alpha-2 macroglobulin receptor activity	GO:0016964	1	GAM	Stable	DIRECT_IS_A_OR_SHARED_PARENT; representative has minimum adjusted p
GR_GAM_Stable_0114	GO:0018024	obsolete histone lysine N-methyltransferase activity	GO:0018024	1	GAM	Stable	DIRECT_IS_A_OR_SHARED_PARENT; representative has minimum adjusted p
GR_GAM_Stable_0115	GO:0018130	obsolete heterocycle biosynthetic process	GO:0018130	1	GAM	Stable	DIRECT_IS_A_OR_SHARED_PARENT; representative has minimum adjusted p
GR_GAM_Stable_0116	GO:0018193	obsolete peptidyl-amino acid modification	GO:0018193	1	GAM	Stable	DIRECT_IS_A_OR_SHARED_PARENT; representative has minimum adjusted p
GR_GAM_Stable_0117	GO:0018209	obsolete peptidyl-serine modification	GO:0018209	1	GAM	Stable	DIRECT_IS_A_OR_SHARED_PARENT; representative has minimum adjusted p
GR_GAM_Stable_0118	GO:0018210	obsolete peptidyl-threonine modification	GO:0018210	1	GAM	Stable	DIRECT_IS_A_OR_SHARED_PARENT; representative has minimum adjusted p
GR_GAM_Stable_0119	GO:0018212	obsolete peptidyl-tyrosine modification	GO:0018212	1	GAM	Stable	DIRECT_IS_A_OR_SHARED_PARENT; representative has minimum adjusted p
GR_GAM_Stable_0120	GO:0018991	egg-laying behavior	GO:0018991	1	GAM	Stable	DIRECT_IS_A_OR_SHARED_PARENT; representative has minimum adjusted p
GR_GAM_Stable_0121	GO:0019048	obsolete modulation by virus of host process	GO:0019048	1	GAM	Stable	DIRECT_IS_A_OR_SHARED_PARENT; representative has minimum adjusted p
GR_GAM_Stable_0122	GO:0019054	obsolete modulation by virus of host cellular process	GO:0019054	1	GAM	Stable	DIRECT_IS_A_OR_SHARED_PARENT; representative has minimum adjusted p
GR_GAM_Stable_0123	GO:0019220	obsolete regulation of phosphate metabolic process	GO:0019220	1	GAM	Stable	DIRECT_IS_A_OR_SHARED_PARENT; representative has minimum adjusted p
GR_GAM_Stable_0124	GO:0019233	sensory perception of pain	GO:0007605;GO:0019233;GO:0050954	3	GAM	Stable	DIRECT_IS_A_OR_SHARED_PARENT; representative has minimum adjusted p
GR_GAM_Stable_0125	GO:0019438	obsolete aromatic compound biosynthetic process	GO:0019438	1	GAM	Stable	DIRECT_IS_A_OR_SHARED_PARENT; representative has minimum adjusted p
GR_GAM_Stable_0126	GO:0019439	obsolete aromatic compound catabolic process	GO:0019439	1	GAM	Stable	DIRECT_IS_A_OR_SHARED_PARENT; representative has minimum adjusted p
GR_GAM_Stable_0127	GO:0022610	obsolete biological adhesion	GO:0022610	1	GAM	Stable	DIRECT_IS_A_OR_SHARED_PARENT; representative has minimum adjusted p
GR_GAM_Stable_0128	GO:0022839	monoatomic ion-gated channel activity	GO:0022839	1	GAM	Stable	DIRECT_IS_A_OR_SHARED_PARENT; representative has minimum adjusted p
GR_GAM_Stable_0129	GO:0030035	microspike assembly	GO:0030035	1	GAM	Stable	DIRECT_IS_A_OR_SHARED_PARENT; representative has minimum adjusted p
GR_GAM_Stable_0130	GO:0030175	filopodium	GO:0030175	1	GAM	Stable	DIRECT_IS_A_OR_SHARED_PARENT; representative has minimum adjusted p
GR_GAM_Stable_0131	GO:0030247	polysaccharide binding	GO:0030247	1	GAM	Stable	DIRECT_IS_A_OR_SHARED_PARENT; representative has minimum adjusted p
GR_GAM_Stable_0132	GO:0030421	defecation	GO:0030421	1	GAM	Stable	DIRECT_IS_A_OR_SHARED_PARENT; representative has minimum adjusted p
GR_GAM_Stable_0133	GO:0034587	piRNA processing	GO:0030422;GO:0034587	2	GAM	Stable	DIRECT_IS_A_OR_SHARED_PARENT; representative has minimum adjusted p
GR_GAM_Stable_0134	GO:0030867	rough endoplasmic reticulum membrane	GO:0005743;GO:0005789;GO:0019866;GO:0030867;GO:0031965;GO:0031966	6	GAM	Stable	DIRECT_IS_A_OR_SHARED_PARENT; representative has minimum adjusted p
GR_GAM_Stable_0135	GO:0031045	dense core granule	GO:0031045	1	GAM	Stable	DIRECT_IS_A_OR_SHARED_PARENT; representative has minimum adjusted p
GR_GAM_Stable_0136	GO:0031054	pre-miRNA processing	GO:0031054	1	GAM	Stable	DIRECT_IS_A_OR_SHARED_PARENT; representative has minimum adjusted p
GR_GAM_Stable_0137	GO:0031056	obsolete regulation of histone modification	GO:0031056	1	GAM	Stable	DIRECT_IS_A_OR_SHARED_PARENT; representative has minimum adjusted p
GR_GAM_Stable_0138	GO:0031058	obsolete positive regulation of histone modification	GO:0031058	1	GAM	Stable	DIRECT_IS_A_OR_SHARED_PARENT; representative has minimum adjusted p
GR_GAM_Stable_0139	GO:0031060	obsolete regulation of histone methylation	GO:0031060	1	GAM	Stable	DIRECT_IS_A_OR_SHARED_PARENT; representative has minimum adjusted p
GR_GAM_Stable_0140	GO:0031062	obsolete positive regulation of histone methylation	GO:0031062	1	GAM	Stable	DIRECT_IS_A_OR_SHARED_PARENT; representative has minimum adjusted p
GR_GAM_Stable_0141	GO:0031063	obsolete regulation of histone deacetylation	GO:0031063	1	GAM	Stable	DIRECT_IS_A_OR_SHARED_PARENT; representative has minimum adjusted p
GR_GAM_Stable_0142	GO:0031065	obsolete positive regulation of histone deacetylation	GO:0031065	1	GAM	Stable	DIRECT_IS_A_OR_SHARED_PARENT; representative has minimum adjusted p
GR_GAM_Stable_0143	GO:0031235	obsolete intrinsic component of the cytoplasmic side of the plasma membrane	GO:0031235	1	GAM	Stable	DIRECT_IS_A_OR_SHARED_PARENT; representative has minimum adjusted p
GR_GAM_Stable_0144	GO:0031323	obsolete regulation of cellular metabolic process	GO:0031323	1	GAM	Stable	DIRECT_IS_A_OR_SHARED_PARENT; representative has minimum adjusted p
GR_GAM_Stable_0145	GO:0031324	obsolete negative regulation of cellular metabolic process	GO:0031324	1	GAM	Stable	DIRECT_IS_A_OR_SHARED_PARENT; representative has minimum adjusted p
GR_GAM_Stable_0146	GO:0031325	obsolete positive regulation of cellular metabolic process	GO:0031325	1	GAM	Stable	DIRECT_IS_A_OR_SHARED_PARENT; representative has minimum adjusted p
GR_GAM_Stable_0147	GO:0031326	obsolete regulation of cellular biosynthetic process	GO:0031326	1	GAM	Stable	DIRECT_IS_A_OR_SHARED_PARENT; representative has minimum adjusted p
GR_GAM_Stable_0148	GO:0031327	obsolete negative regulation of cellular biosynthetic process	GO:0031327	1	GAM	Stable	DIRECT_IS_A_OR_SHARED_PARENT; representative has minimum adjusted p
GR_GAM_Stable_0149	GO:0031328	obsolete positive regulation of cellular biosynthetic process	GO:0031328	1	GAM	Stable	DIRECT_IS_A_OR_SHARED_PARENT; representative has minimum adjusted p
GR_GAM_Stable_0150	GO:0031329	obsolete regulation of cellular catabolic process	GO:0031329	1	GAM	Stable	DIRECT_IS_A_OR_SHARED_PARENT; representative has minimum adjusted p
GR_GAM_Stable_0151	GO:0031330	obsolete negative regulation of cellular catabolic process	GO:0031330	1	GAM	Stable	DIRECT_IS_A_OR_SHARED_PARENT; representative has minimum adjusted p
GR_GAM_Stable_0152	GO:0031331	obsolete positive regulation of cellular catabolic process	GO:0031331	1	GAM	Stable	DIRECT_IS_A_OR_SHARED_PARENT; representative has minimum adjusted p
GR_GAM_Stable_0153	GO:0031498	obsolete chromatin disassembly	GO:0031498	1	GAM	Stable	DIRECT_IS_A_OR_SHARED_PARENT; representative has minimum adjusted p
GR_GAM_Stable_0154	GO:0031668	obsolete cellular response to extracellular stimulus	GO:0031668	1	GAM	Stable	DIRECT_IS_A_OR_SHARED_PARENT; representative has minimum adjusted p
GR_GAM_Stable_0155	GO:0031748	D1 dopamine receptor binding	GO:0031748	1	GAM	Stable	DIRECT_IS_A_OR_SHARED_PARENT; representative has minimum adjusted p
GR_GAM_Stable_0156	GO:0031901	early endosome membrane	GO:0031901	1	GAM	Stable	DIRECT_IS_A_OR_SHARED_PARENT; representative has minimum adjusted p
GR_GAM_Stable_0157	GO:0031933	obsolete telomeric heterochromatin	GO:0031933	1	GAM	Stable	DIRECT_IS_A_OR_SHARED_PARENT; representative has minimum adjusted p
GR_GAM_Stable_0158	GO:0031935	obsolete regulation of chromatin silencing	GO:0031935	1	GAM	Stable	DIRECT_IS_A_OR_SHARED_PARENT; representative has minimum adjusted p
GR_GAM_Stable_0159	GO:0031937	obsolete positive regulation of chromatin silencing	GO:0031937	1	GAM	Stable	DIRECT_IS_A_OR_SHARED_PARENT; representative has minimum adjusted p
GR_GAM_Stable_0160	GO:0032029	myosin tail binding	GO:0032029	1	GAM	Stable	DIRECT_IS_A_OR_SHARED_PARENT; representative has minimum adjusted p
GR_GAM_Stable_0161	GO:0032050	clathrin heavy chain binding	GO:0032050	1	GAM	Stable	DIRECT_IS_A_OR_SHARED_PARENT; representative has minimum adjusted p
GR_GAM_Stable_0162	GO:0032155	obsolete cell division site part	GO:0032155	1	GAM	Stable	DIRECT_IS_A_OR_SHARED_PARENT; representative has minimum adjusted p
GR_GAM_Stable_0163	GO:0032287	peripheral nervous system myelin maintenance	GO:0032287;GO:0043217	2	GAM	Stable	DIRECT_IS_A_OR_SHARED_PARENT; representative has minimum adjusted p
GR_GAM_Stable_0164	GO:0032504	obsolete multicellular organism reproduction	GO:0032504	1	GAM	Stable	DIRECT_IS_A_OR_SHARED_PARENT; representative has minimum adjusted p
GR_GAM_Stable_0165	GO:0032508	obsolete DNA duplex unwinding	GO:0032508	1	GAM	Stable	DIRECT_IS_A_OR_SHARED_PARENT; representative has minimum adjusted p
GR_GAM_Stable_0166	GO:0032839	dendrite cytoplasm	GO:0032839	1	GAM	Stable	DIRECT_IS_A_OR_SHARED_PARENT; representative has minimum adjusted p
GR_GAM_Stable_0167	GO:0090322	regulation of superoxide metabolic process	GO:0032928;GO:0032930;GO:0090322	3	GAM	Stable	DIRECT_IS_A_OR_SHARED_PARENT; representative has minimum adjusted p
GR_GAM_Stable_0168	GO:0032990	obsolete cell part morphogenesis	GO:0032990	1	GAM	Stable	DIRECT_IS_A_OR_SHARED_PARENT; representative has minimum adjusted p
GR_GAM_Stable_0169	GO:0033267	obsolete axon part	GO:0033267	1	GAM	Stable	DIRECT_IS_A_OR_SHARED_PARENT; representative has minimum adjusted p
GR_GAM_Stable_0170	GO:0033522	obsolete histone H2A ubiquitination	GO:0033522	1	GAM	Stable	DIRECT_IS_A_OR_SHARED_PARENT; representative has minimum adjusted p
GR_GAM_Stable_0171	GO:0034248	obsolete regulation of amide metabolic process	GO:0034248	1	GAM	Stable	DIRECT_IS_A_OR_SHARED_PARENT; representative has minimum adjusted p
GR_GAM_Stable_0172	GO:0034249	obsolete negative regulation of amide metabolic process	GO:0034249	1	GAM	Stable	DIRECT_IS_A_OR_SHARED_PARENT; representative has minimum adjusted p
GR_GAM_Stable_0173	GO:0034250	obsolete positive regulation of amide metabolic process	GO:0034250	1	GAM	Stable	DIRECT_IS_A_OR_SHARED_PARENT; representative has minimum adjusted p
GR_GAM_Stable_0174	GO:0034401	obsolete chromatin organization involved in regulation of transcription	GO:0034401	1	GAM	Stable	DIRECT_IS_A_OR_SHARED_PARENT; representative has minimum adjusted p
GR_GAM_Stable_0175	GO:0034508	obsolete centromere complex assembly	GO:0034508	1	GAM	Stable	DIRECT_IS_A_OR_SHARED_PARENT; representative has minimum adjusted p
GR_GAM_Stable_0176	GO:0034641	obsolete cellular nitrogen compound metabolic process	GO:0034641	1	GAM	Stable	DIRECT_IS_A_OR_SHARED_PARENT; representative has minimum adjusted p
GR_GAM_Stable_0177	GO:0034645	obsolete cellular macromolecule biosynthetic process	GO:0034645	1	GAM	Stable	DIRECT_IS_A_OR_SHARED_PARENT; representative has minimum adjusted p
GR_GAM_Stable_0178	GO:0034660	obsolete ncRNA metabolic process	GO:0034660	1	GAM	Stable	DIRECT_IS_A_OR_SHARED_PARENT; representative has minimum adjusted p
GR_GAM_Stable_0179	GO:0034968	obsolete histone lysine methylation	GO:0034968	1	GAM	Stable	DIRECT_IS_A_OR_SHARED_PARENT; representative has minimum adjusted p
GR_GAM_Stable_0180	GO:0035004	obsolete phosphatidylinositol 3-kinase activity	GO:0035004	1	GAM	Stable	DIRECT_IS_A_OR_SHARED_PARENT; representative has minimum adjusted p
GR_GAM_Stable_0181	GO:0035012	obsolete polytene chromosome, telomeric region	GO:0035012	1	GAM	Stable	DIRECT_IS_A_OR_SHARED_PARENT; representative has minimum adjusted p
GR_GAM_Stable_0182	GO:0035064	obsolete methylated histone binding	GO:0035064	1	GAM	Stable	DIRECT_IS_A_OR_SHARED_PARENT; representative has minimum adjusted p
GR_GAM_Stable_0183	GO:0035171	lamellocyte differentiation	GO:0035171	1	GAM	Stable	DIRECT_IS_A_OR_SHARED_PARENT; representative has minimum adjusted p
GR_GAM_Stable_0184	GO:0005622	intracellular anatomical structure	GO:0000228;GO:0000235;GO:0000323;GO:0000775;GO:0000776;GO:0000777;GO:0000779;GO:0000780;GO:0000781;GO:0000785;GO:0000790;GO:0000791;GO:0000792;GO:0000793;GO:0000794;GO:0000795;GO:0000800;GO:0000922;GO:0000932;GO:0001650;GO:0001726;GO:0005622;GO:0005634;GO:0005654;GO:0005657;GO:0005694;GO:0005700;GO:0005703;GO:0005705;GO:0005719;GO:0005721;GO:0005730;GO:0005737;GO:0005764;GO:0005768;GO:0005773;GO:0005794;GO:0005813;GO:0005814;GO:0005815;GO:0005819;GO:0005824;GO:0005828;GO:0005829;GO:0005840;GO:0005856;GO:0005874;GO:0005876;GO:0005881;GO:0005882;GO:0005884;GO:0005886;GO:0005901;GO:0005905;GO:0005911;GO:0005912;GO:0005913;GO:0005915;GO:0005916;GO:0005923;GO:0005925;GO:0005927;GO:0005935;GO:0005938;GO:0010369;GO:0010494;GO:0012505;GO:0014069;GO:0014704;GO:0015629;GO:0015630;GO:0016020;GO:0016021;GO:0016323;GO:0016324;GO:0016327;GO:0016328;GO:0016363;GO:0016604;GO:0016605;GO:0019897;GO:0019898;GO:0022626;GO:0030016;GO:0030017;GO:0030018;GO:0030027;GO:0030054;GO:0030055;GO:0030056;GO:0030139;GO:0030424;GO:0030425;GO:0030426;GO:0030427;GO:0030496;GO:0030863;GO:0030864;GO:0031252;GO:0031410;GO:0031594;GO:0031618;GO:0031674;GO:0031974;GO:0031981;GO:0031982;GO:0032153;GO:0032154;GO:0032279;GO:0032437;GO:0032809;GO:0033391;GO:0034399;GO:0035327;GO:0035371;GO:0035770;GO:0035861;GO:0036449;GO:0036464;GO:0036477;GO:0042995;GO:0043005;GO:0043025;GO:0043034;GO:0043073;GO:0043186;GO:0043197;GO:0043226;GO:0043227;GO:0043228;GO:0043229;GO:0043231;GO:0043232;GO:0043233;GO:0043292;GO:0043296;GO:0043596;GO:0044291;GO:0044295;GO:0044297;GO:0044298;GO:0044309;GO:0044326;GO:0044327;GO:0044853;GO:0045111;GO:0045120;GO:0045121;GO:0045169;GO:0045177;GO:0045178;GO:0045179;GO:0045180;GO:0045202;GO:0046581;GO:0048471;GO:0060293;GO:0070013;GO:0070160;GO:0070161;GO:0070938;GO:0071547;GO:0071944;GO:0072686;GO:0072687;GO:0090734;GO:0097431;GO:0097440;GO:0097447;GO:0097574;GO:0097575;GO:0097708;GO:0098589;GO:0098590;GO:0098687;GO:0098794;GO:0098805;GO:0098857;GO:0098984;GO:0099080;GO:0099081;GO:0099086;GO:0099512;GO:0099513;GO:0099568;GO:0099572;GO:0099738;GO:0120025;GO:0150034;GO:1990752;GO:1990794	191	GAM	Stable	DIRECT_IS_A_OR_SHARED_PARENT; representative has minimum adjusted p
GR_GAM_Stable_0185	GO:0035418	protein localization to synapse	GO:0035418	1	GAM	Stable	DIRECT_IS_A_OR_SHARED_PARENT; representative has minimum adjusted p
GR_GAM_Stable_0186	GO:0035518	obsolete histone H2A monoubiquitination	GO:0035518	1	GAM	Stable	DIRECT_IS_A_OR_SHARED_PARENT; representative has minimum adjusted p
GR_GAM_Stable_0187	GO:0035561	obsolete regulation of chromatin binding	GO:0035561	1	GAM	Stable	DIRECT_IS_A_OR_SHARED_PARENT; representative has minimum adjusted p
GR_GAM_Stable_0188	GO:0035616	obsolete histone H2B conserved C-terminal lysine deubiquitination	GO:0035616	1	GAM	Stable	DIRECT_IS_A_OR_SHARED_PARENT; representative has minimum adjusted p
GR_GAM_Stable_0189	GO:0035622	intrahepatic bile duct development	GO:0035622	1	GAM	Stable	DIRECT_IS_A_OR_SHARED_PARENT; representative has minimum adjusted p
GR_GAM_Stable_0190	GO:0051592	response to calcium ion	GO:0035864;GO:0035865;GO:0051592	3	GAM	Stable	DIRECT_IS_A_OR_SHARED_PARENT; representative has minimum adjusted p
GR_GAM_Stable_0191	GO:0036003	obsolete positive regulation of transcription from RNA polymerase II promoter in response to stress	GO:0036003	1	GAM	Stable	DIRECT_IS_A_OR_SHARED_PARENT; representative has minimum adjusted p
GR_GAM_Stable_0192	GO:0036092	phosphatidylinositol-3-phosphate biosynthetic process	GO:0006650;GO:0006661;GO:0036092;GO:0045017;GO:0046474;GO:0046486;GO:0046488;GO:0046854	8	GAM	Stable	DIRECT_IS_A_OR_SHARED_PARENT; representative has minimum adjusted p
GR_GAM_Stable_0193	GO:0036123	obsolete histone H3-K9 dimethylation	GO:0036123	1	GAM	Stable	DIRECT_IS_A_OR_SHARED_PARENT; representative has minimum adjusted p
GR_GAM_Stable_0194	GO:0036251	obsolete positive regulation of transcription from RNA polymerase II promoter in response to salt stress	GO:0036251	1	GAM	Stable	DIRECT_IS_A_OR_SHARED_PARENT; representative has minimum adjusted p
GR_GAM_Stable_0195	GO:0060249	anatomical structure homeostasis	GO:0036335;GO:0048872;GO:0060249;GO:0060250	4	GAM	Stable	DIRECT_IS_A_OR_SHARED_PARENT; representative has minimum adjusted p
GR_GAM_Stable_0196	GO:0038028	obsolete insulin receptor signaling pathway via phosphatidylinositol 3-kinase	GO:0038028	1	GAM	Stable	DIRECT_IS_A_OR_SHARED_PARENT; representative has minimum adjusted p
GR_GAM_Stable_0197	GO:0038132	neuregulin binding	GO:0038132	1	GAM	Stable	DIRECT_IS_A_OR_SHARED_PARENT; representative has minimum adjusted p
GR_GAM_Stable_0198	GO:0039519	obsolete modulation by virus of host autophagy	GO:0039519	1	GAM	Stable	DIRECT_IS_A_OR_SHARED_PARENT; representative has minimum adjusted p
GR_GAM_Stable_0199	GO:0040035	obsolete hermaphrodite genitalia development	GO:0040035	1	GAM	Stable	DIRECT_IS_A_OR_SHARED_PARENT; representative has minimum adjusted p
GR_GAM_Stable_0200	GO:0042006	masculinization of hermaphroditic germ-line	GO:0042006	1	GAM	Stable	DIRECT_IS_A_OR_SHARED_PARENT; representative has minimum adjusted p
GR_GAM_Stable_0201	GO:0042051	compound eye photoreceptor development	GO:0042051	1	GAM	Stable	DIRECT_IS_A_OR_SHARED_PARENT; representative has minimum adjusted p
GR_GAM_Stable_0202	GO:0042552	myelination	GO:0042552	1	GAM	Stable	DIRECT_IS_A_OR_SHARED_PARENT; representative has minimum adjusted p
GR_GAM_Stable_0203	GO:0042585	germinal vesicle	GO:0042585	1	GAM	Stable	DIRECT_IS_A_OR_SHARED_PARENT; representative has minimum adjusted p
GR_GAM_Stable_0204	GO:0042766	obsolete nucleosome mobilization	GO:0042766	1	GAM	Stable	DIRECT_IS_A_OR_SHARED_PARENT; representative has minimum adjusted p
GR_GAM_Stable_0205	GO:0015986	proton motive force-driven ATP synthesis	GO:0015986;GO:0042776	2	GAM	Stable	DIRECT_IS_A_OR_SHARED_PARENT; representative has minimum adjusted p
GR_GAM_Stable_0206	GO:0042788	obsolete polysomal ribosome	GO:0042788	1	GAM	Stable	DIRECT_IS_A_OR_SHARED_PARENT; representative has minimum adjusted p
GR_GAM_Stable_0207	GO:0042886	obsolete amide transport	GO:0042886	1	GAM	Stable	DIRECT_IS_A_OR_SHARED_PARENT; representative has minimum adjusted p
GR_GAM_Stable_0208	GO:0043024	ribosomal small subunit binding	GO:0043024	1	GAM	Stable	DIRECT_IS_A_OR_SHARED_PARENT; representative has minimum adjusted p
GR_GAM_Stable_0209	GO:0043046	obsolete DNA methylation involved in gamete generation	GO:0043046	1	GAM	Stable	DIRECT_IS_A_OR_SHARED_PARENT; representative has minimum adjusted p
GR_GAM_Stable_0210	GO:0043056	forward locomotion	GO:0043056	1	GAM	Stable	DIRECT_IS_A_OR_SHARED_PARENT; representative has minimum adjusted p
GR_GAM_Stable_0211	GO:0043225	obsolete ATPase-coupled inorganic anion transmembrane transporter activity	GO:0043225	1	GAM	Stable	DIRECT_IS_A_OR_SHARED_PARENT; representative has minimum adjusted p
GR_GAM_Stable_0212	GO:0043369	CD4-positive or CD8-positive, alpha-beta T cell lineage commitment	GO:0043369	1	GAM	Stable	DIRECT_IS_A_OR_SHARED_PARENT; representative has minimum adjusted p
GR_GAM_Stable_0213	GO:0043433	obsolete negative regulation of DNA-binding transcription factor activity	GO:0043433	1	GAM	Stable	DIRECT_IS_A_OR_SHARED_PARENT; representative has minimum adjusted p
GR_GAM_Stable_0214	GO:0043486	obsolete histone exchange	GO:0043486	1	GAM	Stable	DIRECT_IS_A_OR_SHARED_PARENT; representative has minimum adjusted p
GR_GAM_Stable_0215	GO:0043551	obsolete regulation of phosphatidylinositol 3-kinase activity	GO:0043551	1	GAM	Stable	DIRECT_IS_A_OR_SHARED_PARENT; representative has minimum adjusted p
GR_GAM_Stable_0216	GO:0043603	obsolete amide metabolic process	GO:0043603	1	GAM	Stable	DIRECT_IS_A_OR_SHARED_PARENT; representative has minimum adjusted p
GR_GAM_Stable_0217	GO:0043604	obsolete amide biosynthetic process	GO:0043604	1	GAM	Stable	DIRECT_IS_A_OR_SHARED_PARENT; representative has minimum adjusted p
GR_GAM_Stable_0218	GO:0043618	obsolete regulation of transcription from RNA polymerase II promoter in response to stress	GO:0043618	1	GAM	Stable	DIRECT_IS_A_OR_SHARED_PARENT; representative has minimum adjusted p
GR_GAM_Stable_0219	GO:0043620	obsolete regulation of DNA-templated transcription in response to stress	GO:0043620	1	GAM	Stable	DIRECT_IS_A_OR_SHARED_PARENT; representative has minimum adjusted p
GR_GAM_Stable_0220	GO:0043621	obsolete protein self-association	GO:0043621	1	GAM	Stable	DIRECT_IS_A_OR_SHARED_PARENT; representative has minimum adjusted p
GR_GAM_Stable_0221	GO:0043631	obsolete RNA polyadenylation	GO:0043631	1	GAM	Stable	DIRECT_IS_A_OR_SHARED_PARENT; representative has minimum adjusted p
GR_GAM_Stable_0222	GO:0043900	obsolete regulation of multi-organism process	GO:0043900	1	GAM	Stable	DIRECT_IS_A_OR_SHARED_PARENT; representative has minimum adjusted p
GR_GAM_Stable_0223	GO:0043902	obsolete positive regulation of multi-organism process	GO:0043902	1	GAM	Stable	DIRECT_IS_A_OR_SHARED_PARENT; representative has minimum adjusted p
GR_GAM_Stable_0224	GO:0043928	obsolete exonucleolytic catabolism of deadenylated mRNA	GO:0043928	1	GAM	Stable	DIRECT_IS_A_OR_SHARED_PARENT; representative has minimum adjusted p
GR_GAM_Stable_0225	GO:0043966	obsolete histone H3 acetylation	GO:0043966	1	GAM	Stable	DIRECT_IS_A_OR_SHARED_PARENT; representative has minimum adjusted p
GR_GAM_Stable_0226	GO:0043967	obsolete histone H4 acetylation	GO:0043967	1	GAM	Stable	DIRECT_IS_A_OR_SHARED_PARENT; representative has minimum adjusted p
GR_GAM_Stable_0227	GO:0043972	obsolete histone H3-K23 acetylation	GO:0043972	1	GAM	Stable	DIRECT_IS_A_OR_SHARED_PARENT; representative has minimum adjusted p
GR_GAM_Stable_0228	GO:0043974	obsolete histone H3-K27 acetylation	GO:0043974	1	GAM	Stable	DIRECT_IS_A_OR_SHARED_PARENT; representative has minimum adjusted p
GR_GAM_Stable_0229	GO:0043981	obsolete histone H4-K5 acetylation	GO:0043981	1	GAM	Stable	DIRECT_IS_A_OR_SHARED_PARENT; representative has minimum adjusted p
GR_GAM_Stable_0230	GO:0043982	obsolete histone H4-K8 acetylation	GO:0043982	1	GAM	Stable	DIRECT_IS_A_OR_SHARED_PARENT; representative has minimum adjusted p
GR_GAM_Stable_0231	GO:0043984	obsolete histone H4-K16 acetylation	GO:0043984	1	GAM	Stable	DIRECT_IS_A_OR_SHARED_PARENT; representative has minimum adjusted p
GR_GAM_Stable_0232	GO:0005488	binding	GO:0000166;GO:0000182;GO:0000217;GO:0000287;GO:0000400;GO:0000405;GO:0000976;GO:0000977;GO:0000978;GO:0000979;GO:0000981;GO:0000987;GO:0001012;GO:0001018;GO:0001030;GO:0001031;GO:0001046;GO:0001047;GO:0001067;GO:0001078;GO:0001102;GO:0001227;GO:0002020;GO:0002039;GO:0002151;GO:0003674;GO:0003676;GO:0003677;GO:0003678;GO:0003682;GO:0003684;GO:0003690;GO:0003697;GO:0003700;GO:0003712;GO:0003713;GO:0003714;GO:0003723;GO:0003724;GO:0003725;GO:0003727;GO:0003729;GO:0003730;GO:0003735;GO:0003774;GO:0003779;GO:0003785;GO:0003824;GO:0003887;GO:0003899;GO:0003916;GO:0003918;GO:0004003;GO:0004004;GO:0004012;GO:0004129;GO:0004176;GO:0004386;GO:0004402;GO:0004518;GO:0004519;GO:0004540;GO:0004672;GO:0004674;GO:0004709;GO:0004713;GO:0004715;GO:0004721;GO:0004725;GO:0004784;GO:0004843;GO:0005048;GO:0005049;GO:0005085;GO:0005088;GO:0005089;GO:0005096;GO:0005102;GO:0005112;GO:0005198;GO:0005200;GO:0005216;GO:0005244;GO:0005249;GO:0005261;GO:0005267;GO:0005388;GO:0005391;GO:0005488;GO:0005509;GO:0005515;GO:0005516;GO:0005521;GO:0005524;GO:0005543;GO:0008013;GO:0008017;GO:0008026;GO:0008047;GO:0008092;GO:0008094;GO:0008121;GO:0008134;GO:0008170;GO:0008186;GO:0008234;GO:0008276;GO:0008289;GO:0008536;GO:0008556;GO:0008559;GO:0009055;GO:0010484;GO:0015078;GO:0015079;GO:0015267;GO:0015399;GO:0015405;GO:0015410;GO:0015420;GO:0015431;GO:0015616;GO:0015631;GO:0015662;GO:0016278;GO:0016279;GO:0016301;GO:0016303;GO:0016462;GO:0016491;GO:0016675;GO:0016679;GO:0016721;GO:0016740;GO:0016772;GO:0016773;GO:0016779;GO:0016787;GO:0016788;GO:0016791;GO:0016817;GO:0016818;GO:0016887;GO:0016922;GO:0017016;GO:0017048;GO:0017076;GO:0017111;GO:0017112;GO:0017116;GO:0017137;GO:0017151;GO:0017166;GO:0019207;GO:0019209;GO:0019783;GO:0019787;GO:0019829;GO:0019843;GO:0019887;GO:0019894;GO:0019899;GO:0019900;GO:0019901;GO:0019902;GO:0019903;GO:0019904;GO:0022803;GO:0022804;GO:0022832;GO:0022836;GO:0022838;GO:0022843;GO:0022853;GO:0030234;GO:0030295;GO:0030331;GO:0030332;GO:0030346;GO:0030371;GO:0030506;GO:0030507;GO:0030554;GO:0030676;GO:0030695;GO:0030898;GO:0030899;GO:0031072;GO:0031267;GO:0031369;GO:0031434;GO:0031490;GO:0031491;GO:0031625;GO:0032553;GO:0032555;GO:0032559;GO:0032947;GO:0033592;GO:0033613;GO:0034040;GO:0034061;GO:0034062;GO:0034584;GO:0034634;GO:0035005;GO:0035091;GO:0035197;GO:0035198;GO:0035257;GO:0035258;GO:0035259;GO:0035639;GO:0035673;GO:0036033;GO:0036094;GO:0036310;GO:0036459;GO:0042054;GO:0042162;GO:0042169;GO:0042393;GO:0042578;GO:0042623;GO:0042625;GO:0042626;GO:0042802;GO:0042826;GO:0042910;GO:0042937;GO:0043015;GO:0043021;GO:0043138;GO:0043167;GO:0043168;GO:0043169;GO:0043394;GO:0043395;GO:0043492;GO:0043548;GO:0043560;GO:0043565;GO:0043994;GO:0044212;GO:0044389;GO:0044877;GO:0045182;GO:0045295;GO:0046332;GO:0046623;GO:0046624;GO:0046872;GO:0046966;GO:0046974;GO:0046976;GO:0046982;GO:0046983;GO:0048365;GO:0048487;GO:0050681;GO:0050839;GO:0051010;GO:0051011;GO:0051015;GO:0051020;GO:0051427;GO:0051879;GO:0051880;GO:0052742;GO:0060090;GO:0060589;GO:0061505;GO:0061630;GO:0061659;GO:0061733;GO:0061980;GO:0070016;GO:0070063;GO:0070087;GO:0070097;GO:0070180;GO:0070300;GO:0070491;GO:0070615;GO:0070717;GO:0071889;GO:0071997;GO:0080084;GO:0097367;GO:0097617;GO:0097677;GO:0097678;GO:0097747;GO:0098772;GO:0098808;GO:0101005;GO:0140030;GO:0140033;GO:0140034;GO:0140096;GO:0140097;GO:0140098;GO:0140104;GO:0140110;GO:0140142;GO:0140358;GO:0140359;GO:0140658;GO:1901265;GO:1901363;GO:1901981;GO:1990380;GO:1990837;GO:1990841	314	GAM	Stable	DIRECT_IS_A_OR_SHARED_PARENT; representative has minimum adjusted p
GR_GAM_Stable_0233	GO:0044030	obsolete regulation of DNA methylation	GO:0044030	1	GAM	Stable	DIRECT_IS_A_OR_SHARED_PARENT; representative has minimum adjusted p
GR_GAM_Stable_0234	GO:0044214	obsolete spanning component of plasma membrane	GO:0044214	1	GAM	Stable	DIRECT_IS_A_OR_SHARED_PARENT; representative has minimum adjusted p
GR_GAM_Stable_0235	GO:0044237	obsolete cellular metabolic process	GO:0044237	1	GAM	Stable	DIRECT_IS_A_OR_SHARED_PARENT; representative has minimum adjusted p
GR_GAM_Stable_0236	GO:0044249	obsolete cellular biosynthetic process	GO:0044249	1	GAM	Stable	DIRECT_IS_A_OR_SHARED_PARENT; representative has minimum adjusted p
GR_GAM_Stable_0237	GO:0044260	obsolete cellular macromolecule metabolic process	GO:0044260	1	GAM	Stable	DIRECT_IS_A_OR_SHARED_PARENT; representative has minimum adjusted p
GR_GAM_Stable_0238	GO:0044265	obsolete cellular macromolecule catabolic process	GO:0044265	1	GAM	Stable	DIRECT_IS_A_OR_SHARED_PARENT; representative has minimum adjusted p
GR_GAM_Stable_0239	GO:0044270	obsolete cellular nitrogen compound catabolic process	GO:0044270	1	GAM	Stable	DIRECT_IS_A_OR_SHARED_PARENT; representative has minimum adjusted p
GR_GAM_Stable_0240	GO:0044271	obsolete cellular nitrogen compound biosynthetic process	GO:0044271	1	GAM	Stable	DIRECT_IS_A_OR_SHARED_PARENT; representative has minimum adjusted p
GR_GAM_Stable_0241	GO:0044420	obsolete extracellular matrix component	GO:0044420	1	GAM	Stable	DIRECT_IS_A_OR_SHARED_PARENT; representative has minimum adjusted p
GR_GAM_Stable_0242	GO:0044422	obsolete organelle part	GO:0044422	1	GAM	Stable	DIRECT_IS_A_OR_SHARED_PARENT; representative has minimum adjusted p
GR_GAM_Stable_0243	GO:0044424	obsolete intracellular part	GO:0044424	1	GAM	Stable	DIRECT_IS_A_OR_SHARED_PARENT; representative has minimum adjusted p
GR_GAM_Stable_0244	GO:0044427	obsolete chromosomal part	GO:0044427	1	GAM	Stable	DIRECT_IS_A_OR_SHARED_PARENT; representative has minimum adjusted p
GR_GAM_Stable_0245	GO:0044428	obsolete nuclear part	GO:0044428	1	GAM	Stable	DIRECT_IS_A_OR_SHARED_PARENT; representative has minimum adjusted p
GR_GAM_Stable_0246	GO:0044430	obsolete cytoskeletal part	GO:0044430	1	GAM	Stable	DIRECT_IS_A_OR_SHARED_PARENT; representative has minimum adjusted p
GR_GAM_Stable_0247	GO:0044444	obsolete cytoplasmic part	GO:0044444	1	GAM	Stable	DIRECT_IS_A_OR_SHARED_PARENT; representative has minimum adjusted p
GR_GAM_Stable_0248	GO:0044445	obsolete cytosolic part	GO:0044445	1	GAM	Stable	DIRECT_IS_A_OR_SHARED_PARENT; representative has minimum adjusted p
GR_GAM_Stable_0249	GO:0044446	obsolete intracellular organelle part	GO:0044446	1	GAM	Stable	DIRECT_IS_A_OR_SHARED_PARENT; representative has minimum adjusted p
GR_GAM_Stable_0250	GO:0044448	obsolete cell cortex part	GO:0044448	1	GAM	Stable	DIRECT_IS_A_OR_SHARED_PARENT; representative has minimum adjusted p
GR_GAM_Stable_0251	GO:0044449	obsolete contractile fiber part	GO:0044449	1	GAM	Stable	DIRECT_IS_A_OR_SHARED_PARENT; representative has minimum adjusted p
GR_GAM_Stable_0252	GO:0044450	obsolete microtubule organizing center part	GO:0044450	1	GAM	Stable	DIRECT_IS_A_OR_SHARED_PARENT; representative has minimum adjusted p
GR_GAM_Stable_0253	GO:0044451	obsolete nucleoplasm part	GO:0044451	1	GAM	Stable	DIRECT_IS_A_OR_SHARED_PARENT; representative has minimum adjusted p
GR_GAM_Stable_0254	GO:0044452	obsolete nucleolar part	GO:0044452	1	GAM	Stable	DIRECT_IS_A_OR_SHARED_PARENT; representative has minimum adjusted p
GR_GAM_Stable_0255	GO:0044454	obsolete nuclear chromosome part	GO:0044454	1	GAM	Stable	DIRECT_IS_A_OR_SHARED_PARENT; representative has minimum adjusted p
GR_GAM_Stable_0256	GO:0044455	obsolete mitochondrial membrane part	GO:0044455	1	GAM	Stable	DIRECT_IS_A_OR_SHARED_PARENT; representative has minimum adjusted p
GR_GAM_Stable_0257	GO:0044456	obsolete synapse part	GO:0044456	1	GAM	Stable	DIRECT_IS_A_OR_SHARED_PARENT; representative has minimum adjusted p
GR_GAM_Stable_0258	GO:0044459	obsolete plasma membrane part	GO:0044459	1	GAM	Stable	DIRECT_IS_A_OR_SHARED_PARENT; representative has minimum adjusted p
GR_GAM_Stable_0259	GO:0044463	obsolete cell projection part	GO:0044463	1	GAM	Stable	DIRECT_IS_A_OR_SHARED_PARENT; representative has minimum adjusted p
GR_GAM_Stable_0260	GO:0044464	obsolete cell part	GO:0044464	1	GAM	Stable	DIRECT_IS_A_OR_SHARED_PARENT; representative has minimum adjusted p
GR_GAM_Stable_0261	GO:0044648	obsolete histone H3-K4 dimethylation	GO:0044648	1	GAM	Stable	DIRECT_IS_A_OR_SHARED_PARENT; representative has minimum adjusted p
GR_GAM_Stable_0262	GO:0044728	obsolete DNA methylation or demethylation	GO:0044728	1	GAM	Stable	DIRECT_IS_A_OR_SHARED_PARENT; representative has minimum adjusted p
GR_GAM_Stable_0263	GO:0044753	amphisome	GO:0044753	1	GAM	Stable	DIRECT_IS_A_OR_SHARED_PARENT; representative has minimum adjusted p
GR_GAM_Stable_0264	GO:0044766	obsolete multi-organism transport	GO:0044766	1	GAM	Stable	DIRECT_IS_A_OR_SHARED_PARENT; representative has minimum adjusted p
GR_GAM_Stable_0265	GO:0044789	obsolete modulation by host of viral release from host cell	GO:0044789	1	GAM	Stable	DIRECT_IS_A_OR_SHARED_PARENT; representative has minimum adjusted p
GR_GAM_Stable_0266	GO:0044791	obsolete positive regulation by host of viral release from host cell	GO:0044791	1	GAM	Stable	DIRECT_IS_A_OR_SHARED_PARENT; representative has minimum adjusted p
GR_GAM_Stable_0267	GO:0044815	obsolete DNA packaging complex	GO:0044815	1	GAM	Stable	DIRECT_IS_A_OR_SHARED_PARENT; representative has minimum adjusted p
GR_GAM_Stable_0268	GO:0045172	germline ring canal	GO:0045172	1	GAM	Stable	DIRECT_IS_A_OR_SHARED_PARENT; representative has minimum adjusted p
GR_GAM_Stable_0269	GO:0045263	obsolete proton-transporting ATP synthase complex, coupling factor F(o)	GO:0045263	1	GAM	Stable	DIRECT_IS_A_OR_SHARED_PARENT; representative has minimum adjusted p
GR_GAM_Stable_0270	GO:0045333	cellular respiration	GO:0045333	1	GAM	Stable	DIRECT_IS_A_OR_SHARED_PARENT; representative has minimum adjusted p
GR_GAM_Stable_0271	GO:0045495	obsolete pole plasm	GO:0045495	1	GAM	Stable	DIRECT_IS_A_OR_SHARED_PARENT; representative has minimum adjusted p
GR_GAM_Stable_0272	GO:0045671	negative regulation of osteoclast differentiation	GO:0045670;GO:0045671	2	GAM	Stable	DIRECT_IS_A_OR_SHARED_PARENT; representative has minimum adjusted p
GR_GAM_Stable_0273	GO:0045815	transcription initiation-coupled chromatin remodeling	GO:0045815;GO:0048096	2	GAM	Stable	DIRECT_IS_A_OR_SHARED_PARENT; representative has minimum adjusted p
GR_GAM_Stable_0274	GO:0045935	obsolete positive regulation of nucleobase-containing compound metabolic process	GO:0045935	1	GAM	Stable	DIRECT_IS_A_OR_SHARED_PARENT; representative has minimum adjusted p
GR_GAM_Stable_0275	GO:0046293	formaldehyde biosynthetic process	GO:0046293	1	GAM	Stable	DIRECT_IS_A_OR_SHARED_PARENT; representative has minimum adjusted p
GR_GAM_Stable_0276	GO:0046483	obsolete heterocycle metabolic process	GO:0046483	1	GAM	Stable	DIRECT_IS_A_OR_SHARED_PARENT; representative has minimum adjusted p
GR_GAM_Stable_0277	GO:0046700	obsolete heterocycle catabolic process	GO:0046700	1	GAM	Stable	DIRECT_IS_A_OR_SHARED_PARENT; representative has minimum adjusted p
GR_GAM_Stable_0278	GO:0046916	obsolete intracellular transition metal ion homeostasis	GO:0046916	1	GAM	Stable	DIRECT_IS_A_OR_SHARED_PARENT; representative has minimum adjusted p
GR_GAM_Stable_0279	GO:0046933	proton-transporting ATP synthase activity, rotational mechanism	GO:0046933	1	GAM	Stable	DIRECT_IS_A_OR_SHARED_PARENT; representative has minimum adjusted p
GR_GAM_Stable_0280	GO:0047485	obsolete protein N-terminus binding	GO:0047485	1	GAM	Stable	DIRECT_IS_A_OR_SHARED_PARENT; representative has minimum adjusted p
GR_GAM_Stable_0281	GO:0048563	obsolete post-embryonic animal organ morphogenesis	GO:0048563	1	GAM	Stable	DIRECT_IS_A_OR_SHARED_PARENT; representative has minimum adjusted p
GR_GAM_Stable_0282	GO:0048569	obsolete post-embryonic animal organ development	GO:0048569	1	GAM	Stable	DIRECT_IS_A_OR_SHARED_PARENT; representative has minimum adjusted p
GR_GAM_Stable_0283	GO:0050830	defense response to Gram-positive bacterium	GO:0050830	1	GAM	Stable	DIRECT_IS_A_OR_SHARED_PARENT; representative has minimum adjusted p
GR_GAM_Stable_0284	GO:0050882	voluntary musculoskeletal movement	GO:0050882	1	GAM	Stable	DIRECT_IS_A_OR_SHARED_PARENT; representative has minimum adjusted p
GR_GAM_Stable_0285	GO:0051090	obsolete regulation of DNA-binding transcription factor activity	GO:0051090	1	GAM	Stable	DIRECT_IS_A_OR_SHARED_PARENT; representative has minimum adjusted p
GR_GAM_Stable_0286	GO:0051171	obsolete regulation of nitrogen compound metabolic process	GO:0051171	1	GAM	Stable	DIRECT_IS_A_OR_SHARED_PARENT; representative has minimum adjusted p
GR_GAM_Stable_0287	GO:0051172	obsolete negative regulation of nitrogen compound metabolic process	GO:0051172	1	GAM	Stable	DIRECT_IS_A_OR_SHARED_PARENT; representative has minimum adjusted p
GR_GAM_Stable_0288	GO:0051173	obsolete positive regulation of nitrogen compound metabolic process	GO:0051173	1	GAM	Stable	DIRECT_IS_A_OR_SHARED_PARENT; representative has minimum adjusted p
GR_GAM_Stable_0289	GO:0051270	obsolete regulation of cellular component movement	GO:0051270	1	GAM	Stable	DIRECT_IS_A_OR_SHARED_PARENT; representative has minimum adjusted p
GR_GAM_Stable_0290	GO:0051271	obsolete negative regulation of cellular component movement	GO:0051271	1	GAM	Stable	DIRECT_IS_A_OR_SHARED_PARENT; representative has minimum adjusted p
GR_GAM_Stable_0291	GO:0051272	obsolete positive regulation of cellular component movement	GO:0051272	1	GAM	Stable	DIRECT_IS_A_OR_SHARED_PARENT; representative has minimum adjusted p
GR_GAM_Stable_0292	GO:0051303	obsolete establishment of chromosome localization	GO:0051303	1	GAM	Stable	DIRECT_IS_A_OR_SHARED_PARENT; representative has minimum adjusted p
GR_GAM_Stable_0293	GO:0051347	obsolete positive regulation of transferase activity	GO:0051347	1	GAM	Stable	DIRECT_IS_A_OR_SHARED_PARENT; representative has minimum adjusted p
GR_GAM_Stable_0294	GO:0051567	obsolete histone H3-K9 methylation	GO:0051567	1	GAM	Stable	DIRECT_IS_A_OR_SHARED_PARENT; representative has minimum adjusted p
GR_GAM_Stable_0295	GO:0051568	obsolete histone H3-K4 methylation	GO:0051568	1	GAM	Stable	DIRECT_IS_A_OR_SHARED_PARENT; representative has minimum adjusted p
GR_GAM_Stable_0296	GO:0051570	obsolete regulation of histone H3-K9 methylation	GO:0051570	1	GAM	Stable	DIRECT_IS_A_OR_SHARED_PARENT; representative has minimum adjusted p
GR_GAM_Stable_0297	GO:0051574	obsolete positive regulation of histone H3-K9 methylation	GO:0051574	1	GAM	Stable	DIRECT_IS_A_OR_SHARED_PARENT; representative has minimum adjusted p
GR_GAM_Stable_0298	GO:0051704	obsolete multi-organism process	GO:0051704	1	GAM	Stable	DIRECT_IS_A_OR_SHARED_PARENT; representative has minimum adjusted p
GR_GAM_Stable_0299	GO:0051817	obsolete modulation of process of other organism involved in symbiotic interaction	GO:0051817	1	GAM	Stable	DIRECT_IS_A_OR_SHARED_PARENT; representative has minimum adjusted p
GR_GAM_Stable_0300	GO:0051941	obsolete regulation of amino acid uptake involved in synaptic transmission	GO:0051941	1	GAM	Stable	DIRECT_IS_A_OR_SHARED_PARENT; representative has minimum adjusted p
GR_GAM_Stable_0301	GO:0051946	regulation of glutamate uptake involved in transmission of nerve impulse	GO:0051946	1	GAM	Stable	DIRECT_IS_A_OR_SHARED_PARENT; representative has minimum adjusted p
GR_GAM_Stable_0302	GO:0055072	obsolete iron ion homeostasis	GO:0055072	1	GAM	Stable	DIRECT_IS_A_OR_SHARED_PARENT; representative has minimum adjusted p
GR_GAM_Stable_0303	GO:0055076	obsolete transition metal ion homeostasis	GO:0055076	1	GAM	Stable	DIRECT_IS_A_OR_SHARED_PARENT; representative has minimum adjusted p
GR_GAM_Stable_0304	GO:0055114	obsolete oxidation-reduction process	GO:0055114	1	GAM	Stable	DIRECT_IS_A_OR_SHARED_PARENT; representative has minimum adjusted p
GR_GAM_Stable_0305	GO:0055116	entry into reproductive diapause	GO:0055116	1	GAM	Stable	DIRECT_IS_A_OR_SHARED_PARENT; representative has minimum adjusted p
GR_GAM_Stable_0306	GO:0060047	heart contraction	GO:0003015;GO:0060047	2	GAM	Stable	DIRECT_IS_A_OR_SHARED_PARENT; representative has minimum adjusted p
GR_GAM_Stable_0307	GO:0060048	cardiac muscle contraction	GO:0006936;GO:0006941;GO:0060048	3	GAM	Stable	DIRECT_IS_A_OR_SHARED_PARENT; representative has minimum adjusted p
GR_GAM_Stable_0308	GO:0060075	regulation of resting membrane potential	GO:0060075	1	GAM	Stable	DIRECT_IS_A_OR_SHARED_PARENT; representative has minimum adjusted p
GR_GAM_Stable_0309	GO:0044557	relaxation of smooth muscle	GO:0044557;GO:0060087	2	GAM	Stable	DIRECT_IS_A_OR_SHARED_PARENT; representative has minimum adjusted p
GR_GAM_Stable_0310	GO:0060088	auditory receptor cell stereocilium organization	GO:0060088	1	GAM	Stable	DIRECT_IS_A_OR_SHARED_PARENT; representative has minimum adjusted p
GR_GAM_Stable_0311	GO:0060101	negative regulation of phagocytosis, engulfment	GO:0060101	1	GAM	Stable	DIRECT_IS_A_OR_SHARED_PARENT; representative has minimum adjusted p
GR_GAM_Stable_0312	GO:0060117	auditory receptor cell development	GO:0060117	1	GAM	Stable	DIRECT_IS_A_OR_SHARED_PARENT; representative has minimum adjusted p
GR_GAM_Stable_0313	GO:0060318	definitive erythrocyte differentiation	GO:0060318	1	GAM	Stable	DIRECT_IS_A_OR_SHARED_PARENT; representative has minimum adjusted p
GR_GAM_Stable_0314	GO:0060509	type I pneumocyte differentiation	GO:0060509	1	GAM	Stable	DIRECT_IS_A_OR_SHARED_PARENT; representative has minimum adjusted p
GR_GAM_Stable_0315	GO:0060548	obsolete negative regulation of cell death	GO:0060548	1	GAM	Stable	DIRECT_IS_A_OR_SHARED_PARENT; representative has minimum adjusted p
GR_GAM_Stable_0316	GO:0060968	obsolete regulation of gene silencing	GO:0060968	1	GAM	Stable	DIRECT_IS_A_OR_SHARED_PARENT; representative has minimum adjusted p
GR_GAM_Stable_0317	GO:0060969	obsolete negative regulation of gene silencing	GO:0060969	1	GAM	Stable	DIRECT_IS_A_OR_SHARED_PARENT; representative has minimum adjusted p
GR_GAM_Stable_0318	GO:0061174	type I terminal bouton	GO:0061174	1	GAM	Stable	DIRECT_IS_A_OR_SHARED_PARENT; representative has minimum adjusted p
GR_GAM_Stable_0319	GO:0061392	obsolete regulation of transcription from RNA polymerase II promoter in response to osmotic stress	GO:0061392	1	GAM	Stable	DIRECT_IS_A_OR_SHARED_PARENT; representative has minimum adjusted p
GR_GAM_Stable_0320	GO:0061393	obsolete positive regulation of transcription from RNA polymerase II promoter in response to osmotic stress	GO:0061393	1	GAM	Stable	DIRECT_IS_A_OR_SHARED_PARENT; representative has minimum adjusted p
GR_GAM_Stable_0321	GO:0061404	obsolete positive regulation of transcription from RNA polymerase II promoter in response to increased salt	GO:0061404	1	GAM	Stable	DIRECT_IS_A_OR_SHARED_PARENT; representative has minimum adjusted p
GR_GAM_Stable_0322	GO:0061416	obsolete regulation of transcription from RNA polymerase II promoter in response to salt stress	GO:0061416	1	GAM	Stable	DIRECT_IS_A_OR_SHARED_PARENT; representative has minimum adjusted p
GR_GAM_Stable_0323	GO:0061647	obsolete histone H3-K9 modification	GO:0061647	1	GAM	Stable	DIRECT_IS_A_OR_SHARED_PARENT; representative has minimum adjusted p
GR_GAM_Stable_0324	GO:0061774	obsolete cohesin unloading	GO:0061774	1	GAM	Stable	DIRECT_IS_A_OR_SHARED_PARENT; representative has minimum adjusted p
GR_GAM_Stable_0325	GO:0061781	obsolete mitotic cohesin unloading	GO:0061781	1	GAM	Stable	DIRECT_IS_A_OR_SHARED_PARENT; representative has minimum adjusted p
GR_GAM_Stable_0326	GO:0070035	obsolete purine NTP-dependent helicase activity	GO:0070035	1	GAM	Stable	DIRECT_IS_A_OR_SHARED_PARENT; representative has minimum adjusted p
GR_GAM_Stable_0327	GO:0070209	obsolete ASTRA complex	GO:0070209	1	GAM	Stable	DIRECT_IS_A_OR_SHARED_PARENT; representative has minimum adjusted p
GR_GAM_Stable_0328	GO:0070413	obsolete trehalose metabolism in response to stress	GO:0070413	1	GAM	Stable	DIRECT_IS_A_OR_SHARED_PARENT; representative has minimum adjusted p
GR_GAM_Stable_0329	GO:0070469	obsolete respirasome	GO:0070469	1	GAM	Stable	DIRECT_IS_A_OR_SHARED_PARENT; representative has minimum adjusted p
GR_GAM_Stable_0330	GO:0070577	obsolete lysine-acetylated histone binding	GO:0070577	1	GAM	Stable	DIRECT_IS_A_OR_SHARED_PARENT; representative has minimum adjusted p
GR_GAM_Stable_0331	GO:0070727	obsolete cellular macromolecule localization	GO:0070727	1	GAM	Stable	DIRECT_IS_A_OR_SHARED_PARENT; representative has minimum adjusted p
GR_GAM_Stable_0332	GO:0070734	obsolete histone H3-K27 methylation	GO:0070734	1	GAM	Stable	DIRECT_IS_A_OR_SHARED_PARENT; representative has minimum adjusted p
GR_GAM_Stable_0333	GO:0070830	bicellular tight junction assembly	GO:0070830	1	GAM	Stable	DIRECT_IS_A_OR_SHARED_PARENT; representative has minimum adjusted p
GR_GAM_Stable_0334	GO:0070868	obsolete heterochromatin organization involved in chromatin silencing	GO:0070868	1	GAM	Stable	DIRECT_IS_A_OR_SHARED_PARENT; representative has minimum adjusted p
GR_GAM_Stable_0335	GO:0070647	protein modification by small protein conjugation or removal	GO:0000209;GO:0006513;GO:0016567;GO:0016579;GO:0032446;GO:0070646;GO:0070647;GO:0071108	8	GAM	Stable	DIRECT_IS_A_OR_SHARED_PARENT; representative has minimum adjusted p
GR_GAM_Stable_0336	GO:0071241	obsolete cellular response to inorganic substance	GO:0071241	1	GAM	Stable	DIRECT_IS_A_OR_SHARED_PARENT; representative has minimum adjusted p
GR_GAM_Stable_0337	GO:0071310	obsolete cellular response to organic substance	GO:0071310	1	GAM	Stable	DIRECT_IS_A_OR_SHARED_PARENT; representative has minimum adjusted p
GR_GAM_Stable_0338	GO:0071407	obsolete cellular response to organic cyclic compound	GO:0071407	1	GAM	Stable	DIRECT_IS_A_OR_SHARED_PARENT; representative has minimum adjusted p
GR_GAM_Stable_0339	GO:0071417	obsolete cellular response to organonitrogen compound	GO:0071417	1	GAM	Stable	DIRECT_IS_A_OR_SHARED_PARENT; representative has minimum adjusted p
GR_GAM_Stable_0340	GO:0071426	obsolete ribonucleoprotein complex export from nucleus	GO:0071426	1	GAM	Stable	DIRECT_IS_A_OR_SHARED_PARENT; representative has minimum adjusted p
GR_GAM_Stable_0341	GO:0071427	obsolete mRNA-containing ribonucleoprotein complex export from nucleus	GO:0071427	1	GAM	Stable	DIRECT_IS_A_OR_SHARED_PARENT; representative has minimum adjusted p
GR_GAM_Stable_0342	GO:0071450	cellular response to oxygen radical	GO:0000303;GO:0000305;GO:0071450;GO:0071451	4	GAM	Stable	DIRECT_IS_A_OR_SHARED_PARENT; representative has minimum adjusted p
GR_GAM_Stable_0343	GO:0071539	protein localization to centrosome	GO:0071539;GO:1905508	2	GAM	Stable	DIRECT_IS_A_OR_SHARED_PARENT; representative has minimum adjusted p
GR_GAM_Stable_0344	GO:0071702	obsolete organic substance transport	GO:0071702	1	GAM	Stable	DIRECT_IS_A_OR_SHARED_PARENT; representative has minimum adjusted p
GR_GAM_Stable_0345	GO:0071704	obsolete organic substance metabolic process	GO:0071704	1	GAM	Stable	DIRECT_IS_A_OR_SHARED_PARENT; representative has minimum adjusted p
GR_GAM_Stable_0346	GO:0071733	obsolete transcriptional activation by promoter-enhancer looping	GO:0071733	1	GAM	Stable	DIRECT_IS_A_OR_SHARED_PARENT; representative has minimum adjusted p
GR_GAM_Stable_0347	GO:0071847	obsolete TNFSF11-mediated signaling pathway	GO:0071847	1	GAM	Stable	DIRECT_IS_A_OR_SHARED_PARENT; representative has minimum adjusted p
GR_GAM_Stable_0348	GO:0071922	obsolete regulation of cohesin loading	GO:0071922	1	GAM	Stable	DIRECT_IS_A_OR_SHARED_PARENT; representative has minimum adjusted p
GR_GAM_Stable_0349	GO:0071923	obsolete negative regulation of cohesin loading	GO:0071923	1	GAM	Stable	DIRECT_IS_A_OR_SHARED_PARENT; representative has minimum adjusted p
GR_GAM_Stable_0350	GO:0072367	obsolete regulation of lipid transport by regulation of transcription from RNA polymerase II promoter	GO:0072367	1	GAM	Stable	DIRECT_IS_A_OR_SHARED_PARENT; representative has minimum adjusted p
GR_GAM_Stable_0351	GO:0072368	obsolete regulation of lipid transport by negative regulation of transcription from RNA polymerase II promoter	GO:0072368	1	GAM	Stable	DIRECT_IS_A_OR_SHARED_PARENT; representative has minimum adjusted p
GR_GAM_Stable_0352	GO:0072511	obsolete inorganic cation transmembrane transport	GO:0072511	1	GAM	Stable	DIRECT_IS_A_OR_SHARED_PARENT; representative has minimum adjusted p
GR_GAM_Stable_0353	GO:0080182	obsolete histone H3-K4 trimethylation	GO:0080182	1	GAM	Stable	DIRECT_IS_A_OR_SHARED_PARENT; representative has minimum adjusted p
GR_GAM_Stable_0354	GO:0086037	obsolete P-type sodium:potassium-exchanging transporter activity involved in regulation of cardiac muscle cell membrane potential	GO:0086037	1	GAM	Stable	DIRECT_IS_A_OR_SHARED_PARENT; representative has minimum adjusted p
GR_GAM_Stable_0355	GO:0089717	obsolete spanning component of membrane	GO:0089717	1	GAM	Stable	DIRECT_IS_A_OR_SHARED_PARENT; representative has minimum adjusted p
GR_GAM_Stable_0356	GO:0090202	obsolete gene looping	GO:0090202	1	GAM	Stable	DIRECT_IS_A_OR_SHARED_PARENT; representative has minimum adjusted p
GR_GAM_Stable_0357	GO:0090305	obsolete nucleic acid phosphodiester bond hydrolysis	GO:0090305	1	GAM	Stable	DIRECT_IS_A_OR_SHARED_PARENT; representative has minimum adjusted p
GR_GAM_Stable_0358	GO:0090501	obsolete RNA phosphodiester bond hydrolysis	GO:0090501	1	GAM	Stable	DIRECT_IS_A_OR_SHARED_PARENT; representative has minimum adjusted p
GR_GAM_Stable_0359	GO:0090502	obsolete RNA phosphodiester bond hydrolysis, endonucleolytic	GO:0090502	1	GAM	Stable	DIRECT_IS_A_OR_SHARED_PARENT; representative has minimum adjusted p
GR_GAM_Stable_0360	GO:0090579	obsolete dsDNA loop formation	GO:0090579	1	GAM	Stable	DIRECT_IS_A_OR_SHARED_PARENT; representative has minimum adjusted p
GR_GAM_Stable_0361	GO:0097159	obsolete organic cyclic compound binding	GO:0097159	1	GAM	Stable	DIRECT_IS_A_OR_SHARED_PARENT; representative has minimum adjusted p
GR_GAM_Stable_0362	GO:0097458	obsolete neuron part	GO:0097458	1	GAM	Stable	DIRECT_IS_A_OR_SHARED_PARENT; representative has minimum adjusted p
GR_GAM_Stable_0363	GO:0097549	obsolete chromatin organization involved in negative regulation of transcription	GO:0097549	1	GAM	Stable	DIRECT_IS_A_OR_SHARED_PARENT; representative has minimum adjusted p
GR_GAM_Stable_0364	GO:0097659	obsolete nucleic acid-templated transcription	GO:0097659	1	GAM	Stable	DIRECT_IS_A_OR_SHARED_PARENT; representative has minimum adjusted p
GR_GAM_Stable_0365	GO:0098532	obsolete histone H3-K27 trimethylation	GO:0098532	1	GAM	Stable	DIRECT_IS_A_OR_SHARED_PARENT; representative has minimum adjusted p
GR_GAM_Stable_0366	GO:0098556	cytoplasmic side of rough endoplasmic reticulum membrane	GO:0009898;GO:0098554;GO:0098556;GO:0098562	4	GAM	Stable	DIRECT_IS_A_OR_SHARED_PARENT; representative has minimum adjusted p
GR_GAM_Stable_0367	GO:0098742	obsolete cell-cell adhesion via plasma-membrane adhesion molecules	GO:0098742	1	GAM	Stable	DIRECT_IS_A_OR_SHARED_PARENT; representative has minimum adjusted p
GR_GAM_Stable_0368	GO:0098781	obsolete ncRNA transcription	GO:0098781	1	GAM	Stable	DIRECT_IS_A_OR_SHARED_PARENT; representative has minimum adjusted p
GR_GAM_Stable_0369	GO:0098885	modification of postsynaptic actin cytoskeleton	GO:0098885	1	GAM	Stable	DIRECT_IS_A_OR_SHARED_PARENT; representative has minimum adjusted p
GR_GAM_Stable_0370	GO:0120038	obsolete plasma membrane bounded cell projection part	GO:0120038	1	GAM	Stable	DIRECT_IS_A_OR_SHARED_PARENT; representative has minimum adjusted p
GR_GAM_Stable_0371	GO:0140018	regulation of cytoplasmic translational fidelity	GO:0140018	1	GAM	Stable	DIRECT_IS_A_OR_SHARED_PARENT; representative has minimum adjusted p
GR_GAM_Stable_0372	GO:0198738	obsolete cell-cell signaling by wnt	GO:0198738	1	GAM	Stable	DIRECT_IS_A_OR_SHARED_PARENT; representative has minimum adjusted p
GR_GAM_Stable_0373	GO:1900111	obsolete positive regulation of histone H3-K9 dimethylation	GO:1900111	1	GAM	Stable	DIRECT_IS_A_OR_SHARED_PARENT; representative has minimum adjusted p
GR_GAM_Stable_0374	GO:1900363	obsolete regulation of mRNA polyadenylation	GO:1900363	1	GAM	Stable	DIRECT_IS_A_OR_SHARED_PARENT; representative has minimum adjusted p
GR_GAM_Stable_0375	GO:1900364	obsolete negative regulation of mRNA polyadenylation	GO:1900364	1	GAM	Stable	DIRECT_IS_A_OR_SHARED_PARENT; representative has minimum adjusted p
GR_GAM_Stable_0376	GO:1901214	obsolete regulation of neuron death	GO:1901214	1	GAM	Stable	DIRECT_IS_A_OR_SHARED_PARENT; representative has minimum adjusted p
GR_GAM_Stable_0377	GO:1901215	obsolete negative regulation of neuron death	GO:1901215	1	GAM	Stable	DIRECT_IS_A_OR_SHARED_PARENT; representative has minimum adjusted p
GR_GAM_Stable_0378	GO:1901216	obsolete positive regulation of neuron death	GO:1901216	1	GAM	Stable	DIRECT_IS_A_OR_SHARED_PARENT; representative has minimum adjusted p
GR_GAM_Stable_0379	GO:1901360	obsolete organic cyclic compound metabolic process	GO:1901360	1	GAM	Stable	DIRECT_IS_A_OR_SHARED_PARENT; representative has minimum adjusted p
GR_GAM_Stable_0380	GO:1901361	obsolete organic cyclic compound catabolic process	GO:1901361	1	GAM	Stable	DIRECT_IS_A_OR_SHARED_PARENT; representative has minimum adjusted p
GR_GAM_Stable_0381	GO:1901362	obsolete organic cyclic compound biosynthetic process	GO:1901362	1	GAM	Stable	DIRECT_IS_A_OR_SHARED_PARENT; representative has minimum adjusted p
GR_GAM_Stable_0382	GO:1901537	obsolete positive regulation of DNA demethylation	GO:1901537	1	GAM	Stable	DIRECT_IS_A_OR_SHARED_PARENT; representative has minimum adjusted p
GR_GAM_Stable_0383	GO:1901564	obsolete organonitrogen compound metabolic process	GO:1901564	1	GAM	Stable	DIRECT_IS_A_OR_SHARED_PARENT; representative has minimum adjusted p
GR_GAM_Stable_0384	GO:1901566	obsolete organonitrogen compound biosynthetic process	GO:1901566	1	GAM	Stable	DIRECT_IS_A_OR_SHARED_PARENT; representative has minimum adjusted p
GR_GAM_Stable_0385	GO:1901576	obsolete organic substance biosynthetic process	GO:1901576	1	GAM	Stable	DIRECT_IS_A_OR_SHARED_PARENT; representative has minimum adjusted p
GR_GAM_Stable_0386	GO:1901674	obsolete regulation of histone H3-K27 acetylation	GO:1901674	1	GAM	Stable	DIRECT_IS_A_OR_SHARED_PARENT; representative has minimum adjusted p
GR_GAM_Stable_0387	GO:1902038	positive regulation of hematopoietic stem cell differentiation	GO:1902038	1	GAM	Stable	DIRECT_IS_A_OR_SHARED_PARENT; representative has minimum adjusted p
GR_GAM_Stable_0388	GO:1902177	positive regulation of oxidative stress-induced intrinsic apoptotic signaling pathway	GO:1902177	1	GAM	Stable	DIRECT_IS_A_OR_SHARED_PARENT; representative has minimum adjusted p
GR_GAM_Stable_0389	GO:1902186	obsolete regulation of viral release from host cell	GO:1902186	1	GAM	Stable	DIRECT_IS_A_OR_SHARED_PARENT; representative has minimum adjusted p
GR_GAM_Stable_0390	GO:1902287	semaphorin-plexin signaling pathway involved in axon guidance	GO:1902287	1	GAM	Stable	DIRECT_IS_A_OR_SHARED_PARENT; representative has minimum adjusted p
GR_GAM_Stable_0391	GO:1903320	regulation of protein modification by small protein conjugation or removal	GO:0031396;GO:1902498;GO:1903320	3	GAM	Stable	DIRECT_IS_A_OR_SHARED_PARENT; representative has minimum adjusted p
GR_GAM_Stable_0392	GO:1902579	obsolete multi-organism localization	GO:1902579	1	GAM	Stable	DIRECT_IS_A_OR_SHARED_PARENT; representative has minimum adjusted p
GR_GAM_Stable_0393	GO:1903050	obsolete regulation of proteolysis involved in protein catabolic process	GO:1903050	1	GAM	Stable	DIRECT_IS_A_OR_SHARED_PARENT; representative has minimum adjusted p
GR_GAM_Stable_0394	GO:1903051	obsolete negative regulation of proteolysis involved in protein catabolic process	GO:1903051	1	GAM	Stable	DIRECT_IS_A_OR_SHARED_PARENT; representative has minimum adjusted p
GR_GAM_Stable_0395	GO:1903052	obsolete positive regulation of proteolysis involved in protein catabolic process	GO:1903052	1	GAM	Stable	DIRECT_IS_A_OR_SHARED_PARENT; representative has minimum adjusted p
GR_GAM_Stable_0396	GO:1903209	obsolete positive regulation of oxidative stress-induced cell death	GO:1903209	1	GAM	Stable	DIRECT_IS_A_OR_SHARED_PARENT; representative has minimum adjusted p
GR_GAM_Stable_0397	GO:1903280	obsolete negative regulation of calcium:sodium antiporter activity	GO:1903280	1	GAM	Stable	DIRECT_IS_A_OR_SHARED_PARENT; representative has minimum adjusted p
GR_GAM_Stable_0398	GO:1903286	regulation of potassium ion import	GO:1903286	1	GAM	Stable	DIRECT_IS_A_OR_SHARED_PARENT; representative has minimum adjusted p
GR_GAM_Stable_0399	GO:1903506	obsolete regulation of nucleic acid-templated transcription	GO:1903506	1	GAM	Stable	DIRECT_IS_A_OR_SHARED_PARENT; representative has minimum adjusted p
GR_GAM_Stable_0400	GO:1903507	obsolete negative regulation of nucleic acid-templated transcription	GO:1903507	1	GAM	Stable	DIRECT_IS_A_OR_SHARED_PARENT; representative has minimum adjusted p
GR_GAM_Stable_0401	GO:1903508	obsolete positive regulation of nucleic acid-templated transcription	GO:1903508	1	GAM	Stable	DIRECT_IS_A_OR_SHARED_PARENT; representative has minimum adjusted p
GR_GAM_Stable_0402	GO:1905114	obsolete cell surface receptor signaling pathway involved in cell-cell signaling	GO:1905114	1	GAM	Stable	DIRECT_IS_A_OR_SHARED_PARENT; representative has minimum adjusted p
GR_GAM_Stable_0403	GO:1905462	obsolete regulation of DNA duplex unwinding	GO:1905462	1	GAM	Stable	DIRECT_IS_A_OR_SHARED_PARENT; representative has minimum adjusted p
GR_GAM_Stable_0404	GO:1905463	obsolete negative regulation of DNA duplex unwinding	GO:1905463	1	GAM	Stable	DIRECT_IS_A_OR_SHARED_PARENT; representative has minimum adjusted p
GR_GAM_Stable_0405	GO:1905503	regulation of motile cilium assembly	GO:1905503	1	GAM	Stable	DIRECT_IS_A_OR_SHARED_PARENT; representative has minimum adjusted p
GR_GAM_Stable_0406	GO:1905616	obsolete regulation of miRNA-mediated gene silencing by inhibition of translation	GO:1905616	1	GAM	Stable	DIRECT_IS_A_OR_SHARED_PARENT; representative has minimum adjusted p
GR_GAM_Stable_0407	GO:1905618	obsolete positive regulation of miRNA-mediated gene silencing by inhibition of translation	GO:1905618	1	GAM	Stable	DIRECT_IS_A_OR_SHARED_PARENT; representative has minimum adjusted p
GR_GAM_Stable_0408	GO:1990239	steroid hormone binding	GO:1990239	1	GAM	Stable	DIRECT_IS_A_OR_SHARED_PARENT; representative has minimum adjusted p
GR_GAM_Stable_0409	GO:1990636	reproductive senescence	GO:1990636	1	GAM	Stable	DIRECT_IS_A_OR_SHARED_PARENT; representative has minimum adjusted p
GR_GAM_Stable_0410	GO:0005575	cellular_component	GO:0000118;GO:0000123;GO:0000151;GO:0000347;GO:0000428;GO:0000445;GO:0000796;GO:0000798;GO:0000799;GO:0005575;GO:0005643;GO:0005665;GO:0005667;GO:0005875;GO:0008023;GO:0008091;GO:0008278;GO:0008623;GO:0009330;GO:0015934;GO:0015935;GO:0016442;GO:0016459;GO:0016469;GO:0016514;GO:0016586;GO:0016589;GO:0016590;GO:0016591;GO:0017053;GO:0022625;GO:0022627;GO:0030014;GO:0030877;GO:0030880;GO:0030892;GO:0030893;GO:0031010;GO:0031213;GO:0031248;GO:0031332;GO:0031931;GO:0031932;GO:0032039;GO:0032991;GO:0033177;GO:0034702;GO:0034703;GO:0034708;GO:0034750;GO:0034990;GO:0034991;GO:0035059;GO:0035060;GO:0035068;GO:0035097;GO:0038201;GO:0042555;GO:0044391;GO:0044611;GO:0044798;GO:0045259;GO:0045271;GO:0045277;GO:0055029;GO:0061695;GO:0070069;GO:0070603;GO:0070775;GO:0070776;GO:0070822;GO:0071564;GO:0071565;GO:0090537;GO:0090568;GO:0097149;GO:0098798;GO:0098800;GO:0098803;GO:0106068;GO:0120103;GO:1902493;GO:1902494;GO:1902495;GO:1902562;GO:1904949;GO:1990234;GO:1990904;GO:1990909;GO:1990923	90	GAM	Stable	DIRECT_IS_A_OR_SHARED_PARENT; representative has minimum adjusted p
GR_GAM_Stable_0411	GO:2000112	obsolete regulation of cellular macromolecule biosynthetic process	GO:2000112	1	GAM	Stable	DIRECT_IS_A_OR_SHARED_PARENT; representative has minimum adjusted p
GR_GAM_Stable_0412	GO:2000113	obsolete negative regulation of cellular macromolecule biosynthetic process	GO:2000113	1	GAM	Stable	DIRECT_IS_A_OR_SHARED_PARENT; representative has minimum adjusted p
GR_GAM_Stable_0413	GO:0060964	regulation of miRNA-mediated gene silencing	GO:0060964;GO:2000637	2	GAM	Stable	DIRECT_IS_A_OR_SHARED_PARENT; representative has minimum adjusted p
GR_GAM_Stable_0414	GO:2000650	obsolete negative regulation of sodium ion transmembrane transporter activity	GO:2000650	1	GAM	Stable	DIRECT_IS_A_OR_SHARED_PARENT; representative has minimum adjusted p
GR_GAM_Stable_0415	GO:1902305	regulation of sodium ion transmembrane transport	GO:0002028;GO:0010766;GO:1902305;GO:1902306;GO:1902307;GO:2000649;GO:2000651	7	GAM	Stable	DIRECT_IS_A_OR_SHARED_PARENT; representative has minimum adjusted p
GR_GAM_Stable_0416	GO:2000653	obsolete regulation of genetic imprinting	GO:2000653	1	GAM	Stable	DIRECT_IS_A_OR_SHARED_PARENT; representative has minimum adjusted p
GR_GAM_Stable_0417	GO:2000790	obsolete regulation of mesenchymal cell proliferation involved in lung development	GO:2000790	1	GAM	Stable	DIRECT_IS_A_OR_SHARED_PARENT; representative has minimum adjusted p
GR_GAM_Stable_0418	GO:2000864	regulation of estradiol secretion	GO:2000864	1	GAM	Stable	DIRECT_IS_A_OR_SHARED_PARENT; representative has minimum adjusted p
GR_GAM_Stable_0419	GO:2001020	obsolete regulation of response to DNA damage stimulus	GO:2001020	1	GAM	Stable	DIRECT_IS_A_OR_SHARED_PARENT; representative has minimum adjusted p
GR_GAM_Stable_0420	GO:2001021	obsolete negative regulation of response to DNA damage stimulus	GO:2001021	1	GAM	Stable	DIRECT_IS_A_OR_SHARED_PARENT; representative has minimum adjusted p
GR_GAM_Stable_0421	GO:2001022	obsolete positive regulation of response to DNA damage stimulus	GO:2001022	1	GAM	Stable	DIRECT_IS_A_OR_SHARED_PARENT; representative has minimum adjusted p
GR_GAM_Stable_0422	GO:2001273	obsolete regulation of glucose import in response to insulin stimulus	GO:2001273	1	GAM	Stable	DIRECT_IS_A_OR_SHARED_PARENT; representative has minimum adjusted p
GR_GAM_Stable_0423	GO:2001275	obsolete positive regulation of glucose import in response to insulin stimulus	GO:2001275	1	GAM	Stable	DIRECT_IS_A_OR_SHARED_PARENT; representative has minimum adjusted p
GR_GAM_Transitional_0001	GO:0000003	obsolete reproduction	GO:0000003	1	GAM	Transitional	DIRECT_IS_A_OR_SHARED_PARENT; representative has minimum adjusted p
GR_GAM_Transitional_0002	GO:0031981	nuclear lumen	GO:0000228;GO:0000781;GO:0000784;GO:0000785;GO:0005622;GO:0005634;GO:0005654;GO:0005694;GO:0005737;GO:0005829;GO:0012505;GO:0031974;GO:0031981;GO:0036063;GO:0043226;GO:0043227;GO:0043228;GO:0043229;GO:0043231;GO:0043232;GO:0043233;GO:0070013;GO:0098687	23	GAM	Transitional	DIRECT_IS_A_OR_SHARED_PARENT; representative has minimum adjusted p
GR_GAM_Transitional_0003	GO:0000904	obsolete cell morphogenesis involved in differentiation	GO:0000904	1	GAM	Transitional	DIRECT_IS_A_OR_SHARED_PARENT; representative has minimum adjusted p
GR_GAM_Transitional_0004	GO:0000916	actomyosin contractile ring contraction	GO:0000916;GO:0036213	2	GAM	Transitional	DIRECT_IS_A_OR_SHARED_PARENT; representative has minimum adjusted p
GR_GAM_Transitional_0005	GO:0000987	cis-regulatory region sequence-specific DNA binding	GO:0000987	1	GAM	Transitional	DIRECT_IS_A_OR_SHARED_PARENT; representative has minimum adjusted p
GR_GAM_Transitional_0006	GO:0001706	endoderm formation	GO:0001706	1	GAM	Transitional	DIRECT_IS_A_OR_SHARED_PARENT; representative has minimum adjusted p
GR_GAM_Transitional_0007	GO:0004467	long-chain fatty acid-CoA ligase activity	GO:0004467	1	GAM	Transitional	DIRECT_IS_A_OR_SHARED_PARENT; representative has minimum adjusted p
GR_GAM_Transitional_0008	GO:0005623	obsolete cell	GO:0005623	1	GAM	Transitional	DIRECT_IS_A_OR_SHARED_PARENT; representative has minimum adjusted p
GR_GAM_Transitional_0009	GO:0005668	RNA polymerase transcription factor SL1 complex	GO:0005668;GO:0070860	2	GAM	Transitional	DIRECT_IS_A_OR_SHARED_PARENT; representative has minimum adjusted p
GR_GAM_Transitional_0010	GO:0006338	chromatin remodeling	GO:0006338	1	GAM	Transitional	DIRECT_IS_A_OR_SHARED_PARENT; representative has minimum adjusted p
GR_GAM_Transitional_0011	GO:0034504	protein localization to nucleus	GO:0006606;GO:0034504	2	GAM	Transitional	DIRECT_IS_A_OR_SHARED_PARENT; representative has minimum adjusted p
GR_GAM_Transitional_0012	GO:0006807	obsolete nitrogen compound metabolic process	GO:0006807	1	GAM	Transitional	DIRECT_IS_A_OR_SHARED_PARENT; representative has minimum adjusted p
GR_GAM_Transitional_0013	GO:0006891	intra-Golgi vesicle-mediated transport	GO:0006891	1	GAM	Transitional	DIRECT_IS_A_OR_SHARED_PARENT; representative has minimum adjusted p
GR_GAM_Transitional_0014	GO:0006928	obsolete movement of cell or subcellular component	GO:0006928	1	GAM	Transitional	DIRECT_IS_A_OR_SHARED_PARENT; representative has minimum adjusted p
GR_GAM_Transitional_0015	GO:0007472	wing disc morphogenesis	GO:0007472	1	GAM	Transitional	DIRECT_IS_A_OR_SHARED_PARENT; representative has minimum adjusted p
GR_GAM_Transitional_0016	GO:0016405	CoA-ligase activity	GO:0008026;GO:0015645;GO:0016405	3	GAM	Transitional	DIRECT_IS_A_OR_SHARED_PARENT; representative has minimum adjusted p
GR_GAM_Transitional_0017	GO:0014877	obsolete response to muscle inactivity involved in regulation of muscle adaptation	GO:0014877	1	GAM	Transitional	DIRECT_IS_A_OR_SHARED_PARENT; representative has minimum adjusted p
GR_GAM_Transitional_0018	GO:0014894	response to denervation involved in regulation of muscle adaptation	GO:0014894	1	GAM	Transitional	DIRECT_IS_A_OR_SHARED_PARENT; representative has minimum adjusted p
GR_GAM_Transitional_0019	GO:0098590	plasma membrane region	GO:0016327;GO:0098590	2	GAM	Transitional	DIRECT_IS_A_OR_SHARED_PARENT; representative has minimum adjusted p
GR_GAM_Transitional_0020	GO:0098877	neurotransmitter receptor transport to plasma membrane	GO:0017038;GO:0098877;GO:0098969;GO:0099637;GO:1903540	5	GAM	Transitional	DIRECT_IS_A_OR_SHARED_PARENT; representative has minimum adjusted p
GR_GAM_Transitional_0021	GO:0030137	COPI-coated vesicle	GO:0030137	1	GAM	Transitional	DIRECT_IS_A_OR_SHARED_PARENT; representative has minimum adjusted p
GR_GAM_Transitional_0022	GO:0030174	regulation of DNA-templated DNA replication initiation	GO:0030174	1	GAM	Transitional	DIRECT_IS_A_OR_SHARED_PARENT; representative has minimum adjusted p
GR_GAM_Transitional_0023	GO:0030837	negative regulation of actin filament polymerization	GO:0030837	1	GAM	Transitional	DIRECT_IS_A_OR_SHARED_PARENT; representative has minimum adjusted p
GR_GAM_Transitional_0024	GO:0031323	obsolete regulation of cellular metabolic process	GO:0031323	1	GAM	Transitional	DIRECT_IS_A_OR_SHARED_PARENT; representative has minimum adjusted p
GR_GAM_Transitional_0025	GO:0031325	obsolete positive regulation of cellular metabolic process	GO:0031325	1	GAM	Transitional	DIRECT_IS_A_OR_SHARED_PARENT; representative has minimum adjusted p
GR_GAM_Transitional_0026	GO:0031326	obsolete regulation of cellular biosynthetic process	GO:0031326	1	GAM	Transitional	DIRECT_IS_A_OR_SHARED_PARENT; representative has minimum adjusted p
GR_GAM_Transitional_0027	GO:0031329	obsolete regulation of cellular catabolic process	GO:0031329	1	GAM	Transitional	DIRECT_IS_A_OR_SHARED_PARENT; representative has minimum adjusted p
GR_GAM_Transitional_0028	GO:0032990	obsolete cell part morphogenesis	GO:0032990	1	GAM	Transitional	DIRECT_IS_A_OR_SHARED_PARENT; representative has minimum adjusted p
GR_GAM_Transitional_0029	GO:0002568	somatic diversification of T cell receptor genes	GO:0002568;GO:0002681;GO:0033153	3	GAM	Transitional	DIRECT_IS_A_OR_SHARED_PARENT; representative has minimum adjusted p
GR_GAM_Transitional_0030	GO:0035418	protein localization to synapse	GO:0035418	1	GAM	Transitional	DIRECT_IS_A_OR_SHARED_PARENT; representative has minimum adjusted p
GR_GAM_Transitional_0031	GO:0035563	positive regulation of chromatin binding	GO:0035563	1	GAM	Transitional	DIRECT_IS_A_OR_SHARED_PARENT; representative has minimum adjusted p
GR_GAM_Transitional_0032	GO:0042125	obsolete protein galactosylation	GO:0042125	1	GAM	Transitional	DIRECT_IS_A_OR_SHARED_PARENT; representative has minimum adjusted p
GR_GAM_Transitional_0033	GO:0043035	chromatin insulator sequence binding	GO:0043035	1	GAM	Transitional	DIRECT_IS_A_OR_SHARED_PARENT; representative has minimum adjusted p
GR_GAM_Transitional_0034	GO:0044030	obsolete regulation of DNA methylation	GO:0044030	1	GAM	Transitional	DIRECT_IS_A_OR_SHARED_PARENT; representative has minimum adjusted p
GR_GAM_Transitional_0035	GO:0044237	obsolete cellular metabolic process	GO:0044237	1	GAM	Transitional	DIRECT_IS_A_OR_SHARED_PARENT; representative has minimum adjusted p
GR_GAM_Transitional_0036	GO:0044260	obsolete cellular macromolecule metabolic process	GO:0044260	1	GAM	Transitional	DIRECT_IS_A_OR_SHARED_PARENT; representative has minimum adjusted p
GR_GAM_Transitional_0037	GO:0044403	biological process involved in symbiotic interaction	GO:0044403	1	GAM	Transitional	DIRECT_IS_A_OR_SHARED_PARENT; representative has minimum adjusted p
GR_GAM_Transitional_0038	GO:0044422	obsolete organelle part	GO:0044422	1	GAM	Transitional	DIRECT_IS_A_OR_SHARED_PARENT; representative has minimum adjusted p
GR_GAM_Transitional_0039	GO:0044424	obsolete intracellular part	GO:0044424	1	GAM	Transitional	DIRECT_IS_A_OR_SHARED_PARENT; representative has minimum adjusted p
GR_GAM_Transitional_0040	GO:0044427	obsolete chromosomal part	GO:0044427	1	GAM	Transitional	DIRECT_IS_A_OR_SHARED_PARENT; representative has minimum adjusted p
GR_GAM_Transitional_0041	GO:0044428	obsolete nuclear part	GO:0044428	1	GAM	Transitional	DIRECT_IS_A_OR_SHARED_PARENT; representative has minimum adjusted p
GR_GAM_Transitional_0042	GO:0044444	obsolete cytoplasmic part	GO:0044444	1	GAM	Transitional	DIRECT_IS_A_OR_SHARED_PARENT; representative has minimum adjusted p
GR_GAM_Transitional_0043	GO:0044446	obsolete intracellular organelle part	GO:0044446	1	GAM	Transitional	DIRECT_IS_A_OR_SHARED_PARENT; representative has minimum adjusted p
GR_GAM_Transitional_0044	GO:0044454	obsolete nuclear chromosome part	GO:0044454	1	GAM	Transitional	DIRECT_IS_A_OR_SHARED_PARENT; representative has minimum adjusted p
GR_GAM_Transitional_0045	GO:0044464	obsolete cell part	GO:0044464	1	GAM	Transitional	DIRECT_IS_A_OR_SHARED_PARENT; representative has minimum adjusted p
GR_GAM_Transitional_0046	GO:0044539	long-chain fatty acid import into cell	GO:0044539	1	GAM	Transitional	DIRECT_IS_A_OR_SHARED_PARENT; representative has minimum adjusted p
GR_GAM_Transitional_0047	GO:0005515	protein binding	GO:0003674;GO:0003676;GO:0003677;GO:0003682;GO:0005488;GO:0005515;GO:0005543;GO:0008134;GO:0008289;GO:0019899;GO:0019904;GO:0042393;GO:0044325;GO:0044877	14	GAM	Transitional	DIRECT_IS_A_OR_SHARED_PARENT; representative has minimum adjusted p
GR_GAM_Transitional_0048	GO:0045935	obsolete positive regulation of nucleobase-containing compound metabolic process	GO:0045935	1	GAM	Transitional	DIRECT_IS_A_OR_SHARED_PARENT; representative has minimum adjusted p
GR_GAM_Transitional_0049	GO:0048073	regulation of eye pigmentation	GO:0048073;GO:0048076	2	GAM	Transitional	DIRECT_IS_A_OR_SHARED_PARENT; representative has minimum adjusted p
GR_GAM_Transitional_0050	GO:0048667	cell morphogenesis involved in neuron differentiation	GO:0048667	1	GAM	Transitional	DIRECT_IS_A_OR_SHARED_PARENT; representative has minimum adjusted p
GR_GAM_Transitional_0051	GO:0051102	obsolete DNA ligation involved in DNA recombination	GO:0051102	1	GAM	Transitional	DIRECT_IS_A_OR_SHARED_PARENT; representative has minimum adjusted p
GR_GAM_Transitional_0052	GO:0051171	obsolete regulation of nitrogen compound metabolic process	GO:0051171	1	GAM	Transitional	DIRECT_IS_A_OR_SHARED_PARENT; representative has minimum adjusted p
GR_GAM_Transitional_0053	GO:0051173	obsolete positive regulation of nitrogen compound metabolic process	GO:0051173	1	GAM	Transitional	DIRECT_IS_A_OR_SHARED_PARENT; representative has minimum adjusted p
GR_GAM_Transitional_0054	GO:0051704	obsolete multi-organism process	GO:0051704	1	GAM	Transitional	DIRECT_IS_A_OR_SHARED_PARENT; representative has minimum adjusted p
GR_GAM_Transitional_0055	GO:0060048	cardiac muscle contraction	GO:0006941;GO:0060048	2	GAM	Transitional	DIRECT_IS_A_OR_SHARED_PARENT; representative has minimum adjusted p
GR_GAM_Transitional_0056	GO:0061659	ubiquitin-like protein ligase activity	GO:0061630;GO:0061659	2	GAM	Transitional	DIRECT_IS_A_OR_SHARED_PARENT; representative has minimum adjusted p
GR_GAM_Transitional_0057	GO:0070035	obsolete purine NTP-dependent helicase activity	GO:0070035	1	GAM	Transitional	DIRECT_IS_A_OR_SHARED_PARENT; representative has minimum adjusted p
GR_GAM_Transitional_0058	GO:0070727	obsolete cellular macromolecule localization	GO:0070727	1	GAM	Transitional	DIRECT_IS_A_OR_SHARED_PARENT; representative has minimum adjusted p
GR_GAM_Transitional_0059	GO:0071704	obsolete organic substance metabolic process	GO:0071704	1	GAM	Transitional	DIRECT_IS_A_OR_SHARED_PARENT; representative has minimum adjusted p
GR_GAM_Transitional_0060	GO:0086003	cardiac muscle cell contraction	GO:0086003	1	GAM	Transitional	DIRECT_IS_A_OR_SHARED_PARENT; representative has minimum adjusted p
GR_GAM_Transitional_0061	GO:0097159	obsolete organic cyclic compound binding	GO:0097159	1	GAM	Transitional	DIRECT_IS_A_OR_SHARED_PARENT; representative has minimum adjusted p
GR_GAM_Transitional_0062	GO:0097470	ribbon synapse	GO:0097470	1	GAM	Transitional	DIRECT_IS_A_OR_SHARED_PARENT; representative has minimum adjusted p
GR_GAM_Transitional_0063	GO:0005575	cellular_component	GO:0005575;GO:0005667;GO:0032991;GO:0099023	4	GAM	Transitional	DIRECT_IS_A_OR_SHARED_PARENT; representative has minimum adjusted p
GR_GAM_Transitional_0064	GO:0098928	presynaptic signal transduction	GO:0098928;GO:0099526	2	GAM	Transitional	DIRECT_IS_A_OR_SHARED_PARENT; representative has minimum adjusted p
GR_GAM_Transitional_0065	GO:0099632	protein transport within plasma membrane	GO:0099632	1	GAM	Transitional	DIRECT_IS_A_OR_SHARED_PARENT; representative has minimum adjusted p
GR_GAM_Transitional_0066	GO:0099738	cell cortex region	GO:0099738	1	GAM	Transitional	DIRECT_IS_A_OR_SHARED_PARENT; representative has minimum adjusted p
GR_GAM_Transitional_0067	GO:0120035	regulation of plasma membrane bounded cell projection organization	GO:0120035	1	GAM	Transitional	DIRECT_IS_A_OR_SHARED_PARENT; representative has minimum adjusted p
GR_GAM_Transitional_0068	GO:0140096	catalytic activity, acting on a protein	GO:0140096	1	GAM	Transitional	DIRECT_IS_A_OR_SHARED_PARENT; representative has minimum adjusted p
GR_GAM_Transitional_0069	GO:1901363	heterocyclic compound binding	GO:1901363	1	GAM	Transitional	DIRECT_IS_A_OR_SHARED_PARENT; representative has minimum adjusted p
GR_GAM_Transitional_0070	GO:0050789	regulation of biological process	GO:0000280;GO:0000381;GO:0001709;GO:0002009;GO:0002165;GO:0003006;GO:0003007;GO:0005976;GO:0006355;GO:0006357;GO:0006464;GO:0006898;GO:0006996;GO:0007010;GO:0007275;GO:0007276;GO:0007349;GO:0007399;GO:0007444;GO:0007476;GO:0008104;GO:0008150;GO:0008152;GO:0008360;GO:0009653;GO:0009790;GO:0009792;GO:0009886;GO:0009887;GO:0009888;GO:0009889;GO:0009893;GO:0009894;GO:0009966;GO:0009968;GO:0009987;GO:0010256;GO:0010468;GO:0010556;GO:0010557;GO:0010604;GO:0010628;GO:0010646;GO:0010648;GO:0016032;GO:0016043;GO:0016192;GO:0019219;GO:0019222;GO:0019538;GO:0019827;GO:0019953;GO:0022008;GO:0022412;GO:0022414;GO:0022604;GO:0022607;GO:0023051;GO:0023057;GO:0030029;GO:0030036;GO:0030048;GO:0030154;GO:0030155;GO:0030261;GO:0032501;GO:0032502;GO:0032836;GO:0032879;GO:0032956;GO:0032970;GO:0032989;GO:0033036;GO:0033043;GO:0034613;GO:0035019;GO:0035107;GO:0035114;GO:0035120;GO:0035220;GO:0035239;GO:0035295;GO:0036211;GO:0042127;GO:0043170;GO:0043412;GO:0043484;GO:0043488;GO:0044085;GO:0044087;GO:0044238;GO:0045595;GO:0045664;GO:0045893;GO:0045995;GO:0046907;GO:0048024;GO:0048285;GO:0048468;GO:0048513;GO:0048518;GO:0048519;GO:0048522;GO:0048523;GO:0048585;GO:0048609;GO:0048646;GO:0048699;GO:0048707;GO:0048729;GO:0048731;GO:0048736;GO:0048737;GO:0048856;GO:0048869;GO:0050684;GO:0050767;GO:0050789;GO:0050793;GO:0050794;GO:0051128;GO:0051130;GO:0051179;GO:0051234;GO:0051239;GO:0051252;GO:0051254;GO:0051276;GO:0051301;GO:0051641;GO:0051649;GO:0051960;GO:0060255;GO:0060284;GO:0060429;GO:0060562;GO:0061013;GO:0061024;GO:0061157;GO:0061158;GO:0065007;GO:0065008;GO:0071840;GO:0080090;GO:0090304;GO:0098727;GO:0110053;GO:1902373;GO:1902532;GO:1902680;GO:1902903;GO:1903311;GO:1903312;GO:2000026;GO:2001141	155	GAM	Transitional	DIRECT_IS_A_OR_SHARED_PARENT; representative has minimum adjusted p
GR_GAM_Transitional_0071	GO:1903506	obsolete regulation of nucleic acid-templated transcription	GO:1903506	1	GAM	Transitional	DIRECT_IS_A_OR_SHARED_PARENT; representative has minimum adjusted p
GR_GAM_Transitional_0072	GO:1903508	obsolete positive regulation of nucleic acid-templated transcription	GO:1903508	1	GAM	Transitional	DIRECT_IS_A_OR_SHARED_PARENT; representative has minimum adjusted p
GR_GAM_Transitional_0073	GO:1904427	positive regulation of calcium ion transmembrane transport	GO:1903169;GO:1904427	2	GAM	Transitional	DIRECT_IS_A_OR_SHARED_PARENT; representative has minimum adjusted p
GR_GAM_Transitional_0074	GO:2000112	obsolete regulation of cellular macromolecule biosynthetic process	GO:2000112	1	GAM	Transitional	DIRECT_IS_A_OR_SHARED_PARENT; representative has minimum adjusted p
GR_HT_Highly_Stable_0001	GO:0000003	obsolete reproduction	GO:0000003	1	HT	Highly Stable	DIRECT_IS_A_OR_SHARED_PARENT; representative has minimum adjusted p
GR_HT_Highly_Stable_0002	GO:0000062	fatty-acyl-CoA binding	GO:0000062	1	HT	Highly Stable	DIRECT_IS_A_OR_SHARED_PARENT; representative has minimum adjusted p
GR_HT_Highly_Stable_0003	GO:0000245	spliceosomal complex assembly	GO:0000245;GO:0006376	2	HT	Highly Stable	DIRECT_IS_A_OR_SHARED_PARENT; representative has minimum adjusted p
GR_HT_Highly_Stable_0004	GO:0000276	obsolete mitochondrial proton-transporting ATP synthase complex, coupling factor F(o)	GO:0000276	1	HT	Highly Stable	DIRECT_IS_A_OR_SHARED_PARENT; representative has minimum adjusted p
GR_HT_Highly_Stable_0005	GO:0000323	lytic vacuole	GO:0000323	1	HT	Highly Stable	DIRECT_IS_A_OR_SHARED_PARENT; representative has minimum adjusted p
GR_HT_Highly_Stable_0006	GO:0005576	extracellular region	GO:0000228;GO:0000785;GO:0000790;GO:0005576;GO:0005622;GO:0005634;GO:0005654;GO:0005694;GO:0005730;GO:0005739;GO:0005775;GO:0005788;GO:0005813;GO:0005815;GO:0009986;GO:0016604;GO:0030016;GO:0030017;GO:0031974;GO:0031981;GO:0031983;GO:0032432;GO:0034774;GO:0036379;GO:0043202;GO:0043209;GO:0043226;GO:0043227;GO:0043228;GO:0043229;GO:0043231;GO:0043232;GO:0043233;GO:0043292;GO:0044304;GO:0044322;GO:0060205;GO:0070013;GO:0098687	39	HT	Highly Stable	DIRECT_IS_A_OR_SHARED_PARENT; representative has minimum adjusted p
GR_HT_Highly_Stable_0007	GO:0001505	obsolete regulation of neurotransmitter levels	GO:0001505	1	HT	Highly Stable	DIRECT_IS_A_OR_SHARED_PARENT; representative has minimum adjusted p
GR_HT_Highly_Stable_0008	GO:0001711	endodermal cell fate commitment	GO:0001711	1	HT	Highly Stable	DIRECT_IS_A_OR_SHARED_PARENT; representative has minimum adjusted p
GR_HT_Highly_Stable_0009	GO:0001725	stress fiber	GO:0001725	1	HT	Highly Stable	DIRECT_IS_A_OR_SHARED_PARENT; representative has minimum adjusted p
GR_HT_Highly_Stable_0010	GO:0001726	ruffle	GO:0001726	1	HT	Highly Stable	DIRECT_IS_A_OR_SHARED_PARENT; representative has minimum adjusted p
GR_HT_Highly_Stable_0011	GO:0001966	thigmotaxis	GO:0001966	1	HT	Highly Stable	DIRECT_IS_A_OR_SHARED_PARENT; representative has minimum adjusted p
GR_HT_Highly_Stable_0012	GO:0003995	acyl-CoA dehydrogenase activity	GO:0003995	1	HT	Highly Stable	DIRECT_IS_A_OR_SHARED_PARENT; representative has minimum adjusted p
GR_HT_Highly_Stable_0013	GO:0004099	chitin deacetylase activity	GO:0004099	1	HT	Highly Stable	DIRECT_IS_A_OR_SHARED_PARENT; representative has minimum adjusted p
GR_HT_Highly_Stable_0014	GO:0004438	phosphatidylinositol-3-phosphate phosphatase activity	GO:0004438	1	HT	Highly Stable	DIRECT_IS_A_OR_SHARED_PARENT; representative has minimum adjusted p
GR_HT_Highly_Stable_0015	GO:0004667	prostaglandin-D synthase activity	GO:0004667;GO:0016860	2	HT	Highly Stable	DIRECT_IS_A_OR_SHARED_PARENT; representative has minimum adjusted p
GR_HT_Highly_Stable_0016	GO:0004674	protein serine/threonine kinase activity	GO:0004674	1	HT	Highly Stable	DIRECT_IS_A_OR_SHARED_PARENT; representative has minimum adjusted p
GR_HT_Highly_Stable_0017	GO:0004734	pyrimidodiazepine synthase activity	GO:0004734;GO:0016648	2	HT	Highly Stable	DIRECT_IS_A_OR_SHARED_PARENT; representative has minimum adjusted p
GR_HT_Highly_Stable_0018	GO:0005496	steroid binding	GO:0005496	1	HT	Highly Stable	DIRECT_IS_A_OR_SHARED_PARENT; representative has minimum adjusted p
GR_HT_Highly_Stable_0019	GO:0005506	iron ion binding	GO:0005506;GO:0008270	2	HT	Highly Stable	DIRECT_IS_A_OR_SHARED_PARENT; representative has minimum adjusted p
GR_HT_Highly_Stable_0020	GO:0005509	calcium ion binding	GO:0005509;GO:0043169;GO:0046872	3	HT	Highly Stable	DIRECT_IS_A_OR_SHARED_PARENT; representative has minimum adjusted p
GR_HT_Highly_Stable_0021	GO:0031012	extracellular matrix	GO:0005604;GO:0031012	2	HT	Highly Stable	DIRECT_IS_A_OR_SHARED_PARENT; representative has minimum adjusted p
GR_HT_Highly_Stable_0022	GO:0005615	obsolete extracellular space	GO:0005615	1	HT	Highly Stable	DIRECT_IS_A_OR_SHARED_PARENT; representative has minimum adjusted p
GR_HT_Highly_Stable_0023	GO:0005623	obsolete cell	GO:0005623	1	HT	Highly Stable	DIRECT_IS_A_OR_SHARED_PARENT; representative has minimum adjusted p
GR_HT_Highly_Stable_0024	GO:0005740	mitochondrial envelope	GO:0005635;GO:0005740	2	HT	Highly Stable	DIRECT_IS_A_OR_SHARED_PARENT; representative has minimum adjusted p
GR_HT_Highly_Stable_0025	GO:0098800	inner mitochondrial membrane protein complex	GO:0000221;GO:0005575;GO:0005643;GO:0005667;GO:0016469;GO:0030684;GO:0030964;GO:0032040;GO:0032991;GO:0033177;GO:0033178;GO:0033180;GO:0044798;GO:0045239;GO:0045240;GO:0045259;GO:0045271;GO:0045277;GO:0070069;GO:0090575;GO:0098796;GO:0098798;GO:0098800;GO:0098803;GO:1902494;GO:1990204;GO:1990234	27	HT	Highly Stable	DIRECT_IS_A_OR_SHARED_PARENT; representative has minimum adjusted p
GR_HT_Highly_Stable_0026	GO:0005743	mitochondrial inner membrane	GO:0005743;GO:0019866;GO:0031090;GO:0031966	4	HT	Highly Stable	DIRECT_IS_A_OR_SHARED_PARENT; representative has minimum adjusted p
GR_HT_Highly_Stable_0027	GO:0005746	obsolete mitochondrial respirasome	GO:0005746	1	HT	Highly Stable	DIRECT_IS_A_OR_SHARED_PARENT; representative has minimum adjusted p
GR_HT_Highly_Stable_0028	GO:0005747	obsolete mitochondrial respiratory chain complex I	GO:0005747	1	HT	Highly Stable	DIRECT_IS_A_OR_SHARED_PARENT; representative has minimum adjusted p
GR_HT_Highly_Stable_0029	GO:0005751	obsolete mitochondrial respiratory chain complex IV	GO:0005751	1	HT	Highly Stable	DIRECT_IS_A_OR_SHARED_PARENT; representative has minimum adjusted p
GR_HT_Highly_Stable_0030	GO:0005753	obsolete mitochondrial proton-transporting ATP synthase complex	GO:0005753	1	HT	Highly Stable	DIRECT_IS_A_OR_SHARED_PARENT; representative has minimum adjusted p
GR_HT_Highly_Stable_0031	GO:0005761	mitochondrial ribosome	GO:0005761	1	HT	Highly Stable	DIRECT_IS_A_OR_SHARED_PARENT; representative has minimum adjusted p
GR_HT_Highly_Stable_0032	GO:0005921	gap junction	GO:0005921	1	HT	Highly Stable	DIRECT_IS_A_OR_SHARED_PARENT; representative has minimum adjusted p
GR_HT_Highly_Stable_0033	GO:0005947	obsolete mitochondrial alpha-ketoglutarate dehydrogenase complex	GO:0005947	1	HT	Highly Stable	DIRECT_IS_A_OR_SHARED_PARENT; representative has minimum adjusted p
GR_HT_Highly_Stable_0034	GO:0006082	obsolete organic acid metabolic process	GO:0006082	1	HT	Highly Stable	DIRECT_IS_A_OR_SHARED_PARENT; representative has minimum adjusted p
GR_HT_Highly_Stable_0035	GO:0006120	mitochondrial electron transport, NADH to ubiquinone	GO:0006120;GO:0006122;GO:0006123	3	HT	Highly Stable	DIRECT_IS_A_OR_SHARED_PARENT; representative has minimum adjusted p
GR_HT_Highly_Stable_0036	GO:0006378	obsolete mRNA polyadenylation	GO:0006378	1	HT	Highly Stable	DIRECT_IS_A_OR_SHARED_PARENT; representative has minimum adjusted p
GR_HT_Highly_Stable_0037	GO:0006558	obsolete L-phenylalanine metabolic process	GO:0006558	1	HT	Highly Stable	DIRECT_IS_A_OR_SHARED_PARENT; representative has minimum adjusted p
GR_HT_Highly_Stable_0038	GO:0006570	obsolete tyrosine metabolic process	GO:0006570	1	HT	Highly Stable	DIRECT_IS_A_OR_SHARED_PARENT; representative has minimum adjusted p
GR_HT_Highly_Stable_0039	GO:0051168	nuclear export	GO:0006405;GO:0006406;GO:0006611;GO:0050657;GO:0050658;GO:0051168;GO:0051236	7	HT	Highly Stable	DIRECT_IS_A_OR_SHARED_PARENT; representative has minimum adjusted p
GR_HT_Highly_Stable_0040	GO:0006613	cotranslational protein targeting to membrane	GO:0006613	1	HT	Highly Stable	DIRECT_IS_A_OR_SHARED_PARENT; representative has minimum adjusted p
GR_HT_Highly_Stable_0041	GO:0006725	obsolete cellular aromatic compound metabolic process	GO:0006725	1	HT	Highly Stable	DIRECT_IS_A_OR_SHARED_PARENT; representative has minimum adjusted p
GR_HT_Highly_Stable_0042	GO:0006732	obsolete coenzyme metabolic process	GO:0006732	1	HT	Highly Stable	DIRECT_IS_A_OR_SHARED_PARENT; representative has minimum adjusted p
GR_HT_Highly_Stable_0043	GO:0006767	obsolete water-soluble vitamin metabolic process	GO:0006767	1	HT	Highly Stable	DIRECT_IS_A_OR_SHARED_PARENT; representative has minimum adjusted p
GR_HT_Highly_Stable_0044	GO:0006807	obsolete nitrogen compound metabolic process	GO:0006807	1	HT	Highly Stable	DIRECT_IS_A_OR_SHARED_PARENT; representative has minimum adjusted p
GR_HT_Highly_Stable_0045	GO:0006875	obsolete intracellular metal ion homeostasis	GO:0006875	1	HT	Highly Stable	DIRECT_IS_A_OR_SHARED_PARENT; representative has minimum adjusted p
GR_HT_Highly_Stable_0046	GO:0006915	apoptotic process	GO:0006915;GO:0012501	2	HT	Highly Stable	DIRECT_IS_A_OR_SHARED_PARENT; representative has minimum adjusted p
GR_HT_Highly_Stable_0047	GO:0006928	obsolete movement of cell or subcellular component	GO:0006928	1	HT	Highly Stable	DIRECT_IS_A_OR_SHARED_PARENT; representative has minimum adjusted p
GR_HT_Highly_Stable_0048	GO:0007179	transforming growth factor beta receptor signaling pathway	GO:0007179	1	HT	Highly Stable	DIRECT_IS_A_OR_SHARED_PARENT; representative has minimum adjusted p
GR_HT_Highly_Stable_0049	GO:0007455	eye-antennal disc morphogenesis	GO:0007455	1	HT	Highly Stable	DIRECT_IS_A_OR_SHARED_PARENT; representative has minimum adjusted p
GR_HT_Highly_Stable_0050	GO:0007568	obsolete aging	GO:0007568	1	HT	Highly Stable	DIRECT_IS_A_OR_SHARED_PARENT; representative has minimum adjusted p
GR_HT_Highly_Stable_0051	GO:0008061	chitin binding	GO:0008061	1	HT	Highly Stable	DIRECT_IS_A_OR_SHARED_PARENT; representative has minimum adjusted p
GR_HT_Highly_Stable_0052	GO:0008395	steroid hydroxylase activity	GO:0008395	1	HT	Highly Stable	DIRECT_IS_A_OR_SHARED_PARENT; representative has minimum adjusted p
GR_HT_Highly_Stable_0053	GO:0008569	minus-end-directed microtubule motor activity	GO:0008569	1	HT	Highly Stable	DIRECT_IS_A_OR_SHARED_PARENT; representative has minimum adjusted p
GR_HT_Highly_Stable_0054	GO:0009064	obsolete glutamine family amino acid metabolic process	GO:0009064	1	HT	Highly Stable	DIRECT_IS_A_OR_SHARED_PARENT; representative has minimum adjusted p
GR_HT_Highly_Stable_0055	GO:0009161	obsolete ribonucleoside monophosphate metabolic process	GO:0009161	1	HT	Highly Stable	DIRECT_IS_A_OR_SHARED_PARENT; representative has minimum adjusted p
GR_HT_Highly_Stable_0056	GO:0009199	obsolete ribonucleoside triphosphate metabolic process	GO:0009199	1	HT	Highly Stable	DIRECT_IS_A_OR_SHARED_PARENT; representative has minimum adjusted p
GR_HT_Highly_Stable_0057	GO:0009617	response to bacterium	GO:0009617	1	HT	Highly Stable	DIRECT_IS_A_OR_SHARED_PARENT; representative has minimum adjusted p
GR_HT_Highly_Stable_0058	GO:0010033	obsolete response to organic substance	GO:0010033	1	HT	Highly Stable	DIRECT_IS_A_OR_SHARED_PARENT; representative has minimum adjusted p
GR_HT_Highly_Stable_0059	GO:0010035	obsolete response to inorganic substance	GO:0010035	1	HT	Highly Stable	DIRECT_IS_A_OR_SHARED_PARENT; representative has minimum adjusted p
GR_HT_Highly_Stable_0060	GO:0010212	response to ionizing radiation	GO:0010212	1	HT	Highly Stable	DIRECT_IS_A_OR_SHARED_PARENT; representative has minimum adjusted p
GR_HT_Highly_Stable_0061	GO:0010259	obsolete multicellular organism aging	GO:0010259	1	HT	Highly Stable	DIRECT_IS_A_OR_SHARED_PARENT; representative has minimum adjusted p
GR_HT_Highly_Stable_0062	GO:0010941	obsolete regulation of cell death	GO:0010941	1	HT	Highly Stable	DIRECT_IS_A_OR_SHARED_PARENT; representative has minimum adjusted p
GR_HT_Highly_Stable_0063	GO:0010942	obsolete positive regulation of cell death	GO:0010942	1	HT	Highly Stable	DIRECT_IS_A_OR_SHARED_PARENT; representative has minimum adjusted p
GR_HT_Highly_Stable_0064	GO:0014722	regulation of skeletal muscle contraction by calcium ion signaling	GO:0014722;GO:0014809;GO:0014810	3	HT	Highly Stable	DIRECT_IS_A_OR_SHARED_PARENT; representative has minimum adjusted p
GR_HT_Highly_Stable_0065	GO:0015077	obsolete inorganic cation transmembrane transporter activity	GO:0015077	1	HT	Highly Stable	DIRECT_IS_A_OR_SHARED_PARENT; representative has minimum adjusted p
GR_HT_Highly_Stable_0066	GO:0015318	obsolete inorganic molecular entity transmembrane transporter activity	GO:0015318	1	HT	Highly Stable	DIRECT_IS_A_OR_SHARED_PARENT; representative has minimum adjusted p
GR_HT_Highly_Stable_0067	GO:0015672	obsolete inorganic cation transmembrane transport	GO:0015672	1	HT	Highly Stable	DIRECT_IS_A_OR_SHARED_PARENT; representative has minimum adjusted p
GR_HT_Highly_Stable_0068	GO:0015711	obsolete organic anion transport	GO:0015711	1	HT	Highly Stable	DIRECT_IS_A_OR_SHARED_PARENT; representative has minimum adjusted p
GR_HT_Highly_Stable_0069	GO:0016053	obsolete organic acid biosynthetic process	GO:0016053	1	HT	Highly Stable	DIRECT_IS_A_OR_SHARED_PARENT; representative has minimum adjusted p
GR_HT_Highly_Stable_0070	GO:0016054	obsolete organic acid catabolic process	GO:0016054	1	HT	Highly Stable	DIRECT_IS_A_OR_SHARED_PARENT; representative has minimum adjusted p
GR_HT_Highly_Stable_0071	GO:0016567	protein ubiquitination	GO:0016567;GO:0032446;GO:0070647	3	HT	Highly Stable	DIRECT_IS_A_OR_SHARED_PARENT; representative has minimum adjusted p
GR_HT_Highly_Stable_0072	GO:0016569	obsolete covalent chromatin modification	GO:0016569	1	HT	Highly Stable	DIRECT_IS_A_OR_SHARED_PARENT; representative has minimum adjusted p
GR_HT_Highly_Stable_0073	GO:0016570	obsolete histone modification	GO:0016570	1	HT	Highly Stable	DIRECT_IS_A_OR_SHARED_PARENT; representative has minimum adjusted p
GR_HT_Highly_Stable_0074	GO:0016607	nuclear speck	GO:0016607	1	HT	Highly Stable	DIRECT_IS_A_OR_SHARED_PARENT; representative has minimum adjusted p
GR_HT_Highly_Stable_0075	GO:0016616	oxidoreductase activity, acting on the CH-OH group of donors, NAD or NADP as acceptor	GO:0016616	1	HT	Highly Stable	DIRECT_IS_A_OR_SHARED_PARENT; representative has minimum adjusted p
GR_HT_Highly_Stable_0076	GO:0016681	obsolete oxidoreductase activity, acting on diphenols and related substances as donors, cytochrome as acceptor	GO:0016681	1	HT	Highly Stable	DIRECT_IS_A_OR_SHARED_PARENT; representative has minimum adjusted p
GR_HT_Highly_Stable_0077	GO:0016831	carboxy-lyase activity	GO:0016830;GO:0016831	2	HT	Highly Stable	DIRECT_IS_A_OR_SHARED_PARENT; representative has minimum adjusted p
GR_HT_Highly_Stable_0078	GO:0016878	acid-thiol ligase activity	GO:0016878	1	HT	Highly Stable	DIRECT_IS_A_OR_SHARED_PARENT; representative has minimum adjusted p
GR_HT_Highly_Stable_0079	GO:0046933	proton-transporting ATP synthase activity, rotational mechanism	GO:0016885;GO:0046933	2	HT	Highly Stable	DIRECT_IS_A_OR_SHARED_PARENT; representative has minimum adjusted p
GR_HT_Highly_Stable_0080	GO:0015556	C4-dicarboxylate transmembrane transporter activity	GO:0005310;GO:0015556;GO:0017153	3	HT	Highly Stable	DIRECT_IS_A_OR_SHARED_PARENT; representative has minimum adjusted p
GR_HT_Highly_Stable_0081	GO:0018024	obsolete histone lysine N-methyltransferase activity	GO:0018024	1	HT	Highly Stable	DIRECT_IS_A_OR_SHARED_PARENT; representative has minimum adjusted p
GR_HT_Highly_Stable_0082	GO:0019220	obsolete regulation of phosphate metabolic process	GO:0019220	1	HT	Highly Stable	DIRECT_IS_A_OR_SHARED_PARENT; representative has minimum adjusted p
GR_HT_Highly_Stable_0083	GO:0019323	pentose catabolic process	GO:0019323	1	HT	Highly Stable	DIRECT_IS_A_OR_SHARED_PARENT; representative has minimum adjusted p
GR_HT_Highly_Stable_0084	GO:0019798	procollagen-proline dioxygenase activity	GO:0019798	1	HT	Highly Stable	DIRECT_IS_A_OR_SHARED_PARENT; representative has minimum adjusted p
GR_HT_Highly_Stable_0085	GO:0020037	heme binding	GO:0020037	1	HT	Highly Stable	DIRECT_IS_A_OR_SHARED_PARENT; representative has minimum adjusted p
GR_HT_Highly_Stable_0086	GO:0022610	obsolete biological adhesion	GO:0022610	1	HT	Highly Stable	DIRECT_IS_A_OR_SHARED_PARENT; representative has minimum adjusted p
GR_HT_Highly_Stable_0087	GO:0022626	cytosolic ribosome	GO:0022626	1	HT	Highly Stable	DIRECT_IS_A_OR_SHARED_PARENT; representative has minimum adjusted p
GR_HT_Highly_Stable_0088	GO:0030062	obsolete mitochondrial tricarboxylic acid cycle enzyme complex	GO:0030062	1	HT	Highly Stable	DIRECT_IS_A_OR_SHARED_PARENT; representative has minimum adjusted p
GR_HT_Highly_Stable_0089	GO:0016491	oxidoreductase activity	GO:0000976;GO:0000977;GO:0000981;GO:0001012;GO:0001067;GO:0003674;GO:0003676;GO:0003677;GO:0003682;GO:0003690;GO:0003700;GO:0003712;GO:0003714;GO:0003723;GO:0003824;GO:0003954;GO:0004175;GO:0004222;GO:0004252;GO:0004364;GO:0004553;GO:0004559;GO:0004568;GO:0004601;GO:0004602;GO:0004842;GO:0004866;GO:0004867;GO:0004869;GO:0005215;GO:0005488;GO:0005515;GO:0008047;GO:0008121;GO:0008134;GO:0008137;GO:0008233;GO:0008236;GO:0008237;GO:0008324;GO:0008536;GO:0009055;GO:0009374;GO:0015037;GO:0015038;GO:0015075;GO:0015078;GO:0015238;GO:0015291;GO:0015923;GO:0015924;GO:0015925;GO:0016209;GO:0016301;GO:0016491;GO:0016651;GO:0016655;GO:0016684;GO:0016705;GO:0016740;GO:0016765;GO:0016772;GO:0016773;GO:0016798;GO:0017016;GO:0017171;GO:0019207;GO:0019787;GO:0019842;GO:0019899;GO:0022804;GO:0022857;GO:0030170;GO:0030234;GO:0030246;GO:0030414;GO:0030613;GO:0030614;GO:0031267;GO:0031406;GO:0033293;GO:0042393;GO:0043177;GO:0043565;GO:0044212;GO:0044877;GO:0045174;GO:0050136;GO:0050610;GO:0051020;GO:0061134;GO:0061135;GO:0061630;GO:0061659;GO:0070011;GO:0072341;GO:0098772;GO:0140030;GO:0140034;GO:0140096;GO:0140110;GO:1901363;GO:1901681;GO:1990837	104	HT	Highly Stable	DIRECT_IS_A_OR_SHARED_PARENT; representative has minimum adjusted p
GR_HT_Highly_Stable_0090	GO:0030667	secretory granule membrane	GO:0030667	1	HT	Highly Stable	DIRECT_IS_A_OR_SHARED_PARENT; representative has minimum adjusted p
GR_HT_Highly_Stable_0091	GO:0030858	positive regulation of epithelial cell differentiation	GO:0030858	1	HT	Highly Stable	DIRECT_IS_A_OR_SHARED_PARENT; representative has minimum adjusted p
GR_HT_Highly_Stable_0092	GO:0031056	obsolete regulation of histone modification	GO:0031056	1	HT	Highly Stable	DIRECT_IS_A_OR_SHARED_PARENT; representative has minimum adjusted p
GR_HT_Highly_Stable_0093	GO:0031057	obsolete negative regulation of histone modification	GO:0031057	1	HT	Highly Stable	DIRECT_IS_A_OR_SHARED_PARENT; representative has minimum adjusted p
GR_HT_Highly_Stable_0094	GO:0031058	obsolete positive regulation of histone modification	GO:0031058	1	HT	Highly Stable	DIRECT_IS_A_OR_SHARED_PARENT; representative has minimum adjusted p
GR_HT_Highly_Stable_0095	GO:0031060	obsolete regulation of histone methylation	GO:0031060	1	HT	Highly Stable	DIRECT_IS_A_OR_SHARED_PARENT; representative has minimum adjusted p
GR_HT_Highly_Stable_0096	GO:0031323	obsolete regulation of cellular metabolic process	GO:0031323	1	HT	Highly Stable	DIRECT_IS_A_OR_SHARED_PARENT; representative has minimum adjusted p
GR_HT_Highly_Stable_0097	GO:0031324	obsolete negative regulation of cellular metabolic process	GO:0031324	1	HT	Highly Stable	DIRECT_IS_A_OR_SHARED_PARENT; representative has minimum adjusted p
GR_HT_Highly_Stable_0098	GO:0031325	obsolete positive regulation of cellular metabolic process	GO:0031325	1	HT	Highly Stable	DIRECT_IS_A_OR_SHARED_PARENT; representative has minimum adjusted p
GR_HT_Highly_Stable_0099	GO:0031326	obsolete regulation of cellular biosynthetic process	GO:0031326	1	HT	Highly Stable	DIRECT_IS_A_OR_SHARED_PARENT; representative has minimum adjusted p
GR_HT_Highly_Stable_0100	GO:0031327	obsolete negative regulation of cellular biosynthetic process	GO:0031327	1	HT	Highly Stable	DIRECT_IS_A_OR_SHARED_PARENT; representative has minimum adjusted p
GR_HT_Highly_Stable_0101	GO:0031328	obsolete positive regulation of cellular biosynthetic process	GO:0031328	1	HT	Highly Stable	DIRECT_IS_A_OR_SHARED_PARENT; representative has minimum adjusted p
GR_HT_Highly_Stable_0102	GO:0031329	obsolete regulation of cellular catabolic process	GO:0031329	1	HT	Highly Stable	DIRECT_IS_A_OR_SHARED_PARENT; representative has minimum adjusted p
GR_HT_Highly_Stable_0103	GO:0031330	obsolete negative regulation of cellular catabolic process	GO:0031330	1	HT	Highly Stable	DIRECT_IS_A_OR_SHARED_PARENT; representative has minimum adjusted p
GR_HT_Highly_Stable_0104	GO:0031935	obsolete regulation of chromatin silencing	GO:0031935	1	HT	Highly Stable	DIRECT_IS_A_OR_SHARED_PARENT; representative has minimum adjusted p
GR_HT_Highly_Stable_0105	GO:0031937	obsolete positive regulation of chromatin silencing	GO:0031937	1	HT	Highly Stable	DIRECT_IS_A_OR_SHARED_PARENT; representative has minimum adjusted p
GR_HT_Highly_Stable_0106	GO:0032504	obsolete multicellular organism reproduction	GO:0032504	1	HT	Highly Stable	DIRECT_IS_A_OR_SHARED_PARENT; representative has minimum adjusted p
GR_HT_Highly_Stable_0107	GO:0032543	mitochondrial translation	GO:0032543	1	HT	Highly Stable	DIRECT_IS_A_OR_SHARED_PARENT; representative has minimum adjusted p
GR_HT_Highly_Stable_0108	GO:0032990	obsolete cell part morphogenesis	GO:0032990	1	HT	Highly Stable	DIRECT_IS_A_OR_SHARED_PARENT; representative has minimum adjusted p
GR_HT_Highly_Stable_0109	GO:0033539	fatty acid beta-oxidation using acyl-CoA dehydrogenase	GO:0033539	1	HT	Highly Stable	DIRECT_IS_A_OR_SHARED_PARENT; representative has minimum adjusted p
GR_HT_Highly_Stable_0110	GO:0034470	obsolete ncRNA processing	GO:0034470	1	HT	Highly Stable	DIRECT_IS_A_OR_SHARED_PARENT; representative has minimum adjusted p
GR_HT_Highly_Stable_0111	GO:0034641	obsolete cellular nitrogen compound metabolic process	GO:0034641	1	HT	Highly Stable	DIRECT_IS_A_OR_SHARED_PARENT; representative has minimum adjusted p
GR_HT_Highly_Stable_0112	GO:0034645	obsolete cellular macromolecule biosynthetic process	GO:0034645	1	HT	Highly Stable	DIRECT_IS_A_OR_SHARED_PARENT; representative has minimum adjusted p
GR_HT_Highly_Stable_0113	GO:0034660	obsolete ncRNA metabolic process	GO:0034660	1	HT	Highly Stable	DIRECT_IS_A_OR_SHARED_PARENT; representative has minimum adjusted p
GR_HT_Highly_Stable_0114	GO:0034968	obsolete histone lysine methylation	GO:0034968	1	HT	Highly Stable	DIRECT_IS_A_OR_SHARED_PARENT; representative has minimum adjusted p
GR_HT_Highly_Stable_0115	GO:0035064	obsolete methylated histone binding	GO:0035064	1	HT	Highly Stable	DIRECT_IS_A_OR_SHARED_PARENT; representative has minimum adjusted p
GR_HT_Highly_Stable_0116	GO:0035065	obsolete regulation of histone acetylation	GO:0035065	1	HT	Highly Stable	DIRECT_IS_A_OR_SHARED_PARENT; representative has minimum adjusted p
GR_HT_Highly_Stable_0117	GO:0035222	wing disc pattern formation	GO:0007447;GO:0009953;GO:0035222	3	HT	Highly Stable	DIRECT_IS_A_OR_SHARED_PARENT; representative has minimum adjusted p
GR_HT_Highly_Stable_0118	GO:0035257	nuclear receptor binding	GO:0035257;GO:0035259	2	HT	Highly Stable	DIRECT_IS_A_OR_SHARED_PARENT; representative has minimum adjusted p
GR_HT_Highly_Stable_0119	GO:0035368	selenocysteine insertion sequence binding	GO:0035368	1	HT	Highly Stable	DIRECT_IS_A_OR_SHARED_PARENT; representative has minimum adjusted p
GR_HT_Highly_Stable_0120	GO:0035383	obsolete thioester metabolic process	GO:0035383	1	HT	Highly Stable	DIRECT_IS_A_OR_SHARED_PARENT; representative has minimum adjusted p
GR_HT_Highly_Stable_0121	GO:0036041	long-chain fatty acid binding	GO:0036041	1	HT	Highly Stable	DIRECT_IS_A_OR_SHARED_PARENT; representative has minimum adjusted p
GR_HT_Highly_Stable_0122	GO:0040005	chitin-based cuticle attachment to epithelium	GO:0040005	1	HT	Highly Stable	DIRECT_IS_A_OR_SHARED_PARENT; representative has minimum adjusted p
GR_HT_Highly_Stable_0123	GO:0042133	obsolete neurotransmitter metabolic process	GO:0042133	1	HT	Highly Stable	DIRECT_IS_A_OR_SHARED_PARENT; representative has minimum adjusted p
GR_HT_Highly_Stable_0124	GO:0042136	obsolete neurotransmitter biosynthetic process	GO:0042136	1	HT	Highly Stable	DIRECT_IS_A_OR_SHARED_PARENT; representative has minimum adjusted p
GR_HT_Highly_Stable_0125	GO:0042359	vitamin D metabolic process	GO:0042359	1	HT	Highly Stable	DIRECT_IS_A_OR_SHARED_PARENT; representative has minimum adjusted p
GR_HT_Highly_Stable_0126	GO:0042891	obsolete antibiotic transport	GO:0042891	1	HT	Highly Stable	DIRECT_IS_A_OR_SHARED_PARENT; representative has minimum adjusted p
GR_HT_Highly_Stable_0127	GO:0043050	nematode pharyngeal pumping	GO:0042755;GO:0043050	2	HT	Highly Stable	DIRECT_IS_A_OR_SHARED_PARENT; representative has minimum adjusted p
GR_HT_Highly_Stable_0128	GO:0043401	steroid hormone receptor signaling pathway	GO:0043401	1	HT	Highly Stable	DIRECT_IS_A_OR_SHARED_PARENT; representative has minimum adjusted p
GR_HT_Highly_Stable_0129	GO:0043551	obsolete regulation of phosphatidylinositol 3-kinase activity	GO:0043551	1	HT	Highly Stable	DIRECT_IS_A_OR_SHARED_PARENT; representative has minimum adjusted p
GR_HT_Highly_Stable_0130	GO:0043603	obsolete amide metabolic process	GO:0043603	1	HT	Highly Stable	DIRECT_IS_A_OR_SHARED_PARENT; representative has minimum adjusted p
GR_HT_Highly_Stable_0131	GO:0043631	obsolete RNA polyadenylation	GO:0043631	1	HT	Highly Stable	DIRECT_IS_A_OR_SHARED_PARENT; representative has minimum adjusted p
GR_HT_Highly_Stable_0132	GO:0043902	obsolete positive regulation of multi-organism process	GO:0043902	1	HT	Highly Stable	DIRECT_IS_A_OR_SHARED_PARENT; representative has minimum adjusted p
GR_HT_Highly_Stable_0133	GO:0043981	obsolete histone H4-K5 acetylation	GO:0043981	1	HT	Highly Stable	DIRECT_IS_A_OR_SHARED_PARENT; representative has minimum adjusted p
GR_HT_Highly_Stable_0134	GO:0043982	obsolete histone H4-K8 acetylation	GO:0043982	1	HT	Highly Stable	DIRECT_IS_A_OR_SHARED_PARENT; representative has minimum adjusted p
GR_HT_Highly_Stable_0135	GO:0043984	obsolete histone H4-K16 acetylation	GO:0043984	1	HT	Highly Stable	DIRECT_IS_A_OR_SHARED_PARENT; representative has minimum adjusted p
GR_HT_Highly_Stable_0136	GO:0044107	obsolete cellular alcohol metabolic process	GO:0044107	1	HT	Highly Stable	DIRECT_IS_A_OR_SHARED_PARENT; representative has minimum adjusted p
GR_HT_Highly_Stable_0137	GO:0044108	obsolete cellular alcohol biosynthetic process	GO:0044108	1	HT	Highly Stable	DIRECT_IS_A_OR_SHARED_PARENT; representative has minimum adjusted p
GR_HT_Highly_Stable_0138	GO:0044237	obsolete cellular metabolic process	GO:0044237	1	HT	Highly Stable	DIRECT_IS_A_OR_SHARED_PARENT; representative has minimum adjusted p
GR_HT_Highly_Stable_0139	GO:0044242	obsolete cellular lipid catabolic process	GO:0044242	1	HT	Highly Stable	DIRECT_IS_A_OR_SHARED_PARENT; representative has minimum adjusted p
GR_HT_Highly_Stable_0140	GO:0044255	obsolete cellular lipid metabolic process	GO:0044255	1	HT	Highly Stable	DIRECT_IS_A_OR_SHARED_PARENT; representative has minimum adjusted p
GR_HT_Highly_Stable_0141	GO:0044260	obsolete cellular macromolecule metabolic process	GO:0044260	1	HT	Highly Stable	DIRECT_IS_A_OR_SHARED_PARENT; representative has minimum adjusted p
GR_HT_Highly_Stable_0142	GO:0044320	cellular response to leptin stimulus	GO:0044320	1	HT	Highly Stable	DIRECT_IS_A_OR_SHARED_PARENT; representative has minimum adjusted p
GR_HT_Highly_Stable_0143	GO:0044421	obsolete extracellular region part	GO:0044421	1	HT	Highly Stable	DIRECT_IS_A_OR_SHARED_PARENT; representative has minimum adjusted p
GR_HT_Highly_Stable_0144	GO:0044422	obsolete organelle part	GO:0044422	1	HT	Highly Stable	DIRECT_IS_A_OR_SHARED_PARENT; representative has minimum adjusted p
GR_HT_Highly_Stable_0145	GO:0044424	obsolete intracellular part	GO:0044424	1	HT	Highly Stable	DIRECT_IS_A_OR_SHARED_PARENT; representative has minimum adjusted p
GR_HT_Highly_Stable_0146	GO:0044427	obsolete chromosomal part	GO:0044427	1	HT	Highly Stable	DIRECT_IS_A_OR_SHARED_PARENT; representative has minimum adjusted p
GR_HT_Highly_Stable_0147	GO:0044428	obsolete nuclear part	GO:0044428	1	HT	Highly Stable	DIRECT_IS_A_OR_SHARED_PARENT; representative has minimum adjusted p
GR_HT_Highly_Stable_0148	GO:0044429	obsolete mitochondrial part	GO:0044429	1	HT	Highly Stable	DIRECT_IS_A_OR_SHARED_PARENT; representative has minimum adjusted p
GR_HT_Highly_Stable_0149	GO:0044437	obsolete vacuolar part	GO:0044437	1	HT	Highly Stable	DIRECT_IS_A_OR_SHARED_PARENT; representative has minimum adjusted p
GR_HT_Highly_Stable_0150	GO:0044446	obsolete intracellular organelle part	GO:0044446	1	HT	Highly Stable	DIRECT_IS_A_OR_SHARED_PARENT; representative has minimum adjusted p
GR_HT_Highly_Stable_0151	GO:0044447	obsolete axoneme part	GO:0044447	1	HT	Highly Stable	DIRECT_IS_A_OR_SHARED_PARENT; representative has minimum adjusted p
GR_HT_Highly_Stable_0152	GO:0044449	obsolete contractile fiber part	GO:0044449	1	HT	Highly Stable	DIRECT_IS_A_OR_SHARED_PARENT; representative has minimum adjusted p
GR_HT_Highly_Stable_0153	GO:0044451	obsolete nucleoplasm part	GO:0044451	1	HT	Highly Stable	DIRECT_IS_A_OR_SHARED_PARENT; representative has minimum adjusted p
GR_HT_Highly_Stable_0154	GO:0044452	obsolete nucleolar part	GO:0044452	1	HT	Highly Stable	DIRECT_IS_A_OR_SHARED_PARENT; representative has minimum adjusted p
GR_HT_Highly_Stable_0155	GO:0044454	obsolete nuclear chromosome part	GO:0044454	1	HT	Highly Stable	DIRECT_IS_A_OR_SHARED_PARENT; representative has minimum adjusted p
GR_HT_Highly_Stable_0156	GO:0044455	obsolete mitochondrial membrane part	GO:0044455	1	HT	Highly Stable	DIRECT_IS_A_OR_SHARED_PARENT; representative has minimum adjusted p
GR_HT_Highly_Stable_0157	GO:0044464	obsolete cell part	GO:0044464	1	HT	Highly Stable	DIRECT_IS_A_OR_SHARED_PARENT; representative has minimum adjusted p
GR_HT_Highly_Stable_0158	GO:0044545	NSL complex	GO:0044545	1	HT	Highly Stable	DIRECT_IS_A_OR_SHARED_PARENT; representative has minimum adjusted p
GR_HT_Highly_Stable_0159	GO:0045047	protein targeting to ER	GO:0045047	1	HT	Highly Stable	DIRECT_IS_A_OR_SHARED_PARENT; representative has minimum adjusted p
GR_HT_Highly_Stable_0160	GO:0045186	zonula adherens assembly	GO:0045186	1	HT	Highly Stable	DIRECT_IS_A_OR_SHARED_PARENT; representative has minimum adjusted p
GR_HT_Highly_Stable_0161	GO:0045263	obsolete proton-transporting ATP synthase complex, coupling factor F(o)	GO:0045263	1	HT	Highly Stable	DIRECT_IS_A_OR_SHARED_PARENT; representative has minimum adjusted p
GR_HT_Highly_Stable_0162	GO:0045471	response to ethanol	GO:0045471	1	HT	Highly Stable	DIRECT_IS_A_OR_SHARED_PARENT; representative has minimum adjusted p
GR_HT_Highly_Stable_0163	GO:0045815	transcription initiation-coupled chromatin remodeling	GO:0045815	1	HT	Highly Stable	DIRECT_IS_A_OR_SHARED_PARENT; representative has minimum adjusted p
GR_HT_Highly_Stable_0164	GO:0045935	obsolete positive regulation of nucleobase-containing compound metabolic process	GO:0045935	1	HT	Highly Stable	DIRECT_IS_A_OR_SHARED_PARENT; representative has minimum adjusted p
GR_HT_Highly_Stable_0165	GO:0046466	obsolete membrane lipid catabolic process	GO:0046466	1	HT	Highly Stable	DIRECT_IS_A_OR_SHARED_PARENT; representative has minimum adjusted p
GR_HT_Highly_Stable_0166	GO:0046483	obsolete heterocycle metabolic process	GO:0046483	1	HT	Highly Stable	DIRECT_IS_A_OR_SHARED_PARENT; representative has minimum adjusted p
GR_HT_Highly_Stable_0167	GO:0046514	ceramide catabolic process	GO:0046514	1	HT	Highly Stable	DIRECT_IS_A_OR_SHARED_PARENT; representative has minimum adjusted p
GR_HT_Highly_Stable_0168	GO:0048037	obsolete cofactor binding	GO:0048037	1	HT	Highly Stable	DIRECT_IS_A_OR_SHARED_PARENT; representative has minimum adjusted p
GR_HT_Highly_Stable_0169	GO:0048069	eye pigmentation	GO:0048069	1	HT	Highly Stable	DIRECT_IS_A_OR_SHARED_PARENT; representative has minimum adjusted p
GR_HT_Highly_Stable_0170	GO:0048569	obsolete post-embryonic animal organ development	GO:0048569	1	HT	Highly Stable	DIRECT_IS_A_OR_SHARED_PARENT; representative has minimum adjusted p
GR_HT_Highly_Stable_0171	GO:0048812	neuron projection morphogenesis	GO:0048812	1	HT	Highly Stable	DIRECT_IS_A_OR_SHARED_PARENT; representative has minimum adjusted p
GR_HT_Highly_Stable_0172	GO:0050662	obsolete coenzyme binding	GO:0050662	1	HT	Highly Stable	DIRECT_IS_A_OR_SHARED_PARENT; representative has minimum adjusted p
GR_HT_Highly_Stable_0173	GO:0050833	pyruvate transmembrane transporter activity	GO:0050833	1	HT	Highly Stable	DIRECT_IS_A_OR_SHARED_PARENT; representative has minimum adjusted p
GR_HT_Highly_Stable_0174	GO:0051249	regulation of lymphocyte activation	GO:0050863;GO:0051249	2	HT	Highly Stable	DIRECT_IS_A_OR_SHARED_PARENT; representative has minimum adjusted p
GR_HT_Highly_Stable_0175	GO:0050966	detection of mechanical stimulus involved in sensory perception of pain	GO:0050966	1	HT	Highly Stable	DIRECT_IS_A_OR_SHARED_PARENT; representative has minimum adjusted p
GR_HT_Highly_Stable_0176	GO:0051171	obsolete regulation of nitrogen compound metabolic process	GO:0051171	1	HT	Highly Stable	DIRECT_IS_A_OR_SHARED_PARENT; representative has minimum adjusted p
GR_HT_Highly_Stable_0177	GO:0051172	obsolete negative regulation of nitrogen compound metabolic process	GO:0051172	1	HT	Highly Stable	DIRECT_IS_A_OR_SHARED_PARENT; representative has minimum adjusted p
GR_HT_Highly_Stable_0178	GO:0051173	obsolete positive regulation of nitrogen compound metabolic process	GO:0051173	1	HT	Highly Stable	DIRECT_IS_A_OR_SHARED_PARENT; representative has minimum adjusted p
GR_HT_Highly_Stable_0179	GO:0051186	obsolete cofactor metabolic process	GO:0051186	1	HT	Highly Stable	DIRECT_IS_A_OR_SHARED_PARENT; representative has minimum adjusted p
GR_HT_Highly_Stable_0180	GO:0051188	obsolete cofactor biosynthetic process	GO:0051188	1	HT	Highly Stable	DIRECT_IS_A_OR_SHARED_PARENT; representative has minimum adjusted p
GR_HT_Highly_Stable_0181	GO:0071824	protein-DNA complex organization	GO:0051259;GO:0051262;GO:0051289;GO:0065004;GO:0071824;GO:1904837	6	HT	Highly Stable	DIRECT_IS_A_OR_SHARED_PARENT; representative has minimum adjusted p
GR_HT_Highly_Stable_0182	GO:0051347	obsolete positive regulation of transferase activity	GO:0051347	1	HT	Highly Stable	DIRECT_IS_A_OR_SHARED_PARENT; representative has minimum adjusted p
GR_HT_Highly_Stable_0183	GO:0051384	response to glucocorticoid	GO:0031960;GO:0051384	2	HT	Highly Stable	DIRECT_IS_A_OR_SHARED_PARENT; representative has minimum adjusted p
GR_HT_Highly_Stable_0184	GO:0051427	hormone receptor binding	GO:0051427	1	HT	Highly Stable	DIRECT_IS_A_OR_SHARED_PARENT; representative has minimum adjusted p
GR_HT_Highly_Stable_0185	GO:0051704	obsolete multi-organism process	GO:0051704	1	HT	Highly Stable	DIRECT_IS_A_OR_SHARED_PARENT; representative has minimum adjusted p
GR_HT_Highly_Stable_0186	GO:0055065	obsolete metal ion homeostasis	GO:0055065	1	HT	Highly Stable	DIRECT_IS_A_OR_SHARED_PARENT; representative has minimum adjusted p
GR_HT_Highly_Stable_0187	GO:0055114	obsolete oxidation-reduction process	GO:0055114	1	HT	Highly Stable	DIRECT_IS_A_OR_SHARED_PARENT; representative has minimum adjusted p
GR_HT_Highly_Stable_0188	GO:0060548	obsolete negative regulation of cell death	GO:0060548	1	HT	Highly Stable	DIRECT_IS_A_OR_SHARED_PARENT; representative has minimum adjusted p
GR_HT_Highly_Stable_0189	GO:0060968	obsolete regulation of gene silencing	GO:0060968	1	HT	Highly Stable	DIRECT_IS_A_OR_SHARED_PARENT; representative has minimum adjusted p
GR_HT_Highly_Stable_0190	GO:0060982	coronary artery morphogenesis	GO:0060982	1	HT	Highly Stable	DIRECT_IS_A_OR_SHARED_PARENT; representative has minimum adjusted p
GR_HT_Highly_Stable_0191	GO:0061077	obsolete chaperone-mediated protein folding	GO:0061077	1	HT	Highly Stable	DIRECT_IS_A_OR_SHARED_PARENT; representative has minimum adjusted p
GR_HT_Highly_Stable_0192	GO:0062023	obsolete collagen-containing extracellular matrix	GO:0062023	1	HT	Highly Stable	DIRECT_IS_A_OR_SHARED_PARENT; representative has minimum adjusted p
GR_HT_Highly_Stable_0193	GO:0070469	obsolete respirasome	GO:0070469	1	HT	Highly Stable	DIRECT_IS_A_OR_SHARED_PARENT; representative has minimum adjusted p
GR_HT_Highly_Stable_0194	GO:0044281	small molecule metabolic process	GO:0000070;GO:0000122;GO:0000278;GO:0000280;GO:0000375;GO:0000377;GO:0000398;GO:0000819;GO:0000902;GO:0001516;GO:0001654;GO:0001676;GO:0001700;GO:0001701;GO:0001745;GO:0001775;GO:0001816;GO:0001817;GO:0001824;GO:0001825;GO:0001932;GO:0001933;GO:0001934;GO:0002009;GO:0002064;GO:0002065;GO:0002066;GO:0002068;GO:0002119;GO:0002164;GO:0002165;GO:0002252;GO:0002263;GO:0002274;GO:0002275;GO:0002283;GO:0002366;GO:0002443;GO:0002444;GO:0002446;GO:0002520;GO:0002521;GO:0002682;GO:0002684;GO:0002831;GO:0003006;GO:0003143;GO:0005975;GO:0006026;GO:0006032;GO:0006083;GO:0006091;GO:0006103;GO:0006119;GO:0006139;GO:0006163;GO:0006188;GO:0006259;GO:0006281;GO:0006289;GO:0006325;GO:0006351;GO:0006352;GO:0006355;GO:0006357;GO:0006364;GO:0006366;GO:0006367;GO:0006396;GO:0006397;GO:0006403;GO:0006464;GO:0006468;GO:0006469;GO:0006508;GO:0006520;GO:0006538;GO:0006559;GO:0006575;GO:0006576;GO:0006629;GO:0006631;GO:0006633;GO:0006636;GO:0006637;GO:0006726;GO:0006728;GO:0006749;GO:0006753;GO:0006754;GO:0006766;GO:0006790;GO:0006805;GO:0006811;GO:0006812;GO:0006820;GO:0006835;GO:0006887;GO:0006950;GO:0006955;GO:0006974;GO:0006979;GO:0006996;GO:0006997;GO:0007010;GO:0007049;GO:0007059;GO:0007127;GO:0007154;GO:0007155;GO:0007156;GO:0007160;GO:0007163;GO:0007165;GO:0007275;GO:0007276;GO:0007281;GO:0007283;GO:0007346;GO:0007368;GO:0007389;GO:0007399;GO:0007423;GO:0007442;GO:0007443;GO:0007444;GO:0007492;GO:0007548;GO:0007549;GO:0007552;GO:0008104;GO:0008150;GO:0008152;GO:0008284;GO:0008340;GO:0008380;GO:0008406;GO:0008589;GO:0008652;GO:0009060;GO:0009063;GO:0009072;GO:0009074;GO:0009081;GO:0009083;GO:0009110;GO:0009117;GO:0009123;GO:0009124;GO:0009126;GO:0009127;GO:0009141;GO:0009144;GO:0009145;GO:0009150;GO:0009156;GO:0009167;GO:0009168;GO:0009201;GO:0009205;GO:0009206;GO:0009259;GO:0009308;GO:0009407;GO:0009408;GO:0009410;GO:0009628;GO:0009636;GO:0009653;GO:0009790;GO:0009791;GO:0009792;GO:0009799;GO:0009820;GO:0009855;GO:0009886;GO:0009887;GO:0009888;GO:0009889;GO:0009890;GO:0009891;GO:0009892;GO:0009893;GO:0009894;GO:0009895;GO:0009966;GO:0009967;GO:0009968;GO:0009987;GO:0009996;GO:0010038;GO:0010453;GO:0010454;GO:0010467;GO:0010468;GO:0010506;GO:0010507;GO:0010556;GO:0010557;GO:0010558;GO:0010562;GO:0010563;GO:0010604;GO:0010605;GO:0010628;GO:0010629;GO:0010639;GO:0010646;GO:0010647;GO:0010648;GO:0010817;GO:0014074;GO:0015740;GO:0015849;GO:0015893;GO:0015980;GO:0015985;GO:0015986;GO:0016042;GO:0016043;GO:0016070;GO:0016071;GO:0017144;GO:0018105;GO:0019216;GO:0019219;GO:0019222;GO:0019637;GO:0019693;GO:0019752;GO:0019755;GO:0019827;GO:0019889;GO:0019953;GO:0022008;GO:0022402;GO:0022412;GO:0022414;GO:0022607;GO:0022613;GO:0022900;GO:0022904;GO:0023051;GO:0023052;GO:0023056;GO:0023057;GO:0030030;GO:0030097;GO:0030098;GO:0030100;GO:0030154;GO:0030182;GO:0030217;GO:0030261;GO:0030522;GO:0030718;GO:0030855;GO:0031124;GO:0031175;GO:0031347;GO:0031349;GO:0031399;GO:0031400;GO:0031401;GO:0031589;GO:0032268;GO:0032269;GO:0032270;GO:0032386;GO:0032501;GO:0032502;GO:0032774;GO:0032787;GO:0032879;GO:0032880;GO:0032940;GO:0032989;GO:0033036;GO:0033043;GO:0033044;GO:0033157;GO:0033365;GO:0033554;GO:0033559;GO:0033673;GO:0033674;GO:0033865;GO:0033875;GO:0034032;GO:0034220;GO:0034504;GO:0034605;GO:0035050;GO:0035080;GO:0035214;GO:0035239;GO:0035295;GO:0035329;GO:0035556;GO:0036211;GO:0036230;GO:0040008;GO:0040027;GO:0040029;GO:0042110;GO:0042119;GO:0042127;GO:0042178;GO:0042221;GO:0042306;GO:0042307;GO:0042325;GO:0042326;GO:0042327;GO:0042440;GO:0042441;GO:0042445;GO:0042493;GO:0042558;GO:0042559;GO:0042594;GO:0042659;GO:0042737;GO:0042773;GO:0042775;GO:0042776;GO:0042981;GO:0043009;GO:0043010;GO:0043065;GO:0043066;GO:0043067;GO:0043068;GO:0043069;GO:0043085;GO:0043122;GO:0043170;GO:0043299;GO:0043312;GO:0043324;GO:0043406;GO:0043408;GO:0043412;GO:0043436;GO:0043474;GO:0043523;GO:0043549;GO:0043550;GO:0043648;GO:0043649;GO:0044085;GO:0044087;GO:0044088;GO:0044093;GO:0044106;GO:0044238;GO:0044267;GO:0044272;GO:0044281;GO:0044282;GO:0044283;GO:0044703;GO:0045055;GO:0045088;GO:0045132;GO:0045137;GO:0045165;GO:0045292;GO:0045321;GO:0045333;GO:0045570;GO:0045595;GO:0045637;GO:0045652;GO:0045704;GO:0045705;GO:0045859;GO:0045879;GO:0045892;GO:0045893;GO:0045927;GO:0045930;GO:0045934;GO:0045936;GO:0045937;GO:0045944;GO:0046034;GO:0046040;GO:0046148;GO:0046165;GO:0046173;GO:0046394;GO:0046395;GO:0046425;GO:0046427;GO:0046457;GO:0046578;GO:0046580;GO:0046620;GO:0046621;GO:0046649;GO:0046677;GO:0046683;GO:0046822;GO:0046824;GO:0046903;GO:0046942;GO:0048232;GO:0048285;GO:0048468;GO:0048477;GO:0048513;GO:0048518;GO:0048519;GO:0048522;GO:0048523;GO:0048534;GO:0048546;GO:0048562;GO:0048565;GO:0048568;GO:0048580;GO:0048581;GO:0048583;GO:0048584;GO:0048585;GO:0048592;GO:0048598;GO:0048608;GO:0048609;GO:0048638;GO:0048646;GO:0048666;GO:0048699;GO:0048707;GO:0048729;GO:0048731;GO:0048749;GO:0048856;GO:0048869;GO:0050688;GO:0050691;GO:0050776;GO:0050778;GO:0050789;GO:0050790;GO:0050793;GO:0050794;GO:0050848;GO:0050896;GO:0051049;GO:0051052;GO:0051056;GO:0051058;GO:0051094;GO:0051128;GO:0051129;GO:0051130;GO:0051174;GO:0051222;GO:0051223;GO:0051239;GO:0051240;GO:0051241;GO:0051246;GO:0051247;GO:0051248;GO:0051252;GO:0051253;GO:0051254;GO:0051276;GO:0051321;GO:0051338;GO:0051591;GO:0051592;GO:0051640;GO:0051641;GO:0051716;GO:0051726;GO:0051896;GO:0051960;GO:0055085;GO:0055086;GO:0055123;GO:0060043;GO:0060147;GO:0060255;GO:0060341;GO:0060429;GO:0060562;GO:0060627;GO:0060966;GO:0061062;GO:0061064;GO:0061065;GO:0061458;GO:0061982;GO:0065007;GO:0065009;GO:0070201;GO:0070228;GO:0070887;GO:0070972;GO:0071166;GO:0071277;GO:0071466;GO:0071840;GO:0071900;GO:0071901;GO:0071902;GO:0072002;GO:0072017;GO:0072025;GO:0072170;GO:0072207;GO:0072221;GO:0072234;GO:0072235;GO:0072243;GO:0072329;GO:0072330;GO:0072521;GO:0080090;GO:0080134;GO:0080135;GO:0090087;GO:0090304;GO:0090596;GO:0098609;GO:0098655;GO:0098727;GO:0098754;GO:0098813;GO:0098869;GO:0120036;GO:0140013;GO:0140014;GO:1900034;GO:1900180;GO:1900182;GO:1901135;GO:1901136;GO:1901687;GO:1901983;GO:1902275;GO:1902459;GO:1902531;GO:1902532;GO:1902533;GO:1902600;GO:1902679;GO:1902680;GO:1902895;GO:1903047;GO:1903146;GO:1903706;GO:1903725;GO:1903827;GO:1903828;GO:1903829;GO:1904589;GO:1904591;GO:1904892;GO:1904894;GO:1904951;GO:1905268;GO:1905269;GO:1990748;GO:2000026;GO:2000036;GO:2000106;GO:2000243;GO:2000756;GO:2001141;GO:2001233;GO:2001234;GO:2001251;GO:2001252	578	HT	Highly Stable	DIRECT_IS_A_OR_SHARED_PARENT; representative has minimum adjusted p
GR_HT_Highly_Stable_0195	GO:0071014	post-mRNA release spliceosomal complex	GO:0071014	1	HT	Highly Stable	DIRECT_IS_A_OR_SHARED_PARENT; representative has minimum adjusted p
GR_HT_Highly_Stable_0196	GO:0071241	obsolete cellular response to inorganic substance	GO:0071241	1	HT	Highly Stable	DIRECT_IS_A_OR_SHARED_PARENT; representative has minimum adjusted p
GR_HT_Highly_Stable_0197	GO:0071310	obsolete cellular response to organic substance	GO:0071310	1	HT	Highly Stable	DIRECT_IS_A_OR_SHARED_PARENT; representative has minimum adjusted p
GR_HT_Highly_Stable_0198	GO:0071339	MLL1 complex	GO:0071339	1	HT	Highly Stable	DIRECT_IS_A_OR_SHARED_PARENT; representative has minimum adjusted p
GR_HT_Highly_Stable_0199	GO:0071407	obsolete cellular response to organic cyclic compound	GO:0071407	1	HT	Highly Stable	DIRECT_IS_A_OR_SHARED_PARENT; representative has minimum adjusted p
GR_HT_Highly_Stable_0200	GO:0071426	obsolete ribonucleoprotein complex export from nucleus	GO:0071426	1	HT	Highly Stable	DIRECT_IS_A_OR_SHARED_PARENT; representative has minimum adjusted p
GR_HT_Highly_Stable_0201	GO:0071495	cellular response to endogenous stimulus	GO:0071495	1	HT	Highly Stable	DIRECT_IS_A_OR_SHARED_PARENT; representative has minimum adjusted p
GR_HT_Highly_Stable_0202	GO:0071704	obsolete organic substance metabolic process	GO:0071704	1	HT	Highly Stable	DIRECT_IS_A_OR_SHARED_PARENT; representative has minimum adjusted p
GR_HT_Highly_Stable_0203	GO:0072503	obsolete cellular divalent inorganic cation homeostasis	GO:0072503	1	HT	Highly Stable	DIRECT_IS_A_OR_SHARED_PARENT; representative has minimum adjusted p
GR_HT_Highly_Stable_0204	GO:0072507	obsolete divalent inorganic cation homeostasis	GO:0072507	1	HT	Highly Stable	DIRECT_IS_A_OR_SHARED_PARENT; representative has minimum adjusted p
GR_HT_Highly_Stable_0205	GO:0072595	maintenance of protein localization in organelle	GO:0072595	1	HT	Highly Stable	DIRECT_IS_A_OR_SHARED_PARENT; representative has minimum adjusted p
GR_HT_Highly_Stable_0206	GO:0090239	obsolete regulation of histone H4 acetylation	GO:0090239	1	HT	Highly Stable	DIRECT_IS_A_OR_SHARED_PARENT; representative has minimum adjusted p
GR_HT_Highly_Stable_0207	GO:0097017	renal protein absorption	GO:0070293;GO:0097017	2	HT	Highly Stable	DIRECT_IS_A_OR_SHARED_PARENT; representative has minimum adjusted p
GR_HT_Highly_Stable_0208	GO:0097159	obsolete organic cyclic compound binding	GO:0097159	1	HT	Highly Stable	DIRECT_IS_A_OR_SHARED_PARENT; representative has minimum adjusted p
GR_HT_Highly_Stable_0209	GO:0097320	plasma membrane tubulation	GO:0097320	1	HT	Highly Stable	DIRECT_IS_A_OR_SHARED_PARENT; representative has minimum adjusted p
GR_HT_Highly_Stable_0210	GO:0097552	mitochondrial double-strand break repair via homologous recombination	GO:0097552	1	HT	Highly Stable	DIRECT_IS_A_OR_SHARED_PARENT; representative has minimum adjusted p
GR_HT_Highly_Stable_0211	GO:0097659	obsolete nucleic acid-templated transcription	GO:0097659	1	HT	Highly Stable	DIRECT_IS_A_OR_SHARED_PARENT; representative has minimum adjusted p
GR_HT_Highly_Stable_0212	GO:0098586	cellular response to virus	GO:0098586	1	HT	Highly Stable	DIRECT_IS_A_OR_SHARED_PARENT; representative has minimum adjusted p
GR_HT_Highly_Stable_0213	GO:0098660	obsolete inorganic ion transmembrane transport	GO:0098660	1	HT	Highly Stable	DIRECT_IS_A_OR_SHARED_PARENT; representative has minimum adjusted p
GR_HT_Highly_Stable_0214	GO:0098662	obsolete inorganic cation transmembrane transport	GO:0098662	1	HT	Highly Stable	DIRECT_IS_A_OR_SHARED_PARENT; representative has minimum adjusted p
GR_HT_Highly_Stable_0215	GO:0006873	intracellular monoatomic ion homeostasis	GO:0006873;GO:0006874;GO:0019725;GO:0030003;GO:0048878;GO:0050801;GO:0051480;GO:0055074;GO:0055080;GO:0055082;GO:0055088;GO:0055090;GO:0070328;GO:0098771;GO:0099566	15	HT	Highly Stable	DIRECT_IS_A_OR_SHARED_PARENT; representative has minimum adjusted p
GR_HT_Highly_Stable_0216	GO:0030141	secretory granule	GO:0030141;GO:0070820;GO:0099503;GO:0101002	4	HT	Highly Stable	DIRECT_IS_A_OR_SHARED_PARENT; representative has minimum adjusted p
GR_HT_Highly_Stable_0217	GO:1900271	regulation of long-term synaptic potentiation	GO:1900271	1	HT	Highly Stable	DIRECT_IS_A_OR_SHARED_PARENT; representative has minimum adjusted p
GR_HT_Highly_Stable_0218	GO:1901214	obsolete regulation of neuron death	GO:1901214	1	HT	Highly Stable	DIRECT_IS_A_OR_SHARED_PARENT; representative has minimum adjusted p
GR_HT_Highly_Stable_0219	GO:1901360	obsolete organic cyclic compound metabolic process	GO:1901360	1	HT	Highly Stable	DIRECT_IS_A_OR_SHARED_PARENT; representative has minimum adjusted p
GR_HT_Highly_Stable_0220	GO:0006848	pyruvate transport	GO:0006848;GO:1901475	2	HT	Highly Stable	DIRECT_IS_A_OR_SHARED_PARENT; representative has minimum adjusted p
GR_HT_Highly_Stable_0221	GO:1901564	obsolete organonitrogen compound metabolic process	GO:1901564	1	HT	Highly Stable	DIRECT_IS_A_OR_SHARED_PARENT; representative has minimum adjusted p
GR_HT_Highly_Stable_0222	GO:1901565	obsolete organonitrogen compound catabolic process	GO:1901565	1	HT	Highly Stable	DIRECT_IS_A_OR_SHARED_PARENT; representative has minimum adjusted p
GR_HT_Highly_Stable_0223	GO:1901566	obsolete organonitrogen compound biosynthetic process	GO:1901566	1	HT	Highly Stable	DIRECT_IS_A_OR_SHARED_PARENT; representative has minimum adjusted p
GR_HT_Highly_Stable_0224	GO:1901605	obsolete alpha-amino acid metabolic process	GO:1901605	1	HT	Highly Stable	DIRECT_IS_A_OR_SHARED_PARENT; representative has minimum adjusted p
GR_HT_Highly_Stable_0225	GO:1901606	obsolete alpha-amino acid catabolic process	GO:1901606	1	HT	Highly Stable	DIRECT_IS_A_OR_SHARED_PARENT; representative has minimum adjusted p
GR_HT_Highly_Stable_0226	GO:1901607	obsolete alpha-amino acid biosynthetic process	GO:1901607	1	HT	Highly Stable	DIRECT_IS_A_OR_SHARED_PARENT; representative has minimum adjusted p
GR_HT_Highly_Stable_0227	GO:1901617	obsolete organic hydroxy compound biosynthetic process	GO:1901617	1	HT	Highly Stable	DIRECT_IS_A_OR_SHARED_PARENT; representative has minimum adjusted p
GR_HT_Highly_Stable_0228	GO:1901685	obsolete glutathione derivative metabolic process	GO:1901685	1	HT	Highly Stable	DIRECT_IS_A_OR_SHARED_PARENT; representative has minimum adjusted p
GR_HT_Highly_Stable_0229	GO:1902221	obsolete erythrose 4-phosphate/phosphoenolpyruvate family amino acid metabolic process	GO:1902221	1	HT	Highly Stable	DIRECT_IS_A_OR_SHARED_PARENT; representative has minimum adjusted p
GR_HT_Highly_Stable_0230	GO:1902222	obsolete erythrose 4-phosphate/phosphoenolpyruvate family amino acid catabolic process	GO:1902222	1	HT	Highly Stable	DIRECT_IS_A_OR_SHARED_PARENT; representative has minimum adjusted p
GR_HT_Highly_Stable_0231	GO:1903506	obsolete regulation of nucleic acid-templated transcription	GO:1903506	1	HT	Highly Stable	DIRECT_IS_A_OR_SHARED_PARENT; representative has minimum adjusted p
GR_HT_Highly_Stable_0232	GO:1903507	obsolete negative regulation of nucleic acid-templated transcription	GO:1903507	1	HT	Highly Stable	DIRECT_IS_A_OR_SHARED_PARENT; representative has minimum adjusted p
GR_HT_Highly_Stable_0233	GO:1903508	obsolete positive regulation of nucleic acid-templated transcription	GO:1903508	1	HT	Highly Stable	DIRECT_IS_A_OR_SHARED_PARENT; representative has minimum adjusted p
GR_HT_Highly_Stable_0234	GO:0051930	regulation of sensory perception of pain	GO:0051930;GO:0051931;GO:1904058	3	HT	Highly Stable	DIRECT_IS_A_OR_SHARED_PARENT; representative has minimum adjusted p
GR_HT_Highly_Stable_0235	GO:1904754	positive regulation of vascular associated smooth muscle cell migration	GO:1904754	1	HT	Highly Stable	DIRECT_IS_A_OR_SHARED_PARENT; representative has minimum adjusted p
GR_HT_Highly_Stable_0236	GO:2000027	regulation of animal organ morphogenesis	GO:2000027	1	HT	Highly Stable	DIRECT_IS_A_OR_SHARED_PARENT; representative has minimum adjusted p
GR_HT_Highly_Stable_0237	GO:2000112	obsolete regulation of cellular macromolecule biosynthetic process	GO:2000112	1	HT	Highly Stable	DIRECT_IS_A_OR_SHARED_PARENT; representative has minimum adjusted p
GR_HT_Highly_Stable_0238	GO:2000113	obsolete negative regulation of cellular macromolecule biosynthetic process	GO:2000113	1	HT	Highly Stable	DIRECT_IS_A_OR_SHARED_PARENT; representative has minimum adjusted p
GR_HT_Highly_Stable_0239	GO:1902807	negative regulation of cell cycle G1/S phase transition	GO:1901988;GO:1902807;GO:2000134	3	HT	Highly Stable	DIRECT_IS_A_OR_SHARED_PARENT; representative has minimum adjusted p
GR_HT_Highly_Stable_0240	GO:2000310	regulation of NMDA receptor activity	GO:2000310	1	HT	Highly Stable	DIRECT_IS_A_OR_SHARED_PARENT; representative has minimum adjusted p
GR_LT_Highly_Stable_0001	GO:0000722	telomere maintenance via recombination	GO:0000722;GO:0006312	2	LT	Highly Stable	DIRECT_IS_A_OR_SHARED_PARENT; representative has minimum adjusted p
GR_LT_Highly_Stable_0002	GO:0003735	structural constituent of ribosome	GO:0003735	1	LT	Highly Stable	DIRECT_IS_A_OR_SHARED_PARENT; representative has minimum adjusted p
GR_LT_Highly_Stable_0003	GO:0004497	monooxygenase activity	GO:0004497;GO:0004500;GO:0016491;GO:0016705;GO:0016715	5	LT	Highly Stable	DIRECT_IS_A_OR_SHARED_PARENT; representative has minimum adjusted p
GR_LT_Highly_Stable_0004	GO:0004930	G protein-coupled receptor activity	GO:0004930	1	LT	Highly Stable	DIRECT_IS_A_OR_SHARED_PARENT; representative has minimum adjusted p
GR_LT_Highly_Stable_0005	GO:0005576	extracellular region	GO:0005576	1	LT	Highly Stable	DIRECT_IS_A_OR_SHARED_PARENT; representative has minimum adjusted p
GR_LT_Highly_Stable_0006	GO:0005739	mitochondrion	GO:0005739	1	LT	Highly Stable	DIRECT_IS_A_OR_SHARED_PARENT; representative has minimum adjusted p
GR_LT_Highly_Stable_0007	GO:0005740	mitochondrial envelope	GO:0005740	1	LT	Highly Stable	DIRECT_IS_A_OR_SHARED_PARENT; representative has minimum adjusted p
GR_LT_Highly_Stable_0008	GO:0031966	mitochondrial membrane	GO:0005743;GO:0019866;GO:0031966	3	LT	Highly Stable	DIRECT_IS_A_OR_SHARED_PARENT; representative has minimum adjusted p
GR_LT_Highly_Stable_0009	GO:0009308	amine metabolic process	GO:0006576;GO:0006589;GO:0009308;GO:0009713;GO:0009820;GO:0009822;GO:0019336;GO:0019614;GO:0042415;GO:0042420;GO:0042421;GO:0042423;GO:0042424;GO:0042737;GO:0044106;GO:0046189;GO:0046333	17	LT	Highly Stable	DIRECT_IS_A_OR_SHARED_PARENT; representative has minimum adjusted p
GR_LT_Highly_Stable_0010	GO:0008207	C21-steroid hormone metabolic process	GO:0008207	1	LT	Highly Stable	DIRECT_IS_A_OR_SHARED_PARENT; representative has minimum adjusted p
GR_LT_Highly_Stable_0011	GO:0016098	monoterpenoid metabolic process	GO:0016098	1	LT	Highly Stable	DIRECT_IS_A_OR_SHARED_PARENT; representative has minimum adjusted p
GR_LT_Highly_Stable_0012	GO:0020037	heme binding	GO:0020037	1	LT	Highly Stable	DIRECT_IS_A_OR_SHARED_PARENT; representative has minimum adjusted p
GR_LT_Highly_Stable_0013	GO:0044391	ribosomal subunit	GO:0030684;GO:0044391	2	LT	Highly Stable	DIRECT_IS_A_OR_SHARED_PARENT; representative has minimum adjusted p
GR_LT_Highly_Stable_0014	GO:0042136	obsolete neurotransmitter biosynthetic process	GO:0042136	1	LT	Highly Stable	DIRECT_IS_A_OR_SHARED_PARENT; representative has minimum adjusted p
GR_LT_Highly_Stable_0015	GO:0042439	obsolete ethanolamine-containing compound metabolic process	GO:0042439	1	LT	Highly Stable	DIRECT_IS_A_OR_SHARED_PARENT; representative has minimum adjusted p
GR_LT_Highly_Stable_0016	GO:0044429	obsolete mitochondrial part	GO:0044429	1	LT	Highly Stable	DIRECT_IS_A_OR_SHARED_PARENT; representative has minimum adjusted p
GR_LT_Highly_Stable_0017	GO:0044445	obsolete cytosolic part	GO:0044445	1	LT	Highly Stable	DIRECT_IS_A_OR_SHARED_PARENT; representative has minimum adjusted p
GR_LT_Highly_Stable_0018	GO:0070647	protein modification by small protein conjugation or removal	GO:0070647	1	LT	Highly Stable	DIRECT_IS_A_OR_SHARED_PARENT; representative has minimum adjusted p
GR_LT_Highly_Stable_0019	GO:0070989	oxidative demethylation	GO:0070989	1	LT	Highly Stable	DIRECT_IS_A_OR_SHARED_PARENT; representative has minimum adjusted p
GR_LT_Highly_Stable_0020	GO:1901617	obsolete organic hydroxy compound biosynthetic process	GO:1901617	1	LT	Highly Stable	DIRECT_IS_A_OR_SHARED_PARENT; representative has minimum adjusted p
GR_LT_Low_Stability_0001	GO:0000405	bubble DNA binding	GO:0000405	1	LT	Low Stability	DIRECT_IS_A_OR_SHARED_PARENT; representative has minimum adjusted p
GR_LT_Low_Stability_0002	GO:0004222	metalloendopeptidase activity	GO:0004222;GO:0008237	2	LT	Low Stability	DIRECT_IS_A_OR_SHARED_PARENT; representative has minimum adjusted p
GR_LT_Low_Stability_0003	GO:0005576	extracellular region	GO:0005576	1	LT	Low Stability	DIRECT_IS_A_OR_SHARED_PARENT; representative has minimum adjusted p
GR_LT_Low_Stability_0004	GO:0005604	basement membrane	GO:0005604	1	LT	Low Stability	DIRECT_IS_A_OR_SHARED_PARENT; representative has minimum adjusted p
GR_LT_Low_Stability_0005	GO:0005615	obsolete extracellular space	GO:0005615	1	LT	Low Stability	DIRECT_IS_A_OR_SHARED_PARENT; representative has minimum adjusted p
GR_LT_Low_Stability_0006	GO:0005730	nucleolus	GO:0005730	1	LT	Low Stability	DIRECT_IS_A_OR_SHARED_PARENT; representative has minimum adjusted p
GR_LT_Low_Stability_0007	GO:0006805	xenobiotic metabolic process	GO:0006805	1	LT	Low Stability	DIRECT_IS_A_OR_SHARED_PARENT; representative has minimum adjusted p
GR_LT_Low_Stability_0008	GO:0008061	chitin binding	GO:0008061	1	LT	Low Stability	DIRECT_IS_A_OR_SHARED_PARENT; representative has minimum adjusted p
GR_LT_Low_Stability_0009	GO:0030684	preribosome	GO:0030684	1	LT	Low Stability	DIRECT_IS_A_OR_SHARED_PARENT; representative has minimum adjusted p
GR_LT_Low_Stability_0010	GO:0071013	catalytic step 2 spliceosome	GO:0071013	1	LT	Low Stability	DIRECT_IS_A_OR_SHARED_PARENT; representative has minimum adjusted p
GR_OSM_Highly_Stable_0001	GO:0003674	molecular_function	GO:0003674;GO:0003824;GO:0005488	3	OSM	Highly Stable	DIRECT_IS_A_OR_SHARED_PARENT; representative has minimum adjusted p
GR_OSM_Highly_Stable_0002	GO:0005622	intracellular anatomical structure	GO:0005622;GO:0005634;GO:0005654;GO:0005737;GO:0005829;GO:0031974;GO:0031981;GO:0043226;GO:0043227;GO:0043228;GO:0043229;GO:0043231;GO:0043232;GO:0043233;GO:0070013	15	OSM	Highly Stable	DIRECT_IS_A_OR_SHARED_PARENT; representative has minimum adjusted p
GR_OSM_Highly_Stable_0003	GO:0005623	obsolete cell	GO:0005623	1	OSM	Highly Stable	DIRECT_IS_A_OR_SHARED_PARENT; representative has minimum adjusted p
GR_OSM_Highly_Stable_0004	GO:0006725	obsolete cellular aromatic compound metabolic process	GO:0006725	1	OSM	Highly Stable	DIRECT_IS_A_OR_SHARED_PARENT; representative has minimum adjusted p
GR_OSM_Highly_Stable_0005	GO:0006807	obsolete nitrogen compound metabolic process	GO:0006807	1	OSM	Highly Stable	DIRECT_IS_A_OR_SHARED_PARENT; representative has minimum adjusted p
GR_OSM_Highly_Stable_0006	GO:0006974	DNA damage response	GO:0006974	1	OSM	Highly Stable	DIRECT_IS_A_OR_SHARED_PARENT; representative has minimum adjusted p
GR_OSM_Highly_Stable_0007	GO:0034470	obsolete ncRNA processing	GO:0034470	1	OSM	Highly Stable	DIRECT_IS_A_OR_SHARED_PARENT; representative has minimum adjusted p
GR_OSM_Highly_Stable_0008	GO:0034641	obsolete cellular nitrogen compound metabolic process	GO:0034641	1	OSM	Highly Stable	DIRECT_IS_A_OR_SHARED_PARENT; representative has minimum adjusted p
GR_OSM_Highly_Stable_0009	GO:0034660	obsolete ncRNA metabolic process	GO:0034660	1	OSM	Highly Stable	DIRECT_IS_A_OR_SHARED_PARENT; representative has minimum adjusted p
GR_OSM_Highly_Stable_0010	GO:0044237	obsolete cellular metabolic process	GO:0044237	1	OSM	Highly Stable	DIRECT_IS_A_OR_SHARED_PARENT; representative has minimum adjusted p
GR_OSM_Highly_Stable_0011	GO:0044260	obsolete cellular macromolecule metabolic process	GO:0044260	1	OSM	Highly Stable	DIRECT_IS_A_OR_SHARED_PARENT; representative has minimum adjusted p
GR_OSM_Highly_Stable_0012	GO:0044422	obsolete organelle part	GO:0044422	1	OSM	Highly Stable	DIRECT_IS_A_OR_SHARED_PARENT; representative has minimum adjusted p
GR_OSM_Highly_Stable_0013	GO:0044424	obsolete intracellular part	GO:0044424	1	OSM	Highly Stable	DIRECT_IS_A_OR_SHARED_PARENT; representative has minimum adjusted p
GR_OSM_Highly_Stable_0014	GO:0044428	obsolete nuclear part	GO:0044428	1	OSM	Highly Stable	DIRECT_IS_A_OR_SHARED_PARENT; representative has minimum adjusted p
GR_OSM_Highly_Stable_0015	GO:0044430	obsolete cytoskeletal part	GO:0044430	1	OSM	Highly Stable	DIRECT_IS_A_OR_SHARED_PARENT; representative has minimum adjusted p
GR_OSM_Highly_Stable_0016	GO:0044444	obsolete cytoplasmic part	GO:0044444	1	OSM	Highly Stable	DIRECT_IS_A_OR_SHARED_PARENT; representative has minimum adjusted p
GR_OSM_Highly_Stable_0017	GO:0044446	obsolete intracellular organelle part	GO:0044446	1	OSM	Highly Stable	DIRECT_IS_A_OR_SHARED_PARENT; representative has minimum adjusted p
GR_OSM_Highly_Stable_0018	GO:0044464	obsolete cell part	GO:0044464	1	OSM	Highly Stable	DIRECT_IS_A_OR_SHARED_PARENT; representative has minimum adjusted p
GR_OSM_Highly_Stable_0019	GO:0046483	obsolete heterocycle metabolic process	GO:0046483	1	OSM	Highly Stable	DIRECT_IS_A_OR_SHARED_PARENT; representative has minimum adjusted p
GR_OSM_Highly_Stable_0020	GO:0071704	obsolete organic substance metabolic process	GO:0071704	1	OSM	Highly Stable	DIRECT_IS_A_OR_SHARED_PARENT; representative has minimum adjusted p
GR_OSM_Highly_Stable_0021	GO:1901360	obsolete organic cyclic compound metabolic process	GO:1901360	1	OSM	Highly Stable	DIRECT_IS_A_OR_SHARED_PARENT; representative has minimum adjusted p
GR_OSM_Highly_Stable_0022	GO:1901564	obsolete organonitrogen compound metabolic process	GO:1901564	1	OSM	Highly Stable	DIRECT_IS_A_OR_SHARED_PARENT; representative has minimum adjusted p
GR_OSM_Highly_Stable_0023	GO:0005575	cellular_component	GO:0005575;GO:0032991;GO:1902494	3	OSM	Highly Stable	DIRECT_IS_A_OR_SHARED_PARENT; representative has minimum adjusted p
GR_OSM_Highly_Stable_0024	GO:0009987	cellular process	GO:0000226;GO:0000278;GO:0006139;GO:0006396;GO:0006996;GO:0007010;GO:0007017;GO:0007049;GO:0008150;GO:0008152;GO:0009894;GO:0009987;GO:0016043;GO:0019222;GO:0022402;GO:0043170;GO:0044238;GO:0048518;GO:0048519;GO:0048523;GO:0048584;GO:0050789;GO:0050794;GO:0061024;GO:0065007;GO:0065008;GO:0071840;GO:0090304;GO:1903047	29	OSM	Highly Stable	DIRECT_IS_A_OR_SHARED_PARENT; representative has minimum adjusted p
GR_UV_Highly_Stable_0001	GO:0000323	lytic vacuole	GO:0000323	1	UV	Highly Stable	DIRECT_IS_A_OR_SHARED_PARENT; representative has minimum adjusted p
GR_UV_Highly_Stable_0002	GO:0004252	serine-type endopeptidase activity	GO:0004252	1	UV	Highly Stable	DIRECT_IS_A_OR_SHARED_PARENT; representative has minimum adjusted p
GR_UV_Highly_Stable_0003	GO:0005829	cytosol	GO:0005622;GO:0005737;GO:0005829	3	UV	Highly Stable	DIRECT_IS_A_OR_SHARED_PARENT; representative has minimum adjusted p
GR_UV_Highly_Stable_0004	GO:0005765	lysosomal membrane	GO:0005765;GO:0005774;GO:0098852	3	UV	Highly Stable	DIRECT_IS_A_OR_SHARED_PARENT; representative has minimum adjusted p
GR_UV_Highly_Stable_0005	GO:0006397	mRNA processing	GO:0006397;GO:0016071	2	UV	Highly Stable	DIRECT_IS_A_OR_SHARED_PARENT; representative has minimum adjusted p
GR_UV_Highly_Stable_0006	GO:0006891	intra-Golgi vesicle-mediated transport	GO:0006888;GO:0006891;GO:0048193	3	UV	Highly Stable	DIRECT_IS_A_OR_SHARED_PARENT; representative has minimum adjusted p
GR_UV_Highly_Stable_0007	GO:0006986	response to unfolded protein	GO:0006986	1	UV	Highly Stable	DIRECT_IS_A_OR_SHARED_PARENT; representative has minimum adjusted p
GR_UV_Highly_Stable_0008	GO:0008061	chitin binding	GO:0008061	1	UV	Highly Stable	DIRECT_IS_A_OR_SHARED_PARENT; representative has minimum adjusted p
GR_UV_Highly_Stable_0009	GO:0008104	intracellular protein localization	GO:0008104	1	UV	Highly Stable	DIRECT_IS_A_OR_SHARED_PARENT; representative has minimum adjusted p
GR_UV_Highly_Stable_0010	GO:0008565	obsolete protein transporter activity	GO:0008565	1	UV	Highly Stable	DIRECT_IS_A_OR_SHARED_PARENT; representative has minimum adjusted p
GR_UV_Highly_Stable_0011	GO:0030120	vesicle coat	GO:0030117;GO:0030118;GO:0030120;GO:0030125	4	UV	Highly Stable	DIRECT_IS_A_OR_SHARED_PARENT; representative has minimum adjusted p
GR_UV_Highly_Stable_0012	GO:0030131	clathrin adaptor complex	GO:0030131	1	UV	Highly Stable	DIRECT_IS_A_OR_SHARED_PARENT; representative has minimum adjusted p
GR_UV_Highly_Stable_0013	GO:0030176	obsolete integral component of endoplasmic reticulum membrane	GO:0030176	1	UV	Highly Stable	DIRECT_IS_A_OR_SHARED_PARENT; representative has minimum adjusted p
GR_UV_Highly_Stable_0014	GO:0035615	clathrin-cargo adaptor activity	GO:0035615	1	UV	Highly Stable	DIRECT_IS_A_OR_SHARED_PARENT; representative has minimum adjusted p
GR_UV_Highly_Stable_0015	GO:0043231	intracellular membrane-bounded organelle	GO:0043231	1	UV	Highly Stable	DIRECT_IS_A_OR_SHARED_PARENT; representative has minimum adjusted p
GR_UV_Highly_Stable_0016	GO:0044422	obsolete organelle part	GO:0044422	1	UV	Highly Stable	DIRECT_IS_A_OR_SHARED_PARENT; representative has minimum adjusted p
GR_UV_Highly_Stable_0017	GO:0044424	obsolete intracellular part	GO:0044424	1	UV	Highly Stable	DIRECT_IS_A_OR_SHARED_PARENT; representative has minimum adjusted p
GR_UV_Highly_Stable_0018	GO:0044428	obsolete nuclear part	GO:0044428	1	UV	Highly Stable	DIRECT_IS_A_OR_SHARED_PARENT; representative has minimum adjusted p
GR_UV_Highly_Stable_0019	GO:0044437	obsolete vacuolar part	GO:0044437	1	UV	Highly Stable	DIRECT_IS_A_OR_SHARED_PARENT; representative has minimum adjusted p
GR_UV_Highly_Stable_0020	GO:0044444	obsolete cytoplasmic part	GO:0044444	1	UV	Highly Stable	DIRECT_IS_A_OR_SHARED_PARENT; representative has minimum adjusted p
GR_UV_Highly_Stable_0021	GO:0044446	obsolete intracellular organelle part	GO:0044446	1	UV	Highly Stable	DIRECT_IS_A_OR_SHARED_PARENT; representative has minimum adjusted p
GR_UV_Highly_Stable_0022	GO:0045184	establishment of protein localization	GO:0045184	1	UV	Highly Stable	DIRECT_IS_A_OR_SHARED_PARENT; representative has minimum adjusted p
GR_UV_Highly_Stable_0023	GO:0048475	coated membrane	GO:0048475	1	UV	Highly Stable	DIRECT_IS_A_OR_SHARED_PARENT; representative has minimum adjusted p
GR_UV_Highly_Stable_0024	GO:0061024	membrane organization	GO:0061024	1	UV	Highly Stable	DIRECT_IS_A_OR_SHARED_PARENT; representative has minimum adjusted p
GR_UV_Highly_Stable_0025	GO:0032991	protein-containing complex	GO:0032991;GO:1902494	2	UV	Highly Stable	DIRECT_IS_A_OR_SHARED_PARENT; representative has minimum adjusted p
GR_UV_Stable_0001	GO:0000003	obsolete reproduction	GO:0000003	1	UV	Stable	DIRECT_IS_A_OR_SHARED_PARENT; representative has minimum adjusted p
GR_UV_Stable_0002	GO:0001664	G protein-coupled receptor binding	GO:0001664	1	UV	Stable	DIRECT_IS_A_OR_SHARED_PARENT; representative has minimum adjusted p
GR_UV_Stable_0003	GO:0003712	transcription coregulator activity	GO:0003712	1	UV	Stable	DIRECT_IS_A_OR_SHARED_PARENT; representative has minimum adjusted p
GR_UV_Stable_0004	GO:0043231	intracellular membrane-bounded organelle	GO:0005576;GO:0005622;GO:0005634;GO:0005654;GO:0005694;GO:0005737;GO:0005759;GO:0005829;GO:0016234;GO:0031974;GO:0031981;GO:0043226;GO:0043227;GO:0043228;GO:0043229;GO:0043231;GO:0043232;GO:0043233;GO:0070013	19	UV	Stable	DIRECT_IS_A_OR_SHARED_PARENT; representative has minimum adjusted p
GR_UV_Stable_0005	GO:0005623	obsolete cell	GO:0005623	1	UV	Stable	DIRECT_IS_A_OR_SHARED_PARENT; representative has minimum adjusted p
GR_UV_Stable_0006	GO:0006281	DNA repair	GO:0006281	1	UV	Stable	DIRECT_IS_A_OR_SHARED_PARENT; representative has minimum adjusted p
GR_UV_Stable_0007	GO:0006725	obsolete cellular aromatic compound metabolic process	GO:0006725	1	UV	Stable	DIRECT_IS_A_OR_SHARED_PARENT; representative has minimum adjusted p
GR_UV_Stable_0008	GO:0006807	obsolete nitrogen compound metabolic process	GO:0006807	1	UV	Stable	DIRECT_IS_A_OR_SHARED_PARENT; representative has minimum adjusted p
GR_UV_Stable_0009	GO:0007298	border follicle cell migration	GO:0007297;GO:0007298;GO:0010631	3	UV	Stable	DIRECT_IS_A_OR_SHARED_PARENT; representative has minimum adjusted p
GR_UV_Stable_0010	GO:0008061	chitin binding	GO:0008061	1	UV	Stable	DIRECT_IS_A_OR_SHARED_PARENT; representative has minimum adjusted p
GR_UV_Stable_0011	GO:0009786	regulation of asymmetric cell division	GO:0009786	1	UV	Stable	DIRECT_IS_A_OR_SHARED_PARENT; representative has minimum adjusted p
GR_UV_Stable_0012	GO:0009790	embryo development	GO:0009790;GO:0009792	2	UV	Stable	DIRECT_IS_A_OR_SHARED_PARENT; representative has minimum adjusted p
GR_UV_Stable_0013	GO:0015630	microtubule cytoskeleton	GO:0015630	1	UV	Stable	DIRECT_IS_A_OR_SHARED_PARENT; representative has minimum adjusted p
GR_UV_Stable_0014	GO:0016567	protein ubiquitination	GO:0016567;GO:0032446;GO:0070647	3	UV	Stable	DIRECT_IS_A_OR_SHARED_PARENT; representative has minimum adjusted p
GR_UV_Stable_0015	GO:0003674	molecular_function	GO:0003674;GO:0003676;GO:0003723;GO:0003824;GO:0005488;GO:0005515;GO:0016740;GO:0019899;GO:0030234;GO:0098772	10	UV	Stable	DIRECT_IS_A_OR_SHARED_PARENT; representative has minimum adjusted p
GR_UV_Stable_0016	GO:0031323	obsolete regulation of cellular metabolic process	GO:0031323	1	UV	Stable	DIRECT_IS_A_OR_SHARED_PARENT; representative has minimum adjusted p
GR_UV_Stable_0017	GO:0031324	obsolete negative regulation of cellular metabolic process	GO:0031324	1	UV	Stable	DIRECT_IS_A_OR_SHARED_PARENT; representative has minimum adjusted p
GR_UV_Stable_0018	GO:0031325	obsolete positive regulation of cellular metabolic process	GO:0031325	1	UV	Stable	DIRECT_IS_A_OR_SHARED_PARENT; representative has minimum adjusted p
GR_UV_Stable_0019	GO:0032504	obsolete multicellular organism reproduction	GO:0032504	1	UV	Stable	DIRECT_IS_A_OR_SHARED_PARENT; representative has minimum adjusted p
GR_UV_Stable_0020	GO:0034641	obsolete cellular nitrogen compound metabolic process	GO:0034641	1	UV	Stable	DIRECT_IS_A_OR_SHARED_PARENT; representative has minimum adjusted p
GR_UV_Stable_0021	GO:0042886	obsolete amide transport	GO:0042886	1	UV	Stable	DIRECT_IS_A_OR_SHARED_PARENT; representative has minimum adjusted p
GR_UV_Stable_0022	GO:0044237	obsolete cellular metabolic process	GO:0044237	1	UV	Stable	DIRECT_IS_A_OR_SHARED_PARENT; representative has minimum adjusted p
GR_UV_Stable_0023	GO:0044260	obsolete cellular macromolecule metabolic process	GO:0044260	1	UV	Stable	DIRECT_IS_A_OR_SHARED_PARENT; representative has minimum adjusted p
GR_UV_Stable_0024	GO:0044422	obsolete organelle part	GO:0044422	1	UV	Stable	DIRECT_IS_A_OR_SHARED_PARENT; representative has minimum adjusted p
GR_UV_Stable_0025	GO:0044424	obsolete intracellular part	GO:0044424	1	UV	Stable	DIRECT_IS_A_OR_SHARED_PARENT; representative has minimum adjusted p
GR_UV_Stable_0026	GO:0044427	obsolete chromosomal part	GO:0044427	1	UV	Stable	DIRECT_IS_A_OR_SHARED_PARENT; representative has minimum adjusted p
GR_UV_Stable_0027	GO:0044428	obsolete nuclear part	GO:0044428	1	UV	Stable	DIRECT_IS_A_OR_SHARED_PARENT; representative has minimum adjusted p
GR_UV_Stable_0028	GO:0044429	obsolete mitochondrial part	GO:0044429	1	UV	Stable	DIRECT_IS_A_OR_SHARED_PARENT; representative has minimum adjusted p
GR_UV_Stable_0029	GO:0044444	obsolete cytoplasmic part	GO:0044444	1	UV	Stable	DIRECT_IS_A_OR_SHARED_PARENT; representative has minimum adjusted p
GR_UV_Stable_0030	GO:0044446	obsolete intracellular organelle part	GO:0044446	1	UV	Stable	DIRECT_IS_A_OR_SHARED_PARENT; representative has minimum adjusted p
GR_UV_Stable_0031	GO:0044448	obsolete cell cortex part	GO:0044448	1	UV	Stable	DIRECT_IS_A_OR_SHARED_PARENT; representative has minimum adjusted p
GR_UV_Stable_0032	GO:0044451	obsolete nucleoplasm part	GO:0044451	1	UV	Stable	DIRECT_IS_A_OR_SHARED_PARENT; representative has minimum adjusted p
GR_UV_Stable_0033	GO:0044464	obsolete cell part	GO:0044464	1	UV	Stable	DIRECT_IS_A_OR_SHARED_PARENT; representative has minimum adjusted p
GR_UV_Stable_0034	GO:0045035	sensory organ precursor cell division	GO:0045035	1	UV	Stable	DIRECT_IS_A_OR_SHARED_PARENT; representative has minimum adjusted p
GR_UV_Stable_0035	GO:0046483	obsolete heterocycle metabolic process	GO:0046483	1	UV	Stable	DIRECT_IS_A_OR_SHARED_PARENT; representative has minimum adjusted p
GR_UV_Stable_0036	GO:0048024	regulation of mRNA splicing, via spliceosome	GO:0048024;GO:0050684	2	UV	Stable	DIRECT_IS_A_OR_SHARED_PARENT; representative has minimum adjusted p
GR_UV_Stable_0037	GO:0048569	obsolete post-embryonic animal organ development	GO:0048569	1	UV	Stable	DIRECT_IS_A_OR_SHARED_PARENT; representative has minimum adjusted p
GR_UV_Stable_0038	GO:0051171	obsolete regulation of nitrogen compound metabolic process	GO:0051171	1	UV	Stable	DIRECT_IS_A_OR_SHARED_PARENT; representative has minimum adjusted p
GR_UV_Stable_0039	GO:0051173	obsolete positive regulation of nitrogen compound metabolic process	GO:0051173	1	UV	Stable	DIRECT_IS_A_OR_SHARED_PARENT; representative has minimum adjusted p
GR_UV_Stable_0040	GO:0051701	biological process involved in interaction with host	GO:0051701	1	UV	Stable	DIRECT_IS_A_OR_SHARED_PARENT; representative has minimum adjusted p
GR_UV_Stable_0041	GO:0097061	dendritic spine organization	GO:0060997;GO:0097061;GO:0106027	3	UV	Stable	DIRECT_IS_A_OR_SHARED_PARENT; representative has minimum adjusted p
GR_UV_Stable_0042	GO:0005575	cellular_component	GO:0005575;GO:0032991;GO:0061695;GO:1902494;GO:1990234	5	UV	Stable	DIRECT_IS_A_OR_SHARED_PARENT; representative has minimum adjusted p
GR_UV_Stable_0043	GO:0070727	obsolete cellular macromolecule localization	GO:0070727	1	UV	Stable	DIRECT_IS_A_OR_SHARED_PARENT; representative has minimum adjusted p
GR_UV_Stable_0044	GO:0071702	obsolete organic substance transport	GO:0071702	1	UV	Stable	DIRECT_IS_A_OR_SHARED_PARENT; representative has minimum adjusted p
GR_UV_Stable_0045	GO:0071704	obsolete organic substance metabolic process	GO:0071704	1	UV	Stable	DIRECT_IS_A_OR_SHARED_PARENT; representative has minimum adjusted p
GR_UV_Stable_0046	GO:0090132	epithelium migration	GO:0090132	1	UV	Stable	DIRECT_IS_A_OR_SHARED_PARENT; representative has minimum adjusted p
GR_UV_Stable_0047	GO:0097159	obsolete organic cyclic compound binding	GO:0097159	1	UV	Stable	DIRECT_IS_A_OR_SHARED_PARENT; representative has minimum adjusted p
GR_UV_Stable_0048	GO:0008150	biological_process	GO:0003006;GO:0006139;GO:0006396;GO:0006399;GO:0006400;GO:0006403;GO:0006464;GO:0006886;GO:0006897;GO:0006913;GO:0006996;GO:0007049;GO:0007276;GO:0007281;GO:0007292;GO:0007346;GO:0008104;GO:0008150;GO:0008152;GO:0009451;GO:0009892;GO:0009893;GO:0009894;GO:0009987;GO:0010468;GO:0010506;GO:0010556;GO:0010604;GO:0010605;GO:0010608;GO:0015031;GO:0015833;GO:0015931;GO:0016032;GO:0016043;GO:0016070;GO:0016192;GO:0016197;GO:0016241;GO:0019219;GO:0019222;GO:0019953;GO:0022402;GO:0022412;GO:0022414;GO:0031503;GO:0032268;GO:0032535;GO:0032956;GO:0033036;GO:0033043;GO:0034613;GO:0036211;GO:0043086;GO:0043170;GO:0043412;GO:0044238;GO:0044267;GO:0044703;GO:0045184;GO:0046907;GO:0048477;GO:0048518;GO:0048519;GO:0048522;GO:0048609;GO:0050789;GO:0050790;GO:0050794;GO:0051128;GO:0051169;GO:0051179;GO:0051234;GO:0051236;GO:0051246;GO:0051252;GO:0051276;GO:0051301;GO:0051493;GO:0051641;GO:0051649;GO:0051726;GO:0060255;GO:0065007;GO:0065009;GO:0071705;GO:0071840;GO:0080090;GO:0090304;GO:0098657;GO:0110053;GO:1902903	92	UV	Stable	DIRECT_IS_A_OR_SHARED_PARENT; representative has minimum adjusted p
GR_UV_Stable_0049	GO:1901360	obsolete organic cyclic compound metabolic process	GO:1901360	1	UV	Stable	DIRECT_IS_A_OR_SHARED_PARENT; representative has minimum adjusted p
GR_UV_Stable_0050	GO:1901363	heterocyclic compound binding	GO:1901363	1	UV	Stable	DIRECT_IS_A_OR_SHARED_PARENT; representative has minimum adjusted p
GR_UV_Stable_0051	GO:1902554	serine/threonine protein kinase complex	GO:1902554	1	UV	Stable	DIRECT_IS_A_OR_SHARED_PARENT; representative has minimum adjusted p
GR_UV_Stable_0052	GO:1904293	negative regulation of ERAD pathway	GO:1904293	1	UV	Stable	DIRECT_IS_A_OR_SHARED_PARENT; representative has minimum adjusted p
GR_UV_Transitional_0001	GO:0000184	nuclear-transcribed mRNA catabolic process, nonsense-mediated decay	GO:0000184;GO:0000956	2	UV	Transitional	DIRECT_IS_A_OR_SHARED_PARENT; representative has minimum adjusted p
GR_UV_Transitional_0002	GO:0000978	RNA polymerase II cis-regulatory region sequence-specific DNA binding	GO:0000976;GO:0000977;GO:0000978;GO:0001012	4	UV	Transitional	DIRECT_IS_A_OR_SHARED_PARENT; representative has minimum adjusted p
GR_UV_Transitional_0003	GO:0001838	embryonic epithelial tube formation	GO:0001838	1	UV	Transitional	DIRECT_IS_A_OR_SHARED_PARENT; representative has minimum adjusted p
GR_UV_Transitional_0004	GO:0001895	retina homeostasis	GO:0001895	1	UV	Transitional	DIRECT_IS_A_OR_SHARED_PARENT; representative has minimum adjusted p
GR_UV_Transitional_0005	GO:0002181	cytoplasmic translation	GO:0002181;GO:0006412	2	UV	Transitional	DIRECT_IS_A_OR_SHARED_PARENT; representative has minimum adjusted p
GR_UV_Transitional_0006	GO:0003735	structural constituent of ribosome	GO:0000981;GO:0001228;GO:0003700;GO:0003705;GO:0003707;GO:0003735;GO:0004879;GO:0005198;GO:0038023;GO:0060089;GO:0098531	11	UV	Transitional	DIRECT_IS_A_OR_SHARED_PARENT; representative has minimum adjusted p
GR_UV_Transitional_0007	GO:0017171	serine hydrolase activity	GO:0004252;GO:0008236;GO:0017171	3	UV	Transitional	DIRECT_IS_A_OR_SHARED_PARENT; representative has minimum adjusted p
GR_UV_Transitional_0008	GO:0004553	hydrolase activity, hydrolyzing O-glycosyl compounds	GO:0004553	1	UV	Transitional	DIRECT_IS_A_OR_SHARED_PARENT; representative has minimum adjusted p
GR_UV_Transitional_0009	GO:0004672	protein kinase activity	GO:0004672;GO:0004674;GO:0004694	3	UV	Transitional	DIRECT_IS_A_OR_SHARED_PARENT; representative has minimum adjusted p
GR_UV_Transitional_0010	GO:0005516	calmodulin binding	GO:0005102;GO:0005516;GO:0050839;GO:0071889	4	UV	Transitional	DIRECT_IS_A_OR_SHARED_PARENT; representative has minimum adjusted p
GR_UV_Transitional_0011	GO:0005576	extracellular region	GO:0005576;GO:0030424;GO:0030425;GO:0030428;GO:0036477;GO:0042995;GO:0043005;GO:0043025;GO:0044297;GO:0045177;GO:0048786;GO:0071944;GO:0097447;GO:0120025	14	UV	Transitional	DIRECT_IS_A_OR_SHARED_PARENT; representative has minimum adjusted p
GR_UV_Transitional_0012	GO:0005615	obsolete extracellular space	GO:0005615	1	UV	Transitional	DIRECT_IS_A_OR_SHARED_PARENT; representative has minimum adjusted p
GR_UV_Transitional_0013	GO:0044391	ribosomal subunit	GO:0005667;GO:0015934;GO:0015935;GO:0022625;GO:0022627;GO:0044391;GO:1990904	7	UV	Transitional	DIRECT_IS_A_OR_SHARED_PARENT; representative has minimum adjusted p
GR_UV_Transitional_0014	GO:0005886	plasma membrane	GO:0005886;GO:0097060;GO:0098590	3	UV	Transitional	DIRECT_IS_A_OR_SHARED_PARENT; representative has minimum adjusted p
GR_UV_Transitional_0015	GO:0006030	chitin metabolic process	GO:0006022;GO:0006030;GO:0006040	3	UV	Transitional	DIRECT_IS_A_OR_SHARED_PARENT; representative has minimum adjusted p
GR_UV_Transitional_0016	GO:0006034	obsolete cuticle chitin metabolic process	GO:0006034	1	UV	Transitional	DIRECT_IS_A_OR_SHARED_PARENT; representative has minimum adjusted p
GR_UV_Transitional_0017	GO:0006035	obsolete cuticle chitin biosynthetic process	GO:0006035	1	UV	Transitional	DIRECT_IS_A_OR_SHARED_PARENT; representative has minimum adjusted p
GR_UV_Transitional_0018	GO:0006037	obsolete cell wall chitin metabolic process	GO:0006037	1	UV	Transitional	DIRECT_IS_A_OR_SHARED_PARENT; representative has minimum adjusted p
GR_UV_Transitional_0019	GO:0043043	peptide biosynthetic process	GO:0006413;GO:0006518;GO:0006584;GO:0009712;GO:0017144;GO:0018958;GO:0042737;GO:0043043	8	UV	Transitional	DIRECT_IS_A_OR_SHARED_PARENT; representative has minimum adjusted p
GR_UV_Transitional_0020	GO:0006468	protein phosphorylation	GO:0006468	1	UV	Transitional	DIRECT_IS_A_OR_SHARED_PARENT; representative has minimum adjusted p
GR_UV_Transitional_0021	GO:0006614	SRP-dependent cotranslational protein targeting to membrane	GO:0006612;GO:0006613;GO:0006614;GO:0045047;GO:0072599	5	UV	Transitional	DIRECT_IS_A_OR_SHARED_PARENT; representative has minimum adjusted p
GR_UV_Transitional_0022	GO:0008061	chitin binding	GO:0008061	1	UV	Transitional	DIRECT_IS_A_OR_SHARED_PARENT; representative has minimum adjusted p
GR_UV_Transitional_0023	GO:0009187	cyclic nucleotide metabolic process	GO:0009187	1	UV	Transitional	DIRECT_IS_A_OR_SHARED_PARENT; representative has minimum adjusted p
GR_UV_Transitional_0024	GO:0009750	response to fructose	GO:0009750	1	UV	Transitional	DIRECT_IS_A_OR_SHARED_PARENT; representative has minimum adjusted p
GR_UV_Transitional_0025	GO:0009952	anterior/posterior pattern specification	GO:0009952	1	UV	Transitional	DIRECT_IS_A_OR_SHARED_PARENT; representative has minimum adjusted p
GR_UV_Transitional_0026	GO:0010033	obsolete response to organic substance	GO:0010033	1	UV	Transitional	DIRECT_IS_A_OR_SHARED_PARENT; representative has minimum adjusted p
GR_UV_Transitional_0027	GO:0010383	cell wall polysaccharide metabolic process	GO:0010383	1	UV	Transitional	DIRECT_IS_A_OR_SHARED_PARENT; representative has minimum adjusted p
GR_UV_Transitional_0028	GO:0010565	regulation of ketone metabolic process	GO:0010565	1	UV	Transitional	DIRECT_IS_A_OR_SHARED_PARENT; representative has minimum adjusted p
GR_UV_Transitional_0029	GO:0014070	obsolete response to organic cyclic compound	GO:0014070	1	UV	Transitional	DIRECT_IS_A_OR_SHARED_PARENT; representative has minimum adjusted p
GR_UV_Transitional_0030	GO:0020037	heme binding	GO:0017046;GO:0020037;GO:0042562;GO:0046906	4	UV	Transitional	DIRECT_IS_A_OR_SHARED_PARENT; representative has minimum adjusted p
GR_UV_Transitional_0031	GO:0019934	obsolete cGMP-mediated signaling	GO:0019934	1	UV	Transitional	DIRECT_IS_A_OR_SHARED_PARENT; representative has minimum adjusted p
GR_UV_Transitional_0032	GO:0022610	obsolete biological adhesion	GO:0022610	1	UV	Transitional	DIRECT_IS_A_OR_SHARED_PARENT; representative has minimum adjusted p
GR_UV_Transitional_0033	GO:0022626	cytosolic ribosome	GO:0005840;GO:0022626	2	UV	Transitional	DIRECT_IS_A_OR_SHARED_PARENT; representative has minimum adjusted p
GR_UV_Transitional_0034	GO:0022839	monoatomic ion-gated channel activity	GO:0022839	1	UV	Transitional	DIRECT_IS_A_OR_SHARED_PARENT; representative has minimum adjusted p
GR_UV_Transitional_0035	GO:0005267	potassium channel activity	GO:0005244;GO:0005261;GO:0005267;GO:0015079;GO:0015267;GO:0022803;GO:0022832;GO:0022836;GO:0022838;GO:0022843	10	UV	Transitional	DIRECT_IS_A_OR_SHARED_PARENT; representative has minimum adjusted p
GR_UV_Transitional_0036	GO:0030141	secretory granule	GO:0030141	1	UV	Transitional	DIRECT_IS_A_OR_SHARED_PARENT; representative has minimum adjusted p
GR_UV_Transitional_0037	GO:0031012	extracellular matrix	GO:0031012	1	UV	Transitional	DIRECT_IS_A_OR_SHARED_PARENT; representative has minimum adjusted p
GR_UV_Transitional_0038	GO:0033273	response to vitamin	GO:0033273	1	UV	Transitional	DIRECT_IS_A_OR_SHARED_PARENT; representative has minimum adjusted p
GR_UV_Transitional_0039	GO:0034703	cation channel complex	GO:0034702;GO:0034703	2	UV	Transitional	DIRECT_IS_A_OR_SHARED_PARENT; representative has minimum adjusted p
GR_UV_Transitional_0040	GO:0035180	larval wandering behavior	GO:0035180	1	UV	Transitional	DIRECT_IS_A_OR_SHARED_PARENT; representative has minimum adjusted p
GR_UV_Transitional_0041	GO:0042698	ovulation cycle	GO:0042698	1	UV	Transitional	DIRECT_IS_A_OR_SHARED_PARENT; representative has minimum adjusted p
GR_UV_Transitional_0042	GO:0043565	sequence-specific DNA binding	GO:0043565	1	UV	Transitional	DIRECT_IS_A_OR_SHARED_PARENT; representative has minimum adjusted p
GR_UV_Transitional_0043	GO:0043603	obsolete amide metabolic process	GO:0043603	1	UV	Transitional	DIRECT_IS_A_OR_SHARED_PARENT; representative has minimum adjusted p
GR_UV_Transitional_0044	GO:0043604	obsolete amide biosynthetic process	GO:0043604	1	UV	Transitional	DIRECT_IS_A_OR_SHARED_PARENT; representative has minimum adjusted p
GR_UV_Transitional_0045	GO:0043651	linoleic acid metabolic process	GO:0043651	1	UV	Transitional	DIRECT_IS_A_OR_SHARED_PARENT; representative has minimum adjusted p
GR_UV_Transitional_0046	GO:0044421	obsolete extracellular region part	GO:0044421	1	UV	Transitional	DIRECT_IS_A_OR_SHARED_PARENT; representative has minimum adjusted p
GR_UV_Transitional_0047	GO:0044445	obsolete cytosolic part	GO:0044445	1	UV	Transitional	DIRECT_IS_A_OR_SHARED_PARENT; representative has minimum adjusted p
GR_UV_Transitional_0048	GO:0044463	obsolete cell projection part	GO:0044463	1	UV	Transitional	DIRECT_IS_A_OR_SHARED_PARENT; representative has minimum adjusted p
GR_UV_Transitional_0049	GO:0045723	positive regulation of fatty acid biosynthetic process	GO:0045723;GO:0045923;GO:0062013	3	UV	Transitional	DIRECT_IS_A_OR_SHARED_PARENT; representative has minimum adjusted p
GR_UV_Transitional_0050	GO:0045944	positive regulation of transcription by RNA polymerase II	GO:0045944	1	UV	Transitional	DIRECT_IS_A_OR_SHARED_PARENT; representative has minimum adjusted p
GR_UV_Transitional_0051	GO:0046068	cGMP metabolic process	GO:0046068	1	UV	Transitional	DIRECT_IS_A_OR_SHARED_PARENT; representative has minimum adjusted p
GR_UV_Transitional_0052	GO:0046903	secretion	GO:0046717;GO:0046903	2	UV	Transitional	DIRECT_IS_A_OR_SHARED_PARENT; representative has minimum adjusted p
GR_UV_Transitional_0053	GO:0048593	camera-type eye morphogenesis	GO:0048048;GO:0048592;GO:0048593;GO:0048596	4	UV	Transitional	DIRECT_IS_A_OR_SHARED_PARENT; representative has minimum adjusted p
GR_UV_Transitional_0054	GO:0051270	obsolete regulation of cellular component movement	GO:0051270	1	UV	Transitional	DIRECT_IS_A_OR_SHARED_PARENT; representative has minimum adjusted p
GR_UV_Transitional_0055	GO:0051592	response to calcium ion	GO:0051592	1	UV	Transitional	DIRECT_IS_A_OR_SHARED_PARENT; representative has minimum adjusted p
GR_UV_Transitional_0056	GO:0051705	obsolete multi-organism behavior	GO:0051705	1	UV	Transitional	DIRECT_IS_A_OR_SHARED_PARENT; representative has minimum adjusted p
GR_UV_Transitional_0057	GO:0060402	calcium ion transport into cytosol	GO:0060402	1	UV	Transitional	DIRECT_IS_A_OR_SHARED_PARENT; representative has minimum adjusted p
GR_UV_Transitional_0058	GO:0042335	cuticle development	GO:0001503;GO:0001654;GO:0001655;GO:0001666;GO:0001822;GO:0001960;GO:0002009;GO:0002027;GO:0002072;GO:0002118;GO:0002791;GO:0003007;GO:0003008;GO:0003013;GO:0003018;GO:0003170;GO:0003176;GO:0003177;GO:0003179;GO:0003180;GO:0003184;GO:0006935;GO:0007154;GO:0007155;GO:0007156;GO:0007165;GO:0007166;GO:0007186;GO:0007267;GO:0007275;GO:0007399;GO:0007417;GO:0007420;GO:0007423;GO:0007442;GO:0007591;GO:0007610;GO:0007626;GO:0008015;GO:0008016;GO:0008277;GO:0008285;GO:0008362;GO:0009410;GO:0009605;GO:0009611;GO:0009628;GO:0009653;GO:0009719;GO:0009725;GO:0009743;GO:0009887;GO:0009888;GO:0009966;GO:0009967;GO:0009968;GO:0010646;GO:0010647;GO:0010648;GO:0010721;GO:0010754;GO:0014048;GO:0016331;GO:0018990;GO:0021700;GO:0022008;GO:0022037;GO:0022404;GO:0022603;GO:0023051;GO:0023052;GO:0023056;GO:0023057;GO:0030030;GO:0030154;GO:0030182;GO:0030334;GO:0031076;GO:0031175;GO:0031960;GO:0032501;GO:0032502;GO:0032870;GO:0032879;GO:0033058;GO:0035150;GO:0035188;GO:0035239;GO:0035295;GO:0035296;GO:0035556;GO:0035641;GO:0036293;GO:0040003;GO:0040011;GO:0040012;GO:0040017;GO:0042127;GO:0042220;GO:0042221;GO:0042303;GO:0042330;GO:0042335;GO:0042391;GO:0042493;GO:0043010;GO:0043051;GO:0043434;GO:0044057;GO:0044062;GO:0045471;GO:0045494;GO:0045595;GO:0045596;GO:0045664;GO:0045665;GO:0045765;GO:0045995;GO:0046533;GO:0046622;GO:0046883;GO:0048468;GO:0048513;GO:0048518;GO:0048521;GO:0048522;GO:0048545;GO:0048583;GO:0048646;GO:0048699;GO:0048729;GO:0048731;GO:0048856;GO:0048858;GO:0048863;GO:0048864;GO:0048869;GO:0048871;GO:0050708;GO:0050714;GO:0050767;GO:0050768;GO:0050793;GO:0050795;GO:0050804;GO:0050806;GO:0050880;GO:0050896;GO:0051046;GO:0051047;GO:0051049;GO:0051050;GO:0051093;GO:0051094;GO:0051239;GO:0051240;GO:0051241;GO:0051591;GO:0051716;GO:0051960;GO:0051961;GO:0051966;GO:0060259;GO:0060284;GO:0060322;GO:0060348;GO:0060359;GO:0060429;GO:0060456;GO:0060512;GO:0060541;GO:0060740;GO:0060761;GO:0060900;GO:0061303;GO:0065008;GO:0070482;GO:0070528;GO:0070887;GO:0071383;GO:0071391;GO:0071495;GO:0071684;GO:0072001;GO:0072347;GO:0072359;GO:0090066;GO:0090102;GO:0097305;GO:0097746;GO:0098609;GO:0099177;GO:0099536;GO:0099537;GO:0120036;GO:0120039;GO:1901342;GO:1901654;GO:1901655;GO:1901698;GO:1901700;GO:1901701;GO:1902074;GO:1902531;GO:1903429;GO:1903522;GO:1903530;GO:1903532;GO:1903998;GO:1905314;GO:2000026;GO:2000145;GO:2000252	213	UV	Transitional	DIRECT_IS_A_OR_SHARED_PARENT; representative has minimum adjusted p
GR_UV_Transitional_0059	GO:0060560	developmental growth involved in morphogenesis	GO:0060560	1	UV	Transitional	DIRECT_IS_A_OR_SHARED_PARENT; representative has minimum adjusted p
GR_UV_Transitional_0060	GO:0061525	hindgut development	GO:0061525	1	UV	Transitional	DIRECT_IS_A_OR_SHARED_PARENT; representative has minimum adjusted p
GR_UV_Transitional_0061	GO:0070972	protein localization to endoplasmic reticulum	GO:0070972	1	UV	Transitional	DIRECT_IS_A_OR_SHARED_PARENT; representative has minimum adjusted p
GR_UV_Transitional_0062	GO:0071310	obsolete cellular response to organic substance	GO:0071310	1	UV	Transitional	DIRECT_IS_A_OR_SHARED_PARENT; representative has minimum adjusted p
GR_UV_Transitional_0063	GO:0071614	linoleic acid epoxygenase activity	GO:0071614	1	UV	Transitional	DIRECT_IS_A_OR_SHARED_PARENT; representative has minimum adjusted p
GR_UV_Transitional_0064	GO:0071804	potassium ion transport	GO:0071804	1	UV	Transitional	DIRECT_IS_A_OR_SHARED_PARENT; representative has minimum adjusted p
GR_UV_Transitional_0065	GO:0097164	obsolete ammonium ion metabolic process	GO:0097164	1	UV	Transitional	DIRECT_IS_A_OR_SHARED_PARENT; representative has minimum adjusted p
GR_UV_Transitional_0066	GO:0097458	obsolete neuron part	GO:0097458	1	UV	Transitional	DIRECT_IS_A_OR_SHARED_PARENT; representative has minimum adjusted p
GR_UV_Transitional_0067	GO:0097756	obsolete negative regulation of blood vessel diameter	GO:0097756	1	UV	Transitional	DIRECT_IS_A_OR_SHARED_PARENT; representative has minimum adjusted p
GR_UV_Transitional_0068	GO:0098742	obsolete cell-cell adhesion via plasma-membrane adhesion molecules	GO:0098742	1	UV	Transitional	DIRECT_IS_A_OR_SHARED_PARENT; representative has minimum adjusted p
GR_UV_Transitional_0069	GO:0120033	negative regulation of plasma membrane bounded cell projection assembly	GO:0120033	1	UV	Transitional	DIRECT_IS_A_OR_SHARED_PARENT; representative has minimum adjusted p
GR_UV_Transitional_0070	GO:0120038	obsolete plasma membrane bounded cell projection part	GO:0120038	1	UV	Transitional	DIRECT_IS_A_OR_SHARED_PARENT; representative has minimum adjusted p
GR_UV_Transitional_0071	GO:1901071	obsolete glucosamine-containing compound metabolic process	GO:1901071	1	UV	Transitional	DIRECT_IS_A_OR_SHARED_PARENT; representative has minimum adjusted p
GR_UV_Transitional_0072	GO:1901073	glucosamine-containing compound biosynthetic process	GO:1901073	1	UV	Transitional	DIRECT_IS_A_OR_SHARED_PARENT; representative has minimum adjusted p
