decision_id	condition	stability_region	dominant_state	source	term_id	term_description	adjusted_p	enrichment_measure	historical_interpretation	current_evidence_note
PROFILE_002	UV	Highly Stable	down	GO	GO:0008061	unavailable in frozen authority	1.90464875605515e-06	13.0632275132275	GO theme: Broad regulatory / cellular process; KEGG theme: Other KEGG / manual review	No specific profile-level biological interpretation retained; frozen GO/KEGG term descriptions are unavailable and the historical broad catch-all profile is not supportable.
PROFILE_002	UV	Highly Stable	down	GO	GO:0004252	unavailable in frozen authority	0.01298124702443	7.67350427350427	GO theme: Broad regulatory / cellular process; KEGG theme: Other KEGG / manual review	No specific profile-level biological interpretation retained; frozen GO/KEGG term descriptions are unavailable and the historical broad catch-all profile is not supportable.
PROFILE_002	UV	Highly Stable	down	KEGG	K05096	unavailable in frozen authority	0.0132487805092188	65.2545454545455	GO theme: Broad regulatory / cellular process; KEGG theme: Other KEGG / manual review	No specific profile-level biological interpretation retained; frozen GO/KEGG term descriptions are unavailable and the historical broad catch-all profile is not supportable.
PROFILE_002	UV	Highly Stable	down	KEGG	K05098	unavailable in frozen authority	0.0132487805092188	65.2545454545455	GO theme: Broad regulatory / cellular process; KEGG theme: Other KEGG / manual review	No specific profile-level biological interpretation retained; frozen GO/KEGG term descriptions are unavailable and the historical broad catch-all profile is not supportable.
PROFILE_002	UV	Highly Stable	down	KEGG	K04362	unavailable in frozen authority	0.0184040229588293	46.6103896103896	GO theme: Broad regulatory / cellular process; KEGG theme: Other KEGG / manual review	No specific profile-level biological interpretation retained; frozen GO/KEGG term descriptions are unavailable and the historical broad catch-all profile is not supportable.
PROFILE_002	UV	Highly Stable	down	KEGG	K01324	unavailable in frozen authority	0.0213084955353013	163.136363636364	GO theme: Broad regulatory / cellular process; KEGG theme: Other KEGG / manual review	No specific profile-level biological interpretation retained; frozen GO/KEGG term descriptions are unavailable and the historical broad catch-all profile is not supportable.
PROFILE_002	UV	Highly Stable	down	KEGG	K04147	unavailable in frozen authority	0.0213084955353013	163.136363636364	GO theme: Broad regulatory / cellular process; KEGG theme: Other KEGG / manual review	No specific profile-level biological interpretation retained; frozen GO/KEGG term descriptions are unavailable and the historical broad catch-all profile is not supportable.
PROFILE_002	UV	Highly Stable	down	KEGG	K04205	unavailable in frozen authority	0.0213084955353013	163.136363636364	GO theme: Broad regulatory / cellular process; KEGG theme: Other KEGG / manual review	No specific profile-level biological interpretation retained; frozen GO/KEGG term descriptions are unavailable and the historical broad catch-all profile is not supportable.
PROFILE_002	UV	Highly Stable	down	KEGG	K04314	unavailable in frozen authority	0.0213084955353013	163.136363636364	GO theme: Broad regulatory / cellular process; KEGG theme: Other KEGG / manual review	No specific profile-level biological interpretation retained; frozen GO/KEGG term descriptions are unavailable and the historical broad catch-all profile is not supportable.
PROFILE_002	UV	Highly Stable	down	KEGG	K04349	unavailable in frozen authority	0.0213084955353013	163.136363636364	GO theme: Broad regulatory / cellular process; KEGG theme: Other KEGG / manual review	No specific profile-level biological interpretation retained; frozen GO/KEGG term descriptions are unavailable and the historical broad catch-all profile is not supportable.
PROFILE_002	UV	Highly Stable	down	KEGG	K04358	unavailable in frozen authority	0.0213084955353013	163.136363636364	GO theme: Broad regulatory / cellular process; KEGG theme: Other KEGG / manual review	No specific profile-level biological interpretation retained; frozen GO/KEGG term descriptions are unavailable and the historical broad catch-all profile is not supportable.
PROFILE_002	UV	Highly Stable	down	KEGG	K04462	unavailable in frozen authority	0.0213084955353013	163.136363636364	GO theme: Broad regulatory / cellular process; KEGG theme: Other KEGG / manual review	No specific profile-level biological interpretation retained; frozen GO/KEGG term descriptions are unavailable and the historical broad catch-all profile is not supportable.
PROFILE_002	UV	Highly Stable	down	KEGG	K04678	unavailable in frozen authority	0.0213084955353013	163.136363636364	GO theme: Broad regulatory / cellular process; KEGG theme: Other KEGG / manual review	No specific profile-level biological interpretation retained; frozen GO/KEGG term descriptions are unavailable and the historical broad catch-all profile is not supportable.
PROFILE_002	UV	Highly Stable	down	KEGG	K05093	unavailable in frozen authority	0.0213084955353013	32.6272727272727	GO theme: Broad regulatory / cellular process; KEGG theme: Other KEGG / manual review	No specific profile-level biological interpretation retained; frozen GO/KEGG term descriptions are unavailable and the historical broad catch-all profile is not supportable.
PROFILE_002	UV	Highly Stable	down	KEGG	K05725	unavailable in frozen authority	0.0213084955353013	163.136363636364	GO theme: Broad regulatory / cellular process; KEGG theme: Other KEGG / manual review	No specific profile-level biological interpretation retained; frozen GO/KEGG term descriptions are unavailable and the historical broad catch-all profile is not supportable.
PROFILE_002	UV	Highly Stable	down	KEGG	K05871	unavailable in frozen authority	0.0213084955353013	163.136363636364	GO theme: Broad regulatory / cellular process; KEGG theme: Other KEGG / manual review	No specific profile-level biological interpretation retained; frozen GO/KEGG term descriptions are unavailable and the historical broad catch-all profile is not supportable.
PROFILE_002	UV	Highly Stable	down	KEGG	K09309	unavailable in frozen authority	0.0213084955353013	163.136363636364	GO theme: Broad regulatory / cellular process; KEGG theme: Other KEGG / manual review	No specific profile-level biological interpretation retained; frozen GO/KEGG term descriptions are unavailable and the historical broad catch-all profile is not supportable.
PROFILE_002	UV	Highly Stable	down	KEGG	K09372	unavailable in frozen authority	0.0213084955353013	163.136363636364	GO theme: Broad regulatory / cellular process; KEGG theme: Other KEGG / manual review	No specific profile-level biological interpretation retained; frozen GO/KEGG term descriptions are unavailable and the historical broad catch-all profile is not supportable.
PROFILE_002	UV	Highly Stable	down	KEGG	K12326	unavailable in frozen authority	0.0213084955353013	163.136363636364	GO theme: Broad regulatory / cellular process; KEGG theme: Other KEGG / manual review	No specific profile-level biological interpretation retained; frozen GO/KEGG term descriptions are unavailable and the historical broad catch-all profile is not supportable.
PROFILE_002	UV	Highly Stable	down	KEGG	K13168	unavailable in frozen authority	0.0213084955353013	163.136363636364	GO theme: Broad regulatory / cellular process; KEGG theme: Other KEGG / manual review	No specific profile-level biological interpretation retained; frozen GO/KEGG term descriptions are unavailable and the historical broad catch-all profile is not supportable.
PROFILE_002	UV	Highly Stable	down	KEGG	K14937	unavailable in frozen authority	0.0213084955353013	163.136363636364	GO theme: Broad regulatory / cellular process; KEGG theme: Other KEGG / manual review	No specific profile-level biological interpretation retained; frozen GO/KEGG term descriptions are unavailable and the historical broad catch-all profile is not supportable.
PROFILE_002	UV	Highly Stable	down	KEGG	K18493	unavailable in frozen authority	0.0213084955353013	163.136363636364	GO theme: Broad regulatory / cellular process; KEGG theme: Other KEGG / manual review	No specific profile-level biological interpretation retained; frozen GO/KEGG term descriptions are unavailable and the historical broad catch-all profile is not supportable.
PROFILE_002	UV	Highly Stable	down	KEGG	K22410	unavailable in frozen authority	0.0213084955353013	163.136363636364	GO theme: Broad regulatory / cellular process; KEGG theme: Other KEGG / manual review	No specific profile-level biological interpretation retained; frozen GO/KEGG term descriptions are unavailable and the historical broad catch-all profile is not supportable.
PROFILE_002	UV	Highly Stable	down	KEGG	K00735	unavailable in frozen authority	0.0254935945051417	81.5681818181818	GO theme: Broad regulatory / cellular process; KEGG theme: Other KEGG / manual review	No specific profile-level biological interpretation retained; frozen GO/KEGG term descriptions are unavailable and the historical broad catch-all profile is not supportable.
PROFILE_002	UV	Highly Stable	down	KEGG	K01325	unavailable in frozen authority	0.0254935945051417	81.5681818181818	GO theme: Broad regulatory / cellular process; KEGG theme: Other KEGG / manual review	No specific profile-level biological interpretation retained; frozen GO/KEGG term descriptions are unavailable and the historical broad catch-all profile is not supportable.
PROFILE_002	UV	Highly Stable	down	KEGG	K03495	unavailable in frozen authority	0.0254935945051417	81.5681818181818	GO theme: Broad regulatory / cellular process; KEGG theme: Other KEGG / manual review	No specific profile-level biological interpretation retained; frozen GO/KEGG term descriptions are unavailable and the historical broad catch-all profile is not supportable.
PROFILE_002	UV	Highly Stable	down	KEGG	K03963	unavailable in frozen authority	0.0254935945051417	81.5681818181818	GO theme: Broad regulatory / cellular process; KEGG theme: Other KEGG / manual review	No specific profile-level biological interpretation retained; frozen GO/KEGG term descriptions are unavailable and the historical broad catch-all profile is not supportable.
PROFILE_002	UV	Highly Stable	down	KEGG	K04803	unavailable in frozen authority	0.0254935945051417	81.5681818181818	GO theme: Broad regulatory / cellular process; KEGG theme: Other KEGG / manual review	No specific profile-level biological interpretation retained; frozen GO/KEGG term descriptions are unavailable and the historical broad catch-all profile is not supportable.
PROFILE_002	UV	Highly Stable	down	KEGG	K06819	unavailable in frozen authority	0.0254935945051417	81.5681818181818	GO theme: Broad regulatory / cellular process; KEGG theme: Other KEGG / manual review	No specific profile-level biological interpretation retained; frozen GO/KEGG term descriptions are unavailable and the historical broad catch-all profile is not supportable.
PROFILE_002	UV	Highly Stable	down	KEGG	K07817	unavailable in frozen authority	0.0254935945051417	81.5681818181818	GO theme: Broad regulatory / cellular process; KEGG theme: Other KEGG / manual review	No specific profile-level biological interpretation retained; frozen GO/KEGG term descriptions are unavailable and the historical broad catch-all profile is not supportable.
PROFILE_002	UV	Highly Stable	down	KEGG	K09091	unavailable in frozen authority	0.0254935945051417	81.5681818181818	GO theme: Broad regulatory / cellular process; KEGG theme: Other KEGG / manual review	No specific profile-level biological interpretation retained; frozen GO/KEGG term descriptions are unavailable and the historical broad catch-all profile is not supportable.
PROFILE_002	UV	Highly Stable	down	KEGG	K10158	unavailable in frozen authority	0.0254935945051417	81.5681818181818	GO theme: Broad regulatory / cellular process; KEGG theme: Other KEGG / manual review	No specific profile-level biological interpretation retained; frozen GO/KEGG term descriptions are unavailable and the historical broad catch-all profile is not supportable.
PROFILE_002	UV	Highly Stable	down	KEGG	K12374	unavailable in frozen authority	0.0254935945051417	81.5681818181818	GO theme: Broad regulatory / cellular process; KEGG theme: Other KEGG / manual review	No specific profile-level biological interpretation retained; frozen GO/KEGG term descriptions are unavailable and the historical broad catch-all profile is not supportable.
PROFILE_002	UV	Highly Stable	down	KEGG	K14071	unavailable in frozen authority	0.0254935945051417	81.5681818181818	GO theme: Broad regulatory / cellular process; KEGG theme: Other KEGG / manual review	No specific profile-level biological interpretation retained; frozen GO/KEGG term descriptions are unavailable and the historical broad catch-all profile is not supportable.
PROFILE_002	UV	Highly Stable	down	KEGG	K14549	unavailable in frozen authority	0.0254935945051417	81.5681818181818	GO theme: Broad regulatory / cellular process; KEGG theme: Other KEGG / manual review	No specific profile-level biological interpretation retained; frozen GO/KEGG term descriptions are unavailable and the historical broad catch-all profile is not supportable.
PROFILE_002	UV	Highly Stable	down	KEGG	K14985	unavailable in frozen authority	0.0254935945051417	81.5681818181818	GO theme: Broad regulatory / cellular process; KEGG theme: Other KEGG / manual review	No specific profile-level biological interpretation retained; frozen GO/KEGG term descriptions are unavailable and the historical broad catch-all profile is not supportable.
PROFILE_002	UV	Highly Stable	down	KEGG	K19584	unavailable in frozen authority	0.0254935945051417	81.5681818181818	GO theme: Broad regulatory / cellular process; KEGG theme: Other KEGG / manual review	No specific profile-level biological interpretation retained; frozen GO/KEGG term descriptions are unavailable and the historical broad catch-all profile is not supportable.
PROFILE_002	UV	Highly Stable	down	KEGG	ko04014	unavailable in frozen authority	0.030342881141946	6.39693821760525	GO theme: Broad regulatory / cellular process; KEGG theme: Other KEGG / manual review	No specific profile-level biological interpretation retained; frozen GO/KEGG term descriptions are unavailable and the historical broad catch-all profile is not supportable.
PROFILE_002	UV	Highly Stable	down	KEGG	ko04015	unavailable in frozen authority	0.030342881141946	6.56381486676017	GO theme: Broad regulatory / cellular process; KEGG theme: Other KEGG / manual review	No specific profile-level biological interpretation retained; frozen GO/KEGG term descriptions are unavailable and the historical broad catch-all profile is not supportable.
PROFILE_002	UV	Highly Stable	down	KEGG	ko04080	unavailable in frozen authority	0.030342881141946	4.65539292312065	GO theme: Broad regulatory / cellular process; KEGG theme: Other KEGG / manual review	No specific profile-level biological interpretation retained; frozen GO/KEGG term descriptions are unavailable and the historical broad catch-all profile is not supportable.
PROFILE_002	UV	Highly Stable	down	KEGG	ko04510	unavailable in frozen authority	0.030342881141946	6.56381486676017	GO theme: Broad regulatory / cellular process; KEGG theme: Other KEGG / manual review	No specific profile-level biological interpretation retained; frozen GO/KEGG term descriptions are unavailable and the historical broad catch-all profile is not supportable.
PROFILE_002	UV	Highly Stable	down	KEGG	map04014	unavailable in frozen authority	0.030342881141946	6.39693821760525	GO theme: Broad regulatory / cellular process; KEGG theme: Other KEGG / manual review	No specific profile-level biological interpretation retained; frozen GO/KEGG term descriptions are unavailable and the historical broad catch-all profile is not supportable.
PROFILE_002	UV	Highly Stable	down	KEGG	map04015	unavailable in frozen authority	0.030342881141946	6.56381486676017	GO theme: Broad regulatory / cellular process; KEGG theme: Other KEGG / manual review	No specific profile-level biological interpretation retained; frozen GO/KEGG term descriptions are unavailable and the historical broad catch-all profile is not supportable.
PROFILE_002	UV	Highly Stable	down	KEGG	map04080	unavailable in frozen authority	0.030342881141946	4.65539292312065	GO theme: Broad regulatory / cellular process; KEGG theme: Other KEGG / manual review	No specific profile-level biological interpretation retained; frozen GO/KEGG term descriptions are unavailable and the historical broad catch-all profile is not supportable.
PROFILE_002	UV	Highly Stable	down	KEGG	map04510	unavailable in frozen authority	0.030342881141946	6.56381486676017	GO theme: Broad regulatory / cellular process; KEGG theme: Other KEGG / manual review	No specific profile-level biological interpretation retained; frozen GO/KEGG term descriptions are unavailable and the historical broad catch-all profile is not supportable.
PROFILE_002	UV	Highly Stable	down	KEGG	K02183	unavailable in frozen authority	0.0325465340442862	54.3787878787879	GO theme: Broad regulatory / cellular process; KEGG theme: Other KEGG / manual review	No specific profile-level biological interpretation retained; frozen GO/KEGG term descriptions are unavailable and the historical broad catch-all profile is not supportable.
PROFILE_002	UV	Highly Stable	down	KEGG	K04251	unavailable in frozen authority	0.0325465340442862	54.3787878787879	GO theme: Broad regulatory / cellular process; KEGG theme: Other KEGG / manual review	No specific profile-level biological interpretation retained; frozen GO/KEGG term descriptions are unavailable and the historical broad catch-all profile is not supportable.
PROFILE_002	UV	Highly Stable	down	KEGG	K05097	unavailable in frozen authority	0.0325465340442862	54.3787878787879	GO theme: Broad regulatory / cellular process; KEGG theme: Other KEGG / manual review	No specific profile-level biological interpretation retained; frozen GO/KEGG term descriptions are unavailable and the historical broad catch-all profile is not supportable.
PROFILE_002	UV	Highly Stable	down	KEGG	K05193	unavailable in frozen authority	0.0325465340442862	54.3787878787879	GO theme: Broad regulatory / cellular process; KEGG theme: Other KEGG / manual review	No specific profile-level biological interpretation retained; frozen GO/KEGG term descriptions are unavailable and the historical broad catch-all profile is not supportable.
PROFILE_002	UV	Highly Stable	down	KEGG	K06271	unavailable in frozen authority	0.0325465340442862	54.3787878787879	GO theme: Broad regulatory / cellular process; KEGG theme: Other KEGG / manual review	No specific profile-level biological interpretation retained; frozen GO/KEGG term descriptions are unavailable and the historical broad catch-all profile is not supportable.
PROFILE_002	UV	Highly Stable	down	KEGG	K15109	unavailable in frozen authority	0.0325465340442862	54.3787878787879	GO theme: Broad regulatory / cellular process; KEGG theme: Other KEGG / manual review	No specific profile-level biological interpretation retained; frozen GO/KEGG term descriptions are unavailable and the historical broad catch-all profile is not supportable.
PROFILE_002	UV	Highly Stable	down	KEGG	ko05224	unavailable in frozen authority	0.0338469586809496	8.16041848299913	GO theme: Broad regulatory / cellular process; KEGG theme: Other KEGG / manual review	No specific profile-level biological interpretation retained; frozen GO/KEGG term descriptions are unavailable and the historical broad catch-all profile is not supportable.
PROFILE_002	UV	Highly Stable	down	KEGG	map05224	unavailable in frozen authority	0.0338469586809496	8.16041848299913	GO theme: Broad regulatory / cellular process; KEGG theme: Other KEGG / manual review	No specific profile-level biological interpretation retained; frozen GO/KEGG term descriptions are unavailable and the historical broad catch-all profile is not supportable.
PROFILE_002	UV	Highly Stable	down	KEGG	K03781	unavailable in frozen authority	0.0341132744708172	40.7840909090909	GO theme: Broad regulatory / cellular process; KEGG theme: Other KEGG / manual review	No specific profile-level biological interpretation retained; frozen GO/KEGG term descriptions are unavailable and the historical broad catch-all profile is not supportable.
PROFILE_002	UV	Highly Stable	down	KEGG	K04209	unavailable in frozen authority	0.0341132744708172	40.7840909090909	GO theme: Broad regulatory / cellular process; KEGG theme: Other KEGG / manual review	No specific profile-level biological interpretation retained; frozen GO/KEGG term descriptions are unavailable and the historical broad catch-all profile is not supportable.
PROFILE_002	UV	Highly Stable	down	KEGG	K04605	unavailable in frozen authority	0.0341132744708172	40.7840909090909	GO theme: Broad regulatory / cellular process; KEGG theme: Other KEGG / manual review	No specific profile-level biological interpretation retained; frozen GO/KEGG term descriptions are unavailable and the historical broad catch-all profile is not supportable.
PROFILE_002	UV	Highly Stable	down	KEGG	K04611	unavailable in frozen authority	0.0341132744708172	40.7840909090909	GO theme: Broad regulatory / cellular process; KEGG theme: Other KEGG / manual review	No specific profile-level biological interpretation retained; frozen GO/KEGG term descriptions are unavailable and the historical broad catch-all profile is not supportable.
PROFILE_002	UV	Highly Stable	down	KEGG	K05194	unavailable in frozen authority	0.0341132744708172	40.7840909090909	GO theme: Broad regulatory / cellular process; KEGG theme: Other KEGG / manual review	No specific profile-level biological interpretation retained; frozen GO/KEGG term descriptions are unavailable and the historical broad catch-all profile is not supportable.
PROFILE_002	UV	Highly Stable	down	KEGG	K05195	unavailable in frozen authority	0.0341132744708172	40.7840909090909	GO theme: Broad regulatory / cellular process; KEGG theme: Other KEGG / manual review	No specific profile-level biological interpretation retained; frozen GO/KEGG term descriptions are unavailable and the historical broad catch-all profile is not supportable.
PROFILE_002	UV	Highly Stable	down	KEGG	K05271	unavailable in frozen authority	0.0341132744708172	40.7840909090909	GO theme: Broad regulatory / cellular process; KEGG theme: Other KEGG / manual review	No specific profile-level biological interpretation retained; frozen GO/KEGG term descriptions are unavailable and the historical broad catch-all profile is not supportable.
PROFILE_002	UV	Highly Stable	down	KEGG	K05273	unavailable in frozen authority	0.0341132744708172	40.7840909090909	GO theme: Broad regulatory / cellular process; KEGG theme: Other KEGG / manual review	No specific profile-level biological interpretation retained; frozen GO/KEGG term descriptions are unavailable and the historical broad catch-all profile is not supportable.
PROFILE_002	UV	Highly Stable	down	KEGG	K14072	unavailable in frozen authority	0.0341132744708172	40.7840909090909	GO theme: Broad regulatory / cellular process; KEGG theme: Other KEGG / manual review	No specific profile-level biological interpretation retained; frozen GO/KEGG term descriptions are unavailable and the historical broad catch-all profile is not supportable.
PROFILE_002	UV	Highly Stable	down	KEGG	K16449	unavailable in frozen authority	0.0341132744708172	40.7840909090909	GO theme: Broad regulatory / cellular process; KEGG theme: Other KEGG / manual review	No specific profile-level biological interpretation retained; frozen GO/KEGG term descriptions are unavailable and the historical broad catch-all profile is not supportable.
PROFILE_002	UV	Highly Stable	down	KEGG	K19326	unavailable in frozen authority	0.0341132744708172	40.7840909090909	GO theme: Broad regulatory / cellular process; KEGG theme: Other KEGG / manual review	No specific profile-level biological interpretation retained; frozen GO/KEGG term descriptions are unavailable and the historical broad catch-all profile is not supportable.
PROFILE_002	UV	Highly Stable	down	KEGG	ko04010	unavailable in frozen authority	0.0358759697395873	5.46984572230014	GO theme: Broad regulatory / cellular process; KEGG theme: Other KEGG / manual review	No specific profile-level biological interpretation retained; frozen GO/KEGG term descriptions are unavailable and the historical broad catch-all profile is not supportable.
PROFILE_002	UV	Highly Stable	down	KEGG	ko04370	unavailable in frozen authority	0.0358759697395873	11.0464201416208	GO theme: Broad regulatory / cellular process; KEGG theme: Other KEGG / manual review	No specific profile-level biological interpretation retained; frozen GO/KEGG term descriptions are unavailable and the historical broad catch-all profile is not supportable.
PROFILE_002	UV	Highly Stable	down	KEGG	ko05200	unavailable in frozen authority	0.0358759697395873	3.60673786193989	GO theme: Broad regulatory / cellular process; KEGG theme: Other KEGG / manual review	No specific profile-level biological interpretation retained; frozen GO/KEGG term descriptions are unavailable and the historical broad catch-all profile is not supportable.
PROFILE_002	UV	Highly Stable	down	KEGG	ko05218	unavailable in frozen authority	0.0358759697395873	11.3225806451613	GO theme: Broad regulatory / cellular process; KEGG theme: Other KEGG / manual review	No specific profile-level biological interpretation retained; frozen GO/KEGG term descriptions are unavailable and the historical broad catch-all profile is not supportable.
PROFILE_002	UV	Highly Stable	down	KEGG	map04010	unavailable in frozen authority	0.0358759697395873	5.46984572230014	GO theme: Broad regulatory / cellular process; KEGG theme: Other KEGG / manual review	No specific profile-level biological interpretation retained; frozen GO/KEGG term descriptions are unavailable and the historical broad catch-all profile is not supportable.
PROFILE_002	UV	Highly Stable	down	KEGG	map04370	unavailable in frozen authority	0.0358759697395873	11.0464201416208	GO theme: Broad regulatory / cellular process; KEGG theme: Other KEGG / manual review	No specific profile-level biological interpretation retained; frozen GO/KEGG term descriptions are unavailable and the historical broad catch-all profile is not supportable.
PROFILE_002	UV	Highly Stable	down	KEGG	map05200	unavailable in frozen authority	0.0358759697395873	3.60673786193989	GO theme: Broad regulatory / cellular process; KEGG theme: Other KEGG / manual review	No specific profile-level biological interpretation retained; frozen GO/KEGG term descriptions are unavailable and the historical broad catch-all profile is not supportable.
PROFILE_002	UV	Highly Stable	down	KEGG	map05218	unavailable in frozen authority	0.0358759697395873	11.3225806451613	GO theme: Broad regulatory / cellular process; KEGG theme: Other KEGG / manual review	No specific profile-level biological interpretation retained; frozen GO/KEGG term descriptions are unavailable and the historical broad catch-all profile is not supportable.
PROFILE_002	UV	Highly Stable	down	KEGG	K00512	unavailable in frozen authority	0.0409396009323794	32.6272727272727	GO theme: Broad regulatory / cellular process; KEGG theme: Other KEGG / manual review	No specific profile-level biological interpretation retained; frozen GO/KEGG term descriptions are unavailable and the historical broad catch-all profile is not supportable.
PROFILE_002	UV	Highly Stable	down	KEGG	K00901	unavailable in frozen authority	0.0409396009323794	32.6272727272727	GO theme: Broad regulatory / cellular process; KEGG theme: Other KEGG / manual review	No specific profile-level biological interpretation retained; frozen GO/KEGG term descriptions are unavailable and the historical broad catch-all profile is not supportable.
PROFILE_002	UV	Highly Stable	down	KEGG	K00665	unavailable in frozen authority	0.0472315688109537	27.1893939393939	GO theme: Broad regulatory / cellular process; KEGG theme: Other KEGG / manual review	No specific profile-level biological interpretation retained; frozen GO/KEGG term descriptions are unavailable and the historical broad catch-all profile is not supportable.
PROFILE_002	UV	Highly Stable	down	KEGG	K14165	unavailable in frozen authority	0.0472315688109537	27.1893939393939	GO theme: Broad regulatory / cellular process; KEGG theme: Other KEGG / manual review	No specific profile-level biological interpretation retained; frozen GO/KEGG term descriptions are unavailable and the historical broad catch-all profile is not supportable.
PROFILE_003	UV	Highly Stable	up	KEGG	K00235	unavailable in frozen authority	0.024999226030154	125.929824561403	GO theme: No significant GO enrichment; KEGG theme: Other KEGG / manual review	No specific profile-level biological interpretation retained; frozen KEGG term descriptions are unavailable and nonspecific enrichment is not a biological theme.
PROFILE_003	UV	Highly Stable	up	KEGG	K01489	unavailable in frozen authority	0.024999226030154	125.929824561403	GO theme: No significant GO enrichment; KEGG theme: Other KEGG / manual review	No specific profile-level biological interpretation retained; frozen KEGG term descriptions are unavailable and nonspecific enrichment is not a biological theme.
PROFILE_003	UV	Highly Stable	up	KEGG	K02259	unavailable in frozen authority	0.024999226030154	125.929824561403	GO theme: No significant GO enrichment; KEGG theme: Other KEGG / manual review	No specific profile-level biological interpretation retained; frozen KEGG term descriptions are unavailable and nonspecific enrichment is not a biological theme.
PROFILE_003	UV	Highly Stable	up	KEGG	K03102	unavailable in frozen authority	0.024999226030154	62.9649122807017	GO theme: No significant GO enrichment; KEGG theme: Other KEGG / manual review	No specific profile-level biological interpretation retained; frozen KEGG term descriptions are unavailable and nonspecific enrichment is not a biological theme.
PROFILE_003	UV	Highly Stable	up	KEGG	K03940	unavailable in frozen authority	0.024999226030154	125.929824561403	GO theme: No significant GO enrichment; KEGG theme: Other KEGG / manual review	No specific profile-level biological interpretation retained; frozen KEGG term descriptions are unavailable and nonspecific enrichment is not a biological theme.
PROFILE_003	UV	Highly Stable	up	KEGG	K05349	unavailable in frozen authority	0.024999226030154	25.1859649122807	GO theme: No significant GO enrichment; KEGG theme: Other KEGG / manual review	No specific profile-level biological interpretation retained; frozen KEGG term descriptions are unavailable and nonspecific enrichment is not a biological theme.
PROFILE_003	UV	Highly Stable	up	KEGG	K07409	unavailable in frozen authority	0.024999226030154	125.929824561403	GO theme: No significant GO enrichment; KEGG theme: Other KEGG / manual review	No specific profile-level biological interpretation retained; frozen KEGG term descriptions are unavailable and nonspecific enrichment is not a biological theme.
PROFILE_003	UV	Highly Stable	up	KEGG	K07918	unavailable in frozen authority	0.024999226030154	125.929824561403	GO theme: No significant GO enrichment; KEGG theme: Other KEGG / manual review	No specific profile-level biological interpretation retained; frozen KEGG term descriptions are unavailable and nonspecific enrichment is not a biological theme.
PROFILE_003	UV	Highly Stable	up	KEGG	K07923	unavailable in frozen authority	0.024999226030154	125.929824561403	GO theme: No significant GO enrichment; KEGG theme: Other KEGG / manual review	No specific profile-level biological interpretation retained; frozen KEGG term descriptions are unavailable and nonspecific enrichment is not a biological theme.
PROFILE_003	UV	Highly Stable	up	KEGG	K07935	unavailable in frozen authority	0.024999226030154	125.929824561403	GO theme: No significant GO enrichment; KEGG theme: Other KEGG / manual review	No specific profile-level biological interpretation retained; frozen KEGG term descriptions are unavailable and nonspecific enrichment is not a biological theme.
PROFILE_003	UV	Highly Stable	up	KEGG	K08738	unavailable in frozen authority	0.024999226030154	125.929824561403	GO theme: No significant GO enrichment; KEGG theme: Other KEGG / manual review	No specific profile-level biological interpretation retained; frozen KEGG term descriptions are unavailable and nonspecific enrichment is not a biological theme.
PROFILE_003	UV	Highly Stable	up	KEGG	K09037	unavailable in frozen authority	0.024999226030154	125.929824561403	GO theme: No significant GO enrichment; KEGG theme: Other KEGG / manual review	No specific profile-level biological interpretation retained; frozen KEGG term descriptions are unavailable and nonspecific enrichment is not a biological theme.
PROFILE_003	UV	Highly Stable	up	KEGG	K09638	unavailable in frozen authority	0.024999226030154	125.929824561403	GO theme: No significant GO enrichment; KEGG theme: Other KEGG / manual review	No specific profile-level biological interpretation retained; frozen KEGG term descriptions are unavailable and nonspecific enrichment is not a biological theme.
PROFILE_003	UV	Highly Stable	up	KEGG	K09647	unavailable in frozen authority	0.024999226030154	125.929824561403	GO theme: No significant GO enrichment; KEGG theme: Other KEGG / manual review	No specific profile-level biological interpretation retained; frozen KEGG term descriptions are unavailable and nonspecific enrichment is not a biological theme.
PROFILE_003	UV	Highly Stable	up	KEGG	K10449	unavailable in frozen authority	0.024999226030154	125.929824561403	GO theme: No significant GO enrichment; KEGG theme: Other KEGG / manual review	No specific profile-level biological interpretation retained; frozen KEGG term descriptions are unavailable and nonspecific enrichment is not a biological theme.
PROFILE_003	UV	Highly Stable	up	KEGG	K14325	unavailable in frozen authority	0.024999226030154	125.929824561403	GO theme: No significant GO enrichment; KEGG theme: Other KEGG / manual review	No specific profile-level biological interpretation retained; frozen KEGG term descriptions are unavailable and nonspecific enrichment is not a biological theme.
PROFILE_003	UV	Highly Stable	up	KEGG	K14411	unavailable in frozen authority	0.024999226030154	35.9799498746867	GO theme: No significant GO enrichment; KEGG theme: Other KEGG / manual review	No specific profile-level biological interpretation retained; frozen KEGG term descriptions are unavailable and nonspecific enrichment is not a biological theme.
PROFILE_003	UV	Highly Stable	up	KEGG	K14850	unavailable in frozen authority	0.024999226030154	125.929824561403	GO theme: No significant GO enrichment; KEGG theme: Other KEGG / manual review	No specific profile-level biological interpretation retained; frozen KEGG term descriptions are unavailable and nonspecific enrichment is not a biological theme.
PROFILE_003	UV	Highly Stable	up	KEGG	K15901	unavailable in frozen authority	0.024999226030154	125.929824561403	GO theme: No significant GO enrichment; KEGG theme: Other KEGG / manual review	No specific profile-level biological interpretation retained; frozen KEGG term descriptions are unavailable and nonspecific enrichment is not a biological theme.
PROFILE_003	UV	Highly Stable	up	KEGG	K17277	unavailable in frozen authority	0.024999226030154	125.929824561403	GO theme: No significant GO enrichment; KEGG theme: Other KEGG / manual review	No specific profile-level biological interpretation retained; frozen KEGG term descriptions are unavailable and nonspecific enrichment is not a biological theme.
PROFILE_003	UV	Highly Stable	up	KEGG	K17478	unavailable in frozen authority	0.024999226030154	125.929824561403	GO theme: No significant GO enrichment; KEGG theme: Other KEGG / manual review	No specific profile-level biological interpretation retained; frozen KEGG term descriptions are unavailable and nonspecific enrichment is not a biological theme.
PROFILE_003	UV	Highly Stable	up	KEGG	K17813	unavailable in frozen authority	0.024999226030154	125.929824561403	GO theme: No significant GO enrichment; KEGG theme: Other KEGG / manual review	No specific profile-level biological interpretation retained; frozen KEGG term descriptions are unavailable and nonspecific enrichment is not a biological theme.
PROFILE_003	UV	Highly Stable	up	KEGG	K17814	unavailable in frozen authority	0.024999226030154	125.929824561403	GO theme: No significant GO enrichment; KEGG theme: Other KEGG / manual review	No specific profile-level biological interpretation retained; frozen KEGG term descriptions are unavailable and nonspecific enrichment is not a biological theme.
PROFILE_003	UV	Highly Stable	up	KEGG	K18826	unavailable in frozen authority	0.024999226030154	125.929824561403	GO theme: No significant GO enrichment; KEGG theme: Other KEGG / manual review	No specific profile-level biological interpretation retained; frozen KEGG term descriptions are unavailable and nonspecific enrichment is not a biological theme.
PROFILE_003	UV	Highly Stable	up	KEGG	K20723	unavailable in frozen authority	0.024999226030154	125.929824561403	GO theme: No significant GO enrichment; KEGG theme: Other KEGG / manual review	No specific profile-level biological interpretation retained; frozen KEGG term descriptions are unavailable and nonspecific enrichment is not a biological theme.
PROFILE_003	UV	Highly Stable	up	KEGG	K21414	unavailable in frozen authority	0.024999226030154	125.929824561403	GO theme: No significant GO enrichment; KEGG theme: Other KEGG / manual review	No specific profile-level biological interpretation retained; frozen KEGG term descriptions are unavailable and nonspecific enrichment is not a biological theme.
PROFILE_003	UV	Highly Stable	up	KEGG	K21878	unavailable in frozen authority	0.024999226030154	125.929824561403	GO theme: No significant GO enrichment; KEGG theme: Other KEGG / manual review	No specific profile-level biological interpretation retained; frozen KEGG term descriptions are unavailable and nonspecific enrichment is not a biological theme.
PROFILE_003	UV	Highly Stable	up	KEGG	K01166	unavailable in frozen authority	0.0305611714569169	62.9649122807017	GO theme: No significant GO enrichment; KEGG theme: Other KEGG / manual review	No specific profile-level biological interpretation retained; frozen KEGG term descriptions are unavailable and nonspecific enrichment is not a biological theme.
PROFILE_003	UV	Highly Stable	up	KEGG	K01540	unavailable in frozen authority	0.0305611714569169	62.9649122807017	GO theme: No significant GO enrichment; KEGG theme: Other KEGG / manual review	No specific profile-level biological interpretation retained; frozen KEGG term descriptions are unavailable and nonspecific enrichment is not a biological theme.
PROFILE_003	UV	Highly Stable	up	KEGG	K01893	unavailable in frozen authority	0.0305611714569169	62.9649122807017	GO theme: No significant GO enrichment; KEGG theme: Other KEGG / manual review	No specific profile-level biological interpretation retained; frozen KEGG term descriptions are unavailable and nonspecific enrichment is not a biological theme.
PROFILE_003	UV	Highly Stable	up	KEGG	K02151	unavailable in frozen authority	0.0305611714569169	62.9649122807017	GO theme: No significant GO enrichment; KEGG theme: Other KEGG / manual review	No specific profile-level biological interpretation retained; frozen KEGG term descriptions are unavailable and nonspecific enrichment is not a biological theme.
PROFILE_003	UV	Highly Stable	up	KEGG	K03264	unavailable in frozen authority	0.0305611714569169	62.9649122807017	GO theme: No significant GO enrichment; KEGG theme: Other KEGG / manual review	No specific profile-level biological interpretation retained; frozen KEGG term descriptions are unavailable and nonspecific enrichment is not a biological theme.
PROFILE_003	UV	Highly Stable	up	KEGG	K03942	unavailable in frozen authority	0.0305611714569169	62.9649122807017	GO theme: No significant GO enrichment; KEGG theme: Other KEGG / manual review	No specific profile-level biological interpretation retained; frozen KEGG term descriptions are unavailable and nonspecific enrichment is not a biological theme.
PROFILE_003	UV	Highly Stable	up	KEGG	K05095	unavailable in frozen authority	0.0305611714569169	62.9649122807017	GO theme: No significant GO enrichment; KEGG theme: Other KEGG / manual review	No specific profile-level biological interpretation retained; frozen KEGG term descriptions are unavailable and nonspecific enrichment is not a biological theme.
PROFILE_003	UV	Highly Stable	up	KEGG	K05761	unavailable in frozen authority	0.0305611714569169	62.9649122807017	GO theme: No significant GO enrichment; KEGG theme: Other KEGG / manual review	No specific profile-level biological interpretation retained; frozen KEGG term descriptions are unavailable and nonspecific enrichment is not a biological theme.
PROFILE_003	UV	Highly Stable	up	KEGG	K05768	unavailable in frozen authority	0.0305611714569169	62.9649122807017	GO theme: No significant GO enrichment; KEGG theme: Other KEGG / manual review	No specific profile-level biological interpretation retained; frozen KEGG term descriptions are unavailable and nonspecific enrichment is not a biological theme.
PROFILE_003	UV	Highly Stable	up	KEGG	K08017	unavailable in frozen authority	0.0305611714569169	62.9649122807017	GO theme: No significant GO enrichment; KEGG theme: Other KEGG / manual review	No specific profile-level biological interpretation retained; frozen KEGG term descriptions are unavailable and nonspecific enrichment is not a biological theme.
PROFILE_003	UV	Highly Stable	up	KEGG	K10368	unavailable in frozen authority	0.0305611714569169	62.9649122807017	GO theme: No significant GO enrichment; KEGG theme: Other KEGG / manual review	No specific profile-level biological interpretation retained; frozen KEGG term descriptions are unavailable and nonspecific enrichment is not a biological theme.
PROFILE_003	UV	Highly Stable	up	KEGG	K11843	unavailable in frozen authority	0.0305611714569169	62.9649122807017	GO theme: No significant GO enrichment; KEGG theme: Other KEGG / manual review	No specific profile-level biological interpretation retained; frozen KEGG term descriptions are unavailable and nonspecific enrichment is not a biological theme.
PROFILE_003	UV	Highly Stable	up	KEGG	K12040	unavailable in frozen authority	0.0305611714569169	62.9649122807017	GO theme: No significant GO enrichment; KEGG theme: Other KEGG / manual review	No specific profile-level biological interpretation retained; frozen KEGG term descriptions are unavailable and nonspecific enrichment is not a biological theme.
PROFILE_003	UV	Highly Stable	up	KEGG	K14016	unavailable in frozen authority	0.0305611714569169	62.9649122807017	GO theme: No significant GO enrichment; KEGG theme: Other KEGG / manual review	No specific profile-level biological interpretation retained; frozen KEGG term descriptions are unavailable and nonspecific enrichment is not a biological theme.
PROFILE_003	UV	Highly Stable	up	KEGG	K14722	unavailable in frozen authority	0.0305611714569169	62.9649122807017	GO theme: No significant GO enrichment; KEGG theme: Other KEGG / manual review	No specific profile-level biological interpretation retained; frozen KEGG term descriptions are unavailable and nonspecific enrichment is not a biological theme.
PROFILE_003	UV	Highly Stable	up	KEGG	K14995	unavailable in frozen authority	0.0305611714569169	62.9649122807017	GO theme: No significant GO enrichment; KEGG theme: Other KEGG / manual review	No specific profile-level biological interpretation retained; frozen KEGG term descriptions are unavailable and nonspecific enrichment is not a biological theme.
PROFILE_003	UV	Highly Stable	up	KEGG	K20111	unavailable in frozen authority	0.0305611714569169	62.9649122807017	GO theme: No significant GO enrichment; KEGG theme: Other KEGG / manual review	No specific profile-level biological interpretation retained; frozen KEGG term descriptions are unavailable and nonspecific enrichment is not a biological theme.
PROFILE_003	UV	Highly Stable	up	KEGG	K00002	unavailable in frozen authority	0.035248731401159	41.9766081871345	GO theme: No significant GO enrichment; KEGG theme: Other KEGG / manual review	No specific profile-level biological interpretation retained; frozen KEGG term descriptions are unavailable and nonspecific enrichment is not a biological theme.
PROFILE_003	UV	Highly Stable	up	KEGG	K01014	unavailable in frozen authority	0.035248731401159	41.9766081871345	GO theme: No significant GO enrichment; KEGG theme: Other KEGG / manual review	No specific profile-level biological interpretation retained; frozen KEGG term descriptions are unavailable and nonspecific enrichment is not a biological theme.
PROFILE_003	UV	Highly Stable	up	KEGG	K02520	unavailable in frozen authority	0.035248731401159	41.9766081871345	GO theme: No significant GO enrichment; KEGG theme: Other KEGG / manual review	No specific profile-level biological interpretation retained; frozen KEGG term descriptions are unavailable and nonspecific enrichment is not a biological theme.
PROFILE_003	UV	Highly Stable	up	KEGG	K03686	unavailable in frozen authority	0.035248731401159	41.9766081871345	GO theme: No significant GO enrichment; KEGG theme: Other KEGG / manual review	No specific profile-level biological interpretation retained; frozen KEGG term descriptions are unavailable and nonspecific enrichment is not a biological theme.
PROFILE_003	UV	Highly Stable	up	KEGG	K04371	unavailable in frozen authority	0.035248731401159	41.9766081871345	GO theme: No significant GO enrichment; KEGG theme: Other KEGG / manual review	No specific profile-level biological interpretation retained; frozen KEGG term descriptions are unavailable and nonspecific enrichment is not a biological theme.
PROFILE_003	UV	Highly Stable	up	KEGG	K04632	unavailable in frozen authority	0.035248731401159	41.9766081871345	GO theme: No significant GO enrichment; KEGG theme: Other KEGG / manual review	No specific profile-level biological interpretation retained; frozen KEGG term descriptions are unavailable and nonspecific enrichment is not a biological theme.
PROFILE_003	UV	Highly Stable	up	KEGG	K04633	unavailable in frozen authority	0.035248731401159	41.9766081871345	GO theme: No significant GO enrichment; KEGG theme: Other KEGG / manual review	No specific profile-level biological interpretation retained; frozen KEGG term descriptions are unavailable and nonspecific enrichment is not a biological theme.
PROFILE_003	UV	Highly Stable	up	KEGG	K05094	unavailable in frozen authority	0.035248731401159	41.9766081871345	GO theme: No significant GO enrichment; KEGG theme: Other KEGG / manual review	No specific profile-level biological interpretation retained; frozen KEGG term descriptions are unavailable and nonspecific enrichment is not a biological theme.
PROFILE_003	UV	Highly Stable	up	KEGG	K08143	unavailable in frozen authority	0.035248731401159	41.9766081871345	GO theme: No significant GO enrichment; KEGG theme: Other KEGG / manual review	No specific profile-level biological interpretation retained; frozen KEGG term descriptions are unavailable and nonspecific enrichment is not a biological theme.
PROFILE_003	UV	Highly Stable	up	KEGG	K09383	unavailable in frozen authority	0.035248731401159	41.9766081871345	GO theme: No significant GO enrichment; KEGG theme: Other KEGG / manual review	No specific profile-level biological interpretation retained; frozen KEGG term descriptions are unavailable and nonspecific enrichment is not a biological theme.
PROFILE_003	UV	Highly Stable	up	KEGG	K12201	unavailable in frozen authority	0.035248731401159	41.9766081871345	GO theme: No significant GO enrichment; KEGG theme: Other KEGG / manual review	No specific profile-level biological interpretation retained; frozen KEGG term descriptions are unavailable and nonspecific enrichment is not a biological theme.
PROFILE_003	UV	Highly Stable	up	KEGG	K14381	unavailable in frozen authority	0.035248731401159	41.9766081871345	GO theme: No significant GO enrichment; KEGG theme: Other KEGG / manual review	No specific profile-level biological interpretation retained; frozen KEGG term descriptions are unavailable and nonspecific enrichment is not a biological theme.
PROFILE_003	UV	Highly Stable	up	KEGG	K22503	unavailable in frozen authority	0.035248731401159	41.9766081871345	GO theme: No significant GO enrichment; KEGG theme: Other KEGG / manual review	No specific profile-level biological interpretation retained; frozen KEGG term descriptions are unavailable and nonspecific enrichment is not a biological theme.
PROFILE_003	UV	Highly Stable	up	KEGG	K04489	unavailable in frozen authority	0.0437455344638519	31.4824561403509	GO theme: No significant GO enrichment; KEGG theme: Other KEGG / manual review	No specific profile-level biological interpretation retained; frozen KEGG term descriptions are unavailable and nonspecific enrichment is not a biological theme.
PROFILE_003	UV	Highly Stable	up	KEGG	K07408	unavailable in frozen authority	0.0437455344638519	31.4824561403509	GO theme: No significant GO enrichment; KEGG theme: Other KEGG / manual review	No specific profile-level biological interpretation retained; frozen KEGG term descriptions are unavailable and nonspecific enrichment is not a biological theme.
PROFILE_003	UV	Highly Stable	up	KEGG	K20008	unavailable in frozen authority	0.0437455344638519	31.4824561403509	GO theme: No significant GO enrichment; KEGG theme: Other KEGG / manual review	No specific profile-level biological interpretation retained; frozen KEGG term descriptions are unavailable and nonspecific enrichment is not a biological theme.
PROFILE_003	UV	Highly Stable	up	KEGG	K21396	unavailable in frozen authority	0.0437455344638519	31.4824561403509	GO theme: No significant GO enrichment; KEGG theme: Other KEGG / manual review	No specific profile-level biological interpretation retained; frozen KEGG term descriptions are unavailable and nonspecific enrichment is not a biological theme.
PROFILE_003	UV	Highly Stable	up	KEGG	ko05010	unavailable in frozen authority	0.0468851054473381	5.47276979619111	GO theme: No significant GO enrichment; KEGG theme: Other KEGG / manual review	No specific profile-level biological interpretation retained; frozen KEGG term descriptions are unavailable and nonspecific enrichment is not a biological theme.
PROFILE_003	UV	Highly Stable	up	KEGG	map05010	unavailable in frozen authority	0.0468851054473381	5.47276979619111	GO theme: No significant GO enrichment; KEGG theme: Other KEGG / manual review	No specific profile-level biological interpretation retained; frozen KEGG term descriptions are unavailable and nonspecific enrichment is not a biological theme.
PROFILE_008	UV	Stable	constant	GO	GO:0043231	unavailable in frozen authority	9.63007115872867e-17	1.23166270349369	GO theme: Broad regulatory / cellular process; KEGG theme: Other KEGG / manual review	No specific profile-level biological interpretation retained; the frozen GO evidence is dominated by broad cellular-component identifiers and does not support the historical broad regulatory profile.
PROFILE_008	UV	Stable	constant	GO	GO:0043227	unavailable in frozen authority	2.20540471137132e-15	1.21130374584132	GO theme: Broad regulatory / cellular process; KEGG theme: Other KEGG / manual review	No specific profile-level biological interpretation retained; the frozen GO evidence is dominated by broad cellular-component identifiers and does not support the historical broad regulatory profile.
PROFILE_008	UV	Stable	constant	GO	GO:0043229	unavailable in frozen authority	4.73960658854539e-15	1.19824420047355	GO theme: Broad regulatory / cellular process; KEGG theme: Other KEGG / manual review	No specific profile-level biological interpretation retained; the frozen GO evidence is dominated by broad cellular-component identifiers and does not support the historical broad regulatory profile.
PROFILE_008	UV	Stable	constant	GO	GO:0043226	unavailable in frozen authority	1.67179949136989e-14	1.19113744914205	GO theme: Broad regulatory / cellular process; KEGG theme: Other KEGG / manual review	No specific profile-level biological interpretation retained; the frozen GO evidence is dominated by broad cellular-component identifiers and does not support the historical broad regulatory profile.
PROFILE_008	UV	Stable	constant	GO	GO:0044446	unavailable in frozen authority	6.75682150236772e-13	1.22110670221964	GO theme: Broad regulatory / cellular process; KEGG theme: Other KEGG / manual review	No specific profile-level biological interpretation retained; the frozen GO evidence is dominated by broad cellular-component identifiers and does not support the historical broad regulatory profile.
PROFILE_008	UV	Stable	constant	GO	GO:0005622	unavailable in frozen authority	5.3663609449688e-12	1.15679599699152	GO theme: Broad regulatory / cellular process; KEGG theme: Other KEGG / manual review	No specific profile-level biological interpretation retained; the frozen GO evidence is dominated by broad cellular-component identifiers and does not support the historical broad regulatory profile.
PROFILE_008	UV	Stable	constant	GO	GO:0044424	unavailable in frozen authority	1.08959241190453e-11	1.15497427101201	GO theme: Broad regulatory / cellular process; KEGG theme: Other KEGG / manual review	No specific profile-level biological interpretation retained; the frozen GO evidence is dominated by broad cellular-component identifiers and does not support the historical broad regulatory profile.
PROFILE_008	UV	Stable	constant	GO	GO:0044422	unavailable in frozen authority	3.22802062192386e-11	1.20115305440619	GO theme: Broad regulatory / cellular process; KEGG theme: Other KEGG / manual review	No specific profile-level biological interpretation retained; the frozen GO evidence is dominated by broad cellular-component identifiers and does not support the historical broad regulatory profile.
PROFILE_008	UV	Stable	constant	GO	GO:0031974	unavailable in frozen authority	3.47171680025368e-11	1.28775415983273	GO theme: Broad regulatory / cellular process; KEGG theme: Other KEGG / manual review	No specific profile-level biological interpretation retained; the frozen GO evidence is dominated by broad cellular-component identifiers and does not support the historical broad regulatory profile.
PROFILE_008	UV	Stable	constant	GO	GO:0043233	unavailable in frozen authority	3.47171680025368e-11	1.28775415983273	GO theme: Broad regulatory / cellular process; KEGG theme: Other KEGG / manual review	No specific profile-level biological interpretation retained; the frozen GO evidence is dominated by broad cellular-component identifiers and does not support the historical broad regulatory profile.
PROFILE_008	UV	Stable	constant	GO	GO:0070013	unavailable in frozen authority	3.47171680025368e-11	1.28799690185982	GO theme: Broad regulatory / cellular process; KEGG theme: Other KEGG / manual review	No specific profile-level biological interpretation retained; the frozen GO evidence is dominated by broad cellular-component identifiers and does not support the historical broad regulatory profile.
PROFILE_008	UV	Stable	constant	GO	GO:0005634	unavailable in frozen authority	6.86341124120147e-10	1.23152876159782	GO theme: Broad regulatory / cellular process; KEGG theme: Other KEGG / manual review	No specific profile-level biological interpretation retained; the frozen GO evidence is dominated by broad cellular-component identifiers and does not support the historical broad regulatory profile.
PROFILE_008	UV	Stable	constant	GO	GO:0044428	unavailable in frozen authority	1.32606034414261e-09	1.29445209611303	GO theme: Broad regulatory / cellular process; KEGG theme: Other KEGG / manual review	No specific profile-level biological interpretation retained; the frozen GO evidence is dominated by broad cellular-component identifiers and does not support the historical broad regulatory profile.
PROFILE_008	UV	Stable	constant	GO	GO:0005654	unavailable in frozen authority	1.02549207922762e-08	1.32878719293093	GO theme: Broad regulatory / cellular process; KEGG theme: Other KEGG / manual review	No specific profile-level biological interpretation retained; the frozen GO evidence is dominated by broad cellular-component identifiers and does not support the historical broad regulatory profile.
PROFILE_008	UV	Stable	constant	GO	GO:0031981	unavailable in frozen authority	2.34627963421551e-08	1.29101050154691	GO theme: Broad regulatory / cellular process; KEGG theme: Other KEGG / manual review	No specific profile-level biological interpretation retained; the frozen GO evidence is dominated by broad cellular-component identifiers and does not support the historical broad regulatory profile.
PROFILE_008	UV	Stable	constant	GO	GO:0005623	unavailable in frozen authority	3.63667754924819e-08	1.11887610250693	GO theme: Broad regulatory / cellular process; KEGG theme: Other KEGG / manual review	No specific profile-level biological interpretation retained; the frozen GO evidence is dominated by broad cellular-component identifiers and does not support the historical broad regulatory profile.
PROFILE_008	UV	Stable	constant	GO	GO:0044464	unavailable in frozen authority	3.63667754924819e-08	1.11887610250693	GO theme: Broad regulatory / cellular process; KEGG theme: Other KEGG / manual review	No specific profile-level biological interpretation retained; the frozen GO evidence is dominated by broad cellular-component identifiers and does not support the historical broad regulatory profile.
PROFILE_008	UV	Stable	constant	GO	GO:0003674	unavailable in frozen authority	2.09759848452092e-07	1.1214812642327	GO theme: Broad regulatory / cellular process; KEGG theme: Other KEGG / manual review	No specific profile-level biological interpretation retained; the frozen GO evidence is dominated by broad cellular-component identifiers and does not support the historical broad regulatory profile.
PROFILE_008	UV	Stable	constant	GO	GO:0008150	unavailable in frozen authority	1.14681031271813e-06	1.10339723665049	GO theme: Broad regulatory / cellular process; KEGG theme: Other KEGG / manual review	No specific profile-level biological interpretation retained; the frozen GO evidence is dominated by broad cellular-component identifiers and does not support the historical broad regulatory profile.
PROFILE_008	UV	Stable	constant	GO	GO:0005575	unavailable in frozen authority	2.55446239276268e-06	1.10283719591781	GO theme: Broad regulatory / cellular process; KEGG theme: Other KEGG / manual review	No specific profile-level biological interpretation retained; the frozen GO evidence is dominated by broad cellular-component identifiers and does not support the historical broad regulatory profile.
PROFILE_008	UV	Stable	constant	GO	GO:0005488	unavailable in frozen authority	3.88445890258708e-06	1.14785389391606	GO theme: Broad regulatory / cellular process; KEGG theme: Other KEGG / manual review	No specific profile-level biological interpretation retained; the frozen GO evidence is dominated by broad cellular-component identifiers and does not support the historical broad regulatory profile.
PROFILE_008	UV	Stable	constant	GO	GO:0009987	unavailable in frozen authority	3.88445890258708e-06	1.11048428074985	GO theme: Broad regulatory / cellular process; KEGG theme: Other KEGG / manual review	No specific profile-level biological interpretation retained; the frozen GO evidence is dominated by broad cellular-component identifiers and does not support the historical broad regulatory profile.
PROFILE_008	UV	Stable	constant	GO	GO:0043170	unavailable in frozen authority	5.03444468304731e-06	1.18502183316344	GO theme: Broad regulatory / cellular process; KEGG theme: Other KEGG / manual review	No specific profile-level biological interpretation retained; the frozen GO evidence is dominated by broad cellular-component identifiers and does not support the historical broad regulatory profile.
PROFILE_008	UV	Stable	constant	GO	GO:0044237	unavailable in frozen authority	5.91275419485922e-06	1.15211349258797	GO theme: Broad regulatory / cellular process; KEGG theme: Other KEGG / manual review	No specific profile-level biological interpretation retained; the frozen GO evidence is dominated by broad cellular-component identifiers and does not support the historical broad regulatory profile.
PROFILE_008	UV	Stable	constant	GO	GO:0005515	unavailable in frozen authority	1.28667522362053e-05	1.15780162540861	GO theme: Broad regulatory / cellular process; KEGG theme: Other KEGG / manual review	No specific profile-level biological interpretation retained; the frozen GO evidence is dominated by broad cellular-component identifiers and does not support the historical broad regulatory profile.
PROFILE_008	UV	Stable	constant	GO	GO:0060255	unavailable in frozen authority	1.439587567582e-05	1.21195592385131	GO theme: Broad regulatory / cellular process; KEGG theme: Other KEGG / manual review	No specific profile-level biological interpretation retained; the frozen GO evidence is dominated by broad cellular-component identifiers and does not support the historical broad regulatory profile.
PROFILE_008	UV	Stable	constant	GO	GO:0005737	unavailable in frozen authority	1.79512254553217e-05	1.12125390451103	GO theme: Broad regulatory / cellular process; KEGG theme: Other KEGG / manual review	No specific profile-level biological interpretation retained; the frozen GO evidence is dominated by broad cellular-component identifiers and does not support the historical broad regulatory profile.
PROFILE_008	UV	Stable	constant	GO	GO:0019222	unavailable in frozen authority	1.83239750141528e-05	1.19493606736317	GO theme: Broad regulatory / cellular process; KEGG theme: Other KEGG / manual review	No specific profile-level biological interpretation retained; the frozen GO evidence is dominated by broad cellular-component identifiers and does not support the historical broad regulatory profile.
PROFILE_008	UV	Stable	constant	GO	GO:0031323	unavailable in frozen authority	2.93840020409346e-05	1.20426931664861	GO theme: Broad regulatory / cellular process; KEGG theme: Other KEGG / manual review	No specific profile-level biological interpretation retained; the frozen GO evidence is dominated by broad cellular-component identifiers and does not support the historical broad regulatory profile.
PROFILE_008	UV	Stable	constant	GO	GO:0044238	unavailable in frozen authority	2.95196244274194e-05	1.14615767352337	GO theme: Broad regulatory / cellular process; KEGG theme: Other KEGG / manual review	No specific profile-level biological interpretation retained; the frozen GO evidence is dominated by broad cellular-component identifiers and does not support the historical broad regulatory profile.
PROFILE_008	UV	Stable	constant	GO	GO:0044260	unavailable in frozen authority	3.80714065308411e-05	1.19579628201886	GO theme: Broad regulatory / cellular process; KEGG theme: Other KEGG / manual review	No specific profile-level biological interpretation retained; the frozen GO evidence is dominated by broad cellular-component identifiers and does not support the historical broad regulatory profile.
PROFILE_008	UV	Stable	constant	GO	GO:1902494	unavailable in frozen authority	6.48860281361425e-05	1.36485930135347	GO theme: Broad regulatory / cellular process; KEGG theme: Other KEGG / manual review	No specific profile-level biological interpretation retained; the frozen GO evidence is dominated by broad cellular-component identifiers and does not support the historical broad regulatory profile.
PROFILE_008	UV	Stable	constant	GO	GO:0044444	unavailable in frozen authority	0.000100392598055807	1.12886769477314	GO theme: Broad regulatory / cellular process; KEGG theme: Other KEGG / manual review	No specific profile-level biological interpretation retained; the frozen GO evidence is dominated by broad cellular-component identifiers and does not support the historical broad regulatory profile.
PROFILE_008	UV	Stable	constant	GO	GO:0043412	unavailable in frozen authority	0.000107508529915181	1.26667532250685	GO theme: Broad regulatory / cellular process; KEGG theme: Other KEGG / manual review	No specific profile-level biological interpretation retained; the frozen GO evidence is dominated by broad cellular-component identifiers and does not support the historical broad regulatory profile.
PROFILE_008	UV	Stable	constant	GO	GO:0032991	unavailable in frozen authority	0.000123295499750719	1.17615258115499	GO theme: Broad regulatory / cellular process; KEGG theme: Other KEGG / manual review	No specific profile-level biological interpretation retained; the frozen GO evidence is dominated by broad cellular-component identifiers and does not support the historical broad regulatory profile.
PROFILE_008	UV	Stable	constant	GO	GO:0071704	unavailable in frozen authority	0.000130775046472425	1.13170787448626	GO theme: Broad regulatory / cellular process; KEGG theme: Other KEGG / manual review	No specific profile-level biological interpretation retained; the frozen GO evidence is dominated by broad cellular-component identifiers and does not support the historical broad regulatory profile.
PROFILE_008	UV	Stable	constant	GO	GO:0051171	unavailable in frozen authority	0.000158108411431224	1.1999732685839	GO theme: Broad regulatory / cellular process; KEGG theme: Other KEGG / manual review	No specific profile-level biological interpretation retained; the frozen GO evidence is dominated by broad cellular-component identifiers and does not support the historical broad regulatory profile.
PROFILE_008	UV	Stable	constant	GO	GO:0046907	unavailable in frozen authority	0.000177499060330236	1.33751990629124	GO theme: Broad regulatory / cellular process; KEGG theme: Other KEGG / manual review	No specific profile-level biological interpretation retained; the frozen GO evidence is dominated by broad cellular-component identifiers and does not support the historical broad regulatory profile.
PROFILE_008	UV	Stable	constant	GO	GO:0008152	unavailable in frozen authority	0.000193923819393943	1.12549696943165	GO theme: Broad regulatory / cellular process; KEGG theme: Other KEGG / manual review	No specific profile-level biological interpretation retained; the frozen GO evidence is dominated by broad cellular-component identifiers and does not support the historical broad regulatory profile.
PROFILE_008	UV	Stable	constant	GO	GO:0015031	unavailable in frozen authority	0.000209444499268664	1.41425420940246	GO theme: Broad regulatory / cellular process; KEGG theme: Other KEGG / manual review	No specific profile-level biological interpretation retained; the frozen GO evidence is dominated by broad cellular-component identifiers and does not support the historical broad regulatory profile.
PROFILE_008	UV	Stable	constant	GO	GO:0042886	unavailable in frozen authority	0.000213978482700122	1.40690916865485	GO theme: Broad regulatory / cellular process; KEGG theme: Other KEGG / manual review	No specific profile-level biological interpretation retained; the frozen GO evidence is dominated by broad cellular-component identifiers and does not support the historical broad regulatory profile.
PROFILE_008	UV	Stable	constant	GO	GO:0090304	unavailable in frozen authority	0.000219534934762188	1.25796560728059	GO theme: Broad regulatory / cellular process; KEGG theme: Other KEGG / manual review	No specific profile-level biological interpretation retained; the frozen GO evidence is dominated by broad cellular-component identifiers and does not support the historical broad regulatory profile.
PROFILE_008	UV	Stable	constant	GO	GO:0015833	unavailable in frozen authority	0.000236951944712553	1.41014300530536	GO theme: Broad regulatory / cellular process; KEGG theme: Other KEGG / manual review	No specific profile-level biological interpretation retained; the frozen GO evidence is dominated by broad cellular-component identifiers and does not support the historical broad regulatory profile.
PROFILE_008	UV	Stable	constant	GO	GO:0006807	unavailable in frozen authority	0.000272498211593066	1.13679670984596	GO theme: Broad regulatory / cellular process; KEGG theme: Other KEGG / manual review	No specific profile-level biological interpretation retained; the frozen GO evidence is dominated by broad cellular-component identifiers and does not support the historical broad regulatory profile.
PROFILE_008	UV	Stable	constant	GO	GO:0006139	unavailable in frozen authority	0.000277810157528897	1.21288688819615	GO theme: Broad regulatory / cellular process; KEGG theme: Other KEGG / manual review	No specific profile-level biological interpretation retained; the frozen GO evidence is dominated by broad cellular-component identifiers and does not support the historical broad regulatory profile.
PROFILE_008	UV	Stable	constant	GO	GO:0080090	unavailable in frozen authority	0.000277810157528897	1.18874544852698	GO theme: Broad regulatory / cellular process; KEGG theme: Other KEGG / manual review	No specific profile-level biological interpretation retained; the frozen GO evidence is dominated by broad cellular-component identifiers and does not support the historical broad regulatory profile.
PROFILE_008	UV	Stable	constant	GO	GO:0006886	unavailable in frozen authority	0.000279362484520159	1.45672430578091	GO theme: Broad regulatory / cellular process; KEGG theme: Other KEGG / manual review	No specific profile-level biological interpretation retained; the frozen GO evidence is dominated by broad cellular-component identifiers and does not support the historical broad regulatory profile.
PROFILE_008	UV	Stable	constant	GO	GO:0051649	unavailable in frozen authority	0.00029848755225527	1.29445007214332	GO theme: Broad regulatory / cellular process; KEGG theme: Other KEGG / manual review	No specific profile-level biological interpretation retained; the frozen GO evidence is dominated by broad cellular-component identifiers and does not support the historical broad regulatory profile.
PROFILE_008	UV	Stable	constant	GO	GO:0010604	unavailable in frozen authority	0.000300448868486012	1.2506783537324	GO theme: Broad regulatory / cellular process; KEGG theme: Other KEGG / manual review	No specific profile-level biological interpretation retained; the frozen GO evidence is dominated by broad cellular-component identifiers and does not support the historical broad regulatory profile.
PROFILE_008	UV	Stable	constant	GO	GO:0045184	unavailable in frozen authority	0.000382877647941391	1.38628599058368	GO theme: Broad regulatory / cellular process; KEGG theme: Other KEGG / manual review	No specific profile-level biological interpretation retained; the frozen GO evidence is dominated by broad cellular-component identifiers and does not support the historical broad regulatory profile.
PROFILE_008	UV	Stable	constant	GO	GO:0009893	unavailable in frozen authority	0.000385293080019341	1.23580242994344	GO theme: Broad regulatory / cellular process; KEGG theme: Other KEGG / manual review	No specific profile-level biological interpretation retained; the frozen GO evidence is dominated by broad cellular-component identifiers and does not support the historical broad regulatory profile.
PROFILE_008	UV	Stable	constant	GO	GO:0016192	unavailable in frozen authority	0.00039816743174398	1.32078740892957	GO theme: Broad regulatory / cellular process; KEGG theme: Other KEGG / manual review	No specific profile-level biological interpretation retained; the frozen GO evidence is dominated by broad cellular-component identifiers and does not support the historical broad regulatory profile.
PROFILE_008	UV	Stable	constant	GO	GO:0046483	unavailable in frozen authority	0.000492136861710653	1.19788353185456	GO theme: Broad regulatory / cellular process; KEGG theme: Other KEGG / manual review	No specific profile-level biological interpretation retained; the frozen GO evidence is dominated by broad cellular-component identifiers and does not support the historical broad regulatory profile.
PROFILE_008	UV	Stable	constant	GO	GO:1990234	unavailable in frozen authority	0.000511489624770112	1.4605705761825	GO theme: Broad regulatory / cellular process; KEGG theme: Other KEGG / manual review	No specific profile-level biological interpretation retained; the frozen GO evidence is dominated by broad cellular-component identifiers and does not support the historical broad regulatory profile.
PROFILE_008	UV	Stable	constant	GO	GO:0050794	unavailable in frozen authority	0.000640074564041124	1.12253406634248	GO theme: Broad regulatory / cellular process; KEGG theme: Other KEGG / manual review	No specific profile-level biological interpretation retained; the frozen GO evidence is dominated by broad cellular-component identifiers and does not support the historical broad regulatory profile.
PROFILE_008	UV	Stable	constant	GO	GO:0007281	unavailable in frozen authority	0.000694334983399973	1.37573112613619	GO theme: Broad regulatory / cellular process; KEGG theme: Other KEGG / manual review	No specific profile-level biological interpretation retained; the frozen GO evidence is dominated by broad cellular-component identifiers and does not support the historical broad regulatory profile.
PROFILE_008	UV	Stable	constant	GO	GO:0051493	unavailable in frozen authority	0.000725254449772026	1.60843732372477	GO theme: Broad regulatory / cellular process; KEGG theme: Other KEGG / manual review	No specific profile-level biological interpretation retained; the frozen GO evidence is dominated by broad cellular-component identifiers and does not support the historical broad regulatory profile.
PROFILE_008	UV	Stable	constant	GO	GO:0071705	unavailable in frozen authority	0.000725254449772026	1.33020292563952	GO theme: Broad regulatory / cellular process; KEGG theme: Other KEGG / manual review	No specific profile-level biological interpretation retained; the frozen GO evidence is dominated by broad cellular-component identifiers and does not support the historical broad regulatory profile.
PROFILE_008	UV	Stable	constant	GO	GO:1901360	unavailable in frozen authority	0.000725254449772026	1.18556961593948	GO theme: Broad regulatory / cellular process; KEGG theme: Other KEGG / manual review	No specific profile-level biological interpretation retained; the frozen GO evidence is dominated by broad cellular-component identifiers and does not support the historical broad regulatory profile.
PROFILE_008	UV	Stable	constant	GO	GO:0050789	unavailable in frozen authority	0.000738335854537274	1.11484930673928	GO theme: Broad regulatory / cellular process; KEGG theme: Other KEGG / manual review	No specific profile-level biological interpretation retained; the frozen GO evidence is dominated by broad cellular-component identifiers and does not support the historical broad regulatory profile.
PROFILE_008	UV	Stable	constant	GO	GO:0006725	unavailable in frozen authority	0.000850141484275116	1.18894410251236	GO theme: Broad regulatory / cellular process; KEGG theme: Other KEGG / manual review	No specific profile-level biological interpretation retained; the frozen GO evidence is dominated by broad cellular-component identifiers and does not support the historical broad regulatory profile.
PROFILE_008	UV	Stable	constant	GO	GO:0019899	unavailable in frozen authority	0.00144090039377554	1.25336096817229	GO theme: Broad regulatory / cellular process; KEGG theme: Other KEGG / manual review	No specific profile-level biological interpretation retained; the frozen GO evidence is dominated by broad cellular-component identifiers and does not support the historical broad regulatory profile.
PROFILE_008	UV	Stable	constant	GO	GO:0065007	unavailable in frozen authority	0.00144090039377554	1.1039379439548	GO theme: Broad regulatory / cellular process; KEGG theme: Other KEGG / manual review	No specific profile-level biological interpretation retained; the frozen GO evidence is dominated by broad cellular-component identifiers and does not support the historical broad regulatory profile.
PROFILE_008	UV	Stable	constant	GO	GO:0022402	unavailable in frozen authority	0.00169417709294582	1.34059513599608	GO theme: Broad regulatory / cellular process; KEGG theme: Other KEGG / manual review	No specific profile-level biological interpretation retained; the frozen GO evidence is dominated by broad cellular-component identifiers and does not support the historical broad regulatory profile.
PROFILE_008	UV	Stable	constant	GO	GO:0032504	unavailable in frozen authority	0.00169417709294582	1.2659200753703	GO theme: Broad regulatory / cellular process; KEGG theme: Other KEGG / manual review	No specific profile-level biological interpretation retained; the frozen GO evidence is dominated by broad cellular-component identifiers and does not support the historical broad regulatory profile.
PROFILE_008	UV	Stable	constant	GO	GO:0048518	unavailable in frozen authority	0.0017137391115098	1.15536525756279	GO theme: Broad regulatory / cellular process; KEGG theme: Other KEGG / manual review	No specific profile-level biological interpretation retained; the frozen GO evidence is dominated by broad cellular-component identifiers and does not support the historical broad regulatory profile.
PROFILE_008	UV	Stable	constant	GO	GO:0007276	unavailable in frozen authority	0.00180708583786855	1.29759255144062	GO theme: Broad regulatory / cellular process; KEGG theme: Other KEGG / manual review	No specific profile-level biological interpretation retained; the frozen GO evidence is dominated by broad cellular-component identifiers and does not support the historical broad regulatory profile.
PROFILE_008	UV	Stable	constant	GO	GO:0033036	unavailable in frozen authority	0.00180708583786855	1.2461344415698	GO theme: Broad regulatory / cellular process; KEGG theme: Other KEGG / manual review	No specific profile-level biological interpretation retained; the frozen GO evidence is dominated by broad cellular-component identifiers and does not support the historical broad regulatory profile.
PROFILE_008	UV	Stable	constant	GO	GO:0007346	unavailable in frozen authority	0.00181423787218859	1.4531129656984	GO theme: Broad regulatory / cellular process; KEGG theme: Other KEGG / manual review	No specific profile-level biological interpretation retained; the frozen GO evidence is dominated by broad cellular-component identifiers and does not support the historical broad regulatory profile.
PROFILE_008	UV	Stable	constant	GO	GO:0048477	unavailable in frozen authority	0.00181591021780793	1.40977872139802	GO theme: Broad regulatory / cellular process; KEGG theme: Other KEGG / manual review	No specific profile-level biological interpretation retained; the frozen GO evidence is dominated by broad cellular-component identifiers and does not support the historical broad regulatory profile.
PROFILE_008	UV	Stable	constant	GO	GO:0033043	unavailable in frozen authority	0.00196380531200587	1.33210872903505	GO theme: Broad regulatory / cellular process; KEGG theme: Other KEGG / manual review	No specific profile-level biological interpretation retained; the frozen GO evidence is dominated by broad cellular-component identifiers and does not support the historical broad regulatory profile.
PROFILE_008	UV	Stable	constant	GO	GO:0044451	unavailable in frozen authority	0.00205145495466072	1.37411402383233	GO theme: Broad regulatory / cellular process; KEGG theme: Other KEGG / manual review	No specific profile-level biological interpretation retained; the frozen GO evidence is dominated by broad cellular-component identifiers and does not support the historical broad regulatory profile.
PROFILE_008	UV	Stable	constant	GO	GO:0006897	unavailable in frozen authority	0.00208806009858469	1.55477305713155	GO theme: Broad regulatory / cellular process; KEGG theme: Other KEGG / manual review	No specific profile-level biological interpretation retained; the frozen GO evidence is dominated by broad cellular-component identifiers and does not support the historical broad regulatory profile.
PROFILE_008	UV	Stable	constant	GO	GO:0006996	unavailable in frozen authority	0.00216197917547872	1.18672799048531	GO theme: Broad regulatory / cellular process; KEGG theme: Other KEGG / manual review	No specific profile-level biological interpretation retained; the frozen GO evidence is dominated by broad cellular-component identifiers and does not support the historical broad regulatory profile.
PROFILE_008	UV	Stable	constant	GO	GO:0006464	unavailable in frozen authority	0.00216762619385438	1.2354797239949	GO theme: Broad regulatory / cellular process; KEGG theme: Other KEGG / manual review	No specific profile-level biological interpretation retained; the frozen GO evidence is dominated by broad cellular-component identifiers and does not support the historical broad regulatory profile.
PROFILE_008	UV	Stable	constant	GO	GO:0065009	unavailable in frozen authority	0.00216762619385438	1.23747243322715	GO theme: Broad regulatory / cellular process; KEGG theme: Other KEGG / manual review	No specific profile-level biological interpretation retained; the frozen GO evidence is dominated by broad cellular-component identifiers and does not support the historical broad regulatory profile.
PROFILE_008	UV	Stable	constant	GO	GO:0051641	unavailable in frozen authority	0.00221979776515776	1.2255354001092	GO theme: Broad regulatory / cellular process; KEGG theme: Other KEGG / manual review	No specific profile-level biological interpretation retained; the frozen GO evidence is dominated by broad cellular-component identifiers and does not support the historical broad regulatory profile.
PROFILE_008	UV	Stable	constant	GO	GO:0006396	unavailable in frozen authority	0.00222188977284288	1.37153194682676	GO theme: Broad regulatory / cellular process; KEGG theme: Other KEGG / manual review	No specific profile-level biological interpretation retained; the frozen GO evidence is dominated by broad cellular-component identifiers and does not support the historical broad regulatory profile.
PROFILE_008	UV	Stable	constant	GO	GO:0036211	unavailable in frozen authority	0.00222188977284288	1.23462766901284	GO theme: Broad regulatory / cellular process; KEGG theme: Other KEGG / manual review	No specific profile-level biological interpretation retained; the frozen GO evidence is dominated by broad cellular-component identifiers and does not support the historical broad regulatory profile.
PROFILE_008	UV	Stable	constant	GO	GO:0008104	unavailable in frozen authority	0.00231393773137121	1.2646424866513	GO theme: Broad regulatory / cellular process; KEGG theme: Other KEGG / manual review	No specific profile-level biological interpretation retained; the frozen GO evidence is dominated by broad cellular-component identifiers and does not support the historical broad regulatory profile.
PROFILE_008	UV	Stable	constant	GO	GO:0022412	unavailable in frozen authority	0.00231393773137121	1.32036769850951	GO theme: Broad regulatory / cellular process; KEGG theme: Other KEGG / manual review	No specific profile-level biological interpretation retained; the frozen GO evidence is dominated by broad cellular-component identifiers and does not support the historical broad regulatory profile.
PROFILE_008	UV	Stable	constant	GO	GO:0051726	unavailable in frozen authority	0.00235398751507708	1.3287314622262	GO theme: Broad regulatory / cellular process; KEGG theme: Other KEGG / manual review	No specific profile-level biological interpretation retained; the frozen GO evidence is dominated by broad cellular-component identifiers and does not support the historical broad regulatory profile.
PROFILE_008	UV	Stable	constant	GO	GO:0048609	unavailable in frozen authority	0.00241884807507231	1.26067720597448	GO theme: Broad regulatory / cellular process; KEGG theme: Other KEGG / manual review	No specific profile-level biological interpretation retained; the frozen GO evidence is dominated by broad cellular-component identifiers and does not support the historical broad regulatory profile.
PROFILE_008	UV	Stable	constant	GO	GO:0003006	unavailable in frozen authority	0.00251040294582226	1.28520875854452	GO theme: Broad regulatory / cellular process; KEGG theme: Other KEGG / manual review	No specific profile-level biological interpretation retained; the frozen GO evidence is dominated by broad cellular-component identifiers and does not support the historical broad regulatory profile.
PROFILE_008	UV	Stable	constant	GO	GO:0051173	unavailable in frozen authority	0.00259901635557292	1.22601435514171	GO theme: Broad regulatory / cellular process; KEGG theme: Other KEGG / manual review	No specific profile-level biological interpretation retained; the frozen GO evidence is dominated by broad cellular-component identifiers and does not support the historical broad regulatory profile.
PROFILE_008	UV	Stable	constant	GO	GO:0007049	unavailable in frozen authority	0.00269890540667625	1.31277994290528	GO theme: Broad regulatory / cellular process; KEGG theme: Other KEGG / manual review	No specific profile-level biological interpretation retained; the frozen GO evidence is dominated by broad cellular-component identifiers and does not support the historical broad regulatory profile.
PROFILE_008	UV	Stable	constant	GO	GO:0031325	unavailable in frozen authority	0.00279301634296136	1.2180519618959	GO theme: Broad regulatory / cellular process; KEGG theme: Other KEGG / manual review	No specific profile-level biological interpretation retained; the frozen GO evidence is dominated by broad cellular-component identifiers and does not support the historical broad regulatory profile.
PROFILE_008	UV	Stable	constant	GO	GO:0016740	unavailable in frozen authority	0.00298036499302297	1.25688376551307	GO theme: Broad regulatory / cellular process; KEGG theme: Other KEGG / manual review	No specific profile-level biological interpretation retained; the frozen GO evidence is dominated by broad cellular-component identifiers and does not support the historical broad regulatory profile.
PROFILE_008	UV	Stable	constant	GO	GO:0000003	unavailable in frozen authority	0.00318298162878284	1.21425866463847	GO theme: Broad regulatory / cellular process; KEGG theme: Other KEGG / manual review	No specific profile-level biological interpretation retained; the frozen GO evidence is dominated by broad cellular-component identifiers and does not support the historical broad regulatory profile.
PROFILE_008	UV	Stable	constant	GO	GO:0048522	unavailable in frozen authority	0.00341240457523154	1.15848483110627	GO theme: Broad regulatory / cellular process; KEGG theme: Other KEGG / manual review	No specific profile-level biological interpretation retained; the frozen GO evidence is dominated by broad cellular-component identifiers and does not support the historical broad regulatory profile.
PROFILE_008	UV	Stable	constant	GO	GO:0034613	unavailable in frozen authority	0.004394464488268	1.28743112738745	GO theme: Broad regulatory / cellular process; KEGG theme: Other KEGG / manual review	No specific profile-level biological interpretation retained; the frozen GO evidence is dominated by broad cellular-component identifiers and does not support the historical broad regulatory profile.
PROFILE_008	UV	Stable	constant	GO	GO:0043228	unavailable in frozen authority	0.00467797926712377	1.17721661253925	GO theme: Broad regulatory / cellular process; KEGG theme: Other KEGG / manual review	No specific profile-level biological interpretation retained; the frozen GO evidence is dominated by broad cellular-component identifiers and does not support the historical broad regulatory profile.
PROFILE_008	UV	Stable	constant	GO	GO:0043232	unavailable in frozen authority	0.00467797926712377	1.17721661253925	GO theme: Broad regulatory / cellular process; KEGG theme: Other KEGG / manual review	No specific profile-level biological interpretation retained; the frozen GO evidence is dominated by broad cellular-component identifiers and does not support the historical broad regulatory profile.
PROFILE_008	UV	Stable	constant	GO	GO:0070727	unavailable in frozen authority	0.00489889158871061	1.27867903330372	GO theme: Broad regulatory / cellular process; KEGG theme: Other KEGG / manual review	No specific profile-level biological interpretation retained; the frozen GO evidence is dominated by broad cellular-component identifiers and does not support the historical broad regulatory profile.
PROFILE_008	UV	Stable	constant	GO	GO:0007292	unavailable in frozen authority	0.00507011867549875	1.36217895750586	GO theme: Broad regulatory / cellular process; KEGG theme: Other KEGG / manual review	No specific profile-level biological interpretation retained; the frozen GO evidence is dominated by broad cellular-component identifiers and does not support the historical broad regulatory profile.
PROFILE_008	UV	Stable	constant	GO	GO:0071702	unavailable in frozen authority	0.00511439748533359	1.259301326514	GO theme: Broad regulatory / cellular process; KEGG theme: Other KEGG / manual review	No specific profile-level biological interpretation retained; the frozen GO evidence is dominated by broad cellular-component identifiers and does not support the historical broad regulatory profile.
PROFILE_008	UV	Stable	constant	GO	GO:0005759	unavailable in frozen authority	0.00515620683155275	1.48974942202998	GO theme: Broad regulatory / cellular process; KEGG theme: Other KEGG / manual review	No specific profile-level biological interpretation retained; the frozen GO evidence is dominated by broad cellular-component identifiers and does not support the historical broad regulatory profile.
PROFILE_008	UV	Stable	constant	GO	GO:0022414	unavailable in frozen authority	0.00523318491900698	1.21127834067006	GO theme: Broad regulatory / cellular process; KEGG theme: Other KEGG / manual review	No specific profile-level biological interpretation retained; the frozen GO evidence is dominated by broad cellular-component identifiers and does not support the historical broad regulatory profile.
PROFILE_008	UV	Stable	constant	GO	GO:0034641	unavailable in frozen authority	0.00561129588715704	1.1540865121565	GO theme: Broad regulatory / cellular process; KEGG theme: Other KEGG / manual review	No specific profile-level biological interpretation retained; the frozen GO evidence is dominated by broad cellular-component identifiers and does not support the historical broad regulatory profile.
PROFILE_008	UV	Stable	constant	GO	GO:0007298	unavailable in frozen authority	0.00765041402146512	1.88995789801965	GO theme: Broad regulatory / cellular process; KEGG theme: Other KEGG / manual review	No specific profile-level biological interpretation retained; the frozen GO evidence is dominated by broad cellular-component identifiers and does not support the historical broad regulatory profile.
PROFILE_008	UV	Stable	constant	GO	GO:0016043	unavailable in frozen authority	0.00805623531537549	1.1295202925875	GO theme: Broad regulatory / cellular process; KEGG theme: Other KEGG / manual review	No specific profile-level biological interpretation retained; the frozen GO evidence is dominated by broad cellular-component identifiers and does not support the historical broad regulatory profile.
PROFILE_008	UV	Stable	constant	GO	GO:0110053	unavailable in frozen authority	0.00805623531537549	1.81885711970395	GO theme: Broad regulatory / cellular process; KEGG theme: Other KEGG / manual review	No specific profile-level biological interpretation retained; the frozen GO evidence is dominated by broad cellular-component identifiers and does not support the historical broad regulatory profile.
PROFILE_008	UV	Stable	constant	GO	GO:0051128	unavailable in frozen authority	0.0084493400900503	1.20114438553091	GO theme: Broad regulatory / cellular process; KEGG theme: Other KEGG / manual review	No specific profile-level biological interpretation retained; the frozen GO evidence is dominated by broad cellular-component identifiers and does not support the historical broad regulatory profile.
PROFILE_008	UV	Stable	constant	GO	GO:0032535	unavailable in frozen authority	0.00968255058266607	1.48911777080164	GO theme: Broad regulatory / cellular process; KEGG theme: Other KEGG / manual review	No specific profile-level biological interpretation retained; the frozen GO evidence is dominated by broad cellular-component identifiers and does not support the historical broad regulatory profile.
PROFILE_008	UV	Stable	constant	GO	GO:0009786	unavailable in frozen authority	0.00970217420650492	4.19990644004366	GO theme: Broad regulatory / cellular process; KEGG theme: Other KEGG / manual review	No specific profile-level biological interpretation retained; the frozen GO evidence is dominated by broad cellular-component identifiers and does not support the historical broad regulatory profile.
PROFILE_008	UV	Stable	constant	GO	GO:0003824	unavailable in frozen authority	0.00979477264617747	1.12797394969644	GO theme: Broad regulatory / cellular process; KEGG theme: Other KEGG / manual review	No specific profile-level biological interpretation retained; the frozen GO evidence is dominated by broad cellular-component identifiers and does not support the historical broad regulatory profile.
PROFILE_008	UV	Stable	constant	GO	GO:0051246	unavailable in frozen authority	0.0101353718348237	1.22127188777705	GO theme: Broad regulatory / cellular process; KEGG theme: Other KEGG / manual review	No specific profile-level biological interpretation retained; the frozen GO evidence is dominated by broad cellular-component identifiers and does not support the historical broad regulatory profile.
PROFILE_008	UV	Stable	constant	GO	GO:0003723	unavailable in frozen authority	0.0104551356594541	1.29730742892876	GO theme: Broad regulatory / cellular process; KEGG theme: Other KEGG / manual review	No specific profile-level biological interpretation retained; the frozen GO evidence is dominated by broad cellular-component identifiers and does not support the historical broad regulatory profile.
PROFILE_008	UV	Stable	constant	GO	GO:0051301	unavailable in frozen authority	0.0113070795048746	1.46965288976079	GO theme: Broad regulatory / cellular process; KEGG theme: Other KEGG / manual review	No specific profile-level biological interpretation retained; the frozen GO evidence is dominated by broad cellular-component identifiers and does not support the historical broad regulatory profile.
PROFILE_008	UV	Stable	constant	GO	GO:0031324	unavailable in frozen authority	0.0114189301935546	1.22186467280807	GO theme: Broad regulatory / cellular process; KEGG theme: Other KEGG / manual review	No specific profile-level biological interpretation retained; the frozen GO evidence is dominated by broad cellular-component identifiers and does not support the historical broad regulatory profile.
PROFILE_008	UV	Stable	constant	GO	GO:0007297	unavailable in frozen authority	0.0115357076345394	1.81359596274613	GO theme: Broad regulatory / cellular process; KEGG theme: Other KEGG / manual review	No specific profile-level biological interpretation retained; the frozen GO evidence is dominated by broad cellular-component identifiers and does not support the historical broad regulatory profile.
PROFILE_008	UV	Stable	constant	GO	GO:0009892	unavailable in frozen authority	0.0115357076345394	1.19982764076005	GO theme: Broad regulatory / cellular process; KEGG theme: Other KEGG / manual review	No specific profile-level biological interpretation retained; the frozen GO evidence is dominated by broad cellular-component identifiers and does not support the historical broad regulatory profile.
PROFILE_008	UV	Stable	constant	GO	GO:0016070	unavailable in frozen authority	0.0115357076345394	1.2283956183135	GO theme: Broad regulatory / cellular process; KEGG theme: Other KEGG / manual review	No specific profile-level biological interpretation retained; the frozen GO evidence is dominated by broad cellular-component identifiers and does not support the historical broad regulatory profile.
PROFILE_008	UV	Stable	constant	GO	GO:0016567	unavailable in frozen authority	0.0115357076345394	1.50304870885124	GO theme: Broad regulatory / cellular process; KEGG theme: Other KEGG / manual review	No specific profile-level biological interpretation retained; the frozen GO evidence is dominated by broad cellular-component identifiers and does not support the historical broad regulatory profile.
PROFILE_008	UV	Stable	constant	GO	GO:1901363	unavailable in frozen authority	0.0115922685279104	1.17848204942575	GO theme: Broad regulatory / cellular process; KEGG theme: Other KEGG / manual review	No specific profile-level biological interpretation retained; the frozen GO evidence is dominated by broad cellular-component identifiers and does not support the historical broad regulatory profile.
PROFILE_008	UV	Stable	constant	GO	GO:0030234	unavailable in frozen authority	0.011640557468543	1.4011592630191	GO theme: Broad regulatory / cellular process; KEGG theme: Other KEGG / manual review	No specific profile-level biological interpretation retained; the frozen GO evidence is dominated by broad cellular-component identifiers and does not support the historical broad regulatory profile.
PROFILE_008	UV	Stable	constant	GO	GO:0009790	unavailable in frozen authority	0.0118027443897587	1.2371102815054	GO theme: Broad regulatory / cellular process; KEGG theme: Other KEGG / manual review	No specific profile-level biological interpretation retained; the frozen GO evidence is dominated by broad cellular-component identifiers and does not support the historical broad regulatory profile.
PROFILE_008	UV	Stable	constant	GO	GO:0005694	unavailable in frozen authority	0.0136083180670949	1.31601266262238	GO theme: Broad regulatory / cellular process; KEGG theme: Other KEGG / manual review	No specific profile-level biological interpretation retained; the frozen GO evidence is dominated by broad cellular-component identifiers and does not support the historical broad regulatory profile.
PROFILE_008	UV	Stable	constant	GO	GO:0098772	unavailable in frozen authority	0.013938222057418	1.32906277539469	GO theme: Broad regulatory / cellular process; KEGG theme: Other KEGG / manual review	No specific profile-level biological interpretation retained; the frozen GO evidence is dominated by broad cellular-component identifiers and does not support the historical broad regulatory profile.
PROFILE_008	UV	Stable	constant	GO	GO:0061695	unavailable in frozen authority	0.0139998861410142	1.61227372857006	GO theme: Broad regulatory / cellular process; KEGG theme: Other KEGG / manual review	No specific profile-level biological interpretation retained; the frozen GO evidence is dominated by broad cellular-component identifiers and does not support the historical broad regulatory profile.
PROFILE_008	UV	Stable	constant	GO	GO:1902554	unavailable in frozen authority	0.014550690921612	2.24578330474557	GO theme: Broad regulatory / cellular process; KEGG theme: Other KEGG / manual review	No specific profile-level biological interpretation retained; the frozen GO evidence is dominated by broad cellular-component identifiers and does not support the historical broad regulatory profile.
PROFILE_008	UV	Stable	constant	GO	GO:0097061	unavailable in frozen authority	0.0150225085290125	3.01297635916176	GO theme: Broad regulatory / cellular process; KEGG theme: Other KEGG / manual review	No specific profile-level biological interpretation retained; the frozen GO evidence is dominated by broad cellular-component identifiers and does not support the historical broad regulatory profile.
PROFILE_008	UV	Stable	constant	GO	GO:0050790	unavailable in frozen authority	0.0150608279420022	1.24589061304502	GO theme: Broad regulatory / cellular process; KEGG theme: Other KEGG / manual review	No specific profile-level biological interpretation retained; the frozen GO evidence is dominated by broad cellular-component identifiers and does not support the historical broad regulatory profile.
PROFILE_008	UV	Stable	constant	GO	GO:0071840	unavailable in frozen authority	0.0151284896284785	1.11902968125062	GO theme: Broad regulatory / cellular process; KEGG theme: Other KEGG / manual review	No specific profile-level biological interpretation retained; the frozen GO evidence is dominated by broad cellular-component identifiers and does not support the historical broad regulatory profile.
PROFILE_008	UV	Stable	constant	GO	GO:0044427	unavailable in frozen authority	0.0157804052099745	1.34132650268238	GO theme: Broad regulatory / cellular process; KEGG theme: Other KEGG / manual review	No specific profile-level biological interpretation retained; the frozen GO evidence is dominated by broad cellular-component identifiers and does not support the historical broad regulatory profile.
PROFILE_008	UV	Stable	constant	GO	GO:0032446	unavailable in frozen authority	0.0161888004987031	1.47166076467659	GO theme: Broad regulatory / cellular process; KEGG theme: Other KEGG / manual review	No specific profile-level biological interpretation retained; the frozen GO evidence is dominated by broad cellular-component identifiers and does not support the historical broad regulatory profile.
PROFILE_008	UV	Stable	constant	GO	GO:0006913	unavailable in frozen authority	0.0161921874412917	1.59306796001656	GO theme: Broad regulatory / cellular process; KEGG theme: Other KEGG / manual review	No specific profile-level biological interpretation retained; the frozen GO evidence is dominated by broad cellular-component identifiers and does not support the historical broad regulatory profile.
PROFILE_008	UV	Stable	constant	GO	GO:0044267	unavailable in frozen authority	0.0161921874412917	1.1707046696743	GO theme: Broad regulatory / cellular process; KEGG theme: Other KEGG / manual review	No specific profile-level biological interpretation retained; the frozen GO evidence is dominated by broad cellular-component identifiers and does not support the historical broad regulatory profile.
PROFILE_008	UV	Stable	constant	GO	GO:1902903	unavailable in frozen authority	0.0162891394758468	1.62320708358444	GO theme: Broad regulatory / cellular process; KEGG theme: Other KEGG / manual review	No specific profile-level biological interpretation retained; the frozen GO evidence is dominated by broad cellular-component identifiers and does not support the historical broad regulatory profile.
PROFILE_008	UV	Stable	constant	GO	GO:0009451	unavailable in frozen authority	0.016941936731721	1.82090538222614	GO theme: Broad regulatory / cellular process; KEGG theme: Other KEGG / manual review	No specific profile-level biological interpretation retained; the frozen GO evidence is dominated by broad cellular-component identifiers and does not support the historical broad regulatory profile.
PROFILE_008	UV	Stable	constant	GO	GO:0097159	unavailable in frozen authority	0.016941936731721	1.17013141367621	GO theme: Broad regulatory / cellular process; KEGG theme: Other KEGG / manual review	No specific profile-level biological interpretation retained; the frozen GO evidence is dominated by broad cellular-component identifiers and does not support the historical broad regulatory profile.
PROFILE_008	UV	Stable	constant	GO	GO:0031503	unavailable in frozen authority	0.0171065085842856	1.61088516746411	GO theme: Broad regulatory / cellular process; KEGG theme: Other KEGG / manual review	No specific profile-level biological interpretation retained; the frozen GO evidence is dominated by broad cellular-component identifiers and does not support the historical broad regulatory profile.
PROFILE_008	UV	Stable	constant	GO	GO:0048519	unavailable in frozen authority	0.0173222540921473	1.1355558439409	GO theme: Broad regulatory / cellular process; KEGG theme: Other KEGG / manual review	No specific profile-level biological interpretation retained; the frozen GO evidence is dominated by broad cellular-component identifiers and does not support the historical broad regulatory profile.
PROFILE_008	UV	Stable	constant	GO	GO:0019953	unavailable in frozen authority	0.0180271268657908	1.22603421316266	GO theme: Broad regulatory / cellular process; KEGG theme: Other KEGG / manual review	No specific profile-level biological interpretation retained; the frozen GO evidence is dominated by broad cellular-component identifiers and does not support the historical broad regulatory profile.
PROFILE_008	UV	Stable	constant	GO	GO:0010506	unavailable in frozen authority	0.01831081895353	1.56292389884652	GO theme: Broad regulatory / cellular process; KEGG theme: Other KEGG / manual review	No specific profile-level biological interpretation retained; the frozen GO evidence is dominated by broad cellular-component identifiers and does not support the historical broad regulatory profile.
PROFILE_008	UV	Stable	constant	GO	GO:0019219	unavailable in frozen authority	0.019242809084453	1.17847665443376	GO theme: Broad regulatory / cellular process; KEGG theme: Other KEGG / manual review	No specific profile-level biological interpretation retained; the frozen GO evidence is dominated by broad cellular-component identifiers and does not support the historical broad regulatory profile.
PROFILE_008	UV	Stable	constant	GO	GO:0051234	unavailable in frozen authority	0.0197725930618255	1.14407828732321	GO theme: Broad regulatory / cellular process; KEGG theme: Other KEGG / manual review	No specific profile-level biological interpretation retained; the frozen GO evidence is dominated by broad cellular-component identifiers and does not support the historical broad regulatory profile.
PROFILE_008	UV	Stable	constant	GO	GO:0051169	unavailable in frozen authority	0.0198312398008631	1.57752583357738	GO theme: Broad regulatory / cellular process; KEGG theme: Other KEGG / manual review	No specific profile-level biological interpretation retained; the frozen GO evidence is dominated by broad cellular-component identifiers and does not support the historical broad regulatory profile.
PROFILE_008	UV	Stable	constant	GO	GO:0032956	unavailable in frozen authority	0.0200259004171099	1.59103598557776	GO theme: Broad regulatory / cellular process; KEGG theme: Other KEGG / manual review	No specific profile-level biological interpretation retained; the frozen GO evidence is dominated by broad cellular-component identifiers and does not support the historical broad regulatory profile.
PROFILE_008	UV	Stable	constant	GO	GO:0015931	unavailable in frozen authority	0.021684926990431	1.60939037763968	GO theme: Broad regulatory / cellular process; KEGG theme: Other KEGG / manual review	No specific profile-level biological interpretation retained; the frozen GO evidence is dominated by broad cellular-component identifiers and does not support the historical broad regulatory profile.
PROFILE_008	UV	Stable	constant	GO	GO:0003712	unavailable in frozen authority	0.0225480408670609	1.48556473264226	GO theme: Broad regulatory / cellular process; KEGG theme: Other KEGG / manual review	No specific profile-level biological interpretation retained; the frozen GO evidence is dominated by broad cellular-component identifiers and does not support the historical broad regulatory profile.
PROFILE_008	UV	Stable	constant	GO	GO:0010468	unavailable in frozen authority	0.0228787184541783	1.16015610971545	GO theme: Broad regulatory / cellular process; KEGG theme: Other KEGG / manual review	No specific profile-level biological interpretation retained; the frozen GO evidence is dominated by broad cellular-component identifiers and does not support the historical broad regulatory profile.
PROFILE_008	UV	Stable	constant	GO	GO:0070647	unavailable in frozen authority	0.0230387554460698	1.38007366489834	GO theme: Broad regulatory / cellular process; KEGG theme: Other KEGG / manual review	No specific profile-level biological interpretation retained; the frozen GO evidence is dominated by broad cellular-component identifiers and does not support the historical broad regulatory profile.
PROFILE_008	UV	Stable	constant	GO	GO:0016241	unavailable in frozen authority	0.0231922678961869	1.74162786898636	GO theme: Broad regulatory / cellular process; KEGG theme: Other KEGG / manual review	No specific profile-level biological interpretation retained; the frozen GO evidence is dominated by broad cellular-component identifiers and does not support the historical broad regulatory profile.
PROFILE_008	UV	Stable	constant	GO	GO:0006400	unavailable in frozen authority	0.0238169462191019	2.0753443932247	GO theme: Broad regulatory / cellular process; KEGG theme: Other KEGG / manual review	No specific profile-level biological interpretation retained; the frozen GO evidence is dominated by broad cellular-component identifiers and does not support the historical broad regulatory profile.
PROFILE_008	UV	Stable	constant	GO	GO:0016197	unavailable in frozen authority	0.0240061060744598	1.61696397941681	GO theme: Broad regulatory / cellular process; KEGG theme: Other KEGG / manual review	No specific profile-level biological interpretation retained; the frozen GO evidence is dominated by broad cellular-component identifiers and does not support the historical broad regulatory profile.
PROFILE_008	UV	Stable	constant	GO	GO:0051179	unavailable in frozen authority	0.0240061060744598	1.12347846448624	GO theme: Broad regulatory / cellular process; KEGG theme: Other KEGG / manual review	No specific profile-level biological interpretation retained; the frozen GO evidence is dominated by broad cellular-component identifiers and does not support the historical broad regulatory profile.
PROFILE_008	UV	Stable	constant	GO	GO:0048024	unavailable in frozen authority	0.0282237024338705	1.88169965501956	GO theme: Broad regulatory / cellular process; KEGG theme: Other KEGG / manual review	No specific profile-level biological interpretation retained; the frozen GO evidence is dominated by broad cellular-component identifiers and does not support the historical broad regulatory profile.
PROFILE_008	UV	Stable	constant	GO	GO:0098657	unavailable in frozen authority	0.0287252054537884	1.40136878216124	GO theme: Broad regulatory / cellular process; KEGG theme: Other KEGG / manual review	No specific profile-level biological interpretation retained; the frozen GO evidence is dominated by broad cellular-component identifiers and does not support the historical broad regulatory profile.
PROFILE_008	UV	Stable	constant	GO	GO:0009894	unavailable in frozen authority	0.0294575901695139	1.32694654298254	GO theme: Broad regulatory / cellular process; KEGG theme: Other KEGG / manual review	No specific profile-level biological interpretation retained; the frozen GO evidence is dominated by broad cellular-component identifiers and does not support the historical broad regulatory profile.
PROFILE_008	UV	Stable	constant	GO	GO:0044429	unavailable in frozen authority	0.0305512673091278	1.29406416035644	GO theme: Broad regulatory / cellular process; KEGG theme: Other KEGG / manual review	No specific profile-level biological interpretation retained; the frozen GO evidence is dominated by broad cellular-component identifiers and does not support the historical broad regulatory profile.
PROFILE_008	UV	Stable	constant	GO	GO:0010631	unavailable in frozen authority	0.030574504731966	1.58343246832291	GO theme: Broad regulatory / cellular process; KEGG theme: Other KEGG / manual review	No specific profile-level biological interpretation retained; the frozen GO evidence is dominated by broad cellular-component identifiers and does not support the historical broad regulatory profile.
PROFILE_008	UV	Stable	constant	GO	GO:0032268	unavailable in frozen authority	0.0331069311516413	1.20252665588344	GO theme: Broad regulatory / cellular process; KEGG theme: Other KEGG / manual review	No specific profile-level biological interpretation retained; the frozen GO evidence is dominated by broad cellular-component identifiers and does not support the historical broad regulatory profile.
PROFILE_008	UV	Stable	constant	GO	GO:0106027	unavailable in frozen authority	0.035879858984824	2.52650621783876	GO theme: Broad regulatory / cellular process; KEGG theme: Other KEGG / manual review	No specific profile-level biological interpretation retained; the frozen GO evidence is dominated by broad cellular-component identifiers and does not support the historical broad regulatory profile.
PROFILE_008	UV	Stable	constant	GO	GO:0051701	unavailable in frozen authority	0.0360916522736648	2.09090169752174	GO theme: Broad regulatory / cellular process; KEGG theme: Other KEGG / manual review	No specific profile-level biological interpretation retained; the frozen GO evidence is dominated by broad cellular-component identifiers and does not support the historical broad regulatory profile.
PROFILE_008	UV	Stable	constant	GO	GO:0005829	unavailable in frozen authority	0.0362120395189675	1.12785411481605	GO theme: Broad regulatory / cellular process; KEGG theme: Other KEGG / manual review	No specific profile-level biological interpretation retained; the frozen GO evidence is dominated by broad cellular-component identifiers and does not support the historical broad regulatory profile.
PROFILE_008	UV	Stable	constant	GO	GO:0010605	unavailable in frozen authority	0.0362120395189675	1.18992306019249	GO theme: Broad regulatory / cellular process; KEGG theme: Other KEGG / manual review	No specific profile-level biological interpretation retained; the frozen GO evidence is dominated by broad cellular-component identifiers and does not support the historical broad regulatory profile.
PROFILE_008	UV	Stable	constant	GO	GO:0060997	unavailable in frozen authority	0.0362120395189675	3.55376698772925	GO theme: Broad regulatory / cellular process; KEGG theme: Other KEGG / manual review	No specific profile-level biological interpretation retained; the frozen GO evidence is dominated by broad cellular-component identifiers and does not support the historical broad regulatory profile.
PROFILE_008	UV	Stable	constant	GO	GO:0006399	unavailable in frozen authority	0.0368465409351369	1.64996324430287	GO theme: Broad regulatory / cellular process; KEGG theme: Other KEGG / manual review	No specific profile-level biological interpretation retained; the frozen GO evidence is dominated by broad cellular-component identifiers and does not support the historical broad regulatory profile.
PROFILE_008	UV	Stable	constant	GO	GO:0015630	unavailable in frozen authority	0.0368465409351369	1.3101802376227	GO theme: Broad regulatory / cellular process; KEGG theme: Other KEGG / manual review	No specific profile-level biological interpretation retained; the frozen GO evidence is dominated by broad cellular-component identifiers and does not support the historical broad regulatory profile.
PROFILE_008	UV	Stable	constant	GO	GO:0090132	unavailable in frozen authority	0.0379609619683417	1.56658744206416	GO theme: Broad regulatory / cellular process; KEGG theme: Other KEGG / manual review	No specific profile-level biological interpretation retained; the frozen GO evidence is dominated by broad cellular-component identifiers and does not support the historical broad regulatory profile.
PROFILE_008	UV	Stable	constant	GO	GO:0003676	unavailable in frozen authority	0.0384376662176467	1.17650014110156	GO theme: Broad regulatory / cellular process; KEGG theme: Other KEGG / manual review	No specific profile-level biological interpretation retained; the frozen GO evidence is dominated by broad cellular-component identifiers and does not support the historical broad regulatory profile.
PROFILE_008	UV	Stable	constant	GO	GO:0006403	unavailable in frozen authority	0.0387046846853889	1.52392438536306	GO theme: Broad regulatory / cellular process; KEGG theme: Other KEGG / manual review	No specific profile-level biological interpretation retained; the frozen GO evidence is dominated by broad cellular-component identifiers and does not support the historical broad regulatory profile.
PROFILE_008	UV	Stable	constant	GO	GO:0044448	unavailable in frozen authority	0.0389787914714761	1.63368071228672	GO theme: Broad regulatory / cellular process; KEGG theme: Other KEGG / manual review	No specific profile-level biological interpretation retained; the frozen GO evidence is dominated by broad cellular-component identifiers and does not support the historical broad regulatory profile.
PROFILE_008	UV	Stable	constant	GO	GO:0016032	unavailable in frozen authority	0.0401555547080569	1.68803931917139	GO theme: Broad regulatory / cellular process; KEGG theme: Other KEGG / manual review	No specific profile-level biological interpretation retained; the frozen GO evidence is dominated by broad cellular-component identifiers and does not support the historical broad regulatory profile.
PROFILE_008	UV	Stable	constant	GO	GO:0051276	unavailable in frozen authority	0.0404190213228491	1.27770079471488	GO theme: Broad regulatory / cellular process; KEGG theme: Other KEGG / manual review	No specific profile-level biological interpretation retained; the frozen GO evidence is dominated by broad cellular-component identifiers and does not support the historical broad regulatory profile.
PROFILE_008	UV	Stable	constant	GO	GO:0001664	unavailable in frozen authority	0.0407205155716976	1.79021012006861	GO theme: Broad regulatory / cellular process; KEGG theme: Other KEGG / manual review	No specific profile-level biological interpretation retained; the frozen GO evidence is dominated by broad cellular-component identifiers and does not support the historical broad regulatory profile.
PROFILE_008	UV	Stable	constant	GO	GO:0010556	unavailable in frozen authority	0.0407205155716976	1.1658190998478	GO theme: Broad regulatory / cellular process; KEGG theme: Other KEGG / manual review	No specific profile-level biological interpretation retained; the frozen GO evidence is dominated by broad cellular-component identifiers and does not support the historical broad regulatory profile.
PROFILE_008	UV	Stable	constant	GO	GO:0010608	unavailable in frozen authority	0.0407205155716976	1.39847312017123	GO theme: Broad regulatory / cellular process; KEGG theme: Other KEGG / manual review	No specific profile-level biological interpretation retained; the frozen GO evidence is dominated by broad cellular-component identifiers and does not support the historical broad regulatory profile.
PROFILE_008	UV	Stable	constant	GO	GO:0043086	unavailable in frozen authority	0.0407205155716976	1.40199188966775	GO theme: Broad regulatory / cellular process; KEGG theme: Other KEGG / manual review	No specific profile-level biological interpretation retained; the frozen GO evidence is dominated by broad cellular-component identifiers and does not support the historical broad regulatory profile.
PROFILE_008	UV	Stable	constant	GO	GO:0044703	unavailable in frozen authority	0.0407205155716976	1.20015663858216	GO theme: Broad regulatory / cellular process; KEGG theme: Other KEGG / manual review	No specific profile-level biological interpretation retained; the frozen GO evidence is dominated by broad cellular-component identifiers and does not support the historical broad regulatory profile.
PROFILE_008	UV	Stable	constant	GO	GO:0045035	unavailable in frozen authority	0.0407205155716976	4.33115351629503	GO theme: Broad regulatory / cellular process; KEGG theme: Other KEGG / manual review	No specific profile-level biological interpretation retained; the frozen GO evidence is dominated by broad cellular-component identifiers and does not support the historical broad regulatory profile.
PROFILE_008	UV	Stable	constant	GO	GO:0051236	unavailable in frozen authority	0.0407205155716976	1.61843528422065	GO theme: Broad regulatory / cellular process; KEGG theme: Other KEGG / manual review	No specific profile-level biological interpretation retained; the frozen GO evidence is dominated by broad cellular-component identifiers and does not support the historical broad regulatory profile.
PROFILE_008	UV	Stable	constant	GO	GO:1904293	unavailable in frozen authority	0.0407205155716976	4.33115351629503	GO theme: Broad regulatory / cellular process; KEGG theme: Other KEGG / manual review	No specific profile-level biological interpretation retained; the frozen GO evidence is dominated by broad cellular-component identifiers and does not support the historical broad regulatory profile.
PROFILE_008	UV	Stable	constant	GO	GO:0009792	unavailable in frozen authority	0.0454940464262023	1.26965256742455	GO theme: Broad regulatory / cellular process; KEGG theme: Other KEGG / manual review	No specific profile-level biological interpretation retained; the frozen GO evidence is dominated by broad cellular-component identifiers and does not support the historical broad regulatory profile.
PROFILE_008	UV	Stable	constant	GO	GO:0050684	unavailable in frozen authority	0.0457434954805393	1.71288557141611	GO theme: Broad regulatory / cellular process; KEGG theme: Other KEGG / manual review	No specific profile-level biological interpretation retained; the frozen GO evidence is dominated by broad cellular-component identifiers and does not support the historical broad regulatory profile.
PROFILE_008	UV	Stable	constant	GO	GO:0016234	unavailable in frozen authority	0.0458550947365486	2.2312002962732	GO theme: Broad regulatory / cellular process; KEGG theme: Other KEGG / manual review	No specific profile-level biological interpretation retained; the frozen GO evidence is dominated by broad cellular-component identifiers and does not support the historical broad regulatory profile.
PROFILE_008	UV	Stable	constant	GO	GO:0051252	unavailable in frozen authority	0.0458550947365486	1.17198093441359	GO theme: Broad regulatory / cellular process; KEGG theme: Other KEGG / manual review	No specific profile-level biological interpretation retained; the frozen GO evidence is dominated by broad cellular-component identifiers and does not support the historical broad regulatory profile.
PROFILE_008	UV	Stable	constant	GO	GO:0048569	unavailable in frozen authority	0.0472381917818057	1.35716401150092	GO theme: Broad regulatory / cellular process; KEGG theme: Other KEGG / manual review	No specific profile-level biological interpretation retained; the frozen GO evidence is dominated by broad cellular-component identifiers and does not support the historical broad regulatory profile.
PROFILE_008	UV	Stable	constant	GO	GO:0006281	unavailable in frozen authority	0.047533314087524	1.41613087369307	GO theme: Broad regulatory / cellular process; KEGG theme: Other KEGG / manual review	No specific profile-level biological interpretation retained; the frozen GO evidence is dominated by broad cellular-component identifiers and does not support the historical broad regulatory profile.
PROFILE_008	UV	Stable	constant	KEGG	ko04144	unavailable in frozen authority	0.0366100839263939	1.6244997936956	GO theme: Broad regulatory / cellular process; KEGG theme: Other KEGG / manual review	No specific profile-level biological interpretation retained; the frozen GO evidence is dominated by broad cellular-component identifiers and does not support the historical broad regulatory profile.
PROFILE_008	UV	Stable	constant	KEGG	map04144	unavailable in frozen authority	0.0366100839263939	1.6244997936956	GO theme: Broad regulatory / cellular process; KEGG theme: Other KEGG / manual review	No specific profile-level biological interpretation retained; the frozen GO evidence is dominated by broad cellular-component identifiers and does not support the historical broad regulatory profile.
PROFILE_009	UV	Stable	down	GO	GO:0005576	unavailable in frozen authority	0.000139098925809	2.67877533465943	GO theme: Broad regulatory / cellular process; KEGG theme: Other KEGG / manual review	No specific profile-level biological interpretation retained; frozen GO/KEGG term descriptions are unavailable and the historical broad catch-all profile is not supportable.
PROFILE_009	UV	Stable	down	GO	GO:0008061	unavailable in frozen authority	0.000174143033888717	7.36404647983595	GO theme: Broad regulatory / cellular process; KEGG theme: Other KEGG / manual review	No specific profile-level biological interpretation retained; frozen GO/KEGG term descriptions are unavailable and the historical broad catch-all profile is not supportable.
PROFILE_009	UV	Stable	down	KEGG	K00469	unavailable in frozen authority	0.04077892325315	80.6516853932584	GO theme: Broad regulatory / cellular process; KEGG theme: Other KEGG / manual review	No specific profile-level biological interpretation retained; frozen GO/KEGG term descriptions are unavailable and the historical broad catch-all profile is not supportable.
PROFILE_009	UV	Stable	down	KEGG	K01104	unavailable in frozen authority	0.04077892325315	80.6516853932584	GO theme: Broad regulatory / cellular process; KEGG theme: Other KEGG / manual review	No specific profile-level biological interpretation retained; frozen GO/KEGG term descriptions are unavailable and the historical broad catch-all profile is not supportable.
PROFILE_009	UV	Stable	down	KEGG	K01341	unavailable in frozen authority	0.04077892325315	80.6516853932584	GO theme: Broad regulatory / cellular process; KEGG theme: Other KEGG / manual review	No specific profile-level biological interpretation retained; frozen GO/KEGG term descriptions are unavailable and the historical broad catch-all profile is not supportable.
PROFILE_009	UV	Stable	down	KEGG	K03518	unavailable in frozen authority	0.04077892325315	80.6516853932584	GO theme: Broad regulatory / cellular process; KEGG theme: Other KEGG / manual review	No specific profile-level biological interpretation retained; frozen GO/KEGG term descriptions are unavailable and the historical broad catch-all profile is not supportable.
PROFILE_009	UV	Stable	down	KEGG	K03791	unavailable in frozen authority	0.04077892325315	80.6516853932584	GO theme: Broad regulatory / cellular process; KEGG theme: Other KEGG / manual review	No specific profile-level biological interpretation retained; frozen GO/KEGG term descriptions are unavailable and the historical broad catch-all profile is not supportable.
PROFILE_009	UV	Stable	down	KEGG	K04142	unavailable in frozen authority	0.04077892325315	80.6516853932584	GO theme: Broad regulatory / cellular process; KEGG theme: Other KEGG / manual review	No specific profile-level biological interpretation retained; frozen GO/KEGG term descriptions are unavailable and the historical broad catch-all profile is not supportable.
PROFILE_009	UV	Stable	down	KEGG	K04662	unavailable in frozen authority	0.04077892325315	80.6516853932584	GO theme: Broad regulatory / cellular process; KEGG theme: Other KEGG / manual review	No specific profile-level biological interpretation retained; frozen GO/KEGG term descriptions are unavailable and the historical broad catch-all profile is not supportable.
PROFILE_009	UV	Stable	down	KEGG	K04964	unavailable in frozen authority	0.04077892325315	80.6516853932584	GO theme: Broad regulatory / cellular process; KEGG theme: Other KEGG / manual review	No specific profile-level biological interpretation retained; frozen GO/KEGG term descriptions are unavailable and the historical broad catch-all profile is not supportable.
PROFILE_009	UV	Stable	down	KEGG	K04968	unavailable in frozen authority	0.04077892325315	80.6516853932584	GO theme: Broad regulatory / cellular process; KEGG theme: Other KEGG / manual review	No specific profile-level biological interpretation retained; frozen GO/KEGG term descriptions are unavailable and the historical broad catch-all profile is not supportable.
PROFILE_009	UV	Stable	down	KEGG	K04979	unavailable in frozen authority	0.04077892325315	80.6516853932584	GO theme: Broad regulatory / cellular process; KEGG theme: Other KEGG / manual review	No specific profile-level biological interpretation retained; frozen GO/KEGG term descriptions are unavailable and the historical broad catch-all profile is not supportable.
PROFILE_009	UV	Stable	down	KEGG	K05612	unavailable in frozen authority	0.04077892325315	80.6516853932584	GO theme: Broad regulatory / cellular process; KEGG theme: Other KEGG / manual review	No specific profile-level biological interpretation retained; frozen GO/KEGG term descriptions are unavailable and the historical broad catch-all profile is not supportable.
PROFILE_009	UV	Stable	down	KEGG	K06236	unavailable in frozen authority	0.04077892325315	80.6516853932584	GO theme: Broad regulatory / cellular process; KEGG theme: Other KEGG / manual review	No specific profile-level biological interpretation retained; frozen GO/KEGG term descriptions are unavailable and the historical broad catch-all profile is not supportable.
PROFILE_009	UV	Stable	down	KEGG	K06765	unavailable in frozen authority	0.04077892325315	80.6516853932584	GO theme: Broad regulatory / cellular process; KEGG theme: Other KEGG / manual review	No specific profile-level biological interpretation retained; frozen GO/KEGG term descriptions are unavailable and the historical broad catch-all profile is not supportable.
PROFILE_009	UV	Stable	down	KEGG	K06766	unavailable in frozen authority	0.04077892325315	80.6516853932584	GO theme: Broad regulatory / cellular process; KEGG theme: Other KEGG / manual review	No specific profile-level biological interpretation retained; frozen GO/KEGG term descriptions are unavailable and the historical broad catch-all profile is not supportable.
PROFILE_009	UV	Stable	down	KEGG	K06777	unavailable in frozen authority	0.04077892325315	80.6516853932584	GO theme: Broad regulatory / cellular process; KEGG theme: Other KEGG / manual review	No specific profile-level biological interpretation retained; frozen GO/KEGG term descriptions are unavailable and the historical broad catch-all profile is not supportable.
PROFILE_009	UV	Stable	down	KEGG	K06829	unavailable in frozen authority	0.04077892325315	80.6516853932584	GO theme: Broad regulatory / cellular process; KEGG theme: Other KEGG / manual review	No specific profile-level biological interpretation retained; frozen GO/KEGG term descriptions are unavailable and the historical broad catch-all profile is not supportable.
PROFILE_009	UV	Stable	down	KEGG	K07371	unavailable in frozen authority	0.04077892325315	80.6516853932584	GO theme: Broad regulatory / cellular process; KEGG theme: Other KEGG / manual review	No specific profile-level biological interpretation retained; frozen GO/KEGG term descriptions are unavailable and the historical broad catch-all profile is not supportable.
PROFILE_009	UV	Stable	down	KEGG	K08031	unavailable in frozen authority	0.04077892325315	80.6516853932584	GO theme: Broad regulatory / cellular process; KEGG theme: Other KEGG / manual review	No specific profile-level biological interpretation retained; frozen GO/KEGG term descriptions are unavailable and the historical broad catch-all profile is not supportable.
PROFILE_009	UV	Stable	down	KEGG	K08052	unavailable in frozen authority	0.04077892325315	80.6516853932584	GO theme: Broad regulatory / cellular process; KEGG theme: Other KEGG / manual review	No specific profile-level biological interpretation retained; frozen GO/KEGG term descriptions are unavailable and the historical broad catch-all profile is not supportable.
PROFILE_009	UV	Stable	down	KEGG	K08494	unavailable in frozen authority	0.04077892325315	80.6516853932584	GO theme: Broad regulatory / cellular process; KEGG theme: Other KEGG / manual review	No specific profile-level biological interpretation retained; frozen GO/KEGG term descriptions are unavailable and the historical broad catch-all profile is not supportable.
PROFILE_009	UV	Stable	down	KEGG	K08810	unavailable in frozen authority	0.04077892325315	80.6516853932584	GO theme: Broad regulatory / cellular process; KEGG theme: Other KEGG / manual review	No specific profile-level biological interpretation retained; frozen GO/KEGG term descriptions are unavailable and the historical broad catch-all profile is not supportable.
PROFILE_009	UV	Stable	down	KEGG	K09275	unavailable in frozen authority	0.04077892325315	80.6516853932584	GO theme: Broad regulatory / cellular process; KEGG theme: Other KEGG / manual review	No specific profile-level biological interpretation retained; frozen GO/KEGG term descriptions are unavailable and the historical broad catch-all profile is not supportable.
PROFILE_009	UV	Stable	down	KEGG	K09353	unavailable in frozen authority	0.04077892325315	80.6516853932584	GO theme: Broad regulatory / cellular process; KEGG theme: Other KEGG / manual review	No specific profile-level biological interpretation retained; frozen GO/KEGG term descriptions are unavailable and the historical broad catch-all profile is not supportable.
PROFILE_009	UV	Stable	down	KEGG	K09395	unavailable in frozen authority	0.04077892325315	80.6516853932584	GO theme: Broad regulatory / cellular process; KEGG theme: Other KEGG / manual review	No specific profile-level biological interpretation retained; frozen GO/KEGG term descriptions are unavailable and the historical broad catch-all profile is not supportable.
PROFILE_009	UV	Stable	down	KEGG	K09411	unavailable in frozen authority	0.04077892325315	80.6516853932584	GO theme: Broad regulatory / cellular process; KEGG theme: Other KEGG / manual review	No specific profile-level biological interpretation retained; frozen GO/KEGG term descriptions are unavailable and the historical broad catch-all profile is not supportable.
PROFILE_009	UV	Stable	down	KEGG	K10382	unavailable in frozen authority	0.04077892325315	80.6516853932584	GO theme: Broad regulatory / cellular process; KEGG theme: Other KEGG / manual review	No specific profile-level biological interpretation retained; frozen GO/KEGG term descriptions are unavailable and the historical broad catch-all profile is not supportable.
PROFILE_009	UV	Stable	down	KEGG	K10388	unavailable in frozen authority	0.04077892325315	80.6516853932584	GO theme: Broad regulatory / cellular process; KEGG theme: Other KEGG / manual review	No specific profile-level biological interpretation retained; frozen GO/KEGG term descriptions are unavailable and the historical broad catch-all profile is not supportable.
PROFILE_009	UV	Stable	down	KEGG	K12550	unavailable in frozen authority	0.04077892325315	80.6516853932584	GO theme: Broad regulatory / cellular process; KEGG theme: Other KEGG / manual review	No specific profile-level biological interpretation retained; frozen GO/KEGG term descriptions are unavailable and the historical broad catch-all profile is not supportable.
PROFILE_009	UV	Stable	down	KEGG	K14428	unavailable in frozen authority	0.04077892325315	80.6516853932584	GO theme: Broad regulatory / cellular process; KEGG theme: Other KEGG / manual review	No specific profile-level biological interpretation retained; frozen GO/KEGG term descriptions are unavailable and the historical broad catch-all profile is not supportable.
PROFILE_009	UV	Stable	down	KEGG	K14462	unavailable in frozen authority	0.04077892325315	80.6516853932584	GO theme: Broad regulatory / cellular process; KEGG theme: Other KEGG / manual review	No specific profile-level biological interpretation retained; frozen GO/KEGG term descriptions are unavailable and the historical broad catch-all profile is not supportable.
PROFILE_009	UV	Stable	down	KEGG	K15048	unavailable in frozen authority	0.04077892325315	80.6516853932584	GO theme: Broad regulatory / cellular process; KEGG theme: Other KEGG / manual review	No specific profile-level biological interpretation retained; frozen GO/KEGG term descriptions are unavailable and the historical broad catch-all profile is not supportable.
PROFILE_009	UV	Stable	down	KEGG	K15271	unavailable in frozen authority	0.04077892325315	80.6516853932584	GO theme: Broad regulatory / cellular process; KEGG theme: Other KEGG / manual review	No specific profile-level biological interpretation retained; frozen GO/KEGG term descriptions are unavailable and the historical broad catch-all profile is not supportable.
PROFILE_009	UV	Stable	down	KEGG	K16072	unavailable in frozen authority	0.04077892325315	80.6516853932584	GO theme: Broad regulatory / cellular process; KEGG theme: Other KEGG / manual review	No specific profile-level biological interpretation retained; frozen GO/KEGG term descriptions are unavailable and the historical broad catch-all profile is not supportable.
PROFILE_009	UV	Stable	down	KEGG	K17280	unavailable in frozen authority	0.04077892325315	80.6516853932584	GO theme: Broad regulatory / cellular process; KEGG theme: Other KEGG / manual review	No specific profile-level biological interpretation retained; frozen GO/KEGG term descriptions are unavailable and the historical broad catch-all profile is not supportable.
PROFILE_009	UV	Stable	down	KEGG	K17926	unavailable in frozen authority	0.04077892325315	80.6516853932584	GO theme: Broad regulatory / cellular process; KEGG theme: Other KEGG / manual review	No specific profile-level biological interpretation retained; frozen GO/KEGG term descriptions are unavailable and the historical broad catch-all profile is not supportable.
PROFILE_009	UV	Stable	down	KEGG	K18436	unavailable in frozen authority	0.04077892325315	80.6516853932584	GO theme: Broad regulatory / cellular process; KEGG theme: Other KEGG / manual review	No specific profile-level biological interpretation retained; frozen GO/KEGG term descriptions are unavailable and the historical broad catch-all profile is not supportable.
PROFILE_009	UV	Stable	down	KEGG	K18597	unavailable in frozen authority	0.04077892325315	80.6516853932584	GO theme: Broad regulatory / cellular process; KEGG theme: Other KEGG / manual review	No specific profile-level biological interpretation retained; frozen GO/KEGG term descriptions are unavailable and the historical broad catch-all profile is not supportable.
PROFILE_009	UV	Stable	down	KEGG	K18598	unavailable in frozen authority	0.04077892325315	80.6516853932584	GO theme: Broad regulatory / cellular process; KEGG theme: Other KEGG / manual review	No specific profile-level biological interpretation retained; frozen GO/KEGG term descriptions are unavailable and the historical broad catch-all profile is not supportable.
PROFILE_009	UV	Stable	down	KEGG	K19827	unavailable in frozen authority	0.04077892325315	80.6516853932584	GO theme: Broad regulatory / cellular process; KEGG theme: Other KEGG / manual review	No specific profile-level biological interpretation retained; frozen GO/KEGG term descriptions are unavailable and the historical broad catch-all profile is not supportable.
PROFILE_009	UV	Stable	down	KEGG	K19871	unavailable in frozen authority	0.04077892325315	80.6516853932584	GO theme: Broad regulatory / cellular process; KEGG theme: Other KEGG / manual review	No specific profile-level biological interpretation retained; frozen GO/KEGG term descriptions are unavailable and the historical broad catch-all profile is not supportable.
PROFILE_009	UV	Stable	down	KEGG	K19878	unavailable in frozen authority	0.04077892325315	80.6516853932584	GO theme: Broad regulatory / cellular process; KEGG theme: Other KEGG / manual review	No specific profile-level biological interpretation retained; frozen GO/KEGG term descriptions are unavailable and the historical broad catch-all profile is not supportable.
PROFILE_009	UV	Stable	down	KEGG	K19941	unavailable in frozen authority	0.04077892325315	80.6516853932584	GO theme: Broad regulatory / cellular process; KEGG theme: Other KEGG / manual review	No specific profile-level biological interpretation retained; frozen GO/KEGG term descriptions are unavailable and the historical broad catch-all profile is not supportable.
PROFILE_009	UV	Stable	down	KEGG	K20628	unavailable in frozen authority	0.04077892325315	80.6516853932584	GO theme: Broad regulatory / cellular process; KEGG theme: Other KEGG / manual review	No specific profile-level biological interpretation retained; frozen GO/KEGG term descriptions are unavailable and the historical broad catch-all profile is not supportable.
PROFILE_009	UV	Stable	down	KEGG	K21852	unavailable in frozen authority	0.04077892325315	80.6516853932584	GO theme: Broad regulatory / cellular process; KEGG theme: Other KEGG / manual review	No specific profile-level biological interpretation retained; frozen GO/KEGG term descriptions are unavailable and the historical broad catch-all profile is not supportable.
PROFILE_009	UV	Stable	down	KEGG	K22471	unavailable in frozen authority	0.04077892325315	80.6516853932584	GO theme: Broad regulatory / cellular process; KEGG theme: Other KEGG / manual review	No specific profile-level biological interpretation retained; frozen GO/KEGG term descriptions are unavailable and the historical broad catch-all profile is not supportable.
PROFILE_009	UV	Stable	down	KEGG	K01183	unavailable in frozen authority	0.0462440867619895	10.7535580524345	GO theme: Broad regulatory / cellular process; KEGG theme: Other KEGG / manual review	No specific profile-level biological interpretation retained; frozen GO/KEGG term descriptions are unavailable and the historical broad catch-all profile is not supportable.
PROFILE_009	UV	Stable	down	KEGG	K01495	unavailable in frozen authority	0.0473714650530915	40.3258426966292	GO theme: Broad regulatory / cellular process; KEGG theme: Other KEGG / manual review	No specific profile-level biological interpretation retained; frozen GO/KEGG term descriptions are unavailable and the historical broad catch-all profile is not supportable.
PROFILE_009	UV	Stable	down	KEGG	K04144	unavailable in frozen authority	0.0473714650530915	40.3258426966292	GO theme: Broad regulatory / cellular process; KEGG theme: Other KEGG / manual review	No specific profile-level biological interpretation retained; frozen GO/KEGG term descriptions are unavailable and the historical broad catch-all profile is not supportable.
PROFILE_009	UV	Stable	down	KEGG	K04160	unavailable in frozen authority	0.0473714650530915	40.3258426966292	GO theme: Broad regulatory / cellular process; KEGG theme: Other KEGG / manual review	No specific profile-level biological interpretation retained; frozen GO/KEGG term descriptions are unavailable and the historical broad catch-all profile is not supportable.
PROFILE_009	UV	Stable	down	KEGG	K04204	unavailable in frozen authority	0.0473714650530915	40.3258426966292	GO theme: Broad regulatory / cellular process; KEGG theme: Other KEGG / manual review	No specific profile-level biological interpretation retained; frozen GO/KEGG term descriptions are unavailable and the historical broad catch-all profile is not supportable.
PROFILE_009	UV	Stable	down	KEGG	K04206	unavailable in frozen authority	0.0473714650530915	40.3258426966292	GO theme: Broad regulatory / cellular process; KEGG theme: Other KEGG / manual review	No specific profile-level biological interpretation retained; frozen GO/KEGG term descriptions are unavailable and the historical broad catch-all profile is not supportable.
PROFILE_009	UV	Stable	down	KEGG	K04208	unavailable in frozen authority	0.0473714650530915	40.3258426966292	GO theme: Broad regulatory / cellular process; KEGG theme: Other KEGG / manual review	No specific profile-level biological interpretation retained; frozen GO/KEGG term descriptions are unavailable and the historical broad catch-all profile is not supportable.
PROFILE_009	UV	Stable	down	KEGG	K04230	unavailable in frozen authority	0.0473714650530915	40.3258426966292	GO theme: Broad regulatory / cellular process; KEGG theme: Other KEGG / manual review	No specific profile-level biological interpretation retained; frozen GO/KEGG term descriptions are unavailable and the historical broad catch-all profile is not supportable.
PROFILE_009	UV	Stable	down	KEGG	K04430	unavailable in frozen authority	0.0473714650530915	40.3258426966292	GO theme: Broad regulatory / cellular process; KEGG theme: Other KEGG / manual review	No specific profile-level biological interpretation retained; frozen GO/KEGG term descriptions are unavailable and the historical broad catch-all profile is not supportable.
PROFILE_009	UV	Stable	down	KEGG	K04608	unavailable in frozen authority	0.0473714650530915	40.3258426966292	GO theme: Broad regulatory / cellular process; KEGG theme: Other KEGG / manual review	No specific profile-level biological interpretation retained; frozen GO/KEGG term descriptions are unavailable and the historical broad catch-all profile is not supportable.
PROFILE_009	UV	Stable	down	KEGG	K04967	unavailable in frozen authority	0.0473714650530915	40.3258426966292	GO theme: Broad regulatory / cellular process; KEGG theme: Other KEGG / manual review	No specific profile-level biological interpretation retained; frozen GO/KEGG term descriptions are unavailable and the historical broad catch-all profile is not supportable.
PROFILE_009	UV	Stable	down	KEGG	K05175	unavailable in frozen authority	0.0473714650530915	40.3258426966292	GO theme: Broad regulatory / cellular process; KEGG theme: Other KEGG / manual review	No specific profile-level biological interpretation retained; frozen GO/KEGG term descriptions are unavailable and the historical broad catch-all profile is not supportable.
PROFILE_009	UV	Stable	down	KEGG	K05613	unavailable in frozen authority	0.0473714650530915	40.3258426966292	GO theme: Broad regulatory / cellular process; KEGG theme: Other KEGG / manual review	No specific profile-level biological interpretation retained; frozen GO/KEGG term descriptions are unavailable and the historical broad catch-all profile is not supportable.
PROFILE_009	UV	Stable	down	KEGG	K05688	unavailable in frozen authority	0.0473714650530915	40.3258426966292	GO theme: Broad regulatory / cellular process; KEGG theme: Other KEGG / manual review	No specific profile-level biological interpretation retained; frozen GO/KEGG term descriptions are unavailable and the historical broad catch-all profile is not supportable.
PROFILE_009	UV	Stable	down	KEGG	K05695	unavailable in frozen authority	0.0473714650530915	40.3258426966292	GO theme: Broad regulatory / cellular process; KEGG theme: Other KEGG / manual review	No specific profile-level biological interpretation retained; frozen GO/KEGG term descriptions are unavailable and the historical broad catch-all profile is not supportable.
PROFILE_009	UV	Stable	down	KEGG	K06827	unavailable in frozen authority	0.0473714650530915	40.3258426966292	GO theme: Broad regulatory / cellular process; KEGG theme: Other KEGG / manual review	No specific profile-level biological interpretation retained; frozen GO/KEGG term descriptions are unavailable and the historical broad catch-all profile is not supportable.
PROFILE_009	UV	Stable	down	KEGG	K07748	unavailable in frozen authority	0.0473714650530915	40.3258426966292	GO theme: Broad regulatory / cellular process; KEGG theme: Other KEGG / manual review	No specific profile-level biological interpretation retained; frozen GO/KEGG term descriptions are unavailable and the historical broad catch-all profile is not supportable.
PROFILE_009	UV	Stable	down	KEGG	K09115	unavailable in frozen authority	0.0473714650530915	40.3258426966292	GO theme: Broad regulatory / cellular process; KEGG theme: Other KEGG / manual review	No specific profile-level biological interpretation retained; frozen GO/KEGG term descriptions are unavailable and the historical broad catch-all profile is not supportable.
PROFILE_009	UV	Stable	down	KEGG	K10406	unavailable in frozen authority	0.0473714650530915	40.3258426966292	GO theme: Broad regulatory / cellular process; KEGG theme: Other KEGG / manual review	No specific profile-level biological interpretation retained; frozen GO/KEGG term descriptions are unavailable and the historical broad catch-all profile is not supportable.
PROFILE_009	UV	Stable	down	KEGG	K12374	unavailable in frozen authority	0.0473714650530915	40.3258426966292	GO theme: Broad regulatory / cellular process; KEGG theme: Other KEGG / manual review	No specific profile-level biological interpretation retained; frozen GO/KEGG term descriptions are unavailable and the historical broad catch-all profile is not supportable.
PROFILE_009	UV	Stable	down	KEGG	K12571	unavailable in frozen authority	0.0473714650530915	40.3258426966292	GO theme: Broad regulatory / cellular process; KEGG theme: Other KEGG / manual review	No specific profile-level biological interpretation retained; frozen GO/KEGG term descriptions are unavailable and the historical broad catch-all profile is not supportable.
PROFILE_009	UV	Stable	down	KEGG	K13293	unavailable in frozen authority	0.0473714650530915	40.3258426966292	GO theme: Broad regulatory / cellular process; KEGG theme: Other KEGG / manual review	No specific profile-level biological interpretation retained; frozen GO/KEGG term descriptions are unavailable and the historical broad catch-all profile is not supportable.
PROFILE_009	UV	Stable	down	KEGG	K13803	unavailable in frozen authority	0.0473714650530915	40.3258426966292	GO theme: Broad regulatory / cellular process; KEGG theme: Other KEGG / manual review	No specific profile-level biological interpretation retained; frozen GO/KEGG term descriptions are unavailable and the historical broad catch-all profile is not supportable.
PROFILE_009	UV	Stable	down	KEGG	K14157	unavailable in frozen authority	0.0473714650530915	40.3258426966292	GO theme: Broad regulatory / cellular process; KEGG theme: Other KEGG / manual review	No specific profile-level biological interpretation retained; frozen GO/KEGG term descriptions are unavailable and the historical broad catch-all profile is not supportable.
PROFILE_009	UV	Stable	down	KEGG	K15692	unavailable in frozen authority	0.0473714650530915	40.3258426966292	GO theme: Broad regulatory / cellular process; KEGG theme: Other KEGG / manual review	No specific profile-level biological interpretation retained; frozen GO/KEGG term descriptions are unavailable and the historical broad catch-all profile is not supportable.
PROFILE_009	UV	Stable	down	KEGG	K16307	unavailable in frozen authority	0.0473714650530915	40.3258426966292	GO theme: Broad regulatory / cellular process; KEGG theme: Other KEGG / manual review	No specific profile-level biological interpretation retained; frozen GO/KEGG term descriptions are unavailable and the historical broad catch-all profile is not supportable.
PROFILE_009	UV	Stable	down	KEGG	K17256	unavailable in frozen authority	0.0473714650530915	40.3258426966292	GO theme: Broad regulatory / cellular process; KEGG theme: Other KEGG / manual review	No specific profile-level biological interpretation retained; frozen GO/KEGG term descriptions are unavailable and the historical broad catch-all profile is not supportable.
PROFILE_009	UV	Stable	down	KEGG	K17535	unavailable in frozen authority	0.0473714650530915	40.3258426966292	GO theme: Broad regulatory / cellular process; KEGG theme: Other KEGG / manual review	No specific profile-level biological interpretation retained; frozen GO/KEGG term descriptions are unavailable and the historical broad catch-all profile is not supportable.
PROFILE_009	UV	Stable	down	KEGG	K18740	unavailable in frozen authority	0.0473714650530915	40.3258426966292	GO theme: Broad regulatory / cellular process; KEGG theme: Other KEGG / manual review	No specific profile-level biological interpretation retained; frozen GO/KEGG term descriptions are unavailable and the historical broad catch-all profile is not supportable.
PROFILE_009	UV	Stable	down	KEGG	K19720	unavailable in frozen authority	0.0473714650530915	40.3258426966292	GO theme: Broad regulatory / cellular process; KEGG theme: Other KEGG / manual review	No specific profile-level biological interpretation retained; frozen GO/KEGG term descriptions are unavailable and the historical broad catch-all profile is not supportable.
PROFILE_009	UV	Stable	down	KEGG	K20672	unavailable in frozen authority	0.0473714650530915	40.3258426966292	GO theme: Broad regulatory / cellular process; KEGG theme: Other KEGG / manual review	No specific profile-level biological interpretation retained; frozen GO/KEGG term descriptions are unavailable and the historical broad catch-all profile is not supportable.
PROFILE_009	UV	Stable	down	KEGG	K21283	unavailable in frozen authority	0.0473714650530915	40.3258426966292	GO theme: Broad regulatory / cellular process; KEGG theme: Other KEGG / manual review	No specific profile-level biological interpretation retained; frozen GO/KEGG term descriptions are unavailable and the historical broad catch-all profile is not supportable.
PROFILE_009	UV	Stable	down	KEGG	K09640	unavailable in frozen authority	0.0474141706122425	8.06516853932584	GO theme: Broad regulatory / cellular process; KEGG theme: Other KEGG / manual review	No specific profile-level biological interpretation retained; frozen GO/KEGG term descriptions are unavailable and the historical broad catch-all profile is not supportable.
PROFILE_013	UV	Transitional	up	KEGG	ko00980	unavailable in frozen authority	0.00379532417170407	3.29113924050633	GO theme: No significant GO enrichment; KEGG theme: No significant KEGG enrichment	Significant KEGG term identifiers are present, but no specific profile-level biological interpretation is retained because descriptions are unavailable in the frozen authority.
PROFILE_013	UV	Transitional	up	KEGG	ko05204	unavailable in frozen authority	0.00379532417170407	3.20987654320988	GO theme: No significant GO enrichment; KEGG theme: No significant KEGG enrichment	Significant KEGG term identifiers are present, but no specific profile-level biological interpretation is retained because descriptions are unavailable in the frozen authority.
PROFILE_013	UV	Transitional	up	KEGG	map00980	unavailable in frozen authority	0.00379532417170407	3.29113924050633	GO theme: No significant GO enrichment; KEGG theme: No significant KEGG enrichment	Significant KEGG term identifiers are present, but no specific profile-level biological interpretation is retained because descriptions are unavailable in the frozen authority.
PROFILE_013	UV	Transitional	up	KEGG	map05204	unavailable in frozen authority	0.00379532417170407	3.20987654320988	GO theme: No significant GO enrichment; KEGG theme: No significant KEGG enrichment	Significant KEGG term identifiers are present, but no specific profile-level biological interpretation is retained because descriptions are unavailable in the frozen authority.
PROFILE_013	UV	Transitional	up	KEGG	ko00982	unavailable in frozen authority	0.00921901041436484	3.3531746031746	GO theme: No significant GO enrichment; KEGG theme: No significant KEGG enrichment	Significant KEGG term identifiers are present, but no specific profile-level biological interpretation is retained because descriptions are unavailable in the frozen authority.
PROFILE_013	UV	Transitional	up	KEGG	map00982	unavailable in frozen authority	0.00921901041436484	3.3531746031746	GO theme: No significant GO enrichment; KEGG theme: No significant KEGG enrichment	Significant KEGG term identifiers are present, but no specific profile-level biological interpretation is retained because descriptions are unavailable in the frozen authority.
PROFILE_013	UV	Transitional	up	KEGG	ko00983	unavailable in frozen authority	0.0135515177016298	2.99342105263158	GO theme: No significant GO enrichment; KEGG theme: No significant KEGG enrichment	Significant KEGG term identifiers are present, but no specific profile-level biological interpretation is retained because descriptions are unavailable in the frozen authority.
PROFILE_013	UV	Transitional	up	KEGG	map00983	unavailable in frozen authority	0.0135515177016298	2.99342105263158	GO theme: No significant GO enrichment; KEGG theme: No significant KEGG enrichment	Significant KEGG term identifiers are present, but no specific profile-level biological interpretation is retained because descriptions are unavailable in the frozen authority.
PROFILE_026	OSM	Highly Stable	up	KEGG	ko04380	unavailable in frozen authority	0.00108756036864645	12.2352941176471	GO theme: No significant GO enrichment; KEGG theme: Other KEGG / manual review	No specific profile-level biological interpretation retained; frozen KEGG term descriptions are unavailable and the historical manual/catch-all profile is not supportable.
PROFILE_026	OSM	Highly Stable	up	KEGG	map04380	unavailable in frozen authority	0.00108756036864645	12.2352941176471	GO theme: No significant GO enrichment; KEGG theme: Other KEGG / manual review	No specific profile-level biological interpretation retained; frozen KEGG term descriptions are unavailable and the historical manual/catch-all profile is not supportable.
PROFILE_026	OSM	Highly Stable	up	KEGG	K03283	unavailable in frozen authority	0.00933366547647759	50.5492957746479	GO theme: No significant GO enrichment; KEGG theme: Other KEGG / manual review	No specific profile-level biological interpretation retained; frozen KEGG term descriptions are unavailable and the historical manual/catch-all profile is not supportable.
PROFILE_026	OSM	Highly Stable	up	KEGG	K04448	unavailable in frozen authority	0.00933366547647759	101.098591549296	GO theme: No significant GO enrichment; KEGG theme: Other KEGG / manual review	No specific profile-level biological interpretation retained; frozen KEGG term descriptions are unavailable and the historical manual/catch-all profile is not supportable.
PROFILE_026	OSM	Highly Stable	up	KEGG	K09542	unavailable in frozen authority	0.00933366547647759	50.5492957746479	GO theme: No significant GO enrichment; KEGG theme: Other KEGG / manual review	No specific profile-level biological interpretation retained; frozen KEGG term descriptions are unavailable and the historical manual/catch-all profile is not supportable.
PROFILE_026	OSM	Highly Stable	up	KEGG	K09543	unavailable in frozen authority	0.00933366547647759	50.5492957746479	GO theme: No significant GO enrichment; KEGG theme: Other KEGG / manual review	No specific profile-level biological interpretation retained; frozen KEGG term descriptions are unavailable and the historical manual/catch-all profile is not supportable.
PROFILE_026	OSM	Highly Stable	up	KEGG	K14381	unavailable in frozen authority	0.00933366547647759	67.3990610328639	GO theme: No significant GO enrichment; KEGG theme: Other KEGG / manual review	No specific profile-level biological interpretation retained; frozen KEGG term descriptions are unavailable and the historical manual/catch-all profile is not supportable.
PROFILE_026	OSM	Highly Stable	up	KEGG	K19511	unavailable in frozen authority	0.00933366547647759	18.955985915493	GO theme: No significant GO enrichment; KEGG theme: Other KEGG / manual review	No specific profile-level biological interpretation retained; frozen KEGG term descriptions are unavailable and the historical manual/catch-all profile is not supportable.
PROFILE_026	OSM	Highly Stable	up	KEGG	ko04137	unavailable in frozen authority	0.0116500440142566	11.2432432432432	GO theme: No significant GO enrichment; KEGG theme: Other KEGG / manual review	No specific profile-level biological interpretation retained; frozen KEGG term descriptions are unavailable and the historical manual/catch-all profile is not supportable.
PROFILE_026	OSM	Highly Stable	up	KEGG	ko04668	unavailable in frozen authority	0.0116500440142566	9.12280701754386	GO theme: No significant GO enrichment; KEGG theme: Other KEGG / manual review	No specific profile-level biological interpretation retained; frozen KEGG term descriptions are unavailable and the historical manual/catch-all profile is not supportable.
PROFILE_026	OSM	Highly Stable	up	KEGG	ko04915	unavailable in frozen authority	0.0116500440142566	8.125	GO theme: No significant GO enrichment; KEGG theme: Other KEGG / manual review	No specific profile-level biological interpretation retained; frozen KEGG term descriptions are unavailable and the historical manual/catch-all profile is not supportable.
PROFILE_026	OSM	Highly Stable	up	KEGG	ko05418	unavailable in frozen authority	0.0116500440142566	6.11764705882353	GO theme: No significant GO enrichment; KEGG theme: Other KEGG / manual review	No specific profile-level biological interpretation retained; frozen KEGG term descriptions are unavailable and the historical manual/catch-all profile is not supportable.
PROFILE_026	OSM	Highly Stable	up	KEGG	map04137	unavailable in frozen authority	0.0116500440142566	11.2432432432432	GO theme: No significant GO enrichment; KEGG theme: Other KEGG / manual review	No specific profile-level biological interpretation retained; frozen KEGG term descriptions are unavailable and the historical manual/catch-all profile is not supportable.
PROFILE_026	OSM	Highly Stable	up	KEGG	map04668	unavailable in frozen authority	0.0116500440142566	9.12280701754386	GO theme: No significant GO enrichment; KEGG theme: Other KEGG / manual review	No specific profile-level biological interpretation retained; frozen KEGG term descriptions are unavailable and the historical manual/catch-all profile is not supportable.
PROFILE_026	OSM	Highly Stable	up	KEGG	map04915	unavailable in frozen authority	0.0116500440142566	8.125	GO theme: No significant GO enrichment; KEGG theme: Other KEGG / manual review	No specific profile-level biological interpretation retained; frozen KEGG term descriptions are unavailable and the historical manual/catch-all profile is not supportable.
PROFILE_026	OSM	Highly Stable	up	KEGG	map05418	unavailable in frozen authority	0.0116500440142566	6.11764705882353	GO theme: No significant GO enrichment; KEGG theme: Other KEGG / manual review	No specific profile-level biological interpretation retained; frozen KEGG term descriptions are unavailable and the historical manual/catch-all profile is not supportable.
PROFILE_026	OSM	Highly Stable	up	KEGG	K08237	unavailable in frozen authority	0.019745562230494	33.6995305164319	GO theme: No significant GO enrichment; KEGG theme: Other KEGG / manual review	No specific profile-level biological interpretation retained; frozen KEGG term descriptions are unavailable and the historical manual/catch-all profile is not supportable.
PROFILE_026	OSM	Highly Stable	up	KEGG	ko05169	unavailable in frozen authority	0.0214171569465643	5.2436974789916	GO theme: No significant GO enrichment; KEGG theme: Other KEGG / manual review	No specific profile-level biological interpretation retained; frozen KEGG term descriptions are unavailable and the historical manual/catch-all profile is not supportable.
PROFILE_026	OSM	Highly Stable	up	KEGG	map05169	unavailable in frozen authority	0.0214171569465643	5.2436974789916	GO theme: No significant GO enrichment; KEGG theme: Other KEGG / manual review	No specific profile-level biological interpretation retained; frozen KEGG term descriptions are unavailable and the historical manual/catch-all profile is not supportable.
PROFILE_026	OSM	Highly Stable	up	KEGG	K01028	unavailable in frozen authority	0.0285103174733254	101.098591549296	GO theme: No significant GO enrichment; KEGG theme: Other KEGG / manual review	No specific profile-level biological interpretation retained; frozen KEGG term descriptions are unavailable and the historical manual/catch-all profile is not supportable.
PROFILE_026	OSM	Highly Stable	up	KEGG	K01296	unavailable in frozen authority	0.0285103174733254	101.098591549296	GO theme: No significant GO enrichment; KEGG theme: Other KEGG / manual review	No specific profile-level biological interpretation retained; frozen KEGG term descriptions are unavailable and the historical manual/catch-all profile is not supportable.
PROFILE_026	OSM	Highly Stable	up	KEGG	K01396	unavailable in frozen authority	0.0285103174733254	101.098591549296	GO theme: No significant GO enrichment; KEGG theme: Other KEGG / manual review	No specific profile-level biological interpretation retained; frozen KEGG term descriptions are unavailable and the historical manual/catch-all profile is not supportable.
PROFILE_026	OSM	Highly Stable	up	KEGG	K02104	unavailable in frozen authority	0.0285103174733254	101.098591549296	GO theme: No significant GO enrichment; KEGG theme: Other KEGG / manual review	No specific profile-level biological interpretation retained; frozen KEGG term descriptions are unavailable and the historical manual/catch-all profile is not supportable.
PROFILE_026	OSM	Highly Stable	up	KEGG	K03791	unavailable in frozen authority	0.0285103174733254	101.098591549296	GO theme: No significant GO enrichment; KEGG theme: Other KEGG / manual review	No specific profile-level biological interpretation retained; frozen KEGG term descriptions are unavailable and the historical manual/catch-all profile is not supportable.
PROFILE_026	OSM	Highly Stable	up	KEGG	K03883	unavailable in frozen authority	0.0285103174733254	101.098591549296	GO theme: No significant GO enrichment; KEGG theme: Other KEGG / manual review	No specific profile-level biological interpretation retained; frozen KEGG term descriptions are unavailable and the historical manual/catch-all profile is not supportable.
PROFILE_026	OSM	Highly Stable	up	KEGG	K03910	unavailable in frozen authority	0.0285103174733254	101.098591549296	GO theme: No significant GO enrichment; KEGG theme: Other KEGG / manual review	No specific profile-level biological interpretation retained; frozen KEGG term descriptions are unavailable and the historical manual/catch-all profile is not supportable.
PROFILE_026	OSM	Highly Stable	up	KEGG	K06100	unavailable in frozen authority	0.0285103174733254	101.098591549296	GO theme: No significant GO enrichment; KEGG theme: Other KEGG / manual review	No specific profile-level biological interpretation retained; frozen KEGG term descriptions are unavailable and the historical manual/catch-all profile is not supportable.
PROFILE_026	OSM	Highly Stable	up	KEGG	K06792	unavailable in frozen authority	0.0285103174733254	101.098591549296	GO theme: No significant GO enrichment; KEGG theme: Other KEGG / manual review	No specific profile-level biological interpretation retained; frozen KEGG term descriptions are unavailable and the historical manual/catch-all profile is not supportable.
PROFILE_026	OSM	Highly Stable	up	KEGG	K06793	unavailable in frozen authority	0.0285103174733254	101.098591549296	GO theme: No significant GO enrichment; KEGG theme: Other KEGG / manual review	No specific profile-level biological interpretation retained; frozen KEGG term descriptions are unavailable and the historical manual/catch-all profile is not supportable.
PROFILE_026	OSM	Highly Stable	up	KEGG	K08033	unavailable in frozen authority	0.0285103174733254	101.098591549296	GO theme: No significant GO enrichment; KEGG theme: Other KEGG / manual review	No specific profile-level biological interpretation retained; frozen KEGG term descriptions are unavailable and the historical manual/catch-all profile is not supportable.
PROFILE_026	OSM	Highly Stable	up	KEGG	K09078	unavailable in frozen authority	0.0285103174733254	101.098591549296	GO theme: No significant GO enrichment; KEGG theme: Other KEGG / manual review	No specific profile-level biological interpretation retained; frozen KEGG term descriptions are unavailable and the historical manual/catch-all profile is not supportable.
PROFILE_026	OSM	Highly Stable	up	KEGG	K10442	unavailable in frozen authority	0.0285103174733254	101.098591549296	GO theme: No significant GO enrichment; KEGG theme: Other KEGG / manual review	No specific profile-level biological interpretation retained; frozen KEGG term descriptions are unavailable and the historical manual/catch-all profile is not supportable.
PROFILE_026	OSM	Highly Stable	up	KEGG	K11339	unavailable in frozen authority	0.0285103174733254	101.098591549296	GO theme: No significant GO enrichment; KEGG theme: Other KEGG / manual review	No specific profile-level biological interpretation retained; frozen KEGG term descriptions are unavailable and the historical manual/catch-all profile is not supportable.
PROFILE_026	OSM	Highly Stable	up	KEGG	K11450	unavailable in frozen authority	0.0285103174733254	101.098591549296	GO theme: No significant GO enrichment; KEGG theme: Other KEGG / manual review	No specific profile-level biological interpretation retained; frozen KEGG term descriptions are unavailable and the historical manual/catch-all profile is not supportable.
PROFILE_026	OSM	Highly Stable	up	KEGG	K12132	unavailable in frozen authority	0.0285103174733254	101.098591549296	GO theme: No significant GO enrichment; KEGG theme: Other KEGG / manual review	No specific profile-level biological interpretation retained; frozen KEGG term descriptions are unavailable and the historical manual/catch-all profile is not supportable.
PROFILE_026	OSM	Highly Stable	up	KEGG	K12192	unavailable in frozen authority	0.0285103174733254	101.098591549296	GO theme: No significant GO enrichment; KEGG theme: Other KEGG / manual review	No specific profile-level biological interpretation retained; frozen KEGG term descriptions are unavailable and the historical manual/catch-all profile is not supportable.
PROFILE_026	OSM	Highly Stable	up	KEGG	K13269	unavailable in frozen authority	0.0285103174733254	101.098591549296	GO theme: No significant GO enrichment; KEGG theme: Other KEGG / manual review	No specific profile-level biological interpretation retained; frozen KEGG term descriptions are unavailable and the historical manual/catch-all profile is not supportable.
PROFILE_026	OSM	Highly Stable	up	KEGG	K17572	unavailable in frozen authority	0.0285103174733254	101.098591549296	GO theme: No significant GO enrichment; KEGG theme: Other KEGG / manual review	No specific profile-level biological interpretation retained; frozen KEGG term descriptions are unavailable and the historical manual/catch-all profile is not supportable.
PROFILE_026	OSM	Highly Stable	up	KEGG	K17680	unavailable in frozen authority	0.0285103174733254	101.098591549296	GO theme: No significant GO enrichment; KEGG theme: Other KEGG / manual review	No specific profile-level biological interpretation retained; frozen KEGG term descriptions are unavailable and the historical manual/catch-all profile is not supportable.
PROFILE_026	OSM	Highly Stable	up	KEGG	K19872	unavailable in frozen authority	0.0285103174733254	101.098591549296	GO theme: No significant GO enrichment; KEGG theme: Other KEGG / manual review	No specific profile-level biological interpretation retained; frozen KEGG term descriptions are unavailable and the historical manual/catch-all profile is not supportable.
PROFILE_026	OSM	Highly Stable	up	KEGG	K20285	unavailable in frozen authority	0.0285103174733254	101.098591549296	GO theme: No significant GO enrichment; KEGG theme: Other KEGG / manual review	No specific profile-level biological interpretation retained; frozen KEGG term descriptions are unavailable and the historical manual/catch-all profile is not supportable.
PROFILE_026	OSM	Highly Stable	up	KEGG	K20628	unavailable in frozen authority	0.0285103174733254	101.098591549296	GO theme: No significant GO enrichment; KEGG theme: Other KEGG / manual review	No specific profile-level biological interpretation retained; frozen KEGG term descriptions are unavailable and the historical manual/catch-all profile is not supportable.
PROFILE_026	OSM	Highly Stable	up	KEGG	K20645	unavailable in frozen authority	0.0285103174733254	101.098591549296	GO theme: No significant GO enrichment; KEGG theme: Other KEGG / manual review	No specific profile-level biological interpretation retained; frozen KEGG term descriptions are unavailable and the historical manual/catch-all profile is not supportable.
PROFILE_026	OSM	Highly Stable	up	KEGG	K21598	unavailable in frozen authority	0.0285103174733254	101.098591549296	GO theme: No significant GO enrichment; KEGG theme: Other KEGG / manual review	No specific profile-level biological interpretation retained; frozen KEGG term descriptions are unavailable and the historical manual/catch-all profile is not supportable.
PROFILE_026	OSM	Highly Stable	up	KEGG	K21847	unavailable in frozen authority	0.0285103174733254	101.098591549296	GO theme: No significant GO enrichment; KEGG theme: Other KEGG / manual review	No specific profile-level biological interpretation retained; frozen KEGG term descriptions are unavailable and the historical manual/catch-all profile is not supportable.
PROFILE_026	OSM	Highly Stable	up	KEGG	K21851	unavailable in frozen authority	0.0285103174733254	101.098591549296	GO theme: No significant GO enrichment; KEGG theme: Other KEGG / manual review	No specific profile-level biological interpretation retained; frozen KEGG term descriptions are unavailable and the historical manual/catch-all profile is not supportable.
PROFILE_026	OSM	Highly Stable	up	KEGG	ko04010	unavailable in frozen authority	0.034691022140774	4.52173913043478	GO theme: No significant GO enrichment; KEGG theme: Other KEGG / manual review	No specific profile-level biological interpretation retained; frozen KEGG term descriptions are unavailable and the historical manual/catch-all profile is not supportable.
PROFILE_026	OSM	Highly Stable	up	KEGG	ko05030	unavailable in frozen authority	0.034691022140774	7.56363636363636	GO theme: No significant GO enrichment; KEGG theme: Other KEGG / manual review	No specific profile-level biological interpretation retained; frozen KEGG term descriptions are unavailable and the historical manual/catch-all profile is not supportable.
PROFILE_026	OSM	Highly Stable	up	KEGG	map04010	unavailable in frozen authority	0.034691022140774	4.52173913043478	GO theme: No significant GO enrichment; KEGG theme: Other KEGG / manual review	No specific profile-level biological interpretation retained; frozen KEGG term descriptions are unavailable and the historical manual/catch-all profile is not supportable.
PROFILE_026	OSM	Highly Stable	up	KEGG	map05030	unavailable in frozen authority	0.034691022140774	7.56363636363636	GO theme: No significant GO enrichment; KEGG theme: Other KEGG / manual review	No specific profile-level biological interpretation retained; frozen KEGG term descriptions are unavailable and the historical manual/catch-all profile is not supportable.
PROFILE_026	OSM	Highly Stable	up	KEGG	ko04141	unavailable in frozen authority	0.0356771130366404	4.3943661971831	GO theme: No significant GO enrichment; KEGG theme: Other KEGG / manual review	No specific profile-level biological interpretation retained; frozen KEGG term descriptions are unavailable and the historical manual/catch-all profile is not supportable.
PROFILE_026	OSM	Highly Stable	up	KEGG	map04141	unavailable in frozen authority	0.0356771130366404	4.3943661971831	GO theme: No significant GO enrichment; KEGG theme: Other KEGG / manual review	No specific profile-level biological interpretation retained; frozen KEGG term descriptions are unavailable and the historical manual/catch-all profile is not supportable.
PROFILE_026	OSM	Highly Stable	up	KEGG	K04457	unavailable in frozen authority	0.0364008894840307	50.5492957746479	GO theme: No significant GO enrichment; KEGG theme: Other KEGG / manual review	No specific profile-level biological interpretation retained; frozen KEGG term descriptions are unavailable and the historical manual/catch-all profile is not supportable.
PROFILE_026	OSM	Highly Stable	up	KEGG	K04461	unavailable in frozen authority	0.0364008894840307	50.5492957746479	GO theme: No significant GO enrichment; KEGG theme: Other KEGG / manual review	No specific profile-level biological interpretation retained; frozen KEGG term descriptions are unavailable and the historical manual/catch-all profile is not supportable.
PROFILE_026	OSM	Highly Stable	up	KEGG	K05674	unavailable in frozen authority	0.0364008894840307	50.5492957746479	GO theme: No significant GO enrichment; KEGG theme: Other KEGG / manual review	No specific profile-level biological interpretation retained; frozen KEGG term descriptions are unavailable and the historical manual/catch-all profile is not supportable.
PROFILE_026	OSM	Highly Stable	up	KEGG	K05870	unavailable in frozen authority	0.0364008894840307	50.5492957746479	GO theme: No significant GO enrichment; KEGG theme: Other KEGG / manual review	No specific profile-level biological interpretation retained; frozen KEGG term descriptions are unavailable and the historical manual/catch-all profile is not supportable.
PROFILE_026	OSM	Highly Stable	up	KEGG	K08508	unavailable in frozen authority	0.0364008894840307	50.5492957746479	GO theme: No significant GO enrichment; KEGG theme: Other KEGG / manual review	No specific profile-level biological interpretation retained; frozen KEGG term descriptions are unavailable and the historical manual/catch-all profile is not supportable.
PROFILE_026	OSM	Highly Stable	up	KEGG	K08885	unavailable in frozen authority	0.0364008894840307	50.5492957746479	GO theme: No significant GO enrichment; KEGG theme: Other KEGG / manual review	No specific profile-level biological interpretation retained; frozen KEGG term descriptions are unavailable and the historical manual/catch-all profile is not supportable.
PROFILE_026	OSM	Highly Stable	up	KEGG	K08886	unavailable in frozen authority	0.0364008894840307	50.5492957746479	GO theme: No significant GO enrichment; KEGG theme: Other KEGG / manual review	No specific profile-level biological interpretation retained; frozen KEGG term descriptions are unavailable and the historical manual/catch-all profile is not supportable.
PROFILE_026	OSM	Highly Stable	up	KEGG	K09050	unavailable in frozen authority	0.0364008894840307	50.5492957746479	GO theme: No significant GO enrichment; KEGG theme: Other KEGG / manual review	No specific profile-level biological interpretation retained; frozen KEGG term descriptions are unavailable and the historical manual/catch-all profile is not supportable.
PROFILE_026	OSM	Highly Stable	up	KEGG	K09052	unavailable in frozen authority	0.0364008894840307	50.5492957746479	GO theme: No significant GO enrichment; KEGG theme: Other KEGG / manual review	No specific profile-level biological interpretation retained; frozen KEGG term descriptions are unavailable and the historical manual/catch-all profile is not supportable.
PROFILE_026	OSM	Highly Stable	up	KEGG	K09490	unavailable in frozen authority	0.0364008894840307	50.5492957746479	GO theme: No significant GO enrichment; KEGG theme: Other KEGG / manual review	No specific profile-level biological interpretation retained; frozen KEGG term descriptions are unavailable and the historical manual/catch-all profile is not supportable.
PROFILE_026	OSM	Highly Stable	up	KEGG	K09584	unavailable in frozen authority	0.0364008894840307	50.5492957746479	GO theme: No significant GO enrichment; KEGG theme: Other KEGG / manual review	No specific profile-level biological interpretation retained; frozen KEGG term descriptions are unavailable and the historical manual/catch-all profile is not supportable.
PROFILE_026	OSM	Highly Stable	up	KEGG	K10455	unavailable in frozen authority	0.0364008894840307	50.5492957746479	GO theme: No significant GO enrichment; KEGG theme: Other KEGG / manual review	No specific profile-level biological interpretation retained; frozen KEGG term descriptions are unavailable and the historical manual/catch-all profile is not supportable.
PROFILE_026	OSM	Highly Stable	up	KEGG	K12892	unavailable in frozen authority	0.0364008894840307	50.5492957746479	GO theme: No significant GO enrichment; KEGG theme: Other KEGG / manual review	No specific profile-level biological interpretation retained; frozen KEGG term descriptions are unavailable and the historical manual/catch-all profile is not supportable.
PROFILE_026	OSM	Highly Stable	up	KEGG	K12930	unavailable in frozen authority	0.0364008894840307	50.5492957746479	GO theme: No significant GO enrichment; KEGG theme: Other KEGG / manual review	No specific profile-level biological interpretation retained; frozen KEGG term descriptions are unavailable and the historical manual/catch-all profile is not supportable.
PROFILE_026	OSM	Highly Stable	up	KEGG	K14554	unavailable in frozen authority	0.0364008894840307	50.5492957746479	GO theme: No significant GO enrichment; KEGG theme: Other KEGG / manual review	No specific profile-level biological interpretation retained; frozen KEGG term descriptions are unavailable and the historical manual/catch-all profile is not supportable.
PROFILE_026	OSM	Highly Stable	up	KEGG	K14683	unavailable in frozen authority	0.0364008894840307	50.5492957746479	GO theme: No significant GO enrichment; KEGG theme: Other KEGG / manual review	No specific profile-level biological interpretation retained; frozen KEGG term descriptions are unavailable and the historical manual/catch-all profile is not supportable.
PROFILE_026	OSM	Highly Stable	up	KEGG	K16790	unavailable in frozen authority	0.0364008894840307	50.5492957746479	GO theme: No significant GO enrichment; KEGG theme: Other KEGG / manual review	No specific profile-level biological interpretation retained; frozen KEGG term descriptions are unavailable and the historical manual/catch-all profile is not supportable.
PROFILE_026	OSM	Highly Stable	up	KEGG	K21912	unavailable in frozen authority	0.0364008894840307	50.5492957746479	GO theme: No significant GO enrichment; KEGG theme: Other KEGG / manual review	No specific profile-level biological interpretation retained; frozen KEGG term descriptions are unavailable and the historical manual/catch-all profile is not supportable.
PROFILE_026	OSM	Highly Stable	up	KEGG	K22078	unavailable in frozen authority	0.0364008894840307	50.5492957746479	GO theme: No significant GO enrichment; KEGG theme: Other KEGG / manual review	No specific profile-level biological interpretation retained; frozen KEGG term descriptions are unavailable and the historical manual/catch-all profile is not supportable.
PROFILE_026	OSM	Highly Stable	up	KEGG	ko04213	unavailable in frozen authority	0.0435700426940766	6.2089552238806	GO theme: No significant GO enrichment; KEGG theme: Other KEGG / manual review	No specific profile-level biological interpretation retained; frozen KEGG term descriptions are unavailable and the historical manual/catch-all profile is not supportable.
PROFILE_026	OSM	Highly Stable	up	KEGG	ko04217	unavailable in frozen authority	0.0435700426940766	5.94285714285714	GO theme: No significant GO enrichment; KEGG theme: Other KEGG / manual review	No specific profile-level biological interpretation retained; frozen KEGG term descriptions are unavailable and the historical manual/catch-all profile is not supportable.
PROFILE_026	OSM	Highly Stable	up	KEGG	ko04612	unavailable in frozen authority	0.0435700426940766	9.75	GO theme: No significant GO enrichment; KEGG theme: Other KEGG / manual review	No specific profile-level biological interpretation retained; frozen KEGG term descriptions are unavailable and the historical manual/catch-all profile is not supportable.
PROFILE_026	OSM	Highly Stable	up	KEGG	ko04624	unavailable in frozen authority	0.0435700426940766	9.45454545454546	GO theme: No significant GO enrichment; KEGG theme: Other KEGG / manual review	No specific profile-level biological interpretation retained; frozen KEGG term descriptions are unavailable and the historical manual/catch-all profile is not supportable.
PROFILE_026	OSM	Highly Stable	up	KEGG	ko05321	unavailable in frozen authority	0.0435700426940766	20.8	GO theme: No significant GO enrichment; KEGG theme: Other KEGG / manual review	No specific profile-level biological interpretation retained; frozen KEGG term descriptions are unavailable and the historical manual/catch-all profile is not supportable.
PROFILE_026	OSM	Highly Stable	up	KEGG	ko05323	unavailable in frozen authority	0.0435700426940766	8.91428571428571	GO theme: No significant GO enrichment; KEGG theme: Other KEGG / manual review	No specific profile-level biological interpretation retained; frozen KEGG term descriptions are unavailable and the historical manual/catch-all profile is not supportable.
PROFILE_026	OSM	Highly Stable	up	KEGG	map04213	unavailable in frozen authority	0.0435700426940766	6.2089552238806	GO theme: No significant GO enrichment; KEGG theme: Other KEGG / manual review	No specific profile-level biological interpretation retained; frozen KEGG term descriptions are unavailable and the historical manual/catch-all profile is not supportable.
PROFILE_026	OSM	Highly Stable	up	KEGG	map04217	unavailable in frozen authority	0.0435700426940766	5.94285714285714	GO theme: No significant GO enrichment; KEGG theme: Other KEGG / manual review	No specific profile-level biological interpretation retained; frozen KEGG term descriptions are unavailable and the historical manual/catch-all profile is not supportable.
PROFILE_026	OSM	Highly Stable	up	KEGG	map04612	unavailable in frozen authority	0.0435700426940766	9.75	GO theme: No significant GO enrichment; KEGG theme: Other KEGG / manual review	No specific profile-level biological interpretation retained; frozen KEGG term descriptions are unavailable and the historical manual/catch-all profile is not supportable.
PROFILE_026	OSM	Highly Stable	up	KEGG	map04624	unavailable in frozen authority	0.0435700426940766	9.45454545454546	GO theme: No significant GO enrichment; KEGG theme: Other KEGG / manual review	No specific profile-level biological interpretation retained; frozen KEGG term descriptions are unavailable and the historical manual/catch-all profile is not supportable.
PROFILE_026	OSM	Highly Stable	up	KEGG	map05321	unavailable in frozen authority	0.0435700426940766	20.8	GO theme: No significant GO enrichment; KEGG theme: Other KEGG / manual review	No specific profile-level biological interpretation retained; frozen KEGG term descriptions are unavailable and the historical manual/catch-all profile is not supportable.
PROFILE_026	OSM	Highly Stable	up	KEGG	map05323	unavailable in frozen authority	0.0435700426940766	8.91428571428571	GO theme: No significant GO enrichment; KEGG theme: Other KEGG / manual review	No specific profile-level biological interpretation retained; frozen KEGG term descriptions are unavailable and the historical manual/catch-all profile is not supportable.
PROFILE_026	OSM	Highly Stable	up	KEGG	ko04657	unavailable in frozen authority	0.0439035169271035	8.66666666666667	GO theme: No significant GO enrichment; KEGG theme: Other KEGG / manual review	No specific profile-level biological interpretation retained; frozen KEGG term descriptions are unavailable and the historical manual/catch-all profile is not supportable.
PROFILE_026	OSM	Highly Stable	up	KEGG	ko04926	unavailable in frozen authority	0.0439035169271035	5.6986301369863	GO theme: No significant GO enrichment; KEGG theme: Other KEGG / manual review	No specific profile-level biological interpretation retained; frozen KEGG term descriptions are unavailable and the historical manual/catch-all profile is not supportable.
PROFILE_026	OSM	Highly Stable	up	KEGG	map04657	unavailable in frozen authority	0.0439035169271035	8.66666666666667	GO theme: No significant GO enrichment; KEGG theme: Other KEGG / manual review	No specific profile-level biological interpretation retained; frozen KEGG term descriptions are unavailable and the historical manual/catch-all profile is not supportable.
PROFILE_026	OSM	Highly Stable	up	KEGG	map04926	unavailable in frozen authority	0.0439035169271035	5.6986301369863	GO theme: No significant GO enrichment; KEGG theme: Other KEGG / manual review	No specific profile-level biological interpretation retained; frozen KEGG term descriptions are unavailable and the historical manual/catch-all profile is not supportable.
PROFILE_026	OSM	Highly Stable	up	KEGG	K00344	unavailable in frozen authority	0.0449965617783107	33.6995305164319	GO theme: No significant GO enrichment; KEGG theme: Other KEGG / manual review	No specific profile-level biological interpretation retained; frozen KEGG term descriptions are unavailable and the historical manual/catch-all profile is not supportable.
PROFILE_026	OSM	Highly Stable	up	KEGG	K00799	unavailable in frozen authority	0.0449965617783107	8.08788732394366	GO theme: No significant GO enrichment; KEGG theme: Other KEGG / manual review	No specific profile-level biological interpretation retained; frozen KEGG term descriptions are unavailable and the historical manual/catch-all profile is not supportable.
PROFILE_026	OSM	Highly Stable	up	KEGG	K03877	unavailable in frozen authority	0.0449965617783107	33.6995305164319	GO theme: No significant GO enrichment; KEGG theme: Other KEGG / manual review	No specific profile-level biological interpretation retained; frozen KEGG term descriptions are unavailable and the historical manual/catch-all profile is not supportable.
PROFILE_026	OSM	Highly Stable	up	KEGG	K04676	unavailable in frozen authority	0.0449965617783107	33.6995305164319	GO theme: No significant GO enrichment; KEGG theme: Other KEGG / manual review	No specific profile-level biological interpretation retained; frozen KEGG term descriptions are unavailable and the historical manual/catch-all profile is not supportable.
PROFILE_026	OSM	Highly Stable	up	KEGG	K05090	unavailable in frozen authority	0.0449965617783107	33.6995305164319	GO theme: No significant GO enrichment; KEGG theme: Other KEGG / manual review	No specific profile-level biological interpretation retained; frozen KEGG term descriptions are unavailable and the historical manual/catch-all profile is not supportable.
PROFILE_026	OSM	Highly Stable	up	KEGG	K06254	unavailable in frozen authority	0.0449965617783107	33.6995305164319	GO theme: No significant GO enrichment; KEGG theme: Other KEGG / manual review	No specific profile-level biological interpretation retained; frozen KEGG term descriptions are unavailable and the historical manual/catch-all profile is not supportable.
PROFILE_026	OSM	Highly Stable	up	KEGG	K10444	unavailable in frozen authority	0.0449965617783107	33.6995305164319	GO theme: No significant GO enrichment; KEGG theme: Other KEGG / manual review	No specific profile-level biological interpretation retained; frozen KEGG term descriptions are unavailable and the historical manual/catch-all profile is not supportable.
PROFILE_026	OSM	Highly Stable	up	KEGG	K17858	unavailable in frozen authority	0.0449965617783107	33.6995305164319	GO theme: No significant GO enrichment; KEGG theme: Other KEGG / manual review	No specific profile-level biological interpretation retained; frozen KEGG term descriptions are unavailable and the historical manual/catch-all profile is not supportable.
PROFILE_026	OSM	Highly Stable	up	KEGG	K18211	unavailable in frozen authority	0.0449965617783107	33.6995305164319	GO theme: No significant GO enrichment; KEGG theme: Other KEGG / manual review	No specific profile-level biological interpretation retained; frozen KEGG term descriptions are unavailable and the historical manual/catch-all profile is not supportable.
PROFILE_026	OSM	Highly Stable	up	KEGG	K18402	unavailable in frozen authority	0.0449965617783107	33.6995305164319	GO theme: No significant GO enrichment; KEGG theme: Other KEGG / manual review	No specific profile-level biological interpretation retained; frozen KEGG term descriptions are unavailable and the historical manual/catch-all profile is not supportable.
PROFILE_026	OSM	Highly Stable	up	KEGG	K21374	unavailable in frozen authority	0.0449965617783107	33.6995305164319	GO theme: No significant GO enrichment; KEGG theme: Other KEGG / manual review	No specific profile-level biological interpretation retained; frozen KEGG term descriptions are unavailable and the historical manual/catch-all profile is not supportable.
