condition	feature_id	n_perturbations	p_up	p_down	p_const	dominant_state	SSI	stability_deviation	stability_level	dominant_signal_identity	fsf_signal_class
uv	RvY_00229-1	14	0.35714285714285715	0.35714285714285715	0.2857142857142857	mixed	0.35714285714285715	0.6428571428571428	instable	instable_no_stable_identity	instable
uv	RvY_00265-1	14	0.35714285714285715	0.35714285714285715	0.2857142857142857	mixed	0.35714285714285715	0.6428571428571428	instable	instable_no_stable_identity	instable
uv	RvY_00649-1	14	0.2857142857142857	0.35714285714285715	0.35714285714285715	mixed	0.35714285714285715	0.6428571428571428	instable	instable_no_stable_identity	instable
uv	RvY_00721	14	0.35714285714285715	0.2857142857142857	0.35714285714285715	mixed	0.35714285714285715	0.6428571428571428	instable	instable_no_stable_identity	instable
uv	RvY_00930-1	14	0.2857142857142857	0.35714285714285715	0.35714285714285715	mixed	0.35714285714285715	0.6428571428571428	instable	instable_no_stable_identity	instable
uv	RvY_01231	14	0.2857142857142857	0.35714285714285715	0.35714285714285715	mixed	0.35714285714285715	0.6428571428571428	instable	instable_no_stable_identity	instable
uv	RvY_01306	14	0.2857142857142857	0.35714285714285715	0.35714285714285715	mixed	0.35714285714285715	0.6428571428571428	instable	instable_no_stable_identity	instable
uv	RvY_01450	14	0.35714285714285715	0.2857142857142857	0.35714285714285715	mixed	0.35714285714285715	0.6428571428571428	instable	instable_no_stable_identity	instable
uv	RvY_01552	14	0.2857142857142857	0.35714285714285715	0.35714285714285715	mixed	0.35714285714285715	0.6428571428571428	instable	instable_no_stable_identity	instable
uv	RvY_01560-1	14	0.35714285714285715	0.35714285714285715	0.2857142857142857	mixed	0.35714285714285715	0.6428571428571428	instable	instable_no_stable_identity	instable
uv	RvY_01576	14	0.2857142857142857	0.35714285714285715	0.35714285714285715	mixed	0.35714285714285715	0.6428571428571428	instable	instable_no_stable_identity	instable
uv	RvY_01910-1	14	0.2857142857142857	0.35714285714285715	0.35714285714285715	mixed	0.35714285714285715	0.6428571428571428	instable	instable_no_stable_identity	instable
uv	RvY_02266-1	14	0.2857142857142857	0.35714285714285715	0.35714285714285715	mixed	0.35714285714285715	0.6428571428571428	instable	instable_no_stable_identity	instable
uv	RvY_02464-1	14	0.2857142857142857	0.35714285714285715	0.35714285714285715	mixed	0.35714285714285715	0.6428571428571428	instable	instable_no_stable_identity	instable
uv	RvY_02540-1	14	0.2857142857142857	0.35714285714285715	0.35714285714285715	mixed	0.35714285714285715	0.6428571428571428	instable	instable_no_stable_identity	instable
uv	RvY_02632-1	14	0.35714285714285715	0.35714285714285715	0.2857142857142857	mixed	0.35714285714285715	0.6428571428571428	instable	instable_no_stable_identity	instable
uv	RvY_02699	14	0.2857142857142857	0.35714285714285715	0.35714285714285715	mixed	0.35714285714285715	0.6428571428571428	instable	instable_no_stable_identity	instable
uv	RvY_02750-1	14	0.35714285714285715	0.2857142857142857	0.35714285714285715	mixed	0.35714285714285715	0.6428571428571428	instable	instable_no_stable_identity	instable
uv	RvY_02762	14	0.35714285714285715	0.2857142857142857	0.35714285714285715	mixed	0.35714285714285715	0.6428571428571428	instable	instable_no_stable_identity	instable
uv	RvY_02834-1	14	0.2857142857142857	0.35714285714285715	0.35714285714285715	mixed	0.35714285714285715	0.6428571428571428	instable	instable_no_stable_identity	instable
uv	RvY_03060-1	14	0.35714285714285715	0.35714285714285715	0.2857142857142857	mixed	0.35714285714285715	0.6428571428571428	instable	instable_no_stable_identity	instable
uv	RvY_03428-1	14	0.35714285714285715	0.2857142857142857	0.35714285714285715	mixed	0.35714285714285715	0.6428571428571428	instable	instable_no_stable_identity	instable
uv	RvY_03615-1	14	0.2857142857142857	0.35714285714285715	0.35714285714285715	mixed	0.35714285714285715	0.6428571428571428	instable	instable_no_stable_identity	instable
uv	RvY_03710-1	14	0.2857142857142857	0.35714285714285715	0.35714285714285715	mixed	0.35714285714285715	0.6428571428571428	instable	instable_no_stable_identity	instable
uv	RvY_04012-1	14	0.35714285714285715	0.35714285714285715	0.2857142857142857	mixed	0.35714285714285715	0.6428571428571428	instable	instable_no_stable_identity	instable
uv	RvY_04040-1	14	0.35714285714285715	0.35714285714285715	0.2857142857142857	mixed	0.35714285714285715	0.6428571428571428	instable	instable_no_stable_identity	instable
uv	RvY_04067	14	0.35714285714285715	0.35714285714285715	0.2857142857142857	mixed	0.35714285714285715	0.6428571428571428	instable	instable_no_stable_identity	instable
uv	RvY_04221-1	14	0.2857142857142857	0.35714285714285715	0.35714285714285715	mixed	0.35714285714285715	0.6428571428571428	instable	instable_no_stable_identity	instable
uv	RvY_04560-1	14	0.2857142857142857	0.35714285714285715	0.35714285714285715	mixed	0.35714285714285715	0.6428571428571428	instable	instable_no_stable_identity	instable
uv	RvY_04696-1	14	0.35714285714285715	0.2857142857142857	0.35714285714285715	mixed	0.35714285714285715	0.6428571428571428	instable	instable_no_stable_identity	instable
uv	RvY_04837	14	0.35714285714285715	0.2857142857142857	0.35714285714285715	mixed	0.35714285714285715	0.6428571428571428	instable	instable_no_stable_identity	instable
uv	RvY_04943-1	14	0.35714285714285715	0.2857142857142857	0.35714285714285715	mixed	0.35714285714285715	0.6428571428571428	instable	instable_no_stable_identity	instable
uv	RvY_04961-1	14	0.35714285714285715	0.2857142857142857	0.35714285714285715	mixed	0.35714285714285715	0.6428571428571428	instable	instable_no_stable_identity	instable
uv	RvY_05016-1	14	0.35714285714285715	0.2857142857142857	0.35714285714285715	mixed	0.35714285714285715	0.6428571428571428	instable	instable_no_stable_identity	instable
uv	RvY_05103-1	14	0.35714285714285715	0.2857142857142857	0.35714285714285715	mixed	0.35714285714285715	0.6428571428571428	instable	instable_no_stable_identity	instable
uv	RvY_05187-1	14	0.2857142857142857	0.35714285714285715	0.35714285714285715	mixed	0.35714285714285715	0.6428571428571428	instable	instable_no_stable_identity	instable
uv	RvY_05202-1	14	0.2857142857142857	0.35714285714285715	0.35714285714285715	mixed	0.35714285714285715	0.6428571428571428	instable	instable_no_stable_identity	instable
uv	RvY_05366-1	14	0.35714285714285715	0.35714285714285715	0.2857142857142857	mixed	0.35714285714285715	0.6428571428571428	instable	instable_no_stable_identity	instable
uv	RvY_05440	14	0.35714285714285715	0.35714285714285715	0.2857142857142857	mixed	0.35714285714285715	0.6428571428571428	instable	instable_no_stable_identity	instable
uv	RvY_05491-1	14	0.35714285714285715	0.2857142857142857	0.35714285714285715	mixed	0.35714285714285715	0.6428571428571428	instable	instable_no_stable_identity	instable
uv	RvY_05618-1	14	0.35714285714285715	0.35714285714285715	0.2857142857142857	mixed	0.35714285714285715	0.6428571428571428	instable	instable_no_stable_identity	instable
uv	RvY_05679	14	0.2857142857142857	0.35714285714285715	0.35714285714285715	mixed	0.35714285714285715	0.6428571428571428	instable	instable_no_stable_identity	instable
uv	RvY_05680-1	14	0.35714285714285715	0.2857142857142857	0.35714285714285715	mixed	0.35714285714285715	0.6428571428571428	instable	instable_no_stable_identity	instable
uv	RvY_05810-1	14	0.35714285714285715	0.35714285714285715	0.2857142857142857	mixed	0.35714285714285715	0.6428571428571428	instable	instable_no_stable_identity	instable
uv	RvY_05949-1	14	0.35714285714285715	0.2857142857142857	0.35714285714285715	mixed	0.35714285714285715	0.6428571428571428	instable	instable_no_stable_identity	instable
uv	RvY_06218-1	14	0.2857142857142857	0.35714285714285715	0.35714285714285715	mixed	0.35714285714285715	0.6428571428571428	instable	instable_no_stable_identity	instable
uv	RvY_06317	14	0.2857142857142857	0.35714285714285715	0.35714285714285715	mixed	0.35714285714285715	0.6428571428571428	instable	instable_no_stable_identity	instable
uv	RvY_06355-1	14	0.35714285714285715	0.35714285714285715	0.2857142857142857	mixed	0.35714285714285715	0.6428571428571428	instable	instable_no_stable_identity	instable
uv	RvY_06377	14	0.35714285714285715	0.35714285714285715	0.2857142857142857	mixed	0.35714285714285715	0.6428571428571428	instable	instable_no_stable_identity	instable
uv	RvY_06380-1	14	0.35714285714285715	0.2857142857142857	0.35714285714285715	mixed	0.35714285714285715	0.6428571428571428	instable	instable_no_stable_identity	instable
uv	RvY_06785-1	14	0.35714285714285715	0.2857142857142857	0.35714285714285715	mixed	0.35714285714285715	0.6428571428571428	instable	instable_no_stable_identity	instable
uv	RvY_06920-1	14	0.35714285714285715	0.35714285714285715	0.2857142857142857	mixed	0.35714285714285715	0.6428571428571428	instable	instable_no_stable_identity	instable
uv	RvY_06937	14	0.35714285714285715	0.2857142857142857	0.35714285714285715	mixed	0.35714285714285715	0.6428571428571428	instable	instable_no_stable_identity	instable
uv	RvY_06940-1	14	0.35714285714285715	0.35714285714285715	0.2857142857142857	mixed	0.35714285714285715	0.6428571428571428	instable	instable_no_stable_identity	instable
uv	RvY_07038-1	14	0.2857142857142857	0.35714285714285715	0.35714285714285715	mixed	0.35714285714285715	0.6428571428571428	instable	instable_no_stable_identity	instable
uv	RvY_07155-1	14	0.2857142857142857	0.35714285714285715	0.35714285714285715	mixed	0.35714285714285715	0.6428571428571428	instable	instable_no_stable_identity	instable
uv	RvY_07434	14	0.35714285714285715	0.35714285714285715	0.2857142857142857	mixed	0.35714285714285715	0.6428571428571428	instable	instable_no_stable_identity	instable
uv	RvY_07721-1	14	0.2857142857142857	0.35714285714285715	0.35714285714285715	mixed	0.35714285714285715	0.6428571428571428	instable	instable_no_stable_identity	instable
uv	RvY_07964-1	14	0.35714285714285715	0.2857142857142857	0.35714285714285715	mixed	0.35714285714285715	0.6428571428571428	instable	instable_no_stable_identity	instable
uv	RvY_07969-1	14	0.2857142857142857	0.35714285714285715	0.35714285714285715	mixed	0.35714285714285715	0.6428571428571428	instable	instable_no_stable_identity	instable
uv	RvY_08000-1	14	0.2857142857142857	0.35714285714285715	0.35714285714285715	mixed	0.35714285714285715	0.6428571428571428	instable	instable_no_stable_identity	instable
uv	RvY_08123	14	0.35714285714285715	0.2857142857142857	0.35714285714285715	mixed	0.35714285714285715	0.6428571428571428	instable	instable_no_stable_identity	instable
uv	RvY_08449	14	0.2857142857142857	0.35714285714285715	0.35714285714285715	mixed	0.35714285714285715	0.6428571428571428	instable	instable_no_stable_identity	instable
uv	RvY_08466-1	14	0.2857142857142857	0.35714285714285715	0.35714285714285715	mixed	0.35714285714285715	0.6428571428571428	instable	instable_no_stable_identity	instable
uv	RvY_08876	14	0.2857142857142857	0.35714285714285715	0.35714285714285715	mixed	0.35714285714285715	0.6428571428571428	instable	instable_no_stable_identity	instable
uv	RvY_08930-1	14	0.35714285714285715	0.2857142857142857	0.35714285714285715	mixed	0.35714285714285715	0.6428571428571428	instable	instable_no_stable_identity	instable
uv	RvY_09123-1	14	0.2857142857142857	0.35714285714285715	0.35714285714285715	mixed	0.35714285714285715	0.6428571428571428	instable	instable_no_stable_identity	instable
uv	RvY_09289-1	14	0.2857142857142857	0.35714285714285715	0.35714285714285715	mixed	0.35714285714285715	0.6428571428571428	instable	instable_no_stable_identity	instable
uv	RvY_09339-1	14	0.35714285714285715	0.2857142857142857	0.35714285714285715	mixed	0.35714285714285715	0.6428571428571428	instable	instable_no_stable_identity	instable
uv	RvY_09376-1	14	0.2857142857142857	0.35714285714285715	0.35714285714285715	mixed	0.35714285714285715	0.6428571428571428	instable	instable_no_stable_identity	instable
uv	RvY_09589	14	0.35714285714285715	0.2857142857142857	0.35714285714285715	mixed	0.35714285714285715	0.6428571428571428	instable	instable_no_stable_identity	instable
uv	RvY_09628	14	0.2857142857142857	0.35714285714285715	0.35714285714285715	mixed	0.35714285714285715	0.6428571428571428	instable	instable_no_stable_identity	instable
uv	RvY_09643-1	14	0.35714285714285715	0.2857142857142857	0.35714285714285715	mixed	0.35714285714285715	0.6428571428571428	instable	instable_no_stable_identity	instable
uv	RvY_09739-1	14	0.35714285714285715	0.35714285714285715	0.2857142857142857	mixed	0.35714285714285715	0.6428571428571428	instable	instable_no_stable_identity	instable
uv	RvY_09825-1	14	0.35714285714285715	0.35714285714285715	0.2857142857142857	mixed	0.35714285714285715	0.6428571428571428	instable	instable_no_stable_identity	instable
uv	RvY_09880-1	14	0.2857142857142857	0.35714285714285715	0.35714285714285715	mixed	0.35714285714285715	0.6428571428571428	instable	instable_no_stable_identity	instable
uv	RvY_09915	14	0.2857142857142857	0.35714285714285715	0.35714285714285715	mixed	0.35714285714285715	0.6428571428571428	instable	instable_no_stable_identity	instable
uv	RvY_09931	14	0.35714285714285715	0.2857142857142857	0.35714285714285715	mixed	0.35714285714285715	0.6428571428571428	instable	instable_no_stable_identity	instable
uv	RvY_09943	14	0.35714285714285715	0.2857142857142857	0.35714285714285715	mixed	0.35714285714285715	0.6428571428571428	instable	instable_no_stable_identity	instable
uv	RvY_09976-1	14	0.2857142857142857	0.35714285714285715	0.35714285714285715	mixed	0.35714285714285715	0.6428571428571428	instable	instable_no_stable_identity	instable
uv	RvY_10146-1	14	0.35714285714285715	0.35714285714285715	0.2857142857142857	mixed	0.35714285714285715	0.6428571428571428	instable	instable_no_stable_identity	instable
uv	RvY_10345-1	14	0.35714285714285715	0.2857142857142857	0.35714285714285715	mixed	0.35714285714285715	0.6428571428571428	instable	instable_no_stable_identity	instable
uv	RvY_10347-1	14	0.35714285714285715	0.35714285714285715	0.2857142857142857	mixed	0.35714285714285715	0.6428571428571428	instable	instable_no_stable_identity	instable
uv	RvY_10497-1	14	0.2857142857142857	0.35714285714285715	0.35714285714285715	mixed	0.35714285714285715	0.6428571428571428	instable	instable_no_stable_identity	instable
uv	RvY_10923	14	0.35714285714285715	0.2857142857142857	0.35714285714285715	mixed	0.35714285714285715	0.6428571428571428	instable	instable_no_stable_identity	instable
uv	RvY_10973-1	14	0.35714285714285715	0.2857142857142857	0.35714285714285715	mixed	0.35714285714285715	0.6428571428571428	instable	instable_no_stable_identity	instable
uv	RvY_10993-1	14	0.2857142857142857	0.35714285714285715	0.35714285714285715	mixed	0.35714285714285715	0.6428571428571428	instable	instable_no_stable_identity	instable
uv	RvY_10998	14	0.2857142857142857	0.35714285714285715	0.35714285714285715	mixed	0.35714285714285715	0.6428571428571428	instable	instable_no_stable_identity	instable
uv	RvY_11078-1	14	0.35714285714285715	0.2857142857142857	0.35714285714285715	mixed	0.35714285714285715	0.6428571428571428	instable	instable_no_stable_identity	instable
uv	RvY_11160	14	0.35714285714285715	0.35714285714285715	0.2857142857142857	mixed	0.35714285714285715	0.6428571428571428	instable	instable_no_stable_identity	instable
uv	RvY_11247-1	14	0.2857142857142857	0.35714285714285715	0.35714285714285715	mixed	0.35714285714285715	0.6428571428571428	instable	instable_no_stable_identity	instable
uv	RvY_11510	14	0.35714285714285715	0.2857142857142857	0.35714285714285715	mixed	0.35714285714285715	0.6428571428571428	instable	instable_no_stable_identity	instable
uv	RvY_11667-1	14	0.35714285714285715	0.35714285714285715	0.2857142857142857	mixed	0.35714285714285715	0.6428571428571428	instable	instable_no_stable_identity	instable
uv	RvY_11754-1	14	0.2857142857142857	0.35714285714285715	0.35714285714285715	mixed	0.35714285714285715	0.6428571428571428	instable	instable_no_stable_identity	instable
uv	RvY_11920-1	14	0.2857142857142857	0.35714285714285715	0.35714285714285715	mixed	0.35714285714285715	0.6428571428571428	instable	instable_no_stable_identity	instable
uv	RvY_11955-1	14	0.35714285714285715	0.2857142857142857	0.35714285714285715	mixed	0.35714285714285715	0.6428571428571428	instable	instable_no_stable_identity	instable
uv	RvY_11998-1	14	0.35714285714285715	0.35714285714285715	0.2857142857142857	mixed	0.35714285714285715	0.6428571428571428	instable	instable_no_stable_identity	instable
uv	RvY_12012-1	14	0.35714285714285715	0.2857142857142857	0.35714285714285715	mixed	0.35714285714285715	0.6428571428571428	instable	instable_no_stable_identity	instable
uv	RvY_12281-1	14	0.2857142857142857	0.35714285714285715	0.35714285714285715	mixed	0.35714285714285715	0.6428571428571428	instable	instable_no_stable_identity	instable
uv	RvY_12383-1	14	0.35714285714285715	0.35714285714285715	0.2857142857142857	mixed	0.35714285714285715	0.6428571428571428	instable	instable_no_stable_identity	instable
uv	RvY_12453	14	0.35714285714285715	0.2857142857142857	0.35714285714285715	mixed	0.35714285714285715	0.6428571428571428	instable	instable_no_stable_identity	instable
uv	RvY_12465-1	14	0.35714285714285715	0.2857142857142857	0.35714285714285715	mixed	0.35714285714285715	0.6428571428571428	instable	instable_no_stable_identity	instable
uv	RvY_12496-1	14	0.2857142857142857	0.35714285714285715	0.35714285714285715	mixed	0.35714285714285715	0.6428571428571428	instable	instable_no_stable_identity	instable
uv	RvY_12535	14	0.35714285714285715	0.2857142857142857	0.35714285714285715	mixed	0.35714285714285715	0.6428571428571428	instable	instable_no_stable_identity	instable
uv	RvY_12713-1	14	0.2857142857142857	0.35714285714285715	0.35714285714285715	mixed	0.35714285714285715	0.6428571428571428	instable	instable_no_stable_identity	instable
uv	RvY_12766-1	14	0.2857142857142857	0.35714285714285715	0.35714285714285715	mixed	0.35714285714285715	0.6428571428571428	instable	instable_no_stable_identity	instable
uv	RvY_12937-1	14	0.2857142857142857	0.35714285714285715	0.35714285714285715	mixed	0.35714285714285715	0.6428571428571428	instable	instable_no_stable_identity	instable
uv	RvY_12963-1	14	0.35714285714285715	0.2857142857142857	0.35714285714285715	mixed	0.35714285714285715	0.6428571428571428	instable	instable_no_stable_identity	instable
uv	RvY_12970-1	14	0.35714285714285715	0.35714285714285715	0.2857142857142857	mixed	0.35714285714285715	0.6428571428571428	instable	instable_no_stable_identity	instable
uv	RvY_13285-1	14	0.35714285714285715	0.35714285714285715	0.2857142857142857	mixed	0.35714285714285715	0.6428571428571428	instable	instable_no_stable_identity	instable
uv	RvY_13813-1	14	0.2857142857142857	0.35714285714285715	0.35714285714285715	mixed	0.35714285714285715	0.6428571428571428	instable	instable_no_stable_identity	instable
uv	RvY_13952-1	14	0.35714285714285715	0.35714285714285715	0.2857142857142857	mixed	0.35714285714285715	0.6428571428571428	instable	instable_no_stable_identity	instable
uv	RvY_13993-1	14	0.35714285714285715	0.2857142857142857	0.35714285714285715	mixed	0.35714285714285715	0.6428571428571428	instable	instable_no_stable_identity	instable
uv	RvY_14138-1	14	0.35714285714285715	0.2857142857142857	0.35714285714285715	mixed	0.35714285714285715	0.6428571428571428	instable	instable_no_stable_identity	instable
uv	RvY_14164-1	14	0.2857142857142857	0.35714285714285715	0.35714285714285715	mixed	0.35714285714285715	0.6428571428571428	instable	instable_no_stable_identity	instable
uv	RvY_14292	14	0.2857142857142857	0.35714285714285715	0.35714285714285715	mixed	0.35714285714285715	0.6428571428571428	instable	instable_no_stable_identity	instable
uv	RvY_14374	14	0.2857142857142857	0.35714285714285715	0.35714285714285715	mixed	0.35714285714285715	0.6428571428571428	instable	instable_no_stable_identity	instable
uv	RvY_14411-1	14	0.35714285714285715	0.35714285714285715	0.2857142857142857	mixed	0.35714285714285715	0.6428571428571428	instable	instable_no_stable_identity	instable
uv	RvY_14446-1	14	0.35714285714285715	0.2857142857142857	0.35714285714285715	mixed	0.35714285714285715	0.6428571428571428	instable	instable_no_stable_identity	instable
uv	RvY_14627-1	14	0.35714285714285715	0.2857142857142857	0.35714285714285715	mixed	0.35714285714285715	0.6428571428571428	instable	instable_no_stable_identity	instable
uv	RvY_14719-1	14	0.35714285714285715	0.2857142857142857	0.35714285714285715	mixed	0.35714285714285715	0.6428571428571428	instable	instable_no_stable_identity	instable
uv	RvY_14908-1	14	0.35714285714285715	0.2857142857142857	0.35714285714285715	mixed	0.35714285714285715	0.6428571428571428	instable	instable_no_stable_identity	instable
uv	RvY_14930-1	14	0.2857142857142857	0.35714285714285715	0.35714285714285715	mixed	0.35714285714285715	0.6428571428571428	instable	instable_no_stable_identity	instable
uv	RvY_15120	14	0.35714285714285715	0.2857142857142857	0.35714285714285715	mixed	0.35714285714285715	0.6428571428571428	instable	instable_no_stable_identity	instable
uv	RvY_15200-1	14	0.35714285714285715	0.35714285714285715	0.2857142857142857	mixed	0.35714285714285715	0.6428571428571428	instable	instable_no_stable_identity	instable
uv	RvY_15312-1	14	0.35714285714285715	0.35714285714285715	0.2857142857142857	mixed	0.35714285714285715	0.6428571428571428	instable	instable_no_stable_identity	instable
uv	RvY_15453-1	14	0.35714285714285715	0.35714285714285715	0.2857142857142857	mixed	0.35714285714285715	0.6428571428571428	instable	instable_no_stable_identity	instable
uv	RvY_15483-1	14	0.35714285714285715	0.2857142857142857	0.35714285714285715	mixed	0.35714285714285715	0.6428571428571428	instable	instable_no_stable_identity	instable
uv	RvY_15496-1	14	0.35714285714285715	0.35714285714285715	0.2857142857142857	mixed	0.35714285714285715	0.6428571428571428	instable	instable_no_stable_identity	instable
uv	RvY_15732-1	14	0.35714285714285715	0.2857142857142857	0.35714285714285715	mixed	0.35714285714285715	0.6428571428571428	instable	instable_no_stable_identity	instable
uv	RvY_15790-1	14	0.35714285714285715	0.35714285714285715	0.2857142857142857	mixed	0.35714285714285715	0.6428571428571428	instable	instable_no_stable_identity	instable
uv	RvY_15862-1	14	0.35714285714285715	0.35714285714285715	0.2857142857142857	mixed	0.35714285714285715	0.6428571428571428	instable	instable_no_stable_identity	instable
uv	RvY_15967-1	14	0.35714285714285715	0.2857142857142857	0.35714285714285715	mixed	0.35714285714285715	0.6428571428571428	instable	instable_no_stable_identity	instable
uv	RvY_16048-1	14	0.2857142857142857	0.35714285714285715	0.35714285714285715	mixed	0.35714285714285715	0.6428571428571428	instable	instable_no_stable_identity	instable
uv	RvY_16420-1	14	0.2857142857142857	0.35714285714285715	0.35714285714285715	mixed	0.35714285714285715	0.6428571428571428	instable	instable_no_stable_identity	instable
uv	RvY_16421-1	14	0.2857142857142857	0.35714285714285715	0.35714285714285715	mixed	0.35714285714285715	0.6428571428571428	instable	instable_no_stable_identity	instable
uv	RvY_16432-1	14	0.35714285714285715	0.35714285714285715	0.2857142857142857	mixed	0.35714285714285715	0.6428571428571428	instable	instable_no_stable_identity	instable
uv	RvY_16579-2	14	0.35714285714285715	0.2857142857142857	0.35714285714285715	mixed	0.35714285714285715	0.6428571428571428	instable	instable_no_stable_identity	instable
uv	RvY_16776-1	14	0.35714285714285715	0.35714285714285715	0.2857142857142857	mixed	0.35714285714285715	0.6428571428571428	instable	instable_no_stable_identity	instable
uv	RvY_16826-1	14	0.35714285714285715	0.35714285714285715	0.2857142857142857	mixed	0.35714285714285715	0.6428571428571428	instable	instable_no_stable_identity	instable
uv	RvY_16884-1	14	0.2857142857142857	0.35714285714285715	0.35714285714285715	mixed	0.35714285714285715	0.6428571428571428	instable	instable_no_stable_identity	instable
uv	RvY_16913	14	0.35714285714285715	0.35714285714285715	0.2857142857142857	mixed	0.35714285714285715	0.6428571428571428	instable	instable_no_stable_identity	instable
uv	RvY_16921	14	0.2857142857142857	0.35714285714285715	0.35714285714285715	mixed	0.35714285714285715	0.6428571428571428	instable	instable_no_stable_identity	instable
uv	RvY_17073-1	14	0.2857142857142857	0.35714285714285715	0.35714285714285715	mixed	0.35714285714285715	0.6428571428571428	instable	instable_no_stable_identity	instable
uv	RvY_17142-1	14	0.2857142857142857	0.35714285714285715	0.35714285714285715	mixed	0.35714285714285715	0.6428571428571428	instable	instable_no_stable_identity	instable
uv	RvY_17165	14	0.35714285714285715	0.35714285714285715	0.2857142857142857	mixed	0.35714285714285715	0.6428571428571428	instable	instable_no_stable_identity	instable
uv	RvY_17294-1	14	0.35714285714285715	0.35714285714285715	0.2857142857142857	mixed	0.35714285714285715	0.6428571428571428	instable	instable_no_stable_identity	instable
uv	RvY_17537-1	14	0.35714285714285715	0.2857142857142857	0.35714285714285715	mixed	0.35714285714285715	0.6428571428571428	instable	instable_no_stable_identity	instable
uv	RvY_17574-1	14	0.2857142857142857	0.35714285714285715	0.35714285714285715	mixed	0.35714285714285715	0.6428571428571428	instable	instable_no_stable_identity	instable
uv	RvY_17610	14	0.2857142857142857	0.35714285714285715	0.35714285714285715	mixed	0.35714285714285715	0.6428571428571428	instable	instable_no_stable_identity	instable
uv	RvY_17747	14	0.2857142857142857	0.35714285714285715	0.35714285714285715	mixed	0.35714285714285715	0.6428571428571428	instable	instable_no_stable_identity	instable
uv	RvY_17811-1	14	0.2857142857142857	0.35714285714285715	0.35714285714285715	mixed	0.35714285714285715	0.6428571428571428	instable	instable_no_stable_identity	instable
uv	RvY_17915-1	14	0.35714285714285715	0.2857142857142857	0.35714285714285715	mixed	0.35714285714285715	0.6428571428571428	instable	instable_no_stable_identity	instable
uv	RvY_18042	14	0.2857142857142857	0.35714285714285715	0.35714285714285715	mixed	0.35714285714285715	0.6428571428571428	instable	instable_no_stable_identity	instable
uv	RvY_18082	14	0.2857142857142857	0.35714285714285715	0.35714285714285715	mixed	0.35714285714285715	0.6428571428571428	instable	instable_no_stable_identity	instable
uv	RvY_18115-1	14	0.2857142857142857	0.35714285714285715	0.35714285714285715	mixed	0.35714285714285715	0.6428571428571428	instable	instable_no_stable_identity	instable
uv	RvY_18372-1	14	0.35714285714285715	0.2857142857142857	0.35714285714285715	mixed	0.35714285714285715	0.6428571428571428	instable	instable_no_stable_identity	instable
uv	RvY_18379-1	14	0.2857142857142857	0.35714285714285715	0.35714285714285715	mixed	0.35714285714285715	0.6428571428571428	instable	instable_no_stable_identity	instable
uv	RvY_18414-1	14	0.2857142857142857	0.35714285714285715	0.35714285714285715	mixed	0.35714285714285715	0.6428571428571428	instable	instable_no_stable_identity	instable
uv	RvY_18479	14	0.2857142857142857	0.35714285714285715	0.35714285714285715	mixed	0.35714285714285715	0.6428571428571428	instable	instable_no_stable_identity	instable
uv	RvY_18582-1	14	0.2857142857142857	0.35714285714285715	0.35714285714285715	mixed	0.35714285714285715	0.6428571428571428	instable	instable_no_stable_identity	instable
uv	RvY_18615	14	0.2857142857142857	0.35714285714285715	0.35714285714285715	mixed	0.35714285714285715	0.6428571428571428	instable	instable_no_stable_identity	instable
uv	RvY_18629	14	0.35714285714285715	0.35714285714285715	0.2857142857142857	mixed	0.35714285714285715	0.6428571428571428	instable	instable_no_stable_identity	instable
uv	RvY_18848-1	14	0.2857142857142857	0.35714285714285715	0.35714285714285715	mixed	0.35714285714285715	0.6428571428571428	instable	instable_no_stable_identity	instable
uv	RvY_18867-1	14	0.35714285714285715	0.35714285714285715	0.2857142857142857	mixed	0.35714285714285715	0.6428571428571428	instable	instable_no_stable_identity	instable
uv	RvY_18868	14	0.2857142857142857	0.35714285714285715	0.35714285714285715	mixed	0.35714285714285715	0.6428571428571428	instable	instable_no_stable_identity	instable
uv	RvY_19249-1	14	0.2857142857142857	0.35714285714285715	0.35714285714285715	mixed	0.35714285714285715	0.6428571428571428	instable	instable_no_stable_identity	instable
uv	RvY_19642-1	14	0.2857142857142857	0.35714285714285715	0.35714285714285715	mixed	0.35714285714285715	0.6428571428571428	instable	instable_no_stable_identity	instable
uv	RvY_19658-1	14	0.2857142857142857	0.35714285714285715	0.35714285714285715	mixed	0.35714285714285715	0.6428571428571428	instable	instable_no_stable_identity	instable
uv	nad1	14	0.2857142857142857	0.35714285714285715	0.35714285714285715	mixed	0.35714285714285715	0.6428571428571428	instable	instable_no_stable_identity	instable
uv	RvY_00034-1	14	0.42857142857142855	0.14285714285714285	0.42857142857142855	mixed	0.42857142857142855	0.5714285714285714	instable	instable_no_stable_identity	instable
uv	RvY_00121-1	14	0.2857142857142857	0.42857142857142855	0.2857142857142857	down	0.42857142857142855	0.5714285714285714	instable	instable_no_stable_identity	instable
uv	RvY_00130-1	14	0.21428571428571427	0.42857142857142855	0.35714285714285715	down	0.42857142857142855	0.5714285714285714	instable	instable_no_stable_identity	instable
uv	RvY_00190-1	14	0.14285714285714285	0.42857142857142855	0.42857142857142855	mixed	0.42857142857142855	0.5714285714285714	instable	instable_no_stable_identity	instable
uv	RvY_00247	14	0.2857142857142857	0.42857142857142855	0.2857142857142857	down	0.42857142857142855	0.5714285714285714	instable	instable_no_stable_identity	instable
uv	RvY_00262	14	0.2857142857142857	0.2857142857142857	0.42857142857142855	constant	0.42857142857142855	0.5714285714285714	instable	instable_no_stable_identity	instable
uv	RvY_00286-1	14	0.42857142857142855	0.14285714285714285	0.42857142857142855	mixed	0.42857142857142855	0.5714285714285714	instable	instable_no_stable_identity	instable
uv	RvY_00301-1	14	0.2857142857142857	0.2857142857142857	0.42857142857142855	constant	0.42857142857142855	0.5714285714285714	instable	instable_no_stable_identity	instable
uv	RvY_00323-1	14	0.42857142857142855	0.14285714285714285	0.42857142857142855	mixed	0.42857142857142855	0.5714285714285714	instable	instable_no_stable_identity	instable
uv	RvY_00345-1	14	0.2857142857142857	0.2857142857142857	0.42857142857142855	constant	0.42857142857142855	0.5714285714285714	instable	instable_no_stable_identity	instable
uv	RvY_00386-1	14	0.42857142857142855	0.14285714285714285	0.42857142857142855	mixed	0.42857142857142855	0.5714285714285714	instable	instable_no_stable_identity	instable
uv	RvY_00410-1	14	0.21428571428571427	0.42857142857142855	0.35714285714285715	down	0.42857142857142855	0.5714285714285714	instable	instable_no_stable_identity	instable
uv	RvY_00455-1	14	0.21428571428571427	0.42857142857142855	0.35714285714285715	down	0.42857142857142855	0.5714285714285714	instable	instable_no_stable_identity	instable
uv	RvY_00460-1	14	0.14285714285714285	0.42857142857142855	0.42857142857142855	mixed	0.42857142857142855	0.5714285714285714	instable	instable_no_stable_identity	instable
uv	RvY_00461-1	14	0.21428571428571427	0.35714285714285715	0.42857142857142855	constant	0.42857142857142855	0.5714285714285714	instable	instable_no_stable_identity	instable
uv	RvY_00462-1	14	0.2857142857142857	0.42857142857142855	0.2857142857142857	down	0.42857142857142855	0.5714285714285714	instable	instable_no_stable_identity	instable
uv	RvY_00502-1	14	0.42857142857142855	0.21428571428571427	0.35714285714285715	up	0.42857142857142855	0.5714285714285714	instable	instable_no_stable_identity	instable
uv	RvY_00522-1	14	0.21428571428571427	0.35714285714285715	0.42857142857142855	constant	0.42857142857142855	0.5714285714285714	instable	instable_no_stable_identity	instable
uv	RvY_00534-1	14	0.42857142857142855	0.14285714285714285	0.42857142857142855	mixed	0.42857142857142855	0.5714285714285714	instable	instable_no_stable_identity	instable
uv	RvY_00562-1	14	0.42857142857142855	0.21428571428571427	0.35714285714285715	up	0.42857142857142855	0.5714285714285714	instable	instable_no_stable_identity	instable
uv	RvY_00568-1	14	0.2857142857142857	0.42857142857142855	0.2857142857142857	down	0.42857142857142855	0.5714285714285714	instable	instable_no_stable_identity	instable
uv	RvY_00592-1	14	0.2857142857142857	0.2857142857142857	0.42857142857142855	constant	0.42857142857142855	0.5714285714285714	instable	instable_no_stable_identity	instable
uv	RvY_00611	14	0.2857142857142857	0.2857142857142857	0.42857142857142855	constant	0.42857142857142855	0.5714285714285714	instable	instable_no_stable_identity	instable
uv	RvY_00665	14	0.2857142857142857	0.2857142857142857	0.42857142857142855	constant	0.42857142857142855	0.5714285714285714	instable	instable_no_stable_identity	instable
uv	RvY_00667-1	14	0.35714285714285715	0.21428571428571427	0.42857142857142855	constant	0.42857142857142855	0.5714285714285714	instable	instable_no_stable_identity	instable
uv	RvY_00669-1	14	0.21428571428571427	0.35714285714285715	0.42857142857142855	constant	0.42857142857142855	0.5714285714285714	instable	instable_no_stable_identity	instable
uv	RvY_00674-1	14	0.35714285714285715	0.42857142857142855	0.21428571428571427	down	0.42857142857142855	0.5714285714285714	instable	instable_no_stable_identity	instable
uv	RvY_00686-1	14	0.2857142857142857	0.42857142857142855	0.2857142857142857	down	0.42857142857142855	0.5714285714285714	instable	instable_no_stable_identity	instable
uv	RvY_00746-1	14	0.21428571428571427	0.42857142857142855	0.35714285714285715	down	0.42857142857142855	0.5714285714285714	instable	instable_no_stable_identity	instable
uv	RvY_00814-1	14	0.35714285714285715	0.21428571428571427	0.42857142857142855	constant	0.42857142857142855	0.5714285714285714	instable	instable_no_stable_identity	instable
uv	RvY_00848	14	0.14285714285714285	0.42857142857142855	0.42857142857142855	mixed	0.42857142857142855	0.5714285714285714	instable	instable_no_stable_identity	instable
uv	RvY_00866	14	0.35714285714285715	0.21428571428571427	0.42857142857142855	constant	0.42857142857142855	0.5714285714285714	instable	instable_no_stable_identity	instable
uv	RvY_00882	14	0.42857142857142855	0.21428571428571427	0.35714285714285715	up	0.42857142857142855	0.5714285714285714	instable	instable_no_stable_identity	instable
uv	RvY_00884	14	0.35714285714285715	0.21428571428571427	0.42857142857142855	constant	0.42857142857142855	0.5714285714285714	instable	instable_no_stable_identity	instable
uv	RvY_00891-1	14	0.35714285714285715	0.21428571428571427	0.42857142857142855	constant	0.42857142857142855	0.5714285714285714	instable	instable_no_stable_identity	instable
uv	RvY_00919	14	0.21428571428571427	0.35714285714285715	0.42857142857142855	constant	0.42857142857142855	0.5714285714285714	instable	instable_no_stable_identity	instable
uv	RvY_00932-1	14	0.42857142857142855	0.14285714285714285	0.42857142857142855	mixed	0.42857142857142855	0.5714285714285714	instable	instable_no_stable_identity	instable
uv	RvY_00942-1	14	0.2857142857142857	0.42857142857142855	0.2857142857142857	down	0.42857142857142855	0.5714285714285714	instable	instable_no_stable_identity	instable
uv	RvY_01001-1	14	0.14285714285714285	0.42857142857142855	0.42857142857142855	mixed	0.42857142857142855	0.5714285714285714	instable	instable_no_stable_identity	instable
uv	RvY_01081-1	14	0.42857142857142855	0.14285714285714285	0.42857142857142855	mixed	0.42857142857142855	0.5714285714285714	instable	instable_no_stable_identity	instable
uv	RvY_01082	14	0.42857142857142855	0.35714285714285715	0.21428571428571427	up	0.42857142857142855	0.5714285714285714	instable	instable_no_stable_identity	instable
uv	RvY_01084-1	14	0.42857142857142855	0.21428571428571427	0.35714285714285715	up	0.42857142857142855	0.5714285714285714	instable	instable_no_stable_identity	instable
uv	RvY_01151-1	14	0.42857142857142855	0.14285714285714285	0.42857142857142855	mixed	0.42857142857142855	0.5714285714285714	instable	instable_no_stable_identity	instable
uv	RvY_01168-1	14	0.21428571428571427	0.35714285714285715	0.42857142857142855	constant	0.42857142857142855	0.5714285714285714	instable	instable_no_stable_identity	instable
uv	RvY_01185-1	14	0.14285714285714285	0.42857142857142855	0.42857142857142855	mixed	0.42857142857142855	0.5714285714285714	instable	instable_no_stable_identity	instable
uv	RvY_01198-1	14	0.14285714285714285	0.42857142857142855	0.42857142857142855	mixed	0.42857142857142855	0.5714285714285714	instable	instable_no_stable_identity	instable
uv	RvY_01203-1	14	0.2857142857142857	0.42857142857142855	0.2857142857142857	down	0.42857142857142855	0.5714285714285714	instable	instable_no_stable_identity	instable
uv	RvY_01281-1	14	0.42857142857142855	0.21428571428571427	0.35714285714285715	up	0.42857142857142855	0.5714285714285714	instable	instable_no_stable_identity	instable
uv	RvY_01282-1	14	0.35714285714285715	0.42857142857142855	0.21428571428571427	down	0.42857142857142855	0.5714285714285714	instable	instable_no_stable_identity	instable
uv	RvY_01286-1	14	0.35714285714285715	0.21428571428571427	0.42857142857142855	constant	0.42857142857142855	0.5714285714285714	instable	instable_no_stable_identity	instable
uv	RvY_01289-1	14	0.21428571428571427	0.35714285714285715	0.42857142857142855	constant	0.42857142857142855	0.5714285714285714	instable	instable_no_stable_identity	instable
uv	RvY_01314-1	14	0.21428571428571427	0.35714285714285715	0.42857142857142855	constant	0.42857142857142855	0.5714285714285714	instable	instable_no_stable_identity	instable
uv	RvY_01326-1	14	0.42857142857142855	0.14285714285714285	0.42857142857142855	mixed	0.42857142857142855	0.5714285714285714	instable	instable_no_stable_identity	instable
uv	RvY_01328-1	14	0.14285714285714285	0.42857142857142855	0.42857142857142855	mixed	0.42857142857142855	0.5714285714285714	instable	instable_no_stable_identity	instable
uv	RvY_01335	14	0.21428571428571427	0.42857142857142855	0.35714285714285715	down	0.42857142857142855	0.5714285714285714	instable	instable_no_stable_identity	instable
uv	RvY_01336	14	0.42857142857142855	0.2857142857142857	0.2857142857142857	up	0.42857142857142855	0.5714285714285714	instable	instable_no_stable_identity	instable
uv	RvY_01337	14	0.14285714285714285	0.42857142857142855	0.42857142857142855	mixed	0.42857142857142855	0.5714285714285714	instable	instable_no_stable_identity	instable
uv	RvY_01375	14	0.35714285714285715	0.42857142857142855	0.21428571428571427	down	0.42857142857142855	0.5714285714285714	instable	instable_no_stable_identity	instable
uv	RvY_01414-1	14	0.42857142857142855	0.14285714285714285	0.42857142857142855	mixed	0.42857142857142855	0.5714285714285714	instable	instable_no_stable_identity	instable
uv	RvY_01420-1	14	0.21428571428571427	0.42857142857142855	0.35714285714285715	down	0.42857142857142855	0.5714285714285714	instable	instable_no_stable_identity	instable
uv	RvY_01423-1	14	0.2857142857142857	0.42857142857142855	0.2857142857142857	down	0.42857142857142855	0.5714285714285714	instable	instable_no_stable_identity	instable
uv	RvY_01442-1	14	0.14285714285714285	0.42857142857142855	0.42857142857142855	mixed	0.42857142857142855	0.5714285714285714	instable	instable_no_stable_identity	instable
uv	RvY_01459-1	14	0.42857142857142855	0.21428571428571427	0.35714285714285715	up	0.42857142857142855	0.5714285714285714	instable	instable_no_stable_identity	instable
uv	RvY_01540-1	14	0.35714285714285715	0.21428571428571427	0.42857142857142855	constant	0.42857142857142855	0.5714285714285714	instable	instable_no_stable_identity	instable
uv	RvY_01556-1	14	0.42857142857142855	0.14285714285714285	0.42857142857142855	mixed	0.42857142857142855	0.5714285714285714	instable	instable_no_stable_identity	instable
uv	RvY_01557-1	14	0.21428571428571427	0.42857142857142855	0.35714285714285715	down	0.42857142857142855	0.5714285714285714	instable	instable_no_stable_identity	instable
uv	RvY_01561-1	14	0.2857142857142857	0.2857142857142857	0.42857142857142855	constant	0.42857142857142855	0.5714285714285714	instable	instable_no_stable_identity	instable
uv	RvY_01613-1	14	0.2857142857142857	0.42857142857142855	0.2857142857142857	down	0.42857142857142855	0.5714285714285714	instable	instable_no_stable_identity	instable
uv	RvY_01616-1	14	0.21428571428571427	0.35714285714285715	0.42857142857142855	constant	0.42857142857142855	0.5714285714285714	instable	instable_no_stable_identity	instable
uv	RvY_01643-1	14	0.42857142857142855	0.14285714285714285	0.42857142857142855	mixed	0.42857142857142855	0.5714285714285714	instable	instable_no_stable_identity	instable
uv	RvY_01656	14	0.14285714285714285	0.42857142857142855	0.42857142857142855	mixed	0.42857142857142855	0.5714285714285714	instable	instable_no_stable_identity	instable
uv	RvY_01667-1	14	0.2857142857142857	0.2857142857142857	0.42857142857142855	constant	0.42857142857142855	0.5714285714285714	instable	instable_no_stable_identity	instable
uv	RvY_01700-1	14	0.42857142857142855	0.35714285714285715	0.21428571428571427	up	0.42857142857142855	0.5714285714285714	instable	instable_no_stable_identity	instable
uv	RvY_01707-1	14	0.21428571428571427	0.42857142857142855	0.35714285714285715	down	0.42857142857142855	0.5714285714285714	instable	instable_no_stable_identity	instable
uv	RvY_01745	14	0.42857142857142855	0.21428571428571427	0.35714285714285715	up	0.42857142857142855	0.5714285714285714	instable	instable_no_stable_identity	instable
uv	RvY_01760-1	14	0.14285714285714285	0.42857142857142855	0.42857142857142855	mixed	0.42857142857142855	0.5714285714285714	instable	instable_no_stable_identity	instable
uv	RvY_01823-1	14	0.35714285714285715	0.42857142857142855	0.21428571428571427	down	0.42857142857142855	0.5714285714285714	instable	instable_no_stable_identity	instable
uv	RvY_01835-1	14	0.42857142857142855	0.14285714285714285	0.42857142857142855	mixed	0.42857142857142855	0.5714285714285714	instable	instable_no_stable_identity	instable
uv	RvY_01887-1	14	0.2857142857142857	0.2857142857142857	0.42857142857142855	constant	0.42857142857142855	0.5714285714285714	instable	instable_no_stable_identity	instable
uv	RvY_01959-1	14	0.42857142857142855	0.2857142857142857	0.2857142857142857	up	0.42857142857142855	0.5714285714285714	instable	instable_no_stable_identity	instable
uv	RvY_01962-1	14	0.21428571428571427	0.42857142857142855	0.35714285714285715	down	0.42857142857142855	0.5714285714285714	instable	instable_no_stable_identity	instable
uv	RvY_01970-1	14	0.2857142857142857	0.2857142857142857	0.42857142857142855	constant	0.42857142857142855	0.5714285714285714	instable	instable_no_stable_identity	instable
uv	RvY_01972-1	14	0.42857142857142855	0.21428571428571427	0.35714285714285715	up	0.42857142857142855	0.5714285714285714	instable	instable_no_stable_identity	instable
uv	RvY_02019-1	14	0.2857142857142857	0.2857142857142857	0.42857142857142855	constant	0.42857142857142855	0.5714285714285714	instable	instable_no_stable_identity	instable
uv	RvY_02024	14	0.21428571428571427	0.35714285714285715	0.42857142857142855	constant	0.42857142857142855	0.5714285714285714	instable	instable_no_stable_identity	instable
uv	RvY_02078-1	14	0.14285714285714285	0.42857142857142855	0.42857142857142855	mixed	0.42857142857142855	0.5714285714285714	instable	instable_no_stable_identity	instable
uv	RvY_02125-1	14	0.42857142857142855	0.2857142857142857	0.2857142857142857	up	0.42857142857142855	0.5714285714285714	instable	instable_no_stable_identity	instable
uv	RvY_02135-1	14	0.42857142857142855	0.14285714285714285	0.42857142857142855	mixed	0.42857142857142855	0.5714285714285714	instable	instable_no_stable_identity	instable
uv	RvY_02183-1	14	0.35714285714285715	0.21428571428571427	0.42857142857142855	constant	0.42857142857142855	0.5714285714285714	instable	instable_no_stable_identity	instable
uv	RvY_02185	14	0.42857142857142855	0.14285714285714285	0.42857142857142855	mixed	0.42857142857142855	0.5714285714285714	instable	instable_no_stable_identity	instable
uv	RvY_02192	14	0.14285714285714285	0.42857142857142855	0.42857142857142855	mixed	0.42857142857142855	0.5714285714285714	instable	instable_no_stable_identity	instable
uv	RvY_02202-1	14	0.2857142857142857	0.2857142857142857	0.42857142857142855	constant	0.42857142857142855	0.5714285714285714	instable	instable_no_stable_identity	instable
uv	RvY_02218-1	14	0.42857142857142855	0.35714285714285715	0.21428571428571427	up	0.42857142857142855	0.5714285714285714	instable	instable_no_stable_identity	instable
uv	RvY_02228-1	14	0.21428571428571427	0.42857142857142855	0.35714285714285715	down	0.42857142857142855	0.5714285714285714	instable	instable_no_stable_identity	instable
uv	RvY_02258-1	14	0.42857142857142855	0.14285714285714285	0.42857142857142855	mixed	0.42857142857142855	0.5714285714285714	instable	instable_no_stable_identity	instable
uv	RvY_02282-1	14	0.42857142857142855	0.2857142857142857	0.2857142857142857	up	0.42857142857142855	0.5714285714285714	instable	instable_no_stable_identity	instable
uv	RvY_02316	14	0.35714285714285715	0.21428571428571427	0.42857142857142855	constant	0.42857142857142855	0.5714285714285714	instable	instable_no_stable_identity	instable
uv	RvY_02363	14	0.42857142857142855	0.14285714285714285	0.42857142857142855	mixed	0.42857142857142855	0.5714285714285714	instable	instable_no_stable_identity	instable
uv	RvY_02368-1	14	0.14285714285714285	0.42857142857142855	0.42857142857142855	mixed	0.42857142857142855	0.5714285714285714	instable	instable_no_stable_identity	instable
uv	RvY_02420-1	14	0.14285714285714285	0.42857142857142855	0.42857142857142855	mixed	0.42857142857142855	0.5714285714285714	instable	instable_no_stable_identity	instable
uv	RvY_02421-1	14	0.42857142857142855	0.14285714285714285	0.42857142857142855	mixed	0.42857142857142855	0.5714285714285714	instable	instable_no_stable_identity	instable
uv	RvY_02443-1	14	0.42857142857142855	0.14285714285714285	0.42857142857142855	mixed	0.42857142857142855	0.5714285714285714	instable	instable_no_stable_identity	instable
uv	RvY_02449-1	14	0.14285714285714285	0.42857142857142855	0.42857142857142855	mixed	0.42857142857142855	0.5714285714285714	instable	instable_no_stable_identity	instable
uv	RvY_02456-1	14	0.42857142857142855	0.14285714285714285	0.42857142857142855	mixed	0.42857142857142855	0.5714285714285714	instable	instable_no_stable_identity	instable
uv	RvY_02475-1	14	0.14285714285714285	0.42857142857142855	0.42857142857142855	mixed	0.42857142857142855	0.5714285714285714	instable	instable_no_stable_identity	instable
uv	RvY_02526	14	0.21428571428571427	0.35714285714285715	0.42857142857142855	constant	0.42857142857142855	0.5714285714285714	instable	instable_no_stable_identity	instable
uv	RvY_02598-1	14	0.42857142857142855	0.21428571428571427	0.35714285714285715	up	0.42857142857142855	0.5714285714285714	instable	instable_no_stable_identity	instable
uv	RvY_02612	14	0.35714285714285715	0.21428571428571427	0.42857142857142855	constant	0.42857142857142855	0.5714285714285714	instable	instable_no_stable_identity	instable
uv	RvY_02616-1	14	0.14285714285714285	0.42857142857142855	0.42857142857142855	mixed	0.42857142857142855	0.5714285714285714	instable	instable_no_stable_identity	instable
uv	RvY_02617	14	0.21428571428571427	0.42857142857142855	0.35714285714285715	down	0.42857142857142855	0.5714285714285714	instable	instable_no_stable_identity	instable
uv	RvY_02623-1	14	0.42857142857142855	0.21428571428571427	0.35714285714285715	up	0.42857142857142855	0.5714285714285714	instable	instable_no_stable_identity	instable
uv	RvY_02687-1	14	0.35714285714285715	0.21428571428571427	0.42857142857142855	constant	0.42857142857142855	0.5714285714285714	instable	instable_no_stable_identity	instable
uv	RvY_02711-1	14	0.2857142857142857	0.2857142857142857	0.42857142857142855	constant	0.42857142857142855	0.5714285714285714	instable	instable_no_stable_identity	instable
uv	RvY_02742-1	14	0.21428571428571427	0.35714285714285715	0.42857142857142855	constant	0.42857142857142855	0.5714285714285714	instable	instable_no_stable_identity	instable
uv	RvY_02792	14	0.21428571428571427	0.35714285714285715	0.42857142857142855	constant	0.42857142857142855	0.5714285714285714	instable	instable_no_stable_identity	instable
uv	RvY_02816-1	14	0.42857142857142855	0.21428571428571427	0.35714285714285715	up	0.42857142857142855	0.5714285714285714	instable	instable_no_stable_identity	instable
uv	RvY_02824-1	14	0.42857142857142855	0.35714285714285715	0.21428571428571427	up	0.42857142857142855	0.5714285714285714	instable	instable_no_stable_identity	instable
uv	RvY_02850-1	14	0.35714285714285715	0.21428571428571427	0.42857142857142855	constant	0.42857142857142855	0.5714285714285714	instable	instable_no_stable_identity	instable
uv	RvY_02874-1	14	0.42857142857142855	0.14285714285714285	0.42857142857142855	mixed	0.42857142857142855	0.5714285714285714	instable	instable_no_stable_identity	instable
uv	RvY_02921-1	14	0.42857142857142855	0.21428571428571427	0.35714285714285715	up	0.42857142857142855	0.5714285714285714	instable	instable_no_stable_identity	instable
uv	RvY_02926-1	14	0.42857142857142855	0.42857142857142855	0.14285714285714285	mixed	0.42857142857142855	0.5714285714285714	instable	instable_no_stable_identity	instable
uv	RvY_02938	14	0.14285714285714285	0.42857142857142855	0.42857142857142855	mixed	0.42857142857142855	0.5714285714285714	instable	instable_no_stable_identity	instable
uv	RvY_02945-1	14	0.21428571428571427	0.35714285714285715	0.42857142857142855	constant	0.42857142857142855	0.5714285714285714	instable	instable_no_stable_identity	instable
uv	RvY_02974-1	14	0.42857142857142855	0.14285714285714285	0.42857142857142855	mixed	0.42857142857142855	0.5714285714285714	instable	instable_no_stable_identity	instable
uv	RvY_03003	14	0.35714285714285715	0.21428571428571427	0.42857142857142855	constant	0.42857142857142855	0.5714285714285714	instable	instable_no_stable_identity	instable
uv	RvY_03025-1	14	0.21428571428571427	0.35714285714285715	0.42857142857142855	constant	0.42857142857142855	0.5714285714285714	instable	instable_no_stable_identity	instable
uv	RvY_03027-1	14	0.42857142857142855	0.2857142857142857	0.2857142857142857	up	0.42857142857142855	0.5714285714285714	instable	instable_no_stable_identity	instable
uv	RvY_03043-1	14	0.21428571428571427	0.42857142857142855	0.35714285714285715	down	0.42857142857142855	0.5714285714285714	instable	instable_no_stable_identity	instable
uv	RvY_03056-1	14	0.35714285714285715	0.42857142857142855	0.21428571428571427	down	0.42857142857142855	0.5714285714285714	instable	instable_no_stable_identity	instable
uv	RvY_03061-1	14	0.35714285714285715	0.42857142857142855	0.21428571428571427	down	0.42857142857142855	0.5714285714285714	instable	instable_no_stable_identity	instable
uv	RvY_03078-1	14	0.42857142857142855	0.21428571428571427	0.35714285714285715	up	0.42857142857142855	0.5714285714285714	instable	instable_no_stable_identity	instable
uv	RvY_03081-1	14	0.21428571428571427	0.35714285714285715	0.42857142857142855	constant	0.42857142857142855	0.5714285714285714	instable	instable_no_stable_identity	instable
uv	RvY_03113-1	14	0.21428571428571427	0.42857142857142855	0.35714285714285715	down	0.42857142857142855	0.5714285714285714	instable	instable_no_stable_identity	instable
uv	RvY_03143-1	14	0.14285714285714285	0.42857142857142855	0.42857142857142855	mixed	0.42857142857142855	0.5714285714285714	instable	instable_no_stable_identity	instable
uv	RvY_03202-1	14	0.42857142857142855	0.14285714285714285	0.42857142857142855	mixed	0.42857142857142855	0.5714285714285714	instable	instable_no_stable_identity	instable
uv	RvY_03211-1	14	0.2857142857142857	0.2857142857142857	0.42857142857142855	constant	0.42857142857142855	0.5714285714285714	instable	instable_no_stable_identity	instable
uv	RvY_03220-1	14	0.35714285714285715	0.21428571428571427	0.42857142857142855	constant	0.42857142857142855	0.5714285714285714	instable	instable_no_stable_identity	instable
uv	RvY_03229-1	14	0.42857142857142855	0.14285714285714285	0.42857142857142855	mixed	0.42857142857142855	0.5714285714285714	instable	instable_no_stable_identity	instable
uv	RvY_03238-1	14	0.21428571428571427	0.35714285714285715	0.42857142857142855	constant	0.42857142857142855	0.5714285714285714	instable	instable_no_stable_identity	instable
uv	RvY_03239-1	14	0.21428571428571427	0.42857142857142855	0.35714285714285715	down	0.42857142857142855	0.5714285714285714	instable	instable_no_stable_identity	instable
uv	RvY_03260	14	0.42857142857142855	0.14285714285714285	0.42857142857142855	mixed	0.42857142857142855	0.5714285714285714	instable	instable_no_stable_identity	instable
uv	RvY_03310-1	14	0.42857142857142855	0.21428571428571427	0.35714285714285715	up	0.42857142857142855	0.5714285714285714	instable	instable_no_stable_identity	instable
uv	RvY_03320	14	0.14285714285714285	0.42857142857142855	0.42857142857142855	mixed	0.42857142857142855	0.5714285714285714	instable	instable_no_stable_identity	instable
uv	RvY_03338-1	14	0.14285714285714285	0.42857142857142855	0.42857142857142855	mixed	0.42857142857142855	0.5714285714285714	instable	instable_no_stable_identity	instable
uv	RvY_03362-1	14	0.21428571428571427	0.35714285714285715	0.42857142857142855	constant	0.42857142857142855	0.5714285714285714	instable	instable_no_stable_identity	instable
uv	RvY_03372-1	14	0.35714285714285715	0.42857142857142855	0.21428571428571427	down	0.42857142857142855	0.5714285714285714	instable	instable_no_stable_identity	instable
uv	RvY_03381-1	14	0.42857142857142855	0.14285714285714285	0.42857142857142855	mixed	0.42857142857142855	0.5714285714285714	instable	instable_no_stable_identity	instable
uv	RvY_03382	14	0.42857142857142855	0.35714285714285715	0.21428571428571427	up	0.42857142857142855	0.5714285714285714	instable	instable_no_stable_identity	instable
uv	RvY_03387-1	14	0.2857142857142857	0.2857142857142857	0.42857142857142855	constant	0.42857142857142855	0.5714285714285714	instable	instable_no_stable_identity	instable
uv	RvY_03397-1	14	0.21428571428571427	0.42857142857142855	0.35714285714285715	down	0.42857142857142855	0.5714285714285714	instable	instable_no_stable_identity	instable
uv	RvY_03403-1	14	0.21428571428571427	0.35714285714285715	0.42857142857142855	constant	0.42857142857142855	0.5714285714285714	instable	instable_no_stable_identity	instable
uv	RvY_03414-1	14	0.42857142857142855	0.35714285714285715	0.21428571428571427	up	0.42857142857142855	0.5714285714285714	instable	instable_no_stable_identity	instable
uv	RvY_03456-1	14	0.2857142857142857	0.2857142857142857	0.42857142857142855	constant	0.42857142857142855	0.5714285714285714	instable	instable_no_stable_identity	instable
uv	RvY_03463-1	14	0.21428571428571427	0.35714285714285715	0.42857142857142855	constant	0.42857142857142855	0.5714285714285714	instable	instable_no_stable_identity	instable
uv	RvY_03474	14	0.42857142857142855	0.35714285714285715	0.21428571428571427	up	0.42857142857142855	0.5714285714285714	instable	instable_no_stable_identity	instable
uv	RvY_03507	14	0.35714285714285715	0.21428571428571427	0.42857142857142855	constant	0.42857142857142855	0.5714285714285714	instable	instable_no_stable_identity	instable
uv	RvY_03508-1	14	0.21428571428571427	0.35714285714285715	0.42857142857142855	constant	0.42857142857142855	0.5714285714285714	instable	instable_no_stable_identity	instable
uv	RvY_03534	14	0.42857142857142855	0.2857142857142857	0.2857142857142857	up	0.42857142857142855	0.5714285714285714	instable	instable_no_stable_identity	instable
uv	RvY_03557-1	14	0.2857142857142857	0.42857142857142855	0.2857142857142857	down	0.42857142857142855	0.5714285714285714	instable	instable_no_stable_identity	instable
uv	RvY_03596-1	14	0.14285714285714285	0.42857142857142855	0.42857142857142855	mixed	0.42857142857142855	0.5714285714285714	instable	instable_no_stable_identity	instable
uv	RvY_03601-1	14	0.2857142857142857	0.42857142857142855	0.2857142857142857	down	0.42857142857142855	0.5714285714285714	instable	instable_no_stable_identity	instable
uv	RvY_03617	14	0.21428571428571427	0.35714285714285715	0.42857142857142855	constant	0.42857142857142855	0.5714285714285714	instable	instable_no_stable_identity	instable
uv	RvY_03634	14	0.14285714285714285	0.42857142857142855	0.42857142857142855	mixed	0.42857142857142855	0.5714285714285714	instable	instable_no_stable_identity	instable
uv	RvY_03641-1	14	0.35714285714285715	0.42857142857142855	0.21428571428571427	down	0.42857142857142855	0.5714285714285714	instable	instable_no_stable_identity	instable
uv	RvY_03670-1	14	0.14285714285714285	0.42857142857142855	0.42857142857142855	mixed	0.42857142857142855	0.5714285714285714	instable	instable_no_stable_identity	instable
uv	RvY_03705-1	14	0.21428571428571427	0.42857142857142855	0.35714285714285715	down	0.42857142857142855	0.5714285714285714	instable	instable_no_stable_identity	instable
uv	RvY_03724-1	14	0.42857142857142855	0.2857142857142857	0.2857142857142857	up	0.42857142857142855	0.5714285714285714	instable	instable_no_stable_identity	instable
uv	RvY_03733-1	14	0.42857142857142855	0.2857142857142857	0.2857142857142857	up	0.42857142857142855	0.5714285714285714	instable	instable_no_stable_identity	instable
uv	RvY_03755-1	14	0.21428571428571427	0.35714285714285715	0.42857142857142855	constant	0.42857142857142855	0.5714285714285714	instable	instable_no_stable_identity	instable
uv	RvY_03767-1	14	0.14285714285714285	0.42857142857142855	0.42857142857142855	mixed	0.42857142857142855	0.5714285714285714	instable	instable_no_stable_identity	instable
uv	RvY_03805-1	14	0.21428571428571427	0.35714285714285715	0.42857142857142855	constant	0.42857142857142855	0.5714285714285714	instable	instable_no_stable_identity	instable
uv	RvY_03806-1	14	0.14285714285714285	0.42857142857142855	0.42857142857142855	mixed	0.42857142857142855	0.5714285714285714	instable	instable_no_stable_identity	instable
uv	RvY_03866-1	14	0.21428571428571427	0.42857142857142855	0.35714285714285715	down	0.42857142857142855	0.5714285714285714	instable	instable_no_stable_identity	instable
uv	RvY_03876	14	0.35714285714285715	0.21428571428571427	0.42857142857142855	constant	0.42857142857142855	0.5714285714285714	instable	instable_no_stable_identity	instable
uv	RvY_03909	14	0.42857142857142855	0.21428571428571427	0.35714285714285715	up	0.42857142857142855	0.5714285714285714	instable	instable_no_stable_identity	instable
uv	RvY_03940-1	14	0.21428571428571427	0.35714285714285715	0.42857142857142855	constant	0.42857142857142855	0.5714285714285714	instable	instable_no_stable_identity	instable
uv	RvY_03985-1	14	0.42857142857142855	0.35714285714285715	0.21428571428571427	up	0.42857142857142855	0.5714285714285714	instable	instable_no_stable_identity	instable
uv	RvY_04014-1	14	0.2857142857142857	0.42857142857142855	0.2857142857142857	down	0.42857142857142855	0.5714285714285714	instable	instable_no_stable_identity	instable
uv	RvY_04026-1	14	0.21428571428571427	0.35714285714285715	0.42857142857142855	constant	0.42857142857142855	0.5714285714285714	instable	instable_no_stable_identity	instable
uv	RvY_04041-1	14	0.42857142857142855	0.35714285714285715	0.21428571428571427	up	0.42857142857142855	0.5714285714285714	instable	instable_no_stable_identity	instable
uv	RvY_04048	14	0.35714285714285715	0.42857142857142855	0.21428571428571427	down	0.42857142857142855	0.5714285714285714	instable	instable_no_stable_identity	instable
uv	RvY_04066-1	14	0.35714285714285715	0.21428571428571427	0.42857142857142855	constant	0.42857142857142855	0.5714285714285714	instable	instable_no_stable_identity	instable
uv	RvY_04069-1	14	0.35714285714285715	0.21428571428571427	0.42857142857142855	constant	0.42857142857142855	0.5714285714285714	instable	instable_no_stable_identity	instable
uv	RvY_04106-1	14	0.2857142857142857	0.2857142857142857	0.42857142857142855	constant	0.42857142857142855	0.5714285714285714	instable	instable_no_stable_identity	instable
uv	RvY_04112-1	14	0.42857142857142855	0.21428571428571427	0.35714285714285715	up	0.42857142857142855	0.5714285714285714	instable	instable_no_stable_identity	instable
uv	RvY_04137-1	14	0.42857142857142855	0.14285714285714285	0.42857142857142855	mixed	0.42857142857142855	0.5714285714285714	instable	instable_no_stable_identity	instable
uv	RvY_04156-1	14	0.21428571428571427	0.42857142857142855	0.35714285714285715	down	0.42857142857142855	0.5714285714285714	instable	instable_no_stable_identity	instable
uv	RvY_04160-1	14	0.14285714285714285	0.42857142857142855	0.42857142857142855	mixed	0.42857142857142855	0.5714285714285714	instable	instable_no_stable_identity	instable
uv	RvY_04161-1	14	0.21428571428571427	0.42857142857142855	0.35714285714285715	down	0.42857142857142855	0.5714285714285714	instable	instable_no_stable_identity	instable
uv	RvY_04189-1	14	0.2857142857142857	0.2857142857142857	0.42857142857142855	constant	0.42857142857142855	0.5714285714285714	instable	instable_no_stable_identity	instable
uv	RvY_04191	14	0.42857142857142855	0.42857142857142855	0.14285714285714285	mixed	0.42857142857142855	0.5714285714285714	instable	instable_no_stable_identity	instable
uv	RvY_04197	14	0.21428571428571427	0.42857142857142855	0.35714285714285715	down	0.42857142857142855	0.5714285714285714	instable	instable_no_stable_identity	instable
uv	RvY_04206	14	0.21428571428571427	0.42857142857142855	0.35714285714285715	down	0.42857142857142855	0.5714285714285714	instable	instable_no_stable_identity	instable
uv	RvY_04262-1	14	0.2857142857142857	0.2857142857142857	0.42857142857142855	constant	0.42857142857142855	0.5714285714285714	instable	instable_no_stable_identity	instable
uv	RvY_04319-1	14	0.42857142857142855	0.2857142857142857	0.2857142857142857	up	0.42857142857142855	0.5714285714285714	instable	instable_no_stable_identity	instable
uv	RvY_04359-1	14	0.42857142857142855	0.21428571428571427	0.35714285714285715	up	0.42857142857142855	0.5714285714285714	instable	instable_no_stable_identity	instable
uv	RvY_04367-1	14	0.21428571428571427	0.42857142857142855	0.35714285714285715	down	0.42857142857142855	0.5714285714285714	instable	instable_no_stable_identity	instable
uv	RvY_04388-1	14	0.14285714285714285	0.42857142857142855	0.42857142857142855	mixed	0.42857142857142855	0.5714285714285714	instable	instable_no_stable_identity	instable
uv	RvY_04392-1	14	0.21428571428571427	0.42857142857142855	0.35714285714285715	down	0.42857142857142855	0.5714285714285714	instable	instable_no_stable_identity	instable
uv	RvY_04400	14	0.42857142857142855	0.35714285714285715	0.21428571428571427	up	0.42857142857142855	0.5714285714285714	instable	instable_no_stable_identity	instable
uv	RvY_04438-1	14	0.14285714285714285	0.42857142857142855	0.42857142857142855	mixed	0.42857142857142855	0.5714285714285714	instable	instable_no_stable_identity	instable
uv	RvY_04489-1	14	0.42857142857142855	0.14285714285714285	0.42857142857142855	mixed	0.42857142857142855	0.5714285714285714	instable	instable_no_stable_identity	instable
uv	RvY_04505	14	0.42857142857142855	0.21428571428571427	0.35714285714285715	up	0.42857142857142855	0.5714285714285714	instable	instable_no_stable_identity	instable
uv	RvY_04510-1	14	0.21428571428571427	0.35714285714285715	0.42857142857142855	constant	0.42857142857142855	0.5714285714285714	instable	instable_no_stable_identity	instable
uv	RvY_04542-1	14	0.14285714285714285	0.42857142857142855	0.42857142857142855	mixed	0.42857142857142855	0.5714285714285714	instable	instable_no_stable_identity	instable
uv	RvY_04559-1	14	0.42857142857142855	0.21428571428571427	0.35714285714285715	up	0.42857142857142855	0.5714285714285714	instable	instable_no_stable_identity	instable
uv	RvY_04594-1	14	0.21428571428571427	0.42857142857142855	0.35714285714285715	down	0.42857142857142855	0.5714285714285714	instable	instable_no_stable_identity	instable
uv	RvY_04603-1	14	0.2857142857142857	0.42857142857142855	0.2857142857142857	down	0.42857142857142855	0.5714285714285714	instable	instable_no_stable_identity	instable
uv	RvY_04714-1	14	0.14285714285714285	0.42857142857142855	0.42857142857142855	mixed	0.42857142857142855	0.5714285714285714	instable	instable_no_stable_identity	instable
uv	RvY_04808-1	14	0.2857142857142857	0.2857142857142857	0.42857142857142855	constant	0.42857142857142855	0.5714285714285714	instable	instable_no_stable_identity	instable
uv	RvY_04828-1	14	0.2857142857142857	0.42857142857142855	0.2857142857142857	down	0.42857142857142855	0.5714285714285714	instable	instable_no_stable_identity	instable
uv	RvY_04926-1	14	0.14285714285714285	0.42857142857142855	0.42857142857142855	mixed	0.42857142857142855	0.5714285714285714	instable	instable_no_stable_identity	instable
uv	RvY_04935-1	14	0.21428571428571427	0.42857142857142855	0.35714285714285715	down	0.42857142857142855	0.5714285714285714	instable	instable_no_stable_identity	instable
uv	RvY_04948-1	14	0.2857142857142857	0.42857142857142855	0.2857142857142857	down	0.42857142857142855	0.5714285714285714	instable	instable_no_stable_identity	instable
uv	RvY_04958-1	14	0.35714285714285715	0.21428571428571427	0.42857142857142855	constant	0.42857142857142855	0.5714285714285714	instable	instable_no_stable_identity	instable
uv	RvY_04959-1	14	0.21428571428571427	0.42857142857142855	0.35714285714285715	down	0.42857142857142855	0.5714285714285714	instable	instable_no_stable_identity	instable
uv	RvY_04976-1	14	0.21428571428571427	0.42857142857142855	0.35714285714285715	down	0.42857142857142855	0.5714285714285714	instable	instable_no_stable_identity	instable
uv	RvY_05015-1	14	0.42857142857142855	0.14285714285714285	0.42857142857142855	mixed	0.42857142857142855	0.5714285714285714	instable	instable_no_stable_identity	instable
uv	RvY_05020-1	14	0.14285714285714285	0.42857142857142855	0.42857142857142855	mixed	0.42857142857142855	0.5714285714285714	instable	instable_no_stable_identity	instable
uv	RvY_05055-1	14	0.14285714285714285	0.42857142857142855	0.42857142857142855	mixed	0.42857142857142855	0.5714285714285714	instable	instable_no_stable_identity	instable
uv	RvY_05091-1	14	0.14285714285714285	0.42857142857142855	0.42857142857142855	mixed	0.42857142857142855	0.5714285714285714	instable	instable_no_stable_identity	instable
uv	RvY_05124-1	14	0.21428571428571427	0.35714285714285715	0.42857142857142855	constant	0.42857142857142855	0.5714285714285714	instable	instable_no_stable_identity	instable
uv	RvY_05142-1	14	0.14285714285714285	0.42857142857142855	0.42857142857142855	mixed	0.42857142857142855	0.5714285714285714	instable	instable_no_stable_identity	instable
uv	RvY_05182-1	14	0.21428571428571427	0.42857142857142855	0.35714285714285715	down	0.42857142857142855	0.5714285714285714	instable	instable_no_stable_identity	instable
uv	RvY_05184-1	14	0.21428571428571427	0.42857142857142855	0.35714285714285715	down	0.42857142857142855	0.5714285714285714	instable	instable_no_stable_identity	instable
uv	RvY_05186-1	14	0.21428571428571427	0.42857142857142855	0.35714285714285715	down	0.42857142857142855	0.5714285714285714	instable	instable_no_stable_identity	instable
uv	RvY_05190-1	14	0.42857142857142855	0.14285714285714285	0.42857142857142855	mixed	0.42857142857142855	0.5714285714285714	instable	instable_no_stable_identity	instable
uv	RvY_05194-1	14	0.2857142857142857	0.42857142857142855	0.2857142857142857	down	0.42857142857142855	0.5714285714285714	instable	instable_no_stable_identity	instable
uv	RvY_05228-1	14	0.21428571428571427	0.35714285714285715	0.42857142857142855	constant	0.42857142857142855	0.5714285714285714	instable	instable_no_stable_identity	instable
uv	RvY_05237-1	14	0.2857142857142857	0.2857142857142857	0.42857142857142855	constant	0.42857142857142855	0.5714285714285714	instable	instable_no_stable_identity	instable
uv	RvY_05252-1	14	0.14285714285714285	0.42857142857142855	0.42857142857142855	mixed	0.42857142857142855	0.5714285714285714	instable	instable_no_stable_identity	instable
uv	RvY_05255	14	0.21428571428571427	0.42857142857142855	0.35714285714285715	down	0.42857142857142855	0.5714285714285714	instable	instable_no_stable_identity	instable
uv	RvY_05282-1	14	0.42857142857142855	0.42857142857142855	0.14285714285714285	mixed	0.42857142857142855	0.5714285714285714	instable	instable_no_stable_identity	instable
uv	RvY_05334-1	14	0.42857142857142855	0.14285714285714285	0.42857142857142855	mixed	0.42857142857142855	0.5714285714285714	instable	instable_no_stable_identity	instable
uv	RvY_05344-1	14	0.42857142857142855	0.14285714285714285	0.42857142857142855	mixed	0.42857142857142855	0.5714285714285714	instable	instable_no_stable_identity	instable
uv	RvY_05358	14	0.2857142857142857	0.42857142857142855	0.2857142857142857	down	0.42857142857142855	0.5714285714285714	instable	instable_no_stable_identity	instable
uv	RvY_05441-1	14	0.42857142857142855	0.14285714285714285	0.42857142857142855	mixed	0.42857142857142855	0.5714285714285714	instable	instable_no_stable_identity	instable
uv	RvY_05480-1	14	0.42857142857142855	0.14285714285714285	0.42857142857142855	mixed	0.42857142857142855	0.5714285714285714	instable	instable_no_stable_identity	instable
uv	RvY_05530	14	0.21428571428571427	0.42857142857142855	0.35714285714285715	down	0.42857142857142855	0.5714285714285714	instable	instable_no_stable_identity	instable
uv	RvY_05539	14	0.42857142857142855	0.14285714285714285	0.42857142857142855	mixed	0.42857142857142855	0.5714285714285714	instable	instable_no_stable_identity	instable
uv	RvY_05546-1	14	0.42857142857142855	0.14285714285714285	0.42857142857142855	mixed	0.42857142857142855	0.5714285714285714	instable	instable_no_stable_identity	instable
uv	RvY_05556-1	14	0.14285714285714285	0.42857142857142855	0.42857142857142855	mixed	0.42857142857142855	0.5714285714285714	instable	instable_no_stable_identity	instable
uv	RvY_05567-1	14	0.42857142857142855	0.2857142857142857	0.2857142857142857	up	0.42857142857142855	0.5714285714285714	instable	instable_no_stable_identity	instable
uv	RvY_05595-1	14	0.42857142857142855	0.21428571428571427	0.35714285714285715	up	0.42857142857142855	0.5714285714285714	instable	instable_no_stable_identity	instable
uv	RvY_05609-1	14	0.14285714285714285	0.42857142857142855	0.42857142857142855	mixed	0.42857142857142855	0.5714285714285714	instable	instable_no_stable_identity	instable
uv	RvY_05652-1	14	0.2857142857142857	0.2857142857142857	0.42857142857142855	constant	0.42857142857142855	0.5714285714285714	instable	instable_no_stable_identity	instable
uv	RvY_05700-1	14	0.2857142857142857	0.2857142857142857	0.42857142857142855	constant	0.42857142857142855	0.5714285714285714	instable	instable_no_stable_identity	instable
uv	RvY_05724-1	14	0.21428571428571427	0.42857142857142855	0.35714285714285715	down	0.42857142857142855	0.5714285714285714	instable	instable_no_stable_identity	instable
uv	RvY_05781-1	14	0.42857142857142855	0.21428571428571427	0.35714285714285715	up	0.42857142857142855	0.5714285714285714	instable	instable_no_stable_identity	instable
uv	RvY_05801-1	14	0.21428571428571427	0.42857142857142855	0.35714285714285715	down	0.42857142857142855	0.5714285714285714	instable	instable_no_stable_identity	instable
uv	RvY_05817-1	14	0.21428571428571427	0.42857142857142855	0.35714285714285715	down	0.42857142857142855	0.5714285714285714	instable	instable_no_stable_identity	instable
uv	RvY_05835-1	14	0.21428571428571427	0.35714285714285715	0.42857142857142855	constant	0.42857142857142855	0.5714285714285714	instable	instable_no_stable_identity	instable
uv	RvY_05855-1	14	0.2857142857142857	0.2857142857142857	0.42857142857142855	constant	0.42857142857142855	0.5714285714285714	instable	instable_no_stable_identity	instable
uv	RvY_05865-1	14	0.42857142857142855	0.2857142857142857	0.2857142857142857	up	0.42857142857142855	0.5714285714285714	instable	instable_no_stable_identity	instable
uv	RvY_05891-1	14	0.35714285714285715	0.42857142857142855	0.21428571428571427	down	0.42857142857142855	0.5714285714285714	instable	instable_no_stable_identity	instable
uv	RvY_05898	14	0.2857142857142857	0.2857142857142857	0.42857142857142855	constant	0.42857142857142855	0.5714285714285714	instable	instable_no_stable_identity	instable
uv	RvY_05922	14	0.21428571428571427	0.42857142857142855	0.35714285714285715	down	0.42857142857142855	0.5714285714285714	instable	instable_no_stable_identity	instable
uv	RvY_05931-1	14	0.21428571428571427	0.42857142857142855	0.35714285714285715	down	0.42857142857142855	0.5714285714285714	instable	instable_no_stable_identity	instable
uv	RvY_05953-1	14	0.42857142857142855	0.35714285714285715	0.21428571428571427	up	0.42857142857142855	0.5714285714285714	instable	instable_no_stable_identity	instable
uv	RvY_05960-0	14	0.42857142857142855	0.14285714285714285	0.42857142857142855	mixed	0.42857142857142855	0.5714285714285714	instable	instable_no_stable_identity	instable
uv	RvY_05974-1	14	0.35714285714285715	0.21428571428571427	0.42857142857142855	constant	0.42857142857142855	0.5714285714285714	instable	instable_no_stable_identity	instable
uv	RvY_05987-1	14	0.42857142857142855	0.14285714285714285	0.42857142857142855	mixed	0.42857142857142855	0.5714285714285714	instable	instable_no_stable_identity	instable
uv	RvY_06015-1	14	0.35714285714285715	0.42857142857142855	0.21428571428571427	down	0.42857142857142855	0.5714285714285714	instable	instable_no_stable_identity	instable
uv	RvY_06047-1	14	0.21428571428571427	0.42857142857142855	0.35714285714285715	down	0.42857142857142855	0.5714285714285714	instable	instable_no_stable_identity	instable
uv	RvY_06048	14	0.14285714285714285	0.42857142857142855	0.42857142857142855	mixed	0.42857142857142855	0.5714285714285714	instable	instable_no_stable_identity	instable
uv	RvY_06050-1	14	0.21428571428571427	0.35714285714285715	0.42857142857142855	constant	0.42857142857142855	0.5714285714285714	instable	instable_no_stable_identity	instable
uv	RvY_06054-1	14	0.14285714285714285	0.42857142857142855	0.42857142857142855	mixed	0.42857142857142855	0.5714285714285714	instable	instable_no_stable_identity	instable
uv	RvY_06076	14	0.14285714285714285	0.42857142857142855	0.42857142857142855	mixed	0.42857142857142855	0.5714285714285714	instable	instable_no_stable_identity	instable
uv	RvY_06082-1	14	0.21428571428571427	0.42857142857142855	0.35714285714285715	down	0.42857142857142855	0.5714285714285714	instable	instable_no_stable_identity	instable
uv	RvY_06083	14	0.42857142857142855	0.14285714285714285	0.42857142857142855	mixed	0.42857142857142855	0.5714285714285714	instable	instable_no_stable_identity	instable
uv	RvY_06133-1	14	0.42857142857142855	0.21428571428571427	0.35714285714285715	up	0.42857142857142855	0.5714285714285714	instable	instable_no_stable_identity	instable
uv	RvY_06175-1	14	0.42857142857142855	0.35714285714285715	0.21428571428571427	up	0.42857142857142855	0.5714285714285714	instable	instable_no_stable_identity	instable
uv	RvY_06199	14	0.21428571428571427	0.35714285714285715	0.42857142857142855	constant	0.42857142857142855	0.5714285714285714	instable	instable_no_stable_identity	instable
uv	RvY_06219	14	0.2857142857142857	0.42857142857142855	0.2857142857142857	down	0.42857142857142855	0.5714285714285714	instable	instable_no_stable_identity	instable
uv	RvY_06243-1	14	0.35714285714285715	0.42857142857142855	0.21428571428571427	down	0.42857142857142855	0.5714285714285714	instable	instable_no_stable_identity	instable
uv	RvY_06249-1	14	0.42857142857142855	0.2857142857142857	0.2857142857142857	up	0.42857142857142855	0.5714285714285714	instable	instable_no_stable_identity	instable
uv	RvY_06254-2	14	0.2857142857142857	0.2857142857142857	0.42857142857142855	constant	0.42857142857142855	0.5714285714285714	instable	instable_no_stable_identity	instable
uv	RvY_06263-1	14	0.42857142857142855	0.14285714285714285	0.42857142857142855	mixed	0.42857142857142855	0.5714285714285714	instable	instable_no_stable_identity	instable
uv	RvY_06298-1	14	0.42857142857142855	0.21428571428571427	0.35714285714285715	up	0.42857142857142855	0.5714285714285714	instable	instable_no_stable_identity	instable
uv	RvY_06324	14	0.21428571428571427	0.35714285714285715	0.42857142857142855	constant	0.42857142857142855	0.5714285714285714	instable	instable_no_stable_identity	instable
uv	RvY_06344-1	14	0.14285714285714285	0.42857142857142855	0.42857142857142855	mixed	0.42857142857142855	0.5714285714285714	instable	instable_no_stable_identity	instable
uv	RvY_06445-1	14	0.21428571428571427	0.35714285714285715	0.42857142857142855	constant	0.42857142857142855	0.5714285714285714	instable	instable_no_stable_identity	instable
uv	RvY_06481-1	14	0.35714285714285715	0.21428571428571427	0.42857142857142855	constant	0.42857142857142855	0.5714285714285714	instable	instable_no_stable_identity	instable
uv	RvY_06524-1	14	0.21428571428571427	0.35714285714285715	0.42857142857142855	constant	0.42857142857142855	0.5714285714285714	instable	instable_no_stable_identity	instable
uv	RvY_06574-1	14	0.42857142857142855	0.21428571428571427	0.35714285714285715	up	0.42857142857142855	0.5714285714285714	instable	instable_no_stable_identity	instable
uv	RvY_06595-1	14	0.2857142857142857	0.2857142857142857	0.42857142857142855	constant	0.42857142857142855	0.5714285714285714	instable	instable_no_stable_identity	instable
uv	RvY_06621-1	14	0.21428571428571427	0.42857142857142855	0.35714285714285715	down	0.42857142857142855	0.5714285714285714	instable	instable_no_stable_identity	instable
uv	RvY_06623-1	14	0.2857142857142857	0.2857142857142857	0.42857142857142855	constant	0.42857142857142855	0.5714285714285714	instable	instable_no_stable_identity	instable
uv	RvY_06688-1	14	0.42857142857142855	0.21428571428571427	0.35714285714285715	up	0.42857142857142855	0.5714285714285714	instable	instable_no_stable_identity	instable
uv	RvY_06717-1	14	0.14285714285714285	0.42857142857142855	0.42857142857142855	mixed	0.42857142857142855	0.5714285714285714	instable	instable_no_stable_identity	instable
uv	RvY_06736-1	14	0.21428571428571427	0.42857142857142855	0.35714285714285715	down	0.42857142857142855	0.5714285714285714	instable	instable_no_stable_identity	instable
uv	RvY_06740-1	14	0.21428571428571427	0.35714285714285715	0.42857142857142855	constant	0.42857142857142855	0.5714285714285714	instable	instable_no_stable_identity	instable
uv	RvY_06770-1	14	0.42857142857142855	0.14285714285714285	0.42857142857142855	mixed	0.42857142857142855	0.5714285714285714	instable	instable_no_stable_identity	instable
uv	RvY_06826-1	14	0.2857142857142857	0.2857142857142857	0.42857142857142855	constant	0.42857142857142855	0.5714285714285714	instable	instable_no_stable_identity	instable
uv	RvY_06869-1	14	0.42857142857142855	0.14285714285714285	0.42857142857142855	mixed	0.42857142857142855	0.5714285714285714	instable	instable_no_stable_identity	instable
uv	RvY_06874-1	14	0.42857142857142855	0.14285714285714285	0.42857142857142855	mixed	0.42857142857142855	0.5714285714285714	instable	instable_no_stable_identity	instable
uv	RvY_06888-1	14	0.42857142857142855	0.21428571428571427	0.35714285714285715	up	0.42857142857142855	0.5714285714285714	instable	instable_no_stable_identity	instable
uv	RvY_06981	14	0.35714285714285715	0.42857142857142855	0.21428571428571427	down	0.42857142857142855	0.5714285714285714	instable	instable_no_stable_identity	instable
uv	RvY_07018-1	14	0.21428571428571427	0.35714285714285715	0.42857142857142855	constant	0.42857142857142855	0.5714285714285714	instable	instable_no_stable_identity	instable
uv	RvY_07050-1	14	0.2857142857142857	0.2857142857142857	0.42857142857142855	constant	0.42857142857142855	0.5714285714285714	instable	instable_no_stable_identity	instable
uv	RvY_07084-1	14	0.42857142857142855	0.2857142857142857	0.2857142857142857	up	0.42857142857142855	0.5714285714285714	instable	instable_no_stable_identity	instable
uv	RvY_07087-1	14	0.2857142857142857	0.2857142857142857	0.42857142857142855	constant	0.42857142857142855	0.5714285714285714	instable	instable_no_stable_identity	instable
uv	RvY_07128	14	0.21428571428571427	0.35714285714285715	0.42857142857142855	constant	0.42857142857142855	0.5714285714285714	instable	instable_no_stable_identity	instable
uv	RvY_07160-1	14	0.2857142857142857	0.42857142857142855	0.2857142857142857	down	0.42857142857142855	0.5714285714285714	instable	instable_no_stable_identity	instable
uv	RvY_07181-1	14	0.35714285714285715	0.21428571428571427	0.42857142857142855	constant	0.42857142857142855	0.5714285714285714	instable	instable_no_stable_identity	instable
uv	RvY_07184-1	14	0.21428571428571427	0.35714285714285715	0.42857142857142855	constant	0.42857142857142855	0.5714285714285714	instable	instable_no_stable_identity	instable
uv	RvY_07188-1	14	0.42857142857142855	0.21428571428571427	0.35714285714285715	up	0.42857142857142855	0.5714285714285714	instable	instable_no_stable_identity	instable
uv	RvY_07230	14	0.42857142857142855	0.21428571428571427	0.35714285714285715	up	0.42857142857142855	0.5714285714285714	instable	instable_no_stable_identity	instable
uv	RvY_07278-1	14	0.42857142857142855	0.14285714285714285	0.42857142857142855	mixed	0.42857142857142855	0.5714285714285714	instable	instable_no_stable_identity	instable
uv	RvY_07351-1	14	0.14285714285714285	0.42857142857142855	0.42857142857142855	mixed	0.42857142857142855	0.5714285714285714	instable	instable_no_stable_identity	instable
uv	RvY_07363	14	0.14285714285714285	0.42857142857142855	0.42857142857142855	mixed	0.42857142857142855	0.5714285714285714	instable	instable_no_stable_identity	instable
uv	RvY_07436	14	0.14285714285714285	0.42857142857142855	0.42857142857142855	mixed	0.42857142857142855	0.5714285714285714	instable	instable_no_stable_identity	instable
uv	RvY_07464-1	14	0.2857142857142857	0.2857142857142857	0.42857142857142855	constant	0.42857142857142855	0.5714285714285714	instable	instable_no_stable_identity	instable
uv	RvY_07493-1	14	0.2857142857142857	0.2857142857142857	0.42857142857142855	constant	0.42857142857142855	0.5714285714285714	instable	instable_no_stable_identity	instable
uv	RvY_07500-1	14	0.42857142857142855	0.14285714285714285	0.42857142857142855	mixed	0.42857142857142855	0.5714285714285714	instable	instable_no_stable_identity	instable
uv	RvY_07520-1	14	0.2857142857142857	0.42857142857142855	0.2857142857142857	down	0.42857142857142855	0.5714285714285714	instable	instable_no_stable_identity	instable
uv	RvY_07529-1	14	0.21428571428571427	0.42857142857142855	0.35714285714285715	down	0.42857142857142855	0.5714285714285714	instable	instable_no_stable_identity	instable
uv	RvY_07563	14	0.42857142857142855	0.14285714285714285	0.42857142857142855	mixed	0.42857142857142855	0.5714285714285714	instable	instable_no_stable_identity	instable
uv	RvY_07666	14	0.35714285714285715	0.21428571428571427	0.42857142857142855	constant	0.42857142857142855	0.5714285714285714	instable	instable_no_stable_identity	instable
uv	RvY_07684-1	14	0.35714285714285715	0.21428571428571427	0.42857142857142855	constant	0.42857142857142855	0.5714285714285714	instable	instable_no_stable_identity	instable
uv	RvY_07697-1	14	0.42857142857142855	0.14285714285714285	0.42857142857142855	mixed	0.42857142857142855	0.5714285714285714	instable	instable_no_stable_identity	instable
uv	RvY_07714-1	14	0.21428571428571427	0.35714285714285715	0.42857142857142855	constant	0.42857142857142855	0.5714285714285714	instable	instable_no_stable_identity	instable
uv	RvY_07817-1	14	0.35714285714285715	0.21428571428571427	0.42857142857142855	constant	0.42857142857142855	0.5714285714285714	instable	instable_no_stable_identity	instable
uv	RvY_07818	14	0.21428571428571427	0.35714285714285715	0.42857142857142855	constant	0.42857142857142855	0.5714285714285714	instable	instable_no_stable_identity	instable
uv	RvY_07823-1	14	0.14285714285714285	0.42857142857142855	0.42857142857142855	mixed	0.42857142857142855	0.5714285714285714	instable	instable_no_stable_identity	instable
uv	RvY_07846-1	14	0.2857142857142857	0.2857142857142857	0.42857142857142855	constant	0.42857142857142855	0.5714285714285714	instable	instable_no_stable_identity	instable
uv	RvY_07855-1	14	0.21428571428571427	0.42857142857142855	0.35714285714285715	down	0.42857142857142855	0.5714285714285714	instable	instable_no_stable_identity	instable
uv	RvY_07877-1	14	0.42857142857142855	0.42857142857142855	0.14285714285714285	mixed	0.42857142857142855	0.5714285714285714	instable	instable_no_stable_identity	instable
uv	RvY_07943-1	14	0.42857142857142855	0.21428571428571427	0.35714285714285715	up	0.42857142857142855	0.5714285714285714	instable	instable_no_stable_identity	instable
uv	RvY_07946	14	0.21428571428571427	0.42857142857142855	0.35714285714285715	down	0.42857142857142855	0.5714285714285714	instable	instable_no_stable_identity	instable
uv	RvY_07986-1	14	0.42857142857142855	0.14285714285714285	0.42857142857142855	mixed	0.42857142857142855	0.5714285714285714	instable	instable_no_stable_identity	instable
uv	RvY_07988-1	14	0.14285714285714285	0.42857142857142855	0.42857142857142855	mixed	0.42857142857142855	0.5714285714285714	instable	instable_no_stable_identity	instable
uv	RvY_07994	14	0.21428571428571427	0.42857142857142855	0.35714285714285715	down	0.42857142857142855	0.5714285714285714	instable	instable_no_stable_identity	instable
uv	RvY_08023-1	14	0.42857142857142855	0.14285714285714285	0.42857142857142855	mixed	0.42857142857142855	0.5714285714285714	instable	instable_no_stable_identity	instable
uv	RvY_08027	14	0.21428571428571427	0.35714285714285715	0.42857142857142855	constant	0.42857142857142855	0.5714285714285714	instable	instable_no_stable_identity	instable
uv	RvY_08039-1	14	0.42857142857142855	0.14285714285714285	0.42857142857142855	mixed	0.42857142857142855	0.5714285714285714	instable	instable_no_stable_identity	instable
uv	RvY_08040	14	0.35714285714285715	0.21428571428571427	0.42857142857142855	constant	0.42857142857142855	0.5714285714285714	instable	instable_no_stable_identity	instable
uv	RvY_08052-1	14	0.42857142857142855	0.14285714285714285	0.42857142857142855	mixed	0.42857142857142855	0.5714285714285714	instable	instable_no_stable_identity	instable
uv	RvY_08060	14	0.2857142857142857	0.2857142857142857	0.42857142857142855	constant	0.42857142857142855	0.5714285714285714	instable	instable_no_stable_identity	instable
uv	RvY_08066-1	14	0.2857142857142857	0.2857142857142857	0.42857142857142855	constant	0.42857142857142855	0.5714285714285714	instable	instable_no_stable_identity	instable
uv	RvY_08077	14	0.42857142857142855	0.2857142857142857	0.2857142857142857	up	0.42857142857142855	0.5714285714285714	instable	instable_no_stable_identity	instable
uv	RvY_08083-1	14	0.42857142857142855	0.14285714285714285	0.42857142857142855	mixed	0.42857142857142855	0.5714285714285714	instable	instable_no_stable_identity	instable
uv	RvY_08145-1	14	0.14285714285714285	0.42857142857142855	0.42857142857142855	mixed	0.42857142857142855	0.5714285714285714	instable	instable_no_stable_identity	instable
uv	RvY_08180-1	14	0.35714285714285715	0.21428571428571427	0.42857142857142855	constant	0.42857142857142855	0.5714285714285714	instable	instable_no_stable_identity	instable
uv	RvY_08184	14	0.42857142857142855	0.14285714285714285	0.42857142857142855	mixed	0.42857142857142855	0.5714285714285714	instable	instable_no_stable_identity	instable
uv	RvY_08204-1	14	0.35714285714285715	0.42857142857142855	0.21428571428571427	down	0.42857142857142855	0.5714285714285714	instable	instable_no_stable_identity	instable
uv	RvY_08215-1	14	0.42857142857142855	0.2857142857142857	0.2857142857142857	up	0.42857142857142855	0.5714285714285714	instable	instable_no_stable_identity	instable
uv	RvY_08216-1	14	0.2857142857142857	0.42857142857142855	0.2857142857142857	down	0.42857142857142855	0.5714285714285714	instable	instable_no_stable_identity	instable
uv	RvY_08222-1	14	0.2857142857142857	0.2857142857142857	0.42857142857142855	constant	0.42857142857142855	0.5714285714285714	instable	instable_no_stable_identity	instable
uv	RvY_08225-1	14	0.35714285714285715	0.21428571428571427	0.42857142857142855	constant	0.42857142857142855	0.5714285714285714	instable	instable_no_stable_identity	instable
uv	RvY_08237	14	0.42857142857142855	0.14285714285714285	0.42857142857142855	mixed	0.42857142857142855	0.5714285714285714	instable	instable_no_stable_identity	instable
uv	RvY_08288-1	14	0.2857142857142857	0.2857142857142857	0.42857142857142855	constant	0.42857142857142855	0.5714285714285714	instable	instable_no_stable_identity	instable
uv	RvY_08308-1	14	0.21428571428571427	0.42857142857142855	0.35714285714285715	down	0.42857142857142855	0.5714285714285714	instable	instable_no_stable_identity	instable
uv	RvY_08323-1	14	0.35714285714285715	0.21428571428571427	0.42857142857142855	constant	0.42857142857142855	0.5714285714285714	instable	instable_no_stable_identity	instable
uv	RvY_08345-1	14	0.2857142857142857	0.2857142857142857	0.42857142857142855	constant	0.42857142857142855	0.5714285714285714	instable	instable_no_stable_identity	instable
uv	RvY_08451-1	14	0.35714285714285715	0.21428571428571427	0.42857142857142855	constant	0.42857142857142855	0.5714285714285714	instable	instable_no_stable_identity	instable
uv	RvY_08468-1	14	0.2857142857142857	0.2857142857142857	0.42857142857142855	constant	0.42857142857142855	0.5714285714285714	instable	instable_no_stable_identity	instable
uv	RvY_08490-2	14	0.2857142857142857	0.2857142857142857	0.42857142857142855	constant	0.42857142857142855	0.5714285714285714	instable	instable_no_stable_identity	instable
uv	RvY_08519	14	0.35714285714285715	0.21428571428571427	0.42857142857142855	constant	0.42857142857142855	0.5714285714285714	instable	instable_no_stable_identity	instable
uv	RvY_08544-1	14	0.35714285714285715	0.42857142857142855	0.21428571428571427	down	0.42857142857142855	0.5714285714285714	instable	instable_no_stable_identity	instable
uv	RvY_08551-1	14	0.21428571428571427	0.42857142857142855	0.35714285714285715	down	0.42857142857142855	0.5714285714285714	instable	instable_no_stable_identity	instable
uv	RvY_08563-1	14	0.42857142857142855	0.14285714285714285	0.42857142857142855	mixed	0.42857142857142855	0.5714285714285714	instable	instable_no_stable_identity	instable
uv	RvY_08579-1	14	0.14285714285714285	0.42857142857142855	0.42857142857142855	mixed	0.42857142857142855	0.5714285714285714	instable	instable_no_stable_identity	instable
uv	RvY_08582-1	14	0.21428571428571427	0.35714285714285715	0.42857142857142855	constant	0.42857142857142855	0.5714285714285714	instable	instable_no_stable_identity	instable
uv	RvY_08605-1	14	0.42857142857142855	0.35714285714285715	0.21428571428571427	up	0.42857142857142855	0.5714285714285714	instable	instable_no_stable_identity	instable
uv	RvY_08608-1	14	0.2857142857142857	0.2857142857142857	0.42857142857142855	constant	0.42857142857142855	0.5714285714285714	instable	instable_no_stable_identity	instable
uv	RvY_08614-1	14	0.42857142857142855	0.21428571428571427	0.35714285714285715	up	0.42857142857142855	0.5714285714285714	instable	instable_no_stable_identity	instable
uv	RvY_08618-1	14	0.42857142857142855	0.42857142857142855	0.14285714285714285	mixed	0.42857142857142855	0.5714285714285714	instable	instable_no_stable_identity	instable
uv	RvY_08632-1	14	0.42857142857142855	0.14285714285714285	0.42857142857142855	mixed	0.42857142857142855	0.5714285714285714	instable	instable_no_stable_identity	instable
uv	RvY_08664-1	14	0.42857142857142855	0.35714285714285715	0.21428571428571427	up	0.42857142857142855	0.5714285714285714	instable	instable_no_stable_identity	instable
uv	RvY_08694-1	14	0.21428571428571427	0.35714285714285715	0.42857142857142855	constant	0.42857142857142855	0.5714285714285714	instable	instable_no_stable_identity	instable
uv	RvY_08699-1	14	0.42857142857142855	0.2857142857142857	0.2857142857142857	up	0.42857142857142855	0.5714285714285714	instable	instable_no_stable_identity	instable
uv	RvY_08756-1	14	0.35714285714285715	0.21428571428571427	0.42857142857142855	constant	0.42857142857142855	0.5714285714285714	instable	instable_no_stable_identity	instable
uv	RvY_08762-1	14	0.21428571428571427	0.35714285714285715	0.42857142857142855	constant	0.42857142857142855	0.5714285714285714	instable	instable_no_stable_identity	instable
uv	RvY_08796-1	14	0.14285714285714285	0.42857142857142855	0.42857142857142855	mixed	0.42857142857142855	0.5714285714285714	instable	instable_no_stable_identity	instable
uv	RvY_08835-1	14	0.2857142857142857	0.2857142857142857	0.42857142857142855	constant	0.42857142857142855	0.5714285714285714	instable	instable_no_stable_identity	instable
uv	RvY_08869-1	14	0.42857142857142855	0.14285714285714285	0.42857142857142855	mixed	0.42857142857142855	0.5714285714285714	instable	instable_no_stable_identity	instable
uv	RvY_08882-1	14	0.42857142857142855	0.21428571428571427	0.35714285714285715	up	0.42857142857142855	0.5714285714285714	instable	instable_no_stable_identity	instable
uv	RvY_08900-1	14	0.21428571428571427	0.35714285714285715	0.42857142857142855	constant	0.42857142857142855	0.5714285714285714	instable	instable_no_stable_identity	instable
uv	RvY_08936-1	14	0.35714285714285715	0.21428571428571427	0.42857142857142855	constant	0.42857142857142855	0.5714285714285714	instable	instable_no_stable_identity	instable
uv	RvY_08995-1	14	0.42857142857142855	0.21428571428571427	0.35714285714285715	up	0.42857142857142855	0.5714285714285714	instable	instable_no_stable_identity	instable
uv	RvY_09004-1	14	0.2857142857142857	0.42857142857142855	0.2857142857142857	down	0.42857142857142855	0.5714285714285714	instable	instable_no_stable_identity	instable
uv	RvY_09005-1	14	0.14285714285714285	0.42857142857142855	0.42857142857142855	mixed	0.42857142857142855	0.5714285714285714	instable	instable_no_stable_identity	instable
uv	RvY_09009-1	14	0.2857142857142857	0.42857142857142855	0.2857142857142857	down	0.42857142857142855	0.5714285714285714	instable	instable_no_stable_identity	instable
uv	RvY_09034	14	0.14285714285714285	0.42857142857142855	0.42857142857142855	mixed	0.42857142857142855	0.5714285714285714	instable	instable_no_stable_identity	instable
uv	RvY_09061-1	14	0.21428571428571427	0.35714285714285715	0.42857142857142855	constant	0.42857142857142855	0.5714285714285714	instable	instable_no_stable_identity	instable
uv	RvY_09066	14	0.42857142857142855	0.35714285714285715	0.21428571428571427	up	0.42857142857142855	0.5714285714285714	instable	instable_no_stable_identity	instable
uv	RvY_09072-1	14	0.21428571428571427	0.35714285714285715	0.42857142857142855	constant	0.42857142857142855	0.5714285714285714	instable	instable_no_stable_identity	instable
uv	RvY_09078-1	14	0.35714285714285715	0.21428571428571427	0.42857142857142855	constant	0.42857142857142855	0.5714285714285714	instable	instable_no_stable_identity	instable
uv	RvY_09120-1	14	0.21428571428571427	0.42857142857142855	0.35714285714285715	down	0.42857142857142855	0.5714285714285714	instable	instable_no_stable_identity	instable
uv	RvY_09126-1	14	0.35714285714285715	0.21428571428571427	0.42857142857142855	constant	0.42857142857142855	0.5714285714285714	instable	instable_no_stable_identity	instable
uv	RvY_09129-1	14	0.42857142857142855	0.14285714285714285	0.42857142857142855	mixed	0.42857142857142855	0.5714285714285714	instable	instable_no_stable_identity	instable
uv	RvY_09134	14	0.42857142857142855	0.21428571428571427	0.35714285714285715	up	0.42857142857142855	0.5714285714285714	instable	instable_no_stable_identity	instable
uv	RvY_09172-1	14	0.42857142857142855	0.14285714285714285	0.42857142857142855	mixed	0.42857142857142855	0.5714285714285714	instable	instable_no_stable_identity	instable
uv	RvY_09216-1	14	0.42857142857142855	0.42857142857142855	0.14285714285714285	mixed	0.42857142857142855	0.5714285714285714	instable	instable_no_stable_identity	instable
uv	RvY_09262-1	14	0.35714285714285715	0.42857142857142855	0.21428571428571427	down	0.42857142857142855	0.5714285714285714	instable	instable_no_stable_identity	instable
uv	RvY_09277	14	0.2857142857142857	0.2857142857142857	0.42857142857142855	constant	0.42857142857142855	0.5714285714285714	instable	instable_no_stable_identity	instable
uv	RvY_09281	14	0.42857142857142855	0.2857142857142857	0.2857142857142857	up	0.42857142857142855	0.5714285714285714	instable	instable_no_stable_identity	instable
uv	RvY_09291-1	14	0.42857142857142855	0.14285714285714285	0.42857142857142855	mixed	0.42857142857142855	0.5714285714285714	instable	instable_no_stable_identity	instable
uv	RvY_09301-1	14	0.21428571428571427	0.35714285714285715	0.42857142857142855	constant	0.42857142857142855	0.5714285714285714	instable	instable_no_stable_identity	instable
uv	RvY_09340-1	14	0.35714285714285715	0.42857142857142855	0.21428571428571427	down	0.42857142857142855	0.5714285714285714	instable	instable_no_stable_identity	instable
uv	RvY_09359-1	14	0.2857142857142857	0.2857142857142857	0.42857142857142855	constant	0.42857142857142855	0.5714285714285714	instable	instable_no_stable_identity	instable
uv	RvY_09388	14	0.42857142857142855	0.2857142857142857	0.2857142857142857	up	0.42857142857142855	0.5714285714285714	instable	instable_no_stable_identity	instable
uv	RvY_09459-1	14	0.35714285714285715	0.21428571428571427	0.42857142857142855	constant	0.42857142857142855	0.5714285714285714	instable	instable_no_stable_identity	instable
uv	RvY_09464-1	14	0.42857142857142855	0.35714285714285715	0.21428571428571427	up	0.42857142857142855	0.5714285714285714	instable	instable_no_stable_identity	instable
uv	RvY_09476	14	0.42857142857142855	0.14285714285714285	0.42857142857142855	mixed	0.42857142857142855	0.5714285714285714	instable	instable_no_stable_identity	instable
uv	RvY_09490-1	14	0.14285714285714285	0.42857142857142855	0.42857142857142855	mixed	0.42857142857142855	0.5714285714285714	instable	instable_no_stable_identity	instable
uv	RvY_09497-1	14	0.35714285714285715	0.21428571428571427	0.42857142857142855	constant	0.42857142857142855	0.5714285714285714	instable	instable_no_stable_identity	instable
uv	RvY_09534-1	14	0.21428571428571427	0.35714285714285715	0.42857142857142855	constant	0.42857142857142855	0.5714285714285714	instable	instable_no_stable_identity	instable
uv	RvY_09538-1	14	0.42857142857142855	0.14285714285714285	0.42857142857142855	mixed	0.42857142857142855	0.5714285714285714	instable	instable_no_stable_identity	instable
uv	RvY_09544-1	14	0.14285714285714285	0.42857142857142855	0.42857142857142855	mixed	0.42857142857142855	0.5714285714285714	instable	instable_no_stable_identity	instable
uv	RvY_09545	14	0.21428571428571427	0.35714285714285715	0.42857142857142855	constant	0.42857142857142855	0.5714285714285714	instable	instable_no_stable_identity	instable
uv	RvY_09555-1	14	0.42857142857142855	0.21428571428571427	0.35714285714285715	up	0.42857142857142855	0.5714285714285714	instable	instable_no_stable_identity	instable
uv	RvY_09596-1	14	0.21428571428571427	0.42857142857142855	0.35714285714285715	down	0.42857142857142855	0.5714285714285714	instable	instable_no_stable_identity	instable
uv	RvY_09600-1	14	0.35714285714285715	0.21428571428571427	0.42857142857142855	constant	0.42857142857142855	0.5714285714285714	instable	instable_no_stable_identity	instable
uv	RvY_09692-1	14	0.14285714285714285	0.42857142857142855	0.42857142857142855	mixed	0.42857142857142855	0.5714285714285714	instable	instable_no_stable_identity	instable
uv	RvY_09706-1	14	0.42857142857142855	0.21428571428571427	0.35714285714285715	up	0.42857142857142855	0.5714285714285714	instable	instable_no_stable_identity	instable
uv	RvY_09765-1	14	0.2857142857142857	0.42857142857142855	0.2857142857142857	down	0.42857142857142855	0.5714285714285714	instable	instable_no_stable_identity	instable
uv	RvY_09767-1	14	0.14285714285714285	0.42857142857142855	0.42857142857142855	mixed	0.42857142857142855	0.5714285714285714	instable	instable_no_stable_identity	instable
uv	RvY_09783-1	14	0.21428571428571427	0.35714285714285715	0.42857142857142855	constant	0.42857142857142855	0.5714285714285714	instable	instable_no_stable_identity	instable
uv	RvY_09789	14	0.14285714285714285	0.42857142857142855	0.42857142857142855	mixed	0.42857142857142855	0.5714285714285714	instable	instable_no_stable_identity	instable
uv	RvY_09794-1	14	0.42857142857142855	0.14285714285714285	0.42857142857142855	mixed	0.42857142857142855	0.5714285714285714	instable	instable_no_stable_identity	instable
uv	RvY_09835-1	14	0.21428571428571427	0.42857142857142855	0.35714285714285715	down	0.42857142857142855	0.5714285714285714	instable	instable_no_stable_identity	instable
uv	RvY_09864-1	14	0.2857142857142857	0.2857142857142857	0.42857142857142855	constant	0.42857142857142855	0.5714285714285714	instable	instable_no_stable_identity	instable
uv	RvY_09870	14	0.21428571428571427	0.42857142857142855	0.35714285714285715	down	0.42857142857142855	0.5714285714285714	instable	instable_no_stable_identity	instable
uv	RvY_09871	14	0.14285714285714285	0.42857142857142855	0.42857142857142855	mixed	0.42857142857142855	0.5714285714285714	instable	instable_no_stable_identity	instable
uv	RvY_09872-1	14	0.21428571428571427	0.35714285714285715	0.42857142857142855	constant	0.42857142857142855	0.5714285714285714	instable	instable_no_stable_identity	instable
uv	RvY_09876	14	0.35714285714285715	0.42857142857142855	0.21428571428571427	down	0.42857142857142855	0.5714285714285714	instable	instable_no_stable_identity	instable
uv	RvY_09885-1	14	0.14285714285714285	0.42857142857142855	0.42857142857142855	mixed	0.42857142857142855	0.5714285714285714	instable	instable_no_stable_identity	instable
uv	RvY_09886-1	14	0.35714285714285715	0.21428571428571427	0.42857142857142855	constant	0.42857142857142855	0.5714285714285714	instable	instable_no_stable_identity	instable
uv	RvY_09907-1	14	0.21428571428571427	0.35714285714285715	0.42857142857142855	constant	0.42857142857142855	0.5714285714285714	instable	instable_no_stable_identity	instable
uv	RvY_09922-1	14	0.21428571428571427	0.35714285714285715	0.42857142857142855	constant	0.42857142857142855	0.5714285714285714	instable	instable_no_stable_identity	instable
uv	RvY_09944-1	14	0.42857142857142855	0.2857142857142857	0.2857142857142857	up	0.42857142857142855	0.5714285714285714	instable	instable_no_stable_identity	instable
uv	RvY_09962-1	14	0.35714285714285715	0.42857142857142855	0.21428571428571427	down	0.42857142857142855	0.5714285714285714	instable	instable_no_stable_identity	instable
uv	RvY_09963-1	14	0.35714285714285715	0.21428571428571427	0.42857142857142855	constant	0.42857142857142855	0.5714285714285714	instable	instable_no_stable_identity	instable
uv	RvY_09977	14	0.42857142857142855	0.2857142857142857	0.2857142857142857	up	0.42857142857142855	0.5714285714285714	instable	instable_no_stable_identity	instable
uv	RvY_10027-1	14	0.2857142857142857	0.42857142857142855	0.2857142857142857	down	0.42857142857142855	0.5714285714285714	instable	instable_no_stable_identity	instable
uv	RvY_10034-1	14	0.42857142857142855	0.14285714285714285	0.42857142857142855	mixed	0.42857142857142855	0.5714285714285714	instable	instable_no_stable_identity	instable
uv	RvY_10041	14	0.2857142857142857	0.2857142857142857	0.42857142857142855	constant	0.42857142857142855	0.5714285714285714	instable	instable_no_stable_identity	instable
uv	RvY_10077-1	14	0.42857142857142855	0.21428571428571427	0.35714285714285715	up	0.42857142857142855	0.5714285714285714	instable	instable_no_stable_identity	instable
uv	RvY_10104-1	14	0.21428571428571427	0.35714285714285715	0.42857142857142855	constant	0.42857142857142855	0.5714285714285714	instable	instable_no_stable_identity	instable
uv	RvY_10123-1	14	0.14285714285714285	0.42857142857142855	0.42857142857142855	mixed	0.42857142857142855	0.5714285714285714	instable	instable_no_stable_identity	instable
uv	RvY_10141-1	14	0.2857142857142857	0.2857142857142857	0.42857142857142855	constant	0.42857142857142855	0.5714285714285714	instable	instable_no_stable_identity	instable
uv	RvY_10151-1	14	0.14285714285714285	0.42857142857142855	0.42857142857142855	mixed	0.42857142857142855	0.5714285714285714	instable	instable_no_stable_identity	instable
uv	RvY_10162-1	14	0.21428571428571427	0.42857142857142855	0.35714285714285715	down	0.42857142857142855	0.5714285714285714	instable	instable_no_stable_identity	instable
uv	RvY_10187-1	14	0.21428571428571427	0.42857142857142855	0.35714285714285715	down	0.42857142857142855	0.5714285714285714	instable	instable_no_stable_identity	instable
uv	RvY_10215-1	14	0.21428571428571427	0.35714285714285715	0.42857142857142855	constant	0.42857142857142855	0.5714285714285714	instable	instable_no_stable_identity	instable
uv	RvY_10222-1	14	0.14285714285714285	0.42857142857142855	0.42857142857142855	mixed	0.42857142857142855	0.5714285714285714	instable	instable_no_stable_identity	instable
uv	RvY_10266-1	14	0.35714285714285715	0.21428571428571427	0.42857142857142855	constant	0.42857142857142855	0.5714285714285714	instable	instable_no_stable_identity	instable
uv	RvY_10327-1	14	0.42857142857142855	0.21428571428571427	0.35714285714285715	up	0.42857142857142855	0.5714285714285714	instable	instable_no_stable_identity	instable
uv	RvY_10334	14	0.42857142857142855	0.21428571428571427	0.35714285714285715	up	0.42857142857142855	0.5714285714285714	instable	instable_no_stable_identity	instable
uv	RvY_10350-1	14	0.21428571428571427	0.42857142857142855	0.35714285714285715	down	0.42857142857142855	0.5714285714285714	instable	instable_no_stable_identity	instable
uv	RvY_10361-1	14	0.21428571428571427	0.35714285714285715	0.42857142857142855	constant	0.42857142857142855	0.5714285714285714	instable	instable_no_stable_identity	instable
uv	RvY_10405	14	0.35714285714285715	0.42857142857142855	0.21428571428571427	down	0.42857142857142855	0.5714285714285714	instable	instable_no_stable_identity	instable
uv	RvY_10406	14	0.35714285714285715	0.21428571428571427	0.42857142857142855	constant	0.42857142857142855	0.5714285714285714	instable	instable_no_stable_identity	instable
uv	RvY_10418-1	14	0.42857142857142855	0.14285714285714285	0.42857142857142855	mixed	0.42857142857142855	0.5714285714285714	instable	instable_no_stable_identity	instable
uv	RvY_10430-1	14	0.21428571428571427	0.42857142857142855	0.35714285714285715	down	0.42857142857142855	0.5714285714285714	instable	instable_no_stable_identity	instable
uv	RvY_10479-1	14	0.35714285714285715	0.42857142857142855	0.21428571428571427	down	0.42857142857142855	0.5714285714285714	instable	instable_no_stable_identity	instable
uv	RvY_10481	14	0.21428571428571427	0.42857142857142855	0.35714285714285715	down	0.42857142857142855	0.5714285714285714	instable	instable_no_stable_identity	instable
uv	RvY_10550-1	14	0.42857142857142855	0.14285714285714285	0.42857142857142855	mixed	0.42857142857142855	0.5714285714285714	instable	instable_no_stable_identity	instable
uv	RvY_10561-1	14	0.21428571428571427	0.35714285714285715	0.42857142857142855	constant	0.42857142857142855	0.5714285714285714	instable	instable_no_stable_identity	instable
uv	RvY_10576-1	14	0.42857142857142855	0.14285714285714285	0.42857142857142855	mixed	0.42857142857142855	0.5714285714285714	instable	instable_no_stable_identity	instable
uv	RvY_10593-1	14	0.42857142857142855	0.21428571428571427	0.35714285714285715	up	0.42857142857142855	0.5714285714285714	instable	instable_no_stable_identity	instable
uv	RvY_10599-1	14	0.14285714285714285	0.42857142857142855	0.42857142857142855	mixed	0.42857142857142855	0.5714285714285714	instable	instable_no_stable_identity	instable
uv	RvY_10609-1	14	0.42857142857142855	0.2857142857142857	0.2857142857142857	up	0.42857142857142855	0.5714285714285714	instable	instable_no_stable_identity	instable
uv	RvY_10648-1	14	0.21428571428571427	0.35714285714285715	0.42857142857142855	constant	0.42857142857142855	0.5714285714285714	instable	instable_no_stable_identity	instable
uv	RvY_10661-1	14	0.35714285714285715	0.21428571428571427	0.42857142857142855	constant	0.42857142857142855	0.5714285714285714	instable	instable_no_stable_identity	instable
uv	RvY_10670-1	14	0.2857142857142857	0.42857142857142855	0.2857142857142857	down	0.42857142857142855	0.5714285714285714	instable	instable_no_stable_identity	instable
uv	RvY_10695-1	14	0.2857142857142857	0.2857142857142857	0.42857142857142855	constant	0.42857142857142855	0.5714285714285714	instable	instable_no_stable_identity	instable
uv	RvY_10723-1	14	0.21428571428571427	0.42857142857142855	0.35714285714285715	down	0.42857142857142855	0.5714285714285714	instable	instable_no_stable_identity	instable
uv	RvY_10739	14	0.35714285714285715	0.42857142857142855	0.21428571428571427	down	0.42857142857142855	0.5714285714285714	instable	instable_no_stable_identity	instable
uv	RvY_10784	14	0.21428571428571427	0.35714285714285715	0.42857142857142855	constant	0.42857142857142855	0.5714285714285714	instable	instable_no_stable_identity	instable
uv	RvY_10801	14	0.42857142857142855	0.35714285714285715	0.21428571428571427	up	0.42857142857142855	0.5714285714285714	instable	instable_no_stable_identity	instable
uv	RvY_10814-1	14	0.14285714285714285	0.42857142857142855	0.42857142857142855	mixed	0.42857142857142855	0.5714285714285714	instable	instable_no_stable_identity	instable
uv	RvY_10879-1	14	0.2857142857142857	0.2857142857142857	0.42857142857142855	constant	0.42857142857142855	0.5714285714285714	instable	instable_no_stable_identity	instable
uv	RvY_10882-1	14	0.42857142857142855	0.14285714285714285	0.42857142857142855	mixed	0.42857142857142855	0.5714285714285714	instable	instable_no_stable_identity	instable
uv	RvY_10889	14	0.21428571428571427	0.35714285714285715	0.42857142857142855	constant	0.42857142857142855	0.5714285714285714	instable	instable_no_stable_identity	instable
uv	RvY_10892-1	14	0.21428571428571427	0.35714285714285715	0.42857142857142855	constant	0.42857142857142855	0.5714285714285714	instable	instable_no_stable_identity	instable
uv	RvY_10893-1	14	0.21428571428571427	0.35714285714285715	0.42857142857142855	constant	0.42857142857142855	0.5714285714285714	instable	instable_no_stable_identity	instable
uv	RvY_10979	14	0.2857142857142857	0.42857142857142855	0.2857142857142857	down	0.42857142857142855	0.5714285714285714	instable	instable_no_stable_identity	instable
uv	RvY_10997-1	14	0.42857142857142855	0.21428571428571427	0.35714285714285715	up	0.42857142857142855	0.5714285714285714	instable	instable_no_stable_identity	instable
uv	RvY_11066	14	0.21428571428571427	0.42857142857142855	0.35714285714285715	down	0.42857142857142855	0.5714285714285714	instable	instable_no_stable_identity	instable
uv	RvY_11095-1	14	0.42857142857142855	0.2857142857142857	0.2857142857142857	up	0.42857142857142855	0.5714285714285714	instable	instable_no_stable_identity	instable
uv	RvY_11098-1	14	0.21428571428571427	0.35714285714285715	0.42857142857142855	constant	0.42857142857142855	0.5714285714285714	instable	instable_no_stable_identity	instable
uv	RvY_11130-1	14	0.35714285714285715	0.21428571428571427	0.42857142857142855	constant	0.42857142857142855	0.5714285714285714	instable	instable_no_stable_identity	instable
uv	RvY_11196-1	14	0.35714285714285715	0.21428571428571427	0.42857142857142855	constant	0.42857142857142855	0.5714285714285714	instable	instable_no_stable_identity	instable
uv	RvY_11217-1	14	0.42857142857142855	0.14285714285714285	0.42857142857142855	mixed	0.42857142857142855	0.5714285714285714	instable	instable_no_stable_identity	instable
uv	RvY_11311-1	14	0.2857142857142857	0.2857142857142857	0.42857142857142855	constant	0.42857142857142855	0.5714285714285714	instable	instable_no_stable_identity	instable
uv	RvY_11362-1	14	0.21428571428571427	0.35714285714285715	0.42857142857142855	constant	0.42857142857142855	0.5714285714285714	instable	instable_no_stable_identity	instable
uv	RvY_11438	14	0.35714285714285715	0.21428571428571427	0.42857142857142855	constant	0.42857142857142855	0.5714285714285714	instable	instable_no_stable_identity	instable
uv	RvY_11440-1	14	0.42857142857142855	0.14285714285714285	0.42857142857142855	mixed	0.42857142857142855	0.5714285714285714	instable	instable_no_stable_identity	instable
uv	RvY_11463	14	0.42857142857142855	0.14285714285714285	0.42857142857142855	mixed	0.42857142857142855	0.5714285714285714	instable	instable_no_stable_identity	instable
uv	RvY_11467-1	14	0.21428571428571427	0.35714285714285715	0.42857142857142855	constant	0.42857142857142855	0.5714285714285714	instable	instable_no_stable_identity	instable
uv	RvY_11523	14	0.21428571428571427	0.42857142857142855	0.35714285714285715	down	0.42857142857142855	0.5714285714285714	instable	instable_no_stable_identity	instable
uv	RvY_11631-1	14	0.2857142857142857	0.2857142857142857	0.42857142857142855	constant	0.42857142857142855	0.5714285714285714	instable	instable_no_stable_identity	instable
uv	RvY_11637-1	14	0.2857142857142857	0.42857142857142855	0.2857142857142857	down	0.42857142857142855	0.5714285714285714	instable	instable_no_stable_identity	instable
uv	RvY_11643-1	14	0.21428571428571427	0.42857142857142855	0.35714285714285715	down	0.42857142857142855	0.5714285714285714	instable	instable_no_stable_identity	instable
uv	RvY_11648-1	14	0.42857142857142855	0.21428571428571427	0.35714285714285715	up	0.42857142857142855	0.5714285714285714	instable	instable_no_stable_identity	instable
uv	RvY_11649	14	0.2857142857142857	0.2857142857142857	0.42857142857142855	constant	0.42857142857142855	0.5714285714285714	instable	instable_no_stable_identity	instable
uv	RvY_11656-1	14	0.42857142857142855	0.21428571428571427	0.35714285714285715	up	0.42857142857142855	0.5714285714285714	instable	instable_no_stable_identity	instable
uv	RvY_11676-1	14	0.21428571428571427	0.35714285714285715	0.42857142857142855	constant	0.42857142857142855	0.5714285714285714	instable	instable_no_stable_identity	instable
uv	RvY_11763-1	14	0.21428571428571427	0.35714285714285715	0.42857142857142855	constant	0.42857142857142855	0.5714285714285714	instable	instable_no_stable_identity	instable
uv	RvY_11827	14	0.21428571428571427	0.35714285714285715	0.42857142857142855	constant	0.42857142857142855	0.5714285714285714	instable	instable_no_stable_identity	instable
uv	RvY_11858-1	14	0.21428571428571427	0.35714285714285715	0.42857142857142855	constant	0.42857142857142855	0.5714285714285714	instable	instable_no_stable_identity	instable
uv	RvY_11891	14	0.42857142857142855	0.14285714285714285	0.42857142857142855	mixed	0.42857142857142855	0.5714285714285714	instable	instable_no_stable_identity	instable
uv	RvY_11919-1	14	0.2857142857142857	0.2857142857142857	0.42857142857142855	constant	0.42857142857142855	0.5714285714285714	instable	instable_no_stable_identity	instable
uv	RvY_11939-1	14	0.2857142857142857	0.2857142857142857	0.42857142857142855	constant	0.42857142857142855	0.5714285714285714	instable	instable_no_stable_identity	instable
uv	RvY_11957-1	14	0.42857142857142855	0.14285714285714285	0.42857142857142855	mixed	0.42857142857142855	0.5714285714285714	instable	instable_no_stable_identity	instable
uv	RvY_12022-1	14	0.42857142857142855	0.14285714285714285	0.42857142857142855	mixed	0.42857142857142855	0.5714285714285714	instable	instable_no_stable_identity	instable
uv	RvY_12080-1	14	0.2857142857142857	0.2857142857142857	0.42857142857142855	constant	0.42857142857142855	0.5714285714285714	instable	instable_no_stable_identity	instable
uv	RvY_12096-1	14	0.21428571428571427	0.42857142857142855	0.35714285714285715	down	0.42857142857142855	0.5714285714285714	instable	instable_no_stable_identity	instable
uv	RvY_12117-1	14	0.14285714285714285	0.42857142857142855	0.42857142857142855	mixed	0.42857142857142855	0.5714285714285714	instable	instable_no_stable_identity	instable
uv	RvY_12123-1	14	0.42857142857142855	0.42857142857142855	0.14285714285714285	mixed	0.42857142857142855	0.5714285714285714	instable	instable_no_stable_identity	instable
uv	RvY_12169-1	14	0.42857142857142855	0.14285714285714285	0.42857142857142855	mixed	0.42857142857142855	0.5714285714285714	instable	instable_no_stable_identity	instable
uv	RvY_12221-1	14	0.14285714285714285	0.42857142857142855	0.42857142857142855	mixed	0.42857142857142855	0.5714285714285714	instable	instable_no_stable_identity	instable
uv	RvY_12246-1	14	0.42857142857142855	0.21428571428571427	0.35714285714285715	up	0.42857142857142855	0.5714285714285714	instable	instable_no_stable_identity	instable
uv	RvY_12254	14	0.2857142857142857	0.42857142857142855	0.2857142857142857	down	0.42857142857142855	0.5714285714285714	instable	instable_no_stable_identity	instable
uv	RvY_12267-1	14	0.42857142857142855	0.14285714285714285	0.42857142857142855	mixed	0.42857142857142855	0.5714285714285714	instable	instable_no_stable_identity	instable
uv	RvY_12379	14	0.14285714285714285	0.42857142857142855	0.42857142857142855	mixed	0.42857142857142855	0.5714285714285714	instable	instable_no_stable_identity	instable
uv	RvY_12385-1	14	0.21428571428571427	0.35714285714285715	0.42857142857142855	constant	0.42857142857142855	0.5714285714285714	instable	instable_no_stable_identity	instable
uv	RvY_12404	14	0.14285714285714285	0.42857142857142855	0.42857142857142855	mixed	0.42857142857142855	0.5714285714285714	instable	instable_no_stable_identity	instable
uv	RvY_12413-1	14	0.42857142857142855	0.42857142857142855	0.14285714285714285	mixed	0.42857142857142855	0.5714285714285714	instable	instable_no_stable_identity	instable
uv	RvY_12418-1	14	0.42857142857142855	0.14285714285714285	0.42857142857142855	mixed	0.42857142857142855	0.5714285714285714	instable	instable_no_stable_identity	instable
uv	RvY_12426-1	14	0.42857142857142855	0.2857142857142857	0.2857142857142857	up	0.42857142857142855	0.5714285714285714	instable	instable_no_stable_identity	instable
uv	RvY_12441-1	14	0.42857142857142855	0.14285714285714285	0.42857142857142855	mixed	0.42857142857142855	0.5714285714285714	instable	instable_no_stable_identity	instable
uv	RvY_12468-1	14	0.14285714285714285	0.42857142857142855	0.42857142857142855	mixed	0.42857142857142855	0.5714285714285714	instable	instable_no_stable_identity	instable
uv	RvY_12470	14	0.21428571428571427	0.35714285714285715	0.42857142857142855	constant	0.42857142857142855	0.5714285714285714	instable	instable_no_stable_identity	instable
uv	RvY_12558-1	14	0.2857142857142857	0.42857142857142855	0.2857142857142857	down	0.42857142857142855	0.5714285714285714	instable	instable_no_stable_identity	instable
uv	RvY_12567-1	14	0.35714285714285715	0.21428571428571427	0.42857142857142855	constant	0.42857142857142855	0.5714285714285714	instable	instable_no_stable_identity	instable
uv	RvY_12578-1	14	0.14285714285714285	0.42857142857142855	0.42857142857142855	mixed	0.42857142857142855	0.5714285714285714	instable	instable_no_stable_identity	instable
uv	RvY_12588	14	0.14285714285714285	0.42857142857142855	0.42857142857142855	mixed	0.42857142857142855	0.5714285714285714	instable	instable_no_stable_identity	instable
uv	RvY_12702-1	14	0.2857142857142857	0.2857142857142857	0.42857142857142855	constant	0.42857142857142855	0.5714285714285714	instable	instable_no_stable_identity	instable
uv	RvY_12716	14	0.42857142857142855	0.21428571428571427	0.35714285714285715	up	0.42857142857142855	0.5714285714285714	instable	instable_no_stable_identity	instable
uv	RvY_12749-1	14	0.14285714285714285	0.42857142857142855	0.42857142857142855	mixed	0.42857142857142855	0.5714285714285714	instable	instable_no_stable_identity	instable
uv	RvY_12757-1	14	0.2857142857142857	0.42857142857142855	0.2857142857142857	down	0.42857142857142855	0.5714285714285714	instable	instable_no_stable_identity	instable
uv	RvY_12762-1	14	0.14285714285714285	0.42857142857142855	0.42857142857142855	mixed	0.42857142857142855	0.5714285714285714	instable	instable_no_stable_identity	instable
uv	RvY_12765-1	14	0.21428571428571427	0.35714285714285715	0.42857142857142855	constant	0.42857142857142855	0.5714285714285714	instable	instable_no_stable_identity	instable
uv	RvY_12799-1	14	0.21428571428571427	0.35714285714285715	0.42857142857142855	constant	0.42857142857142855	0.5714285714285714	instable	instable_no_stable_identity	instable
uv	RvY_12820-1	14	0.42857142857142855	0.14285714285714285	0.42857142857142855	mixed	0.42857142857142855	0.5714285714285714	instable	instable_no_stable_identity	instable
uv	RvY_12828-1	14	0.42857142857142855	0.14285714285714285	0.42857142857142855	mixed	0.42857142857142855	0.5714285714285714	instable	instable_no_stable_identity	instable
uv	RvY_12836-1	14	0.2857142857142857	0.42857142857142855	0.2857142857142857	down	0.42857142857142855	0.5714285714285714	instable	instable_no_stable_identity	instable
uv	RvY_12840-1	14	0.21428571428571427	0.42857142857142855	0.35714285714285715	down	0.42857142857142855	0.5714285714285714	instable	instable_no_stable_identity	instable
uv	RvY_12842-1	14	0.42857142857142855	0.14285714285714285	0.42857142857142855	mixed	0.42857142857142855	0.5714285714285714	instable	instable_no_stable_identity	instable
uv	RvY_12857-1	14	0.2857142857142857	0.2857142857142857	0.42857142857142855	constant	0.42857142857142855	0.5714285714285714	instable	instable_no_stable_identity	instable
uv	RvY_12867-1	14	0.35714285714285715	0.21428571428571427	0.42857142857142855	constant	0.42857142857142855	0.5714285714285714	instable	instable_no_stable_identity	instable
uv	RvY_12887	14	0.42857142857142855	0.14285714285714285	0.42857142857142855	mixed	0.42857142857142855	0.5714285714285714	instable	instable_no_stable_identity	instable
uv	RvY_12896-1	14	0.42857142857142855	0.14285714285714285	0.42857142857142855	mixed	0.42857142857142855	0.5714285714285714	instable	instable_no_stable_identity	instable
uv	RvY_12943-1	14	0.35714285714285715	0.21428571428571427	0.42857142857142855	constant	0.42857142857142855	0.5714285714285714	instable	instable_no_stable_identity	instable
uv	RvY_12953-1	14	0.21428571428571427	0.42857142857142855	0.35714285714285715	down	0.42857142857142855	0.5714285714285714	instable	instable_no_stable_identity	instable
uv	RvY_12954-1	14	0.2857142857142857	0.2857142857142857	0.42857142857142855	constant	0.42857142857142855	0.5714285714285714	instable	instable_no_stable_identity	instable
uv	RvY_12962-1	14	0.14285714285714285	0.42857142857142855	0.42857142857142855	mixed	0.42857142857142855	0.5714285714285714	instable	instable_no_stable_identity	instable
uv	RvY_12978-1	14	0.35714285714285715	0.42857142857142855	0.21428571428571427	down	0.42857142857142855	0.5714285714285714	instable	instable_no_stable_identity	instable
uv	RvY_13006-1	14	0.14285714285714285	0.42857142857142855	0.42857142857142855	mixed	0.42857142857142855	0.5714285714285714	instable	instable_no_stable_identity	instable
uv	RvY_13016	14	0.42857142857142855	0.14285714285714285	0.42857142857142855	mixed	0.42857142857142855	0.5714285714285714	instable	instable_no_stable_identity	instable
uv	RvY_13057-1	14	0.42857142857142855	0.14285714285714285	0.42857142857142855	mixed	0.42857142857142855	0.5714285714285714	instable	instable_no_stable_identity	instable
uv	RvY_13064-1	14	0.42857142857142855	0.14285714285714285	0.42857142857142855	mixed	0.42857142857142855	0.5714285714285714	instable	instable_no_stable_identity	instable
uv	RvY_13077	14	0.42857142857142855	0.35714285714285715	0.21428571428571427	up	0.42857142857142855	0.5714285714285714	instable	instable_no_stable_identity	instable
uv	RvY_13080-1	14	0.35714285714285715	0.21428571428571427	0.42857142857142855	constant	0.42857142857142855	0.5714285714285714	instable	instable_no_stable_identity	instable
uv	RvY_13098-1	14	0.35714285714285715	0.21428571428571427	0.42857142857142855	constant	0.42857142857142855	0.5714285714285714	instable	instable_no_stable_identity	instable
uv	RvY_13108-1	14	0.42857142857142855	0.14285714285714285	0.42857142857142855	mixed	0.42857142857142855	0.5714285714285714	instable	instable_no_stable_identity	instable
uv	RvY_13142-1	14	0.2857142857142857	0.42857142857142855	0.2857142857142857	down	0.42857142857142855	0.5714285714285714	instable	instable_no_stable_identity	instable
uv	RvY_13161-1	14	0.21428571428571427	0.35714285714285715	0.42857142857142855	constant	0.42857142857142855	0.5714285714285714	instable	instable_no_stable_identity	instable
uv	RvY_13181-1	14	0.42857142857142855	0.2857142857142857	0.2857142857142857	up	0.42857142857142855	0.5714285714285714	instable	instable_no_stable_identity	instable
uv	RvY_13187-1	14	0.42857142857142855	0.14285714285714285	0.42857142857142855	mixed	0.42857142857142855	0.5714285714285714	instable	instable_no_stable_identity	instable
uv	RvY_13206-1	14	0.42857142857142855	0.35714285714285715	0.21428571428571427	up	0.42857142857142855	0.5714285714285714	instable	instable_no_stable_identity	instable
uv	RvY_13225	14	0.2857142857142857	0.2857142857142857	0.42857142857142855	constant	0.42857142857142855	0.5714285714285714	instable	instable_no_stable_identity	instable
uv	RvY_13232-1	14	0.35714285714285715	0.21428571428571427	0.42857142857142855	constant	0.42857142857142855	0.5714285714285714	instable	instable_no_stable_identity	instable
uv	RvY_13234-1	14	0.42857142857142855	0.21428571428571427	0.35714285714285715	up	0.42857142857142855	0.5714285714285714	instable	instable_no_stable_identity	instable
uv	RvY_13241-1	14	0.21428571428571427	0.35714285714285715	0.42857142857142855	constant	0.42857142857142855	0.5714285714285714	instable	instable_no_stable_identity	instable
uv	RvY_13266-1	14	0.42857142857142855	0.2857142857142857	0.2857142857142857	up	0.42857142857142855	0.5714285714285714	instable	instable_no_stable_identity	instable
uv	RvY_13282-1	14	0.21428571428571427	0.42857142857142855	0.35714285714285715	down	0.42857142857142855	0.5714285714285714	instable	instable_no_stable_identity	instable
uv	RvY_13313	14	0.21428571428571427	0.35714285714285715	0.42857142857142855	constant	0.42857142857142855	0.5714285714285714	instable	instable_no_stable_identity	instable
uv	RvY_13330-1	14	0.42857142857142855	0.14285714285714285	0.42857142857142855	mixed	0.42857142857142855	0.5714285714285714	instable	instable_no_stable_identity	instable
uv	RvY_13337-1	14	0.21428571428571427	0.35714285714285715	0.42857142857142855	constant	0.42857142857142855	0.5714285714285714	instable	instable_no_stable_identity	instable
uv	RvY_13361-1	14	0.2857142857142857	0.2857142857142857	0.42857142857142855	constant	0.42857142857142855	0.5714285714285714	instable	instable_no_stable_identity	instable
uv	RvY_13372	14	0.42857142857142855	0.14285714285714285	0.42857142857142855	mixed	0.42857142857142855	0.5714285714285714	instable	instable_no_stable_identity	instable
uv	RvY_13377-1	14	0.21428571428571427	0.35714285714285715	0.42857142857142855	constant	0.42857142857142855	0.5714285714285714	instable	instable_no_stable_identity	instable
uv	RvY_13380-1	14	0.42857142857142855	0.14285714285714285	0.42857142857142855	mixed	0.42857142857142855	0.5714285714285714	instable	instable_no_stable_identity	instable
uv	RvY_13451-1	14	0.35714285714285715	0.21428571428571427	0.42857142857142855	constant	0.42857142857142855	0.5714285714285714	instable	instable_no_stable_identity	instable
uv	RvY_13471-1	14	0.21428571428571427	0.42857142857142855	0.35714285714285715	down	0.42857142857142855	0.5714285714285714	instable	instable_no_stable_identity	instable
uv	RvY_13489-1	14	0.21428571428571427	0.35714285714285715	0.42857142857142855	constant	0.42857142857142855	0.5714285714285714	instable	instable_no_stable_identity	instable
uv	RvY_13508-1	14	0.2857142857142857	0.2857142857142857	0.42857142857142855	constant	0.42857142857142855	0.5714285714285714	instable	instable_no_stable_identity	instable
uv	RvY_13513-1	14	0.21428571428571427	0.35714285714285715	0.42857142857142855	constant	0.42857142857142855	0.5714285714285714	instable	instable_no_stable_identity	instable
uv	RvY_13521	14	0.14285714285714285	0.42857142857142855	0.42857142857142855	mixed	0.42857142857142855	0.5714285714285714	instable	instable_no_stable_identity	instable
uv	RvY_13523	14	0.35714285714285715	0.21428571428571427	0.42857142857142855	constant	0.42857142857142855	0.5714285714285714	instable	instable_no_stable_identity	instable
uv	RvY_13525-1	14	0.35714285714285715	0.21428571428571427	0.42857142857142855	constant	0.42857142857142855	0.5714285714285714	instable	instable_no_stable_identity	instable
uv	RvY_13526	14	0.14285714285714285	0.42857142857142855	0.42857142857142855	mixed	0.42857142857142855	0.5714285714285714	instable	instable_no_stable_identity	instable
uv	RvY_13549-1	14	0.42857142857142855	0.14285714285714285	0.42857142857142855	mixed	0.42857142857142855	0.5714285714285714	instable	instable_no_stable_identity	instable
uv	RvY_13561-1	14	0.14285714285714285	0.42857142857142855	0.42857142857142855	mixed	0.42857142857142855	0.5714285714285714	instable	instable_no_stable_identity	instable
uv	RvY_13594	14	0.35714285714285715	0.21428571428571427	0.42857142857142855	constant	0.42857142857142855	0.5714285714285714	instable	instable_no_stable_identity	instable
uv	RvY_13606-1	14	0.21428571428571427	0.42857142857142855	0.35714285714285715	down	0.42857142857142855	0.5714285714285714	instable	instable_no_stable_identity	instable
uv	RvY_13642-1	14	0.42857142857142855	0.14285714285714285	0.42857142857142855	mixed	0.42857142857142855	0.5714285714285714	instable	instable_no_stable_identity	instable
uv	RvY_13662-1	14	0.21428571428571427	0.35714285714285715	0.42857142857142855	constant	0.42857142857142855	0.5714285714285714	instable	instable_no_stable_identity	instable
uv	RvY_13683	14	0.42857142857142855	0.2857142857142857	0.2857142857142857	up	0.42857142857142855	0.5714285714285714	instable	instable_no_stable_identity	instable
uv	RvY_13688	14	0.21428571428571427	0.35714285714285715	0.42857142857142855	constant	0.42857142857142855	0.5714285714285714	instable	instable_no_stable_identity	instable
uv	RvY_13694-1	14	0.2857142857142857	0.2857142857142857	0.42857142857142855	constant	0.42857142857142855	0.5714285714285714	instable	instable_no_stable_identity	instable
uv	RvY_13698-1	14	0.21428571428571427	0.42857142857142855	0.35714285714285715	down	0.42857142857142855	0.5714285714285714	instable	instable_no_stable_identity	instable
uv	RvY_13711-1	14	0.2857142857142857	0.42857142857142855	0.2857142857142857	down	0.42857142857142855	0.5714285714285714	instable	instable_no_stable_identity	instable
uv	RvY_13719-1	14	0.42857142857142855	0.35714285714285715	0.21428571428571427	up	0.42857142857142855	0.5714285714285714	instable	instable_no_stable_identity	instable
uv	RvY_13724-1	14	0.14285714285714285	0.42857142857142855	0.42857142857142855	mixed	0.42857142857142855	0.5714285714285714	instable	instable_no_stable_identity	instable
uv	RvY_13725-1	14	0.21428571428571427	0.35714285714285715	0.42857142857142855	constant	0.42857142857142855	0.5714285714285714	instable	instable_no_stable_identity	instable
uv	RvY_13739	14	0.42857142857142855	0.14285714285714285	0.42857142857142855	mixed	0.42857142857142855	0.5714285714285714	instable	instable_no_stable_identity	instable
uv	RvY_13743-1	14	0.2857142857142857	0.2857142857142857	0.42857142857142855	constant	0.42857142857142855	0.5714285714285714	instable	instable_no_stable_identity	instable
uv	RvY_13764-1	14	0.21428571428571427	0.42857142857142855	0.35714285714285715	down	0.42857142857142855	0.5714285714285714	instable	instable_no_stable_identity	instable
uv	RvY_13786-1	14	0.42857142857142855	0.2857142857142857	0.2857142857142857	up	0.42857142857142855	0.5714285714285714	instable	instable_no_stable_identity	instable
uv	RvY_13814-1	14	0.2857142857142857	0.2857142857142857	0.42857142857142855	constant	0.42857142857142855	0.5714285714285714	instable	instable_no_stable_identity	instable
uv	RvY_13839-1	14	0.42857142857142855	0.42857142857142855	0.14285714285714285	mixed	0.42857142857142855	0.5714285714285714	instable	instable_no_stable_identity	instable
uv	RvY_13931-1	14	0.21428571428571427	0.42857142857142855	0.35714285714285715	down	0.42857142857142855	0.5714285714285714	instable	instable_no_stable_identity	instable
uv	RvY_13954	14	0.35714285714285715	0.42857142857142855	0.21428571428571427	down	0.42857142857142855	0.5714285714285714	instable	instable_no_stable_identity	instable
uv	RvY_13964-1	14	0.2857142857142857	0.2857142857142857	0.42857142857142855	constant	0.42857142857142855	0.5714285714285714	instable	instable_no_stable_identity	instable
uv	RvY_13979-1	14	0.21428571428571427	0.35714285714285715	0.42857142857142855	constant	0.42857142857142855	0.5714285714285714	instable	instable_no_stable_identity	instable
uv	RvY_14003-1	14	0.42857142857142855	0.21428571428571427	0.35714285714285715	up	0.42857142857142855	0.5714285714285714	instable	instable_no_stable_identity	instable
uv	RvY_14073	14	0.14285714285714285	0.42857142857142855	0.42857142857142855	mixed	0.42857142857142855	0.5714285714285714	instable	instable_no_stable_identity	instable
uv	RvY_14091-1	14	0.21428571428571427	0.35714285714285715	0.42857142857142855	constant	0.42857142857142855	0.5714285714285714	instable	instable_no_stable_identity	instable
uv	RvY_14100-1	14	0.2857142857142857	0.42857142857142855	0.2857142857142857	down	0.42857142857142855	0.5714285714285714	instable	instable_no_stable_identity	instable
uv	RvY_14113	14	0.2857142857142857	0.2857142857142857	0.42857142857142855	constant	0.42857142857142855	0.5714285714285714	instable	instable_no_stable_identity	instable
uv	RvY_14125	14	0.14285714285714285	0.42857142857142855	0.42857142857142855	mixed	0.42857142857142855	0.5714285714285714	instable	instable_no_stable_identity	instable
uv	RvY_14194-1	14	0.2857142857142857	0.2857142857142857	0.42857142857142855	constant	0.42857142857142855	0.5714285714285714	instable	instable_no_stable_identity	instable
uv	RvY_14214-1	14	0.21428571428571427	0.35714285714285715	0.42857142857142855	constant	0.42857142857142855	0.5714285714285714	instable	instable_no_stable_identity	instable
uv	RvY_14232-1	14	0.14285714285714285	0.42857142857142855	0.42857142857142855	mixed	0.42857142857142855	0.5714285714285714	instable	instable_no_stable_identity	instable
uv	RvY_14233-1	14	0.2857142857142857	0.2857142857142857	0.42857142857142855	constant	0.42857142857142855	0.5714285714285714	instable	instable_no_stable_identity	instable
uv	RvY_14268-1	14	0.42857142857142855	0.21428571428571427	0.35714285714285715	up	0.42857142857142855	0.5714285714285714	instable	instable_no_stable_identity	instable
uv	RvY_14340	14	0.35714285714285715	0.21428571428571427	0.42857142857142855	constant	0.42857142857142855	0.5714285714285714	instable	instable_no_stable_identity	instable
uv	RvY_14426-1	14	0.35714285714285715	0.21428571428571427	0.42857142857142855	constant	0.42857142857142855	0.5714285714285714	instable	instable_no_stable_identity	instable
uv	RvY_14460-1	14	0.42857142857142855	0.14285714285714285	0.42857142857142855	mixed	0.42857142857142855	0.5714285714285714	instable	instable_no_stable_identity	instable
uv	RvY_14477	14	0.35714285714285715	0.21428571428571427	0.42857142857142855	constant	0.42857142857142855	0.5714285714285714	instable	instable_no_stable_identity	instable
uv	RvY_14481-1	14	0.2857142857142857	0.42857142857142855	0.2857142857142857	down	0.42857142857142855	0.5714285714285714	instable	instable_no_stable_identity	instable
uv	RvY_14535-1	14	0.35714285714285715	0.42857142857142855	0.21428571428571427	down	0.42857142857142855	0.5714285714285714	instable	instable_no_stable_identity	instable
uv	RvY_14556-1	14	0.35714285714285715	0.21428571428571427	0.42857142857142855	constant	0.42857142857142855	0.5714285714285714	instable	instable_no_stable_identity	instable
uv	RvY_14635-1	14	0.14285714285714285	0.42857142857142855	0.42857142857142855	mixed	0.42857142857142855	0.5714285714285714	instable	instable_no_stable_identity	instable
uv	RvY_14640	14	0.42857142857142855	0.14285714285714285	0.42857142857142855	mixed	0.42857142857142855	0.5714285714285714	instable	instable_no_stable_identity	instable
uv	RvY_14707-1	14	0.42857142857142855	0.14285714285714285	0.42857142857142855	mixed	0.42857142857142855	0.5714285714285714	instable	instable_no_stable_identity	instable
uv	RvY_14725	14	0.21428571428571427	0.35714285714285715	0.42857142857142855	constant	0.42857142857142855	0.5714285714285714	instable	instable_no_stable_identity	instable
uv	RvY_14781-1	14	0.21428571428571427	0.42857142857142855	0.35714285714285715	down	0.42857142857142855	0.5714285714285714	instable	instable_no_stable_identity	instable
uv	RvY_14802-1	14	0.35714285714285715	0.21428571428571427	0.42857142857142855	constant	0.42857142857142855	0.5714285714285714	instable	instable_no_stable_identity	instable
uv	RvY_14812-1	14	0.21428571428571427	0.42857142857142855	0.35714285714285715	down	0.42857142857142855	0.5714285714285714	instable	instable_no_stable_identity	instable
uv	RvY_14815-1	14	0.21428571428571427	0.42857142857142855	0.35714285714285715	down	0.42857142857142855	0.5714285714285714	instable	instable_no_stable_identity	instable
uv	RvY_14816	14	0.42857142857142855	0.14285714285714285	0.42857142857142855	mixed	0.42857142857142855	0.5714285714285714	instable	instable_no_stable_identity	instable
uv	RvY_14903-1	14	0.42857142857142855	0.14285714285714285	0.42857142857142855	mixed	0.42857142857142855	0.5714285714285714	instable	instable_no_stable_identity	instable
uv	RvY_14922-1	14	0.21428571428571427	0.42857142857142855	0.35714285714285715	down	0.42857142857142855	0.5714285714285714	instable	instable_no_stable_identity	instable
uv	RvY_15004-1	14	0.2857142857142857	0.2857142857142857	0.42857142857142855	constant	0.42857142857142855	0.5714285714285714	instable	instable_no_stable_identity	instable
uv	RvY_15008-1	14	0.21428571428571427	0.42857142857142855	0.35714285714285715	down	0.42857142857142855	0.5714285714285714	instable	instable_no_stable_identity	instable
uv	RvY_15010-1	14	0.35714285714285715	0.21428571428571427	0.42857142857142855	constant	0.42857142857142855	0.5714285714285714	instable	instable_no_stable_identity	instable
uv	RvY_15027-1	14	0.2857142857142857	0.2857142857142857	0.42857142857142855	constant	0.42857142857142855	0.5714285714285714	instable	instable_no_stable_identity	instable
uv	RvY_15061	14	0.35714285714285715	0.21428571428571427	0.42857142857142855	constant	0.42857142857142855	0.5714285714285714	instable	instable_no_stable_identity	instable
uv	RvY_15082-1	14	0.21428571428571427	0.35714285714285715	0.42857142857142855	constant	0.42857142857142855	0.5714285714285714	instable	instable_no_stable_identity	instable
uv	RvY_15091-1	14	0.42857142857142855	0.35714285714285715	0.21428571428571427	up	0.42857142857142855	0.5714285714285714	instable	instable_no_stable_identity	instable
uv	RvY_15102-1	14	0.21428571428571427	0.35714285714285715	0.42857142857142855	constant	0.42857142857142855	0.5714285714285714	instable	instable_no_stable_identity	instable
uv	RvY_15104	14	0.21428571428571427	0.35714285714285715	0.42857142857142855	constant	0.42857142857142855	0.5714285714285714	instable	instable_no_stable_identity	instable
uv	RvY_15115-1	14	0.14285714285714285	0.42857142857142855	0.42857142857142855	mixed	0.42857142857142855	0.5714285714285714	instable	instable_no_stable_identity	instable
uv	RvY_15135-1	14	0.42857142857142855	0.14285714285714285	0.42857142857142855	mixed	0.42857142857142855	0.5714285714285714	instable	instable_no_stable_identity	instable
uv	RvY_15139-1	14	0.14285714285714285	0.42857142857142855	0.42857142857142855	mixed	0.42857142857142855	0.5714285714285714	instable	instable_no_stable_identity	instable
uv	RvY_15151	14	0.42857142857142855	0.14285714285714285	0.42857142857142855	mixed	0.42857142857142855	0.5714285714285714	instable	instable_no_stable_identity	instable
uv	RvY_15158-1	14	0.35714285714285715	0.21428571428571427	0.42857142857142855	constant	0.42857142857142855	0.5714285714285714	instable	instable_no_stable_identity	instable
uv	RvY_15167-1	14	0.2857142857142857	0.2857142857142857	0.42857142857142855	constant	0.42857142857142855	0.5714285714285714	instable	instable_no_stable_identity	instable
uv	RvY_15169-1	14	0.14285714285714285	0.42857142857142855	0.42857142857142855	mixed	0.42857142857142855	0.5714285714285714	instable	instable_no_stable_identity	instable
uv	RvY_15177-1	14	0.35714285714285715	0.21428571428571427	0.42857142857142855	constant	0.42857142857142855	0.5714285714285714	instable	instable_no_stable_identity	instable
uv	RvY_15229-1	14	0.35714285714285715	0.21428571428571427	0.42857142857142855	constant	0.42857142857142855	0.5714285714285714	instable	instable_no_stable_identity	instable
uv	RvY_15240	14	0.42857142857142855	0.35714285714285715	0.21428571428571427	up	0.42857142857142855	0.5714285714285714	instable	instable_no_stable_identity	instable
uv	RvY_15244-1	14	0.2857142857142857	0.2857142857142857	0.42857142857142855	constant	0.42857142857142855	0.5714285714285714	instable	instable_no_stable_identity	instable
uv	RvY_15245-1	14	0.2857142857142857	0.2857142857142857	0.42857142857142855	constant	0.42857142857142855	0.5714285714285714	instable	instable_no_stable_identity	instable
uv	RvY_15259	14	0.42857142857142855	0.21428571428571427	0.35714285714285715	up	0.42857142857142855	0.5714285714285714	instable	instable_no_stable_identity	instable
uv	RvY_15284-1	14	0.35714285714285715	0.21428571428571427	0.42857142857142855	constant	0.42857142857142855	0.5714285714285714	instable	instable_no_stable_identity	instable
uv	RvY_15320	14	0.14285714285714285	0.42857142857142855	0.42857142857142855	mixed	0.42857142857142855	0.5714285714285714	instable	instable_no_stable_identity	instable
uv	RvY_15410-1	14	0.21428571428571427	0.35714285714285715	0.42857142857142855	constant	0.42857142857142855	0.5714285714285714	instable	instable_no_stable_identity	instable
uv	RvY_15439-1	14	0.42857142857142855	0.14285714285714285	0.42857142857142855	mixed	0.42857142857142855	0.5714285714285714	instable	instable_no_stable_identity	instable
uv	RvY_15497-1	14	0.21428571428571427	0.35714285714285715	0.42857142857142855	constant	0.42857142857142855	0.5714285714285714	instable	instable_no_stable_identity	instable
uv	RvY_15547-1	14	0.42857142857142855	0.35714285714285715	0.21428571428571427	up	0.42857142857142855	0.5714285714285714	instable	instable_no_stable_identity	instable
uv	RvY_15568-1	14	0.14285714285714285	0.42857142857142855	0.42857142857142855	mixed	0.42857142857142855	0.5714285714285714	instable	instable_no_stable_identity	instable
uv	RvY_15576-1	14	0.35714285714285715	0.21428571428571427	0.42857142857142855	constant	0.42857142857142855	0.5714285714285714	instable	instable_no_stable_identity	instable
uv	RvY_15624-1	14	0.2857142857142857	0.42857142857142855	0.2857142857142857	down	0.42857142857142855	0.5714285714285714	instable	instable_no_stable_identity	instable
uv	RvY_15660-1	14	0.21428571428571427	0.35714285714285715	0.42857142857142855	constant	0.42857142857142855	0.5714285714285714	instable	instable_no_stable_identity	instable
uv	RvY_15742-1	14	0.42857142857142855	0.21428571428571427	0.35714285714285715	up	0.42857142857142855	0.5714285714285714	instable	instable_no_stable_identity	instable
uv	RvY_15774-1	14	0.42857142857142855	0.21428571428571427	0.35714285714285715	up	0.42857142857142855	0.5714285714285714	instable	instable_no_stable_identity	instable
uv	RvY_15787-1	14	0.42857142857142855	0.14285714285714285	0.42857142857142855	mixed	0.42857142857142855	0.5714285714285714	instable	instable_no_stable_identity	instable
uv	RvY_15836-1	14	0.14285714285714285	0.42857142857142855	0.42857142857142855	mixed	0.42857142857142855	0.5714285714285714	instable	instable_no_stable_identity	instable
uv	RvY_15841-1	14	0.42857142857142855	0.14285714285714285	0.42857142857142855	mixed	0.42857142857142855	0.5714285714285714	instable	instable_no_stable_identity	instable
uv	RvY_15915-1	14	0.2857142857142857	0.2857142857142857	0.42857142857142855	constant	0.42857142857142855	0.5714285714285714	instable	instable_no_stable_identity	instable
uv	RvY_15920-1	14	0.42857142857142855	0.14285714285714285	0.42857142857142855	mixed	0.42857142857142855	0.5714285714285714	instable	instable_no_stable_identity	instable
uv	RvY_16000-1	14	0.42857142857142855	0.21428571428571427	0.35714285714285715	up	0.42857142857142855	0.5714285714285714	instable	instable_no_stable_identity	instable
uv	RvY_16041	14	0.2857142857142857	0.42857142857142855	0.2857142857142857	down	0.42857142857142855	0.5714285714285714	instable	instable_no_stable_identity	instable
uv	RvY_16051-1	14	0.35714285714285715	0.21428571428571427	0.42857142857142855	constant	0.42857142857142855	0.5714285714285714	instable	instable_no_stable_identity	instable
uv	RvY_16057-1	14	0.42857142857142855	0.14285714285714285	0.42857142857142855	mixed	0.42857142857142855	0.5714285714285714	instable	instable_no_stable_identity	instable
uv	RvY_16079-1	14	0.2857142857142857	0.2857142857142857	0.42857142857142855	constant	0.42857142857142855	0.5714285714285714	instable	instable_no_stable_identity	instable
uv	RvY_16120	14	0.42857142857142855	0.42857142857142855	0.14285714285714285	mixed	0.42857142857142855	0.5714285714285714	instable	instable_no_stable_identity	instable
uv	RvY_16143-1	14	0.42857142857142855	0.21428571428571427	0.35714285714285715	up	0.42857142857142855	0.5714285714285714	instable	instable_no_stable_identity	instable
uv	RvY_16147-1	14	0.35714285714285715	0.21428571428571427	0.42857142857142855	constant	0.42857142857142855	0.5714285714285714	instable	instable_no_stable_identity	instable
uv	RvY_16164-1	14	0.42857142857142855	0.14285714285714285	0.42857142857142855	mixed	0.42857142857142855	0.5714285714285714	instable	instable_no_stable_identity	instable
uv	RvY_16169-1	14	0.42857142857142855	0.42857142857142855	0.14285714285714285	mixed	0.42857142857142855	0.5714285714285714	instable	instable_no_stable_identity	instable
uv	RvY_16188-1	14	0.42857142857142855	0.14285714285714285	0.42857142857142855	mixed	0.42857142857142855	0.5714285714285714	instable	instable_no_stable_identity	instable
uv	RvY_16244-1	14	0.35714285714285715	0.21428571428571427	0.42857142857142855	constant	0.42857142857142855	0.5714285714285714	instable	instable_no_stable_identity	instable
uv	RvY_16282-1	14	0.35714285714285715	0.21428571428571427	0.42857142857142855	constant	0.42857142857142855	0.5714285714285714	instable	instable_no_stable_identity	instable
uv	RvY_16290	14	0.42857142857142855	0.14285714285714285	0.42857142857142855	mixed	0.42857142857142855	0.5714285714285714	instable	instable_no_stable_identity	instable
uv	RvY_16351	14	0.35714285714285715	0.21428571428571427	0.42857142857142855	constant	0.42857142857142855	0.5714285714285714	instable	instable_no_stable_identity	instable
uv	RvY_16423	14	0.14285714285714285	0.42857142857142855	0.42857142857142855	mixed	0.42857142857142855	0.5714285714285714	instable	instable_no_stable_identity	instable
uv	RvY_16424-1	14	0.42857142857142855	0.14285714285714285	0.42857142857142855	mixed	0.42857142857142855	0.5714285714285714	instable	instable_no_stable_identity	instable
uv	RvY_16445	14	0.42857142857142855	0.21428571428571427	0.35714285714285715	up	0.42857142857142855	0.5714285714285714	instable	instable_no_stable_identity	instable
uv	RvY_16457-1	14	0.35714285714285715	0.21428571428571427	0.42857142857142855	constant	0.42857142857142855	0.5714285714285714	instable	instable_no_stable_identity	instable
uv	RvY_16473-1	14	0.21428571428571427	0.35714285714285715	0.42857142857142855	constant	0.42857142857142855	0.5714285714285714	instable	instable_no_stable_identity	instable
uv	RvY_16498-1	14	0.2857142857142857	0.2857142857142857	0.42857142857142855	constant	0.42857142857142855	0.5714285714285714	instable	instable_no_stable_identity	instable
uv	RvY_16516-1	14	0.42857142857142855	0.14285714285714285	0.42857142857142855	mixed	0.42857142857142855	0.5714285714285714	instable	instable_no_stable_identity	instable
uv	RvY_16521-1	14	0.35714285714285715	0.21428571428571427	0.42857142857142855	constant	0.42857142857142855	0.5714285714285714	instable	instable_no_stable_identity	instable
uv	RvY_16552-1	14	0.42857142857142855	0.21428571428571427	0.35714285714285715	up	0.42857142857142855	0.5714285714285714	instable	instable_no_stable_identity	instable
uv	RvY_16575-1	14	0.42857142857142855	0.14285714285714285	0.42857142857142855	mixed	0.42857142857142855	0.5714285714285714	instable	instable_no_stable_identity	instable
uv	RvY_16592-1	14	0.21428571428571427	0.42857142857142855	0.35714285714285715	down	0.42857142857142855	0.5714285714285714	instable	instable_no_stable_identity	instable
uv	RvY_16597-1	14	0.42857142857142855	0.14285714285714285	0.42857142857142855	mixed	0.42857142857142855	0.5714285714285714	instable	instable_no_stable_identity	instable
uv	RvY_16602-1	14	0.42857142857142855	0.14285714285714285	0.42857142857142855	mixed	0.42857142857142855	0.5714285714285714	instable	instable_no_stable_identity	instable
uv	RvY_16628-1	14	0.35714285714285715	0.21428571428571427	0.42857142857142855	constant	0.42857142857142855	0.5714285714285714	instable	instable_no_stable_identity	instable
uv	RvY_16648-1	14	0.21428571428571427	0.35714285714285715	0.42857142857142855	constant	0.42857142857142855	0.5714285714285714	instable	instable_no_stable_identity	instable
uv	RvY_16656	14	0.42857142857142855	0.35714285714285715	0.21428571428571427	up	0.42857142857142855	0.5714285714285714	instable	instable_no_stable_identity	instable
uv	RvY_16758-1	14	0.42857142857142855	0.14285714285714285	0.42857142857142855	mixed	0.42857142857142855	0.5714285714285714	instable	instable_no_stable_identity	instable
uv	RvY_16773-1	14	0.35714285714285715	0.42857142857142855	0.21428571428571427	down	0.42857142857142855	0.5714285714285714	instable	instable_no_stable_identity	instable
uv	RvY_16793-1	14	0.2857142857142857	0.2857142857142857	0.42857142857142855	constant	0.42857142857142855	0.5714285714285714	instable	instable_no_stable_identity	instable
uv	RvY_16812-1	14	0.21428571428571427	0.35714285714285715	0.42857142857142855	constant	0.42857142857142855	0.5714285714285714	instable	instable_no_stable_identity	instable
uv	RvY_16813	14	0.2857142857142857	0.42857142857142855	0.2857142857142857	down	0.42857142857142855	0.5714285714285714	instable	instable_no_stable_identity	instable
uv	RvY_16817-1	14	0.14285714285714285	0.42857142857142855	0.42857142857142855	mixed	0.42857142857142855	0.5714285714285714	instable	instable_no_stable_identity	instable
uv	RvY_16984-1	14	0.42857142857142855	0.14285714285714285	0.42857142857142855	mixed	0.42857142857142855	0.5714285714285714	instable	instable_no_stable_identity	instable
uv	RvY_16995-1	14	0.42857142857142855	0.14285714285714285	0.42857142857142855	mixed	0.42857142857142855	0.5714285714285714	instable	instable_no_stable_identity	instable
uv	RvY_17033-1	14	0.21428571428571427	0.35714285714285715	0.42857142857142855	constant	0.42857142857142855	0.5714285714285714	instable	instable_no_stable_identity	instable
uv	RvY_17053-1	14	0.14285714285714285	0.42857142857142855	0.42857142857142855	mixed	0.42857142857142855	0.5714285714285714	instable	instable_no_stable_identity	instable
uv	RvY_17155	14	0.21428571428571427	0.35714285714285715	0.42857142857142855	constant	0.42857142857142855	0.5714285714285714	instable	instable_no_stable_identity	instable
uv	RvY_17169-1	14	0.42857142857142855	0.35714285714285715	0.21428571428571427	up	0.42857142857142855	0.5714285714285714	instable	instable_no_stable_identity	instable
uv	RvY_17285-1	14	0.14285714285714285	0.42857142857142855	0.42857142857142855	mixed	0.42857142857142855	0.5714285714285714	instable	instable_no_stable_identity	instable
uv	RvY_17292-1	14	0.2857142857142857	0.42857142857142855	0.2857142857142857	down	0.42857142857142855	0.5714285714285714	instable	instable_no_stable_identity	instable
uv	RvY_17309-1	14	0.14285714285714285	0.42857142857142855	0.42857142857142855	mixed	0.42857142857142855	0.5714285714285714	instable	instable_no_stable_identity	instable
uv	RvY_17338-1	14	0.2857142857142857	0.42857142857142855	0.2857142857142857	down	0.42857142857142855	0.5714285714285714	instable	instable_no_stable_identity	instable
uv	RvY_17374	14	0.2857142857142857	0.2857142857142857	0.42857142857142855	constant	0.42857142857142855	0.5714285714285714	instable	instable_no_stable_identity	instable
uv	RvY_17397-1	14	0.2857142857142857	0.2857142857142857	0.42857142857142855	constant	0.42857142857142855	0.5714285714285714	instable	instable_no_stable_identity	instable
uv	RvY_17399-1	14	0.42857142857142855	0.14285714285714285	0.42857142857142855	mixed	0.42857142857142855	0.5714285714285714	instable	instable_no_stable_identity	instable
uv	RvY_17408-1	14	0.21428571428571427	0.35714285714285715	0.42857142857142855	constant	0.42857142857142855	0.5714285714285714	instable	instable_no_stable_identity	instable
uv	RvY_17449-1	14	0.35714285714285715	0.21428571428571427	0.42857142857142855	constant	0.42857142857142855	0.5714285714285714	instable	instable_no_stable_identity	instable
uv	RvY_17480-1	14	0.35714285714285715	0.21428571428571427	0.42857142857142855	constant	0.42857142857142855	0.5714285714285714	instable	instable_no_stable_identity	instable
uv	RvY_17490	14	0.21428571428571427	0.35714285714285715	0.42857142857142855	constant	0.42857142857142855	0.5714285714285714	instable	instable_no_stable_identity	instable
uv	RvY_17536-1	14	0.14285714285714285	0.42857142857142855	0.42857142857142855	mixed	0.42857142857142855	0.5714285714285714	instable	instable_no_stable_identity	instable
uv	RvY_17569-1	14	0.2857142857142857	0.2857142857142857	0.42857142857142855	constant	0.42857142857142855	0.5714285714285714	instable	instable_no_stable_identity	instable
uv	RvY_17600	14	0.35714285714285715	0.21428571428571427	0.42857142857142855	constant	0.42857142857142855	0.5714285714285714	instable	instable_no_stable_identity	instable
uv	RvY_17612	14	0.21428571428571427	0.35714285714285715	0.42857142857142855	constant	0.42857142857142855	0.5714285714285714	instable	instable_no_stable_identity	instable
uv	RvY_17613	14	0.21428571428571427	0.35714285714285715	0.42857142857142855	constant	0.42857142857142855	0.5714285714285714	instable	instable_no_stable_identity	instable
uv	RvY_17672-1	14	0.21428571428571427	0.35714285714285715	0.42857142857142855	constant	0.42857142857142855	0.5714285714285714	instable	instable_no_stable_identity	instable
uv	RvY_17673-1	14	0.42857142857142855	0.21428571428571427	0.35714285714285715	up	0.42857142857142855	0.5714285714285714	instable	instable_no_stable_identity	instable
uv	RvY_17677-1	14	0.21428571428571427	0.35714285714285715	0.42857142857142855	constant	0.42857142857142855	0.5714285714285714	instable	instable_no_stable_identity	instable
uv	RvY_17720-1	14	0.21428571428571427	0.35714285714285715	0.42857142857142855	constant	0.42857142857142855	0.5714285714285714	instable	instable_no_stable_identity	instable
uv	RvY_17741	14	0.14285714285714285	0.42857142857142855	0.42857142857142855	mixed	0.42857142857142855	0.5714285714285714	instable	instable_no_stable_identity	instable
uv	RvY_17771	14	0.14285714285714285	0.42857142857142855	0.42857142857142855	mixed	0.42857142857142855	0.5714285714285714	instable	instable_no_stable_identity	instable
uv	RvY_17781-1	14	0.2857142857142857	0.2857142857142857	0.42857142857142855	constant	0.42857142857142855	0.5714285714285714	instable	instable_no_stable_identity	instable
uv	RvY_17794-1	14	0.2857142857142857	0.2857142857142857	0.42857142857142855	constant	0.42857142857142855	0.5714285714285714	instable	instable_no_stable_identity	instable
uv	RvY_17802-1	14	0.21428571428571427	0.42857142857142855	0.35714285714285715	down	0.42857142857142855	0.5714285714285714	instable	instable_no_stable_identity	instable
uv	RvY_17804-1	14	0.42857142857142855	0.35714285714285715	0.21428571428571427	up	0.42857142857142855	0.5714285714285714	instable	instable_no_stable_identity	instable
uv	RvY_17826-1	14	0.2857142857142857	0.2857142857142857	0.42857142857142855	constant	0.42857142857142855	0.5714285714285714	instable	instable_no_stable_identity	instable
uv	RvY_17845-1	14	0.35714285714285715	0.21428571428571427	0.42857142857142855	constant	0.42857142857142855	0.5714285714285714	instable	instable_no_stable_identity	instable
uv	RvY_17862-1	14	0.14285714285714285	0.42857142857142855	0.42857142857142855	mixed	0.42857142857142855	0.5714285714285714	instable	instable_no_stable_identity	instable
uv	RvY_17873-1	14	0.14285714285714285	0.42857142857142855	0.42857142857142855	mixed	0.42857142857142855	0.5714285714285714	instable	instable_no_stable_identity	instable
uv	RvY_17877-1	14	0.2857142857142857	0.2857142857142857	0.42857142857142855	constant	0.42857142857142855	0.5714285714285714	instable	instable_no_stable_identity	instable
uv	RvY_17903-1	14	0.2857142857142857	0.2857142857142857	0.42857142857142855	constant	0.42857142857142855	0.5714285714285714	instable	instable_no_stable_identity	instable
uv	RvY_17911-1	14	0.2857142857142857	0.42857142857142855	0.2857142857142857	down	0.42857142857142855	0.5714285714285714	instable	instable_no_stable_identity	instable
uv	RvY_17919	14	0.42857142857142855	0.14285714285714285	0.42857142857142855	mixed	0.42857142857142855	0.5714285714285714	instable	instable_no_stable_identity	instable
uv	RvY_17920-1	14	0.21428571428571427	0.35714285714285715	0.42857142857142855	constant	0.42857142857142855	0.5714285714285714	instable	instable_no_stable_identity	instable
uv	RvY_17934	14	0.35714285714285715	0.21428571428571427	0.42857142857142855	constant	0.42857142857142855	0.5714285714285714	instable	instable_no_stable_identity	instable
uv	RvY_17952	14	0.42857142857142855	0.14285714285714285	0.42857142857142855	mixed	0.42857142857142855	0.5714285714285714	instable	instable_no_stable_identity	instable
uv	RvY_17987	14	0.35714285714285715	0.21428571428571427	0.42857142857142855	constant	0.42857142857142855	0.5714285714285714	instable	instable_no_stable_identity	instable
uv	RvY_18048-1	14	0.2857142857142857	0.42857142857142855	0.2857142857142857	down	0.42857142857142855	0.5714285714285714	instable	instable_no_stable_identity	instable
uv	RvY_18078	14	0.42857142857142855	0.21428571428571427	0.35714285714285715	up	0.42857142857142855	0.5714285714285714	instable	instable_no_stable_identity	instable
uv	RvY_18086-1	14	0.42857142857142855	0.14285714285714285	0.42857142857142855	mixed	0.42857142857142855	0.5714285714285714	instable	instable_no_stable_identity	instable
uv	RvY_18102-1	14	0.35714285714285715	0.21428571428571427	0.42857142857142855	constant	0.42857142857142855	0.5714285714285714	instable	instable_no_stable_identity	instable
uv	RvY_18103-1	14	0.21428571428571427	0.35714285714285715	0.42857142857142855	constant	0.42857142857142855	0.5714285714285714	instable	instable_no_stable_identity	instable
uv	RvY_18116-1	14	0.42857142857142855	0.21428571428571427	0.35714285714285715	up	0.42857142857142855	0.5714285714285714	instable	instable_no_stable_identity	instable
uv	RvY_18200	14	0.42857142857142855	0.21428571428571427	0.35714285714285715	up	0.42857142857142855	0.5714285714285714	instable	instable_no_stable_identity	instable
uv	RvY_18222-1	14	0.35714285714285715	0.21428571428571427	0.42857142857142855	constant	0.42857142857142855	0.5714285714285714	instable	instable_no_stable_identity	instable
uv	RvY_18300	14	0.21428571428571427	0.42857142857142855	0.35714285714285715	down	0.42857142857142855	0.5714285714285714	instable	instable_no_stable_identity	instable
uv	RvY_18332-1	14	0.2857142857142857	0.2857142857142857	0.42857142857142855	constant	0.42857142857142855	0.5714285714285714	instable	instable_no_stable_identity	instable
uv	RvY_18381-1	14	0.2857142857142857	0.2857142857142857	0.42857142857142855	constant	0.42857142857142855	0.5714285714285714	instable	instable_no_stable_identity	instable
uv	RvY_18425-1	14	0.42857142857142855	0.21428571428571427	0.35714285714285715	up	0.42857142857142855	0.5714285714285714	instable	instable_no_stable_identity	instable
uv	RvY_18427-1	14	0.21428571428571427	0.35714285714285715	0.42857142857142855	constant	0.42857142857142855	0.5714285714285714	instable	instable_no_stable_identity	instable
uv	RvY_18441-1	14	0.42857142857142855	0.2857142857142857	0.2857142857142857	up	0.42857142857142855	0.5714285714285714	instable	instable_no_stable_identity	instable
uv	RvY_18453-1	14	0.42857142857142855	0.14285714285714285	0.42857142857142855	mixed	0.42857142857142855	0.5714285714285714	instable	instable_no_stable_identity	instable
uv	RvY_18459-1	14	0.35714285714285715	0.21428571428571427	0.42857142857142855	constant	0.42857142857142855	0.5714285714285714	instable	instable_no_stable_identity	instable
uv	RvY_18478-1	14	0.35714285714285715	0.21428571428571427	0.42857142857142855	constant	0.42857142857142855	0.5714285714285714	instable	instable_no_stable_identity	instable
uv	RvY_18493	14	0.21428571428571427	0.35714285714285715	0.42857142857142855	constant	0.42857142857142855	0.5714285714285714	instable	instable_no_stable_identity	instable
uv	RvY_18535	14	0.2857142857142857	0.2857142857142857	0.42857142857142855	constant	0.42857142857142855	0.5714285714285714	instable	instable_no_stable_identity	instable
uv	RvY_18583	14	0.2857142857142857	0.2857142857142857	0.42857142857142855	constant	0.42857142857142855	0.5714285714285714	instable	instable_no_stable_identity	instable
uv	RvY_18596-1	14	0.42857142857142855	0.14285714285714285	0.42857142857142855	mixed	0.42857142857142855	0.5714285714285714	instable	instable_no_stable_identity	instable
uv	RvY_18606-1	14	0.21428571428571427	0.35714285714285715	0.42857142857142855	constant	0.42857142857142855	0.5714285714285714	instable	instable_no_stable_identity	instable
uv	RvY_18674-1	14	0.21428571428571427	0.35714285714285715	0.42857142857142855	constant	0.42857142857142855	0.5714285714285714	instable	instable_no_stable_identity	instable
uv	RvY_18675-1	14	0.2857142857142857	0.2857142857142857	0.42857142857142855	constant	0.42857142857142855	0.5714285714285714	instable	instable_no_stable_identity	instable
uv	RvY_18676-1	14	0.42857142857142855	0.14285714285714285	0.42857142857142855	mixed	0.42857142857142855	0.5714285714285714	instable	instable_no_stable_identity	instable
uv	RvY_18754-1	14	0.14285714285714285	0.42857142857142855	0.42857142857142855	mixed	0.42857142857142855	0.5714285714285714	instable	instable_no_stable_identity	instable
uv	RvY_18779-1	14	0.42857142857142855	0.21428571428571427	0.35714285714285715	up	0.42857142857142855	0.5714285714285714	instable	instable_no_stable_identity	instable
uv	RvY_18786-1	14	0.2857142857142857	0.2857142857142857	0.42857142857142855	constant	0.42857142857142855	0.5714285714285714	instable	instable_no_stable_identity	instable
uv	RvY_18797	14	0.42857142857142855	0.14285714285714285	0.42857142857142855	mixed	0.42857142857142855	0.5714285714285714	instable	instable_no_stable_identity	instable
uv	RvY_18810	14	0.42857142857142855	0.14285714285714285	0.42857142857142855	mixed	0.42857142857142855	0.5714285714285714	instable	instable_no_stable_identity	instable
uv	RvY_18871-1	14	0.14285714285714285	0.42857142857142855	0.42857142857142855	mixed	0.42857142857142855	0.5714285714285714	instable	instable_no_stable_identity	instable
uv	RvY_18969-1	14	0.35714285714285715	0.21428571428571427	0.42857142857142855	constant	0.42857142857142855	0.5714285714285714	instable	instable_no_stable_identity	instable
uv	RvY_18994-1	14	0.42857142857142855	0.42857142857142855	0.14285714285714285	mixed	0.42857142857142855	0.5714285714285714	instable	instable_no_stable_identity	instable
uv	RvY_19039	14	0.2857142857142857	0.42857142857142855	0.2857142857142857	down	0.42857142857142855	0.5714285714285714	instable	instable_no_stable_identity	instable
uv	RvY_19042-1	14	0.42857142857142855	0.21428571428571427	0.35714285714285715	up	0.42857142857142855	0.5714285714285714	instable	instable_no_stable_identity	instable
uv	RvY_19088-1	14	0.21428571428571427	0.42857142857142855	0.35714285714285715	down	0.42857142857142855	0.5714285714285714	instable	instable_no_stable_identity	instable
uv	RvY_19103-1	14	0.42857142857142855	0.14285714285714285	0.42857142857142855	mixed	0.42857142857142855	0.5714285714285714	instable	instable_no_stable_identity	instable
uv	RvY_19152-1	14	0.42857142857142855	0.21428571428571427	0.35714285714285715	up	0.42857142857142855	0.5714285714285714	instable	instable_no_stable_identity	instable
uv	RvY_19186-1	14	0.42857142857142855	0.35714285714285715	0.21428571428571427	up	0.42857142857142855	0.5714285714285714	instable	instable_no_stable_identity	instable
uv	RvY_19208-1	14	0.21428571428571427	0.42857142857142855	0.35714285714285715	down	0.42857142857142855	0.5714285714285714	instable	instable_no_stable_identity	instable
uv	RvY_19264-1	14	0.42857142857142855	0.21428571428571427	0.35714285714285715	up	0.42857142857142855	0.5714285714285714	instable	instable_no_stable_identity	instable
uv	RvY_19266-1	14	0.21428571428571427	0.35714285714285715	0.42857142857142855	constant	0.42857142857142855	0.5714285714285714	instable	instable_no_stable_identity	instable
uv	RvY_19307	14	0.42857142857142855	0.35714285714285715	0.21428571428571427	up	0.42857142857142855	0.5714285714285714	instable	instable_no_stable_identity	instable
uv	RvY_19345	14	0.35714285714285715	0.21428571428571427	0.42857142857142855	constant	0.42857142857142855	0.5714285714285714	instable	instable_no_stable_identity	instable
uv	RvY_19355-1	14	0.42857142857142855	0.14285714285714285	0.42857142857142855	mixed	0.42857142857142855	0.5714285714285714	instable	instable_no_stable_identity	instable
uv	RvY_19388-1	14	0.21428571428571427	0.42857142857142855	0.35714285714285715	down	0.42857142857142855	0.5714285714285714	instable	instable_no_stable_identity	instable
uv	RvY_19392-1	14	0.35714285714285715	0.21428571428571427	0.42857142857142855	constant	0.42857142857142855	0.5714285714285714	instable	instable_no_stable_identity	instable
uv	RvY_19459-1	14	0.35714285714285715	0.21428571428571427	0.42857142857142855	constant	0.42857142857142855	0.5714285714285714	instable	instable_no_stable_identity	instable
uv	RvY_19467-1	14	0.42857142857142855	0.14285714285714285	0.42857142857142855	mixed	0.42857142857142855	0.5714285714285714	instable	instable_no_stable_identity	instable
uv	RvY_19500-1	14	0.21428571428571427	0.42857142857142855	0.35714285714285715	down	0.42857142857142855	0.5714285714285714	instable	instable_no_stable_identity	instable
uv	RvY_19533-1	14	0.21428571428571427	0.35714285714285715	0.42857142857142855	constant	0.42857142857142855	0.5714285714285714	instable	instable_no_stable_identity	instable
uv	RvY_19540-1	14	0.21428571428571427	0.35714285714285715	0.42857142857142855	constant	0.42857142857142855	0.5714285714285714	instable	instable_no_stable_identity	instable
uv	RvY_19590-1	14	0.35714285714285715	0.21428571428571427	0.42857142857142855	constant	0.42857142857142855	0.5714285714285714	instable	instable_no_stable_identity	instable
uv	cox3	14	0.14285714285714285	0.42857142857142855	0.42857142857142855	mixed	0.42857142857142855	0.5714285714285714	instable	instable_no_stable_identity	instable
uv	nad4	14	0.21428571428571427	0.42857142857142855	0.35714285714285715	down	0.42857142857142855	0.5714285714285714	instable	instable_no_stable_identity	instable
uv	nad5	14	0.21428571428571427	0.42857142857142855	0.35714285714285715	down	0.42857142857142855	0.5714285714285714	instable	instable_no_stable_identity	instable
uv	RvY_00021-1	14	0.14285714285714285	0.35714285714285715	0.5	constant	0.5	0.5	instable	instable_no_stable_identity	instable
uv	RvY_00030-1	14	0.07142857142857142	0.42857142857142855	0.5	constant	0.5	0.5	instable	instable_no_stable_identity	instable
uv	RvY_00046-1	14	0.07142857142857142	0.42857142857142855	0.5	constant	0.5	0.5	instable	instable_no_stable_identity	instable
uv	RvY_00074	14	0	0.5	0.5	mixed	0.5	0.5	instable	instable_no_stable_identity	instable
uv	RvY_00081	14	0.5	0.07142857142857142	0.42857142857142855	up	0.5	0.5	instable	instable_no_stable_identity	instable
uv	RvY_00090-1	14	0.07142857142857142	0.42857142857142855	0.5	constant	0.5	0.5	instable	instable_no_stable_identity	instable
uv	RvY_00099-1	14	0.42857142857142855	0.07142857142857142	0.5	constant	0.5	0.5	instable	instable_no_stable_identity	instable
uv	RvY_00163-1	14	0.42857142857142855	0.07142857142857142	0.5	constant	0.5	0.5	instable	instable_no_stable_identity	instable
uv	RvY_00166-1	14	0.5	0	0.5	mixed	0.5	0.5	instable	instable_no_stable_identity	instable
uv	RvY_00170-1	14	0.2857142857142857	0.5	0.21428571428571427	down	0.5	0.5	instable	instable_no_stable_identity	instable
uv	RvY_00171-1	14	0.21428571428571427	0.2857142857142857	0.5	constant	0.5	0.5	instable	instable_no_stable_identity	instable
uv	RvY_00182-1	14	0.5	0	0.5	mixed	0.5	0.5	instable	instable_no_stable_identity	instable
uv	RvY_00194-1	14	0.5	0	0.5	mixed	0.5	0.5	instable	instable_no_stable_identity	instable
uv	RvY_00197-1	14	0.21428571428571427	0.2857142857142857	0.5	constant	0.5	0.5	instable	instable_no_stable_identity	instable
uv	RvY_00230-1	14	0.5	0	0.5	mixed	0.5	0.5	instable	instable_no_stable_identity	instable
uv	RvY_00232	14	0	0.5	0.5	mixed	0.5	0.5	instable	instable_no_stable_identity	instable
uv	RvY_00237-1	14	0.35714285714285715	0.14285714285714285	0.5	constant	0.5	0.5	instable	instable_no_stable_identity	instable
uv	RvY_00248	14	0.21428571428571427	0.2857142857142857	0.5	constant	0.5	0.5	instable	instable_no_stable_identity	instable
uv	RvY_00249	14	0.5	0	0.5	mixed	0.5	0.5	instable	instable_no_stable_identity	instable
uv	RvY_00261-1	14	0.2857142857142857	0.21428571428571427	0.5	constant	0.5	0.5	instable	instable_no_stable_identity	instable
uv	RvY_00296-1	14	0.5	0	0.5	mixed	0.5	0.5	instable	instable_no_stable_identity	instable
uv	RvY_00300-1	14	0.07142857142857142	0.5	0.42857142857142855	down	0.5	0.5	instable	instable_no_stable_identity	instable
uv	RvY_00314-1	14	0.42857142857142855	0.07142857142857142	0.5	constant	0.5	0.5	instable	instable_no_stable_identity	instable
uv	RvY_00316-1	14	0.21428571428571427	0.2857142857142857	0.5	constant	0.5	0.5	instable	instable_no_stable_identity	instable
uv	RvY_00324-1	14	0.21428571428571427	0.2857142857142857	0.5	constant	0.5	0.5	instable	instable_no_stable_identity	instable
uv	RvY_00328-1	14	0.42857142857142855	0.07142857142857142	0.5	constant	0.5	0.5	instable	instable_no_stable_identity	instable
uv	RvY_00337-1	14	0.21428571428571427	0.2857142857142857	0.5	constant	0.5	0.5	instable	instable_no_stable_identity	instable
uv	RvY_00340-1	14	0.21428571428571427	0.2857142857142857	0.5	constant	0.5	0.5	instable	instable_no_stable_identity	instable
uv	RvY_00361-1	14	0.5	0	0.5	mixed	0.5	0.5	instable	instable_no_stable_identity	instable
uv	RvY_00370-1	14	0.5	0.14285714285714285	0.35714285714285715	up	0.5	0.5	instable	instable_no_stable_identity	instable
uv	RvY_00374-1	14	0.42857142857142855	0.07142857142857142	0.5	constant	0.5	0.5	instable	instable_no_stable_identity	instable
uv	RvY_00375-1	14	0.21428571428571427	0.2857142857142857	0.5	constant	0.5	0.5	instable	instable_no_stable_identity	instable
uv	RvY_00387-1	14	0.14285714285714285	0.35714285714285715	0.5	constant	0.5	0.5	instable	instable_no_stable_identity	instable
uv	RvY_00399-1	14	0.42857142857142855	0.07142857142857142	0.5	constant	0.5	0.5	instable	instable_no_stable_identity	instable
uv	RvY_00404-1	14	0	0.5	0.5	mixed	0.5	0.5	instable	instable_no_stable_identity	instable
uv	RvY_00436-1	14	0.2857142857142857	0.5	0.21428571428571427	down	0.5	0.5	instable	instable_no_stable_identity	instable
uv	RvY_00442-1	14	0.5	0	0.5	mixed	0.5	0.5	instable	instable_no_stable_identity	instable
uv	RvY_00443-1	14	0.5	0	0.5	mixed	0.5	0.5	instable	instable_no_stable_identity	instable
uv	RvY_00454	14	0.2857142857142857	0.21428571428571427	0.5	constant	0.5	0.5	instable	instable_no_stable_identity	instable
uv	RvY_00464-1	14	0.5	0	0.5	mixed	0.5	0.5	instable	instable_no_stable_identity	instable
uv	RvY_00484-1	14	0.07142857142857142	0.5	0.42857142857142855	down	0.5	0.5	instable	instable_no_stable_identity	instable
uv	RvY_00490-1	14	0.07142857142857142	0.42857142857142855	0.5	constant	0.5	0.5	instable	instable_no_stable_identity	instable
uv	RvY_00491-1	14	0.35714285714285715	0.14285714285714285	0.5	constant	0.5	0.5	instable	instable_no_stable_identity	instable
uv	RvY_00492-1	14	0.2857142857142857	0.21428571428571427	0.5	constant	0.5	0.5	instable	instable_no_stable_identity	instable
uv	RvY_00495-1	14	0.5	0.14285714285714285	0.35714285714285715	up	0.5	0.5	instable	instable_no_stable_identity	instable
uv	RvY_00496-1	14	0.07142857142857142	0.42857142857142855	0.5	constant	0.5	0.5	instable	instable_no_stable_identity	instable
uv	RvY_00508-1	14	0	0.5	0.5	mixed	0.5	0.5	instable	instable_no_stable_identity	instable
uv	RvY_00509-1	14	0.2857142857142857	0.21428571428571427	0.5	constant	0.5	0.5	instable	instable_no_stable_identity	instable
uv	RvY_00526-1	14	0.35714285714285715	0.14285714285714285	0.5	constant	0.5	0.5	instable	instable_no_stable_identity	instable
uv	RvY_00530-1	14	0.42857142857142855	0.07142857142857142	0.5	constant	0.5	0.5	instable	instable_no_stable_identity	instable
uv	RvY_00553	14	0.21428571428571427	0.2857142857142857	0.5	constant	0.5	0.5	instable	instable_no_stable_identity	instable
uv	RvY_00554-1	14	0.07142857142857142	0.42857142857142855	0.5	constant	0.5	0.5	instable	instable_no_stable_identity	instable
uv	RvY_00570	14	0.5	0.14285714285714285	0.35714285714285715	up	0.5	0.5	instable	instable_no_stable_identity	instable
uv	RvY_00573-1	14	0.07142857142857142	0.42857142857142855	0.5	constant	0.5	0.5	instable	instable_no_stable_identity	instable
uv	RvY_00596-1	14	0.07142857142857142	0.42857142857142855	0.5	constant	0.5	0.5	instable	instable_no_stable_identity	instable
uv	RvY_00616-1	14	0.07142857142857142	0.5	0.42857142857142855	down	0.5	0.5	instable	instable_no_stable_identity	instable
uv	RvY_00636-1	14	0.5	0.14285714285714285	0.35714285714285715	up	0.5	0.5	instable	instable_no_stable_identity	instable
uv	RvY_00641-1	14	0	0.5	0.5	mixed	0.5	0.5	instable	instable_no_stable_identity	instable
uv	RvY_00643-1	14	0.5	0.21428571428571427	0.2857142857142857	up	0.5	0.5	instable	instable_no_stable_identity	instable
uv	RvY_00648-1	14	0.07142857142857142	0.42857142857142855	0.5	constant	0.5	0.5	instable	instable_no_stable_identity	instable
uv	RvY_00650-1	14	0.5	0	0.5	mixed	0.5	0.5	instable	instable_no_stable_identity	instable
uv	RvY_00657-1	14	0.14285714285714285	0.35714285714285715	0.5	constant	0.5	0.5	instable	instable_no_stable_identity	instable
uv	RvY_00659	14	0	0.5	0.5	mixed	0.5	0.5	instable	instable_no_stable_identity	instable
uv	RvY_00663	14	0.21428571428571427	0.2857142857142857	0.5	constant	0.5	0.5	instable	instable_no_stable_identity	instable
uv	RvY_00722-1	14	0.2857142857142857	0.21428571428571427	0.5	constant	0.5	0.5	instable	instable_no_stable_identity	instable
uv	RvY_00747-1	14	0.5	0.07142857142857142	0.42857142857142855	up	0.5	0.5	instable	instable_no_stable_identity	instable
uv	RvY_00748-1	14	0.07142857142857142	0.42857142857142855	0.5	constant	0.5	0.5	instable	instable_no_stable_identity	instable
uv	RvY_00749-1	14	0.42857142857142855	0.07142857142857142	0.5	constant	0.5	0.5	instable	instable_no_stable_identity	instable
uv	RvY_00752-1	14	0.2857142857142857	0.5	0.21428571428571427	down	0.5	0.5	instable	instable_no_stable_identity	instable
uv	RvY_00754-1	14	0.07142857142857142	0.42857142857142855	0.5	constant	0.5	0.5	instable	instable_no_stable_identity	instable
uv	RvY_00758-1	14	0.21428571428571427	0.2857142857142857	0.5	constant	0.5	0.5	instable	instable_no_stable_identity	instable
uv	RvY_00766-1	14	0.2857142857142857	0.21428571428571427	0.5	constant	0.5	0.5	instable	instable_no_stable_identity	instable
uv	RvY_00776-1	14	0.07142857142857142	0.42857142857142855	0.5	constant	0.5	0.5	instable	instable_no_stable_identity	instable
uv	RvY_00790-1	14	0.21428571428571427	0.5	0.2857142857142857	down	0.5	0.5	instable	instable_no_stable_identity	instable
uv	RvY_00791-1	14	0.07142857142857142	0.42857142857142855	0.5	constant	0.5	0.5	instable	instable_no_stable_identity	instable
uv	RvY_00795-1	14	0.2857142857142857	0.21428571428571427	0.5	constant	0.5	0.5	instable	instable_no_stable_identity	instable
uv	RvY_00798-1	14	0.42857142857142855	0.07142857142857142	0.5	constant	0.5	0.5	instable	instable_no_stable_identity	instable
uv	RvY_00817	14	0	0.5	0.5	mixed	0.5	0.5	instable	instable_no_stable_identity	instable
uv	RvY_00833-1	14	0.07142857142857142	0.5	0.42857142857142855	down	0.5	0.5	instable	instable_no_stable_identity	instable
uv	RvY_00836-1	14	0	0.5	0.5	mixed	0.5	0.5	instable	instable_no_stable_identity	instable
uv	RvY_00837	14	0.5	0	0.5	mixed	0.5	0.5	instable	instable_no_stable_identity	instable
uv	RvY_00839	14	0.07142857142857142	0.42857142857142855	0.5	constant	0.5	0.5	instable	instable_no_stable_identity	instable
uv	RvY_00840-1	14	0	0.5	0.5	mixed	0.5	0.5	instable	instable_no_stable_identity	instable
uv	RvY_00844-1	14	0.5	0.42857142857142855	0.07142857142857142	up	0.5	0.5	instable	instable_no_stable_identity	instable
uv	RvY_00858-1	14	0.5	0.07142857142857142	0.42857142857142855	up	0.5	0.5	instable	instable_no_stable_identity	instable
uv	RvY_00859-1	14	0.5	0.21428571428571427	0.2857142857142857	up	0.5	0.5	instable	instable_no_stable_identity	instable
uv	RvY_00861-1	14	0.5	0	0.5	mixed	0.5	0.5	instable	instable_no_stable_identity	instable
uv	RvY_00865-1	14	0.35714285714285715	0.14285714285714285	0.5	constant	0.5	0.5	instable	instable_no_stable_identity	instable
uv	RvY_00870-1	14	0.5	0	0.5	mixed	0.5	0.5	instable	instable_no_stable_identity	instable
uv	RvY_00878-1	14	0.5	0	0.5	mixed	0.5	0.5	instable	instable_no_stable_identity	instable
uv	RvY_00883-1	14	0.42857142857142855	0.07142857142857142	0.5	constant	0.5	0.5	instable	instable_no_stable_identity	instable
uv	RvY_00893-1	14	0.2857142857142857	0.21428571428571427	0.5	constant	0.5	0.5	instable	instable_no_stable_identity	instable
uv	RvY_00896-1	14	0.5	0.07142857142857142	0.42857142857142855	up	0.5	0.5	instable	instable_no_stable_identity	instable
uv	RvY_00898-1	14	0	0.5	0.5	mixed	0.5	0.5	instable	instable_no_stable_identity	instable
uv	RvY_00920-1	14	0.2857142857142857	0.21428571428571427	0.5	constant	0.5	0.5	instable	instable_no_stable_identity	instable
uv	RvY_00926-1	14	0	0.5	0.5	mixed	0.5	0.5	instable	instable_no_stable_identity	instable
uv	RvY_00929-1	14	0.21428571428571427	0.5	0.2857142857142857	down	0.5	0.5	instable	instable_no_stable_identity	instable
uv	RvY_00941-1	14	0.5	0.14285714285714285	0.35714285714285715	up	0.5	0.5	instable	instable_no_stable_identity	instable
uv	RvY_00950	14	0	0.5	0.5	mixed	0.5	0.5	instable	instable_no_stable_identity	instable
uv	RvY_00954-1	14	0.5	0	0.5	mixed	0.5	0.5	instable	instable_no_stable_identity	instable
uv	RvY_00956-1	14	0.5	0	0.5	mixed	0.5	0.5	instable	instable_no_stable_identity	instable
uv	RvY_00962-1	14	0.21428571428571427	0.2857142857142857	0.5	constant	0.5	0.5	instable	instable_no_stable_identity	instable
uv	RvY_00965-1	14	0.2857142857142857	0.21428571428571427	0.5	constant	0.5	0.5	instable	instable_no_stable_identity	instable
uv	RvY_00969-1	14	0.35714285714285715	0.14285714285714285	0.5	constant	0.5	0.5	instable	instable_no_stable_identity	instable
uv	RvY_00973-1	14	0.14285714285714285	0.5	0.35714285714285715	down	0.5	0.5	instable	instable_no_stable_identity	instable
uv	RvY_00974-1	14	0.21428571428571427	0.5	0.2857142857142857	down	0.5	0.5	instable	instable_no_stable_identity	instable
uv	RvY_00997-1	14	0.07142857142857142	0.42857142857142855	0.5	constant	0.5	0.5	instable	instable_no_stable_identity	instable
uv	RvY_01000-1	14	0	0.5	0.5	mixed	0.5	0.5	instable	instable_no_stable_identity	instable
uv	RvY_01025-1	14	0.07142857142857142	0.5	0.42857142857142855	down	0.5	0.5	instable	instable_no_stable_identity	instable
uv	RvY_01043-1	14	0.14285714285714285	0.35714285714285715	0.5	constant	0.5	0.5	instable	instable_no_stable_identity	instable
uv	RvY_01048-1	14	0.5	0	0.5	mixed	0.5	0.5	instable	instable_no_stable_identity	instable
uv	RvY_01052-1	14	0.07142857142857142	0.5	0.42857142857142855	down	0.5	0.5	instable	instable_no_stable_identity	instable
uv	RvY_01054-1	14	0.42857142857142855	0.07142857142857142	0.5	constant	0.5	0.5	instable	instable_no_stable_identity	instable
uv	RvY_01057	14	0.14285714285714285	0.5	0.35714285714285715	down	0.5	0.5	instable	instable_no_stable_identity	instable
uv	RvY_01072-1	14	0.21428571428571427	0.2857142857142857	0.5	constant	0.5	0.5	instable	instable_no_stable_identity	instable
uv	RvY_01083-1	14	0.42857142857142855	0.07142857142857142	0.5	constant	0.5	0.5	instable	instable_no_stable_identity	instable
uv	RvY_01094-1	14	0.42857142857142855	0.07142857142857142	0.5	constant	0.5	0.5	instable	instable_no_stable_identity	instable
uv	RvY_01098-1	14	0.2857142857142857	0.5	0.21428571428571427	down	0.5	0.5	instable	instable_no_stable_identity	instable
uv	RvY_01099-1	14	0.5	0.07142857142857142	0.42857142857142855	up	0.5	0.5	instable	instable_no_stable_identity	instable
uv	RvY_01126-1	14	0.07142857142857142	0.5	0.42857142857142855	down	0.5	0.5	instable	instable_no_stable_identity	instable
uv	RvY_01144-1	14	0.14285714285714285	0.5	0.35714285714285715	down	0.5	0.5	instable	instable_no_stable_identity	instable
uv	RvY_01179	14	0	0.5	0.5	mixed	0.5	0.5	instable	instable_no_stable_identity	instable
uv	RvY_01184-1	14	0.2857142857142857	0.21428571428571427	0.5	constant	0.5	0.5	instable	instable_no_stable_identity	instable
uv	RvY_01196-1	14	0.2857142857142857	0.5	0.21428571428571427	down	0.5	0.5	instable	instable_no_stable_identity	instable
uv	RvY_01200-1	14	0	0.5	0.5	mixed	0.5	0.5	instable	instable_no_stable_identity	instable
uv	RvY_01201-1	14	0.14285714285714285	0.35714285714285715	0.5	constant	0.5	0.5	instable	instable_no_stable_identity	instable
uv	RvY_01225-1	14	0.35714285714285715	0.14285714285714285	0.5	constant	0.5	0.5	instable	instable_no_stable_identity	instable
uv	RvY_01232-1	14	0.14285714285714285	0.35714285714285715	0.5	constant	0.5	0.5	instable	instable_no_stable_identity	instable
uv	RvY_01242-1	14	0	0.5	0.5	mixed	0.5	0.5	instable	instable_no_stable_identity	instable
uv	RvY_01249-1	14	0.21428571428571427	0.2857142857142857	0.5	constant	0.5	0.5	instable	instable_no_stable_identity	instable
uv	RvY_01257	14	0.14285714285714285	0.35714285714285715	0.5	constant	0.5	0.5	instable	instable_no_stable_identity	instable
uv	RvY_01264	14	0	0.5	0.5	mixed	0.5	0.5	instable	instable_no_stable_identity	instable
uv	RvY_01288	14	0	0.5	0.5	mixed	0.5	0.5	instable	instable_no_stable_identity	instable
uv	RvY_01294-1	14	0.2857142857142857	0.5	0.21428571428571427	down	0.5	0.5	instable	instable_no_stable_identity	instable
uv	RvY_01308-1	14	0.5	0	0.5	mixed	0.5	0.5	instable	instable_no_stable_identity	instable
uv	RvY_01340	14	0.35714285714285715	0.14285714285714285	0.5	constant	0.5	0.5	instable	instable_no_stable_identity	instable
uv	RvY_01343-1	14	0.35714285714285715	0.14285714285714285	0.5	constant	0.5	0.5	instable	instable_no_stable_identity	instable
uv	RvY_01344-1	14	0.21428571428571427	0.2857142857142857	0.5	constant	0.5	0.5	instable	instable_no_stable_identity	instable
uv	RvY_01360-1	14	0.14285714285714285	0.35714285714285715	0.5	constant	0.5	0.5	instable	instable_no_stable_identity	instable
uv	RvY_01362-1	14	0.5	0	0.5	mixed	0.5	0.5	instable	instable_no_stable_identity	instable
uv	RvY_01372-1	14	0.5	0.21428571428571427	0.2857142857142857	up	0.5	0.5	instable	instable_no_stable_identity	instable
uv	RvY_01388-1	14	0.5	0.14285714285714285	0.35714285714285715	up	0.5	0.5	instable	instable_no_stable_identity	instable
uv	RvY_01391	14	0.5	0	0.5	mixed	0.5	0.5	instable	instable_no_stable_identity	instable
uv	RvY_01395-1	14	0.07142857142857142	0.5	0.42857142857142855	down	0.5	0.5	instable	instable_no_stable_identity	instable
uv	RvY_01417-1	14	0.21428571428571427	0.5	0.2857142857142857	down	0.5	0.5	instable	instable_no_stable_identity	instable
uv	RvY_01421-1	14	0	0.5	0.5	mixed	0.5	0.5	instable	instable_no_stable_identity	instable
uv	RvY_01436	14	0	0.5	0.5	mixed	0.5	0.5	instable	instable_no_stable_identity	instable
uv	RvY_01437-1	14	0	0.5	0.5	mixed	0.5	0.5	instable	instable_no_stable_identity	instable
uv	RvY_01444	14	0.5	0	0.5	mixed	0.5	0.5	instable	instable_no_stable_identity	instable
uv	RvY_01469-1	14	0.5	0.07142857142857142	0.42857142857142855	up	0.5	0.5	instable	instable_no_stable_identity	instable
uv	RvY_01475-1	14	0.14285714285714285	0.35714285714285715	0.5	constant	0.5	0.5	instable	instable_no_stable_identity	instable
uv	RvY_01478	14	0.07142857142857142	0.42857142857142855	0.5	constant	0.5	0.5	instable	instable_no_stable_identity	instable
uv	RvY_01488-1	14	0.42857142857142855	0.07142857142857142	0.5	constant	0.5	0.5	instable	instable_no_stable_identity	instable
uv	RvY_01489-1	14	0.5	0.07142857142857142	0.42857142857142855	up	0.5	0.5	instable	instable_no_stable_identity	instable
uv	RvY_01492-1	14	0.14285714285714285	0.35714285714285715	0.5	constant	0.5	0.5	instable	instable_no_stable_identity	instable
uv	RvY_01495-1	14	0	0.5	0.5	mixed	0.5	0.5	instable	instable_no_stable_identity	instable
uv	RvY_01504-1	14	0.5	0	0.5	mixed	0.5	0.5	instable	instable_no_stable_identity	instable
uv	RvY_01507-1	14	0.5	0.07142857142857142	0.42857142857142855	up	0.5	0.5	instable	instable_no_stable_identity	instable
uv	RvY_01513-1	14	0.35714285714285715	0.14285714285714285	0.5	constant	0.5	0.5	instable	instable_no_stable_identity	instable
uv	RvY_01535-1	14	0	0.5	0.5	mixed	0.5	0.5	instable	instable_no_stable_identity	instable
uv	RvY_01545	14	0.5	0	0.5	mixed	0.5	0.5	instable	instable_no_stable_identity	instable
uv	RvY_01551-1	14	0.14285714285714285	0.35714285714285715	0.5	constant	0.5	0.5	instable	instable_no_stable_identity	instable
uv	RvY_01562-1	14	0.14285714285714285	0.5	0.35714285714285715	down	0.5	0.5	instable	instable_no_stable_identity	instable
uv	RvY_01568-1	14	0.35714285714285715	0.14285714285714285	0.5	constant	0.5	0.5	instable	instable_no_stable_identity	instable
uv	RvY_01569-1	14	0.5	0.07142857142857142	0.42857142857142855	up	0.5	0.5	instable	instable_no_stable_identity	instable
uv	RvY_01592-1	14	0.42857142857142855	0.07142857142857142	0.5	constant	0.5	0.5	instable	instable_no_stable_identity	instable
uv	RvY_01604-1	14	0	0.5	0.5	mixed	0.5	0.5	instable	instable_no_stable_identity	instable
uv	RvY_01645-1	14	0	0.5	0.5	mixed	0.5	0.5	instable	instable_no_stable_identity	instable
uv	RvY_01658-1	14	0.5	0	0.5	mixed	0.5	0.5	instable	instable_no_stable_identity	instable
uv	RvY_01679	14	0.2857142857142857	0.21428571428571427	0.5	constant	0.5	0.5	instable	instable_no_stable_identity	instable
uv	RvY_01703-1	14	0.5	0.14285714285714285	0.35714285714285715	up	0.5	0.5	instable	instable_no_stable_identity	instable
uv	RvY_01722	14	0	0.5	0.5	mixed	0.5	0.5	instable	instable_no_stable_identity	instable
uv	RvY_01733-1	14	0	0.5	0.5	mixed	0.5	0.5	instable	instable_no_stable_identity	instable
uv	RvY_01754-1	14	0.42857142857142855	0.07142857142857142	0.5	constant	0.5	0.5	instable	instable_no_stable_identity	instable
uv	RvY_01759-1	14	0	0.5	0.5	mixed	0.5	0.5	instable	instable_no_stable_identity	instable
uv	RvY_01816-1	14	0.5	0	0.5	mixed	0.5	0.5	instable	instable_no_stable_identity	instable
uv	RvY_01826-1	14	0.14285714285714285	0.35714285714285715	0.5	constant	0.5	0.5	instable	instable_no_stable_identity	instable
uv	RvY_01833-1	14	0.5	0.21428571428571427	0.2857142857142857	up	0.5	0.5	instable	instable_no_stable_identity	instable
uv	RvY_01836-1	14	0.5	0	0.5	mixed	0.5	0.5	instable	instable_no_stable_identity	instable
uv	RvY_01840	14	0.42857142857142855	0.07142857142857142	0.5	constant	0.5	0.5	instable	instable_no_stable_identity	instable
uv	RvY_01879	14	0.21428571428571427	0.2857142857142857	0.5	constant	0.5	0.5	instable	instable_no_stable_identity	instable
uv	RvY_01890-1	14	0.5	0	0.5	mixed	0.5	0.5	instable	instable_no_stable_identity	instable
uv	RvY_01925	14	0	0.5	0.5	mixed	0.5	0.5	instable	instable_no_stable_identity	instable
uv	RvY_01927-1	14	0.07142857142857142	0.42857142857142855	0.5	constant	0.5	0.5	instable	instable_no_stable_identity	instable
uv	RvY_01929-1	14	0.35714285714285715	0.14285714285714285	0.5	constant	0.5	0.5	instable	instable_no_stable_identity	instable
uv	RvY_01965-1	14	0	0.5	0.5	mixed	0.5	0.5	instable	instable_no_stable_identity	instable
uv	RvY_01968-1	14	0.5	0	0.5	mixed	0.5	0.5	instable	instable_no_stable_identity	instable
uv	RvY_01973-1	14	0.07142857142857142	0.42857142857142855	0.5	constant	0.5	0.5	instable	instable_no_stable_identity	instable
uv	RvY_01982-1	14	0	0.5	0.5	mixed	0.5	0.5	instable	instable_no_stable_identity	instable
uv	RvY_01983-1	14	0.5	0	0.5	mixed	0.5	0.5	instable	instable_no_stable_identity	instable
uv	RvY_01987-1	14	0	0.5	0.5	mixed	0.5	0.5	instable	instable_no_stable_identity	instable
uv	RvY_02064-1	14	0.5	0	0.5	mixed	0.5	0.5	instable	instable_no_stable_identity	instable
uv	RvY_02083	14	0.5	0	0.5	mixed	0.5	0.5	instable	instable_no_stable_identity	instable
uv	RvY_02123-1	14	0.07142857142857142	0.42857142857142855	0.5	constant	0.5	0.5	instable	instable_no_stable_identity	instable
uv	RvY_02126-1	14	0.5	0	0.5	mixed	0.5	0.5	instable	instable_no_stable_identity	instable
uv	RvY_02147-1	14	0	0.5	0.5	mixed	0.5	0.5	instable	instable_no_stable_identity	instable
uv	RvY_02160-1	14	0.5	0	0.5	mixed	0.5	0.5	instable	instable_no_stable_identity	instable
uv	RvY_02169-1	14	0.42857142857142855	0.07142857142857142	0.5	constant	0.5	0.5	instable	instable_no_stable_identity	instable
uv	RvY_02173-1	14	0.5	0.07142857142857142	0.42857142857142855	up	0.5	0.5	instable	instable_no_stable_identity	instable
uv	RvY_02184-1	14	0.5	0.07142857142857142	0.42857142857142855	up	0.5	0.5	instable	instable_no_stable_identity	instable
uv	RvY_02203-1	14	0.5	0.07142857142857142	0.42857142857142855	up	0.5	0.5	instable	instable_no_stable_identity	instable
uv	RvY_02204-1	14	0	0.5	0.5	mixed	0.5	0.5	instable	instable_no_stable_identity	instable
uv	RvY_02211	14	0.42857142857142855	0.07142857142857142	0.5	constant	0.5	0.5	instable	instable_no_stable_identity	instable
uv	RvY_02217	14	0.21428571428571427	0.2857142857142857	0.5	constant	0.5	0.5	instable	instable_no_stable_identity	instable
uv	RvY_02225	14	0.42857142857142855	0.07142857142857142	0.5	constant	0.5	0.5	instable	instable_no_stable_identity	instable
uv	RvY_02230	14	0.14285714285714285	0.35714285714285715	0.5	constant	0.5	0.5	instable	instable_no_stable_identity	instable
uv	RvY_02241	14	0.21428571428571427	0.2857142857142857	0.5	constant	0.5	0.5	instable	instable_no_stable_identity	instable
uv	RvY_02245	14	0.5	0	0.5	mixed	0.5	0.5	instable	instable_no_stable_identity	instable
uv	RvY_02246-1	14	0.5	0.07142857142857142	0.42857142857142855	up	0.5	0.5	instable	instable_no_stable_identity	instable
uv	RvY_02268-1	14	0.35714285714285715	0.5	0.14285714285714285	down	0.5	0.5	instable	instable_no_stable_identity	instable
uv	RvY_02313-1	14	0.35714285714285715	0.14285714285714285	0.5	constant	0.5	0.5	instable	instable_no_stable_identity	instable
uv	RvY_02341-1	14	0.5	0	0.5	mixed	0.5	0.5	instable	instable_no_stable_identity	instable
uv	RvY_02362	14	0.21428571428571427	0.2857142857142857	0.5	constant	0.5	0.5	instable	instable_no_stable_identity	instable
uv	RvY_02364-1	14	0.5	0	0.5	mixed	0.5	0.5	instable	instable_no_stable_identity	instable
uv	RvY_02365-1	14	0.21428571428571427	0.5	0.2857142857142857	down	0.5	0.5	instable	instable_no_stable_identity	instable
uv	RvY_02384	14	0.5	0.21428571428571427	0.2857142857142857	up	0.5	0.5	instable	instable_no_stable_identity	instable
uv	RvY_02391	14	0.2857142857142857	0.21428571428571427	0.5	constant	0.5	0.5	instable	instable_no_stable_identity	instable
uv	RvY_02406-1	14	0.5	0	0.5	mixed	0.5	0.5	instable	instable_no_stable_identity	instable
uv	RvY_02423-1	14	0.2857142857142857	0.21428571428571427	0.5	constant	0.5	0.5	instable	instable_no_stable_identity	instable
uv	RvY_02438-1	14	0.5	0.14285714285714285	0.35714285714285715	up	0.5	0.5	instable	instable_no_stable_identity	instable
uv	RvY_02458-1	14	0.5	0.14285714285714285	0.35714285714285715	up	0.5	0.5	instable	instable_no_stable_identity	instable
uv	RvY_02491-1	14	0.07142857142857142	0.42857142857142855	0.5	constant	0.5	0.5	instable	instable_no_stable_identity	instable
uv	RvY_02494	14	0.5	0.14285714285714285	0.35714285714285715	up	0.5	0.5	instable	instable_no_stable_identity	instable
uv	RvY_02496-1	14	0.5	0	0.5	mixed	0.5	0.5	instable	instable_no_stable_identity	instable
uv	RvY_02499-1	14	0.07142857142857142	0.42857142857142855	0.5	constant	0.5	0.5	instable	instable_no_stable_identity	instable
uv	RvY_02503-1	14	0.35714285714285715	0.14285714285714285	0.5	constant	0.5	0.5	instable	instable_no_stable_identity	instable
uv	RvY_02509-1	14	0.42857142857142855	0.07142857142857142	0.5	constant	0.5	0.5	instable	instable_no_stable_identity	instable
uv	RvY_02511	14	0.07142857142857142	0.5	0.42857142857142855	down	0.5	0.5	instable	instable_no_stable_identity	instable
uv	RvY_02514-1	14	0.42857142857142855	0.07142857142857142	0.5	constant	0.5	0.5	instable	instable_no_stable_identity	instable
uv	RvY_02515-1	14	0.07142857142857142	0.5	0.42857142857142855	down	0.5	0.5	instable	instable_no_stable_identity	instable
uv	RvY_02539-1	14	0	0.5	0.5	mixed	0.5	0.5	instable	instable_no_stable_identity	instable
uv	RvY_02557-1	14	0.07142857142857142	0.42857142857142855	0.5	constant	0.5	0.5	instable	instable_no_stable_identity	instable
uv	RvY_02573-1	14	0.42857142857142855	0.07142857142857142	0.5	constant	0.5	0.5	instable	instable_no_stable_identity	instable
uv	RvY_02587-1	14	0.14285714285714285	0.5	0.35714285714285715	down	0.5	0.5	instable	instable_no_stable_identity	instable
uv	RvY_02608-1	14	0.2857142857142857	0.21428571428571427	0.5	constant	0.5	0.5	instable	instable_no_stable_identity	instable
uv	RvY_02610-1	14	0.42857142857142855	0.07142857142857142	0.5	constant	0.5	0.5	instable	instable_no_stable_identity	instable
uv	RvY_02615-1	14	0.14285714285714285	0.5	0.35714285714285715	down	0.5	0.5	instable	instable_no_stable_identity	instable
uv	RvY_02622-1	14	0.5	0.07142857142857142	0.42857142857142855	up	0.5	0.5	instable	instable_no_stable_identity	instable
uv	RvY_02659	14	0.14285714285714285	0.35714285714285715	0.5	constant	0.5	0.5	instable	instable_no_stable_identity	instable
uv	RvY_02688-1	14	0.5	0	0.5	mixed	0.5	0.5	instable	instable_no_stable_identity	instable
uv	RvY_02706	14	0.5	0.07142857142857142	0.42857142857142855	up	0.5	0.5	instable	instable_no_stable_identity	instable
uv	RvY_02725-1	14	0.5	0	0.5	mixed	0.5	0.5	instable	instable_no_stable_identity	instable
uv	RvY_02738-1	14	0.5	0	0.5	mixed	0.5	0.5	instable	instable_no_stable_identity	instable
uv	RvY_02754-1	14	0.5	0	0.5	mixed	0.5	0.5	instable	instable_no_stable_identity	instable
uv	RvY_02770	14	0.14285714285714285	0.35714285714285715	0.5	constant	0.5	0.5	instable	instable_no_stable_identity	instable
uv	RvY_02793-1	14	0.5	0.07142857142857142	0.42857142857142855	up	0.5	0.5	instable	instable_no_stable_identity	instable
uv	RvY_02803	14	0.07142857142857142	0.5	0.42857142857142855	down	0.5	0.5	instable	instable_no_stable_identity	instable
uv	RvY_02805-1	14	0.5	0	0.5	mixed	0.5	0.5	instable	instable_no_stable_identity	instable
uv	RvY_02806-1	14	0.35714285714285715	0.14285714285714285	0.5	constant	0.5	0.5	instable	instable_no_stable_identity	instable
uv	RvY_02813-0	14	0.42857142857142855	0.07142857142857142	0.5	constant	0.5	0.5	instable	instable_no_stable_identity	instable
uv	RvY_02815-1	14	0	0.5	0.5	mixed	0.5	0.5	instable	instable_no_stable_identity	instable
uv	RvY_02845-1	14	0.21428571428571427	0.2857142857142857	0.5	constant	0.5	0.5	instable	instable_no_stable_identity	instable
uv	RvY_02869	14	0.5	0	0.5	mixed	0.5	0.5	instable	instable_no_stable_identity	instable
uv	RvY_02872-1	14	0.42857142857142855	0.07142857142857142	0.5	constant	0.5	0.5	instable	instable_no_stable_identity	instable
uv	RvY_02880-1	14	0.14285714285714285	0.5	0.35714285714285715	down	0.5	0.5	instable	instable_no_stable_identity	instable
uv	RvY_02892	14	0.14285714285714285	0.5	0.35714285714285715	down	0.5	0.5	instable	instable_no_stable_identity	instable
uv	RvY_02896-1	14	0.14285714285714285	0.35714285714285715	0.5	constant	0.5	0.5	instable	instable_no_stable_identity	instable
uv	RvY_02897-1	14	0.21428571428571427	0.5	0.2857142857142857	down	0.5	0.5	instable	instable_no_stable_identity	instable
uv	RvY_02900	14	0.5	0	0.5	mixed	0.5	0.5	instable	instable_no_stable_identity	instable
uv	RvY_02927-1	14	0.5	0	0.5	mixed	0.5	0.5	instable	instable_no_stable_identity	instable
uv	RvY_02930-1	14	0.5	0.21428571428571427	0.2857142857142857	up	0.5	0.5	instable	instable_no_stable_identity	instable
uv	RvY_02931-1	14	0.42857142857142855	0.07142857142857142	0.5	constant	0.5	0.5	instable	instable_no_stable_identity	instable
uv	RvY_02939	14	0.5	0.21428571428571427	0.2857142857142857	up	0.5	0.5	instable	instable_no_stable_identity	instable
uv	RvY_02951-1	14	0.5	0.21428571428571427	0.2857142857142857	up	0.5	0.5	instable	instable_no_stable_identity	instable
uv	RvY_02955-1	14	0.42857142857142855	0.07142857142857142	0.5	constant	0.5	0.5	instable	instable_no_stable_identity	instable
uv	RvY_02958	14	0.5	0.07142857142857142	0.42857142857142855	up	0.5	0.5	instable	instable_no_stable_identity	instable
uv	RvY_02959-1	14	0	0.5	0.5	mixed	0.5	0.5	instable	instable_no_stable_identity	instable
uv	RvY_02986	14	0.5	0	0.5	mixed	0.5	0.5	instable	instable_no_stable_identity	instable
uv	RvY_03004-1	14	0.2857142857142857	0.21428571428571427	0.5	constant	0.5	0.5	instable	instable_no_stable_identity	instable
uv	RvY_03019-1	14	0.5	0.07142857142857142	0.42857142857142855	up	0.5	0.5	instable	instable_no_stable_identity	instable
uv	RvY_03024-1	14	0.5	0.07142857142857142	0.42857142857142855	up	0.5	0.5	instable	instable_no_stable_identity	instable
uv	RvY_03041-1	14	0.42857142857142855	0.07142857142857142	0.5	constant	0.5	0.5	instable	instable_no_stable_identity	instable
uv	RvY_03058	14	0.07142857142857142	0.42857142857142855	0.5	constant	0.5	0.5	instable	instable_no_stable_identity	instable
uv	RvY_03103-1	14	0	0.5	0.5	mixed	0.5	0.5	instable	instable_no_stable_identity	instable
uv	RvY_03112	14	0.07142857142857142	0.42857142857142855	0.5	constant	0.5	0.5	instable	instable_no_stable_identity	instable
uv	RvY_03115-1	14	0.07142857142857142	0.5	0.42857142857142855	down	0.5	0.5	instable	instable_no_stable_identity	instable
uv	RvY_03151-1	14	0.35714285714285715	0.5	0.14285714285714285	down	0.5	0.5	instable	instable_no_stable_identity	instable
uv	RvY_03155-1	14	0.07142857142857142	0.42857142857142855	0.5	constant	0.5	0.5	instable	instable_no_stable_identity	instable
uv	RvY_03160	14	0.5	0	0.5	mixed	0.5	0.5	instable	instable_no_stable_identity	instable
uv	RvY_03164-1	14	0.14285714285714285	0.5	0.35714285714285715	down	0.5	0.5	instable	instable_no_stable_identity	instable
uv	RvY_03168-1	14	0.5	0.07142857142857142	0.42857142857142855	up	0.5	0.5	instable	instable_no_stable_identity	instable
uv	RvY_03171-1	14	0	0.5	0.5	mixed	0.5	0.5	instable	instable_no_stable_identity	instable
uv	RvY_03182-1	14	0.5	0.07142857142857142	0.42857142857142855	up	0.5	0.5	instable	instable_no_stable_identity	instable
uv	RvY_03183-1	14	0.07142857142857142	0.42857142857142855	0.5	constant	0.5	0.5	instable	instable_no_stable_identity	instable
uv	RvY_03197-1	14	0.42857142857142855	0.07142857142857142	0.5	constant	0.5	0.5	instable	instable_no_stable_identity	instable
uv	RvY_03214-1	14	0.07142857142857142	0.5	0.42857142857142855	down	0.5	0.5	instable	instable_no_stable_identity	instable
uv	RvY_03216-1	14	0.21428571428571427	0.2857142857142857	0.5	constant	0.5	0.5	instable	instable_no_stable_identity	instable
uv	RvY_03225-1	14	0.07142857142857142	0.5	0.42857142857142855	down	0.5	0.5	instable	instable_no_stable_identity	instable
uv	RvY_03236-1	14	0	0.5	0.5	mixed	0.5	0.5	instable	instable_no_stable_identity	instable
uv	RvY_03243	14	0.35714285714285715	0.14285714285714285	0.5	constant	0.5	0.5	instable	instable_no_stable_identity	instable
uv	RvY_03246-1	14	0	0.5	0.5	mixed	0.5	0.5	instable	instable_no_stable_identity	instable
uv	RvY_03251-1	14	0.42857142857142855	0.07142857142857142	0.5	constant	0.5	0.5	instable	instable_no_stable_identity	instable
uv	RvY_03252	14	0.42857142857142855	0.07142857142857142	0.5	constant	0.5	0.5	instable	instable_no_stable_identity	instable
uv	RvY_03257-1	14	0.42857142857142855	0.07142857142857142	0.5	constant	0.5	0.5	instable	instable_no_stable_identity	instable
uv	RvY_03265	14	0.5	0.07142857142857142	0.42857142857142855	up	0.5	0.5	instable	instable_no_stable_identity	instable
uv	RvY_03268-1	14	0.14285714285714285	0.35714285714285715	0.5	constant	0.5	0.5	instable	instable_no_stable_identity	instable
uv	RvY_03269-1	14	0.5	0	0.5	mixed	0.5	0.5	instable	instable_no_stable_identity	instable
uv	RvY_03276-1	14	0.5	0	0.5	mixed	0.5	0.5	instable	instable_no_stable_identity	instable
uv	RvY_03277-1	14	0	0.5	0.5	mixed	0.5	0.5	instable	instable_no_stable_identity	instable
uv	RvY_03284	14	0.21428571428571427	0.2857142857142857	0.5	constant	0.5	0.5	instable	instable_no_stable_identity	instable
uv	RvY_03287	14	0.5	0.07142857142857142	0.42857142857142855	up	0.5	0.5	instable	instable_no_stable_identity	instable
uv	RvY_03288-1	14	0.5	0	0.5	mixed	0.5	0.5	instable	instable_no_stable_identity	instable
uv	RvY_03290-1	14	0.14285714285714285	0.5	0.35714285714285715	down	0.5	0.5	instable	instable_no_stable_identity	instable
uv	RvY_03292-1	14	0	0.5	0.5	mixed	0.5	0.5	instable	instable_no_stable_identity	instable
uv	RvY_03293-1	14	0.14285714285714285	0.35714285714285715	0.5	constant	0.5	0.5	instable	instable_no_stable_identity	instable
uv	RvY_03297-1	14	0.07142857142857142	0.42857142857142855	0.5	constant	0.5	0.5	instable	instable_no_stable_identity	instable
uv	RvY_03303-1	14	0.35714285714285715	0.5	0.14285714285714285	down	0.5	0.5	instable	instable_no_stable_identity	instable
uv	RvY_03306-1	14	0.07142857142857142	0.5	0.42857142857142855	down	0.5	0.5	instable	instable_no_stable_identity	instable
uv	RvY_03318-1	14	0	0.5	0.5	mixed	0.5	0.5	instable	instable_no_stable_identity	instable
uv	RvY_03340-1	14	0.2857142857142857	0.21428571428571427	0.5	constant	0.5	0.5	instable	instable_no_stable_identity	instable
uv	RvY_03343-1	14	0	0.5	0.5	mixed	0.5	0.5	instable	instable_no_stable_identity	instable
uv	RvY_03350-1	14	0.07142857142857142	0.42857142857142855	0.5	constant	0.5	0.5	instable	instable_no_stable_identity	instable
uv	RvY_03356-1	14	0.21428571428571427	0.5	0.2857142857142857	down	0.5	0.5	instable	instable_no_stable_identity	instable
uv	RvY_03357-1	14	0.14285714285714285	0.5	0.35714285714285715	down	0.5	0.5	instable	instable_no_stable_identity	instable
uv	RvY_03358	14	0.14285714285714285	0.35714285714285715	0.5	constant	0.5	0.5	instable	instable_no_stable_identity	instable
uv	RvY_03391-1	14	0.2857142857142857	0.21428571428571427	0.5	constant	0.5	0.5	instable	instable_no_stable_identity	instable
uv	RvY_03395-1	14	0.07142857142857142	0.42857142857142855	0.5	constant	0.5	0.5	instable	instable_no_stable_identity	instable
uv	RvY_03398-1	14	0.21428571428571427	0.5	0.2857142857142857	down	0.5	0.5	instable	instable_no_stable_identity	instable
uv	RvY_03401-1	14	0.2857142857142857	0.21428571428571427	0.5	constant	0.5	0.5	instable	instable_no_stable_identity	instable
uv	RvY_03406-1	14	0.35714285714285715	0.14285714285714285	0.5	constant	0.5	0.5	instable	instable_no_stable_identity	instable
uv	RvY_03410-1	14	0.35714285714285715	0.14285714285714285	0.5	constant	0.5	0.5	instable	instable_no_stable_identity	instable
uv	RvY_03423-1	14	0.35714285714285715	0.14285714285714285	0.5	constant	0.5	0.5	instable	instable_no_stable_identity	instable
uv	RvY_03424-1	14	0.5	0.07142857142857142	0.42857142857142855	up	0.5	0.5	instable	instable_no_stable_identity	instable
uv	RvY_03430-1	14	0	0.5	0.5	mixed	0.5	0.5	instable	instable_no_stable_identity	instable
uv	RvY_03438-1	14	0.07142857142857142	0.42857142857142855	0.5	constant	0.5	0.5	instable	instable_no_stable_identity	instable
uv	RvY_03440-1	14	0.42857142857142855	0.07142857142857142	0.5	constant	0.5	0.5	instable	instable_no_stable_identity	instable
uv	RvY_03441-1	14	0.21428571428571427	0.2857142857142857	0.5	constant	0.5	0.5	instable	instable_no_stable_identity	instable
uv	RvY_03442	14	0.07142857142857142	0.5	0.42857142857142855	down	0.5	0.5	instable	instable_no_stable_identity	instable
uv	RvY_03445-1	14	0.07142857142857142	0.42857142857142855	0.5	constant	0.5	0.5	instable	instable_no_stable_identity	instable
uv	RvY_03459-1	14	0.5	0	0.5	mixed	0.5	0.5	instable	instable_no_stable_identity	instable
uv	RvY_03467	14	0.07142857142857142	0.42857142857142855	0.5	constant	0.5	0.5	instable	instable_no_stable_identity	instable
uv	RvY_03469	14	0.5	0	0.5	mixed	0.5	0.5	instable	instable_no_stable_identity	instable
uv	RvY_03470-1	14	0.07142857142857142	0.42857142857142855	0.5	constant	0.5	0.5	instable	instable_no_stable_identity	instable
uv	RvY_03476-1	14	0.35714285714285715	0.14285714285714285	0.5	constant	0.5	0.5	instable	instable_no_stable_identity	instable
uv	RvY_03478	14	0.14285714285714285	0.35714285714285715	0.5	constant	0.5	0.5	instable	instable_no_stable_identity	instable
uv	RvY_03479-1	14	0	0.5	0.5	mixed	0.5	0.5	instable	instable_no_stable_identity	instable
uv	RvY_03486-1	14	0.07142857142857142	0.42857142857142855	0.5	constant	0.5	0.5	instable	instable_no_stable_identity	instable
uv	RvY_03488-1	14	0.5	0	0.5	mixed	0.5	0.5	instable	instable_no_stable_identity	instable
uv	RvY_03493-1	14	0.21428571428571427	0.2857142857142857	0.5	constant	0.5	0.5	instable	instable_no_stable_identity	instable
uv	RvY_03494-1	14	0.14285714285714285	0.5	0.35714285714285715	down	0.5	0.5	instable	instable_no_stable_identity	instable
uv	RvY_03504	14	0.14285714285714285	0.35714285714285715	0.5	constant	0.5	0.5	instable	instable_no_stable_identity	instable
uv	RvY_03520	14	0.21428571428571427	0.2857142857142857	0.5	constant	0.5	0.5	instable	instable_no_stable_identity	instable
uv	RvY_03523-1	14	0.21428571428571427	0.2857142857142857	0.5	constant	0.5	0.5	instable	instable_no_stable_identity	instable
uv	RvY_03529-1	14	0.07142857142857142	0.42857142857142855	0.5	constant	0.5	0.5	instable	instable_no_stable_identity	instable
uv	RvY_03535-1	14	0.21428571428571427	0.2857142857142857	0.5	constant	0.5	0.5	instable	instable_no_stable_identity	instable
uv	RvY_03544-1	14	0	0.5	0.5	mixed	0.5	0.5	instable	instable_no_stable_identity	instable
uv	RvY_03546	14	0.2857142857142857	0.21428571428571427	0.5	constant	0.5	0.5	instable	instable_no_stable_identity	instable
uv	RvY_03575-1	14	0.07142857142857142	0.5	0.42857142857142855	down	0.5	0.5	instable	instable_no_stable_identity	instable
uv	RvY_03576	14	0.21428571428571427	0.5	0.2857142857142857	down	0.5	0.5	instable	instable_no_stable_identity	instable
uv	RvY_03590-1	14	0.42857142857142855	0.07142857142857142	0.5	constant	0.5	0.5	instable	instable_no_stable_identity	instable
uv	RvY_03612-1	14	0.07142857142857142	0.5	0.42857142857142855	down	0.5	0.5	instable	instable_no_stable_identity	instable
uv	RvY_03638-1	14	0.42857142857142855	0.07142857142857142	0.5	constant	0.5	0.5	instable	instable_no_stable_identity	instable
uv	RvY_03647-1	14	0.14285714285714285	0.5	0.35714285714285715	down	0.5	0.5	instable	instable_no_stable_identity	instable
uv	RvY_03656	14	0.14285714285714285	0.35714285714285715	0.5	constant	0.5	0.5	instable	instable_no_stable_identity	instable
uv	RvY_03658-1	14	0.14285714285714285	0.35714285714285715	0.5	constant	0.5	0.5	instable	instable_no_stable_identity	instable
uv	RvY_03662-1	14	0.5	0	0.5	mixed	0.5	0.5	instable	instable_no_stable_identity	instable
uv	RvY_03683-1	14	0	0.5	0.5	mixed	0.5	0.5	instable	instable_no_stable_identity	instable
uv	RvY_03690-1	14	0.5	0.07142857142857142	0.42857142857142855	up	0.5	0.5	instable	instable_no_stable_identity	instable
uv	RvY_03692-1	14	0	0.5	0.5	mixed	0.5	0.5	instable	instable_no_stable_identity	instable
uv	RvY_03699	14	0.42857142857142855	0.07142857142857142	0.5	constant	0.5	0.5	instable	instable_no_stable_identity	instable
uv	RvY_03709	14	0.07142857142857142	0.42857142857142855	0.5	constant	0.5	0.5	instable	instable_no_stable_identity	instable
uv	RvY_03728-1	14	0.14285714285714285	0.35714285714285715	0.5	constant	0.5	0.5	instable	instable_no_stable_identity	instable
uv	RvY_03757	14	0.35714285714285715	0.14285714285714285	0.5	constant	0.5	0.5	instable	instable_no_stable_identity	instable
uv	RvY_03774	14	0.5	0	0.5	mixed	0.5	0.5	instable	instable_no_stable_identity	instable
uv	RvY_03788	14	0.07142857142857142	0.42857142857142855	0.5	constant	0.5	0.5	instable	instable_no_stable_identity	instable
uv	RvY_03802-1	14	0.35714285714285715	0.14285714285714285	0.5	constant	0.5	0.5	instable	instable_no_stable_identity	instable
uv	RvY_03818-1	14	0.35714285714285715	0.14285714285714285	0.5	constant	0.5	0.5	instable	instable_no_stable_identity	instable
uv	RvY_03822-1	14	0.07142857142857142	0.42857142857142855	0.5	constant	0.5	0.5	instable	instable_no_stable_identity	instable
uv	RvY_03852-1	14	0.07142857142857142	0.5	0.42857142857142855	down	0.5	0.5	instable	instable_no_stable_identity	instable
uv	RvY_03854-1	14	0.5	0.14285714285714285	0.35714285714285715	up	0.5	0.5	instable	instable_no_stable_identity	instable
uv	RvY_03862	14	0.42857142857142855	0.07142857142857142	0.5	constant	0.5	0.5	instable	instable_no_stable_identity	instable
uv	RvY_03872-1	14	0.5	0	0.5	mixed	0.5	0.5	instable	instable_no_stable_identity	instable
uv	RvY_03874-1	14	0	0.5	0.5	mixed	0.5	0.5	instable	instable_no_stable_identity	instable
uv	RvY_03877-1	14	0.5	0.07142857142857142	0.42857142857142855	up	0.5	0.5	instable	instable_no_stable_identity	instable
uv	RvY_03881	14	0.2857142857142857	0.21428571428571427	0.5	constant	0.5	0.5	instable	instable_no_stable_identity	instable
uv	RvY_03892-1	14	0.35714285714285715	0.14285714285714285	0.5	constant	0.5	0.5	instable	instable_no_stable_identity	instable
uv	RvY_03919-1	14	0.5	0.07142857142857142	0.42857142857142855	up	0.5	0.5	instable	instable_no_stable_identity	instable
uv	RvY_03931-1	14	0.35714285714285715	0.14285714285714285	0.5	constant	0.5	0.5	instable	instable_no_stable_identity	instable
uv	RvY_03981	14	0.14285714285714285	0.35714285714285715	0.5	constant	0.5	0.5	instable	instable_no_stable_identity	instable
uv	RvY_03982-1	14	0	0.5	0.5	mixed	0.5	0.5	instable	instable_no_stable_identity	instable
uv	RvY_03984-1	14	0.5	0.21428571428571427	0.2857142857142857	up	0.5	0.5	instable	instable_no_stable_identity	instable
uv	RvY_03990-1	14	0.5	0	0.5	mixed	0.5	0.5	instable	instable_no_stable_identity	instable
uv	RvY_04007	14	0.5	0.21428571428571427	0.2857142857142857	up	0.5	0.5	instable	instable_no_stable_identity	instable
uv	RvY_04010-1	14	0.5	0	0.5	mixed	0.5	0.5	instable	instable_no_stable_identity	instable
uv	RvY_04011-1	14	0.2857142857142857	0.21428571428571427	0.5	constant	0.5	0.5	instable	instable_no_stable_identity	instable
uv	RvY_04015-1	14	0.2857142857142857	0.21428571428571427	0.5	constant	0.5	0.5	instable	instable_no_stable_identity	instable
uv	RvY_04039-1	14	0.21428571428571427	0.5	0.2857142857142857	down	0.5	0.5	instable	instable_no_stable_identity	instable
uv	RvY_04044-1	14	0.35714285714285715	0.14285714285714285	0.5	constant	0.5	0.5	instable	instable_no_stable_identity	instable
uv	RvY_04045-1	14	0.2857142857142857	0.21428571428571427	0.5	constant	0.5	0.5	instable	instable_no_stable_identity	instable
uv	RvY_04058-1	14	0.14285714285714285	0.5	0.35714285714285715	down	0.5	0.5	instable	instable_no_stable_identity	instable
uv	RvY_04059-1	14	0.35714285714285715	0.14285714285714285	0.5	constant	0.5	0.5	instable	instable_no_stable_identity	instable
uv	RvY_04060	14	0.5	0	0.5	mixed	0.5	0.5	instable	instable_no_stable_identity	instable
uv	RvY_04070-1	14	0.5	0	0.5	mixed	0.5	0.5	instable	instable_no_stable_identity	instable
uv	RvY_04089-1	14	0.5	0	0.5	mixed	0.5	0.5	instable	instable_no_stable_identity	instable
uv	RvY_04090-1	14	0.5	0	0.5	mixed	0.5	0.5	instable	instable_no_stable_identity	instable
uv	RvY_04092	14	0	0.5	0.5	mixed	0.5	0.5	instable	instable_no_stable_identity	instable
uv	RvY_04096-1	14	0	0.5	0.5	mixed	0.5	0.5	instable	instable_no_stable_identity	instable
uv	RvY_04097	14	0.07142857142857142	0.5	0.42857142857142855	down	0.5	0.5	instable	instable_no_stable_identity	instable
uv	RvY_04118	14	0.42857142857142855	0.07142857142857142	0.5	constant	0.5	0.5	instable	instable_no_stable_identity	instable
uv	RvY_04126	14	0.42857142857142855	0.07142857142857142	0.5	constant	0.5	0.5	instable	instable_no_stable_identity	instable
uv	RvY_04127-1	14	0.5	0	0.5	mixed	0.5	0.5	instable	instable_no_stable_identity	instable
uv	RvY_04133-1	14	0	0.5	0.5	mixed	0.5	0.5	instable	instable_no_stable_identity	instable
uv	RvY_04155	14	0.42857142857142855	0.07142857142857142	0.5	constant	0.5	0.5	instable	instable_no_stable_identity	instable
uv	RvY_04162-1	14	0.14285714285714285	0.5	0.35714285714285715	down	0.5	0.5	instable	instable_no_stable_identity	instable
uv	RvY_04176-1	14	0.2857142857142857	0.21428571428571427	0.5	constant	0.5	0.5	instable	instable_no_stable_identity	instable
uv	RvY_04218-1	14	0.2857142857142857	0.21428571428571427	0.5	constant	0.5	0.5	instable	instable_no_stable_identity	instable
uv	RvY_04240	14	0.5	0.07142857142857142	0.42857142857142855	up	0.5	0.5	instable	instable_no_stable_identity	instable
uv	RvY_04253-1	14	0.5	0.14285714285714285	0.35714285714285715	up	0.5	0.5	instable	instable_no_stable_identity	instable
uv	RvY_04258-1	14	0.42857142857142855	0.07142857142857142	0.5	constant	0.5	0.5	instable	instable_no_stable_identity	instable
uv	RvY_04286-1	14	0	0.5	0.5	mixed	0.5	0.5	instable	instable_no_stable_identity	instable
uv	RvY_04307-1	14	0	0.5	0.5	mixed	0.5	0.5	instable	instable_no_stable_identity	instable
uv	RvY_04313-1	14	0.2857142857142857	0.21428571428571427	0.5	constant	0.5	0.5	instable	instable_no_stable_identity	instable
uv	RvY_04314	14	0.21428571428571427	0.5	0.2857142857142857	down	0.5	0.5	instable	instable_no_stable_identity	instable
uv	RvY_04335	14	0.5	0.14285714285714285	0.35714285714285715	up	0.5	0.5	instable	instable_no_stable_identity	instable
uv	RvY_04340-1	14	0.5	0	0.5	mixed	0.5	0.5	instable	instable_no_stable_identity	instable
uv	RvY_04341-1	14	0.35714285714285715	0.14285714285714285	0.5	constant	0.5	0.5	instable	instable_no_stable_identity	instable
uv	RvY_04398-1	14	0.07142857142857142	0.5	0.42857142857142855	down	0.5	0.5	instable	instable_no_stable_identity	instable
uv	RvY_04437-1	14	0.35714285714285715	0.14285714285714285	0.5	constant	0.5	0.5	instable	instable_no_stable_identity	instable
uv	RvY_04463-1	14	0.21428571428571427	0.2857142857142857	0.5	constant	0.5	0.5	instable	instable_no_stable_identity	instable
uv	RvY_04476-1	14	0	0.5	0.5	mixed	0.5	0.5	instable	instable_no_stable_identity	instable
uv	RvY_04483-1	14	0.07142857142857142	0.5	0.42857142857142855	down	0.5	0.5	instable	instable_no_stable_identity	instable
uv	RvY_04502-1	14	0.42857142857142855	0.07142857142857142	0.5	constant	0.5	0.5	instable	instable_no_stable_identity	instable
uv	RvY_04528-1	14	0.2857142857142857	0.21428571428571427	0.5	constant	0.5	0.5	instable	instable_no_stable_identity	instable
uv	RvY_04545	14	0.14285714285714285	0.5	0.35714285714285715	down	0.5	0.5	instable	instable_no_stable_identity	instable
uv	RvY_04553-1	14	0.35714285714285715	0.5	0.14285714285714285	down	0.5	0.5	instable	instable_no_stable_identity	instable
uv	RvY_04572-1	14	0.5	0	0.5	mixed	0.5	0.5	instable	instable_no_stable_identity	instable
uv	RvY_04585-1	14	0.5	0	0.5	mixed	0.5	0.5	instable	instable_no_stable_identity	instable
uv	RvY_04587-1	14	0.07142857142857142	0.5	0.42857142857142855	down	0.5	0.5	instable	instable_no_stable_identity	instable
uv	RvY_04616-1	14	0.07142857142857142	0.5	0.42857142857142855	down	0.5	0.5	instable	instable_no_stable_identity	instable
uv	RvY_04628-1	14	0.2857142857142857	0.21428571428571427	0.5	constant	0.5	0.5	instable	instable_no_stable_identity	instable
uv	RvY_04632	14	0.14285714285714285	0.35714285714285715	0.5	constant	0.5	0.5	instable	instable_no_stable_identity	instable
uv	RvY_04644-1	14	0.07142857142857142	0.42857142857142855	0.5	constant	0.5	0.5	instable	instable_no_stable_identity	instable
uv	RvY_04691-1	14	0	0.5	0.5	mixed	0.5	0.5	instable	instable_no_stable_identity	instable
uv	RvY_04692-1	14	0.5	0	0.5	mixed	0.5	0.5	instable	instable_no_stable_identity	instable
uv	RvY_04694-1	14	0.5	0	0.5	mixed	0.5	0.5	instable	instable_no_stable_identity	instable
uv	RvY_04700	14	0.5	0.14285714285714285	0.35714285714285715	up	0.5	0.5	instable	instable_no_stable_identity	instable
uv	RvY_04701-1	14	0.21428571428571427	0.2857142857142857	0.5	constant	0.5	0.5	instable	instable_no_stable_identity	instable
uv	RvY_04704-1	14	0.07142857142857142	0.42857142857142855	0.5	constant	0.5	0.5	instable	instable_no_stable_identity	instable
uv	RvY_04707-1	14	0.5	0.07142857142857142	0.42857142857142855	up	0.5	0.5	instable	instable_no_stable_identity	instable
uv	RvY_04708-1	14	0.07142857142857142	0.5	0.42857142857142855	down	0.5	0.5	instable	instable_no_stable_identity	instable
uv	RvY_04725-1	14	0.07142857142857142	0.42857142857142855	0.5	constant	0.5	0.5	instable	instable_no_stable_identity	instable
uv	RvY_04732-1	14	0.5	0	0.5	mixed	0.5	0.5	instable	instable_no_stable_identity	instable
uv	RvY_04741-1	14	0.35714285714285715	0.14285714285714285	0.5	constant	0.5	0.5	instable	instable_no_stable_identity	instable
uv	RvY_04753-1	14	0.35714285714285715	0.14285714285714285	0.5	constant	0.5	0.5	instable	instable_no_stable_identity	instable
uv	RvY_04759-1	14	0	0.5	0.5	mixed	0.5	0.5	instable	instable_no_stable_identity	instable
uv	RvY_04771-1	14	0.07142857142857142	0.42857142857142855	0.5	constant	0.5	0.5	instable	instable_no_stable_identity	instable
uv	RvY_04776-1	14	0.42857142857142855	0.07142857142857142	0.5	constant	0.5	0.5	instable	instable_no_stable_identity	instable
uv	RvY_04783-1	14	0.5	0	0.5	mixed	0.5	0.5	instable	instable_no_stable_identity	instable
uv	RvY_04787-1	14	0.5	0.14285714285714285	0.35714285714285715	up	0.5	0.5	instable	instable_no_stable_identity	instable
uv	RvY_04789-1	14	0.5	0.07142857142857142	0.42857142857142855	up	0.5	0.5	instable	instable_no_stable_identity	instable
uv	RvY_04793-1	14	0	0.5	0.5	mixed	0.5	0.5	instable	instable_no_stable_identity	instable
uv	RvY_04816-1	14	0.5	0	0.5	mixed	0.5	0.5	instable	instable_no_stable_identity	instable
uv	RvY_04822-1	14	0	0.5	0.5	mixed	0.5	0.5	instable	instable_no_stable_identity	instable
uv	RvY_04825-1	14	0.5	0.07142857142857142	0.42857142857142855	up	0.5	0.5	instable	instable_no_stable_identity	instable
uv	RvY_04846-1	14	0.21428571428571427	0.2857142857142857	0.5	constant	0.5	0.5	instable	instable_no_stable_identity	instable
uv	RvY_04861-1	14	0.42857142857142855	0.07142857142857142	0.5	constant	0.5	0.5	instable	instable_no_stable_identity	instable
uv	RvY_04866-1	14	0.42857142857142855	0.07142857142857142	0.5	constant	0.5	0.5	instable	instable_no_stable_identity	instable
uv	RvY_04871	14	0.2857142857142857	0.21428571428571427	0.5	constant	0.5	0.5	instable	instable_no_stable_identity	instable
uv	RvY_04873-1	14	0.42857142857142855	0.07142857142857142	0.5	constant	0.5	0.5	instable	instable_no_stable_identity	instable
uv	RvY_04882-1	14	0.2857142857142857	0.21428571428571427	0.5	constant	0.5	0.5	instable	instable_no_stable_identity	instable
uv	RvY_04945	14	0.07142857142857142	0.42857142857142855	0.5	constant	0.5	0.5	instable	instable_no_stable_identity	instable
uv	RvY_04983-1	14	0	0.5	0.5	mixed	0.5	0.5	instable	instable_no_stable_identity	instable
uv	RvY_05002-1	14	0.42857142857142855	0.07142857142857142	0.5	constant	0.5	0.5	instable	instable_no_stable_identity	instable
uv	RvY_05005	14	0.5	0	0.5	mixed	0.5	0.5	instable	instable_no_stable_identity	instable
uv	RvY_05011-1	14	0.5	0	0.5	mixed	0.5	0.5	instable	instable_no_stable_identity	instable
uv	RvY_05018-1	14	0.21428571428571427	0.2857142857142857	0.5	constant	0.5	0.5	instable	instable_no_stable_identity	instable
uv	RvY_05040-1	14	0.5	0.07142857142857142	0.42857142857142855	up	0.5	0.5	instable	instable_no_stable_identity	instable
uv	RvY_05067-1	14	0.07142857142857142	0.5	0.42857142857142855	down	0.5	0.5	instable	instable_no_stable_identity	instable
uv	RvY_05068	14	0	0.5	0.5	mixed	0.5	0.5	instable	instable_no_stable_identity	instable
uv	RvY_05073-1	14	0.5	0	0.5	mixed	0.5	0.5	instable	instable_no_stable_identity	instable
uv	RvY_05075-1	14	0.5	0	0.5	mixed	0.5	0.5	instable	instable_no_stable_identity	instable
uv	RvY_05081-1	14	0.07142857142857142	0.42857142857142855	0.5	constant	0.5	0.5	instable	instable_no_stable_identity	instable
uv	RvY_05087-1	14	0.07142857142857142	0.42857142857142855	0.5	constant	0.5	0.5	instable	instable_no_stable_identity	instable
uv	RvY_05100-1	14	0.2857142857142857	0.21428571428571427	0.5	constant	0.5	0.5	instable	instable_no_stable_identity	instable
uv	RvY_05112-1	14	0.42857142857142855	0.07142857142857142	0.5	constant	0.5	0.5	instable	instable_no_stable_identity	instable
uv	RvY_05118-1	14	0.5	0.14285714285714285	0.35714285714285715	up	0.5	0.5	instable	instable_no_stable_identity	instable
uv	RvY_05128	14	0.14285714285714285	0.35714285714285715	0.5	constant	0.5	0.5	instable	instable_no_stable_identity	instable
uv	RvY_05135-1	14	0.14285714285714285	0.35714285714285715	0.5	constant	0.5	0.5	instable	instable_no_stable_identity	instable
uv	RvY_05158-1	14	0.42857142857142855	0.07142857142857142	0.5	constant	0.5	0.5	instable	instable_no_stable_identity	instable
uv	RvY_05160-1	14	0	0.5	0.5	mixed	0.5	0.5	instable	instable_no_stable_identity	instable
uv	RvY_05165-1	14	0.14285714285714285	0.35714285714285715	0.5	constant	0.5	0.5	instable	instable_no_stable_identity	instable
uv	RvY_05171-1	14	0.14285714285714285	0.35714285714285715	0.5	constant	0.5	0.5	instable	instable_no_stable_identity	instable
uv	RvY_05173	14	0.5	0	0.5	mixed	0.5	0.5	instable	instable_no_stable_identity	instable
uv	RvY_05175-1	14	0.42857142857142855	0.07142857142857142	0.5	constant	0.5	0.5	instable	instable_no_stable_identity	instable
uv	RvY_05192-1	14	0	0.5	0.5	mixed	0.5	0.5	instable	instable_no_stable_identity	instable
uv	RvY_05193-1	14	0.5	0	0.5	mixed	0.5	0.5	instable	instable_no_stable_identity	instable
uv	RvY_05198	14	0.5	0	0.5	mixed	0.5	0.5	instable	instable_no_stable_identity	instable
uv	RvY_05200-1	14	0.5	0	0.5	mixed	0.5	0.5	instable	instable_no_stable_identity	instable
uv	RvY_05208-1	14	0.5	0	0.5	mixed	0.5	0.5	instable	instable_no_stable_identity	instable
uv	RvY_05210-1	14	0.42857142857142855	0.07142857142857142	0.5	constant	0.5	0.5	instable	instable_no_stable_identity	instable
uv	RvY_05212-1	14	0.5	0	0.5	mixed	0.5	0.5	instable	instable_no_stable_identity	instable
uv	RvY_05213-1	14	0.5	0	0.5	mixed	0.5	0.5	instable	instable_no_stable_identity	instable
uv	RvY_05217-1	14	0.42857142857142855	0.07142857142857142	0.5	constant	0.5	0.5	instable	instable_no_stable_identity	instable
uv	RvY_05233-1	14	0.42857142857142855	0.07142857142857142	0.5	constant	0.5	0.5	instable	instable_no_stable_identity	instable
uv	RvY_05234-1	14	0	0.5	0.5	mixed	0.5	0.5	instable	instable_no_stable_identity	instable
uv	RvY_05239-1	14	0	0.5	0.5	mixed	0.5	0.5	instable	instable_no_stable_identity	instable
uv	RvY_05240-1	14	0	0.5	0.5	mixed	0.5	0.5	instable	instable_no_stable_identity	instable
uv	RvY_05243-1	14	0.5	0	0.5	mixed	0.5	0.5	instable	instable_no_stable_identity	instable
uv	RvY_05273-1	14	0	0.5	0.5	mixed	0.5	0.5	instable	instable_no_stable_identity	instable
uv	RvY_05274-1	14	0.07142857142857142	0.42857142857142855	0.5	constant	0.5	0.5	instable	instable_no_stable_identity	instable
uv	RvY_05287-1	14	0.5	0	0.5	mixed	0.5	0.5	instable	instable_no_stable_identity	instable
uv	RvY_05299-1	14	0.5	0	0.5	mixed	0.5	0.5	instable	instable_no_stable_identity	instable
uv	RvY_05304-1	14	0.5	0	0.5	mixed	0.5	0.5	instable	instable_no_stable_identity	instable
uv	RvY_05306-1	14	0.5	0	0.5	mixed	0.5	0.5	instable	instable_no_stable_identity	instable
uv	RvY_05307-1	14	0	0.5	0.5	mixed	0.5	0.5	instable	instable_no_stable_identity	instable
uv	RvY_05325-1	14	0.42857142857142855	0.07142857142857142	0.5	constant	0.5	0.5	instable	instable_no_stable_identity	instable
uv	RvY_05330-1	14	0.5	0.07142857142857142	0.42857142857142855	up	0.5	0.5	instable	instable_no_stable_identity	instable
uv	RvY_05338-1	14	0	0.5	0.5	mixed	0.5	0.5	instable	instable_no_stable_identity	instable
uv	RvY_05340-1	14	0.5	0	0.5	mixed	0.5	0.5	instable	instable_no_stable_identity	instable
uv	RvY_05346-1	14	0.2857142857142857	0.21428571428571427	0.5	constant	0.5	0.5	instable	instable_no_stable_identity	instable
uv	RvY_05347	14	0.14285714285714285	0.5	0.35714285714285715	down	0.5	0.5	instable	instable_no_stable_identity	instable
uv	RvY_05393-1	14	0	0.5	0.5	mixed	0.5	0.5	instable	instable_no_stable_identity	instable
uv	RvY_05404-1	14	0.2857142857142857	0.21428571428571427	0.5	constant	0.5	0.5	instable	instable_no_stable_identity	instable
uv	RvY_05406-1	14	0.5	0.21428571428571427	0.2857142857142857	up	0.5	0.5	instable	instable_no_stable_identity	instable
uv	RvY_05416-1	14	0.14285714285714285	0.35714285714285715	0.5	constant	0.5	0.5	instable	instable_no_stable_identity	instable
uv	RvY_05424	14	0	0.5	0.5	mixed	0.5	0.5	instable	instable_no_stable_identity	instable
uv	RvY_05483-1	14	0	0.5	0.5	mixed	0.5	0.5	instable	instable_no_stable_identity	instable
uv	RvY_05488-1	14	0.5	0	0.5	mixed	0.5	0.5	instable	instable_no_stable_identity	instable
uv	RvY_05495-1	14	0	0.5	0.5	mixed	0.5	0.5	instable	instable_no_stable_identity	instable
uv	RvY_05498-1	14	0.2857142857142857	0.21428571428571427	0.5	constant	0.5	0.5	instable	instable_no_stable_identity	instable
uv	RvY_05501	14	0.14285714285714285	0.5	0.35714285714285715	down	0.5	0.5	instable	instable_no_stable_identity	instable
uv	RvY_05519-1	14	0	0.5	0.5	mixed	0.5	0.5	instable	instable_no_stable_identity	instable
uv	RvY_05523-1	14	0.14285714285714285	0.35714285714285715	0.5	constant	0.5	0.5	instable	instable_no_stable_identity	instable
uv	RvY_05548-1	14	0.07142857142857142	0.42857142857142855	0.5	constant	0.5	0.5	instable	instable_no_stable_identity	instable
uv	RvY_05550	14	0.21428571428571427	0.2857142857142857	0.5	constant	0.5	0.5	instable	instable_no_stable_identity	instable
uv	RvY_05593-1	14	0.42857142857142855	0.07142857142857142	0.5	constant	0.5	0.5	instable	instable_no_stable_identity	instable
uv	RvY_05596-1	14	0.5	0	0.5	mixed	0.5	0.5	instable	instable_no_stable_identity	instable
uv	RvY_05601-1	14	0.5	0.07142857142857142	0.42857142857142855	up	0.5	0.5	instable	instable_no_stable_identity	instable
uv	RvY_05606-1	14	0.5	0	0.5	mixed	0.5	0.5	instable	instable_no_stable_identity	instable
uv	RvY_05619-1	14	0.14285714285714285	0.35714285714285715	0.5	constant	0.5	0.5	instable	instable_no_stable_identity	instable
uv	RvY_05620-1	14	0.07142857142857142	0.42857142857142855	0.5	constant	0.5	0.5	instable	instable_no_stable_identity	instable
uv	RvY_05622-1	14	0	0.5	0.5	mixed	0.5	0.5	instable	instable_no_stable_identity	instable
uv	RvY_05632-1	14	0.07142857142857142	0.42857142857142855	0.5	constant	0.5	0.5	instable	instable_no_stable_identity	instable
uv	RvY_05651-1	14	0	0.5	0.5	mixed	0.5	0.5	instable	instable_no_stable_identity	instable
uv	RvY_05660-1	14	0	0.5	0.5	mixed	0.5	0.5	instable	instable_no_stable_identity	instable
uv	RvY_05682-1	14	0.07142857142857142	0.42857142857142855	0.5	constant	0.5	0.5	instable	instable_no_stable_identity	instable
uv	RvY_05684-1	14	0.42857142857142855	0.07142857142857142	0.5	constant	0.5	0.5	instable	instable_no_stable_identity	instable
uv	RvY_05703	14	0.35714285714285715	0.14285714285714285	0.5	constant	0.5	0.5	instable	instable_no_stable_identity	instable
uv	RvY_05706-1	14	0.5	0	0.5	mixed	0.5	0.5	instable	instable_no_stable_identity	instable
uv	RvY_05711-1	14	0.42857142857142855	0.07142857142857142	0.5	constant	0.5	0.5	instable	instable_no_stable_identity	instable
uv	RvY_05714-1	14	0.5	0	0.5	mixed	0.5	0.5	instable	instable_no_stable_identity	instable
uv	RvY_05717	14	0.14285714285714285	0.35714285714285715	0.5	constant	0.5	0.5	instable	instable_no_stable_identity	instable
uv	RvY_05718-1	14	0.35714285714285715	0.14285714285714285	0.5	constant	0.5	0.5	instable	instable_no_stable_identity	instable
uv	RvY_05732-1	14	0.35714285714285715	0.14285714285714285	0.5	constant	0.5	0.5	instable	instable_no_stable_identity	instable
uv	RvY_05741-1	14	0.2857142857142857	0.21428571428571427	0.5	constant	0.5	0.5	instable	instable_no_stable_identity	instable
uv	RvY_05742-1	14	0.07142857142857142	0.5	0.42857142857142855	down	0.5	0.5	instable	instable_no_stable_identity	instable
uv	RvY_05744	14	0.14285714285714285	0.5	0.35714285714285715	down	0.5	0.5	instable	instable_no_stable_identity	instable
uv	RvY_05746-1	14	0.5	0	0.5	mixed	0.5	0.5	instable	instable_no_stable_identity	instable
uv	RvY_05753-1	14	0.42857142857142855	0.07142857142857142	0.5	constant	0.5	0.5	instable	instable_no_stable_identity	instable
uv	RvY_05756-1	14	0.42857142857142855	0.5	0.07142857142857142	down	0.5	0.5	instable	instable_no_stable_identity	instable
uv	RvY_05757-1	14	0.5	0.07142857142857142	0.42857142857142855	up	0.5	0.5	instable	instable_no_stable_identity	instable
uv	RvY_05768-1	14	0.5	0	0.5	mixed	0.5	0.5	instable	instable_no_stable_identity	instable
uv	RvY_05769-1	14	0.5	0	0.5	mixed	0.5	0.5	instable	instable_no_stable_identity	instable
uv	RvY_05774-1	14	0.07142857142857142	0.42857142857142855	0.5	constant	0.5	0.5	instable	instable_no_stable_identity	instable
uv	RvY_05775-1	14	0.21428571428571427	0.5	0.2857142857142857	down	0.5	0.5	instable	instable_no_stable_identity	instable
uv	RvY_05776-1	14	0	0.5	0.5	mixed	0.5	0.5	instable	instable_no_stable_identity	instable
uv	RvY_05780-1	14	0.21428571428571427	0.5	0.2857142857142857	down	0.5	0.5	instable	instable_no_stable_identity	instable
uv	RvY_05789-1	14	0.07142857142857142	0.42857142857142855	0.5	constant	0.5	0.5	instable	instable_no_stable_identity	instable
uv	RvY_05794-1	14	0.14285714285714285	0.35714285714285715	0.5	constant	0.5	0.5	instable	instable_no_stable_identity	instable
uv	RvY_05807	14	0.5	0	0.5	mixed	0.5	0.5	instable	instable_no_stable_identity	instable
uv	RvY_05814-1	14	0	0.5	0.5	mixed	0.5	0.5	instable	instable_no_stable_identity	instable
uv	RvY_05821-1	14	0.07142857142857142	0.42857142857142855	0.5	constant	0.5	0.5	instable	instable_no_stable_identity	instable
uv	RvY_05838-1	14	0	0.5	0.5	mixed	0.5	0.5	instable	instable_no_stable_identity	instable
uv	RvY_05858-1	14	0.2857142857142857	0.21428571428571427	0.5	constant	0.5	0.5	instable	instable_no_stable_identity	instable
uv	RvY_05880-1	14	0.5	0.14285714285714285	0.35714285714285715	up	0.5	0.5	instable	instable_no_stable_identity	instable
uv	RvY_05886-1	14	0.42857142857142855	0.07142857142857142	0.5	constant	0.5	0.5	instable	instable_no_stable_identity	instable
uv	RvY_05890-1	14	0.14285714285714285	0.35714285714285715	0.5	constant	0.5	0.5	instable	instable_no_stable_identity	instable
uv	RvY_05896	14	0.35714285714285715	0.14285714285714285	0.5	constant	0.5	0.5	instable	instable_no_stable_identity	instable
uv	RvY_05900-1	14	0.5	0	0.5	mixed	0.5	0.5	instable	instable_no_stable_identity	instable
uv	RvY_05915	14	0.35714285714285715	0.14285714285714285	0.5	constant	0.5	0.5	instable	instable_no_stable_identity	instable
uv	RvY_05939	14	0	0.5	0.5	mixed	0.5	0.5	instable	instable_no_stable_identity	instable
uv	RvY_05948-1	14	0	0.5	0.5	mixed	0.5	0.5	instable	instable_no_stable_identity	instable
uv	RvY_05966	14	0	0.5	0.5	mixed	0.5	0.5	instable	instable_no_stable_identity	instable
uv	RvY_05977-1	14	0.21428571428571427	0.2857142857142857	0.5	constant	0.5	0.5	instable	instable_no_stable_identity	instable
uv	RvY_05997-1	14	0.07142857142857142	0.42857142857142855	0.5	constant	0.5	0.5	instable	instable_no_stable_identity	instable
uv	RvY_06004-1	14	0.14285714285714285	0.35714285714285715	0.5	constant	0.5	0.5	instable	instable_no_stable_identity	instable
uv	RvY_06009	14	0.07142857142857142	0.42857142857142855	0.5	constant	0.5	0.5	instable	instable_no_stable_identity	instable
uv	RvY_06011	14	0.14285714285714285	0.5	0.35714285714285715	down	0.5	0.5	instable	instable_no_stable_identity	instable
uv	RvY_06018-1	14	0.07142857142857142	0.42857142857142855	0.5	constant	0.5	0.5	instable	instable_no_stable_identity	instable
uv	RvY_06020-1	14	0.2857142857142857	0.21428571428571427	0.5	constant	0.5	0.5	instable	instable_no_stable_identity	instable
uv	RvY_06030	14	0.5	0.2857142857142857	0.21428571428571427	up	0.5	0.5	instable	instable_no_stable_identity	instable
uv	RvY_06037-1	14	0.21428571428571427	0.5	0.2857142857142857	down	0.5	0.5	instable	instable_no_stable_identity	instable
uv	RvY_06044	14	0.21428571428571427	0.5	0.2857142857142857	down	0.5	0.5	instable	instable_no_stable_identity	instable
uv	RvY_06045	14	0.5	0.07142857142857142	0.42857142857142855	up	0.5	0.5	instable	instable_no_stable_identity	instable
uv	RvY_06049	14	0.35714285714285715	0.14285714285714285	0.5	constant	0.5	0.5	instable	instable_no_stable_identity	instable
uv	RvY_06070-1	14	0.21428571428571427	0.2857142857142857	0.5	constant	0.5	0.5	instable	instable_no_stable_identity	instable
uv	RvY_06071-1	14	0	0.5	0.5	mixed	0.5	0.5	instable	instable_no_stable_identity	instable
uv	RvY_06075	14	0.07142857142857142	0.42857142857142855	0.5	constant	0.5	0.5	instable	instable_no_stable_identity	instable
uv	RvY_06115	14	0.35714285714285715	0.14285714285714285	0.5	constant	0.5	0.5	instable	instable_no_stable_identity	instable
uv	RvY_06119-1	14	0.5	0	0.5	mixed	0.5	0.5	instable	instable_no_stable_identity	instable
uv	RvY_06126-1	14	0.07142857142857142	0.5	0.42857142857142855	down	0.5	0.5	instable	instable_no_stable_identity	instable
uv	RvY_06135	14	0.35714285714285715	0.14285714285714285	0.5	constant	0.5	0.5	instable	instable_no_stable_identity	instable
uv	RvY_06170-1	14	0.42857142857142855	0.07142857142857142	0.5	constant	0.5	0.5	instable	instable_no_stable_identity	instable
uv	RvY_06197-1	14	0	0.5	0.5	mixed	0.5	0.5	instable	instable_no_stable_identity	instable
uv	RvY_06208-1	14	0.5	0	0.5	mixed	0.5	0.5	instable	instable_no_stable_identity	instable
uv	RvY_06230-1	14	0.5	0.2857142857142857	0.21428571428571427	up	0.5	0.5	instable	instable_no_stable_identity	instable
uv	RvY_06245-1	14	0.5	0.14285714285714285	0.35714285714285715	up	0.5	0.5	instable	instable_no_stable_identity	instable
uv	RvY_06246-1	14	0.5	0.21428571428571427	0.2857142857142857	up	0.5	0.5	instable	instable_no_stable_identity	instable
uv	RvY_06247	14	0.5	0	0.5	mixed	0.5	0.5	instable	instable_no_stable_identity	instable
uv	RvY_06262-1	14	0.5	0.07142857142857142	0.42857142857142855	up	0.5	0.5	instable	instable_no_stable_identity	instable
uv	RvY_06266-1	14	0.21428571428571427	0.5	0.2857142857142857	down	0.5	0.5	instable	instable_no_stable_identity	instable
uv	RvY_06279-1	14	0.35714285714285715	0.14285714285714285	0.5	constant	0.5	0.5	instable	instable_no_stable_identity	instable
uv	RvY_06296	14	0.14285714285714285	0.35714285714285715	0.5	constant	0.5	0.5	instable	instable_no_stable_identity	instable
uv	RvY_06303-1	14	0.2857142857142857	0.21428571428571427	0.5	constant	0.5	0.5	instable	instable_no_stable_identity	instable
uv	RvY_06304-1	14	0.5	0.07142857142857142	0.42857142857142855	up	0.5	0.5	instable	instable_no_stable_identity	instable
uv	RvY_06322-1	14	0.5	0.07142857142857142	0.42857142857142855	up	0.5	0.5	instable	instable_no_stable_identity	instable
uv	RvY_06376-1	14	0.14285714285714285	0.35714285714285715	0.5	constant	0.5	0.5	instable	instable_no_stable_identity	instable
uv	RvY_06382-1	14	0.35714285714285715	0.14285714285714285	0.5	constant	0.5	0.5	instable	instable_no_stable_identity	instable
uv	RvY_06383	14	0.5	0	0.5	mixed	0.5	0.5	instable	instable_no_stable_identity	instable
uv	RvY_06403-1	14	0.2857142857142857	0.21428571428571427	0.5	constant	0.5	0.5	instable	instable_no_stable_identity	instable
uv	RvY_06405-1	14	0	0.5	0.5	mixed	0.5	0.5	instable	instable_no_stable_identity	instable
uv	RvY_06410-1	14	0.07142857142857142	0.42857142857142855	0.5	constant	0.5	0.5	instable	instable_no_stable_identity	instable
uv	RvY_06413-1	14	0	0.5	0.5	mixed	0.5	0.5	instable	instable_no_stable_identity	instable
uv	RvY_06417-1	14	0	0.5	0.5	mixed	0.5	0.5	instable	instable_no_stable_identity	instable
uv	RvY_06442-1	14	0.5	0.14285714285714285	0.35714285714285715	up	0.5	0.5	instable	instable_no_stable_identity	instable
uv	RvY_06448-1	14	0.07142857142857142	0.5	0.42857142857142855	down	0.5	0.5	instable	instable_no_stable_identity	instable
uv	RvY_06451-1	14	0.2857142857142857	0.21428571428571427	0.5	constant	0.5	0.5	instable	instable_no_stable_identity	instable
uv	RvY_06459-1	14	0.5	0	0.5	mixed	0.5	0.5	instable	instable_no_stable_identity	instable
uv	RvY_06474-1	14	0	0.5	0.5	mixed	0.5	0.5	instable	instable_no_stable_identity	instable
uv	RvY_06482-1	14	0.42857142857142855	0.07142857142857142	0.5	constant	0.5	0.5	instable	instable_no_stable_identity	instable
uv	RvY_06484-1	14	0	0.5	0.5	mixed	0.5	0.5	instable	instable_no_stable_identity	instable
uv	RvY_06506-1	14	0.5	0.07142857142857142	0.42857142857142855	up	0.5	0.5	instable	instable_no_stable_identity	instable
uv	RvY_06509-1	14	0.14285714285714285	0.35714285714285715	0.5	constant	0.5	0.5	instable	instable_no_stable_identity	instable
uv	RvY_06514-1	14	0	0.5	0.5	mixed	0.5	0.5	instable	instable_no_stable_identity	instable
uv	RvY_06538-1	14	0	0.5	0.5	mixed	0.5	0.5	instable	instable_no_stable_identity	instable
uv	RvY_06549	14	0.5	0	0.5	mixed	0.5	0.5	instable	instable_no_stable_identity	instable
uv	RvY_06553-1	14	0.5	0	0.5	mixed	0.5	0.5	instable	instable_no_stable_identity	instable
uv	RvY_06576-1	14	0.5	0	0.5	mixed	0.5	0.5	instable	instable_no_stable_identity	instable
uv	RvY_06583	14	0.35714285714285715	0.5	0.14285714285714285	down	0.5	0.5	instable	instable_no_stable_identity	instable
uv	RvY_06586-1	14	0.42857142857142855	0.07142857142857142	0.5	constant	0.5	0.5	instable	instable_no_stable_identity	instable
uv	RvY_06588-1	14	0.5	0	0.5	mixed	0.5	0.5	instable	instable_no_stable_identity	instable
uv	RvY_06589-1	14	0.14285714285714285	0.35714285714285715	0.5	constant	0.5	0.5	instable	instable_no_stable_identity	instable
uv	RvY_06592	14	0.5	0	0.5	mixed	0.5	0.5	instable	instable_no_stable_identity	instable
uv	RvY_06594-2	14	0.5	0	0.5	mixed	0.5	0.5	instable	instable_no_stable_identity	instable
uv	RvY_06613-1	14	0.42857142857142855	0.07142857142857142	0.5	constant	0.5	0.5	instable	instable_no_stable_identity	instable
uv	RvY_06622	14	0.07142857142857142	0.42857142857142855	0.5	constant	0.5	0.5	instable	instable_no_stable_identity	instable
uv	RvY_06626-1	14	0.35714285714285715	0.14285714285714285	0.5	constant	0.5	0.5	instable	instable_no_stable_identity	instable
uv	RvY_06633-1	14	0.5	0	0.5	mixed	0.5	0.5	instable	instable_no_stable_identity	instable
uv	RvY_06644-1	14	0.2857142857142857	0.21428571428571427	0.5	constant	0.5	0.5	instable	instable_no_stable_identity	instable
uv	RvY_06655-1	14	0.35714285714285715	0.14285714285714285	0.5	constant	0.5	0.5	instable	instable_no_stable_identity	instable
uv	RvY_06658-1	14	0.42857142857142855	0.07142857142857142	0.5	constant	0.5	0.5	instable	instable_no_stable_identity	instable
uv	RvY_06661	14	0.07142857142857142	0.42857142857142855	0.5	constant	0.5	0.5	instable	instable_no_stable_identity	instable
uv	RvY_06663-1	14	0.35714285714285715	0.14285714285714285	0.5	constant	0.5	0.5	instable	instable_no_stable_identity	instable
uv	RvY_06683-1	14	0	0.5	0.5	mixed	0.5	0.5	instable	instable_no_stable_identity	instable
uv	RvY_06687	14	0.5	0.07142857142857142	0.42857142857142855	up	0.5	0.5	instable	instable_no_stable_identity	instable
uv	RvY_06690-1	14	0.35714285714285715	0.14285714285714285	0.5	constant	0.5	0.5	instable	instable_no_stable_identity	instable
uv	RvY_06716-1	14	0.14285714285714285	0.5	0.35714285714285715	down	0.5	0.5	instable	instable_no_stable_identity	instable
uv	RvY_06718-1	14	0.5	0.07142857142857142	0.42857142857142855	up	0.5	0.5	instable	instable_no_stable_identity	instable
uv	RvY_06720	14	0.5	0.07142857142857142	0.42857142857142855	up	0.5	0.5	instable	instable_no_stable_identity	instable
uv	RvY_06727-1	14	0	0.5	0.5	mixed	0.5	0.5	instable	instable_no_stable_identity	instable
uv	RvY_06733-1	14	0	0.5	0.5	mixed	0.5	0.5	instable	instable_no_stable_identity	instable
uv	RvY_06739-1	14	0.07142857142857142	0.42857142857142855	0.5	constant	0.5	0.5	instable	instable_no_stable_identity	instable
uv	RvY_06758	14	0.21428571428571427	0.5	0.2857142857142857	down	0.5	0.5	instable	instable_no_stable_identity	instable
uv	RvY_06759-1	14	0.35714285714285715	0.14285714285714285	0.5	constant	0.5	0.5	instable	instable_no_stable_identity	instable
uv	RvY_06765-1	14	0.14285714285714285	0.35714285714285715	0.5	constant	0.5	0.5	instable	instable_no_stable_identity	instable
uv	RvY_06775-1	14	0.07142857142857142	0.42857142857142855	0.5	constant	0.5	0.5	instable	instable_no_stable_identity	instable
uv	RvY_06786-1	14	0.42857142857142855	0.07142857142857142	0.5	constant	0.5	0.5	instable	instable_no_stable_identity	instable
uv	RvY_06792-1	14	0.35714285714285715	0.14285714285714285	0.5	constant	0.5	0.5	instable	instable_no_stable_identity	instable
uv	RvY_06794-1	14	0	0.5	0.5	mixed	0.5	0.5	instable	instable_no_stable_identity	instable
uv	RvY_06801-1	14	0	0.5	0.5	mixed	0.5	0.5	instable	instable_no_stable_identity	instable
uv	RvY_06802-1	14	0.07142857142857142	0.42857142857142855	0.5	constant	0.5	0.5	instable	instable_no_stable_identity	instable
uv	RvY_06805-1	14	0.5	0.07142857142857142	0.42857142857142855	up	0.5	0.5	instable	instable_no_stable_identity	instable
uv	RvY_06809-1	14	0.5	0.14285714285714285	0.35714285714285715	up	0.5	0.5	instable	instable_no_stable_identity	instable
uv	RvY_06810-1	14	0	0.5	0.5	mixed	0.5	0.5	instable	instable_no_stable_identity	instable
uv	RvY_06841-1	14	0.5	0.07142857142857142	0.42857142857142855	up	0.5	0.5	instable	instable_no_stable_identity	instable
uv	RvY_06842-1	14	0.42857142857142855	0.07142857142857142	0.5	constant	0.5	0.5	instable	instable_no_stable_identity	instable
uv	RvY_06847	14	0.2857142857142857	0.21428571428571427	0.5	constant	0.5	0.5	instable	instable_no_stable_identity	instable
uv	RvY_06860	14	0.35714285714285715	0.14285714285714285	0.5	constant	0.5	0.5	instable	instable_no_stable_identity	instable
uv	RvY_06863-1	14	0.14285714285714285	0.35714285714285715	0.5	constant	0.5	0.5	instable	instable_no_stable_identity	instable
uv	RvY_06870	14	0.35714285714285715	0.14285714285714285	0.5	constant	0.5	0.5	instable	instable_no_stable_identity	instable
uv	RvY_06884-1	14	0.07142857142857142	0.5	0.42857142857142855	down	0.5	0.5	instable	instable_no_stable_identity	instable
uv	RvY_06902-1	14	0.35714285714285715	0.14285714285714285	0.5	constant	0.5	0.5	instable	instable_no_stable_identity	instable
uv	RvY_06932	14	0.07142857142857142	0.5	0.42857142857142855	down	0.5	0.5	instable	instable_no_stable_identity	instable
uv	RvY_06949	14	0.2857142857142857	0.5	0.21428571428571427	down	0.5	0.5	instable	instable_no_stable_identity	instable
uv	RvY_06954-1	14	0.35714285714285715	0.14285714285714285	0.5	constant	0.5	0.5	instable	instable_no_stable_identity	instable
uv	RvY_06971-1	14	0.5	0.21428571428571427	0.2857142857142857	up	0.5	0.5	instable	instable_no_stable_identity	instable
uv	RvY_06983-1	14	0.42857142857142855	0.07142857142857142	0.5	constant	0.5	0.5	instable	instable_no_stable_identity	instable
uv	RvY_06988-1	14	0.07142857142857142	0.42857142857142855	0.5	constant	0.5	0.5	instable	instable_no_stable_identity	instable
uv	RvY_07007-1	14	0.5	0	0.5	mixed	0.5	0.5	instable	instable_no_stable_identity	instable
uv	RvY_07041	14	0.5	0	0.5	mixed	0.5	0.5	instable	instable_no_stable_identity	instable
uv	RvY_07042-1	14	0.14285714285714285	0.35714285714285715	0.5	constant	0.5	0.5	instable	instable_no_stable_identity	instable
uv	RvY_07058	14	0.07142857142857142	0.5	0.42857142857142855	down	0.5	0.5	instable	instable_no_stable_identity	instable
uv	RvY_07059-1	14	0.42857142857142855	0.07142857142857142	0.5	constant	0.5	0.5	instable	instable_no_stable_identity	instable
uv	RvY_07066-1	14	0.5	0	0.5	mixed	0.5	0.5	instable	instable_no_stable_identity	instable
uv	RvY_07071-1	14	0.5	0	0.5	mixed	0.5	0.5	instable	instable_no_stable_identity	instable
uv	RvY_07078-1	14	0.07142857142857142	0.42857142857142855	0.5	constant	0.5	0.5	instable	instable_no_stable_identity	instable
uv	RvY_07090-1	14	0.07142857142857142	0.42857142857142855	0.5	constant	0.5	0.5	instable	instable_no_stable_identity	instable
uv	RvY_07093	14	0.42857142857142855	0.5	0.07142857142857142	down	0.5	0.5	instable	instable_no_stable_identity	instable
uv	RvY_07136-1	14	0.07142857142857142	0.42857142857142855	0.5	constant	0.5	0.5	instable	instable_no_stable_identity	instable
uv	RvY_07144-1	14	0.2857142857142857	0.21428571428571427	0.5	constant	0.5	0.5	instable	instable_no_stable_identity	instable
uv	RvY_07146-1	14	0	0.5	0.5	mixed	0.5	0.5	instable	instable_no_stable_identity	instable
uv	RvY_07149-1	14	0.42857142857142855	0.07142857142857142	0.5	constant	0.5	0.5	instable	instable_no_stable_identity	instable
uv	RvY_07166-1	14	0.5	0	0.5	mixed	0.5	0.5	instable	instable_no_stable_identity	instable
uv	RvY_07176-1	14	0.5	0	0.5	mixed	0.5	0.5	instable	instable_no_stable_identity	instable
uv	RvY_07195-1	14	0.5	0.14285714285714285	0.35714285714285715	up	0.5	0.5	instable	instable_no_stable_identity	instable
uv	RvY_07212-1	14	0.21428571428571427	0.2857142857142857	0.5	constant	0.5	0.5	instable	instable_no_stable_identity	instable
uv	RvY_07215-1	14	0.35714285714285715	0.14285714285714285	0.5	constant	0.5	0.5	instable	instable_no_stable_identity	instable
uv	RvY_07221-1	14	0.5	0	0.5	mixed	0.5	0.5	instable	instable_no_stable_identity	instable
uv	RvY_07228-1	14	0	0.5	0.5	mixed	0.5	0.5	instable	instable_no_stable_identity	instable
uv	RvY_07239-1	14	0.5	0	0.5	mixed	0.5	0.5	instable	instable_no_stable_identity	instable
uv	RvY_07242-1	14	0.14285714285714285	0.5	0.35714285714285715	down	0.5	0.5	instable	instable_no_stable_identity	instable
uv	RvY_07247-1	14	0.07142857142857142	0.5	0.42857142857142855	down	0.5	0.5	instable	instable_no_stable_identity	instable
uv	RvY_07256-1	14	0.21428571428571427	0.2857142857142857	0.5	constant	0.5	0.5	instable	instable_no_stable_identity	instable
uv	RvY_07264-1	14	0.5	0.07142857142857142	0.42857142857142855	up	0.5	0.5	instable	instable_no_stable_identity	instable
uv	RvY_07267-1	14	0.5	0	0.5	mixed	0.5	0.5	instable	instable_no_stable_identity	instable
uv	RvY_07269-1	14	0.5	0.07142857142857142	0.42857142857142855	up	0.5	0.5	instable	instable_no_stable_identity	instable
uv	RvY_07273-1	14	0.2857142857142857	0.21428571428571427	0.5	constant	0.5	0.5	instable	instable_no_stable_identity	instable
uv	RvY_07277-1	14	0.21428571428571427	0.2857142857142857	0.5	constant	0.5	0.5	instable	instable_no_stable_identity	instable
uv	RvY_07293-1	14	0.2857142857142857	0.21428571428571427	0.5	constant	0.5	0.5	instable	instable_no_stable_identity	instable
uv	RvY_07302-1	14	0.42857142857142855	0.07142857142857142	0.5	constant	0.5	0.5	instable	instable_no_stable_identity	instable
uv	RvY_07312-1	14	0.07142857142857142	0.42857142857142855	0.5	constant	0.5	0.5	instable	instable_no_stable_identity	instable
uv	RvY_07325-1	14	0.07142857142857142	0.5	0.42857142857142855	down	0.5	0.5	instable	instable_no_stable_identity	instable
uv	RvY_07328-1	14	0.5	0.07142857142857142	0.42857142857142855	up	0.5	0.5	instable	instable_no_stable_identity	instable
uv	RvY_07330	14	0.5	0.14285714285714285	0.35714285714285715	up	0.5	0.5	instable	instable_no_stable_identity	instable
uv	RvY_07341-1	14	0.14285714285714285	0.5	0.35714285714285715	down	0.5	0.5	instable	instable_no_stable_identity	instable
uv	RvY_07344-1	14	0.5	0	0.5	mixed	0.5	0.5	instable	instable_no_stable_identity	instable
uv	RvY_07346	14	0.07142857142857142	0.42857142857142855	0.5	constant	0.5	0.5	instable	instable_no_stable_identity	instable
uv	RvY_07353-1	14	0.2857142857142857	0.21428571428571427	0.5	constant	0.5	0.5	instable	instable_no_stable_identity	instable
uv	RvY_07354-1	14	0	0.5	0.5	mixed	0.5	0.5	instable	instable_no_stable_identity	instable
uv	RvY_07357-1	14	0.5	0	0.5	mixed	0.5	0.5	instable	instable_no_stable_identity	instable
uv	RvY_07364-1	14	0.42857142857142855	0.07142857142857142	0.5	constant	0.5	0.5	instable	instable_no_stable_identity	instable
uv	RvY_07365-1	14	0.14285714285714285	0.35714285714285715	0.5	constant	0.5	0.5	instable	instable_no_stable_identity	instable
uv	RvY_07369-1	14	0	0.5	0.5	mixed	0.5	0.5	instable	instable_no_stable_identity	instable
uv	RvY_07372	14	0.07142857142857142	0.42857142857142855	0.5	constant	0.5	0.5	instable	instable_no_stable_identity	instable
uv	RvY_07375-1	14	0.5	0	0.5	mixed	0.5	0.5	instable	instable_no_stable_identity	instable
uv	RvY_07379	14	0.07142857142857142	0.42857142857142855	0.5	constant	0.5	0.5	instable	instable_no_stable_identity	instable
uv	RvY_07395-1	14	0.14285714285714285	0.5	0.35714285714285715	down	0.5	0.5	instable	instable_no_stable_identity	instable
uv	RvY_07405-1	14	0.2857142857142857	0.21428571428571427	0.5	constant	0.5	0.5	instable	instable_no_stable_identity	instable
uv	RvY_07407	14	0.42857142857142855	0.07142857142857142	0.5	constant	0.5	0.5	instable	instable_no_stable_identity	instable
uv	RvY_07408-1	14	0.07142857142857142	0.5	0.42857142857142855	down	0.5	0.5	instable	instable_no_stable_identity	instable
uv	RvY_07420-1	14	0.2857142857142857	0.21428571428571427	0.5	constant	0.5	0.5	instable	instable_no_stable_identity	instable
uv	RvY_07435-1	14	0	0.5	0.5	mixed	0.5	0.5	instable	instable_no_stable_identity	instable
uv	RvY_07451-1	14	0.14285714285714285	0.5	0.35714285714285715	down	0.5	0.5	instable	instable_no_stable_identity	instable
uv	RvY_07465-1	14	0.2857142857142857	0.5	0.21428571428571427	down	0.5	0.5	instable	instable_no_stable_identity	instable
uv	RvY_07469-1	14	0.5	0.42857142857142855	0.07142857142857142	up	0.5	0.5	instable	instable_no_stable_identity	instable
uv	RvY_07473	14	0.07142857142857142	0.5	0.42857142857142855	down	0.5	0.5	instable	instable_no_stable_identity	instable
uv	RvY_07514-1	14	0.5	0.2857142857142857	0.21428571428571427	up	0.5	0.5	instable	instable_no_stable_identity	instable
uv	RvY_07515-1	14	0.07142857142857142	0.42857142857142855	0.5	constant	0.5	0.5	instable	instable_no_stable_identity	instable
uv	RvY_07533-1	14	0.35714285714285715	0.5	0.14285714285714285	down	0.5	0.5	instable	instable_no_stable_identity	instable
uv	RvY_07536-1	14	0.5	0	0.5	mixed	0.5	0.5	instable	instable_no_stable_identity	instable
uv	RvY_07538-1	14	0.5	0.2857142857142857	0.21428571428571427	up	0.5	0.5	instable	instable_no_stable_identity	instable
uv	RvY_07544-1	14	0.07142857142857142	0.5	0.42857142857142855	down	0.5	0.5	instable	instable_no_stable_identity	instable
uv	RvY_07549-1	14	0.5	0	0.5	mixed	0.5	0.5	instable	instable_no_stable_identity	instable
uv	RvY_07552-1	14	0.2857142857142857	0.21428571428571427	0.5	constant	0.5	0.5	instable	instable_no_stable_identity	instable
uv	RvY_07553	14	0.21428571428571427	0.2857142857142857	0.5	constant	0.5	0.5	instable	instable_no_stable_identity	instable
uv	RvY_07554	14	0.5	0.14285714285714285	0.35714285714285715	up	0.5	0.5	instable	instable_no_stable_identity	instable
uv	RvY_07574-1	14	0.5	0	0.5	mixed	0.5	0.5	instable	instable_no_stable_identity	instable
uv	RvY_07578-1	14	0.2857142857142857	0.21428571428571427	0.5	constant	0.5	0.5	instable	instable_no_stable_identity	instable
uv	RvY_07604	14	0	0.5	0.5	mixed	0.5	0.5	instable	instable_no_stable_identity	instable
uv	RvY_07619-1	14	0.07142857142857142	0.5	0.42857142857142855	down	0.5	0.5	instable	instable_no_stable_identity	instable
uv	RvY_07634-1	14	0.5	0.07142857142857142	0.42857142857142855	up	0.5	0.5	instable	instable_no_stable_identity	instable
uv	RvY_07636-1	14	0.42857142857142855	0.07142857142857142	0.5	constant	0.5	0.5	instable	instable_no_stable_identity	instable
uv	RvY_07641-1	14	0	0.5	0.5	mixed	0.5	0.5	instable	instable_no_stable_identity	instable
uv	RvY_07642-1	14	0.21428571428571427	0.2857142857142857	0.5	constant	0.5	0.5	instable	instable_no_stable_identity	instable
uv	RvY_07652	14	0.42857142857142855	0.07142857142857142	0.5	constant	0.5	0.5	instable	instable_no_stable_identity	instable
uv	RvY_07665-1	14	0.21428571428571427	0.2857142857142857	0.5	constant	0.5	0.5	instable	instable_no_stable_identity	instable
uv	RvY_07679-1	14	0.5	0	0.5	mixed	0.5	0.5	instable	instable_no_stable_identity	instable
uv	RvY_07683-1	14	0.5	0.21428571428571427	0.2857142857142857	up	0.5	0.5	instable	instable_no_stable_identity	instable
uv	RvY_07689-1	14	0.35714285714285715	0.14285714285714285	0.5	constant	0.5	0.5	instable	instable_no_stable_identity	instable
uv	RvY_07698-1	14	0.5	0	0.5	mixed	0.5	0.5	instable	instable_no_stable_identity	instable
uv	RvY_07700	14	0.2857142857142857	0.21428571428571427	0.5	constant	0.5	0.5	instable	instable_no_stable_identity	instable
uv	RvY_07704	14	0.07142857142857142	0.42857142857142855	0.5	constant	0.5	0.5	instable	instable_no_stable_identity	instable
uv	RvY_07711-1	14	0.5	0.07142857142857142	0.42857142857142855	up	0.5	0.5	instable	instable_no_stable_identity	instable
uv	RvY_07712-1	14	0.42857142857142855	0.07142857142857142	0.5	constant	0.5	0.5	instable	instable_no_stable_identity	instable
uv	RvY_07718-1	14	0.35714285714285715	0.14285714285714285	0.5	constant	0.5	0.5	instable	instable_no_stable_identity	instable
uv	RvY_07722-1	14	0.5	0.07142857142857142	0.42857142857142855	up	0.5	0.5	instable	instable_no_stable_identity	instable
uv	RvY_07727	14	0.5	0.07142857142857142	0.42857142857142855	up	0.5	0.5	instable	instable_no_stable_identity	instable
uv	RvY_07733-1	14	0.42857142857142855	0.07142857142857142	0.5	constant	0.5	0.5	instable	instable_no_stable_identity	instable
uv	RvY_07740-1	14	0.5	0	0.5	mixed	0.5	0.5	instable	instable_no_stable_identity	instable
uv	RvY_07754	14	0.5	0	0.5	mixed	0.5	0.5	instable	instable_no_stable_identity	instable
uv	RvY_07757-1	14	0	0.5	0.5	mixed	0.5	0.5	instable	instable_no_stable_identity	instable
uv	RvY_07758-1	14	0.21428571428571427	0.5	0.2857142857142857	down	0.5	0.5	instable	instable_no_stable_identity	instable
uv	RvY_07777-1	14	0.5	0.14285714285714285	0.35714285714285715	up	0.5	0.5	instable	instable_no_stable_identity	instable
uv	RvY_07779-1	14	0.07142857142857142	0.42857142857142855	0.5	constant	0.5	0.5	instable	instable_no_stable_identity	instable
uv	RvY_07787-1	14	0.5	0	0.5	mixed	0.5	0.5	instable	instable_no_stable_identity	instable
uv	RvY_07790-1	14	0.35714285714285715	0.14285714285714285	0.5	constant	0.5	0.5	instable	instable_no_stable_identity	instable
uv	RvY_07794-1	14	0.14285714285714285	0.35714285714285715	0.5	constant	0.5	0.5	instable	instable_no_stable_identity	instable
uv	RvY_07805-1	14	0.35714285714285715	0.14285714285714285	0.5	constant	0.5	0.5	instable	instable_no_stable_identity	instable
uv	RvY_07806-1	14	0.21428571428571427	0.2857142857142857	0.5	constant	0.5	0.5	instable	instable_no_stable_identity	instable
uv	RvY_07808-1	14	0.07142857142857142	0.42857142857142855	0.5	constant	0.5	0.5	instable	instable_no_stable_identity	instable
uv	RvY_07811-1	14	0.5	0	0.5	mixed	0.5	0.5	instable	instable_no_stable_identity	instable
uv	RvY_07826-1	14	0.42857142857142855	0.07142857142857142	0.5	constant	0.5	0.5	instable	instable_no_stable_identity	instable
uv	RvY_07840-1	14	0.21428571428571427	0.5	0.2857142857142857	down	0.5	0.5	instable	instable_no_stable_identity	instable
uv	RvY_07842-1	14	0	0.5	0.5	mixed	0.5	0.5	instable	instable_no_stable_identity	instable
uv	RvY_07861-1	14	0.42857142857142855	0.07142857142857142	0.5	constant	0.5	0.5	instable	instable_no_stable_identity	instable
uv	RvY_07873	14	0.07142857142857142	0.42857142857142855	0.5	constant	0.5	0.5	instable	instable_no_stable_identity	instable
uv	RvY_07880-1	14	0.07142857142857142	0.42857142857142855	0.5	constant	0.5	0.5	instable	instable_no_stable_identity	instable
uv	RvY_07891-1	14	0.5	0.14285714285714285	0.35714285714285715	up	0.5	0.5	instable	instable_no_stable_identity	instable
uv	RvY_07901-1	14	0.5	0.07142857142857142	0.42857142857142855	up	0.5	0.5	instable	instable_no_stable_identity	instable
uv	RvY_07906-1	14	0.35714285714285715	0.14285714285714285	0.5	constant	0.5	0.5	instable	instable_no_stable_identity	instable
uv	RvY_07907-1	14	0.07142857142857142	0.5	0.42857142857142855	down	0.5	0.5	instable	instable_no_stable_identity	instable
uv	RvY_07923-1	14	0.14285714285714285	0.35714285714285715	0.5	constant	0.5	0.5	instable	instable_no_stable_identity	instable
uv	RvY_07932-1	14	0.5	0.14285714285714285	0.35714285714285715	up	0.5	0.5	instable	instable_no_stable_identity	instable
uv	RvY_07948-1	14	0	0.5	0.5	mixed	0.5	0.5	instable	instable_no_stable_identity	instable
uv	RvY_07953-1	14	0.5	0	0.5	mixed	0.5	0.5	instable	instable_no_stable_identity	instable
uv	RvY_07954-1	14	0.5	0.07142857142857142	0.42857142857142855	up	0.5	0.5	instable	instable_no_stable_identity	instable
uv	RvY_07959-1	14	0.42857142857142855	0.07142857142857142	0.5	constant	0.5	0.5	instable	instable_no_stable_identity	instable
uv	RvY_07963-1	14	0.5	0	0.5	mixed	0.5	0.5	instable	instable_no_stable_identity	instable
uv	RvY_07967-1	14	0.5	0	0.5	mixed	0.5	0.5	instable	instable_no_stable_identity	instable
uv	RvY_07968-1	14	0.5	0.07142857142857142	0.42857142857142855	up	0.5	0.5	instable	instable_no_stable_identity	instable
uv	RvY_07970-1	14	0.07142857142857142	0.5	0.42857142857142855	down	0.5	0.5	instable	instable_no_stable_identity	instable
uv	RvY_07976-1	14	0	0.5	0.5	mixed	0.5	0.5	instable	instable_no_stable_identity	instable
uv	RvY_07983-1	14	0	0.5	0.5	mixed	0.5	0.5	instable	instable_no_stable_identity	instable
uv	RvY_07992-1	14	0.5	0	0.5	mixed	0.5	0.5	instable	instable_no_stable_identity	instable
uv	RvY_07999-1	14	0.07142857142857142	0.5	0.42857142857142855	down	0.5	0.5	instable	instable_no_stable_identity	instable
uv	RvY_08028-1	14	0	0.5	0.5	mixed	0.5	0.5	instable	instable_no_stable_identity	instable
uv	RvY_08033-1	14	0.5	0	0.5	mixed	0.5	0.5	instable	instable_no_stable_identity	instable
uv	RvY_08055-1	14	0	0.5	0.5	mixed	0.5	0.5	instable	instable_no_stable_identity	instable
uv	RvY_08073-1	14	0.14285714285714285	0.35714285714285715	0.5	constant	0.5	0.5	instable	instable_no_stable_identity	instable
uv	RvY_08092-1	14	0.07142857142857142	0.42857142857142855	0.5	constant	0.5	0.5	instable	instable_no_stable_identity	instable
uv	RvY_08105-1	14	0.5	0	0.5	mixed	0.5	0.5	instable	instable_no_stable_identity	instable
uv	RvY_08110-1	14	0.2857142857142857	0.21428571428571427	0.5	constant	0.5	0.5	instable	instable_no_stable_identity	instable
uv	RvY_08114-1	14	0.2857142857142857	0.21428571428571427	0.5	constant	0.5	0.5	instable	instable_no_stable_identity	instable
uv	RvY_08115	14	0	0.5	0.5	mixed	0.5	0.5	instable	instable_no_stable_identity	instable
uv	RvY_08118-1	14	0.2857142857142857	0.21428571428571427	0.5	constant	0.5	0.5	instable	instable_no_stable_identity	instable
uv	RvY_08119-1	14	0.07142857142857142	0.42857142857142855	0.5	constant	0.5	0.5	instable	instable_no_stable_identity	instable
uv	RvY_08138	14	0	0.5	0.5	mixed	0.5	0.5	instable	instable_no_stable_identity	instable
uv	RvY_08163-1	14	0.5	0.07142857142857142	0.42857142857142855	up	0.5	0.5	instable	instable_no_stable_identity	instable
uv	RvY_08176-1	14	0.5	0	0.5	mixed	0.5	0.5	instable	instable_no_stable_identity	instable
uv	RvY_08186-1	14	0.35714285714285715	0.14285714285714285	0.5	constant	0.5	0.5	instable	instable_no_stable_identity	instable
uv	RvY_08188-1	14	0.35714285714285715	0.14285714285714285	0.5	constant	0.5	0.5	instable	instable_no_stable_identity	instable
uv	RvY_08208-1	14	0.35714285714285715	0.5	0.14285714285714285	down	0.5	0.5	instable	instable_no_stable_identity	instable
uv	RvY_08210-1	14	0.2857142857142857	0.21428571428571427	0.5	constant	0.5	0.5	instable	instable_no_stable_identity	instable
uv	RvY_08212-1	14	0.21428571428571427	0.2857142857142857	0.5	constant	0.5	0.5	instable	instable_no_stable_identity	instable
uv	RvY_08219-1	14	0.5	0.07142857142857142	0.42857142857142855	up	0.5	0.5	instable	instable_no_stable_identity	instable
uv	RvY_08227	14	0.5	0	0.5	mixed	0.5	0.5	instable	instable_no_stable_identity	instable
uv	RvY_08238	14	0.07142857142857142	0.5	0.42857142857142855	down	0.5	0.5	instable	instable_no_stable_identity	instable
uv	RvY_08250-1	14	0.07142857142857142	0.42857142857142855	0.5	constant	0.5	0.5	instable	instable_no_stable_identity	instable
uv	RvY_08252-1	14	0.14285714285714285	0.35714285714285715	0.5	constant	0.5	0.5	instable	instable_no_stable_identity	instable
uv	RvY_08253	14	0	0.5	0.5	mixed	0.5	0.5	instable	instable_no_stable_identity	instable
uv	RvY_08254	14	0.5	0.07142857142857142	0.42857142857142855	up	0.5	0.5	instable	instable_no_stable_identity	instable
uv	RvY_08263	14	0.5	0	0.5	mixed	0.5	0.5	instable	instable_no_stable_identity	instable
uv	RvY_08268-1	14	0.42857142857142855	0.07142857142857142	0.5	constant	0.5	0.5	instable	instable_no_stable_identity	instable
uv	RvY_08280-1	14	0.21428571428571427	0.2857142857142857	0.5	constant	0.5	0.5	instable	instable_no_stable_identity	instable
uv	RvY_08286	14	0.35714285714285715	0.14285714285714285	0.5	constant	0.5	0.5	instable	instable_no_stable_identity	instable
uv	RvY_08289-1	14	0.14285714285714285	0.35714285714285715	0.5	constant	0.5	0.5	instable	instable_no_stable_identity	instable
uv	RvY_08304-1	14	0.42857142857142855	0.07142857142857142	0.5	constant	0.5	0.5	instable	instable_no_stable_identity	instable
uv	RvY_08319-1	14	0.07142857142857142	0.42857142857142855	0.5	constant	0.5	0.5	instable	instable_no_stable_identity	instable
uv	RvY_08385-1	14	0.07142857142857142	0.5	0.42857142857142855	down	0.5	0.5	instable	instable_no_stable_identity	instable
uv	RvY_08386-1	14	0.21428571428571427	0.5	0.2857142857142857	down	0.5	0.5	instable	instable_no_stable_identity	instable
uv	RvY_08410	14	0.42857142857142855	0.5	0.07142857142857142	down	0.5	0.5	instable	instable_no_stable_identity	instable
uv	RvY_08416-1	14	0.5	0	0.5	mixed	0.5	0.5	instable	instable_no_stable_identity	instable
uv	RvY_08499-1	14	0.5	0	0.5	mixed	0.5	0.5	instable	instable_no_stable_identity	instable
uv	RvY_08502-1	14	0.07142857142857142	0.42857142857142855	0.5	constant	0.5	0.5	instable	instable_no_stable_identity	instable
uv	RvY_08506	14	0	0.5	0.5	mixed	0.5	0.5	instable	instable_no_stable_identity	instable
uv	RvY_08508	14	0.14285714285714285	0.35714285714285715	0.5	constant	0.5	0.5	instable	instable_no_stable_identity	instable
uv	RvY_08511-1	14	0.5	0	0.5	mixed	0.5	0.5	instable	instable_no_stable_identity	instable
uv	RvY_08517-1	14	0.5	0	0.5	mixed	0.5	0.5	instable	instable_no_stable_identity	instable
uv	RvY_08523-1	14	0.5	0.14285714285714285	0.35714285714285715	up	0.5	0.5	instable	instable_no_stable_identity	instable
uv	RvY_08540	14	0.35714285714285715	0.14285714285714285	0.5	constant	0.5	0.5	instable	instable_no_stable_identity	instable
uv	RvY_08542	14	0.07142857142857142	0.5	0.42857142857142855	down	0.5	0.5	instable	instable_no_stable_identity	instable
uv	RvY_08545-1	14	0.42857142857142855	0.07142857142857142	0.5	constant	0.5	0.5	instable	instable_no_stable_identity	instable
uv	RvY_08546-1	14	0.14285714285714285	0.35714285714285715	0.5	constant	0.5	0.5	instable	instable_no_stable_identity	instable
uv	RvY_08565-1	14	0.21428571428571427	0.2857142857142857	0.5	constant	0.5	0.5	instable	instable_no_stable_identity	instable
uv	RvY_08568-1	14	0.5	0.07142857142857142	0.42857142857142855	up	0.5	0.5	instable	instable_no_stable_identity	instable
uv	RvY_08570-1	14	0.5	0	0.5	mixed	0.5	0.5	instable	instable_no_stable_identity	instable
uv	RvY_08573-1	14	0.42857142857142855	0.07142857142857142	0.5	constant	0.5	0.5	instable	instable_no_stable_identity	instable
uv	RvY_08589-1	14	0.07142857142857142	0.42857142857142855	0.5	constant	0.5	0.5	instable	instable_no_stable_identity	instable
uv	RvY_08599-1	14	0.42857142857142855	0.07142857142857142	0.5	constant	0.5	0.5	instable	instable_no_stable_identity	instable
uv	RvY_08621-1	14	0.07142857142857142	0.42857142857142855	0.5	constant	0.5	0.5	instable	instable_no_stable_identity	instable
uv	RvY_08630-1	14	0.5	0	0.5	mixed	0.5	0.5	instable	instable_no_stable_identity	instable
uv	RvY_08636-1	14	0.2857142857142857	0.21428571428571427	0.5	constant	0.5	0.5	instable	instable_no_stable_identity	instable
uv	RvY_08642-1	14	0.35714285714285715	0.14285714285714285	0.5	constant	0.5	0.5	instable	instable_no_stable_identity	instable
uv	RvY_08656-1	14	0.21428571428571427	0.2857142857142857	0.5	constant	0.5	0.5	instable	instable_no_stable_identity	instable
uv	RvY_08660	14	0.14285714285714285	0.5	0.35714285714285715	down	0.5	0.5	instable	instable_no_stable_identity	instable
uv	RvY_08662	14	0.07142857142857142	0.42857142857142855	0.5	constant	0.5	0.5	instable	instable_no_stable_identity	instable
uv	RvY_08675	14	0.07142857142857142	0.42857142857142855	0.5	constant	0.5	0.5	instable	instable_no_stable_identity	instable
uv	RvY_08676-1	14	0.5	0	0.5	mixed	0.5	0.5	instable	instable_no_stable_identity	instable
uv	RvY_08685	14	0	0.5	0.5	mixed	0.5	0.5	instable	instable_no_stable_identity	instable
uv	RvY_08688	14	0.2857142857142857	0.21428571428571427	0.5	constant	0.5	0.5	instable	instable_no_stable_identity	instable
uv	RvY_08689-1	14	0.07142857142857142	0.5	0.42857142857142855	down	0.5	0.5	instable	instable_no_stable_identity	instable
uv	RvY_08698-1	14	0	0.5	0.5	mixed	0.5	0.5	instable	instable_no_stable_identity	instable
uv	RvY_08701-1	14	0.07142857142857142	0.5	0.42857142857142855	down	0.5	0.5	instable	instable_no_stable_identity	instable
uv	RvY_08703-1	14	0.35714285714285715	0.14285714285714285	0.5	constant	0.5	0.5	instable	instable_no_stable_identity	instable
uv	RvY_08710-1	14	0.2857142857142857	0.21428571428571427	0.5	constant	0.5	0.5	instable	instable_no_stable_identity	instable
uv	RvY_08711	14	0.42857142857142855	0.07142857142857142	0.5	constant	0.5	0.5	instable	instable_no_stable_identity	instable
uv	RvY_08712-1	14	0.2857142857142857	0.21428571428571427	0.5	constant	0.5	0.5	instable	instable_no_stable_identity	instable
uv	RvY_08725-1	14	0.5	0	0.5	mixed	0.5	0.5	instable	instable_no_stable_identity	instable
uv	RvY_08733-1	14	0.35714285714285715	0.14285714285714285	0.5	constant	0.5	0.5	instable	instable_no_stable_identity	instable
uv	RvY_08743-1	14	0.21428571428571427	0.2857142857142857	0.5	constant	0.5	0.5	instable	instable_no_stable_identity	instable
uv	RvY_08770-1	14	0.21428571428571427	0.2857142857142857	0.5	constant	0.5	0.5	instable	instable_no_stable_identity	instable
uv	RvY_08785-1	14	0	0.5	0.5	mixed	0.5	0.5	instable	instable_no_stable_identity	instable
uv	RvY_08789-1	14	0.5	0	0.5	mixed	0.5	0.5	instable	instable_no_stable_identity	instable
uv	RvY_08804-1	14	0	0.5	0.5	mixed	0.5	0.5	instable	instable_no_stable_identity	instable
uv	RvY_08808	14	0.2857142857142857	0.21428571428571427	0.5	constant	0.5	0.5	instable	instable_no_stable_identity	instable
uv	RvY_08809-1	14	0.07142857142857142	0.5	0.42857142857142855	down	0.5	0.5	instable	instable_no_stable_identity	instable
uv	RvY_08810	14	0	0.5	0.5	mixed	0.5	0.5	instable	instable_no_stable_identity	instable
uv	RvY_08863-1	14	0	0.5	0.5	mixed	0.5	0.5	instable	instable_no_stable_identity	instable
uv	RvY_08870-1	14	0.5	0.21428571428571427	0.2857142857142857	up	0.5	0.5	instable	instable_no_stable_identity	instable
uv	RvY_08871-1	14	0	0.5	0.5	mixed	0.5	0.5	instable	instable_no_stable_identity	instable
uv	RvY_08880-1	14	0.5	0	0.5	mixed	0.5	0.5	instable	instable_no_stable_identity	instable
uv	RvY_08894-1	14	0.5	0	0.5	mixed	0.5	0.5	instable	instable_no_stable_identity	instable
uv	RvY_08897	14	0.35714285714285715	0.14285714285714285	0.5	constant	0.5	0.5	instable	instable_no_stable_identity	instable
uv	RvY_08902-1	14	0.21428571428571427	0.2857142857142857	0.5	constant	0.5	0.5	instable	instable_no_stable_identity	instable
uv	RvY_08904-1	14	0.5	0	0.5	mixed	0.5	0.5	instable	instable_no_stable_identity	instable
uv	RvY_08915	14	0	0.5	0.5	mixed	0.5	0.5	instable	instable_no_stable_identity	instable
uv	RvY_08920-1	14	0	0.5	0.5	mixed	0.5	0.5	instable	instable_no_stable_identity	instable
uv	RvY_08973-1	14	0.5	0.2857142857142857	0.21428571428571427	up	0.5	0.5	instable	instable_no_stable_identity	instable
uv	RvY_08988-1	14	0.5	0.07142857142857142	0.42857142857142855	up	0.5	0.5	instable	instable_no_stable_identity	instable
uv	RvY_09001-1	14	0.5	0	0.5	mixed	0.5	0.5	instable	instable_no_stable_identity	instable
uv	RvY_09012-1	14	0.5	0	0.5	mixed	0.5	0.5	instable	instable_no_stable_identity	instable
uv	RvY_09031-1	14	0	0.5	0.5	mixed	0.5	0.5	instable	instable_no_stable_identity	instable
uv	RvY_09039-1	14	0.5	0	0.5	mixed	0.5	0.5	instable	instable_no_stable_identity	instable
uv	RvY_09044-1	14	0	0.5	0.5	mixed	0.5	0.5	instable	instable_no_stable_identity	instable
uv	RvY_09050-1	14	0.07142857142857142	0.42857142857142855	0.5	constant	0.5	0.5	instable	instable_no_stable_identity	instable
uv	RvY_09053-1	14	0.5	0.07142857142857142	0.42857142857142855	up	0.5	0.5	instable	instable_no_stable_identity	instable
uv	RvY_09060-1	14	0.21428571428571427	0.2857142857142857	0.5	constant	0.5	0.5	instable	instable_no_stable_identity	instable
uv	RvY_09077-1	14	0.5	0	0.5	mixed	0.5	0.5	instable	instable_no_stable_identity	instable
uv	RvY_09079-1	14	0.21428571428571427	0.2857142857142857	0.5	constant	0.5	0.5	instable	instable_no_stable_identity	instable
uv	RvY_09082-1	14	0.42857142857142855	0.07142857142857142	0.5	constant	0.5	0.5	instable	instable_no_stable_identity	instable
uv	RvY_09088-1	14	0.5	0.07142857142857142	0.42857142857142855	up	0.5	0.5	instable	instable_no_stable_identity	instable
uv	RvY_09090-1	14	0	0.5	0.5	mixed	0.5	0.5	instable	instable_no_stable_identity	instable
uv	RvY_09092-1	14	0.07142857142857142	0.42857142857142855	0.5	constant	0.5	0.5	instable	instable_no_stable_identity	instable
uv	RvY_09094-1	14	0.35714285714285715	0.14285714285714285	0.5	constant	0.5	0.5	instable	instable_no_stable_identity	instable
uv	RvY_09096-1	14	0.5	0.42857142857142855	0.07142857142857142	up	0.5	0.5	instable	instable_no_stable_identity	instable
uv	RvY_09101-1	14	0	0.5	0.5	mixed	0.5	0.5	instable	instable_no_stable_identity	instable
uv	RvY_09124-1	14	0.07142857142857142	0.5	0.42857142857142855	down	0.5	0.5	instable	instable_no_stable_identity	instable
uv	RvY_09128-1	14	0	0.5	0.5	mixed	0.5	0.5	instable	instable_no_stable_identity	instable
uv	RvY_09132	14	0.5	0	0.5	mixed	0.5	0.5	instable	instable_no_stable_identity	instable
uv	RvY_09143	14	0.21428571428571427	0.2857142857142857	0.5	constant	0.5	0.5	instable	instable_no_stable_identity	instable
uv	RvY_09148-1	14	0.42857142857142855	0.07142857142857142	0.5	constant	0.5	0.5	instable	instable_no_stable_identity	instable
uv	RvY_09151-1	14	0.42857142857142855	0.07142857142857142	0.5	constant	0.5	0.5	instable	instable_no_stable_identity	instable
uv	RvY_09155-1	14	0.2857142857142857	0.21428571428571427	0.5	constant	0.5	0.5	instable	instable_no_stable_identity	instable
uv	RvY_09173-1	14	0.14285714285714285	0.35714285714285715	0.5	constant	0.5	0.5	instable	instable_no_stable_identity	instable
uv	RvY_09184-1	14	0.2857142857142857	0.21428571428571427	0.5	constant	0.5	0.5	instable	instable_no_stable_identity	instable
uv	RvY_09188-1	14	0.07142857142857142	0.5	0.42857142857142855	down	0.5	0.5	instable	instable_no_stable_identity	instable
uv	RvY_09190	14	0.21428571428571427	0.5	0.2857142857142857	down	0.5	0.5	instable	instable_no_stable_identity	instable
uv	RvY_09200	14	0.42857142857142855	0.07142857142857142	0.5	constant	0.5	0.5	instable	instable_no_stable_identity	instable
uv	RvY_09201-1	14	0.35714285714285715	0.14285714285714285	0.5	constant	0.5	0.5	instable	instable_no_stable_identity	instable
uv	RvY_09218-1	14	0.21428571428571427	0.2857142857142857	0.5	constant	0.5	0.5	instable	instable_no_stable_identity	instable
uv	RvY_09228-1	14	0	0.5	0.5	mixed	0.5	0.5	instable	instable_no_stable_identity	instable
uv	RvY_09241-1	14	0.14285714285714285	0.5	0.35714285714285715	down	0.5	0.5	instable	instable_no_stable_identity	instable
uv	RvY_09248-1	14	0	0.5	0.5	mixed	0.5	0.5	instable	instable_no_stable_identity	instable
uv	RvY_09251-1	14	0.5	0.07142857142857142	0.42857142857142855	up	0.5	0.5	instable	instable_no_stable_identity	instable
uv	RvY_09256	14	0.14285714285714285	0.5	0.35714285714285715	down	0.5	0.5	instable	instable_no_stable_identity	instable
uv	RvY_09259-1	14	0	0.5	0.5	mixed	0.5	0.5	instable	instable_no_stable_identity	instable
uv	RvY_09271-1	14	0.2857142857142857	0.21428571428571427	0.5	constant	0.5	0.5	instable	instable_no_stable_identity	instable
uv	RvY_09276	14	0.21428571428571427	0.2857142857142857	0.5	constant	0.5	0.5	instable	instable_no_stable_identity	instable
uv	RvY_09282	14	0.07142857142857142	0.5	0.42857142857142855	down	0.5	0.5	instable	instable_no_stable_identity	instable
uv	RvY_09288	14	0.07142857142857142	0.5	0.42857142857142855	down	0.5	0.5	instable	instable_no_stable_identity	instable
uv	RvY_09292-1	14	0.5	0	0.5	mixed	0.5	0.5	instable	instable_no_stable_identity	instable
uv	RvY_09299-1	14	0	0.5	0.5	mixed	0.5	0.5	instable	instable_no_stable_identity	instable
uv	RvY_09312-1	14	0.42857142857142855	0.07142857142857142	0.5	constant	0.5	0.5	instable	instable_no_stable_identity	instable
uv	RvY_09317-1	14	0.5	0	0.5	mixed	0.5	0.5	instable	instable_no_stable_identity	instable
uv	RvY_09320-1	14	0.35714285714285715	0.14285714285714285	0.5	constant	0.5	0.5	instable	instable_no_stable_identity	instable
uv	RvY_09358-1	14	0.5	0	0.5	mixed	0.5	0.5	instable	instable_no_stable_identity	instable
uv	RvY_09360-1	14	0.14285714285714285	0.35714285714285715	0.5	constant	0.5	0.5	instable	instable_no_stable_identity	instable
uv	RvY_09370-1	14	0.5	0	0.5	mixed	0.5	0.5	instable	instable_no_stable_identity	instable
uv	RvY_09384-1	14	0.07142857142857142	0.42857142857142855	0.5	constant	0.5	0.5	instable	instable_no_stable_identity	instable
uv	RvY_09387-1	14	0	0.5	0.5	mixed	0.5	0.5	instable	instable_no_stable_identity	instable
uv	RvY_09389-1	14	0.5	0.14285714285714285	0.35714285714285715	up	0.5	0.5	instable	instable_no_stable_identity	instable
uv	RvY_09409-1	14	0.42857142857142855	0.07142857142857142	0.5	constant	0.5	0.5	instable	instable_no_stable_identity	instable
uv	RvY_09414-1	14	0	0.5	0.5	mixed	0.5	0.5	instable	instable_no_stable_identity	instable
uv	RvY_09422-1	14	0.14285714285714285	0.35714285714285715	0.5	constant	0.5	0.5	instable	instable_no_stable_identity	instable
uv	RvY_09423-1	14	0.5	0	0.5	mixed	0.5	0.5	instable	instable_no_stable_identity	instable
uv	RvY_09426-1	14	0.35714285714285715	0.14285714285714285	0.5	constant	0.5	0.5	instable	instable_no_stable_identity	instable
uv	RvY_09430-1	14	0.42857142857142855	0.07142857142857142	0.5	constant	0.5	0.5	instable	instable_no_stable_identity	instable
uv	RvY_09442-1	14	0.21428571428571427	0.2857142857142857	0.5	constant	0.5	0.5	instable	instable_no_stable_identity	instable
uv	RvY_09445	14	0.07142857142857142	0.5	0.42857142857142855	down	0.5	0.5	instable	instable_no_stable_identity	instable
uv	RvY_09455-1	14	0.07142857142857142	0.5	0.42857142857142855	down	0.5	0.5	instable	instable_no_stable_identity	instable
uv	RvY_09456-1	14	0.42857142857142855	0.07142857142857142	0.5	constant	0.5	0.5	instable	instable_no_stable_identity	instable
uv	RvY_09467-1	14	0.42857142857142855	0.07142857142857142	0.5	constant	0.5	0.5	instable	instable_no_stable_identity	instable
uv	RvY_09468-1	14	0.42857142857142855	0.07142857142857142	0.5	constant	0.5	0.5	instable	instable_no_stable_identity	instable
uv	RvY_09477-1	14	0.42857142857142855	0.07142857142857142	0.5	constant	0.5	0.5	instable	instable_no_stable_identity	instable
uv	RvY_09479-1	14	0	0.5	0.5	mixed	0.5	0.5	instable	instable_no_stable_identity	instable
uv	RvY_09481-1	14	0.5	0	0.5	mixed	0.5	0.5	instable	instable_no_stable_identity	instable
uv	RvY_09486-1	14	0.35714285714285715	0.14285714285714285	0.5	constant	0.5	0.5	instable	instable_no_stable_identity	instable
uv	RvY_09491-1	14	0.5	0	0.5	mixed	0.5	0.5	instable	instable_no_stable_identity	instable
uv	RvY_09501-1	14	0.07142857142857142	0.5	0.42857142857142855	down	0.5	0.5	instable	instable_no_stable_identity	instable
uv	RvY_09502	14	0.42857142857142855	0.07142857142857142	0.5	constant	0.5	0.5	instable	instable_no_stable_identity	instable
uv	RvY_09515-1	14	0.5	0	0.5	mixed	0.5	0.5	instable	instable_no_stable_identity	instable
uv	RvY_09521-1	14	0.14285714285714285	0.35714285714285715	0.5	constant	0.5	0.5	instable	instable_no_stable_identity	instable
uv	RvY_09529-1	14	0	0.5	0.5	mixed	0.5	0.5	instable	instable_no_stable_identity	instable
uv	RvY_09577	14	0.2857142857142857	0.5	0.21428571428571427	down	0.5	0.5	instable	instable_no_stable_identity	instable
uv	RvY_09594	14	0.07142857142857142	0.42857142857142855	0.5	constant	0.5	0.5	instable	instable_no_stable_identity	instable
uv	RvY_09601-1	14	0.14285714285714285	0.35714285714285715	0.5	constant	0.5	0.5	instable	instable_no_stable_identity	instable
uv	RvY_09607-1	14	0.2857142857142857	0.5	0.21428571428571427	down	0.5	0.5	instable	instable_no_stable_identity	instable
uv	RvY_09608	14	0.5	0	0.5	mixed	0.5	0.5	instable	instable_no_stable_identity	instable
uv	RvY_09614-1	14	0.5	0	0.5	mixed	0.5	0.5	instable	instable_no_stable_identity	instable
uv	RvY_09615-1	14	0.21428571428571427	0.5	0.2857142857142857	down	0.5	0.5	instable	instable_no_stable_identity	instable
uv	RvY_09635-1	14	0.07142857142857142	0.42857142857142855	0.5	constant	0.5	0.5	instable	instable_no_stable_identity	instable
uv	RvY_09640-1	14	0.5	0	0.5	mixed	0.5	0.5	instable	instable_no_stable_identity	instable
uv	RvY_09647-1	14	0	0.5	0.5	mixed	0.5	0.5	instable	instable_no_stable_identity	instable
uv	RvY_09661-1	14	0.42857142857142855	0.07142857142857142	0.5	constant	0.5	0.5	instable	instable_no_stable_identity	instable
uv	RvY_09669-1	14	0.5	0.35714285714285715	0.14285714285714285	up	0.5	0.5	instable	instable_no_stable_identity	instable
uv	RvY_09674-1	14	0.07142857142857142	0.42857142857142855	0.5	constant	0.5	0.5	instable	instable_no_stable_identity	instable
uv	RvY_09678-1	14	0.07142857142857142	0.5	0.42857142857142855	down	0.5	0.5	instable	instable_no_stable_identity	instable
uv	RvY_09686	14	0.07142857142857142	0.5	0.42857142857142855	down	0.5	0.5	instable	instable_no_stable_identity	instable
uv	RvY_09703-1	14	0.2857142857142857	0.21428571428571427	0.5	constant	0.5	0.5	instable	instable_no_stable_identity	instable
uv	RvY_09710-1	14	0.5	0	0.5	mixed	0.5	0.5	instable	instable_no_stable_identity	instable
uv	RvY_09725-1	14	0.07142857142857142	0.5	0.42857142857142855	down	0.5	0.5	instable	instable_no_stable_identity	instable
uv	RvY_09732-1	14	0.5	0.21428571428571427	0.2857142857142857	up	0.5	0.5	instable	instable_no_stable_identity	instable
uv	RvY_09737-1	14	0.14285714285714285	0.35714285714285715	0.5	constant	0.5	0.5	instable	instable_no_stable_identity	instable
uv	RvY_09738-1	14	0	0.5	0.5	mixed	0.5	0.5	instable	instable_no_stable_identity	instable
uv	RvY_09740-1	14	0.5	0	0.5	mixed	0.5	0.5	instable	instable_no_stable_identity	instable
uv	RvY_09764-1	14	0	0.5	0.5	mixed	0.5	0.5	instable	instable_no_stable_identity	instable
uv	RvY_09768-1	14	0.14285714285714285	0.35714285714285715	0.5	constant	0.5	0.5	instable	instable_no_stable_identity	instable
uv	RvY_09773-1	14	0	0.5	0.5	mixed	0.5	0.5	instable	instable_no_stable_identity	instable
uv	RvY_09791-1	14	0.35714285714285715	0.14285714285714285	0.5	constant	0.5	0.5	instable	instable_no_stable_identity	instable
uv	RvY_09792-1	14	0.2857142857142857	0.21428571428571427	0.5	constant	0.5	0.5	instable	instable_no_stable_identity	instable
uv	RvY_09793-1	14	0.2857142857142857	0.21428571428571427	0.5	constant	0.5	0.5	instable	instable_no_stable_identity	instable
uv	RvY_09811-1	14	0	0.5	0.5	mixed	0.5	0.5	instable	instable_no_stable_identity	instable
uv	RvY_09815	14	0.5	0	0.5	mixed	0.5	0.5	instable	instable_no_stable_identity	instable
uv	RvY_09822	14	0.14285714285714285	0.35714285714285715	0.5	constant	0.5	0.5	instable	instable_no_stable_identity	instable
uv	RvY_09828-1	14	0.14285714285714285	0.35714285714285715	0.5	constant	0.5	0.5	instable	instable_no_stable_identity	instable
uv	RvY_09833-1	14	0.5	0	0.5	mixed	0.5	0.5	instable	instable_no_stable_identity	instable
uv	RvY_09834-1	14	0.5	0	0.5	mixed	0.5	0.5	instable	instable_no_stable_identity	instable
uv	RvY_09878-1	14	0	0.5	0.5	mixed	0.5	0.5	instable	instable_no_stable_identity	instable
uv	RvY_09884	14	0	0.5	0.5	mixed	0.5	0.5	instable	instable_no_stable_identity	instable
uv	RvY_09889-1	14	0.14285714285714285	0.5	0.35714285714285715	down	0.5	0.5	instable	instable_no_stable_identity	instable
uv	RvY_09903-1	14	0.2857142857142857	0.21428571428571427	0.5	constant	0.5	0.5	instable	instable_no_stable_identity	instable
uv	RvY_09917	14	0.07142857142857142	0.42857142857142855	0.5	constant	0.5	0.5	instable	instable_no_stable_identity	instable
uv	RvY_09918-1	14	0.5	0.07142857142857142	0.42857142857142855	up	0.5	0.5	instable	instable_no_stable_identity	instable
uv	RvY_09954	14	0.5	0	0.5	mixed	0.5	0.5	instable	instable_no_stable_identity	instable
uv	RvY_09955-1	14	0.5	0.07142857142857142	0.42857142857142855	up	0.5	0.5	instable	instable_no_stable_identity	instable
uv	RvY_09958-1	14	0.5	0.14285714285714285	0.35714285714285715	up	0.5	0.5	instable	instable_no_stable_identity	instable
uv	RvY_09970-1	14	0.2857142857142857	0.5	0.21428571428571427	down	0.5	0.5	instable	instable_no_stable_identity	instable
uv	RvY_09985	14	0.35714285714285715	0.14285714285714285	0.5	constant	0.5	0.5	instable	instable_no_stable_identity	instable
uv	RvY_09991	14	0.5	0.14285714285714285	0.35714285714285715	up	0.5	0.5	instable	instable_no_stable_identity	instable
uv	RvY_09992-1	14	0.35714285714285715	0.14285714285714285	0.5	constant	0.5	0.5	instable	instable_no_stable_identity	instable
uv	RvY_10015-1	14	0	0.5	0.5	mixed	0.5	0.5	instable	instable_no_stable_identity	instable
uv	RvY_10042-1	14	0.14285714285714285	0.35714285714285715	0.5	constant	0.5	0.5	instable	instable_no_stable_identity	instable
uv	RvY_10058-1	14	0.07142857142857142	0.5	0.42857142857142855	down	0.5	0.5	instable	instable_no_stable_identity	instable
uv	RvY_10062-1	14	0.35714285714285715	0.14285714285714285	0.5	constant	0.5	0.5	instable	instable_no_stable_identity	instable
uv	RvY_10065-1	14	0.07142857142857142	0.5	0.42857142857142855	down	0.5	0.5	instable	instable_no_stable_identity	instable
uv	RvY_10078-1	14	0.5	0.07142857142857142	0.42857142857142855	up	0.5	0.5	instable	instable_no_stable_identity	instable
uv	RvY_10087-1	14	0.5	0.07142857142857142	0.42857142857142855	up	0.5	0.5	instable	instable_no_stable_identity	instable
uv	RvY_10092-1	14	0.35714285714285715	0.14285714285714285	0.5	constant	0.5	0.5	instable	instable_no_stable_identity	instable
uv	RvY_10101	14	0	0.5	0.5	mixed	0.5	0.5	instable	instable_no_stable_identity	instable
uv	RvY_10120-1	14	0.5	0	0.5	mixed	0.5	0.5	instable	instable_no_stable_identity	instable
uv	RvY_10121-1	14	0.07142857142857142	0.42857142857142855	0.5	constant	0.5	0.5	instable	instable_no_stable_identity	instable
uv	RvY_10132-1	14	0.21428571428571427	0.2857142857142857	0.5	constant	0.5	0.5	instable	instable_no_stable_identity	instable
uv	RvY_10137-1	14	0.5	0.14285714285714285	0.35714285714285715	up	0.5	0.5	instable	instable_no_stable_identity	instable
uv	RvY_10138-1	14	0.5	0.07142857142857142	0.42857142857142855	up	0.5	0.5	instable	instable_no_stable_identity	instable
uv	RvY_10145-1	14	0.14285714285714285	0.35714285714285715	0.5	constant	0.5	0.5	instable	instable_no_stable_identity	instable
uv	RvY_10147-1	14	0.35714285714285715	0.14285714285714285	0.5	constant	0.5	0.5	instable	instable_no_stable_identity	instable
uv	RvY_10149-1	14	0.42857142857142855	0.07142857142857142	0.5	constant	0.5	0.5	instable	instable_no_stable_identity	instable
uv	RvY_10155-1	14	0	0.5	0.5	mixed	0.5	0.5	instable	instable_no_stable_identity	instable
uv	RvY_10168-1	14	0.14285714285714285	0.35714285714285715	0.5	constant	0.5	0.5	instable	instable_no_stable_identity	instable
uv	RvY_10174-1	14	0.35714285714285715	0.14285714285714285	0.5	constant	0.5	0.5	instable	instable_no_stable_identity	instable
uv	RvY_10175-1	14	0.5	0.07142857142857142	0.42857142857142855	up	0.5	0.5	instable	instable_no_stable_identity	instable
uv	RvY_10177-1	14	0.5	0	0.5	mixed	0.5	0.5	instable	instable_no_stable_identity	instable
uv	RvY_10184-1	14	0	0.5	0.5	mixed	0.5	0.5	instable	instable_no_stable_identity	instable
uv	RvY_10201-1	14	0.42857142857142855	0.07142857142857142	0.5	constant	0.5	0.5	instable	instable_no_stable_identity	instable
uv	RvY_10223-1	14	0	0.5	0.5	mixed	0.5	0.5	instable	instable_no_stable_identity	instable
uv	RvY_10224-1	14	0	0.5	0.5	mixed	0.5	0.5	instable	instable_no_stable_identity	instable
uv	RvY_10229-1	14	0	0.5	0.5	mixed	0.5	0.5	instable	instable_no_stable_identity	instable
uv	RvY_10234	14	0.5	0	0.5	mixed	0.5	0.5	instable	instable_no_stable_identity	instable
uv	RvY_10274	14	0.5	0.07142857142857142	0.42857142857142855	up	0.5	0.5	instable	instable_no_stable_identity	instable
uv	RvY_10276-1	14	0.07142857142857142	0.42857142857142855	0.5	constant	0.5	0.5	instable	instable_no_stable_identity	instable
uv	RvY_10280-1	14	0	0.5	0.5	mixed	0.5	0.5	instable	instable_no_stable_identity	instable
uv	RvY_10297-1	14	0.5	0	0.5	mixed	0.5	0.5	instable	instable_no_stable_identity	instable
uv	RvY_10305-1	14	0.21428571428571427	0.2857142857142857	0.5	constant	0.5	0.5	instable	instable_no_stable_identity	instable
uv	RvY_10337-1	14	0.14285714285714285	0.35714285714285715	0.5	constant	0.5	0.5	instable	instable_no_stable_identity	instable
uv	RvY_10340-1	14	0.21428571428571427	0.2857142857142857	0.5	constant	0.5	0.5	instable	instable_no_stable_identity	instable
uv	RvY_10352-1	14	0	0.5	0.5	mixed	0.5	0.5	instable	instable_no_stable_identity	instable
uv	RvY_10356	14	0.35714285714285715	0.14285714285714285	0.5	constant	0.5	0.5	instable	instable_no_stable_identity	instable
uv	RvY_10380-1	14	0.35714285714285715	0.14285714285714285	0.5	constant	0.5	0.5	instable	instable_no_stable_identity	instable
uv	RvY_10401-1	14	0.5	0	0.5	mixed	0.5	0.5	instable	instable_no_stable_identity	instable
uv	RvY_10416-1	14	0	0.5	0.5	mixed	0.5	0.5	instable	instable_no_stable_identity	instable
uv	RvY_10417-1	14	0	0.5	0.5	mixed	0.5	0.5	instable	instable_no_stable_identity	instable
uv	RvY_10421-1	14	0.5	0.07142857142857142	0.42857142857142855	up	0.5	0.5	instable	instable_no_stable_identity	instable
uv	RvY_10423-1	14	0.5	0	0.5	mixed	0.5	0.5	instable	instable_no_stable_identity	instable
uv	RvY_10424-1	14	0.5	0	0.5	mixed	0.5	0.5	instable	instable_no_stable_identity	instable
uv	RvY_10426	14	0.2857142857142857	0.21428571428571427	0.5	constant	0.5	0.5	instable	instable_no_stable_identity	instable
uv	RvY_10495-1	14	0.21428571428571427	0.2857142857142857	0.5	constant	0.5	0.5	instable	instable_no_stable_identity	instable
uv	RvY_10507-1	14	0.21428571428571427	0.2857142857142857	0.5	constant	0.5	0.5	instable	instable_no_stable_identity	instable
uv	RvY_10523-1	14	0.5	0	0.5	mixed	0.5	0.5	instable	instable_no_stable_identity	instable
uv	RvY_10527	14	0.35714285714285715	0.14285714285714285	0.5	constant	0.5	0.5	instable	instable_no_stable_identity	instable
uv	RvY_10533-1	14	0.14285714285714285	0.35714285714285715	0.5	constant	0.5	0.5	instable	instable_no_stable_identity	instable
uv	RvY_10534-1	14	0.14285714285714285	0.5	0.35714285714285715	down	0.5	0.5	instable	instable_no_stable_identity	instable
uv	RvY_10535	14	0.5	0.07142857142857142	0.42857142857142855	up	0.5	0.5	instable	instable_no_stable_identity	instable
uv	RvY_10552	14	0.14285714285714285	0.35714285714285715	0.5	constant	0.5	0.5	instable	instable_no_stable_identity	instable
uv	RvY_10562-1	14	0.5	0.14285714285714285	0.35714285714285715	up	0.5	0.5	instable	instable_no_stable_identity	instable
uv	RvY_10564-1	14	0	0.5	0.5	mixed	0.5	0.5	instable	instable_no_stable_identity	instable
uv	RvY_10567-1	14	0	0.5	0.5	mixed	0.5	0.5	instable	instable_no_stable_identity	instable
uv	RvY_10572-1	14	0.5	0.07142857142857142	0.42857142857142855	up	0.5	0.5	instable	instable_no_stable_identity	instable
uv	RvY_10591-1	14	0.42857142857142855	0.07142857142857142	0.5	constant	0.5	0.5	instable	instable_no_stable_identity	instable
uv	RvY_10595-1	14	0	0.5	0.5	mixed	0.5	0.5	instable	instable_no_stable_identity	instable
uv	RvY_10601-1	14	0.2857142857142857	0.21428571428571427	0.5	constant	0.5	0.5	instable	instable_no_stable_identity	instable
uv	RvY_10619	14	0.2857142857142857	0.21428571428571427	0.5	constant	0.5	0.5	instable	instable_no_stable_identity	instable
uv	RvY_10623	14	0.14285714285714285	0.35714285714285715	0.5	constant	0.5	0.5	instable	instable_no_stable_identity	instable
uv	RvY_10627	14	0.2857142857142857	0.21428571428571427	0.5	constant	0.5	0.5	instable	instable_no_stable_identity	instable
uv	RvY_10663-1	14	0	0.5	0.5	mixed	0.5	0.5	instable	instable_no_stable_identity	instable
uv	RvY_10665-1	14	0.2857142857142857	0.21428571428571427	0.5	constant	0.5	0.5	instable	instable_no_stable_identity	instable
uv	RvY_10672-1	14	0.5	0	0.5	mixed	0.5	0.5	instable	instable_no_stable_identity	instable
uv	RvY_10694-1	14	0.5	0	0.5	mixed	0.5	0.5	instable	instable_no_stable_identity	instable
uv	RvY_10712	14	0.07142857142857142	0.42857142857142855	0.5	constant	0.5	0.5	instable	instable_no_stable_identity	instable
uv	RvY_10714-1	14	0.35714285714285715	0.14285714285714285	0.5	constant	0.5	0.5	instable	instable_no_stable_identity	instable
uv	RvY_10740-1	14	0.5	0	0.5	mixed	0.5	0.5	instable	instable_no_stable_identity	instable
uv	RvY_10742-1	14	0.5	0	0.5	mixed	0.5	0.5	instable	instable_no_stable_identity	instable
uv	RvY_10749-1	14	0.42857142857142855	0.07142857142857142	0.5	constant	0.5	0.5	instable	instable_no_stable_identity	instable
uv	RvY_10771-1	14	0.21428571428571427	0.2857142857142857	0.5	constant	0.5	0.5	instable	instable_no_stable_identity	instable
uv	RvY_10777-1	14	0.07142857142857142	0.42857142857142855	0.5	constant	0.5	0.5	instable	instable_no_stable_identity	instable
uv	RvY_10788-1	14	0.14285714285714285	0.35714285714285715	0.5	constant	0.5	0.5	instable	instable_no_stable_identity	instable
uv	RvY_10791-1	14	0.42857142857142855	0.07142857142857142	0.5	constant	0.5	0.5	instable	instable_no_stable_identity	instable
uv	RvY_10804-1	14	0.07142857142857142	0.42857142857142855	0.5	constant	0.5	0.5	instable	instable_no_stable_identity	instable
uv	RvY_10805-1	14	0.35714285714285715	0.14285714285714285	0.5	constant	0.5	0.5	instable	instable_no_stable_identity	instable
uv	RvY_10812-1	14	0.35714285714285715	0.14285714285714285	0.5	constant	0.5	0.5	instable	instable_no_stable_identity	instable
uv	RvY_10826-1	14	0.14285714285714285	0.35714285714285715	0.5	constant	0.5	0.5	instable	instable_no_stable_identity	instable
uv	RvY_10833-1	14	0.5	0	0.5	mixed	0.5	0.5	instable	instable_no_stable_identity	instable
uv	RvY_10834-1	14	0.42857142857142855	0.07142857142857142	0.5	constant	0.5	0.5	instable	instable_no_stable_identity	instable
uv	RvY_10839-1	14	0.35714285714285715	0.14285714285714285	0.5	constant	0.5	0.5	instable	instable_no_stable_identity	instable
uv	RvY_10865-1	14	0.14285714285714285	0.35714285714285715	0.5	constant	0.5	0.5	instable	instable_no_stable_identity	instable
uv	RvY_10867	14	0.5	0.14285714285714285	0.35714285714285715	up	0.5	0.5	instable	instable_no_stable_identity	instable
uv	RvY_10940-1	14	0.42857142857142855	0.07142857142857142	0.5	constant	0.5	0.5	instable	instable_no_stable_identity	instable
uv	RvY_10950	14	0.35714285714285715	0.5	0.14285714285714285	down	0.5	0.5	instable	instable_no_stable_identity	instable
uv	RvY_10952-1	14	0	0.5	0.5	mixed	0.5	0.5	instable	instable_no_stable_identity	instable
uv	RvY_10962	14	0.14285714285714285	0.5	0.35714285714285715	down	0.5	0.5	instable	instable_no_stable_identity	instable
uv	RvY_10964-1	14	0.14285714285714285	0.35714285714285715	0.5	constant	0.5	0.5	instable	instable_no_stable_identity	instable
uv	RvY_10989-1	14	0.21428571428571427	0.2857142857142857	0.5	constant	0.5	0.5	instable	instable_no_stable_identity	instable
uv	RvY_11014-1	14	0.5	0	0.5	mixed	0.5	0.5	instable	instable_no_stable_identity	instable
uv	RvY_11023-1	14	0.5	0	0.5	mixed	0.5	0.5	instable	instable_no_stable_identity	instable
uv	RvY_11035-1	14	0	0.5	0.5	mixed	0.5	0.5	instable	instable_no_stable_identity	instable
uv	RvY_11044-1	14	0.42857142857142855	0.07142857142857142	0.5	constant	0.5	0.5	instable	instable_no_stable_identity	instable
uv	RvY_11048-1	14	0.21428571428571427	0.5	0.2857142857142857	down	0.5	0.5	instable	instable_no_stable_identity	instable
uv	RvY_11049-1	14	0.42857142857142855	0.07142857142857142	0.5	constant	0.5	0.5	instable	instable_no_stable_identity	instable
uv	RvY_11058-1	14	0	0.5	0.5	mixed	0.5	0.5	instable	instable_no_stable_identity	instable
uv	RvY_11074-1	14	0.5	0	0.5	mixed	0.5	0.5	instable	instable_no_stable_identity	instable
uv	RvY_11087-1	14	0	0.5	0.5	mixed	0.5	0.5	instable	instable_no_stable_identity	instable
uv	RvY_11093	14	0.5	0.07142857142857142	0.42857142857142855	up	0.5	0.5	instable	instable_no_stable_identity	instable
uv	RvY_11103-1	14	0.5	0.07142857142857142	0.42857142857142855	up	0.5	0.5	instable	instable_no_stable_identity	instable
uv	RvY_11105-1	14	0.5	0.07142857142857142	0.42857142857142855	up	0.5	0.5	instable	instable_no_stable_identity	instable
uv	RvY_11106-1	14	0.42857142857142855	0.07142857142857142	0.5	constant	0.5	0.5	instable	instable_no_stable_identity	instable
uv	RvY_11110-1	14	0.5	0	0.5	mixed	0.5	0.5	instable	instable_no_stable_identity	instable
uv	RvY_11131-1	14	0.07142857142857142	0.42857142857142855	0.5	constant	0.5	0.5	instable	instable_no_stable_identity	instable
uv	RvY_11135	14	0	0.5	0.5	mixed	0.5	0.5	instable	instable_no_stable_identity	instable
uv	RvY_11147	14	0.5	0	0.5	mixed	0.5	0.5	instable	instable_no_stable_identity	instable
uv	RvY_11174-1	14	0.2857142857142857	0.21428571428571427	0.5	constant	0.5	0.5	instable	instable_no_stable_identity	instable
uv	RvY_11192-1	14	0.14285714285714285	0.35714285714285715	0.5	constant	0.5	0.5	instable	instable_no_stable_identity	instable
uv	RvY_11214-1	14	0.2857142857142857	0.21428571428571427	0.5	constant	0.5	0.5	instable	instable_no_stable_identity	instable
uv	RvY_11224-1	14	0.07142857142857142	0.42857142857142855	0.5	constant	0.5	0.5	instable	instable_no_stable_identity	instable
uv	RvY_11231-2	14	0.5	0	0.5	mixed	0.5	0.5	instable	instable_no_stable_identity	instable
uv	RvY_11234	14	0.2857142857142857	0.21428571428571427	0.5	constant	0.5	0.5	instable	instable_no_stable_identity	instable
uv	RvY_11235-1	14	0.21428571428571427	0.2857142857142857	0.5	constant	0.5	0.5	instable	instable_no_stable_identity	instable
uv	RvY_11237-1	14	0.14285714285714285	0.5	0.35714285714285715	down	0.5	0.5	instable	instable_no_stable_identity	instable
uv	RvY_11248-1	14	0.21428571428571427	0.2857142857142857	0.5	constant	0.5	0.5	instable	instable_no_stable_identity	instable
uv	RvY_11249	14	0.5	0.07142857142857142	0.42857142857142855	up	0.5	0.5	instable	instable_no_stable_identity	instable
uv	RvY_11261	14	0.21428571428571427	0.2857142857142857	0.5	constant	0.5	0.5	instable	instable_no_stable_identity	instable
uv	RvY_11287-1	14	0.5	0	0.5	mixed	0.5	0.5	instable	instable_no_stable_identity	instable
uv	RvY_11306-1	14	0.14285714285714285	0.5	0.35714285714285715	down	0.5	0.5	instable	instable_no_stable_identity	instable
uv	RvY_11316-1	14	0.5	0	0.5	mixed	0.5	0.5	instable	instable_no_stable_identity	instable
uv	RvY_11322	14	0.42857142857142855	0.07142857142857142	0.5	constant	0.5	0.5	instable	instable_no_stable_identity	instable
uv	RvY_11332-1	14	0	0.5	0.5	mixed	0.5	0.5	instable	instable_no_stable_identity	instable
uv	RvY_11339-1	14	0.5	0.14285714285714285	0.35714285714285715	up	0.5	0.5	instable	instable_no_stable_identity	instable
uv	RvY_11340-1	14	0	0.5	0.5	mixed	0.5	0.5	instable	instable_no_stable_identity	instable
uv	RvY_11350-1	14	0.5	0	0.5	mixed	0.5	0.5	instable	instable_no_stable_identity	instable
uv	RvY_11384-1	14	0.5	0	0.5	mixed	0.5	0.5	instable	instable_no_stable_identity	instable
uv	RvY_11398-1	14	0.07142857142857142	0.42857142857142855	0.5	constant	0.5	0.5	instable	instable_no_stable_identity	instable
uv	RvY_11415-1	14	0	0.5	0.5	mixed	0.5	0.5	instable	instable_no_stable_identity	instable
uv	RvY_11426-1	14	0	0.5	0.5	mixed	0.5	0.5	instable	instable_no_stable_identity	instable
uv	RvY_11433-1	14	0	0.5	0.5	mixed	0.5	0.5	instable	instable_no_stable_identity	instable
uv	RvY_11453-1	14	0.42857142857142855	0.07142857142857142	0.5	constant	0.5	0.5	instable	instable_no_stable_identity	instable
uv	RvY_11475-1	14	0.14285714285714285	0.35714285714285715	0.5	constant	0.5	0.5	instable	instable_no_stable_identity	instable
uv	RvY_11500-1	14	0.07142857142857142	0.42857142857142855	0.5	constant	0.5	0.5	instable	instable_no_stable_identity	instable
uv	RvY_11509	14	0	0.5	0.5	mixed	0.5	0.5	instable	instable_no_stable_identity	instable
uv	RvY_11511	14	0.5	0	0.5	mixed	0.5	0.5	instable	instable_no_stable_identity	instable
uv	RvY_11514-1	14	0.5	0	0.5	mixed	0.5	0.5	instable	instable_no_stable_identity	instable
uv	RvY_11517-1	14	0	0.5	0.5	mixed	0.5	0.5	instable	instable_no_stable_identity	instable
uv	RvY_11615-1	14	0.5	0.14285714285714285	0.35714285714285715	up	0.5	0.5	instable	instable_no_stable_identity	instable
uv	RvY_11617-1	14	0.07142857142857142	0.42857142857142855	0.5	constant	0.5	0.5	instable	instable_no_stable_identity	instable
uv	RvY_11644	14	0.14285714285714285	0.5	0.35714285714285715	down	0.5	0.5	instable	instable_no_stable_identity	instable
uv	RvY_11669-1	14	0.42857142857142855	0.07142857142857142	0.5	constant	0.5	0.5	instable	instable_no_stable_identity	instable
uv	RvY_11686-1	14	0.5	0	0.5	mixed	0.5	0.5	instable	instable_no_stable_identity	instable
uv	RvY_11697	14	0.5	0.07142857142857142	0.42857142857142855	up	0.5	0.5	instable	instable_no_stable_identity	instable
uv	RvY_11710-1	14	0	0.5	0.5	mixed	0.5	0.5	instable	instable_no_stable_identity	instable
uv	RvY_11755-1	14	0	0.5	0.5	mixed	0.5	0.5	instable	instable_no_stable_identity	instable
uv	RvY_11756-1	14	0.35714285714285715	0.14285714285714285	0.5	constant	0.5	0.5	instable	instable_no_stable_identity	instable
uv	RvY_11780-1	14	0.2857142857142857	0.5	0.21428571428571427	down	0.5	0.5	instable	instable_no_stable_identity	instable
uv	RvY_11798-1	14	0.2857142857142857	0.21428571428571427	0.5	constant	0.5	0.5	instable	instable_no_stable_identity	instable
uv	RvY_11806-1	14	0.14285714285714285	0.35714285714285715	0.5	constant	0.5	0.5	instable	instable_no_stable_identity	instable
uv	RvY_11825-1	14	0.07142857142857142	0.5	0.42857142857142855	down	0.5	0.5	instable	instable_no_stable_identity	instable
uv	RvY_11838-1	14	0.2857142857142857	0.21428571428571427	0.5	constant	0.5	0.5	instable	instable_no_stable_identity	instable
uv	RvY_11843-1	14	0.07142857142857142	0.42857142857142855	0.5	constant	0.5	0.5	instable	instable_no_stable_identity	instable
uv	RvY_11856-1	14	0.5	0.21428571428571427	0.2857142857142857	up	0.5	0.5	instable	instable_no_stable_identity	instable
uv	RvY_11864-1	14	0.5	0	0.5	mixed	0.5	0.5	instable	instable_no_stable_identity	instable
uv	RvY_11868-1	14	0.42857142857142855	0.07142857142857142	0.5	constant	0.5	0.5	instable	instable_no_stable_identity	instable
uv	RvY_11873-1	14	0.5	0	0.5	mixed	0.5	0.5	instable	instable_no_stable_identity	instable
uv	RvY_11878-1	14	0.5	0.21428571428571427	0.2857142857142857	up	0.5	0.5	instable	instable_no_stable_identity	instable
uv	RvY_11881	14	0.5	0.35714285714285715	0.14285714285714285	up	0.5	0.5	instable	instable_no_stable_identity	instable
uv	RvY_11893-1	14	0.35714285714285715	0.14285714285714285	0.5	constant	0.5	0.5	instable	instable_no_stable_identity	instable
uv	RvY_11904	14	0.14285714285714285	0.35714285714285715	0.5	constant	0.5	0.5	instable	instable_no_stable_identity	instable
uv	RvY_11907-1	14	0.07142857142857142	0.42857142857142855	0.5	constant	0.5	0.5	instable	instable_no_stable_identity	instable
uv	RvY_11917-1	14	0.14285714285714285	0.35714285714285715	0.5	constant	0.5	0.5	instable	instable_no_stable_identity	instable
uv	RvY_11929-1	14	0.5	0.07142857142857142	0.42857142857142855	up	0.5	0.5	instable	instable_no_stable_identity	instable
uv	RvY_11940-1	14	0.5	0.07142857142857142	0.42857142857142855	up	0.5	0.5	instable	instable_no_stable_identity	instable
uv	RvY_11941-1	14	0.5	0	0.5	mixed	0.5	0.5	instable	instable_no_stable_identity	instable
uv	RvY_11950	14	0.5	0	0.5	mixed	0.5	0.5	instable	instable_no_stable_identity	instable
uv	RvY_11953-1	14	0.5	0	0.5	mixed	0.5	0.5	instable	instable_no_stable_identity	instable
uv	RvY_11958	14	0.5	0.07142857142857142	0.42857142857142855	up	0.5	0.5	instable	instable_no_stable_identity	instable
uv	RvY_11963-1	14	0.21428571428571427	0.2857142857142857	0.5	constant	0.5	0.5	instable	instable_no_stable_identity	instable
uv	RvY_11965-1	14	0.35714285714285715	0.14285714285714285	0.5	constant	0.5	0.5	instable	instable_no_stable_identity	instable
uv	RvY_11983	14	0.42857142857142855	0.07142857142857142	0.5	constant	0.5	0.5	instable	instable_no_stable_identity	instable
uv	RvY_11994-1	14	0.5	0.42857142857142855	0.07142857142857142	up	0.5	0.5	instable	instable_no_stable_identity	instable
uv	RvY_12017-1	14	0.5	0.07142857142857142	0.42857142857142855	up	0.5	0.5	instable	instable_no_stable_identity	instable
uv	RvY_12046-1	14	0.5	0	0.5	mixed	0.5	0.5	instable	instable_no_stable_identity	instable
uv	RvY_12057	14	0.21428571428571427	0.5	0.2857142857142857	down	0.5	0.5	instable	instable_no_stable_identity	instable
uv	RvY_12058-1	14	0.2857142857142857	0.21428571428571427	0.5	constant	0.5	0.5	instable	instable_no_stable_identity	instable
uv	RvY_12085-1	14	0.2857142857142857	0.21428571428571427	0.5	constant	0.5	0.5	instable	instable_no_stable_identity	instable
uv	RvY_12094-1	14	0	0.5	0.5	mixed	0.5	0.5	instable	instable_no_stable_identity	instable
uv	RvY_12121-1	14	0	0.5	0.5	mixed	0.5	0.5	instable	instable_no_stable_identity	instable
uv	RvY_12134-1	14	0.42857142857142855	0.07142857142857142	0.5	constant	0.5	0.5	instable	instable_no_stable_identity	instable
uv	RvY_12147-1	14	0.5	0	0.5	mixed	0.5	0.5	instable	instable_no_stable_identity	instable
uv	RvY_12159-1	14	0.14285714285714285	0.35714285714285715	0.5	constant	0.5	0.5	instable	instable_no_stable_identity	instable
uv	RvY_12164-1	14	0.07142857142857142	0.5	0.42857142857142855	down	0.5	0.5	instable	instable_no_stable_identity	instable
uv	RvY_12167-1	14	0.35714285714285715	0.14285714285714285	0.5	constant	0.5	0.5	instable	instable_no_stable_identity	instable
uv	RvY_12173-1	14	0.2857142857142857	0.21428571428571427	0.5	constant	0.5	0.5	instable	instable_no_stable_identity	instable
uv	RvY_12174-1	14	0.35714285714285715	0.14285714285714285	0.5	constant	0.5	0.5	instable	instable_no_stable_identity	instable
uv	RvY_12178-2	14	0.5	0	0.5	mixed	0.5	0.5	instable	instable_no_stable_identity	instable
uv	RvY_12185-1	14	0.5	0	0.5	mixed	0.5	0.5	instable	instable_no_stable_identity	instable
uv	RvY_12195	14	0.14285714285714285	0.35714285714285715	0.5	constant	0.5	0.5	instable	instable_no_stable_identity	instable
uv	RvY_12197-1	14	0.07142857142857142	0.42857142857142855	0.5	constant	0.5	0.5	instable	instable_no_stable_identity	instable
uv	RvY_12208-1	14	0.35714285714285715	0.14285714285714285	0.5	constant	0.5	0.5	instable	instable_no_stable_identity	instable
uv	RvY_12230-1	14	0.07142857142857142	0.5	0.42857142857142855	down	0.5	0.5	instable	instable_no_stable_identity	instable
uv	RvY_12248-1	14	0.21428571428571427	0.2857142857142857	0.5	constant	0.5	0.5	instable	instable_no_stable_identity	instable
uv	RvY_12270-1	14	0.35714285714285715	0.5	0.14285714285714285	down	0.5	0.5	instable	instable_no_stable_identity	instable
uv	RvY_12271-1	14	0.5	0	0.5	mixed	0.5	0.5	instable	instable_no_stable_identity	instable
uv	RvY_12285-1	14	0	0.5	0.5	mixed	0.5	0.5	instable	instable_no_stable_identity	instable
uv	RvY_12293-1	14	0.5	0	0.5	mixed	0.5	0.5	instable	instable_no_stable_identity	instable
uv	RvY_12315	14	0.07142857142857142	0.5	0.42857142857142855	down	0.5	0.5	instable	instable_no_stable_identity	instable
uv	RvY_12369-1	14	0.5	0.07142857142857142	0.42857142857142855	up	0.5	0.5	instable	instable_no_stable_identity	instable
uv	RvY_12371	14	0.07142857142857142	0.42857142857142855	0.5	constant	0.5	0.5	instable	instable_no_stable_identity	instable
uv	RvY_12376-1	14	0.35714285714285715	0.14285714285714285	0.5	constant	0.5	0.5	instable	instable_no_stable_identity	instable
uv	RvY_12377-1	14	0.5	0	0.5	mixed	0.5	0.5	instable	instable_no_stable_identity	instable
uv	RvY_12387	14	0.14285714285714285	0.35714285714285715	0.5	constant	0.5	0.5	instable	instable_no_stable_identity	instable
uv	RvY_12393-1	14	0	0.5	0.5	mixed	0.5	0.5	instable	instable_no_stable_identity	instable
uv	RvY_12398-1	14	0.42857142857142855	0.07142857142857142	0.5	constant	0.5	0.5	instable	instable_no_stable_identity	instable
uv	RvY_12403-1	14	0.07142857142857142	0.42857142857142855	0.5	constant	0.5	0.5	instable	instable_no_stable_identity	instable
uv	RvY_12430-1	14	0.07142857142857142	0.5	0.42857142857142855	down	0.5	0.5	instable	instable_no_stable_identity	instable
uv	RvY_12431-1	14	0.5	0.14285714285714285	0.35714285714285715	up	0.5	0.5	instable	instable_no_stable_identity	instable
uv	RvY_12432	14	0.5	0.14285714285714285	0.35714285714285715	up	0.5	0.5	instable	instable_no_stable_identity	instable
uv	RvY_12445-1	14	0.07142857142857142	0.42857142857142855	0.5	constant	0.5	0.5	instable	instable_no_stable_identity	instable
uv	RvY_12447	14	0.5	0.07142857142857142	0.42857142857142855	up	0.5	0.5	instable	instable_no_stable_identity	instable
uv	RvY_12452	14	0.42857142857142855	0.5	0.07142857142857142	down	0.5	0.5	instable	instable_no_stable_identity	instable
uv	RvY_12460-1	14	0.42857142857142855	0.07142857142857142	0.5	constant	0.5	0.5	instable	instable_no_stable_identity	instable
uv	RvY_12463-1	14	0.14285714285714285	0.5	0.35714285714285715	down	0.5	0.5	instable	instable_no_stable_identity	instable
uv	RvY_12469-1	14	0	0.5	0.5	mixed	0.5	0.5	instable	instable_no_stable_identity	instable
uv	RvY_12471	14	0.5	0	0.5	mixed	0.5	0.5	instable	instable_no_stable_identity	instable
uv	RvY_12481-1	14	0.14285714285714285	0.5	0.35714285714285715	down	0.5	0.5	instable	instable_no_stable_identity	instable
uv	RvY_12485-1	14	0.14285714285714285	0.35714285714285715	0.5	constant	0.5	0.5	instable	instable_no_stable_identity	instable
uv	RvY_12498	14	0.5	0	0.5	mixed	0.5	0.5	instable	instable_no_stable_identity	instable
uv	RvY_12506	14	0.5	0.07142857142857142	0.42857142857142855	up	0.5	0.5	instable	instable_no_stable_identity	instable
uv	RvY_12508-1	14	0.5	0.07142857142857142	0.42857142857142855	up	0.5	0.5	instable	instable_no_stable_identity	instable
uv	RvY_12513-1	14	0	0.5	0.5	mixed	0.5	0.5	instable	instable_no_stable_identity	instable
uv	RvY_12520-1	14	0.14285714285714285	0.5	0.35714285714285715	down	0.5	0.5	instable	instable_no_stable_identity	instable
uv	RvY_12529-1	14	0.21428571428571427	0.2857142857142857	0.5	constant	0.5	0.5	instable	instable_no_stable_identity	instable
uv	RvY_12542-1	14	0	0.5	0.5	mixed	0.5	0.5	instable	instable_no_stable_identity	instable
uv	RvY_12563	14	0.07142857142857142	0.5	0.42857142857142855	down	0.5	0.5	instable	instable_no_stable_identity	instable
uv	RvY_12569-1	14	0.14285714285714285	0.35714285714285715	0.5	constant	0.5	0.5	instable	instable_no_stable_identity	instable
uv	RvY_12570	14	0.5	0	0.5	mixed	0.5	0.5	instable	instable_no_stable_identity	instable
uv	RvY_12572-1	14	0.2857142857142857	0.21428571428571427	0.5	constant	0.5	0.5	instable	instable_no_stable_identity	instable
uv	RvY_12575-1	14	0.07142857142857142	0.42857142857142855	0.5	constant	0.5	0.5	instable	instable_no_stable_identity	instable
uv	RvY_12584-1	14	0.14285714285714285	0.35714285714285715	0.5	constant	0.5	0.5	instable	instable_no_stable_identity	instable
uv	RvY_12589-1	14	0.07142857142857142	0.42857142857142855	0.5	constant	0.5	0.5	instable	instable_no_stable_identity	instable
uv	RvY_12595-1	14	0.5	0	0.5	mixed	0.5	0.5	instable	instable_no_stable_identity	instable
uv	RvY_12618	14	0	0.5	0.5	mixed	0.5	0.5	instable	instable_no_stable_identity	instable
uv	RvY_12627-1	14	0.5	0.07142857142857142	0.42857142857142855	up	0.5	0.5	instable	instable_no_stable_identity	instable
uv	RvY_12633	14	0.21428571428571427	0.2857142857142857	0.5	constant	0.5	0.5	instable	instable_no_stable_identity	instable
uv	RvY_12637-1	14	0.2857142857142857	0.21428571428571427	0.5	constant	0.5	0.5	instable	instable_no_stable_identity	instable
uv	RvY_12645-1	14	0.2857142857142857	0.21428571428571427	0.5	constant	0.5	0.5	instable	instable_no_stable_identity	instable
uv	RvY_12668-1	14	0.07142857142857142	0.42857142857142855	0.5	constant	0.5	0.5	instable	instable_no_stable_identity	instable
uv	RvY_12687	14	0.35714285714285715	0.14285714285714285	0.5	constant	0.5	0.5	instable	instable_no_stable_identity	instable
uv	RvY_12712-1	14	0.14285714285714285	0.35714285714285715	0.5	constant	0.5	0.5	instable	instable_no_stable_identity	instable
uv	RvY_12728-1	14	0	0.5	0.5	mixed	0.5	0.5	instable	instable_no_stable_identity	instable
uv	RvY_12730-1	14	0.42857142857142855	0.07142857142857142	0.5	constant	0.5	0.5	instable	instable_no_stable_identity	instable
uv	RvY_12733-1	14	0.5	0	0.5	mixed	0.5	0.5	instable	instable_no_stable_identity	instable
uv	RvY_12743-1	14	0.14285714285714285	0.35714285714285715	0.5	constant	0.5	0.5	instable	instable_no_stable_identity	instable
uv	RvY_12751	14	0.42857142857142855	0.07142857142857142	0.5	constant	0.5	0.5	instable	instable_no_stable_identity	instable
uv	RvY_12767-1	14	0.5	0	0.5	mixed	0.5	0.5	instable	instable_no_stable_identity	instable
uv	RvY_12770-1	14	0.2857142857142857	0.21428571428571427	0.5	constant	0.5	0.5	instable	instable_no_stable_identity	instable
uv	RvY_12782-1	14	0.5	0	0.5	mixed	0.5	0.5	instable	instable_no_stable_identity	instable
uv	RvY_12783-1	14	0	0.5	0.5	mixed	0.5	0.5	instable	instable_no_stable_identity	instable
uv	RvY_12785-1	14	0.21428571428571427	0.2857142857142857	0.5	constant	0.5	0.5	instable	instable_no_stable_identity	instable
uv	RvY_12800-1	14	0.2857142857142857	0.21428571428571427	0.5	constant	0.5	0.5	instable	instable_no_stable_identity	instable
uv	RvY_12801-1	14	0	0.5	0.5	mixed	0.5	0.5	instable	instable_no_stable_identity	instable
uv	RvY_12808-1	14	0.14285714285714285	0.35714285714285715	0.5	constant	0.5	0.5	instable	instable_no_stable_identity	instable
uv	RvY_12823	14	0.5	0.21428571428571427	0.2857142857142857	up	0.5	0.5	instable	instable_no_stable_identity	instable
uv	RvY_12824-1	14	0	0.5	0.5	mixed	0.5	0.5	instable	instable_no_stable_identity	instable
uv	RvY_12827-1	14	0.5	0	0.5	mixed	0.5	0.5	instable	instable_no_stable_identity	instable
uv	RvY_12837-1	14	0.5	0	0.5	mixed	0.5	0.5	instable	instable_no_stable_identity	instable
uv	RvY_12878-1	14	0.2857142857142857	0.21428571428571427	0.5	constant	0.5	0.5	instable	instable_no_stable_identity	instable
uv	RvY_12885	14	0.5	0.14285714285714285	0.35714285714285715	up	0.5	0.5	instable	instable_no_stable_identity	instable
uv	RvY_12886-1	14	0.42857142857142855	0.07142857142857142	0.5	constant	0.5	0.5	instable	instable_no_stable_identity	instable
uv	RvY_12893-1	14	0	0.5	0.5	mixed	0.5	0.5	instable	instable_no_stable_identity	instable
uv	RvY_12898-1	14	0.5	0.07142857142857142	0.42857142857142855	up	0.5	0.5	instable	instable_no_stable_identity	instable
uv	RvY_12902	14	0	0.5	0.5	mixed	0.5	0.5	instable	instable_no_stable_identity	instable
uv	RvY_12908-1	14	0.14285714285714285	0.35714285714285715	0.5	constant	0.5	0.5	instable	instable_no_stable_identity	instable
uv	RvY_12913-1	14	0.35714285714285715	0.14285714285714285	0.5	constant	0.5	0.5	instable	instable_no_stable_identity	instable
uv	RvY_12920-1	14	0.21428571428571427	0.2857142857142857	0.5	constant	0.5	0.5	instable	instable_no_stable_identity	instable
uv	RvY_12924	14	0.35714285714285715	0.14285714285714285	0.5	constant	0.5	0.5	instable	instable_no_stable_identity	instable
uv	RvY_12929-1	14	0.07142857142857142	0.5	0.42857142857142855	down	0.5	0.5	instable	instable_no_stable_identity	instable
uv	RvY_12932	14	0.5	0.21428571428571427	0.2857142857142857	up	0.5	0.5	instable	instable_no_stable_identity	instable
uv	RvY_12933-1	14	0.07142857142857142	0.42857142857142855	0.5	constant	0.5	0.5	instable	instable_no_stable_identity	instable
uv	RvY_12935-1	14	0.5	0.07142857142857142	0.42857142857142855	up	0.5	0.5	instable	instable_no_stable_identity	instable
uv	RvY_12952	14	0.21428571428571427	0.2857142857142857	0.5	constant	0.5	0.5	instable	instable_no_stable_identity	instable
uv	RvY_12957	14	0.5	0	0.5	mixed	0.5	0.5	instable	instable_no_stable_identity	instable
uv	RvY_12973-1	14	0	0.5	0.5	mixed	0.5	0.5	instable	instable_no_stable_identity	instable
uv	RvY_12989	14	0.42857142857142855	0.07142857142857142	0.5	constant	0.5	0.5	instable	instable_no_stable_identity	instable
uv	RvY_12990-1	14	0.42857142857142855	0.07142857142857142	0.5	constant	0.5	0.5	instable	instable_no_stable_identity	instable
uv	RvY_13002-1	14	0.5	0	0.5	mixed	0.5	0.5	instable	instable_no_stable_identity	instable
uv	RvY_13013-1	14	0.5	0.07142857142857142	0.42857142857142855	up	0.5	0.5	instable	instable_no_stable_identity	instable
uv	RvY_13034-1	14	0.5	0	0.5	mixed	0.5	0.5	instable	instable_no_stable_identity	instable
uv	RvY_13042-1	14	0	0.5	0.5	mixed	0.5	0.5	instable	instable_no_stable_identity	instable
uv	RvY_13056-1	14	0.2857142857142857	0.21428571428571427	0.5	constant	0.5	0.5	instable	instable_no_stable_identity	instable
uv	RvY_13073-1	14	0.5	0.21428571428571427	0.2857142857142857	up	0.5	0.5	instable	instable_no_stable_identity	instable
uv	RvY_13081	14	0.07142857142857142	0.42857142857142855	0.5	constant	0.5	0.5	instable	instable_no_stable_identity	instable
uv	RvY_13082	14	0.07142857142857142	0.42857142857142855	0.5	constant	0.5	0.5	instable	instable_no_stable_identity	instable
uv	RvY_13092-1	14	0.42857142857142855	0.07142857142857142	0.5	constant	0.5	0.5	instable	instable_no_stable_identity	instable
uv	RvY_13097-1	14	0.5	0.21428571428571427	0.2857142857142857	up	0.5	0.5	instable	instable_no_stable_identity	instable
uv	RvY_13104-1	14	0.35714285714285715	0.14285714285714285	0.5	constant	0.5	0.5	instable	instable_no_stable_identity	instable
uv	RvY_13139-1	14	0.14285714285714285	0.35714285714285715	0.5	constant	0.5	0.5	instable	instable_no_stable_identity	instable
uv	RvY_13153-1	14	0.5	0	0.5	mixed	0.5	0.5	instable	instable_no_stable_identity	instable
uv	RvY_13154-1	14	0.35714285714285715	0.14285714285714285	0.5	constant	0.5	0.5	instable	instable_no_stable_identity	instable
uv	RvY_13159-1	14	0.21428571428571427	0.2857142857142857	0.5	constant	0.5	0.5	instable	instable_no_stable_identity	instable
uv	RvY_13172-1	14	0.21428571428571427	0.5	0.2857142857142857	down	0.5	0.5	instable	instable_no_stable_identity	instable
uv	RvY_13174	14	0.2857142857142857	0.21428571428571427	0.5	constant	0.5	0.5	instable	instable_no_stable_identity	instable
uv	RvY_13182-1	14	0.5	0	0.5	mixed	0.5	0.5	instable	instable_no_stable_identity	instable
uv	RvY_13185	14	0.42857142857142855	0.07142857142857142	0.5	constant	0.5	0.5	instable	instable_no_stable_identity	instable
uv	RvY_13194-1	14	0.5	0	0.5	mixed	0.5	0.5	instable	instable_no_stable_identity	instable
uv	RvY_13199-1	14	0.42857142857142855	0.07142857142857142	0.5	constant	0.5	0.5	instable	instable_no_stable_identity	instable
uv	RvY_13203-1	14	0.5	0.14285714285714285	0.35714285714285715	up	0.5	0.5	instable	instable_no_stable_identity	instable
uv	RvY_13209-1	14	0.5	0.07142857142857142	0.42857142857142855	up	0.5	0.5	instable	instable_no_stable_identity	instable
uv	RvY_13218-1	14	0.35714285714285715	0.14285714285714285	0.5	constant	0.5	0.5	instable	instable_no_stable_identity	instable
uv	RvY_13227-1	14	0.07142857142857142	0.5	0.42857142857142855	down	0.5	0.5	instable	instable_no_stable_identity	instable
uv	RvY_13246-1	14	0.5	0.2857142857142857	0.21428571428571427	up	0.5	0.5	instable	instable_no_stable_identity	instable
uv	RvY_13247-1	14	0.5	0	0.5	mixed	0.5	0.5	instable	instable_no_stable_identity	instable
uv	RvY_13262-1	14	0.2857142857142857	0.21428571428571427	0.5	constant	0.5	0.5	instable	instable_no_stable_identity	instable
uv	RvY_13274-1	14	0.14285714285714285	0.35714285714285715	0.5	constant	0.5	0.5	instable	instable_no_stable_identity	instable
uv	RvY_13279-1	14	0.21428571428571427	0.5	0.2857142857142857	down	0.5	0.5	instable	instable_no_stable_identity	instable
uv	RvY_13332-1	14	0.5	0.07142857142857142	0.42857142857142855	up	0.5	0.5	instable	instable_no_stable_identity	instable
uv	RvY_13333-1	14	0.5	0	0.5	mixed	0.5	0.5	instable	instable_no_stable_identity	instable
uv	RvY_13335-1	14	0.5	0	0.5	mixed	0.5	0.5	instable	instable_no_stable_identity	instable
uv	RvY_13350-1	14	0.5	0	0.5	mixed	0.5	0.5	instable	instable_no_stable_identity	instable
uv	RvY_13363-1	14	0.5	0	0.5	mixed	0.5	0.5	instable	instable_no_stable_identity	instable
uv	RvY_13378-1	14	0.42857142857142855	0.07142857142857142	0.5	constant	0.5	0.5	instable	instable_no_stable_identity	instable
uv	RvY_13388	14	0.21428571428571427	0.5	0.2857142857142857	down	0.5	0.5	instable	instable_no_stable_identity	instable
uv	RvY_13408-1	14	0.42857142857142855	0.07142857142857142	0.5	constant	0.5	0.5	instable	instable_no_stable_identity	instable
uv	RvY_13420-1	14	0.5	0	0.5	mixed	0.5	0.5	instable	instable_no_stable_identity	instable
uv	RvY_13424-1	14	0.42857142857142855	0.07142857142857142	0.5	constant	0.5	0.5	instable	instable_no_stable_identity	instable
uv	RvY_13425-1	14	0.2857142857142857	0.5	0.21428571428571427	down	0.5	0.5	instable	instable_no_stable_identity	instable
uv	RvY_13431	14	0	0.5	0.5	mixed	0.5	0.5	instable	instable_no_stable_identity	instable
uv	RvY_13434-1	14	0.5	0.07142857142857142	0.42857142857142855	up	0.5	0.5	instable	instable_no_stable_identity	instable
uv	RvY_13442-1	14	0.42857142857142855	0.07142857142857142	0.5	constant	0.5	0.5	instable	instable_no_stable_identity	instable
uv	RvY_13453	14	0.35714285714285715	0.14285714285714285	0.5	constant	0.5	0.5	instable	instable_no_stable_identity	instable
uv	RvY_13469-1	14	0.5	0	0.5	mixed	0.5	0.5	instable	instable_no_stable_identity	instable
uv	RvY_13475-1	14	0.21428571428571427	0.2857142857142857	0.5	constant	0.5	0.5	instable	instable_no_stable_identity	instable
uv	RvY_13479-1	14	0.5	0	0.5	mixed	0.5	0.5	instable	instable_no_stable_identity	instable
uv	RvY_13482-1	14	0.07142857142857142	0.42857142857142855	0.5	constant	0.5	0.5	instable	instable_no_stable_identity	instable
uv	RvY_13518	14	0.42857142857142855	0.07142857142857142	0.5	constant	0.5	0.5	instable	instable_no_stable_identity	instable
uv	RvY_13529	14	0.42857142857142855	0.07142857142857142	0.5	constant	0.5	0.5	instable	instable_no_stable_identity	instable
uv	RvY_13544-1	14	0	0.5	0.5	mixed	0.5	0.5	instable	instable_no_stable_identity	instable
uv	RvY_13547-1	14	0.35714285714285715	0.14285714285714285	0.5	constant	0.5	0.5	instable	instable_no_stable_identity	instable
uv	RvY_13562-1	14	0	0.5	0.5	mixed	0.5	0.5	instable	instable_no_stable_identity	instable
uv	RvY_13564	14	0	0.5	0.5	mixed	0.5	0.5	instable	instable_no_stable_identity	instable
uv	RvY_13573-1	14	0.42857142857142855	0.07142857142857142	0.5	constant	0.5	0.5	instable	instable_no_stable_identity	instable
uv	RvY_13578-1	14	0.21428571428571427	0.5	0.2857142857142857	down	0.5	0.5	instable	instable_no_stable_identity	instable
uv	RvY_13595-1	14	0.5	0	0.5	mixed	0.5	0.5	instable	instable_no_stable_identity	instable
uv	RvY_13599	14	0.5	0	0.5	mixed	0.5	0.5	instable	instable_no_stable_identity	instable
uv	RvY_13600-1	14	0.07142857142857142	0.5	0.42857142857142855	down	0.5	0.5	instable	instable_no_stable_identity	instable
uv	RvY_13608-1	14	0.5	0.07142857142857142	0.42857142857142855	up	0.5	0.5	instable	instable_no_stable_identity	instable
uv	RvY_13612-1	14	0.5	0.07142857142857142	0.42857142857142855	up	0.5	0.5	instable	instable_no_stable_identity	instable
uv	RvY_13618-1	14	0.07142857142857142	0.42857142857142855	0.5	constant	0.5	0.5	instable	instable_no_stable_identity	instable
uv	RvY_13619	14	0	0.5	0.5	mixed	0.5	0.5	instable	instable_no_stable_identity	instable
uv	RvY_13635-1	14	0.07142857142857142	0.5	0.42857142857142855	down	0.5	0.5	instable	instable_no_stable_identity	instable
uv	RvY_13641	14	0.5	0	0.5	mixed	0.5	0.5	instable	instable_no_stable_identity	instable
uv	RvY_13644-1	14	0	0.5	0.5	mixed	0.5	0.5	instable	instable_no_stable_identity	instable
uv	RvY_13647-1	14	0.2857142857142857	0.5	0.21428571428571427	down	0.5	0.5	instable	instable_no_stable_identity	instable
uv	RvY_13658-1	14	0.07142857142857142	0.42857142857142855	0.5	constant	0.5	0.5	instable	instable_no_stable_identity	instable
uv	RvY_13663-1	14	0.2857142857142857	0.5	0.21428571428571427	down	0.5	0.5	instable	instable_no_stable_identity	instable
uv	RvY_13669-1	14	0.2857142857142857	0.21428571428571427	0.5	constant	0.5	0.5	instable	instable_no_stable_identity	instable
uv	RvY_13695-1	14	0.21428571428571427	0.2857142857142857	0.5	constant	0.5	0.5	instable	instable_no_stable_identity	instable
uv	RvY_13716-1	14	0.5	0.07142857142857142	0.42857142857142855	up	0.5	0.5	instable	instable_no_stable_identity	instable
uv	RvY_13718-1	14	0.5	0	0.5	mixed	0.5	0.5	instable	instable_no_stable_identity	instable
uv	RvY_13722	14	0.5	0.2857142857142857	0.21428571428571427	up	0.5	0.5	instable	instable_no_stable_identity	instable
uv	RvY_13731	14	0	0.5	0.5	mixed	0.5	0.5	instable	instable_no_stable_identity	instable
uv	RvY_13742-1	14	0.07142857142857142	0.5	0.42857142857142855	down	0.5	0.5	instable	instable_no_stable_identity	instable
uv	RvY_13744-1	14	0.14285714285714285	0.35714285714285715	0.5	constant	0.5	0.5	instable	instable_no_stable_identity	instable
uv	RvY_13747-1	14	0.5	0.07142857142857142	0.42857142857142855	up	0.5	0.5	instable	instable_no_stable_identity	instable
uv	RvY_13760-1	14	0.35714285714285715	0.14285714285714285	0.5	constant	0.5	0.5	instable	instable_no_stable_identity	instable
uv	RvY_13770-1	14	0.07142857142857142	0.5	0.42857142857142855	down	0.5	0.5	instable	instable_no_stable_identity	instable
uv	RvY_13771-1	14	0.14285714285714285	0.5	0.35714285714285715	down	0.5	0.5	instable	instable_no_stable_identity	instable
uv	RvY_13778-1	14	0.21428571428571427	0.2857142857142857	0.5	constant	0.5	0.5	instable	instable_no_stable_identity	instable
uv	RvY_13784-1	14	0.42857142857142855	0.07142857142857142	0.5	constant	0.5	0.5	instable	instable_no_stable_identity	instable
uv	RvY_13785-1	14	0.42857142857142855	0.07142857142857142	0.5	constant	0.5	0.5	instable	instable_no_stable_identity	instable
uv	RvY_13789	14	0.2857142857142857	0.21428571428571427	0.5	constant	0.5	0.5	instable	instable_no_stable_identity	instable
uv	RvY_13832-1	14	0	0.5	0.5	mixed	0.5	0.5	instable	instable_no_stable_identity	instable
uv	RvY_13840-1	14	0.14285714285714285	0.35714285714285715	0.5	constant	0.5	0.5	instable	instable_no_stable_identity	instable
uv	RvY_13843-1	14	0.07142857142857142	0.5	0.42857142857142855	down	0.5	0.5	instable	instable_no_stable_identity	instable
uv	RvY_13853	14	0.42857142857142855	0.07142857142857142	0.5	constant	0.5	0.5	instable	instable_no_stable_identity	instable
uv	RvY_13874-1	14	0.07142857142857142	0.42857142857142855	0.5	constant	0.5	0.5	instable	instable_no_stable_identity	instable
uv	RvY_13880	14	0	0.5	0.5	mixed	0.5	0.5	instable	instable_no_stable_identity	instable
uv	RvY_13882-1	14	0.07142857142857142	0.42857142857142855	0.5	constant	0.5	0.5	instable	instable_no_stable_identity	instable
uv	RvY_13888-1	14	0.5	0.07142857142857142	0.42857142857142855	up	0.5	0.5	instable	instable_no_stable_identity	instable
uv	RvY_13891-1	14	0.42857142857142855	0.07142857142857142	0.5	constant	0.5	0.5	instable	instable_no_stable_identity	instable
uv	RvY_13905-1	14	0.07142857142857142	0.42857142857142855	0.5	constant	0.5	0.5	instable	instable_no_stable_identity	instable
uv	RvY_13911	14	0	0.5	0.5	mixed	0.5	0.5	instable	instable_no_stable_identity	instable
uv	RvY_13913	14	0.2857142857142857	0.21428571428571427	0.5	constant	0.5	0.5	instable	instable_no_stable_identity	instable
uv	RvY_13914	14	0.35714285714285715	0.14285714285714285	0.5	constant	0.5	0.5	instable	instable_no_stable_identity	instable
uv	RvY_13917-1	14	0	0.5	0.5	mixed	0.5	0.5	instable	instable_no_stable_identity	instable
uv	RvY_13927-1	14	0.42857142857142855	0.07142857142857142	0.5	constant	0.5	0.5	instable	instable_no_stable_identity	instable
uv	RvY_13928-1	14	0.14285714285714285	0.5	0.35714285714285715	down	0.5	0.5	instable	instable_no_stable_identity	instable
uv	RvY_13930-1	14	0.35714285714285715	0.14285714285714285	0.5	constant	0.5	0.5	instable	instable_no_stable_identity	instable
uv	RvY_13933-1	14	0.5	0.07142857142857142	0.42857142857142855	up	0.5	0.5	instable	instable_no_stable_identity	instable
uv	RvY_13934-1	14	0.42857142857142855	0.07142857142857142	0.5	constant	0.5	0.5	instable	instable_no_stable_identity	instable
uv	RvY_13942-1	14	0	0.5	0.5	mixed	0.5	0.5	instable	instable_no_stable_identity	instable
uv	RvY_13949-1	14	0.21428571428571427	0.2857142857142857	0.5	constant	0.5	0.5	instable	instable_no_stable_identity	instable
uv	RvY_13951-1	14	0.5	0	0.5	mixed	0.5	0.5	instable	instable_no_stable_identity	instable
uv	RvY_13953-1	14	0.21428571428571427	0.2857142857142857	0.5	constant	0.5	0.5	instable	instable_no_stable_identity	instable
uv	RvY_13965-1	14	0.42857142857142855	0.07142857142857142	0.5	constant	0.5	0.5	instable	instable_no_stable_identity	instable
uv	RvY_13968	14	0.5	0	0.5	mixed	0.5	0.5	instable	instable_no_stable_identity	instable
uv	RvY_13970-1	14	0.2857142857142857	0.21428571428571427	0.5	constant	0.5	0.5	instable	instable_no_stable_identity	instable
uv	RvY_13974-1	14	0.21428571428571427	0.5	0.2857142857142857	down	0.5	0.5	instable	instable_no_stable_identity	instable
uv	RvY_13981-1	14	0.5	0.07142857142857142	0.42857142857142855	up	0.5	0.5	instable	instable_no_stable_identity	instable
uv	RvY_14040	14	0.21428571428571427	0.2857142857142857	0.5	constant	0.5	0.5	instable	instable_no_stable_identity	instable
uv	RvY_14041-1	14	0.5	0	0.5	mixed	0.5	0.5	instable	instable_no_stable_identity	instable
uv	RvY_14051-1	14	0.5	0.07142857142857142	0.42857142857142855	up	0.5	0.5	instable	instable_no_stable_identity	instable
uv	RvY_14052-1	14	0.42857142857142855	0.07142857142857142	0.5	constant	0.5	0.5	instable	instable_no_stable_identity	instable
uv	RvY_14053-1	14	0.35714285714285715	0.14285714285714285	0.5	constant	0.5	0.5	instable	instable_no_stable_identity	instable
uv	RvY_14060-1	14	0.21428571428571427	0.2857142857142857	0.5	constant	0.5	0.5	instable	instable_no_stable_identity	instable
uv	RvY_14063	14	0	0.5	0.5	mixed	0.5	0.5	instable	instable_no_stable_identity	instable
uv	RvY_14072-1	14	0.5	0	0.5	mixed	0.5	0.5	instable	instable_no_stable_identity	instable
uv	RvY_14083-1	14	0.07142857142857142	0.42857142857142855	0.5	constant	0.5	0.5	instable	instable_no_stable_identity	instable
uv	RvY_14087	14	0	0.5	0.5	mixed	0.5	0.5	instable	instable_no_stable_identity	instable
uv	RvY_14104-1	14	0.5	0	0.5	mixed	0.5	0.5	instable	instable_no_stable_identity	instable
uv	RvY_14107-1	14	0	0.5	0.5	mixed	0.5	0.5	instable	instable_no_stable_identity	instable
uv	RvY_14166-1	14	0.07142857142857142	0.42857142857142855	0.5	constant	0.5	0.5	instable	instable_no_stable_identity	instable
uv	RvY_14170-1	14	0.07142857142857142	0.5	0.42857142857142855	down	0.5	0.5	instable	instable_no_stable_identity	instable
uv	RvY_14172-1	14	0.42857142857142855	0.07142857142857142	0.5	constant	0.5	0.5	instable	instable_no_stable_identity	instable
uv	RvY_14177-1	14	0.5	0	0.5	mixed	0.5	0.5	instable	instable_no_stable_identity	instable
uv	RvY_14187-1	14	0.5	0.07142857142857142	0.42857142857142855	up	0.5	0.5	instable	instable_no_stable_identity	instable
uv	RvY_14202-1	14	0.21428571428571427	0.2857142857142857	0.5	constant	0.5	0.5	instable	instable_no_stable_identity	instable
uv	RvY_14205-1	14	0.42857142857142855	0.07142857142857142	0.5	constant	0.5	0.5	instable	instable_no_stable_identity	instable
uv	RvY_14229-1	14	0	0.5	0.5	mixed	0.5	0.5	instable	instable_no_stable_identity	instable
uv	RvY_14264-1	14	0.5	0	0.5	mixed	0.5	0.5	instable	instable_no_stable_identity	instable
uv	RvY_14265-1	14	0.07142857142857142	0.42857142857142855	0.5	constant	0.5	0.5	instable	instable_no_stable_identity	instable
uv	RvY_14267-1	14	0.35714285714285715	0.14285714285714285	0.5	constant	0.5	0.5	instable	instable_no_stable_identity	instable
uv	RvY_14283-1	14	0.2857142857142857	0.21428571428571427	0.5	constant	0.5	0.5	instable	instable_no_stable_identity	instable
uv	RvY_14284-1	14	0.5	0.07142857142857142	0.42857142857142855	up	0.5	0.5	instable	instable_no_stable_identity	instable
uv	RvY_14295	14	0.14285714285714285	0.35714285714285715	0.5	constant	0.5	0.5	instable	instable_no_stable_identity	instable
uv	RvY_14332	14	0.07142857142857142	0.5	0.42857142857142855	down	0.5	0.5	instable	instable_no_stable_identity	instable
uv	RvY_14341-1	14	0.5	0	0.5	mixed	0.5	0.5	instable	instable_no_stable_identity	instable
uv	RvY_14354-1	14	0.5	0.2857142857142857	0.21428571428571427	up	0.5	0.5	instable	instable_no_stable_identity	instable
uv	RvY_14362	14	0.07142857142857142	0.5	0.42857142857142855	down	0.5	0.5	instable	instable_no_stable_identity	instable
uv	RvY_14366-1	14	0.21428571428571427	0.5	0.2857142857142857	down	0.5	0.5	instable	instable_no_stable_identity	instable
uv	RvY_14369-1	14	0.2857142857142857	0.21428571428571427	0.5	constant	0.5	0.5	instable	instable_no_stable_identity	instable
uv	RvY_14372-1	14	0.14285714285714285	0.35714285714285715	0.5	constant	0.5	0.5	instable	instable_no_stable_identity	instable
uv	RvY_14377-1	14	0	0.5	0.5	mixed	0.5	0.5	instable	instable_no_stable_identity	instable
uv	RvY_14381	14	0	0.5	0.5	mixed	0.5	0.5	instable	instable_no_stable_identity	instable
uv	RvY_14390-1	14	0.5	0.07142857142857142	0.42857142857142855	up	0.5	0.5	instable	instable_no_stable_identity	instable
uv	RvY_14438-1	14	0.35714285714285715	0.5	0.14285714285714285	down	0.5	0.5	instable	instable_no_stable_identity	instable
uv	RvY_14451-1	14	0.07142857142857142	0.42857142857142855	0.5	constant	0.5	0.5	instable	instable_no_stable_identity	instable
uv	RvY_14453	14	0.07142857142857142	0.42857142857142855	0.5	constant	0.5	0.5	instable	instable_no_stable_identity	instable
uv	RvY_14468-1	14	0.42857142857142855	0.07142857142857142	0.5	constant	0.5	0.5	instable	instable_no_stable_identity	instable
uv	RvY_14492	14	0	0.5	0.5	mixed	0.5	0.5	instable	instable_no_stable_identity	instable
uv	RvY_14501-1	14	0.14285714285714285	0.35714285714285715	0.5	constant	0.5	0.5	instable	instable_no_stable_identity	instable
uv	RvY_14502	14	0.42857142857142855	0.07142857142857142	0.5	constant	0.5	0.5	instable	instable_no_stable_identity	instable
uv	RvY_14540	14	0.5	0	0.5	mixed	0.5	0.5	instable	instable_no_stable_identity	instable
uv	RvY_14553-1	14	0.5	0	0.5	mixed	0.5	0.5	instable	instable_no_stable_identity	instable
uv	RvY_14567-1	14	0	0.5	0.5	mixed	0.5	0.5	instable	instable_no_stable_identity	instable
uv	RvY_14591-1	14	0.35714285714285715	0.14285714285714285	0.5	constant	0.5	0.5	instable	instable_no_stable_identity	instable
uv	RvY_14606-1	14	0	0.5	0.5	mixed	0.5	0.5	instable	instable_no_stable_identity	instable
uv	RvY_14614-1	14	0.5	0	0.5	mixed	0.5	0.5	instable	instable_no_stable_identity	instable
uv	RvY_14617	14	0.5	0.14285714285714285	0.35714285714285715	up	0.5	0.5	instable	instable_no_stable_identity	instable
uv	RvY_14625-1	14	0.14285714285714285	0.35714285714285715	0.5	constant	0.5	0.5	instable	instable_no_stable_identity	instable
uv	RvY_14632-1	14	0.35714285714285715	0.14285714285714285	0.5	constant	0.5	0.5	instable	instable_no_stable_identity	instable
uv	RvY_14642-1	14	0.5	0	0.5	mixed	0.5	0.5	instable	instable_no_stable_identity	instable
uv	RvY_14644-1	14	0.42857142857142855	0.07142857142857142	0.5	constant	0.5	0.5	instable	instable_no_stable_identity	instable
uv	RvY_14645	14	0.2857142857142857	0.21428571428571427	0.5	constant	0.5	0.5	instable	instable_no_stable_identity	instable
uv	RvY_14646-1	14	0.35714285714285715	0.14285714285714285	0.5	constant	0.5	0.5	instable	instable_no_stable_identity	instable
uv	RvY_14677-1	14	0.5	0	0.5	mixed	0.5	0.5	instable	instable_no_stable_identity	instable
uv	RvY_14686	14	0.5	0.07142857142857142	0.42857142857142855	up	0.5	0.5	instable	instable_no_stable_identity	instable
uv	RvY_14690-1	14	0.07142857142857142	0.5	0.42857142857142855	down	0.5	0.5	instable	instable_no_stable_identity	instable
uv	RvY_14694	14	0.5	0	0.5	mixed	0.5	0.5	instable	instable_no_stable_identity	instable
uv	RvY_14733-1	14	0.5	0.07142857142857142	0.42857142857142855	up	0.5	0.5	instable	instable_no_stable_identity	instable
uv	RvY_14741	14	0.35714285714285715	0.14285714285714285	0.5	constant	0.5	0.5	instable	instable_no_stable_identity	instable
uv	RvY_14745-1	14	0.2857142857142857	0.5	0.21428571428571427	down	0.5	0.5	instable	instable_no_stable_identity	instable
uv	RvY_14752-1	14	0.2857142857142857	0.5	0.21428571428571427	down	0.5	0.5	instable	instable_no_stable_identity	instable
uv	RvY_14760-1	14	0.42857142857142855	0.07142857142857142	0.5	constant	0.5	0.5	instable	instable_no_stable_identity	instable
uv	RvY_14761-1	14	0.5	0.07142857142857142	0.42857142857142855	up	0.5	0.5	instable	instable_no_stable_identity	instable
uv	RvY_14774-1	14	0.5	0	0.5	mixed	0.5	0.5	instable	instable_no_stable_identity	instable
uv	RvY_14777-1	14	0.42857142857142855	0.07142857142857142	0.5	constant	0.5	0.5	instable	instable_no_stable_identity	instable
uv	RvY_14778-1	14	0.5	0.07142857142857142	0.42857142857142855	up	0.5	0.5	instable	instable_no_stable_identity	instable
uv	RvY_14779-1	14	0.5	0	0.5	mixed	0.5	0.5	instable	instable_no_stable_identity	instable
uv	RvY_14789-1	14	0.5	0	0.5	mixed	0.5	0.5	instable	instable_no_stable_identity	instable
uv	RvY_14797	14	0.2857142857142857	0.21428571428571427	0.5	constant	0.5	0.5	instable	instable_no_stable_identity	instable
uv	RvY_14804-1	14	0.14285714285714285	0.35714285714285715	0.5	constant	0.5	0.5	instable	instable_no_stable_identity	instable
uv	RvY_14809-1	14	0.5	0.07142857142857142	0.42857142857142855	up	0.5	0.5	instable	instable_no_stable_identity	instable
uv	RvY_14832-1	14	0.35714285714285715	0.5	0.14285714285714285	down	0.5	0.5	instable	instable_no_stable_identity	instable
uv	RvY_14843-1	14	0.21428571428571427	0.5	0.2857142857142857	down	0.5	0.5	instable	instable_no_stable_identity	instable
uv	RvY_14845-1	14	0	0.5	0.5	mixed	0.5	0.5	instable	instable_no_stable_identity	instable
uv	RvY_14856-1	14	0.2857142857142857	0.21428571428571427	0.5	constant	0.5	0.5	instable	instable_no_stable_identity	instable
uv	RvY_14861-1	14	0.14285714285714285	0.35714285714285715	0.5	constant	0.5	0.5	instable	instable_no_stable_identity	instable
uv	RvY_14882-1	14	0.2857142857142857	0.21428571428571427	0.5	constant	0.5	0.5	instable	instable_no_stable_identity	instable
uv	RvY_14904	14	0.5	0.07142857142857142	0.42857142857142855	up	0.5	0.5	instable	instable_no_stable_identity	instable
uv	RvY_14917-1	14	0.5	0	0.5	mixed	0.5	0.5	instable	instable_no_stable_identity	instable
uv	RvY_14937-1	14	0.42857142857142855	0.07142857142857142	0.5	constant	0.5	0.5	instable	instable_no_stable_identity	instable
uv	RvY_14948-1	14	0.21428571428571427	0.2857142857142857	0.5	constant	0.5	0.5	instable	instable_no_stable_identity	instable
uv	RvY_14956-1	14	0.5	0.07142857142857142	0.42857142857142855	up	0.5	0.5	instable	instable_no_stable_identity	instable
uv	RvY_14960-1	14	0.42857142857142855	0.07142857142857142	0.5	constant	0.5	0.5	instable	instable_no_stable_identity	instable
uv	RvY_14964-1	14	0	0.5	0.5	mixed	0.5	0.5	instable	instable_no_stable_identity	instable
uv	RvY_14972-1	14	0.5	0.14285714285714285	0.35714285714285715	up	0.5	0.5	instable	instable_no_stable_identity	instable
uv	RvY_14975-1	14	0.07142857142857142	0.42857142857142855	0.5	constant	0.5	0.5	instable	instable_no_stable_identity	instable
uv	RvY_14979-1	14	0.5	0	0.5	mixed	0.5	0.5	instable	instable_no_stable_identity	instable
uv	RvY_14982-1	14	0.5	0.14285714285714285	0.35714285714285715	up	0.5	0.5	instable	instable_no_stable_identity	instable
uv	RvY_14986-1	14	0.21428571428571427	0.2857142857142857	0.5	constant	0.5	0.5	instable	instable_no_stable_identity	instable
uv	RvY_14989-1	14	0.5	0	0.5	mixed	0.5	0.5	instable	instable_no_stable_identity	instable
uv	RvY_15003-1	14	0.2857142857142857	0.21428571428571427	0.5	constant	0.5	0.5	instable	instable_no_stable_identity	instable
uv	RvY_15006-1	14	0.07142857142857142	0.42857142857142855	0.5	constant	0.5	0.5	instable	instable_no_stable_identity	instable
uv	RvY_15015-1	14	0.5	0	0.5	mixed	0.5	0.5	instable	instable_no_stable_identity	instable
uv	RvY_15040-1	14	0.5	0.2857142857142857	0.21428571428571427	up	0.5	0.5	instable	instable_no_stable_identity	instable
uv	RvY_15042-1	14	0.21428571428571427	0.2857142857142857	0.5	constant	0.5	0.5	instable	instable_no_stable_identity	instable
uv	RvY_15045-1	14	0.5	0	0.5	mixed	0.5	0.5	instable	instable_no_stable_identity	instable
uv	RvY_15055-1	14	0.07142857142857142	0.42857142857142855	0.5	constant	0.5	0.5	instable	instable_no_stable_identity	instable
uv	RvY_15056	14	0.07142857142857142	0.5	0.42857142857142855	down	0.5	0.5	instable	instable_no_stable_identity	instable
uv	RvY_15069	14	0.2857142857142857	0.21428571428571427	0.5	constant	0.5	0.5	instable	instable_no_stable_identity	instable
uv	RvY_15096-1	14	0.2857142857142857	0.21428571428571427	0.5	constant	0.5	0.5	instable	instable_no_stable_identity	instable
uv	RvY_15117	14	0.35714285714285715	0.14285714285714285	0.5	constant	0.5	0.5	instable	instable_no_stable_identity	instable
uv	RvY_15127-1	14	0.21428571428571427	0.5	0.2857142857142857	down	0.5	0.5	instable	instable_no_stable_identity	instable
uv	RvY_15133-1	14	0.2857142857142857	0.5	0.21428571428571427	down	0.5	0.5	instable	instable_no_stable_identity	instable
uv	RvY_15145	14	0.07142857142857142	0.5	0.42857142857142855	down	0.5	0.5	instable	instable_no_stable_identity	instable
uv	RvY_15161-1	14	0.21428571428571427	0.2857142857142857	0.5	constant	0.5	0.5	instable	instable_no_stable_identity	instable
uv	RvY_15163-1	14	0.5	0.14285714285714285	0.35714285714285715	up	0.5	0.5	instable	instable_no_stable_identity	instable
uv	RvY_15168-1	14	0.42857142857142855	0.07142857142857142	0.5	constant	0.5	0.5	instable	instable_no_stable_identity	instable
uv	RvY_15181-1	14	0.07142857142857142	0.5	0.42857142857142855	down	0.5	0.5	instable	instable_no_stable_identity	instable
uv	RvY_15184-1	14	0.07142857142857142	0.42857142857142855	0.5	constant	0.5	0.5	instable	instable_no_stable_identity	instable
uv	RvY_15190-1	14	0	0.5	0.5	mixed	0.5	0.5	instable	instable_no_stable_identity	instable
uv	RvY_15194-1	14	0.2857142857142857	0.5	0.21428571428571427	down	0.5	0.5	instable	instable_no_stable_identity	instable
uv	RvY_15199	14	0.5	0	0.5	mixed	0.5	0.5	instable	instable_no_stable_identity	instable
uv	RvY_15217-1	14	0.5	0.07142857142857142	0.42857142857142855	up	0.5	0.5	instable	instable_no_stable_identity	instable
uv	RvY_15225-1	14	0.35714285714285715	0.14285714285714285	0.5	constant	0.5	0.5	instable	instable_no_stable_identity	instable
uv	RvY_15227-1	14	0.2857142857142857	0.5	0.21428571428571427	down	0.5	0.5	instable	instable_no_stable_identity	instable
uv	RvY_15235-1	14	0.2857142857142857	0.21428571428571427	0.5	constant	0.5	0.5	instable	instable_no_stable_identity	instable
uv	RvY_15237-1	14	0.42857142857142855	0.07142857142857142	0.5	constant	0.5	0.5	instable	instable_no_stable_identity	instable
uv	RvY_15278-1	14	0	0.5	0.5	mixed	0.5	0.5	instable	instable_no_stable_identity	instable
uv	RvY_15283-1	14	0.5	0.07142857142857142	0.42857142857142855	up	0.5	0.5	instable	instable_no_stable_identity	instable
uv	RvY_15304-1	14	0.42857142857142855	0.07142857142857142	0.5	constant	0.5	0.5	instable	instable_no_stable_identity	instable
uv	RvY_15323	14	0.5	0	0.5	mixed	0.5	0.5	instable	instable_no_stable_identity	instable
uv	RvY_15329-1	14	0.2857142857142857	0.5	0.21428571428571427	down	0.5	0.5	instable	instable_no_stable_identity	instable
uv	RvY_15363-1	14	0.5	0	0.5	mixed	0.5	0.5	instable	instable_no_stable_identity	instable
uv	RvY_15376-1	14	0.5	0	0.5	mixed	0.5	0.5	instable	instable_no_stable_identity	instable
uv	RvY_15378-1	14	0	0.5	0.5	mixed	0.5	0.5	instable	instable_no_stable_identity	instable
uv	RvY_15385-1	14	0	0.5	0.5	mixed	0.5	0.5	instable	instable_no_stable_identity	instable
uv	RvY_15388-1	14	0.5	0.07142857142857142	0.42857142857142855	up	0.5	0.5	instable	instable_no_stable_identity	instable
uv	RvY_15403-1	14	0.42857142857142855	0.07142857142857142	0.5	constant	0.5	0.5	instable	instable_no_stable_identity	instable
uv	RvY_15413-1	14	0	0.5	0.5	mixed	0.5	0.5	instable	instable_no_stable_identity	instable
uv	RvY_15419-1	14	0.5	0	0.5	mixed	0.5	0.5	instable	instable_no_stable_identity	instable
uv	RvY_15424-1	14	0.5	0	0.5	mixed	0.5	0.5	instable	instable_no_stable_identity	instable
uv	RvY_15427	14	0.5	0.07142857142857142	0.42857142857142855	up	0.5	0.5	instable	instable_no_stable_identity	instable
uv	RvY_15428-1	14	0.5	0	0.5	mixed	0.5	0.5	instable	instable_no_stable_identity	instable
uv	RvY_15429-1	14	0.5	0	0.5	mixed	0.5	0.5	instable	instable_no_stable_identity	instable
uv	RvY_15430-1	14	0.5	0.14285714285714285	0.35714285714285715	up	0.5	0.5	instable	instable_no_stable_identity	instable
uv	RvY_15433-1	14	0.07142857142857142	0.42857142857142855	0.5	constant	0.5	0.5	instable	instable_no_stable_identity	instable
uv	RvY_15435-1	14	0.5	0	0.5	mixed	0.5	0.5	instable	instable_no_stable_identity	instable
uv	RvY_15457	14	0.42857142857142855	0.07142857142857142	0.5	constant	0.5	0.5	instable	instable_no_stable_identity	instable
uv	RvY_15467-1	14	0.5	0	0.5	mixed	0.5	0.5	instable	instable_no_stable_identity	instable
uv	RvY_15471	14	0.07142857142857142	0.42857142857142855	0.5	constant	0.5	0.5	instable	instable_no_stable_identity	instable
uv	RvY_15490-1	14	0.5	0	0.5	mixed	0.5	0.5	instable	instable_no_stable_identity	instable
uv	RvY_15491-1	14	0.5	0.07142857142857142	0.42857142857142855	up	0.5	0.5	instable	instable_no_stable_identity	instable
uv	RvY_15510-1	14	0.07142857142857142	0.42857142857142855	0.5	constant	0.5	0.5	instable	instable_no_stable_identity	instable
uv	RvY_15513-1	14	0.42857142857142855	0.07142857142857142	0.5	constant	0.5	0.5	instable	instable_no_stable_identity	instable
uv	RvY_15526-1	14	0.21428571428571427	0.5	0.2857142857142857	down	0.5	0.5	instable	instable_no_stable_identity	instable
uv	RvY_15527-1	14	0.07142857142857142	0.5	0.42857142857142855	down	0.5	0.5	instable	instable_no_stable_identity	instable
uv	RvY_15536-1	14	0.5	0.07142857142857142	0.42857142857142855	up	0.5	0.5	instable	instable_no_stable_identity	instable
uv	RvY_15544-1	14	0	0.5	0.5	mixed	0.5	0.5	instable	instable_no_stable_identity	instable
uv	RvY_15546	14	0.14285714285714285	0.35714285714285715	0.5	constant	0.5	0.5	instable	instable_no_stable_identity	instable
uv	RvY_15565-1	14	0.14285714285714285	0.35714285714285715	0.5	constant	0.5	0.5	instable	instable_no_stable_identity	instable
uv	RvY_15571-1	14	0.5	0	0.5	mixed	0.5	0.5	instable	instable_no_stable_identity	instable
uv	RvY_15574-1	14	0.35714285714285715	0.5	0.14285714285714285	down	0.5	0.5	instable	instable_no_stable_identity	instable
uv	RvY_15577	14	0.42857142857142855	0.07142857142857142	0.5	constant	0.5	0.5	instable	instable_no_stable_identity	instable
uv	RvY_15583-1	14	0	0.5	0.5	mixed	0.5	0.5	instable	instable_no_stable_identity	instable
uv	RvY_15586-1	14	0.5	0	0.5	mixed	0.5	0.5	instable	instable_no_stable_identity	instable
uv	RvY_15592	14	0.35714285714285715	0.14285714285714285	0.5	constant	0.5	0.5	instable	instable_no_stable_identity	instable
uv	RvY_15611-1	14	0.21428571428571427	0.2857142857142857	0.5	constant	0.5	0.5	instable	instable_no_stable_identity	instable
uv	RvY_15634-1	14	0.5	0	0.5	mixed	0.5	0.5	instable	instable_no_stable_identity	instable
uv	RvY_15640-1	14	0.42857142857142855	0.5	0.07142857142857142	down	0.5	0.5	instable	instable_no_stable_identity	instable
uv	RvY_15645-1	14	0	0.5	0.5	mixed	0.5	0.5	instable	instable_no_stable_identity	instable
uv	RvY_15650-1	14	0.42857142857142855	0.07142857142857142	0.5	constant	0.5	0.5	instable	instable_no_stable_identity	instable
uv	RvY_15651-1	14	0.5	0.14285714285714285	0.35714285714285715	up	0.5	0.5	instable	instable_no_stable_identity	instable
uv	RvY_15664	14	0.21428571428571427	0.2857142857142857	0.5	constant	0.5	0.5	instable	instable_no_stable_identity	instable
uv	RvY_15670-1	14	0.07142857142857142	0.42857142857142855	0.5	constant	0.5	0.5	instable	instable_no_stable_identity	instable
uv	RvY_15673-1	14	0.35714285714285715	0.14285714285714285	0.5	constant	0.5	0.5	instable	instable_no_stable_identity	instable
uv	RvY_15685-1	14	0.5	0	0.5	mixed	0.5	0.5	instable	instable_no_stable_identity	instable
uv	RvY_15700-1	14	0.07142857142857142	0.42857142857142855	0.5	constant	0.5	0.5	instable	instable_no_stable_identity	instable
uv	RvY_15709	14	0.5	0.07142857142857142	0.42857142857142855	up	0.5	0.5	instable	instable_no_stable_identity	instable
uv	RvY_15724-1	14	0.5	0	0.5	mixed	0.5	0.5	instable	instable_no_stable_identity	instable
uv	RvY_15739-1	14	0.5	0.2857142857142857	0.21428571428571427	up	0.5	0.5	instable	instable_no_stable_identity	instable
uv	RvY_15741-1	14	0.2857142857142857	0.21428571428571427	0.5	constant	0.5	0.5	instable	instable_no_stable_identity	instable
uv	RvY_15744-1	14	0.07142857142857142	0.5	0.42857142857142855	down	0.5	0.5	instable	instable_no_stable_identity	instable
uv	RvY_15746-1	14	0.5	0.07142857142857142	0.42857142857142855	up	0.5	0.5	instable	instable_no_stable_identity	instable
uv	RvY_15750-1	14	0.07142857142857142	0.5	0.42857142857142855	down	0.5	0.5	instable	instable_no_stable_identity	instable
uv	RvY_15751	14	0.5	0.07142857142857142	0.42857142857142855	up	0.5	0.5	instable	instable_no_stable_identity	instable
uv	RvY_15754	14	0.42857142857142855	0.07142857142857142	0.5	constant	0.5	0.5	instable	instable_no_stable_identity	instable
uv	RvY_15756-1	14	0	0.5	0.5	mixed	0.5	0.5	instable	instable_no_stable_identity	instable
uv	RvY_15770-1	14	0.42857142857142855	0.07142857142857142	0.5	constant	0.5	0.5	instable	instable_no_stable_identity	instable
uv	RvY_15781-1	14	0.5	0	0.5	mixed	0.5	0.5	instable	instable_no_stable_identity	instable
uv	RvY_15789-1	14	0.2857142857142857	0.21428571428571427	0.5	constant	0.5	0.5	instable	instable_no_stable_identity	instable
uv	RvY_15799	14	0	0.5	0.5	mixed	0.5	0.5	instable	instable_no_stable_identity	instable
uv	RvY_15801-1	14	0.42857142857142855	0.07142857142857142	0.5	constant	0.5	0.5	instable	instable_no_stable_identity	instable
uv	RvY_15813-1	14	0	0.5	0.5	mixed	0.5	0.5	instable	instable_no_stable_identity	instable
uv	RvY_15831-1	14	0.5	0	0.5	mixed	0.5	0.5	instable	instable_no_stable_identity	instable
uv	RvY_15838-1	14	0.42857142857142855	0.07142857142857142	0.5	constant	0.5	0.5	instable	instable_no_stable_identity	instable
uv	RvY_15840-1	14	0.35714285714285715	0.5	0.14285714285714285	down	0.5	0.5	instable	instable_no_stable_identity	instable
uv	RvY_15850	14	0.07142857142857142	0.42857142857142855	0.5	constant	0.5	0.5	instable	instable_no_stable_identity	instable
uv	RvY_15906-1	14	0.2857142857142857	0.21428571428571427	0.5	constant	0.5	0.5	instable	instable_no_stable_identity	instable
uv	RvY_15914	14	0.5	0.14285714285714285	0.35714285714285715	up	0.5	0.5	instable	instable_no_stable_identity	instable
uv	RvY_15916-1	14	0.5	0	0.5	mixed	0.5	0.5	instable	instable_no_stable_identity	instable
uv	RvY_15921-1	14	0.5	0	0.5	mixed	0.5	0.5	instable	instable_no_stable_identity	instable
uv	RvY_15923	14	0.5	0	0.5	mixed	0.5	0.5	instable	instable_no_stable_identity	instable
uv	RvY_15937	14	0.5	0	0.5	mixed	0.5	0.5	instable	instable_no_stable_identity	instable
uv	RvY_15939-1	14	0.2857142857142857	0.21428571428571427	0.5	constant	0.5	0.5	instable	instable_no_stable_identity	instable
uv	RvY_15950	14	0.07142857142857142	0.42857142857142855	0.5	constant	0.5	0.5	instable	instable_no_stable_identity	instable
uv	RvY_15951-1	14	0.5	0	0.5	mixed	0.5	0.5	instable	instable_no_stable_identity	instable
uv	RvY_15960-1	14	0.42857142857142855	0.07142857142857142	0.5	constant	0.5	0.5	instable	instable_no_stable_identity	instable
uv	RvY_15971-1	14	0.42857142857142855	0.07142857142857142	0.5	constant	0.5	0.5	instable	instable_no_stable_identity	instable
uv	RvY_15999	14	0.21428571428571427	0.2857142857142857	0.5	constant	0.5	0.5	instable	instable_no_stable_identity	instable
uv	RvY_16006-1	14	0.5	0	0.5	mixed	0.5	0.5	instable	instable_no_stable_identity	instable
uv	RvY_16023-1	14	0.5	0	0.5	mixed	0.5	0.5	instable	instable_no_stable_identity	instable
uv	RvY_16032-1	14	0.35714285714285715	0.14285714285714285	0.5	constant	0.5	0.5	instable	instable_no_stable_identity	instable
uv	RvY_16052-1	14	0.42857142857142855	0.07142857142857142	0.5	constant	0.5	0.5	instable	instable_no_stable_identity	instable
uv	RvY_16060-1	14	0	0.5	0.5	mixed	0.5	0.5	instable	instable_no_stable_identity	instable
uv	RvY_16065-1	14	0.5	0.07142857142857142	0.42857142857142855	up	0.5	0.5	instable	instable_no_stable_identity	instable
uv	RvY_16078-1	14	0	0.5	0.5	mixed	0.5	0.5	instable	instable_no_stable_identity	instable
uv	RvY_16096-1	14	0.35714285714285715	0.14285714285714285	0.5	constant	0.5	0.5	instable	instable_no_stable_identity	instable
uv	RvY_16097	14	0.5	0	0.5	mixed	0.5	0.5	instable	instable_no_stable_identity	instable
uv	RvY_16098	14	0.21428571428571427	0.5	0.2857142857142857	down	0.5	0.5	instable	instable_no_stable_identity	instable
uv	RvY_16101-1	14	0.42857142857142855	0.07142857142857142	0.5	constant	0.5	0.5	instable	instable_no_stable_identity	instable
uv	RvY_16115-1	14	0.5	0.07142857142857142	0.42857142857142855	up	0.5	0.5	instable	instable_no_stable_identity	instable
uv	RvY_16125-1	14	0.5	0.07142857142857142	0.42857142857142855	up	0.5	0.5	instable	instable_no_stable_identity	instable
uv	RvY_16128	14	0	0.5	0.5	mixed	0.5	0.5	instable	instable_no_stable_identity	instable
uv	RvY_16153-1	14	0.42857142857142855	0.07142857142857142	0.5	constant	0.5	0.5	instable	instable_no_stable_identity	instable
uv	RvY_16160-1	14	0	0.5	0.5	mixed	0.5	0.5	instable	instable_no_stable_identity	instable
uv	RvY_16171-1	14	0.14285714285714285	0.35714285714285715	0.5	constant	0.5	0.5	instable	instable_no_stable_identity	instable
uv	RvY_16214-1	14	0.35714285714285715	0.14285714285714285	0.5	constant	0.5	0.5	instable	instable_no_stable_identity	instable
uv	RvY_16216-1	14	0.5	0	0.5	mixed	0.5	0.5	instable	instable_no_stable_identity	instable
uv	RvY_16217-1	14	0.14285714285714285	0.35714285714285715	0.5	constant	0.5	0.5	instable	instable_no_stable_identity	instable
uv	RvY_16220-1	14	0.2857142857142857	0.21428571428571427	0.5	constant	0.5	0.5	instable	instable_no_stable_identity	instable
uv	RvY_16223-1	14	0.5	0.07142857142857142	0.42857142857142855	up	0.5	0.5	instable	instable_no_stable_identity	instable
uv	RvY_16228-1	14	0.07142857142857142	0.42857142857142855	0.5	constant	0.5	0.5	instable	instable_no_stable_identity	instable
uv	RvY_16239-1	14	0.5	0.14285714285714285	0.35714285714285715	up	0.5	0.5	instable	instable_no_stable_identity	instable
uv	RvY_16240-1	14	0.35714285714285715	0.14285714285714285	0.5	constant	0.5	0.5	instable	instable_no_stable_identity	instable
uv	RvY_16241	14	0.5	0	0.5	mixed	0.5	0.5	instable	instable_no_stable_identity	instable
uv	RvY_16266-1	14	0.5	0.14285714285714285	0.35714285714285715	up	0.5	0.5	instable	instable_no_stable_identity	instable
uv	RvY_16273	14	0.07142857142857142	0.5	0.42857142857142855	down	0.5	0.5	instable	instable_no_stable_identity	instable
uv	RvY_16283-1	14	0.2857142857142857	0.21428571428571427	0.5	constant	0.5	0.5	instable	instable_no_stable_identity	instable
uv	RvY_16315-1	14	0.5	0	0.5	mixed	0.5	0.5	instable	instable_no_stable_identity	instable
uv	RvY_16321-1	14	0.5	0	0.5	mixed	0.5	0.5	instable	instable_no_stable_identity	instable
uv	RvY_16339	14	0.14285714285714285	0.35714285714285715	0.5	constant	0.5	0.5	instable	instable_no_stable_identity	instable
uv	RvY_16340-1	14	0.2857142857142857	0.21428571428571427	0.5	constant	0.5	0.5	instable	instable_no_stable_identity	instable
uv	RvY_16341	14	0.5	0.07142857142857142	0.42857142857142855	up	0.5	0.5	instable	instable_no_stable_identity	instable
uv	RvY_16349-1	14	0.35714285714285715	0.14285714285714285	0.5	constant	0.5	0.5	instable	instable_no_stable_identity	instable
uv	RvY_16352-1	14	0.14285714285714285	0.5	0.35714285714285715	down	0.5	0.5	instable	instable_no_stable_identity	instable
uv	RvY_16357-1	14	0.14285714285714285	0.35714285714285715	0.5	constant	0.5	0.5	instable	instable_no_stable_identity	instable
uv	RvY_16361-1	14	0	0.5	0.5	mixed	0.5	0.5	instable	instable_no_stable_identity	instable
uv	RvY_16375-1	14	0	0.5	0.5	mixed	0.5	0.5	instable	instable_no_stable_identity	instable
uv	RvY_16382-1	14	0.5	0.14285714285714285	0.35714285714285715	up	0.5	0.5	instable	instable_no_stable_identity	instable
uv	RvY_16395-1	14	0.07142857142857142	0.42857142857142855	0.5	constant	0.5	0.5	instable	instable_no_stable_identity	instable
uv	RvY_16399-1	14	0.5	0	0.5	mixed	0.5	0.5	instable	instable_no_stable_identity	instable
uv	RvY_16434-1	14	0.5	0	0.5	mixed	0.5	0.5	instable	instable_no_stable_identity	instable
uv	RvY_16447-1	14	0.5	0	0.5	mixed	0.5	0.5	instable	instable_no_stable_identity	instable
uv	RvY_16448	14	0	0.5	0.5	mixed	0.5	0.5	instable	instable_no_stable_identity	instable
uv	RvY_16461-1	14	0.14285714285714285	0.35714285714285715	0.5	constant	0.5	0.5	instable	instable_no_stable_identity	instable
uv	RvY_16463	14	0.21428571428571427	0.2857142857142857	0.5	constant	0.5	0.5	instable	instable_no_stable_identity	instable
uv	RvY_16464	14	0.2857142857142857	0.21428571428571427	0.5	constant	0.5	0.5	instable	instable_no_stable_identity	instable
uv	RvY_16468-1	14	0.35714285714285715	0.14285714285714285	0.5	constant	0.5	0.5	instable	instable_no_stable_identity	instable
uv	RvY_16470-1	14	0	0.5	0.5	mixed	0.5	0.5	instable	instable_no_stable_identity	instable
uv	RvY_16485	14	0.5	0.21428571428571427	0.2857142857142857	up	0.5	0.5	instable	instable_no_stable_identity	instable
uv	RvY_16494	14	0.21428571428571427	0.2857142857142857	0.5	constant	0.5	0.5	instable	instable_no_stable_identity	instable
uv	RvY_16495-1	14	0.35714285714285715	0.14285714285714285	0.5	constant	0.5	0.5	instable	instable_no_stable_identity	instable
uv	RvY_16497	14	0.5	0.07142857142857142	0.42857142857142855	up	0.5	0.5	instable	instable_no_stable_identity	instable
uv	RvY_16508-1	14	0.07142857142857142	0.42857142857142855	0.5	constant	0.5	0.5	instable	instable_no_stable_identity	instable
uv	RvY_16513	14	0.5	0	0.5	mixed	0.5	0.5	instable	instable_no_stable_identity	instable
uv	RvY_16519-1	14	0	0.5	0.5	mixed	0.5	0.5	instable	instable_no_stable_identity	instable
uv	RvY_16525-1	14	0.35714285714285715	0.14285714285714285	0.5	constant	0.5	0.5	instable	instable_no_stable_identity	instable
uv	RvY_16526-1	14	0.5	0.14285714285714285	0.35714285714285715	up	0.5	0.5	instable	instable_no_stable_identity	instable
uv	RvY_16531-1	14	0.35714285714285715	0.14285714285714285	0.5	constant	0.5	0.5	instable	instable_no_stable_identity	instable
uv	RvY_16542-1	14	0.07142857142857142	0.5	0.42857142857142855	down	0.5	0.5	instable	instable_no_stable_identity	instable
uv	RvY_16548-1	14	0.07142857142857142	0.42857142857142855	0.5	constant	0.5	0.5	instable	instable_no_stable_identity	instable
uv	RvY_16559-1	14	0.42857142857142855	0.07142857142857142	0.5	constant	0.5	0.5	instable	instable_no_stable_identity	instable
uv	RvY_16571-1	14	0.07142857142857142	0.42857142857142855	0.5	constant	0.5	0.5	instable	instable_no_stable_identity	instable
uv	RvY_16573-1	14	0.14285714285714285	0.35714285714285715	0.5	constant	0.5	0.5	instable	instable_no_stable_identity	instable
uv	RvY_16580-1	14	0.07142857142857142	0.42857142857142855	0.5	constant	0.5	0.5	instable	instable_no_stable_identity	instable
uv	RvY_16587-1	14	0.5	0.21428571428571427	0.2857142857142857	up	0.5	0.5	instable	instable_no_stable_identity	instable
uv	RvY_16590-1	14	0	0.5	0.5	mixed	0.5	0.5	instable	instable_no_stable_identity	instable
uv	RvY_16604-1	14	0.2857142857142857	0.21428571428571427	0.5	constant	0.5	0.5	instable	instable_no_stable_identity	instable
uv	RvY_16607-1	14	0.5	0.07142857142857142	0.42857142857142855	up	0.5	0.5	instable	instable_no_stable_identity	instable
uv	RvY_16614-1	14	0.5	0	0.5	mixed	0.5	0.5	instable	instable_no_stable_identity	instable
uv	RvY_16627-1	14	0.5	0	0.5	mixed	0.5	0.5	instable	instable_no_stable_identity	instable
uv	RvY_16638-1	14	0	0.5	0.5	mixed	0.5	0.5	instable	instable_no_stable_identity	instable
uv	RvY_16645-1	14	0.5	0.14285714285714285	0.35714285714285715	up	0.5	0.5	instable	instable_no_stable_identity	instable
uv	RvY_16654-1	14	0.42857142857142855	0.07142857142857142	0.5	constant	0.5	0.5	instable	instable_no_stable_identity	instable
uv	RvY_16691-1	14	0.35714285714285715	0.14285714285714285	0.5	constant	0.5	0.5	instable	instable_no_stable_identity	instable
uv	RvY_16693-1	14	0.21428571428571427	0.2857142857142857	0.5	constant	0.5	0.5	instable	instable_no_stable_identity	instable
uv	RvY_16695	14	0.21428571428571427	0.5	0.2857142857142857	down	0.5	0.5	instable	instable_no_stable_identity	instable
uv	RvY_16738-1	14	0.5	0	0.5	mixed	0.5	0.5	instable	instable_no_stable_identity	instable
uv	RvY_16746-1	14	0.42857142857142855	0.07142857142857142	0.5	constant	0.5	0.5	instable	instable_no_stable_identity	instable
uv	RvY_16778-1	14	0.42857142857142855	0.07142857142857142	0.5	constant	0.5	0.5	instable	instable_no_stable_identity	instable
uv	RvY_16783-1	14	0.42857142857142855	0.07142857142857142	0.5	constant	0.5	0.5	instable	instable_no_stable_identity	instable
uv	RvY_16785-1	14	0.5	0	0.5	mixed	0.5	0.5	instable	instable_no_stable_identity	instable
uv	RvY_16789-1	14	0.42857142857142855	0.07142857142857142	0.5	constant	0.5	0.5	instable	instable_no_stable_identity	instable
uv	RvY_16791-1	14	0.35714285714285715	0.14285714285714285	0.5	constant	0.5	0.5	instable	instable_no_stable_identity	instable
uv	RvY_16795	14	0.42857142857142855	0.07142857142857142	0.5	constant	0.5	0.5	instable	instable_no_stable_identity	instable
uv	RvY_16811-1	14	0	0.5	0.5	mixed	0.5	0.5	instable	instable_no_stable_identity	instable
uv	RvY_16814-1	14	0.5	0	0.5	mixed	0.5	0.5	instable	instable_no_stable_identity	instable
uv	RvY_16852-1	14	0.07142857142857142	0.5	0.42857142857142855	down	0.5	0.5	instable	instable_no_stable_identity	instable
uv	RvY_16895-1	14	0.5	0	0.5	mixed	0.5	0.5	instable	instable_no_stable_identity	instable
uv	RvY_16901-1	14	0.35714285714285715	0.14285714285714285	0.5	constant	0.5	0.5	instable	instable_no_stable_identity	instable
uv	RvY_16916-1	14	0.42857142857142855	0.07142857142857142	0.5	constant	0.5	0.5	instable	instable_no_stable_identity	instable
uv	RvY_16942	14	0.07142857142857142	0.42857142857142855	0.5	constant	0.5	0.5	instable	instable_no_stable_identity	instable
uv	RvY_16944-1	14	0	0.5	0.5	mixed	0.5	0.5	instable	instable_no_stable_identity	instable
uv	RvY_16952-1	14	0.21428571428571427	0.2857142857142857	0.5	constant	0.5	0.5	instable	instable_no_stable_identity	instable
uv	RvY_16954-1	14	0.21428571428571427	0.2857142857142857	0.5	constant	0.5	0.5	instable	instable_no_stable_identity	instable
uv	RvY_16955-1	14	0.21428571428571427	0.2857142857142857	0.5	constant	0.5	0.5	instable	instable_no_stable_identity	instable
uv	RvY_16968	14	0.5	0	0.5	mixed	0.5	0.5	instable	instable_no_stable_identity	instable
uv	RvY_16977-1	14	0.07142857142857142	0.5	0.42857142857142855	down	0.5	0.5	instable	instable_no_stable_identity	instable
uv	RvY_16982-1	14	0.42857142857142855	0.07142857142857142	0.5	constant	0.5	0.5	instable	instable_no_stable_identity	instable
uv	RvY_16987-1	14	0.5	0	0.5	mixed	0.5	0.5	instable	instable_no_stable_identity	instable
uv	RvY_16991-1	14	0	0.5	0.5	mixed	0.5	0.5	instable	instable_no_stable_identity	instable
uv	RvY_17009-1	14	0.42857142857142855	0.07142857142857142	0.5	constant	0.5	0.5	instable	instable_no_stable_identity	instable
uv	RvY_17010-1	14	0	0.5	0.5	mixed	0.5	0.5	instable	instable_no_stable_identity	instable
uv	RvY_17011-1	14	0.5	0.07142857142857142	0.42857142857142855	up	0.5	0.5	instable	instable_no_stable_identity	instable
uv	RvY_17017-1	14	0.35714285714285715	0.5	0.14285714285714285	down	0.5	0.5	instable	instable_no_stable_identity	instable
uv	RvY_17029-1	14	0.5	0	0.5	mixed	0.5	0.5	instable	instable_no_stable_identity	instable
uv	RvY_17058	14	0.42857142857142855	0.07142857142857142	0.5	constant	0.5	0.5	instable	instable_no_stable_identity	instable
uv	RvY_17077-1	14	0.14285714285714285	0.5	0.35714285714285715	down	0.5	0.5	instable	instable_no_stable_identity	instable
uv	RvY_17082-1	14	0	0.5	0.5	mixed	0.5	0.5	instable	instable_no_stable_identity	instable
uv	RvY_17088-1	14	0.2857142857142857	0.21428571428571427	0.5	constant	0.5	0.5	instable	instable_no_stable_identity	instable
uv	RvY_17097-1	14	0.5	0	0.5	mixed	0.5	0.5	instable	instable_no_stable_identity	instable
uv	RvY_17099	14	0	0.5	0.5	mixed	0.5	0.5	instable	instable_no_stable_identity	instable
uv	RvY_17102	14	0.14285714285714285	0.35714285714285715	0.5	constant	0.5	0.5	instable	instable_no_stable_identity	instable
uv	RvY_17109	14	0.35714285714285715	0.14285714285714285	0.5	constant	0.5	0.5	instable	instable_no_stable_identity	instable
uv	RvY_17121-1	14	0.5	0.35714285714285715	0.14285714285714285	up	0.5	0.5	instable	instable_no_stable_identity	instable
uv	RvY_17122	14	0.5	0	0.5	mixed	0.5	0.5	instable	instable_no_stable_identity	instable
uv	RvY_17124-1	14	0.5	0.07142857142857142	0.42857142857142855	up	0.5	0.5	instable	instable_no_stable_identity	instable
uv	RvY_17125-1	14	0.5	0	0.5	mixed	0.5	0.5	instable	instable_no_stable_identity	instable
uv	RvY_17134-1	14	0.42857142857142855	0.07142857142857142	0.5	constant	0.5	0.5	instable	instable_no_stable_identity	instable
uv	RvY_17162-1	14	0.21428571428571427	0.2857142857142857	0.5	constant	0.5	0.5	instable	instable_no_stable_identity	instable
uv	RvY_17176	14	0	0.5	0.5	mixed	0.5	0.5	instable	instable_no_stable_identity	instable
uv	RvY_17177-1	14	0.2857142857142857	0.21428571428571427	0.5	constant	0.5	0.5	instable	instable_no_stable_identity	instable
uv	RvY_17178	14	0.5	0.07142857142857142	0.42857142857142855	up	0.5	0.5	instable	instable_no_stable_identity	instable
uv	RvY_17185-1	14	0.2857142857142857	0.21428571428571427	0.5	constant	0.5	0.5	instable	instable_no_stable_identity	instable
uv	RvY_17186	14	0.14285714285714285	0.35714285714285715	0.5	constant	0.5	0.5	instable	instable_no_stable_identity	instable
uv	RvY_17237	14	0.5	0	0.5	mixed	0.5	0.5	instable	instable_no_stable_identity	instable
uv	RvY_17239-1	14	0.5	0	0.5	mixed	0.5	0.5	instable	instable_no_stable_identity	instable
uv	RvY_17240-1	14	0	0.5	0.5	mixed	0.5	0.5	instable	instable_no_stable_identity	instable
uv	RvY_17248-1	14	0	0.5	0.5	mixed	0.5	0.5	instable	instable_no_stable_identity	instable
uv	RvY_17254-1	14	0.42857142857142855	0.07142857142857142	0.5	constant	0.5	0.5	instable	instable_no_stable_identity	instable
uv	RvY_17274-1	14	0.5	0.07142857142857142	0.42857142857142855	up	0.5	0.5	instable	instable_no_stable_identity	instable
uv	RvY_17278-1	14	0.14285714285714285	0.35714285714285715	0.5	constant	0.5	0.5	instable	instable_no_stable_identity	instable
uv	RvY_17279-1	14	0.2857142857142857	0.5	0.21428571428571427	down	0.5	0.5	instable	instable_no_stable_identity	instable
uv	RvY_17295-1	14	0.5	0.14285714285714285	0.35714285714285715	up	0.5	0.5	instable	instable_no_stable_identity	instable
uv	RvY_17306	14	0.35714285714285715	0.14285714285714285	0.5	constant	0.5	0.5	instable	instable_no_stable_identity	instable
uv	RvY_17308-1	14	0.5	0	0.5	mixed	0.5	0.5	instable	instable_no_stable_identity	instable
uv	RvY_17312-1	14	0.07142857142857142	0.42857142857142855	0.5	constant	0.5	0.5	instable	instable_no_stable_identity	instable
uv	RvY_17316-1	14	0.21428571428571427	0.2857142857142857	0.5	constant	0.5	0.5	instable	instable_no_stable_identity	instable
uv	RvY_17317-1	14	0.2857142857142857	0.21428571428571427	0.5	constant	0.5	0.5	instable	instable_no_stable_identity	instable
uv	RvY_17343-1	14	0.35714285714285715	0.14285714285714285	0.5	constant	0.5	0.5	instable	instable_no_stable_identity	instable
uv	RvY_17349-1	14	0.35714285714285715	0.14285714285714285	0.5	constant	0.5	0.5	instable	instable_no_stable_identity	instable
uv	RvY_17360-1	14	0.21428571428571427	0.2857142857142857	0.5	constant	0.5	0.5	instable	instable_no_stable_identity	instable
uv	RvY_17361-1	14	0.42857142857142855	0.07142857142857142	0.5	constant	0.5	0.5	instable	instable_no_stable_identity	instable
uv	RvY_17363	14	0.35714285714285715	0.14285714285714285	0.5	constant	0.5	0.5	instable	instable_no_stable_identity	instable
uv	RvY_17366-1	14	0.5	0.07142857142857142	0.42857142857142855	up	0.5	0.5	instable	instable_no_stable_identity	instable
uv	RvY_17379-1	14	0.42857142857142855	0.07142857142857142	0.5	constant	0.5	0.5	instable	instable_no_stable_identity	instable
uv	RvY_17391-1	14	0.42857142857142855	0.07142857142857142	0.5	constant	0.5	0.5	instable	instable_no_stable_identity	instable
uv	RvY_17412	14	0.07142857142857142	0.42857142857142855	0.5	constant	0.5	0.5	instable	instable_no_stable_identity	instable
uv	RvY_17438	14	0.35714285714285715	0.14285714285714285	0.5	constant	0.5	0.5	instable	instable_no_stable_identity	instable
uv	RvY_17439-1	14	0.5	0.07142857142857142	0.42857142857142855	up	0.5	0.5	instable	instable_no_stable_identity	instable
uv	RvY_17445-1	14	0.42857142857142855	0.07142857142857142	0.5	constant	0.5	0.5	instable	instable_no_stable_identity	instable
uv	RvY_17446-1	14	0.5	0.14285714285714285	0.35714285714285715	up	0.5	0.5	instable	instable_no_stable_identity	instable
uv	RvY_17451-1	14	0.35714285714285715	0.14285714285714285	0.5	constant	0.5	0.5	instable	instable_no_stable_identity	instable
uv	RvY_17459-1	14	0.2857142857142857	0.21428571428571427	0.5	constant	0.5	0.5	instable	instable_no_stable_identity	instable
uv	RvY_17467-1	14	0	0.5	0.5	mixed	0.5	0.5	instable	instable_no_stable_identity	instable
uv	RvY_17473-1	14	0.21428571428571427	0.2857142857142857	0.5	constant	0.5	0.5	instable	instable_no_stable_identity	instable
uv	RvY_17500-1	14	0.14285714285714285	0.35714285714285715	0.5	constant	0.5	0.5	instable	instable_no_stable_identity	instable
uv	RvY_17501-1	14	0	0.5	0.5	mixed	0.5	0.5	instable	instable_no_stable_identity	instable
uv	RvY_17506-1	14	0.5	0	0.5	mixed	0.5	0.5	instable	instable_no_stable_identity	instable
uv	RvY_17510-1	14	0.5	0	0.5	mixed	0.5	0.5	instable	instable_no_stable_identity	instable
uv	RvY_17514-1	14	0.07142857142857142	0.5	0.42857142857142855	down	0.5	0.5	instable	instable_no_stable_identity	instable
uv	RvY_17518-1	14	0.5	0.14285714285714285	0.35714285714285715	up	0.5	0.5	instable	instable_no_stable_identity	instable
uv	RvY_17524-1	14	0.07142857142857142	0.42857142857142855	0.5	constant	0.5	0.5	instable	instable_no_stable_identity	instable
uv	RvY_17529-1	14	0	0.5	0.5	mixed	0.5	0.5	instable	instable_no_stable_identity	instable
uv	RvY_17530-1	14	0.07142857142857142	0.5	0.42857142857142855	down	0.5	0.5	instable	instable_no_stable_identity	instable
uv	RvY_17543-1	14	0.5	0	0.5	mixed	0.5	0.5	instable	instable_no_stable_identity	instable
uv	RvY_17546-1	14	0.07142857142857142	0.42857142857142855	0.5	constant	0.5	0.5	instable	instable_no_stable_identity	instable
uv	RvY_17553-1	14	0.35714285714285715	0.14285714285714285	0.5	constant	0.5	0.5	instable	instable_no_stable_identity	instable
uv	RvY_17577-1	14	0.07142857142857142	0.42857142857142855	0.5	constant	0.5	0.5	instable	instable_no_stable_identity	instable
uv	RvY_17606-1	14	0	0.5	0.5	mixed	0.5	0.5	instable	instable_no_stable_identity	instable
uv	RvY_17615-1	14	0.07142857142857142	0.5	0.42857142857142855	down	0.5	0.5	instable	instable_no_stable_identity	instable
uv	RvY_17618	14	0.2857142857142857	0.21428571428571427	0.5	constant	0.5	0.5	instable	instable_no_stable_identity	instable
uv	RvY_17628-1	14	0.35714285714285715	0.14285714285714285	0.5	constant	0.5	0.5	instable	instable_no_stable_identity	instable
uv	RvY_17631-1	14	0.42857142857142855	0.07142857142857142	0.5	constant	0.5	0.5	instable	instable_no_stable_identity	instable
uv	RvY_17633-1	14	0.35714285714285715	0.14285714285714285	0.5	constant	0.5	0.5	instable	instable_no_stable_identity	instable
uv	RvY_17634-1	14	0.2857142857142857	0.21428571428571427	0.5	constant	0.5	0.5	instable	instable_no_stable_identity	instable
uv	RvY_17693-1	14	0.07142857142857142	0.5	0.42857142857142855	down	0.5	0.5	instable	instable_no_stable_identity	instable
uv	RvY_17695-1	14	0.42857142857142855	0.07142857142857142	0.5	constant	0.5	0.5	instable	instable_no_stable_identity	instable
uv	RvY_17696-1	14	0	0.5	0.5	mixed	0.5	0.5	instable	instable_no_stable_identity	instable
uv	RvY_17715-1	14	0.5	0	0.5	mixed	0.5	0.5	instable	instable_no_stable_identity	instable
uv	RvY_17718-1	14	0.5	0	0.5	mixed	0.5	0.5	instable	instable_no_stable_identity	instable
uv	RvY_17719	14	0	0.5	0.5	mixed	0.5	0.5	instable	instable_no_stable_identity	instable
uv	RvY_17742-1	14	0.21428571428571427	0.5	0.2857142857142857	down	0.5	0.5	instable	instable_no_stable_identity	instable
uv	RvY_17745-1	14	0.2857142857142857	0.5	0.21428571428571427	down	0.5	0.5	instable	instable_no_stable_identity	instable
uv	RvY_17780-1	14	0.07142857142857142	0.42857142857142855	0.5	constant	0.5	0.5	instable	instable_no_stable_identity	instable
uv	RvY_17788-1	14	0.5	0.21428571428571427	0.2857142857142857	up	0.5	0.5	instable	instable_no_stable_identity	instable
uv	RvY_17810-1	14	0	0.5	0.5	mixed	0.5	0.5	instable	instable_no_stable_identity	instable
uv	RvY_17822-1	14	0.5	0	0.5	mixed	0.5	0.5	instable	instable_no_stable_identity	instable
uv	RvY_17839-1	14	0.07142857142857142	0.5	0.42857142857142855	down	0.5	0.5	instable	instable_no_stable_identity	instable
uv	RvY_17843-1	14	0.5	0	0.5	mixed	0.5	0.5	instable	instable_no_stable_identity	instable
uv	RvY_17870-1	14	0.2857142857142857	0.21428571428571427	0.5	constant	0.5	0.5	instable	instable_no_stable_identity	instable
uv	RvY_17876	14	0.5	0.07142857142857142	0.42857142857142855	up	0.5	0.5	instable	instable_no_stable_identity	instable
uv	RvY_17906-1	14	0.21428571428571427	0.2857142857142857	0.5	constant	0.5	0.5	instable	instable_no_stable_identity	instable
uv	RvY_17907-1	14	0.42857142857142855	0.07142857142857142	0.5	constant	0.5	0.5	instable	instable_no_stable_identity	instable
uv	RvY_17922	14	0.42857142857142855	0.07142857142857142	0.5	constant	0.5	0.5	instable	instable_no_stable_identity	instable
uv	RvY_17947-1	14	0.21428571428571427	0.2857142857142857	0.5	constant	0.5	0.5	instable	instable_no_stable_identity	instable
uv	RvY_17956-1	14	0.07142857142857142	0.42857142857142855	0.5	constant	0.5	0.5	instable	instable_no_stable_identity	instable
uv	RvY_17964-1	14	0.5	0	0.5	mixed	0.5	0.5	instable	instable_no_stable_identity	instable
uv	RvY_17967-1	14	0	0.5	0.5	mixed	0.5	0.5	instable	instable_no_stable_identity	instable
uv	RvY_17986-1	14	0.42857142857142855	0.07142857142857142	0.5	constant	0.5	0.5	instable	instable_no_stable_identity	instable
uv	RvY_17991-1	14	0.14285714285714285	0.35714285714285715	0.5	constant	0.5	0.5	instable	instable_no_stable_identity	instable
uv	RvY_17994-1	14	0.42857142857142855	0.07142857142857142	0.5	constant	0.5	0.5	instable	instable_no_stable_identity	instable
uv	RvY_18000-1	14	0.2857142857142857	0.21428571428571427	0.5	constant	0.5	0.5	instable	instable_no_stable_identity	instable
uv	RvY_18013-1	14	0	0.5	0.5	mixed	0.5	0.5	instable	instable_no_stable_identity	instable
uv	RvY_18029-1	14	0.35714285714285715	0.14285714285714285	0.5	constant	0.5	0.5	instable	instable_no_stable_identity	instable
uv	RvY_18032-1	14	0.14285714285714285	0.35714285714285715	0.5	constant	0.5	0.5	instable	instable_no_stable_identity	instable
uv	RvY_18035-1	14	0.07142857142857142	0.42857142857142855	0.5	constant	0.5	0.5	instable	instable_no_stable_identity	instable
uv	RvY_18038-1	14	0.42857142857142855	0.07142857142857142	0.5	constant	0.5	0.5	instable	instable_no_stable_identity	instable
uv	RvY_18040-1	14	0.5	0	0.5	mixed	0.5	0.5	instable	instable_no_stable_identity	instable
uv	RvY_18057-1	14	0.5	0.07142857142857142	0.42857142857142855	up	0.5	0.5	instable	instable_no_stable_identity	instable
uv	RvY_18061	14	0.35714285714285715	0.14285714285714285	0.5	constant	0.5	0.5	instable	instable_no_stable_identity	instable
uv	RvY_18067-1	14	0.07142857142857142	0.5	0.42857142857142855	down	0.5	0.5	instable	instable_no_stable_identity	instable
uv	RvY_18070-1	14	0.5	0	0.5	mixed	0.5	0.5	instable	instable_no_stable_identity	instable
uv	RvY_18081	14	0.07142857142857142	0.5	0.42857142857142855	down	0.5	0.5	instable	instable_no_stable_identity	instable
uv	RvY_18090	14	0.07142857142857142	0.42857142857142855	0.5	constant	0.5	0.5	instable	instable_no_stable_identity	instable
uv	RvY_18113-1	14	0.5	0	0.5	mixed	0.5	0.5	instable	instable_no_stable_identity	instable
uv	RvY_18122-1	14	0.21428571428571427	0.2857142857142857	0.5	constant	0.5	0.5	instable	instable_no_stable_identity	instable
uv	RvY_18124-1	14	0.5	0.07142857142857142	0.42857142857142855	up	0.5	0.5	instable	instable_no_stable_identity	instable
uv	RvY_18130-1	14	0.42857142857142855	0.07142857142857142	0.5	constant	0.5	0.5	instable	instable_no_stable_identity	instable
uv	RvY_18131-1	14	0.42857142857142855	0.07142857142857142	0.5	constant	0.5	0.5	instable	instable_no_stable_identity	instable
uv	RvY_18134	14	0.2857142857142857	0.5	0.21428571428571427	down	0.5	0.5	instable	instable_no_stable_identity	instable
uv	RvY_18137-1	14	0.5	0	0.5	mixed	0.5	0.5	instable	instable_no_stable_identity	instable
uv	RvY_18172-1	14	0.14285714285714285	0.35714285714285715	0.5	constant	0.5	0.5	instable	instable_no_stable_identity	instable
uv	RvY_18180-1	14	0.21428571428571427	0.2857142857142857	0.5	constant	0.5	0.5	instable	instable_no_stable_identity	instable
uv	RvY_18211	14	0	0.5	0.5	mixed	0.5	0.5	instable	instable_no_stable_identity	instable
uv	RvY_18221-1	14	0.35714285714285715	0.14285714285714285	0.5	constant	0.5	0.5	instable	instable_no_stable_identity	instable
uv	RvY_18250-1	14	0.5	0	0.5	mixed	0.5	0.5	instable	instable_no_stable_identity	instable
uv	RvY_18285-1	14	0.21428571428571427	0.2857142857142857	0.5	constant	0.5	0.5	instable	instable_no_stable_identity	instable
uv	RvY_18292	14	0.5	0	0.5	mixed	0.5	0.5	instable	instable_no_stable_identity	instable
uv	RvY_18306-1	14	0.07142857142857142	0.42857142857142855	0.5	constant	0.5	0.5	instable	instable_no_stable_identity	instable
uv	RvY_18307-1	14	0.2857142857142857	0.5	0.21428571428571427	down	0.5	0.5	instable	instable_no_stable_identity	instable
uv	RvY_18312-1	14	0.5	0.07142857142857142	0.42857142857142855	up	0.5	0.5	instable	instable_no_stable_identity	instable
uv	RvY_18355-1	14	0.35714285714285715	0.14285714285714285	0.5	constant	0.5	0.5	instable	instable_no_stable_identity	instable
uv	RvY_18360-1	14	0.5	0	0.5	mixed	0.5	0.5	instable	instable_no_stable_identity	instable
uv	RvY_18364-1	14	0.07142857142857142	0.5	0.42857142857142855	down	0.5	0.5	instable	instable_no_stable_identity	instable
uv	RvY_18392-1	14	0.2857142857142857	0.21428571428571427	0.5	constant	0.5	0.5	instable	instable_no_stable_identity	instable
uv	RvY_18398-1	14	0.42857142857142855	0.07142857142857142	0.5	constant	0.5	0.5	instable	instable_no_stable_identity	instable
uv	RvY_18413	14	0.21428571428571427	0.2857142857142857	0.5	constant	0.5	0.5	instable	instable_no_stable_identity	instable
uv	RvY_18419-1	14	0.42857142857142855	0.07142857142857142	0.5	constant	0.5	0.5	instable	instable_no_stable_identity	instable
uv	RvY_18420	14	0.14285714285714285	0.35714285714285715	0.5	constant	0.5	0.5	instable	instable_no_stable_identity	instable
uv	RvY_18421-1	14	0.35714285714285715	0.14285714285714285	0.5	constant	0.5	0.5	instable	instable_no_stable_identity	instable
uv	RvY_18426	14	0.21428571428571427	0.5	0.2857142857142857	down	0.5	0.5	instable	instable_no_stable_identity	instable
uv	RvY_18429-1	14	0.42857142857142855	0.07142857142857142	0.5	constant	0.5	0.5	instable	instable_no_stable_identity	instable
uv	RvY_18431-1	14	0.21428571428571427	0.2857142857142857	0.5	constant	0.5	0.5	instable	instable_no_stable_identity	instable
uv	RvY_18434-1	14	0.07142857142857142	0.5	0.42857142857142855	down	0.5	0.5	instable	instable_no_stable_identity	instable
uv	RvY_18449-1	14	0.5	0.07142857142857142	0.42857142857142855	up	0.5	0.5	instable	instable_no_stable_identity	instable
uv	RvY_18452-1	14	0.14285714285714285	0.35714285714285715	0.5	constant	0.5	0.5	instable	instable_no_stable_identity	instable
uv	RvY_18458-1	14	0	0.5	0.5	mixed	0.5	0.5	instable	instable_no_stable_identity	instable
uv	RvY_18476-1	14	0.5	0.14285714285714285	0.35714285714285715	up	0.5	0.5	instable	instable_no_stable_identity	instable
uv	RvY_18477-1	14	0.42857142857142855	0.07142857142857142	0.5	constant	0.5	0.5	instable	instable_no_stable_identity	instable
uv	RvY_18491	14	0.5	0.14285714285714285	0.35714285714285715	up	0.5	0.5	instable	instable_no_stable_identity	instable
uv	RvY_18497-1	14	0.5	0	0.5	mixed	0.5	0.5	instable	instable_no_stable_identity	instable
uv	RvY_18498-1	14	0.35714285714285715	0.14285714285714285	0.5	constant	0.5	0.5	instable	instable_no_stable_identity	instable
uv	RvY_18503-1	14	0.5	0	0.5	mixed	0.5	0.5	instable	instable_no_stable_identity	instable
uv	RvY_18509-1	14	0.14285714285714285	0.5	0.35714285714285715	down	0.5	0.5	instable	instable_no_stable_identity	instable
uv	RvY_18522-1	14	0.07142857142857142	0.5	0.42857142857142855	down	0.5	0.5	instable	instable_no_stable_identity	instable
uv	RvY_18529-1	14	0.5	0	0.5	mixed	0.5	0.5	instable	instable_no_stable_identity	instable
uv	RvY_18536-1	14	0	0.5	0.5	mixed	0.5	0.5	instable	instable_no_stable_identity	instable
uv	RvY_18542-1	14	0.5	0	0.5	mixed	0.5	0.5	instable	instable_no_stable_identity	instable
uv	RvY_18553-1	14	0.14285714285714285	0.35714285714285715	0.5	constant	0.5	0.5	instable	instable_no_stable_identity	instable
uv	RvY_18566-1	14	0	0.5	0.5	mixed	0.5	0.5	instable	instable_no_stable_identity	instable
uv	RvY_18570-1	14	0.5	0.14285714285714285	0.35714285714285715	up	0.5	0.5	instable	instable_no_stable_identity	instable
uv	RvY_18595-1	14	0.2857142857142857	0.21428571428571427	0.5	constant	0.5	0.5	instable	instable_no_stable_identity	instable
uv	RvY_18617	14	0.5	0.07142857142857142	0.42857142857142855	up	0.5	0.5	instable	instable_no_stable_identity	instable
uv	RvY_18618	14	0	0.5	0.5	mixed	0.5	0.5	instable	instable_no_stable_identity	instable
uv	RvY_18646-1	14	0.14285714285714285	0.35714285714285715	0.5	constant	0.5	0.5	instable	instable_no_stable_identity	instable
uv	RvY_18657-1	14	0.5	0	0.5	mixed	0.5	0.5	instable	instable_no_stable_identity	instable
uv	RvY_18684-1	14	0.2857142857142857	0.21428571428571427	0.5	constant	0.5	0.5	instable	instable_no_stable_identity	instable
uv	RvY_18689-1	14	0.5	0	0.5	mixed	0.5	0.5	instable	instable_no_stable_identity	instable
uv	RvY_18710-1	14	0.14285714285714285	0.35714285714285715	0.5	constant	0.5	0.5	instable	instable_no_stable_identity	instable
uv	RvY_18715-1	14	0.42857142857142855	0.07142857142857142	0.5	constant	0.5	0.5	instable	instable_no_stable_identity	instable
uv	RvY_18747-1	14	0.2857142857142857	0.21428571428571427	0.5	constant	0.5	0.5	instable	instable_no_stable_identity	instable
uv	RvY_18764-1	14	0	0.5	0.5	mixed	0.5	0.5	instable	instable_no_stable_identity	instable
uv	RvY_18766	14	0	0.5	0.5	mixed	0.5	0.5	instable	instable_no_stable_identity	instable
uv	RvY_18796-1	14	0.14285714285714285	0.5	0.35714285714285715	down	0.5	0.5	instable	instable_no_stable_identity	instable
uv	RvY_18801-1	14	0.14285714285714285	0.35714285714285715	0.5	constant	0.5	0.5	instable	instable_no_stable_identity	instable
uv	RvY_18805-1	14	0.42857142857142855	0.07142857142857142	0.5	constant	0.5	0.5	instable	instable_no_stable_identity	instable
uv	RvY_18813-1	14	0.42857142857142855	0.07142857142857142	0.5	constant	0.5	0.5	instable	instable_no_stable_identity	instable
uv	RvY_18824	14	0.2857142857142857	0.21428571428571427	0.5	constant	0.5	0.5	instable	instable_no_stable_identity	instable
uv	RvY_18836-1	14	0.07142857142857142	0.5	0.42857142857142855	down	0.5	0.5	instable	instable_no_stable_identity	instable
uv	RvY_18838-1	14	0.5	0	0.5	mixed	0.5	0.5	instable	instable_no_stable_identity	instable
uv	RvY_18858-1	14	0	0.5	0.5	mixed	0.5	0.5	instable	instable_no_stable_identity	instable
uv	RvY_18863-1	14	0.07142857142857142	0.5	0.42857142857142855	down	0.5	0.5	instable	instable_no_stable_identity	instable
uv	RvY_18876-1	14	0	0.5	0.5	mixed	0.5	0.5	instable	instable_no_stable_identity	instable
uv	RvY_18897-1	14	0	0.5	0.5	mixed	0.5	0.5	instable	instable_no_stable_identity	instable
uv	RvY_18900	14	0.14285714285714285	0.5	0.35714285714285715	down	0.5	0.5	instable	instable_no_stable_identity	instable
uv	RvY_18901-1	14	0.2857142857142857	0.5	0.21428571428571427	down	0.5	0.5	instable	instable_no_stable_identity	instable
uv	RvY_18904-1	14	0.07142857142857142	0.42857142857142855	0.5	constant	0.5	0.5	instable	instable_no_stable_identity	instable
uv	RvY_18916-1	14	0.5	0.07142857142857142	0.42857142857142855	up	0.5	0.5	instable	instable_no_stable_identity	instable
uv	RvY_18935-1	14	0.5	0	0.5	mixed	0.5	0.5	instable	instable_no_stable_identity	instable
uv	RvY_18938-1	14	0.5	0	0.5	mixed	0.5	0.5	instable	instable_no_stable_identity	instable
uv	RvY_18956-1	14	0.35714285714285715	0.14285714285714285	0.5	constant	0.5	0.5	instable	instable_no_stable_identity	instable
uv	RvY_18966-1	14	0.35714285714285715	0.14285714285714285	0.5	constant	0.5	0.5	instable	instable_no_stable_identity	instable
uv	RvY_18984-1	14	0.2857142857142857	0.5	0.21428571428571427	down	0.5	0.5	instable	instable_no_stable_identity	instable
uv	RvY_18999	14	0.42857142857142855	0.07142857142857142	0.5	constant	0.5	0.5	instable	instable_no_stable_identity	instable
uv	RvY_19008-1	14	0.5	0.07142857142857142	0.42857142857142855	up	0.5	0.5	instable	instable_no_stable_identity	instable
uv	RvY_19022-1	14	0.14285714285714285	0.35714285714285715	0.5	constant	0.5	0.5	instable	instable_no_stable_identity	instable
uv	RvY_19031	14	0.5	0	0.5	mixed	0.5	0.5	instable	instable_no_stable_identity	instable
uv	RvY_19038	14	0.5	0.14285714285714285	0.35714285714285715	up	0.5	0.5	instable	instable_no_stable_identity	instable
uv	RvY_19043	14	0.2857142857142857	0.5	0.21428571428571427	down	0.5	0.5	instable	instable_no_stable_identity	instable
uv	RvY_19055	14	0.07142857142857142	0.42857142857142855	0.5	constant	0.5	0.5	instable	instable_no_stable_identity	instable
uv	RvY_19069	14	0.5	0	0.5	mixed	0.5	0.5	instable	instable_no_stable_identity	instable
uv	RvY_19100-1	14	0.5	0	0.5	mixed	0.5	0.5	instable	instable_no_stable_identity	instable
uv	RvY_19118-1	14	0.21428571428571427	0.2857142857142857	0.5	constant	0.5	0.5	instable	instable_no_stable_identity	instable
uv	RvY_19125-1	14	0.21428571428571427	0.5	0.2857142857142857	down	0.5	0.5	instable	instable_no_stable_identity	instable
uv	RvY_19150-1	14	0.21428571428571427	0.2857142857142857	0.5	constant	0.5	0.5	instable	instable_no_stable_identity	instable
uv	RvY_19155-1	14	0.14285714285714285	0.5	0.35714285714285715	down	0.5	0.5	instable	instable_no_stable_identity	instable
uv	RvY_19213	14	0.35714285714285715	0.14285714285714285	0.5	constant	0.5	0.5	instable	instable_no_stable_identity	instable
uv	RvY_19217-1	14	0.42857142857142855	0.5	0.07142857142857142	down	0.5	0.5	instable	instable_no_stable_identity	instable
uv	RvY_19229-1	14	0.5	0.35714285714285715	0.14285714285714285	up	0.5	0.5	instable	instable_no_stable_identity	instable
uv	RvY_19231-1	14	0.42857142857142855	0.07142857142857142	0.5	constant	0.5	0.5	instable	instable_no_stable_identity	instable
uv	RvY_19240	14	0.5	0.14285714285714285	0.35714285714285715	up	0.5	0.5	instable	instable_no_stable_identity	instable
uv	RvY_19241-1	14	0.2857142857142857	0.21428571428571427	0.5	constant	0.5	0.5	instable	instable_no_stable_identity	instable
uv	RvY_19245-1	14	0	0.5	0.5	mixed	0.5	0.5	instable	instable_no_stable_identity	instable
uv	RvY_19253-1	14	0.5	0	0.5	mixed	0.5	0.5	instable	instable_no_stable_identity	instable
uv	RvY_19255-1	14	0.5	0.07142857142857142	0.42857142857142855	up	0.5	0.5	instable	instable_no_stable_identity	instable
uv	RvY_19288-1	14	0.21428571428571427	0.5	0.2857142857142857	down	0.5	0.5	instable	instable_no_stable_identity	instable
uv	RvY_19291-1	14	0.42857142857142855	0.07142857142857142	0.5	constant	0.5	0.5	instable	instable_no_stable_identity	instable
uv	RvY_19294-1	14	0.21428571428571427	0.5	0.2857142857142857	down	0.5	0.5	instable	instable_no_stable_identity	instable
uv	RvY_19302-1	14	0.2857142857142857	0.21428571428571427	0.5	constant	0.5	0.5	instable	instable_no_stable_identity	instable
uv	RvY_19305-2	14	0.5	0	0.5	mixed	0.5	0.5	instable	instable_no_stable_identity	instable
uv	RvY_19312-1	14	0.5	0.21428571428571427	0.2857142857142857	up	0.5	0.5	instable	instable_no_stable_identity	instable
uv	RvY_19334-1	14	0.21428571428571427	0.2857142857142857	0.5	constant	0.5	0.5	instable	instable_no_stable_identity	instable
uv	RvY_19338-1	14	0.21428571428571427	0.2857142857142857	0.5	constant	0.5	0.5	instable	instable_no_stable_identity	instable
uv	RvY_19347-1	14	0.21428571428571427	0.5	0.2857142857142857	down	0.5	0.5	instable	instable_no_stable_identity	instable
uv	RvY_19357-1	14	0.5	0	0.5	mixed	0.5	0.5	instable	instable_no_stable_identity	instable
uv	RvY_19358-1	14	0.42857142857142855	0.5	0.07142857142857142	down	0.5	0.5	instable	instable_no_stable_identity	instable
uv	RvY_19360-1	14	0.35714285714285715	0.5	0.14285714285714285	down	0.5	0.5	instable	instable_no_stable_identity	instable
uv	RvY_19363-1	14	0.07142857142857142	0.5	0.42857142857142855	down	0.5	0.5	instable	instable_no_stable_identity	instable
uv	RvY_19374-1	14	0	0.5	0.5	mixed	0.5	0.5	instable	instable_no_stable_identity	instable
uv	RvY_19393-1	14	0.07142857142857142	0.5	0.42857142857142855	down	0.5	0.5	instable	instable_no_stable_identity	instable
uv	RvY_19395-1	14	0.07142857142857142	0.42857142857142855	0.5	constant	0.5	0.5	instable	instable_no_stable_identity	instable
uv	RvY_19412-1	14	0.5	0.14285714285714285	0.35714285714285715	up	0.5	0.5	instable	instable_no_stable_identity	instable
uv	RvY_19424-1	14	0.5	0.21428571428571427	0.2857142857142857	up	0.5	0.5	instable	instable_no_stable_identity	instable
uv	RvY_19428-1	14	0.5	0.14285714285714285	0.35714285714285715	up	0.5	0.5	instable	instable_no_stable_identity	instable
uv	RvY_19438-1	14	0.5	0.07142857142857142	0.42857142857142855	up	0.5	0.5	instable	instable_no_stable_identity	instable
uv	RvY_19440-1	14	0.07142857142857142	0.42857142857142855	0.5	constant	0.5	0.5	instable	instable_no_stable_identity	instable
uv	RvY_19450-1	14	0.42857142857142855	0.07142857142857142	0.5	constant	0.5	0.5	instable	instable_no_stable_identity	instable
uv	RvY_19460-1	14	0.07142857142857142	0.5	0.42857142857142855	down	0.5	0.5	instable	instable_no_stable_identity	instable
uv	RvY_19489-1	14	0.5	0.42857142857142855	0.07142857142857142	up	0.5	0.5	instable	instable_no_stable_identity	instable
uv	RvY_19520-1	14	0	0.5	0.5	mixed	0.5	0.5	instable	instable_no_stable_identity	instable
uv	RvY_19553-1	14	0.21428571428571427	0.2857142857142857	0.5	constant	0.5	0.5	instable	instable_no_stable_identity	instable
uv	RvY_19639-1	14	0	0.5	0.5	mixed	0.5	0.5	instable	instable_no_stable_identity	instable
uv	RvY_19664-1	14	0.2857142857142857	0.21428571428571427	0.5	constant	0.5	0.5	instable	instable_no_stable_identity	instable
uv	RvY_19669-1	14	0.35714285714285715	0.5	0.14285714285714285	down	0.5	0.5	instable	instable_no_stable_identity	instable
uv	nad2	14	0.07142857142857142	0.5	0.42857142857142855	down	0.5	0.5	instable	instable_no_stable_identity	instable
uv	RvY_00009-1	14	0.07142857142857142	0.35714285714285715	0.5714285714285714	constant	0.5714285714285714	0.4285714285714286	instable	instable_no_stable_identity	instable
uv	RvY_00023	14	0	0.42857142857142855	0.5714285714285714	constant	0.5714285714285714	0.4285714285714286	instable	instable_no_stable_identity	instable
uv	RvY_00024-1	14	0.21428571428571427	0.21428571428571427	0.5714285714285714	constant	0.5714285714285714	0.4285714285714286	instable	instable_no_stable_identity	instable
uv	RvY_00025-1	14	0.14285714285714285	0.2857142857142857	0.5714285714285714	constant	0.5714285714285714	0.4285714285714286	instable	instable_no_stable_identity	instable
uv	RvY_00037-1	14	0.14285714285714285	0.2857142857142857	0.5714285714285714	constant	0.5714285714285714	0.4285714285714286	instable	instable_no_stable_identity	instable
uv	RvY_00060-1	14	0.5714285714285714	0	0.42857142857142855	up	0.5714285714285714	0.4285714285714286	instable	instable_no_stable_identity	instable
uv	RvY_00062	14	0.07142857142857142	0.35714285714285715	0.5714285714285714	constant	0.5714285714285714	0.4285714285714286	instable	instable_no_stable_identity	instable
uv	RvY_00063-1	14	0.21428571428571427	0.21428571428571427	0.5714285714285714	constant	0.5714285714285714	0.4285714285714286	instable	instable_no_stable_identity	instable
uv	RvY_00073-1	14	0.42857142857142855	0	0.5714285714285714	constant	0.5714285714285714	0.4285714285714286	instable	instable_no_stable_identity	instable
uv	RvY_00077-1	14	0.5714285714285714	0	0.42857142857142855	up	0.5714285714285714	0.4285714285714286	instable	instable_no_stable_identity	instable
uv	RvY_00095-1	14	0	0.42857142857142855	0.5714285714285714	constant	0.5714285714285714	0.4285714285714286	instable	instable_no_stable_identity	instable
uv	RvY_00097-1	14	0.14285714285714285	0.2857142857142857	0.5714285714285714	constant	0.5714285714285714	0.4285714285714286	instable	instable_no_stable_identity	instable
uv	RvY_00111-1	14	0.42857142857142855	0	0.5714285714285714	constant	0.5714285714285714	0.4285714285714286	instable	instable_no_stable_identity	instable
uv	RvY_00117-1	14	0	0.5714285714285714	0.42857142857142855	down	0.5714285714285714	0.4285714285714286	instable	instable_no_stable_identity	instable
uv	RvY_00118-1	14	0	0.5714285714285714	0.42857142857142855	down	0.5714285714285714	0.4285714285714286	instable	instable_no_stable_identity	instable
uv	RvY_00120-2	14	0.35714285714285715	0.07142857142857142	0.5714285714285714	constant	0.5714285714285714	0.4285714285714286	instable	instable_no_stable_identity	instable
uv	RvY_00132-1	14	0.2857142857142857	0.14285714285714285	0.5714285714285714	constant	0.5714285714285714	0.4285714285714286	instable	instable_no_stable_identity	instable
uv	RvY_00135-1	14	0.07142857142857142	0.5714285714285714	0.35714285714285715	down	0.5714285714285714	0.4285714285714286	instable	instable_no_stable_identity	instable
uv	RvY_00174-1	14	0.5714285714285714	0	0.42857142857142855	up	0.5714285714285714	0.4285714285714286	instable	instable_no_stable_identity	instable
uv	RvY_00178-1	14	0.07142857142857142	0.35714285714285715	0.5714285714285714	constant	0.5714285714285714	0.4285714285714286	instable	instable_no_stable_identity	instable
uv	RvY_00192	14	0.2857142857142857	0.14285714285714285	0.5714285714285714	constant	0.5714285714285714	0.4285714285714286	instable	instable_no_stable_identity	instable
uv	RvY_00195	14	0.42857142857142855	0	0.5714285714285714	constant	0.5714285714285714	0.4285714285714286	instable	instable_no_stable_identity	instable
uv	RvY_00208-1	14	0.42857142857142855	0	0.5714285714285714	constant	0.5714285714285714	0.4285714285714286	instable	instable_no_stable_identity	instable
uv	RvY_00212-1	14	0.2857142857142857	0.14285714285714285	0.5714285714285714	constant	0.5714285714285714	0.4285714285714286	instable	instable_no_stable_identity	instable
uv	RvY_00217	14	0.5714285714285714	0	0.42857142857142855	up	0.5714285714285714	0.4285714285714286	instable	instable_no_stable_identity	instable
uv	RvY_00231-1	14	0.42857142857142855	0	0.5714285714285714	constant	0.5714285714285714	0.4285714285714286	instable	instable_no_stable_identity	instable
uv	RvY_00244	14	0.14285714285714285	0.5714285714285714	0.2857142857142857	down	0.5714285714285714	0.4285714285714286	instable	instable_no_stable_identity	instable
uv	RvY_00251	14	0.5714285714285714	0.07142857142857142	0.35714285714285715	up	0.5714285714285714	0.4285714285714286	instable	instable_no_stable_identity	instable
uv	RvY_00253-1	14	0.07142857142857142	0.5714285714285714	0.35714285714285715	down	0.5714285714285714	0.4285714285714286	instable	instable_no_stable_identity	instable
uv	RvY_00278	14	0.21428571428571427	0.21428571428571427	0.5714285714285714	constant	0.5714285714285714	0.4285714285714286	instable	instable_no_stable_identity	instable
uv	RvY_00287-1	14	0.5714285714285714	0.07142857142857142	0.35714285714285715	up	0.5714285714285714	0.4285714285714286	instable	instable_no_stable_identity	instable
uv	RvY_00292-1	14	0.07142857142857142	0.35714285714285715	0.5714285714285714	constant	0.5714285714285714	0.4285714285714286	instable	instable_no_stable_identity	instable
uv	RvY_00297-1	14	0	0.42857142857142855	0.5714285714285714	constant	0.5714285714285714	0.4285714285714286	instable	instable_no_stable_identity	instable
uv	RvY_00299-1	14	0.2857142857142857	0.14285714285714285	0.5714285714285714	constant	0.5714285714285714	0.4285714285714286	instable	instable_no_stable_identity	instable
uv	RvY_00302-1	14	0.35714285714285715	0.5714285714285714	0.07142857142857142	down	0.5714285714285714	0.4285714285714286	instable	instable_no_stable_identity	instable
uv	RvY_00315-1	14	0.42857142857142855	0	0.5714285714285714	constant	0.5714285714285714	0.4285714285714286	instable	instable_no_stable_identity	instable
uv	RvY_00326-1	14	0.5714285714285714	0	0.42857142857142855	up	0.5714285714285714	0.4285714285714286	instable	instable_no_stable_identity	instable
uv	RvY_00338-1	14	0.35714285714285715	0.07142857142857142	0.5714285714285714	constant	0.5714285714285714	0.4285714285714286	instable	instable_no_stable_identity	instable
uv	RvY_00356	14	0.5714285714285714	0	0.42857142857142855	up	0.5714285714285714	0.4285714285714286	instable	instable_no_stable_identity	instable
uv	RvY_00368-1	14	0.2857142857142857	0.14285714285714285	0.5714285714285714	constant	0.5714285714285714	0.4285714285714286	instable	instable_no_stable_identity	instable
uv	RvY_00384-1	14	0.42857142857142855	0	0.5714285714285714	constant	0.5714285714285714	0.4285714285714286	instable	instable_no_stable_identity	instable
uv	RvY_00398	14	0.35714285714285715	0.07142857142857142	0.5714285714285714	constant	0.5714285714285714	0.4285714285714286	instable	instable_no_stable_identity	instable
uv	RvY_00405	14	0.5714285714285714	0	0.42857142857142855	up	0.5714285714285714	0.4285714285714286	instable	instable_no_stable_identity	instable
uv	RvY_00408-1	14	0.2857142857142857	0.14285714285714285	0.5714285714285714	constant	0.5714285714285714	0.4285714285714286	instable	instable_no_stable_identity	instable
uv	RvY_00409-1	14	0.35714285714285715	0.07142857142857142	0.5714285714285714	constant	0.5714285714285714	0.4285714285714286	instable	instable_no_stable_identity	instable
uv	RvY_00414-1	14	0	0.5714285714285714	0.42857142857142855	down	0.5714285714285714	0.4285714285714286	instable	instable_no_stable_identity	instable
uv	RvY_00418-3	14	0.42857142857142855	0	0.5714285714285714	constant	0.5714285714285714	0.4285714285714286	instable	instable_no_stable_identity	instable
uv	RvY_00429-1	14	0.2857142857142857	0.14285714285714285	0.5714285714285714	constant	0.5714285714285714	0.4285714285714286	instable	instable_no_stable_identity	instable
uv	RvY_00435-1	14	0	0.5714285714285714	0.42857142857142855	down	0.5714285714285714	0.4285714285714286	instable	instable_no_stable_identity	instable
uv	RvY_00453-1	14	0.21428571428571427	0.5714285714285714	0.21428571428571427	down	0.5714285714285714	0.4285714285714286	instable	instable_no_stable_identity	instable
uv	RvY_00477-1	14	0.42857142857142855	0	0.5714285714285714	constant	0.5714285714285714	0.4285714285714286	instable	instable_no_stable_identity	instable
uv	RvY_00478	14	0.42857142857142855	0	0.5714285714285714	constant	0.5714285714285714	0.4285714285714286	instable	instable_no_stable_identity	instable
uv	RvY_00479-1	14	0	0.42857142857142855	0.5714285714285714	constant	0.5714285714285714	0.4285714285714286	instable	instable_no_stable_identity	instable
uv	RvY_00493	14	0.42857142857142855	0	0.5714285714285714	constant	0.5714285714285714	0.4285714285714286	instable	instable_no_stable_identity	instable
uv	RvY_00497-1	14	0.14285714285714285	0.2857142857142857	0.5714285714285714	constant	0.5714285714285714	0.4285714285714286	instable	instable_no_stable_identity	instable
uv	RvY_00498-1	14	0	0.42857142857142855	0.5714285714285714	constant	0.5714285714285714	0.4285714285714286	instable	instable_no_stable_identity	instable
uv	RvY_00499-1	14	0.5714285714285714	0.07142857142857142	0.35714285714285715	up	0.5714285714285714	0.4285714285714286	instable	instable_no_stable_identity	instable
uv	RvY_00504	14	0.42857142857142855	0	0.5714285714285714	constant	0.5714285714285714	0.4285714285714286	instable	instable_no_stable_identity	instable
uv	RvY_00525-1	14	0.21428571428571427	0.21428571428571427	0.5714285714285714	constant	0.5714285714285714	0.4285714285714286	instable	instable_no_stable_identity	instable
uv	RvY_00533	14	0.07142857142857142	0.35714285714285715	0.5714285714285714	constant	0.5714285714285714	0.4285714285714286	instable	instable_no_stable_identity	instable
uv	RvY_00538-1	14	0.21428571428571427	0.21428571428571427	0.5714285714285714	constant	0.5714285714285714	0.4285714285714286	instable	instable_no_stable_identity	instable
uv	RvY_00540	14	0	0.42857142857142855	0.5714285714285714	constant	0.5714285714285714	0.4285714285714286	instable	instable_no_stable_identity	instable
uv	RvY_00541-1	14	0.42857142857142855	0	0.5714285714285714	constant	0.5714285714285714	0.4285714285714286	instable	instable_no_stable_identity	instable
uv	RvY_00542-1	14	0.35714285714285715	0.07142857142857142	0.5714285714285714	constant	0.5714285714285714	0.4285714285714286	instable	instable_no_stable_identity	instable
uv	RvY_00561	14	0.5714285714285714	0	0.42857142857142855	up	0.5714285714285714	0.4285714285714286	instable	instable_no_stable_identity	instable
uv	RvY_00565-1	14	0.5714285714285714	0	0.42857142857142855	up	0.5714285714285714	0.4285714285714286	instable	instable_no_stable_identity	instable
uv	RvY_00579-1	14	0.42857142857142855	0	0.5714285714285714	constant	0.5714285714285714	0.4285714285714286	instable	instable_no_stable_identity	instable
uv	RvY_00581-1	14	0.07142857142857142	0.5714285714285714	0.35714285714285715	down	0.5714285714285714	0.4285714285714286	instable	instable_no_stable_identity	instable
uv	RvY_00593-1	14	0.07142857142857142	0.35714285714285715	0.5714285714285714	constant	0.5714285714285714	0.4285714285714286	instable	instable_no_stable_identity	instable
uv	RvY_00597-1	14	0.42857142857142855	0	0.5714285714285714	constant	0.5714285714285714	0.4285714285714286	instable	instable_no_stable_identity	instable
uv	RvY_00604-1	14	0.5714285714285714	0.14285714285714285	0.2857142857142857	up	0.5714285714285714	0.4285714285714286	instable	instable_no_stable_identity	instable
uv	RvY_00609-1	14	0.42857142857142855	0	0.5714285714285714	constant	0.5714285714285714	0.4285714285714286	instable	instable_no_stable_identity	instable
uv	RvY_00614-1	14	0	0.5714285714285714	0.42857142857142855	down	0.5714285714285714	0.4285714285714286	instable	instable_no_stable_identity	instable
uv	RvY_00619-1	14	0	0.42857142857142855	0.5714285714285714	constant	0.5714285714285714	0.4285714285714286	instable	instable_no_stable_identity	instable
uv	RvY_00628-1	14	0.5714285714285714	0	0.42857142857142855	up	0.5714285714285714	0.4285714285714286	instable	instable_no_stable_identity	instable
uv	RvY_00630-1	14	0.42857142857142855	0	0.5714285714285714	constant	0.5714285714285714	0.4285714285714286	instable	instable_no_stable_identity	instable
uv	RvY_00631-1	14	0.42857142857142855	0	0.5714285714285714	constant	0.5714285714285714	0.4285714285714286	instable	instable_no_stable_identity	instable
uv	RvY_00642-1	14	0.42857142857142855	0	0.5714285714285714	constant	0.5714285714285714	0.4285714285714286	instable	instable_no_stable_identity	instable
uv	RvY_00645	14	0.42857142857142855	0	0.5714285714285714	constant	0.5714285714285714	0.4285714285714286	instable	instable_no_stable_identity	instable
uv	RvY_00655-1	14	0.35714285714285715	0.07142857142857142	0.5714285714285714	constant	0.5714285714285714	0.4285714285714286	instable	instable_no_stable_identity	instable
uv	RvY_00658-1	14	0.07142857142857142	0.5714285714285714	0.35714285714285715	down	0.5714285714285714	0.4285714285714286	instable	instable_no_stable_identity	instable
uv	RvY_00660-1	14	0.35714285714285715	0.07142857142857142	0.5714285714285714	constant	0.5714285714285714	0.4285714285714286	instable	instable_no_stable_identity	instable
uv	RvY_00661	14	0.42857142857142855	0	0.5714285714285714	constant	0.5714285714285714	0.4285714285714286	instable	instable_no_stable_identity	instable
uv	RvY_00671-1	14	0.5714285714285714	0	0.42857142857142855	up	0.5714285714285714	0.4285714285714286	instable	instable_no_stable_identity	instable
uv	RvY_00675-1	14	0.07142857142857142	0.35714285714285715	0.5714285714285714	constant	0.5714285714285714	0.4285714285714286	instable	instable_no_stable_identity	instable
uv	RvY_00677-1	14	0.42857142857142855	0	0.5714285714285714	constant	0.5714285714285714	0.4285714285714286	instable	instable_no_stable_identity	instable
uv	RvY_00690	14	0.5714285714285714	0	0.42857142857142855	up	0.5714285714285714	0.4285714285714286	instable	instable_no_stable_identity	instable
uv	RvY_00694-1	14	0.14285714285714285	0.2857142857142857	0.5714285714285714	constant	0.5714285714285714	0.4285714285714286	instable	instable_no_stable_identity	instable
uv	RvY_00711-1	14	0	0.5714285714285714	0.42857142857142855	down	0.5714285714285714	0.4285714285714286	instable	instable_no_stable_identity	instable
uv	RvY_00712-1	14	0.14285714285714285	0.2857142857142857	0.5714285714285714	constant	0.5714285714285714	0.4285714285714286	instable	instable_no_stable_identity	instable
uv	RvY_00734-1	14	0	0.42857142857142855	0.5714285714285714	constant	0.5714285714285714	0.4285714285714286	instable	instable_no_stable_identity	instable
uv	RvY_00736-1	14	0.5714285714285714	0	0.42857142857142855	up	0.5714285714285714	0.4285714285714286	instable	instable_no_stable_identity	instable
uv	RvY_00737-1	14	0.42857142857142855	0	0.5714285714285714	constant	0.5714285714285714	0.4285714285714286	instable	instable_no_stable_identity	instable
uv	RvY_00742-1	14	0.07142857142857142	0.35714285714285715	0.5714285714285714	constant	0.5714285714285714	0.4285714285714286	instable	instable_no_stable_identity	instable
uv	RvY_00743-1	14	0	0.42857142857142855	0.5714285714285714	constant	0.5714285714285714	0.4285714285714286	instable	instable_no_stable_identity	instable
uv	RvY_00755-1	14	0.42857142857142855	0	0.5714285714285714	constant	0.5714285714285714	0.4285714285714286	instable	instable_no_stable_identity	instable
uv	RvY_00757-1	14	0.2857142857142857	0.14285714285714285	0.5714285714285714	constant	0.5714285714285714	0.4285714285714286	instable	instable_no_stable_identity	instable
uv	RvY_00761-1	14	0.14285714285714285	0.2857142857142857	0.5714285714285714	constant	0.5714285714285714	0.4285714285714286	instable	instable_no_stable_identity	instable
uv	RvY_00765	14	0	0.42857142857142855	0.5714285714285714	constant	0.5714285714285714	0.4285714285714286	instable	instable_no_stable_identity	instable
uv	RvY_00788-1	14	0.2857142857142857	0.14285714285714285	0.5714285714285714	constant	0.5714285714285714	0.4285714285714286	instable	instable_no_stable_identity	instable
uv	RvY_00797-1	14	0.5714285714285714	0.14285714285714285	0.2857142857142857	up	0.5714285714285714	0.4285714285714286	instable	instable_no_stable_identity	instable
uv	RvY_00808-1	14	0	0.42857142857142855	0.5714285714285714	constant	0.5714285714285714	0.4285714285714286	instable	instable_no_stable_identity	instable
uv	RvY_00811	14	0.2857142857142857	0.14285714285714285	0.5714285714285714	constant	0.5714285714285714	0.4285714285714286	instable	instable_no_stable_identity	instable
uv	RvY_00815-1	14	0.42857142857142855	0	0.5714285714285714	constant	0.5714285714285714	0.4285714285714286	instable	instable_no_stable_identity	instable
uv	RvY_00816	14	0.14285714285714285	0.2857142857142857	0.5714285714285714	constant	0.5714285714285714	0.4285714285714286	instable	instable_no_stable_identity	instable
uv	RvY_00818-1	14	0.42857142857142855	0	0.5714285714285714	constant	0.5714285714285714	0.4285714285714286	instable	instable_no_stable_identity	instable
uv	RvY_00828	14	0.21428571428571427	0.21428571428571427	0.5714285714285714	constant	0.5714285714285714	0.4285714285714286	instable	instable_no_stable_identity	instable
uv	RvY_00834	14	0.5714285714285714	0	0.42857142857142855	up	0.5714285714285714	0.4285714285714286	instable	instable_no_stable_identity	instable
uv	RvY_00842-1	14	0.5714285714285714	0	0.42857142857142855	up	0.5714285714285714	0.4285714285714286	instable	instable_no_stable_identity	instable
uv	RvY_00843-1	14	0	0.42857142857142855	0.5714285714285714	constant	0.5714285714285714	0.4285714285714286	instable	instable_no_stable_identity	instable
uv	RvY_00856-1	14	0.14285714285714285	0.2857142857142857	0.5714285714285714	constant	0.5714285714285714	0.4285714285714286	instable	instable_no_stable_identity	instable
uv	RvY_00895	14	0.42857142857142855	0	0.5714285714285714	constant	0.5714285714285714	0.4285714285714286	instable	instable_no_stable_identity	instable
uv	RvY_00901-1	14	0.5714285714285714	0	0.42857142857142855	up	0.5714285714285714	0.4285714285714286	instable	instable_no_stable_identity	instable
uv	RvY_00902-1	14	0	0.5714285714285714	0.42857142857142855	down	0.5714285714285714	0.4285714285714286	instable	instable_no_stable_identity	instable
uv	RvY_00912-1	14	0.07142857142857142	0.35714285714285715	0.5714285714285714	constant	0.5714285714285714	0.4285714285714286	instable	instable_no_stable_identity	instable
uv	RvY_00924	14	0	0.42857142857142855	0.5714285714285714	constant	0.5714285714285714	0.4285714285714286	instable	instable_no_stable_identity	instable
uv	RvY_00925-1	14	0.35714285714285715	0.07142857142857142	0.5714285714285714	constant	0.5714285714285714	0.4285714285714286	instable	instable_no_stable_identity	instable
uv	RvY_00936-1	14	0.5714285714285714	0	0.42857142857142855	up	0.5714285714285714	0.4285714285714286	instable	instable_no_stable_identity	instable
uv	RvY_00938-1	14	0.21428571428571427	0.21428571428571427	0.5714285714285714	constant	0.5714285714285714	0.4285714285714286	instable	instable_no_stable_identity	instable
uv	RvY_00939	14	0	0.42857142857142855	0.5714285714285714	constant	0.5714285714285714	0.4285714285714286	instable	instable_no_stable_identity	instable
uv	RvY_00944-1	14	0.21428571428571427	0.21428571428571427	0.5714285714285714	constant	0.5714285714285714	0.4285714285714286	instable	instable_no_stable_identity	instable
uv	RvY_00949-1	14	0.5714285714285714	0	0.42857142857142855	up	0.5714285714285714	0.4285714285714286	instable	instable_no_stable_identity	instable
uv	RvY_00952-1	14	0.5714285714285714	0	0.42857142857142855	up	0.5714285714285714	0.4285714285714286	instable	instable_no_stable_identity	instable
uv	RvY_00953	14	0.5714285714285714	0	0.42857142857142855	up	0.5714285714285714	0.4285714285714286	instable	instable_no_stable_identity	instable
uv	RvY_00971-1	14	0.07142857142857142	0.35714285714285715	0.5714285714285714	constant	0.5714285714285714	0.4285714285714286	instable	instable_no_stable_identity	instable
uv	RvY_00975	14	0.07142857142857142	0.5714285714285714	0.35714285714285715	down	0.5714285714285714	0.4285714285714286	instable	instable_no_stable_identity	instable
uv	RvY_00979-1	14	0.14285714285714285	0.2857142857142857	0.5714285714285714	constant	0.5714285714285714	0.4285714285714286	instable	instable_no_stable_identity	instable
uv	RvY_00984-1	14	0.2857142857142857	0.14285714285714285	0.5714285714285714	constant	0.5714285714285714	0.4285714285714286	instable	instable_no_stable_identity	instable
uv	RvY_00986-1	14	0.07142857142857142	0.35714285714285715	0.5714285714285714	constant	0.5714285714285714	0.4285714285714286	instable	instable_no_stable_identity	instable
uv	RvY_00992-1	14	0.14285714285714285	0.2857142857142857	0.5714285714285714	constant	0.5714285714285714	0.4285714285714286	instable	instable_no_stable_identity	instable
uv	RvY_01003-1	14	0	0.42857142857142855	0.5714285714285714	constant	0.5714285714285714	0.4285714285714286	instable	instable_no_stable_identity	instable
uv	RvY_01005	14	0	0.5714285714285714	0.42857142857142855	down	0.5714285714285714	0.4285714285714286	instable	instable_no_stable_identity	instable
uv	RvY_01012-1	14	0.5714285714285714	0	0.42857142857142855	up	0.5714285714285714	0.4285714285714286	instable	instable_no_stable_identity	instable
uv	RvY_01023	14	0	0.5714285714285714	0.42857142857142855	down	0.5714285714285714	0.4285714285714286	instable	instable_no_stable_identity	instable
uv	RvY_01028-1	14	0	0.42857142857142855	0.5714285714285714	constant	0.5714285714285714	0.4285714285714286	instable	instable_no_stable_identity	instable
uv	RvY_01036	14	0.21428571428571427	0.21428571428571427	0.5714285714285714	constant	0.5714285714285714	0.4285714285714286	instable	instable_no_stable_identity	instable
uv	RvY_01040-1	14	0	0.42857142857142855	0.5714285714285714	constant	0.5714285714285714	0.4285714285714286	instable	instable_no_stable_identity	instable
uv	RvY_01049-1	14	0.14285714285714285	0.2857142857142857	0.5714285714285714	constant	0.5714285714285714	0.4285714285714286	instable	instable_no_stable_identity	instable
uv	RvY_01061-1	14	0.14285714285714285	0.2857142857142857	0.5714285714285714	constant	0.5714285714285714	0.4285714285714286	instable	instable_no_stable_identity	instable
uv	RvY_01062-1	14	0	0.5714285714285714	0.42857142857142855	down	0.5714285714285714	0.4285714285714286	instable	instable_no_stable_identity	instable
uv	RvY_01063-1	14	0.42857142857142855	0	0.5714285714285714	constant	0.5714285714285714	0.4285714285714286	instable	instable_no_stable_identity	instable
uv	RvY_01067-1	14	0.07142857142857142	0.35714285714285715	0.5714285714285714	constant	0.5714285714285714	0.4285714285714286	instable	instable_no_stable_identity	instable
uv	RvY_01073-1	14	0.14285714285714285	0.2857142857142857	0.5714285714285714	constant	0.5714285714285714	0.4285714285714286	instable	instable_no_stable_identity	instable
uv	RvY_01086-1	14	0	0.5714285714285714	0.42857142857142855	down	0.5714285714285714	0.4285714285714286	instable	instable_no_stable_identity	instable
uv	RvY_01097-1	14	0	0.5714285714285714	0.42857142857142855	down	0.5714285714285714	0.4285714285714286	instable	instable_no_stable_identity	instable
uv	RvY_01107-1	14	0.5714285714285714	0	0.42857142857142855	up	0.5714285714285714	0.4285714285714286	instable	instable_no_stable_identity	instable
uv	RvY_01108-1	14	0.14285714285714285	0.2857142857142857	0.5714285714285714	constant	0.5714285714285714	0.4285714285714286	instable	instable_no_stable_identity	instable
uv	RvY_01114-1	14	0.07142857142857142	0.35714285714285715	0.5714285714285714	constant	0.5714285714285714	0.4285714285714286	instable	instable_no_stable_identity	instable
uv	RvY_01116-1	14	0.42857142857142855	0	0.5714285714285714	constant	0.5714285714285714	0.4285714285714286	instable	instable_no_stable_identity	instable
uv	RvY_01118-1	14	0.14285714285714285	0.2857142857142857	0.5714285714285714	constant	0.5714285714285714	0.4285714285714286	instable	instable_no_stable_identity	instable
uv	RvY_01123-1	14	0	0.5714285714285714	0.42857142857142855	down	0.5714285714285714	0.4285714285714286	instable	instable_no_stable_identity	instable
uv	RvY_01128-1	14	0.21428571428571427	0.21428571428571427	0.5714285714285714	constant	0.5714285714285714	0.4285714285714286	instable	instable_no_stable_identity	instable
uv	RvY_01134	14	0.14285714285714285	0.5714285714285714	0.2857142857142857	down	0.5714285714285714	0.4285714285714286	instable	instable_no_stable_identity	instable
uv	RvY_01139	14	0	0.42857142857142855	0.5714285714285714	constant	0.5714285714285714	0.4285714285714286	instable	instable_no_stable_identity	instable
uv	RvY_01140	14	0.21428571428571427	0.21428571428571427	0.5714285714285714	constant	0.5714285714285714	0.4285714285714286	instable	instable_no_stable_identity	instable
uv	RvY_01147-1	14	0	0.5714285714285714	0.42857142857142855	down	0.5714285714285714	0.4285714285714286	instable	instable_no_stable_identity	instable
uv	RvY_01155-1	14	0	0.5714285714285714	0.42857142857142855	down	0.5714285714285714	0.4285714285714286	instable	instable_no_stable_identity	instable
uv	RvY_01161-1	14	0.2857142857142857	0.14285714285714285	0.5714285714285714	constant	0.5714285714285714	0.4285714285714286	instable	instable_no_stable_identity	instable
uv	RvY_01163-1	14	0.2857142857142857	0.14285714285714285	0.5714285714285714	constant	0.5714285714285714	0.4285714285714286	instable	instable_no_stable_identity	instable
uv	RvY_01166-1	14	0.14285714285714285	0.2857142857142857	0.5714285714285714	constant	0.5714285714285714	0.4285714285714286	instable	instable_no_stable_identity	instable
uv	RvY_01167	14	0	0.5714285714285714	0.42857142857142855	down	0.5714285714285714	0.4285714285714286	instable	instable_no_stable_identity	instable
uv	RvY_01174-1	14	0	0.42857142857142855	0.5714285714285714	constant	0.5714285714285714	0.4285714285714286	instable	instable_no_stable_identity	instable
uv	RvY_01182-1	14	0.2857142857142857	0.14285714285714285	0.5714285714285714	constant	0.5714285714285714	0.4285714285714286	instable	instable_no_stable_identity	instable
uv	RvY_01183	14	0.5714285714285714	0	0.42857142857142855	up	0.5714285714285714	0.4285714285714286	instable	instable_no_stable_identity	instable
uv	RvY_01189-1	14	0.21428571428571427	0.21428571428571427	0.5714285714285714	constant	0.5714285714285714	0.4285714285714286	instable	instable_no_stable_identity	instable
uv	RvY_01191-1	14	0.35714285714285715	0.07142857142857142	0.5714285714285714	constant	0.5714285714285714	0.4285714285714286	instable	instable_no_stable_identity	instable
uv	RvY_01194-1	14	0.42857142857142855	0	0.5714285714285714	constant	0.5714285714285714	0.4285714285714286	instable	instable_no_stable_identity	instable
uv	RvY_01220-1	14	0.2857142857142857	0.14285714285714285	0.5714285714285714	constant	0.5714285714285714	0.4285714285714286	instable	instable_no_stable_identity	instable
uv	RvY_01227-1	14	0.2857142857142857	0.14285714285714285	0.5714285714285714	constant	0.5714285714285714	0.4285714285714286	instable	instable_no_stable_identity	instable
uv	RvY_01259-1	14	0.5714285714285714	0	0.42857142857142855	up	0.5714285714285714	0.4285714285714286	instable	instable_no_stable_identity	instable
uv	RvY_01260	14	0.14285714285714285	0.2857142857142857	0.5714285714285714	constant	0.5714285714285714	0.4285714285714286	instable	instable_no_stable_identity	instable
uv	RvY_01269-1	14	0.5714285714285714	0	0.42857142857142855	up	0.5714285714285714	0.4285714285714286	instable	instable_no_stable_identity	instable
uv	RvY_01297-1	14	0.42857142857142855	0	0.5714285714285714	constant	0.5714285714285714	0.4285714285714286	instable	instable_no_stable_identity	instable
uv	RvY_01299	14	0	0.42857142857142855	0.5714285714285714	constant	0.5714285714285714	0.4285714285714286	instable	instable_no_stable_identity	instable
uv	RvY_01303-1	14	0	0.5714285714285714	0.42857142857142855	down	0.5714285714285714	0.4285714285714286	instable	instable_no_stable_identity	instable
uv	RvY_01305	14	0.35714285714285715	0.07142857142857142	0.5714285714285714	constant	0.5714285714285714	0.4285714285714286	instable	instable_no_stable_identity	instable
uv	RvY_01312-1	14	0.07142857142857142	0.35714285714285715	0.5714285714285714	constant	0.5714285714285714	0.4285714285714286	instable	instable_no_stable_identity	instable
uv	RvY_01320-1	14	0.42857142857142855	0	0.5714285714285714	constant	0.5714285714285714	0.4285714285714286	instable	instable_no_stable_identity	instable
uv	RvY_01349-1	14	0.07142857142857142	0.35714285714285715	0.5714285714285714	constant	0.5714285714285714	0.4285714285714286	instable	instable_no_stable_identity	instable
uv	RvY_01359-1	14	0.2857142857142857	0.14285714285714285	0.5714285714285714	constant	0.5714285714285714	0.4285714285714286	instable	instable_no_stable_identity	instable
uv	RvY_01368-1	14	0.5714285714285714	0.42857142857142855	0	up	0.5714285714285714	0.4285714285714286	instable	instable_no_stable_identity	instable
uv	RvY_01369-1	14	0.35714285714285715	0.07142857142857142	0.5714285714285714	constant	0.5714285714285714	0.4285714285714286	instable	instable_no_stable_identity	instable
uv	RvY_01377-1	14	0	0.42857142857142855	0.5714285714285714	constant	0.5714285714285714	0.4285714285714286	instable	instable_no_stable_identity	instable
uv	RvY_01378-1	14	0.21428571428571427	0.21428571428571427	0.5714285714285714	constant	0.5714285714285714	0.4285714285714286	instable	instable_no_stable_identity	instable
uv	RvY_01379-1	14	0.5714285714285714	0	0.42857142857142855	up	0.5714285714285714	0.4285714285714286	instable	instable_no_stable_identity	instable
uv	RvY_01389-1	14	0.42857142857142855	0	0.5714285714285714	constant	0.5714285714285714	0.4285714285714286	instable	instable_no_stable_identity	instable
uv	RvY_01390-1	14	0.2857142857142857	0.14285714285714285	0.5714285714285714	constant	0.5714285714285714	0.4285714285714286	instable	instable_no_stable_identity	instable
uv	RvY_01404	14	0	0.5714285714285714	0.42857142857142855	down	0.5714285714285714	0.4285714285714286	instable	instable_no_stable_identity	instable
uv	RvY_01408-1	14	0	0.42857142857142855	0.5714285714285714	constant	0.5714285714285714	0.4285714285714286	instable	instable_no_stable_identity	instable
uv	RvY_01429-1	14	0.14285714285714285	0.5714285714285714	0.2857142857142857	down	0.5714285714285714	0.4285714285714286	instable	instable_no_stable_identity	instable
uv	RvY_01439-1	14	0	0.5714285714285714	0.42857142857142855	down	0.5714285714285714	0.4285714285714286	instable	instable_no_stable_identity	instable
uv	RvY_01441	14	0.07142857142857142	0.5714285714285714	0.35714285714285715	down	0.5714285714285714	0.4285714285714286	instable	instable_no_stable_identity	instable
uv	RvY_01443-1	14	0.35714285714285715	0.07142857142857142	0.5714285714285714	constant	0.5714285714285714	0.4285714285714286	instable	instable_no_stable_identity	instable
uv	RvY_01446	14	0.2857142857142857	0.14285714285714285	0.5714285714285714	constant	0.5714285714285714	0.4285714285714286	instable	instable_no_stable_identity	instable
uv	RvY_01462-1	14	0.2857142857142857	0.14285714285714285	0.5714285714285714	constant	0.5714285714285714	0.4285714285714286	instable	instable_no_stable_identity	instable
uv	RvY_01467-1	14	0.42857142857142855	0	0.5714285714285714	constant	0.5714285714285714	0.4285714285714286	instable	instable_no_stable_identity	instable
uv	RvY_01468-1	14	0.14285714285714285	0.2857142857142857	0.5714285714285714	constant	0.5714285714285714	0.4285714285714286	instable	instable_no_stable_identity	instable
uv	RvY_01473-1	14	0	0.5714285714285714	0.42857142857142855	down	0.5714285714285714	0.4285714285714286	instable	instable_no_stable_identity	instable
uv	RvY_01480-1	14	0.14285714285714285	0.2857142857142857	0.5714285714285714	constant	0.5714285714285714	0.4285714285714286	instable	instable_no_stable_identity	instable
uv	RvY_01483-1	14	0.42857142857142855	0	0.5714285714285714	constant	0.5714285714285714	0.4285714285714286	instable	instable_no_stable_identity	instable
uv	RvY_01514-1	14	0.21428571428571427	0.21428571428571427	0.5714285714285714	constant	0.5714285714285714	0.4285714285714286	instable	instable_no_stable_identity	instable
uv	RvY_01532-1	14	0	0.42857142857142855	0.5714285714285714	constant	0.5714285714285714	0.4285714285714286	instable	instable_no_stable_identity	instable
uv	RvY_01563-1	14	0.07142857142857142	0.5714285714285714	0.35714285714285715	down	0.5714285714285714	0.4285714285714286	instable	instable_no_stable_identity	instable
uv	RvY_01564-1	14	0.42857142857142855	0	0.5714285714285714	constant	0.5714285714285714	0.4285714285714286	instable	instable_no_stable_identity	instable
uv	RvY_01577-1	14	0.35714285714285715	0.07142857142857142	0.5714285714285714	constant	0.5714285714285714	0.4285714285714286	instable	instable_no_stable_identity	instable
uv	RvY_01578-1	14	0	0.5714285714285714	0.42857142857142855	down	0.5714285714285714	0.4285714285714286	instable	instable_no_stable_identity	instable
uv	RvY_01594	14	0.21428571428571427	0.5714285714285714	0.21428571428571427	down	0.5714285714285714	0.4285714285714286	instable	instable_no_stable_identity	instable
uv	RvY_01595-1	14	0.14285714285714285	0.5714285714285714	0.2857142857142857	down	0.5714285714285714	0.4285714285714286	instable	instable_no_stable_identity	instable
uv	RvY_01600-1	14	0.42857142857142855	0	0.5714285714285714	constant	0.5714285714285714	0.4285714285714286	instable	instable_no_stable_identity	instable
uv	RvY_01607-1	14	0.5714285714285714	0	0.42857142857142855	up	0.5714285714285714	0.4285714285714286	instable	instable_no_stable_identity	instable
uv	RvY_01631-1	14	0.14285714285714285	0.5714285714285714	0.2857142857142857	down	0.5714285714285714	0.4285714285714286	instable	instable_no_stable_identity	instable
uv	RvY_01637	14	0	0.5714285714285714	0.42857142857142855	down	0.5714285714285714	0.4285714285714286	instable	instable_no_stable_identity	instable
uv	RvY_01642-1	14	0	0.42857142857142855	0.5714285714285714	constant	0.5714285714285714	0.4285714285714286	instable	instable_no_stable_identity	instable
uv	RvY_01647-1	14	0.07142857142857142	0.5714285714285714	0.35714285714285715	down	0.5714285714285714	0.4285714285714286	instable	instable_no_stable_identity	instable
uv	RvY_01649-1	14	0.21428571428571427	0.21428571428571427	0.5714285714285714	constant	0.5714285714285714	0.4285714285714286	instable	instable_no_stable_identity	instable
uv	RvY_01659-1	14	0.5714285714285714	0	0.42857142857142855	up	0.5714285714285714	0.4285714285714286	instable	instable_no_stable_identity	instable
uv	RvY_01662-1	14	0.42857142857142855	0	0.5714285714285714	constant	0.5714285714285714	0.4285714285714286	instable	instable_no_stable_identity	instable
uv	RvY_01691	14	0.07142857142857142	0.35714285714285715	0.5714285714285714	constant	0.5714285714285714	0.4285714285714286	instable	instable_no_stable_identity	instable
uv	RvY_01697-1	14	0.42857142857142855	0	0.5714285714285714	constant	0.5714285714285714	0.4285714285714286	instable	instable_no_stable_identity	instable
uv	RvY_01723-1	14	0.21428571428571427	0.21428571428571427	0.5714285714285714	constant	0.5714285714285714	0.4285714285714286	instable	instable_no_stable_identity	instable
uv	RvY_01732-1	14	0.42857142857142855	0	0.5714285714285714	constant	0.5714285714285714	0.4285714285714286	instable	instable_no_stable_identity	instable
uv	RvY_01734-1	14	0.42857142857142855	0.5714285714285714	0	down	0.5714285714285714	0.4285714285714286	instable	instable_no_stable_identity	instable
uv	RvY_01755-1	14	0	0.5714285714285714	0.42857142857142855	down	0.5714285714285714	0.4285714285714286	instable	instable_no_stable_identity	instable
uv	RvY_01766-1	14	0	0.5714285714285714	0.42857142857142855	down	0.5714285714285714	0.4285714285714286	instable	instable_no_stable_identity	instable
uv	RvY_01790-1	14	0.14285714285714285	0.2857142857142857	0.5714285714285714	constant	0.5714285714285714	0.4285714285714286	instable	instable_no_stable_identity	instable
uv	RvY_01814-1	14	0.42857142857142855	0	0.5714285714285714	constant	0.5714285714285714	0.4285714285714286	instable	instable_no_stable_identity	instable
uv	RvY_01825	14	0.07142857142857142	0.35714285714285715	0.5714285714285714	constant	0.5714285714285714	0.4285714285714286	instable	instable_no_stable_identity	instable
uv	RvY_01827-1	14	0.35714285714285715	0.07142857142857142	0.5714285714285714	constant	0.5714285714285714	0.4285714285714286	instable	instable_no_stable_identity	instable
uv	RvY_01830	14	0.5714285714285714	0	0.42857142857142855	up	0.5714285714285714	0.4285714285714286	instable	instable_no_stable_identity	instable
uv	RvY_01888-1	14	0	0.5714285714285714	0.42857142857142855	down	0.5714285714285714	0.4285714285714286	instable	instable_no_stable_identity	instable
uv	RvY_01895-1	14	0.35714285714285715	0.07142857142857142	0.5714285714285714	constant	0.5714285714285714	0.4285714285714286	instable	instable_no_stable_identity	instable
uv	RvY_01926-1	14	0.42857142857142855	0	0.5714285714285714	constant	0.5714285714285714	0.4285714285714286	instable	instable_no_stable_identity	instable
uv	RvY_01955	14	0.2857142857142857	0.14285714285714285	0.5714285714285714	constant	0.5714285714285714	0.4285714285714286	instable	instable_no_stable_identity	instable
uv	RvY_01961-1	14	0.2857142857142857	0.14285714285714285	0.5714285714285714	constant	0.5714285714285714	0.4285714285714286	instable	instable_no_stable_identity	instable
uv	RvY_01971-1	14	0.21428571428571427	0.21428571428571427	0.5714285714285714	constant	0.5714285714285714	0.4285714285714286	instable	instable_no_stable_identity	instable
uv	RvY_01980	14	0.5714285714285714	0	0.42857142857142855	up	0.5714285714285714	0.4285714285714286	instable	instable_no_stable_identity	instable
uv	RvY_02017-1	14	0	0.42857142857142855	0.5714285714285714	constant	0.5714285714285714	0.4285714285714286	instable	instable_no_stable_identity	instable
uv	RvY_02028-1	14	0.14285714285714285	0.2857142857142857	0.5714285714285714	constant	0.5714285714285714	0.4285714285714286	instable	instable_no_stable_identity	instable
uv	RvY_02036-1	14	0	0.42857142857142855	0.5714285714285714	constant	0.5714285714285714	0.4285714285714286	instable	instable_no_stable_identity	instable
uv	RvY_02049-1	14	0.35714285714285715	0.07142857142857142	0.5714285714285714	constant	0.5714285714285714	0.4285714285714286	instable	instable_no_stable_identity	instable
uv	RvY_02061-1	14	0	0.42857142857142855	0.5714285714285714	constant	0.5714285714285714	0.4285714285714286	instable	instable_no_stable_identity	instable
uv	RvY_02068-1	14	0	0.5714285714285714	0.42857142857142855	down	0.5714285714285714	0.4285714285714286	instable	instable_no_stable_identity	instable
uv	RvY_02090-1	14	0.2857142857142857	0.14285714285714285	0.5714285714285714	constant	0.5714285714285714	0.4285714285714286	instable	instable_no_stable_identity	instable
uv	RvY_02101-1	14	0.21428571428571427	0.21428571428571427	0.5714285714285714	constant	0.5714285714285714	0.4285714285714286	instable	instable_no_stable_identity	instable
uv	RvY_02107	14	0.42857142857142855	0	0.5714285714285714	constant	0.5714285714285714	0.4285714285714286	instable	instable_no_stable_identity	instable
uv	RvY_02108-1	14	0.5714285714285714	0.07142857142857142	0.35714285714285715	up	0.5714285714285714	0.4285714285714286	instable	instable_no_stable_identity	instable
uv	RvY_02111-1	14	0	0.42857142857142855	0.5714285714285714	constant	0.5714285714285714	0.4285714285714286	instable	instable_no_stable_identity	instable
uv	RvY_02114-1	14	0.21428571428571427	0.21428571428571427	0.5714285714285714	constant	0.5714285714285714	0.4285714285714286	instable	instable_no_stable_identity	instable
uv	RvY_02138-1	14	0.07142857142857142	0.35714285714285715	0.5714285714285714	constant	0.5714285714285714	0.4285714285714286	instable	instable_no_stable_identity	instable
uv	RvY_02141-1	14	0.2857142857142857	0.14285714285714285	0.5714285714285714	constant	0.5714285714285714	0.4285714285714286	instable	instable_no_stable_identity	instable
uv	RvY_02144-1	14	0.42857142857142855	0	0.5714285714285714	constant	0.5714285714285714	0.4285714285714286	instable	instable_no_stable_identity	instable
uv	RvY_02145-1	14	0.35714285714285715	0.07142857142857142	0.5714285714285714	constant	0.5714285714285714	0.4285714285714286	instable	instable_no_stable_identity	instable
uv	RvY_02155-1	14	0.5714285714285714	0.21428571428571427	0.21428571428571427	up	0.5714285714285714	0.4285714285714286	instable	instable_no_stable_identity	instable
uv	RvY_02174-1	14	0.42857142857142855	0	0.5714285714285714	constant	0.5714285714285714	0.4285714285714286	instable	instable_no_stable_identity	instable
uv	RvY_02182-1	14	0.2857142857142857	0.14285714285714285	0.5714285714285714	constant	0.5714285714285714	0.4285714285714286	instable	instable_no_stable_identity	instable
uv	RvY_02189-1	14	0.2857142857142857	0.14285714285714285	0.5714285714285714	constant	0.5714285714285714	0.4285714285714286	instable	instable_no_stable_identity	instable
uv	RvY_02190	14	0.5714285714285714	0	0.42857142857142855	up	0.5714285714285714	0.4285714285714286	instable	instable_no_stable_identity	instable
uv	RvY_02205-1	14	0.21428571428571427	0.5714285714285714	0.21428571428571427	down	0.5714285714285714	0.4285714285714286	instable	instable_no_stable_identity	instable
uv	RvY_02240-1	14	0.42857142857142855	0	0.5714285714285714	constant	0.5714285714285714	0.4285714285714286	instable	instable_no_stable_identity	instable
uv	RvY_02244-1	14	0.35714285714285715	0.07142857142857142	0.5714285714285714	constant	0.5714285714285714	0.4285714285714286	instable	instable_no_stable_identity	instable
uv	RvY_02250-1	14	0.2857142857142857	0.14285714285714285	0.5714285714285714	constant	0.5714285714285714	0.4285714285714286	instable	instable_no_stable_identity	instable
uv	RvY_02277-1	14	0.2857142857142857	0.14285714285714285	0.5714285714285714	constant	0.5714285714285714	0.4285714285714286	instable	instable_no_stable_identity	instable
uv	RvY_02279-1	14	0	0.42857142857142855	0.5714285714285714	constant	0.5714285714285714	0.4285714285714286	instable	instable_no_stable_identity	instable
uv	RvY_02293-1	14	0.5714285714285714	0	0.42857142857142855	up	0.5714285714285714	0.4285714285714286	instable	instable_no_stable_identity	instable
uv	RvY_02314	14	0.07142857142857142	0.35714285714285715	0.5714285714285714	constant	0.5714285714285714	0.4285714285714286	instable	instable_no_stable_identity	instable
uv	RvY_02353-1	14	0.42857142857142855	0	0.5714285714285714	constant	0.5714285714285714	0.4285714285714286	instable	instable_no_stable_identity	instable
uv	RvY_02366-1	14	0	0.5714285714285714	0.42857142857142855	down	0.5714285714285714	0.4285714285714286	instable	instable_no_stable_identity	instable
uv	RvY_02386-1	14	0.35714285714285715	0.07142857142857142	0.5714285714285714	constant	0.5714285714285714	0.4285714285714286	instable	instable_no_stable_identity	instable
uv	RvY_02388-1	14	0.07142857142857142	0.35714285714285715	0.5714285714285714	constant	0.5714285714285714	0.4285714285714286	instable	instable_no_stable_identity	instable
uv	RvY_02389-1	14	0.07142857142857142	0.35714285714285715	0.5714285714285714	constant	0.5714285714285714	0.4285714285714286	instable	instable_no_stable_identity	instable
uv	RvY_02403	14	0	0.5714285714285714	0.42857142857142855	down	0.5714285714285714	0.4285714285714286	instable	instable_no_stable_identity	instable
uv	RvY_02404-1	14	0.21428571428571427	0.21428571428571427	0.5714285714285714	constant	0.5714285714285714	0.4285714285714286	instable	instable_no_stable_identity	instable
uv	RvY_02405-1	14	0	0.5714285714285714	0.42857142857142855	down	0.5714285714285714	0.4285714285714286	instable	instable_no_stable_identity	instable
uv	RvY_02414	14	0.21428571428571427	0.21428571428571427	0.5714285714285714	constant	0.5714285714285714	0.4285714285714286	instable	instable_no_stable_identity	instable
uv	RvY_02417-1	14	0.2857142857142857	0.14285714285714285	0.5714285714285714	constant	0.5714285714285714	0.4285714285714286	instable	instable_no_stable_identity	instable
uv	RvY_02422-1	14	0.35714285714285715	0.07142857142857142	0.5714285714285714	constant	0.5714285714285714	0.4285714285714286	instable	instable_no_stable_identity	instable
uv	RvY_02429	14	0.42857142857142855	0	0.5714285714285714	constant	0.5714285714285714	0.4285714285714286	instable	instable_no_stable_identity	instable
uv	RvY_02430-1	14	0.2857142857142857	0.5714285714285714	0.14285714285714285	down	0.5714285714285714	0.4285714285714286	instable	instable_no_stable_identity	instable
uv	RvY_02441-1	14	0.07142857142857142	0.35714285714285715	0.5714285714285714	constant	0.5714285714285714	0.4285714285714286	instable	instable_no_stable_identity	instable
uv	RvY_02463-1	14	0.21428571428571427	0.21428571428571427	0.5714285714285714	constant	0.5714285714285714	0.4285714285714286	instable	instable_no_stable_identity	instable
uv	RvY_02480-1	14	0.42857142857142855	0	0.5714285714285714	constant	0.5714285714285714	0.4285714285714286	instable	instable_no_stable_identity	instable
uv	RvY_02482	14	0	0.42857142857142855	0.5714285714285714	constant	0.5714285714285714	0.4285714285714286	instable	instable_no_stable_identity	instable
uv	RvY_02483	14	0	0.42857142857142855	0.5714285714285714	constant	0.5714285714285714	0.4285714285714286	instable	instable_no_stable_identity	instable
uv	RvY_02485-1	14	0.21428571428571427	0.21428571428571427	0.5714285714285714	constant	0.5714285714285714	0.4285714285714286	instable	instable_no_stable_identity	instable
uv	RvY_02487-1	14	0.42857142857142855	0	0.5714285714285714	constant	0.5714285714285714	0.4285714285714286	instable	instable_no_stable_identity	instable
uv	RvY_02492-1	14	0.2857142857142857	0.14285714285714285	0.5714285714285714	constant	0.5714285714285714	0.4285714285714286	instable	instable_no_stable_identity	instable
uv	RvY_02493-1	14	0.35714285714285715	0.07142857142857142	0.5714285714285714	constant	0.5714285714285714	0.4285714285714286	instable	instable_no_stable_identity	instable
uv	RvY_02495-1	14	0.42857142857142855	0	0.5714285714285714	constant	0.5714285714285714	0.4285714285714286	instable	instable_no_stable_identity	instable
uv	RvY_02500	14	0.42857142857142855	0	0.5714285714285714	constant	0.5714285714285714	0.4285714285714286	instable	instable_no_stable_identity	instable
uv	RvY_02516-1	14	0.5714285714285714	0	0.42857142857142855	up	0.5714285714285714	0.4285714285714286	instable	instable_no_stable_identity	instable
uv	RvY_02518-1	14	0.5714285714285714	0.07142857142857142	0.35714285714285715	up	0.5714285714285714	0.4285714285714286	instable	instable_no_stable_identity	instable
uv	RvY_02530-1	14	0.42857142857142855	0	0.5714285714285714	constant	0.5714285714285714	0.4285714285714286	instable	instable_no_stable_identity	instable
uv	RvY_02554	14	0	0.42857142857142855	0.5714285714285714	constant	0.5714285714285714	0.4285714285714286	instable	instable_no_stable_identity	instable
uv	RvY_02561-1	14	0.35714285714285715	0.07142857142857142	0.5714285714285714	constant	0.5714285714285714	0.4285714285714286	instable	instable_no_stable_identity	instable
uv	RvY_02577-1	14	0.42857142857142855	0.5714285714285714	0	down	0.5714285714285714	0.4285714285714286	instable	instable_no_stable_identity	instable
uv	RvY_02589-1	14	0.42857142857142855	0	0.5714285714285714	constant	0.5714285714285714	0.4285714285714286	instable	instable_no_stable_identity	instable
uv	RvY_02593-1	14	0.42857142857142855	0	0.5714285714285714	constant	0.5714285714285714	0.4285714285714286	instable	instable_no_stable_identity	instable
uv	RvY_02599-1	14	0.35714285714285715	0.07142857142857142	0.5714285714285714	constant	0.5714285714285714	0.4285714285714286	instable	instable_no_stable_identity	instable
uv	RvY_02613-1	14	0.07142857142857142	0.5714285714285714	0.35714285714285715	down	0.5714285714285714	0.4285714285714286	instable	instable_no_stable_identity	instable
uv	RvY_02614-1	14	0.35714285714285715	0.07142857142857142	0.5714285714285714	constant	0.5714285714285714	0.4285714285714286	instable	instable_no_stable_identity	instable
uv	RvY_02627-1	14	0.5714285714285714	0	0.42857142857142855	up	0.5714285714285714	0.4285714285714286	instable	instable_no_stable_identity	instable
uv	RvY_02629-1	14	0	0.5714285714285714	0.42857142857142855	down	0.5714285714285714	0.4285714285714286	instable	instable_no_stable_identity	instable
uv	RvY_02630-1	14	0.42857142857142855	0	0.5714285714285714	constant	0.5714285714285714	0.4285714285714286	instable	instable_no_stable_identity	instable
uv	RvY_02634-1	14	0.35714285714285715	0.07142857142857142	0.5714285714285714	constant	0.5714285714285714	0.4285714285714286	instable	instable_no_stable_identity	instable
uv	RvY_02642	14	0	0.5714285714285714	0.42857142857142855	down	0.5714285714285714	0.4285714285714286	instable	instable_no_stable_identity	instable
uv	RvY_02644-1	14	0	0.42857142857142855	0.5714285714285714	constant	0.5714285714285714	0.4285714285714286	instable	instable_no_stable_identity	instable
uv	RvY_02651-1	14	0	0.42857142857142855	0.5714285714285714	constant	0.5714285714285714	0.4285714285714286	instable	instable_no_stable_identity	instable
uv	RvY_02653-1	14	0	0.5714285714285714	0.42857142857142855	down	0.5714285714285714	0.4285714285714286	instable	instable_no_stable_identity	instable
uv	RvY_02692-1	14	0.07142857142857142	0.35714285714285715	0.5714285714285714	constant	0.5714285714285714	0.4285714285714286	instable	instable_no_stable_identity	instable
uv	RvY_02731	14	0	0.42857142857142855	0.5714285714285714	constant	0.5714285714285714	0.4285714285714286	instable	instable_no_stable_identity	instable
uv	RvY_02737-1	14	0.35714285714285715	0.07142857142857142	0.5714285714285714	constant	0.5714285714285714	0.4285714285714286	instable	instable_no_stable_identity	instable
uv	RvY_02739-1	14	0.14285714285714285	0.2857142857142857	0.5714285714285714	constant	0.5714285714285714	0.4285714285714286	instable	instable_no_stable_identity	instable
uv	RvY_02743-1	14	0.5714285714285714	0	0.42857142857142855	up	0.5714285714285714	0.4285714285714286	instable	instable_no_stable_identity	instable
uv	RvY_02753-1	14	0	0.42857142857142855	0.5714285714285714	constant	0.5714285714285714	0.4285714285714286	instable	instable_no_stable_identity	instable
uv	RvY_02759-1	14	0.07142857142857142	0.5714285714285714	0.35714285714285715	down	0.5714285714285714	0.4285714285714286	instable	instable_no_stable_identity	instable
uv	RvY_02760-1	14	0.5714285714285714	0	0.42857142857142855	up	0.5714285714285714	0.4285714285714286	instable	instable_no_stable_identity	instable
uv	RvY_02771-1	14	0	0.5714285714285714	0.42857142857142855	down	0.5714285714285714	0.4285714285714286	instable	instable_no_stable_identity	instable
uv	RvY_02774-1	14	0	0.42857142857142855	0.5714285714285714	constant	0.5714285714285714	0.4285714285714286	instable	instable_no_stable_identity	instable
uv	RvY_02776-1	14	0.42857142857142855	0	0.5714285714285714	constant	0.5714285714285714	0.4285714285714286	instable	instable_no_stable_identity	instable
uv	RvY_02779-1	14	0.5714285714285714	0.07142857142857142	0.35714285714285715	up	0.5714285714285714	0.4285714285714286	instable	instable_no_stable_identity	instable
uv	RvY_02785-1	14	0.2857142857142857	0.14285714285714285	0.5714285714285714	constant	0.5714285714285714	0.4285714285714286	instable	instable_no_stable_identity	instable
uv	RvY_02795-1	14	0.35714285714285715	0.07142857142857142	0.5714285714285714	constant	0.5714285714285714	0.4285714285714286	instable	instable_no_stable_identity	instable
uv	RvY_02797-1	14	0.2857142857142857	0.14285714285714285	0.5714285714285714	constant	0.5714285714285714	0.4285714285714286	instable	instable_no_stable_identity	instable
uv	RvY_02804-1	14	0.42857142857142855	0	0.5714285714285714	constant	0.5714285714285714	0.4285714285714286	instable	instable_no_stable_identity	instable
uv	RvY_02809-1	14	0.2857142857142857	0.14285714285714285	0.5714285714285714	constant	0.5714285714285714	0.4285714285714286	instable	instable_no_stable_identity	instable
uv	RvY_02814-1	14	0.07142857142857142	0.5714285714285714	0.35714285714285715	down	0.5714285714285714	0.4285714285714286	instable	instable_no_stable_identity	instable
uv	RvY_02823-1	14	0.35714285714285715	0.07142857142857142	0.5714285714285714	constant	0.5714285714285714	0.4285714285714286	instable	instable_no_stable_identity	instable
uv	RvY_02826	14	0.5714285714285714	0	0.42857142857142855	up	0.5714285714285714	0.4285714285714286	instable	instable_no_stable_identity	instable
uv	RvY_02852-1	14	0	0.42857142857142855	0.5714285714285714	constant	0.5714285714285714	0.4285714285714286	instable	instable_no_stable_identity	instable
uv	RvY_02853-1	14	0.2857142857142857	0.14285714285714285	0.5714285714285714	constant	0.5714285714285714	0.4285714285714286	instable	instable_no_stable_identity	instable
uv	RvY_02860-1	14	0.42857142857142855	0	0.5714285714285714	constant	0.5714285714285714	0.4285714285714286	instable	instable_no_stable_identity	instable
uv	RvY_02870-1	14	0.5714285714285714	0	0.42857142857142855	up	0.5714285714285714	0.4285714285714286	instable	instable_no_stable_identity	instable
uv	RvY_02885-1	14	0	0.42857142857142855	0.5714285714285714	constant	0.5714285714285714	0.4285714285714286	instable	instable_no_stable_identity	instable
uv	RvY_02895-1	14	0.2857142857142857	0.14285714285714285	0.5714285714285714	constant	0.5714285714285714	0.4285714285714286	instable	instable_no_stable_identity	instable
uv	RvY_02904-1	14	0.35714285714285715	0.07142857142857142	0.5714285714285714	constant	0.5714285714285714	0.4285714285714286	instable	instable_no_stable_identity	instable
uv	RvY_02935-1	14	0	0.42857142857142855	0.5714285714285714	constant	0.5714285714285714	0.4285714285714286	instable	instable_no_stable_identity	instable
uv	RvY_02936-1	14	0	0.5714285714285714	0.42857142857142855	down	0.5714285714285714	0.4285714285714286	instable	instable_no_stable_identity	instable
uv	RvY_02944-1	14	0.35714285714285715	0.07142857142857142	0.5714285714285714	constant	0.5714285714285714	0.4285714285714286	instable	instable_no_stable_identity	instable
uv	RvY_02948	14	0.35714285714285715	0.07142857142857142	0.5714285714285714	constant	0.5714285714285714	0.4285714285714286	instable	instable_no_stable_identity	instable
uv	RvY_02952-1	14	0.42857142857142855	0	0.5714285714285714	constant	0.5714285714285714	0.4285714285714286	instable	instable_no_stable_identity	instable
uv	RvY_02963-1	14	0.2857142857142857	0.14285714285714285	0.5714285714285714	constant	0.5714285714285714	0.4285714285714286	instable	instable_no_stable_identity	instable
uv	RvY_02967-1	14	0	0.42857142857142855	0.5714285714285714	constant	0.5714285714285714	0.4285714285714286	instable	instable_no_stable_identity	instable
uv	RvY_02970-1	14	0.5714285714285714	0	0.42857142857142855	up	0.5714285714285714	0.4285714285714286	instable	instable_no_stable_identity	instable
uv	RvY_02985-1	14	0.42857142857142855	0	0.5714285714285714	constant	0.5714285714285714	0.4285714285714286	instable	instable_no_stable_identity	instable
uv	RvY_02988-1	14	0.2857142857142857	0.14285714285714285	0.5714285714285714	constant	0.5714285714285714	0.4285714285714286	instable	instable_no_stable_identity	instable
uv	RvY_03017-1	14	0.21428571428571427	0.21428571428571427	0.5714285714285714	constant	0.5714285714285714	0.4285714285714286	instable	instable_no_stable_identity	instable
uv	RvY_03021-1	14	0	0.5714285714285714	0.42857142857142855	down	0.5714285714285714	0.4285714285714286	instable	instable_no_stable_identity	instable
uv	RvY_03054	14	0.42857142857142855	0.5714285714285714	0	down	0.5714285714285714	0.4285714285714286	instable	instable_no_stable_identity	instable
uv	RvY_03057	14	0.35714285714285715	0.07142857142857142	0.5714285714285714	constant	0.5714285714285714	0.4285714285714286	instable	instable_no_stable_identity	instable
uv	RvY_03059-1	14	0.14285714285714285	0.2857142857142857	0.5714285714285714	constant	0.5714285714285714	0.4285714285714286	instable	instable_no_stable_identity	instable
uv	RvY_03066-1	14	0	0.42857142857142855	0.5714285714285714	constant	0.5714285714285714	0.4285714285714286	instable	instable_no_stable_identity	instable
uv	RvY_03089-1	14	0	0.5714285714285714	0.42857142857142855	down	0.5714285714285714	0.4285714285714286	instable	instable_no_stable_identity	instable
uv	RvY_03105-1	14	0.5714285714285714	0	0.42857142857142855	up	0.5714285714285714	0.4285714285714286	instable	instable_no_stable_identity	instable
uv	RvY_03149-1	14	0.42857142857142855	0	0.5714285714285714	constant	0.5714285714285714	0.4285714285714286	instable	instable_no_stable_identity	instable
uv	RvY_03157-1	14	0.2857142857142857	0.14285714285714285	0.5714285714285714	constant	0.5714285714285714	0.4285714285714286	instable	instable_no_stable_identity	instable
uv	RvY_03162-1	14	0	0.42857142857142855	0.5714285714285714	constant	0.5714285714285714	0.4285714285714286	instable	instable_no_stable_identity	instable
uv	RvY_03165-1	14	0.14285714285714285	0.2857142857142857	0.5714285714285714	constant	0.5714285714285714	0.4285714285714286	instable	instable_no_stable_identity	instable
uv	RvY_03169-1	14	0.2857142857142857	0.14285714285714285	0.5714285714285714	constant	0.5714285714285714	0.4285714285714286	instable	instable_no_stable_identity	instable
uv	RvY_03177-1	14	0.35714285714285715	0.07142857142857142	0.5714285714285714	constant	0.5714285714285714	0.4285714285714286	instable	instable_no_stable_identity	instable
uv	RvY_03178-1	14	0.42857142857142855	0	0.5714285714285714	constant	0.5714285714285714	0.4285714285714286	instable	instable_no_stable_identity	instable
uv	RvY_03185-1	14	0.2857142857142857	0.14285714285714285	0.5714285714285714	constant	0.5714285714285714	0.4285714285714286	instable	instable_no_stable_identity	instable
uv	RvY_03194-1	14	0.5714285714285714	0	0.42857142857142855	up	0.5714285714285714	0.4285714285714286	instable	instable_no_stable_identity	instable
uv	RvY_03198	14	0.07142857142857142	0.35714285714285715	0.5714285714285714	constant	0.5714285714285714	0.4285714285714286	instable	instable_no_stable_identity	instable
uv	RvY_03203	14	0.35714285714285715	0.07142857142857142	0.5714285714285714	constant	0.5714285714285714	0.4285714285714286	instable	instable_no_stable_identity	instable
uv	RvY_03207-1	14	0.2857142857142857	0.14285714285714285	0.5714285714285714	constant	0.5714285714285714	0.4285714285714286	instable	instable_no_stable_identity	instable
uv	RvY_03212-1	14	0.42857142857142855	0	0.5714285714285714	constant	0.5714285714285714	0.4285714285714286	instable	instable_no_stable_identity	instable
uv	RvY_03217-1	14	0.42857142857142855	0	0.5714285714285714	constant	0.5714285714285714	0.4285714285714286	instable	instable_no_stable_identity	instable
uv	RvY_03222	14	0.21428571428571427	0.21428571428571427	0.5714285714285714	constant	0.5714285714285714	0.4285714285714286	instable	instable_no_stable_identity	instable
uv	RvY_03226-1	14	0.14285714285714285	0.2857142857142857	0.5714285714285714	constant	0.5714285714285714	0.4285714285714286	instable	instable_no_stable_identity	instable
uv	RvY_03232-1	14	0.35714285714285715	0.07142857142857142	0.5714285714285714	constant	0.5714285714285714	0.4285714285714286	instable	instable_no_stable_identity	instable
uv	RvY_03278-1	14	0.21428571428571427	0.21428571428571427	0.5714285714285714	constant	0.5714285714285714	0.4285714285714286	instable	instable_no_stable_identity	instable
uv	RvY_03285	14	0	0.5714285714285714	0.42857142857142855	down	0.5714285714285714	0.4285714285714286	instable	instable_no_stable_identity	instable
uv	RvY_03299-1	14	0.5714285714285714	0	0.42857142857142855	up	0.5714285714285714	0.4285714285714286	instable	instable_no_stable_identity	instable
uv	RvY_03324-1	14	0.5714285714285714	0	0.42857142857142855	up	0.5714285714285714	0.4285714285714286	instable	instable_no_stable_identity	instable
uv	RvY_03326	14	0.42857142857142855	0	0.5714285714285714	constant	0.5714285714285714	0.4285714285714286	instable	instable_no_stable_identity	instable
uv	RvY_03344-1	14	0	0.5714285714285714	0.42857142857142855	down	0.5714285714285714	0.4285714285714286	instable	instable_no_stable_identity	instable
uv	RvY_03347-1	14	0.42857142857142855	0	0.5714285714285714	constant	0.5714285714285714	0.4285714285714286	instable	instable_no_stable_identity	instable
uv	RvY_03360	14	0.14285714285714285	0.2857142857142857	0.5714285714285714	constant	0.5714285714285714	0.4285714285714286	instable	instable_no_stable_identity	instable
uv	RvY_03361-1	14	0	0.5714285714285714	0.42857142857142855	down	0.5714285714285714	0.4285714285714286	instable	instable_no_stable_identity	instable
uv	RvY_03363-1	14	0.21428571428571427	0.21428571428571427	0.5714285714285714	constant	0.5714285714285714	0.4285714285714286	instable	instable_no_stable_identity	instable
uv	RvY_03378-1	14	0.5714285714285714	0.07142857142857142	0.35714285714285715	up	0.5714285714285714	0.4285714285714286	instable	instable_no_stable_identity	instable
uv	RvY_03385	14	0.14285714285714285	0.2857142857142857	0.5714285714285714	constant	0.5714285714285714	0.4285714285714286	instable	instable_no_stable_identity	instable
uv	RvY_03394-1	14	0.5714285714285714	0	0.42857142857142855	up	0.5714285714285714	0.4285714285714286	instable	instable_no_stable_identity	instable
uv	RvY_03396	14	0.42857142857142855	0	0.5714285714285714	constant	0.5714285714285714	0.4285714285714286	instable	instable_no_stable_identity	instable
uv	RvY_03400-1	14	0.42857142857142855	0	0.5714285714285714	constant	0.5714285714285714	0.4285714285714286	instable	instable_no_stable_identity	instable
uv	RvY_03409-1	14	0.42857142857142855	0	0.5714285714285714	constant	0.5714285714285714	0.4285714285714286	instable	instable_no_stable_identity	instable
uv	RvY_03417	14	0.35714285714285715	0.07142857142857142	0.5714285714285714	constant	0.5714285714285714	0.4285714285714286	instable	instable_no_stable_identity	instable
uv	RvY_03429	14	0	0.5714285714285714	0.42857142857142855	down	0.5714285714285714	0.4285714285714286	instable	instable_no_stable_identity	instable
uv	RvY_03431-1	14	0	0.5714285714285714	0.42857142857142855	down	0.5714285714285714	0.4285714285714286	instable	instable_no_stable_identity	instable
uv	RvY_03432-1	14	0	0.42857142857142855	0.5714285714285714	constant	0.5714285714285714	0.4285714285714286	instable	instable_no_stable_identity	instable
uv	RvY_03435-1	14	0.07142857142857142	0.35714285714285715	0.5714285714285714	constant	0.5714285714285714	0.4285714285714286	instable	instable_no_stable_identity	instable
uv	RvY_03436	14	0.2857142857142857	0.14285714285714285	0.5714285714285714	constant	0.5714285714285714	0.4285714285714286	instable	instable_no_stable_identity	instable
uv	RvY_03437-1	14	0.5714285714285714	0	0.42857142857142855	up	0.5714285714285714	0.4285714285714286	instable	instable_no_stable_identity	instable
uv	RvY_03439	14	0.07142857142857142	0.5714285714285714	0.35714285714285715	down	0.5714285714285714	0.4285714285714286	instable	instable_no_stable_identity	instable
uv	RvY_03444-1	14	0.35714285714285715	0.07142857142857142	0.5714285714285714	constant	0.5714285714285714	0.4285714285714286	instable	instable_no_stable_identity	instable
uv	RvY_03447-1	14	0.5714285714285714	0	0.42857142857142855	up	0.5714285714285714	0.4285714285714286	instable	instable_no_stable_identity	instable
uv	RvY_03455	14	0.35714285714285715	0.07142857142857142	0.5714285714285714	constant	0.5714285714285714	0.4285714285714286	instable	instable_no_stable_identity	instable
uv	RvY_03460-1	14	0.42857142857142855	0	0.5714285714285714	constant	0.5714285714285714	0.4285714285714286	instable	instable_no_stable_identity	instable
uv	RvY_03489-1	14	0.5714285714285714	0.14285714285714285	0.2857142857142857	up	0.5714285714285714	0.4285714285714286	instable	instable_no_stable_identity	instable
uv	RvY_03498-1	14	0	0.5714285714285714	0.42857142857142855	down	0.5714285714285714	0.4285714285714286	instable	instable_no_stable_identity	instable
uv	RvY_03503-1	14	0.21428571428571427	0.21428571428571427	0.5714285714285714	constant	0.5714285714285714	0.4285714285714286	instable	instable_no_stable_identity	instable
uv	RvY_03512-1	14	0.42857142857142855	0	0.5714285714285714	constant	0.5714285714285714	0.4285714285714286	instable	instable_no_stable_identity	instable
uv	RvY_03517-1	14	0.21428571428571427	0.21428571428571427	0.5714285714285714	constant	0.5714285714285714	0.4285714285714286	instable	instable_no_stable_identity	instable
uv	RvY_03522-1	14	0	0.5714285714285714	0.42857142857142855	down	0.5714285714285714	0.4285714285714286	instable	instable_no_stable_identity	instable
uv	RvY_03526-1	14	0.07142857142857142	0.35714285714285715	0.5714285714285714	constant	0.5714285714285714	0.4285714285714286	instable	instable_no_stable_identity	instable
uv	RvY_03530-1	14	0.42857142857142855	0	0.5714285714285714	constant	0.5714285714285714	0.4285714285714286	instable	instable_no_stable_identity	instable
uv	RvY_03531	14	0.5714285714285714	0	0.42857142857142855	up	0.5714285714285714	0.4285714285714286	instable	instable_no_stable_identity	instable
uv	RvY_03547	14	0.14285714285714285	0.5714285714285714	0.2857142857142857	down	0.5714285714285714	0.4285714285714286	instable	instable_no_stable_identity	instable
uv	RvY_03548	14	0.5714285714285714	0.14285714285714285	0.2857142857142857	up	0.5714285714285714	0.4285714285714286	instable	instable_no_stable_identity	instable
uv	RvY_03551-1	14	0.42857142857142855	0	0.5714285714285714	constant	0.5714285714285714	0.4285714285714286	instable	instable_no_stable_identity	instable
uv	RvY_03560-1	14	0.42857142857142855	0	0.5714285714285714	constant	0.5714285714285714	0.4285714285714286	instable	instable_no_stable_identity	instable
uv	RvY_03572	14	0	0.42857142857142855	0.5714285714285714	constant	0.5714285714285714	0.4285714285714286	instable	instable_no_stable_identity	instable
uv	RvY_03580	14	0.2857142857142857	0.14285714285714285	0.5714285714285714	constant	0.5714285714285714	0.4285714285714286	instable	instable_no_stable_identity	instable
uv	RvY_03584-1	14	0	0.42857142857142855	0.5714285714285714	constant	0.5714285714285714	0.4285714285714286	instable	instable_no_stable_identity	instable
uv	RvY_03585-1	14	0.21428571428571427	0.21428571428571427	0.5714285714285714	constant	0.5714285714285714	0.4285714285714286	instable	instable_no_stable_identity	instable
uv	RvY_03589	14	0.5714285714285714	0	0.42857142857142855	up	0.5714285714285714	0.4285714285714286	instable	instable_no_stable_identity	instable
uv	RvY_03623	14	0.14285714285714285	0.2857142857142857	0.5714285714285714	constant	0.5714285714285714	0.4285714285714286	instable	instable_no_stable_identity	instable
uv	RvY_03630-1	14	0.07142857142857142	0.35714285714285715	0.5714285714285714	constant	0.5714285714285714	0.4285714285714286	instable	instable_no_stable_identity	instable
uv	RvY_03631-1	14	0.21428571428571427	0.21428571428571427	0.5714285714285714	constant	0.5714285714285714	0.4285714285714286	instable	instable_no_stable_identity	instable
uv	RvY_03649-1	14	0.35714285714285715	0.07142857142857142	0.5714285714285714	constant	0.5714285714285714	0.4285714285714286	instable	instable_no_stable_identity	instable
uv	RvY_03665-1	14	0	0.5714285714285714	0.42857142857142855	down	0.5714285714285714	0.4285714285714286	instable	instable_no_stable_identity	instable
uv	RvY_03682	14	0	0.5714285714285714	0.42857142857142855	down	0.5714285714285714	0.4285714285714286	instable	instable_no_stable_identity	instable
uv	RvY_03703-1	14	0.07142857142857142	0.35714285714285715	0.5714285714285714	constant	0.5714285714285714	0.4285714285714286	instable	instable_no_stable_identity	instable
uv	RvY_03714	14	0.42857142857142855	0	0.5714285714285714	constant	0.5714285714285714	0.4285714285714286	instable	instable_no_stable_identity	instable
uv	RvY_03720-1	14	0	0.42857142857142855	0.5714285714285714	constant	0.5714285714285714	0.4285714285714286	instable	instable_no_stable_identity	instable
uv	RvY_03722-1	14	0.5714285714285714	0	0.42857142857142855	up	0.5714285714285714	0.4285714285714286	instable	instable_no_stable_identity	instable
uv	RvY_03725-1	14	0	0.42857142857142855	0.5714285714285714	constant	0.5714285714285714	0.4285714285714286	instable	instable_no_stable_identity	instable
uv	RvY_03752-1	14	0.07142857142857142	0.5714285714285714	0.35714285714285715	down	0.5714285714285714	0.4285714285714286	instable	instable_no_stable_identity	instable
uv	RvY_03768-1	14	0.21428571428571427	0.5714285714285714	0.21428571428571427	down	0.5714285714285714	0.4285714285714286	instable	instable_no_stable_identity	instable
uv	RvY_03772-1	14	0	0.42857142857142855	0.5714285714285714	constant	0.5714285714285714	0.4285714285714286	instable	instable_no_stable_identity	instable
uv	RvY_03775	14	0.5714285714285714	0.07142857142857142	0.35714285714285715	up	0.5714285714285714	0.4285714285714286	instable	instable_no_stable_identity	instable
uv	RvY_03804-1	14	0.21428571428571427	0.21428571428571427	0.5714285714285714	constant	0.5714285714285714	0.4285714285714286	instable	instable_no_stable_identity	instable
uv	RvY_03808-1	14	0	0.42857142857142855	0.5714285714285714	constant	0.5714285714285714	0.4285714285714286	instable	instable_no_stable_identity	instable
uv	RvY_03833-1	14	0.2857142857142857	0.14285714285714285	0.5714285714285714	constant	0.5714285714285714	0.4285714285714286	instable	instable_no_stable_identity	instable
uv	RvY_03834-1	14	0.2857142857142857	0.14285714285714285	0.5714285714285714	constant	0.5714285714285714	0.4285714285714286	instable	instable_no_stable_identity	instable
uv	RvY_03838	14	0	0.42857142857142855	0.5714285714285714	constant	0.5714285714285714	0.4285714285714286	instable	instable_no_stable_identity	instable
uv	RvY_03856-1	14	0.21428571428571427	0.5714285714285714	0.21428571428571427	down	0.5714285714285714	0.4285714285714286	instable	instable_no_stable_identity	instable
uv	RvY_03863-1	14	0.14285714285714285	0.2857142857142857	0.5714285714285714	constant	0.5714285714285714	0.4285714285714286	instable	instable_no_stable_identity	instable
uv	RvY_03904	14	0.42857142857142855	0	0.5714285714285714	constant	0.5714285714285714	0.4285714285714286	instable	instable_no_stable_identity	instable
uv	RvY_03937	14	0.5714285714285714	0	0.42857142857142855	up	0.5714285714285714	0.4285714285714286	instable	instable_no_stable_identity	instable
uv	RvY_03938-1	14	0.2857142857142857	0.14285714285714285	0.5714285714285714	constant	0.5714285714285714	0.4285714285714286	instable	instable_no_stable_identity	instable
uv	RvY_03953-1	14	0	0.42857142857142855	0.5714285714285714	constant	0.5714285714285714	0.4285714285714286	instable	instable_no_stable_identity	instable
uv	RvY_03961-1	14	0.42857142857142855	0	0.5714285714285714	constant	0.5714285714285714	0.4285714285714286	instable	instable_no_stable_identity	instable
uv	RvY_03967-1	14	0.2857142857142857	0.14285714285714285	0.5714285714285714	constant	0.5714285714285714	0.4285714285714286	instable	instable_no_stable_identity	instable
uv	RvY_03969-1	14	0.2857142857142857	0.14285714285714285	0.5714285714285714	constant	0.5714285714285714	0.4285714285714286	instable	instable_no_stable_identity	instable
uv	RvY_03983-1	14	0.14285714285714285	0.5714285714285714	0.2857142857142857	down	0.5714285714285714	0.4285714285714286	instable	instable_no_stable_identity	instable
uv	RvY_03989-1	14	0	0.42857142857142855	0.5714285714285714	constant	0.5714285714285714	0.4285714285714286	instable	instable_no_stable_identity	instable
uv	RvY_04008-1	14	0.35714285714285715	0.07142857142857142	0.5714285714285714	constant	0.5714285714285714	0.4285714285714286	instable	instable_no_stable_identity	instable
uv	RvY_04020-1	14	0	0.42857142857142855	0.5714285714285714	constant	0.5714285714285714	0.4285714285714286	instable	instable_no_stable_identity	instable
uv	RvY_04024-1	14	0.42857142857142855	0	0.5714285714285714	constant	0.5714285714285714	0.4285714285714286	instable	instable_no_stable_identity	instable
uv	RvY_04027-1	14	0.21428571428571427	0.5714285714285714	0.21428571428571427	down	0.5714285714285714	0.4285714285714286	instable	instable_no_stable_identity	instable
uv	RvY_04032-1	14	0.07142857142857142	0.35714285714285715	0.5714285714285714	constant	0.5714285714285714	0.4285714285714286	instable	instable_no_stable_identity	instable
uv	RvY_04050-1	14	0.14285714285714285	0.2857142857142857	0.5714285714285714	constant	0.5714285714285714	0.4285714285714286	instable	instable_no_stable_identity	instable
uv	RvY_04055-1	14	0	0.42857142857142855	0.5714285714285714	constant	0.5714285714285714	0.4285714285714286	instable	instable_no_stable_identity	instable
uv	RvY_04063	14	0.21428571428571427	0.21428571428571427	0.5714285714285714	constant	0.5714285714285714	0.4285714285714286	instable	instable_no_stable_identity	instable
uv	RvY_04074-1	14	0.42857142857142855	0	0.5714285714285714	constant	0.5714285714285714	0.4285714285714286	instable	instable_no_stable_identity	instable
uv	RvY_04079-1	14	0.35714285714285715	0.07142857142857142	0.5714285714285714	constant	0.5714285714285714	0.4285714285714286	instable	instable_no_stable_identity	instable
uv	RvY_04080	14	0.2857142857142857	0.14285714285714285	0.5714285714285714	constant	0.5714285714285714	0.4285714285714286	instable	instable_no_stable_identity	instable
uv	RvY_04086	14	0.07142857142857142	0.35714285714285715	0.5714285714285714	constant	0.5714285714285714	0.4285714285714286	instable	instable_no_stable_identity	instable
uv	RvY_04087-1	14	0	0.5714285714285714	0.42857142857142855	down	0.5714285714285714	0.4285714285714286	instable	instable_no_stable_identity	instable
uv	RvY_04103-1	14	0	0.5714285714285714	0.42857142857142855	down	0.5714285714285714	0.4285714285714286	instable	instable_no_stable_identity	instable
uv	RvY_04109-1	14	0.2857142857142857	0.14285714285714285	0.5714285714285714	constant	0.5714285714285714	0.4285714285714286	instable	instable_no_stable_identity	instable
uv	RvY_04116-1	14	0.21428571428571427	0.21428571428571427	0.5714285714285714	constant	0.5714285714285714	0.4285714285714286	instable	instable_no_stable_identity	instable
uv	RvY_04117-1	14	0	0.5714285714285714	0.42857142857142855	down	0.5714285714285714	0.4285714285714286	instable	instable_no_stable_identity	instable
uv	RvY_04134-1	14	0.2857142857142857	0.14285714285714285	0.5714285714285714	constant	0.5714285714285714	0.4285714285714286	instable	instable_no_stable_identity	instable
uv	RvY_04140-1	14	0.35714285714285715	0.07142857142857142	0.5714285714285714	constant	0.5714285714285714	0.4285714285714286	instable	instable_no_stable_identity	instable
uv	RvY_04145-1	14	0	0.42857142857142855	0.5714285714285714	constant	0.5714285714285714	0.4285714285714286	instable	instable_no_stable_identity	instable
uv	RvY_04152-1	14	0.42857142857142855	0	0.5714285714285714	constant	0.5714285714285714	0.4285714285714286	instable	instable_no_stable_identity	instable
uv	RvY_04159	14	0.07142857142857142	0.35714285714285715	0.5714285714285714	constant	0.5714285714285714	0.4285714285714286	instable	instable_no_stable_identity	instable
uv	RvY_04170-1	14	0	0.42857142857142855	0.5714285714285714	constant	0.5714285714285714	0.4285714285714286	instable	instable_no_stable_identity	instable
uv	RvY_04184	14	0.07142857142857142	0.35714285714285715	0.5714285714285714	constant	0.5714285714285714	0.4285714285714286	instable	instable_no_stable_identity	instable
uv	RvY_04203-1	14	0.42857142857142855	0	0.5714285714285714	constant	0.5714285714285714	0.4285714285714286	instable	instable_no_stable_identity	instable
uv	RvY_04207-1	14	0.5714285714285714	0.07142857142857142	0.35714285714285715	up	0.5714285714285714	0.4285714285714286	instable	instable_no_stable_identity	instable
uv	RvY_04208	14	0.21428571428571427	0.21428571428571427	0.5714285714285714	constant	0.5714285714285714	0.4285714285714286	instable	instable_no_stable_identity	instable
uv	RvY_04209-1	14	0.42857142857142855	0	0.5714285714285714	constant	0.5714285714285714	0.4285714285714286	instable	instable_no_stable_identity	instable
uv	RvY_04214-1	14	0.5714285714285714	0	0.42857142857142855	up	0.5714285714285714	0.4285714285714286	instable	instable_no_stable_identity	instable
uv	RvY_04219-1	14	0.5714285714285714	0	0.42857142857142855	up	0.5714285714285714	0.4285714285714286	instable	instable_no_stable_identity	instable
uv	RvY_04225	14	0.5714285714285714	0	0.42857142857142855	up	0.5714285714285714	0.4285714285714286	instable	instable_no_stable_identity	instable
uv	RvY_04227-1	14	0	0.5714285714285714	0.42857142857142855	down	0.5714285714285714	0.4285714285714286	instable	instable_no_stable_identity	instable
uv	RvY_04232-1	14	0.21428571428571427	0.21428571428571427	0.5714285714285714	constant	0.5714285714285714	0.4285714285714286	instable	instable_no_stable_identity	instable
uv	RvY_04241-1	14	0.21428571428571427	0.21428571428571427	0.5714285714285714	constant	0.5714285714285714	0.4285714285714286	instable	instable_no_stable_identity	instable
uv	RvY_04252-1	14	0.42857142857142855	0	0.5714285714285714	constant	0.5714285714285714	0.4285714285714286	instable	instable_no_stable_identity	instable
uv	RvY_04256-1	14	0.2857142857142857	0.5714285714285714	0.14285714285714285	down	0.5714285714285714	0.4285714285714286	instable	instable_no_stable_identity	instable
uv	RvY_04257-1	14	0.14285714285714285	0.2857142857142857	0.5714285714285714	constant	0.5714285714285714	0.4285714285714286	instable	instable_no_stable_identity	instable
uv	RvY_04264	14	0.14285714285714285	0.5714285714285714	0.2857142857142857	down	0.5714285714285714	0.4285714285714286	instable	instable_no_stable_identity	instable
uv	RvY_04272-1	14	0.5714285714285714	0	0.42857142857142855	up	0.5714285714285714	0.4285714285714286	instable	instable_no_stable_identity	instable
uv	RvY_04289-1	14	0.42857142857142855	0	0.5714285714285714	constant	0.5714285714285714	0.4285714285714286	instable	instable_no_stable_identity	instable
uv	RvY_04294-1	14	0.5714285714285714	0	0.42857142857142855	up	0.5714285714285714	0.4285714285714286	instable	instable_no_stable_identity	instable
uv	RvY_04300-1	14	0.2857142857142857	0.14285714285714285	0.5714285714285714	constant	0.5714285714285714	0.4285714285714286	instable	instable_no_stable_identity	instable
uv	RvY_04310-1	14	0.42857142857142855	0	0.5714285714285714	constant	0.5714285714285714	0.4285714285714286	instable	instable_no_stable_identity	instable
uv	RvY_04312-1	14	0.21428571428571427	0.21428571428571427	0.5714285714285714	constant	0.5714285714285714	0.4285714285714286	instable	instable_no_stable_identity	instable
uv	RvY_04316-1	14	0.07142857142857142	0.35714285714285715	0.5714285714285714	constant	0.5714285714285714	0.4285714285714286	instable	instable_no_stable_identity	instable
uv	RvY_04338	14	0.35714285714285715	0.07142857142857142	0.5714285714285714	constant	0.5714285714285714	0.4285714285714286	instable	instable_no_stable_identity	instable
uv	RvY_04346	14	0.14285714285714285	0.2857142857142857	0.5714285714285714	constant	0.5714285714285714	0.4285714285714286	instable	instable_no_stable_identity	instable
uv	RvY_04360	14	0.42857142857142855	0	0.5714285714285714	constant	0.5714285714285714	0.4285714285714286	instable	instable_no_stable_identity	instable
uv	RvY_04364-1	14	0.5714285714285714	0	0.42857142857142855	up	0.5714285714285714	0.4285714285714286	instable	instable_no_stable_identity	instable
uv	RvY_04365	14	0.5714285714285714	0	0.42857142857142855	up	0.5714285714285714	0.4285714285714286	instable	instable_no_stable_identity	instable
uv	RvY_04373-1	14	0.5714285714285714	0	0.42857142857142855	up	0.5714285714285714	0.4285714285714286	instable	instable_no_stable_identity	instable
uv	RvY_04386-1	14	0	0.5714285714285714	0.42857142857142855	down	0.5714285714285714	0.4285714285714286	instable	instable_no_stable_identity	instable
uv	RvY_04394	14	0.14285714285714285	0.2857142857142857	0.5714285714285714	constant	0.5714285714285714	0.4285714285714286	instable	instable_no_stable_identity	instable
uv	RvY_04404-1	14	0.07142857142857142	0.5714285714285714	0.35714285714285715	down	0.5714285714285714	0.4285714285714286	instable	instable_no_stable_identity	instable
uv	RvY_04421-1	14	0.42857142857142855	0	0.5714285714285714	constant	0.5714285714285714	0.4285714285714286	instable	instable_no_stable_identity	instable
uv	RvY_04431-1	14	0.5714285714285714	0.07142857142857142	0.35714285714285715	up	0.5714285714285714	0.4285714285714286	instable	instable_no_stable_identity	instable
uv	RvY_04443-1	14	0.35714285714285715	0.07142857142857142	0.5714285714285714	constant	0.5714285714285714	0.4285714285714286	instable	instable_no_stable_identity	instable
uv	RvY_04446	14	0.2857142857142857	0.14285714285714285	0.5714285714285714	constant	0.5714285714285714	0.4285714285714286	instable	instable_no_stable_identity	instable
uv	RvY_04454	14	0.5714285714285714	0	0.42857142857142855	up	0.5714285714285714	0.4285714285714286	instable	instable_no_stable_identity	instable
uv	RvY_04455	14	0.35714285714285715	0.07142857142857142	0.5714285714285714	constant	0.5714285714285714	0.4285714285714286	instable	instable_no_stable_identity	instable
uv	RvY_04457-1	14	0	0.5714285714285714	0.42857142857142855	down	0.5714285714285714	0.4285714285714286	instable	instable_no_stable_identity	instable
uv	RvY_04458-1	14	0.42857142857142855	0	0.5714285714285714	constant	0.5714285714285714	0.4285714285714286	instable	instable_no_stable_identity	instable
uv	RvY_04459	14	0.42857142857142855	0	0.5714285714285714	constant	0.5714285714285714	0.4285714285714286	instable	instable_no_stable_identity	instable
uv	RvY_04464-1	14	0	0.42857142857142855	0.5714285714285714	constant	0.5714285714285714	0.4285714285714286	instable	instable_no_stable_identity	instable
uv	RvY_04467-1	14	0.42857142857142855	0	0.5714285714285714	constant	0.5714285714285714	0.4285714285714286	instable	instable_no_stable_identity	instable
uv	RvY_04482	14	0.2857142857142857	0.14285714285714285	0.5714285714285714	constant	0.5714285714285714	0.4285714285714286	instable	instable_no_stable_identity	instable
uv	RvY_04485-1	14	0.5714285714285714	0.07142857142857142	0.35714285714285715	up	0.5714285714285714	0.4285714285714286	instable	instable_no_stable_identity	instable
uv	RvY_04488-1	14	0.14285714285714285	0.2857142857142857	0.5714285714285714	constant	0.5714285714285714	0.4285714285714286	instable	instable_no_stable_identity	instable
uv	RvY_04490-1	14	0.5714285714285714	0	0.42857142857142855	up	0.5714285714285714	0.4285714285714286	instable	instable_no_stable_identity	instable
uv	RvY_04491-1	14	0.5714285714285714	0	0.42857142857142855	up	0.5714285714285714	0.4285714285714286	instable	instable_no_stable_identity	instable
uv	RvY_04509-1	14	0.42857142857142855	0	0.5714285714285714	constant	0.5714285714285714	0.4285714285714286	instable	instable_no_stable_identity	instable
uv	RvY_04512	14	0	0.42857142857142855	0.5714285714285714	constant	0.5714285714285714	0.4285714285714286	instable	instable_no_stable_identity	instable
uv	RvY_04519	14	0.21428571428571427	0.21428571428571427	0.5714285714285714	constant	0.5714285714285714	0.4285714285714286	instable	instable_no_stable_identity	instable
uv	RvY_04523-1	14	0.42857142857142855	0	0.5714285714285714	constant	0.5714285714285714	0.4285714285714286	instable	instable_no_stable_identity	instable
uv	RvY_04527-1	14	0.2857142857142857	0.14285714285714285	0.5714285714285714	constant	0.5714285714285714	0.4285714285714286	instable	instable_no_stable_identity	instable
uv	RvY_04549-1	14	0	0.42857142857142855	0.5714285714285714	constant	0.5714285714285714	0.4285714285714286	instable	instable_no_stable_identity	instable
uv	RvY_04571-1	14	0.2857142857142857	0.14285714285714285	0.5714285714285714	constant	0.5714285714285714	0.4285714285714286	instable	instable_no_stable_identity	instable
uv	RvY_04589-1	14	0.21428571428571427	0.21428571428571427	0.5714285714285714	constant	0.5714285714285714	0.4285714285714286	instable	instable_no_stable_identity	instable
uv	RvY_04593-1	14	0.5714285714285714	0	0.42857142857142855	up	0.5714285714285714	0.4285714285714286	instable	instable_no_stable_identity	instable
uv	RvY_04597-1	14	0.42857142857142855	0	0.5714285714285714	constant	0.5714285714285714	0.4285714285714286	instable	instable_no_stable_identity	instable
uv	RvY_04605-1	14	0.07142857142857142	0.35714285714285715	0.5714285714285714	constant	0.5714285714285714	0.4285714285714286	instable	instable_no_stable_identity	instable
uv	RvY_04606-1	14	0.35714285714285715	0.07142857142857142	0.5714285714285714	constant	0.5714285714285714	0.4285714285714286	instable	instable_no_stable_identity	instable
uv	RvY_04612-1	14	0.35714285714285715	0.07142857142857142	0.5714285714285714	constant	0.5714285714285714	0.4285714285714286	instable	instable_no_stable_identity	instable
uv	RvY_04613	14	0	0.42857142857142855	0.5714285714285714	constant	0.5714285714285714	0.4285714285714286	instable	instable_no_stable_identity	instable
uv	RvY_04615-1	14	0.5714285714285714	0	0.42857142857142855	up	0.5714285714285714	0.4285714285714286	instable	instable_no_stable_identity	instable
uv	RvY_04620	14	0.07142857142857142	0.35714285714285715	0.5714285714285714	constant	0.5714285714285714	0.4285714285714286	instable	instable_no_stable_identity	instable
uv	RvY_04627-1	14	0.5714285714285714	0	0.42857142857142855	up	0.5714285714285714	0.4285714285714286	instable	instable_no_stable_identity	instable
uv	RvY_04633-1	14	0.42857142857142855	0	0.5714285714285714	constant	0.5714285714285714	0.4285714285714286	instable	instable_no_stable_identity	instable
uv	RvY_04639-1	14	0.2857142857142857	0.14285714285714285	0.5714285714285714	constant	0.5714285714285714	0.4285714285714286	instable	instable_no_stable_identity	instable
uv	RvY_04646-1	14	0.07142857142857142	0.35714285714285715	0.5714285714285714	constant	0.5714285714285714	0.4285714285714286	instable	instable_no_stable_identity	instable
uv	RvY_04648-1	14	0	0.5714285714285714	0.42857142857142855	down	0.5714285714285714	0.4285714285714286	instable	instable_no_stable_identity	instable
uv	RvY_04654-1	14	0	0.5714285714285714	0.42857142857142855	down	0.5714285714285714	0.4285714285714286	instable	instable_no_stable_identity	instable
uv	RvY_04663-1	14	0	0.42857142857142855	0.5714285714285714	constant	0.5714285714285714	0.4285714285714286	instable	instable_no_stable_identity	instable
uv	RvY_04667-1	14	0.35714285714285715	0.07142857142857142	0.5714285714285714	constant	0.5714285714285714	0.4285714285714286	instable	instable_no_stable_identity	instable
uv	RvY_04677-1	14	0.2857142857142857	0.14285714285714285	0.5714285714285714	constant	0.5714285714285714	0.4285714285714286	instable	instable_no_stable_identity	instable
uv	RvY_04685-1	14	0.14285714285714285	0.2857142857142857	0.5714285714285714	constant	0.5714285714285714	0.4285714285714286	instable	instable_no_stable_identity	instable
uv	RvY_04690-1	14	0.5714285714285714	0	0.42857142857142855	up	0.5714285714285714	0.4285714285714286	instable	instable_no_stable_identity	instable
uv	RvY_04699	14	0.07142857142857142	0.5714285714285714	0.35714285714285715	down	0.5714285714285714	0.4285714285714286	instable	instable_no_stable_identity	instable
uv	RvY_04712-1	14	0	0.5714285714285714	0.42857142857142855	down	0.5714285714285714	0.4285714285714286	instable	instable_no_stable_identity	instable
uv	RvY_04715-1	14	0.42857142857142855	0	0.5714285714285714	constant	0.5714285714285714	0.4285714285714286	instable	instable_no_stable_identity	instable
uv	RvY_04720-1	14	0.5714285714285714	0	0.42857142857142855	up	0.5714285714285714	0.4285714285714286	instable	instable_no_stable_identity	instable
uv	RvY_04727-1	14	0	0.42857142857142855	0.5714285714285714	constant	0.5714285714285714	0.4285714285714286	instable	instable_no_stable_identity	instable
uv	RvY_04736-1	14	0.14285714285714285	0.2857142857142857	0.5714285714285714	constant	0.5714285714285714	0.4285714285714286	instable	instable_no_stable_identity	instable
uv	RvY_04738-1	14	0.5714285714285714	0	0.42857142857142855	up	0.5714285714285714	0.4285714285714286	instable	instable_no_stable_identity	instable
uv	RvY_04744	14	0.5714285714285714	0	0.42857142857142855	up	0.5714285714285714	0.4285714285714286	instable	instable_no_stable_identity	instable
uv	RvY_04754-1	14	0	0.42857142857142855	0.5714285714285714	constant	0.5714285714285714	0.4285714285714286	instable	instable_no_stable_identity	instable
uv	RvY_04760	14	0	0.5714285714285714	0.42857142857142855	down	0.5714285714285714	0.4285714285714286	instable	instable_no_stable_identity	instable
uv	RvY_04761-1	14	0.5714285714285714	0.14285714285714285	0.2857142857142857	up	0.5714285714285714	0.4285714285714286	instable	instable_no_stable_identity	instable
uv	RvY_04767-1	14	0.42857142857142855	0	0.5714285714285714	constant	0.5714285714285714	0.4285714285714286	instable	instable_no_stable_identity	instable
uv	RvY_04770-1	14	0.35714285714285715	0.07142857142857142	0.5714285714285714	constant	0.5714285714285714	0.4285714285714286	instable	instable_no_stable_identity	instable
uv	RvY_04774-1	14	0.5714285714285714	0	0.42857142857142855	up	0.5714285714285714	0.4285714285714286	instable	instable_no_stable_identity	instable
uv	RvY_04796-1	14	0.5714285714285714	0.07142857142857142	0.35714285714285715	up	0.5714285714285714	0.4285714285714286	instable	instable_no_stable_identity	instable
uv	RvY_04800-1	14	0.21428571428571427	0.21428571428571427	0.5714285714285714	constant	0.5714285714285714	0.4285714285714286	instable	instable_no_stable_identity	instable
uv	RvY_04810-1	14	0.14285714285714285	0.2857142857142857	0.5714285714285714	constant	0.5714285714285714	0.4285714285714286	instable	instable_no_stable_identity	instable
uv	RvY_04811-1	14	0.35714285714285715	0.07142857142857142	0.5714285714285714	constant	0.5714285714285714	0.4285714285714286	instable	instable_no_stable_identity	instable
uv	RvY_04813-1	14	0	0.42857142857142855	0.5714285714285714	constant	0.5714285714285714	0.4285714285714286	instable	instable_no_stable_identity	instable
uv	RvY_04819-1	14	0	0.5714285714285714	0.42857142857142855	down	0.5714285714285714	0.4285714285714286	instable	instable_no_stable_identity	instable
uv	RvY_04843-1	14	0.14285714285714285	0.2857142857142857	0.5714285714285714	constant	0.5714285714285714	0.4285714285714286	instable	instable_no_stable_identity	instable
uv	RvY_04845-1	14	0.14285714285714285	0.2857142857142857	0.5714285714285714	constant	0.5714285714285714	0.4285714285714286	instable	instable_no_stable_identity	instable
uv	RvY_04856-1	14	0.5714285714285714	0.14285714285714285	0.2857142857142857	up	0.5714285714285714	0.4285714285714286	instable	instable_no_stable_identity	instable
uv	RvY_04858-1	14	0.21428571428571427	0.21428571428571427	0.5714285714285714	constant	0.5714285714285714	0.4285714285714286	instable	instable_no_stable_identity	instable
uv	RvY_04874-1	14	0	0.42857142857142855	0.5714285714285714	constant	0.5714285714285714	0.4285714285714286	instable	instable_no_stable_identity	instable
uv	RvY_04875	14	0.14285714285714285	0.2857142857142857	0.5714285714285714	constant	0.5714285714285714	0.4285714285714286	instable	instable_no_stable_identity	instable
uv	RvY_04883-1	14	0.5714285714285714	0	0.42857142857142855	up	0.5714285714285714	0.4285714285714286	instable	instable_no_stable_identity	instable
uv	RvY_04884-1	14	0.42857142857142855	0	0.5714285714285714	constant	0.5714285714285714	0.4285714285714286	instable	instable_no_stable_identity	instable
uv	RvY_04886-1	14	0.5714285714285714	0	0.42857142857142855	up	0.5714285714285714	0.4285714285714286	instable	instable_no_stable_identity	instable
uv	RvY_04887-1	14	0.42857142857142855	0	0.5714285714285714	constant	0.5714285714285714	0.4285714285714286	instable	instable_no_stable_identity	instable
uv	RvY_04893	14	0.5714285714285714	0	0.42857142857142855	up	0.5714285714285714	0.4285714285714286	instable	instable_no_stable_identity	instable
uv	RvY_04895-1	14	0	0.42857142857142855	0.5714285714285714	constant	0.5714285714285714	0.4285714285714286	instable	instable_no_stable_identity	instable
uv	RvY_04897-1	14	0.5714285714285714	0.07142857142857142	0.35714285714285715	up	0.5714285714285714	0.4285714285714286	instable	instable_no_stable_identity	instable
uv	RvY_04915-1	14	0.21428571428571427	0.21428571428571427	0.5714285714285714	constant	0.5714285714285714	0.4285714285714286	instable	instable_no_stable_identity	instable
uv	RvY_04916	14	0.42857142857142855	0	0.5714285714285714	constant	0.5714285714285714	0.4285714285714286	instable	instable_no_stable_identity	instable
uv	RvY_04917-1	14	0.5714285714285714	0.07142857142857142	0.35714285714285715	up	0.5714285714285714	0.4285714285714286	instable	instable_no_stable_identity	instable
uv	RvY_04921-1	14	0.14285714285714285	0.2857142857142857	0.5714285714285714	constant	0.5714285714285714	0.4285714285714286	instable	instable_no_stable_identity	instable
uv	RvY_04927-1	14	0.5714285714285714	0	0.42857142857142855	up	0.5714285714285714	0.4285714285714286	instable	instable_no_stable_identity	instable
uv	RvY_04932	14	0	0.42857142857142855	0.5714285714285714	constant	0.5714285714285714	0.4285714285714286	instable	instable_no_stable_identity	instable
uv	RvY_04933	14	0	0.42857142857142855	0.5714285714285714	constant	0.5714285714285714	0.4285714285714286	instable	instable_no_stable_identity	instable
uv	RvY_04939	14	0	0.42857142857142855	0.5714285714285714	constant	0.5714285714285714	0.4285714285714286	instable	instable_no_stable_identity	instable
uv	RvY_04951-1	14	0	0.5714285714285714	0.42857142857142855	down	0.5714285714285714	0.4285714285714286	instable	instable_no_stable_identity	instable
uv	RvY_04955-1	14	0.42857142857142855	0	0.5714285714285714	constant	0.5714285714285714	0.4285714285714286	instable	instable_no_stable_identity	instable
uv	RvY_04962-1	14	0.2857142857142857	0.14285714285714285	0.5714285714285714	constant	0.5714285714285714	0.4285714285714286	instable	instable_no_stable_identity	instable
uv	RvY_04971-1	14	0.07142857142857142	0.35714285714285715	0.5714285714285714	constant	0.5714285714285714	0.4285714285714286	instable	instable_no_stable_identity	instable
uv	RvY_04980-1	14	0	0.42857142857142855	0.5714285714285714	constant	0.5714285714285714	0.4285714285714286	instable	instable_no_stable_identity	instable
uv	RvY_04985-1	14	0.42857142857142855	0	0.5714285714285714	constant	0.5714285714285714	0.4285714285714286	instable	instable_no_stable_identity	instable
uv	RvY_04987-1	14	0.07142857142857142	0.35714285714285715	0.5714285714285714	constant	0.5714285714285714	0.4285714285714286	instable	instable_no_stable_identity	instable
uv	RvY_04997-1	14	0.5714285714285714	0.07142857142857142	0.35714285714285715	up	0.5714285714285714	0.4285714285714286	instable	instable_no_stable_identity	instable
uv	RvY_05001-1	14	0.42857142857142855	0	0.5714285714285714	constant	0.5714285714285714	0.4285714285714286	instable	instable_no_stable_identity	instable
uv	RvY_05004-1	14	0	0.42857142857142855	0.5714285714285714	constant	0.5714285714285714	0.4285714285714286	instable	instable_no_stable_identity	instable
uv	RvY_05031-1	14	0.14285714285714285	0.2857142857142857	0.5714285714285714	constant	0.5714285714285714	0.4285714285714286	instable	instable_no_stable_identity	instable
uv	RvY_05033-1	14	0	0.42857142857142855	0.5714285714285714	constant	0.5714285714285714	0.4285714285714286	instable	instable_no_stable_identity	instable
uv	RvY_05035	14	0.35714285714285715	0.07142857142857142	0.5714285714285714	constant	0.5714285714285714	0.4285714285714286	instable	instable_no_stable_identity	instable
uv	RvY_05038	14	0.42857142857142855	0	0.5714285714285714	constant	0.5714285714285714	0.4285714285714286	instable	instable_no_stable_identity	instable
uv	RvY_05039-1	14	0.42857142857142855	0	0.5714285714285714	constant	0.5714285714285714	0.4285714285714286	instable	instable_no_stable_identity	instable
uv	RvY_05043	14	0	0.5714285714285714	0.42857142857142855	down	0.5714285714285714	0.4285714285714286	instable	instable_no_stable_identity	instable
uv	RvY_05044-1	14	0	0.42857142857142855	0.5714285714285714	constant	0.5714285714285714	0.4285714285714286	instable	instable_no_stable_identity	instable
uv	RvY_05053-1	14	0.14285714285714285	0.2857142857142857	0.5714285714285714	constant	0.5714285714285714	0.4285714285714286	instable	instable_no_stable_identity	instable
uv	RvY_05056-1	14	0.14285714285714285	0.2857142857142857	0.5714285714285714	constant	0.5714285714285714	0.4285714285714286	instable	instable_no_stable_identity	instable
uv	RvY_05058-1	14	0	0.42857142857142855	0.5714285714285714	constant	0.5714285714285714	0.4285714285714286	instable	instable_no_stable_identity	instable
uv	RvY_05089-1	14	0.07142857142857142	0.5714285714285714	0.35714285714285715	down	0.5714285714285714	0.4285714285714286	instable	instable_no_stable_identity	instable
uv	RvY_05098-1	14	0.5714285714285714	0	0.42857142857142855	up	0.5714285714285714	0.4285714285714286	instable	instable_no_stable_identity	instable
uv	RvY_05105-1	14	0.2857142857142857	0.14285714285714285	0.5714285714285714	constant	0.5714285714285714	0.4285714285714286	instable	instable_no_stable_identity	instable
uv	RvY_05109-1	14	0.42857142857142855	0	0.5714285714285714	constant	0.5714285714285714	0.4285714285714286	instable	instable_no_stable_identity	instable
uv	RvY_05110-1	14	0.21428571428571427	0.21428571428571427	0.5714285714285714	constant	0.5714285714285714	0.4285714285714286	instable	instable_no_stable_identity	instable
uv	RvY_05126-1	14	0.2857142857142857	0.14285714285714285	0.5714285714285714	constant	0.5714285714285714	0.4285714285714286	instable	instable_no_stable_identity	instable
uv	RvY_05129-1	14	0.2857142857142857	0.14285714285714285	0.5714285714285714	constant	0.5714285714285714	0.4285714285714286	instable	instable_no_stable_identity	instable
uv	RvY_05131-1	14	0.35714285714285715	0.07142857142857142	0.5714285714285714	constant	0.5714285714285714	0.4285714285714286	instable	instable_no_stable_identity	instable
uv	RvY_05140-1	14	0	0.5714285714285714	0.42857142857142855	down	0.5714285714285714	0.4285714285714286	instable	instable_no_stable_identity	instable
uv	RvY_05144	14	0	0.5714285714285714	0.42857142857142855	down	0.5714285714285714	0.4285714285714286	instable	instable_no_stable_identity	instable
uv	RvY_05151-1	14	0.42857142857142855	0	0.5714285714285714	constant	0.5714285714285714	0.4285714285714286	instable	instable_no_stable_identity	instable
uv	RvY_05162-1	14	0.42857142857142855	0	0.5714285714285714	constant	0.5714285714285714	0.4285714285714286	instable	instable_no_stable_identity	instable
uv	RvY_05163-1	14	0.35714285714285715	0.07142857142857142	0.5714285714285714	constant	0.5714285714285714	0.4285714285714286	instable	instable_no_stable_identity	instable
uv	RvY_05168	14	0.5714285714285714	0	0.42857142857142855	up	0.5714285714285714	0.4285714285714286	instable	instable_no_stable_identity	instable
uv	RvY_05177-1	14	0.42857142857142855	0	0.5714285714285714	constant	0.5714285714285714	0.4285714285714286	instable	instable_no_stable_identity	instable
uv	RvY_05178-1	14	0.07142857142857142	0.5714285714285714	0.35714285714285715	down	0.5714285714285714	0.4285714285714286	instable	instable_no_stable_identity	instable
uv	RvY_05185-1	14	0	0.42857142857142855	0.5714285714285714	constant	0.5714285714285714	0.4285714285714286	instable	instable_no_stable_identity	instable
uv	RvY_05216-1	14	0.5714285714285714	0	0.42857142857142855	up	0.5714285714285714	0.4285714285714286	instable	instable_no_stable_identity	instable
uv	RvY_05222-1	14	0.07142857142857142	0.5714285714285714	0.35714285714285715	down	0.5714285714285714	0.4285714285714286	instable	instable_no_stable_identity	instable
uv	RvY_05225-1	14	0.42857142857142855	0	0.5714285714285714	constant	0.5714285714285714	0.4285714285714286	instable	instable_no_stable_identity	instable
uv	RvY_05236-1	14	0.42857142857142855	0	0.5714285714285714	constant	0.5714285714285714	0.4285714285714286	instable	instable_no_stable_identity	instable
uv	RvY_05245-1	14	0.5714285714285714	0	0.42857142857142855	up	0.5714285714285714	0.4285714285714286	instable	instable_no_stable_identity	instable
uv	RvY_05258	14	0.07142857142857142	0.35714285714285715	0.5714285714285714	constant	0.5714285714285714	0.4285714285714286	instable	instable_no_stable_identity	instable
uv	RvY_05259-1	14	0	0.42857142857142855	0.5714285714285714	constant	0.5714285714285714	0.4285714285714286	instable	instable_no_stable_identity	instable
uv	RvY_05286-1	14	0.07142857142857142	0.35714285714285715	0.5714285714285714	constant	0.5714285714285714	0.4285714285714286	instable	instable_no_stable_identity	instable
uv	RvY_05291	14	0	0.5714285714285714	0.42857142857142855	down	0.5714285714285714	0.4285714285714286	instable	instable_no_stable_identity	instable
uv	RvY_05326-1	14	0	0.42857142857142855	0.5714285714285714	constant	0.5714285714285714	0.4285714285714286	instable	instable_no_stable_identity	instable
uv	RvY_05327-1	14	0	0.42857142857142855	0.5714285714285714	constant	0.5714285714285714	0.4285714285714286	instable	instable_no_stable_identity	instable
uv	RvY_05329-1	14	0.35714285714285715	0.07142857142857142	0.5714285714285714	constant	0.5714285714285714	0.4285714285714286	instable	instable_no_stable_identity	instable
uv	RvY_05332-1	14	0.42857142857142855	0	0.5714285714285714	constant	0.5714285714285714	0.4285714285714286	instable	instable_no_stable_identity	instable
uv	RvY_05362-1	14	0.42857142857142855	0	0.5714285714285714	constant	0.5714285714285714	0.4285714285714286	instable	instable_no_stable_identity	instable
uv	RvY_05367	14	0	0.5714285714285714	0.42857142857142855	down	0.5714285714285714	0.4285714285714286	instable	instable_no_stable_identity	instable
uv	RvY_05370	14	0.14285714285714285	0.2857142857142857	0.5714285714285714	constant	0.5714285714285714	0.4285714285714286	instable	instable_no_stable_identity	instable
uv	RvY_05372-1	14	0.14285714285714285	0.2857142857142857	0.5714285714285714	constant	0.5714285714285714	0.4285714285714286	instable	instable_no_stable_identity	instable
uv	RvY_05373-1	14	0.2857142857142857	0.14285714285714285	0.5714285714285714	constant	0.5714285714285714	0.4285714285714286	instable	instable_no_stable_identity	instable
uv	RvY_05375	14	0.5714285714285714	0	0.42857142857142855	up	0.5714285714285714	0.4285714285714286	instable	instable_no_stable_identity	instable
uv	RvY_05401	14	0.5714285714285714	0	0.42857142857142855	up	0.5714285714285714	0.4285714285714286	instable	instable_no_stable_identity	instable
uv	RvY_05410-1	14	0.5714285714285714	0	0.42857142857142855	up	0.5714285714285714	0.4285714285714286	instable	instable_no_stable_identity	instable
uv	RvY_05412-1	14	0.5714285714285714	0	0.42857142857142855	up	0.5714285714285714	0.4285714285714286	instable	instable_no_stable_identity	instable
uv	RvY_05418-1	14	0.42857142857142855	0	0.5714285714285714	constant	0.5714285714285714	0.4285714285714286	instable	instable_no_stable_identity	instable
uv	RvY_05427-1	14	0.35714285714285715	0.07142857142857142	0.5714285714285714	constant	0.5714285714285714	0.4285714285714286	instable	instable_no_stable_identity	instable
uv	RvY_05428-1	14	0	0.5714285714285714	0.42857142857142855	down	0.5714285714285714	0.4285714285714286	instable	instable_no_stable_identity	instable
uv	RvY_05431-1	14	0.42857142857142855	0	0.5714285714285714	constant	0.5714285714285714	0.4285714285714286	instable	instable_no_stable_identity	instable
uv	RvY_05437-1	14	0	0.5714285714285714	0.42857142857142855	down	0.5714285714285714	0.4285714285714286	instable	instable_no_stable_identity	instable
uv	RvY_05439-1	14	0.14285714285714285	0.2857142857142857	0.5714285714285714	constant	0.5714285714285714	0.4285714285714286	instable	instable_no_stable_identity	instable
uv	RvY_05442-1	14	0.35714285714285715	0.07142857142857142	0.5714285714285714	constant	0.5714285714285714	0.4285714285714286	instable	instable_no_stable_identity	instable
uv	RvY_05450-1	14	0	0.5714285714285714	0.42857142857142855	down	0.5714285714285714	0.4285714285714286	instable	instable_no_stable_identity	instable
uv	RvY_05453-1	14	0.42857142857142855	0	0.5714285714285714	constant	0.5714285714285714	0.4285714285714286	instable	instable_no_stable_identity	instable
uv	RvY_05469-1	14	0.5714285714285714	0.21428571428571427	0.21428571428571427	up	0.5714285714285714	0.4285714285714286	instable	instable_no_stable_identity	instable
uv	RvY_05474-1	14	0.07142857142857142	0.35714285714285715	0.5714285714285714	constant	0.5714285714285714	0.4285714285714286	instable	instable_no_stable_identity	instable
uv	RvY_05479-1	14	0.5714285714285714	0	0.42857142857142855	up	0.5714285714285714	0.4285714285714286	instable	instable_no_stable_identity	instable
uv	RvY_05485-1	14	0.42857142857142855	0	0.5714285714285714	constant	0.5714285714285714	0.4285714285714286	instable	instable_no_stable_identity	instable
uv	RvY_05487-1	14	0.42857142857142855	0	0.5714285714285714	constant	0.5714285714285714	0.4285714285714286	instable	instable_no_stable_identity	instable
uv	RvY_05493	14	0.42857142857142855	0	0.5714285714285714	constant	0.5714285714285714	0.4285714285714286	instable	instable_no_stable_identity	instable
uv	RvY_05503-1	14	0.42857142857142855	0	0.5714285714285714	constant	0.5714285714285714	0.4285714285714286	instable	instable_no_stable_identity	instable
uv	RvY_05504-1	14	0.2857142857142857	0.14285714285714285	0.5714285714285714	constant	0.5714285714285714	0.4285714285714286	instable	instable_no_stable_identity	instable
uv	RvY_05509-1	14	0.5714285714285714	0	0.42857142857142855	up	0.5714285714285714	0.4285714285714286	instable	instable_no_stable_identity	instable
uv	RvY_05514-1	14	0	0.42857142857142855	0.5714285714285714	constant	0.5714285714285714	0.4285714285714286	instable	instable_no_stable_identity	instable
uv	RvY_05515-1	14	0.35714285714285715	0.07142857142857142	0.5714285714285714	constant	0.5714285714285714	0.4285714285714286	instable	instable_no_stable_identity	instable
uv	RvY_05517-1	14	0	0.42857142857142855	0.5714285714285714	constant	0.5714285714285714	0.4285714285714286	instable	instable_no_stable_identity	instable
uv	RvY_05520-1	14	0	0.5714285714285714	0.42857142857142855	down	0.5714285714285714	0.4285714285714286	instable	instable_no_stable_identity	instable
uv	RvY_05538	14	0.35714285714285715	0.07142857142857142	0.5714285714285714	constant	0.5714285714285714	0.4285714285714286	instable	instable_no_stable_identity	instable
uv	RvY_05544-1	14	0.14285714285714285	0.2857142857142857	0.5714285714285714	constant	0.5714285714285714	0.4285714285714286	instable	instable_no_stable_identity	instable
uv	RvY_05547-1	14	0.2857142857142857	0.5714285714285714	0.14285714285714285	down	0.5714285714285714	0.4285714285714286	instable	instable_no_stable_identity	instable
uv	RvY_05552-1	14	0.42857142857142855	0	0.5714285714285714	constant	0.5714285714285714	0.4285714285714286	instable	instable_no_stable_identity	instable
uv	RvY_05554	14	0.35714285714285715	0.07142857142857142	0.5714285714285714	constant	0.5714285714285714	0.4285714285714286	instable	instable_no_stable_identity	instable
uv	RvY_05555-1	14	0.07142857142857142	0.35714285714285715	0.5714285714285714	constant	0.5714285714285714	0.4285714285714286	instable	instable_no_stable_identity	instable
uv	RvY_05561-1	14	0.2857142857142857	0.14285714285714285	0.5714285714285714	constant	0.5714285714285714	0.4285714285714286	instable	instable_no_stable_identity	instable
uv	RvY_05570-1	14	0.14285714285714285	0.5714285714285714	0.2857142857142857	down	0.5714285714285714	0.4285714285714286	instable	instable_no_stable_identity	instable
uv	RvY_05581-1	14	0.2857142857142857	0.14285714285714285	0.5714285714285714	constant	0.5714285714285714	0.4285714285714286	instable	instable_no_stable_identity	instable
uv	RvY_05585-1	14	0	0.5714285714285714	0.42857142857142855	down	0.5714285714285714	0.4285714285714286	instable	instable_no_stable_identity	instable
uv	RvY_05600	14	0.42857142857142855	0	0.5714285714285714	constant	0.5714285714285714	0.4285714285714286	instable	instable_no_stable_identity	instable
uv	RvY_05602-1	14	0.5714285714285714	0	0.42857142857142855	up	0.5714285714285714	0.4285714285714286	instable	instable_no_stable_identity	instable
uv	RvY_05615-1	14	0	0.5714285714285714	0.42857142857142855	down	0.5714285714285714	0.4285714285714286	instable	instable_no_stable_identity	instable
uv	RvY_05624	14	0	0.42857142857142855	0.5714285714285714	constant	0.5714285714285714	0.4285714285714286	instable	instable_no_stable_identity	instable
uv	RvY_05629-1	14	0.14285714285714285	0.5714285714285714	0.2857142857142857	down	0.5714285714285714	0.4285714285714286	instable	instable_no_stable_identity	instable
uv	RvY_05645-1	14	0.21428571428571427	0.21428571428571427	0.5714285714285714	constant	0.5714285714285714	0.4285714285714286	instable	instable_no_stable_identity	instable
uv	RvY_05655-1	14	0	0.42857142857142855	0.5714285714285714	constant	0.5714285714285714	0.4285714285714286	instable	instable_no_stable_identity	instable
uv	RvY_05661-1	14	0.21428571428571427	0.21428571428571427	0.5714285714285714	constant	0.5714285714285714	0.4285714285714286	instable	instable_no_stable_identity	instable
uv	RvY_05664-1	14	0	0.5714285714285714	0.42857142857142855	down	0.5714285714285714	0.4285714285714286	instable	instable_no_stable_identity	instable
uv	RvY_05670-1	14	0	0.5714285714285714	0.42857142857142855	down	0.5714285714285714	0.4285714285714286	instable	instable_no_stable_identity	instable
uv	RvY_05673-1	14	0	0.42857142857142855	0.5714285714285714	constant	0.5714285714285714	0.4285714285714286	instable	instable_no_stable_identity	instable
uv	RvY_05674-1	14	0.21428571428571427	0.21428571428571427	0.5714285714285714	constant	0.5714285714285714	0.4285714285714286	instable	instable_no_stable_identity	instable
uv	RvY_05685-1	14	0.42857142857142855	0	0.5714285714285714	constant	0.5714285714285714	0.4285714285714286	instable	instable_no_stable_identity	instable
uv	RvY_05699-1	14	0.14285714285714285	0.2857142857142857	0.5714285714285714	constant	0.5714285714285714	0.4285714285714286	instable	instable_no_stable_identity	instable
uv	RvY_05701-1	14	0.35714285714285715	0.07142857142857142	0.5714285714285714	constant	0.5714285714285714	0.4285714285714286	instable	instable_no_stable_identity	instable
uv	RvY_05745-1	14	0	0.5714285714285714	0.42857142857142855	down	0.5714285714285714	0.4285714285714286	instable	instable_no_stable_identity	instable
uv	RvY_05749-1	14	0.14285714285714285	0.2857142857142857	0.5714285714285714	constant	0.5714285714285714	0.4285714285714286	instable	instable_no_stable_identity	instable
uv	RvY_05755	14	0.14285714285714285	0.2857142857142857	0.5714285714285714	constant	0.5714285714285714	0.4285714285714286	instable	instable_no_stable_identity	instable
uv	RvY_05770-1	14	0.5714285714285714	0	0.42857142857142855	up	0.5714285714285714	0.4285714285714286	instable	instable_no_stable_identity	instable
uv	RvY_05771-1	14	0.21428571428571427	0.21428571428571427	0.5714285714285714	constant	0.5714285714285714	0.4285714285714286	instable	instable_no_stable_identity	instable
uv	RvY_05772-1	14	0	0.42857142857142855	0.5714285714285714	constant	0.5714285714285714	0.4285714285714286	instable	instable_no_stable_identity	instable
uv	RvY_05783	14	0.35714285714285715	0.07142857142857142	0.5714285714285714	constant	0.5714285714285714	0.4285714285714286	instable	instable_no_stable_identity	instable
uv	RvY_05785-1	14	0.21428571428571427	0.21428571428571427	0.5714285714285714	constant	0.5714285714285714	0.4285714285714286	instable	instable_no_stable_identity	instable
uv	RvY_05793-1	14	0	0.5714285714285714	0.42857142857142855	down	0.5714285714285714	0.4285714285714286	instable	instable_no_stable_identity	instable
uv	RvY_05799-1	14	0.07142857142857142	0.35714285714285715	0.5714285714285714	constant	0.5714285714285714	0.4285714285714286	instable	instable_no_stable_identity	instable
uv	RvY_05804-1	14	0.14285714285714285	0.2857142857142857	0.5714285714285714	constant	0.5714285714285714	0.4285714285714286	instable	instable_no_stable_identity	instable
uv	RvY_05808-1	14	0.42857142857142855	0	0.5714285714285714	constant	0.5714285714285714	0.4285714285714286	instable	instable_no_stable_identity	instable
uv	RvY_05813	14	0.35714285714285715	0.07142857142857142	0.5714285714285714	constant	0.5714285714285714	0.4285714285714286	instable	instable_no_stable_identity	instable
uv	RvY_05816-1	14	0.07142857142857142	0.35714285714285715	0.5714285714285714	constant	0.5714285714285714	0.4285714285714286	instable	instable_no_stable_identity	instable
uv	RvY_05818-1	14	0.42857142857142855	0	0.5714285714285714	constant	0.5714285714285714	0.4285714285714286	instable	instable_no_stable_identity	instable
uv	RvY_05833	14	0	0.5714285714285714	0.42857142857142855	down	0.5714285714285714	0.4285714285714286	instable	instable_no_stable_identity	instable
uv	RvY_05850-1	14	0.21428571428571427	0.21428571428571427	0.5714285714285714	constant	0.5714285714285714	0.4285714285714286	instable	instable_no_stable_identity	instable
uv	RvY_05852-1	14	0	0.42857142857142855	0.5714285714285714	constant	0.5714285714285714	0.4285714285714286	instable	instable_no_stable_identity	instable
uv	RvY_05857-1	14	0.07142857142857142	0.35714285714285715	0.5714285714285714	constant	0.5714285714285714	0.4285714285714286	instable	instable_no_stable_identity	instable
uv	RvY_05860-1	14	0.21428571428571427	0.21428571428571427	0.5714285714285714	constant	0.5714285714285714	0.4285714285714286	instable	instable_no_stable_identity	instable
uv	RvY_05874-1	14	0.14285714285714285	0.2857142857142857	0.5714285714285714	constant	0.5714285714285714	0.4285714285714286	instable	instable_no_stable_identity	instable
uv	RvY_05877-1	14	0.42857142857142855	0	0.5714285714285714	constant	0.5714285714285714	0.4285714285714286	instable	instable_no_stable_identity	instable
uv	RvY_05907-1	14	0.07142857142857142	0.5714285714285714	0.35714285714285715	down	0.5714285714285714	0.4285714285714286	instable	instable_no_stable_identity	instable
uv	RvY_05911-1	14	0.42857142857142855	0	0.5714285714285714	constant	0.5714285714285714	0.4285714285714286	instable	instable_no_stable_identity	instable
uv	RvY_05914-1	14	0	0.42857142857142855	0.5714285714285714	constant	0.5714285714285714	0.4285714285714286	instable	instable_no_stable_identity	instable
uv	RvY_05917-1	14	0	0.42857142857142855	0.5714285714285714	constant	0.5714285714285714	0.4285714285714286	instable	instable_no_stable_identity	instable
uv	RvY_05932-1	14	0.5714285714285714	0	0.42857142857142855	up	0.5714285714285714	0.4285714285714286	instable	instable_no_stable_identity	instable
uv	RvY_05937-1	14	0.5714285714285714	0	0.42857142857142855	up	0.5714285714285714	0.4285714285714286	instable	instable_no_stable_identity	instable
uv	RvY_05947-1	14	0.5714285714285714	0.21428571428571427	0.21428571428571427	up	0.5714285714285714	0.4285714285714286	instable	instable_no_stable_identity	instable
uv	RvY_05959-1	14	0.5714285714285714	0	0.42857142857142855	up	0.5714285714285714	0.4285714285714286	instable	instable_no_stable_identity	instable
uv	RvY_05964	14	0.42857142857142855	0	0.5714285714285714	constant	0.5714285714285714	0.4285714285714286	instable	instable_no_stable_identity	instable
uv	RvY_05968-1	14	0.42857142857142855	0	0.5714285714285714	constant	0.5714285714285714	0.4285714285714286	instable	instable_no_stable_identity	instable
uv	RvY_05969-1	14	0.5714285714285714	0	0.42857142857142855	up	0.5714285714285714	0.4285714285714286	instable	instable_no_stable_identity	instable
uv	RvY_05970-1	14	0.42857142857142855	0	0.5714285714285714	constant	0.5714285714285714	0.4285714285714286	instable	instable_no_stable_identity	instable
uv	RvY_05978-1	14	0.21428571428571427	0.21428571428571427	0.5714285714285714	constant	0.5714285714285714	0.4285714285714286	instable	instable_no_stable_identity	instable
uv	RvY_05979-1	14	0	0.5714285714285714	0.42857142857142855	down	0.5714285714285714	0.4285714285714286	instable	instable_no_stable_identity	instable
uv	RvY_05984-1	14	0	0.5714285714285714	0.42857142857142855	down	0.5714285714285714	0.4285714285714286	instable	instable_no_stable_identity	instable
uv	RvY_05991-1	14	0.21428571428571427	0.21428571428571427	0.5714285714285714	constant	0.5714285714285714	0.4285714285714286	instable	instable_no_stable_identity	instable
uv	RvY_06008-1	14	0.5714285714285714	0	0.42857142857142855	up	0.5714285714285714	0.4285714285714286	instable	instable_no_stable_identity	instable
uv	RvY_06028-1	14	0.42857142857142855	0	0.5714285714285714	constant	0.5714285714285714	0.4285714285714286	instable	instable_no_stable_identity	instable
uv	RvY_06032-1	14	0.5714285714285714	0.07142857142857142	0.35714285714285715	up	0.5714285714285714	0.4285714285714286	instable	instable_no_stable_identity	instable
uv	RvY_06046-1	14	0.07142857142857142	0.35714285714285715	0.5714285714285714	constant	0.5714285714285714	0.4285714285714286	instable	instable_no_stable_identity	instable
uv	RvY_06063-1	14	0.2857142857142857	0.14285714285714285	0.5714285714285714	constant	0.5714285714285714	0.4285714285714286	instable	instable_no_stable_identity	instable
uv	RvY_06064-1	14	0.42857142857142855	0	0.5714285714285714	constant	0.5714285714285714	0.4285714285714286	instable	instable_no_stable_identity	instable
uv	RvY_06069-1	14	0.07142857142857142	0.35714285714285715	0.5714285714285714	constant	0.5714285714285714	0.4285714285714286	instable	instable_no_stable_identity	instable
uv	RvY_06072	14	0.2857142857142857	0.14285714285714285	0.5714285714285714	constant	0.5714285714285714	0.4285714285714286	instable	instable_no_stable_identity	instable
uv	RvY_06074-1	14	0	0.42857142857142855	0.5714285714285714	constant	0.5714285714285714	0.4285714285714286	instable	instable_no_stable_identity	instable
uv	RvY_06081	14	0.5714285714285714	0	0.42857142857142855	up	0.5714285714285714	0.4285714285714286	instable	instable_no_stable_identity	instable
uv	RvY_06084-1	14	0.35714285714285715	0.07142857142857142	0.5714285714285714	constant	0.5714285714285714	0.4285714285714286	instable	instable_no_stable_identity	instable
uv	RvY_06101-1	14	0	0.42857142857142855	0.5714285714285714	constant	0.5714285714285714	0.4285714285714286	instable	instable_no_stable_identity	instable
uv	RvY_06120-1	14	0	0.5714285714285714	0.42857142857142855	down	0.5714285714285714	0.4285714285714286	instable	instable_no_stable_identity	instable
uv	RvY_06122-1	14	0	0.42857142857142855	0.5714285714285714	constant	0.5714285714285714	0.4285714285714286	instable	instable_no_stable_identity	instable
uv	RvY_06128	14	0.42857142857142855	0	0.5714285714285714	constant	0.5714285714285714	0.4285714285714286	instable	instable_no_stable_identity	instable
uv	RvY_06137-1	14	0	0.5714285714285714	0.42857142857142855	down	0.5714285714285714	0.4285714285714286	instable	instable_no_stable_identity	instable
uv	RvY_06142-1	14	0	0.5714285714285714	0.42857142857142855	down	0.5714285714285714	0.4285714285714286	instable	instable_no_stable_identity	instable
uv	RvY_06154	14	0.07142857142857142	0.35714285714285715	0.5714285714285714	constant	0.5714285714285714	0.4285714285714286	instable	instable_no_stable_identity	instable
uv	RvY_06155-1	14	0	0.5714285714285714	0.42857142857142855	down	0.5714285714285714	0.4285714285714286	instable	instable_no_stable_identity	instable
uv	RvY_06173-1	14	0	0.42857142857142855	0.5714285714285714	constant	0.5714285714285714	0.4285714285714286	instable	instable_no_stable_identity	instable
uv	RvY_06193-1	14	0	0.5714285714285714	0.42857142857142855	down	0.5714285714285714	0.4285714285714286	instable	instable_no_stable_identity	instable
uv	RvY_06201-1	14	0.14285714285714285	0.5714285714285714	0.2857142857142857	down	0.5714285714285714	0.4285714285714286	instable	instable_no_stable_identity	instable
uv	RvY_06216-1	14	0.21428571428571427	0.5714285714285714	0.21428571428571427	down	0.5714285714285714	0.4285714285714286	instable	instable_no_stable_identity	instable
uv	RvY_06217-1	14	0.2857142857142857	0.14285714285714285	0.5714285714285714	constant	0.5714285714285714	0.4285714285714286	instable	instable_no_stable_identity	instable
uv	RvY_06222-1	14	0.07142857142857142	0.5714285714285714	0.35714285714285715	down	0.5714285714285714	0.4285714285714286	instable	instable_no_stable_identity	instable
uv	RvY_06227-1	14	0	0.5714285714285714	0.42857142857142855	down	0.5714285714285714	0.4285714285714286	instable	instable_no_stable_identity	instable
uv	RvY_06251-1	14	0	0.5714285714285714	0.42857142857142855	down	0.5714285714285714	0.4285714285714286	instable	instable_no_stable_identity	instable
uv	RvY_06259	14	0.07142857142857142	0.5714285714285714	0.35714285714285715	down	0.5714285714285714	0.4285714285714286	instable	instable_no_stable_identity	instable
uv	RvY_06268	14	0.2857142857142857	0.14285714285714285	0.5714285714285714	constant	0.5714285714285714	0.4285714285714286	instable	instable_no_stable_identity	instable
uv	RvY_06270	14	0.42857142857142855	0	0.5714285714285714	constant	0.5714285714285714	0.4285714285714286	instable	instable_no_stable_identity	instable
uv	RvY_06273	14	0.5714285714285714	0	0.42857142857142855	up	0.5714285714285714	0.4285714285714286	instable	instable_no_stable_identity	instable
uv	RvY_06291-1	14	0.5714285714285714	0	0.42857142857142855	up	0.5714285714285714	0.4285714285714286	instable	instable_no_stable_identity	instable
uv	RvY_06300-1	14	0.35714285714285715	0.07142857142857142	0.5714285714285714	constant	0.5714285714285714	0.4285714285714286	instable	instable_no_stable_identity	instable
uv	RvY_06306-1	14	0	0.5714285714285714	0.42857142857142855	down	0.5714285714285714	0.4285714285714286	instable	instable_no_stable_identity	instable
uv	RvY_06309	14	0	0.5714285714285714	0.42857142857142855	down	0.5714285714285714	0.4285714285714286	instable	instable_no_stable_identity	instable
uv	RvY_06310-1	14	0.07142857142857142	0.35714285714285715	0.5714285714285714	constant	0.5714285714285714	0.4285714285714286	instable	instable_no_stable_identity	instable
uv	RvY_06326-1	14	0.5714285714285714	0	0.42857142857142855	up	0.5714285714285714	0.4285714285714286	instable	instable_no_stable_identity	instable
uv	RvY_06327-1	14	0.14285714285714285	0.2857142857142857	0.5714285714285714	constant	0.5714285714285714	0.4285714285714286	instable	instable_no_stable_identity	instable
uv	RvY_06335-1	14	0	0.42857142857142855	0.5714285714285714	constant	0.5714285714285714	0.4285714285714286	instable	instable_no_stable_identity	instable
uv	RvY_06339-1	14	0.14285714285714285	0.2857142857142857	0.5714285714285714	constant	0.5714285714285714	0.4285714285714286	instable	instable_no_stable_identity	instable
uv	RvY_06346	14	0.5714285714285714	0	0.42857142857142855	up	0.5714285714285714	0.4285714285714286	instable	instable_no_stable_identity	instable
uv	RvY_06347-2	14	0.42857142857142855	0	0.5714285714285714	constant	0.5714285714285714	0.4285714285714286	instable	instable_no_stable_identity	instable
uv	RvY_06348	14	0.07142857142857142	0.5714285714285714	0.35714285714285715	down	0.5714285714285714	0.4285714285714286	instable	instable_no_stable_identity	instable
uv	RvY_06361-1	14	0.5714285714285714	0.07142857142857142	0.35714285714285715	up	0.5714285714285714	0.4285714285714286	instable	instable_no_stable_identity	instable
uv	RvY_06370-1	14	0.2857142857142857	0.14285714285714285	0.5714285714285714	constant	0.5714285714285714	0.4285714285714286	instable	instable_no_stable_identity	instable
uv	RvY_06373-1	14	0.35714285714285715	0.07142857142857142	0.5714285714285714	constant	0.5714285714285714	0.4285714285714286	instable	instable_no_stable_identity	instable
uv	RvY_06374-1	14	0.42857142857142855	0	0.5714285714285714	constant	0.5714285714285714	0.4285714285714286	instable	instable_no_stable_identity	instable
uv	RvY_06381-1	14	0.42857142857142855	0	0.5714285714285714	constant	0.5714285714285714	0.4285714285714286	instable	instable_no_stable_identity	instable
uv	RvY_06395-1	14	0.07142857142857142	0.35714285714285715	0.5714285714285714	constant	0.5714285714285714	0.4285714285714286	instable	instable_no_stable_identity	instable
uv	RvY_06399-1	14	0.42857142857142855	0	0.5714285714285714	constant	0.5714285714285714	0.4285714285714286	instable	instable_no_stable_identity	instable
uv	RvY_06402	14	0.42857142857142855	0	0.5714285714285714	constant	0.5714285714285714	0.4285714285714286	instable	instable_no_stable_identity	instable
uv	RvY_06404-1	14	0.35714285714285715	0.07142857142857142	0.5714285714285714	constant	0.5714285714285714	0.4285714285714286	instable	instable_no_stable_identity	instable
uv	RvY_06406	14	0.5714285714285714	0.07142857142857142	0.35714285714285715	up	0.5714285714285714	0.4285714285714286	instable	instable_no_stable_identity	instable
uv	RvY_06452-1	14	0.42857142857142855	0	0.5714285714285714	constant	0.5714285714285714	0.4285714285714286	instable	instable_no_stable_identity	instable
uv	RvY_06453-1	14	0.42857142857142855	0	0.5714285714285714	constant	0.5714285714285714	0.4285714285714286	instable	instable_no_stable_identity	instable
uv	RvY_06454-1	14	0.21428571428571427	0.21428571428571427	0.5714285714285714	constant	0.5714285714285714	0.4285714285714286	instable	instable_no_stable_identity	instable
uv	RvY_06462-1	14	0.5714285714285714	0.07142857142857142	0.35714285714285715	up	0.5714285714285714	0.4285714285714286	instable	instable_no_stable_identity	instable
uv	RvY_06480-1	14	0.42857142857142855	0	0.5714285714285714	constant	0.5714285714285714	0.4285714285714286	instable	instable_no_stable_identity	instable
uv	RvY_06492-1	14	0.42857142857142855	0	0.5714285714285714	constant	0.5714285714285714	0.4285714285714286	instable	instable_no_stable_identity	instable
uv	RvY_06530-1	14	0	0.42857142857142855	0.5714285714285714	constant	0.5714285714285714	0.4285714285714286	instable	instable_no_stable_identity	instable
uv	RvY_06533-1	14	0	0.42857142857142855	0.5714285714285714	constant	0.5714285714285714	0.4285714285714286	instable	instable_no_stable_identity	instable
uv	RvY_06540-1	14	0.5714285714285714	0.42857142857142855	0	up	0.5714285714285714	0.4285714285714286	instable	instable_no_stable_identity	instable
uv	RvY_06545-1	14	0.07142857142857142	0.5714285714285714	0.35714285714285715	down	0.5714285714285714	0.4285714285714286	instable	instable_no_stable_identity	instable
uv	RvY_06556-1	14	0.5714285714285714	0	0.42857142857142855	up	0.5714285714285714	0.4285714285714286	instable	instable_no_stable_identity	instable
uv	RvY_06560-1	14	0.21428571428571427	0.5714285714285714	0.21428571428571427	down	0.5714285714285714	0.4285714285714286	instable	instable_no_stable_identity	instable
uv	RvY_06562-1	14	0	0.42857142857142855	0.5714285714285714	constant	0.5714285714285714	0.4285714285714286	instable	instable_no_stable_identity	instable
uv	RvY_06577	14	0.5714285714285714	0	0.42857142857142855	up	0.5714285714285714	0.4285714285714286	instable	instable_no_stable_identity	instable
uv	RvY_06582-1	14	0	0.42857142857142855	0.5714285714285714	constant	0.5714285714285714	0.4285714285714286	instable	instable_no_stable_identity	instable
uv	RvY_06584-1	14	0.35714285714285715	0.07142857142857142	0.5714285714285714	constant	0.5714285714285714	0.4285714285714286	instable	instable_no_stable_identity	instable
uv	RvY_06591-1	14	0	0.5714285714285714	0.42857142857142855	down	0.5714285714285714	0.4285714285714286	instable	instable_no_stable_identity	instable
uv	RvY_06597-1	14	0.21428571428571427	0.21428571428571427	0.5714285714285714	constant	0.5714285714285714	0.4285714285714286	instable	instable_no_stable_identity	instable
uv	RvY_06600-1	14	0	0.5714285714285714	0.42857142857142855	down	0.5714285714285714	0.4285714285714286	instable	instable_no_stable_identity	instable
uv	RvY_06609-1	14	0.5714285714285714	0	0.42857142857142855	up	0.5714285714285714	0.4285714285714286	instable	instable_no_stable_identity	instable
uv	RvY_06610-1	14	0.14285714285714285	0.2857142857142857	0.5714285714285714	constant	0.5714285714285714	0.4285714285714286	instable	instable_no_stable_identity	instable
uv	RvY_06639-1	14	0.42857142857142855	0	0.5714285714285714	constant	0.5714285714285714	0.4285714285714286	instable	instable_no_stable_identity	instable
uv	RvY_06660-1	14	0.21428571428571427	0.21428571428571427	0.5714285714285714	constant	0.5714285714285714	0.4285714285714286	instable	instable_no_stable_identity	instable
uv	RvY_06664-1	14	0.21428571428571427	0.5714285714285714	0.21428571428571427	down	0.5714285714285714	0.4285714285714286	instable	instable_no_stable_identity	instable
uv	RvY_06672-1	14	0.14285714285714285	0.2857142857142857	0.5714285714285714	constant	0.5714285714285714	0.4285714285714286	instable	instable_no_stable_identity	instable
uv	RvY_06697-1	14	0.5714285714285714	0	0.42857142857142855	up	0.5714285714285714	0.4285714285714286	instable	instable_no_stable_identity	instable
uv	RvY_06709-1	14	0.2857142857142857	0.14285714285714285	0.5714285714285714	constant	0.5714285714285714	0.4285714285714286	instable	instable_no_stable_identity	instable
uv	RvY_06719	14	0.35714285714285715	0.07142857142857142	0.5714285714285714	constant	0.5714285714285714	0.4285714285714286	instable	instable_no_stable_identity	instable
uv	RvY_06725-1	14	0.2857142857142857	0.14285714285714285	0.5714285714285714	constant	0.5714285714285714	0.4285714285714286	instable	instable_no_stable_identity	instable
uv	RvY_06731-1	14	0.21428571428571427	0.21428571428571427	0.5714285714285714	constant	0.5714285714285714	0.4285714285714286	instable	instable_no_stable_identity	instable
uv	RvY_06754-1	14	0.5714285714285714	0	0.42857142857142855	up	0.5714285714285714	0.4285714285714286	instable	instable_no_stable_identity	instable
uv	RvY_06820-1	14	0	0.5714285714285714	0.42857142857142855	down	0.5714285714285714	0.4285714285714286	instable	instable_no_stable_identity	instable
uv	RvY_06823-1	14	0.07142857142857142	0.35714285714285715	0.5714285714285714	constant	0.5714285714285714	0.4285714285714286	instable	instable_no_stable_identity	instable
uv	RvY_06840-1	14	0.2857142857142857	0.14285714285714285	0.5714285714285714	constant	0.5714285714285714	0.4285714285714286	instable	instable_no_stable_identity	instable
uv	RvY_06843	14	0	0.5714285714285714	0.42857142857142855	down	0.5714285714285714	0.4285714285714286	instable	instable_no_stable_identity	instable
uv	RvY_06844-1	14	0.35714285714285715	0.07142857142857142	0.5714285714285714	constant	0.5714285714285714	0.4285714285714286	instable	instable_no_stable_identity	instable
uv	RvY_06849-1	14	0.2857142857142857	0.14285714285714285	0.5714285714285714	constant	0.5714285714285714	0.4285714285714286	instable	instable_no_stable_identity	instable
uv	RvY_06856	14	0.5714285714285714	0	0.42857142857142855	up	0.5714285714285714	0.4285714285714286	instable	instable_no_stable_identity	instable
uv	RvY_06862-1	14	0.35714285714285715	0.07142857142857142	0.5714285714285714	constant	0.5714285714285714	0.4285714285714286	instable	instable_no_stable_identity	instable
uv	RvY_06866-1	14	0.14285714285714285	0.2857142857142857	0.5714285714285714	constant	0.5714285714285714	0.4285714285714286	instable	instable_no_stable_identity	instable
uv	RvY_06868-1	14	0.35714285714285715	0.07142857142857142	0.5714285714285714	constant	0.5714285714285714	0.4285714285714286	instable	instable_no_stable_identity	instable
uv	RvY_06873-1	14	0.5714285714285714	0	0.42857142857142855	up	0.5714285714285714	0.4285714285714286	instable	instable_no_stable_identity	instable
uv	RvY_06883-1	14	0.42857142857142855	0	0.5714285714285714	constant	0.5714285714285714	0.4285714285714286	instable	instable_no_stable_identity	instable
uv	RvY_06892-1	14	0	0.42857142857142855	0.5714285714285714	constant	0.5714285714285714	0.4285714285714286	instable	instable_no_stable_identity	instable
uv	RvY_06904	14	0.42857142857142855	0	0.5714285714285714	constant	0.5714285714285714	0.4285714285714286	instable	instable_no_stable_identity	instable
uv	RvY_06905-1	14	0.21428571428571427	0.21428571428571427	0.5714285714285714	constant	0.5714285714285714	0.4285714285714286	instable	instable_no_stable_identity	instable
uv	RvY_06919-1	14	0.35714285714285715	0.07142857142857142	0.5714285714285714	constant	0.5714285714285714	0.4285714285714286	instable	instable_no_stable_identity	instable
uv	RvY_06925-1	14	0.07142857142857142	0.35714285714285715	0.5714285714285714	constant	0.5714285714285714	0.4285714285714286	instable	instable_no_stable_identity	instable
uv	RvY_06938-1	14	0	0.5714285714285714	0.42857142857142855	down	0.5714285714285714	0.4285714285714286	instable	instable_no_stable_identity	instable
uv	RvY_06953-1	14	0.42857142857142855	0	0.5714285714285714	constant	0.5714285714285714	0.4285714285714286	instable	instable_no_stable_identity	instable
uv	RvY_06960	14	0.5714285714285714	0	0.42857142857142855	up	0.5714285714285714	0.4285714285714286	instable	instable_no_stable_identity	instable
uv	RvY_06963-1	14	0.5714285714285714	0	0.42857142857142855	up	0.5714285714285714	0.4285714285714286	instable	instable_no_stable_identity	instable
uv	RvY_06965-1	14	0	0.5714285714285714	0.42857142857142855	down	0.5714285714285714	0.4285714285714286	instable	instable_no_stable_identity	instable
uv	RvY_06977-1	14	0	0.5714285714285714	0.42857142857142855	down	0.5714285714285714	0.4285714285714286	instable	instable_no_stable_identity	instable
uv	RvY_06979-1	14	0.35714285714285715	0.07142857142857142	0.5714285714285714	constant	0.5714285714285714	0.4285714285714286	instable	instable_no_stable_identity	instable
uv	RvY_07000-1	14	0	0.42857142857142855	0.5714285714285714	constant	0.5714285714285714	0.4285714285714286	instable	instable_no_stable_identity	instable
uv	RvY_07001-1	14	0	0.5714285714285714	0.42857142857142855	down	0.5714285714285714	0.4285714285714286	instable	instable_no_stable_identity	instable
uv	RvY_07014-1	14	0	0.42857142857142855	0.5714285714285714	constant	0.5714285714285714	0.4285714285714286	instable	instable_no_stable_identity	instable
uv	RvY_07017-1	14	0.2857142857142857	0.14285714285714285	0.5714285714285714	constant	0.5714285714285714	0.4285714285714286	instable	instable_no_stable_identity	instable
uv	RvY_07027-1	14	0.35714285714285715	0.07142857142857142	0.5714285714285714	constant	0.5714285714285714	0.4285714285714286	instable	instable_no_stable_identity	instable
uv	RvY_07030-1	14	0.2857142857142857	0.14285714285714285	0.5714285714285714	constant	0.5714285714285714	0.4285714285714286	instable	instable_no_stable_identity	instable
uv	RvY_07031-1	14	0	0.42857142857142855	0.5714285714285714	constant	0.5714285714285714	0.4285714285714286	instable	instable_no_stable_identity	instable
uv	RvY_07039-1	14	0	0.42857142857142855	0.5714285714285714	constant	0.5714285714285714	0.4285714285714286	instable	instable_no_stable_identity	instable
uv	RvY_07040	14	0.5714285714285714	0	0.42857142857142855	up	0.5714285714285714	0.4285714285714286	instable	instable_no_stable_identity	instable
uv	RvY_07044-1	14	0.2857142857142857	0.14285714285714285	0.5714285714285714	constant	0.5714285714285714	0.4285714285714286	instable	instable_no_stable_identity	instable
uv	RvY_07051-1	14	0.5714285714285714	0	0.42857142857142855	up	0.5714285714285714	0.4285714285714286	instable	instable_no_stable_identity	instable
uv	RvY_07064-1	14	0	0.42857142857142855	0.5714285714285714	constant	0.5714285714285714	0.4285714285714286	instable	instable_no_stable_identity	instable
uv	RvY_07075-1	14	0.5714285714285714	0.07142857142857142	0.35714285714285715	up	0.5714285714285714	0.4285714285714286	instable	instable_no_stable_identity	instable
uv	RvY_07076-1	14	0.42857142857142855	0	0.5714285714285714	constant	0.5714285714285714	0.4285714285714286	instable	instable_no_stable_identity	instable
uv	RvY_07082-1	14	0.07142857142857142	0.35714285714285715	0.5714285714285714	constant	0.5714285714285714	0.4285714285714286	instable	instable_no_stable_identity	instable
uv	RvY_07092-1	14	0.2857142857142857	0.14285714285714285	0.5714285714285714	constant	0.5714285714285714	0.4285714285714286	instable	instable_no_stable_identity	instable
uv	RvY_07102-1	14	0.35714285714285715	0.07142857142857142	0.5714285714285714	constant	0.5714285714285714	0.4285714285714286	instable	instable_no_stable_identity	instable
uv	RvY_07117-1	14	0.5714285714285714	0	0.42857142857142855	up	0.5714285714285714	0.4285714285714286	instable	instable_no_stable_identity	instable
uv	RvY_07122	14	0	0.42857142857142855	0.5714285714285714	constant	0.5714285714285714	0.4285714285714286	instable	instable_no_stable_identity	instable
uv	RvY_07129-1	14	0.07142857142857142	0.35714285714285715	0.5714285714285714	constant	0.5714285714285714	0.4285714285714286	instable	instable_no_stable_identity	instable
uv	RvY_07138-1	14	0.42857142857142855	0	0.5714285714285714	constant	0.5714285714285714	0.4285714285714286	instable	instable_no_stable_identity	instable
uv	RvY_07147-1	14	0.42857142857142855	0	0.5714285714285714	constant	0.5714285714285714	0.4285714285714286	instable	instable_no_stable_identity	instable
uv	RvY_07154-1	14	0.5714285714285714	0.14285714285714285	0.2857142857142857	up	0.5714285714285714	0.4285714285714286	instable	instable_no_stable_identity	instable
uv	RvY_07156	14	0.5714285714285714	0.07142857142857142	0.35714285714285715	up	0.5714285714285714	0.4285714285714286	instable	instable_no_stable_identity	instable
uv	RvY_07157-1	14	0.5714285714285714	0.07142857142857142	0.35714285714285715	up	0.5714285714285714	0.4285714285714286	instable	instable_no_stable_identity	instable
uv	RvY_07164-1	14	0.42857142857142855	0	0.5714285714285714	constant	0.5714285714285714	0.4285714285714286	instable	instable_no_stable_identity	instable
uv	RvY_07165-1	14	0.2857142857142857	0.14285714285714285	0.5714285714285714	constant	0.5714285714285714	0.4285714285714286	instable	instable_no_stable_identity	instable
uv	RvY_07171-1	14	0	0.5714285714285714	0.42857142857142855	down	0.5714285714285714	0.4285714285714286	instable	instable_no_stable_identity	instable
uv	RvY_07172-1	14	0.42857142857142855	0	0.5714285714285714	constant	0.5714285714285714	0.4285714285714286	instable	instable_no_stable_identity	instable
uv	RvY_07173-1	14	0	0.5714285714285714	0.42857142857142855	down	0.5714285714285714	0.4285714285714286	instable	instable_no_stable_identity	instable
uv	RvY_07174-1	14	0.14285714285714285	0.2857142857142857	0.5714285714285714	constant	0.5714285714285714	0.4285714285714286	instable	instable_no_stable_identity	instable
uv	RvY_07179-1	14	0.5714285714285714	0	0.42857142857142855	up	0.5714285714285714	0.4285714285714286	instable	instable_no_stable_identity	instable
uv	RvY_07189-1	14	0.07142857142857142	0.35714285714285715	0.5714285714285714	constant	0.5714285714285714	0.4285714285714286	instable	instable_no_stable_identity	instable
uv	RvY_07194	14	0.21428571428571427	0.5714285714285714	0.21428571428571427	down	0.5714285714285714	0.4285714285714286	instable	instable_no_stable_identity	instable
uv	RvY_07197	14	0.35714285714285715	0.07142857142857142	0.5714285714285714	constant	0.5714285714285714	0.4285714285714286	instable	instable_no_stable_identity	instable
uv	RvY_07217-1	14	0.5714285714285714	0.07142857142857142	0.35714285714285715	up	0.5714285714285714	0.4285714285714286	instable	instable_no_stable_identity	instable
uv	RvY_07218-1	14	0.5714285714285714	0.07142857142857142	0.35714285714285715	up	0.5714285714285714	0.4285714285714286	instable	instable_no_stable_identity	instable
uv	RvY_07219	14	0	0.42857142857142855	0.5714285714285714	constant	0.5714285714285714	0.4285714285714286	instable	instable_no_stable_identity	instable
uv	RvY_07226-1	14	0	0.5714285714285714	0.42857142857142855	down	0.5714285714285714	0.4285714285714286	instable	instable_no_stable_identity	instable
uv	RvY_07229-1	14	0	0.42857142857142855	0.5714285714285714	constant	0.5714285714285714	0.4285714285714286	instable	instable_no_stable_identity	instable
uv	RvY_07231-1	14	0.42857142857142855	0	0.5714285714285714	constant	0.5714285714285714	0.4285714285714286	instable	instable_no_stable_identity	instable
uv	RvY_07234-1	14	0	0.5714285714285714	0.42857142857142855	down	0.5714285714285714	0.4285714285714286	instable	instable_no_stable_identity	instable
uv	RvY_07240-1	14	0.5714285714285714	0	0.42857142857142855	up	0.5714285714285714	0.4285714285714286	instable	instable_no_stable_identity	instable
uv	RvY_07241-1	14	0	0.5714285714285714	0.42857142857142855	down	0.5714285714285714	0.4285714285714286	instable	instable_no_stable_identity	instable
uv	RvY_07245-1	14	0.2857142857142857	0.5714285714285714	0.14285714285714285	down	0.5714285714285714	0.4285714285714286	instable	instable_no_stable_identity	instable
uv	RvY_07252-1	14	0.42857142857142855	0	0.5714285714285714	constant	0.5714285714285714	0.4285714285714286	instable	instable_no_stable_identity	instable
uv	RvY_07279	14	0.5714285714285714	0.07142857142857142	0.35714285714285715	up	0.5714285714285714	0.4285714285714286	instable	instable_no_stable_identity	instable
uv	RvY_07282-1	14	0.07142857142857142	0.5714285714285714	0.35714285714285715	down	0.5714285714285714	0.4285714285714286	instable	instable_no_stable_identity	instable
uv	RvY_07285-1	14	0.07142857142857142	0.35714285714285715	0.5714285714285714	constant	0.5714285714285714	0.4285714285714286	instable	instable_no_stable_identity	instable
uv	RvY_07287	14	0	0.42857142857142855	0.5714285714285714	constant	0.5714285714285714	0.4285714285714286	instable	instable_no_stable_identity	instable
uv	RvY_07290-1	14	0.07142857142857142	0.5714285714285714	0.35714285714285715	down	0.5714285714285714	0.4285714285714286	instable	instable_no_stable_identity	instable
uv	RvY_07294-1	14	0	0.5714285714285714	0.42857142857142855	down	0.5714285714285714	0.4285714285714286	instable	instable_no_stable_identity	instable
uv	RvY_07299	14	0.42857142857142855	0	0.5714285714285714	constant	0.5714285714285714	0.4285714285714286	instable	instable_no_stable_identity	instable
uv	RvY_07301-1	14	0.42857142857142855	0	0.5714285714285714	constant	0.5714285714285714	0.4285714285714286	instable	instable_no_stable_identity	instable
uv	RvY_07317-1	14	0.2857142857142857	0.14285714285714285	0.5714285714285714	constant	0.5714285714285714	0.4285714285714286	instable	instable_no_stable_identity	instable
uv	RvY_07326	14	0.5714285714285714	0	0.42857142857142855	up	0.5714285714285714	0.4285714285714286	instable	instable_no_stable_identity	instable
uv	RvY_07329-1	14	0.5714285714285714	0.14285714285714285	0.2857142857142857	up	0.5714285714285714	0.4285714285714286	instable	instable_no_stable_identity	instable
uv	RvY_07337	14	0.42857142857142855	0	0.5714285714285714	constant	0.5714285714285714	0.4285714285714286	instable	instable_no_stable_identity	instable
uv	RvY_07339-1	14	0.42857142857142855	0	0.5714285714285714	constant	0.5714285714285714	0.4285714285714286	instable	instable_no_stable_identity	instable
uv	RvY_07340-1	14	0.5714285714285714	0	0.42857142857142855	up	0.5714285714285714	0.4285714285714286	instable	instable_no_stable_identity	instable
uv	RvY_07345-1	14	0.42857142857142855	0	0.5714285714285714	constant	0.5714285714285714	0.4285714285714286	instable	instable_no_stable_identity	instable
uv	RvY_07349	14	0	0.42857142857142855	0.5714285714285714	constant	0.5714285714285714	0.4285714285714286	instable	instable_no_stable_identity	instable
uv	RvY_07361-1	14	0.42857142857142855	0	0.5714285714285714	constant	0.5714285714285714	0.4285714285714286	instable	instable_no_stable_identity	instable
uv	RvY_07362-1	14	0.14285714285714285	0.5714285714285714	0.2857142857142857	down	0.5714285714285714	0.4285714285714286	instable	instable_no_stable_identity	instable
uv	RvY_07367-1	14	0.5714285714285714	0	0.42857142857142855	up	0.5714285714285714	0.4285714285714286	instable	instable_no_stable_identity	instable
uv	RvY_07368	14	0.42857142857142855	0	0.5714285714285714	constant	0.5714285714285714	0.4285714285714286	instable	instable_no_stable_identity	instable
uv	RvY_07370-1	14	0.07142857142857142	0.35714285714285715	0.5714285714285714	constant	0.5714285714285714	0.4285714285714286	instable	instable_no_stable_identity	instable
uv	RvY_07371-1	14	0.42857142857142855	0	0.5714285714285714	constant	0.5714285714285714	0.4285714285714286	instable	instable_no_stable_identity	instable
uv	RvY_07384-1	14	0.07142857142857142	0.5714285714285714	0.35714285714285715	down	0.5714285714285714	0.4285714285714286	instable	instable_no_stable_identity	instable
uv	RvY_07387-1	14	0	0.5714285714285714	0.42857142857142855	down	0.5714285714285714	0.4285714285714286	instable	instable_no_stable_identity	instable
uv	RvY_07429-1	14	0.5714285714285714	0	0.42857142857142855	up	0.5714285714285714	0.4285714285714286	instable	instable_no_stable_identity	instable
uv	RvY_07431	14	0.14285714285714285	0.2857142857142857	0.5714285714285714	constant	0.5714285714285714	0.4285714285714286	instable	instable_no_stable_identity	instable
uv	RvY_07439	14	0.07142857142857142	0.35714285714285715	0.5714285714285714	constant	0.5714285714285714	0.4285714285714286	instable	instable_no_stable_identity	instable
uv	RvY_07443-1	14	0	0.42857142857142855	0.5714285714285714	constant	0.5714285714285714	0.4285714285714286	instable	instable_no_stable_identity	instable
uv	RvY_07447	14	0.21428571428571427	0.21428571428571427	0.5714285714285714	constant	0.5714285714285714	0.4285714285714286	instable	instable_no_stable_identity	instable
uv	RvY_07456-1	14	0.35714285714285715	0.07142857142857142	0.5714285714285714	constant	0.5714285714285714	0.4285714285714286	instable	instable_no_stable_identity	instable
uv	RvY_07472-1	14	0.14285714285714285	0.2857142857142857	0.5714285714285714	constant	0.5714285714285714	0.4285714285714286	instable	instable_no_stable_identity	instable
uv	RvY_07475-1	14	0.5714285714285714	0	0.42857142857142855	up	0.5714285714285714	0.4285714285714286	instable	instable_no_stable_identity	instable
uv	RvY_07486-1	14	0.42857142857142855	0	0.5714285714285714	constant	0.5714285714285714	0.4285714285714286	instable	instable_no_stable_identity	instable
uv	RvY_07488	14	0.2857142857142857	0.14285714285714285	0.5714285714285714	constant	0.5714285714285714	0.4285714285714286	instable	instable_no_stable_identity	instable
uv	RvY_07508-1	14	0.5714285714285714	0	0.42857142857142855	up	0.5714285714285714	0.4285714285714286	instable	instable_no_stable_identity	instable
uv	RvY_07513	14	0	0.5714285714285714	0.42857142857142855	down	0.5714285714285714	0.4285714285714286	instable	instable_no_stable_identity	instable
uv	RvY_07521	14	0.14285714285714285	0.2857142857142857	0.5714285714285714	constant	0.5714285714285714	0.4285714285714286	instable	instable_no_stable_identity	instable
uv	RvY_07527-1	14	0.21428571428571427	0.21428571428571427	0.5714285714285714	constant	0.5714285714285714	0.4285714285714286	instable	instable_no_stable_identity	instable
uv	RvY_07532-1	14	0.42857142857142855	0	0.5714285714285714	constant	0.5714285714285714	0.4285714285714286	instable	instable_no_stable_identity	instable
uv	RvY_07535	14	0.07142857142857142	0.5714285714285714	0.35714285714285715	down	0.5714285714285714	0.4285714285714286	instable	instable_no_stable_identity	instable
uv	RvY_07543-1	14	0.5714285714285714	0	0.42857142857142855	up	0.5714285714285714	0.4285714285714286	instable	instable_no_stable_identity	instable
uv	RvY_07550-1	14	0	0.42857142857142855	0.5714285714285714	constant	0.5714285714285714	0.4285714285714286	instable	instable_no_stable_identity	instable
uv	RvY_07555-1	14	0.14285714285714285	0.2857142857142857	0.5714285714285714	constant	0.5714285714285714	0.4285714285714286	instable	instable_no_stable_identity	instable
uv	RvY_07557	14	0.35714285714285715	0.07142857142857142	0.5714285714285714	constant	0.5714285714285714	0.4285714285714286	instable	instable_no_stable_identity	instable
uv	RvY_07571-1	14	0.42857142857142855	0	0.5714285714285714	constant	0.5714285714285714	0.4285714285714286	instable	instable_no_stable_identity	instable
uv	RvY_07572	14	0.35714285714285715	0.07142857142857142	0.5714285714285714	constant	0.5714285714285714	0.4285714285714286	instable	instable_no_stable_identity	instable
uv	RvY_07583-1	14	0	0.5714285714285714	0.42857142857142855	down	0.5714285714285714	0.4285714285714286	instable	instable_no_stable_identity	instable
uv	RvY_07588-1	14	0.42857142857142855	0	0.5714285714285714	constant	0.5714285714285714	0.4285714285714286	instable	instable_no_stable_identity	instable
uv	RvY_07595-1	14	0	0.42857142857142855	0.5714285714285714	constant	0.5714285714285714	0.4285714285714286	instable	instable_no_stable_identity	instable
uv	RvY_07598-1	14	0.2857142857142857	0.14285714285714285	0.5714285714285714	constant	0.5714285714285714	0.4285714285714286	instable	instable_no_stable_identity	instable
uv	RvY_07602-1	14	0.5714285714285714	0	0.42857142857142855	up	0.5714285714285714	0.4285714285714286	instable	instable_no_stable_identity	instable
uv	RvY_07603-1	14	0.07142857142857142	0.35714285714285715	0.5714285714285714	constant	0.5714285714285714	0.4285714285714286	instable	instable_no_stable_identity	instable
uv	RvY_07607-1	14	0.5714285714285714	0	0.42857142857142855	up	0.5714285714285714	0.4285714285714286	instable	instable_no_stable_identity	instable
uv	RvY_07613-1	14	0.07142857142857142	0.35714285714285715	0.5714285714285714	constant	0.5714285714285714	0.4285714285714286	instable	instable_no_stable_identity	instable
uv	RvY_07615	14	0.42857142857142855	0	0.5714285714285714	constant	0.5714285714285714	0.4285714285714286	instable	instable_no_stable_identity	instable
uv	RvY_07623-1	14	0.5714285714285714	0.07142857142857142	0.35714285714285715	up	0.5714285714285714	0.4285714285714286	instable	instable_no_stable_identity	instable
uv	RvY_07627-1	14	0.21428571428571427	0.21428571428571427	0.5714285714285714	constant	0.5714285714285714	0.4285714285714286	instable	instable_no_stable_identity	instable
uv	RvY_07631-1	14	0.5714285714285714	0	0.42857142857142855	up	0.5714285714285714	0.4285714285714286	instable	instable_no_stable_identity	instable
uv	RvY_07639-1	14	0.35714285714285715	0.07142857142857142	0.5714285714285714	constant	0.5714285714285714	0.4285714285714286	instable	instable_no_stable_identity	instable
uv	RvY_07646-1	14	0.42857142857142855	0	0.5714285714285714	constant	0.5714285714285714	0.4285714285714286	instable	instable_no_stable_identity	instable
uv	RvY_07649-1	14	0.2857142857142857	0.14285714285714285	0.5714285714285714	constant	0.5714285714285714	0.4285714285714286	instable	instable_no_stable_identity	instable
uv	RvY_07658-1	14	0	0.42857142857142855	0.5714285714285714	constant	0.5714285714285714	0.4285714285714286	instable	instable_no_stable_identity	instable
uv	RvY_07673-1	14	0.14285714285714285	0.2857142857142857	0.5714285714285714	constant	0.5714285714285714	0.4285714285714286	instable	instable_no_stable_identity	instable
uv	RvY_07677-1	14	0.42857142857142855	0	0.5714285714285714	constant	0.5714285714285714	0.4285714285714286	instable	instable_no_stable_identity	instable
uv	RvY_07687	14	0.21428571428571427	0.21428571428571427	0.5714285714285714	constant	0.5714285714285714	0.4285714285714286	instable	instable_no_stable_identity	instable
uv	RvY_07692-1	14	0	0.5714285714285714	0.42857142857142855	down	0.5714285714285714	0.4285714285714286	instable	instable_no_stable_identity	instable
uv	RvY_07696-1	14	0.5714285714285714	0.07142857142857142	0.35714285714285715	up	0.5714285714285714	0.4285714285714286	instable	instable_no_stable_identity	instable
uv	RvY_07701-1	14	0.07142857142857142	0.35714285714285715	0.5714285714285714	constant	0.5714285714285714	0.4285714285714286	instable	instable_no_stable_identity	instable
uv	RvY_07710-1	14	0.21428571428571427	0.21428571428571427	0.5714285714285714	constant	0.5714285714285714	0.4285714285714286	instable	instable_no_stable_identity	instable
uv	RvY_07726-1	14	0.42857142857142855	0	0.5714285714285714	constant	0.5714285714285714	0.4285714285714286	instable	instable_no_stable_identity	instable
uv	RvY_07735-1	14	0.5714285714285714	0.07142857142857142	0.35714285714285715	up	0.5714285714285714	0.4285714285714286	instable	instable_no_stable_identity	instable
uv	RvY_07738-1	14	0.5714285714285714	0	0.42857142857142855	up	0.5714285714285714	0.4285714285714286	instable	instable_no_stable_identity	instable
uv	RvY_07742-1	14	0.35714285714285715	0.07142857142857142	0.5714285714285714	constant	0.5714285714285714	0.4285714285714286	instable	instable_no_stable_identity	instable
uv	RvY_07752-1	14	0.5714285714285714	0	0.42857142857142855	up	0.5714285714285714	0.4285714285714286	instable	instable_no_stable_identity	instable
uv	RvY_07760-1	14	0.5714285714285714	0	0.42857142857142855	up	0.5714285714285714	0.4285714285714286	instable	instable_no_stable_identity	instable
uv	RvY_07775	14	0.2857142857142857	0.14285714285714285	0.5714285714285714	constant	0.5714285714285714	0.4285714285714286	instable	instable_no_stable_identity	instable
uv	RvY_07781-1	14	0.07142857142857142	0.35714285714285715	0.5714285714285714	constant	0.5714285714285714	0.4285714285714286	instable	instable_no_stable_identity	instable
uv	RvY_07788-1	14	0	0.42857142857142855	0.5714285714285714	constant	0.5714285714285714	0.4285714285714286	instable	instable_no_stable_identity	instable
uv	RvY_07793	14	0.42857142857142855	0	0.5714285714285714	constant	0.5714285714285714	0.4285714285714286	instable	instable_no_stable_identity	instable
uv	RvY_07795-1	14	0.07142857142857142	0.35714285714285715	0.5714285714285714	constant	0.5714285714285714	0.4285714285714286	instable	instable_no_stable_identity	instable
uv	RvY_07796-1	14	0	0.42857142857142855	0.5714285714285714	constant	0.5714285714285714	0.4285714285714286	instable	instable_no_stable_identity	instable
uv	RvY_07803-1	14	0.5714285714285714	0	0.42857142857142855	up	0.5714285714285714	0.4285714285714286	instable	instable_no_stable_identity	instable
uv	RvY_07810-1	14	0.07142857142857142	0.35714285714285715	0.5714285714285714	constant	0.5714285714285714	0.4285714285714286	instable	instable_no_stable_identity	instable
uv	RvY_07812-1	14	0.2857142857142857	0.14285714285714285	0.5714285714285714	constant	0.5714285714285714	0.4285714285714286	instable	instable_no_stable_identity	instable
uv	RvY_07832-1	14	0.35714285714285715	0.07142857142857142	0.5714285714285714	constant	0.5714285714285714	0.4285714285714286	instable	instable_no_stable_identity	instable
uv	RvY_07833-1	14	0.2857142857142857	0.14285714285714285	0.5714285714285714	constant	0.5714285714285714	0.4285714285714286	instable	instable_no_stable_identity	instable
uv	RvY_07844-1	14	0.35714285714285715	0.07142857142857142	0.5714285714285714	constant	0.5714285714285714	0.4285714285714286	instable	instable_no_stable_identity	instable
uv	RvY_07857-1	14	0.42857142857142855	0	0.5714285714285714	constant	0.5714285714285714	0.4285714285714286	instable	instable_no_stable_identity	instable
uv	RvY_07860-1	14	0.07142857142857142	0.35714285714285715	0.5714285714285714	constant	0.5714285714285714	0.4285714285714286	instable	instable_no_stable_identity	instable
uv	RvY_07864-1	14	0.14285714285714285	0.2857142857142857	0.5714285714285714	constant	0.5714285714285714	0.4285714285714286	instable	instable_no_stable_identity	instable
uv	RvY_07871-1	14	0	0.42857142857142855	0.5714285714285714	constant	0.5714285714285714	0.4285714285714286	instable	instable_no_stable_identity	instable
uv	RvY_07879-1	14	0.2857142857142857	0.14285714285714285	0.5714285714285714	constant	0.5714285714285714	0.4285714285714286	instable	instable_no_stable_identity	instable
uv	RvY_07893-1	14	0.14285714285714285	0.2857142857142857	0.5714285714285714	constant	0.5714285714285714	0.4285714285714286	instable	instable_no_stable_identity	instable
uv	RvY_07894	14	0.2857142857142857	0.14285714285714285	0.5714285714285714	constant	0.5714285714285714	0.4285714285714286	instable	instable_no_stable_identity	instable
uv	RvY_07895-1	14	0	0.42857142857142855	0.5714285714285714	constant	0.5714285714285714	0.4285714285714286	instable	instable_no_stable_identity	instable
uv	RvY_07899-1	14	0.35714285714285715	0.07142857142857142	0.5714285714285714	constant	0.5714285714285714	0.4285714285714286	instable	instable_no_stable_identity	instable
uv	RvY_07904	14	0.35714285714285715	0.5714285714285714	0.07142857142857142	down	0.5714285714285714	0.4285714285714286	instable	instable_no_stable_identity	instable
uv	RvY_07916-1	14	0.5714285714285714	0	0.42857142857142855	up	0.5714285714285714	0.4285714285714286	instable	instable_no_stable_identity	instable
uv	RvY_07929-1	14	0	0.5714285714285714	0.42857142857142855	down	0.5714285714285714	0.4285714285714286	instable	instable_no_stable_identity	instable
uv	RvY_07936-1	14	0.35714285714285715	0.07142857142857142	0.5714285714285714	constant	0.5714285714285714	0.4285714285714286	instable	instable_no_stable_identity	instable
uv	RvY_07945-1	14	0.5714285714285714	0.07142857142857142	0.35714285714285715	up	0.5714285714285714	0.4285714285714286	instable	instable_no_stable_identity	instable
uv	RvY_07947	14	0.21428571428571427	0.21428571428571427	0.5714285714285714	constant	0.5714285714285714	0.4285714285714286	instable	instable_no_stable_identity	instable
uv	RvY_07951-1	14	0.42857142857142855	0	0.5714285714285714	constant	0.5714285714285714	0.4285714285714286	instable	instable_no_stable_identity	instable
uv	RvY_07955-1	14	0.35714285714285715	0.07142857142857142	0.5714285714285714	constant	0.5714285714285714	0.4285714285714286	instable	instable_no_stable_identity	instable
uv	RvY_07966	14	0.21428571428571427	0.21428571428571427	0.5714285714285714	constant	0.5714285714285714	0.4285714285714286	instable	instable_no_stable_identity	instable
uv	RvY_07977-1	14	0.42857142857142855	0	0.5714285714285714	constant	0.5714285714285714	0.4285714285714286	instable	instable_no_stable_identity	instable
uv	RvY_07978-1	14	0.2857142857142857	0.14285714285714285	0.5714285714285714	constant	0.5714285714285714	0.4285714285714286	instable	instable_no_stable_identity	instable
uv	RvY_07985-1	14	0.5714285714285714	0	0.42857142857142855	up	0.5714285714285714	0.4285714285714286	instable	instable_no_stable_identity	instable
uv	RvY_08001-1	14	0	0.5714285714285714	0.42857142857142855	down	0.5714285714285714	0.4285714285714286	instable	instable_no_stable_identity	instable
uv	RvY_08006-1	14	0.5714285714285714	0	0.42857142857142855	up	0.5714285714285714	0.4285714285714286	instable	instable_no_stable_identity	instable
uv	RvY_08009-1	14	0	0.42857142857142855	0.5714285714285714	constant	0.5714285714285714	0.4285714285714286	instable	instable_no_stable_identity	instable
uv	RvY_08021-1	14	0.2857142857142857	0.14285714285714285	0.5714285714285714	constant	0.5714285714285714	0.4285714285714286	instable	instable_no_stable_identity	instable
uv	RvY_08026-1	14	0.5714285714285714	0.14285714285714285	0.2857142857142857	up	0.5714285714285714	0.4285714285714286	instable	instable_no_stable_identity	instable
uv	RvY_08054-1	14	0	0.42857142857142855	0.5714285714285714	constant	0.5714285714285714	0.4285714285714286	instable	instable_no_stable_identity	instable
uv	RvY_08058-1	14	0.35714285714285715	0.07142857142857142	0.5714285714285714	constant	0.5714285714285714	0.4285714285714286	instable	instable_no_stable_identity	instable
uv	RvY_08061-1	14	0.21428571428571427	0.21428571428571427	0.5714285714285714	constant	0.5714285714285714	0.4285714285714286	instable	instable_no_stable_identity	instable
uv	RvY_08063-1	14	0	0.5714285714285714	0.42857142857142855	down	0.5714285714285714	0.4285714285714286	instable	instable_no_stable_identity	instable
uv	RvY_08074-1	14	0	0.42857142857142855	0.5714285714285714	constant	0.5714285714285714	0.4285714285714286	instable	instable_no_stable_identity	instable
uv	RvY_08085	14	0.14285714285714285	0.2857142857142857	0.5714285714285714	constant	0.5714285714285714	0.4285714285714286	instable	instable_no_stable_identity	instable
uv	RvY_08093-1	14	0.5714285714285714	0.07142857142857142	0.35714285714285715	up	0.5714285714285714	0.4285714285714286	instable	instable_no_stable_identity	instable
uv	RvY_08097	14	0.5714285714285714	0.07142857142857142	0.35714285714285715	up	0.5714285714285714	0.4285714285714286	instable	instable_no_stable_identity	instable
uv	RvY_08107-1	14	0.07142857142857142	0.35714285714285715	0.5714285714285714	constant	0.5714285714285714	0.4285714285714286	instable	instable_no_stable_identity	instable
uv	RvY_08116	14	0	0.42857142857142855	0.5714285714285714	constant	0.5714285714285714	0.4285714285714286	instable	instable_no_stable_identity	instable
uv	RvY_08125-1	14	0	0.42857142857142855	0.5714285714285714	constant	0.5714285714285714	0.4285714285714286	instable	instable_no_stable_identity	instable
uv	RvY_08132-1	14	0	0.42857142857142855	0.5714285714285714	constant	0.5714285714285714	0.4285714285714286	instable	instable_no_stable_identity	instable
uv	RvY_08139-1	14	0.42857142857142855	0.5714285714285714	0	down	0.5714285714285714	0.4285714285714286	instable	instable_no_stable_identity	instable
uv	RvY_08144-1	14	0.5714285714285714	0	0.42857142857142855	up	0.5714285714285714	0.4285714285714286	instable	instable_no_stable_identity	instable
uv	RvY_08148-1	14	0.07142857142857142	0.35714285714285715	0.5714285714285714	constant	0.5714285714285714	0.4285714285714286	instable	instable_no_stable_identity	instable
uv	RvY_08157-1	14	0.14285714285714285	0.2857142857142857	0.5714285714285714	constant	0.5714285714285714	0.4285714285714286	instable	instable_no_stable_identity	instable
uv	RvY_08164-1	14	0.42857142857142855	0	0.5714285714285714	constant	0.5714285714285714	0.4285714285714286	instable	instable_no_stable_identity	instable
uv	RvY_08165-1	14	0.42857142857142855	0	0.5714285714285714	constant	0.5714285714285714	0.4285714285714286	instable	instable_no_stable_identity	instable
uv	RvY_08173-1	14	0	0.5714285714285714	0.42857142857142855	down	0.5714285714285714	0.4285714285714286	instable	instable_no_stable_identity	instable
uv	RvY_08174-1	14	0.14285714285714285	0.2857142857142857	0.5714285714285714	constant	0.5714285714285714	0.4285714285714286	instable	instable_no_stable_identity	instable
uv	RvY_08181-1	14	0	0.42857142857142855	0.5714285714285714	constant	0.5714285714285714	0.4285714285714286	instable	instable_no_stable_identity	instable
uv	RvY_08185-1	14	0.2857142857142857	0.14285714285714285	0.5714285714285714	constant	0.5714285714285714	0.4285714285714286	instable	instable_no_stable_identity	instable
uv	RvY_08187-1	14	0.35714285714285715	0.07142857142857142	0.5714285714285714	constant	0.5714285714285714	0.4285714285714286	instable	instable_no_stable_identity	instable
uv	RvY_08194-1	14	0.5714285714285714	0	0.42857142857142855	up	0.5714285714285714	0.4285714285714286	instable	instable_no_stable_identity	instable
uv	RvY_08198-1	14	0	0.5714285714285714	0.42857142857142855	down	0.5714285714285714	0.4285714285714286	instable	instable_no_stable_identity	instable
uv	RvY_08201-1	14	0.14285714285714285	0.2857142857142857	0.5714285714285714	constant	0.5714285714285714	0.4285714285714286	instable	instable_no_stable_identity	instable
uv	RvY_08202-1	14	0	0.42857142857142855	0.5714285714285714	constant	0.5714285714285714	0.4285714285714286	instable	instable_no_stable_identity	instable
uv	RvY_08213-1	14	0.35714285714285715	0.07142857142857142	0.5714285714285714	constant	0.5714285714285714	0.4285714285714286	instable	instable_no_stable_identity	instable
uv	RvY_08229-1	14	0.5714285714285714	0.07142857142857142	0.35714285714285715	up	0.5714285714285714	0.4285714285714286	instable	instable_no_stable_identity	instable
uv	RvY_08230-1	14	0.35714285714285715	0.07142857142857142	0.5714285714285714	constant	0.5714285714285714	0.4285714285714286	instable	instable_no_stable_identity	instable
uv	RvY_08233-1	14	0	0.5714285714285714	0.42857142857142855	down	0.5714285714285714	0.4285714285714286	instable	instable_no_stable_identity	instable
uv	RvY_08242	14	0.5714285714285714	0	0.42857142857142855	up	0.5714285714285714	0.4285714285714286	instable	instable_no_stable_identity	instable
uv	RvY_08256-1	14	0.35714285714285715	0.07142857142857142	0.5714285714285714	constant	0.5714285714285714	0.4285714285714286	instable	instable_no_stable_identity	instable
uv	RvY_08257-1	14	0.14285714285714285	0.5714285714285714	0.2857142857142857	down	0.5714285714285714	0.4285714285714286	instable	instable_no_stable_identity	instable
uv	RvY_08269-1	14	0.07142857142857142	0.35714285714285715	0.5714285714285714	constant	0.5714285714285714	0.4285714285714286	instable	instable_no_stable_identity	instable
uv	RvY_08282-1	14	0.2857142857142857	0.14285714285714285	0.5714285714285714	constant	0.5714285714285714	0.4285714285714286	instable	instable_no_stable_identity	instable
uv	RvY_08292-1	14	0	0.42857142857142855	0.5714285714285714	constant	0.5714285714285714	0.4285714285714286	instable	instable_no_stable_identity	instable
uv	RvY_08294-1	14	0	0.5714285714285714	0.42857142857142855	down	0.5714285714285714	0.4285714285714286	instable	instable_no_stable_identity	instable
uv	RvY_08295-1	14	0.5714285714285714	0	0.42857142857142855	up	0.5714285714285714	0.4285714285714286	instable	instable_no_stable_identity	instable
uv	RvY_08296-1	14	0.35714285714285715	0.07142857142857142	0.5714285714285714	constant	0.5714285714285714	0.4285714285714286	instable	instable_no_stable_identity	instable
uv	RvY_08300-1	14	0.42857142857142855	0	0.5714285714285714	constant	0.5714285714285714	0.4285714285714286	instable	instable_no_stable_identity	instable
uv	RvY_08320-1	14	0.42857142857142855	0	0.5714285714285714	constant	0.5714285714285714	0.4285714285714286	instable	instable_no_stable_identity	instable
uv	RvY_08321-1	14	0	0.42857142857142855	0.5714285714285714	constant	0.5714285714285714	0.4285714285714286	instable	instable_no_stable_identity	instable
uv	RvY_08325-1	14	0.35714285714285715	0.07142857142857142	0.5714285714285714	constant	0.5714285714285714	0.4285714285714286	instable	instable_no_stable_identity	instable
uv	RvY_08327-1	14	0.5714285714285714	0	0.42857142857142855	up	0.5714285714285714	0.4285714285714286	instable	instable_no_stable_identity	instable
uv	RvY_08329-1	14	0.07142857142857142	0.5714285714285714	0.35714285714285715	down	0.5714285714285714	0.4285714285714286	instable	instable_no_stable_identity	instable
uv	RvY_08350-1	14	0.2857142857142857	0.14285714285714285	0.5714285714285714	constant	0.5714285714285714	0.4285714285714286	instable	instable_no_stable_identity	instable
uv	RvY_08368-1	14	0.07142857142857142	0.35714285714285715	0.5714285714285714	constant	0.5714285714285714	0.4285714285714286	instable	instable_no_stable_identity	instable
uv	RvY_08377-1	14	0.21428571428571427	0.21428571428571427	0.5714285714285714	constant	0.5714285714285714	0.4285714285714286	instable	instable_no_stable_identity	instable
uv	RvY_08381-1	14	0	0.42857142857142855	0.5714285714285714	constant	0.5714285714285714	0.4285714285714286	instable	instable_no_stable_identity	instable
uv	RvY_08391-1	14	0.07142857142857142	0.35714285714285715	0.5714285714285714	constant	0.5714285714285714	0.4285714285714286	instable	instable_no_stable_identity	instable
uv	RvY_08396-1	14	0	0.42857142857142855	0.5714285714285714	constant	0.5714285714285714	0.4285714285714286	instable	instable_no_stable_identity	instable
uv	RvY_08405	14	0	0.42857142857142855	0.5714285714285714	constant	0.5714285714285714	0.4285714285714286	instable	instable_no_stable_identity	instable
uv	RvY_08417-1	14	0.35714285714285715	0.07142857142857142	0.5714285714285714	constant	0.5714285714285714	0.4285714285714286	instable	instable_no_stable_identity	instable
uv	RvY_08448	14	0.07142857142857142	0.5714285714285714	0.35714285714285715	down	0.5714285714285714	0.4285714285714286	instable	instable_no_stable_identity	instable
uv	RvY_08459-1	14	0.42857142857142855	0	0.5714285714285714	constant	0.5714285714285714	0.4285714285714286	instable	instable_no_stable_identity	instable
uv	RvY_08463-1	14	0	0.42857142857142855	0.5714285714285714	constant	0.5714285714285714	0.4285714285714286	instable	instable_no_stable_identity	instable
uv	RvY_08485-1	14	0.42857142857142855	0	0.5714285714285714	constant	0.5714285714285714	0.4285714285714286	instable	instable_no_stable_identity	instable
uv	RvY_08503-1	14	0.07142857142857142	0.35714285714285715	0.5714285714285714	constant	0.5714285714285714	0.4285714285714286	instable	instable_no_stable_identity	instable
uv	RvY_08518-1	14	0.42857142857142855	0	0.5714285714285714	constant	0.5714285714285714	0.4285714285714286	instable	instable_no_stable_identity	instable
uv	RvY_08524-1	14	0	0.42857142857142855	0.5714285714285714	constant	0.5714285714285714	0.4285714285714286	instable	instable_no_stable_identity	instable
uv	RvY_08526	14	0.42857142857142855	0	0.5714285714285714	constant	0.5714285714285714	0.4285714285714286	instable	instable_no_stable_identity	instable
uv	RvY_08534-1	14	0.07142857142857142	0.35714285714285715	0.5714285714285714	constant	0.5714285714285714	0.4285714285714286	instable	instable_no_stable_identity	instable
uv	RvY_08543-1	14	0	0.42857142857142855	0.5714285714285714	constant	0.5714285714285714	0.4285714285714286	instable	instable_no_stable_identity	instable
uv	RvY_08550-1	14	0.21428571428571427	0.21428571428571427	0.5714285714285714	constant	0.5714285714285714	0.4285714285714286	instable	instable_no_stable_identity	instable
uv	RvY_08552	14	0	0.42857142857142855	0.5714285714285714	constant	0.5714285714285714	0.4285714285714286	instable	instable_no_stable_identity	instable
uv	RvY_08569-1	14	0.2857142857142857	0.14285714285714285	0.5714285714285714	constant	0.5714285714285714	0.4285714285714286	instable	instable_no_stable_identity	instable
uv	RvY_08571-1	14	0	0.5714285714285714	0.42857142857142855	down	0.5714285714285714	0.4285714285714286	instable	instable_no_stable_identity	instable
uv	RvY_08580-1	14	0.07142857142857142	0.35714285714285715	0.5714285714285714	constant	0.5714285714285714	0.4285714285714286	instable	instable_no_stable_identity	instable
uv	RvY_08581-1	14	0.21428571428571427	0.21428571428571427	0.5714285714285714	constant	0.5714285714285714	0.4285714285714286	instable	instable_no_stable_identity	instable
uv	RvY_08588-1	14	0	0.42857142857142855	0.5714285714285714	constant	0.5714285714285714	0.4285714285714286	instable	instable_no_stable_identity	instable
uv	RvY_08590	14	0.35714285714285715	0.07142857142857142	0.5714285714285714	constant	0.5714285714285714	0.4285714285714286	instable	instable_no_stable_identity	instable
uv	RvY_08595-1	14	0.07142857142857142	0.35714285714285715	0.5714285714285714	constant	0.5714285714285714	0.4285714285714286	instable	instable_no_stable_identity	instable
uv	RvY_08596-1	14	0.21428571428571427	0.21428571428571427	0.5714285714285714	constant	0.5714285714285714	0.4285714285714286	instable	instable_no_stable_identity	instable
uv	RvY_08600-1	14	0.42857142857142855	0	0.5714285714285714	constant	0.5714285714285714	0.4285714285714286	instable	instable_no_stable_identity	instable
uv	RvY_08609	14	0.5714285714285714	0	0.42857142857142855	up	0.5714285714285714	0.4285714285714286	instable	instable_no_stable_identity	instable
uv	RvY_08610-1	14	0.07142857142857142	0.5714285714285714	0.35714285714285715	down	0.5714285714285714	0.4285714285714286	instable	instable_no_stable_identity	instable
uv	RvY_08666-1	14	0.21428571428571427	0.21428571428571427	0.5714285714285714	constant	0.5714285714285714	0.4285714285714286	instable	instable_no_stable_identity	instable
uv	RvY_08678	14	0	0.42857142857142855	0.5714285714285714	constant	0.5714285714285714	0.4285714285714286	instable	instable_no_stable_identity	instable
uv	RvY_08684-1	14	0.5714285714285714	0	0.42857142857142855	up	0.5714285714285714	0.4285714285714286	instable	instable_no_stable_identity	instable
uv	RvY_08691-1	14	0.35714285714285715	0.07142857142857142	0.5714285714285714	constant	0.5714285714285714	0.4285714285714286	instable	instable_no_stable_identity	instable
uv	RvY_08695	14	0	0.5714285714285714	0.42857142857142855	down	0.5714285714285714	0.4285714285714286	instable	instable_no_stable_identity	instable
uv	RvY_08713-1	14	0.5714285714285714	0	0.42857142857142855	up	0.5714285714285714	0.4285714285714286	instable	instable_no_stable_identity	instable
uv	RvY_08720-1	14	0.07142857142857142	0.35714285714285715	0.5714285714285714	constant	0.5714285714285714	0.4285714285714286	instable	instable_no_stable_identity	instable
uv	RvY_08726-1	14	0.42857142857142855	0	0.5714285714285714	constant	0.5714285714285714	0.4285714285714286	instable	instable_no_stable_identity	instable
uv	RvY_08731	14	0.2857142857142857	0.14285714285714285	0.5714285714285714	constant	0.5714285714285714	0.4285714285714286	instable	instable_no_stable_identity	instable
uv	RvY_08742-1	14	0.21428571428571427	0.5714285714285714	0.21428571428571427	down	0.5714285714285714	0.4285714285714286	instable	instable_no_stable_identity	instable
uv	RvY_08754	14	0.42857142857142855	0	0.5714285714285714	constant	0.5714285714285714	0.4285714285714286	instable	instable_no_stable_identity	instable
uv	RvY_08760-1	14	0.2857142857142857	0.14285714285714285	0.5714285714285714	constant	0.5714285714285714	0.4285714285714286	instable	instable_no_stable_identity	instable
uv	RvY_08769-1	14	0.35714285714285715	0.07142857142857142	0.5714285714285714	constant	0.5714285714285714	0.4285714285714286	instable	instable_no_stable_identity	instable
uv	RvY_08798-1	14	0.07142857142857142	0.35714285714285715	0.5714285714285714	constant	0.5714285714285714	0.4285714285714286	instable	instable_no_stable_identity	instable
uv	RvY_08802	14	0.5714285714285714	0.07142857142857142	0.35714285714285715	up	0.5714285714285714	0.4285714285714286	instable	instable_no_stable_identity	instable
uv	RvY_08824-1	14	0.35714285714285715	0.07142857142857142	0.5714285714285714	constant	0.5714285714285714	0.4285714285714286	instable	instable_no_stable_identity	instable
uv	RvY_08832-1	14	0.2857142857142857	0.14285714285714285	0.5714285714285714	constant	0.5714285714285714	0.4285714285714286	instable	instable_no_stable_identity	instable
uv	RvY_08841-1	14	0.21428571428571427	0.5714285714285714	0.21428571428571427	down	0.5714285714285714	0.4285714285714286	instable	instable_no_stable_identity	instable
uv	RvY_08850-1	14	0	0.42857142857142855	0.5714285714285714	constant	0.5714285714285714	0.4285714285714286	instable	instable_no_stable_identity	instable
uv	RvY_08853-1	14	0	0.42857142857142855	0.5714285714285714	constant	0.5714285714285714	0.4285714285714286	instable	instable_no_stable_identity	instable
uv	RvY_08858	14	0.35714285714285715	0.5714285714285714	0.07142857142857142	down	0.5714285714285714	0.4285714285714286	instable	instable_no_stable_identity	instable
uv	RvY_08861-1	14	0.14285714285714285	0.5714285714285714	0.2857142857142857	down	0.5714285714285714	0.4285714285714286	instable	instable_no_stable_identity	instable
uv	RvY_08864-1	14	0.14285714285714285	0.2857142857142857	0.5714285714285714	constant	0.5714285714285714	0.4285714285714286	instable	instable_no_stable_identity	instable
uv	RvY_08873-1	14	0.21428571428571427	0.21428571428571427	0.5714285714285714	constant	0.5714285714285714	0.4285714285714286	instable	instable_no_stable_identity	instable
uv	RvY_08883	14	0.5714285714285714	0	0.42857142857142855	up	0.5714285714285714	0.4285714285714286	instable	instable_no_stable_identity	instable
uv	RvY_08890-1	14	0.5714285714285714	0	0.42857142857142855	up	0.5714285714285714	0.4285714285714286	instable	instable_no_stable_identity	instable
uv	RvY_08901-1	14	0.5714285714285714	0.07142857142857142	0.35714285714285715	up	0.5714285714285714	0.4285714285714286	instable	instable_no_stable_identity	instable
uv	RvY_08903	14	0.07142857142857142	0.5714285714285714	0.35714285714285715	down	0.5714285714285714	0.4285714285714286	instable	instable_no_stable_identity	instable
uv	RvY_08905	14	0	0.42857142857142855	0.5714285714285714	constant	0.5714285714285714	0.4285714285714286	instable	instable_no_stable_identity	instable
uv	RvY_08919-1	14	0	0.42857142857142855	0.5714285714285714	constant	0.5714285714285714	0.4285714285714286	instable	instable_no_stable_identity	instable
uv	RvY_08925	14	0.35714285714285715	0.07142857142857142	0.5714285714285714	constant	0.5714285714285714	0.4285714285714286	instable	instable_no_stable_identity	instable
uv	RvY_08937-1	14	0	0.42857142857142855	0.5714285714285714	constant	0.5714285714285714	0.4285714285714286	instable	instable_no_stable_identity	instable
uv	RvY_08966-1	14	0.35714285714285715	0.07142857142857142	0.5714285714285714	constant	0.5714285714285714	0.4285714285714286	instable	instable_no_stable_identity	instable
uv	RvY_08968-1	14	0.42857142857142855	0	0.5714285714285714	constant	0.5714285714285714	0.4285714285714286	instable	instable_no_stable_identity	instable
uv	RvY_08969-1	14	0.35714285714285715	0.07142857142857142	0.5714285714285714	constant	0.5714285714285714	0.4285714285714286	instable	instable_no_stable_identity	instable
uv	RvY_08976-1	14	0.14285714285714285	0.2857142857142857	0.5714285714285714	constant	0.5714285714285714	0.4285714285714286	instable	instable_no_stable_identity	instable
uv	RvY_08983	14	0.14285714285714285	0.2857142857142857	0.5714285714285714	constant	0.5714285714285714	0.4285714285714286	instable	instable_no_stable_identity	instable
uv	RvY_08992-1	14	0	0.42857142857142855	0.5714285714285714	constant	0.5714285714285714	0.4285714285714286	instable	instable_no_stable_identity	instable
uv	RvY_08993-1	14	0.2857142857142857	0.14285714285714285	0.5714285714285714	constant	0.5714285714285714	0.4285714285714286	instable	instable_no_stable_identity	instable
uv	RvY_08996-1	14	0.14285714285714285	0.2857142857142857	0.5714285714285714	constant	0.5714285714285714	0.4285714285714286	instable	instable_no_stable_identity	instable
uv	RvY_09011	14	0.21428571428571427	0.21428571428571427	0.5714285714285714	constant	0.5714285714285714	0.4285714285714286	instable	instable_no_stable_identity	instable
uv	RvY_09017-1	14	0.42857142857142855	0	0.5714285714285714	constant	0.5714285714285714	0.4285714285714286	instable	instable_no_stable_identity	instable
uv	RvY_09024-1	14	0.14285714285714285	0.2857142857142857	0.5714285714285714	constant	0.5714285714285714	0.4285714285714286	instable	instable_no_stable_identity	instable
uv	RvY_09033-1	14	0	0.42857142857142855	0.5714285714285714	constant	0.5714285714285714	0.4285714285714286	instable	instable_no_stable_identity	instable
uv	RvY_09041-1	14	0.5714285714285714	0	0.42857142857142855	up	0.5714285714285714	0.4285714285714286	instable	instable_no_stable_identity	instable
uv	RvY_09046-1	14	0.35714285714285715	0.07142857142857142	0.5714285714285714	constant	0.5714285714285714	0.4285714285714286	instable	instable_no_stable_identity	instable
uv	RvY_09049-1	14	0.21428571428571427	0.21428571428571427	0.5714285714285714	constant	0.5714285714285714	0.4285714285714286	instable	instable_no_stable_identity	instable
uv	RvY_09080-1	14	0.5714285714285714	0	0.42857142857142855	up	0.5714285714285714	0.4285714285714286	instable	instable_no_stable_identity	instable
uv	RvY_09087-1	14	0.42857142857142855	0	0.5714285714285714	constant	0.5714285714285714	0.4285714285714286	instable	instable_no_stable_identity	instable
uv	RvY_09093-1	14	0	0.42857142857142855	0.5714285714285714	constant	0.5714285714285714	0.4285714285714286	instable	instable_no_stable_identity	instable
uv	RvY_09105-1	14	0	0.5714285714285714	0.42857142857142855	down	0.5714285714285714	0.4285714285714286	instable	instable_no_stable_identity	instable
uv	RvY_09109-1	14	0.42857142857142855	0	0.5714285714285714	constant	0.5714285714285714	0.4285714285714286	instable	instable_no_stable_identity	instable
uv	RvY_09112-1	14	0.07142857142857142	0.35714285714285715	0.5714285714285714	constant	0.5714285714285714	0.4285714285714286	instable	instable_no_stable_identity	instable
uv	RvY_09130-1	14	0.42857142857142855	0	0.5714285714285714	constant	0.5714285714285714	0.4285714285714286	instable	instable_no_stable_identity	instable
uv	RvY_09131	14	0.5714285714285714	0.07142857142857142	0.35714285714285715	up	0.5714285714285714	0.4285714285714286	instable	instable_no_stable_identity	instable
uv	RvY_09138-1	14	0.5714285714285714	0.07142857142857142	0.35714285714285715	up	0.5714285714285714	0.4285714285714286	instable	instable_no_stable_identity	instable
uv	RvY_09145-1	14	0.07142857142857142	0.35714285714285715	0.5714285714285714	constant	0.5714285714285714	0.4285714285714286	instable	instable_no_stable_identity	instable
uv	RvY_09161-1	14	0	0.42857142857142855	0.5714285714285714	constant	0.5714285714285714	0.4285714285714286	instable	instable_no_stable_identity	instable
uv	RvY_09162-1	14	0.14285714285714285	0.5714285714285714	0.2857142857142857	down	0.5714285714285714	0.4285714285714286	instable	instable_no_stable_identity	instable
uv	RvY_09164	14	0.35714285714285715	0.07142857142857142	0.5714285714285714	constant	0.5714285714285714	0.4285714285714286	instable	instable_no_stable_identity	instable
uv	RvY_09183-1	14	0.5714285714285714	0.07142857142857142	0.35714285714285715	up	0.5714285714285714	0.4285714285714286	instable	instable_no_stable_identity	instable
uv	RvY_09185	14	0.35714285714285715	0.07142857142857142	0.5714285714285714	constant	0.5714285714285714	0.4285714285714286	instable	instable_no_stable_identity	instable
uv	RvY_09191-1	14	0.07142857142857142	0.35714285714285715	0.5714285714285714	constant	0.5714285714285714	0.4285714285714286	instable	instable_no_stable_identity	instable
uv	RvY_09192-1	14	0	0.42857142857142855	0.5714285714285714	constant	0.5714285714285714	0.4285714285714286	instable	instable_no_stable_identity	instable
uv	RvY_09199-1	14	0.42857142857142855	0	0.5714285714285714	constant	0.5714285714285714	0.4285714285714286	instable	instable_no_stable_identity	instable
uv	RvY_09203-1	14	0.5714285714285714	0.07142857142857142	0.35714285714285715	up	0.5714285714285714	0.4285714285714286	instable	instable_no_stable_identity	instable
uv	RvY_09204	14	0.5714285714285714	0	0.42857142857142855	up	0.5714285714285714	0.4285714285714286	instable	instable_no_stable_identity	instable
uv	RvY_09205-1	14	0.07142857142857142	0.35714285714285715	0.5714285714285714	constant	0.5714285714285714	0.4285714285714286	instable	instable_no_stable_identity	instable
uv	RvY_09209	14	0.14285714285714285	0.5714285714285714	0.2857142857142857	down	0.5714285714285714	0.4285714285714286	instable	instable_no_stable_identity	instable
uv	RvY_09230-1	14	0.5714285714285714	0.07142857142857142	0.35714285714285715	up	0.5714285714285714	0.4285714285714286	instable	instable_no_stable_identity	instable
uv	RvY_09233-1	14	0.5714285714285714	0	0.42857142857142855	up	0.5714285714285714	0.4285714285714286	instable	instable_no_stable_identity	instable
uv	RvY_09239-1	14	0.07142857142857142	0.35714285714285715	0.5714285714285714	constant	0.5714285714285714	0.4285714285714286	instable	instable_no_stable_identity	instable
uv	RvY_09250-1	14	0.07142857142857142	0.35714285714285715	0.5714285714285714	constant	0.5714285714285714	0.4285714285714286	instable	instable_no_stable_identity	instable
uv	RvY_09253-1	14	0.5714285714285714	0	0.42857142857142855	up	0.5714285714285714	0.4285714285714286	instable	instable_no_stable_identity	instable
uv	RvY_09264-1	14	0	0.5714285714285714	0.42857142857142855	down	0.5714285714285714	0.4285714285714286	instable	instable_no_stable_identity	instable
uv	RvY_09268-1	14	0.07142857142857142	0.35714285714285715	0.5714285714285714	constant	0.5714285714285714	0.4285714285714286	instable	instable_no_stable_identity	instable
uv	RvY_09274-1	14	0.35714285714285715	0.07142857142857142	0.5714285714285714	constant	0.5714285714285714	0.4285714285714286	instable	instable_no_stable_identity	instable
uv	RvY_09283-1	14	0.2857142857142857	0.14285714285714285	0.5714285714285714	constant	0.5714285714285714	0.4285714285714286	instable	instable_no_stable_identity	instable
uv	RvY_09287-1	14	0.2857142857142857	0.14285714285714285	0.5714285714285714	constant	0.5714285714285714	0.4285714285714286	instable	instable_no_stable_identity	instable
uv	RvY_09314-1	14	0.5714285714285714	0	0.42857142857142855	up	0.5714285714285714	0.4285714285714286	instable	instable_no_stable_identity	instable
uv	RvY_09338-1	14	0.07142857142857142	0.35714285714285715	0.5714285714285714	constant	0.5714285714285714	0.4285714285714286	instable	instable_no_stable_identity	instable
uv	RvY_09341-1	14	0.5714285714285714	0.07142857142857142	0.35714285714285715	up	0.5714285714285714	0.4285714285714286	instable	instable_no_stable_identity	instable
uv	RvY_09345-1	14	0.5714285714285714	0.07142857142857142	0.35714285714285715	up	0.5714285714285714	0.4285714285714286	instable	instable_no_stable_identity	instable
uv	RvY_09347-1	14	0.5714285714285714	0	0.42857142857142855	up	0.5714285714285714	0.4285714285714286	instable	instable_no_stable_identity	instable
uv	RvY_09355-1	14	0.07142857142857142	0.35714285714285715	0.5714285714285714	constant	0.5714285714285714	0.4285714285714286	instable	instable_no_stable_identity	instable
uv	RvY_09356-1	14	0.2857142857142857	0.14285714285714285	0.5714285714285714	constant	0.5714285714285714	0.4285714285714286	instable	instable_no_stable_identity	instable
uv	RvY_09361-1	14	0.35714285714285715	0.07142857142857142	0.5714285714285714	constant	0.5714285714285714	0.4285714285714286	instable	instable_no_stable_identity	instable
uv	RvY_09363	14	0	0.5714285714285714	0.42857142857142855	down	0.5714285714285714	0.4285714285714286	instable	instable_no_stable_identity	instable
uv	RvY_09386-1	14	0.5714285714285714	0.07142857142857142	0.35714285714285715	up	0.5714285714285714	0.4285714285714286	instable	instable_no_stable_identity	instable
uv	RvY_09397-1	14	0	0.42857142857142855	0.5714285714285714	constant	0.5714285714285714	0.4285714285714286	instable	instable_no_stable_identity	instable
uv	RvY_09405-1	14	0.07142857142857142	0.35714285714285715	0.5714285714285714	constant	0.5714285714285714	0.4285714285714286	instable	instable_no_stable_identity	instable
uv	RvY_09406-1	14	0	0.42857142857142855	0.5714285714285714	constant	0.5714285714285714	0.4285714285714286	instable	instable_no_stable_identity	instable
uv	RvY_09407	14	0	0.5714285714285714	0.42857142857142855	down	0.5714285714285714	0.4285714285714286	instable	instable_no_stable_identity	instable
uv	RvY_09411-1	14	0.42857142857142855	0	0.5714285714285714	constant	0.5714285714285714	0.4285714285714286	instable	instable_no_stable_identity	instable
uv	RvY_09420-1	14	0.5714285714285714	0.07142857142857142	0.35714285714285715	up	0.5714285714285714	0.4285714285714286	instable	instable_no_stable_identity	instable
uv	RvY_09424	14	0	0.42857142857142855	0.5714285714285714	constant	0.5714285714285714	0.4285714285714286	instable	instable_no_stable_identity	instable
uv	RvY_09429-1	14	0	0.42857142857142855	0.5714285714285714	constant	0.5714285714285714	0.4285714285714286	instable	instable_no_stable_identity	instable
uv	RvY_09431-1	14	0	0.42857142857142855	0.5714285714285714	constant	0.5714285714285714	0.4285714285714286	instable	instable_no_stable_identity	instable
uv	RvY_09433	14	0.14285714285714285	0.2857142857142857	0.5714285714285714	constant	0.5714285714285714	0.4285714285714286	instable	instable_no_stable_identity	instable
uv	RvY_09434-1	14	0.07142857142857142	0.35714285714285715	0.5714285714285714	constant	0.5714285714285714	0.4285714285714286	instable	instable_no_stable_identity	instable
uv	RvY_09435-1	14	0.21428571428571427	0.21428571428571427	0.5714285714285714	constant	0.5714285714285714	0.4285714285714286	instable	instable_no_stable_identity	instable
uv	RvY_09437	14	0	0.42857142857142855	0.5714285714285714	constant	0.5714285714285714	0.4285714285714286	instable	instable_no_stable_identity	instable
uv	RvY_09454-1	14	0.42857142857142855	0	0.5714285714285714	constant	0.5714285714285714	0.4285714285714286	instable	instable_no_stable_identity	instable
uv	RvY_09472-1	14	0.42857142857142855	0	0.5714285714285714	constant	0.5714285714285714	0.4285714285714286	instable	instable_no_stable_identity	instable
uv	RvY_09480-1	14	0.5714285714285714	0	0.42857142857142855	up	0.5714285714285714	0.4285714285714286	instable	instable_no_stable_identity	instable
uv	RvY_09484-1	14	0.42857142857142855	0	0.5714285714285714	constant	0.5714285714285714	0.4285714285714286	instable	instable_no_stable_identity	instable
uv	RvY_09487-1	14	0.35714285714285715	0.07142857142857142	0.5714285714285714	constant	0.5714285714285714	0.4285714285714286	instable	instable_no_stable_identity	instable
uv	RvY_09496-1	14	0.21428571428571427	0.21428571428571427	0.5714285714285714	constant	0.5714285714285714	0.4285714285714286	instable	instable_no_stable_identity	instable
uv	RvY_09499-1	14	0.42857142857142855	0	0.5714285714285714	constant	0.5714285714285714	0.4285714285714286	instable	instable_no_stable_identity	instable
uv	RvY_09511-1	14	0.5714285714285714	0	0.42857142857142855	up	0.5714285714285714	0.4285714285714286	instable	instable_no_stable_identity	instable
uv	RvY_09514	14	0	0.42857142857142855	0.5714285714285714	constant	0.5714285714285714	0.4285714285714286	instable	instable_no_stable_identity	instable
uv	RvY_09518-1	14	0.5714285714285714	0	0.42857142857142855	up	0.5714285714285714	0.4285714285714286	instable	instable_no_stable_identity	instable
uv	RvY_09520	14	0.35714285714285715	0.07142857142857142	0.5714285714285714	constant	0.5714285714285714	0.4285714285714286	instable	instable_no_stable_identity	instable
uv	RvY_09524-1	14	0.42857142857142855	0	0.5714285714285714	constant	0.5714285714285714	0.4285714285714286	instable	instable_no_stable_identity	instable
uv	RvY_09528-1	14	0.42857142857142855	0	0.5714285714285714	constant	0.5714285714285714	0.4285714285714286	instable	instable_no_stable_identity	instable
uv	RvY_09533-1	14	0.42857142857142855	0	0.5714285714285714	constant	0.5714285714285714	0.4285714285714286	instable	instable_no_stable_identity	instable
uv	RvY_09535-1	14	0.5714285714285714	0	0.42857142857142855	up	0.5714285714285714	0.4285714285714286	instable	instable_no_stable_identity	instable
uv	RvY_09559-1	14	0.07142857142857142	0.35714285714285715	0.5714285714285714	constant	0.5714285714285714	0.4285714285714286	instable	instable_no_stable_identity	instable
uv	RvY_09565-1	14	0.5714285714285714	0	0.42857142857142855	up	0.5714285714285714	0.4285714285714286	instable	instable_no_stable_identity	instable
uv	RvY_09573-1	14	0.14285714285714285	0.2857142857142857	0.5714285714285714	constant	0.5714285714285714	0.4285714285714286	instable	instable_no_stable_identity	instable
uv	RvY_09583-1	14	0.5714285714285714	0	0.42857142857142855	up	0.5714285714285714	0.4285714285714286	instable	instable_no_stable_identity	instable
uv	RvY_09584-1	14	0.07142857142857142	0.35714285714285715	0.5714285714285714	constant	0.5714285714285714	0.4285714285714286	instable	instable_no_stable_identity	instable
uv	RvY_09585-1	14	0	0.42857142857142855	0.5714285714285714	constant	0.5714285714285714	0.4285714285714286	instable	instable_no_stable_identity	instable
uv	RvY_09603-1	14	0.2857142857142857	0.14285714285714285	0.5714285714285714	constant	0.5714285714285714	0.4285714285714286	instable	instable_no_stable_identity	instable
uv	RvY_09605	14	0.2857142857142857	0.14285714285714285	0.5714285714285714	constant	0.5714285714285714	0.4285714285714286	instable	instable_no_stable_identity	instable
uv	RvY_09606-1	14	0.42857142857142855	0	0.5714285714285714	constant	0.5714285714285714	0.4285714285714286	instable	instable_no_stable_identity	instable
uv	RvY_09611-1	14	0.42857142857142855	0	0.5714285714285714	constant	0.5714285714285714	0.4285714285714286	instable	instable_no_stable_identity	instable
uv	RvY_09616-1	14	0.14285714285714285	0.2857142857142857	0.5714285714285714	constant	0.5714285714285714	0.4285714285714286	instable	instable_no_stable_identity	instable
uv	RvY_09618	14	0	0.42857142857142855	0.5714285714285714	constant	0.5714285714285714	0.4285714285714286	instable	instable_no_stable_identity	instable
uv	RvY_09621-1	14	0	0.5714285714285714	0.42857142857142855	down	0.5714285714285714	0.4285714285714286	instable	instable_no_stable_identity	instable
uv	RvY_09624-1	14	0.42857142857142855	0	0.5714285714285714	constant	0.5714285714285714	0.4285714285714286	instable	instable_no_stable_identity	instable
uv	RvY_09625-1	14	0.14285714285714285	0.2857142857142857	0.5714285714285714	constant	0.5714285714285714	0.4285714285714286	instable	instable_no_stable_identity	instable
uv	RvY_09626-1	14	0.35714285714285715	0.5714285714285714	0.07142857142857142	down	0.5714285714285714	0.4285714285714286	instable	instable_no_stable_identity	instable
uv	RvY_09627-1	14	0.35714285714285715	0.07142857142857142	0.5714285714285714	constant	0.5714285714285714	0.4285714285714286	instable	instable_no_stable_identity	instable
uv	RvY_09651	14	0.07142857142857142	0.35714285714285715	0.5714285714285714	constant	0.5714285714285714	0.4285714285714286	instable	instable_no_stable_identity	instable
uv	RvY_09657-1	14	0.42857142857142855	0	0.5714285714285714	constant	0.5714285714285714	0.4285714285714286	instable	instable_no_stable_identity	instable
uv	RvY_09658-1	14	0.42857142857142855	0	0.5714285714285714	constant	0.5714285714285714	0.4285714285714286	instable	instable_no_stable_identity	instable
uv	RvY_09684-1	14	0.14285714285714285	0.2857142857142857	0.5714285714285714	constant	0.5714285714285714	0.4285714285714286	instable	instable_no_stable_identity	instable
uv	RvY_09708-1	14	0.35714285714285715	0.07142857142857142	0.5714285714285714	constant	0.5714285714285714	0.4285714285714286	instable	instable_no_stable_identity	instable
uv	RvY_09709-1	14	0.21428571428571427	0.21428571428571427	0.5714285714285714	constant	0.5714285714285714	0.4285714285714286	instable	instable_no_stable_identity	instable
uv	RvY_09722-1	14	0.35714285714285715	0.07142857142857142	0.5714285714285714	constant	0.5714285714285714	0.4285714285714286	instable	instable_no_stable_identity	instable
uv	RvY_09734-1	14	0	0.42857142857142855	0.5714285714285714	constant	0.5714285714285714	0.4285714285714286	instable	instable_no_stable_identity	instable
uv	RvY_09735-1	14	0	0.42857142857142855	0.5714285714285714	constant	0.5714285714285714	0.4285714285714286	instable	instable_no_stable_identity	instable
uv	RvY_09741-1	14	0.14285714285714285	0.2857142857142857	0.5714285714285714	constant	0.5714285714285714	0.4285714285714286	instable	instable_no_stable_identity	instable
uv	RvY_09753-1	14	0	0.42857142857142855	0.5714285714285714	constant	0.5714285714285714	0.4285714285714286	instable	instable_no_stable_identity	instable
uv	RvY_09760-1	14	0.5714285714285714	0	0.42857142857142855	up	0.5714285714285714	0.4285714285714286	instable	instable_no_stable_identity	instable
uv	RvY_09781-1	14	0.5714285714285714	0.14285714285714285	0.2857142857142857	up	0.5714285714285714	0.4285714285714286	instable	instable_no_stable_identity	instable
uv	RvY_09798-1	14	0.42857142857142855	0	0.5714285714285714	constant	0.5714285714285714	0.4285714285714286	instable	instable_no_stable_identity	instable
uv	RvY_09799-1	14	0.35714285714285715	0.07142857142857142	0.5714285714285714	constant	0.5714285714285714	0.4285714285714286	instable	instable_no_stable_identity	instable
uv	RvY_09801-1	14	0.42857142857142855	0	0.5714285714285714	constant	0.5714285714285714	0.4285714285714286	instable	instable_no_stable_identity	instable
uv	RvY_09809-1	14	0.2857142857142857	0.14285714285714285	0.5714285714285714	constant	0.5714285714285714	0.4285714285714286	instable	instable_no_stable_identity	instable
uv	RvY_09810-1	14	0	0.5714285714285714	0.42857142857142855	down	0.5714285714285714	0.4285714285714286	instable	instable_no_stable_identity	instable
uv	RvY_09813-1	14	0.5714285714285714	0	0.42857142857142855	up	0.5714285714285714	0.4285714285714286	instable	instable_no_stable_identity	instable
uv	RvY_09837-1	14	0.07142857142857142	0.35714285714285715	0.5714285714285714	constant	0.5714285714285714	0.4285714285714286	instable	instable_no_stable_identity	instable
uv	RvY_09840-1	14	0.5714285714285714	0	0.42857142857142855	up	0.5714285714285714	0.4285714285714286	instable	instable_no_stable_identity	instable
uv	RvY_09842-1	14	0.35714285714285715	0.07142857142857142	0.5714285714285714	constant	0.5714285714285714	0.4285714285714286	instable	instable_no_stable_identity	instable
uv	RvY_09846	14	0.5714285714285714	0.14285714285714285	0.2857142857142857	up	0.5714285714285714	0.4285714285714286	instable	instable_no_stable_identity	instable
uv	RvY_09849-1	14	0.2857142857142857	0.14285714285714285	0.5714285714285714	constant	0.5714285714285714	0.4285714285714286	instable	instable_no_stable_identity	instable
uv	RvY_09852-1	14	0.14285714285714285	0.2857142857142857	0.5714285714285714	constant	0.5714285714285714	0.4285714285714286	instable	instable_no_stable_identity	instable
uv	RvY_09862-1	14	0.14285714285714285	0.2857142857142857	0.5714285714285714	constant	0.5714285714285714	0.4285714285714286	instable	instable_no_stable_identity	instable
uv	RvY_09868-1	14	0	0.5714285714285714	0.42857142857142855	down	0.5714285714285714	0.4285714285714286	instable	instable_no_stable_identity	instable
uv	RvY_09869-1	14	0.21428571428571427	0.21428571428571427	0.5714285714285714	constant	0.5714285714285714	0.4285714285714286	instable	instable_no_stable_identity	instable
uv	RvY_09873-1	14	0.42857142857142855	0	0.5714285714285714	constant	0.5714285714285714	0.4285714285714286	instable	instable_no_stable_identity	instable
uv	RvY_09881	14	0.07142857142857142	0.35714285714285715	0.5714285714285714	constant	0.5714285714285714	0.4285714285714286	instable	instable_no_stable_identity	instable
uv	RvY_09895-1	14	0.42857142857142855	0	0.5714285714285714	constant	0.5714285714285714	0.4285714285714286	instable	instable_no_stable_identity	instable
uv	RvY_09900-1	14	0.14285714285714285	0.2857142857142857	0.5714285714285714	constant	0.5714285714285714	0.4285714285714286	instable	instable_no_stable_identity	instable
uv	RvY_09905-1	14	0.5714285714285714	0	0.42857142857142855	up	0.5714285714285714	0.4285714285714286	instable	instable_no_stable_identity	instable
uv	RvY_09916-1	14	0.2857142857142857	0.14285714285714285	0.5714285714285714	constant	0.5714285714285714	0.4285714285714286	instable	instable_no_stable_identity	instable
uv	RvY_09919-1	14	0.21428571428571427	0.21428571428571427	0.5714285714285714	constant	0.5714285714285714	0.4285714285714286	instable	instable_no_stable_identity	instable
uv	RvY_09924-1	14	0.5714285714285714	0.07142857142857142	0.35714285714285715	up	0.5714285714285714	0.4285714285714286	instable	instable_no_stable_identity	instable
uv	RvY_09926-1	14	0.35714285714285715	0.07142857142857142	0.5714285714285714	constant	0.5714285714285714	0.4285714285714286	instable	instable_no_stable_identity	instable
uv	RvY_09965-1	14	0.42857142857142855	0	0.5714285714285714	constant	0.5714285714285714	0.4285714285714286	instable	instable_no_stable_identity	instable
uv	RvY_09969-1	14	0	0.5714285714285714	0.42857142857142855	down	0.5714285714285714	0.4285714285714286	instable	instable_no_stable_identity	instable
uv	RvY_09974-1	14	0.21428571428571427	0.21428571428571427	0.5714285714285714	constant	0.5714285714285714	0.4285714285714286	instable	instable_no_stable_identity	instable
uv	RvY_09978-1	14	0.2857142857142857	0.14285714285714285	0.5714285714285714	constant	0.5714285714285714	0.4285714285714286	instable	instable_no_stable_identity	instable
uv	RvY_09981-1	14	0.35714285714285715	0.07142857142857142	0.5714285714285714	constant	0.5714285714285714	0.4285714285714286	instable	instable_no_stable_identity	instable
uv	RvY_09987-1	14	0.07142857142857142	0.35714285714285715	0.5714285714285714	constant	0.5714285714285714	0.4285714285714286	instable	instable_no_stable_identity	instable
uv	RvY_09995-1	14	0.42857142857142855	0	0.5714285714285714	constant	0.5714285714285714	0.4285714285714286	instable	instable_no_stable_identity	instable
uv	RvY_10010-1	14	0.21428571428571427	0.21428571428571427	0.5714285714285714	constant	0.5714285714285714	0.4285714285714286	instable	instable_no_stable_identity	instable
uv	RvY_10018-1	14	0.21428571428571427	0.21428571428571427	0.5714285714285714	constant	0.5714285714285714	0.4285714285714286	instable	instable_no_stable_identity	instable
uv	RvY_10019-1	14	0.07142857142857142	0.35714285714285715	0.5714285714285714	constant	0.5714285714285714	0.4285714285714286	instable	instable_no_stable_identity	instable
uv	RvY_10020-1	14	0.5714285714285714	0.07142857142857142	0.35714285714285715	up	0.5714285714285714	0.4285714285714286	instable	instable_no_stable_identity	instable
uv	RvY_10031-1	14	0.07142857142857142	0.35714285714285715	0.5714285714285714	constant	0.5714285714285714	0.4285714285714286	instable	instable_no_stable_identity	instable
uv	RvY_10033-1	14	0.5714285714285714	0	0.42857142857142855	up	0.5714285714285714	0.4285714285714286	instable	instable_no_stable_identity	instable
uv	RvY_10039-1	14	0.07142857142857142	0.35714285714285715	0.5714285714285714	constant	0.5714285714285714	0.4285714285714286	instable	instable_no_stable_identity	instable
uv	RvY_10046-1	14	0.5714285714285714	0.07142857142857142	0.35714285714285715	up	0.5714285714285714	0.4285714285714286	instable	instable_no_stable_identity	instable
uv	RvY_10063-1	14	0.2857142857142857	0.14285714285714285	0.5714285714285714	constant	0.5714285714285714	0.4285714285714286	instable	instable_no_stable_identity	instable
uv	RvY_10069-1	14	0.42857142857142855	0	0.5714285714285714	constant	0.5714285714285714	0.4285714285714286	instable	instable_no_stable_identity	instable
uv	RvY_10073-1	14	0.07142857142857142	0.35714285714285715	0.5714285714285714	constant	0.5714285714285714	0.4285714285714286	instable	instable_no_stable_identity	instable
uv	RvY_10074	14	0.42857142857142855	0	0.5714285714285714	constant	0.5714285714285714	0.4285714285714286	instable	instable_no_stable_identity	instable
uv	RvY_10079-1	14	0.5714285714285714	0	0.42857142857142855	up	0.5714285714285714	0.4285714285714286	instable	instable_no_stable_identity	instable
uv	RvY_10080-1	14	0.5714285714285714	0	0.42857142857142855	up	0.5714285714285714	0.4285714285714286	instable	instable_no_stable_identity	instable
uv	RvY_10082-1	14	0.2857142857142857	0.14285714285714285	0.5714285714285714	constant	0.5714285714285714	0.4285714285714286	instable	instable_no_stable_identity	instable
uv	RvY_10086-1	14	0.5714285714285714	0	0.42857142857142855	up	0.5714285714285714	0.4285714285714286	instable	instable_no_stable_identity	instable
uv	RvY_10091	14	0.5714285714285714	0.07142857142857142	0.35714285714285715	up	0.5714285714285714	0.4285714285714286	instable	instable_no_stable_identity	instable
uv	RvY_10110-1	14	0.5714285714285714	0	0.42857142857142855	up	0.5714285714285714	0.4285714285714286	instable	instable_no_stable_identity	instable
uv	RvY_10113	14	0.35714285714285715	0.07142857142857142	0.5714285714285714	constant	0.5714285714285714	0.4285714285714286	instable	instable_no_stable_identity	instable
uv	RvY_10134	14	0.14285714285714285	0.5714285714285714	0.2857142857142857	down	0.5714285714285714	0.4285714285714286	instable	instable_no_stable_identity	instable
uv	RvY_10135-1	14	0.42857142857142855	0	0.5714285714285714	constant	0.5714285714285714	0.4285714285714286	instable	instable_no_stable_identity	instable
uv	RvY_10148-1	14	0.35714285714285715	0.07142857142857142	0.5714285714285714	constant	0.5714285714285714	0.4285714285714286	instable	instable_no_stable_identity	instable
uv	RvY_10152-1	14	0.42857142857142855	0	0.5714285714285714	constant	0.5714285714285714	0.4285714285714286	instable	instable_no_stable_identity	instable
uv	RvY_10154-1	14	0.5714285714285714	0	0.42857142857142855	up	0.5714285714285714	0.4285714285714286	instable	instable_no_stable_identity	instable
uv	RvY_10165-1	14	0.07142857142857142	0.35714285714285715	0.5714285714285714	constant	0.5714285714285714	0.4285714285714286	instable	instable_no_stable_identity	instable
uv	RvY_10176	14	0.14285714285714285	0.2857142857142857	0.5714285714285714	constant	0.5714285714285714	0.4285714285714286	instable	instable_no_stable_identity	instable
uv	RvY_10181-1	14	0.14285714285714285	0.5714285714285714	0.2857142857142857	down	0.5714285714285714	0.4285714285714286	instable	instable_no_stable_identity	instable
uv	RvY_10182-1	14	0	0.5714285714285714	0.42857142857142855	down	0.5714285714285714	0.4285714285714286	instable	instable_no_stable_identity	instable
uv	RvY_10192	14	0	0.42857142857142855	0.5714285714285714	constant	0.5714285714285714	0.4285714285714286	instable	instable_no_stable_identity	instable
uv	RvY_10198	14	0.5714285714285714	0	0.42857142857142855	up	0.5714285714285714	0.4285714285714286	instable	instable_no_stable_identity	instable
uv	RvY_10202-1	14	0.5714285714285714	0.07142857142857142	0.35714285714285715	up	0.5714285714285714	0.4285714285714286	instable	instable_no_stable_identity	instable
uv	RvY_10206	14	0.5714285714285714	0.14285714285714285	0.2857142857142857	up	0.5714285714285714	0.4285714285714286	instable	instable_no_stable_identity	instable
uv	RvY_10213-1	14	0	0.42857142857142855	0.5714285714285714	constant	0.5714285714285714	0.4285714285714286	instable	instable_no_stable_identity	instable
uv	RvY_10218-1	14	0	0.42857142857142855	0.5714285714285714	constant	0.5714285714285714	0.4285714285714286	instable	instable_no_stable_identity	instable
uv	RvY_10230	14	0	0.5714285714285714	0.42857142857142855	down	0.5714285714285714	0.4285714285714286	instable	instable_no_stable_identity	instable
uv	RvY_10231-1	14	0.14285714285714285	0.5714285714285714	0.2857142857142857	down	0.5714285714285714	0.4285714285714286	instable	instable_no_stable_identity	instable
uv	RvY_10235	14	0.5714285714285714	0	0.42857142857142855	up	0.5714285714285714	0.4285714285714286	instable	instable_no_stable_identity	instable
uv	RvY_10249-1	14	0.5714285714285714	0	0.42857142857142855	up	0.5714285714285714	0.4285714285714286	instable	instable_no_stable_identity	instable
uv	RvY_10254-1	14	0	0.42857142857142855	0.5714285714285714	constant	0.5714285714285714	0.4285714285714286	instable	instable_no_stable_identity	instable
uv	RvY_10261-1	14	0.5714285714285714	0.07142857142857142	0.35714285714285715	up	0.5714285714285714	0.4285714285714286	instable	instable_no_stable_identity	instable
uv	RvY_10267-1	14	0.42857142857142855	0	0.5714285714285714	constant	0.5714285714285714	0.4285714285714286	instable	instable_no_stable_identity	instable
uv	RvY_10277-1	14	0.5714285714285714	0	0.42857142857142855	up	0.5714285714285714	0.4285714285714286	instable	instable_no_stable_identity	instable
uv	RvY_10285-1	14	0.07142857142857142	0.35714285714285715	0.5714285714285714	constant	0.5714285714285714	0.4285714285714286	instable	instable_no_stable_identity	instable
uv	RvY_10288-1	14	0.5714285714285714	0	0.42857142857142855	up	0.5714285714285714	0.4285714285714286	instable	instable_no_stable_identity	instable
uv	RvY_10290	14	0.42857142857142855	0.5714285714285714	0	down	0.5714285714285714	0.4285714285714286	instable	instable_no_stable_identity	instable
uv	RvY_10292-1	14	0	0.5714285714285714	0.42857142857142855	down	0.5714285714285714	0.4285714285714286	instable	instable_no_stable_identity	instable
uv	RvY_10294	14	0.42857142857142855	0	0.5714285714285714	constant	0.5714285714285714	0.4285714285714286	instable	instable_no_stable_identity	instable
uv	RvY_10348	14	0.2857142857142857	0.14285714285714285	0.5714285714285714	constant	0.5714285714285714	0.4285714285714286	instable	instable_no_stable_identity	instable
uv	RvY_10349-1	14	0.5714285714285714	0.07142857142857142	0.35714285714285715	up	0.5714285714285714	0.4285714285714286	instable	instable_no_stable_identity	instable
uv	RvY_10354-1	14	0.35714285714285715	0.07142857142857142	0.5714285714285714	constant	0.5714285714285714	0.4285714285714286	instable	instable_no_stable_identity	instable
uv	RvY_10364-1	14	0.14285714285714285	0.2857142857142857	0.5714285714285714	constant	0.5714285714285714	0.4285714285714286	instable	instable_no_stable_identity	instable
uv	RvY_10367	14	0.42857142857142855	0	0.5714285714285714	constant	0.5714285714285714	0.4285714285714286	instable	instable_no_stable_identity	instable
uv	RvY_10372-1	14	0.07142857142857142	0.35714285714285715	0.5714285714285714	constant	0.5714285714285714	0.4285714285714286	instable	instable_no_stable_identity	instable
uv	RvY_10374-1	14	0.07142857142857142	0.35714285714285715	0.5714285714285714	constant	0.5714285714285714	0.4285714285714286	instable	instable_no_stable_identity	instable
uv	RvY_10377-1	14	0.5714285714285714	0.07142857142857142	0.35714285714285715	up	0.5714285714285714	0.4285714285714286	instable	instable_no_stable_identity	instable
uv	RvY_10394-1	14	0	0.42857142857142855	0.5714285714285714	constant	0.5714285714285714	0.4285714285714286	instable	instable_no_stable_identity	instable
uv	RvY_10395-1	14	0.14285714285714285	0.2857142857142857	0.5714285714285714	constant	0.5714285714285714	0.4285714285714286	instable	instable_no_stable_identity	instable
uv	RvY_10396-1	14	0.2857142857142857	0.14285714285714285	0.5714285714285714	constant	0.5714285714285714	0.4285714285714286	instable	instable_no_stable_identity	instable
uv	RvY_10399-1	14	0	0.5714285714285714	0.42857142857142855	down	0.5714285714285714	0.4285714285714286	instable	instable_no_stable_identity	instable
uv	RvY_10412-1	14	0.42857142857142855	0	0.5714285714285714	constant	0.5714285714285714	0.4285714285714286	instable	instable_no_stable_identity	instable
uv	RvY_10413-1	14	0.42857142857142855	0	0.5714285714285714	constant	0.5714285714285714	0.4285714285714286	instable	instable_no_stable_identity	instable
uv	RvY_10414-1	14	0.21428571428571427	0.21428571428571427	0.5714285714285714	constant	0.5714285714285714	0.4285714285714286	instable	instable_no_stable_identity	instable
uv	RvY_10420-1	14	0	0.5714285714285714	0.42857142857142855	down	0.5714285714285714	0.4285714285714286	instable	instable_no_stable_identity	instable
uv	RvY_10425-1	14	0.35714285714285715	0.07142857142857142	0.5714285714285714	constant	0.5714285714285714	0.4285714285714286	instable	instable_no_stable_identity	instable
uv	RvY_10428-1	14	0.07142857142857142	0.35714285714285715	0.5714285714285714	constant	0.5714285714285714	0.4285714285714286	instable	instable_no_stable_identity	instable
uv	RvY_10431-1	14	0.14285714285714285	0.2857142857142857	0.5714285714285714	constant	0.5714285714285714	0.4285714285714286	instable	instable_no_stable_identity	instable
uv	RvY_10438-1	14	0.5714285714285714	0.14285714285714285	0.2857142857142857	up	0.5714285714285714	0.4285714285714286	instable	instable_no_stable_identity	instable
uv	RvY_10439-1	14	0	0.42857142857142855	0.5714285714285714	constant	0.5714285714285714	0.4285714285714286	instable	instable_no_stable_identity	instable
uv	RvY_10444-1	14	0.35714285714285715	0.07142857142857142	0.5714285714285714	constant	0.5714285714285714	0.4285714285714286	instable	instable_no_stable_identity	instable
uv	RvY_10446-1	14	0.5714285714285714	0	0.42857142857142855	up	0.5714285714285714	0.4285714285714286	instable	instable_no_stable_identity	instable
uv	RvY_10456	14	0.35714285714285715	0.07142857142857142	0.5714285714285714	constant	0.5714285714285714	0.4285714285714286	instable	instable_no_stable_identity	instable
uv	RvY_10457-1	14	0.21428571428571427	0.5714285714285714	0.21428571428571427	down	0.5714285714285714	0.4285714285714286	instable	instable_no_stable_identity	instable
uv	RvY_10466-1	14	0.35714285714285715	0.07142857142857142	0.5714285714285714	constant	0.5714285714285714	0.4285714285714286	instable	instable_no_stable_identity	instable
uv	RvY_10470-1	14	0.14285714285714285	0.2857142857142857	0.5714285714285714	constant	0.5714285714285714	0.4285714285714286	instable	instable_no_stable_identity	instable
uv	RvY_10474-1	14	0.21428571428571427	0.21428571428571427	0.5714285714285714	constant	0.5714285714285714	0.4285714285714286	instable	instable_no_stable_identity	instable
uv	RvY_10477-1	14	0.42857142857142855	0	0.5714285714285714	constant	0.5714285714285714	0.4285714285714286	instable	instable_no_stable_identity	instable
uv	RvY_10484-1	14	0.14285714285714285	0.5714285714285714	0.2857142857142857	down	0.5714285714285714	0.4285714285714286	instable	instable_no_stable_identity	instable
uv	RvY_10485-1	14	0.42857142857142855	0	0.5714285714285714	constant	0.5714285714285714	0.4285714285714286	instable	instable_no_stable_identity	instable
uv	RvY_10488-1	14	0	0.42857142857142855	0.5714285714285714	constant	0.5714285714285714	0.4285714285714286	instable	instable_no_stable_identity	instable
uv	RvY_10489-1	14	0.5714285714285714	0	0.42857142857142855	up	0.5714285714285714	0.4285714285714286	instable	instable_no_stable_identity	instable
uv	RvY_10509-1	14	0.42857142857142855	0	0.5714285714285714	constant	0.5714285714285714	0.4285714285714286	instable	instable_no_stable_identity	instable
uv	RvY_10514-1	14	0.2857142857142857	0.14285714285714285	0.5714285714285714	constant	0.5714285714285714	0.4285714285714286	instable	instable_no_stable_identity	instable
uv	RvY_10515-1	14	0	0.42857142857142855	0.5714285714285714	constant	0.5714285714285714	0.4285714285714286	instable	instable_no_stable_identity	instable
uv	RvY_10519-1	14	0.07142857142857142	0.35714285714285715	0.5714285714285714	constant	0.5714285714285714	0.4285714285714286	instable	instable_no_stable_identity	instable
uv	RvY_10520-1	14	0.35714285714285715	0.07142857142857142	0.5714285714285714	constant	0.5714285714285714	0.4285714285714286	instable	instable_no_stable_identity	instable
uv	RvY_10538-1	14	0.14285714285714285	0.2857142857142857	0.5714285714285714	constant	0.5714285714285714	0.4285714285714286	instable	instable_no_stable_identity	instable
uv	RvY_10554-1	14	0	0.42857142857142855	0.5714285714285714	constant	0.5714285714285714	0.4285714285714286	instable	instable_no_stable_identity	instable
uv	RvY_10555	14	0.5714285714285714	0	0.42857142857142855	up	0.5714285714285714	0.4285714285714286	instable	instable_no_stable_identity	instable
uv	RvY_10566-1	14	0.2857142857142857	0.14285714285714285	0.5714285714285714	constant	0.5714285714285714	0.4285714285714286	instable	instable_no_stable_identity	instable
uv	RvY_10610-1	14	0	0.5714285714285714	0.42857142857142855	down	0.5714285714285714	0.4285714285714286	instable	instable_no_stable_identity	instable
uv	RvY_10611-1	14	0.2857142857142857	0.14285714285714285	0.5714285714285714	constant	0.5714285714285714	0.4285714285714286	instable	instable_no_stable_identity	instable
uv	RvY_10628	14	0.21428571428571427	0.21428571428571427	0.5714285714285714	constant	0.5714285714285714	0.4285714285714286	instable	instable_no_stable_identity	instable
uv	RvY_10631-1	14	0	0.42857142857142855	0.5714285714285714	constant	0.5714285714285714	0.4285714285714286	instable	instable_no_stable_identity	instable
uv	RvY_10633-1	14	0.14285714285714285	0.2857142857142857	0.5714285714285714	constant	0.5714285714285714	0.4285714285714286	instable	instable_no_stable_identity	instable
uv	RvY_10634-1	14	0.42857142857142855	0	0.5714285714285714	constant	0.5714285714285714	0.4285714285714286	instable	instable_no_stable_identity	instable
uv	RvY_10656-1	14	0.21428571428571427	0.5714285714285714	0.21428571428571427	down	0.5714285714285714	0.4285714285714286	instable	instable_no_stable_identity	instable
uv	RvY_10664-1	14	0.21428571428571427	0.21428571428571427	0.5714285714285714	constant	0.5714285714285714	0.4285714285714286	instable	instable_no_stable_identity	instable
uv	RvY_10673-1	14	0.2857142857142857	0.14285714285714285	0.5714285714285714	constant	0.5714285714285714	0.4285714285714286	instable	instable_no_stable_identity	instable
uv	RvY_10676-1	14	0.21428571428571427	0.21428571428571427	0.5714285714285714	constant	0.5714285714285714	0.4285714285714286	instable	instable_no_stable_identity	instable
uv	RvY_10685-1	14	0.42857142857142855	0	0.5714285714285714	constant	0.5714285714285714	0.4285714285714286	instable	instable_no_stable_identity	instable
uv	RvY_10702-1	14	0	0.5714285714285714	0.42857142857142855	down	0.5714285714285714	0.4285714285714286	instable	instable_no_stable_identity	instable
uv	RvY_10704-1	14	0.5714285714285714	0.07142857142857142	0.35714285714285715	up	0.5714285714285714	0.4285714285714286	instable	instable_no_stable_identity	instable
uv	RvY_10705-1	14	0.42857142857142855	0	0.5714285714285714	constant	0.5714285714285714	0.4285714285714286	instable	instable_no_stable_identity	instable
uv	RvY_10708-1	14	0.42857142857142855	0	0.5714285714285714	constant	0.5714285714285714	0.4285714285714286	instable	instable_no_stable_identity	instable
uv	RvY_10731-1	14	0	0.42857142857142855	0.5714285714285714	constant	0.5714285714285714	0.4285714285714286	instable	instable_no_stable_identity	instable
uv	RvY_10737	14	0.42857142857142855	0	0.5714285714285714	constant	0.5714285714285714	0.4285714285714286	instable	instable_no_stable_identity	instable
uv	RvY_10741-1	14	0.21428571428571427	0.21428571428571427	0.5714285714285714	constant	0.5714285714285714	0.4285714285714286	instable	instable_no_stable_identity	instable
uv	RvY_10746-1	14	0.5714285714285714	0	0.42857142857142855	up	0.5714285714285714	0.4285714285714286	instable	instable_no_stable_identity	instable
uv	RvY_10747-1	14	0.42857142857142855	0	0.5714285714285714	constant	0.5714285714285714	0.4285714285714286	instable	instable_no_stable_identity	instable
uv	RvY_10752	14	0.14285714285714285	0.2857142857142857	0.5714285714285714	constant	0.5714285714285714	0.4285714285714286	instable	instable_no_stable_identity	instable
uv	RvY_10772-1	14	0.21428571428571427	0.21428571428571427	0.5714285714285714	constant	0.5714285714285714	0.4285714285714286	instable	instable_no_stable_identity	instable
uv	RvY_10774	14	0.07142857142857142	0.35714285714285715	0.5714285714285714	constant	0.5714285714285714	0.4285714285714286	instable	instable_no_stable_identity	instable
uv	RvY_10799-1	14	0.14285714285714285	0.2857142857142857	0.5714285714285714	constant	0.5714285714285714	0.4285714285714286	instable	instable_no_stable_identity	instable
uv	RvY_10810-1	14	0.42857142857142855	0	0.5714285714285714	constant	0.5714285714285714	0.4285714285714286	instable	instable_no_stable_identity	instable
uv	RvY_10811-1	14	0.5714285714285714	0	0.42857142857142855	up	0.5714285714285714	0.4285714285714286	instable	instable_no_stable_identity	instable
uv	RvY_10813	14	0.21428571428571427	0.21428571428571427	0.5714285714285714	constant	0.5714285714285714	0.4285714285714286	instable	instable_no_stable_identity	instable
uv	RvY_10816-1	14	0.07142857142857142	0.5714285714285714	0.35714285714285715	down	0.5714285714285714	0.4285714285714286	instable	instable_no_stable_identity	instable
uv	RvY_10820	14	0.5714285714285714	0	0.42857142857142855	up	0.5714285714285714	0.4285714285714286	instable	instable_no_stable_identity	instable
uv	RvY_10822-1	14	0.5714285714285714	0.07142857142857142	0.35714285714285715	up	0.5714285714285714	0.4285714285714286	instable	instable_no_stable_identity	instable
uv	RvY_10825-1	14	0.21428571428571427	0.21428571428571427	0.5714285714285714	constant	0.5714285714285714	0.4285714285714286	instable	instable_no_stable_identity	instable
uv	RvY_10827-1	14	0	0.5714285714285714	0.42857142857142855	down	0.5714285714285714	0.4285714285714286	instable	instable_no_stable_identity	instable
uv	RvY_10829	14	0	0.5714285714285714	0.42857142857142855	down	0.5714285714285714	0.4285714285714286	instable	instable_no_stable_identity	instable
uv	RvY_10838-1	14	0.35714285714285715	0.07142857142857142	0.5714285714285714	constant	0.5714285714285714	0.4285714285714286	instable	instable_no_stable_identity	instable
uv	RvY_10856-1	14	0.5714285714285714	0.07142857142857142	0.35714285714285715	up	0.5714285714285714	0.4285714285714286	instable	instable_no_stable_identity	instable
uv	RvY_10887-1	14	0	0.42857142857142855	0.5714285714285714	constant	0.5714285714285714	0.4285714285714286	instable	instable_no_stable_identity	instable
uv	RvY_10922	14	0	0.5714285714285714	0.42857142857142855	down	0.5714285714285714	0.4285714285714286	instable	instable_no_stable_identity	instable
uv	RvY_10928	14	0.14285714285714285	0.2857142857142857	0.5714285714285714	constant	0.5714285714285714	0.4285714285714286	instable	instable_no_stable_identity	instable
uv	RvY_10944-1	14	0.42857142857142855	0	0.5714285714285714	constant	0.5714285714285714	0.4285714285714286	instable	instable_no_stable_identity	instable
uv	RvY_10945	14	0.07142857142857142	0.35714285714285715	0.5714285714285714	constant	0.5714285714285714	0.4285714285714286	instable	instable_no_stable_identity	instable
uv	RvY_10955	14	0.2857142857142857	0.5714285714285714	0.14285714285714285	down	0.5714285714285714	0.4285714285714286	instable	instable_no_stable_identity	instable
uv	RvY_10963-1	14	0.07142857142857142	0.5714285714285714	0.35714285714285715	down	0.5714285714285714	0.4285714285714286	instable	instable_no_stable_identity	instable
uv	RvY_10965-1	14	0.42857142857142855	0	0.5714285714285714	constant	0.5714285714285714	0.4285714285714286	instable	instable_no_stable_identity	instable
uv	RvY_10970	14	0	0.5714285714285714	0.42857142857142855	down	0.5714285714285714	0.4285714285714286	instable	instable_no_stable_identity	instable
uv	RvY_10995-1	14	0	0.5714285714285714	0.42857142857142855	down	0.5714285714285714	0.4285714285714286	instable	instable_no_stable_identity	instable
uv	RvY_10999-1	14	0.07142857142857142	0.5714285714285714	0.35714285714285715	down	0.5714285714285714	0.4285714285714286	instable	instable_no_stable_identity	instable
uv	RvY_11004	14	0	0.5714285714285714	0.42857142857142855	down	0.5714285714285714	0.4285714285714286	instable	instable_no_stable_identity	instable
uv	RvY_11013-1	14	0.5714285714285714	0	0.42857142857142855	up	0.5714285714285714	0.4285714285714286	instable	instable_no_stable_identity	instable
uv	RvY_11027-1	14	0.5714285714285714	0	0.42857142857142855	up	0.5714285714285714	0.4285714285714286	instable	instable_no_stable_identity	instable
uv	RvY_11028-1	14	0.21428571428571427	0.21428571428571427	0.5714285714285714	constant	0.5714285714285714	0.4285714285714286	instable	instable_no_stable_identity	instable
uv	RvY_11036-1	14	0.2857142857142857	0.14285714285714285	0.5714285714285714	constant	0.5714285714285714	0.4285714285714286	instable	instable_no_stable_identity	instable
uv	RvY_11051-1	14	0.07142857142857142	0.5714285714285714	0.35714285714285715	down	0.5714285714285714	0.4285714285714286	instable	instable_no_stable_identity	instable
uv	RvY_11054-1	14	0.42857142857142855	0	0.5714285714285714	constant	0.5714285714285714	0.4285714285714286	instable	instable_no_stable_identity	instable
uv	RvY_11059-1	14	0.42857142857142855	0	0.5714285714285714	constant	0.5714285714285714	0.4285714285714286	instable	instable_no_stable_identity	instable
uv	RvY_11069-1	14	0.5714285714285714	0.21428571428571427	0.21428571428571427	up	0.5714285714285714	0.4285714285714286	instable	instable_no_stable_identity	instable
uv	RvY_11072-1	14	0	0.5714285714285714	0.42857142857142855	down	0.5714285714285714	0.4285714285714286	instable	instable_no_stable_identity	instable
uv	RvY_11080-1	14	0.42857142857142855	0	0.5714285714285714	constant	0.5714285714285714	0.4285714285714286	instable	instable_no_stable_identity	instable
uv	RvY_11081-1	14	0.07142857142857142	0.35714285714285715	0.5714285714285714	constant	0.5714285714285714	0.4285714285714286	instable	instable_no_stable_identity	instable
uv	RvY_11112-1	14	0	0.42857142857142855	0.5714285714285714	constant	0.5714285714285714	0.4285714285714286	instable	instable_no_stable_identity	instable
uv	RvY_11116-1	14	0.5714285714285714	0.07142857142857142	0.35714285714285715	up	0.5714285714285714	0.4285714285714286	instable	instable_no_stable_identity	instable
uv	RvY_11117-1	14	0.5714285714285714	0	0.42857142857142855	up	0.5714285714285714	0.4285714285714286	instable	instable_no_stable_identity	instable
uv	RvY_11126	14	0	0.42857142857142855	0.5714285714285714	constant	0.5714285714285714	0.4285714285714286	instable	instable_no_stable_identity	instable
uv	RvY_11139-1	14	0	0.42857142857142855	0.5714285714285714	constant	0.5714285714285714	0.4285714285714286	instable	instable_no_stable_identity	instable
uv	RvY_11155-1	14	0	0.42857142857142855	0.5714285714285714	constant	0.5714285714285714	0.4285714285714286	instable	instable_no_stable_identity	instable
uv	RvY_11157-1	14	0.2857142857142857	0.14285714285714285	0.5714285714285714	constant	0.5714285714285714	0.4285714285714286	instable	instable_no_stable_identity	instable
uv	RvY_11161	14	0.07142857142857142	0.5714285714285714	0.35714285714285715	down	0.5714285714285714	0.4285714285714286	instable	instable_no_stable_identity	instable
uv	RvY_11165-1	14	0.5714285714285714	0.07142857142857142	0.35714285714285715	up	0.5714285714285714	0.4285714285714286	instable	instable_no_stable_identity	instable
uv	RvY_11169-1	14	0.42857142857142855	0	0.5714285714285714	constant	0.5714285714285714	0.4285714285714286	instable	instable_no_stable_identity	instable
uv	RvY_11201	14	0.07142857142857142	0.35714285714285715	0.5714285714285714	constant	0.5714285714285714	0.4285714285714286	instable	instable_no_stable_identity	instable
uv	RvY_11246-1	14	0.21428571428571427	0.5714285714285714	0.21428571428571427	down	0.5714285714285714	0.4285714285714286	instable	instable_no_stable_identity	instable
uv	RvY_11258-1	14	0.5714285714285714	0.07142857142857142	0.35714285714285715	up	0.5714285714285714	0.4285714285714286	instable	instable_no_stable_identity	instable
uv	RvY_11260-1	14	0.42857142857142855	0	0.5714285714285714	constant	0.5714285714285714	0.4285714285714286	instable	instable_no_stable_identity	instable
uv	RvY_11263-1	14	0.5714285714285714	0	0.42857142857142855	up	0.5714285714285714	0.4285714285714286	instable	instable_no_stable_identity	instable
uv	RvY_11264-1	14	0	0.42857142857142855	0.5714285714285714	constant	0.5714285714285714	0.4285714285714286	instable	instable_no_stable_identity	instable
uv	RvY_11286-1	14	0.14285714285714285	0.2857142857142857	0.5714285714285714	constant	0.5714285714285714	0.4285714285714286	instable	instable_no_stable_identity	instable
uv	RvY_11288-1	14	0	0.5714285714285714	0.42857142857142855	down	0.5714285714285714	0.4285714285714286	instable	instable_no_stable_identity	instable
uv	RvY_11292-1	14	0.2857142857142857	0.14285714285714285	0.5714285714285714	constant	0.5714285714285714	0.4285714285714286	instable	instable_no_stable_identity	instable
uv	RvY_11296-1	14	0.35714285714285715	0.07142857142857142	0.5714285714285714	constant	0.5714285714285714	0.4285714285714286	instable	instable_no_stable_identity	instable
uv	RvY_11298-1	14	0.2857142857142857	0.14285714285714285	0.5714285714285714	constant	0.5714285714285714	0.4285714285714286	instable	instable_no_stable_identity	instable
uv	RvY_11319	14	0.2857142857142857	0.14285714285714285	0.5714285714285714	constant	0.5714285714285714	0.4285714285714286	instable	instable_no_stable_identity	instable
uv	RvY_11320	14	0	0.42857142857142855	0.5714285714285714	constant	0.5714285714285714	0.4285714285714286	instable	instable_no_stable_identity	instable
uv	RvY_11327-1	14	0.2857142857142857	0.14285714285714285	0.5714285714285714	constant	0.5714285714285714	0.4285714285714286	instable	instable_no_stable_identity	instable
uv	RvY_11334-1	14	0	0.42857142857142855	0.5714285714285714	constant	0.5714285714285714	0.4285714285714286	instable	instable_no_stable_identity	instable
uv	RvY_11348-1	14	0	0.5714285714285714	0.42857142857142855	down	0.5714285714285714	0.4285714285714286	instable	instable_no_stable_identity	instable
uv	RvY_11351	14	0	0.5714285714285714	0.42857142857142855	down	0.5714285714285714	0.4285714285714286	instable	instable_no_stable_identity	instable
uv	RvY_11363-1	14	0	0.42857142857142855	0.5714285714285714	constant	0.5714285714285714	0.4285714285714286	instable	instable_no_stable_identity	instable
uv	RvY_11364-1	14	0.5714285714285714	0.2857142857142857	0.14285714285714285	up	0.5714285714285714	0.4285714285714286	instable	instable_no_stable_identity	instable
uv	RvY_11369	14	0.42857142857142855	0	0.5714285714285714	constant	0.5714285714285714	0.4285714285714286	instable	instable_no_stable_identity	instable
uv	RvY_11373-1	14	0.35714285714285715	0.07142857142857142	0.5714285714285714	constant	0.5714285714285714	0.4285714285714286	instable	instable_no_stable_identity	instable
uv	RvY_11375	14	0.5714285714285714	0.07142857142857142	0.35714285714285715	up	0.5714285714285714	0.4285714285714286	instable	instable_no_stable_identity	instable
uv	RvY_11382-1	14	0	0.5714285714285714	0.42857142857142855	down	0.5714285714285714	0.4285714285714286	instable	instable_no_stable_identity	instable
uv	RvY_11414-1	14	0.5714285714285714	0.07142857142857142	0.35714285714285715	up	0.5714285714285714	0.4285714285714286	instable	instable_no_stable_identity	instable
uv	RvY_11427-1	14	0.2857142857142857	0.14285714285714285	0.5714285714285714	constant	0.5714285714285714	0.4285714285714286	instable	instable_no_stable_identity	instable
uv	RvY_11429-1	14	0	0.42857142857142855	0.5714285714285714	constant	0.5714285714285714	0.4285714285714286	instable	instable_no_stable_identity	instable
uv	RvY_11435-1	14	0	0.5714285714285714	0.42857142857142855	down	0.5714285714285714	0.4285714285714286	instable	instable_no_stable_identity	instable
uv	RvY_11441-1	14	0	0.42857142857142855	0.5714285714285714	constant	0.5714285714285714	0.4285714285714286	instable	instable_no_stable_identity	instable
uv	RvY_11451-1	14	0.14285714285714285	0.2857142857142857	0.5714285714285714	constant	0.5714285714285714	0.4285714285714286	instable	instable_no_stable_identity	instable
uv	RvY_11474-1	14	0.07142857142857142	0.5714285714285714	0.35714285714285715	down	0.5714285714285714	0.4285714285714286	instable	instable_no_stable_identity	instable
uv	RvY_11483-1	14	0.42857142857142855	0	0.5714285714285714	constant	0.5714285714285714	0.4285714285714286	instable	instable_no_stable_identity	instable
uv	RvY_11495-1	14	0.07142857142857142	0.35714285714285715	0.5714285714285714	constant	0.5714285714285714	0.4285714285714286	instable	instable_no_stable_identity	instable
uv	RvY_11496	14	0.42857142857142855	0	0.5714285714285714	constant	0.5714285714285714	0.4285714285714286	instable	instable_no_stable_identity	instable
uv	RvY_11497	14	0.2857142857142857	0.14285714285714285	0.5714285714285714	constant	0.5714285714285714	0.4285714285714286	instable	instable_no_stable_identity	instable
uv	RvY_11504-1	14	0	0.42857142857142855	0.5714285714285714	constant	0.5714285714285714	0.4285714285714286	instable	instable_no_stable_identity	instable
uv	RvY_11515-1	14	0.42857142857142855	0	0.5714285714285714	constant	0.5714285714285714	0.4285714285714286	instable	instable_no_stable_identity	instable
uv	RvY_11518	14	0	0.5714285714285714	0.42857142857142855	down	0.5714285714285714	0.4285714285714286	instable	instable_no_stable_identity	instable
uv	RvY_11519-1	14	0	0.5714285714285714	0.42857142857142855	down	0.5714285714285714	0.4285714285714286	instable	instable_no_stable_identity	instable
uv	RvY_11555-1	14	0	0.42857142857142855	0.5714285714285714	constant	0.5714285714285714	0.4285714285714286	instable	instable_no_stable_identity	instable
uv	RvY_11569-1	14	0	0.42857142857142855	0.5714285714285714	constant	0.5714285714285714	0.4285714285714286	instable	instable_no_stable_identity	instable
uv	RvY_11582	14	0	0.42857142857142855	0.5714285714285714	constant	0.5714285714285714	0.4285714285714286	instable	instable_no_stable_identity	instable
uv	RvY_11585-1	14	0.42857142857142855	0	0.5714285714285714	constant	0.5714285714285714	0.4285714285714286	instable	instable_no_stable_identity	instable
uv	RvY_11594	14	0.21428571428571427	0.21428571428571427	0.5714285714285714	constant	0.5714285714285714	0.4285714285714286	instable	instable_no_stable_identity	instable
uv	RvY_11603-1	14	0.42857142857142855	0	0.5714285714285714	constant	0.5714285714285714	0.4285714285714286	instable	instable_no_stable_identity	instable
uv	RvY_11640-1	14	0.5714285714285714	0.07142857142857142	0.35714285714285715	up	0.5714285714285714	0.4285714285714286	instable	instable_no_stable_identity	instable
uv	RvY_11665-1	14	0.21428571428571427	0.21428571428571427	0.5714285714285714	constant	0.5714285714285714	0.4285714285714286	instable	instable_no_stable_identity	instable
uv	RvY_11674-2	14	0.2857142857142857	0.14285714285714285	0.5714285714285714	constant	0.5714285714285714	0.4285714285714286	instable	instable_no_stable_identity	instable
uv	RvY_11678	14	0.2857142857142857	0.14285714285714285	0.5714285714285714	constant	0.5714285714285714	0.4285714285714286	instable	instable_no_stable_identity	instable
uv	RvY_11683-1	14	0.5714285714285714	0.21428571428571427	0.21428571428571427	up	0.5714285714285714	0.4285714285714286	instable	instable_no_stable_identity	instable
uv	RvY_11707-1	14	0.07142857142857142	0.35714285714285715	0.5714285714285714	constant	0.5714285714285714	0.4285714285714286	instable	instable_no_stable_identity	instable
uv	RvY_11711-1	14	0.5714285714285714	0.07142857142857142	0.35714285714285715	up	0.5714285714285714	0.4285714285714286	instable	instable_no_stable_identity	instable
uv	RvY_11715-1	14	0.21428571428571427	0.5714285714285714	0.21428571428571427	down	0.5714285714285714	0.4285714285714286	instable	instable_no_stable_identity	instable
uv	RvY_11742-1	14	0.5714285714285714	0	0.42857142857142855	up	0.5714285714285714	0.4285714285714286	instable	instable_no_stable_identity	instable
uv	RvY_11767-1	14	0.07142857142857142	0.35714285714285715	0.5714285714285714	constant	0.5714285714285714	0.4285714285714286	instable	instable_no_stable_identity	instable
uv	RvY_11769	14	0.35714285714285715	0.07142857142857142	0.5714285714285714	constant	0.5714285714285714	0.4285714285714286	instable	instable_no_stable_identity	instable
uv	RvY_11789-1	14	0.14285714285714285	0.5714285714285714	0.2857142857142857	down	0.5714285714285714	0.4285714285714286	instable	instable_no_stable_identity	instable
uv	RvY_11790-1	14	0.14285714285714285	0.5714285714285714	0.2857142857142857	down	0.5714285714285714	0.4285714285714286	instable	instable_no_stable_identity	instable
uv	RvY_11796-1	14	0	0.5714285714285714	0.42857142857142855	down	0.5714285714285714	0.4285714285714286	instable	instable_no_stable_identity	instable
uv	RvY_11802-1	14	0.42857142857142855	0	0.5714285714285714	constant	0.5714285714285714	0.4285714285714286	instable	instable_no_stable_identity	instable
uv	RvY_11808-1	14	0	0.5714285714285714	0.42857142857142855	down	0.5714285714285714	0.4285714285714286	instable	instable_no_stable_identity	instable
uv	RvY_11810-1	14	0	0.42857142857142855	0.5714285714285714	constant	0.5714285714285714	0.4285714285714286	instable	instable_no_stable_identity	instable
uv	RvY_11821-1	14	0.5714285714285714	0.07142857142857142	0.35714285714285715	up	0.5714285714285714	0.4285714285714286	instable	instable_no_stable_identity	instable
uv	RvY_11837-1	14	0	0.5714285714285714	0.42857142857142855	down	0.5714285714285714	0.4285714285714286	instable	instable_no_stable_identity	instable
uv	RvY_11851-1	14	0	0.42857142857142855	0.5714285714285714	constant	0.5714285714285714	0.4285714285714286	instable	instable_no_stable_identity	instable
uv	RvY_11855-1	14	0.42857142857142855	0	0.5714285714285714	constant	0.5714285714285714	0.4285714285714286	instable	instable_no_stable_identity	instable
uv	RvY_11861-1	14	0	0.5714285714285714	0.42857142857142855	down	0.5714285714285714	0.4285714285714286	instable	instable_no_stable_identity	instable
uv	RvY_11877-1	14	0.07142857142857142	0.35714285714285715	0.5714285714285714	constant	0.5714285714285714	0.4285714285714286	instable	instable_no_stable_identity	instable
uv	RvY_11888-1	14	0	0.42857142857142855	0.5714285714285714	constant	0.5714285714285714	0.4285714285714286	instable	instable_no_stable_identity	instable
uv	RvY_11913-1	14	0.21428571428571427	0.21428571428571427	0.5714285714285714	constant	0.5714285714285714	0.4285714285714286	instable	instable_no_stable_identity	instable
uv	RvY_11918-1	14	0.5714285714285714	0.14285714285714285	0.2857142857142857	up	0.5714285714285714	0.4285714285714286	instable	instable_no_stable_identity	instable
uv	RvY_11938	14	0	0.5714285714285714	0.42857142857142855	down	0.5714285714285714	0.4285714285714286	instable	instable_no_stable_identity	instable
uv	RvY_11944	14	0.42857142857142855	0	0.5714285714285714	constant	0.5714285714285714	0.4285714285714286	instable	instable_no_stable_identity	instable
uv	RvY_11966	14	0.5714285714285714	0	0.42857142857142855	up	0.5714285714285714	0.4285714285714286	instable	instable_no_stable_identity	instable
uv	RvY_11973-1	14	0.5714285714285714	0.07142857142857142	0.35714285714285715	up	0.5714285714285714	0.4285714285714286	instable	instable_no_stable_identity	instable
uv	RvY_11974-1	14	0.42857142857142855	0	0.5714285714285714	constant	0.5714285714285714	0.4285714285714286	instable	instable_no_stable_identity	instable
uv	RvY_11977-1	14	0.21428571428571427	0.5714285714285714	0.21428571428571427	down	0.5714285714285714	0.4285714285714286	instable	instable_no_stable_identity	instable
uv	RvY_11982-1	14	0.35714285714285715	0.07142857142857142	0.5714285714285714	constant	0.5714285714285714	0.4285714285714286	instable	instable_no_stable_identity	instable
uv	RvY_11997-1	14	0	0.42857142857142855	0.5714285714285714	constant	0.5714285714285714	0.4285714285714286	instable	instable_no_stable_identity	instable
uv	RvY_12018-1	14	0.5714285714285714	0.07142857142857142	0.35714285714285715	up	0.5714285714285714	0.4285714285714286	instable	instable_no_stable_identity	instable
uv	RvY_12019-1	14	0.2857142857142857	0.14285714285714285	0.5714285714285714	constant	0.5714285714285714	0.4285714285714286	instable	instable_no_stable_identity	instable
uv	RvY_12020-1	14	0.42857142857142855	0	0.5714285714285714	constant	0.5714285714285714	0.4285714285714286	instable	instable_no_stable_identity	instable
uv	RvY_12021-1	14	0.42857142857142855	0	0.5714285714285714	constant	0.5714285714285714	0.4285714285714286	instable	instable_no_stable_identity	instable
uv	RvY_12044-1	14	0.2857142857142857	0.14285714285714285	0.5714285714285714	constant	0.5714285714285714	0.4285714285714286	instable	instable_no_stable_identity	instable
uv	RvY_12052-1	14	0.07142857142857142	0.35714285714285715	0.5714285714285714	constant	0.5714285714285714	0.4285714285714286	instable	instable_no_stable_identity	instable
uv	RvY_12061-1	14	0	0.5714285714285714	0.42857142857142855	down	0.5714285714285714	0.4285714285714286	instable	instable_no_stable_identity	instable
uv	RvY_12076-1	14	0.14285714285714285	0.5714285714285714	0.2857142857142857	down	0.5714285714285714	0.4285714285714286	instable	instable_no_stable_identity	instable
uv	RvY_12089-1	14	0.42857142857142855	0	0.5714285714285714	constant	0.5714285714285714	0.4285714285714286	instable	instable_no_stable_identity	instable
uv	RvY_12097-1	14	0	0.5714285714285714	0.42857142857142855	down	0.5714285714285714	0.4285714285714286	instable	instable_no_stable_identity	instable
uv	RvY_12099	14	0.07142857142857142	0.35714285714285715	0.5714285714285714	constant	0.5714285714285714	0.4285714285714286	instable	instable_no_stable_identity	instable
uv	RvY_12101-1	14	0.42857142857142855	0	0.5714285714285714	constant	0.5714285714285714	0.4285714285714286	instable	instable_no_stable_identity	instable
uv	RvY_12125-1	14	0.42857142857142855	0	0.5714285714285714	constant	0.5714285714285714	0.4285714285714286	instable	instable_no_stable_identity	instable
uv	RvY_12126	14	0.42857142857142855	0	0.5714285714285714	constant	0.5714285714285714	0.4285714285714286	instable	instable_no_stable_identity	instable
uv	RvY_12142-1	14	0.35714285714285715	0.07142857142857142	0.5714285714285714	constant	0.5714285714285714	0.4285714285714286	instable	instable_no_stable_identity	instable
uv	RvY_12149-1	14	0.5714285714285714	0	0.42857142857142855	up	0.5714285714285714	0.4285714285714286	instable	instable_no_stable_identity	instable
uv	RvY_12151-1	14	0.07142857142857142	0.35714285714285715	0.5714285714285714	constant	0.5714285714285714	0.4285714285714286	instable	instable_no_stable_identity	instable
uv	RvY_12157-1	14	0.5714285714285714	0	0.42857142857142855	up	0.5714285714285714	0.4285714285714286	instable	instable_no_stable_identity	instable
uv	RvY_12165-1	14	0.5714285714285714	0.14285714285714285	0.2857142857142857	up	0.5714285714285714	0.4285714285714286	instable	instable_no_stable_identity	instable
uv	RvY_12166-1	14	0.42857142857142855	0	0.5714285714285714	constant	0.5714285714285714	0.4285714285714286	instable	instable_no_stable_identity	instable
uv	RvY_12168	14	0.21428571428571427	0.5714285714285714	0.21428571428571427	down	0.5714285714285714	0.4285714285714286	instable	instable_no_stable_identity	instable
uv	RvY_12183-1	14	0.14285714285714285	0.5714285714285714	0.2857142857142857	down	0.5714285714285714	0.4285714285714286	instable	instable_no_stable_identity	instable
uv	RvY_12207-1	14	0.5714285714285714	0.2857142857142857	0.14285714285714285	up	0.5714285714285714	0.4285714285714286	instable	instable_no_stable_identity	instable
uv	RvY_12210-1	14	0.5714285714285714	0	0.42857142857142855	up	0.5714285714285714	0.4285714285714286	instable	instable_no_stable_identity	instable
uv	RvY_12215	14	0.42857142857142855	0	0.5714285714285714	constant	0.5714285714285714	0.4285714285714286	instable	instable_no_stable_identity	instable
uv	RvY_12231-1	14	0	0.5714285714285714	0.42857142857142855	down	0.5714285714285714	0.4285714285714286	instable	instable_no_stable_identity	instable
uv	RvY_12234-1	14	0	0.42857142857142855	0.5714285714285714	constant	0.5714285714285714	0.4285714285714286	instable	instable_no_stable_identity	instable
uv	RvY_12238-1	14	0.07142857142857142	0.5714285714285714	0.35714285714285715	down	0.5714285714285714	0.4285714285714286	instable	instable_no_stable_identity	instable
uv	RvY_12240-1	14	0.35714285714285715	0.07142857142857142	0.5714285714285714	constant	0.5714285714285714	0.4285714285714286	instable	instable_no_stable_identity	instable
uv	RvY_12259-1	14	0.5714285714285714	0.07142857142857142	0.35714285714285715	up	0.5714285714285714	0.4285714285714286	instable	instable_no_stable_identity	instable
uv	RvY_12262-1	14	0.07142857142857142	0.5714285714285714	0.35714285714285715	down	0.5714285714285714	0.4285714285714286	instable	instable_no_stable_identity	instable
uv	RvY_12266-1	14	0.35714285714285715	0.07142857142857142	0.5714285714285714	constant	0.5714285714285714	0.4285714285714286	instable	instable_no_stable_identity	instable
uv	RvY_12290-1	14	0.5714285714285714	0	0.42857142857142855	up	0.5714285714285714	0.4285714285714286	instable	instable_no_stable_identity	instable
uv	RvY_12309	14	0	0.5714285714285714	0.42857142857142855	down	0.5714285714285714	0.4285714285714286	instable	instable_no_stable_identity	instable
uv	RvY_12314-1	14	0.5714285714285714	0.07142857142857142	0.35714285714285715	up	0.5714285714285714	0.4285714285714286	instable	instable_no_stable_identity	instable
uv	RvY_12320-1	14	0.21428571428571427	0.21428571428571427	0.5714285714285714	constant	0.5714285714285714	0.4285714285714286	instable	instable_no_stable_identity	instable
uv	RvY_12321-1	14	0	0.42857142857142855	0.5714285714285714	constant	0.5714285714285714	0.4285714285714286	instable	instable_no_stable_identity	instable
uv	RvY_12356-1	14	0	0.42857142857142855	0.5714285714285714	constant	0.5714285714285714	0.4285714285714286	instable	instable_no_stable_identity	instable
uv	RvY_12373	14	0.21428571428571427	0.21428571428571427	0.5714285714285714	constant	0.5714285714285714	0.4285714285714286	instable	instable_no_stable_identity	instable
uv	RvY_12384-1	14	0.42857142857142855	0	0.5714285714285714	constant	0.5714285714285714	0.4285714285714286	instable	instable_no_stable_identity	instable
uv	RvY_12414-1	14	0.2857142857142857	0.14285714285714285	0.5714285714285714	constant	0.5714285714285714	0.4285714285714286	instable	instable_no_stable_identity	instable
uv	RvY_12422-1	14	0.42857142857142855	0	0.5714285714285714	constant	0.5714285714285714	0.4285714285714286	instable	instable_no_stable_identity	instable
uv	RvY_12423-1	14	0.42857142857142855	0	0.5714285714285714	constant	0.5714285714285714	0.4285714285714286	instable	instable_no_stable_identity	instable
uv	RvY_12436-1	14	0	0.5714285714285714	0.42857142857142855	down	0.5714285714285714	0.4285714285714286	instable	instable_no_stable_identity	instable
uv	RvY_12451-1	14	0.42857142857142855	0	0.5714285714285714	constant	0.5714285714285714	0.4285714285714286	instable	instable_no_stable_identity	instable
uv	RvY_12455-1	14	0.07142857142857142	0.35714285714285715	0.5714285714285714	constant	0.5714285714285714	0.4285714285714286	instable	instable_no_stable_identity	instable
uv	RvY_12464-1	14	0.14285714285714285	0.2857142857142857	0.5714285714285714	constant	0.5714285714285714	0.4285714285714286	instable	instable_no_stable_identity	instable
uv	RvY_12479	14	0.14285714285714285	0.2857142857142857	0.5714285714285714	constant	0.5714285714285714	0.4285714285714286	instable	instable_no_stable_identity	instable
uv	RvY_12483-1	14	0.21428571428571427	0.5714285714285714	0.21428571428571427	down	0.5714285714285714	0.4285714285714286	instable	instable_no_stable_identity	instable
uv	RvY_12490-1	14	0.07142857142857142	0.35714285714285715	0.5714285714285714	constant	0.5714285714285714	0.4285714285714286	instable	instable_no_stable_identity	instable
uv	RvY_12501-1	14	0.5714285714285714	0	0.42857142857142855	up	0.5714285714285714	0.4285714285714286	instable	instable_no_stable_identity	instable
uv	RvY_12517-1	14	0.14285714285714285	0.5714285714285714	0.2857142857142857	down	0.5714285714285714	0.4285714285714286	instable	instable_no_stable_identity	instable
uv	RvY_12528-1	14	0.14285714285714285	0.2857142857142857	0.5714285714285714	constant	0.5714285714285714	0.4285714285714286	instable	instable_no_stable_identity	instable
uv	RvY_12530-1	14	0	0.42857142857142855	0.5714285714285714	constant	0.5714285714285714	0.4285714285714286	instable	instable_no_stable_identity	instable
uv	RvY_12537-1	14	0.14285714285714285	0.2857142857142857	0.5714285714285714	constant	0.5714285714285714	0.4285714285714286	instable	instable_no_stable_identity	instable
uv	RvY_12538-1	14	0	0.5714285714285714	0.42857142857142855	down	0.5714285714285714	0.4285714285714286	instable	instable_no_stable_identity	instable
uv	RvY_12549-1	14	0	0.42857142857142855	0.5714285714285714	constant	0.5714285714285714	0.4285714285714286	instable	instable_no_stable_identity	instable
uv	RvY_12555	14	0.14285714285714285	0.2857142857142857	0.5714285714285714	constant	0.5714285714285714	0.4285714285714286	instable	instable_no_stable_identity	instable
uv	RvY_12587-1	14	0.42857142857142855	0	0.5714285714285714	constant	0.5714285714285714	0.4285714285714286	instable	instable_no_stable_identity	instable
uv	RvY_12590	14	0.42857142857142855	0	0.5714285714285714	constant	0.5714285714285714	0.4285714285714286	instable	instable_no_stable_identity	instable
uv	RvY_12592-1	14	0.14285714285714285	0.2857142857142857	0.5714285714285714	constant	0.5714285714285714	0.4285714285714286	instable	instable_no_stable_identity	instable
uv	RvY_12612-1	14	0.14285714285714285	0.2857142857142857	0.5714285714285714	constant	0.5714285714285714	0.4285714285714286	instable	instable_no_stable_identity	instable
uv	RvY_12614	14	0.2857142857142857	0.14285714285714285	0.5714285714285714	constant	0.5714285714285714	0.4285714285714286	instable	instable_no_stable_identity	instable
uv	RvY_12622-1	14	0.35714285714285715	0.07142857142857142	0.5714285714285714	constant	0.5714285714285714	0.4285714285714286	instable	instable_no_stable_identity	instable
uv	RvY_12626	14	0.14285714285714285	0.2857142857142857	0.5714285714285714	constant	0.5714285714285714	0.4285714285714286	instable	instable_no_stable_identity	instable
uv	RvY_12628-1	14	0.14285714285714285	0.2857142857142857	0.5714285714285714	constant	0.5714285714285714	0.4285714285714286	instable	instable_no_stable_identity	instable
uv	RvY_12643	14	0	0.5714285714285714	0.42857142857142855	down	0.5714285714285714	0.4285714285714286	instable	instable_no_stable_identity	instable
uv	RvY_12644-1	14	0.42857142857142855	0	0.5714285714285714	constant	0.5714285714285714	0.4285714285714286	instable	instable_no_stable_identity	instable
uv	RvY_12647-1	14	0.14285714285714285	0.5714285714285714	0.2857142857142857	down	0.5714285714285714	0.4285714285714286	instable	instable_no_stable_identity	instable
uv	RvY_12658-1	14	0.42857142857142855	0	0.5714285714285714	constant	0.5714285714285714	0.4285714285714286	instable	instable_no_stable_identity	instable
uv	RvY_12661-1	14	0.2857142857142857	0.14285714285714285	0.5714285714285714	constant	0.5714285714285714	0.4285714285714286	instable	instable_no_stable_identity	instable
uv	RvY_12663-1	14	0.35714285714285715	0.07142857142857142	0.5714285714285714	constant	0.5714285714285714	0.4285714285714286	instable	instable_no_stable_identity	instable
uv	RvY_12672-1	14	0	0.5714285714285714	0.42857142857142855	down	0.5714285714285714	0.4285714285714286	instable	instable_no_stable_identity	instable
uv	RvY_12678-1	14	0	0.42857142857142855	0.5714285714285714	constant	0.5714285714285714	0.4285714285714286	instable	instable_no_stable_identity	instable
uv	RvY_12681-1	14	0.14285714285714285	0.2857142857142857	0.5714285714285714	constant	0.5714285714285714	0.4285714285714286	instable	instable_no_stable_identity	instable
uv	RvY_12692-1	14	0	0.5714285714285714	0.42857142857142855	down	0.5714285714285714	0.4285714285714286	instable	instable_no_stable_identity	instable
uv	RvY_12693	14	0	0.5714285714285714	0.42857142857142855	down	0.5714285714285714	0.4285714285714286	instable	instable_no_stable_identity	instable
uv	RvY_12694-1	14	0.07142857142857142	0.35714285714285715	0.5714285714285714	constant	0.5714285714285714	0.4285714285714286	instable	instable_no_stable_identity	instable
uv	RvY_12707-1	14	0.42857142857142855	0	0.5714285714285714	constant	0.5714285714285714	0.4285714285714286	instable	instable_no_stable_identity	instable
uv	RvY_12719-1	14	0.42857142857142855	0	0.5714285714285714	constant	0.5714285714285714	0.4285714285714286	instable	instable_no_stable_identity	instable
uv	RvY_12724-1	14	0.35714285714285715	0.07142857142857142	0.5714285714285714	constant	0.5714285714285714	0.4285714285714286	instable	instable_no_stable_identity	instable
uv	RvY_12738	14	0.07142857142857142	0.5714285714285714	0.35714285714285715	down	0.5714285714285714	0.4285714285714286	instable	instable_no_stable_identity	instable
uv	RvY_12739-1	14	0.14285714285714285	0.2857142857142857	0.5714285714285714	constant	0.5714285714285714	0.4285714285714286	instable	instable_no_stable_identity	instable
uv	RvY_12747-1	14	0.14285714285714285	0.5714285714285714	0.2857142857142857	down	0.5714285714285714	0.4285714285714286	instable	instable_no_stable_identity	instable
uv	RvY_12758-1	14	0.2857142857142857	0.14285714285714285	0.5714285714285714	constant	0.5714285714285714	0.4285714285714286	instable	instable_no_stable_identity	instable
uv	RvY_12761	14	0.21428571428571427	0.21428571428571427	0.5714285714285714	constant	0.5714285714285714	0.4285714285714286	instable	instable_no_stable_identity	instable
uv	RvY_12764-1	14	0.42857142857142855	0	0.5714285714285714	constant	0.5714285714285714	0.4285714285714286	instable	instable_no_stable_identity	instable
uv	RvY_12775-1	14	0.14285714285714285	0.5714285714285714	0.2857142857142857	down	0.5714285714285714	0.4285714285714286	instable	instable_no_stable_identity	instable
uv	RvY_12776-1	14	0.5714285714285714	0	0.42857142857142855	up	0.5714285714285714	0.4285714285714286	instable	instable_no_stable_identity	instable
uv	RvY_12777-1	14	0.2857142857142857	0.14285714285714285	0.5714285714285714	constant	0.5714285714285714	0.4285714285714286	instable	instable_no_stable_identity	instable
uv	RvY_12784-1	14	0.35714285714285715	0.07142857142857142	0.5714285714285714	constant	0.5714285714285714	0.4285714285714286	instable	instable_no_stable_identity	instable
uv	RvY_12802	14	0.35714285714285715	0.07142857142857142	0.5714285714285714	constant	0.5714285714285714	0.4285714285714286	instable	instable_no_stable_identity	instable
uv	RvY_12805-1	14	0	0.5714285714285714	0.42857142857142855	down	0.5714285714285714	0.4285714285714286	instable	instable_no_stable_identity	instable
uv	RvY_12816-1	14	0	0.42857142857142855	0.5714285714285714	constant	0.5714285714285714	0.4285714285714286	instable	instable_no_stable_identity	instable
uv	RvY_12817-1	14	0	0.42857142857142855	0.5714285714285714	constant	0.5714285714285714	0.4285714285714286	instable	instable_no_stable_identity	instable
uv	RvY_12832-1	14	0.35714285714285715	0.07142857142857142	0.5714285714285714	constant	0.5714285714285714	0.4285714285714286	instable	instable_no_stable_identity	instable
uv	RvY_12845-1	14	0.5714285714285714	0.42857142857142855	0	up	0.5714285714285714	0.4285714285714286	instable	instable_no_stable_identity	instable
uv	RvY_12852-1	14	0	0.5714285714285714	0.42857142857142855	down	0.5714285714285714	0.4285714285714286	instable	instable_no_stable_identity	instable
uv	RvY_12853	14	0.07142857142857142	0.5714285714285714	0.35714285714285715	down	0.5714285714285714	0.4285714285714286	instable	instable_no_stable_identity	instable
uv	RvY_12859-1	14	0	0.42857142857142855	0.5714285714285714	constant	0.5714285714285714	0.4285714285714286	instable	instable_no_stable_identity	instable
uv	RvY_12866-1	14	0.21428571428571427	0.21428571428571427	0.5714285714285714	constant	0.5714285714285714	0.4285714285714286	instable	instable_no_stable_identity	instable
uv	RvY_12882-1	14	0.5714285714285714	0	0.42857142857142855	up	0.5714285714285714	0.4285714285714286	instable	instable_no_stable_identity	instable
uv	RvY_12906	14	0.42857142857142855	0	0.5714285714285714	constant	0.5714285714285714	0.4285714285714286	instable	instable_no_stable_identity	instable
uv	RvY_12928-1	14	0.21428571428571427	0.21428571428571427	0.5714285714285714	constant	0.5714285714285714	0.4285714285714286	instable	instable_no_stable_identity	instable
uv	RvY_12930	14	0.07142857142857142	0.5714285714285714	0.35714285714285715	down	0.5714285714285714	0.4285714285714286	instable	instable_no_stable_identity	instable
uv	RvY_12947-1	14	0.5714285714285714	0	0.42857142857142855	up	0.5714285714285714	0.4285714285714286	instable	instable_no_stable_identity	instable
uv	RvY_12949-1	14	0	0.5714285714285714	0.42857142857142855	down	0.5714285714285714	0.4285714285714286	instable	instable_no_stable_identity	instable
uv	RvY_12950-1	14	0.2857142857142857	0.14285714285714285	0.5714285714285714	constant	0.5714285714285714	0.4285714285714286	instable	instable_no_stable_identity	instable
uv	RvY_12965-1	14	0.14285714285714285	0.2857142857142857	0.5714285714285714	constant	0.5714285714285714	0.4285714285714286	instable	instable_no_stable_identity	instable
uv	RvY_12966-1	14	0.14285714285714285	0.5714285714285714	0.2857142857142857	down	0.5714285714285714	0.4285714285714286	instable	instable_no_stable_identity	instable
uv	RvY_12976	14	0.2857142857142857	0.14285714285714285	0.5714285714285714	constant	0.5714285714285714	0.4285714285714286	instable	instable_no_stable_identity	instable
uv	RvY_12979-1	14	0.14285714285714285	0.2857142857142857	0.5714285714285714	constant	0.5714285714285714	0.4285714285714286	instable	instable_no_stable_identity	instable
uv	RvY_12981-1	14	0.42857142857142855	0	0.5714285714285714	constant	0.5714285714285714	0.4285714285714286	instable	instable_no_stable_identity	instable
uv	RvY_12986-1	14	0.21428571428571427	0.21428571428571427	0.5714285714285714	constant	0.5714285714285714	0.4285714285714286	instable	instable_no_stable_identity	instable
uv	RvY_12988-1	14	0.21428571428571427	0.21428571428571427	0.5714285714285714	constant	0.5714285714285714	0.4285714285714286	instable	instable_no_stable_identity	instable
uv	RvY_12995-1	14	0	0.5714285714285714	0.42857142857142855	down	0.5714285714285714	0.4285714285714286	instable	instable_no_stable_identity	instable
uv	RvY_13004	14	0.42857142857142855	0	0.5714285714285714	constant	0.5714285714285714	0.4285714285714286	instable	instable_no_stable_identity	instable
uv	RvY_13007-1	14	0	0.5714285714285714	0.42857142857142855	down	0.5714285714285714	0.4285714285714286	instable	instable_no_stable_identity	instable
uv	RvY_13010-1	14	0.35714285714285715	0.07142857142857142	0.5714285714285714	constant	0.5714285714285714	0.4285714285714286	instable	instable_no_stable_identity	instable
uv	RvY_13012-1	14	0	0.42857142857142855	0.5714285714285714	constant	0.5714285714285714	0.4285714285714286	instable	instable_no_stable_identity	instable
uv	RvY_13021-1	14	0	0.42857142857142855	0.5714285714285714	constant	0.5714285714285714	0.4285714285714286	instable	instable_no_stable_identity	instable
uv	RvY_13024-1	14	0	0.5714285714285714	0.42857142857142855	down	0.5714285714285714	0.4285714285714286	instable	instable_no_stable_identity	instable
uv	RvY_13032-1	14	0.42857142857142855	0	0.5714285714285714	constant	0.5714285714285714	0.4285714285714286	instable	instable_no_stable_identity	instable
uv	RvY_13035-1	14	0.14285714285714285	0.2857142857142857	0.5714285714285714	constant	0.5714285714285714	0.4285714285714286	instable	instable_no_stable_identity	instable
uv	RvY_13039-1	14	0	0.42857142857142855	0.5714285714285714	constant	0.5714285714285714	0.4285714285714286	instable	instable_no_stable_identity	instable
uv	RvY_13047	14	0.5714285714285714	0	0.42857142857142855	up	0.5714285714285714	0.4285714285714286	instable	instable_no_stable_identity	instable
uv	RvY_13048-1	14	0.5714285714285714	0.07142857142857142	0.35714285714285715	up	0.5714285714285714	0.4285714285714286	instable	instable_no_stable_identity	instable
uv	RvY_13052-1	14	0.42857142857142855	0	0.5714285714285714	constant	0.5714285714285714	0.4285714285714286	instable	instable_no_stable_identity	instable
uv	RvY_13058	14	0.35714285714285715	0.07142857142857142	0.5714285714285714	constant	0.5714285714285714	0.4285714285714286	instable	instable_no_stable_identity	instable
uv	RvY_13059-1	14	0.42857142857142855	0.5714285714285714	0	down	0.5714285714285714	0.4285714285714286	instable	instable_no_stable_identity	instable
uv	RvY_13068-1	14	0	0.42857142857142855	0.5714285714285714	constant	0.5714285714285714	0.4285714285714286	instable	instable_no_stable_identity	instable
uv	RvY_13071-1	14	0.42857142857142855	0	0.5714285714285714	constant	0.5714285714285714	0.4285714285714286	instable	instable_no_stable_identity	instable
uv	RvY_13099-1	14	0.5714285714285714	0.2857142857142857	0.14285714285714285	up	0.5714285714285714	0.4285714285714286	instable	instable_no_stable_identity	instable
uv	RvY_13103-1	14	0.42857142857142855	0	0.5714285714285714	constant	0.5714285714285714	0.4285714285714286	instable	instable_no_stable_identity	instable
uv	RvY_13107-1	14	0	0.5714285714285714	0.42857142857142855	down	0.5714285714285714	0.4285714285714286	instable	instable_no_stable_identity	instable
uv	RvY_13109-1	14	0.5714285714285714	0	0.42857142857142855	up	0.5714285714285714	0.4285714285714286	instable	instable_no_stable_identity	instable
uv	RvY_13117-1	14	0.5714285714285714	0	0.42857142857142855	up	0.5714285714285714	0.4285714285714286	instable	instable_no_stable_identity	instable
uv	RvY_13129-1	14	0.14285714285714285	0.2857142857142857	0.5714285714285714	constant	0.5714285714285714	0.4285714285714286	instable	instable_no_stable_identity	instable
uv	RvY_13138-1	14	0.2857142857142857	0.14285714285714285	0.5714285714285714	constant	0.5714285714285714	0.4285714285714286	instable	instable_no_stable_identity	instable
uv	RvY_13140-1	14	0.07142857142857142	0.5714285714285714	0.35714285714285715	down	0.5714285714285714	0.4285714285714286	instable	instable_no_stable_identity	instable
uv	RvY_13141-1	14	0.14285714285714285	0.5714285714285714	0.2857142857142857	down	0.5714285714285714	0.4285714285714286	instable	instable_no_stable_identity	instable
uv	RvY_13143-1	14	0.21428571428571427	0.21428571428571427	0.5714285714285714	constant	0.5714285714285714	0.4285714285714286	instable	instable_no_stable_identity	instable
uv	RvY_13144	14	0.42857142857142855	0	0.5714285714285714	constant	0.5714285714285714	0.4285714285714286	instable	instable_no_stable_identity	instable
uv	RvY_13148-1	14	0.42857142857142855	0	0.5714285714285714	constant	0.5714285714285714	0.4285714285714286	instable	instable_no_stable_identity	instable
uv	RvY_13152-1	14	0.35714285714285715	0.07142857142857142	0.5714285714285714	constant	0.5714285714285714	0.4285714285714286	instable	instable_no_stable_identity	instable
uv	RvY_13167-1	14	0.2857142857142857	0.5714285714285714	0.14285714285714285	down	0.5714285714285714	0.4285714285714286	instable	instable_no_stable_identity	instable
uv	RvY_13176-1	14	0.2857142857142857	0.14285714285714285	0.5714285714285714	constant	0.5714285714285714	0.4285714285714286	instable	instable_no_stable_identity	instable
uv	RvY_13192	14	0.07142857142857142	0.35714285714285715	0.5714285714285714	constant	0.5714285714285714	0.4285714285714286	instable	instable_no_stable_identity	instable
uv	RvY_13196-1	14	0.5714285714285714	0	0.42857142857142855	up	0.5714285714285714	0.4285714285714286	instable	instable_no_stable_identity	instable
uv	RvY_13201	14	0	0.42857142857142855	0.5714285714285714	constant	0.5714285714285714	0.4285714285714286	instable	instable_no_stable_identity	instable
uv	RvY_13204-1	14	0.21428571428571427	0.21428571428571427	0.5714285714285714	constant	0.5714285714285714	0.4285714285714286	instable	instable_no_stable_identity	instable
uv	RvY_13220-1	14	0.5714285714285714	0	0.42857142857142855	up	0.5714285714285714	0.4285714285714286	instable	instable_no_stable_identity	instable
uv	RvY_13224-1	14	0.07142857142857142	0.35714285714285715	0.5714285714285714	constant	0.5714285714285714	0.4285714285714286	instable	instable_no_stable_identity	instable
uv	RvY_13237-1	14	0	0.5714285714285714	0.42857142857142855	down	0.5714285714285714	0.4285714285714286	instable	instable_no_stable_identity	instable
uv	RvY_13242-1	14	0.07142857142857142	0.35714285714285715	0.5714285714285714	constant	0.5714285714285714	0.4285714285714286	instable	instable_no_stable_identity	instable
uv	RvY_13244-1	14	0.42857142857142855	0	0.5714285714285714	constant	0.5714285714285714	0.4285714285714286	instable	instable_no_stable_identity	instable
uv	RvY_13253-1	14	0.35714285714285715	0.07142857142857142	0.5714285714285714	constant	0.5714285714285714	0.4285714285714286	instable	instable_no_stable_identity	instable
uv	RvY_13254-1	14	0.21428571428571427	0.21428571428571427	0.5714285714285714	constant	0.5714285714285714	0.4285714285714286	instable	instable_no_stable_identity	instable
uv	RvY_13255-1	14	0.42857142857142855	0	0.5714285714285714	constant	0.5714285714285714	0.4285714285714286	instable	instable_no_stable_identity	instable
uv	RvY_13273-1	14	0.42857142857142855	0	0.5714285714285714	constant	0.5714285714285714	0.4285714285714286	instable	instable_no_stable_identity	instable
uv	RvY_13289-1	14	0.07142857142857142	0.35714285714285715	0.5714285714285714	constant	0.5714285714285714	0.4285714285714286	instable	instable_no_stable_identity	instable
uv	RvY_13296-1	14	0.5714285714285714	0	0.42857142857142855	up	0.5714285714285714	0.4285714285714286	instable	instable_no_stable_identity	instable
uv	RvY_13302-1	14	0.2857142857142857	0.14285714285714285	0.5714285714285714	constant	0.5714285714285714	0.4285714285714286	instable	instable_no_stable_identity	instable
uv	RvY_13303-1	14	0	0.5714285714285714	0.42857142857142855	down	0.5714285714285714	0.4285714285714286	instable	instable_no_stable_identity	instable
uv	RvY_13316-1	14	0	0.42857142857142855	0.5714285714285714	constant	0.5714285714285714	0.4285714285714286	instable	instable_no_stable_identity	instable
uv	RvY_13345-1	14	0.14285714285714285	0.2857142857142857	0.5714285714285714	constant	0.5714285714285714	0.4285714285714286	instable	instable_no_stable_identity	instable
uv	RvY_13352-1	14	0.42857142857142855	0	0.5714285714285714	constant	0.5714285714285714	0.4285714285714286	instable	instable_no_stable_identity	instable
uv	RvY_13359-1	14	0.42857142857142855	0	0.5714285714285714	constant	0.5714285714285714	0.4285714285714286	instable	instable_no_stable_identity	instable
uv	RvY_13362-1	14	0.5714285714285714	0	0.42857142857142855	up	0.5714285714285714	0.4285714285714286	instable	instable_no_stable_identity	instable
uv	RvY_13373-1	14	0.35714285714285715	0.07142857142857142	0.5714285714285714	constant	0.5714285714285714	0.4285714285714286	instable	instable_no_stable_identity	instable
uv	RvY_13376-1	14	0.35714285714285715	0.07142857142857142	0.5714285714285714	constant	0.5714285714285714	0.4285714285714286	instable	instable_no_stable_identity	instable
uv	RvY_13385-1	14	0.42857142857142855	0	0.5714285714285714	constant	0.5714285714285714	0.4285714285714286	instable	instable_no_stable_identity	instable
uv	RvY_13403-1	14	0.35714285714285715	0.07142857142857142	0.5714285714285714	constant	0.5714285714285714	0.4285714285714286	instable	instable_no_stable_identity	instable
uv	RvY_13429-1	14	0.14285714285714285	0.2857142857142857	0.5714285714285714	constant	0.5714285714285714	0.4285714285714286	instable	instable_no_stable_identity	instable
uv	RvY_13447-1	14	0.14285714285714285	0.2857142857142857	0.5714285714285714	constant	0.5714285714285714	0.4285714285714286	instable	instable_no_stable_identity	instable
uv	RvY_13457-1	14	0.07142857142857142	0.35714285714285715	0.5714285714285714	constant	0.5714285714285714	0.4285714285714286	instable	instable_no_stable_identity	instable
uv	RvY_13461	14	0.07142857142857142	0.35714285714285715	0.5714285714285714	constant	0.5714285714285714	0.4285714285714286	instable	instable_no_stable_identity	instable
uv	RvY_13464	14	0	0.5714285714285714	0.42857142857142855	down	0.5714285714285714	0.4285714285714286	instable	instable_no_stable_identity	instable
uv	RvY_13476-1	14	0.5714285714285714	0.2857142857142857	0.14285714285714285	up	0.5714285714285714	0.4285714285714286	instable	instable_no_stable_identity	instable
uv	RvY_13477-1	14	0.14285714285714285	0.2857142857142857	0.5714285714285714	constant	0.5714285714285714	0.4285714285714286	instable	instable_no_stable_identity	instable
uv	RvY_13480-1	14	0.5714285714285714	0	0.42857142857142855	up	0.5714285714285714	0.4285714285714286	instable	instable_no_stable_identity	instable
uv	RvY_13484	14	0.35714285714285715	0.5714285714285714	0.07142857142857142	down	0.5714285714285714	0.4285714285714286	instable	instable_no_stable_identity	instable
uv	RvY_13487-1	14	0.21428571428571427	0.21428571428571427	0.5714285714285714	constant	0.5714285714285714	0.4285714285714286	instable	instable_no_stable_identity	instable
uv	RvY_13509	14	0.35714285714285715	0.07142857142857142	0.5714285714285714	constant	0.5714285714285714	0.4285714285714286	instable	instable_no_stable_identity	instable
uv	RvY_13519-1	14	0.42857142857142855	0	0.5714285714285714	constant	0.5714285714285714	0.4285714285714286	instable	instable_no_stable_identity	instable
uv	RvY_13533-1	14	0.42857142857142855	0	0.5714285714285714	constant	0.5714285714285714	0.4285714285714286	instable	instable_no_stable_identity	instable
uv	RvY_13535-1	14	0.21428571428571427	0.21428571428571427	0.5714285714285714	constant	0.5714285714285714	0.4285714285714286	instable	instable_no_stable_identity	instable
uv	RvY_13566-1	14	0.14285714285714285	0.2857142857142857	0.5714285714285714	constant	0.5714285714285714	0.4285714285714286	instable	instable_no_stable_identity	instable
uv	RvY_13570-1	14	0	0.42857142857142855	0.5714285714285714	constant	0.5714285714285714	0.4285714285714286	instable	instable_no_stable_identity	instable
uv	RvY_13577-1	14	0.07142857142857142	0.5714285714285714	0.35714285714285715	down	0.5714285714285714	0.4285714285714286	instable	instable_no_stable_identity	instable
uv	RvY_13587	14	0.5714285714285714	0	0.42857142857142855	up	0.5714285714285714	0.4285714285714286	instable	instable_no_stable_identity	instable
uv	RvY_13593-1	14	0.42857142857142855	0	0.5714285714285714	constant	0.5714285714285714	0.4285714285714286	instable	instable_no_stable_identity	instable
uv	RvY_13597-1	14	0.42857142857142855	0	0.5714285714285714	constant	0.5714285714285714	0.4285714285714286	instable	instable_no_stable_identity	instable
uv	RvY_13603-1	14	0.2857142857142857	0.14285714285714285	0.5714285714285714	constant	0.5714285714285714	0.4285714285714286	instable	instable_no_stable_identity	instable
uv	RvY_13607-1	14	0	0.42857142857142855	0.5714285714285714	constant	0.5714285714285714	0.4285714285714286	instable	instable_no_stable_identity	instable
uv	RvY_13616-1	14	0	0.42857142857142855	0.5714285714285714	constant	0.5714285714285714	0.4285714285714286	instable	instable_no_stable_identity	instable
uv	RvY_13627-1	14	0.07142857142857142	0.5714285714285714	0.35714285714285715	down	0.5714285714285714	0.4285714285714286	instable	instable_no_stable_identity	instable
uv	RvY_13628-1	14	0.2857142857142857	0.14285714285714285	0.5714285714285714	constant	0.5714285714285714	0.4285714285714286	instable	instable_no_stable_identity	instable
uv	RvY_13638-1	14	0.14285714285714285	0.2857142857142857	0.5714285714285714	constant	0.5714285714285714	0.4285714285714286	instable	instable_no_stable_identity	instable
uv	RvY_13639-1	14	0.14285714285714285	0.2857142857142857	0.5714285714285714	constant	0.5714285714285714	0.4285714285714286	instable	instable_no_stable_identity	instable
uv	RvY_13643-1	14	0	0.5714285714285714	0.42857142857142855	down	0.5714285714285714	0.4285714285714286	instable	instable_no_stable_identity	instable
uv	RvY_13645	14	0	0.5714285714285714	0.42857142857142855	down	0.5714285714285714	0.4285714285714286	instable	instable_no_stable_identity	instable
uv	RvY_13651	14	0.07142857142857142	0.5714285714285714	0.35714285714285715	down	0.5714285714285714	0.4285714285714286	instable	instable_no_stable_identity	instable
uv	RvY_13652-1	14	0	0.42857142857142855	0.5714285714285714	constant	0.5714285714285714	0.4285714285714286	instable	instable_no_stable_identity	instable
uv	RvY_13655-1	14	0.35714285714285715	0.07142857142857142	0.5714285714285714	constant	0.5714285714285714	0.4285714285714286	instable	instable_no_stable_identity	instable
uv	RvY_13657	14	0	0.42857142857142855	0.5714285714285714	constant	0.5714285714285714	0.4285714285714286	instable	instable_no_stable_identity	instable
uv	RvY_13670-1	14	0.5714285714285714	0	0.42857142857142855	up	0.5714285714285714	0.4285714285714286	instable	instable_no_stable_identity	instable
uv	RvY_13685	14	0.21428571428571427	0.21428571428571427	0.5714285714285714	constant	0.5714285714285714	0.4285714285714286	instable	instable_no_stable_identity	instable
uv	RvY_13687	14	0.14285714285714285	0.2857142857142857	0.5714285714285714	constant	0.5714285714285714	0.4285714285714286	instable	instable_no_stable_identity	instable
uv	RvY_13690-1	14	0.2857142857142857	0.14285714285714285	0.5714285714285714	constant	0.5714285714285714	0.4285714285714286	instable	instable_no_stable_identity	instable
uv	RvY_13693-1	14	0.07142857142857142	0.35714285714285715	0.5714285714285714	constant	0.5714285714285714	0.4285714285714286	instable	instable_no_stable_identity	instable
uv	RvY_13697-1	14	0.5714285714285714	0	0.42857142857142855	up	0.5714285714285714	0.4285714285714286	instable	instable_no_stable_identity	instable
uv	RvY_13707-1	14	0.42857142857142855	0	0.5714285714285714	constant	0.5714285714285714	0.4285714285714286	instable	instable_no_stable_identity	instable
uv	RvY_13713-1	14	0.5714285714285714	0	0.42857142857142855	up	0.5714285714285714	0.4285714285714286	instable	instable_no_stable_identity	instable
uv	RvY_13720-1	14	0.2857142857142857	0.14285714285714285	0.5714285714285714	constant	0.5714285714285714	0.4285714285714286	instable	instable_no_stable_identity	instable
uv	RvY_13721-1	14	0	0.42857142857142855	0.5714285714285714	constant	0.5714285714285714	0.4285714285714286	instable	instable_no_stable_identity	instable
uv	RvY_13723-1	14	0.14285714285714285	0.5714285714285714	0.2857142857142857	down	0.5714285714285714	0.4285714285714286	instable	instable_no_stable_identity	instable
uv	RvY_13734	14	0.21428571428571427	0.21428571428571427	0.5714285714285714	constant	0.5714285714285714	0.4285714285714286	instable	instable_no_stable_identity	instable
uv	RvY_13735-1	14	0.42857142857142855	0	0.5714285714285714	constant	0.5714285714285714	0.4285714285714286	instable	instable_no_stable_identity	instable
uv	RvY_13748-1	14	0.2857142857142857	0.14285714285714285	0.5714285714285714	constant	0.5714285714285714	0.4285714285714286	instable	instable_no_stable_identity	instable
uv	RvY_13756-1	14	0	0.5714285714285714	0.42857142857142855	down	0.5714285714285714	0.4285714285714286	instable	instable_no_stable_identity	instable
uv	RvY_13761-1	14	0.07142857142857142	0.35714285714285715	0.5714285714285714	constant	0.5714285714285714	0.4285714285714286	instable	instable_no_stable_identity	instable
uv	RvY_13768-1	14	0	0.42857142857142855	0.5714285714285714	constant	0.5714285714285714	0.4285714285714286	instable	instable_no_stable_identity	instable
uv	RvY_13775-1	14	0.2857142857142857	0.14285714285714285	0.5714285714285714	constant	0.5714285714285714	0.4285714285714286	instable	instable_no_stable_identity	instable
uv	RvY_13788	14	0.21428571428571427	0.21428571428571427	0.5714285714285714	constant	0.5714285714285714	0.4285714285714286	instable	instable_no_stable_identity	instable
uv	RvY_13792	14	0.14285714285714285	0.2857142857142857	0.5714285714285714	constant	0.5714285714285714	0.4285714285714286	instable	instable_no_stable_identity	instable
uv	RvY_13794-1	14	0.2857142857142857	0.14285714285714285	0.5714285714285714	constant	0.5714285714285714	0.4285714285714286	instable	instable_no_stable_identity	instable
uv	RvY_13795-1	14	0.5714285714285714	0	0.42857142857142855	up	0.5714285714285714	0.4285714285714286	instable	instable_no_stable_identity	instable
uv	RvY_13815-1	14	0.07142857142857142	0.5714285714285714	0.35714285714285715	down	0.5714285714285714	0.4285714285714286	instable	instable_no_stable_identity	instable
uv	RvY_13848-1	14	0.07142857142857142	0.35714285714285715	0.5714285714285714	constant	0.5714285714285714	0.4285714285714286	instable	instable_no_stable_identity	instable
uv	RvY_13856-1	14	0.35714285714285715	0.07142857142857142	0.5714285714285714	constant	0.5714285714285714	0.4285714285714286	instable	instable_no_stable_identity	instable
uv	RvY_13858-1	14	0.5714285714285714	0	0.42857142857142855	up	0.5714285714285714	0.4285714285714286	instable	instable_no_stable_identity	instable
uv	RvY_13872	14	0.21428571428571427	0.21428571428571427	0.5714285714285714	constant	0.5714285714285714	0.4285714285714286	instable	instable_no_stable_identity	instable
uv	RvY_13873-1	14	0.2857142857142857	0.14285714285714285	0.5714285714285714	constant	0.5714285714285714	0.4285714285714286	instable	instable_no_stable_identity	instable
uv	RvY_13877-1	14	0	0.42857142857142855	0.5714285714285714	constant	0.5714285714285714	0.4285714285714286	instable	instable_no_stable_identity	instable
uv	RvY_13893-1	14	0.07142857142857142	0.35714285714285715	0.5714285714285714	constant	0.5714285714285714	0.4285714285714286	instable	instable_no_stable_identity	instable
uv	RvY_13896	14	0.42857142857142855	0	0.5714285714285714	constant	0.5714285714285714	0.4285714285714286	instable	instable_no_stable_identity	instable
uv	RvY_13900-1	14	0	0.42857142857142855	0.5714285714285714	constant	0.5714285714285714	0.4285714285714286	instable	instable_no_stable_identity	instable
uv	RvY_13901-1	14	0.14285714285714285	0.5714285714285714	0.2857142857142857	down	0.5714285714285714	0.4285714285714286	instable	instable_no_stable_identity	instable
uv	RvY_13920-1	14	0.07142857142857142	0.5714285714285714	0.35714285714285715	down	0.5714285714285714	0.4285714285714286	instable	instable_no_stable_identity	instable
uv	RvY_13984-1	14	0	0.5714285714285714	0.42857142857142855	down	0.5714285714285714	0.4285714285714286	instable	instable_no_stable_identity	instable
uv	RvY_13988-1	14	0.42857142857142855	0	0.5714285714285714	constant	0.5714285714285714	0.4285714285714286	instable	instable_no_stable_identity	instable
uv	RvY_13994-1	14	0.42857142857142855	0	0.5714285714285714	constant	0.5714285714285714	0.4285714285714286	instable	instable_no_stable_identity	instable
uv	RvY_13996-1	14	0	0.42857142857142855	0.5714285714285714	constant	0.5714285714285714	0.4285714285714286	instable	instable_no_stable_identity	instable
uv	RvY_13997-1	14	0.42857142857142855	0	0.5714285714285714	constant	0.5714285714285714	0.4285714285714286	instable	instable_no_stable_identity	instable
uv	RvY_13998-1	14	0.42857142857142855	0	0.5714285714285714	constant	0.5714285714285714	0.4285714285714286	instable	instable_no_stable_identity	instable
uv	RvY_14000-1	14	0.35714285714285715	0.07142857142857142	0.5714285714285714	constant	0.5714285714285714	0.4285714285714286	instable	instable_no_stable_identity	instable
uv	RvY_14007-1	14	0	0.42857142857142855	0.5714285714285714	constant	0.5714285714285714	0.4285714285714286	instable	instable_no_stable_identity	instable
uv	RvY_14027-1	14	0.21428571428571427	0.21428571428571427	0.5714285714285714	constant	0.5714285714285714	0.4285714285714286	instable	instable_no_stable_identity	instable
uv	RvY_14043-1	14	0.42857142857142855	0	0.5714285714285714	constant	0.5714285714285714	0.4285714285714286	instable	instable_no_stable_identity	instable
uv	RvY_14055-1	14	0.2857142857142857	0.14285714285714285	0.5714285714285714	constant	0.5714285714285714	0.4285714285714286	instable	instable_no_stable_identity	instable
uv	RvY_14071-1	14	0.35714285714285715	0.07142857142857142	0.5714285714285714	constant	0.5714285714285714	0.4285714285714286	instable	instable_no_stable_identity	instable
uv	RvY_14076-1	14	0.42857142857142855	0	0.5714285714285714	constant	0.5714285714285714	0.4285714285714286	instable	instable_no_stable_identity	instable
uv	RvY_14105-1	14	0.07142857142857142	0.35714285714285715	0.5714285714285714	constant	0.5714285714285714	0.4285714285714286	instable	instable_no_stable_identity	instable
uv	RvY_14110-1	14	0	0.42857142857142855	0.5714285714285714	constant	0.5714285714285714	0.4285714285714286	instable	instable_no_stable_identity	instable
uv	RvY_14117	14	0.42857142857142855	0	0.5714285714285714	constant	0.5714285714285714	0.4285714285714286	instable	instable_no_stable_identity	instable
uv	RvY_14118	14	0.5714285714285714	0	0.42857142857142855	up	0.5714285714285714	0.4285714285714286	instable	instable_no_stable_identity	instable
uv	RvY_14133	14	0.42857142857142855	0.5714285714285714	0	down	0.5714285714285714	0.4285714285714286	instable	instable_no_stable_identity	instable
uv	RvY_14157-1	14	0.2857142857142857	0.14285714285714285	0.5714285714285714	constant	0.5714285714285714	0.4285714285714286	instable	instable_no_stable_identity	instable
uv	RvY_14159-1	14	0.14285714285714285	0.5714285714285714	0.2857142857142857	down	0.5714285714285714	0.4285714285714286	instable	instable_no_stable_identity	instable
uv	RvY_14165-1	14	0.42857142857142855	0	0.5714285714285714	constant	0.5714285714285714	0.4285714285714286	instable	instable_no_stable_identity	instable
uv	RvY_14174-1	14	0.42857142857142855	0	0.5714285714285714	constant	0.5714285714285714	0.4285714285714286	instable	instable_no_stable_identity	instable
uv	RvY_14207-1	14	0.42857142857142855	0.5714285714285714	0	down	0.5714285714285714	0.4285714285714286	instable	instable_no_stable_identity	instable
uv	RvY_14212-1	14	0.2857142857142857	0.14285714285714285	0.5714285714285714	constant	0.5714285714285714	0.4285714285714286	instable	instable_no_stable_identity	instable
uv	RvY_14228	14	0.42857142857142855	0	0.5714285714285714	constant	0.5714285714285714	0.4285714285714286	instable	instable_no_stable_identity	instable
uv	RvY_14238-1	14	0.42857142857142855	0	0.5714285714285714	constant	0.5714285714285714	0.4285714285714286	instable	instable_no_stable_identity	instable
uv	RvY_14254-1	14	0.42857142857142855	0	0.5714285714285714	constant	0.5714285714285714	0.4285714285714286	instable	instable_no_stable_identity	instable
uv	RvY_14266	14	0.07142857142857142	0.35714285714285715	0.5714285714285714	constant	0.5714285714285714	0.4285714285714286	instable	instable_no_stable_identity	instable
uv	RvY_14270	14	0.35714285714285715	0.07142857142857142	0.5714285714285714	constant	0.5714285714285714	0.4285714285714286	instable	instable_no_stable_identity	instable
uv	RvY_14275-1	14	0	0.42857142857142855	0.5714285714285714	constant	0.5714285714285714	0.4285714285714286	instable	instable_no_stable_identity	instable
uv	RvY_14286-1	14	0.07142857142857142	0.5714285714285714	0.35714285714285715	down	0.5714285714285714	0.4285714285714286	instable	instable_no_stable_identity	instable
uv	RvY_14290-1	14	0.5714285714285714	0	0.42857142857142855	up	0.5714285714285714	0.4285714285714286	instable	instable_no_stable_identity	instable
uv	RvY_14307-1	14	0.07142857142857142	0.35714285714285715	0.5714285714285714	constant	0.5714285714285714	0.4285714285714286	instable	instable_no_stable_identity	instable
uv	RvY_14308	14	0.14285714285714285	0.2857142857142857	0.5714285714285714	constant	0.5714285714285714	0.4285714285714286	instable	instable_no_stable_identity	instable
uv	RvY_14309	14	0.42857142857142855	0	0.5714285714285714	constant	0.5714285714285714	0.4285714285714286	instable	instable_no_stable_identity	instable
uv	RvY_14310-1	14	0.2857142857142857	0.14285714285714285	0.5714285714285714	constant	0.5714285714285714	0.4285714285714286	instable	instable_no_stable_identity	instable
uv	RvY_14320-1	14	0.5714285714285714	0.07142857142857142	0.35714285714285715	up	0.5714285714285714	0.4285714285714286	instable	instable_no_stable_identity	instable
uv	RvY_14322-1	14	0.42857142857142855	0	0.5714285714285714	constant	0.5714285714285714	0.4285714285714286	instable	instable_no_stable_identity	instable
uv	RvY_14347-1	14	0.35714285714285715	0.07142857142857142	0.5714285714285714	constant	0.5714285714285714	0.4285714285714286	instable	instable_no_stable_identity	instable
uv	RvY_14356-1	14	0.35714285714285715	0.07142857142857142	0.5714285714285714	constant	0.5714285714285714	0.4285714285714286	instable	instable_no_stable_identity	instable
uv	RvY_14360-1	14	0.42857142857142855	0	0.5714285714285714	constant	0.5714285714285714	0.4285714285714286	instable	instable_no_stable_identity	instable
uv	RvY_14373-1	14	0.35714285714285715	0.07142857142857142	0.5714285714285714	constant	0.5714285714285714	0.4285714285714286	instable	instable_no_stable_identity	instable
uv	RvY_14382	14	0	0.42857142857142855	0.5714285714285714	constant	0.5714285714285714	0.4285714285714286	instable	instable_no_stable_identity	instable
uv	RvY_14403-1	14	0	0.42857142857142855	0.5714285714285714	constant	0.5714285714285714	0.4285714285714286	instable	instable_no_stable_identity	instable
uv	RvY_14413	14	0.2857142857142857	0.14285714285714285	0.5714285714285714	constant	0.5714285714285714	0.4285714285714286	instable	instable_no_stable_identity	instable
uv	RvY_14415-1	14	0	0.42857142857142855	0.5714285714285714	constant	0.5714285714285714	0.4285714285714286	instable	instable_no_stable_identity	instable
uv	RvY_14423-1	14	0.14285714285714285	0.2857142857142857	0.5714285714285714	constant	0.5714285714285714	0.4285714285714286	instable	instable_no_stable_identity	instable
uv	RvY_14430	14	0.5714285714285714	0.07142857142857142	0.35714285714285715	up	0.5714285714285714	0.4285714285714286	instable	instable_no_stable_identity	instable
uv	RvY_14435-1	14	0.21428571428571427	0.21428571428571427	0.5714285714285714	constant	0.5714285714285714	0.4285714285714286	instable	instable_no_stable_identity	instable
uv	RvY_14439-1	14	0.5714285714285714	0.35714285714285715	0.07142857142857142	up	0.5714285714285714	0.4285714285714286	instable	instable_no_stable_identity	instable
uv	RvY_14442-1	14	0.5714285714285714	0	0.42857142857142855	up	0.5714285714285714	0.4285714285714286	instable	instable_no_stable_identity	instable
uv	RvY_14445-1	14	0.35714285714285715	0.07142857142857142	0.5714285714285714	constant	0.5714285714285714	0.4285714285714286	instable	instable_no_stable_identity	instable
uv	RvY_14465-1	14	0.42857142857142855	0	0.5714285714285714	constant	0.5714285714285714	0.4285714285714286	instable	instable_no_stable_identity	instable
uv	RvY_14467-1	14	0	0.42857142857142855	0.5714285714285714	constant	0.5714285714285714	0.4285714285714286	instable	instable_no_stable_identity	instable
uv	RvY_14472-1	14	0.5714285714285714	0	0.42857142857142855	up	0.5714285714285714	0.4285714285714286	instable	instable_no_stable_identity	instable
uv	RvY_14476-1	14	0.35714285714285715	0.07142857142857142	0.5714285714285714	constant	0.5714285714285714	0.4285714285714286	instable	instable_no_stable_identity	instable
uv	RvY_14480-1	14	0	0.42857142857142855	0.5714285714285714	constant	0.5714285714285714	0.4285714285714286	instable	instable_no_stable_identity	instable
uv	RvY_14497	14	0.14285714285714285	0.2857142857142857	0.5714285714285714	constant	0.5714285714285714	0.4285714285714286	instable	instable_no_stable_identity	instable
uv	RvY_14512-1	14	0	0.42857142857142855	0.5714285714285714	constant	0.5714285714285714	0.4285714285714286	instable	instable_no_stable_identity	instable
uv	RvY_14516-1	14	0	0.5714285714285714	0.42857142857142855	down	0.5714285714285714	0.4285714285714286	instable	instable_no_stable_identity	instable
uv	RvY_14529-1	14	0	0.42857142857142855	0.5714285714285714	constant	0.5714285714285714	0.4285714285714286	instable	instable_no_stable_identity	instable
uv	RvY_14534-1	14	0	0.42857142857142855	0.5714285714285714	constant	0.5714285714285714	0.4285714285714286	instable	instable_no_stable_identity	instable
uv	RvY_14543-1	14	0.5714285714285714	0.14285714285714285	0.2857142857142857	up	0.5714285714285714	0.4285714285714286	instable	instable_no_stable_identity	instable
uv	RvY_14544-1	14	0.5714285714285714	0.21428571428571427	0.21428571428571427	up	0.5714285714285714	0.4285714285714286	instable	instable_no_stable_identity	instable
uv	RvY_14559	14	0	0.5714285714285714	0.42857142857142855	down	0.5714285714285714	0.4285714285714286	instable	instable_no_stable_identity	instable
uv	RvY_14560	14	0.14285714285714285	0.5714285714285714	0.2857142857142857	down	0.5714285714285714	0.4285714285714286	instable	instable_no_stable_identity	instable
uv	RvY_14562	14	0.5714285714285714	0.07142857142857142	0.35714285714285715	up	0.5714285714285714	0.4285714285714286	instable	instable_no_stable_identity	instable
uv	RvY_14564-1	14	0.35714285714285715	0.07142857142857142	0.5714285714285714	constant	0.5714285714285714	0.4285714285714286	instable	instable_no_stable_identity	instable
uv	RvY_14574-1	14	0.5714285714285714	0	0.42857142857142855	up	0.5714285714285714	0.4285714285714286	instable	instable_no_stable_identity	instable
uv	RvY_14576	14	0	0.42857142857142855	0.5714285714285714	constant	0.5714285714285714	0.4285714285714286	instable	instable_no_stable_identity	instable
uv	RvY_14600-1	14	0.42857142857142855	0	0.5714285714285714	constant	0.5714285714285714	0.4285714285714286	instable	instable_no_stable_identity	instable
uv	RvY_14604	14	0.07142857142857142	0.5714285714285714	0.35714285714285715	down	0.5714285714285714	0.4285714285714286	instable	instable_no_stable_identity	instable
uv	RvY_14620-1	14	0.21428571428571427	0.21428571428571427	0.5714285714285714	constant	0.5714285714285714	0.4285714285714286	instable	instable_no_stable_identity	instable
uv	RvY_14621-1	14	0.14285714285714285	0.5714285714285714	0.2857142857142857	down	0.5714285714285714	0.4285714285714286	instable	instable_no_stable_identity	instable
uv	RvY_14624	14	0	0.5714285714285714	0.42857142857142855	down	0.5714285714285714	0.4285714285714286	instable	instable_no_stable_identity	instable
uv	RvY_14626-1	14	0.42857142857142855	0	0.5714285714285714	constant	0.5714285714285714	0.4285714285714286	instable	instable_no_stable_identity	instable
uv	RvY_14630	14	0.5714285714285714	0.14285714285714285	0.2857142857142857	up	0.5714285714285714	0.4285714285714286	instable	instable_no_stable_identity	instable
uv	RvY_14633-1	14	0.5714285714285714	0	0.42857142857142855	up	0.5714285714285714	0.4285714285714286	instable	instable_no_stable_identity	instable
uv	RvY_14637-1	14	0.42857142857142855	0	0.5714285714285714	constant	0.5714285714285714	0.4285714285714286	instable	instable_no_stable_identity	instable
uv	RvY_14658-1	14	0.14285714285714285	0.2857142857142857	0.5714285714285714	constant	0.5714285714285714	0.4285714285714286	instable	instable_no_stable_identity	instable
uv	RvY_14660-1	14	0.07142857142857142	0.5714285714285714	0.35714285714285715	down	0.5714285714285714	0.4285714285714286	instable	instable_no_stable_identity	instable
uv	RvY_14662-1	14	0.42857142857142855	0	0.5714285714285714	constant	0.5714285714285714	0.4285714285714286	instable	instable_no_stable_identity	instable
uv	RvY_14664-1	14	0.21428571428571427	0.21428571428571427	0.5714285714285714	constant	0.5714285714285714	0.4285714285714286	instable	instable_no_stable_identity	instable
uv	RvY_14669-1	14	0.2857142857142857	0.14285714285714285	0.5714285714285714	constant	0.5714285714285714	0.4285714285714286	instable	instable_no_stable_identity	instable
uv	RvY_14672-1	14	0.14285714285714285	0.2857142857142857	0.5714285714285714	constant	0.5714285714285714	0.4285714285714286	instable	instable_no_stable_identity	instable
uv	RvY_14680-1	14	0.07142857142857142	0.35714285714285715	0.5714285714285714	constant	0.5714285714285714	0.4285714285714286	instable	instable_no_stable_identity	instable
uv	RvY_14685-1	14	0.5714285714285714	0.21428571428571427	0.21428571428571427	up	0.5714285714285714	0.4285714285714286	instable	instable_no_stable_identity	instable
uv	RvY_14696-1	14	0.2857142857142857	0.14285714285714285	0.5714285714285714	constant	0.5714285714285714	0.4285714285714286	instable	instable_no_stable_identity	instable
uv	RvY_14697-1	14	0.5714285714285714	0.14285714285714285	0.2857142857142857	up	0.5714285714285714	0.4285714285714286	instable	instable_no_stable_identity	instable
uv	RvY_14718-1	14	0.5714285714285714	0.07142857142857142	0.35714285714285715	up	0.5714285714285714	0.4285714285714286	instable	instable_no_stable_identity	instable
uv	RvY_14730-1	14	0.5714285714285714	0.42857142857142855	0	up	0.5714285714285714	0.4285714285714286	instable	instable_no_stable_identity	instable
uv	RvY_14748-1	14	0.2857142857142857	0.14285714285714285	0.5714285714285714	constant	0.5714285714285714	0.4285714285714286	instable	instable_no_stable_identity	instable
uv	RvY_14749-1	14	0.14285714285714285	0.2857142857142857	0.5714285714285714	constant	0.5714285714285714	0.4285714285714286	instable	instable_no_stable_identity	instable
uv	RvY_14782-1	14	0.42857142857142855	0	0.5714285714285714	constant	0.5714285714285714	0.4285714285714286	instable	instable_no_stable_identity	instable
uv	RvY_14808-1	14	0.5714285714285714	0	0.42857142857142855	up	0.5714285714285714	0.4285714285714286	instable	instable_no_stable_identity	instable
uv	RvY_14811-1	14	0.21428571428571427	0.21428571428571427	0.5714285714285714	constant	0.5714285714285714	0.4285714285714286	instable	instable_no_stable_identity	instable
uv	RvY_14823-1	14	0.2857142857142857	0.14285714285714285	0.5714285714285714	constant	0.5714285714285714	0.4285714285714286	instable	instable_no_stable_identity	instable
uv	RvY_14824-1	14	0.35714285714285715	0.5714285714285714	0.07142857142857142	down	0.5714285714285714	0.4285714285714286	instable	instable_no_stable_identity	instable
uv	RvY_14829-1	14	0	0.42857142857142855	0.5714285714285714	constant	0.5714285714285714	0.4285714285714286	instable	instable_no_stable_identity	instable
uv	RvY_14833-1	14	0	0.5714285714285714	0.42857142857142855	down	0.5714285714285714	0.4285714285714286	instable	instable_no_stable_identity	instable
uv	RvY_14838	14	0.2857142857142857	0.14285714285714285	0.5714285714285714	constant	0.5714285714285714	0.4285714285714286	instable	instable_no_stable_identity	instable
uv	RvY_14847-1	14	0	0.5714285714285714	0.42857142857142855	down	0.5714285714285714	0.4285714285714286	instable	instable_no_stable_identity	instable
uv	RvY_14849-1	14	0.2857142857142857	0.14285714285714285	0.5714285714285714	constant	0.5714285714285714	0.4285714285714286	instable	instable_no_stable_identity	instable
uv	RvY_14860-1	14	0.42857142857142855	0	0.5714285714285714	constant	0.5714285714285714	0.4285714285714286	instable	instable_no_stable_identity	instable
uv	RvY_14871-1	14	0.5714285714285714	0	0.42857142857142855	up	0.5714285714285714	0.4285714285714286	instable	instable_no_stable_identity	instable
uv	RvY_14872-1	14	0	0.5714285714285714	0.42857142857142855	down	0.5714285714285714	0.4285714285714286	instable	instable_no_stable_identity	instable
uv	RvY_14876	14	0	0.42857142857142855	0.5714285714285714	constant	0.5714285714285714	0.4285714285714286	instable	instable_no_stable_identity	instable
uv	RvY_14885-1	14	0.07142857142857142	0.35714285714285715	0.5714285714285714	constant	0.5714285714285714	0.4285714285714286	instable	instable_no_stable_identity	instable
uv	RvY_14893-1	14	0.5714285714285714	0	0.42857142857142855	up	0.5714285714285714	0.4285714285714286	instable	instable_no_stable_identity	instable
uv	RvY_14894	14	0	0.42857142857142855	0.5714285714285714	constant	0.5714285714285714	0.4285714285714286	instable	instable_no_stable_identity	instable
uv	RvY_14899-1	14	0.42857142857142855	0	0.5714285714285714	constant	0.5714285714285714	0.4285714285714286	instable	instable_no_stable_identity	instable
uv	RvY_14916	14	0.5714285714285714	0.07142857142857142	0.35714285714285715	up	0.5714285714285714	0.4285714285714286	instable	instable_no_stable_identity	instable
uv	RvY_14921-1	14	0.35714285714285715	0.07142857142857142	0.5714285714285714	constant	0.5714285714285714	0.4285714285714286	instable	instable_no_stable_identity	instable
uv	RvY_14923-1	14	0.07142857142857142	0.35714285714285715	0.5714285714285714	constant	0.5714285714285714	0.4285714285714286	instable	instable_no_stable_identity	instable
uv	RvY_14924-1	14	0.07142857142857142	0.5714285714285714	0.35714285714285715	down	0.5714285714285714	0.4285714285714286	instable	instable_no_stable_identity	instable
uv	RvY_14926-1	14	0.07142857142857142	0.35714285714285715	0.5714285714285714	constant	0.5714285714285714	0.4285714285714286	instable	instable_no_stable_identity	instable
uv	RvY_14928-1	14	0	0.5714285714285714	0.42857142857142855	down	0.5714285714285714	0.4285714285714286	instable	instable_no_stable_identity	instable
uv	RvY_14931-1	14	0.42857142857142855	0	0.5714285714285714	constant	0.5714285714285714	0.4285714285714286	instable	instable_no_stable_identity	instable
uv	RvY_14934-1	14	0.42857142857142855	0	0.5714285714285714	constant	0.5714285714285714	0.4285714285714286	instable	instable_no_stable_identity	instable
uv	RvY_14949-1	14	0	0.5714285714285714	0.42857142857142855	down	0.5714285714285714	0.4285714285714286	instable	instable_no_stable_identity	instable
uv	RvY_14954-1	14	0.35714285714285715	0.07142857142857142	0.5714285714285714	constant	0.5714285714285714	0.4285714285714286	instable	instable_no_stable_identity	instable
uv	RvY_14957-1	14	0.5714285714285714	0.07142857142857142	0.35714285714285715	up	0.5714285714285714	0.4285714285714286	instable	instable_no_stable_identity	instable
uv	RvY_14962-1	14	0.2857142857142857	0.14285714285714285	0.5714285714285714	constant	0.5714285714285714	0.4285714285714286	instable	instable_no_stable_identity	instable
uv	RvY_14963-1	14	0.42857142857142855	0	0.5714285714285714	constant	0.5714285714285714	0.4285714285714286	instable	instable_no_stable_identity	instable
uv	RvY_14988	14	0.14285714285714285	0.2857142857142857	0.5714285714285714	constant	0.5714285714285714	0.4285714285714286	instable	instable_no_stable_identity	instable
uv	RvY_14994	14	0	0.5714285714285714	0.42857142857142855	down	0.5714285714285714	0.4285714285714286	instable	instable_no_stable_identity	instable
uv	RvY_15007-1	14	0.07142857142857142	0.35714285714285715	0.5714285714285714	constant	0.5714285714285714	0.4285714285714286	instable	instable_no_stable_identity	instable
uv	RvY_15009-1	14	0.35714285714285715	0.07142857142857142	0.5714285714285714	constant	0.5714285714285714	0.4285714285714286	instable	instable_no_stable_identity	instable
uv	RvY_15016-1	14	0.5714285714285714	0	0.42857142857142855	up	0.5714285714285714	0.4285714285714286	instable	instable_no_stable_identity	instable
uv	RvY_15020	14	0.2857142857142857	0.14285714285714285	0.5714285714285714	constant	0.5714285714285714	0.4285714285714286	instable	instable_no_stable_identity	instable
uv	RvY_15022-1	14	0.14285714285714285	0.2857142857142857	0.5714285714285714	constant	0.5714285714285714	0.4285714285714286	instable	instable_no_stable_identity	instable
uv	RvY_15026	14	0.21428571428571427	0.21428571428571427	0.5714285714285714	constant	0.5714285714285714	0.4285714285714286	instable	instable_no_stable_identity	instable
uv	RvY_15030-1	14	0.21428571428571427	0.5714285714285714	0.21428571428571427	down	0.5714285714285714	0.4285714285714286	instable	instable_no_stable_identity	instable
uv	RvY_15032	14	0	0.42857142857142855	0.5714285714285714	constant	0.5714285714285714	0.4285714285714286	instable	instable_no_stable_identity	instable
uv	RvY_15036-1	14	0.07142857142857142	0.35714285714285715	0.5714285714285714	constant	0.5714285714285714	0.4285714285714286	instable	instable_no_stable_identity	instable
uv	RvY_15037-1	14	0	0.42857142857142855	0.5714285714285714	constant	0.5714285714285714	0.4285714285714286	instable	instable_no_stable_identity	instable
uv	RvY_15048-1	14	0.35714285714285715	0.07142857142857142	0.5714285714285714	constant	0.5714285714285714	0.4285714285714286	instable	instable_no_stable_identity	instable
uv	RvY_15075-1	14	0	0.5714285714285714	0.42857142857142855	down	0.5714285714285714	0.4285714285714286	instable	instable_no_stable_identity	instable
uv	RvY_15098	14	0.21428571428571427	0.21428571428571427	0.5714285714285714	constant	0.5714285714285714	0.4285714285714286	instable	instable_no_stable_identity	instable
uv	RvY_15100-1	14	0.42857142857142855	0	0.5714285714285714	constant	0.5714285714285714	0.4285714285714286	instable	instable_no_stable_identity	instable
uv	RvY_15113-1	14	0.14285714285714285	0.2857142857142857	0.5714285714285714	constant	0.5714285714285714	0.4285714285714286	instable	instable_no_stable_identity	instable
uv	RvY_15146-1	14	0.2857142857142857	0.14285714285714285	0.5714285714285714	constant	0.5714285714285714	0.4285714285714286	instable	instable_no_stable_identity	instable
uv	RvY_15147-1	14	0.5714285714285714	0	0.42857142857142855	up	0.5714285714285714	0.4285714285714286	instable	instable_no_stable_identity	instable
uv	RvY_15148-1	14	0.5714285714285714	0	0.42857142857142855	up	0.5714285714285714	0.4285714285714286	instable	instable_no_stable_identity	instable
uv	RvY_15160-1	14	0.14285714285714285	0.2857142857142857	0.5714285714285714	constant	0.5714285714285714	0.4285714285714286	instable	instable_no_stable_identity	instable
uv	RvY_15162-1	14	0.07142857142857142	0.35714285714285715	0.5714285714285714	constant	0.5714285714285714	0.4285714285714286	instable	instable_no_stable_identity	instable
uv	RvY_15166-1	14	0.07142857142857142	0.35714285714285715	0.5714285714285714	constant	0.5714285714285714	0.4285714285714286	instable	instable_no_stable_identity	instable
uv	RvY_15170	14	0.35714285714285715	0.07142857142857142	0.5714285714285714	constant	0.5714285714285714	0.4285714285714286	instable	instable_no_stable_identity	instable
uv	RvY_15173-1	14	0.21428571428571427	0.5714285714285714	0.21428571428571427	down	0.5714285714285714	0.4285714285714286	instable	instable_no_stable_identity	instable
uv	RvY_15174-1	14	0	0.5714285714285714	0.42857142857142855	down	0.5714285714285714	0.4285714285714286	instable	instable_no_stable_identity	instable
uv	RvY_15178-1	14	0	0.42857142857142855	0.5714285714285714	constant	0.5714285714285714	0.4285714285714286	instable	instable_no_stable_identity	instable
uv	RvY_15180-1	14	0.2857142857142857	0.14285714285714285	0.5714285714285714	constant	0.5714285714285714	0.4285714285714286	instable	instable_no_stable_identity	instable
uv	RvY_15191-1	14	0.07142857142857142	0.35714285714285715	0.5714285714285714	constant	0.5714285714285714	0.4285714285714286	instable	instable_no_stable_identity	instable
uv	RvY_15226-1	14	0.07142857142857142	0.35714285714285715	0.5714285714285714	constant	0.5714285714285714	0.4285714285714286	instable	instable_no_stable_identity	instable
uv	RvY_15258	14	0.35714285714285715	0.07142857142857142	0.5714285714285714	constant	0.5714285714285714	0.4285714285714286	instable	instable_no_stable_identity	instable
uv	RvY_15263-1	14	0.21428571428571427	0.21428571428571427	0.5714285714285714	constant	0.5714285714285714	0.4285714285714286	instable	instable_no_stable_identity	instable
uv	RvY_15264-1	14	0.5714285714285714	0	0.42857142857142855	up	0.5714285714285714	0.4285714285714286	instable	instable_no_stable_identity	instable
uv	RvY_15266-1	14	0.35714285714285715	0.07142857142857142	0.5714285714285714	constant	0.5714285714285714	0.4285714285714286	instable	instable_no_stable_identity	instable
uv	RvY_15267	14	0.14285714285714285	0.2857142857142857	0.5714285714285714	constant	0.5714285714285714	0.4285714285714286	instable	instable_no_stable_identity	instable
uv	RvY_15287-1	14	0.5714285714285714	0	0.42857142857142855	up	0.5714285714285714	0.4285714285714286	instable	instable_no_stable_identity	instable
uv	RvY_15294-1	14	0.14285714285714285	0.2857142857142857	0.5714285714285714	constant	0.5714285714285714	0.4285714285714286	instable	instable_no_stable_identity	instable
uv	RvY_15303-1	14	0.07142857142857142	0.35714285714285715	0.5714285714285714	constant	0.5714285714285714	0.4285714285714286	instable	instable_no_stable_identity	instable
uv	RvY_15324-1	14	0.42857142857142855	0	0.5714285714285714	constant	0.5714285714285714	0.4285714285714286	instable	instable_no_stable_identity	instable
uv	RvY_15334-1	14	0	0.42857142857142855	0.5714285714285714	constant	0.5714285714285714	0.4285714285714286	instable	instable_no_stable_identity	instable
uv	RvY_15341	14	0	0.5714285714285714	0.42857142857142855	down	0.5714285714285714	0.4285714285714286	instable	instable_no_stable_identity	instable
uv	RvY_15342-1	14	0.42857142857142855	0	0.5714285714285714	constant	0.5714285714285714	0.4285714285714286	instable	instable_no_stable_identity	instable
uv	RvY_15366-1	14	0.5714285714285714	0.07142857142857142	0.35714285714285715	up	0.5714285714285714	0.4285714285714286	instable	instable_no_stable_identity	instable
uv	RvY_15368-1	14	0	0.5714285714285714	0.42857142857142855	down	0.5714285714285714	0.4285714285714286	instable	instable_no_stable_identity	instable
uv	RvY_15370-1	14	0.35714285714285715	0.07142857142857142	0.5714285714285714	constant	0.5714285714285714	0.4285714285714286	instable	instable_no_stable_identity	instable
uv	RvY_15371-1	14	0	0.42857142857142855	0.5714285714285714	constant	0.5714285714285714	0.4285714285714286	instable	instable_no_stable_identity	instable
uv	RvY_15380	14	0.2857142857142857	0.14285714285714285	0.5714285714285714	constant	0.5714285714285714	0.4285714285714286	instable	instable_no_stable_identity	instable
uv	RvY_15392-1	14	0.5714285714285714	0	0.42857142857142855	up	0.5714285714285714	0.4285714285714286	instable	instable_no_stable_identity	instable
uv	RvY_15393-1	14	0.14285714285714285	0.2857142857142857	0.5714285714285714	constant	0.5714285714285714	0.4285714285714286	instable	instable_no_stable_identity	instable
uv	RvY_15399-1	14	0.35714285714285715	0.07142857142857142	0.5714285714285714	constant	0.5714285714285714	0.4285714285714286	instable	instable_no_stable_identity	instable
uv	RvY_15402	14	0.42857142857142855	0	0.5714285714285714	constant	0.5714285714285714	0.4285714285714286	instable	instable_no_stable_identity	instable
uv	RvY_15405-1	14	0.42857142857142855	0	0.5714285714285714	constant	0.5714285714285714	0.4285714285714286	instable	instable_no_stable_identity	instable
uv	RvY_15409-1	14	0	0.42857142857142855	0.5714285714285714	constant	0.5714285714285714	0.4285714285714286	instable	instable_no_stable_identity	instable
uv	RvY_15416	14	0.07142857142857142	0.35714285714285715	0.5714285714285714	constant	0.5714285714285714	0.4285714285714286	instable	instable_no_stable_identity	instable
uv	RvY_15423	14	0.42857142857142855	0	0.5714285714285714	constant	0.5714285714285714	0.4285714285714286	instable	instable_no_stable_identity	instable
uv	RvY_15434-1	14	0.42857142857142855	0	0.5714285714285714	constant	0.5714285714285714	0.4285714285714286	instable	instable_no_stable_identity	instable
uv	RvY_15440-1	14	0.42857142857142855	0	0.5714285714285714	constant	0.5714285714285714	0.4285714285714286	instable	instable_no_stable_identity	instable
uv	RvY_15442-1	14	0.42857142857142855	0	0.5714285714285714	constant	0.5714285714285714	0.4285714285714286	instable	instable_no_stable_identity	instable
uv	RvY_15456-1	14	0.14285714285714285	0.2857142857142857	0.5714285714285714	constant	0.5714285714285714	0.4285714285714286	instable	instable_no_stable_identity	instable
uv	RvY_15462-1	14	0.42857142857142855	0	0.5714285714285714	constant	0.5714285714285714	0.4285714285714286	instable	instable_no_stable_identity	instable
uv	RvY_15466-1	14	0.5714285714285714	0	0.42857142857142855	up	0.5714285714285714	0.4285714285714286	instable	instable_no_stable_identity	instable
uv	RvY_15470-1	14	0.21428571428571427	0.21428571428571427	0.5714285714285714	constant	0.5714285714285714	0.4285714285714286	instable	instable_no_stable_identity	instable
uv	RvY_15472-1	14	0.42857142857142855	0	0.5714285714285714	constant	0.5714285714285714	0.4285714285714286	instable	instable_no_stable_identity	instable
uv	RvY_15492-1	14	0	0.5714285714285714	0.42857142857142855	down	0.5714285714285714	0.4285714285714286	instable	instable_no_stable_identity	instable
uv	RvY_15504-1	14	0.21428571428571427	0.21428571428571427	0.5714285714285714	constant	0.5714285714285714	0.4285714285714286	instable	instable_no_stable_identity	instable
uv	RvY_15509-1	14	0.5714285714285714	0	0.42857142857142855	up	0.5714285714285714	0.4285714285714286	instable	instable_no_stable_identity	instable
uv	RvY_15520-1	14	0	0.42857142857142855	0.5714285714285714	constant	0.5714285714285714	0.4285714285714286	instable	instable_no_stable_identity	instable
uv	RvY_15523	14	0	0.42857142857142855	0.5714285714285714	constant	0.5714285714285714	0.4285714285714286	instable	instable_no_stable_identity	instable
uv	RvY_15530-1	14	0	0.42857142857142855	0.5714285714285714	constant	0.5714285714285714	0.4285714285714286	instable	instable_no_stable_identity	instable
uv	RvY_15559	14	0.35714285714285715	0.07142857142857142	0.5714285714285714	constant	0.5714285714285714	0.4285714285714286	instable	instable_no_stable_identity	instable
uv	RvY_15589-1	14	0.14285714285714285	0.2857142857142857	0.5714285714285714	constant	0.5714285714285714	0.4285714285714286	instable	instable_no_stable_identity	instable
uv	RvY_15603-1	14	0.35714285714285715	0.07142857142857142	0.5714285714285714	constant	0.5714285714285714	0.4285714285714286	instable	instable_no_stable_identity	instable
uv	RvY_15606-1	14	0	0.42857142857142855	0.5714285714285714	constant	0.5714285714285714	0.4285714285714286	instable	instable_no_stable_identity	instable
uv	RvY_15612-1	14	0.14285714285714285	0.2857142857142857	0.5714285714285714	constant	0.5714285714285714	0.4285714285714286	instable	instable_no_stable_identity	instable
uv	RvY_15614-1	14	0	0.42857142857142855	0.5714285714285714	constant	0.5714285714285714	0.4285714285714286	instable	instable_no_stable_identity	instable
uv	RvY_15625	14	0	0.42857142857142855	0.5714285714285714	constant	0.5714285714285714	0.4285714285714286	instable	instable_no_stable_identity	instable
uv	RvY_15627-1	14	0.5714285714285714	0.07142857142857142	0.35714285714285715	up	0.5714285714285714	0.4285714285714286	instable	instable_no_stable_identity	instable
uv	RvY_15629-1	14	0.07142857142857142	0.35714285714285715	0.5714285714285714	constant	0.5714285714285714	0.4285714285714286	instable	instable_no_stable_identity	instable
uv	RvY_15641	14	0	0.5714285714285714	0.42857142857142855	down	0.5714285714285714	0.4285714285714286	instable	instable_no_stable_identity	instable
uv	RvY_15653-1	14	0.42857142857142855	0	0.5714285714285714	constant	0.5714285714285714	0.4285714285714286	instable	instable_no_stable_identity	instable
uv	RvY_15659-1	14	0.42857142857142855	0	0.5714285714285714	constant	0.5714285714285714	0.4285714285714286	instable	instable_no_stable_identity	instable
uv	RvY_15661-1	14	0.5714285714285714	0.21428571428571427	0.21428571428571427	up	0.5714285714285714	0.4285714285714286	instable	instable_no_stable_identity	instable
uv	RvY_15663-1	14	0.42857142857142855	0	0.5714285714285714	constant	0.5714285714285714	0.4285714285714286	instable	instable_no_stable_identity	instable
uv	RvY_15666-1	14	0.07142857142857142	0.35714285714285715	0.5714285714285714	constant	0.5714285714285714	0.4285714285714286	instable	instable_no_stable_identity	instable
uv	RvY_15671-1	14	0.21428571428571427	0.21428571428571427	0.5714285714285714	constant	0.5714285714285714	0.4285714285714286	instable	instable_no_stable_identity	instable
uv	RvY_15676-1	14	0.35714285714285715	0.07142857142857142	0.5714285714285714	constant	0.5714285714285714	0.4285714285714286	instable	instable_no_stable_identity	instable
uv	RvY_15677-1	14	0.07142857142857142	0.35714285714285715	0.5714285714285714	constant	0.5714285714285714	0.4285714285714286	instable	instable_no_stable_identity	instable
uv	RvY_15682-1	14	0	0.42857142857142855	0.5714285714285714	constant	0.5714285714285714	0.4285714285714286	instable	instable_no_stable_identity	instable
uv	RvY_15696-1	14	0.42857142857142855	0	0.5714285714285714	constant	0.5714285714285714	0.4285714285714286	instable	instable_no_stable_identity	instable
uv	RvY_15703-1	14	0	0.42857142857142855	0.5714285714285714	constant	0.5714285714285714	0.4285714285714286	instable	instable_no_stable_identity	instable
uv	RvY_15718-1	14	0.5714285714285714	0	0.42857142857142855	up	0.5714285714285714	0.4285714285714286	instable	instable_no_stable_identity	instable
uv	RvY_15721-1	14	0.42857142857142855	0	0.5714285714285714	constant	0.5714285714285714	0.4285714285714286	instable	instable_no_stable_identity	instable
uv	RvY_15730-1	14	0.42857142857142855	0	0.5714285714285714	constant	0.5714285714285714	0.4285714285714286	instable	instable_no_stable_identity	instable
uv	RvY_15731-1	14	0.21428571428571427	0.21428571428571427	0.5714285714285714	constant	0.5714285714285714	0.4285714285714286	instable	instable_no_stable_identity	instable
uv	RvY_15749	14	0.42857142857142855	0	0.5714285714285714	constant	0.5714285714285714	0.4285714285714286	instable	instable_no_stable_identity	instable
uv	RvY_15762-1	14	0.2857142857142857	0.14285714285714285	0.5714285714285714	constant	0.5714285714285714	0.4285714285714286	instable	instable_no_stable_identity	instable
uv	RvY_15764-1	14	0.5714285714285714	0	0.42857142857142855	up	0.5714285714285714	0.4285714285714286	instable	instable_no_stable_identity	instable
uv	RvY_15768-1	14	0.14285714285714285	0.2857142857142857	0.5714285714285714	constant	0.5714285714285714	0.4285714285714286	instable	instable_no_stable_identity	instable
uv	RvY_15769-1	14	0	0.42857142857142855	0.5714285714285714	constant	0.5714285714285714	0.4285714285714286	instable	instable_no_stable_identity	instable
uv	RvY_15772	14	0.21428571428571427	0.21428571428571427	0.5714285714285714	constant	0.5714285714285714	0.4285714285714286	instable	instable_no_stable_identity	instable
uv	RvY_15775-1	14	0.14285714285714285	0.2857142857142857	0.5714285714285714	constant	0.5714285714285714	0.4285714285714286	instable	instable_no_stable_identity	instable
uv	RvY_15779-1	14	0.35714285714285715	0.07142857142857142	0.5714285714285714	constant	0.5714285714285714	0.4285714285714286	instable	instable_no_stable_identity	instable
uv	RvY_15785	14	0	0.42857142857142855	0.5714285714285714	constant	0.5714285714285714	0.4285714285714286	instable	instable_no_stable_identity	instable
uv	RvY_15788-1	14	0.42857142857142855	0	0.5714285714285714	constant	0.5714285714285714	0.4285714285714286	instable	instable_no_stable_identity	instable
uv	RvY_15791-1	14	0.07142857142857142	0.35714285714285715	0.5714285714285714	constant	0.5714285714285714	0.4285714285714286	instable	instable_no_stable_identity	instable
uv	RvY_15793-1	14	0.21428571428571427	0.21428571428571427	0.5714285714285714	constant	0.5714285714285714	0.4285714285714286	instable	instable_no_stable_identity	instable
uv	RvY_15795-1	14	0.35714285714285715	0.07142857142857142	0.5714285714285714	constant	0.5714285714285714	0.4285714285714286	instable	instable_no_stable_identity	instable
uv	RvY_15796-1	14	0.14285714285714285	0.2857142857142857	0.5714285714285714	constant	0.5714285714285714	0.4285714285714286	instable	instable_no_stable_identity	instable
uv	RvY_15802-1	14	0.42857142857142855	0	0.5714285714285714	constant	0.5714285714285714	0.4285714285714286	instable	instable_no_stable_identity	instable
uv	RvY_15803-1	14	0	0.5714285714285714	0.42857142857142855	down	0.5714285714285714	0.4285714285714286	instable	instable_no_stable_identity	instable
uv	RvY_15816-1	14	0.07142857142857142	0.35714285714285715	0.5714285714285714	constant	0.5714285714285714	0.4285714285714286	instable	instable_no_stable_identity	instable
uv	RvY_15818-1	14	0.5714285714285714	0	0.42857142857142855	up	0.5714285714285714	0.4285714285714286	instable	instable_no_stable_identity	instable
uv	RvY_15824-1	14	0.21428571428571427	0.21428571428571427	0.5714285714285714	constant	0.5714285714285714	0.4285714285714286	instable	instable_no_stable_identity	instable
uv	RvY_15842-1	14	0.21428571428571427	0.21428571428571427	0.5714285714285714	constant	0.5714285714285714	0.4285714285714286	instable	instable_no_stable_identity	instable
uv	RvY_15847-1	14	0.07142857142857142	0.35714285714285715	0.5714285714285714	constant	0.5714285714285714	0.4285714285714286	instable	instable_no_stable_identity	instable
uv	RvY_15851-1	14	0.42857142857142855	0	0.5714285714285714	constant	0.5714285714285714	0.4285714285714286	instable	instable_no_stable_identity	instable
uv	RvY_15860	14	0.35714285714285715	0.07142857142857142	0.5714285714285714	constant	0.5714285714285714	0.4285714285714286	instable	instable_no_stable_identity	instable
uv	RvY_15865-1	14	0.5714285714285714	0	0.42857142857142855	up	0.5714285714285714	0.4285714285714286	instable	instable_no_stable_identity	instable
uv	RvY_15870-1	14	0.2857142857142857	0.14285714285714285	0.5714285714285714	constant	0.5714285714285714	0.4285714285714286	instable	instable_no_stable_identity	instable
uv	RvY_15871-1	14	0.5714285714285714	0.14285714285714285	0.2857142857142857	up	0.5714285714285714	0.4285714285714286	instable	instable_no_stable_identity	instable
uv	RvY_15874-1	14	0	0.42857142857142855	0.5714285714285714	constant	0.5714285714285714	0.4285714285714286	instable	instable_no_stable_identity	instable
uv	RvY_15878-1	14	0	0.42857142857142855	0.5714285714285714	constant	0.5714285714285714	0.4285714285714286	instable	instable_no_stable_identity	instable
uv	RvY_15881-1	14	0	0.5714285714285714	0.42857142857142855	down	0.5714285714285714	0.4285714285714286	instable	instable_no_stable_identity	instable
uv	RvY_15890-1	14	0.07142857142857142	0.5714285714285714	0.35714285714285715	down	0.5714285714285714	0.4285714285714286	instable	instable_no_stable_identity	instable
uv	RvY_15896-1	14	0.5714285714285714	0	0.42857142857142855	up	0.5714285714285714	0.4285714285714286	instable	instable_no_stable_identity	instable
uv	RvY_15897-1	14	0	0.5714285714285714	0.42857142857142855	down	0.5714285714285714	0.4285714285714286	instable	instable_no_stable_identity	instable
uv	RvY_15901-1	14	0.07142857142857142	0.5714285714285714	0.35714285714285715	down	0.5714285714285714	0.4285714285714286	instable	instable_no_stable_identity	instable
uv	RvY_15902-1	14	0.5714285714285714	0.07142857142857142	0.35714285714285715	up	0.5714285714285714	0.4285714285714286	instable	instable_no_stable_identity	instable
uv	RvY_15929-1	14	0.42857142857142855	0	0.5714285714285714	constant	0.5714285714285714	0.4285714285714286	instable	instable_no_stable_identity	instable
uv	RvY_15932-1	14	0.5714285714285714	0	0.42857142857142855	up	0.5714285714285714	0.4285714285714286	instable	instable_no_stable_identity	instable
uv	RvY_15953-1	14	0	0.42857142857142855	0.5714285714285714	constant	0.5714285714285714	0.4285714285714286	instable	instable_no_stable_identity	instable
uv	RvY_15955-1	14	0	0.5714285714285714	0.42857142857142855	down	0.5714285714285714	0.4285714285714286	instable	instable_no_stable_identity	instable
uv	RvY_15957-1	14	0.5714285714285714	0.07142857142857142	0.35714285714285715	up	0.5714285714285714	0.4285714285714286	instable	instable_no_stable_identity	instable
uv	RvY_15964	14	0.5714285714285714	0	0.42857142857142855	up	0.5714285714285714	0.4285714285714286	instable	instable_no_stable_identity	instable
uv	RvY_15975-1	14	0.5714285714285714	0	0.42857142857142855	up	0.5714285714285714	0.4285714285714286	instable	instable_no_stable_identity	instable
uv	RvY_15979-1	14	0	0.42857142857142855	0.5714285714285714	constant	0.5714285714285714	0.4285714285714286	instable	instable_no_stable_identity	instable
uv	RvY_15982	14	0	0.5714285714285714	0.42857142857142855	down	0.5714285714285714	0.4285714285714286	instable	instable_no_stable_identity	instable
uv	RvY_15984	14	0.35714285714285715	0.07142857142857142	0.5714285714285714	constant	0.5714285714285714	0.4285714285714286	instable	instable_no_stable_identity	instable
uv	RvY_15987-1	14	0	0.42857142857142855	0.5714285714285714	constant	0.5714285714285714	0.4285714285714286	instable	instable_no_stable_identity	instable
uv	RvY_16001	14	0.07142857142857142	0.35714285714285715	0.5714285714285714	constant	0.5714285714285714	0.4285714285714286	instable	instable_no_stable_identity	instable
uv	RvY_16014	14	0.5714285714285714	0	0.42857142857142855	up	0.5714285714285714	0.4285714285714286	instable	instable_no_stable_identity	instable
uv	RvY_16022-1	14	0.42857142857142855	0	0.5714285714285714	constant	0.5714285714285714	0.4285714285714286	instable	instable_no_stable_identity	instable
uv	RvY_16024	14	0.2857142857142857	0.14285714285714285	0.5714285714285714	constant	0.5714285714285714	0.4285714285714286	instable	instable_no_stable_identity	instable
uv	RvY_16025	14	0.2857142857142857	0.14285714285714285	0.5714285714285714	constant	0.5714285714285714	0.4285714285714286	instable	instable_no_stable_identity	instable
uv	RvY_16038-1	14	0.35714285714285715	0.07142857142857142	0.5714285714285714	constant	0.5714285714285714	0.4285714285714286	instable	instable_no_stable_identity	instable
uv	RvY_16050-1	14	0.21428571428571427	0.21428571428571427	0.5714285714285714	constant	0.5714285714285714	0.4285714285714286	instable	instable_no_stable_identity	instable
uv	RvY_16053-1	14	0	0.5714285714285714	0.42857142857142855	down	0.5714285714285714	0.4285714285714286	instable	instable_no_stable_identity	instable
uv	RvY_16058-1	14	0.42857142857142855	0	0.5714285714285714	constant	0.5714285714285714	0.4285714285714286	instable	instable_no_stable_identity	instable
uv	RvY_16062	14	0.35714285714285715	0.07142857142857142	0.5714285714285714	constant	0.5714285714285714	0.4285714285714286	instable	instable_no_stable_identity	instable
uv	RvY_16066-1	14	0.42857142857142855	0	0.5714285714285714	constant	0.5714285714285714	0.4285714285714286	instable	instable_no_stable_identity	instable
uv	RvY_16069-1	14	0	0.42857142857142855	0.5714285714285714	constant	0.5714285714285714	0.4285714285714286	instable	instable_no_stable_identity	instable
uv	RvY_16090-1	14	0	0.42857142857142855	0.5714285714285714	constant	0.5714285714285714	0.4285714285714286	instable	instable_no_stable_identity	instable
uv	RvY_16094-1	14	0.14285714285714285	0.5714285714285714	0.2857142857142857	down	0.5714285714285714	0.4285714285714286	instable	instable_no_stable_identity	instable
uv	RvY_16116-1	14	0.5714285714285714	0.07142857142857142	0.35714285714285715	up	0.5714285714285714	0.4285714285714286	instable	instable_no_stable_identity	instable
uv	RvY_16117-1	14	0.35714285714285715	0.07142857142857142	0.5714285714285714	constant	0.5714285714285714	0.4285714285714286	instable	instable_no_stable_identity	instable
uv	RvY_16121-1	14	0.42857142857142855	0	0.5714285714285714	constant	0.5714285714285714	0.4285714285714286	instable	instable_no_stable_identity	instable
uv	RvY_16124	14	0.42857142857142855	0	0.5714285714285714	constant	0.5714285714285714	0.4285714285714286	instable	instable_no_stable_identity	instable
uv	RvY_16126-1	14	0	0.5714285714285714	0.42857142857142855	down	0.5714285714285714	0.4285714285714286	instable	instable_no_stable_identity	instable
uv	RvY_16129-2	14	0	0.42857142857142855	0.5714285714285714	constant	0.5714285714285714	0.4285714285714286	instable	instable_no_stable_identity	instable
uv	RvY_16130-1	14	0	0.5714285714285714	0.42857142857142855	down	0.5714285714285714	0.4285714285714286	instable	instable_no_stable_identity	instable
uv	RvY_16132-1	14	0.21428571428571427	0.21428571428571427	0.5714285714285714	constant	0.5714285714285714	0.4285714285714286	instable	instable_no_stable_identity	instable
uv	RvY_16150-1	14	0	0.42857142857142855	0.5714285714285714	constant	0.5714285714285714	0.4285714285714286	instable	instable_no_stable_identity	instable
uv	RvY_16166-1	14	0.35714285714285715	0.07142857142857142	0.5714285714285714	constant	0.5714285714285714	0.4285714285714286	instable	instable_no_stable_identity	instable
uv	RvY_16168-1	14	0.42857142857142855	0	0.5714285714285714	constant	0.5714285714285714	0.4285714285714286	instable	instable_no_stable_identity	instable
uv	RvY_16170-1	14	0.21428571428571427	0.21428571428571427	0.5714285714285714	constant	0.5714285714285714	0.4285714285714286	instable	instable_no_stable_identity	instable
uv	RvY_16173-1	14	0.2857142857142857	0.14285714285714285	0.5714285714285714	constant	0.5714285714285714	0.4285714285714286	instable	instable_no_stable_identity	instable
uv	RvY_16184-1	14	0.5714285714285714	0	0.42857142857142855	up	0.5714285714285714	0.4285714285714286	instable	instable_no_stable_identity	instable
uv	RvY_16222-1	14	0.5714285714285714	0.07142857142857142	0.35714285714285715	up	0.5714285714285714	0.4285714285714286	instable	instable_no_stable_identity	instable
uv	RvY_16229-1	14	0.07142857142857142	0.5714285714285714	0.35714285714285715	down	0.5714285714285714	0.4285714285714286	instable	instable_no_stable_identity	instable
uv	RvY_16230	14	0.07142857142857142	0.35714285714285715	0.5714285714285714	constant	0.5714285714285714	0.4285714285714286	instable	instable_no_stable_identity	instable
uv	RvY_16231-1	14	0.2857142857142857	0.14285714285714285	0.5714285714285714	constant	0.5714285714285714	0.4285714285714286	instable	instable_no_stable_identity	instable
uv	RvY_16237-1	14	0.42857142857142855	0	0.5714285714285714	constant	0.5714285714285714	0.4285714285714286	instable	instable_no_stable_identity	instable
uv	RvY_16242-1	14	0.5714285714285714	0	0.42857142857142855	up	0.5714285714285714	0.4285714285714286	instable	instable_no_stable_identity	instable
uv	RvY_16251-1	14	0	0.42857142857142855	0.5714285714285714	constant	0.5714285714285714	0.4285714285714286	instable	instable_no_stable_identity	instable
uv	RvY_16258-1	14	0.42857142857142855	0	0.5714285714285714	constant	0.5714285714285714	0.4285714285714286	instable	instable_no_stable_identity	instable
uv	RvY_16261-1	14	0.07142857142857142	0.35714285714285715	0.5714285714285714	constant	0.5714285714285714	0.4285714285714286	instable	instable_no_stable_identity	instable
uv	RvY_16264-1	14	0.2857142857142857	0.14285714285714285	0.5714285714285714	constant	0.5714285714285714	0.4285714285714286	instable	instable_no_stable_identity	instable
uv	RvY_16269-1	14	0	0.42857142857142855	0.5714285714285714	constant	0.5714285714285714	0.4285714285714286	instable	instable_no_stable_identity	instable
uv	RvY_16270-1	14	0.5714285714285714	0.42857142857142855	0	up	0.5714285714285714	0.4285714285714286	instable	instable_no_stable_identity	instable
uv	RvY_16303	14	0	0.5714285714285714	0.42857142857142855	down	0.5714285714285714	0.4285714285714286	instable	instable_no_stable_identity	instable
uv	RvY_16304-1	14	0	0.42857142857142855	0.5714285714285714	constant	0.5714285714285714	0.4285714285714286	instable	instable_no_stable_identity	instable
uv	RvY_16305-1	14	0.14285714285714285	0.5714285714285714	0.2857142857142857	down	0.5714285714285714	0.4285714285714286	instable	instable_no_stable_identity	instable
uv	RvY_16306-1	14	0.14285714285714285	0.5714285714285714	0.2857142857142857	down	0.5714285714285714	0.4285714285714286	instable	instable_no_stable_identity	instable
uv	RvY_16312-1	14	0	0.5714285714285714	0.42857142857142855	down	0.5714285714285714	0.4285714285714286	instable	instable_no_stable_identity	instable
uv	RvY_16314-1	14	0	0.42857142857142855	0.5714285714285714	constant	0.5714285714285714	0.4285714285714286	instable	instable_no_stable_identity	instable
uv	RvY_16318-1	14	0.5714285714285714	0.14285714285714285	0.2857142857142857	up	0.5714285714285714	0.4285714285714286	instable	instable_no_stable_identity	instable
uv	RvY_16320-1	14	0.2857142857142857	0.14285714285714285	0.5714285714285714	constant	0.5714285714285714	0.4285714285714286	instable	instable_no_stable_identity	instable
uv	RvY_16326-1	14	0.42857142857142855	0	0.5714285714285714	constant	0.5714285714285714	0.4285714285714286	instable	instable_no_stable_identity	instable
uv	RvY_16374-1	14	0.14285714285714285	0.2857142857142857	0.5714285714285714	constant	0.5714285714285714	0.4285714285714286	instable	instable_no_stable_identity	instable
uv	RvY_16377-1	14	0.14285714285714285	0.2857142857142857	0.5714285714285714	constant	0.5714285714285714	0.4285714285714286	instable	instable_no_stable_identity	instable
uv	RvY_16386-1	14	0.2857142857142857	0.14285714285714285	0.5714285714285714	constant	0.5714285714285714	0.4285714285714286	instable	instable_no_stable_identity	instable
uv	RvY_16388-1	14	0.35714285714285715	0.07142857142857142	0.5714285714285714	constant	0.5714285714285714	0.4285714285714286	instable	instable_no_stable_identity	instable
uv	RvY_16405	14	0.5714285714285714	0	0.42857142857142855	up	0.5714285714285714	0.4285714285714286	instable	instable_no_stable_identity	instable
uv	RvY_16406	14	0	0.42857142857142855	0.5714285714285714	constant	0.5714285714285714	0.4285714285714286	instable	instable_no_stable_identity	instable
uv	RvY_16413-1	14	0.35714285714285715	0.07142857142857142	0.5714285714285714	constant	0.5714285714285714	0.4285714285714286	instable	instable_no_stable_identity	instable
uv	RvY_16428	14	0.07142857142857142	0.5714285714285714	0.35714285714285715	down	0.5714285714285714	0.4285714285714286	instable	instable_no_stable_identity	instable
uv	RvY_16429-1	14	0.5714285714285714	0	0.42857142857142855	up	0.5714285714285714	0.4285714285714286	instable	instable_no_stable_identity	instable
uv	RvY_16431-1	14	0.42857142857142855	0	0.5714285714285714	constant	0.5714285714285714	0.4285714285714286	instable	instable_no_stable_identity	instable
uv	RvY_16441	14	0.5714285714285714	0	0.42857142857142855	up	0.5714285714285714	0.4285714285714286	instable	instable_no_stable_identity	instable
uv	RvY_16444	14	0.5714285714285714	0	0.42857142857142855	up	0.5714285714285714	0.4285714285714286	instable	instable_no_stable_identity	instable
uv	RvY_16446	14	0.5714285714285714	0	0.42857142857142855	up	0.5714285714285714	0.4285714285714286	instable	instable_no_stable_identity	instable
uv	RvY_16469	14	0.2857142857142857	0.14285714285714285	0.5714285714285714	constant	0.5714285714285714	0.4285714285714286	instable	instable_no_stable_identity	instable
uv	RvY_16472-1	14	0.14285714285714285	0.2857142857142857	0.5714285714285714	constant	0.5714285714285714	0.4285714285714286	instable	instable_no_stable_identity	instable
uv	RvY_16480-1	14	0.2857142857142857	0.14285714285714285	0.5714285714285714	constant	0.5714285714285714	0.4285714285714286	instable	instable_no_stable_identity	instable
uv	RvY_16491-1	14	0.35714285714285715	0.07142857142857142	0.5714285714285714	constant	0.5714285714285714	0.4285714285714286	instable	instable_no_stable_identity	instable
uv	RvY_16492-1	14	0.2857142857142857	0.14285714285714285	0.5714285714285714	constant	0.5714285714285714	0.4285714285714286	instable	instable_no_stable_identity	instable
uv	RvY_16506-1	14	0.5714285714285714	0	0.42857142857142855	up	0.5714285714285714	0.4285714285714286	instable	instable_no_stable_identity	instable
uv	RvY_16529-1	14	0	0.5714285714285714	0.42857142857142855	down	0.5714285714285714	0.4285714285714286	instable	instable_no_stable_identity	instable
uv	RvY_16534-1	14	0	0.5714285714285714	0.42857142857142855	down	0.5714285714285714	0.4285714285714286	instable	instable_no_stable_identity	instable
uv	RvY_16535-1	14	0.35714285714285715	0.07142857142857142	0.5714285714285714	constant	0.5714285714285714	0.4285714285714286	instable	instable_no_stable_identity	instable
uv	RvY_16536-1	14	0.5714285714285714	0	0.42857142857142855	up	0.5714285714285714	0.4285714285714286	instable	instable_no_stable_identity	instable
uv	RvY_16538-1	14	0.07142857142857142	0.35714285714285715	0.5714285714285714	constant	0.5714285714285714	0.4285714285714286	instable	instable_no_stable_identity	instable
uv	RvY_16541-1	14	0.42857142857142855	0	0.5714285714285714	constant	0.5714285714285714	0.4285714285714286	instable	instable_no_stable_identity	instable
uv	RvY_16546-1	14	0	0.42857142857142855	0.5714285714285714	constant	0.5714285714285714	0.4285714285714286	instable	instable_no_stable_identity	instable
uv	RvY_16557-1	14	0	0.5714285714285714	0.42857142857142855	down	0.5714285714285714	0.4285714285714286	instable	instable_no_stable_identity	instable
uv	RvY_16558-1	14	0.2857142857142857	0.14285714285714285	0.5714285714285714	constant	0.5714285714285714	0.4285714285714286	instable	instable_no_stable_identity	instable
uv	RvY_16560-1	14	0.5714285714285714	0	0.42857142857142855	up	0.5714285714285714	0.4285714285714286	instable	instable_no_stable_identity	instable
uv	RvY_16563-1	14	0.5714285714285714	0	0.42857142857142855	up	0.5714285714285714	0.4285714285714286	instable	instable_no_stable_identity	instable
uv	RvY_16600-1	14	0.2857142857142857	0.14285714285714285	0.5714285714285714	constant	0.5714285714285714	0.4285714285714286	instable	instable_no_stable_identity	instable
uv	RvY_16615-1	14	0.5714285714285714	0	0.42857142857142855	up	0.5714285714285714	0.4285714285714286	instable	instable_no_stable_identity	instable
uv	RvY_16620-1	14	0	0.42857142857142855	0.5714285714285714	constant	0.5714285714285714	0.4285714285714286	instable	instable_no_stable_identity	instable
uv	RvY_16631-1	14	0.35714285714285715	0.07142857142857142	0.5714285714285714	constant	0.5714285714285714	0.4285714285714286	instable	instable_no_stable_identity	instable
uv	RvY_16652-1	14	0.42857142857142855	0	0.5714285714285714	constant	0.5714285714285714	0.4285714285714286	instable	instable_no_stable_identity	instable
uv	RvY_16660-1	14	0.42857142857142855	0	0.5714285714285714	constant	0.5714285714285714	0.4285714285714286	instable	instable_no_stable_identity	instable
uv	RvY_16661-1	14	0	0.42857142857142855	0.5714285714285714	constant	0.5714285714285714	0.4285714285714286	instable	instable_no_stable_identity	instable
uv	RvY_16666-1	14	0.14285714285714285	0.2857142857142857	0.5714285714285714	constant	0.5714285714285714	0.4285714285714286	instable	instable_no_stable_identity	instable
uv	RvY_16679-1	14	0.14285714285714285	0.2857142857142857	0.5714285714285714	constant	0.5714285714285714	0.4285714285714286	instable	instable_no_stable_identity	instable
uv	RvY_16680	14	0	0.42857142857142855	0.5714285714285714	constant	0.5714285714285714	0.4285714285714286	instable	instable_no_stable_identity	instable
uv	RvY_16688-1	14	0.14285714285714285	0.2857142857142857	0.5714285714285714	constant	0.5714285714285714	0.4285714285714286	instable	instable_no_stable_identity	instable
uv	RvY_16699-1	14	0.5714285714285714	0	0.42857142857142855	up	0.5714285714285714	0.4285714285714286	instable	instable_no_stable_identity	instable
uv	RvY_16703-1	14	0.5714285714285714	0	0.42857142857142855	up	0.5714285714285714	0.4285714285714286	instable	instable_no_stable_identity	instable
uv	RvY_16706-1	14	0.07142857142857142	0.35714285714285715	0.5714285714285714	constant	0.5714285714285714	0.4285714285714286	instable	instable_no_stable_identity	instable
uv	RvY_16710-1	14	0.5714285714285714	0	0.42857142857142855	up	0.5714285714285714	0.4285714285714286	instable	instable_no_stable_identity	instable
uv	RvY_16713	14	0.5714285714285714	0	0.42857142857142855	up	0.5714285714285714	0.4285714285714286	instable	instable_no_stable_identity	instable
uv	RvY_16720	14	0.07142857142857142	0.5714285714285714	0.35714285714285715	down	0.5714285714285714	0.4285714285714286	instable	instable_no_stable_identity	instable
uv	RvY_16725-1	14	0.07142857142857142	0.5714285714285714	0.35714285714285715	down	0.5714285714285714	0.4285714285714286	instable	instable_no_stable_identity	instable
uv	RvY_16728-1	14	0.5714285714285714	0.07142857142857142	0.35714285714285715	up	0.5714285714285714	0.4285714285714286	instable	instable_no_stable_identity	instable
uv	RvY_16730-1	14	0.35714285714285715	0.07142857142857142	0.5714285714285714	constant	0.5714285714285714	0.4285714285714286	instable	instable_no_stable_identity	instable
uv	RvY_16731	14	0.21428571428571427	0.21428571428571427	0.5714285714285714	constant	0.5714285714285714	0.4285714285714286	instable	instable_no_stable_identity	instable
uv	RvY_16733-1	14	0.35714285714285715	0.07142857142857142	0.5714285714285714	constant	0.5714285714285714	0.4285714285714286	instable	instable_no_stable_identity	instable
uv	RvY_16735	14	0	0.42857142857142855	0.5714285714285714	constant	0.5714285714285714	0.4285714285714286	instable	instable_no_stable_identity	instable
uv	RvY_16736	14	0.5714285714285714	0	0.42857142857142855	up	0.5714285714285714	0.4285714285714286	instable	instable_no_stable_identity	instable
uv	RvY_16739	14	0.21428571428571427	0.21428571428571427	0.5714285714285714	constant	0.5714285714285714	0.4285714285714286	instable	instable_no_stable_identity	instable
uv	RvY_16740-1	14	0.2857142857142857	0.14285714285714285	0.5714285714285714	constant	0.5714285714285714	0.4285714285714286	instable	instable_no_stable_identity	instable
uv	RvY_16743-1	14	0.14285714285714285	0.5714285714285714	0.2857142857142857	down	0.5714285714285714	0.4285714285714286	instable	instable_no_stable_identity	instable
uv	RvY_16747-1	14	0.5714285714285714	0	0.42857142857142855	up	0.5714285714285714	0.4285714285714286	instable	instable_no_stable_identity	instable
uv	RvY_16761-1	14	0.5714285714285714	0	0.42857142857142855	up	0.5714285714285714	0.4285714285714286	instable	instable_no_stable_identity	instable
uv	RvY_16766	14	0.42857142857142855	0	0.5714285714285714	constant	0.5714285714285714	0.4285714285714286	instable	instable_no_stable_identity	instable
uv	RvY_16768-1	14	0.14285714285714285	0.2857142857142857	0.5714285714285714	constant	0.5714285714285714	0.4285714285714286	instable	instable_no_stable_identity	instable
uv	RvY_16790-1	14	0.2857142857142857	0.14285714285714285	0.5714285714285714	constant	0.5714285714285714	0.4285714285714286	instable	instable_no_stable_identity	instable
uv	RvY_16809-1	14	0.21428571428571427	0.5714285714285714	0.21428571428571427	down	0.5714285714285714	0.4285714285714286	instable	instable_no_stable_identity	instable
uv	RvY_16818-1	14	0.14285714285714285	0.5714285714285714	0.2857142857142857	down	0.5714285714285714	0.4285714285714286	instable	instable_no_stable_identity	instable
uv	RvY_16830-1	14	0	0.42857142857142855	0.5714285714285714	constant	0.5714285714285714	0.4285714285714286	instable	instable_no_stable_identity	instable
uv	RvY_16832-1	14	0.5714285714285714	0.21428571428571427	0.21428571428571427	up	0.5714285714285714	0.4285714285714286	instable	instable_no_stable_identity	instable
uv	RvY_16836-1	14	0.07142857142857142	0.5714285714285714	0.35714285714285715	down	0.5714285714285714	0.4285714285714286	instable	instable_no_stable_identity	instable
uv	RvY_16856	14	0.5714285714285714	0	0.42857142857142855	up	0.5714285714285714	0.4285714285714286	instable	instable_no_stable_identity	instable
uv	RvY_16859-1	14	0.5714285714285714	0.07142857142857142	0.35714285714285715	up	0.5714285714285714	0.4285714285714286	instable	instable_no_stable_identity	instable
uv	RvY_16870	14	0.14285714285714285	0.2857142857142857	0.5714285714285714	constant	0.5714285714285714	0.4285714285714286	instable	instable_no_stable_identity	instable
uv	RvY_16877-1	14	0.35714285714285715	0.07142857142857142	0.5714285714285714	constant	0.5714285714285714	0.4285714285714286	instable	instable_no_stable_identity	instable
uv	RvY_16881	14	0.14285714285714285	0.2857142857142857	0.5714285714285714	constant	0.5714285714285714	0.4285714285714286	instable	instable_no_stable_identity	instable
uv	RvY_16882-1	14	0.42857142857142855	0	0.5714285714285714	constant	0.5714285714285714	0.4285714285714286	instable	instable_no_stable_identity	instable
uv	RvY_16886-1	14	0.5714285714285714	0.07142857142857142	0.35714285714285715	up	0.5714285714285714	0.4285714285714286	instable	instable_no_stable_identity	instable
uv	RvY_16891-1	14	0.42857142857142855	0	0.5714285714285714	constant	0.5714285714285714	0.4285714285714286	instable	instable_no_stable_identity	instable
uv	RvY_16892	14	0	0.5714285714285714	0.42857142857142855	down	0.5714285714285714	0.4285714285714286	instable	instable_no_stable_identity	instable
uv	RvY_16902-1	14	0.2857142857142857	0.14285714285714285	0.5714285714285714	constant	0.5714285714285714	0.4285714285714286	instable	instable_no_stable_identity	instable
uv	RvY_16911	14	0	0.5714285714285714	0.42857142857142855	down	0.5714285714285714	0.4285714285714286	instable	instable_no_stable_identity	instable
uv	RvY_16915-1	14	0.42857142857142855	0	0.5714285714285714	constant	0.5714285714285714	0.4285714285714286	instable	instable_no_stable_identity	instable
uv	RvY_16926-1	14	0.42857142857142855	0	0.5714285714285714	constant	0.5714285714285714	0.4285714285714286	instable	instable_no_stable_identity	instable
uv	RvY_16938-1	14	0.5714285714285714	0	0.42857142857142855	up	0.5714285714285714	0.4285714285714286	instable	instable_no_stable_identity	instable
uv	RvY_16939-1	14	0.42857142857142855	0	0.5714285714285714	constant	0.5714285714285714	0.4285714285714286	instable	instable_no_stable_identity	instable
uv	RvY_16945	14	0	0.5714285714285714	0.42857142857142855	down	0.5714285714285714	0.4285714285714286	instable	instable_no_stable_identity	instable
uv	RvY_16948-1	14	0	0.42857142857142855	0.5714285714285714	constant	0.5714285714285714	0.4285714285714286	instable	instable_no_stable_identity	instable
uv	RvY_16949	14	0.21428571428571427	0.21428571428571427	0.5714285714285714	constant	0.5714285714285714	0.4285714285714286	instable	instable_no_stable_identity	instable
uv	RvY_16953-1	14	0.5714285714285714	0.07142857142857142	0.35714285714285715	up	0.5714285714285714	0.4285714285714286	instable	instable_no_stable_identity	instable
uv	RvY_16959-1	14	0	0.5714285714285714	0.42857142857142855	down	0.5714285714285714	0.4285714285714286	instable	instable_no_stable_identity	instable
uv	RvY_16963-1	14	0.07142857142857142	0.35714285714285715	0.5714285714285714	constant	0.5714285714285714	0.4285714285714286	instable	instable_no_stable_identity	instable
uv	RvY_16972-1	14	0.5714285714285714	0	0.42857142857142855	up	0.5714285714285714	0.4285714285714286	instable	instable_no_stable_identity	instable
uv	RvY_16973	14	0	0.42857142857142855	0.5714285714285714	constant	0.5714285714285714	0.4285714285714286	instable	instable_no_stable_identity	instable
uv	RvY_16990-1	14	0.42857142857142855	0	0.5714285714285714	constant	0.5714285714285714	0.4285714285714286	instable	instable_no_stable_identity	instable
uv	RvY_16993-1	14	0	0.42857142857142855	0.5714285714285714	constant	0.5714285714285714	0.4285714285714286	instable	instable_no_stable_identity	instable
uv	RvY_17005-1	14	0	0.5714285714285714	0.42857142857142855	down	0.5714285714285714	0.4285714285714286	instable	instable_no_stable_identity	instable
uv	RvY_17016-1	14	0.5714285714285714	0	0.42857142857142855	up	0.5714285714285714	0.4285714285714286	instable	instable_no_stable_identity	instable
uv	RvY_17022-1	14	0.21428571428571427	0.21428571428571427	0.5714285714285714	constant	0.5714285714285714	0.4285714285714286	instable	instable_no_stable_identity	instable
uv	RvY_17024-1	14	0.42857142857142855	0	0.5714285714285714	constant	0.5714285714285714	0.4285714285714286	instable	instable_no_stable_identity	instable
uv	RvY_17030-1	14	0.5714285714285714	0	0.42857142857142855	up	0.5714285714285714	0.4285714285714286	instable	instable_no_stable_identity	instable
uv	RvY_17034-1	14	0.35714285714285715	0.07142857142857142	0.5714285714285714	constant	0.5714285714285714	0.4285714285714286	instable	instable_no_stable_identity	instable
uv	RvY_17042-1	14	0.42857142857142855	0	0.5714285714285714	constant	0.5714285714285714	0.4285714285714286	instable	instable_no_stable_identity	instable
uv	RvY_17062-1	14	0.2857142857142857	0.14285714285714285	0.5714285714285714	constant	0.5714285714285714	0.4285714285714286	instable	instable_no_stable_identity	instable
uv	RvY_17076-1	14	0.42857142857142855	0	0.5714285714285714	constant	0.5714285714285714	0.4285714285714286	instable	instable_no_stable_identity	instable
uv	RvY_17085	14	0	0.42857142857142855	0.5714285714285714	constant	0.5714285714285714	0.4285714285714286	instable	instable_no_stable_identity	instable
uv	RvY_17086-1	14	0	0.5714285714285714	0.42857142857142855	down	0.5714285714285714	0.4285714285714286	instable	instable_no_stable_identity	instable
uv	RvY_17089-1	14	0.07142857142857142	0.5714285714285714	0.35714285714285715	down	0.5714285714285714	0.4285714285714286	instable	instable_no_stable_identity	instable
uv	RvY_17105-1	14	0	0.42857142857142855	0.5714285714285714	constant	0.5714285714285714	0.4285714285714286	instable	instable_no_stable_identity	instable
uv	RvY_17107-1	14	0.14285714285714285	0.5714285714285714	0.2857142857142857	down	0.5714285714285714	0.4285714285714286	instable	instable_no_stable_identity	instable
uv	RvY_17110-1	14	0.2857142857142857	0.14285714285714285	0.5714285714285714	constant	0.5714285714285714	0.4285714285714286	instable	instable_no_stable_identity	instable
uv	RvY_17140	14	0.21428571428571427	0.21428571428571427	0.5714285714285714	constant	0.5714285714285714	0.4285714285714286	instable	instable_no_stable_identity	instable
uv	RvY_17144-1	14	0	0.5714285714285714	0.42857142857142855	down	0.5714285714285714	0.4285714285714286	instable	instable_no_stable_identity	instable
uv	RvY_17149-1	14	0	0.42857142857142855	0.5714285714285714	constant	0.5714285714285714	0.4285714285714286	instable	instable_no_stable_identity	instable
uv	RvY_17170-2	14	0	0.5714285714285714	0.42857142857142855	down	0.5714285714285714	0.4285714285714286	instable	instable_no_stable_identity	instable
uv	RvY_17172-1	14	0	0.42857142857142855	0.5714285714285714	constant	0.5714285714285714	0.4285714285714286	instable	instable_no_stable_identity	instable
uv	RvY_17174-1	14	0.42857142857142855	0	0.5714285714285714	constant	0.5714285714285714	0.4285714285714286	instable	instable_no_stable_identity	instable
uv	RvY_17175	14	0	0.5714285714285714	0.42857142857142855	down	0.5714285714285714	0.4285714285714286	instable	instable_no_stable_identity	instable
uv	RvY_17179-1	14	0.5714285714285714	0	0.42857142857142855	up	0.5714285714285714	0.4285714285714286	instable	instable_no_stable_identity	instable
uv	RvY_17195-1	14	0.21428571428571427	0.5714285714285714	0.21428571428571427	down	0.5714285714285714	0.4285714285714286	instable	instable_no_stable_identity	instable
uv	RvY_17223-1	14	0	0.42857142857142855	0.5714285714285714	constant	0.5714285714285714	0.4285714285714286	instable	instable_no_stable_identity	instable
uv	RvY_17238-1	14	0	0.42857142857142855	0.5714285714285714	constant	0.5714285714285714	0.4285714285714286	instable	instable_no_stable_identity	instable
uv	RvY_17246-1	14	0	0.5714285714285714	0.42857142857142855	down	0.5714285714285714	0.4285714285714286	instable	instable_no_stable_identity	instable
uv	RvY_17247-1	14	0.21428571428571427	0.21428571428571427	0.5714285714285714	constant	0.5714285714285714	0.4285714285714286	instable	instable_no_stable_identity	instable
uv	RvY_17249-1	14	0.42857142857142855	0	0.5714285714285714	constant	0.5714285714285714	0.4285714285714286	instable	instable_no_stable_identity	instable
uv	RvY_17262-1	14	0.42857142857142855	0	0.5714285714285714	constant	0.5714285714285714	0.4285714285714286	instable	instable_no_stable_identity	instable
uv	RvY_17267-1	14	0.2857142857142857	0.14285714285714285	0.5714285714285714	constant	0.5714285714285714	0.4285714285714286	instable	instable_no_stable_identity	instable
uv	RvY_17280	14	0.2857142857142857	0.14285714285714285	0.5714285714285714	constant	0.5714285714285714	0.4285714285714286	instable	instable_no_stable_identity	instable
uv	RvY_17283-1	14	0.42857142857142855	0	0.5714285714285714	constant	0.5714285714285714	0.4285714285714286	instable	instable_no_stable_identity	instable
uv	RvY_17304-1	14	0.5714285714285714	0	0.42857142857142855	up	0.5714285714285714	0.4285714285714286	instable	instable_no_stable_identity	instable
uv	RvY_17307-1	14	0.35714285714285715	0.07142857142857142	0.5714285714285714	constant	0.5714285714285714	0.4285714285714286	instable	instable_no_stable_identity	instable
uv	RvY_17326	14	0.35714285714285715	0.07142857142857142	0.5714285714285714	constant	0.5714285714285714	0.4285714285714286	instable	instable_no_stable_identity	instable
uv	RvY_17335-1	14	0	0.42857142857142855	0.5714285714285714	constant	0.5714285714285714	0.4285714285714286	instable	instable_no_stable_identity	instable
uv	RvY_17337-1	14	0.5714285714285714	0	0.42857142857142855	up	0.5714285714285714	0.4285714285714286	instable	instable_no_stable_identity	instable
uv	RvY_17341-1	14	0.14285714285714285	0.5714285714285714	0.2857142857142857	down	0.5714285714285714	0.4285714285714286	instable	instable_no_stable_identity	instable
uv	RvY_17362-1	14	0.5714285714285714	0.07142857142857142	0.35714285714285715	up	0.5714285714285714	0.4285714285714286	instable	instable_no_stable_identity	instable
uv	RvY_17378-1	14	0.21428571428571427	0.21428571428571427	0.5714285714285714	constant	0.5714285714285714	0.4285714285714286	instable	instable_no_stable_identity	instable
uv	RvY_17387-1	14	0	0.42857142857142855	0.5714285714285714	constant	0.5714285714285714	0.4285714285714286	instable	instable_no_stable_identity	instable
uv	RvY_17390	14	0.42857142857142855	0	0.5714285714285714	constant	0.5714285714285714	0.4285714285714286	instable	instable_no_stable_identity	instable
uv	RvY_17392	14	0.5714285714285714	0	0.42857142857142855	up	0.5714285714285714	0.4285714285714286	instable	instable_no_stable_identity	instable
uv	RvY_17393-1	14	0.14285714285714285	0.2857142857142857	0.5714285714285714	constant	0.5714285714285714	0.4285714285714286	instable	instable_no_stable_identity	instable
uv	RvY_17401-1	14	0.07142857142857142	0.5714285714285714	0.35714285714285715	down	0.5714285714285714	0.4285714285714286	instable	instable_no_stable_identity	instable
uv	RvY_17405-1	14	0	0.42857142857142855	0.5714285714285714	constant	0.5714285714285714	0.4285714285714286	instable	instable_no_stable_identity	instable
uv	RvY_17418-1	14	0.42857142857142855	0	0.5714285714285714	constant	0.5714285714285714	0.4285714285714286	instable	instable_no_stable_identity	instable
uv	RvY_17421-1	14	0.42857142857142855	0	0.5714285714285714	constant	0.5714285714285714	0.4285714285714286	instable	instable_no_stable_identity	instable
uv	RvY_17436-1	14	0.5714285714285714	0.2857142857142857	0.14285714285714285	up	0.5714285714285714	0.4285714285714286	instable	instable_no_stable_identity	instable
uv	RvY_17456-1	14	0.35714285714285715	0.07142857142857142	0.5714285714285714	constant	0.5714285714285714	0.4285714285714286	instable	instable_no_stable_identity	instable
uv	RvY_17461-1	14	0.42857142857142855	0	0.5714285714285714	constant	0.5714285714285714	0.4285714285714286	instable	instable_no_stable_identity	instable
uv	RvY_17462-1	14	0	0.5714285714285714	0.42857142857142855	down	0.5714285714285714	0.4285714285714286	instable	instable_no_stable_identity	instable
uv	RvY_17468-1	14	0.42857142857142855	0	0.5714285714285714	constant	0.5714285714285714	0.4285714285714286	instable	instable_no_stable_identity	instable
uv	RvY_17469-1	14	0.5714285714285714	0.07142857142857142	0.35714285714285715	up	0.5714285714285714	0.4285714285714286	instable	instable_no_stable_identity	instable
uv	RvY_17470-1	14	0.42857142857142855	0	0.5714285714285714	constant	0.5714285714285714	0.4285714285714286	instable	instable_no_stable_identity	instable
uv	RvY_17474-1	14	0.2857142857142857	0.14285714285714285	0.5714285714285714	constant	0.5714285714285714	0.4285714285714286	instable	instable_no_stable_identity	instable
uv	RvY_17491-1	14	0.35714285714285715	0.07142857142857142	0.5714285714285714	constant	0.5714285714285714	0.4285714285714286	instable	instable_no_stable_identity	instable
uv	RvY_17494-1	14	0.14285714285714285	0.2857142857142857	0.5714285714285714	constant	0.5714285714285714	0.4285714285714286	instable	instable_no_stable_identity	instable
uv	RvY_17497-1	14	0	0.5714285714285714	0.42857142857142855	down	0.5714285714285714	0.4285714285714286	instable	instable_no_stable_identity	instable
uv	RvY_17498-1	14	0.42857142857142855	0	0.5714285714285714	constant	0.5714285714285714	0.4285714285714286	instable	instable_no_stable_identity	instable
uv	RvY_17502-1	14	0.5714285714285714	0	0.42857142857142855	up	0.5714285714285714	0.4285714285714286	instable	instable_no_stable_identity	instable
uv	RvY_17505-1	14	0	0.5714285714285714	0.42857142857142855	down	0.5714285714285714	0.4285714285714286	instable	instable_no_stable_identity	instable
uv	RvY_17507	14	0.07142857142857142	0.35714285714285715	0.5714285714285714	constant	0.5714285714285714	0.4285714285714286	instable	instable_no_stable_identity	instable
uv	RvY_17511-1	14	0.42857142857142855	0	0.5714285714285714	constant	0.5714285714285714	0.4285714285714286	instable	instable_no_stable_identity	instable
uv	RvY_17521-1	14	0	0.42857142857142855	0.5714285714285714	constant	0.5714285714285714	0.4285714285714286	instable	instable_no_stable_identity	instable
uv	RvY_17532-1	14	0	0.5714285714285714	0.42857142857142855	down	0.5714285714285714	0.4285714285714286	instable	instable_no_stable_identity	instable
uv	RvY_17542-1	14	0.42857142857142855	0	0.5714285714285714	constant	0.5714285714285714	0.4285714285714286	instable	instable_no_stable_identity	instable
uv	RvY_17548-1	14	0.42857142857142855	0	0.5714285714285714	constant	0.5714285714285714	0.4285714285714286	instable	instable_no_stable_identity	instable
uv	RvY_17573-1	14	0.35714285714285715	0.07142857142857142	0.5714285714285714	constant	0.5714285714285714	0.4285714285714286	instable	instable_no_stable_identity	instable
uv	RvY_17576-1	14	0.5714285714285714	0.14285714285714285	0.2857142857142857	up	0.5714285714285714	0.4285714285714286	instable	instable_no_stable_identity	instable
uv	RvY_17583-1	14	0.14285714285714285	0.2857142857142857	0.5714285714285714	constant	0.5714285714285714	0.4285714285714286	instable	instable_no_stable_identity	instable
uv	RvY_17585-1	14	0.5714285714285714	0	0.42857142857142855	up	0.5714285714285714	0.4285714285714286	instable	instable_no_stable_identity	instable
uv	RvY_17590-1	14	0.35714285714285715	0.07142857142857142	0.5714285714285714	constant	0.5714285714285714	0.4285714285714286	instable	instable_no_stable_identity	instable
uv	RvY_17591-1	14	0	0.5714285714285714	0.42857142857142855	down	0.5714285714285714	0.4285714285714286	instable	instable_no_stable_identity	instable
uv	RvY_17603-1	14	0.14285714285714285	0.2857142857142857	0.5714285714285714	constant	0.5714285714285714	0.4285714285714286	instable	instable_no_stable_identity	instable
uv	RvY_17609-1	14	0.14285714285714285	0.2857142857142857	0.5714285714285714	constant	0.5714285714285714	0.4285714285714286	instable	instable_no_stable_identity	instable
uv	RvY_17620-1	14	0.35714285714285715	0.07142857142857142	0.5714285714285714	constant	0.5714285714285714	0.4285714285714286	instable	instable_no_stable_identity	instable
uv	RvY_17623-1	14	0.07142857142857142	0.5714285714285714	0.35714285714285715	down	0.5714285714285714	0.4285714285714286	instable	instable_no_stable_identity	instable
uv	RvY_17626-1	14	0	0.42857142857142855	0.5714285714285714	constant	0.5714285714285714	0.4285714285714286	instable	instable_no_stable_identity	instable
uv	RvY_17629-1	14	0.21428571428571427	0.21428571428571427	0.5714285714285714	constant	0.5714285714285714	0.4285714285714286	instable	instable_no_stable_identity	instable
uv	RvY_17639	14	0.21428571428571427	0.21428571428571427	0.5714285714285714	constant	0.5714285714285714	0.4285714285714286	instable	instable_no_stable_identity	instable
uv	RvY_17644	14	0	0.5714285714285714	0.42857142857142855	down	0.5714285714285714	0.4285714285714286	instable	instable_no_stable_identity	instable
uv	RvY_17646	14	0.21428571428571427	0.21428571428571427	0.5714285714285714	constant	0.5714285714285714	0.4285714285714286	instable	instable_no_stable_identity	instable
uv	RvY_17647-1	14	0	0.42857142857142855	0.5714285714285714	constant	0.5714285714285714	0.4285714285714286	instable	instable_no_stable_identity	instable
uv	RvY_17658-1	14	0.5714285714285714	0	0.42857142857142855	up	0.5714285714285714	0.4285714285714286	instable	instable_no_stable_identity	instable
uv	RvY_17659-1	14	0.35714285714285715	0.07142857142857142	0.5714285714285714	constant	0.5714285714285714	0.4285714285714286	instable	instable_no_stable_identity	instable
uv	RvY_17664-1	14	0.5714285714285714	0	0.42857142857142855	up	0.5714285714285714	0.4285714285714286	instable	instable_no_stable_identity	instable
uv	RvY_17665	14	0.5714285714285714	0	0.42857142857142855	up	0.5714285714285714	0.4285714285714286	instable	instable_no_stable_identity	instable
uv	RvY_17670-1	14	0	0.5714285714285714	0.42857142857142855	down	0.5714285714285714	0.4285714285714286	instable	instable_no_stable_identity	instable
uv	RvY_17686-1	14	0	0.42857142857142855	0.5714285714285714	constant	0.5714285714285714	0.4285714285714286	instable	instable_no_stable_identity	instable
uv	RvY_17692	14	0	0.42857142857142855	0.5714285714285714	constant	0.5714285714285714	0.4285714285714286	instable	instable_no_stable_identity	instable
uv	RvY_17699-1	14	0.2857142857142857	0.14285714285714285	0.5714285714285714	constant	0.5714285714285714	0.4285714285714286	instable	instable_no_stable_identity	instable
uv	RvY_17700-1	14	0.35714285714285715	0.07142857142857142	0.5714285714285714	constant	0.5714285714285714	0.4285714285714286	instable	instable_no_stable_identity	instable
uv	RvY_17704-1	14	0	0.42857142857142855	0.5714285714285714	constant	0.5714285714285714	0.4285714285714286	instable	instable_no_stable_identity	instable
uv	RvY_17705-1	14	0	0.42857142857142855	0.5714285714285714	constant	0.5714285714285714	0.4285714285714286	instable	instable_no_stable_identity	instable
uv	RvY_17707-1	14	0	0.42857142857142855	0.5714285714285714	constant	0.5714285714285714	0.4285714285714286	instable	instable_no_stable_identity	instable
uv	RvY_17713-1	14	0.07142857142857142	0.5714285714285714	0.35714285714285715	down	0.5714285714285714	0.4285714285714286	instable	instable_no_stable_identity	instable
uv	RvY_17722-1	14	0	0.42857142857142855	0.5714285714285714	constant	0.5714285714285714	0.4285714285714286	instable	instable_no_stable_identity	instable
uv	RvY_17724-1	14	0.21428571428571427	0.21428571428571427	0.5714285714285714	constant	0.5714285714285714	0.4285714285714286	instable	instable_no_stable_identity	instable
uv	RvY_17726-1	14	0.2857142857142857	0.5714285714285714	0.14285714285714285	down	0.5714285714285714	0.4285714285714286	instable	instable_no_stable_identity	instable
uv	RvY_17734-1	14	0.35714285714285715	0.07142857142857142	0.5714285714285714	constant	0.5714285714285714	0.4285714285714286	instable	instable_no_stable_identity	instable
uv	RvY_17736-1	14	0.2857142857142857	0.14285714285714285	0.5714285714285714	constant	0.5714285714285714	0.4285714285714286	instable	instable_no_stable_identity	instable
uv	RvY_17740	14	0.35714285714285715	0.07142857142857142	0.5714285714285714	constant	0.5714285714285714	0.4285714285714286	instable	instable_no_stable_identity	instable
uv	RvY_17756-1	14	0	0.5714285714285714	0.42857142857142855	down	0.5714285714285714	0.4285714285714286	instable	instable_no_stable_identity	instable
uv	RvY_17757	14	0	0.42857142857142855	0.5714285714285714	constant	0.5714285714285714	0.4285714285714286	instable	instable_no_stable_identity	instable
uv	RvY_17758-1	14	0.5714285714285714	0	0.42857142857142855	up	0.5714285714285714	0.4285714285714286	instable	instable_no_stable_identity	instable
uv	RvY_17766	14	0.21428571428571427	0.21428571428571427	0.5714285714285714	constant	0.5714285714285714	0.4285714285714286	instable	instable_no_stable_identity	instable
uv	RvY_17767	14	0	0.42857142857142855	0.5714285714285714	constant	0.5714285714285714	0.4285714285714286	instable	instable_no_stable_identity	instable
uv	RvY_17768-1	14	0.42857142857142855	0	0.5714285714285714	constant	0.5714285714285714	0.4285714285714286	instable	instable_no_stable_identity	instable
uv	RvY_17790-1	14	0	0.42857142857142855	0.5714285714285714	constant	0.5714285714285714	0.4285714285714286	instable	instable_no_stable_identity	instable
uv	RvY_17793	14	0.07142857142857142	0.35714285714285715	0.5714285714285714	constant	0.5714285714285714	0.4285714285714286	instable	instable_no_stable_identity	instable
uv	RvY_17795	14	0.5714285714285714	0	0.42857142857142855	up	0.5714285714285714	0.4285714285714286	instable	instable_no_stable_identity	instable
uv	RvY_17807	14	0.21428571428571427	0.21428571428571427	0.5714285714285714	constant	0.5714285714285714	0.4285714285714286	instable	instable_no_stable_identity	instable
uv	RvY_17813-1	14	0	0.42857142857142855	0.5714285714285714	constant	0.5714285714285714	0.4285714285714286	instable	instable_no_stable_identity	instable
uv	RvY_17816	14	0	0.5714285714285714	0.42857142857142855	down	0.5714285714285714	0.4285714285714286	instable	instable_no_stable_identity	instable
uv	RvY_17847-1	14	0.2857142857142857	0.14285714285714285	0.5714285714285714	constant	0.5714285714285714	0.4285714285714286	instable	instable_no_stable_identity	instable
uv	RvY_17852-1	14	0	0.42857142857142855	0.5714285714285714	constant	0.5714285714285714	0.4285714285714286	instable	instable_no_stable_identity	instable
uv	RvY_17858-1	14	0	0.42857142857142855	0.5714285714285714	constant	0.5714285714285714	0.4285714285714286	instable	instable_no_stable_identity	instable
uv	RvY_17859	14	0.42857142857142855	0	0.5714285714285714	constant	0.5714285714285714	0.4285714285714286	instable	instable_no_stable_identity	instable
uv	RvY_17860	14	0	0.42857142857142855	0.5714285714285714	constant	0.5714285714285714	0.4285714285714286	instable	instable_no_stable_identity	instable
uv	RvY_17875-1	14	0.07142857142857142	0.35714285714285715	0.5714285714285714	constant	0.5714285714285714	0.4285714285714286	instable	instable_no_stable_identity	instable
uv	RvY_17882-1	14	0	0.5714285714285714	0.42857142857142855	down	0.5714285714285714	0.4285714285714286	instable	instable_no_stable_identity	instable
uv	RvY_17889-1	14	0	0.5714285714285714	0.42857142857142855	down	0.5714285714285714	0.4285714285714286	instable	instable_no_stable_identity	instable
uv	RvY_17904-1	14	0.5714285714285714	0.07142857142857142	0.35714285714285715	up	0.5714285714285714	0.4285714285714286	instable	instable_no_stable_identity	instable
uv	RvY_17905-1	14	0.5714285714285714	0	0.42857142857142855	up	0.5714285714285714	0.4285714285714286	instable	instable_no_stable_identity	instable
uv	RvY_17912-1	14	0.5714285714285714	0	0.42857142857142855	up	0.5714285714285714	0.4285714285714286	instable	instable_no_stable_identity	instable
uv	RvY_17928-1	14	0	0.42857142857142855	0.5714285714285714	constant	0.5714285714285714	0.4285714285714286	instable	instable_no_stable_identity	instable
uv	RvY_17940-1	14	0.42857142857142855	0	0.5714285714285714	constant	0.5714285714285714	0.4285714285714286	instable	instable_no_stable_identity	instable
uv	RvY_17942-1	14	0.07142857142857142	0.5714285714285714	0.35714285714285715	down	0.5714285714285714	0.4285714285714286	instable	instable_no_stable_identity	instable
uv	RvY_17953-1	14	0.42857142857142855	0	0.5714285714285714	constant	0.5714285714285714	0.4285714285714286	instable	instable_no_stable_identity	instable
uv	RvY_17960-1	14	0.5714285714285714	0.07142857142857142	0.35714285714285715	up	0.5714285714285714	0.4285714285714286	instable	instable_no_stable_identity	instable
uv	RvY_17969-1	14	0.21428571428571427	0.21428571428571427	0.5714285714285714	constant	0.5714285714285714	0.4285714285714286	instable	instable_no_stable_identity	instable
uv	RvY_17981	14	0.07142857142857142	0.35714285714285715	0.5714285714285714	constant	0.5714285714285714	0.4285714285714286	instable	instable_no_stable_identity	instable
uv	RvY_17982-1	14	0.42857142857142855	0	0.5714285714285714	constant	0.5714285714285714	0.4285714285714286	instable	instable_no_stable_identity	instable
uv	RvY_17995-1	14	0.21428571428571427	0.21428571428571427	0.5714285714285714	constant	0.5714285714285714	0.4285714285714286	instable	instable_no_stable_identity	instable
uv	RvY_17996-1	14	0.21428571428571427	0.21428571428571427	0.5714285714285714	constant	0.5714285714285714	0.4285714285714286	instable	instable_no_stable_identity	instable
uv	RvY_18006-1	14	0.21428571428571427	0.21428571428571427	0.5714285714285714	constant	0.5714285714285714	0.4285714285714286	instable	instable_no_stable_identity	instable
uv	RvY_18016-1	14	0.5714285714285714	0	0.42857142857142855	up	0.5714285714285714	0.4285714285714286	instable	instable_no_stable_identity	instable
uv	RvY_18027-1	14	0.35714285714285715	0.07142857142857142	0.5714285714285714	constant	0.5714285714285714	0.4285714285714286	instable	instable_no_stable_identity	instable
uv	RvY_18028-1	14	0.5714285714285714	0	0.42857142857142855	up	0.5714285714285714	0.4285714285714286	instable	instable_no_stable_identity	instable
uv	RvY_18039-1	14	0.21428571428571427	0.21428571428571427	0.5714285714285714	constant	0.5714285714285714	0.4285714285714286	instable	instable_no_stable_identity	instable
uv	RvY_18043-1	14	0.14285714285714285	0.2857142857142857	0.5714285714285714	constant	0.5714285714285714	0.4285714285714286	instable	instable_no_stable_identity	instable
uv	RvY_18045-1	14	0.5714285714285714	0	0.42857142857142855	up	0.5714285714285714	0.4285714285714286	instable	instable_no_stable_identity	instable
uv	RvY_18056-1	14	0.5714285714285714	0	0.42857142857142855	up	0.5714285714285714	0.4285714285714286	instable	instable_no_stable_identity	instable
uv	RvY_18062-1	14	0.07142857142857142	0.5714285714285714	0.35714285714285715	down	0.5714285714285714	0.4285714285714286	instable	instable_no_stable_identity	instable
uv	RvY_18077-1	14	0.42857142857142855	0	0.5714285714285714	constant	0.5714285714285714	0.4285714285714286	instable	instable_no_stable_identity	instable
uv	RvY_18094-1	14	0.42857142857142855	0	0.5714285714285714	constant	0.5714285714285714	0.4285714285714286	instable	instable_no_stable_identity	instable
uv	RvY_18100	14	0	0.42857142857142855	0.5714285714285714	constant	0.5714285714285714	0.4285714285714286	instable	instable_no_stable_identity	instable
uv	RvY_18101-1	14	0.14285714285714285	0.2857142857142857	0.5714285714285714	constant	0.5714285714285714	0.4285714285714286	instable	instable_no_stable_identity	instable
uv	RvY_18104-1	14	0	0.42857142857142855	0.5714285714285714	constant	0.5714285714285714	0.4285714285714286	instable	instable_no_stable_identity	instable
uv	RvY_18107	14	0.42857142857142855	0	0.5714285714285714	constant	0.5714285714285714	0.4285714285714286	instable	instable_no_stable_identity	instable
uv	RvY_18123	14	0.07142857142857142	0.5714285714285714	0.35714285714285715	down	0.5714285714285714	0.4285714285714286	instable	instable_no_stable_identity	instable
uv	RvY_18153-1	14	0.35714285714285715	0.5714285714285714	0.07142857142857142	down	0.5714285714285714	0.4285714285714286	instable	instable_no_stable_identity	instable
uv	RvY_18166-1	14	0.5714285714285714	0	0.42857142857142855	up	0.5714285714285714	0.4285714285714286	instable	instable_no_stable_identity	instable
uv	RvY_18167-1	14	0.42857142857142855	0	0.5714285714285714	constant	0.5714285714285714	0.4285714285714286	instable	instable_no_stable_identity	instable
uv	RvY_18181-1	14	0.35714285714285715	0.07142857142857142	0.5714285714285714	constant	0.5714285714285714	0.4285714285714286	instable	instable_no_stable_identity	instable
uv	RvY_18184-1	14	0.5714285714285714	0	0.42857142857142855	up	0.5714285714285714	0.4285714285714286	instable	instable_no_stable_identity	instable
uv	RvY_18203-1	14	0.5714285714285714	0	0.42857142857142855	up	0.5714285714285714	0.4285714285714286	instable	instable_no_stable_identity	instable
uv	RvY_18220-1	14	0.5714285714285714	0	0.42857142857142855	up	0.5714285714285714	0.4285714285714286	instable	instable_no_stable_identity	instable
uv	RvY_18223	14	0	0.42857142857142855	0.5714285714285714	constant	0.5714285714285714	0.4285714285714286	instable	instable_no_stable_identity	instable
uv	RvY_18225-1	14	0.2857142857142857	0.14285714285714285	0.5714285714285714	constant	0.5714285714285714	0.4285714285714286	instable	instable_no_stable_identity	instable
uv	RvY_18233	14	0.5714285714285714	0	0.42857142857142855	up	0.5714285714285714	0.4285714285714286	instable	instable_no_stable_identity	instable
uv	RvY_18236	14	0.14285714285714285	0.2857142857142857	0.5714285714285714	constant	0.5714285714285714	0.4285714285714286	instable	instable_no_stable_identity	instable
uv	RvY_18240-1	14	0.5714285714285714	0	0.42857142857142855	up	0.5714285714285714	0.4285714285714286	instable	instable_no_stable_identity	instable
uv	RvY_18251-1	14	0.5714285714285714	0	0.42857142857142855	up	0.5714285714285714	0.4285714285714286	instable	instable_no_stable_identity	instable
uv	RvY_18252-1	14	0.42857142857142855	0	0.5714285714285714	constant	0.5714285714285714	0.4285714285714286	instable	instable_no_stable_identity	instable
uv	RvY_18256	14	0.07142857142857142	0.35714285714285715	0.5714285714285714	constant	0.5714285714285714	0.4285714285714286	instable	instable_no_stable_identity	instable
uv	RvY_18277-1	14	0.2857142857142857	0.14285714285714285	0.5714285714285714	constant	0.5714285714285714	0.4285714285714286	instable	instable_no_stable_identity	instable
uv	RvY_18278-1	14	0.07142857142857142	0.5714285714285714	0.35714285714285715	down	0.5714285714285714	0.4285714285714286	instable	instable_no_stable_identity	instable
uv	RvY_18279-1	14	0.42857142857142855	0	0.5714285714285714	constant	0.5714285714285714	0.4285714285714286	instable	instable_no_stable_identity	instable
uv	RvY_18303-1	14	0.14285714285714285	0.5714285714285714	0.2857142857142857	down	0.5714285714285714	0.4285714285714286	instable	instable_no_stable_identity	instable
uv	RvY_18304-1	14	0	0.42857142857142855	0.5714285714285714	constant	0.5714285714285714	0.4285714285714286	instable	instable_no_stable_identity	instable
uv	RvY_18324	14	0.5714285714285714	0.14285714285714285	0.2857142857142857	up	0.5714285714285714	0.4285714285714286	instable	instable_no_stable_identity	instable
uv	RvY_18334-1	14	0.5714285714285714	0	0.42857142857142855	up	0.5714285714285714	0.4285714285714286	instable	instable_no_stable_identity	instable
uv	RvY_18336-1	14	0.07142857142857142	0.35714285714285715	0.5714285714285714	constant	0.5714285714285714	0.4285714285714286	instable	instable_no_stable_identity	instable
uv	RvY_18337-1	14	0.42857142857142855	0	0.5714285714285714	constant	0.5714285714285714	0.4285714285714286	instable	instable_no_stable_identity	instable
uv	RvY_18341-1	14	0	0.42857142857142855	0.5714285714285714	constant	0.5714285714285714	0.4285714285714286	instable	instable_no_stable_identity	instable
uv	RvY_18343-1	14	0.07142857142857142	0.5714285714285714	0.35714285714285715	down	0.5714285714285714	0.4285714285714286	instable	instable_no_stable_identity	instable
uv	RvY_18345-1	14	0.2857142857142857	0.14285714285714285	0.5714285714285714	constant	0.5714285714285714	0.4285714285714286	instable	instable_no_stable_identity	instable
uv	RvY_18356-1	14	0.5714285714285714	0.07142857142857142	0.35714285714285715	up	0.5714285714285714	0.4285714285714286	instable	instable_no_stable_identity	instable
uv	RvY_18374-1	14	0.5714285714285714	0	0.42857142857142855	up	0.5714285714285714	0.4285714285714286	instable	instable_no_stable_identity	instable
uv	RvY_18382-1	14	0.07142857142857142	0.5714285714285714	0.35714285714285715	down	0.5714285714285714	0.4285714285714286	instable	instable_no_stable_identity	instable
uv	RvY_18390	14	0.42857142857142855	0	0.5714285714285714	constant	0.5714285714285714	0.4285714285714286	instable	instable_no_stable_identity	instable
uv	RvY_18395-1	14	0	0.42857142857142855	0.5714285714285714	constant	0.5714285714285714	0.4285714285714286	instable	instable_no_stable_identity	instable
uv	RvY_18396-1	14	0.35714285714285715	0.5714285714285714	0.07142857142857142	down	0.5714285714285714	0.4285714285714286	instable	instable_no_stable_identity	instable
uv	RvY_18411-1	14	0.07142857142857142	0.35714285714285715	0.5714285714285714	constant	0.5714285714285714	0.4285714285714286	instable	instable_no_stable_identity	instable
uv	RvY_18424-1	14	0	0.42857142857142855	0.5714285714285714	constant	0.5714285714285714	0.4285714285714286	instable	instable_no_stable_identity	instable
uv	RvY_18436-1	14	0.5714285714285714	0	0.42857142857142855	up	0.5714285714285714	0.4285714285714286	instable	instable_no_stable_identity	instable
uv	RvY_18443	14	0.42857142857142855	0	0.5714285714285714	constant	0.5714285714285714	0.4285714285714286	instable	instable_no_stable_identity	instable
uv	RvY_18445-1	14	0.5714285714285714	0	0.42857142857142855	up	0.5714285714285714	0.4285714285714286	instable	instable_no_stable_identity	instable
uv	RvY_18448-1	14	0.42857142857142855	0	0.5714285714285714	constant	0.5714285714285714	0.4285714285714286	instable	instable_no_stable_identity	instable
uv	RvY_18450-1	14	0.42857142857142855	0	0.5714285714285714	constant	0.5714285714285714	0.4285714285714286	instable	instable_no_stable_identity	instable
uv	RvY_18454-1	14	0.5714285714285714	0	0.42857142857142855	up	0.5714285714285714	0.4285714285714286	instable	instable_no_stable_identity	instable
uv	RvY_18456	14	0.21428571428571427	0.21428571428571427	0.5714285714285714	constant	0.5714285714285714	0.4285714285714286	instable	instable_no_stable_identity	instable
uv	RvY_18495-1	14	0.07142857142857142	0.35714285714285715	0.5714285714285714	constant	0.5714285714285714	0.4285714285714286	instable	instable_no_stable_identity	instable
uv	RvY_18501-1	14	0.42857142857142855	0	0.5714285714285714	constant	0.5714285714285714	0.4285714285714286	instable	instable_no_stable_identity	instable
uv	RvY_18507-1	14	0.35714285714285715	0.07142857142857142	0.5714285714285714	constant	0.5714285714285714	0.4285714285714286	instable	instable_no_stable_identity	instable
uv	RvY_18510-1	14	0.21428571428571427	0.21428571428571427	0.5714285714285714	constant	0.5714285714285714	0.4285714285714286	instable	instable_no_stable_identity	instable
uv	RvY_18515-1	14	0.2857142857142857	0.14285714285714285	0.5714285714285714	constant	0.5714285714285714	0.4285714285714286	instable	instable_no_stable_identity	instable
uv	RvY_18528-1	14	0	0.42857142857142855	0.5714285714285714	constant	0.5714285714285714	0.4285714285714286	instable	instable_no_stable_identity	instable
uv	RvY_18530-1	14	0.42857142857142855	0	0.5714285714285714	constant	0.5714285714285714	0.4285714285714286	instable	instable_no_stable_identity	instable
uv	RvY_18532	14	0.5714285714285714	0.07142857142857142	0.35714285714285715	up	0.5714285714285714	0.4285714285714286	instable	instable_no_stable_identity	instable
uv	RvY_18534-1	14	0.42857142857142855	0	0.5714285714285714	constant	0.5714285714285714	0.4285714285714286	instable	instable_no_stable_identity	instable
uv	RvY_18545-1	14	0	0.42857142857142855	0.5714285714285714	constant	0.5714285714285714	0.4285714285714286	instable	instable_no_stable_identity	instable
uv	RvY_18554-1	14	0	0.5714285714285714	0.42857142857142855	down	0.5714285714285714	0.4285714285714286	instable	instable_no_stable_identity	instable
uv	RvY_18560-1	14	0	0.5714285714285714	0.42857142857142855	down	0.5714285714285714	0.4285714285714286	instable	instable_no_stable_identity	instable
uv	RvY_18565	14	0	0.42857142857142855	0.5714285714285714	constant	0.5714285714285714	0.4285714285714286	instable	instable_no_stable_identity	instable
uv	RvY_18574-1	14	0	0.5714285714285714	0.42857142857142855	down	0.5714285714285714	0.4285714285714286	instable	instable_no_stable_identity	instable
uv	RvY_18579-1	14	0.42857142857142855	0	0.5714285714285714	constant	0.5714285714285714	0.4285714285714286	instable	instable_no_stable_identity	instable
uv	RvY_18581	14	0.42857142857142855	0	0.5714285714285714	constant	0.5714285714285714	0.4285714285714286	instable	instable_no_stable_identity	instable
uv	RvY_18603	14	0.21428571428571427	0.21428571428571427	0.5714285714285714	constant	0.5714285714285714	0.4285714285714286	instable	instable_no_stable_identity	instable
uv	RvY_18605-1	14	0.2857142857142857	0.14285714285714285	0.5714285714285714	constant	0.5714285714285714	0.4285714285714286	instable	instable_no_stable_identity	instable
uv	RvY_18613-1	14	0.2857142857142857	0.14285714285714285	0.5714285714285714	constant	0.5714285714285714	0.4285714285714286	instable	instable_no_stable_identity	instable
uv	RvY_18614-1	14	0.42857142857142855	0	0.5714285714285714	constant	0.5714285714285714	0.4285714285714286	instable	instable_no_stable_identity	instable
uv	RvY_18635-1	14	0.5714285714285714	0	0.42857142857142855	up	0.5714285714285714	0.4285714285714286	instable	instable_no_stable_identity	instable
uv	RvY_18640-1	14	0.21428571428571427	0.21428571428571427	0.5714285714285714	constant	0.5714285714285714	0.4285714285714286	instable	instable_no_stable_identity	instable
uv	RvY_18644	14	0	0.42857142857142855	0.5714285714285714	constant	0.5714285714285714	0.4285714285714286	instable	instable_no_stable_identity	instable
uv	RvY_18648-1	14	0.07142857142857142	0.35714285714285715	0.5714285714285714	constant	0.5714285714285714	0.4285714285714286	instable	instable_no_stable_identity	instable
uv	RvY_18649-1	14	0.5714285714285714	0.14285714285714285	0.2857142857142857	up	0.5714285714285714	0.4285714285714286	instable	instable_no_stable_identity	instable
uv	RvY_18688-1	14	0.42857142857142855	0	0.5714285714285714	constant	0.5714285714285714	0.4285714285714286	instable	instable_no_stable_identity	instable
uv	RvY_18699-1	14	0.5714285714285714	0	0.42857142857142855	up	0.5714285714285714	0.4285714285714286	instable	instable_no_stable_identity	instable
uv	RvY_18720-1	14	0.5714285714285714	0	0.42857142857142855	up	0.5714285714285714	0.4285714285714286	instable	instable_no_stable_identity	instable
uv	RvY_18745-1	14	0	0.42857142857142855	0.5714285714285714	constant	0.5714285714285714	0.4285714285714286	instable	instable_no_stable_identity	instable
uv	RvY_18762-1	14	0.42857142857142855	0	0.5714285714285714	constant	0.5714285714285714	0.4285714285714286	instable	instable_no_stable_identity	instable
uv	RvY_18770-1	14	0.35714285714285715	0.07142857142857142	0.5714285714285714	constant	0.5714285714285714	0.4285714285714286	instable	instable_no_stable_identity	instable
uv	RvY_18784	14	0	0.42857142857142855	0.5714285714285714	constant	0.5714285714285714	0.4285714285714286	instable	instable_no_stable_identity	instable
uv	RvY_18814	14	0	0.42857142857142855	0.5714285714285714	constant	0.5714285714285714	0.4285714285714286	instable	instable_no_stable_identity	instable
uv	RvY_18822-1	14	0.5714285714285714	0.07142857142857142	0.35714285714285715	up	0.5714285714285714	0.4285714285714286	instable	instable_no_stable_identity	instable
uv	RvY_18823-1	14	0.2857142857142857	0.14285714285714285	0.5714285714285714	constant	0.5714285714285714	0.4285714285714286	instable	instable_no_stable_identity	instable
uv	RvY_18827-1	14	0.07142857142857142	0.5714285714285714	0.35714285714285715	down	0.5714285714285714	0.4285714285714286	instable	instable_no_stable_identity	instable
uv	RvY_18835	14	0.42857142857142855	0	0.5714285714285714	constant	0.5714285714285714	0.4285714285714286	instable	instable_no_stable_identity	instable
uv	RvY_18837-1	14	0.2857142857142857	0.14285714285714285	0.5714285714285714	constant	0.5714285714285714	0.4285714285714286	instable	instable_no_stable_identity	instable
uv	RvY_18840-1	14	0	0.5714285714285714	0.42857142857142855	down	0.5714285714285714	0.4285714285714286	instable	instable_no_stable_identity	instable
uv	RvY_18847-1	14	0.5714285714285714	0	0.42857142857142855	up	0.5714285714285714	0.4285714285714286	instable	instable_no_stable_identity	instable
uv	RvY_18849-1	14	0.14285714285714285	0.2857142857142857	0.5714285714285714	constant	0.5714285714285714	0.4285714285714286	instable	instable_no_stable_identity	instable
uv	RvY_18851-1	14	0.5714285714285714	0	0.42857142857142855	up	0.5714285714285714	0.4285714285714286	instable	instable_no_stable_identity	instable
uv	RvY_18864-1	14	0.35714285714285715	0.07142857142857142	0.5714285714285714	constant	0.5714285714285714	0.4285714285714286	instable	instable_no_stable_identity	instable
uv	RvY_18866-1	14	0.5714285714285714	0	0.42857142857142855	up	0.5714285714285714	0.4285714285714286	instable	instable_no_stable_identity	instable
uv	RvY_18869	14	0.5714285714285714	0.07142857142857142	0.35714285714285715	up	0.5714285714285714	0.4285714285714286	instable	instable_no_stable_identity	instable
uv	RvY_18870-1	14	0.07142857142857142	0.5714285714285714	0.35714285714285715	down	0.5714285714285714	0.4285714285714286	instable	instable_no_stable_identity	instable
uv	RvY_18878-1	14	0.42857142857142855	0	0.5714285714285714	constant	0.5714285714285714	0.4285714285714286	instable	instable_no_stable_identity	instable
uv	RvY_18879-1	14	0	0.42857142857142855	0.5714285714285714	constant	0.5714285714285714	0.4285714285714286	instable	instable_no_stable_identity	instable
uv	RvY_18883-1	14	0.5714285714285714	0	0.42857142857142855	up	0.5714285714285714	0.4285714285714286	instable	instable_no_stable_identity	instable
uv	RvY_18885-1	14	0.42857142857142855	0	0.5714285714285714	constant	0.5714285714285714	0.4285714285714286	instable	instable_no_stable_identity	instable
uv	RvY_18887-1	14	0.35714285714285715	0.07142857142857142	0.5714285714285714	constant	0.5714285714285714	0.4285714285714286	instable	instable_no_stable_identity	instable
uv	RvY_18890	14	0.2857142857142857	0.14285714285714285	0.5714285714285714	constant	0.5714285714285714	0.4285714285714286	instable	instable_no_stable_identity	instable
uv	RvY_18899	14	0.14285714285714285	0.2857142857142857	0.5714285714285714	constant	0.5714285714285714	0.4285714285714286	instable	instable_no_stable_identity	instable
uv	RvY_18905	14	0	0.42857142857142855	0.5714285714285714	constant	0.5714285714285714	0.4285714285714286	instable	instable_no_stable_identity	instable
uv	RvY_18917-1	14	0.14285714285714285	0.2857142857142857	0.5714285714285714	constant	0.5714285714285714	0.4285714285714286	instable	instable_no_stable_identity	instable
uv	RvY_18933-1	14	0.2857142857142857	0.14285714285714285	0.5714285714285714	constant	0.5714285714285714	0.4285714285714286	instable	instable_no_stable_identity	instable
uv	RvY_18942	14	0	0.5714285714285714	0.42857142857142855	down	0.5714285714285714	0.4285714285714286	instable	instable_no_stable_identity	instable
uv	RvY_18944-1	14	0	0.42857142857142855	0.5714285714285714	constant	0.5714285714285714	0.4285714285714286	instable	instable_no_stable_identity	instable
uv	RvY_18945-1	14	0.14285714285714285	0.2857142857142857	0.5714285714285714	constant	0.5714285714285714	0.4285714285714286	instable	instable_no_stable_identity	instable
uv	RvY_18957-1	14	0.07142857142857142	0.35714285714285715	0.5714285714285714	constant	0.5714285714285714	0.4285714285714286	instable	instable_no_stable_identity	instable
uv	RvY_18970-1	14	0	0.42857142857142855	0.5714285714285714	constant	0.5714285714285714	0.4285714285714286	instable	instable_no_stable_identity	instable
uv	RvY_18980-1	14	0.21428571428571427	0.21428571428571427	0.5714285714285714	constant	0.5714285714285714	0.4285714285714286	instable	instable_no_stable_identity	instable
uv	RvY_18987-1	14	0.35714285714285715	0.07142857142857142	0.5714285714285714	constant	0.5714285714285714	0.4285714285714286	instable	instable_no_stable_identity	instable
uv	RvY_18995-1	14	0	0.42857142857142855	0.5714285714285714	constant	0.5714285714285714	0.4285714285714286	instable	instable_no_stable_identity	instable
uv	RvY_18997-1	14	0	0.42857142857142855	0.5714285714285714	constant	0.5714285714285714	0.4285714285714286	instable	instable_no_stable_identity	instable
uv	RvY_19006	14	0.2857142857142857	0.14285714285714285	0.5714285714285714	constant	0.5714285714285714	0.4285714285714286	instable	instable_no_stable_identity	instable
uv	RvY_19009-1	14	0.5714285714285714	0.07142857142857142	0.35714285714285715	up	0.5714285714285714	0.4285714285714286	instable	instable_no_stable_identity	instable
uv	RvY_19049-1	14	0.21428571428571427	0.5714285714285714	0.21428571428571427	down	0.5714285714285714	0.4285714285714286	instable	instable_no_stable_identity	instable
uv	RvY_19058-1	14	0.5714285714285714	0	0.42857142857142855	up	0.5714285714285714	0.4285714285714286	instable	instable_no_stable_identity	instable
uv	RvY_19061-1	14	0.5714285714285714	0	0.42857142857142855	up	0.5714285714285714	0.4285714285714286	instable	instable_no_stable_identity	instable
uv	RvY_19072-1	14	0.5714285714285714	0.07142857142857142	0.35714285714285715	up	0.5714285714285714	0.4285714285714286	instable	instable_no_stable_identity	instable
uv	RvY_19091-1	14	0.5714285714285714	0	0.42857142857142855	up	0.5714285714285714	0.4285714285714286	instable	instable_no_stable_identity	instable
uv	RvY_19094-1	14	0.5714285714285714	0.07142857142857142	0.35714285714285715	up	0.5714285714285714	0.4285714285714286	instable	instable_no_stable_identity	instable
uv	RvY_19098-1	14	0.42857142857142855	0	0.5714285714285714	constant	0.5714285714285714	0.4285714285714286	instable	instable_no_stable_identity	instable
uv	RvY_19102-1	14	0.5714285714285714	0.07142857142857142	0.35714285714285715	up	0.5714285714285714	0.4285714285714286	instable	instable_no_stable_identity	instable
uv	RvY_19104-1	14	0.35714285714285715	0.07142857142857142	0.5714285714285714	constant	0.5714285714285714	0.4285714285714286	instable	instable_no_stable_identity	instable
uv	RvY_19105-1	14	0.21428571428571427	0.21428571428571427	0.5714285714285714	constant	0.5714285714285714	0.4285714285714286	instable	instable_no_stable_identity	instable
uv	RvY_19107-1	14	0.42857142857142855	0	0.5714285714285714	constant	0.5714285714285714	0.4285714285714286	instable	instable_no_stable_identity	instable
uv	RvY_19145-1	14	0	0.5714285714285714	0.42857142857142855	down	0.5714285714285714	0.4285714285714286	instable	instable_no_stable_identity	instable
uv	RvY_19149-1	14	0.35714285714285715	0.07142857142857142	0.5714285714285714	constant	0.5714285714285714	0.4285714285714286	instable	instable_no_stable_identity	instable
uv	RvY_19153-1	14	0.42857142857142855	0	0.5714285714285714	constant	0.5714285714285714	0.4285714285714286	instable	instable_no_stable_identity	instable
uv	RvY_19177	14	0.21428571428571427	0.21428571428571427	0.5714285714285714	constant	0.5714285714285714	0.4285714285714286	instable	instable_no_stable_identity	instable
uv	RvY_19182-1	14	0.21428571428571427	0.21428571428571427	0.5714285714285714	constant	0.5714285714285714	0.4285714285714286	instable	instable_no_stable_identity	instable
uv	RvY_19183	14	0.07142857142857142	0.35714285714285715	0.5714285714285714	constant	0.5714285714285714	0.4285714285714286	instable	instable_no_stable_identity	instable
uv	RvY_19187-1	14	0	0.42857142857142855	0.5714285714285714	constant	0.5714285714285714	0.4285714285714286	instable	instable_no_stable_identity	instable
uv	RvY_19188-1	14	0.5714285714285714	0	0.42857142857142855	up	0.5714285714285714	0.4285714285714286	instable	instable_no_stable_identity	instable
uv	RvY_19197-1	14	0	0.5714285714285714	0.42857142857142855	down	0.5714285714285714	0.4285714285714286	instable	instable_no_stable_identity	instable
uv	RvY_19203-1	14	0.35714285714285715	0.07142857142857142	0.5714285714285714	constant	0.5714285714285714	0.4285714285714286	instable	instable_no_stable_identity	instable
uv	RvY_19209-1	14	0	0.42857142857142855	0.5714285714285714	constant	0.5714285714285714	0.4285714285714286	instable	instable_no_stable_identity	instable
uv	RvY_19244-1	14	0	0.42857142857142855	0.5714285714285714	constant	0.5714285714285714	0.4285714285714286	instable	instable_no_stable_identity	instable
uv	RvY_19246-1	14	0.21428571428571427	0.5714285714285714	0.21428571428571427	down	0.5714285714285714	0.4285714285714286	instable	instable_no_stable_identity	instable
uv	RvY_19260-1	14	0	0.42857142857142855	0.5714285714285714	constant	0.5714285714285714	0.4285714285714286	instable	instable_no_stable_identity	instable
uv	RvY_19263-1	14	0.35714285714285715	0.07142857142857142	0.5714285714285714	constant	0.5714285714285714	0.4285714285714286	instable	instable_no_stable_identity	instable
uv	RvY_19267	14	0.5714285714285714	0	0.42857142857142855	up	0.5714285714285714	0.4285714285714286	instable	instable_no_stable_identity	instable
uv	RvY_19269-1	14	0	0.42857142857142855	0.5714285714285714	constant	0.5714285714285714	0.4285714285714286	instable	instable_no_stable_identity	instable
uv	RvY_19271-1	14	0.21428571428571427	0.21428571428571427	0.5714285714285714	constant	0.5714285714285714	0.4285714285714286	instable	instable_no_stable_identity	instable
uv	RvY_19273-1	14	0.35714285714285715	0.07142857142857142	0.5714285714285714	constant	0.5714285714285714	0.4285714285714286	instable	instable_no_stable_identity	instable
uv	RvY_19279-1	14	0.14285714285714285	0.2857142857142857	0.5714285714285714	constant	0.5714285714285714	0.4285714285714286	instable	instable_no_stable_identity	instable
uv	RvY_19282	14	0.5714285714285714	0	0.42857142857142855	up	0.5714285714285714	0.4285714285714286	instable	instable_no_stable_identity	instable
uv	RvY_19298-1	14	0.14285714285714285	0.2857142857142857	0.5714285714285714	constant	0.5714285714285714	0.4285714285714286	instable	instable_no_stable_identity	instable
uv	RvY_19304-1	14	0.42857142857142855	0	0.5714285714285714	constant	0.5714285714285714	0.4285714285714286	instable	instable_no_stable_identity	instable
uv	RvY_19311-1	14	0.5714285714285714	0.14285714285714285	0.2857142857142857	up	0.5714285714285714	0.4285714285714286	instable	instable_no_stable_identity	instable
uv	RvY_19332-1	14	0.07142857142857142	0.35714285714285715	0.5714285714285714	constant	0.5714285714285714	0.4285714285714286	instable	instable_no_stable_identity	instable
uv	RvY_19348-1	14	0	0.42857142857142855	0.5714285714285714	constant	0.5714285714285714	0.4285714285714286	instable	instable_no_stable_identity	instable
uv	RvY_19349-1	14	0.07142857142857142	0.5714285714285714	0.35714285714285715	down	0.5714285714285714	0.4285714285714286	instable	instable_no_stable_identity	instable
uv	RvY_19351-1	14	0.14285714285714285	0.2857142857142857	0.5714285714285714	constant	0.5714285714285714	0.4285714285714286	instable	instable_no_stable_identity	instable
uv	RvY_19356	14	0.5714285714285714	0.07142857142857142	0.35714285714285715	up	0.5714285714285714	0.4285714285714286	instable	instable_no_stable_identity	instable
uv	RvY_19365-1	14	0.35714285714285715	0.07142857142857142	0.5714285714285714	constant	0.5714285714285714	0.4285714285714286	instable	instable_no_stable_identity	instable
uv	RvY_19376-1	14	0.07142857142857142	0.35714285714285715	0.5714285714285714	constant	0.5714285714285714	0.4285714285714286	instable	instable_no_stable_identity	instable
uv	RvY_19400-1	14	0	0.5714285714285714	0.42857142857142855	down	0.5714285714285714	0.4285714285714286	instable	instable_no_stable_identity	instable
uv	RvY_19457-1	14	0.21428571428571427	0.5714285714285714	0.21428571428571427	down	0.5714285714285714	0.4285714285714286	instable	instable_no_stable_identity	instable
uv	RvY_19462-1	14	0.42857142857142855	0	0.5714285714285714	constant	0.5714285714285714	0.4285714285714286	instable	instable_no_stable_identity	instable
uv	RvY_19463-1	14	0	0.42857142857142855	0.5714285714285714	constant	0.5714285714285714	0.4285714285714286	instable	instable_no_stable_identity	instable
uv	RvY_19483-1	14	0.42857142857142855	0	0.5714285714285714	constant	0.5714285714285714	0.4285714285714286	instable	instable_no_stable_identity	instable
uv	RvY_19513-1	14	0.5714285714285714	0	0.42857142857142855	up	0.5714285714285714	0.4285714285714286	instable	instable_no_stable_identity	instable
uv	RvY_19529-1	14	0.5714285714285714	0.14285714285714285	0.2857142857142857	up	0.5714285714285714	0.4285714285714286	instable	instable_no_stable_identity	instable
uv	RvY_19530-1	14	0.21428571428571427	0.21428571428571427	0.5714285714285714	constant	0.5714285714285714	0.4285714285714286	instable	instable_no_stable_identity	instable
uv	RvY_19601-1	14	0.42857142857142855	0	0.5714285714285714	constant	0.5714285714285714	0.4285714285714286	instable	instable_no_stable_identity	instable
uv	RvY_19615-1	14	0.35714285714285715	0.07142857142857142	0.5714285714285714	constant	0.5714285714285714	0.4285714285714286	instable	instable_no_stable_identity	instable
uv	atp6	14	0.14285714285714285	0.2857142857142857	0.5714285714285714	constant	0.5714285714285714	0.4285714285714286	instable	instable_no_stable_identity	instable
uv	atp8	14	0.07142857142857142	0.5714285714285714	0.35714285714285715	down	0.5714285714285714	0.4285714285714286	instable	instable_no_stable_identity	instable
uv	cob	14	0	0.5714285714285714	0.42857142857142855	down	0.5714285714285714	0.4285714285714286	instable	instable_no_stable_identity	instable
uv	cox2	14	0.07142857142857142	0.5714285714285714	0.35714285714285715	down	0.5714285714285714	0.4285714285714286	instable	instable_no_stable_identity	instable
uv	nad3	14	0	0.5714285714285714	0.42857142857142855	down	0.5714285714285714	0.4285714285714286	instable	instable_no_stable_identity	instable
uv	nad4L	14	0	0.42857142857142855	0.5714285714285714	constant	0.5714285714285714	0.4285714285714286	instable	instable_no_stable_identity	instable
uv	nad6	14	0	0.5714285714285714	0.42857142857142855	down	0.5714285714285714	0.4285714285714286	instable	instable_no_stable_identity	instable
